freq_Hz,h_src_dB,h_pad_dB,h_term_dB,h_ctle_dB,h_vga_dB,h_driver_dB
1000000.0,-12.564515912100562,-6.557386500447937,0.0,-0.24219969005884368,-5.488143487948153,-0.8270433224409417
1011583.97,-12.56438742318695,-6.557257872775453,0.0,-0.24215075401772712,-5.488101970054081,-0.8270051487036439
1023302.12,-12.56425591036837,-6.5571262211979935,0.0,-0.24210067680353195,-5.488059480688698,-0.8269660637057621
1035156.02,-12.56412141068169,-6.556991582752435,0.0,-0.24204945843599557,-5.48801598635116,-0.8269261379652815
1047147.23,-12.563983813568973,-6.556853846880837,0.0,-0.24199706326540063,-5.487971522761283,-0.8268852608541557
1059277.35,-12.563843008482532,-6.55671290303551,0.0,-0.24194349131300838,-5.487925989326059,-0.826843422396442
1071547.98,-12.563698958680709,-6.556568714474801,0.0,-0.24188863559245377,-5.487879459561227,-0.826800619321119
1083960.76,-12.563551516736695,-6.556421133771901,0.0,-0.2418325674663092,-5.487831795089917,-0.8267567712156771
1096517.32,-12.56340075661613,-6.556270200202724,0.0,-0.24177514526154134,-5.487783102979414,-0.8267119519617672
1109219.34,-12.563246494012958,-6.556115798840661,0.0,-0.24171643838371204,-5.487733249104709,-0.8266661113522394
1122068.5,-12.563088692218738,-6.555957823597821,0.0,-0.24165634181164086,-5.487682269200453,-0.8266192125857252
1135066.51,-12.562927166954314,-6.555796124884774,0.0,-0.24159489026315398,-5.487630096242943,-0.8265711383786813
1148215.08,-12.562762029108615,-6.555630848280178,0.0,-0.24153204712081844,-5.48757673454941,-0.8265220666099492
1161515.97,-12.562592983743755,-6.555461629466686,0.0,-0.2414677430360891,-5.487522150649383,-0.8264717357812144
1174970.93,-12.562420104872459,-6.555288577146758,0.0,-0.24140195922923102,-5.487466297489063,-0.8264203204284649
1188581.75,-12.562243171374606,-6.555111435510542,0.0,-0.24133464321052278,-5.487409125896829,-0.82636766640319
1202350.24,-12.56206225727954,-6.554930347966838,0.0,-0.24126577522711798,-5.487350725125891,-0.826313847613829
1216278.23,-12.561877067716384,-6.55474498495504,0.0,-0.2411953741267564,-5.487290907592454,-0.8262587032358277
1230367.55,-12.561687676736996,-6.554555385837273,0.0,-0.2411232982581904,-5.487229746848607,-0.8262023407304742
1244620.09,-12.561493937062956,-6.5543614727145805,0.0,-0.24104961704157368,-5.487167175907858,-0.8261446797651504
1259037.73,-12.561295701435387,-6.554163028948628,0.0,-0.2409742254735406,-5.48710316345569,-0.8260856400193979
1273622.38,-12.56109289638896,-6.5539600157638125,0.0,-0.2408970869566942,-5.487037713848405,-0.8260252149587101
1288375.98,-12.56088544847235,-6.553752359708804,0.0,-0.24081820153747924,-5.486970726576789,-0.825963431594538
1303300.48,-12.560673210478942,-6.553539913576996,0.0,-0.24073753359875483,-5.486902203884051,-0.8259001760941914
1318397.87,-12.56045603522429,-6.553322495494205,0.0,-0.24065494150740188,-5.486832152268448,-0.8258354017183521
1333670.15,-12.560233959961835,-6.553100212093337,0.0,-0.24057053036061937,-5.4867604691161675,-0.825769212616551
1349119.34,-12.560006726893445,-6.552872736196795,0.0,-0.2404841238419856,-5.486687127402207,-0.8257014849526014
1364747.49,-12.559774299543026,-6.5526401007079516,0.0,-0.2403957913893995,-5.486612127267564,-0.8256321820509869
1380556.68,-12.559536567687656,-6.552402126024422,0.0,-0.24030542802013966,-5.486535437447172,-0.8255612605571092
1396549.0,-12.55929331048913,-6.552158625997725,0.0,-0.2402129971611651,-5.486456928203333,-0.8254887006332228
1412726.58,-12.55904445465599,-6.5519094926466614,0.0,-0.2401183928643068,-5.486376671023687,-0.8254144287586633
1429091.56,-12.558789926915928,-6.55165472207841,0.0,-0.2400217202404652,-5.48629456334302,-0.825338438494928
1445646.11,-12.55852958026479,-6.5513940979093395,0.0,-0.23992276733503054,-5.48621061384666,-0.8252607167276504
1462392.42,-12.55826326772757,-6.5511275425439175,0.0,-0.2398216036039474,-5.4861246885852655,-0.8251812503547019
1479332.73,-12.557990768612509,-6.550854765910904,0.0,-0.2397181240856432,-5.486036823413435,-0.8250998184118268
1496469.27,-12.557712083502109,-6.550575768592796,0.0,-0.23961222188125753,-5.485946991383855,-0.8250165553276836
1513804.32,-12.557426991765677,-6.550290399338392,0.0,-0.2395039664574676,-5.485855125642508,-0.8249313072384168
1531340.18,-12.557135420294685,-6.549998550349421,0.0,-0.2393932518952579,-5.485761096546131,-0.8248442019080302
1549079.17,-12.556837148530615,-6.549699966377612,0.0,-0.23928000794005733,-5.4856649399860915,-0.8247550184514643
1567023.65,-12.556532029694978,-6.549394535334225,0.0,-0.2391641624043615,-5.48556662906151,-0.8246637438683568
1585176.0,-12.556219990777816,-6.549082184209302,0.0,-0.23904571539194142,-5.485466029911361,-0.8245704389060028
1603538.63,-12.555900737608612,-6.548762618832328,0.0,-0.23892456003733958,-5.4853631827180385,-0.8244748760769487
1622113.96,-12.555574270983243,-6.548435805309421,0.0,-0.23880062610718514,-5.485257989306568,-0.8243771898956662
1640904.48,-12.555240296821237,-6.5481015189396174,0.0,-0.23867391178573272,-5.485150454225521,-0.824277152928362
1659912.66,-12.55489866854771,-6.547759543768529,0.0,-0.23854431216071545,-5.485040412282949,-0.8241748193248661
1679141.03,-12.554549313348575,-6.547409806982055,0.0,-0.2384117560492038,-5.484927935104712,-0.824070115828141
1698592.15,-12.554191937298032,-6.547052084033918,0.0,-0.23827620600042337,-5.484812861800527,-0.8239630162329723
1718268.58,-12.553826467675094,-6.546686232823616,0.0,-0.23813759277634977,-5.484695192715301,-0.823853447331963
1738172.95,-12.553452684376811,-6.546312102627711,0.0,-0.237995843287385,-5.4845748696973695,-0.8237413896429553
1758307.89,-12.55307029365651,-6.545929295630241,0.0,-0.2378508536192286,-5.4844518260812025,-0.8236266159298089
1778676.06,-12.55267929665166,-6.545537917037974,0.0,-0.2377026210428766,-5.48432596810434,-0.8235093278907561
1799280.19,-12.552279326033034,-6.5451375301421475,0.0,-0.23755104069459781,-5.4841972647940995,-0.8233892246534501
1820122.99,-12.551870309346082,-6.54472813186774,0.0,-0.23739603952307048,-5.484065725115252,-0.8232663672294185
1841207.23,-12.551452026795307,-6.5443093983499505,0.0,-0.2372375136436703,-5.483931148419591,-0.8231407362866888
1862535.72,-12.551024184969062,-6.543881140246444,0.0,-0.23707546036532234,-5.48379357509779,-0.823012104783329
1884111.27,-12.550586637912716,-6.543443142223038,0.0,-0.2369097035606434,-5.483652911504141,-0.8228805271582568
1905936.75,-12.550139239733396,-6.542995293076639,0.0,-0.236740242480569,-5.4835090597491645,-0.822745990846903
1928015.06,-12.549681623572429,-6.542537225948567,0.0,-0.23656697039867555,-5.483361993266437,-0.8226082622834523
1950349.12,-12.549213643701096,-6.542068760420326,0.0,-0.2363898172059091,-5.483211580710641,-0.8224673625037777
1972941.9,-12.548735154459017,-6.541589785521312,0.0,-0.23620865741941696,-5.483057849039572,-0.822323279062324
1995796.39,-12.548245752431107,-6.541099897836441,0.0,-0.23602347346658892,-5.482900615638603,-0.8221758087312481
2018915.63,-12.547745328973425,-6.540598988721765,0.0,-0.23583410520357892,-5.482739907523738,-0.8220249759944518
2042302.68,-12.547233554542041,-6.540086693943582,0.0,-0.23564050039193138,-5.482575575654398,-0.8218706178972544
2065960.65,-12.54671024701697,-6.5395628660716785,0.0,-0.2354425870727536,-5.482407560138397,-0.8217127188605273
2089892.67,-12.546175187544467,-6.539027251562514,0.0,-0.23524022392364705,-5.482235834617361,-0.8215511930215038
2114101.91,-12.545628010088038,-6.53847951906939,0.0,-0.23503333901841814,-5.482060238767513,-0.821385941283458
2138591.6,-12.5450685328466,-6.537919486791223,0.0,-0.23482187921881081,-5.4818807263435705,-0.8212168812288418
2163364.97,-12.544496426853076,-6.537346791071133,0.0,-0.23460566761013765,-5.481697206247402,-0.8210439172135925
2188425.32,-12.543911510536443,-6.536761302372795,0.0,-0.23438468530135054,-5.481509583138485,-0.820867033932956
2213775.97,-12.543313455186258,-6.536162639951066,0.0,-0.2341587380715111,-5.481317866487467,-0.8206860353920898
2239420.27,-12.542701895432995,-6.535550455781312,0.0,-0.23392779019417634,-5.481121842740713,-0.8205008228464211
2265361.64,-12.542076686908011,-6.5349246228397915,0.0,-0.23369175250347318,-5.480921485821843,-0.8203113845144747
2291603.52,-12.541437464529015,-6.534284776044218,0.0,-0.23345046505678718,-5.480716689194219,-0.8201176217932158
2318149.37,-12.540783863388281,-6.533630515797041,0.0,-0.2332038401500206,-5.480507306450604,-0.8199193691964153
2345002.74,-12.540115702746824,-6.532961678704189,0.0,-0.23295173523132023,-5.48029336510909,-0.8197165783637803
2372167.17,-12.539432581225842,-6.532277880731758,0.0,-0.23269407904089978,-5.480074687530875,-0.819509114159983
2399646.28,-12.53873424481644,-6.531578833181032,0.0,-0.23243073048997737,-5.479851180925943,-0.8192969217651123
2427443.7,-12.538020292515938,-6.530864169739146,0.0,-0.2321616178930706,-5.4796227525629435,-0.819079799283132
2455563.13,-12.537290433893942,-6.530133582630798,0.0,-0.2318865462978909,-5.479389314074918,-0.8188577222579891
2484008.29,-12.536544305139582,-6.529386690700184,0.0,-0.2316054454818146,-5.479150719416759,-0.8186305258016112
2512782.96,-12.535781616216335,-6.528623238600626,0.0,-0.2313181903980074,-5.478906929492534,-0.818398118710085
2541890.95,-12.535002003731904,-6.527842845594894,0.0,-0.23102463962355652,-5.478657769230245,-0.8181604367410938
2571336.13,-12.534205104522734,-6.527045131174516,0.0,-0.23072463395425608,-5.47840318186392,-0.8179173153563364
2601122.4,-12.533390482122801,-6.526229710908219,0.0,-0.23041813703248096,-5.478142990328091,-0.8176685835476466
2631253.72,-12.532557847400005,-6.525396243629137,0.0,-0.2301049015948567,-5.477877191439929,-0.8174141505943531
2661734.07,-12.53170680115877,-6.5245443301416834,0.0,-0.22978485712538768,-5.477605590486437,-0.8171538825298569
2692567.51,-12.530836944476363,-6.523673606212974,0.0,-0.22945787877816134,-5.477328048441849,-0.8168876789929664
2723758.12,-12.529947952220615,-6.522783712020983,0.0,-0.22912377236749792,-5.477044526749793,-0.816615412903696
2755310.04,-12.529039279014103,-6.521874136878132,0.0,-0.22878244874511788,-5.476754850948913,-0.8163368371841015
2787227.46,-12.528110710561592,-6.520944631799319,0.0,-0.22843373161300096,-5.476458864495695,-0.8160520356906222
2819514.61,-12.52716166536837,-6.519994649979701,0.0,-0.22807747848138063,-5.4761566138159825,-0.8157605576823378
2852175.78,-12.52619185624702,-6.519023869541981,0.0,-0.227713548751648,-5.47584773970505,-0.8154625810852851
2885215.28,-12.525200739145767,-6.518031763779307,0.0,-0.22734181828802477,-5.475532253181941,-0.815157692309343
2918637.52,-12.524187954068037,-6.517017955350165,0.0,-0.22696205709311618,-5.475209969021005,-0.8148459292360427
2952446.92,-12.52315303116962,-6.515982009100219,0.0,-0.22657419408346893,-5.474880795951146,-0.8145270190656018
2986647.97,-12.522095537720283,-6.514923457609339,0.0,-0.22617799982451198,-5.474544598072752,-0.8142008597120755
3021245.2,-12.521015004659295,-6.513841849161734,0.0,-0.22577336818207078,-5.474201235277936,-0.8138672457017264
3056243.2,-12.519910926630056,-6.512736661055846,0.0,-0.2253600871763059,-5.47385053849954,-0.813526035379998
3091646.62,-12.518782908845946,-6.511607533194951,0.0,-0.2249380503242432,-5.473492385703697,-0.813177097167012
3127460.15,-12.517630410113426,-6.510453872350642,0.0,-0.22450704667280083,-5.473126639363159,-0.812820186314682
3163688.54,-12.51645296312766,-6.509275263252926,0.0,-0.22406689820443487,-5.472753166446058,-0.8124551986024325
3200336.61,-12.515250101052072,-6.508071187030366,0.0,-0.22361746528543347,-5.472371758535378,-0.8120819632095533
3237409.2,-12.514021210782742,-6.506841082613888,0.0,-0.22315855223179887,-5.471982367548685,-0.8117001628334013
3274911.24,-12.512765936569743,-6.505584559563648,0.0,-0.22269001908098465,-5.471584803177848,-0.811309737304813
3312847.7,-12.511483629697766,-6.504300969164319,0.0,-0.2222116182593263,-5.47117885060506,-0.8109105002999372
3351223.62,-12.510173788770366,-6.502989810019443,0.0,-0.2217232090409291,-5.47076445569823,-0.8105021452802817
3390044.08,-12.508835912955739,-6.50165061598714,0.0,-0.22122461428619417,-5.470341401824339,-0.8100845998766071
3429314.24,-12.507469428683438,-6.500282778807016,0.0,-0.22071565872515414,-5.469909534991649,-0.8096575850902139
3469039.3,-12.506073763026862,-6.4988857255524515,0.0,-0.22019609510525595,-5.469468707955563,-0.8092209224916301
3509224.53,-12.504648417017563,-6.497458957254983,0.0,-0.21966578300675083,-5.4690187671122725,-0.8087744071359577
3549875.27,-12.503192782395317,-6.4960018656543745,0.0,-0.21912451093101493,-5.468559563434285,-0.808317791289077
3590996.91,-12.501706251625063,-6.494513877905513,0.0,-0.2185721377368816,-5.468090812388268,-0.8078509277803665
3632594.9,-12.500188291175904,-6.49299439109755,0.0,-0.2180083649429606,-5.467612550094831,-0.8073734760597583
3674674.75,-12.498638221743255,-6.491442795305831,0.0,-0.21743306850018562,-5.467124443510285,-0.806885283295361
3717242.06,-12.497055547942676,-6.489858560455923,0.0,-0.2168460381696471,-5.466626409080021,-0.806386113206252
3760302.47,-12.495439592076018,-6.4882409915046635,0.0,-0.21624704558782917,-5.466118232184969,-0.8058757137318642
3803861.69,-12.493789750537186,-6.486589502190933,0.0,-0.21563587940652248,-5.465599782986812,-0.805353839797598
3847925.5,-12.492105383982675,-6.484903470516201,0.0,-0.21501238173171053,-5.465070811840354,-0.8048202769441368
3892499.74,-12.490385853978843,-6.4831822407018205,0.0,-0.2143763245249429,-5.46453120501567,-0.8042747111612063
3937590.32,-12.48863055960748,-6.481425211829549,0.0,-0.21372747943104214,-5.46398080011148,-0.8037169322870292
3983203.24,-12.486838754590677,-6.479631637621464,0.0,-0.21306565377066006,-5.463419366115514,-0.8031466177352958
4029344.53,-12.485009876553905,-6.477800955703018,0.0,-0.21239061943149562,-5.46284674122349,-0.8025635950480312
4076020.32,-12.483143254404268,-6.4759324949812855,0.0,-0.2117021662050153,-5.462262746156789,-0.8019675826194805
4123236.81,-12.481238145023694,-6.474025512338177,0.0,-0.21100010178211603,-5.461667184177655,-0.801358226378406
4171000.24,-12.479293879543334,-6.472079338904821,0.0,-0.2102841628992415,-5.461059929954219,-0.8007352460513594
4219316.97,-12.477309790227826,-6.470093272255765,0.0,-0.20955415836653685,-5.4604407185358825,-0.8000983953533427
4268193.4,-12.47528521050534,-6.468066715199279,0.0,-0.2088098768151963,-5.459809443028684,-0.7994473953553995
4317636.01,-12.47321936545201,-6.465998823431338,0.0,-0.2080510748748773,-5.459165856959211,-0.79878189159725
4367651.36,-12.471111590994596,-6.463888984913785,0.0,-0.20727755966822947,-5.458509785296124,-0.798101639949425
4418246.08,-12.468961151324368,-6.461736446492827,0.0,-0.20648910462327352,-5.457841084447388,-0.7974062574221653
4469426.9,-12.466767275509351,-6.459540402546358,0.0,-0.20568546597571208,-5.457159478007387,-0.7966954585632606
4521200.59,-12.464529339971344,-6.457300264186243,0.0,-0.2048664162204485,-5.456464876433827,-0.7959689715319667
4573574.03,-12.462246503640174,-6.4550152076873415,0.0,-0.2040317817164703,-5.455757052943529,-0.7952263730273411
4626554.16,-12.459918072872869,-6.452684487371471,0.0,-0.20318128408897373,-5.455035783419176,-0.7944674198633211
4680148.0,-12.45754328260058,-6.4503073728598705,0.0,-0.2023147318624496,-5.454300910725748,-0.7936917302716705
4734362.68,-12.455121332905602,-6.4478830642348015,0.0,-0.2014318990504313,-5.453552278137512,-0.7928988870468605
4789205.38,-12.452651534829553,-6.445410837847701,0.0,-0.20053252515902037,-5.452789662839645,-0.7920886498490392
4844683.38,-12.450133091747587,-6.4428899317638315,0.0,-0.199616419261603,-5.4520128757442174,-0.791260636758011
4900804.03,-12.447565208790314,-6.44031955111377,0.0,-0.19868339142594027,-5.451221759216053,-0.7904144004717801
4957574.78,-12.444947165681368,-6.43769895827603,0.0,-0.19773318132135273,-5.4504160763535205,-0.7895497006011567
5015003.16,-12.442278098357413,-6.435027306532333,0.0,-0.19676558125743634,-5.449595705952396,-0.7886660193225055
5073096.78,-12.439557253855817,-6.432303790884692,0.0,-0.19578034984906453,-5.448760392106218,-0.7877630489294096
5131863.37,-12.436783881103246,-6.429527746985245,0.0,-0.1947773137099432,-5.447910050052398,-0.7868403832229018
5191310.7,-12.433957158258682,-6.426698266267403,0.0,-0.19375621491486822,-5.447044373964197,-0.7858976773883403
5251446.67,-12.431076265556003,-6.4238145810003235,0.0,-0.19271686355469292,-5.4461632955556185,-0.7849344218900162
5312279.25,-12.428140421680107,-6.420875892523744,0.0,-0.1916590714991895,-5.445266576478883,-0.7839502445456697
5373816.52,-12.425148847441019,-6.417881438992766,0.0,-0.1905825791290956,-5.444354085339841,-0.7829447745238304
5436066.63,-12.422100729521507,-6.414830372399855,0.0,-0.18948721686896058,-5.443425615807156,-0.781917539723741
5499037.84,-12.418995220591228,-6.411721845414585,0.0,-0.1883727436726102,-5.442481002117633,-0.7808680996243422
5562738.51,-12.415831584524398,-6.40855515660141,0.0,-0.1872389888790349,-5.441520076794172,-0.779796090928203
5627177.09,-12.41260897868457,-6.405329463323845,0.0,-0.18608578281500435,-5.440542703790168,-0.7787009767186747
5692362.12,-12.409326562921654,-6.402043890741439,0.0,-0.18491292133770057,-5.439548681304429,-0.7775822880993115
5758302.25,-12.405983608329462,-6.398697709947919,0.0,-0.1837201289242278,-5.43853791443939,-0.7764396665843019
5825006.23,-12.40257927977213,-6.395290120497705,0.0,-0.18250734216501088,-5.4375101648498045,-0.7752726134828902
5892482.91,-12.39911274476601,-6.391820255216744,0.0,-0.1812743044867093,-5.436465385039057,-0.7740805656909823
5960741.24,-12.395583245918395,-6.388287391402622,0.0,-0.180020899798022,-5.435403324744682,-0.772863166859919
6029790.26,-12.39198991995902,-6.384690631094646,0.0,-0.1787469074467249,-5.43432393531376,-0.7716197883341593
6099639.15,-12.388332051143697,-6.381029258548544,0.0,-0.17745214172695253,-5.433227003143559,-0.7703501136780309
6170297.17,-12.384608854138204,-6.3773025231204326,0.0,-0.17613654038580076,-5.432112425318473,-0.7690535574161582
6241773.68,-12.380819474227833,-6.373509535405125,0.0,-0.1747998658130752,-5.430980073358302,-0.7677295962337454
6314078.18,-12.376963204212881,-6.369649588202826,0.0,-0.1734419861482201,-5.42982988088665,-0.7663777211679568
6387220.25,-12.3730391953732,-6.36572186748378,0.0,-0.17206280445957856,-5.428661649845341,-0.7649974131788618
6461209.6,-12.36904667433305,-6.361725565181704,0.0,-0.17066215467698737,-5.427475315044379,-0.7635880954603352
6536056.03,-12.364984942956895,-6.357659983160977,0.0,-0.16923988797920705,-5.426270829526589,-0.7621492656551818
6611769.49,-12.36085323405327,-6.353524371575308,0.0,-0.1677959438849655,-5.425047977069571,-0.7606804506207727
6688360.0,-12.35665085571737,-6.349318021174542,0.0,-0.16633017439681372,-5.423806793287907,-0.7591810534898223
6765837.74,-12.352376903127137,-6.345040044481811,0.0,-0.16484248413932212,-5.4225470985430055,-0.7576504617994864
6844212.98,-12.348030835023325,-6.340689900237793,0.0,-0.16333281366135408,-5.421268891825336,-0.7560881947511016
6923496.11,-12.343611825325262,-6.336266745016449,0.0,-0.1618010333628028,-5.4199720606876,-0.754493650966045
7003697.66,-12.339119195389154,-6.331769900173892,0.0,-0.16024710191182834,-5.418656587498853,-0.7528662107632106
7084828.26,-12.334552269949164,-6.327198707789487,0.0,-0.15867094252887862,-5.417322376258716,-0.7512053890018923
7166898.67,-12.329910377172904,-6.322552478685452,0.0,-0.1570724969705695,-5.415969410391099,-0.749510571323786
7249919.79,-12.325192848717055,-6.3178305618636905,0.0,-0.15545174188921396,-5.414597706736696,-0.7477811132377803
7333902.62,-12.32039901978321,-6.3130322751803885,0.0,-0.15380863710693762,-5.4132071990660355,-0.7460164390074153
7418858.3,-12.315528229173768,-6.308156957437829,0.0,-0.1521431423331796,-5.41179783934327,-0.7442159757613765
7504798.11,-12.310579891023943,-6.303204040116475,0.0,-0.15045527012632892,-5.4103696763770825,-0.7423790936130588
7591733.44,-12.305553423016132,-6.298172940898637,0.0,-0.14874503352584229,-5.408922774592627,-0.7405051327801717
7679675.82,-12.300448210633716,-6.293063027922251,0.0,-0.1470124283916258,-5.407457001482613,-0.7385935980480106
7768636.93,-12.295263714642374,-6.287873744607493,0.0,-0.14525745075100424,-5.405972553823375,-0.7366437400331147
7858628.56,-12.289999327913835,-6.282604535862124,0.0,-0.14348020144726792,-5.404469396137887,-0.7346549382769716
7949662.65,-12.284654554348421,-6.277254870895605,0.0,-0.14168069473297643,-5.402947559088226,-0.7326266170744056
8041751.28,-12.279228901466944,-6.2718242572286345,0.0,-0.13985901494149733,-5.401407104094029,-0.7305581381931086
8134906.65,-12.273721880454163,-6.266312223391273,0.0,-0.1380152462324666,-5.399848176109661,-0.7284488010491457
8229141.14,-12.268133041865399,-6.260718302593316,0.0,-0.13614943819146458,-5.398270789037115,-0.7262980753647374
8324467.24,-12.26246190427341,-6.255042030752849,0.0,-0.13426174567389126,-5.396675116199194,-0.7241051688797618
8420897.59,-12.256708096891684,-6.249283019737807,0.0,-0.13235227128416138,-5.395061184697953,-0.7218695637556916
8518444.98,-12.250871181296226,-6.243440831124078,0.0,-0.13042115264494053,-5.393429168129344,-0.7195905103497957
8617122.36,-12.244950829541963,-6.2375151543119305,0.0,-0.12846854476949998,-5.39177920737095,-0.7172674021714777
8716942.82,-12.238946681658822,-6.23150561198571,0.0,-0.1264945856224675,-5.390111458510508,-0.7148995678527319
8817919.59,-12.23285841684287,-6.225411900686853,0.0,-0.12449950067059151,-5.388426057595357,-0.7124863424209044
8920066.08,-12.226685788855802,-6.219233774176959,0.0,-0.12248346282151598,-5.386723208574111,-0.7100271027813282
9023395.83,-12.220428519394224,-6.212970936807016,0.0,-0.12044669798599027,-5.385003077648872,-0.707521161172153
9127922.54,-12.214086333682898,-6.206623131147177,0.0,-0.1183893963604161,-5.383265901262956,-0.7049678335238063
9233660.09,-12.207659102162761,-6.200190210292746,0.0,-0.11631181891452602,-5.381511875543604,-0.7023665158346171
9340622.5,-12.20114659225957,-6.193671959014882,0.0,-0.11421424361851806,-5.379741213994279,-0.6997165014020844
9448823.96,-12.194548716334772,-6.18706828967494,0.0,-0.11209694856187707,-5.377954177591262,-0.6970171635218004
9558278.82,-12.18786531915082,-6.180379047035263,0.0,-0.10996017657243036,-5.376151062101843,-0.6942678083609897
9669001.6,-12.181096389999546,-6.173604203042002,0.0,-0.10780425840646139,-5.374332057527327,-0.6914678871082113
9781006.99,-12.17424177991981,-6.1667436260794535,0.0,-0.10562950662666541,-5.372497536604554,-0.6886165828482328
9894309.85,-12.167301625280695,-6.159797452516612,0.0,-0.10343628650011366,-5.370647703517876,-0.6857134624986254
10008925.2,-12.16027581830688,-6.152765574578044,0.0,-0.10122492795293694,-5.368782992538321,-0.6827576540867829
10124868.3,-12.153164465599977,-6.145648098865242,0.0,-0.09899577824277826,-5.366903624328222,-0.6797486962942433
10242154.4,-12.14596767628176,-6.1384451344998805,0.0,-0.09674927208865931,-5.3650099591334595,-0.6766859032777635
10360799.2,-12.138685526847508,-6.131156775322781,0.0,-0.0944857910768692,-5.363102361531894,-0.6735686227140181
10480818.3,-12.131318201727403,-6.123783171072713,0.0,-0.09220569954757639,-5.361181257785505,-0.6703962137396338
10602227.8,-12.123865922675066,-6.116324578194508,0.0,-0.0899094834872516,-5.359246923211974,-0.6671681714952826
10725043.6,-12.116328878506689,-6.10878116815859,0.0,-0.08759755894636186,-5.357299812292133,-0.6638837969200921
10849282.2,-12.108707365291986,-6.101153254380273,0.0,-0.08527041133266686,-5.3553402785284145,-0.6605425645191908
10974959.9,-12.101001680919357,-6.093441117402145,0.0,-0.0829284559261327,-5.353368806854114,-0.6571438546219011
11102093.5,-12.093212160020348,-6.0856450918556515,0.0,-0.08057224752250436,-5.351385758505601,-0.6536870858275462
11230699.7,-12.08533920870405,-6.077765601195497,0.0,-0.07820221771968958,-5.349391633710344,-0.6501717497654651
11360795.8,-12.077383164652097,-6.069802965757494,0.0,-0.07581892052747669,-5.347386838787099,-0.6465972064429177
11492398.9,-12.069344541398682,-6.0617577337672515,0.0,-0.07342287397013966,-5.345371833976512,-0.6429630258206007
11625526.4,-12.061223818542912,-6.053630350132266,0.0,-0.07101461366225784,-5.34334712026763,-0.6392686162023787
11760196.1,-12.053021546240092,-6.0454213996993245,0.0,-0.06859472654540581,-5.341313150056585,-0.6355135230973313
11896425.9,-12.044738240554512,-6.03713136384105,0.0,-0.06616369466158736,-5.339270474028113,-0.6316971951513515
12034233.7,-12.036374522475722,-6.028760880892703,0.0,-0.06372213893006493,-5.337219521702793,-0.627819220259844
12173637.8,-12.027931047986623,-6.020310606837097,0.0,-0.06127064482380347,-5.335160803298571,-0.623879158714722
12314656.8,-12.019408438527355,-6.011781180460142,0.0,-0.05880977961552032,-5.333094959259154,-0.619876441585467
12457309.4,-12.010807454222508,-6.0031733445405315,0.0,-0.056340180053576557,-5.331022329995938,-0.6158108344910178
12601614.5,-12.002128820199543,-5.994487841551511,0.0,-0.0538624470537152,-5.32894358236736,-0.6116818121304338
12747591.1,-11.993373330359006,-5.985725448047696,0.0,-0.05137718110021451,-5.326859249796266,-0.6074890171512144
12895258.8,-11.9845418469646,-5.976887043638625,0.0,-0.04888501669069949,-5.324769864052536,-0.6032321628953882
13044637.0,-11.975635127814567,-5.967973368776558,0.0,-0.0463865878210977,-5.32267595255564,-0.5989108283998249
13195745.7,-11.966654171175106,-5.958985473765433,0.0,-0.04388257970999794,-5.320578090628855,-0.5945248034265825
13348604.8,-11.957599904768442,-5.9499241995977625,0.0,-0.04137353809461949,-5.318476883956652,-0.5900737775464938
13503234.6,-11.94847322043316,-5.940790542187751,0.0,-0.03886025107144827,-5.316372787687507,-0.5855575034287998
13659655.6,-11.93927518026632,-5.931585476902653,0.0,-0.03634322805869074,-5.3142665351587475,-0.5809757136852114
13817888.6,-11.930006809832465,-5.922310081344849,0.0,-0.033823238456900585,-5.312158607296062,-0.5763282355918863
13977954.5,-11.92066916680119,-5.9129653958379365,0.0,-0.031300894414727644,-5.310049602445678,-0.5716148989775345
14139874.7,-11.911263409144725,-5.9035525957001305,0.0,-0.028776894257980853,-5.307940096933809,-0.5668356045083432
14303670.5,-11.901790623553342,-5.894072767621696,0.0,-0.026251883382772526,-5.305830667952818,-0.5619902162861019
14469363.8,-11.892252030649681,-5.884527097533173,0.0,-0.023726523927354498,-5.303721902723751,-0.5570786708820687
14636976.4,-11.88264884770165,-5.874916872086643,0.0,-0.02120152913275554,-5.301614406694069,-0.5521009362598186
14806530.6,-11.872982288543968,-5.8652432357325965,0.0,-0.018677490109380898,-5.29950873401663,-0.5470570116065832
14978049.0,-11.863253665618824,-5.855507570297501,0.0,-0.01615517072718021,-5.2974054662283425,-0.5419469333419756
15151554.2,-11.853464253323809,-5.845711115486825,0.0,-0.013635177856728823,-5.295305203113617,-0.5367707345164725
15327069.3,-11.843615390013085,-5.835855174962492,0.0,-0.011118152361767785,-5.2932085078291,-0.5315285147716263
15504617.6,-11.833708477536621,-5.825941219958924,0.0,-0.008604786314654018,-5.291115929918896,-0.5262205037253711
15684222.5,-11.823744980776375,-5.815970680665856,0.0,-0.006095771145671358,-5.289028072580683,-0.5208468369395012
15865908.0,-11.813726224106961,-5.805944898804077,0.0,-0.003591710663005386,-5.286945516399459,-0.5154076717416111
16049698.2,-11.80365369636,-5.795865345859063,0.0,-0.001093242707963662,-5.284868770793095,-0.509903332358004
16235617.3,-11.793528982238605,-5.7857336238801285,0.0,0.0013989609291839699,-5.282798439085427,-0.5043341457238819
16423690.2,-11.78335349183341,-5.77555116030414,0.0,0.0038842465359648576,-5.280735044537492,-0.49870036230261233
16613941.7,-11.773128865792641,-5.76531956108698,0.0,0.0063620304867637485,-5.278679094247151,-0.49300249732659424
16806397.0,-11.762856704682443,-5.75504044414103,0.0,0.008831677804570224,-5.276631189142399,-0.4872409328032016
17001081.8,-11.752538468293041,-5.744715286602795,0.0,0.011292588842451176,-5.274591835829576,-0.48141603961566737
17198021.7,-11.742175979892286,-5.734345877047684,0.0,0.0137441473535631,-5.2725615336556775,-0.47552849074556824
17397243.0,-11.73177078693332,-5.723933797621394,0.0,0.016185772297260422,-5.270540788984871,-0.469578780933784
17598772.1,-11.721324631422757,-5.713480772984331,0.0,0.01861686602143753,-5.26853013270986,-0.4635675062959117
17802635.7,-11.710839214526331,-5.70298852164858,0.0,0.021036866050287144,-5.266530099902185,-0.4574952877966864
18008860.8,-11.70031623012135,-5.692458737491518,0.0,0.023445210526518368,-5.264541048262233,-0.4513628997558057
18217474.9,-11.689757531574221,-5.681893273879636,0.0,0.02584132087920421,-5.262563507250011,-0.44517108750883005
18428505.5,-11.679164797424036,-5.671293809352114,0.0,0.02822470557786646,-5.26059793287723,-0.43892058205274725
18641980.7,-11.668539931766391,-5.660662230658266,0.0,0.030594839073720268,-5.258644823067788,-0.43261224666419873
18857928.8,-11.657884730348435,-5.650000350891653,0.0,0.03295117894172396,-5.256704533421174,-0.42624699641220426
19076378.4,-11.64720101395201,-5.639310008180577,0.0,0.0352932350967655,-5.254777533610674,-0.4198257096666635
19297358.5,-11.636490694477892,-5.62859309707954,0.0,0.037620518047643596,-5.252864225958015,-0.4133493891691682
19520898.5,-11.625755641816466,-5.617851487479006,0.0,0.03993259050093574,-5.250965017580235,-0.4068190603997084
19747027.9,-11.614997750184198,-5.607087073595515,0.0,0.04222896376623631,-5.249080294403052,-0.40023574295870057
19975776.8,-11.604219003972634,-5.596301857167131,0.0,0.044509201278224546,-5.247210415684897,-0.3936006427604574
20207175.5,-11.593421279126236,-5.585497696791986,0.0,0.046772884267350684,-5.245355722585337,-0.38691485847400037
20441254.8,-11.582606574439989,-5.574676608611594,0.0,0.04901957688982593,-5.243516604256355,-0.3801795812450627
20678045.6,-11.571776846148813,-5.563840531514522,0.0,0.05124891282045686,-5.24169332582235,-0.3733961185126332
20917579.4,-11.560934106750349,-5.552991512691456,0.0,0.053460456755859205,-5.239886292173026,-0.36656567727429046
21159887.9,-11.550080358925312,-5.542131520130269,0.0,0.05565391202598878,-5.238095755795477,-0.3596896763607774
21405003.4,-11.539217595540434,-5.5312625640442725,0.0,0.05782887845574295,-5.236322011468566,-0.3527694310314481
21652958.2,-11.52834783240765,-5.520386660245521,0.0,0.05998502517393095,-5.2345653421322815,-0.345806343287168
21903785.3,-11.517473140802029,-5.509505880009181,0.0,0.06212205596659838,-5.232826001756965,-0.3388019342188125
22157518.1,-11.506595549060705,-5.498622234325961,0.0,0.0642396749229047,-5.231104258144297,-0.33175765110456856
22414190.0,-11.495717108067613,-5.487737808772984,0.0,0.06633753427480998,-5.229400284382136,-0.3246750586656561
22673835.2,-11.484839891076357,-5.476854659257415,0.0,0.06841540731020018,-5.2277143535809305,-0.3175557129866879
22936488.2,-11.473965960991526,-5.465974866030549,0.0,0.07047299831741898,-5.226046609887176,-0.3104012544607883
23202183.7,-11.463097402912814,-5.455100479499024,0.0,0.07251013256179777,-5.22439732890676,-0.30321328315406354
23470957.0,-11.452236226576895,-5.444233544092794,0.0,0.07452653158659378,-5.2227666574296325,-0.29599341824975417
23742843.8,-11.441384561362312,-5.433376171843923,0.0,0.07652198625298753,-5.221154696626851,-0.28874346147005964
24017880.1,-11.4305445259921,-5.42253048147555,0.0,0.07849632171476015,-5.219561661967101,-0.28146514122320665
24296102.4,-11.419718099215023,-5.4116984690831815,0.0,0.08044936297605519,-5.217987691965842,-0.274160140093398
24577547.7,-11.408907476020943,-5.400882294963509,0.0,0.08238093552681536,-5.216432810968227,-0.26683041952210285
24862253.1,-11.398114582338847,-5.390083937085572,0.0,0.08429086405211833,-5.214897223342626,-0.25947757779506464
25150256.7,-11.387341624523815,-5.379305567111274,0.0,0.08617902557474062,-5.213380973868037,-0.2521036188179786
25441596.4,-11.37659054050186,-5.3685491229667175,0.0,0.08804533109273997,-5.211884144927276,-0.24471030913218308
25736311.0,-11.365863515759385,-5.357816807485102,0.0,0.08988963983832521,-5.210406847323173,-0.23729960000025163
26034439.6,-11.35516246816138,-5.347110538531531,0.0,0.09171187982972964,-5.2089491184291905,-0.22987329993206768
26336021.6,-11.344489530608683,-5.3364324316602705,0.0,0.09351196201018332,-5.207510961592083,-0.2224334320783726
26641097.2,-11.33384666543726,-5.325784449207375,0.0,0.09528979705749949,-5.2060923663963585,-0.2149818798685147
26949706.8,-11.323235953384646,-5.315168689257204,0.0,0.09704539829051799,-5.204693505329841,-0.20752058221787548
27261891.3,-11.31265930537725,-5.304587062736282,0.0,0.09877864182960983,-5.203314240596354,-0.20005146396953838
27577692.1,-11.302118782705275,-5.294041613588176,0.0,0.1004895925498127,-5.201954637610548,-0.19257656852744226
27897151.2,-11.29161627745515,-5.28353425124619,0.0,0.10217817756180661,-5.200614659265338,-0.18509776954265655
28220310.9,-11.281153800081238,-5.273066968818002,0.0,0.10384439283226274,-5.199294209601306,-0.1776171520489569
28547214.0,-11.270733192605924,-5.262641625672874,0.0,0.10548826802977365,-5.197993355265133,-0.170136538437515
28877904.0,-11.260356479014566,-5.252260245796283,0.0,0.10710983283521568,-5.19671205261618,-0.1626580260153207
29212424.6,-11.250025420179204,-5.241924572713586,0.0,0.10870909982494015,-5.195450161921766,-0.15518351061675986
29550820.4,-11.239741927349414,-5.23163653502123,0.0,0.11028613236060522,-5.194207660825445,-0.14771500655639497
29893136.1,-11.22950783983269,-5.221397972026843,0.0,0.11184095954920534,-5.192984476073037,-0.14025445550300897
30239417.2,-11.21932492549967,-5.211210616907498,0.0,0.11337367925028774,-5.191780506914433,-0.13280378924335504
30589709.6,-11.209195007565443,-5.201076327572016,0.0,0.11488431972835682,-5.190595653162663,-0.1253649941377106
30944059.8,-11.199119775154651,-5.190996810491986,0.0,0.11637301196649263,-5.189429869658251,-0.11793995280022841
31302514.7,-11.189100941652521,-5.18097372701221,0.0,0.11783981916619468,-5.188282912667905,-0.11053063351049942
31665122.0,-11.1791402446562,-5.171008866770467,0.0,0.11928483716442075,-5.187154831480162,-0.10313887245472375
32031929.7,-11.169239257381946,-5.1611037509425275,0.0,0.12070821429506941,-5.186045375819962,-0.09576658941763494
32402986.5,-11.159399672202003,-5.151260106594441,0.0,0.12211002904350003,-5.184954437528413,-0.08841569810952762
32778341.6,-11.1496229865278,-5.14147943113774,0.0,0.12349041146137651,-5.183881957170714,-0.08108788542839937
33158044.8,-11.139910785877516,-5.131763310090692,0.0,0.12484949136307875,-5.182827689492733,-0.07378511196103582
33542146.5,-11.130264493209562,-5.122113131718011,0.0,0.12618746721511392,-5.181791517273933,-0.06650908165919461
33930697.6,-11.12068568242378,-5.112530504613387,0.0,0.12750441656357722,-5.180773303619216,-0.059261617557749544
34323749.7,-11.111175703046099,-5.103016778302853,0.0,0.12880050270497084,-5.179772870377686,-0.05204441063013951
34721354.9,-11.101735931013671,-5.093573294029796,0.0,0.1300759233852814,-5.17879004001489,-0.0448591774001865
35123565.9,-11.092367706335942,-5.08420142649757,0.0,0.13133080672241776,-5.17782463560139,-0.037707597618596454
35530436.1,-11.083072302276234,-5.07490244896959,0.0,0.1325653494599488,-5.176876514969679,-0.03059128345985746
35942019.5,-11.073851050137621,-5.06567769274901,0.0,0.13377966268184274,-5.175945482105969,-0.02351187332488447
36358370.6,-11.064705059617195,-5.056528232839104,0.0,0.13497402859913535,-5.175031385229402,-0.016470876208835895
36779544.8,-11.055635530238515,-5.047455268763467,0.0,0.13614860907295695,-5.174133956765785,-0.00946992107064057
37205597.8,-11.046643534088274,-5.038459941996706,0.0,0.13730351343105043,-5.1732530707559885,-0.0025103846717692774
37636586.2,-11.037730202289955,-5.02954327958059,0.0,0.1384390413166422,-5.172388494938302,0.0044061740410706275
38072567.1,-11.028896508348613,-5.020706359102042,0.0,0.1395552839802341,-5.171540059570226,0.01127841648795411
38513598.5,-11.0201434543875,-5.01195011329648,0.0,0.1406525229831764,-5.1707075505927325,0.018104914313071943
38959738.7,-11.011471978516896,-5.003275497621237,0.0,0.14173095292307905,-5.1698908164058395,0.024884365861525072
39411047.0,-11.002882862757522,-4.994683311444068,0.0,0.14279073404253168,-5.169089578951292,0.03161553346469163
39867583.3,-10.994377011083072,-4.986174406697744,0.0,0.14383214695258512,-5.1683036428712,0.03829708922086947
40329408.0,-10.985955233524452,-4.977749645454204,0.0,0.14485533384110366,-5.167532841064283,0.044927861768976965
40796582.5,-10.977618185230984,-4.969409682862854,0.0,0.1458605228438201,-5.166776948244369,0.05150674253770088
41269168.8,-10.969366643679649,-4.961155261706698,0.0,0.14684797658006227,-5.166035770565417,0.058032532278653
41747229.5,-10.961201109312153,-4.9529868997744995,0.0,0.14781787130331617,-5.165309049639745,0.06450427856193076
42230828.0,-10.953122328001585,-4.944905342939407,0.0,0.1487704515839678,-5.164596640558833,0.07092084603545401
42720028.5,-10.94513073873709,-4.936911030190606,0.0,0.14970589357786054,-5.163898299739422,0.07728137597095582
43214895.8,-10.937226872857192,-4.929004475519631,0.0,0.15062449290625368,-5.163213824577878,0.08358485615199535
43715495.7,-10.929411139701507,-4.921186105613186,0.0,0.1515264079979215,-5.162542941535255,0.08983042792414545
44221894.6,-10.921684010466404,-4.9134563916676735,0.0,0.1524118826435624,-5.1618855383699405,0.09601726405870738
44734159.5,-10.914045773861014,-4.905815622392277,0.0,0.1532811433972053,-5.161241362655387,0.10214459686590335
45252358.5,-10.906496750376736,-4.89826410093138,0.0,0.1541343998942214,-5.160610190071129,0.10821168924552857
45776560.3,-10.899037231264483,-4.890802135882987,0.0,0.15497191212014794,-5.159991851046344,0.11421780304320442
46306834.5,-10.891667387390385,-4.883429880766209,0.0,0.15579390640092425,-5.159386077374001,0.12016229020686595
46843251.3,-10.884387421835314,-4.876147556009017,0.0,0.1566005401355179,-5.158792721476512,0.1260446253319761
47385882.0,-10.87719744824504,-4.868955275257234,0.0,0.1573921071751494,-5.158211539395287,0.1318641569629018
47934798.4,-10.870097551948811,-4.8618531064930455,0.0,0.15816879929195465,-5.1576423225703385,0.13762041678533848
48490073.5,-10.863087820432291,-4.854841137202152,0.0,0.1589308589062466,-5.15708486923727,0.14331287312887211
49051780.9,-10.856168222097939,-4.847919353134139,0.0,0.15967849389866287,-5.156539022621278,0.14894117558847525
49619995.1,-10.849338697618576,-4.841087677614756,0.0,0.16041192966725962,-5.156004516732725,0.15450490945070514
50194791.5,-10.842599160052488,-4.834346023702331,0.0,0.16113140817859462,-5.155481212481405,0.16000378060047832
50776246.3,-10.835949525196044,-4.827694324540353,0.0,0.16183710282613806,-5.154968827515506,0.16543740014901662
51364436.6,-10.82938965113672,-4.821132420869224,0.0,0.16252927264727007,-5.154467254184433,0.1708055606679386
51959440.5,-10.822919308273267,-4.81466008308773,0.0,0.16320812514077382,-5.1539762585952875,0.17610805036678268
52561336.9,-10.816538270157725,-4.808277084747921,0.0,0.16387388470771005,-5.153495624191179,0.1813446547355446
53170205.7,-10.810246313471549,-4.801983219878406,0.0,0.1645267242277988,-5.15302519308411,0.18651524897790478
53786127.6,-10.804043037214978,-4.795778070132329,0.0,0.165166902221891,-5.152564797089951,0.19161982473573264
54409184.3,-10.797928224640096,-4.78966140141468,0.0,0.16579464304636773,-5.152114172644532,0.196658128183484
55039458.5,-10.79190145142392,-4.783632806749591,0.0,0.16641011923418272,-5.151673193437654,0.20163026745387885
55677033.7,-10.78596232691443,-4.77769191283223,0.0,0.1670135372428326,-5.151241644233368,0.20653619415830132
56321994.6,-10.780110403840409,-4.77183825504426,0.0,0.16760512110189305,-5.150819416195398,0.21137604004924396
56974426.7,-10.774345268555681,-4.766071419739521,0.0,0.16818509439674004,-5.150406263766323,0.21614974963006028
57634416.6,-10.768666420860102,-4.760390872023603,0.0,0.16875364725290307,-5.150002027504761,0.22085750822825337
58302051.7,-10.763073304236553,-4.754796124767983,0.0,0.16931095068517824,-5.149606510111297,0.22549943465813505
58977420.7,-10.757565455842242,-4.749286645741303,0.0,0.1698572463413005,-5.1492195387969195,0.2300756467143157
59660613.2,-10.752142296509975,-4.743861925164982,0.0,0.1703927050398873,-5.148841039772187,0.2345864095673211
60351719.7,-10.746803161003166,-4.738521228413849,0.0,0.17091755123536126,-5.148470762060452,0.23903198241124582
61050832.0,-10.741547507635993,-4.73326404849639,0.0,0.1714319392411612,-5.148108519682478,0.2434125319449286
61758042.8,-10.73637470856968,-4.728089757573855,0.0,0.17193607498598196,-5.1477542053743255,0.24772837281448573
62473445.9,-10.73128405002211,-4.722997641864152,0.0,0.1724301643165771,-5.1474076197491145,0.2519798135683856
63197136.2,-10.726274941503458,-4.7179871108774645,0.0,0.17291436198037435,-5.1470686663690834,0.2561671935112447
63929209.8,-10.721346646797246,-4.713057393702985,0.0,0.17338890836812695,-5.146737115424292,0.2602908133531777
64669763.6,-10.716498463294279,-4.708207839773056,0.0,0.17385394004801108,-5.146412904785659,0.2643511249645884
65418896.0,-10.711729662215632,-4.703437685614405,0.0,0.17430962924910184,-5.146095798445575,0.26834848358206537
66176706.3,-10.707039458830415,-4.698746163843348,0.0,0.17475618111057373,-5.145785676320047,0.27228333136612537
66943295.0,-10.702427161449815,-4.694132565423885,0.0,0.17519376738187664,-5.14548241193495,0.27615607912918294
67718763.9,-10.697891992530328,-4.689596112812534,0.0,0.17562255941285815,-5.145185834466437,0.2799671622410455
68503215.8,-10.693433118589649,-4.685135989874186,0.0,0.17604272813836644,-5.144895820957141,0.2837171029445872
69296754.8,-10.689049769226164,-4.680751408860047,0.0,0.1764544451332212,-5.144612276047683,0.28740642205441325
70099486.0,-10.684741177456669,-4.6764416201341055,0.0,0.17685784722182396,-5.144334950814784,0.29103548345885344
70911516.1,-10.680506431119806,-4.672205694187836,0.0,0.17725315686543636,-5.1440638625905954,0.29460501153732216
71732952.8,-10.676344799770725,-4.668042900576392,0.0,0.1776405111273135,-5.143798776416029,0.2981153647123249
72563904.9,-10.672255378053293,-4.66395235129084,0.0,0.1780200126840898,-5.143539563375313,0.301567199400383
73404482.7,-10.668237382686954,-4.659933228356239,0.0,0.17839193517856777,-5.143286182891905,0.30496101935709585
74254797.8,-10.664289914918577,-4.65598468506107,0.0,0.1787563125073499,-5.143038410800667,0.308297413232244
75114962.9,-10.660412138544045,-4.652105833159625,0.0,0.17911340156601085,-5.142796203437738,0.31157696871210344
75985092.1,-10.65660316120817,-4.648295814991116,0.0,0.17946327051191985,-5.142559384545512,0.31480029904247225
76865300.9,-10.65286215290946,-4.644553765859646,0.0,0.17980614181590862,-5.142327893637006,0.3179679859614527
77755706.0,-10.649188227408164,-4.6408788342199045,0.0,0.18014208355515468,-5.142101554625756,0.32108063685069654
78656425.5,-10.645580531042961,-4.6372701317161376,0.0,0.18047131811581105,-5.141880276467484,0.3241388266355354
79567578.9,-10.642038153878088,-4.6337267831070195,0.0,0.18079393049155545,-5.141663961652238,0.3271432480536632
80489287.0,-10.638560248006229,-4.63024792313803,0.0,0.18111009166592812,-5.1414525467187575,0.3300945319148011
81421672.2,-10.635145909159318,-4.626832647541107,0.0,0.1814199212560641,-5.141245872871903,0.33299330407472816
82364858.2,-10.631794265377666,-4.623480084356565,0.0,0.1817235898202017,-5.141043832367027,0.3358401581902605
83318969.9,-10.628504417830387,-4.620189334753534,0.0,0.1820211829343368,-5.140846324688929,0.33863580700105894
84284134.1,-10.625275529359012,-4.616959561573536,0.0,0.18231283711607754,-5.140653238944083,0.3413808402544717
85260478.7,-10.62210670627871,-4.613789853784522,0.0,0.18259875715609603,-5.140464545956548,0.34407593501593586
86248133.2,-10.618997027920745,-4.610679325412213,0.0,0.18287895987799538,-5.140280080707677,0.3467217954174684
87247228.7,-10.615945664564792,-4.607627129389077,0.0,0.18315365001971898,-5.140099783436609,0.3493190040278124
88257897.7,-10.612951729845614,-4.604632362002631,0.0,0.18342293036815036,-5.139923553903655,0.3518682615328686
89280274.2,-10.610014369193358,-4.601694203377504,0.0,0.1836869026060314,-5.139751312184087,0.3543702062005527
90314493.9,-10.60713267135821,-4.598811707569405,0.0,0.1839457038085463,-5.139582913737564,0.3568255023596129
91360694.0,-10.604305786235162,-4.59598402447334,0.0,0.1841994872816422,-5.139418387785696,0.35923487603071375
92419013.2,-10.601532895274417,-4.5932103702339795,0.0,0.18444830368783807,-5.139257511522757,0.36159883760093947
93489592.0,-10.598813152526152,-4.590489864207038,0.0,0.18469232399837412,-5.139100297267609,0.3639181090621936
94572572.3,-10.596145625797348,-4.5878216088939885,0.0,0.18493158185099828,-5.138946658756565,0.3661934680115781
95668097.8,-10.59352953201043,-4.5852047865227465,0.0,0.18516626516081774,-5.138796471930206,0.36842542024663993
96776313.8,-10.590964001721549,-4.582638527649486,0.0,0.18539649316277418,-5.138649701546255,0.370614680733993
97897367.4,-10.588448255556813,-4.580122087594814,0.0,0.18562229943326508,-5.138506261446354,0.3727618744182701
99031407.2,-10.585981398347164,-4.577654519147922,0.0,0.18584385522045305,-5.138366024414739,0.3748676500463635
100178584.0,-10.583562683630962,-4.575235127888918,0.0,0.18606122766447086,-5.138228985986714,0.37693263043332537
101339049.0,-10.581191190355366,-4.5728629580704725,0.0,0.1862745366619281,-5.138095077079114,0.37895758234671395
102512957.0,-10.578866234112114,-4.570537342631573,0.0,0.1864838500633634,-5.137964167294661,0.3809429745997261
103700464.0,-10.57658695584552,-4.568257405169272,0.0,0.186689321322176,-5.137836269220598,0.38288954272914955
104901727.0,-10.574352556801049,-4.56602238162357,0.0,0.1868910009110575,-5.137711221844123,0.3847978393094963
106116905.0,-10.572162269068562,-4.563831434695282,0.0,0.1870890433634266,-5.137589048220641,0.3866685701619308
107346159.0,-10.570015326174552,-4.561683867299944,0.0,0.18728348140965156,-5.137469635043957,0.3885022863343613
108589654.0,-10.567910904396907,-4.559578855715445,0.0,0.18747440016490113,-5.137352944062005,0.39029968818166594
109847553.0,-10.565848328009128,-4.557515654826254,0.0,0.18766195413185735,-5.13723884504251,0.3920612360843978
111120023.0,-10.563826746667043,-4.555493483677231,0.0,0.1878461929762134,-5.137127395080582,0.39378771842714066
112407234.0,-10.561845487208224,-4.553511634411437,0.0,0.18802723647815073,-5.1370184639837015,0.3954795930941213
113709355.0,-10.559903789750733,-4.551569364494194,0.0,0.1882051014354642,-5.136911993327415,0.39713752739775576
115026561.0,-10.55800092491669,-4.549665909853103,0.0,0.18837997551798702,-5.136807951540775,0.39876206616968624
116359024.0,-10.55613622304964,-4.547800652873494,0.0,0.188551874758912,-5.136706252854626,0.40035372522221735
117706923.0,-10.554308869179867,-4.545972743891124,0.0,0.1887209019267443,-5.136606903516313,0.40191325769844877
119070437.0,-10.552518225128793,-4.544181544727417,0.0,0.1888871420576262,-5.136509773439757,0.40344108665471545
120449744.0,-10.550763624439787,-4.542426388925754,0.0,0.1890506632045794,-5.136414868899744,0.40493781676941176
121845030.0,-10.549044313861193,-4.540706540581735,0.0,0.18921156698988198,-5.136322124460335,0.4064040168887224
123256479.0,-10.547359658180419,-4.539021347135497,0.0,0.18936992182271548,-5.13623146812675,0.40784019916853964
124684278.0,-10.545708964592787,-4.537370133129649,0.0,0.18952577838437804,-5.136142875551204,0.40924696403718064
126128616.0,-10.544091628944667,-4.535752259716001,0.0,0.18967929031264621,-5.136056312002877,0.41062476197423126
127589686.0,-10.542506960201663,-4.534167070554708,0.0,0.18983045697640313,-5.1359717192090395,0.41197419167792426
129067681.0,-10.540954326664952,-4.532613916599683,0.0,0.18997938071008835,-5.135889028523543,0.41329573121377294
130562797.0,-10.539433068212947,-4.531092172423889,0.0,0.19012611179069921,-5.135808232619606,0.4145899484050164
132075232.0,-10.537942613191422,-4.529601196983982,0.0,0.19027080456703818,-5.13572926286354,0.41585726131251766
133605187.0,-10.536482303012995,-4.528140401081717,0.0,0.19041342370171996,-5.135652091697627,0.4170982669141877
135152865.0,-10.535051538270942,-4.526709133268504,0.0,0.19055412315535625,-5.135576698135712,0.4183134417118496
136718471.0,-10.533649749461645,-4.525306841388022,0.0,0.19069293659252123,-5.1355030103005825,0.4195032323200412
138302213.0,-10.532276367738099,-4.523932973940549,0.0,0.19082991463498988,-5.1354309426390685,0.4206680540635308
139904301.0,-10.530930708096946,-4.5225868112281615,0.0,0.190965193876359,-5.135360566150261,0.42180856104574216
141524948.0,-10.529612319777588,-4.521267954532101,0.0,0.19109877327044694,-5.135291808985814,0.4229250811832679
143164368.0,-10.528320548220602,-4.519975697251106,0.0,0.19123073887211045,-5.135224582329304,0.4240181462060876
144822780.0,-10.527054885428377,-4.5187095487348365,0.0,0.19136117522559407,-5.135158865258912,0.42508814129848194
146500402.0,-10.525814794753042,-4.517468989682726,0.0,0.19149014988997304,-5.135094681177355,0.4261355416046565
148197458.0,-10.524599710901668,-4.516253437454551,0.0,0.19161768028291876,-5.135031938013938,0.4271608202764688
149914172.0,-10.523409127460258,-4.5150623682890245,0.0,0.1917439025919045,-5.134970601182647,0.4281643303017171
151650773.0,-10.522242509330438,-4.513895281782353,0.0,0.19186883308148012,-5.1349106908198205,0.42914657595598843
153407490.0,-10.521099351065343,-4.512751655140376,0.0,0.19199255703246695,-5.13485215210241,0.43010793992957075
155184557.0,-10.519979118512746,-4.511630954210864,0.0,0.19211510842349536,-5.134794896265836,0.4310488336314739
156982210.0,-10.518881336293965,-4.510532686267869,0.0,0.19223658949048855,-5.134738946758224,0.4319696709998672
158800687.0,-10.517805558599388,-4.509456457543628,0.0,0.19235703307518642,-5.134684296383135,0.43287080576432097
160640229.0,-10.516751223404007,-4.50840163662397,0.0,0.1924765255766815,-5.134630870082091,0.4337527078814386
162501080.0,-10.515717914852416,-4.507367859695367,0.0,0.19259509981899614,-5.13457869130301,0.43461573178864565
164383487.0,-10.514705130007844,-4.506354606473772,0.0,0.1927128410642015,-5.134527643980365,0.43546019644239603
166287700.0,-10.513712453736295,-4.505361461825157,0.0,0.19282978326425065,-5.134477792593205,0.4362865475037985
168213971.0,-10.512739354683712,-4.504387877048184,0.0,0.19294604560728082,-5.134429085663777,0.43709516300830964
170162556.0,-10.511785476672763,-4.5034335306601285,0.0,0.19306161038271585,-5.134381478787913,0.4378863377450708
172133713.0,-10.51085034728593,-4.5024979328961665,0.0,0.19317654586828553,-5.134334900238749,0.43866042147429624
174127704.0,-10.509933494431207,-4.501580611664277,0.0,0.1932909708428624,-5.134289438061037,0.43941785555389723
176144794.0,-10.509034591956981,-4.500681223465565,0.0,0.1934049196396874,-5.134244986596579,0.4401588434913237
178185249.0,-10.508153110103784,-4.499799255887858,0.0,0.19351844279163372,-5.134201521729578,0.44088382305008916
180249341.0,-10.507288723267024,-4.498934400673855,0.0,0.1936315738573366,-5.134159063650195,0.44159308911900397
182337343.0,-10.506440989607624,-4.498086181289879,0.0,0.19374439844588878,-5.134117571288227,0.44228699155245904
184449533.0,-10.505609554896099,-4.497254243506449,0.0,0.1938570013864824,-5.13407700685759,0.44296576196465753
186586190.0,-10.504793948687512,-4.49643815157324,0.0,0.19396939888037745,-5.134037359920462,0.4436298094668405
188747598.0,-10.503993846341622,-4.49563756350269,0.0,0.19408164222197688,-5.133998633729559,0.4442794280048931
190934044.0,-10.503208865210079,-4.4948520792991635,0.0,0.19419385053507557,-5.133960776832094,0.4449148469978521
193145818.0,-10.502438593759605,-4.494081304776663,0.0,0.19430604040712296,-5.133923792478622,0.4455364472948408
195383213.0,-10.501682707979352,-4.493324915924366,0.0,0.1944182457588962,-5.133887622642027,0.44614446095876564
197646525.0,-10.500940854945245,-4.492582542470862,0.0,0.194530568758407,-5.133852260203881,0.4467391489746093
199936056.0,-10.500212652826802,-4.491853837280311,0.0,0.19464304255169165,-5.133817742334951,0.4473208625029472
202252109.0,-10.499497749079719,-4.49113841311377,0.0,0.1947557357512445,-5.133783949756204,0.44788980089119107
204594990.0,-10.498795820427882,-4.490435946695137,0.0,0.1948687162045608,-5.133750950289015,0.44844628738931885
206965012.0,-10.498106514670024,-4.489746120517753,0.0,0.19498201704775395,-5.133718719844644,0.4489905822791367
209362487.0,-10.4974295088583,-4.489068559591843,0.0,0.19509575816308164,-5.133687173085532,0.44952285533060404
211787736.0,-10.49676445111428,-4.488402964080919,0.0,0.1952099044462477,-5.133656357566128,0.4500434890389572
214241078.0,-10.496111047880694,-4.487749005733078,0.0,0.19532459234991123,-5.133626252511841,0.4505526544288538
216722839.0,-10.495468976656227,-4.487106379394312,0.0,0.19543985538837533,-5.133596847514866,0.4510506127321784
219233349.0,-10.49483788600233,-4.486474733626096,0.0,0.19555572745213445,-5.133568053943593,0.45153759286535977
221772941.0,-10.494217511850852,-4.485853787012932,0.0,0.1956723106733783,-5.133539925954418,0.4520138282681083
224341951.0,-10.49360753210247,-4.485243234802825,0.0,0.19578963855675552,-5.133512453147845,0.4524795797882626
226940721.0,-10.493007653857273,-4.484642766748527,0.0,0.19590781322619946,-5.1334855671661925,0.4529349871914624
229569595.0,-10.492417613401432,-4.484052136483558,0.0,0.1960268512113668,-5.133459332525722,0.45338034483079764
232228921.0,-10.491837059924167,-4.483470975849791,0.0,0.1961468376682883,-5.133433633288588,0.45381581977050767
234919053.0,-10.491265700871047,-4.482899009640129,0.0,0.19626783999941735,-5.133408554224582,0.4542417045850363
237640348.0,-10.49070333098517,-4.482336015250337,0.0,0.19638989248074015,-5.133384051033128,0.45465814330205157
240393165.0,-10.490149599781962,-4.4817816595431665,0.0,0.19651309643306078,-5.133360089280955,0.4550653333047291
243177872.0,-10.489604244072384,-4.481235661982247,0.0,0.1966374691434543,-5.133336607689981,0.45546347656428315
245994836.0,-10.48906702981596,-4.4806978058744305,0.0,0.19676312889686395,-5.133313711304614,0.4558527765333125
248844432.0,-10.488537664940797,-4.480167781800501,0.0,0.1968901268900931,-5.133291342140182,0.456233433449585
251727038.0,-10.488015857467627,-4.479645297781174,0.0,0.19701851394367997,-5.133269428568602,0.456605616843747
254643035.0,-10.487501373613348,-4.479130120033337,0.0,0.19714837479038652,-5.133248055370078,0.4569695605463602
257592812.0,-10.486993979668851,-4.4786220495425635,0.0,0.19727974248858204,-5.133227106616718,0.457325314585572
260576758.0,-10.486493354848816,-4.478120730828866,0.0,0.1974127025476275,-5.133206663802126,0.4576732304256329
263595271.0,-10.485999294649478,-4.477625942041127,0.0,0.1975473739726758,-5.1331866755391475,0.45801335952534217
266648749.0,-10.485511565582318,-4.477137467038151,0.0,0.1976838071690134,-5.133167148405157,0.458345874197987
269737600.0,-10.485029876136343,-4.476655049003644,0.0,0.19782200128455324,-5.1331480550767115,0.4586710047885096
272862231.0,-10.484553992963917,-4.476178402547925,0.0,0.19796209303550283,-5.13312932720347,0.45898883162004067
276023058.0,-10.484083711822036,-4.475707358122689,0.0,0.19810416634995187,-5.133111114110637,0.4592995896379936
279220500.0,-10.483618770443021,-4.475241636112901,0.0,0.1982482384627707,-5.133093232063785,0.45960335748811093
282454981.0,-10.48315890662532,-4.474780974317013,0.0,0.1983944618866035,-5.133075803047891,0.45990036684427404
285726930.0,-10.482703916306036,-4.4743251686720935,0.0,0.19854285345321357,-5.1330587215271075,0.4601906994017959
289036781.0,-10.482253595473072,-4.473873997818721,0.0,0.19869354908605535,-5.133042044947837,0.4604744980430604
292384973.0,-10.48180765306296,-4.473427222735478,0.0,0.198846530545149,-5.133025745988324,0.4607519927076982
295771951.0,-10.48136588517599,-4.472984587480559,0.0,0.19900198537842356,-5.13300977658437,0.4610232037253841
299198163.0,-10.480928087959718,-4.472545922896264,0.0,0.19915991265993763,-5.132994170623844,0.4612883350676449
302664065.0,-10.48049399955006,-4.472110915076403,0.0,0.19932046602998554,-5.132978937997587,0.46154755689119853
306170115.0,-10.480063445223628,-4.471679458687038,0.0,0.19948367766849215,-5.13296405795843,0.4618009216029001
309716780.0,-10.47963616321682,-4.471251239922477,0.0,0.1996496503360322,-5.132949489526823,0.4620485992683105
313304529.0,-10.479211920846298,-4.470826060794097,0.0,0.19981845087934735,-5.132935211952503,0.4622907002790577
316933838.0,-10.478790572548801,-4.470403723696531,0.0,0.199990249852898,-5.13292128268813,0.46252730913869894
320605189.0,-10.478371827680686,-4.469983990028218,0.0,0.20016502894356855,-5.13290767441063,0.4627586554388434
324319068.0,-10.477955511740175,-4.469566667940029,0.0,0.20034292398098189,-5.1328943221153756,0.46298473019436626
328075970.0,-10.477541392222449,-4.469151507579764,0.0,0.20052407077142181,-5.1328813138453935,0.46320573549420685
331876391.0,-10.47712926568668,-4.468738322853952,0.0,0.2007085026284557,-5.132868578022803,0.46342175254039897
335720836.0,-10.47671892873227,-4.468326927709362,0.0,0.20089632065053925,-5.13285608026111,0.4636328319012082
339609815.0,-10.47631014898255,-4.46791705507457,0.0,0.20108766101337222,-5.132843922258119,0.4638392061701775
343543843.0,-10.47590272311998,-4.467508501632005,0.0,0.20128260822356275,-5.132831974506969,0.46404086465140326
347523444.0,-10.475496447865137,-4.467101064102257,0.0,0.2014812976568693,-5.132820372619145,0.46423801086001665
351549144.0,-10.475091090966586,-4.466694544928645,0.0,0.20168374518735777,-5.132808983784756,0.46443069366875334
355621477.0,-10.474686478235991,-4.466288735228067,0.0,0.20189013780527504,-5.132797838147579,0.46461896511423656
359740985.0,-10.474282377500801,-4.465883437522694,0.0,0.20210052526503833,-5.132786898025742,0.46480293523800753
363908212.0,-10.47387855663122,-4.465478350293209,0.0,0.2023151122574687,-5.132776299013486,0.46498283646281025
368123713.0,-10.47347484155325,-4.465073368855123,0.0,0.20253389687341328,-5.132765864070858,0.46515859834231843
372388045.0,-10.473071000215752,-4.464668226462544,0.0,0.20275706601042842,-5.132755684525415,0.46533039205244253
376701776.0,-10.472666887620267,-4.464262778116966,0.0,0.202984721020628,-5.132745709066503,0.46549820992890867
381065477.0,-10.472262184784384,-4.463856722183356,0.0,0.20321696282555912,-5.132735964512874,0.4656622795039589
385479727.0,-10.471856775788652,-4.463449925394874,0.0,0.20345394395502872,-5.132726464024039,0.4658225946741352
389945111.0,-10.47145042873884,-4.463042155857283,0.0,0.2036957657264266,-5.132717125720577,0.46597920413686267
394462222.0,-10.471042853788557,-4.462633123724133,0.0,0.20394256326683596,-5.132707993336549,0.46613230634558167
399031659.0,-10.470633964121994,-4.462222759527055,0.0,0.20419445438057388,-5.132699110673657,0.4662818967660249
403654028.0,-10.470223469974162,-4.4618107561536,0.0,0.2044515915178623,-5.132690399110541,0.46642805143907995
408329943.0,-10.469811168616994,-4.461396893528277,0.0,0.2047140932159649,-5.132681868517269,0.4665708817730233
413060024.0,-10.469396857361735,-4.46098100365714,0.0,0.20498209373181978,-5.132673535371223,0.4667104379822634
417844897.0,-10.468980304569108,-4.46056282020608,0.0,0.20525577973858256,-5.132665399205728,0.46684679926106354
422685198.0,-10.46856127864543,-4.460142146276198,0.0,0.20553523460609388,-5.132657456255845,0.46698007537354747
427581570.0,-10.468139635008555,-4.459718802590515,0.0,0.2058206279820794,-5.132649658497882,0.46711022792528745
432534660.0,-10.46771511315984,-4.459292563345186,0.0,0.2061120770608858,-5.1326420666471595,0.46723742624108694
437545127.0,-10.467287452653542,-4.458863133399614,0.0,0.2064098022873735,-5.132634622353702,0.4673616866667138
442613635.0,-10.466856480051238,-4.458430356662798,0.0,0.20671390424102204,-5.13262735244295,0.46748309153912865
447740857.0,-10.466421963986928,-4.457993984421226,0.0,0.20702458593369358,-5.132620259728692,0.46760168937376956
452927472.0,-10.465983644164341,-4.457553773726055,0.0,0.20734196481312225,-5.132613326806909,0.4677175882677349
458174169.0,-10.465541376262701,-4.457109580256515,0.0,0.2076662095274692,-5.132606539554706,0.46783074977072503
463481643.0,-10.465094813149927,-4.456661039533024,0.0,0.20799752296862173,-5.132599931384081,0.4679413688824324
468850599.0,-10.46464383958287,-4.456208053659849,0.0,0.20833605636599034,-5.132593457618126,0.4680493475922841
474281748.0,-10.464188137525259,-4.455750269905748,0.0,0.2086819959830036,-5.1325871177823545,0.4681548518935995
479775812.0,-10.463727475933776,-4.4552874919223635,0.0,0.2090355094544667,-5.132580962198706,0.46825796082187393
485333519.0,-10.46326168176769,-4.454819529321397,0.0,0.2093968164346937,-5.132574918909737,0.46835857315364965
490955606.0,-10.462790466150375,-4.454346110573671,0.0,0.20976601714606666,-5.1325690453180215,0.46845691759827957
496642820.0,-10.462313569246547,-4.453866923801434,0.0,0.21014343355484594,-5.13256330661655,0.46855294926026586
502395914.0,-10.461830789223187,-4.453381853909082,0.0,0.21052913025314085,-5.132557732909577,0.46864674874735124
508215651.0,-10.461341837407076,-4.4528905081383305,0.0,0.21092341341444262,-5.132552252264531,0.4687383307117545
514102804.0,-10.460846454167605,-4.452392713596111,0.0,0.21132641521156012,-5.1325469319181005,0.46882780311042976
520058154.0,-10.460344437871218,-4.451888216606223,0.0,0.21173837273394516,-5.132541744142394,0.46891515480222246
526082490.0,-10.459835471103705,-4.451376699754472,0.0,0.21215952170540742,-5.132536681432445,0.4690004599725619
532176612.0,-10.459319352377566,-4.450857996248303,0.0,0.21259004618415553,-5.1325317498991225,0.46908370746666317
538341328.0,-10.458795735484303,-4.450331742531671,0.0,0.21303016525424476,-5.132526969320407,0.46916506153449533
544577456.0,-10.458264419095403,-4.449797702580925,0.0,0.2134801491276718,-5.13252230160669,0.46924444989809416
550885823.0,-10.45772508613714,-4.449255594017362,0.0,0.21394019857748223,-5.132517769851596,0.4693219772567541
557267266.0,-10.457177477540194,-4.448705123076546,0.0,0.21441058361615384,-5.132513366498177,0.4693976598054759
563722631.0,-10.456621334323646,-4.448146082820067,0.0,0.21489150440469548,-5.132509100985888,0.46947151376112134
570252775.0,-10.456056281806429,-4.4475780465241925,0.0,0.21538323125046022,-5.132504918329635,0.46954364055498404
576858564.0,-10.455482148053196,-4.447000876948596,0.0,0.21588599839989947,-5.132500906008088,0.46961403065959667
583540875.0,-10.454898587538722,-4.446414193872846,0.0,0.21640010935076545,-5.132497029236798,0.4696827260131887
590300593.0,-10.454305254860536,-4.445817669242035,0.0,0.21692581548544132,-5.132493253238958,0.46974976851148237
597138615.0,-10.453701920503542,-4.445211073540875,0.0,0.2174633346681454,-5.1324895841850315,0.46981517597601025
604055849.0,-10.453088210360082,-4.44459403266169,0.0,0.21801301998415704,-5.132486071891416,0.4698790192455699
611053211.0,-10.452463837273203,-4.443966242099865,0.0,0.21857510641261868,-5.132482661417876,0.4699413129053923
618131631.0,-10.451828485273555,-4.44332740323355,0.0,0.21914989562237713,-5.132479399320382,0.470002100464452
625292048.0,-10.451181838524912,-4.442677165531158,0.0,0.21973770731956865,-5.132476267736127,0.4700613948854005
632535410.0,-10.450523552399758,-4.442015236407946,0.0,0.2203387913259971,-5.13247323528656,0.4701192075526198
639862679.0,-10.449853311348527,-4.4413412309238085,0.0,0.22095353558991565,-5.132470378991904,0.47017561247818135
647274827.0,-10.449170713192387,-4.440654816290196,0.0,0.22158213843171715,-5.132467572529525,0.4702306178076148
654772837.0,-10.448475471622721,-4.439955636807977,0.0,0.2222250551751423,-5.1324649606407355,0.4702842686576112
662357703.0,-10.447767184795156,-4.439243360023087,0.0,0.22288251764052014,-5.132462481352777,0.4703366036891742
670030433.0,-10.447045566726885,-4.438517613214489,0.0,0.2235549135924715,-5.132460103235104,0.4703875764281467
677792043.0,-10.446310187013385,-4.437778035368033,0.0,0.2242425759729004,-5.1324578963105205,0.4704372849695879
685643563.0,-10.445560673286803,-4.437024236768108,0.0,0.2249458227899716,-5.132455798625523,0.47048573906744184
693586035.0,-10.44479668228644,-4.436255839458569,0.0,0.2256650568718542,-5.1324538464390335,0.4705329501086141
701620513.0,-10.444017784220996,-4.435472430995523,0.0,0.2264006456352492,-5.132452062253117,0.47057898562234185
709748061.0,-10.44322360733938,-4.434673639627855,0.0,0.22715293988584326,-5.13245037384809,0.47062379433439006
717969759.0,-10.442413751204345,-4.433859082265731,0.0,0.2279223235621728,-5.132448881796211,0.47066747596830666
726286697.0,-10.441587786712345,-4.433028295110151,0.0,0.22870919854720548,-5.132447530685944,0.4707100370285861
734699977.0,-10.440745342806025,-4.43218088975572,0.0,0.22951398299430684,-5.132446299040659,0.4707514262906331
743210717.0,-10.439885961982915,-4.431316460743009,0.0,0.23033705919811545,-5.132445260110133,0.47079174016900655
751820045.0,-10.439009187019897,-4.430434498805482,0.0,0.23117886251940098,-5.132444375476972,0.4708310141520894
760529104.0,-10.438114618758593,-4.429534639480027,0.0,0.2320397751825307,-5.132443640528711,0.47086922586615204
769339047.0,-10.437201800543638,-4.428616408763326,0.0,0.23292028174372134,-5.132443070782585,0.470906380275541
778251045.0,-10.436270247143781,-4.427679304076118,0.0,0.23382083275602691,-5.1324426785378385,0.4709425417056942
787266279.0,-10.435319502535464,-4.426722869394558,0.0,0.2347418779509859,-5.132442462467361,0.47097771512181924
796385945.0,-10.43434913989682,-4.425746695244401,0.0,0.23568383247222036,-5.1324424348270785,0.47101190711045493
805611253.0,-10.43335861723981,-4.424750239637229,0.0,0.23664722981198832,-5.1324426177389,0.471045148289681
814943427.0,-10.432347450701013,-4.423732984013823,0.0,0.23763251958601567,-5.132442976093429,0.47107747249359455
824383705.0,-10.431315156788656,-4.422694462229902,0.0,0.2386402171601278,-5.132443532046148,0.4711088526561199
833933338.0,-10.430261223533002,-4.421634144967515,0.0,0.23967083842809261,-5.132444273919385,0.47113929052377856
843593594.0,-10.429185081656247,-4.420551480296465,0.0,0.2407248641987868,-5.132445251054607,0.47116890655935373
853365754.0,-10.428086248897204,-4.41944595125944,0.0,0.24180289433554925,-5.132446458332033,0.47119761273704397
863251114.0,-10.426964156861816,-4.418317024157742,0.0,0.242905357693204,-5.132447850469969,0.4712254686190267
873250986.0,-10.425818266484994,-4.417164125230266,0.0,0.2440329206795337,-5.132449520275047,0.47125247436524753
883366696.0,-10.424647981492916,-4.4159866755505455,0.0,0.24518604535786315,-5.132451378323251,0.47127865741483926
893599587.0,-10.423452763816549,-4.414784119701299,0.0,0.2463653798021552,-5.132453517541808,0.4713040180383527
903951014.0,-10.422231989393415,-4.413555850967525,0.0,0.24757148623703062,-5.132455919287252,0.4713285820826967
914422353.0,-10.420985063565917,-4.412301239995375,0.0,0.24880494457204194,-5.132458561575147,0.4713523770077238
925014990.0,-10.419711421081194,-4.411019721531409,0.0,0.25006641755293446,-5.1324614796621955,0.47137534057785124
935730333.0,-10.418410381974152,-4.409710632958004,0.0,0.251356482463841,-5.132464702218808,0.4713975867969632
946569802.0,-10.417081353400722,-4.408373346734579,0.0,0.25267581852829063,-5.132468247545522,0.47141908228264917
957534835.0,-10.415723627894248,-4.407007190090019,0.0,0.25402501812969996,-5.132472056362049,0.4714398481423279
968626886.0,-10.414336613951926,-4.405611519476732,0.0,0.2554048101844915,-5.132476180675164,0.4714598510139412
979847428.0,-10.41291957672197,-4.404185652086673,0.0,0.2568158187467385,-5.132480611647536,0.471479140814128
991197948.0,-10.411471926144687,-4.40272894581516,0.0,0.2582587880855365,-5.1324854182381605,0.47149768433746575
1002679950.0,-10.40999281371979,-4.40124056950938,0.0,0.25973439227446254,-5.132490547610646,0.4715155858268005
1014294960.0,-10.408481679770627,-4.399719946143909,0.0,0.2612433728652609,-5.132496071923719,0.4715327529145489
1026044520.0,-10.406937677511827,-4.398166228932643,0.0,0.2627864363793433,-5.132501924768976,0.4715492594569923
1037930190.0,-10.405360105037788,-4.396578698621011,0.0,0.2643644067896812,-5.132508201677749,0.47156509626705856
1049953540.0,-10.403748203788199,-4.394956613996047,0.0,0.2659779882226516,-5.132514883546171,0.47158028132747337
1062116160.0,-10.40210121617948,-4.393299217473488,0.0,0.2676279348312862,-5.1325219545596354,0.47159480225486433
1074419680.0,-10.400418356861396,-4.391605689005706,0.0,0.26931513532634893,-5.1325294693910015,0.47160864505894917
1086865720.0,-10.39869881278392,-4.389875215541809,0.0,0.27104037541909964,-5.132537445863279,0.47162185490236924
1099455940.0,-10.396941743257688,-4.388106956391489,0.0,0.27280447324182955,-5.132545874705697,0.47163444507237473
1112192000.0,-10.395146337501682,-4.386300100772569,0.0,0.27460826259089127,-5.132554793755882,0.47164643039241727
1125075590.0,-10.39331175717921,-4.384453810347379,0.0,0.276452626418865,-5.132564230569322,0.47165779380307854
1138108430.0,-10.391437136461143,-4.382567167240831,0.0,0.2783384985114905,-5.132574121666328,0.4716684559140055
1151292240.0,-10.389521524643875,-4.380639272792967,0.0,0.2802667238887976,-5.132584632707662,0.4716786360258953
1164628770.0,-10.387564116045882,-4.378669269276144,0.0,0.28223823352619204,-5.132595639520528,0.4716881367181911
1178119790.0,-10.385563934036202,-4.376656214754726,0.0,0.2842539709955578,-5.132607240026878,0.4716970542765976
1191767090.0,-10.383520089637377,-4.374599185553177,0.0,0.2863148804528904,-5.1326194043675475,0.4717053383614825
1205572480.0,-10.381431580582063,-4.372497144705863,0.0,0.28842200528712,-5.132632203280552,0.4717130532875664
1219537790.0,-10.379297463638943,-4.3703492010253715,0.0,0.290576266824474,-5.132645673926706,0.47172020607685905
1233664880.0,-10.37711673985571,-4.36815432086073,0.0,0.2927786881860063,-5.13265977928123,0.47172677023449433
1247955610.0,-10.374888412045964,-4.365911507024161,0.0,0.2950303231158834,-5.132674549585948,0.4717327194459061
1262411890.0,-10.372611427490991,-4.363619654749449,0.0,0.297332241928173,-5.132690011515622,0.471738114838005
1277035630.0,-10.370284735401166,-4.361277765290794,0.0,0.2996855094696859,-5.132706262193961,0.47174298743347987
1291828760.0,-10.367907344289236,-4.358884812462021,0.0,0.3020912082356702,-5.13272321063213,0.4717471899344377
1306793260.0,-10.365478092762245,-4.356439600170831,0.0,0.30455050231261815,-5.132741000656559,0.4717508981731073
1321931110.0,-10.362995907591033,-4.353941089883255,0.0,0.3070644674618566,-5.13275957795074,0.4717540206056287
1337244320.0,-10.360459631851375,-4.351388089975527,0.0,0.3096343133953118,-5.132778985339371,0.47175658196853126
1352734910.0,-10.357868139623804,-4.348779474525955,0.0,0.31226119608102165,-5.132799248853427,0.47175857824644674
1368404950.0,-10.355220307395046,-4.346114120018903,0.0,0.3149463190689369,-5.132820414497513,0.47175997540967524
1384256510.0,-10.352514842514138,-4.343390699103184,0.0,0.31769095137680436,-5.1328425311959816,0.4717608807159935
1400291690.0,-10.349750598066397,-4.340608047512652,0.0,0.32049632529560257,-5.132865571100419,0.4717611982921643
1416512620.0,-10.346926372651037,-4.337764998541493,0.0,0.3233636849949057,-5.132889602929066,0.4717609193926685
1432921450.0,-10.34404085337904,-4.33486018725099,0.0,0.32629437516924514,-5.132914682210824,0.4717601197905871
1449520370.0,-10.341092816136918,-4.331892389524667,0.0,0.3292897020228355,-5.1329408204010765,0.4717587288535719
1466311560.0,-10.338080868484864,-4.328860195570375,0.0,0.33235098584159595,-5.132967998963211,0.471756817551239
1483297270.0,-10.335003792655975,-4.325762404967028,0.0,0.33547962573202533,-5.132996346092169,0.47175431539311447
1500479730.0,-10.331860202862382,-4.322597579875952,0.0,0.3386770199769903,-5.133025832915309,0.471751233062372
1517861240.0,-10.328648716891013,-4.319364372778473,0.0,0.3419445597212581,-5.1330565136003266,0.4717475811005956
1535444090.0,-10.325367927681235,-4.316061289864446,0.0,0.3452837371240485,-5.133088455788708,0.47174342880021636
1553230630.0,-10.322016488999948,-4.3126870542934,0.0,0.34869596765815625,-5.13312162959481,0.4717386076432504
1571223200.0,-10.318592887500921,-4.309240083317738,0.0,0.35218281804622603,-5.133156172446301,0.4717332710823362
1589424200.0,-10.315095699498674,-4.305718953247665,0.0,0.3557457479152009,-5.133192037284976,0.47172733612211015
1607836030.0,-10.311523391658389,-4.302122130743285,0.0,0.35938632911170454,-5.1332293241165825,0.4717208642615905
1626461150.0,-10.307874492044913,-4.29844812651535,0.0,0.3631061294452228,-5.133268025608206,0.4717137696476334
1645302020.0,-10.304147447978272,-4.2946953358301965,0.0,0.3669067965061984,-5.133308244329909,0.47170611199351314
1664361150.0,-10.30034071157983,-4.2908622455026695,0.0,0.37078988605574986,-5.133349992605353,0.4716978610469311
1683641050.0,-10.296452626271034,-4.286947146899805,0.0,0.37475711849994847,-5.1333932755111755,0.4716890101114196
1703144290.0,-10.292481682815449,-4.282948548128619,0.0,0.37881013944448594,-5.133438218195438,0.47167953062233375
1722873460.0,-10.288426121656345,-4.278864637577209,0.0,0.38295069124250825,-5.133484858459232,0.47166952963951414
1742831170.0,-10.284284387702225,-4.274693860147228,0.0,0.3871804751336607,-5.133533160614111,0.47165882533322295
1763020070.0,-10.280054732933529,-4.270434450462285,0.0,0.39150128635614323,-5.133583261847133,0.4716475250287077
1783442830.0,-10.27573541548878,-4.266084649303825,0.0,0.39591493044747783,-5.133635225403462,0.47163564565216054
1804102170.0,-10.27132472815099,-4.261642749447002,0.0,0.4004231557554611,-5.133689021451983,0.471623116249522
1825000830.0,-10.266820913564485,-4.257106906778154,0.0,0.4050279397226591,-5.133744828875324,0.47160998237451235
1846141580.0,-10.262222136140586,-4.2524753377501705,0.0,0.4097310475077286,-5.133802550459996,0.4715961652020972
1867527220.0,-10.257526567426329,-4.247746161850641,0.0,0.41453445677510975,-5.133862324122152,0.4715817054964009
1889160600.0,-10.25273238631917,-4.242917557967729,0.0,0.41944006893792773,-5.133924241158327,0.4715666142526719
1911044570.0,-10.247837722643302,-4.237987603864893,0.0,0.4244498625743867,-5.133988306072293,0.47155083963301714
1933182040.0,-10.242840657626516,-4.2329543634089974,0.0,0.42956583921024366,-5.1340545889280556,0.47153438630881306
1955575960.0,-10.237739224206786,-4.2278158868776305,0.0,0.43478997369974426,-5.134123146151175,0.47151728557379785
1978229290.0,-10.232531548495835,-4.222570230969207,0.0,0.4401243847440943,-5.134194040389416,0.47149942467611317
2001145030.0,-10.22721559604535,-4.217215343872388,0.0,0.44557112952708466,-5.1342673930170495,0.471480919617575
2024326230.0,-10.221789341598395,-4.211749182966803,0.0,0.4511323216771698,-5.134343182640642,0.47146167799667044
2047775950.0,-10.216250797492439,-4.206169760576596,0.0,0.4568100475622191,-5.134421536403465,0.47144172826465075
2071497320.0,-10.210597873181168,-4.200474934089319,0.0,0.46260650094876765,-5.13450249746723,0.47142106242914505
2095493480.0,-10.204828516420354,-4.194662616543768,0.0,0.46852391357486506,-5.134586175236517,0.4713996451178867
2119767600.0,-10.198940572898836,-4.188730618911157,0.0,0.47456447295631854,-5.134672585229213,0.4713774933617381
2144322920.0,-10.192931927435014,-4.182676843344496,0.0,0.48073041823436813,-5.13476182847965,0.47135456690078964
2169162690.0,-10.186800447831683,-4.176499088224951,0.0,0.487024030447302,-5.1348539720834765,0.47133085341122727
2194290190.0,-10.180543929355185,-4.170195131449217,0.0,0.4934476248095518,-5.1349490925607935,0.4713063363020219
2219708780.0,-10.17416012327839,-4.163762689568514,0.0,0.5000035210323874,-5.13504726550785,0.47128105490695094
2245421810.0,-10.167646849451113,-4.15719956506056,0.0,0.5066940574596187,-5.135148584997687,0.47125496247750803
2271432700.0,-10.161001856429932,-4.15050345440693,0.0,0.5135216426367047,-5.13525307591482,0.4712279788711845
2297744900.0,-10.15422282213693,-4.1436720008034795,0.0,0.5204886862477759,-5.135360913030842,0.47120022597958566
2324361900.0,-10.14730749428181,-4.136702934584547,0.0,0.5275975987921113,-5.135472125428898,0.47117159205224385
2351287230.0,-10.140253522920846,-4.129593853726458,0.0,0.5348508593165899,-5.135586790925871,0.47114207788282125
2378524460.0,-10.133058572847482,-4.122342405644327,0.0,0.54225092921782,-5.135705019118442,0.4711116842562962
2406077210.0,-10.125720296026838,-4.114946190219562,0.0,0.5498003211271689,-5.1358268922008055,0.4710803808540729
2433949130.0,-10.118236304374504,-4.107402767282747,0.0,0.557501579801964,-5.135952510932799,0.47104816384808895
2462143920.0,-10.110604197989947,-4.09970973690228,0.0,0.5653571971925565,-5.136081903169039,0.47101496907420076
2490665310.0,-10.102821510308699,-4.091864528367093,0.0,0.573369832833631,-5.136215235936219,0.47098087473549144
2519517090.0,-10.094885875309789,-4.083864810327413,0.0,0.5815419891908612,-5.136352587298489,0.47094578778021695
2548703090.0,-10.086794833323882,-4.075708018962329,0.0,0.5898763535605913,-5.1364940401163555,0.47090966759343433
2578227180.0,-10.078545887552046,-4.0673916400826515,0.0,0.5983754909074139,-5.136639718983887,0.4708725879938175
2608093280.0,-10.070136559965782,-4.058913143561174,0.0,0.607042077970086,-5.136789668784589,0.470834447253332
2638305350.0,-10.061564364211348,-4.05027000829625,0.0,0.6158787859609491,-5.13694408254774,0.47079528829053635
2668867390.0,-10.052826806039885,-4.041459653229278,0.0,0.6248883005478233,-5.137102989731115,0.4707550359540164
2699783460.0,-10.043921383954043,-4.0324795594627165,0.0,0.6340732808803656,-5.137266512150629,0.4707136718075512
2731057660.0,-10.034845562260275,-4.023327121840159,0.0,0.6434364801094988,-5.137434835266994,0.4706712333173368
2762694140.0,-10.025596771822547,-4.013999736466256,0.0,0.6529805934804307,-5.137607967983219,0.4706276380365322
2794697100.0,-10.016172520733253,-4.0044948419642825,0.0,0.6627083432593499,-5.137786079740626,0.4705828945169988
2827070770.0,-10.00657022980402,-3.994809789672093,0.0,0.6726225076280556,-5.137969244200532,0.4705369469003813
2859819470.0,-9.996787398233058,-3.984942061373201,0.0,0.6827257715326409,-5.138157633901591,0.4704898009957506
2892947520.0,-9.986821439268786,-3.9748889487723646,0.0,0.6930209623624272,-5.138351338580305,0.470441427445509
2926459330.0,-9.976669818296473,-3.9646479171867357,0.0,0.7035107756102961,-5.138550491737238,0.47039179894020516
2960359340.0,-9.966329998507089,-3.9542163256085288,0.0,0.7141980155583044,-5.138755227835294,0.47034088666846224
2994652040.0,-9.955799441468988,-3.94359158346647,0.0,0.7250854226995478,-5.1389656379877104,0.4702886318216914
3029341990.0,-9.945075553305323,-3.9327710100291053,0.0,0.7361757915288124,-5.139181917092901,0.47023511553498576
3064433780.0,-9.934155903807527,-3.921752140293524,0.0,0.7474718511127754,-5.139404129930662,0.47018013852435897
3099932080.0,-9.923037899232499,-3.910532276296499,0.0,0.7589763699283598,-5.1396324833334495,0.47012383710858946
3135841590.0,-9.91171908339034,-3.8991089096874667,0.0,0.7706920815661769,-5.139867057295957,0.4700660660423124
3172167080.0,-9.900196919910872,-3.8874793998633494,0.0,0.7826217719986929,-5.140108018568215,0.47000684670617027
3208913350.0,-9.88846895652003,-3.875641242377385,0.0,0.7947681272357308,-5.140355516600708,0.4699461469875951
3246085300.0,-9.87653271672639,-3.863591856491047,0.0,0.8071338843889835,-5.140609672120436,0.46988393124040656
3283687840.0,-9.864385808759383,-3.8513287635346236,0.0,0.8197217770581793,-5.1408706804984465,0.46982013990564475
3321725970.0,-9.852025791067586,-3.838849487121479,0.0,0.8325344212011082,-5.141138702431412,0.46975479410882126
3360204730.0,-9.839450280850318,-3.8261514707518747,0.0,0.8455745526489944,-5.1414138261717754,0.46968780277090955
3399129230.0,-9.82665692777468,-3.8132323292408903,0.0,0.8588447643825583,-5.141696283666086,0.4696191900426403
3438504630.0,-9.813643387561642,-3.800089596662927,0.0,0.8723477001828005,-5.141986161050706,0.4695488642049781
3478336160.0,-9.800407456717524,-3.7867209999409734,0.0,0.8860859621019812,-5.142283760080772,0.4694767980378157
3518629080.0,-9.786946777676512,-3.773124042484193,0.0,0.9000620744457195,-5.142589127356594,0.4694030104266838
3559388770.0,-9.773259242175413,-3.759296529065849,0.0,0.914278612570212,-5.142902475957629,0.46932733432157026
3600620610.0,-9.759342588879017,-3.74523609402063,0.0,0.9287380211310959,-5.143224020262447,0.4692499051107202
3642330080.0,-9.745194779540252,-3.730940594756647,0.0,0.9434427682228318,-5.143553891494631,0.4691705285151507
3684522700.0,-9.730813757478717,-3.7164078355201657,0.0,0.9583952547815139,-5.1438923254106195,0.4690892351089407
3727204090.0,-9.716197422595254,-3.7016355944806563,0.0,0.9735978710023945,-5.144239460137163,0.46900599465411114
3770379900.0,-9.701343897519973,-3.68662190724496,0.0,0.989052885024801,-5.1445955242979435,0.4689207320281827
3814055850.0,-9.686251288204927,-3.6713647059248924,0.0,1.0047626264524694,-5.14496070197163,0.4688333695942708
3858237750.0,-9.670917737626645,-3.655862029082524,0.0,1.0207292674001907,-5.145335211322646,0.46874391483993216
3902931450.0,-9.65534150540795,-3.640112014546801,0.0,1.0369549248202117,-5.1457192638451685,0.4686523244781585
3948142870.0,-9.639520888745846,-3.6241128029844027,0.0,1.0534417391581226,-5.146113098008593,0.4685585558660646
3993878030.0,-9.623454301064946,-3.607862651265549,0.0,1.0701917005104573,-5.14651683968879,0.46846248791278494
4040142980.0,-9.607140193742502,-3.5913598889193814,0.0,1.087206783332795,-5.146930784535908,0.4683641122837322
4086943860.0,-9.590577082011759,-3.5746028398580423,0.0,1.10448888109794,-5.147355143401513,0.4682634224455301
4134286880.0,-9.573763649731411,-3.5575900660461874,0.0,1.1220397749958249,-5.147790178199575,0.4681603371575622
4182178320.0,-9.556698618448998,-3.5403201497536223,0.0,1.1398611593737655,-5.148236057371994,0.4680547482446036
4230624540.0,-9.539380773117506,-3.522791632447655,0.0,1.1579547744653542,-5.148693067924733,0.46794666101172694
4279631950.0,-9.521809092394461,-3.5050033708153188,0.0,1.1763220892811967,-5.149161440346552,0.46783598025003315
4329207060.0,-9.503982565593335,-3.486954162717752,0.0,1.194964629911858,-5.149641457338211,0.46772266470860036
4379356450.0,-9.485900322708057,-3.4686429466630915,0.0,1.2138837582394109,-5.150133385355308,0.46760668045280457
4430086770.0,-9.467561581751628,-3.450068749146432,0.0,1.2330807482397317,-5.150637413349934,0.4674879159637706
4481404750.0,-9.44896569990968,-3.431230753165295,0.0,1.252556754111648,-5.15115385517391,0.4673663478969647
4533317190.0,-9.430112172686911,-3.4121282452687733,0.0,1.2723128774568218,-5.151683027915688,0.46724190519009234
4585830980.0,-9.411000581423918,-3.392760563069412,0.0,1.2923500932068883,-5.152225178212774,0.4671145219364733
4638953100.0,-9.391630644133684,-3.373127232906276,0.0,1.312669238247688,-5.152780582114169,0.4669841109602054
4692690570.0,-9.372002188312862,-3.3532278731964786,0.0,1.3332710369523435,-5.153349529038093,0.4668506188892721
4747050540.0,-9.352115253081152,-3.333062261825294,0.0,1.3541561367101922,-5.153932347616572,0.46671394908108543
4802040220.0,-9.331969908145597,-3.312630259321619,0.0,1.3753250046726055,-5.154529323971451,0.46657405997722723
4857666890.0,-9.311566431311542,-3.291931864782607,0.0,1.3967780654989097,-5.1551408254514755,0.4664308951699605
4913937940.0,-9.290905205676001,-3.2709672346485057,0.0,1.4185155212344118,-5.155767105943294,0.466284350060373
4970860840.0,-9.269986844598808,-3.249736738194531,0.0,1.4405374525039987,-5.156408549674633,0.4661343589761039
5028443120.0,-9.248812012187775,-3.2282406911544648,0.0,1.4628439208797301,-5.157065419027439,0.4659808069932465
5086692440.0,-9.227381599415605,-3.206479809769223,0.0,1.485434677944864,-5.157738132695711,0.4658236449816236
5145616510.0,-9.205696620626107,-3.1844547598653774,0.0,1.5083094557446257,-5.158426993264538,0.4656627776545316
5205223160.0,-9.183758262131873,-3.1621664312741258,0.0,1.5314678160563278,-5.159132393543326,0.465498146212871
5265520290.0,-9.161567904757218,-3.1396159082576247,0.0,1.5549091457653939,-5.159854679093136,0.46532962507011916
5326515900.0,-9.139127072132796,-3.116804417800191,0.0,1.5786326737628742,-5.160594240016795,0.4651571484537293
5388218090.0,-9.116437452342556,-3.0937332991228765,0.0,1.6026375249556304,-5.1613514600935435,0.46498063601503814
5450635020.0,-9.093500946003601,-3.070404138633549,0.0,1.6269226214171364,-5.162126726912581,0.46479996686189384
5513775000.0,-9.070319588636531,-3.046818588033578,0.0,1.6514868032048202,-5.1629204213320605,0.46461503009366123
5577646380.0,-9.046895646940559,-3.0229785996004557,0.0,1.6763286200863348,-5.163732999626131,0.4644257799393397
5642257650.0,-9.02323154198011,-2.9988862277314174,0.0,1.7014465279416047,-5.164564833756023,0.46423207808300054
5707617380.0,-8.999329895202182,-2.9745436749422476,0.0,1.7268388910582995,-5.165416364290678,0.46403379829013003
5773734220.0,-8.97519350051368,-2.9499533855961637,0.0,1.752503749379391,-5.166288039398564,0.463830904423012
5840616970.0,-8.950825346190966,-2.9251178940019065,0.0,1.778439180510443,-5.167180344141277,0.4636232696289266
5908274480.0,-8.92622868411567,-2.900040119596887,0.0,1.8046428351255823,-5.168093635908213,0.46341068118574325
5976715730.0,-8.901406806895473,-2.8747228311812107,0.0,1.8311124379899304,-5.169028457536388,0.4631931883652458
6045949810.0,-8.876363409248373,-2.8491693733279955,0.0,1.8578453691725332,-5.169985300804408,0.46297055830387895
6115985890.0,-8.851102219819483,-2.8233829331376157,0.0,1.8848389483524115,-5.1709645977683225,0.46274271627829566
6186833260.0,-8.825627240287513,-2.7973671270185645,0.0,1.9120902313635104,-5.171966888278168,0.46250952989609306
6258501330.0,-8.79994269150287,-2.7711256338768586,0.0,1.9395961725553175,-5.172992663523273,0.4622708570910994
6330999600.0,-8.774052915272504,-2.7446623402991093,0.0,1.9673534832079873,-5.174042414798046,0.4620265912909471
6404337690.0,-8.74796258353519,-2.7179813584453214,0.0,1.9953587850324153,-5.175116742457918,0.4617765989801769
6478525330.0,-8.721676433417855,-2.6910869523716636,0.0,2.0236084227746916,-5.176216127891341,0.4615207527449908
6553572350.0,-8.695199547348357,-2.663983609445737,0.0,2.052098677039856,-5.177341161638679,0.4612588751530815
6629488710.0,-8.668537111108886,-2.63667600708186,0.0,2.0808255461444998,-5.178492451898549,0.46099089867218856
6706284480.0,-8.641694575809915,-2.6091689833747282,0.0,2.109784941747553,-5.179670500905495,0.4607165757832159
6783969860.0,-8.61467753514127,-2.581467553483156,0.0,2.138972526902617,-5.180875902730023,0.46043582234424724
6862555140.0,-8.587491814139547,-2.553576928796397,0.0,2.1683838719102564,-5.18210934757624,0.4601485468695853
6942050750.0,-8.560143512606684,-2.525502595132102,0.0,2.1980143147682436,-5.183371390681161,0.4598544807808186
7022467230.0,-8.532638835232877,-2.4972500906313004,0.0,2.227859059286469,-5.184662666073684,0.459553516155916
7103815260.0,-8.504984250474523,-2.4688252342201333,0.0,2.2579131233574765,-5.185983825263082,0.45924546768546964
7186105610.0,-8.477186393656792,-2.4402339938851547,0.0,2.2881713515983977,-5.18733553504207,0.4589301895585186
7269349220.0,-8.449252107660868,-2.4114824751219794,0.0,2.3186284987665067,-5.188718503996781,0.4586075301082976
7353557120.0,-8.421188460877966,-2.38257704328185,0.0,2.3492790769358063,-5.19013335621877,0.45827723600110826
7438740480.0,-8.393002674014582,-2.3535241981494908,0.0,2.38011743903696,-5.191580827677161,0.4579391904907076
7524910600.0,-8.364702206744127,-2.324330573499473,0.0,2.4111378841233924,-5.1930616340806175,0.457593176457751
7612078910.0,-8.336294638530816,-2.2950030442269793,0.0,2.442334422301887,-5.194576530386257,0.4572390638573963
7700256980.0,-8.30778784672148,-2.2655486084158434,0.0,2.4737010622390607,-5.196126248543779,0.4568765778888769
7789456500.0,-8.279189773352684,-2.2359744501175842,0.0,2.5052315331483705,-5.19771153574228,0.45650555247632474
7879689300.0,-8.250508602936105,-2.2062878210520993,0.0,2.5369195723833915,-5.199333212362357,0.45612581892686355
7970967360.0,-8.221752757789227,-2.1764963493992298,0.0,2.5687586166021097,-5.200992076360666,0.4557371103593252
8063302780.0,-8.192930689476,-2.146607535085882,0.0,2.6007421155893344,-5.202688869964658,0.4553392192894409
8156707810.0,-8.164051189960945,-2.1166292699214844,0.0,2.6328633146622376,-5.204424549345079,0.4549319647613564
8251194840.0,-8.135123073612844,-2.086569415043208,0.0,2.665115376581568,-5.206199850575689,0.45451505895091415
8346776400.0,-8.106155396586411,-2.056436072502299,0.0,2.697491320700778,-5.2080156997424325,0.45408830653935667
8443465180.0,-8.077157339706304,-2.0262373984007427,0.0,2.7299840970892006,-5.209873001034938,0.45365150554499345
8541274000.0,-8.048138295444478,-1.9959817943747038,0.0,2.762586498889823,-5.211772627713743,0.4532043344492182
8640215830.0,-8.019107751703315,-1.9656776867437582,0.0,2.795291232983554,-5.213715500213038,0.4527465804857245
8740303800.0,-7.990075333271989,-1.9353336376309245,0.0,2.828090955473568,-5.2157025944548625,0.452278001350369
8841551190.0,-7.961050842091818,-1.9049583154143428,0.0,2.860978206129002,-5.217734826240175,0.45179830469682775
8943971420.0,-7.932044209684777,-1.8745605517204431,0.0,2.8939454462017156,-5.21981323650226,0.45130723858009697
9047578090.0,-7.903065494215564,-1.844149233776269,0.0,2.9269850409623444,-5.2219387739050305,0.4508044991664168
9152384930.0,-7.874124855804907,-1.8137333319599964,0.0,2.9600893360284153,-5.224112488732517,0.4502898207441059
9258405850.0,-7.845232618978751,-1.7833219796441513,0.0,2.9932505555014273,-5.226335445917342,0.4497629107717612
9365654920.0,-7.816399161325442,-1.7529242919452692,0.0,3.0264609001206737,-5.2286086598013455,0.4492234677353995
9474146350.0,-7.787635019796123,-1.722549506836935,0.0,3.0597125644740646,-5.230933256669928,0.4486711853589297
9583894540.0,-7.758950866271384,-1.6922070479239901,0.0,3.09299760287351,-5.233310380332843,0.4481057295353407
9694914060.0,-7.730357335456991,-1.6619061427140744,0.0,3.126308129471649,-5.23574106884912,0.4475267966633971
9807219620.0,-7.701865299769834,-1.6316563593438473,0.0,3.1596361564066062,-5.238226554076961,0.4469340383265038
9920826120.0,-7.67348565485414,-1.601467182419516,0.0,3.192973695465999,-5.240767995254715,0.4463271173691984
10035748600.0,-7.645229363041377,-1.5713481262043405,0.0,3.226312775534445,-5.243366566190489,0.4457056644517002
10152002400.0,-7.617107470746837,-1.5413087868531319,0.0,3.2596453968057775,-5.2460235310980154,0.44506934743910553
10269602900.0,-7.589131131541382,-1.5113587954555994,0.0,3.2929635660955636,-5.248740142319157,0.4444177807679931
10388565600.0,-7.561311477778618,-1.4815078119085354,0.0,3.3262592478413024,-5.251517648443037,0.4437505886932039
10508906400.0,-7.533659789644269,-1.4517654840017093,0.0,3.3595245030272207,-5.254357353714191,0.44306736668526436
10630641200.0,-7.5061873269225625,-1.4221415413739777,0.0,3.392751323155464,-5.257260604839217,0.4423677403097745
10753786200.0,-7.478905456417065,-1.3926456603968038,0.0,3.4259318097716602,-5.260228730558257,0.4416512603897913
10878357700.0,-7.451825526252836,-1.3632875832734423,0.0,3.4590580011495087,-5.2632630917337595,0.4409175073108076
11004372200.0,-7.424958930461437,-1.334076937442096,0.0,3.4921221053168865,-5.266365156309954,0.4401661135509691
11131846500.0,-7.398317109720599,-1.305023498741054,0.0,3.525116237308976,-5.269536284802252,0.4393965487522225
11260797500.0,-7.371911532091965,-1.2761368917865288,0.0,3.558032698993048,-5.2727780104474,0.43860841966782393
11391242200.0,-7.345753676002801,-1.247426853028388,0.0,3.590863698472832,-5.276091740361365,0.4378011888601454
11523197900.0,-7.3198549899507555,-1.2189029274403638,0.0,3.6236016816825045,-5.279479039563738,0.4369744304408695
11656682300.0,-7.294226997994703,-1.1905748016461009,0.0,3.656239022157348,-5.282941444310873,0.4361276205074204
11791712900.0,-7.268881160236868,-1.162451971345204,0.0,3.688768259253968,-5.286480466949762,0.43526023635058725
11928307700.0,-7.243828956992098,-1.1345440006286094,0.0,3.7211819786027966,-5.2900977605380515,0.43437178130664444
12066484800.0,-7.219081911347583,-1.106860421553214,0.0,3.7534728639665844,-5.293795007578477,0.43346172205868083
12206262600.0,-7.194651434290693,-1.0794105789622503,0.0,3.7856336960431367,-5.2975737540847545,0.43252947907936945
12347659500.0,-7.170549005607047,-1.0522039164962527,0.0,3.817657358796593,-5.3014357762877236,0.4315745009948778
12490694400.0,-7.146786021919892,-1.025249701449916,0.0,3.8495368461237724,-5.305382737485312,0.4305961899116223
12635386200.0,-7.1233738778282385,-0.9985571758798119,0.0,3.8812652576045896,-5.3094164038038265,0.4295939703194255
12781754100.0,-7.100323972635316,-0.9721355630742212,0.0,3.9128358292967453,-5.313538574968447,0.42856718259747933
12929817500.0,-7.077647594852995,-0.9459939166055567,0.0,3.9442418872640217,-5.317751027380889,0.4275152235113112
13079596000.0,-7.055356047106268,-0.9201412800956013,0.0,3.975476888410474,-5.322055656382579,0.42643748787650343
13231109600.0,-7.033460592216229,-0.8945866154036263,0.0,4.006534445634574,-5.326454282230434,0.42533322119223144
13384378400.0,-7.011972398719354,-0.8693387301955571,0.0,4.037408286493024,-5.330948822426067,0.4242018057374885
13539422600.0,-6.990902646449327,-0.8444064360190322,0.0,4.068092274947018,-5.335541247432536,0.4230425364664809
13696262800.0,-6.970262472355308,-0.8197984233009442,0.0,4.098580466681289,-5.340233529894514,0.4218546399122794
13854919800.0,-6.950062861047627,-0.7955232043720117,0.0,4.128866997807626,-5.3450276324764046,0.4206374302967675
14015414800.0,-6.930314863743807,-0.7715893497037949,0.0,4.158946162477061,-5.349925608339613,0.41939009615875494
14177768900.0,-6.911029391937844,-0.7480052106338491,0.0,4.188812457218284,-5.354929539791268,0.41811187193913546
14342003700.0,-6.892217322548866,-0.7247790593439998,0.0,4.218460487133314,-5.360041505614054,0.4168019591367442
14508140900.0,-6.87388948227281,-0.7019191081298883,0.0,4.247885035908128,-5.365263691995913,0.4154595479578935
14676202800.0,-6.856056619294717,-0.679433427691897,0.0,4.277081027101035,-5.370598206078001,0.4140837512850668
14846211400.0,-6.838729426913166,-0.6573300056467467,0.0,4.306043571863938,-5.376047265802418,0.41267368829173473
15018189400.0,-6.821918514616114,-0.635616664039522,0.0,4.334767963164263,-5.381613146738501,0.4112285195347174
15192159600.0,-6.805634415090531,-0.614301154342637,0.0,4.3632496157623715,-5.387298056505876,0.40974728640087005
15368145100.0,-6.789887666380049,-0.5933912037900096,0.0,4.391484118480689,-5.3931043381622565,0.40822901589155425
15546169200.0,-6.774688650351209,-0.5728942646631945,0.0,4.419467264888756,-5.399034318345541,0.4066727887935915
15726255500.0,-6.7600476940839735,-0.5528177569099401,0.0,4.447194992966003,-5.4050903751225015,0.4050776252465577
15908427900.0,-6.745975134909143,-0.5331690617758512,0.0,4.474663398014795,-5.4112748867995535,0.4034424270089041
16092710600.0,-6.732481119513226,-0.5139553025397048,0.0,4.50186877798037,-5.41759030545771,0.40176622493763386
16279128000.0,-6.719575858606514,-0.49518365186413493,0.0,4.528807586477508,-5.42403907045966,0.40004783211801725
16467704900.0,-6.70726938795476,-0.4768610567087556,0.0,4.555476442638063,-5.430623708369078,0.39828620902226275
16658466200.0,-6.695571710033562,-0.4589943437039529,0.0,4.581872194248499,-5.437346767369586,0.3964802294171367
16851437300.0,-6.684492762928436,-0.44159032982369584,0.0,4.607991728937343,-5.4442107386582395,0.39462867989720096
17046643800.0,-6.674042448411147,-0.4246556539421249,0.0,4.633832260432609,-5.451218271502586,0.3927303571278557
17244111600.0,-6.664230544606227,-0.4081968669366458,0.0,4.659391051557376,-5.458372001272602,0.39078408277858073
17443866800.0,-6.655066828360896,-0.3922204107380588,0.0,4.684665615731239,-5.465674517713083,0.3887884912437895
17645936000.0,-6.646560932414585,-0.3767325817716558,0.0,4.709653605938008,-5.473128582238824,0.3867423945291637
17850345900.0,-6.638722521934727,-0.3617396711167663,0.0,4.734352825101005,-5.480736854731836,0.3846443585140638
18057123700.0,-6.6315611345938485,-0.34724778592314776,0.0,4.758761250977561,-5.488502102306483,0.3824930654057723
18266296800.0,-6.625086300473271,-0.3332629505322094,0.0,4.782877060369102,-5.4964270948681975,0.3802870839668859
18477893000.0,-6.619307439018264,-0.3197911101019535,0.0,4.806698538604356,-5.504514608487268,0.37802495978095824
18691940300.0,-6.614233940246759,-0.3068380676525117,0.0,4.8302241677105595,-5.5127674739141055,0.37570523855103316
18908467100.0,-6.6098751922863785,-0.29440965419112664,0.0,4.8534525718882975,-5.521188554456696,0.3733263283772717
19127502100.0,-6.606240440745931,-0.28251147960988404,0.0,4.87638250864756,-5.529780694210862,0.3708867059534162
19349074500.0,-6.6033389260821895,-0.27114906895164836,0.0,4.89901297845371,-5.538546833586663,0.36838478618130177
19573213500.0,-6.601179854820348,-0.2603279226423177,0.0,4.9213430599815275,-5.547489842123111,0.3658188594992663
19799949000.0,-6.5997723888334505,-0.2500534509265068,0.0,4.943371970735117,-5.556612687557547,0.3631872658959239
20029310900.0,-6.599125653105288,-0.24033101676300447,0.0,4.965099099859793,-5.565918334279832,0.36048821765703515
20261329800.0,-6.599248669368734,-0.23116574204926316,0.0,4.9865240189017195,-5.5754097315826225,0.35771997063164174
20496036400.0,-6.600150493686426,-0.22256284275897226,0.0,5.007646372457428,-5.585089906926014,0.3548806917096082
20733461800.0,-6.6018401316661475,-0.2145274349395407,0.0,5.028465963183359,-5.594961832277008,0.3519684341541071
20973637500.0,-6.604326527393146,-0.20706448623146673,0.0,5.0489827449085425,-5.605028580126526,0.3489813489865174
21216595400.0,-6.607618645362212,-0.20017896908763097,0.0,5.06919682881686,-5.615293134583226,0.34591733667873353
21462367700.0,-6.611725348092113,-0.19387571922996072,0.0,5.089108418307715,-5.625758585674197,0.34277444813652197
21710987100.0,-6.616655533768977,-0.18815960858040504,0.0,5.108717810624144,-5.636427958044758,0.33955053884020764
21962486400.0,-6.622418013694709,-0.18303531241834364,0.0,5.128025514114949,-5.647304320152281,0.3362434936189922
22216899100.0,-6.6290216497913494,-0.1785075730217976,0.0,5.147032098536661,-5.658390748134476,0.33285107657601776
22474258900.0,-6.636475269198058,-0.17458105856520623,0.0,5.165738267998712,-5.669690327648029,0.32937100108410766
22734600000.0,-6.644787578286236,-0.17126031250601514,0.0,5.1841447923845045,-5.681206088377096,0.32580098348658165
22997956900.0,-6.6539674310293595,-0.16854989263728692,-9.643274665532871e-16,5.2022526637512705,-5.692941112356359,0.3221385559677995
23264364400.0,-6.664023500427696,-0.1664542608066676,0.0,5.2200628554288455,-5.704898479421981,0.31838136318646854
23533858000.0,-6.674964546999359,-0.16497784879230246,0.0,5.2375765619503865,-5.717081229292397,0.31452681854970943
23806473500.0,-6.686799313948276,-0.16412511723160286,-9.643274665532871e-16,5.254794962276089,-5.72949241159734,0.3105723320896485
24082246900.0,-6.699536477891335,-0.16390039499897296,-9.643274665532871e-16,5.2717194092635635,-5.7421350897517796,0.3065152854892438
24361214800.0,-6.713184730684332,-0.16430795947402033,-9.643274665532871e-16,5.288351358129536,-5.755012233660686,0.30235291605713066
24643414300.0,-6.727752748883135,-0.1653521153115311,0.0,5.304692315371149,-5.768126858150076,0.298082427467394
24928882800.0,-6.743249237949154,-0.1670371637727666,0.0,5.3207438509456875,-5.781481966882379,0.29370095216392506
25217658100.0,-6.759682807299638,-0.1693672021968899,0.0,5.336507752147477,-5.795080495054945,0.2892055407105779
25509778600.0,-6.777062165407294,-0.1723465214402029,0.0,5.351985728860273,-5.808925397605181,0.2845931473047062
25805283100.0,-6.79539591808378,-0.17597923626976997,0.0,5.367179639588643,-5.823019553300232,0.27986067744181675
26104210600.0,-6.814692688442743,-0.18026942217595737,0.0,5.382091462719682,-5.837365833913662,0.27500494901802325
26406600900.0,-6.834961142098969,-0.18522125094511982,0.0,5.396723164415318,-5.85196706596249,0.2700226506020517
26712494100.0,-6.856209859966685,-0.19083876917098813,0.0,5.411076831296182,-5.866826032171659,0.26491043170448797
27021930700.0,-6.878447458128724,-0.1971259978075775,0.0,5.425154658938672,-5.881945459593987,0.25966480284774
27334951800.0,-6.901682536646141,-0.20408701065441126,0.0,5.438958780595577,-5.89732806122017,0.25428226997018133
27651599000.0,-6.925923664778143,-0.2117257872721413,-9.643274665532871e-16,5.452491538671083,-5.91297647696793,0.24875915102470214
27971914200.0,-6.9511794056475305,-0.22004631122303792,0.0,5.46575520901345,-5.928893231537851,0.2430917113013621
28295939900.0,-6.977458360408148,-0.2290525564190646,0.0,5.478752268209726,-5.945080945062654,0.23727612043386376
28623719200.0,-7.00476901733806,-0.2387484669847879,0.0,5.491485091143842,-5.961541981759496,0.23130842363086596
28955295400.0,-7.0331199499383565,-0.2491379652792652,0.0,5.503956240234737,-5.978278789486663,0.22518458397266197
29290712500.0,-7.062519626941405,-0.260224987628406,0.0,5.516168209043954,-5.99529364787872,0.2189004512063613
29630015200.0,-7.092976590579,-0.2720134340198109,0.0,5.528123649334683,-6.012588786707347,0.21245170335285404
29973248300.0,-7.124499246080719,-0.28450714607004696,0.0,5.539825172488941,-6.030166354161923,0.20583403560293367
30320457400.0,-7.157096059754686,-0.2977099899237912,-9.643274665532871e-16,5.551275513843987,-6.048028444339812,0.19904294057203217
30671688500.0,-7.190775462254447,-0.31162585374976,0.0,5.562477367644996,-6.066176963594966,0.19207374220021017
31026988300.0,-7.225545833692205,-0.3262585553995341,0.0,5.573433524483149,-6.08461383048502,0.18492175060233496
31386403900.0,-7.261415502326583,-0.34161185890967705,-9.643274665532871e-16,5.584146802644155,-6.103340798446164,0.17758213689232957
31749983000.0,-7.298392846496502,-0.35768963313378194,0.0,5.594620072174176,-6.122359514332163,0.170049809024206
32117773700.0,-7.336486095680962,-0.37449559418038486,0.0,5.604856232228277,-6.141671575144633,0.16231974873597182
32489825000.0,-7.375703531040795,-0.39203356295010416,-9.643274665532871e-16,5.6148581544112055,-6.161278339996131,0.15438662263481906
32866186000.0,-7.41605334412216,-0.4103073038808341,-9.643274665532871e-16,5.624628813949615,-6.181181179615184,0.1462450617847353
33246906800.0,-7.457543676991439,-0.42932048633357867,0.0,5.634171216904576,-6.201381194075328,0.1378894908371766
33632037900.0,-7.5001826191518965,-0.44907681670774663,0.0,5.643488407239177,-6.221879496792221,0.12931427284529548
34021630300.0,-7.543978227949867,-0.46958003931103076,-9.643274665532871e-16,5.652583375336521,-6.2426769912631555,0.12051357661560112
34415735700.0,-7.588938503744579,-0.4908338327453191,0.0,5.66145920833822,-6.263774392371024,0.11148135128748535
34814406400.0,-7.635071327574328,-0.5128417858573256,-9.643274665532871e-16,5.670119053149401,-6.285172367978914,0.1022115289721863
35217695300.0,-7.682384618808701,-0.5356075745656685,0.0,5.678566036393359,-6.306871363691718,0.09269775273268714
35625655900.0,-7.730886105589388,-0.5591348311736343,0.0,5.686803248861272,-6.328871655950085,0.08293357591518101
36038342300.0,-7.780583549305535,-0.5834271114616952,0.0,5.694833963192409,-6.351173428601133,0.07291235394703073
36455809300.0,-7.831484546794593,-0.6084879736854201,0.0,5.70266133754978,-6.373776595213673,0.06262728397847502
36878112200.0,-7.883596653108351,-0.6343209628933328,0.0,5.710288638491237,-6.396680978245628,0.05207137686105945
37305307000.0,-7.936927331538536,-0.6609296207976235,0.0,5.717719068989272,-6.419886186290405,0.04123749650351022
37737450400.0,-7.99148394523818,-0.6883173773220339,0.0,5.724955984522312,-6.44339167300068,0.030118311156335988
38174599800.0,-8.047273791846782,-0.716487766124515,0.0,5.7320026519528975,-6.4671966642455345,0.018706246168123008
38616813100.0,-8.104304007958321,-0.7454441487160077,0.0,5.7388624112221684,-6.491300146059499,0.006993586121322239
39064148900.0,-8.162581667009855,-0.7751899742200746,0.0,5.745538610077203,-6.515701081842539,-0.005027502454741317
39516666700.0,-8.222113724681732,-0.8057285839099254,0.0,5.752034642851781,-6.540398026342915,-0.017365200418791988
39974426500.0,-8.282906985963695,-0.8370633007702655,0.0,5.758353914896634,-6.565389441899381,-0.030027773767521318
40437488900.0,-8.344968203756926,-0.8691974477560104,0.0,5.764499852302808,-6.59067354520371,-0.0430237548551049
40905915400.0,-8.408303952967252,-0.9021342636592107,-9.643274665532871e-16,5.770475947881879,-6.616248354772103,-0.05636185676898491
41379768200.0,-8.472920708540459,-0.9358770445335356,0.0,5.776285637838377,-6.6421116570112595,-0.07005102536065527
41859110000.0,-8.538824805785683,-0.9704289405305478,0.0,5.78193247965339,-6.668261003423325,-0.0841004167606093
42344004500.0,-8.606022404143118,-1.0057931069204513,0.0,5.787419989961135,-6.694693761646036,-0.09851933523555134
42834516100.0,-8.67451956044696,-1.0419726551103996,-9.643274665532871e-16,5.792751760387653,-6.721407020383435,-0.11331739511461891
43330709700.0,-8.744322214769241,-1.0789706815646396,0.0,5.797931408286247,-6.748397654366541,-0.1285044354843444
43832651200.0,-8.815436078059072,-1.1167902417295494,0.0,5.802962537948149,-6.775662304302552,-0.1440904753751431
44340407100.0,-8.887866754216567,-1.1554342431608375,0.0,5.807848888642852,-6.803197368448421,-0.1600857633552709
44854044900.0,-8.961619672066162,-1.1949057379789347,0.0,5.812594076010564,-6.830999035529397,-0.17650077846010218
45373632700.0,-9.03670014183566,-1.2352076021554428,0.0,5.817201910048433,-6.859063153199676,-0.1933463590042
45899239300.0,-9.113113207868448,-1.276342644375412,-9.643274665532871e-16,5.82167617715997,-6.887385483085852,-0.21063333844952925
46430934600.0,-9.190863824494032,-1.3183137004285546,0.0,5.8260207169812865,-6.915961408888064,-0.2283730085217804
46968789000.0,-9.269956785925837,-1.3611235876485785,0.0,5.830239359729416,-6.944786137983949,-0.24657680939404572
47512873800.0,-9.350396626740839,-1.4047749656422361,-9.643274665532871e-16,5.834336049306495,-6.973854616384477,-0.2652563985642545
48063261400.0,-9.432187748242061,-1.4492704873021953,-9.643274665532871e-16,5.838314792941423,-7.003161500168352,-0.2844237800752713
48620024600.0,-9.515334317482257,-1.4946127888197802,0.0,5.842179532377565,-7.032701291005704,-0.3040910301916443
49183237300.0,-9.599840423804995,-1.540804432202042,0.0,5.845934432122543,-7.062468186708885,-0.3242706776156996
49752974300.0,-9.685709818192937,-1.5878478883677465,-9.643274665532871e-16,5.84958355356934,-7.09245612265806,-0.34497531927902547
50329311100.0,-9.772946147474777,-1.6357456227737486,0.0,5.8531311574474545,-7.122658899868099,-0.36621788035310354
50912324100.0,-9.861552796499574,-1.6844999855001523,0.0,5.856581461499499,-7.153069964542644,-0.38801148245700723
51502090800.0,-9.951532990973718,-1.7341133186513993,-9.643274665532871e-16,5.859938824607896,-7.183682623189388,-0.4103695200699077
52098689300.0,-10.042889774162587,-1.7845879603366968,0.0,5.863207603865284,-7.214489846867767,-0.43330571733421497
52702198800.0,-10.135625835893439,-1.8359259663339247,0.0,5.866392327206733,-7.245484466538726,-0.45683382700192887
53312699300.0,-10.229743843797047,-1.8881296032935648,0.0,5.869497529802008,-7.276659095698462,-0.48096803739711375
53930271800.0,-10.325246023069292,-1.9412007760249739,0.0,5.8725278809385895,-7.308006102939958,-0.505722554023605
54554998300.0,-10.422134574001031,-1.9951416089786642,0.0,5.8754880646582475,-7.339517632367796,-0.5311120412691166
55186961500.0,-10.520411389178118,-2.0499539869065537,-9.643274665532871e-16,5.878382942932952,-7.37118564402404,-0.5571512858154678
55826245500.0,-10.620078106013331,-2.1056397033796106,0.0,5.881217481825791,-7.4030019940170195,-0.5838551911883834
56472934800.0,-10.721136160473234,-2.162200566994619,0.0,5.883996638780182,-7.434958158474768,-0.611239047300033
57127115400.0,-10.823586697395617,-2.2196382021005463,-9.643274665532871e-16,5.886725624256561,-7.467045634935125,-0.6393181914219828
57788874000.0,-10.927430625418516,-2.2779541789484155,0.0,5.889409660851065,-7.499255644908215,-0.6681081948912632
58458298400.0,-11.032668706098235,-2.337150062216141,0.0,5.892054140996134,-7.53157925425036,-0.6976249489619126
59135477400.0,-11.13930127710656,-2.3972270924293713,-9.643274665532871e-16,5.894664644919496,-7.564007469162409,-0.7278842681864557
59820500700.0,-11.247328555241493,-2.4581867325716464,0.0,5.897246684703078,-7.596531003499346,-0.7589024137753799
60513459400.0,-11.356750449988372,-2.5200300606058583,-9.643274665532871e-16,5.899806185290277,-7.62914060235965,-0.7906956435364881
61214445300.0,-11.46756655789889,-2.5827581986275554,0.0,5.9023489897138415,-7.661826851400408,-0.8232803369409848
61923551400.0,-11.579776224216399,-2.6463719978312135,0.0,5.904881271681272,-7.694580280393505,-0.8566729891189774
62640871700.0,-11.693378508873245,-2.7108723236727714,0.0,5.907409266361433,-7.727391216648961,-0.8908903733852416
63366501500.0,-11.808372251313312,-2.776259910214027,-9.643274665532871e-16,5.909939407428258,-7.760250051694716,-0.9259492659475657
64100536900.0,-11.9247558346924,-2.842535203167342,0.0,5.912478298070689,-7.793147037463647,-0.9618664637743851
64843075400.0,-12.042527451146455,-2.9096985824874437,0.0,5.915032779124944,-7.8260724783327165,-0.9986588832796749
65594215400.0,-12.16168500266557,-2.977750319068515,0.0,5.917609837156283,-7.8590166529769565,-1.0363435032478399
66354056600.0,-12.282225996262843,-3.0466904774334784,0.0,5.920216647553725,-7.8919697586943025,-1.074937366292899
67122699800.0,-12.4041476818726,-3.1165189096018127,-9.643274665532871e-16,5.922860669264792,-7.92492203743825,-1.1144575414283537
67900246900.0,-12.527446875149765,-3.18723525955885,0.0,5.925549565905612,-7.9578638715066,-1.1549209539578624
68686801100.0,-12.652120174796586,-3.258839087122328,0.0,5.928291198570767,-7.990785611566014,-1.1963446741270813
69482466700.0,-12.77816367100998,-3.3313296083469677,0.0,5.931093645458672,-8.023677719102277,-1.2387455347033642
70287349300.0,-12.90557324235188,-3.4047059476894734,-9.643274665532871e-16,5.933965326329424,-8.056530741051207,-1.2821405329676907
71101555600.0,-13.034344221467002,-3.4789667834038096,0.0,5.936914854592063,-8.089335336717586,-1.3265463012782868
71925193600.0,-13.164471699206285,-3.55411073558412,0.0,5.939951163426269,-8.122082320141573,-1.3719795788688178
72758372600.0,-13.29595034192355,-3.630136138364769,-9.643274665532871e-16,5.943083407999263,-8.154762718229913,-1.4184568281341217
73601203200.0,-13.42877435102128,-3.7070410324073118,0.0,5.946321039209547,-8.187367641506096,-1.465994430110763
74453797100.0,-13.562937507808336,-3.784823029715886,0.0,5.94967390518404,-8.21988854955519,-1.514608385344731
75316267400.0,-13.698433178850163,-3.863479616891439,0.0,5.953152047701774,-8.252316972023944,-1.5643146925692666
76188728500.0,-13.835254325232114,-3.9430079314790585,-9.643274665532871e-16,5.956765841754664,-8.284644765208022,-1.6151290080257006
77071296200.0,-13.973393384985897,-4.023404729806004,0.0,5.960526018908379,-8.316864199096921,-1.6670665496174624
77964087500.0,-14.112842364438924,-4.1046664571040905,0.0,5.964443634904485,-8.348967627720063,-1.720142464288513
78867220900.0,-14.253592786197942,-4.186789173349812,-9.643274665532871e-16,5.968530105491128,-8.380947832584704,-1.7743714462562343
79780816100.0,-14.395635663568049,-4.26976856025311,0.0,5.972797187538391,-8.412797942418026,-1.8297678053734727
80704994400.0,-14.53896153224984,-4.353599958710229,0.0,5.977256958923965,-8.44451147098505,-1.8863454466491447
81639878400.0,-14.683560406534626,-4.438278302645379,-9.643274665532871e-16,5.98192186759901,-8.476082322319142,-1.9441178479252488
82585592000.0,-14.829421790261017,-4.523798135013685,0.0,5.986804740212534,-8.507504821647744,-2.0030980535784764
83542260700.0,-14.9765346485775,-4.610153584715916,0.0,5.991918732282872,-8.538773726330774,-2.0632985906680132
84510011500.0,-15.12488743820982,-4.697338315564611,0.0,5.997277450164403,-8.569884249915598,-2.1247315158134192
85488972600.0,-15.274468072636903,-4.785345609963437,0.0,6.002894800428264,-8.600832129249188,-2.187408281142512
86479274000.0,-15.425263943437631,-4.874168367413388,0.0,6.008785038197485,-8.631613675888344,-2.2513397297225306
87481047000.0,-15.577261892826142,-4.963799023615705,0.0,6.0149628017425325,-8.66222562634466,-2.3165361990135764
88494424500.0,-15.730448267228759,-5.0542295778214825,-9.643274665532871e-16,6.0214431183909225,-8.69266534451275,-2.3830073516996544
89519541000.0,-15.884808881296236,-5.145451738730742,0.0,6.028241260820558,-8.722930771862247,-2.450762227689052
90556532400.0,-16.040329045898055,-5.237456660191486,0.0,6.035372942926753,-8.753020565153305,-2.5198090379649347
91605536200.0,-16.196993620777146,-5.330235295460419,0.0,6.0428540686353855,-8.782933855086334,-2.590155509009472
92666691700.0,-16.354786970569705,-5.423778178948852,0.0,6.050700851055889,-8.81267055393473,-2.661808476070008
93740139500.0,-16.513693077016548,-5.51807554099268,0.0,6.058929859565239,-8.84223123649797,-2.7347741640599486
94826022200.0,-16.67369550560091,-5.6131173391053455,0.0,6.067557774225549,-8.871617252657582,-2.8090578606733136
95924483600.0,-16.834777486119116,-5.70889337467487,0.0,6.076601440789356,-8.900830651359254,-2.884664164104974
97035669600.0,-16.99692198500116,-5.8053932453676484,0.0,6.08607792799617,-8.92987421190183,-2.9615969614619866
98159727600.0,-17.160111738995404,-5.902606475447919,-9.643274665532871e-16,6.096004318136262,-8.958751662825312,-3.0398591307588663
99296806600.0,-17.324329338242755,-6.000522603837565,0.0,6.106397710966199,-8.987467475716173,-3.119452839087588
100447057000.0,-17.489557333561475,-6.09913126418916,-9.643274665532871e-16,6.1172751638069744,-9.016027038182845,-3.2003793898132864
101610633000.0,-17.655778331749897,-6.198422284039004,0.0,6.128653564758584,-9.04443661055424,-3.2826392382433456
102787687000.0,-17.822975127691308,-6.298385886229921,0.0,6.140549531950851,-9.072703439928947,-3.36623197825183
103978376000.0,-17.99113080590404,-6.399012796861113,0.0,6.152979276874398,-9.100835745483526,-3.451156328251985
105182858000.0,-18.16022894983925,-6.500294361347213,0.0,6.165958578305354,-9.128842774403331,-3.537410165249238
106401293000.0,-18.330253776807716,-6.602222816041243,0.0,6.179502456035407,-9.15673480981507,-3.624990462261577
107633842000.0,-18.50119038047373,-6.704791403545327,0.0,6.193625299941637,-9.184523339098241,-3.7138933643887184
108880669000.0,-18.673024924498854,-6.807994807339024,0.0,6.208340248206538,-9.212220938364698,-3.8041141171808643
110141939000.0,-18.845744910598285,-6.911829260369753,0.0,6.22365928742264,-9.239841425022977,-3.895647122769417
111417819000.0,-19.019339503068394,-7.016292875091148,0.0,6.239592933525721,-9.267399882326616,-3.9884859262902523
112708480000.0,-19.193799784246252,-7.121386078802309,0.0,6.256149914316876,-9.294912769776625,-4.082623223342564
114014091000.0,-19.36911920285088,-7.227111933966982,0.0,6.273336849456475,-9.32239790138674,-4.178050882036719
115334826000.0,-19.54529390206481,-7.33347650886383,0.0,6.291157985372607,-9.349874541032124,-4.274759953204313
116670861000.0,-19.722323203565978,-7.440489584582922,-9.643274665532871e-16,6.3096146064360585,-9.37736353420191,-4.372740656817068
118022372000.0,-19.90021013671687,-7.54816491353827,0.0,6.328704824851633,-9.404887282702255,-4.4719824556876455
119389540000.0,-20.078961914603273,-7.656520883099477,0.0,6.348423003731942,-9.432469886146476,-4.572474000684944
120772544000.0,-20.258590636203042,-7.765581377591573,0.0,6.368759039890949,-9.460137203177018,-4.674203214305504
122171569000.0,-20.4391139124888,-7.875376165753211,0.0,6.389698065405062,-9.487916948598281,-4.777157282559991
123586800000.0,-20.62055560126332,-7.9859419053874525,0.0,6.411219449675173,-9.515838693157683,-4.881322661904943
125018426000.0,-20.80294666712017,-8.097322873457113,0.0,6.433296378629479,-9.54393410923191,-4.986685142854684
126466635000.0,-20.986326051246074,-8.209572039270578,0.0,6.455894692263303,-9.572236879112445,-5.093229852421437
127931620000.0,-21.17074163992853,-8.32275194084307,-9.643274665532871e-16,6.478972227495923,-9.600782911241009,-5.20094125709798
129413576000.0,-21.356251360582263,-8.436935760336585,0.0,6.50247779816501,-9.629610330626587,-5.3098032278750065
130912698000.0,-21.542924316880146,-8.552208746926054,0.0,6.526349985560289,-9.658759680611901,-5.419799051874445
132429187000.0,-21.73084204885589,-8.668669270186736,0.0,6.5505160132759315,-9.688273814589438,-5.530911468873231
133963242000.0,-21.920099876771605,-8.786430182356193,0.0,6.5748906546907815,-9.718198170524525,-5.643122666522454
135515068000.0,-22.110808328093043,-8.905620382969127,0.0,6.599374637019225,-9.748580672056056,-5.7564143479323
137084870000.0,-22.30309471010965,-9.026386374842412,0.0,6.623853284780992,-9.779471892403992,-5.870767767219412
138672856000.0,-22.49710468571566,-9.14889365977757,0.0,6.64819505446564,-9.810924989337906,-5.986163724905308
140279238000.0,-22.693003980004587,-9.273328499387736,0.0,6.67224992568025,-9.84299582670164,-6.102582598366344
141904228000.0,-22.890980136687787,-9.39989972750015,0.0,6.695847631176644,-9.875742960145079,-6.220004398531715
143548042000.0,-23.091244320336717,-9.528840196213102,0.0,6.718796162816818,-9.909227571987758,-6.338408787042158
145210898000.0,-23.294033143747164,-9.660408687454094,0.0,6.740879856834974,-9.943513412682062,-6.457775131607001
146893016000.0,-23.499610369696306,-9.794891197457382,0.0,6.761858121872935,-9.978666870086126,-6.578082449244194
148594620000.0,-23.70826871990093,-9.932602773759768,0.0,6.781463500158919,-10.01475671496264,-6.699309558956045
150315935000.0,-23.92033139125049,-10.07388846179036,0.0,6.7994006019289905,-10.05185403160282,-6.821435032116532
152057189000.0,-24.136153384321595,-10.21912450987977,0.0,6.815344696794715,-10.09003202136748,-6.944437185307011
153818615000.0,-24.3561226902252,-10.368718783729285,-9.643274665532871e-16,6.82894128892476,-10.129365841100979,-7.068294231553068
155600444000.0,-24.58066084394671,-10.523111268644616,0.0,6.83980510791735,-10.16993218669066,-7.19298418987131
157402915000.0,-24.810223185401252,-10.682773324673636,0.0,6.847520824130402,-10.211809175596077,-7.318484973207964
159226265000.0,-25.045298312191946,-10.84820665690198,0.0,6.851643545646745,-10.255075836805963,-7.444774365742761
161070737000.0,-25.286406900887854,-11.019941396670443,-9.643274665532871e-16,6.851700409744223,-10.299811686598812,-7.571830119815854
162936575000.0,-25.534099504679304,-11.198533100868033,0.0,6.847193208316844,-10.34609639627736,-7.699629912907518
164824026000.0,-25.788953306421924,-11.384558733183333,0.0,6.837601668638599,-10.394009014348205,-7.828151387473728
166733343000.0,-26.051567724459087,-11.578611440344218,0.0,6.822388371130762,-10.443627641764149,-7.9573721697108315
168664776000.0,-26.322558747690547,-11.781294192529563,0.0,6.801004346934111,-10.495028591766705,-8.087269947696974
170618583000.0,-26.602551706509352,-11.993211877137561,0.0,6.772896265379754,-10.548285787008563,-8.21782235550875
172595023000.0,-26.89217301580861,-12.21496255790732,-9.643274665532871e-16,6.737514594365386,-10.603469991701784,-8.349007160570924
174594358000.0,-27.19204028265885,-12.447127312436603,0.0,6.694323004236216,-10.660648120706835,-8.480802195965984
176616853000.0,-27.50275123031223,-12.690259115903755,0.0,6.642808457217666,-10.719882294470047,-8.613185278651377
178662777000.0,-27.824871956811805,-12.944871426118386,0.0,6.582492174066009,-10.78122915011112,-8.746134450073278
180732401000.0,-28.15892414876132,-13.211426040939289,0.0,6.512940742362892,-10.844738982020166,-8.879627801282018
182825999000.0,-28.505372250462685,-13.490321272781587,0.0,6.433777096171992,-10.910454829963776,-9.0136435389898
184943849000.0,-28.86461088630458,-13.781880775101715,0.0,6.3446910994420165,-10.978411850473709,-9.148160024070021
187086232000.0,-29.236952970569156,-14.086343315295018,0.0,6.2454489095006505,-11.048636394061873,-9.283155830733794
189253433000.0,-29.622619057862458,-14.4038541141494,0.0,6.135900801544388,-11.121145311375928,-9.418609604317854
191445738000.0,-30.02172873611594,-14.734458322608607,0.0,6.015987303238428,-11.195945430682846,-9.554500195164188
193663439000.0,-30.434294184403278,-15.078096762205703,-9.643274665532871e-16,5.885742611386965,-11.273032719035479,-9.690806654557191
195906830000.0,-30.860216382407707,-15.434604190460933,0.0,5.745296183451066,-11.3523922126459,-9.827508161266103
198176208000.0,-31.29928436644431,-15.803710448522573,-9.643274665532871e-16,5.594870983391074,-11.433997251551046,-9.964584180362596
200471875000.0,-31.751177148502446,-16.185044015993604,0.0,5.434779708256165,-11.517809413788783,-10.102014310460985
202794134000.0,-32.215468726419644,-16.578138151451675,0.0,5.265418650417882,-11.603778463406924,-10.239778338462635
205143295000.0,-32.69163561903824,-16.982439226282995,0.0,5.087259397423233,-11.691842268558947,-10.37785635514728
207519668000.0,-33.17906647836211,-17.39731664690089,0.0,4.900838990074732,-11.781927018594576,-10.516228618381046
209923569000.0,-33.67707342411005,-17.82207404748274,0.0,4.706749067433298,-11.873947572063745,-10.654875542852292
212355316000.0,-34.184904758153024,-18.25596148737819,0.0,4.505624109989492,-11.967807820309899,-10.79377777705778
214815233000.0,-34.70175820244694,-18.698187823273912,0.0,4.298129883830085,-12.063401398108768,-10.932916308995228
217303646000.0,-35.22679404125341,-19.147932786462945,0.0,4.084951783850601,-12.160612319729188,-11.072272250584358
219820884000.0,-35.75914825316725,-19.60435883751943,0.0,3.8667839241852215,-12.259315812951346,-11.211826948753306
222367282000.0,-36.2979447460082,-20.06662208861556,-9.643274665532871e-16,3.644319291901642,-12.359379389954011,-11.351561990563193
224943177000.0,-36.842306585622694,-20.5338821814225,0.0,3.418240623315781,-12.46066363099647,-11.491459173741813
227548911000.0,-37.39136611461114,-21.00531115677685,0.0,3.1892129855761326,-12.563023576422692,-11.631500565930288
230184830000.0,-37.944273600208625,-21.480100903684516,0.0,2.957877213049086,-12.666309749196587,-11.771668367537009
232851283000.0,-38.500204661122815,-21.95746957489145,0.0,2.7248446612102644,-12.770369151413238,-11.911945084688476
235548625000.0,-39.058366297422,-22.436666705455977,0.0,2.4906935584605563,-12.87504684579821,-12.05231341811832
238277212000.0,-39.618001605485816,-22.91697719471283,0.0,2.255965868963085,-12.980186798422901,-12.192756265253008
241037407000.0,-40.1783934140183,-23.39772439401643,0.0,2.02116557618099,-13.08563319298745,-12.333256777209968
243829577000.0,-40.73886683891767,-23.87827216574591,0.0,1.7867577000706798,-13.191231549385488,-12.4737983164311
246654090000.0,-41.29879085439857,-24.35802619852756,-9.643274665532871e-16,1.5531680121031188,-13.296829779949968,-12.61436443068071
249511323000.0,-41.85757915510866,-24.836434635786205,0.0,1.3207833907860376,-13.402279189551319,-12.754938837020923
252401654000.0,-42.41469035283999,-25.312988162970417,0.0,1.0899527387700259,-13.507435307131914,-12.89550559460853
255325466000.0,-42.969627505275945,-25.787219503217464,0.0,0.8609881755989786,-13.612158852299153,-13.036048826517295
258283148000.0,-43.52193739889572,-26.25870273643811,0.0,0.6341665749452567,-13.716316350312749,-13.17655296107062
261275091000.0,-44.07120923272777,-26.727052061459446,0.0,0.40973132210793906,-13.819780911731147,-13.31700247183624
264301693000.0,-44.61707327814751,-27.19192052776946,0.0,0.18789423448969222,-13.922432500038461,-13.457382262220692
267363355000.0,-45.15919911386929,-27.65299842695709,0.0,-0.031162535028486992,-14.02415872986545,-13.597677162063153
270460483000.0,-45.69729380843786,-28.110011603364015,0.0,-0.24728441254447392,-14.124854751611444,-13.737872439208099
273593488000.0,-46.23110006059093,-28.562719732194175,0.0,-0.4603424277464679,-14.224424030710319,-13.877953273737386
276762786000.0,-46.76039412727146,-29.010914435607603,0.0,-0.6702312151760924,-14.322777914949235,-14.017905305482278
279968797000.0,-47.284983851288985,-29.454417409858685,0.0,-0.8768670909423631,-14.41983616984774,-14.157714149068584
283211946000.0,-47.80470651897816,-29.89307847895525,0.0,-1.0801862052018127,-14.515526668539486,-14.297365605213948
286492664000.0,-48.31942705157091,-30.326773871055384,0.0,-1.280142655033008,-14.609785358020797,-14.436845858001579
289811385000.0,-48.829035786210525,-30.755404146812392,-9.643274665532871e-16,-1.4767068944602157,-14.702556256971127,-14.57614099538105
293168551000.0,-49.33344657270431,-31.178892453523513,0.0,-1.6698640611731759,-14.793791026738019,-14.715237365612317
296564606000.0,-49.83259503694959,-31.59718283588166,0.0,-1.8596124841582886,-14.88344883785649,-14.854121513866883
300000000000.0,-50.32643658818435,-32.01023836616055,0.0,-2.0459622077889734,-14.971496038449049,-14.992780119922525
