freq_Hz,h_src_dB,h_pad_dB,h_term_dB,h_ctle_dB,h_vga_dB,h_driver_dB
1000000.0,-4.416464337335843,1.5906639642458682,0.0,-0.2607043727027512,2.6851096955560747,-0.8337413586074511
1011583.97,-4.4162848786898765,1.590843561650691,0.0,-0.26065583304913287,2.6852025094777376,-0.8337031147779113
1023302.12,-4.416101264530953,1.5910272798787553,0.0,-0.26060618447341044,2.685297418149804,-0.8336639537976375
1035156.02,-4.41591340847415,1.5912152746944241,0.0,-0.2605553576157417,2.685394526389037,-0.8336238940788708
1047147.23,-4.415721224148149,1.5914075977792845,0.0,-0.2605033871858516,2.685493899642839,-0.8335829146777028
1059277.35,-4.415524596314132,1.5916043990618844,0.0,-0.2604501670231687,2.6855955449786224,-0.833540978893569
1071547.98,-4.415323409750424,1.5918057243844577,0.0,-0.26039576652940466,2.6856995409471796,-0.8334980500333184
1083960.76,-4.415117607013499,1.592011665880255,0.0,-0.2603401152923911,2.685805930344535,-0.8334541491718876
1096517.32,-4.414907015154586,1.5922223964980389,0.0,-0.26028317759116454,2.6859147690764393,-0.8334091949872411
1109219.34,-4.414691605643367,1.5924379794578536,0.0,-0.26022488301652974,2.6860260999200323,-0.8333632374456501
1122068.5,-4.414471205570075,1.5926585529797401,0.0,-0.260165266284733,2.686140001387339,-0.8333161821228668
1135066.51,-4.41424569980555,1.592884197503146,0.0,-0.2601043263683849,2.686256555588926,-0.8332680317173945
1148215.08,-4.414015030994516,1.5931150397627791,0.0,-0.2600419581726089,2.686375792151567,-0.8332187942161756
1161515.97,-4.413779026293977,1.5933512179119282,0.0,-0.2599781249296042,2.6864977311834415,-0.8331683883419078
1174970.93,-4.41353757063924,1.5935928470152736,0.0,-0.25991286241505607,2.6866225131292043,-0.8331168036988732
1188581.75,-4.413290577862688,1.5938400132404384,0.0,-0.25984609917477225,2.686750171188267,-0.8330640587730602
1202350.24,-4.413037875197154,1.5940928893545891,0.0,-0.2597777637574561,2.686880712314199,-0.8330100592021517
1216278.23,-4.412779347651485,1.5943516250386047,0.0,-0.2597078929955624,2.6870143257684354,-0.8329548077342681
1230367.55,-4.412514880259818,1.5946162658788985,0.0,-0.25963641333548954,2.6871509732232557,-0.8328982940088707
1244620.09,-4.412244300341057,1.5948870539360076,0.0,-0.2595632554382108,2.6872907461914277,-0.8328404368172104
1259037.73,-4.411967521857502,1.5951640405579264,0.0,-0.2594884540348447,2.6874337624002953,-0.8327812678075253
1273622.38,-4.411684343320462,1.59544742723333,0.0,-0.2594119376850186,2.6875800549606694,-0.8327206900423217
1288375.98,-4.411394678752697,1.5957372999394632,0.0,-0.2593336349517667,2.6877296700820343,-0.8326587351908028
1303300.48,-4.411098341168956,1.5960338456615735,0.0,-0.25925358162396694,2.6878827611784875,-0.8325953338929417
1318397.87,-4.410795201356302,1.5963371936126132,0.0,-0.2591716705287445,2.688039338680424,-0.8325304745390674
1333670.15,-4.410485072406056,1.5966475653909722,0.0,-0.2590878670287725,2.688199507107484,-0.832464074687739
1349119.34,-4.410167839612228,1.596965006323188,0.0,-0.25900220481740893,2.6883633876710213,-0.8323961765304256
1364747.49,-4.409843316146223,1.5972897726173203,0.0,-0.2589145430924016,2.688530987141168,-0.8323266714314483
1380556.68,-4.409511344087015,1.5976219875046622,0.0,-0.2588248451248614,2.688702417169933,-0.8322555845404068
1396549.0,-4.409171736696258,1.5979618377235631,0.0,-0.25873314671626463,2.6888777917010036,-0.8321828072611791
1412726.58,-4.408824350573603,1.598309466674366,0.0,-0.25863934071515815,2.6890571865948543,-0.832108379205332
1429091.56,-4.40846901350425,1.5986650812616072,0.0,-0.25854335676211954,2.6892406704919205,-0.8320322324681922
1445646.11,-4.4081054956094,1.5990288419846241,0.0,-0.25844519283260353,2.689428315603324,-0.8319542807860979
1462392.42,-4.407733682494129,1.5994009326178005,0.0,-0.25834481535909526,2.6896203013233992,-0.8318745533465022
1479332.73,-4.407353329961959,1.599781562667887,0.0,-0.2582421161602301,2.6898166545489826,-0.8317929757208642
1496469.27,-4.406964280443295,1.6001708897044755,0.0,-0.25813709531817824,2.690017492654681,-0.8317095076320257
1513804.32,-4.40656631871913,1.600569163636321,0.0,-0.258029646755833,2.6902229139482015,-0.8316241035560478
1531340.18,-4.406159229636981,1.6009765302364167,0.0,-0.25791980420585425,2.6904330262202447,-0.8315366917779727
1549079.17,-4.405742870235771,1.601393201845323,0.0,-0.257807426911142,2.6906479277078184,-0.8314472989513515
1567023.65,-4.40531695337317,1.60181943091564,0.0,-0.25769247818952,2.6908677166099713,-0.8313558075048154
1585176.0,-4.404881336225134,1.6022553602713885,0.0,-0.25757492240894686,2.69109251371376,-0.8312622310334263
1603538.63,-4.404435760649783,1.602701248054475,0.0,-0.2574547239416681,2.691322439766078,-0.8311664677699364
1622113.96,-4.403979997435214,1.6031573234767866,0.0,-0.2573318114314072,2.691557605950811,-0.8310684710426188
1640904.48,-4.403513846294732,1.6036238215147736,0.0,-0.2572060431063026,2.6917980876743504,-0.8309682230532704
1659912.66,-4.403037078181551,1.6041009365254753,0.0,-0.25707745377842295,2.6920440412850137,-0.8308656509811184
1679141.03,-4.402549406460851,1.6045889551437107,0.0,-0.25694593637884106,2.692295594513383,-0.830760702990832
1698592.15,-4.402050659949853,1.605088083242007,0.0,-0.2568114206197959,2.692552841667567,-0.8306533378057666
1718268.58,-4.401540523371784,1.6055985667176407,0.0,-0.256673904557779,2.6928159461039627,-0.8305434748285424
1738172.95,-4.401018796901585,1.6061206747751764,0.0,-0.25653324749791356,2.6930850056054663,-0.830431083332376
1758307.89,-4.400485194313535,1.606654658950576,0.0,-0.2563894485515875,2.6933601929366455,-0.8303160854344818
1778676.06,-4.399939458330223,1.6072008112110194,0.0,-0.25624233027106597,2.6936415736129415,-0.8301984321308582
1799280.19,-4.399381331789291,1.607759319339338,0.0,-0.256091926474597,2.69392932027474,-0.8300780744608011
1820122.99,-4.3988105288210395,1.60833053858476,0.0,-0.25593813222757716,2.6942235923949633,-0.8299549215826296
1841207.23,-4.398226763685892,1.6089147199970952,0.0,-0.2557808752181278,2.694524517223017,-0.8298289220077969
1862535.72,-4.397629750778609,1.609512183871351,0.0,-0.25562003162949465,2.6948322136022456,-0.829699998101404
1884111.27,-4.397019204632565,1.6101231636395086,0.0,-0.2554556001053666,2.6951468753230707,-0.8295681115781968
1905936.75,-4.396394839924163,1.6107479793149353,0.0,-0.2552874568491018,2.6954686210772003,-0.8294331849131606
1928015.06,-4.395756342661385,1.6113869448896452,0.0,-0.25511553062723485,2.6957976135350057,-0.8292951380181219
1950349.12,-4.395103399012954,1.6120403395051492,0.0,-0.2549397670448882,2.6961340236106697,-0.8291539170606332
1972941.9,-4.394435666501936,1.6127085576730371,0.0,-0.2547600249951372,2.6964779828428407,-0.8290094001746657
1995796.39,-4.393752889259334,1.6133918379174244,0.0,-0.2545762684848074,2.6968296976867157,-0.8288615912844828
2018915.63,-4.393054667539759,1.6140905626388216,0.0,-0.2543883722286878,2.697189272101432,-0.8287103372339271
2042302.68,-4.392340717026146,1.6148050334991673,0.0,-0.25419628342988104,2.6975569563885515,-0.828555639459502
2065960.65,-4.391610638371356,1.6155356325007273,0.0,-0.25399991255207044,2.697932863839916,-0.8283973187871213
2089892.67,-4.390864147650207,1.6162826782584654,0.0,-0.2537991180401602,2.698317186192709,-0.8282353898940851
2114101.91,-4.3901008459392,1.6170465003163055,0.0,-0.25359389814220706,2.698710124602874,-0.828069726144359
2138591.6,-4.389320363346432,1.6178275726355238,0.0,-0.2533840419543848,2.6991118443898854,-0.8279002297999747
2163364.97,-4.388522359006128,1.6186261320125221,0.0,-0.25316954672880443,2.6995225107527614,-0.8277268320114357
2188425.32,-4.387706434704874,1.6194426460403009,0.0,-0.252950272001609,2.699942376827484,-0.8275494587855747
2213775.97,-4.386872221275494,1.620277483886047,0.0,-0.2527260752754659,2.7003715718331827,-0.8273680126716665
2239420.27,-4.38601929224035,1.6211310026478,0.0,-0.25249699059444203,2.700810358168661,-0.8271823649264197
2265361.64,-4.3851472501901965,1.6220036691144049,0.0,-0.2522627704072705,2.7012588813997414,-0.8269924418780636
2291603.52,-4.384255726778669,1.6228958516322414,0.0,-0.25202334370335033,2.7017173809937796,-0.8267981856581892
2318149.37,-4.383344267616993,1.6238079699002688,0.0,-0.25177863846909276,2.702186034384259,-0.8265994260148952
2345002.74,-4.382412447415201,1.6247404492084663,0.0,-0.2515285123131962,2.7026650877834397,-0.8263961262617779
2372167.17,-4.38145984120835,1.625693749211587,0.0,-0.25127285959719603,2.7031547409182854,-0.8261881321095035
2399646.28,-4.380486024366535,1.6266682598497293,0.0,-0.25101160837386427,2.703655262269087,-0.8259753940454932
2427443.7,-4.379490515081133,1.6276644976213286,0.0,-0.25074454592824524,2.704166796396475,-0.8257577528469034
2455563.13,-4.378472860684763,1.628682880503963,0.0,-0.25047167177698454,2.7046896566517993,-0.8255351043708532
2484008.29,-4.377432608890968,1.6297238954739073,0.0,-0.25019273755540455,2.7052239907305955,-0.8253073577012795
2512782.96,-4.37636925030251,1.6307880172385827,0.0,-0.24990774282986616,2.705770137712513,-0.8250743776440637
2541890.95,-4.375282347825405,1.6318756828919703,0.0,-0.24961647398848788,2.7063282317922903,-0.8248360749118354
2571336.13,-4.374171378542476,1.6329874500410853,0.0,-0.2493188612711293,2.7068986115971776,-0.8245923002849626
2601122.4,-4.373035820003479,1.6341238411361838,0.0,-0.24901472683115003,2.7074814988483915,-0.8243429308810553
2631253.72,-4.371875207713169,1.6352852859826719,0.0,-0.24870396324849325,2.7080771245811484,-0.8240878753499826
2661734.07,-4.370688977076244,1.636472383865701,0.0,-0.24838639375844718,2.708685732647444,-0.8238269550232928
2692567.51,-4.369476621489554,1.6376856066985837,0.0,-0.24806198240223507,2.709307677221851,-0.8235600881210304
2723758.12,-4.368237577418853,1.638925518015562,0.0,-0.2477305157839277,2.7099431302159376,-0.8232870964164505
2755310.04,-4.366971310617632,1.6401927214428582,0.0,-0.24739185394567656,2.7105924582903125,-0.8230078829017804
2787227.46,-4.365677258690523,1.6414876753062844,0.0,-0.2470458876445435,2.711255832778451,-0.8227222698276264
2819514.61,-4.364354831131926,1.6428110741810182,0.0,-0.2466924066185401,2.711933610151706,-0.8224301293521458
2852175.78,-4.363003495488689,1.6441633811405056,0.0,-0.2463313384032129,2.7126260716735517,-0.8221313521298301
2885215.28,-4.3616226051165565,1.6455452428289943,0.0,-0.24596252335479216,2.7133334934875863,-0.8218257273037979
2918637.52,-4.360211600178626,1.6469572884631412,0.0,-0.24558573249720855,2.714056164445476,-0.8215131434851259
2952446.92,-4.358769835435258,1.6484000592129677,0.0,-0.24520091035268438,2.71479439914103,-0.8211934295753789
2986647.97,-4.357296723779409,1.6498742462551652,0.0,-0.24480782903633697,2.715548508310418,-0.820866433018917
3021245.2,-4.355791621475318,1.6513804239457366,0.0,-0.24440638063797765,2.716318800981787,-0.8205319963980745
3056243.2,-4.354253871248318,1.652919284249244,0.0,-0.24399635323477525,2.7171055727229447,-0.8201899352389285
3091646.62,-4.352682845331504,1.6544914202427041,0.0,-0.2435776221799815,2.7179091495668137,-0.819840107144129
3127460.15,-4.351077859459838,1.6560975508810616,0.0,-0.24314999350374916,2.718729844061796,-0.8194822996769857
3163688.54,-4.349438230273537,1.6577383595241093,0.0,-0.24271332582079944,2.719568064396145,-0.8191163790512385
3200336.61,-4.347763318330537,1.6594144856139272,0.0,-0.24226740645983336,2.7204240295500703,-0.8187421374763098
3237409.2,-4.346052384834006,1.6611266332574517,0.0,-0.24181211101590216,2.721298154983889,-0.8183594107105387
3274911.24,-4.34430474931055,1.6628755176179921,0.0,-0.24134724576778738,2.7221907773945047,-0.8179680140087284
3312847.7,-4.342519675022676,1.6646618754330507,0.0,-0.2408726339164124,2.7231022281629045,-0.8175677188134461
3351223.62,-4.340696454959036,1.6664864137139963,0.0,-0.2403880630702804,2.724032841565704,-0.8171583647814269
3390044.08,-4.338834340266241,1.6683498466243036,0.0,-0.2398933912704151,2.7249829869732283,-0.8167397490785098
3429314.24,-4.336932583258955,1.6702529565392403,0.0,-0.23938844291198935,2.7259530688226565,-0.8163116693714261
3469039.3,-4.3349904231458325,1.6721965042501696,0.0,-0.23887297017769815,2.726943383962989,-0.8158739095351224
3509224.53,-4.333007071775657,1.6741812779083314,0.0,-0.2383468501389816,2.7279543664497075,-0.8154262384023957
3549875.27,-4.330981785210443,1.6762080214517234,0.0,-0.23780985297723048,2.7289863687551303,-0.814968494326176
3590996.91,-4.328913735034164,1.6782775286064249,0.0,-0.23726181931147103,2.730039739273493,-0.8145003913555998
3632594.9,-4.326802137138959,1.6803906528602366,0.0,-0.23670248578127934,2.7311148777860166,-0.814021739144502
3674674.75,-4.324646180260175,1.6825481360978962,0.0,-0.236131745702576,2.7322122141785146,-0.8135323323780379
3717242.06,-4.322445011764845,1.6847508656423562,0.0,-0.23554935276857003,2.7333321159061077,-0.8130318974951818
3760302.47,-4.3201978091641156,1.6869996986724747,0.0,-0.23495506077516182,2.734474949666652,-0.8125201902190192
3803861.69,-4.317903751560926,1.689295386705362,0.0,-0.2343487455135782,2.7356411382156147,-0.8119970059966802
3847925.5,-4.3155619483156435,1.6916388550706483,0.0,-0.23373017880872957,2.7368310904715565,-0.8114620565921792
3892499.74,-4.313171553361135,1.6940309498354917,0.0,-0.23309913164836937,2.738045217872255,-0.8109151363883937
3937590.32,-4.310731665318071,1.6964725723792398,0.0,-0.23245542858588558,2.7392839194267555,-0.8103559184616309
3983203.24,-4.308241427468294,1.6989645794200694,0.0,-0.23179884083927765,2.7405476307851986,-0.8097842105258515
4029344.53,-4.305699913668511,1.701507897101301,0.0,-0.23112913975243965,2.7418367346732437,-0.8091996978195076
4076020.32,-4.3031062425465985,1.704103406795074,0.0,-0.23044616804373044,2.743151710099008,-0.8086021352602066
4123236.81,-4.300459463484806,1.70675205911916,0.0,-0.22974964387165042,2.744492923376493,-0.8079912203856822
4171000.24,-4.297758670753388,1.709454777148356,0.0,-0.2290393750537127,2.745860820700204,-0.8073666684981372
4219316.97,-4.29500293229148,1.7122124755985324,0.0,-0.22831516860508064,2.747255850543879,-0.806728206340265
4268193.4,-4.292191289808951,1.7150260954148075,0.0,-0.2275767960664152,2.7486784376505318,-0.8060755461693087
4317636.01,-4.289322801589174,1.7178966303489358,0.0,-0.22682403096684597,2.7501290249678063,-0.805408363652028
4367651.36,-4.286396499843033,1.7208250134999936,0.0,-0.2260566446792629,2.751608017182913,-0.8047263590036553
4418246.08,-4.283411405041507,1.7238122243970349,0.0,-0.22527444525607948,2.7531159019795397,-0.8040292323264274
4469426.9,-4.280366540222053,1.7268592400026215,0.0,-0.2244771874966535,2.7546530735175976,-0.8033166460183234
4521200.59,-4.277260916841362,1.7299670488600902,0.0,-0.22366467976029397,2.756220004057068,-0.8025882754366865
4573574.03,-4.27409354907514,1.733136654138815,0.0,-0.22283665982551676,2.7578171241391907,-0.8018438101748576
4626554.16,-4.2708634254817905,1.7363690499353788,0.0,-0.22199295371878827,2.759444903425567,-0.8010828997714013
4680148.0,-4.2675695517159715,1.739665247940214,0.0,-0.22113329955836514,2.7611037698003784,-0.8003052223018012
4734362.68,-4.264210893807562,1.7430262994685601,0.0,-0.22025747122704348,2.7627941853556317,-0.7995104146600275
4789205.38,-4.260786435060612,1.7464531518361037,0.0,-0.2193653117187459,2.7645165541577437,-0.7986980906028953
4844683.38,-4.2572951619205925,1.7499468879777118,0.0,-0.2184565432377394,2.766271387211628,-0.7978679559961722
4900804.03,-4.253736035701573,1.7535085118891987,0.0,-0.21753095667142133,2.768059067884976,-0.7970195993243552
4957574.78,-4.250108006890342,1.7571391077739917,0.0,-0.21658832707625728,2.7698800702230826,-0.7961526353728292
5015003.16,-4.246410057743219,1.7608396586856354,0.0,-0.21562844572854814,2.771734839217537,-0.7952667348033531
5073096.78,-4.242641131525367,1.7646112213589913,0.0,-0.21465112276143614,2.773623819919372,-0.7943614757989458
5131863.37,-4.238800189284678,1.7684548694364297,0.0,-0.2136560982544006,2.775547433148769,-0.7934364654579401
5191310.7,-4.234886167473814,1.7723716317751168,0.0,-0.21264318187755651,2.7775061368299196,-0.79249132317725
5251446.67,-4.23089803464768,1.7763625571653006,0.0,-0.21161216702703933,2.7795003452849687,-0.7915256210926265
5312279.25,-4.226834706702123,1.7804287297111867,0.0,-0.21056284687593646,2.781530517913467,-0.7905389413263441
5373816.52,-4.222695160084308,1.784571172965653,0.0,-0.20949499704465885,2.7835970687795113,-0.7895308987692009
5436066.63,-4.218478332929219,1.7887909487937792,0.0,-0.20840841114786082,2.785700389273299,-0.7885010293316563
5499037.84,-4.2141831675815595,1.7930890975057707,0.0,-0.20730293589820745,2.787840968998196,-0.7874489355942188
5562738.51,-4.209808624790609,1.7974666930426748,0.0,-0.20617831289810762,2.7900191521983646,-0.7863741462575803
5627177.09,-4.205353641480302,1.801924798480635,0.0,-0.20503435420109034,2.7922353812520746,-0.7852762285703517
5692362.12,-4.20081717317974,1.806464423600297,0.0,-0.20387092453609806,2.794490075756852,-0.7841547276204552
5758302.25,-4.196198180000708,1.8110866256350882,0.0,-0.20268778355506364,2.7967835744062572,-0.7830091652161033
5825006.23,-4.1914956408058694,1.8157924430675745,0.0,-0.2014847621747336,2.7991163107568506,-0.7818391055145407
5892482.91,-4.186708497004482,1.8205828997982132,0.0,-0.2002617080687522,2.801488655169339,-0.7806440473023761
5960741.24,-4.181835751167874,1.8254590279460876,0.0,-0.199018399774242,2.803900963197546,-0.7794235354772157
6029790.26,-4.176876354573464,1.8304218588886787,0.0,-0.19775470360272318,2.8063536110733134,-0.7781770485819149
6099639.15,-4.171829305751659,1.8354724114408274,0.0,-0.19647045140682054,2.8088469601905115,-0.7769040973428621
6170297.17,-4.166693608363545,1.8406116472511258,0.0,-0.1951654918321519,2.811381347291926,-0.775604208208651
6241773.68,-4.16146824324923,1.8458406201699273,0.0,-0.19383965761457106,2.813957083319977,-0.7742768055354777
6314078.18,-4.156152280738997,1.8511602598670531,0.0,-0.19249278094465821,2.816574505898016,-0.7729214650863054
6387220.25,-4.150744712406286,1.8565715400786695,0.0,-0.1911248176166836,2.8192339623168508,-0.7715376046214973
6461209.6,-4.1452446054084735,1.8620754283379404,0.0,-0.18973554788006414,2.821935691466913,-0.7701247152489079
6536056.03,-4.139651004438262,1.8676728799522446,0.0,-0.18832485785180816,2.824679975540538,-0.7686822377364865
6611769.49,-4.133962959870713,1.8733648445466091,0.0,-0.18689266932824522,2.827467155759518,-0.7672096418846641
6688360.0,-4.128179597715852,1.879152161420587,0.0,-0.18543885041123204,2.830297380299887,-0.7657063684680658
6765837.74,-4.122300007789581,1.8850357754488598,0.0,-0.18396330639631284,2.8331709529046956,-0.7641718710595218
6844212.98,-4.116323313708054,1.8910165630153661,0.0,-0.1824659597612988,2.836088131974286,-0.7626056091976213
6923496.11,-4.110248645001955,1.8970953772442418,0.0,-0.1809467151288631,2.8390490490513582,-0.7610069566782528
7003697.66,-4.1040751790059025,1.9032730581462274,0.0,-0.17940547809203164,2.842053907550159,-0.7593753713118965
7084828.26,-4.097802099034341,1.9095504050616894,0.0,-0.17784224227127826,2.845102923759036,-0.7577102764260715
7166898.67,-4.091428622293725,1.9159282181295518,0.0,-0.1762568959798858,2.8481961902175468,-0.7560110761081101
7249919.79,-4.084953958162672,1.922407270625981,0.0,-0.17464945095051515,2.8513338989099326,-0.7542771773334407
7333902.62,-4.078377377784657,1.9289883087529138,0.0,-0.17301984901249,2.8545161281076314,-0.752507970342227
7418858.3,-4.071698158419726,1.9356720379050685,0.0,-0.17136806688958378,2.857742967103349,-0.7507028623086952
7504798.11,-4.064915625132999,1.942459150362759,0.0,-0.16969411756948413,2.861014497850536,-0.7488612299182952
7591733.44,-4.058029095275625,1.9493503287749423,0.0,-0.16799796079855117,2.8643307553648034,-0.7469824657913071
7679675.82,-4.051037947851931,1.9563461941374005,0.0,-0.16627964493178968,2.8676917978781664,-0.7450659588089735
7768636.93,-4.043941581861123,1.9634473301056754,0.0,-0.16453918277471055,2.8710975782199517,-0.7431110653395643
7858628.56,-4.036739430133662,1.97065430384938,0.0,-0.16277664065766595,2.8745481185094155,-0.7411171740023682
7949662.65,-4.029430959282133,1.9779676834468138,0.0,-0.1609920326705782,2.878043358308436,-0.739083642191046
8041751.28,-4.02201565584565,1.9853879476681957,0.0,-0.15918546008396386,2.8815832155256675,-0.7370098077735076
8134906.65,-4.0144930676573685,1.9929155486804595,0.0,-0.15735698959354064,2.885167594201145,-0.7348950559271433
8229141.14,-4.006862748551484,2.000550949994927,0.0,-0.1555067059817037,2.8887963818860465,-0.7327387259094164
8324467.24,-3.9991243272377814,2.0082945055564956,0.0,-0.15363472880553453,2.8924694144680956,-0.7305401801060671
8420897.59,-3.9912774520311496,2.016146601741266,0.0,-0.15174116096760898,2.896186536941215,-0.7282987742323443
8518444.98,-3.983321804569547,2.0241075048750585,0.0,-0.14982615684968792,2.8999474949636888,-0.7260138332389439
8617122.36,-3.975257099725275,2.0321775347765776,0.0,-0.1478898547558038,2.903752091504198,-0.7236847019718158
8716942.82,-3.9670831129390143,2.040356916005268,0.0,-0.14593242768813536,2.9076000657823657,-0.7213107220889613
8817919.59,-3.9587996936903918,2.048645781736143,0.0,-0.1439540483648585,2.9114911010967672,-0.7188912709957678
8920066.08,-3.9504066420004573,2.057044349293744,0.0,-0.14195490772344155,2.9154248703160404,-0.7164256132988523
9023395.83,-3.9419039001567584,2.0655526590451534,0.0,-0.1399352313567712,2.919401046160442,-0.7139131557585146
9127922.54,-3.933291415447584,2.07417076370218,0.0,-0.13789524509470752,2.9234192433366597,-0.7113532345397717
9233660.09,-3.9245691401660254,2.0828987283173652,0.0,-0.13583517497838998,2.927479018814369,-0.708745115518613
9340622.5,-3.9157371815797246,2.0917364282776614,0.0,-0.13375528165564976,2.931579942476496,-0.7060882325431883
9448823.96,-3.906795596872901,2.1006838063989433,0.0,-0.1316558435605705,2.935721531856656,-0.7033818818971415
9558278.82,-3.897744502255506,2.1097407638169456,0.0,-0.12953715686491743,2.939903302656223,-0.7006253819743601
9669001.6,-3.8885841270298203,2.1189070538839356,0.0,-0.12739949945561396,2.9441246808715733,-0.6978181275320238
9781006.99,-3.879314690807922,2.12818245698795,0.0,-0.12524318454338215,2.9483850835639065,-0.6949594420325756
9894309.85,-3.8699364984868465,2.1375666508864537,0.0,-0.12306861287375112,2.9526839617100675,-0.692048697949865
10008925.2,-3.8604498720422633,2.1470593656406955,0.0,-0.12087604519639578,2.957020622054644,-0.689085211217556
10124868.3,-3.8508552180751976,2.1566601426129486,0.0,-0.11866589889037611,2.9613944131395704,-0.6860683716362487
10242154.4,-3.8411529732522807,2.166368562482291,0.0,-0.11643855685635399,2.9658046702749843,-0.6829975509363369
10360799.2,-3.8313436446088494,2.1761841008678524,0.0,-0.11419440123576757,2.9702506204648875,-0.6798721183612666
10480818.3,-3.8214277956258242,2.186106228980113,0.0,-0.1119338321462273,2.974731513171024,-0.6766914520446801
10602227.8,-3.8114060054477923,2.1961343503289616,0.0,-0.10965728382423218,2.9792465700347375,-0.6734549358815435
10725043.6,-3.8012789494684873,2.20626777217508,0.0,-0.10736520772847812,2.9837949453940746,-0.6701619654905157
10849282.2,-3.791047331515134,2.2165058080370286,0.0,-0.10505803781762071,2.9883758013348025,-0.6668119554801549
10974959.9,-3.780711937304706,2.2268476548522314,0.0,-0.10273625990090318,2.9929882207194147,-0.6634043059662771
11102093.5,-3.770273580254419,2.2372925165492767,0.0,-0.10040034222619794,2.9976313443048825,-0.6599384855294073
11230699.7,-3.759733114623702,2.2478395215231175,0.0,-0.09805080483105938,3.0023041968010364,-0.6564138704468596
11360795.8,-3.74909148867719,2.258487738854945,0.0,-0.09568813259008874,3.0070058187857547,-0.6528299473407198
11492398.9,-3.7383496905841795,2.269236163029817,0.0,-0.09331282705879312,3.0117351871997777,-0.6491861971111688
11625526.4,-3.727508734728179,2.280083762318513,0.0,-0.09092551202424284,3.0164913310810753,-0.6454820567383177
11760196.1,-3.7165697280581584,2.2910294644637066,0.0,-0.08852661844095053,3.0212731184051407,-0.6417170355004842
11896425.9,-3.7055338028564364,2.3020721198373812,0.0,-0.08611676898966558,3.0260795490954697,-0.6378906602684232
12034233.7,-3.6944021430382534,2.313210544524381,0.0,-0.08369651584194852,3.0309094757957604,-0.6340024154294345
12173637.8,-3.6831760235165696,2.3244434462659886,0.0,-0.08126644545369723,3.0357617978831577,-0.6300519061634717
12314656.8,-3.671856729947826,2.3357695740975055,0.0,-0.07882710915284616,3.0406353257141987,-0.6260386424638452
12457309.4,-3.660445571763018,2.347187601242193,0.0,-0.07637912718166857,3.045528928992866,-0.6219622005690033
12601614.5,-3.6489440140825153,2.358696027888008,0.0,-0.07392315397653289,3.0504414135015585,-0.6178222316370157
12747591.1,-3.6373534652867856,2.3702934803462683,0.0,-0.07145973893972317,3.0553715674337374,-0.6136183481477436
12895258.8,-3.6256754222826255,2.381978444364353,0.0,-0.0689895353283183,3.0603181259284162,-0.6093501462357463
13044637.0,-3.613911430253347,2.393749392104912,0.0,-0.06651316100566973,3.0652799032870215,-0.60501735017644
13195745.7,-3.6020630953230732,2.4056047000979706,0.0,-0.06403123287346048,3.070255561401995,-0.6006196284305656
13348604.8,-3.5901320577148788,2.417542710774543,0.0,-0.06154445451242392,3.075243904295229,-0.5961567390082613
13503234.6,-3.57812000446354,2.429561771791786,0.0,-0.059053406834816725,3.0802435736233544,-0.5916283949967509
13659655.6,-3.566028629637082,2.441660154389801,0.0,-0.05655879182021962,3.085253306071544,-0.5870343598615206
13817888.6,-3.553859751810439,2.453836074685639,0.0,-0.05406120639869435,3.0902717358038845,-0.5823744547195535
13977954.5,-3.541615143258971,2.466087725712005,0.0,-0.05156135106378763,3.0952975868234756,-0.5776485100476818
14139874.7,-3.529296699628068,2.478413211823522,0.0,-0.04905989085669706,3.100329515752698,-0.5728564130724777
14303670.5,-3.516906295646244,2.4908106582916694,0.0,-0.04655749005635031,3.1053661731399362,-0.567998024791915
14469363.8,-3.5044458631104236,2.503278168011616,0.0,-0.044054742620650164,3.1104062052060626,-0.5630732945737976
14636976.4,-3.49191740328243,2.515813670337379,0.0,-0.0415524330064547,3.115448278377762,-0.5580821750339293
14806530.6,-3.479322895450285,2.5284152553651538,0.0,-0.03905110153701748,3.120491021628125,-0.5530246647259566
14978049.0,-3.466664413423262,2.5410808145935757,0.0,-0.0365514615878853,3.125533066836011,-0.5479007906545518
15151554.2,-3.4539440212444013,2.55380824928739,0.0,-0.034054225756232515,3.1305731007735416,-0.5427106257299178
15327069.3,-3.4411638376226685,2.5665955101220246,0.0,-0.031559932149747505,3.135609734568831,-0.5374542922970592
15504617.6,-3.4283260095736434,2.5794403806974557,0.0,-0.029069361375121026,3.1406416415039202,-0.5321318994313451
15684222.5,-3.415432712031825,2.5923407207713858,0.0,-0.026583067358214047,3.145667427761415,-0.5267436396318141
15865908.0,-3.4024861474667007,2.6052943278743372,0.0,-0.024101759808279926,3.15068581536122,-0.5212897276786062
16049698.2,-3.3894885839983546,2.618298899193869,0.0,-0.021626060599895337,3.155695434829784,-0.5157704750360195
16235617.3,-3.376442226607313,2.6313522644417553,0.0,-0.01915659109969015,3.1606949802096214,-0.5101861246681755
16423690.2,-3.3633494093369904,2.644452089574576,0.0,-0.016693971873559737,3.16568311676357,-0.5045370553154339
16613941.7,-3.3502124153206503,2.6575960567666375,0.0,-0.014238857491618271,3.1706585519091957,-0.4988236376509382
16806397.0,-3.3370335790367682,2.670781831539376,0.0,-0.011791849777176726,3.1756199814885386,-0.4930463001719848
17001081.8,-3.323815285760327,2.6840070633102195,0.0,-0.009353549932235488,3.1805661538736683,-0.48720554063121313
17198021.7,-3.310559869292767,2.6972694182777266,0.0,-0.006924489001108371,3.185495754990818,-0.4813018477119832
17397243.0,-3.2972697391642534,2.7105664175266475,0.0,-0.004505405686470604,3.190407639203592,-0.4753358159904719
17598772.1,-3.283947329200247,2.7238956966164896,0.0,-0.00209674305209199,3.195300485959534,-0.46930804629095346
17802635.7,-3.2705950339034295,2.737254826351986,0.0,0.00030088291274933936,3.20017312153512,-0.4632191780958851
18008860.8,-3.257215309719573,2.7506413676335817,0.0,0.0026869262032780026,3.2050243719151106,-0.4570699304848078
18217474.9,-3.2438106113360106,2.7640528484275837,0.0,0.005060841372448292,3.209853021400819,-0.4508610143456838
18428505.5,-3.2303833915661846,2.7774867985741376,0.0,0.007422083503585749,3.2146579789725322,-0.4445932639019856
18641980.7,-3.216936164138704,2.790940756383548,0.0,0.009770160262796982,3.2194381036810777,-0.4382675075603249
18857928.8,-3.203471390069792,2.8044121914541513,0.0,0.012104527715890389,3.224192285543295,-0.4318846218050329
19076378.4,-3.1899915532024767,2.8178986719818884,0.0,0.014424729166929991,3.228919465491021,-0.42544552267606583
19297358.5,-3.176499197488912,2.831397636668174,0.0,0.016730273643833195,3.233618601737291,-0.4189512387129488
19520898.5,-3.1629968014101,2.844906589685518,0.0,0.01902067060762019,3.238288668409861,-0.4124027493319652
19747027.9,-3.149486878248581,2.858423035097681,0.0,0.021295499246492718,3.242928668466293,-0.40580113261510503
19975776.8,-3.135971963271133,2.8719444202913786,0.0,0.02355430443911259,3.247537644216603,-0.39914752836433726
20207175.5,-3.1224545388195795,2.88546828027112,0.0,0.0257966661300835,3.252114665214072,-0.3924430510730392
20441254.8,-3.1089371588905013,2.8989920436937795,0.0,0.028022181808200007,3.2566588118661906,-0.3856889499806073
20678045.6,-3.095422324468124,2.9125132269214973,0.0,0.030230449387442692,3.2611692259985725,-0.3788864484645172
20917579.4,-3.0819125705763173,2.9260292775838344,0.0,0.03242111882787149,3.2656450252716898,-0.37203686651572615
21159887.9,-3.068410379401725,2.9395377308405375,0.0,0.03459378863293702,3.2700854639030474,-0.3651415216954442
21405003.4,-3.054918279436811,2.9530360235060464,0.0,0.036748109219539644,3.2744897067602112,-0.358201792473704
21652958.2,-3.041438771119256,2.9665216724890624,0.0,0.038883800517747716,3.278856974912978,-0.35121910294166103
21903785.3,-3.0279743270213655,2.9799922225636872,0.0,0.041000479047547556,3.2831866425130602,-0.3441948989969213
22157518.1,-3.0145274657835133,2.993445120396396,0.0,0.04309788217252612,3.287477948429456,-0.3371307102055859
22414190.0,-3.0011006413092662,3.0068779294300274,0.0,0.04517573036722468,3.2917302496708833,-0.33002805060808027
22673835.2,-2.9876963412734097,3.0202881793362613,0.0,0.04723374426598405,3.2959429520553902,-0.32288851698510707
22936488.2,-2.974317001233502,3.033673399864307,0.0,0.04927166161164004,3.3001154291878616,-0.31571369093519464
23202183.7,-2.960965066110341,3.0470311634398146,0.0,0.051289272268032954,3.304247126699333,-0.30850523552755205
23470957.0,-2.9476429535464788,3.060359035073531,0.0,0.053286297000682145,3.30833754930272,-0.30126481122987026
23742843.8,-2.9343530906689717,3.07365462233148,0.0,0.05526259490184167,3.3123861752743275,-0.2939941478446903
24017880.1,-2.9210978654152027,3.0869155025829675,0.0,0.0572179039955966,3.3163925941623997,-0.2866949955750304
24296102.4,-2.9078796511486242,3.100139302464406,0.0,0.059152100436847675,3.320356304392379,-0.2793691023648177
24577547.7,-2.8947007825715754,3.1133237219666112,0.0,0.0610650261325706,3.324276932546702,-0.27201823671266123
24862253.1,-2.8815636286871094,3.126466340046494,0.0,0.06295648794531121,3.3281541477099594,-0.26464429560877833
25150256.7,-2.868470495920529,3.1395649023185905,0.0,0.06482637956978432,3.3319876009995104,-0.2572490782507064
25441596.4,-2.8554236527882093,3.152617105573101,0.0,0.06667459401853416,3.3357769630366945,-0.2498344514821277
25736311.0,-2.84242536639788,3.165620682702172,0.0,0.06850099006533367,3.339521984815381,-0.2424022921785433
26034439.6,-2.829477890505174,3.178573397296742,0.0,0.07030551261644682,3.343222418462432,-0.2349545337821364
26336021.6,-2.8165834176449653,3.1914730394751336,0.0,0.07208807178970696,3.3468780390579163,-0.22749307137249153
26641097.2,-2.803744151643362,3.204317422757836,0.0,0.07384859509295856,3.350488696830304,-0.2200198691654262
26949706.8,-2.790962223786615,3.217104398511767,0.0,0.0755870440405176,3.3540541958865577,-0.2125368414153117
27261891.3,-2.778239777171738,3.229831840986541,0.0,0.07730339750056525,3.357574426884942,-0.20504598339896898
27577692.1,-2.7655788831270147,3.242497661507037,0.0,0.07899759951665014,3.3610492912307732,-0.19754922924038773
27897151.2,-2.752981613393345,3.2550997883322275,0.0,0.0806696113451169,3.3644787477008347,-0.1900485707137217
28220310.9,-2.740449992602328,3.2676362141771738,0.0,0.08231951455573366,3.3678626858417156,-0.18254598622027332
28547214.0,-2.727985998732789,3.2801049610629613,0.0,0.08394725289813243,3.3712011493033818,-0.17504344113855475
28877904.0,-2.715591575439249,3.292504050641409,0.0,0.08555287272070056,3.374494089617597,-0.16754291169689006
29212424.6,-2.703268656134175,3.304831584193499,0.0,0.08713640366759648,3.3777415661698655,-0.1600463856439655
29550820.4,-2.691019104986401,3.31708569755032,0.0,0.08869789204255896,3.3809436435961313,-0.1525558380883708
29893136.1,-2.678844764833978,3.329264513180108,0.0,0.09023738359479976,3.3841003623318326,-0.14507323274652448
30239417.2,-2.6667474220439455,3.3413662967561644,0.0,0.09175497625778205,3.387211842143893,-0.13760052164550698
30589709.6,-2.6547288306216017,3.3533892595794637,0.0,0.09325069820027969,3.3902782072675013,-0.1301396458883183
30944059.8,-2.6427907007955542,3.3653316914212983,0.0,0.094724646399485,3.393299615652241,-0.12269257063043189
31302514.7,-2.630934699456067,3.377191925391304,0.0,0.09617690045088989,3.3962762058621947,-0.11526118092178365
31665122.0,-2.61916245058955,3.388968354849821,0.0,0.09760759139068154,3.3992081616865994,-0.10784739822745956
32031929.7,-2.6074755122547275,3.4006594043911886,0.0,0.09901681533093774,3.4020956883197333,-0.10045309925948195
32402986.5,-2.5958754591447546,3.4122635166690243,0.0,0.10040471999643419,3.4049389835913946,-0.0930801869188034
32778341.6,-2.5843637188757604,3.42377926406713,0.0,0.10177138409312518,3.407738341297719,-0.08573046132371515
33158044.8,-2.5729417599873146,3.4352051606989726,0.0,0.10311693734930938,3.410493973198356,-0.07840574984869111
33542146.5,-2.5616109518292864,3.446539854561486,0.0,0.10444157822176167,3.4132061359672967,-0.07110785962757313
33930697.6,-2.550372635248019,3.4577819874613485,0.0,0.10574536739536324,3.4158751756291528,-0.06383855556317046
34323749.7,-2.5392281112718407,3.4689302583701447,0.0,0.10702853691893396,3.418501293642078,-0.05659957219086579
34721354.9,-2.528178606641113,3.479983475241262,0.0,0.10829119906307583,3.42108490161149,-0.04939262543330518
35123565.9,-2.5172252976253877,3.4909404271112487,0.0,0.1095335335642407,3.4236262721230686,-0.042219378576062144
35530436.1,-2.5063693452454947,3.5017999529591863,0.0,0.11075568607951851,3.42612577903945,-0.03508151215978497
35942019.5,-2.4956118028826006,3.5125610340977116,0.0,0.11195788811351769,3.4285837198373956,-0.027980573853200352
36358370.6,-2.4849537211343224,3.5232225852352625,0.0,0.1131402672952447,3.431000516684179,-0.020918198744160454
36779544.8,-2.4743960786618278,3.5337836624045007,0.0,0.11430303754163595,3.4333765150037827,-0.013895890140913948
37205597.8,-2.4639397942814725,3.5442432774011765,0.0,0.11544634269241677,3.4357120817861926,-0.0069151470774346455
37636586.2,-2.453585750481987,3.5546006518182645,0.0,0.11657044847558751,3.438007645012134,2.255833053841768e-05
38072567.1,-2.443334747722515,3.564854881114752,0.0,0.11767546358327771,3.4402635794456,0.006915838085871593
38513598.5,-2.4331875854814284,3.575005235200085,0.0,0.11876165283324593,3.4424802981711244,0.013763284195713666
38959738.7,-2.4231449590388925,3.5850510187940667,0.0,0.11982921144079549,3.4446582354612043,0.02056357189206725
39411047.0,-2.4132075289835573,3.5949915366140157,0.0,0.1208783168179038,3.44679779515869,0.02731542463742196
39867583.3,-2.403375932958206,3.6048261510170714,0.0,0.12190918085119115,3.44889940234842,0.03401756781745715
40329408.0,-2.3936507057868655,3.614554361873146,0.0,0.12292204990902944,3.450963503350337,0.04066880861378238
40796582.5,-2.3840323601381983,3.6241756565135486,0.0,0.12391710125543347,3.4529905539526116,0.04726800130549992
41269168.8,-2.3745213410591974,3.6336895551972095,0.0,0.12489456276662426,3.454980980190469,0.05381401224012045
41747229.5,-2.3651180720356306,3.643095634438294,0.0,0.12585462839805472,3.4569352173731875,0.06030578866704964
42230828.0,-2.3558228868245354,3.6523936125207883,0.0,0.12679756105477574,3.4588537509788346,0.06674230048717814
42720028.5,-2.3466361096571124,3.661583113172364,0.0,0.1277235364601569,3.460737013303346,0.07312256340885451
43214895.8,-2.337557953032527,3.67066395858787,0.0,0.12863279978710299,3.462585475107172,0.07944568369359668
43715495.7,-2.3285886546292405,3.679635893741775,0.0,0.12952556107428936,3.464399588488946,0.08571074417854183
44221894.6,-2.319728352427039,3.6884987806542444,0.0,0.13040204751966256,3.4661798269518136,0.0919169061827642
44734159.5,-2.3109771645904775,3.697252518507723,0.0,0.13126248639929733,3.4679266451794843,0.09806338692893822
45252358.5,-2.3023351216697856,3.7058970594049025,0.0,0.13210710429438893,3.469640496612116,0.10414945849840047
45776560.3,-2.2938022575529198,3.714432369457772,0.0,0.13293607661997503,3.4713218901251075,0.11017440271269356
46306834.5,-2.285378530371405,3.722858507881841,0.0,0.13374969847679583,3.4729712421375636,0.11613756726748359
46843251.3,-2.2770638567537347,3.731175540701498,0.0,0.1345481276070094,3.4745890587390935,0.12203835435539481
47385882.0,-2.268858100756776,3.7393836212069305,0.0,0.13533162461801118,3.4761757877998973,0.1278762087890213
47934798.4,-2.2607611079240515,3.7474828865074956,0.0,0.1361003981799295,3.4777318929636536,0.13365059536390902
48490073.5,-2.252772660342292,3.7554735718635106,0.0,0.13685469150451743,3.479257825153596,0.1393610552053986
49051780.9,-2.244892499424482,3.7633559185148697,0.0,0.13759469588621331,3.480754074004908,0.1450071486237446
49619995.1,-2.2371203373217337,3.771130231657522,0.0,0.13832065424112772,3.4822210651157564,0.15058851230063935
50194791.5,-2.2294558458122395,3.778796839513243,0.0,0.13903277492676028,3.4836593085905094,0.15610475599597173
50776246.3,-2.2218986452427654,3.7863561217352504,0.0,0.1397312832370235,3.4850692048428322,0.16155563365539613
51364436.6,-2.2144483159362394,3.7938084806534764,0.0,0.14041636991376139,3.4864512502669625,0.16694086047275236
51959440.5,-2.2071044319297557,3.8011543595779083,0.0,0.14108827733019688,3.487805888802122,0.1722601934455909
52561336.9,-2.199866482642609,3.8083942517421034,0.0,0.1417472130393567,3.4891335404886323,0.17751349821411305
53170205.7,-2.1927339738125817,3.815528703449616,0.0,0.14239340266184122,3.49043469839121,0.18270060239656324
53786127.6,-2.1857063491885502,3.8225582015630613,0.0,0.14302703559649968,3.491709757828554,0.18782140813800546
54409184.3,-2.1787830242229864,3.8294833653241787,0.0,0.14364831988764887,3.4929591984740327,0.1928758469624979
55039458.5,-2.1719633861345,3.836304824861479,0.0,0.14425749730794787,3.4941834250507875,0.19786390250274788
55677033.7,-2.165246793965127,3.8430232037857754,0.0,0.14485477482939244,3.4953828641986573,0.20278556475772364
56321994.6,-2.1586325674961024,3.8496391649686683,0.0,0.14544029107198303,3.4965579985059554,0.20764087539072995
56974426.7,-2.1521200207209694,3.85615341176373,0.0,0.14601428749430168,3.4977091958410784,0.21242992842834973
57634416.6,-2.145708406205022,3.8625667262999337,0.0,0.1465770227991212,3.4988368916846073,0.21715281181620816
58302051.7,-2.1393970041395236,3.8688797589974233,0.0,0.14712861738925978,3.4999414978108105,0.22180964379735335
58977420.7,-2.1331849889269434,3.8750934048423007,0.0,0.14766931330124045,3.5010234422792834,0.22640064926177617
59660613.2,-2.127071618119013,3.8812083368942036,0.0,0.14819928192513912,3.50208309557911,0.23092595938995691
60351719.7,-2.1210560324605634,3.88722548379691,0.0,0.1487187310142221,3.5031209070079243,0.23538584577476607
61050832.0,-2.11513741134974,3.8931456314579407,0.0,0.14922784942589495,3.5041372398955946,0.239780542136453
61758042.8,-2.1093148618937048,3.8989696727701206,0.0,0.1497268265194564,3.5051325023950772,0.24411034385558597
62473445.9,-2.103587540797127,3.9046984510287692,0.0,0.1502158345275239,3.5061070734925055,0.24837554300873682
63197136.2,-2.097954521410724,3.9103329275774765,0.0,0.15069509735101935,3.5070613486621554,0.2525764815643031
63929209.8,-2.0924149154890697,3.9158739212729894,0.0,0.15116473473725534,3.507995677219534,0.25671350931619813
64669763.6,-2.086967773579426,3.9213224509567084,0.0,0.15162500513643257,3.508910464814906,0.2607869810053691
65418896.0,-2.0816121513570307,3.9266794262590414,0.0,0.15207601170076188,3.509806076611291,0.26479733794698707
66176706.3,-2.076347109521816,3.931945803827225,0.0,0.15251799480244163,3.510682848893922,0.2687449601308628
66943295.0,-2.0711716475476596,3.9371225668401815,0.0,0.1529510918620418,3.51154116284611,0.27263031213202954
67718763.9,-2.066084813960049,3.9422106841196047,0.0,0.15337547493649653,3.5123813650095252,0.2764538441735837
68503215.8,-2.0610856069954977,3.9472111400817687,0.0,0.1537913495028551,3.5132037787642445,0.2802160118146666
69296754.8,-2.056173007675678,3.9521249710521973,0.0,0.1541988363734948,3.5140087894424843,0.2839173452362183
70099486.0,-2.051346023764512,3.9569531519197474,0.0,0.1545981068287648,3.514796719452396,0.28755832563858813
70911516.1,-2.0466036456297543,3.961696709663858,0.0,0.15498934974506756,3.515567896432323,0.2911394634864687
71732952.8,-2.0419448352145975,3.966356682341333,0.0,0.1553727195520479,3.5163226419076468,0.29466132088163854
72563904.9,-2.0373685589705173,3.970934103500683,0.0,0.15574837063968597,3.517061288355735,0.2981244445052623
73404482.7,-2.0328737877557304,3.9754299849364823,0.0,0.15611643999908403,3.517784156496461,0.3015293884409383
74254797.8,-2.028459474793849,3.979845390772306,0.0,0.15647711630957167,3.5184915382661694,0.30487673619656486
75114962.9,-2.024124588526412,3.9841813525666185,0.0,0.15683053677763836,3.519183759319003,0.3081670564699738
75985092.1,-2.0198680796078565,3.9884389196649757,0.0,0.15717683857406478,3.5198611222279865,0.3114009588629231
76865300.9,-2.0156888918171263,3.992619148288419,0.0,0.15751617586326888,3.520523923557573,0.3145790488675768
77755706.0,-2.011585983886516,3.996723062357436,0.0,0.15784870245896754,3.521172442507709,0.31770191739076076
78656425.5,-2.007558296547762,4.000751755834719,0.0,0.15817457306935565,3.5218069636440283,0.32077021912133774
79567578.9,-2.003604785307484,4.004706238519201,0.0,0.15849389001392572,3.522427799625124,0.3237845488801491
80489287.0,-1.9997244093953386,4.008587551181218,0.0,0.15880679027430508,3.523035217391074,0.3267455435158364
81421672.2,-1.9959161207439657,4.012396793929782,0.0,0.1591134798643844,3.5236294665843824,0.3296538474810137
82364858.2,-1.992178852998832,4.01613498107777,0.0,0.15941402662912385,3.5242108306355635,0.33251012381308204
83318969.9,-1.988511576078554,4.019803160053769,0.0,0.15970858479082253,3.524779587048275,0.335314988214669
84284134.1,-1.9849132523552873,4.023402385832855,0.0,0.15999730855150668,3.525335956315938,0.3380691209654066
85260478.7,-1.98138283659307,4.026933668956518,0.0,0.16028026597328432,3.525880249517048,0.3407731534661852
86248133.2,-1.9779193195148768,4.030398036049015,0.0,0.16055762822913597,3.5264126696576166,0.343427738162262
87247228.7,-1.9745216513361648,4.033796554242118,0.0,0.16082953239815562,3.5269334649452015,0.3460335568987597
88257897.7,-1.9711887962634718,4.037130224634809,0.0,0.16109604646934703,3.527442923090414,0.3485912550750474
89280274.2,-1.967919765077365,4.04040008848823,0.0,0.16135737622647886,3.5279412124446443,0.3511014998171042
90314493.9,-1.9647135387402883,4.043607112798223,0.0,0.16161357226255085,3.5284285862903535,0.35356495424532036
91360694.0,-1.9615691010422385,4.046752313774787,0.0,0.1618647371852457,3.5289053204105425,0.3559822561790004
92419013.2,-1.958485449409313,4.049836746033536,0.0,0.1621110426527279,3.529371593979292,0.35835410940151713
93489592.0,-1.9554616274488892,4.052861313925364,0.0,0.16235257324701302,3.5298276030044478,0.3606811376739023
94572572.3,-1.9524966051770174,4.055827099475946,0.0,0.1625894665307662,3.5302736170907063,0.3629640158544705
95668097.8,-1.9495894312820354,4.058735001955219,0.0,0.16282177299153167,3.5307098432938746,0.36520338566981436
96776313.8,-1.9467391351172387,4.061586026704366,0.0,0.163049663887268,3.5311364431314907,0.3673999196856067
97897367.4,-1.9439447484012564,4.064381107310263,0.0,0.16327320700798145,3.5315536347150083,0.36955426558727367
99031407.2,-1.9412053160152556,4.067121233586233,0.0,0.1634925225043711,3.5319616530244065,0.37166705805745304
100178584.0,-1.9385199067813672,4.06980733671015,0.0,0.1637077298582397,3.5323606421832903,0.37373896466862033
101339049.0,-1.9358875916600948,4.072440328374248,0.0,0.16391889714053487,3.532750825581351,0.3757706056523647
102512957.0,-1.933307411138491,4.075021168091476,0.0,0.16412612677469485,3.533132398127476,0.3777626431893047
103700464.0,-1.9307784837013977,4.0775507547242436,0.0,0.16432953852617455,3.5335055319340007,0.3797156842640706
104901727.0,-1.928299886370435,4.080030011250938,0.0,0.16452923478848142,3.533870399013341,0.381630377449117
106116905.0,-1.9258707197642386,4.082459802358397,0.0,0.1647252662318038,3.534227176954006,0.38350735917258844
107346159.0,-1.9234901188541311,4.084841027769805,0.0,0.16491776991715046,3.5345760488892193,0.3853472089634363
108589654.0,-1.9211571770166054,4.0871745941086814,0.0,0.16510683118726358,3.534917180869073,0.387150582052349
109847553.0,-1.9188710435409355,4.089461317391226,0.0,0.1652925176852393,3.5352507105150943,0.3889180891908932
111120023.0,-1.9166308585269118,4.0917021095594315,0.0,0.16547494975182295,3.5355768547025463,0.3906503051050626
112407234.0,-1.9144357636803213,4.093897794212976,0.0,0.16565419501068807,3.535895750869348,0.39234784833293895
113709355.0,-1.9122849347424353,4.096049212957852,0.0,0.1658303561030436,3.536207542057367,0.3940113147974434
115026561.0,-1.9101775381165043,4.098157182043548,0.0,0.16600348394299194,3.536512410907089,0.3956412871934677
116359024.0,-1.9081127741178312,4.100222518502034,0.0,0.1661737322046084,3.5368104379256797,0.3972383483717446
117706923.0,-1.9060898119905092,4.10224603574193,0.0,0.16634108371177123,3.537101884998277,0.3988030670318859
119070437.0,-1.90410787642382,4.104228526421234,0.0,0.16650572615146703,3.537386775805089,0.40033602446467853
120449744.0,-1.902166171764953,4.106170786192748,0.0,0.16666765967957875,3.537665338113509,0.4018377883996585
121845030.0,-1.9002639252462592,4.10807358782412,0.0,0.1668270376010207,3.5379376577905615,0.403308892432541
123256479.0,-1.8984003761175063,4.109937657371047,0.0,0.16698382536386933,3.5382039284983535,0.4047499035088245
124684278.0,-1.8965747755994449,4.111763795654586,0.0,0.16713822829225453,3.5384642020184858,0.4061613653438447
126128616.0,-1.8947863760356283,4.113552715636638,0.0,0.16729024585840357,3.5387186605061114,0.4075438092721221
127589686.0,-1.8930344416607745,4.1153051704297585,0.0,0.16743996358796562,3.538967452041345,0.4088977548004435
129067681.0,-1.8913182485581324,4.117021883950699,0.0,0.1675875007204723,3.539210628296179,0.4102237549340506
130562797.0,-1.8896370954150477,4.118703557512111,0.0,0.16773287437198567,3.5394483769768366,0.41152230616329005
132075232.0,-1.8879902818831975,4.120350891462329,0.0,0.16787618674439717,3.5396807893266278,0.4127939153913071
133605187.0,-1.8863771085503633,4.121964550518991,0.0,0.16801747130673628,3.539907990575,0.4140390886372511
135152865.0,-1.8847969092852523,4.123545252855245,0.0,0.16815686526914228,3.540130066257121,0.41525832132898405
136718471.0,-1.883248997237201,4.125093667974464,0.0,0.1682943683924813,3.540347203878635,0.4164520957033443
138302213.0,-1.8817327187648112,4.12661044951805,0.0,0.16843013388693237,3.540559398202655,0.4176209174284618
139904301.0,-1.8802474102422084,4.1280962437646,0.0,0.16856412747458493,3.54076688200003,0.41876523428998863
141524948.0,-1.8787924735278194,4.1295516662029605,0.0,0.1686964856810845,3.5409696613458266,0.4198855191760498
143164368.0,-1.8773672465086955,4.130977378946087,0.0,0.16882725961848882,3.5411678895656102,0.42098222976198446
144822780.0,-1.87597110015032,4.132374011028485,0.0,0.16895651740808804,3.541361646350209,0.422055847270186
146500402.0,-1.87460344922677,4.1337421303288,0.0,0.16908430982331418,3.5415510226713414,0.4231067978341465
148197458.0,-1.873263687607523,4.135082377672124,0.0,0.16921072265757478,3.541736160435367,0.42413549457918276
149914172.0,-1.871951199029494,4.136395351974257,0.0,0.16933582368801026,3.541917099592587,0.4251424286936617
151650773.0,-1.8706654324985204,4.137681586882079,0.0,0.1694596296451548,3.5420939763707637,0.42612798086616066
153407490.0,-1.8694058052778675,4.1389416998268915,0.0,0.16958227735109405,3.5422668362851817,0.427092586190616
155184557.0,-1.868171756745201,4.140176216736456,0.0,0.16970376618095864,3.5424357928803585,0.42803665767513993
156982210.0,-1.8669627375914641,4.141385704267106,0.0,0.16982418157712503,3.5426009369593814,0.42896058573059825
158800687.0,-1.8657781774954922,4.142570750087321,0.0,0.16994360897263125,3.542762336679769,0.42986480443492425
160640229.0,-1.86461757124881,4.14373182471098,0.0,0.17006206474855007,3.5429200884954133,0.4307496714670166
162501080.0,-1.863480371053772,4.144869510630306,0.0,0.17017965168276722,3.543074260514617,0.4316155984329239
164383487.0,-1.8623660726411582,4.145984277419946,0.0,0.17029636912853302,3.5432249774816844,0.4324629308097312
166287700.0,-1.8612741506586965,4.147076667779458,0.0,0.17041235355102735,3.5433722224843622,0.4332920917440637
168213971.0,-1.8602041232328923,4.148147180929637,0.0,0.17052762231221003,3.5435161542534663,0.43410340436395967
170162556.0,-1.859155465857572,4.14919630668206,0.0,0.17064222580743885,3.543656823797715,0.43489725707690174
172133713.0,-1.8581277297423313,4.150224528521721,0.0,0.1707562497759754,3.5437943048379545,0.4356739739077923
174127704.0,-1.857120423434706,4.151232320553798,0.0,0.1708697449322791,3.54392865405884,0.43643392156268046
176144794.0,-1.8561330666102123,4.1522201631027835,0.0,0.17098277934024103,3.5440599281239953,0.4371774556385448
178185249.0,-1.8551652008089048,4.153188514628602,0.0,0.1710953700162639,3.5441882460362386,0.43790489857610054
180249341.0,-1.854216389412725,4.154137794401999,0.0,0.17120760168307744,3.544313630415392,0.4386165623035321
182337343.0,-1.8532861746167821,4.1550685122698185,0.0,0.17131956041932644,3.544436160588532,0.43931279126196365
184449533.0,-1.8523741096829776,4.155981080275528,0.0,0.1714312795701141,3.544555904481579,0.4399938962238358
186586190.0,-1.8514797804236884,4.156875895259435,0.0,0.17154279281596652,3.544672901779378,0.44066020066409417
188747598.0,-1.8506027514342518,4.157753427320824,0.0,0.17165420289635108,3.544787231679921,0.44131199274455124
190934044.0,-1.8497425983371918,4.158614083489863,0.0,0.1717655434856652,3.544898956461724,0.44194958354247194
193145818.0,-1.8488989292609923,4.159458255638083,0.0,0.17187686560889703,3.5450081270778666,0.4425732629513195
195383213.0,-1.8480713310901984,4.160286356880916,0.0,0.17198823729536902,3.545114800079947,0.44318331950560425
197646525.0,-1.847259401700926,4.16109880668958,0.0,0.1720997269113233,3.5452190263994225,0.4437800533788327
199936056.0,-1.8464627606915738,4.161895985465658,0.0,0.17221140247963923,3.545320862567615,0.444363720418406
202252109.0,-1.845681006396707,4.162678260179974,0.0,0.17232328031197502,3.545420370811107,0.4449346090568902
204594990.0,-1.8449137910795987,4.163446013263879,0.0,0.17243542911307477,3.5455176077256727,0.4454929764251337
206965012.0,-1.8441607134975406,4.164199628612771,0.0,0.1725479335618242,3.5456125958010727,0.44603909924987384
209362487.0,-1.8434214263143356,4.1649394535628375,0.0,0.172660844654612,3.5457053859314938,0.4465732229767327
211787736.0,-1.8426955609009483,4.165665874090445,0.0,0.17277421373327778,3.5457960686139756,0.44709559174319147
214241078.0,-1.841982759552091,4.166379230553559,0.0,0.17288809146047213,3.5458846437883054,0.44760649530478436
216722839.0,-1.8412826754762124,4.167079887091045,0.0,0.17300256318342433,3.5459711905356217,0.44810613337200017
219233349.0,-1.8405949835220436,4.167768134159546,0.0,0.17311764519130368,3.5460557258032788,0.4485947631649667
221772941.0,-1.8399193264891622,4.168444363654117,0.0,0.17323342316651655,3.5461383343561192,0.4490726061314784
224341951.0,-1.8392553688075666,4.169108911144765,0.0,0.17334999912147492,3.5462190047031323,0.44953990732015897
226940721.0,-1.838602796524778,4.169762090583965,0.0,0.17346740701750338,3.546297793396327,0.44999689017013556
229569595.0,-1.8379612743623917,4.170404202555483,0.0,0.17358564613992689,3.5463747908720866,0.45044376554347254
232228921.0,-1.837330499379561,4.171035584694805,0.0,0.17370485317723675,3.546449974326162,0.4508807571914065
234919053.0,-1.8367101473013512,4.171656561276895,0.0,0.1738250620802264,3.54652343420499,0.45130806499167897
237640348.0,-1.8360999154443982,4.172267434985088,0.0,0.17394635784472928,3.546595187291346,0.45172588984901707
240393165.0,-1.8354995012461024,4.172868473687361,0.0,0.17406875671537364,3.5466652505062757,0.45213446646571076
243177872.0,-1.834908591532292,4.17346004259985,0.0,0.17419237871815446,3.546733691536784,0.4525339723449121
245994836.0,-1.834326916158742,4.174042377172119,0.0,0.17431725710761614,3.5468005102772597,0.45292460978724514
248844432.0,-1.833754151445461,4.1746158010841885,0.0,0.1744434598356476,3.5468657744289227,0.4533065668196196
251727038.0,-1.8331900381869413,4.175180608236214,0.0,0.1745710555557966,3.546929529159719,0.45368002352069536
254643035.0,-1.8326342743664634,4.175737048602906,0.0,0.1747001111600172,3.54699175726401,0.4540451801788789
257592812.0,-1.832086590245507,4.176285443964813,0.0,0.17483071263965144,3.5470525265086494,0.4544022048165119
260576758.0,-1.8315467161765562,4.176826046622123,0.0,0.1749629275739804,3.5471118649764444,0.45475125407169825
263595271.0,-1.8310143718762226,4.177359102163528,0.0,0.17509677221074718,3.547169812122233,0.45509251783055127
266648749.0,-1.8304892771497614,4.177884942825822,0.0,0.17523236650629967,3.547226379121142,0.45542619719838084
269737600.0,-1.8299711840573438,4.178403799201475,0.0,0.1753697780480885,3.5472816166209364,0.45575240453245314
272862231.0,-1.8294598340131834,4.178915912528929,0.0,0.17550907439123647,3.5473355187907316,0.45607131934695766
276023058.0,-1.8289549363435182,4.1794215908293175,0.0,0.1756503067957496,3.5473881533827,0.45638313065086783
279220500.0,-1.8284562647828684,4.179921060368113,0.0,0.17579359416073986,3.547439525750989,0.4566879404563801
282454981.0,-1.8279635609701936,4.180414579506354,0.0,0.175938987395571,3.547489664029926,0.4569859280808545
285726930.0,-1.827476555895669,4.1809023999065165,0.0,0.1760865370296854,3.547538590680417,0.45727727219641584
289036781.0,-1.8269950234983505,4.181384782324271,0.0,0.17623636264502293,3.5475863563397803,0.45756206333946914
292384973.0,-1.8265187056218606,4.181861967568633,0.0,0.17638854877223187,3.547632949446693,0.45784046934970674
295771951.0,-1.826047365612208,4.182334192293605,0.0,0.17654312928709978,3.547678437729646,0.4581126252768572
299198163.0,-1.8255807454406894,4.18280169718054,0.0,0.17670020569420133,3.547722803935696,0.4583786875506427
302664065.0,-1.8251186300093416,4.183264732022122,0.0,0.1768598805357955,3.5477660931008486,0.4586387583854809
306170115.0,-1.824660772124357,4.1837235093174225,0.0,0.17702220397384438,3.547808321942915,0.45889298340066437
309716780.0,-1.8242069353660257,4.184178300180911,0.0,0.1771872785345924,3.547849524197032,0.4591414974492853
313304529.0,-1.8237568833700502,4.18462932362952,0.0,0.17735520569410723,3.547889705186474,0.45938441274893577
316933838.0,-1.823310390540707,4.185076805258976,0.0,0.17752605327461063,3.547928898632728,0.45962185335164113
320605189.0,-1.8228672206190097,4.185520963980919,0.0,0.17769990572446603,3.5479671042715886,0.45985395398486256
324319068.0,-1.822427148111876,4.185962059983135,0.0,0.17787688254709086,3.548004350108217,0.46008082732782424
328075970.0,-1.8219899582882662,4.1864003079967045,0.0,0.17805706852088804,3.548040664169661,0.4603025753061571
331876391.0,-1.8215554043259923,4.186835937496463,0.0,0.17824053107576093,3.54807609706005,0.46051930936065294
335720836.0,-1.8211232715904329,4.187269163117014,0.0,0.17842740596209972,3.548110603212686,0.460731153942229
339609815.0,-1.8206933454920347,4.18770019944791,0.0,0.17861777793193978,3.548144221936795,0.46093819957917803
343543843.0,-1.8202653900634433,4.188129299803943,0.0,0.1788117320786636,3.5481769869382003,0.46114058078708275
347523444.0,-1.819839180095895,4.188556672046446,0.0,0.17900935277729443,3.548208943114894,0.46133837615425866
351549144.0,-1.8194145118453797,4.188982519919485,0.0,0.17921077572262398,3.548240044902778,0.4615316992940822
355621477.0,-1.818991149480857,4.189407113948847,0.0,0.17941615428259255,3.5482703202153876,0.461720639450866
359740985.0,-1.8185689000530212,4.189830595041714,0.0,0.17962548713550627,3.5482998197266995,0.4619052881795088
363908212.0,-1.8181475064007637,4.190253255053965,0.0,0.17983896160425072,3.5483285373586693,0.4620857560910464
368123713.0,-1.8177267756598363,4.190675286849893,0.0,0.18005667933237698,3.548356495415143,0.4622621121023754
372388045.0,-1.8173064935891432,4.191096887323171,0.0,0.18027872461126634,3.548383704892048,0.4624344578198555
376701776.0,-1.8168864138687124,4.191518320141206,0.0,0.18050523337740584,3.5484101824067595,0.46260290435704116
381065477.0,-1.8164663437576378,4.1919397780449055,0.0,0.18073632421204552,3.548435944556253,0.46276750927660715
385479727.0,-1.8160460477291305,4.192361479213665,0.0,0.1809721323321612,3.5484609739414537,0.46292837294005296
389945111.0,-1.815625322417973,4.192783644360153,0.0,0.1812127596328718,3.5484853211523704,0.4630855635749099
394462222.0,-1.8152039323838682,4.193206526272061,0.0,0.18145835898201404,3.548508997079362,0.4632391702106859
399031659.0,-1.8147816743454215,4.193630293536,0.0,0.18170901418084828,3.5485320070293707,0.46338927232578064
403654028.0,-1.8143583236532383,4.194055170801344,0.0,0.1819648776654973,3.5485543449279437,0.46353594820790256
408329943.0,-1.8139336664053305,4.194481406664982,0.0,0.18222611960281032,3.5485760329291445,0.46367925413302813
413060024.0,-1.8135074673369835,4.194909219044195,0.0,0.18249282405422462,3.5485971046454043,0.46381929034456676
417844897.0,-1.8130795126344696,4.195338804405311,0.0,0.1827651430543995,3.548617536974703,0.46395612437620926
422685198.0,-1.812649567124337,4.195770449964124,0.0,0.18304326399818216,3.5486373633965576,0.4640898225693843
427581570.0,-1.8122174277836778,4.1962043067012145,0.0,0.183327253168653,3.5486566118113543,0.46422044172120874
432534660.0,-1.811782859530231,4.196640627046296,0.0,0.18361731420216204,3.5486752534089385,0.4643480594351954
437545127.0,-1.8113456166310604,4.197079674079839,0.0,0.18391361669032744,3.5486932933969966,0.464472763992515
442613635.0,-1.8109055069018116,4.197521622638715,0.0,0.18421624453126523,3.5487107992330196,0.4645945788744282
447740857.0,-1.81046227400669,4.197966729058773,0.0,0.1845254178630243,3.548727696869372,0.4647136143263739
452927472.0,-1.8100157151572605,4.198415213475913,0.0,0.1848412891867995,3.5487440649302093,0.4648298593589044
458174169.0,-1.8095655634235834,4.198867342820128,0.0,0.18516399363509328,3.548759903016902,0.4649434461681343
463481643.0,-1.8091116054215897,4.199323313128031,0.0,0.18549373384717752,3.5487751709782875,0.4650544083025668
468850599.0,-1.808653595726803,4.199783369824121,0.0,0.18583064488688272,3.5487899135466283,0.46516281139060667
474281748.0,-1.8081913103641523,4.200247771578481,0.0,0.18617494738451743,3.548804147107952,0.46526867708600883
479775812.0,-1.8077244826303112,4.200716750399521,0.0,0.18652677556754457,3.548817871156285,0.4653721036756891
485333519.0,-1.8072528886659867,4.201190547493986,0.0,0.18688634960108888,3.548831073819587,0.4654731240733087
490955606.0,-1.8067762939738652,4.201669380011802,0.0,0.18725380399791236,3.5488437941298407,0.46557178188405
496642820.0,-1.8062944213415006,4.202153577207921,0.0,0.18762942745311334,3.5488559975500027,0.4656681522048035
502395914.0,-1.805807036400153,4.20264332140862,0.0,0.18801331970853147,3.548867723084539,0.4657622786155519
508215651.0,-1.8053138941510014,4.203138857612755,0.0,0.18840570030822384,3.548878975764327,0.46585418154020075
514102804.0,-1.8048147282785922,4.203640486830876,0.0,0.18880680651321285,3.5488897436837554,0.46594393663390493
520058154.0,-1.8043092618499998,4.204148485995905,0.0,0.1892168408269518,3.548900037517828,0.46603160765112056
526082490.0,-1.8037972714626855,4.20466306116296,0.0,0.18963600526535754,3.548909862280323,0.4661171936172786
532176612.0,-1.8032784589517916,4.205184510496892,0.0,0.19006450221292837,3.548919239902344,0.46620076838161945
538341328.0,-1.802752568996928,4.205713089318213,0.0,0.19050256786228212,3.5489281358731346,0.46628238558279467
544577456.0,-1.8022193249785219,4.206249108941576,0.0,0.19095043914682214,3.5489366059671412,0.46636206382761053
550885823.0,-1.801678450364239,4.206792811204343,0.0,0.19140833439461047,3.5489446325263554,0.4664398442833756
557267266.0,-1.8011296580222673,4.207344500585837,0.0,0.1918764730163639,3.5489522374936158,0.4665157900758553
563722631.0,-1.800572682288367,4.207904425402937,0.0,0.19235514143790597,3.5489593635779286,0.4665899203870998
570252775.0,-1.8000072255312793,4.208472917981969,0.0,0.1928445762052427,3.5489660553164333,0.46666228646029173
576858564.0,-1.799432990221743,4.209050258504808,0.0,0.19334499572056607,3.5489723458160984,0.46673291696813923
583540875.0,-1.7988496896199615,4.209636716363697,0.0,0.19385668609710832,3.5489781778021805,0.46680185246440953
590300593.0,-1.7982570157233722,4.210232634256398,0.0,0.1943799005749282,3.5489836013920053,0.46686913228946697
597138615.0,-1.797654660643857,4.2108383027235785,0.0,0.19491492510339498,3.548988593095324,0.4669347845248599
604055849.0,-1.7970423166100649,4.211454046884247,0.0,0.1954620292660913,3.5489931691022756,0.46699884851587836
611053211.0,-1.7964196546086362,4.2120801957518905,0.0,0.1960215160855075,3.5489973059800777,0.46706137368630196
618131631.0,-1.7957863884801581,4.212717018138376,0.0,0.19659362026545293,3.5490010424173772,0.4671223554555451
625292048.0,-1.7951421467468345,4.213364885521605,0.0,0.1971786615142302,3.5490043605828,0.4671818634245736
632535410.0,-1.7944866435158238,4.21402410114212,0.0,0.197776942887542,3.549007265240575,0.46723989301400215
639862679.0,-1.7938194969187349,4.21469508156369,0.0,0.19838880154926763,3.5490097668020577,0.46729651321236826
647274827.0,-1.7931404106706799,4.215378053680831,0.0,0.19901450435862503,3.549011841737419,0.46735170758478894
654772837.0,-1.7924489925385136,4.216073461769659,0.0,0.1996543716910369,3.549013534302729,0.46740555577589205
662357703.0,-1.7917449145203368,4.2167816164845915,0.0,0.2003087729519211,3.5490147926885567,0.4674580508441143
670030433.0,-1.7910278167510039,4.217502895038539,0.0,0.2009780273788481,3.54901563852904,0.46750922913065257
677792043.0,-1.7902973181939643,4.218237661120518,0.0,0.20166247015507588,3.5490160651686242,0.46755912579681713
685643563.0,-1.789553048675385,4.218986302252227,0.0,0.20236245404233968,3.5490160941567312,0.4676077540531548
693586035.0,-1.7887946275409303,4.219749216435742,0.0,0.2030783485599408,3.549015707551745,0.46765516032406057
701620513.0,-1.7880216850091204,4.220526738757463,0.0,0.20381048788659542,3.5490149268421307,0.46770132402873377
709748061.0,-1.7872338088212931,4.221319298823815,0.0,0.20455925811344655,3.5490137283884247,0.46774631232194047
717969759.0,-1.7864305976138186,4.22212731534633,0.0,0.20532506197074496,3.5490121054658563,0.46779014790972956
726286697.0,-1.7856116395838364,4.22295118278033,0.0,0.20610826730080684,3.5490100625824,0.4678328528971214
734699977.0,-1.7847765338361699,4.223791319368922,0.0,0.20690929336216163,3.5490076098207184,0.46787441618604186
743210717.0,-1.7839248370541947,4.22464816842891,-9.643274665532871e-16,0.2077285248074563,3.5490047404709606,0.4679149031504923
751820045.0,-1.7830561381849486,4.225522123665797,0.0,0.20856639649488673,3.549001425051084,0.467954302119825
760529104.0,-1.7821699731188525,4.226413666537026,0.0,0.2094232929697025,3.548997718822322,0.4679926547450047
769339047.0,-1.7812659206920718,4.227323252902232,0.0,0.21029971749972481,3.5489935753778328,0.46802996002467545
778251045.0,-1.7803434960550728,4.228251315567965,0.0,0.21119605236717184,3.548988993516571,0.4680662696842205
787266279.0,-1.7794022679833148,4.229198320454409,0.0,0.21211276637021523,3.5489840057060618,0.4681015483781308
796385945.0,-1.7784417202848184,4.230164783753955,0.0,0.21305034398020817,3.5489785487370233,0.4681358910367235
805611253.0,-1.7774613904153294,4.23115115066329,0.0,0.21400923510795983,3.5489726662349663,0.4681692493203642
814943427.0,-1.7764607842027083,4.232157950050479,0.0,0.21498992437817183,3.548966340084385,0.4682016855879224
824383705.0,-1.7754394078439444,4.233185675718822,0.0,0.2159929121689086,3.5489595800947322,0.46823318345518405
833933338.0,-1.774396725298121,4.234234846361689,0.0,0.21701871490481628,3.5489523397840035,0.4682637916728696
843593594.0,-1.7733322328976602,4.235305982994969,0.0,0.21806781563074668,3.548944674077174,0.4682934932870473
853365754.0,-1.7722454060815536,4.236399610179914,0.0,0.21914078115526892,3.5489365138758373,0.4683223151488064
863251114.0,-1.7711356674702585,4.23751630529651,0.0,0.2202381101120764,3.5489279028014282,0.4683502923830073
873250986.0,-1.7700025040548872,4.238656581353975,0.0,0.2213603683271786,3.548918805565261,0.46837740746153966
883366696.0,-1.7688453181009975,4.239821070782992,0.0,0.22250813898737665,3.5489092262268995,0.46840370556871563
893599587.0,-1.767663554976565,4.2410102935201985,0.0,0.22368193530422592,3.5488991913860684,0.4684291668299031
903951014.0,-1.7664566286254038,4.242224852970135,0.0,0.22488238962477392,3.5488886375499327,0.4684538257954298
914422353.0,-1.765223921604556,4.243465383924207,0.0,0.22611008308910166,3.5488775968446182,0.46847770399048616
925014990.0,-1.7639648276929376,4.244732492603948,0.0,0.2273656295160233,3.548866050777847,0.46850081231007834
935730333.0,-1.7626787412603582,4.246026767292141,0.0,0.22864964173570818,3.548853986376719,0.4685231391797159
946569802.0,-1.7613650253715951,4.247348879620545,0.0,0.22996278392382624,3.5488414019679473,0.4685446937287729
957534835.0,-1.7600230118281048,4.248699463092227,0.0,0.23130565025128585,3.5488282733509173,0.46856553949002255
968626886.0,-1.7586520650276274,4.250079205354071,0.0,0.23267895466675664,3.548814610039925,0.46858564064738506
979847428.0,-1.757251486255861,4.2514887877730345,0.0,0.234083357911075,3.54880041577972,0.4686050140822431
991197948.0,-1.755820620080014,4.252928865782572,0.0,0.2355195373361603,3.5487856494982344,0.4686236789481732
1002679950.0,-1.7543587480352472,4.25440017519628,0.0,0.23698822053241025,3.5487703149664487,0.4686416396974236
1014294960.0,-1.752865163101459,4.2559034056868565,0.0,0.23849008276279368,3.548754410325896,0.4686589125981644
1026044520.0,-1.751339127213628,4.257439330016382,0.0,0.2400259179589577,3.548737899940597,0.4686755121168269
1037930190.0,-1.7497799138123735,4.259008640048634,0.0,0.24159639911629077,3.5487208100275898,0.4686914309047546
1049953540.0,-1.74818675475223,4.260612173322567,0.0,0.2432023866892444,3.54870311614697,0.46870667048635245
1062116160.0,-1.746558893471014,4.262250634356843,0.0,0.24484458507181092,3.548684782647891,0.4687212666371355
1074419680.0,-1.7448955212962727,4.263924866521044,0.0,0.24652381799032344,3.548665841220335,0.4687352073103871
1086865720.0,-1.7431958730788353,4.265635617617268,0.0,0.2482408898327089,3.548646233723592,0.4687484940609684
1099455940.0,-1.7414590891949993,4.267383781966448,0.0,0.24999663904171193,3.5486259861517198,0.4687611567730142
1112192000.0,-1.7396843642478297,4.269170147618521,0.0,0.2517919182405533,3.548605045962084,0.4687731834158816
1125075590.0,-1.737870840946774,4.270995606561711,0.0,0.2536275803653886,3.548583433488285,0.4687845927080361
1138108430.0,-1.7360176526334459,4.272861025455511,0.0,0.25550452654687594,3.5485611073459444,0.4687953915626871
1151292240.0,-1.7341239233284576,4.274767245583928,0.0,0.2574236050539822,3.5485380766710235,0.46880556385892025
1164628770.0,-1.7321887465792285,4.276715208097437,0.0,0.25938574906878364,3.5485143224255697,0.4688151366030838
1178119790.0,-1.730211217337338,4.278705852742574,0.0,0.26139192393931887,3.548489814430986,0.46882411437226645
1191767090.0,-1.728190379009056,4.2807401187660545,0.0,0.2634430750818096,3.548464556074154,0.4688324876100925
1205572480.0,-1.726125297738475,4.282818940025383,0.0,0.2655401637307155,3.5484385059160175,0.46884027037864784
1219537790.0,-1.7240150094543438,4.284943297941732,0.0,0.2676841668277786,3.5484116673570516,0.4688474637569051
1233664880.0,-1.7218585093760674,4.287114214645803,0.0,0.26987612679270356,3.5483840101570236,0.4688540776960736
1247955610.0,-1.71965479446403,4.289332658481921,0.0,0.27211703231940065,3.548355504031455,0.4688601221310634
1262411890.0,-1.7174028423031427,4.291599721261005,0.0,0.2744079573813134,3.548326191531337,0.46886557234835285
1277035630.0,-1.715101600597734,4.293916420583581,0.0,0.2767499876852218,3.5482959751835885,0.4688704577147689
1291828760.0,-1.712750019022404,4.296283858822821,0.0,0.2791442263199635,3.5482648583284355,0.4688747741744196
1306793260.0,-1.710346996388441,4.29870310247226,0.0,0.28159173796733145,3.5482328498557756,0.4688785146491552
1321931110.0,-1.707891444221956,4.3011752747053,0.0,0.2840936712912481,3.5481999195122746,0.46888168390177776
1337244320.0,-1.7053822128198743,4.303701507878459,0.0,0.2866512045140041,3.5481660089718767,0.4688842943925756
1352734910.0,-1.7028181865211232,4.306282952352765,0.0,0.28926549828617265,3.5481311273110094,0.4688863267555838
1368404950.0,-1.7001981780825939,4.3089207953737425,0.0,0.29193774328239785,3.5480952497818357,0.46888780230950733
1384256510.0,-1.6975210027868357,4.311616239010393,0.0,0.29466917846012497,3.54805832938289,0.46888873116737795
1400291690.0,-1.6947854574080081,4.31437050384009,0.0,0.2974610567401762,3.5480203694199752,0.46888907767994115
1416512620.0,-1.6919902992185696,4.317184797895404,0.0,0.3003145761630465,3.5479813509709395,0.46888887076141406
1432921450.0,-1.6891342883276952,4.320060430465963,0.0,0.3032311365058422,3.5479411991362126,0.46888809482390426
1449520370.0,-1.6862161350471239,4.322998691243196,0.0,0.30621199801846277,3.547899928424814,0.468886764799921
1466311560.0,-1.6832345527736405,4.326000849484605,0.0,0.3092584841340785,3.54785749204418,0.46888487330634565
1483297270.0,-1.6801882053850745,4.329068293363249,0.0,0.3123720010671189,3.5478138710897733,0.4688824212063598
1500479730.0,-1.677075770645831,4.332202310419943,0.0,0.3155538815407722,3.547769029979579,0.4688793988995899
1517861240.0,-1.6738958665595831,4.335404334702315,0.0,0.31880559155491395,3.5477229386945726,0.4688758044528294
1535444090.0,-1.6706471042233644,4.338675755117537,0.0,0.32212852463773667,3.5476755840977567,0.4688716463820437
1553230630.0,-1.6673280669235977,4.342017988383229,0.0,0.3255241538862961,3.547626914011758,0.4688669204851775
1571223200.0,-1.6639373313143377,4.345432492548397,0.0,0.3289939997257216,3.5475768820110316,0.46886161081164246
1589424200.0,-1.6604734044975369,4.348920760515878,0.0,0.33253954366122884,3.5475254860478356,0.46885573080681464
1607836030.0,-1.656934839873023,4.3524842735894715,0.0,0.3361623475452209,3.5474726521213666,0.4688492739228841
1626461150.0,-1.6533200901115388,4.356124579103454,0.0,0.3398639671797757,3.5474183840043323,0.4688422279193426
1645302020.0,-1.6496276335120432,4.359843198764585,0.0,0.34364598713747463,3.5473626188429725,0.4688345927841378
1664361150.0,-1.6458559111099622,4.363641726241887,0.0,0.34751002150205623,3.547305327338499,0.46882637740133637
1683641050.0,-1.6420033268955634,4.367521774900739,0.0,0.35145772865246616,3.5472464801247527,0.46881756612352365
1703144290.0,-1.6380682900122596,4.371484952953594,0.0,0.3554907947992059,3.5471860147738443,0.4688081433805428
1722873460.0,-1.634049131033324,4.37553294718371,0.0,0.35961091718790106,3.5471239188834547,0.4687981111123534
1742831170.0,-1.6299442070972827,4.379667417809181,0.0,0.3638198204954382,3.547060102669028,0.46878749464471675
1763020070.0,-1.625751828683888,4.383890037007686,0.0,0.3681192220136059,3.5469945649491956,0.46877625004488227
1783442830.0,-1.621470291328944,4.388202578650287,0.0,0.37251096929532246,3.5469272329109858,0.4687643764439797
1804102170.0,-1.6170978339864253,4.392606821141215,0.0,0.37699685125620075,3.546858089177039,0.4687518807079768
1825000830.0,-1.6126327020971036,4.397104484348321,0.0,0.3815786810989438,3.546787044573759,0.46873875867561804
1846141580.0,-1.6080731164296178,4.401697434262029,0.0,0.3862583531939495,3.546714098732737,0.4687249823353467
1867527220.0,-1.603417231542309,4.406387498983054,0.0,0.3910377499795371,3.546639185022195,0.4687105639813232
1889160600.0,-1.5986632301548624,4.411176530502222,0.0,0.3959188316417175,3.5465622149832363,0.46869548387727145
1911044570.0,-1.5938092293656805,4.416066411731412,0.0,0.40090348238531187,3.546483177823758,0.46867975152234065
1933182040.0,-1.5888533436586458,4.421059080248318,0.0,0.4059937463998279,3.546401991174271,0.4686633426742185
1955575960.0,-1.5837936434091084,4.426156465689201,0.0,0.41119159076452627,3.546318633496704,0.4686462414279708
1978229290.0,-1.5786281969734839,4.4313605344104925,0.0,0.416499074439706,3.546233017572299,0.46862844239848966
2001145030.0,-1.5733550084207737,4.43667331705713,0.0,0.4219182639928948,3.5461450839965543,0.46860996906767866
2024326230.0,-1.567972090895071,4.442096800498033,0.0,0.42745123122831097,3.5460547789945807,0.46859079027514305
2047775950.0,-1.5624774251861568,4.447633056009811,0.0,0.4331001232001167,3.5459620604452073,0.4685708723644867
2071497320.0,-1.556868970563907,4.453284124336992,0.0,0.43886709078139363,3.545866809443895,0.4685502241117022
2095493480.0,-1.5511446339301869,4.459052167996825,0.0,0.4447542940942546,3.5457690337695107,0.4685288401330595
2119767600.0,-1.5453023325941841,4.4649392349945645,0.0,0.45076391019299605,3.5456686210293116,0.4685067037722559
2144322920.0,-1.539339953017246,4.47094752564116,0.0,0.45689822619262277,3.5455654920327735,0.46848380741576295
2169162690.0,-1.5332553409056326,4.477079194248359,0.0,0.46315948001259755,3.545459595470838,0.4684601187649242
2194290190.0,-1.5270463120354916,4.483336459761186,0.0,0.469549932134565,3.5453508696232667,0.46843565800335557
2219708780.0,-1.5207106837094342,4.489721556951322,0.0,0.47607194659235275,3.5452392092898,0.4684104010691706
2245421810.0,-1.5142462544365143,4.496236687330812,0.0,0.48272780569068197,3.5451245702435625,0.46838431139657105
2271432700.0,-1.5076507630156133,4.502884164177118,0.0,0.4895198960433862,3.545006853955802,0.4683574141779278
2297744900.0,-1.5009219820950728,4.509666232216972,0.0,0.4964506048807981,3.5448859789589666,0.4683296483772078
2324361900.0,-1.4940576048482086,4.516585250356397,0.0,0.5035223560158437,3.54476185894449,0.4683010353960629
2351287230.0,-1.4870553385515797,4.523643563400576,0.0,0.5107375747667038,3.5446344355516928,0.46827155308217455
2378524460.0,-1.4799128533496828,4.530843501232183,0.0,0.5180987173014153,3.544503596609126,0.4682411873216421
2406077210.0,-1.472627824030157,4.538187441148084,0.0,0.5256082921800974,3.5443692358548917,0.46820991311309484
2433949130.0,-1.465197889288162,4.545677796539735,0.0,0.5332687588080729,3.5442313353713635,0.4681777023602959
2462143920.0,-1.457620662573379,4.553316971341602,0.0,0.5410826883633426,3.5440897143639374,0.46814456861432313
2490665310.0,-1.4498937532031786,4.561107443031844,0.0,0.5490526384800108,3.5439443238126263,0.46811048073920747
2519517090.0,-1.4420147565584802,4.5690515989124005,0.0,0.5571811263184748,3.5437950444582125,0.46807542813571323
2548703090.0,-1.4339812444007436,4.577151971374729,0.0,0.5654708043172565,3.5436418017774525,0.46803936528002377
2578227180.0,-1.425790785889581,4.58541099129861,0.0,0.5739242017030607,3.543484489469408,0.46800230012614247
2608093280.0,-1.4174409174754976,4.593831191686139,0.0,0.5825440272623574,3.543322959022333,0.4679642054014494
2638305350.0,-1.4089291843794782,4.602415062066267,0.0,0.5913328374025366,3.543157160255408,0.4679250644083236
2668867390.0,-1.4002531206766964,4.611165137822563,0.0,0.6002933481907459,3.542986952391614,0.4678848372402009
2699783460.0,-1.3914102294913668,4.620083933231715,0.0,0.6094281858500699,3.542812211909263,0.4678435354723842
2731057660.0,-1.3823980346408302,4.629174011295279,0.0,0.6187400400177158,3.542632865079385,0.46780110619817983
2762694140.0,-1.3732140199872265,4.638437940265693,0.0,0.6282316559855204,3.542448736834048,0.4677575474461233
2794697100.0,-1.3638557014311785,4.647878239006788,0.0,0.6379056735476596,3.5422597400646993,0.4677128253944315
2827070770.0,-1.354320556203206,4.6574975171172515,0.0,0.6477648411859742,3.5420657507957767,0.46766692513550356
2859819470.0,-1.34460609468875,4.667298298983568,0.0,0.6578118627640749,3.541866614850298,0.4676198213691924
2892947520.0,-1.3347098000568223,4.677283170919767,0.0,0.6680494513530904,3.5416622436336276,0.46757147593305115
2926459330.0,-1.3246291694753498,4.687454705246172,0.0,0.678480358393983,3.5414524642925302,0.46752188255965893
2960359340.0,-1.3143617045954235,4.697815452449371,0.0,0.6891073070932007,3.541237175331613,0.46747097002455573
2994652040.0,-1.30390489197881,4.708368012820402,0.0,0.6999330280075861,3.541016212979452,0.46741877183336544
3029341990.0,-1.2932562340366947,4.719114936094949,0.0,0.7109602529887147,3.5407894150275308,0.46736526807870304
3064433780.0,-1.2824132798176766,4.730058742732444,0.0,0.7221917023510828,3.540556685261873,0.46731035511948993
3099932080.0,-1.2713735449964616,4.741202038638507,0.0,0.733630119186247,3.5403178652775384,0.46725405417472077
3135841590.0,-1.260134562873295,4.752547290609406,0.0,0.7452781906017092,3.540072766961759,0.46719633304593633
3172167080.0,-1.2486938950546804,4.764097058631592,0.0,0.7571386465044976,3.5398212521425894,0.467137159984508
3208913350.0,-1.2370491320233468,4.775853839110913,0.0,0.7692141824002818,3.5395631635208464,0.4670764931897869
3246085300.0,-1.2251978634269753,4.787820094581871,0.0,0.7815074588139452,3.5392983248716385,0.467014310896287
3283687840.0,-1.213137699072763,4.799998336853914,0.0,0.794021157030061,3.5390265995113497,0.46695058031250397
3321725970.0,-1.2008663091295144,4.81239096531252,0.0,0.8067579202110858,3.5387477948552597,0.4668852502461724
3360204730.0,-1.1883813549066735,4.825000405567546,0.0,0.8197203748565264,3.5384617211365947,0.4668183095744246
3399129230.0,-1.1756805193384747,4.837829096326879,0.0,0.8329111315495605,3.538168238516761,0.4667497262605591
3438504630.0,-1.1627615772284787,4.8508793150099185,0.0,0.8463327434413448,3.5378671309493557,0.4666794406192175
3478336160.0,-1.149622305950781,4.864153423262873,0.0,0.8599877829820407,3.5375582273547157,0.4666074129261177
3518629080.0,-1.1362604861616876,4.87765374474528,0.0,0.8738787670345416,3.5372413438475943,0.46653363386314906
3559388770.0,-1.122674011454621,4.891382455473783,0.0,0.8880081563773534,3.53691625243839,0.4664580466580387
3600620610.0,-1.1088607595630917,4.905341816770666,0.0,0.9023783963326435,3.536582796612576,0.4663806238254482
3642330080.0,-1.0948187119055182,4.919533951568585,0.0,0.916991922007586,3.53624072881154,0.46630130074945764
3684522700.0,-1.0805458448758676,4.933961022556907,0.0,0.9318510707108794,3.5358898987271745,0.46622005311885384
3727204090.0,-1.0660402487468221,4.948625026480478,0.0,0.9469581509244045,3.5355300348924117,0.4661368406636619
3770379900.0,-1.0513000195549884,4.963528006415875,0.0,0.9623154368019898,3.5351609577215815,0.4660516118923054
3814055850.0,-1.0363233771448965,4.978671881646931,0.0,0.9779251468161123,3.534782424194347,0.4659643106364722
3858237750.0,-1.0211085281718697,4.994058567303175,0.0,0.9937894262684379,3.53439423122364,0.46587490981109425
3902931450.0,-1.005653813055873,5.009689862128644,0.0,1.009910381440258,3.533996102183266,0.46578337850512136
3948142870.0,-0.9899576278326339,5.02556749190772,0.0,1.0262899983719829,3.533587868118717,0.4656896254170206
3993878030.0,-0.9740184436153897,5.04169317681399,0.0,1.0429303376135985,3.533169225138768,0.46559361406162314
4040142980.0,-0.9578347969725447,5.058068502142474,0.0,1.0598332405734203,3.532739951047326,0.46549531052172693
4086943860.0,-0.9414053480775543,5.074694946963357,0.0,1.0770004939958653,3.5322997974950376,0.4653946554724553
4134286880.0,-0.9247287834838924,5.091574033443437,0.0,1.0944339273877124,3.531848505287964,0.46529160076775855
4182178320.0,-0.9078039612395132,5.108707025467353,0.0,1.112135149743508,3.531385810140902,0.4651860655829427
4230624540.0,-0.8906297655332535,5.126095230255584,0.0,1.130105751860305,3.5309114375641575,0.46507804083111953
4279631950.0,-0.8732052316905128,5.143739751830786,0.0,1.1483472306026188,3.530425107820899,0.46496741340726977
4329207060.0,-0.8555294592129686,5.161641751618702,0.0,1.1668610256931824,3.5299265520899192,0.46485417383559924
4379356450.0,-0.8376016782717834,5.179802104128587,0.0,1.1856483792449393,3.529415496429607,0.4647382284540409
4430086770.0,-0.8194212303051425,5.19822171155309,0.0,1.2047105553115813,3.528891617307861,0.4646195389336496
4481404750.0,-0.8009875764055839,5.216901287008492,0.0,1.2240486470202814,3.528354616976971,0.4644980230112403
4533317190.0,-0.7823002776876331,5.235841495722019,0.0,1.2436636385703745,3.5278042241224465,0.46437363302919776
4585830980.0,-0.7633590326412886,5.255042830856209,0.0,1.2635564394951269,3.5272400827255064,0.46424630863557736
4638953100.0,-0.7441636852239146,5.274505674881723,0.0,1.2837278044160043,3.5266619138958477,0.46411595656987376
4692690570.0,-0.724714176744785,5.294230312962874,0.0,1.3041784194222805,3.5260693745238725,0.4639825190167186
4747050540.0,-0.7050106013674917,5.314216912197552,0.0,1.3249088326288538,3.525462133729493,0.46384594583921046
4802040220.0,-0.6850532141072906,5.334465409406914,0.0,1.3459194409156605,3.5248398422650946,0.4637061262261599
4857666890.0,-0.6648423825195124,5.354975733141898,0.0,1.367210545499475,3.524202172804494,0.46356301483793205
4913937940.0,-0.6443786318430299,5.37574758485175,0.0,1.3887822984585094,3.5235487509457073,0.46341653544753003
4970860840.0,-0.6236626531837539,5.396780552290257,0.0,1.4106347366039644,3.5228792143283356,0.4632666013579529
5028443120.0,-0.6026952734523419,5.418074070099943,0.0,1.4327677430888492,3.5221932034735524,0.4631131235375391
5086692440.0,-0.5814774908439757,5.439627419082389,0.0,1.4551810248897379,3.52149035148978,0.46295604270287194
5145616510.0,-0.5600104634654056,5.461439737569886,0.0,1.477874232418655,3.5207702456326837,0.4627952595185481
5205223160.0,-0.5382955167452399,5.483509996656958,0.0,1.5008468112301507,3.5200324911311363,0.46263069429566883
5265520290.0,-0.5163341410166757,5.5058370373613545,0.0,1.524098054095552,3.519276725472096,0.4624622577937048
5326515900.0,-0.4941280077171837,5.528419502315333,0.0,1.5476271529745176,3.5185024874886346,0.462289861852179
5388218090.0,-0.471678957672293,5.55125584747938,0.0,1.571433040741571,3.5177093976585923,0.46211340907921566
5450635020.0,-0.44898901698520816,5.574344413137858,0.0,1.5955145970436009,3.516897002631313,0.4619328134629453
5513775000.0,-0.4260603938833045,5.5976833401842025,0.0,1.6198704912028437,3.5160648772289176,0.46174797175244303
5577646380.0,-0.4028954765203677,5.621270589697311,0.0,1.6444992168230623,3.515212571556481,0.46155880131776794
5642257650.0,-0.37949684779134474,5.645103962890149,0.0,1.669399172219825,3.514339606750498,0.46136518391982545
5707617380.0,-0.35586728225124925,5.669181052066627,0.0,1.6945684961390337,3.513445532551742,0.4611670233758514
5773734220.0,-0.33200974299075153,5.6934993132663925,0.0,1.720005226717717,3.51252987903829,0.46096420751038536
5840616970.0,-0.30792739630675187,5.718055982091865,0.0,1.7457072060833811,3.511592148244396,0.46075662776408516
5908274480.0,-0.2836235993668865,5.742848086040283,0.0,1.7716720694173158,3.5106318376254855,0.460544178997484
5976715730.0,-0.2591018964966361,5.767872569909604,0.0,1.797897369937649,3.509648431094404,0.4603267688775517
6045949810.0,-0.23436607824637512,5.793126045528555,0.0,1.8243803630328856,3.5086414459135087,0.4601042365821622
6115985890.0,-0.20942009718278376,5.818605032430001,0.0,1.8511182367129533,3.5076103061237114,0.4598764895933368
6186833260.0,-0.1842681171786109,5.844305856420271,0.0,1.878107950497029,3.5065545119168147,0.45964339400642484
6258501330.0,-0.15891453652199755,5.870224574322943,0.0,1.9053462713980158,3.50547347066954,0.4594048322553852
6330999600.0,-0.13336391248761623,5.89635717113084,0.0,1.9328298574388798,3.504366623862048,0.45916068982991143
6404337690.0,-0.10762106358181171,5.922699336067852,0.0,1.9605551121244502,3.5032334191944354,0.4589108047489709
6478525330.0,-0.08169097672168688,5.949246590182664,0.0,1.9885182929614067,3.5020732310850313,0.4586550661362272
6553572350.0,-0.05557887309629286,5.975994272690856,0.0,2.0167154704559733,3.500885468264765,0.4583933339701203
6629488710.0,-0.02929017793521647,6.0029375190431855,0.0,2.045142535970884,3.4996695366483004,0.4581254464240017
6706284480.0,-0.0028305239531430664,6.030071309683384,0.0,2.073795258009041,3.4984247835532294,0.4578512681211155
6783969860.0,0.023794261226086293,6.057390378275737,0.0,2.1026691546847784,3.49715055435442,0.45757066923653755
6862555140.0,0.0505780992187459,6.08488929503184,0.0,2.1317595966326257,3.49584621433563,0.45728348406358504
6942050750.0,0.07751474401296311,6.112562410698445,0.0,2.1610617815363073,3.494511085072707,0.4569895440894307
7022467230.0,0.10459772554325064,6.140403939332412,0.0,2.190570755333943,3.493144476788446,0.45668870721001964
7103815260.0,0.13182036334531128,6.168407850188333,0.0,2.2202813629191165,3.4917456836157634,0.4563808036534516
7186105610.0,0.15917578002744404,6.196567968217201,0.0,2.2501882995069282,3.490314006578642,0.4560656621316294
7269349220.0,0.18665688066855485,6.224877901285405,0.0,2.2802860632416277,3.4888487077418717,0.455743130301905
7353557120.0,0.21425638252695933,6.2533311047204965,0.0,2.310569075029859,3.4873490207228524,0.45541300896778536
7438740480.0,0.24196678652056414,6.281920852830148,0.0,2.3410315227049736,3.4858142208399103,0.45507510928526557
7524910600.0,0.26978040741308007,6.3106401646525665,0.0,2.3716673951297,3.4842435011787973,0.45472926834407074
7612078910.0,0.29768936106625354,6.339482017578191,0.0,2.4024706598511916,3.4826360701201753,0.45437528760682583
7700256980.0,0.3256855617555682,6.368439083534452,0.0,2.4334350066361656,3.4809911160256553,0.45401296087263426
7789456500.0,0.3537607592377828,6.397504009874724,0.0,2.464554069839704,3.4793078244458027,0.45364211558921647
7879689300.0,0.38190646910147363,6.4266691233681685,0.0,2.495821298625007,3.4775852952395447,0.453262529503615
7970967360.0,0.41011406862906546,6.4559267002718,0.0,2.527229978394069,3.4758227435610074,0.45287397831672327
8063302780.0,0.43837472662057686,6.485268809104624,0.0,2.558773305478134,3.4740192200092457,0.4524762836172422
8156707810.0,0.46667944043790494,6.514687400011498,0.0,2.5904443524219762,3.4721738683531855,0.45206917923634077
8251194840.0,0.4950190493232856,6.544174231003176,0.0,2.622236024210584,3.4702857203610513,0.45165248643154154
8346776400.0,0.5233841804313448,6.573720953443404,0.0,2.654141176217017,3.4683538612989033,0.45122591592748
8443465180.0,0.5517653595668903,6.603319066007068,0.0,2.6861524361772333,3.4663773419894772,0.45078928784036126
8541274000.0,0.5801528923823425,6.632959900483405,0.0,2.7182624283292767,3.4643551500481164,0.4503423221060107
8640215830.0,0.6085369660522804,6.662634740982601,0.0,2.7504636538263343,3.4622863070834247,0.44988478007284005
8740303800.0,0.6369075883058284,6.692334640960579,0.0,2.782748462339492,3.460169779666427,0.44941639895466046
8841551190.0,0.6652546301575245,6.722050588081505,0.0,2.815109164893994,3.4580045168258438,0.4489369063616639
8943971420.0,0.6935678306272313,6.751773491581368,0.0,2.8475379822206177,3.4557894710170793,0.448446038343671
9047578090.0,0.721836790241453,6.781494088622249,0.0,2.8800270241707087,3.4535235348548894,0.4479435295966525
9152384930.0,0.750050958941077,6.8112030194918285,0.0,2.9125683173949968,3.4512056202692687,0.4474290818275644
9258405850.0,0.7781996783633359,6.840890887441592,0.0,2.9451539136091878,3.4488345786958745,0.44690239513653074
9365654920.0,0.8062721521601965,6.870548124371289,0.0,2.9777756878720156,3.4464092508146473,0.44636318568462846
9474146350.0,0.8342574958240614,6.900165145467698,0.0,3.0104255582062183,3.4439284459688406,0.445811141292634
9583894540.0,0.86214467567496,6.929732218455392,0.0,3.043095318969731,3.441390965423545,0.445245934062116
9694914060.0,0.8899225812146233,6.95923957097073,0.0,3.0757767280482593,3.438795610939549,0.4446672319829237
9807219620.0,0.9175800110190448,6.988677411502305,0.0,3.108461592957417,3.436141076859741,0.44407474168514605
9920826120.0,0.945105634357007,7.018035786301925,0.0,3.141141594208845,3.43342612239676,0.44346806969632235
10035748600.0,0.9724880630817478,7.047304773689289,0.0,3.1738084585430153,3.4306494233754465,0.4428468917708281
10152002400.0,0.9997158201233078,7.0764743303340625,0.0,3.2064538259196147,3.427809641049367,0.4422108633650804
10269602900.0,1.026777333368015,7.105534442584815,0.0,3.2390694565103035,3.4249054221923076,0.44155956388220197
10388565600.0,1.0536609962842474,7.134475012404655,0.0,3.2716469843598412,3.421935372921166,0.4408926551236485
10508906400.0,1.080355106981989,7.163285918954854,0.0,3.304178101212462,3.418898087044377,0.44020973069801844
10630641200.0,1.1068479286735546,7.1919570267355315,0.0,3.336654492581228,3.4157921329458145,0.4395104012084919
10753786200.0,1.1331276428502155,7.220478173913766,0.0,3.3690679207764003,3.412616013100911,0.43879424003645295
10878357700.0,1.1591824020785664,7.248839155262511,0.0,3.401410107118018,3.4093682272282217,0.43806082091627463
11004372200.0,1.1850003133174725,7.277029828182763,0.0,3.4336728429538477,3.4060472668472834,0.43730971838163235
11131846500.0,1.2105694583425497,7.305039993238385,0.0,3.4658479439923537,3.402651551367498,0.43654049787853116
11260797500.0,1.235877869431265,7.332859492611128,0.0,3.4979273011616234,3.3991795065284798,0.43575268492102637
11391242200.0,1.2609135651832502,7.360478123467015,0.0,3.5299028161083057,3.395629496076065,0.43494581128263865
11523197900.0,1.2856645245310303,7.387885734819379,0.0,3.561766464211801,3.3919998794804256,0.4341193911271549
11656682300.0,1.3101187373706367,7.415072225825464,0.0,3.5935103342943835,3.3882889725888674,0.43327291894221054
11791712900.0,1.334264185320351,7.442027491670993,0.0,3.625126521998942,3.384495045536945,0.43240592413510315
11928307700.0,1.3580888161167288,7.468741433231759,0.0,3.656607221308433,3.3806163576804242,0.4315178542429027
12066484800.0,1.3815805776450794,7.495204044035491,0.0,3.6879447635133817,3.376651128715897,0.43060815180620887
12206262600.0,1.404727472765577,7.521405307318721,0.0,3.7191314571878826,3.3725975373791317,0.4296763127517068
12347659500.0,1.4275174436665063,7.547335273753079,0.0,3.750159801937686,3.368453759317342,0.42872171249805024
12490694400.0,1.4499384931389114,7.572984060092248,0.0,3.7810223628773203,3.3642178803694294,0.4277438168454953
12635386200.0,1.4719786282038356,7.598341845759698,0.0,3.8117118319888177,3.3598879999193914,0.42674201385149024
12781754100.0,1.493625861667558,7.623398786785853,0.0,3.8422209486405547,3.3554621714789032,0.4257156666663964
12929817500.0,1.5148682584135202,7.648145238230287,0.0,3.8725426834288355,3.350938382329195,0.42466417247225635
13079596000.0,1.5356938931260542,7.672571501166127,0.0,3.9026699902024347,3.3463146394936896,0.42358687147000174
13231109600.0,1.5560908588661084,7.696668007497323,0.0,3.9325960573191088,3.341588866049539,0.4224830841286762
13384378400.0,1.5760473194363358,7.720425231845512,0.0,3.962314118143449,3.3367589752184674,0.42135213848359393
13539422600.0,1.5955514511216184,7.743833792134342,0.0,3.9918176171379867,3.331822841930488,0.42019333306586637
13696262800.0,1.6145914732936681,7.766884322032107,0.0,4.021100092063178,3.326778294478903,0.4190059354900288
13854919800.0,1.6331556560246745,7.789567514069144,0.0,4.0501551826578295,3.321623127373474,0.4177892040378398
14015414800.0,1.651232319012705,7.811874260106703,0.0,4.0789767788137645,3.316355088377509,0.41654239291542766
14177768900.0,1.6688098186654354,7.833795427119198,0.0,4.1075588156236424,3.310971910800846,0.415264700694709
14342003700.0,1.6858765536932223,7.855322004336981,0.0,4.135895388277918,3.3054712881515003,0.4139553279075596
14508140900.0,1.7024209946235647,7.876445115584172,0.0,4.163980828957307,3.2998508333764716,0.41261345325039217
14676202800.0,1.718431646341124,7.897155911582691,0.0,4.191809521621114,3.294108179130117,0.4112382108314599
14846211400.0,1.7338971042586768,7.917445697232205,0.0,4.2193760558569,3.2882408952722155,0.4098287461030892
15018189400.0,1.7488059619458163,7.9373058220673895,0.0,4.246675160907053,3.282246515460831,0.4083841456995084
15192159600.0,1.7631469294513666,7.956727799092906,0.0,4.273701766364869,3.2761225143278763,0.4069035184001626
15368145100.0,1.7769087194990798,7.975703156029076,0.0,4.300450918069751,3.2698663490328057,0.4053858889265189
15546169200.0,1.7900801585785482,7.994223600070361,0.0,4.326917837847333,3.2634754528683345,0.4038303093546955
15726255500.0,1.8026500870394944,8.012280900842018,0.0,4.353097954664969,3.2569471940740957,0.4022357521029509
15908427900.0,1.8146074208985263,8.029866881719371,0.0,4.378986753363401,3.2502789044498264,0.40060122390614206
16092710600.0,1.8259411351469332,8.046973563502464,0.0,4.4045799944586985,3.2434679155945716,0.3989256534491932
16279128000.0,1.8366402774193915,8.063593001109206,0.0,4.4298735850379325,3.2365114365678442,0.39720797950342696
16467704900.0,1.8466939152102457,8.079717337935703,0.0,4.454863519874045,3.229406756047046,0.3954470620146134
16658466200.0,1.856091212496567,8.09533886539174,0.0,4.479546072864997,3.222151011345335,0.393641781181408
16851437300.0,1.8648213844075134,8.110449942603244,0.0,4.503917585800531,3.214741385790699,0.39179097101201554
17046643800.0,1.8728736746193773,8.125043027897453,0.0,4.5279746238021765,3.2071749847435482,0.3898934193517279
17244111600.0,1.8802374094090522,8.139110680105029,0.0,4.551713916833883,3.1994488845462237,0.3879478787249231
17443866800.0,1.8869019804311573,8.152645541937746,0.0,4.57513231272784,3.1915601206672717,0.3859531085426343
17645936000.0,1.8928567873350854,8.16564037267288,0.0,4.598226893599644,3.183505690147112,0.38390778892612154
17850345900.0,1.89809133314183,8.178087983459292,0.0,4.620994810855788,3.1752825918415746,0.3818105807619324
18057123700.0,1.9025951375214492,8.189981312204068,0.0,4.643433430770389,3.1668877546422545,0.3796601267914245
18266296800.0,1.906357783836163,8.20131339997338,0.0,4.665540343105481,3.1583180519079317,0.37745500495996953
18477893000.0,1.9093688955754664,8.212077350299342,0.0,4.687313191426509,3.1495704026432225,0.3751937562296086
18691940300.0,1.9116181552018905,8.22226631284834,0.0,4.708749801339625,3.1406415925207587,0.37287491898795594
18908467100.0,1.9130952661812315,8.231873571905782,0.0,4.729848175848733,3.1315284558614485,0.3704969401956018
19127502100.0,1.913790000462484,8.240892487099027,0.0,4.750606446839022,3.1222277800361815,0.36805826022382054
19349074500.0,1.9136921671537035,8.249316516850767,0.0,4.771022966510758,3.11273626855784,0.36555728178216973
19573213500.0,1.9127915902619477,8.257139106986564,0.0,4.791096099183062,3.103050667043015,0.36299234076048803
19799949000.0,1.9110781544542133,8.264353899542144,0.0,4.810824504505148,3.0931676573847646,0.36036173765223195
20029310900.0,1.9085417825221354,8.270954512928709,0.0,4.830206863039016,3.083083919990319,0.35766372989937245
20261329800.0,1.9051724047325518,8.276934656439856,0.0,4.849242058315822,3.072796067510141,0.3548965306138915
20496036400.0,1.900960019838899,8.282288174392786,0.0,4.86792913506828,3.0623007357632988,0.3520583035612043
20733461800.0,1.8958946162313317,8.28700889595133,0.0,4.886267234011613,3.0515945043956156,0.34914715754410014
20973637500.0,1.8899662394049956,8.291090721544755,0.0,4.9042556273342335,3.0406739319716882,0.34616116223883503
21216595400.0,1.8831649414932847,8.29452764601354,0.0,4.921893726273182,3.0295356076181186,0.3430983121222393
21462367700.0,1.8754808281936217,8.297313715960303,0.0,4.93918108068281,3.0181760405665425,0.33995659471095185
21710987100.0,1.8669039799799867,8.299443006478525,0.0,4.956117358490078,3.006591766059461,0.3367338819289833
21962486400.0,1.8574245484282779,8.300909645762482,0.0,4.972702321576082,2.994779276795106,0.3334280473912948
22216899100.0,1.8470326777315695,8.301707883524461,-9.643274665532871e-16,4.98893591805888,2.982735100136992,0.33003686532858967
22474258900.0,1.8357185170503307,8.30183190397439,0.0,5.0048181407350025,2.9704556981304666,0.32655806510892116
22734600000.0,1.823472261322277,8.301276031908525,0.0,5.0203491583893705,2.957937546394671,0.3229893271244856
22997956900.0,1.8102841079410945,8.300034580998956,0.0,5.0355291834577365,2.94517713757192,0.31932825996929826
23264364400.0,1.7961442555410767,8.29810190854979,-9.643274665532871e-16,5.050358566039761,2.9321709379399885,0.31557240457004276
23533858000.0,1.781042938342205,8.295472469540378,0.0,5.064837810397154,2.918915414643312,0.3117192444999127
23806473500.0,1.7649703829854044,8.292140682854354,0.0,5.078967440494559,2.905407059498976,0.3077661828608201
24082246900.0,1.7479168361621709,8.288101033511996,0.0,5.092748123074108,2.8916423356705456,0.3037105747673439
24361214800.0,1.7298725427925254,8.283348070718402,0.0,5.1061806538293455,2.8776177364834226,0.29954968040563373
24643414300.0,1.7108277671315544,8.277876282549828,0.0,5.1192658085721146,2.8633297682283048,0.29528070574941007
24928882800.0,1.6907727856077628,8.271680274534866,0.0,5.132004547054737,2.848774950065523,0.29090077741460785
25217658100.0,1.669697865448253,8.264754675976222,-9.643274665532871e-16,5.144397948223995,2.8339497884911653,0.28640693926105903
25509778600.0,1.6475932934254898,8.257094077133157,0.0,5.156447055133791,2.818850858625341,0.28179616337402724
25805283100.0,1.6244493770265878,8.2486931427521,0.0,5.168153067090858,2.803474736487286,0.2770653391739586
26104210600.0,1.6002564014839695,8.239546570680584,0.0,5.17951728790891,2.7878180048693646,0.2722112779023071
26406600900.0,1.5750046673296212,8.229649018928757,0.0,5.190541013476745,2.7718773190242096,0.26723068642780157
26712494100.0,1.5486845130152374,8.218995241280137,0.0,5.201225694078191,2.7556493409164546,0.2621202062854937
27021930700.0,1.5212862447281403,8.207579962517386,0.0,5.211572827239609,2.7391307445901276,0.25687639068764945
27334951800.0,1.4928001884530033,8.19539791289411,0.0,5.221583927545344,2.722318324300334,0.251495661048432
27651599000.0,1.463216707693145,8.182443884553797,0.0,5.231260657113054,2.705208819712046,0.2459744077286938
27971914200.0,1.4325261396868327,8.168712650282886,0.0,5.240604662200303,2.6877991131351697,0.2403088749474131
28295939900.0,1.400718842662094,8.154199012023346,0.0,5.249617717700009,2.6700860782632025,0.23449521606013257
28623719200.0,1.367785221223167,8.138897789644696,0.0,5.258301606674337,2.6520666649347637,0.22852951803559324
28955295400.0,1.3337156347078116,8.122803787132275,0.0,5.266658187752475,2.633737904314832,0.22240769506496724
29290712500.0,1.2985004964791502,8.105911855329458,-9.643274665532871e-16,5.274689399042579,2.615096854840213,0.21612560144666554
29630015200.0,1.2621302504364185,8.088216831437942,0.0,5.282397147784112,2.596140684532848,0.20967899912098828
29973248300.0,1.224595315263699,8.069713598576294,-9.643274665532871e-16,5.28978352865074,2.576866584815053,0.20306348511050099
30320457400.0,1.185886158162844,8.050396970025535,0.0,5.296850509520695,2.557271898548489,0.19627456195635037
30671688500.0,1.1459932626143423,8.030261867898314,0.0,5.3036002559881235,2.537353993384255,0.1893076185259343
31026988300.0,1.1049071511121646,8.00930317499177,-9.643274665532871e-16,5.310034908437139,2.5171103405413535,0.1821579260132804
31386403900.0,1.0626183539847505,7.9875157616844135,0.0,5.316156629796042,2.4965385146049703,0.17482061728339993
31749983000.0,1.0191174396607303,7.964894575061695,0.0,5.321967684808417,2.4756361924514083,0.16729069780186823
32117773700.0,0.9743949929676666,7.941434483203009,-9.643274665532871e-16,5.32747031722704,2.454401124051822,0.15956304192414783
32489825000.0,0.928441654307453,7.917130411389909,0.0,5.332666805051684,2.4328312198197093,0.15163238651851452
32866186000.0,0.8812480911074201,7.891977295185196,0.0,5.337559516007703,2.410924435666659,0.14349334351083404
33246906800.0,0.8328050158148816,7.865970099278582,-9.643274665532871e-16,5.342150825233226,2.388678895022614,0.13514037902274334
33632037900.0,0.7831031728178984,7.839103746535624,0.0,5.346443131787164,2.3660928225085227,0.12656779223993542
34021630300.0,0.7321333588006413,7.811373177642295,0.0,5.350438846319721,2.3431645799240624,0.1177697513985123
34415735700.0,0.679886409893119,7.782773358452561,0.0,5.354140443893703,2.319892634437108,0.10874028012175221
34814406400.0,0.6263532323650964,7.753299252250448,0.0,5.357550385760557,2.296275653944794,0.09947321254509972
35217695300.0,0.5715247670897745,7.72294582370317,0.0,5.3606711818061115,2.2723123548607207,0.08996228703633721
35625655900.0,0.5153920048144509,7.691708094237605,0.0,5.3635054212446125,2.248001679578961,0.08020099341402973
36038342300.0,0.4579460169204551,7.659580994649352,0.0,5.366055596772425,2.223342690216388,0.07018270766053768
36455809300.0,0.39917793941987867,7.6265595869378044,0.0,5.368324344083902,2.1983345884554817,0.05990065439842232
36878112200.0,0.3390789494387698,7.592638802299217,0.0,5.370314205728609,2.172976784467177,0.04934781210342806
37305307000.0,0.2776403063655568,7.557813701316284,0.0,5.372027863475992,2.147268781324421,0.03851705651587628
37737450400.0,0.21485334608269813,7.522079268145955,-9.643274665532871e-16,5.373467908160977,2.1212103364944754,0.027401023490502767
38174599800.0,0.15070947575308552,7.485430545020174,0.0,5.374637036655201,2.094801303457034,0.01599220490793806
38616813100.0,0.08520017670302187,7.4478625544060195,0.0,5.375537908788202,2.0680417687485657,0.0042828768692544554
39064148900.0,0.01831699920343027,7.4093703334908785,0.0,5.3761732448099755,2.0409319610191505,-0.007734872338251127
39516666700.0,-0.04994837981186846,7.369948930264992,0.0,5.376545734483108,2.01347232256932,-0.02006912678743681
39974426500.0,-0.11960426370534805,7.3295933360126995,0.0,5.376658090905694,1.9856634808380471,-0.03272823573104049
40437488900.0,-0.19065880941356778,7.288298672734369,-9.643274665532871e-16,5.376513093312089,1.9575062578690998,-0.04572067844681908
40905915400.0,-0.26312010637315636,7.246059949309114,0.0,5.376113492168441,1.9290016383769146,-0.059055181236244716
41379768200.0,-0.3369961427325313,7.20287225790928,0.0,5.375462065849627,1.900150852441441,-0.07274066038178889
41859110000.0,-0.41229482425550945,7.158730630344914,0.0,5.374561588709549,1.8709553392984009,-0.0867862976630378
42344004500.0,-0.48902394574039054,7.113630126721206,-9.643274665532871e-16,5.373414873822778,1.8414166706615378,-0.1012014177631116
42834516100.0,-0.5671911916168397,7.067565854275644,0.0,5.372024764322426,1.811536717571534,-0.11599562761831678
43330709700.0,-0.6468041417203414,7.020532876418283,-9.643274665532871e-16,5.3703940862953115,1.7813175106299517,-0.13117872050698262
43832651200.0,-0.7278703172629476,6.972526184948577,0.0,5.3685256391371485,1.750761307842055,-0.14676076203062705
44340407100.0,-0.8103970461658473,6.923540959007374,-9.643274665532871e-16,5.366422370645923,1.7198705599211337,-0.16275197155968096
44854044900.0,-0.8943916198827031,6.873572237950039,-9.643274665532871e-16,5.364087156072777,1.6886479574454403,-0.1791628755681759
45373632700.0,-0.9798611852216744,6.822615047090101,0.0,5.361522844222546,1.6570964289405992,-0.19600422607304616
45899239300.0,-1.0668127585787586,6.770664508356572,0.0,5.358732412089818,1.6252190414398497,-0.21328694517309624
46430934600.0,-1.155253279296682,6.71771565678963,0.0,5.355718772396766,1.5930191751732057,-0.23102229078034
46968789000.0,-1.2451895257494314,6.663763563717039,0.0,5.35248487707063,1.5605003617346516,-0.24922167508824267
47512873800.0,-1.3366281875648718,6.608803304677692,0.0,5.349033753641548,1.5276663526814305,-0.26789680164528845
48063261400.0,-1.429575800380457,6.552829935091854,0.0,5.345368364217814,1.4945211793887472,-0.2870596085147082
48620024600.0,-1.5240388182034248,6.495838522744557,0.0,5.341491788411882,1.4610689948198863,-0.3067222604872085
49183237300.0,-1.6200235256014879,6.437824079495263,0.0,5.337407016461199,1.4273142595893846,-0.32689719655532223
49752974300.0,-1.7175361114709196,6.378781680183312,0.0,5.333117185337115,1.3932615684374594,-0.3475970735912619
50329311100.0,-1.8165826090234813,6.318706387942667,0.0,5.328625429061219,1.3589157517942256,-0.368834792912773
50912324100.0,-1.917168928742985,6.257593171892174,0.0,5.323934813846814,1.3242818699910228,-0.39062351194566464
51502090800.0,-2.0193008608408123,6.195437144576012,0.0,5.319048635181228,1.2893651212563007,-0.4129766118615189
52098689300.0,-2.122984055816596,6.132233266155131,0.0,5.313970026966857,1.2541709764855158,-0.43590773729724364
52702198800.0,-2.228224013793861,6.067976595278527,0.0,5.308702320701687,1.2187050256303624,-0.4594307510535233
53312699300.0,-2.335026108699429,6.002662103539497,-9.643274665532871e-16,5.303248735000618,1.182973101051458,-0.48355973251258205
53930271800.0,-2.443395567307568,5.936284872209603,0.0,5.297612732881348,1.1469811764564968,-0.508309037128243
54554998300.0,-2.55333748183632,5.868839871133501,0.0,5.291797663895531,1.1107354146825021,-0.5336932074445305
55186961500.0,-2.664856811659662,5.800322110538493,0.0,5.2858070138860445,1.0742421403712683,-0.5597270437188213
55826245500.0,-2.777958326735121,5.730726624309294,0.0,5.279644280596052,1.037507851788796,-0.5864255080755522
56472934800.0,-2.892646678359216,5.660048416638944,-9.643274665532871e-16,5.273313064222189,1.000539150126589,-0.61380379770983
57127115400.0,-3.008926379121772,5.588282499970819,0.0,5.266817021617304,0.9633428173083557,-0.641877338954838
57788874000.0,-3.126801743011468,5.515423973253297,0.0,5.260159920644293,0.9259257702722546,-0.6706617176632492
58458298400.0,-3.246276973826026,5.441467787132388,-9.643274665532871e-16,5.2533455184177384,0.8882949908156699,-0.7001727221010244
59135477400.0,-3.3673560810348975,5.366409033079853,0.0,5.246377714450601,0.8504576221786881,-0.7304263035494374
59820500700.0,-3.490042906291224,5.29024281811084,0.0,5.239260527721035,0.8124208689909769,-0.7614385786011726
60513459400.0,-3.6143411661584395,5.2129641920479495,-9.643274665532871e-16,5.231998014721273,0.7741920462076093,-0.7932258688809317
61214445300.0,-3.740254325410302,5.134568315557072,0.0,5.224594349105576,0.7357785119698491,-0.8258045455183525
61923551400.0,-3.8677857575527694,5.05505031806012,-9.643274665532871e-16,5.21705381332149,0.6971877135714077,-0.8591912088327797
62640871700.0,-3.9969385773841153,4.974405410956912,-9.643274665532871e-16,5.209380823888946,0.6584270756287844,-0.893402488560821
63366501500.0,-4.127715766263171,4.892628853562074,0.0,5.2015799293494,0.619504109459016,-0.9284551852463452
64100536900.0,-4.260120081992419,4.809715940045187,0.0,5.19365580056287,0.5804262851147066,-0.9643661456323882
64843075400.0,-4.39415406292184,4.725662012725929,0.0,5.185613167591901,0.541201137553622,-1.0011522924195972
65594215400.0,-4.529820077640368,4.640462505259207,0.0,5.177457007031773,0.5018361081927116,-1.038830609965278
66354056600.0,-4.667120245465495,4.5541129424817886,0.0,5.16919242256595,0.4623386334674705,-1.0774181135516334
67122699800.0,-4.806056503038453,4.466608867143778,-9.643274665532871e-16,5.160824624376304,0.42271606356679614,-1.1169318207993248
67900246900.0,-4.946630492810224,4.377946071573991,0.0,5.1523591470818335,0.3829756635589792,-1.1573887390668232
68686801100.0,-5.0888436775188435,4.288120249798407,-9.643274665532871e-16,5.143801463310752,0.3431246812133628,-1.1988058947257039
69482466700.0,-5.232697243912206,4.197127366327261,0.0,5.135157452745086,0.3031701130557233,-1.2412001994735493
70287349300.0,-5.378192096046808,4.104963427870483,0.0,5.126433013265027,0.263118955915537,-1.2845885413100842
71101555600.0,-5.52532889790626,4.011624717801892,0.0,5.117634451693346,0.22297791635991407,-1.3289876502513678
71925193600.0,-5.674108039500538,3.9171074625088043,0.0,5.1087680454102475,0.18275364646210404,-1.3744142293635495
72758372600.0,-5.824529583385606,3.82140826818423,-9.643274665532871e-16,5.099840512908303,0.14245248669391336,-1.4208847314179898
73601203200.0,-5.976593293775685,3.724523799683444,0.0,5.09085864996247,0.10208063198172707,-1.468415482260756
74453797100.0,-6.1302986885812585,3.6264509327598753,0.0,5.081829592428898,0.061643996251657146,-1.5170226559206788
75316267400.0,-6.285644884373799,3.5271867719156607,0.0,5.07276063514146,0.021148262461388206,-1.5667221256871904
76188728500.0,-6.4426306445751615,3.4267286761424733,0.0,5.063659410580166,-0.019401246083311077,-1.617529488354382
77071296200.0,-6.601254472656778,3.3250741881937658,0.0,5.054533776934522,-0.05999944306634815,-1.669460145674406
77964087500.0,-6.761514415684991,3.2222211174098154,-9.643274665532871e-16,5.045391824228887,-0.10064159581275245,-1.7225291110063234
78867220900.0,-6.923408233071104,3.1181675840267316,0.0,5.036242057682594,-0.14132337250027516,-1.7767511011555872
79780816100.0,-7.086933233542593,3.0129119316203528,0.0,5.027093084698135,-0.18204071867734203,-1.8321404344004408
80704994400.0,-7.2520863762722145,2.906452784893996,-9.643274665532871e-16,5.017953927294724,-0.22279010726174134,-1.8887110351389857
81639878400.0,-7.418864162272058,2.7987891266391247,0.0,5.008833818996293,-0.26356832463918267,-1.9464763677179884
82585592000.0,-7.587262785335131,2.689920227382993,0.0,4.999742455774705,-0.304372694230739,-2.005449534160975
83542260700.0,-7.757277880453971,2.5798457240004953,0.0,4.9906896314835505,-0.3452009261422275,-2.0656429813408286
84510011500.0,-7.928904785419617,2.4685654655583478,0.0,4.9816855492099865,-0.38605126395894496,-2.127068819692695
85488972600.0,-8.102138307201699,2.3560798011006825,0.0,4.972740745328188,-0.4269224989577968,-2.18973844526971
86479274000.0,-8.276972868742899,2.242389314447848,0.0,4.963865965941526,-0.46781385997937264,-2.2536627915143055
87481047000.0,-8.453402446726054,2.1274949980300906,0.0,4.955072388975678,-0.5087252571007093,-2.318852133844878
88494424500.0,-8.63142059901502,2.011398134913993,0.0,4.94637134719624,-0.5496570602416961,-2.385316152040551
89519541000.0,-8.811020474297951,1.8941003437635824,0.0,4.9377745581091546,-0.5906103450982018,-2.4530638692473676
90556532400.0,-8.99219470467411,1.7756036833555027,0.0,4.9292939812873025,-0.6315867555976458,-2.522103542334155
91605536200.0,-9.174935686337943,1.655910368970199,0.0,4.920941839162517,-0.6725886041815504,-2.592442866010765
92666691700.0,-9.359235237742698,1.5350230808740344,-9.643274665532871e-16,4.912730643047432,-0.7136188626696821,-2.6640886995037167
93740139500.0,-9.545084970999419,1.4129446501801706,0.0,4.904673067503926,-0.7546812280755306,-2.7370471892482238
94826022200.0,-9.732476130325384,1.2896782185873925,0.0,4.896782090374953,-0.7957801085680748,-2.8113237632194883
95924483600.0,-9.921399547261004,1.165227187970596,0.0,4.889070779583805,-0.8369206673459231,-2.886922924267286
97035669600.0,-10.111845927182905,1.0395950540610839,-9.643274665532871e-16,4.881552378450414,-0.8781088038104569,-2.963848520578876
98159727600.0,-10.303805750292543,0.9127854100307058,0.0,4.874240226942712,-0.9193512459408453,-3.042103570971162
99296806600.0,-10.497269248806427,0.7848020606933599,0.0,4.867147779253101,-0.9606555979564533,-3.121690120603289
100447057000.0,-10.692226650176547,0.6556487145785623,-9.643274665532871e-16,4.860288442628773,-1.002030187364356,-3.202609540685859
101610633000.0,-10.888668182949798,0.5253289428491371,0.0,4.853675606803439,-1.0434844219651802,-3.28486224198912
102787687000.0,-11.086584145798339,0.3938461387033291,0.0,4.84732249750886,-1.085028484752368,-3.3684478740531647
103978376000.0,-11.285964987495998,0.26120356576630926,0.0,4.841242214754862,-1.1266735498135942,-3.4533650991749583
105182858000.0,-11.486801527959575,0.12740387459525804,0.0,4.835447565076713,-1.1684318591735159,-3.5396118313079414
106401293000.0,-11.689084944251784,-0.007550657904666341,0.0,4.829950946553633,-1.210316600700681,-3.6271850037576163
107633842000.0,-11.892807025244196,-0.14365851651989953,0.0,4.8247643013527,-1.2523420271868368,-3.7160807906857647
108880669000.0,-12.097960391029485,-0.2809191712385903,0.0,4.819898910141912,-1.2945236253596004,-3.8062944560209004
110141939000.0,-12.304538490307573,-0.41933297639450906,0.0,4.8153653967415595,-1.3368780072080821,-3.8978203659279878
111417819000.0,-12.512535885253588,-0.5589015932284309,0.0,4.8111733936489625,-1.3794229476614885,-3.9906520392159046
112708480000.0,-12.72194868497753,-0.6996283247922457,0.0,4.807331514419319,-1.4221775302414872,-4.084782308970078
114014091000.0,-12.93277430538717,-0.8415179820186895,0.0,4.803847035219897,-1.4651621764661686,-4.180202840772419
115334826000.0,-13.14501244392605,-0.9845777582762422,0.0,4.8007258544635265,-1.5083987607647844,-4.276904851974986
116670861000.0,-13.358664655469145,-1.1288168775798524,0.0,4.797972070031296,-1.551910505607368,-4.3748784420037765
118022372000.0,-13.57373529874345,-1.2742476882612421,0.0,4.795587733401641,-1.5957222654854837,-4.474113156177399
119389540000.0,-13.790231423195081,-1.4208851988850917,0.0,4.793572746279527,-1.639860354272222,-4.574597590892399
120772544000.0,-14.008163634059855,-1.5687483388598107,0.0,4.791924325369493,-1.6843529053511421,-4.676319758878162
122171569000.0,-14.227546065281091,-1.717859649403781,0.0,4.790636802957737,-1.729229717068368,-4.779266735293149
123586800000.0,-14.44839720290451,-1.868246365394492,0.0,4.789701079078374,-1.7745224382471148,-4.883425006225749
125018426000.0,-14.670740289027759,-2.0199407175859423,0.0,4.789104273160984,-1.8202645967209152,-4.988780394026012
126466635000.0,-14.89460384898626,-2.1729803527557947,0.0,4.788829341091811,-1.8664917247986137,-5.095317969048992
127931620000.0,-15.120022366914105,-2.327409161862319,0.0,4.788854456489005,-1.9132413589062722,-5.203022259445056
129413576000.0,-15.3470368922588,-2.4832779319237237,0.0,4.789152459516415,-1.9605533037126743,-5.311877087727464
130912698000.0,-15.575695753410852,-2.6406450299455777,0.0,4.7896901609362015,-2.0084694222644814,-5.421865768617298
132429187000.0,-15.806055322421035,-2.799576941961523,0.0,4.790428103012508,-2.057034031747039,-5.5329710132269945
133963242000.0,-16.03818077521729,-2.960149461593626,0.0,4.791319220492535,-2.1062936277849866,-5.6451750543011725
135515068000.0,-16.272146980787937,-3.122448239259815,0.0,4.792308594332631,-2.156297298093777,-5.758459535498667
137084870000.0,-16.508039353681983,-3.286569715061627,0.0,4.793332463584731,-2.207096418295525,-5.872805760350834
138672856000.0,-16.745954809828277,-3.452622118667745,0.0,4.794317441145326,-2.2587450987171476,-5.988194461095924
140279238000.0,-16.98600268134731,-3.620726389601187,0.0,4.795179385669735,-2.311299708238516,-6.1046060670324085
141904228000.0,-17.228305796133956,-3.7910170990442253,0.0,4.79582285283904,-2.3648193915133313,-6.222020560369933
143548042000.0,-17.473001405102046,-3.9636432933418186,0.0,4.79613993975592,-2.4193655669039353,-6.340417666193803
145210898000.0,-17.720242253447708,-4.138769933471325,0.0,4.796009089988376,-2.4750023832428023,-6.459776640216899
146893016000.0,-17.97019756591943,-4.316578137396841,0.0,4.795294671954615,-2.531796189905978,-6.580076619445478
148594620000.0,-18.223054056679267,-4.497266674738196,0.0,4.793845453032614,-2.5898157915656683,-6.701296336205138
150315935000.0,-18.47901681823266,-4.681052599483616,-9.643274665532871e-16,4.7914938904283355,-2.6491321223938806,-6.823414367518072
152057189000.0,-18.738310187165307,-4.868171803581328,0.0,4.788055402612342,-2.709818135654341,-6.946409070539326
153818615000.0,-19.001178461820004,-5.058879839352176,-9.643274665532871e-16,4.78332735984343,-2.771948577221679,-7.070258621973931
155600444000.0,-19.26788646106815,-5.253452087199281,-9.643274665532871e-16,4.777088754948132,-2.8355997749900386,-7.194941067157372
157402915000.0,-19.53871987866333,-5.45218416571564,0.0,4.7690994089572545,-2.9008493006421365,-7.320434274030763
159226265000.0,-19.813985369677486,-5.655391603054585,0.0,4.759100025976461,-2.9677755699976482,-7.446716059033398
161070737000.0,-20.094010317232755,-5.8634094278788185,0.0,4.746812321253634,-3.036457561453627,-7.573764187678825
162936575000.0,-20.37914225179838,-6.076591346722434,-9.643274665532871e-16,4.731939196880315,-3.1069742628246386,-7.701556280778114
164824026000.0,-20.669747741037515,-6.295308331289716,0.0,4.714165817485218,-3.1794041005674663,-7.830070048207469
166733343000.0,-20.966210849209965,-6.5199467894703655,0.0,4.693160868035626,-3.253824559033114,-7.959283098472877
168664776000.0,-21.26893094707196,-6.750906102313035,0.0,4.668578379513294,-3.330311452914266,-8.089173028912063
170618583000.0,-21.578319934817294,-6.988595516276699,0.0,4.640060294822524,-3.4089381637903973,-8.219717647308823
172595023000.0,-21.894798729121973,-7.233430412675789,0.0,4.6072392803214735,-3.4897751243067217,-8.350894568690538
174594358000.0,-22.218793049338558,-7.485827830563805,0.0,4.5697427441418546,-3.5728888596805874,-8.482681715025073
176616853000.0,-22.55072850044008,-7.746201386267244,-9.643274665532871e-16,4.5271969986172955,-3.6583415236616723,-8.615056861222866
178662777000.0,-22.891024899947844,-8.014955480212327,-9.643274665532871e-16,4.479232321710247,-3.7461897790076693,-8.74799802291491
180732401000.0,-23.240089944291128,-8.292478937562237,0.0,4.425488373157948,-3.8364839850900134,-8.881483325630171
182825999000.0,-23.598312401487682,-8.579138299409374,0.0,4.365620468012966,-3.9292677599047248,-9.015491007517616
184943849000.0,-23.96605470659731,-8.875270588656873,0.0,4.299305627672163,-4.024576786495513,-9.149999429833521
187086232000.0,-24.343645404507818,-9.181176098381552,-9.643274665532871e-16,4.22624927143655,-4.1224382835302125,-9.28498708628789
189253433000.0,-24.731371557105305,-9.497111228990459,0.0,4.146191622254486,-4.222870164586184,-9.420432686658762
191445738000.0,-25.129471225725663,-9.823281544880096,0.0,4.058914032618935,-4.325880493520382,-9.55631508397865
193663439000.0,-25.538126491543412,-10.159835474990572,0.0,3.9642446239659277,-4.431466810865696,-9.692613288090804
195906830000.0,-25.95745720408005,-10.5068588168001,-9.643274665532871e-16,3.862063459703963,-4.539615722166987,-9.829306554337077
198176208000.0,-26.38751560916201,-10.864370198714113,0.0,3.7523065284577655,-4.650302459445836,-9.966374267726046
200471875000.0,-26.828282352155423,-11.23231790125558,0.0,3.634968818542132,-4.76349065108834,-10.103796068709372
202794134000.0,-27.279663738786546,-11.610577954690777,0.0,3.510105953459482,-4.879132147672046,-10.241551760478217
205143295000.0,-27.74149072174564,-11.99895392346515,0.0,3.377834535802615,-4.9971670494073,-10.379621409860464
207519668000.0,-28.213519273972175,-12.39717789080027,0.0,3.2383311540670787,-5.117523821861415,-10.517985223005937
209923569000.0,-28.69543273339199,-12.80491341704041,0.0,3.091829826554286,-5.240119523626564,-10.656623719968133
212355316000.0,-29.18684529450642,-13.221759423414055,-9.643274665532871e-16,2.9386184690635835,-5.364860386011666,-10.795517506465973
214815233000.0,-29.68730738751804,-13.647255799935252,-9.643274665532871e-16,2.7790339268355764,-5.491642120307634,-10.934647606463198
217303646000.0,-30.1963116731094,-14.080889499994244,0.0,2.6134563721188124,-5.620350813384366,-11.073995058728691
219820884000.0,-30.713300644804512,-14.522102066425827,0.0,2.442302734226718,-5.750863549120023,-11.213541251532519
222367282000.0,-31.23767448721324,-14.970297271663357,-9.643274665532871e-16,2.2660199220580663,-5.88304940245698,-11.353267791264445
224943177000.0,-31.768799427281714,-15.42484915160465,0.0,2.0850776916050573,-6.016770410597737,-11.493156432611972
227548911000.0,-32.30601660042824,-15.885110414357797,0.0,1.8999615470445175,-6.151882658646147,-11.633189302756165
230184830000.0,-32.848650121423624,-16.350420050082196,0.0,1.711165838856084,-6.288237309856708,-11.773348579081569
232851283000.0,-33.39601559513957,-16.820111289083325,0.0,1.5191873397571656,-6.425681860135915,-11.913616768704575
235548625000.0,-33.94742763264566,-17.29351855072549,-9.643274665532871e-16,1.3245192425441867,-6.564061235946122,-12.053976557323555
238277212000.0,-34.50220693400312,-17.769984069064265,0.0,1.127645779012417,-6.70321897036828,-12.194410877708403
241037407000.0,-35.05968658249778,-18.248863576555287,0.0,0.9290376800719856,-6.842998385889619,-12.334902870737654
243829577000.0,-35.619217554776895,-18.729531423344387,0.0,0.7291481231154369,-6.983243678184559,-12.475435868275264
246654090000.0,-36.18017340125591,-19.211384837693487,0.0,0.5284095413454857,-7.123800921009885,-12.615993458029084
249511323000.0,-36.741954178939565,-19.69384746388314,0.0,0.3272311202482695,-7.264519199299912,-12.756559384831503
252401654000.0,-37.303989480167004,-20.176372123079233,0.0,0.12599688351752264,-7.405251368818414,-12.897117637778345
255325466000.0,-37.86574086299751,-20.658442998278392,0.0,-0.07493560814977482,-7.545854980808619,-13.03765240932
258283148000.0,-38.42670348366799,-21.139577052003858,0.0,-0.27523596425110936,-7.686193027179761,-13.178148060572987
261275091000.0,-38.98640719861205,-21.619325042880444,0.0,-0.4746013092336838,-7.8261345597017415,-13.318589173945018
264301693000.0,-39.5444170563113,-22.097271850051882,0.0,-0.6727561189194841,-7.965555237548928,-13.458960493583469
267363355000.0,-40.10033338037967,-22.5730365696393,0.0,-0.8694518106840436,-8.104337721670282,-13.599247037284972
270460483000.0,-40.65379139703203,-23.046272064933596,-9.643274665532871e-16,-1.064465969697401,-8.242372192285366,-13.739433902950829
273593488000.0,-41.20446055401651,-23.51666430460087,0.0,-1.2576014404191471,-8.379556453722284,-13.879506410459436
276762786000.0,-41.75204354011062,-23.983931397007897,0.0,-1.4486851970946646,-8.515796087764171,-14.019450112149059
279968797000.0,-42.29627505990668,-24.447822409038842,0.0,-1.6375670834446034,-8.651004661698577,-14.159250663895664
283211946000.0,-42.83692052828801,-24.908116094689742,-9.643274665532871e-16,-1.8241185143564813,-8.785103622517562,-14.298893957815695
286492664000.0,-43.373774454018765,-25.364619336716217,0.0,-2.0082310745337963,-8.918022299554318,-14.438365962628101
289811385000.0,-43.90665898159287,-25.81716576504656,0.0,-2.189815127446081,-9.049697709680839,-14.577652927919644
293168551000.0,-44.43542202398645,-26.265613943520016,0.0,-2.368798413544679,-9.180074371659297,-14.716741158316038
296564606000.0,-44.959935815967015,-26.709845960115132,0.0,-2.5451246074992246,-9.309104128888947,-14.85561722372696
300000000000.0,-45.48009496201975,-27.149765601034947,0.0,-2.7187520479935094,-9.436745736235238,-14.9942678168062
