# Logfile created on 2026-08-20 08:55:37 +0000 by logger.rb/v1.5.3
2026-08-20 08:55:37 +0000: Memory Usage (128312K) : Starting running SG13G2 Klayout LVS runset on /workspace/layout/blocks/out/term_stage/_bisect/plus_ring.gds
2026-08-20 08:55:37 +0000: Memory Usage (128312K) : Ruby Version for klayout: 3.2.3
2026-08-20 08:55:37 +0000: Memory Usage (129524K) : Loading database to memory is complete.
2026-08-20 08:55:37 +0000: Memory Usage (129524K) : SG13G2 Klayout LVS runset output at: /workspace/layout/blocks/out/term_stage/_bisect/plus_ring/plus_ring.lvsdb
2026-08-20 08:55:37 +0000: Memory Usage (129524K) : Evaluate switches.
2026-08-20 08:55:37 +0000: Memory Usage (129524K) : Extracted netlist with net names: true
2026-08-20 08:55:37 +0000: Memory Usage (129524K) : Extracted netlist with comments in details: false
2026-08-20 08:55:37 +0000: Memory Usage (129524K) : Selected NET_ONLY option: false
2026-08-20 08:55:37 +0000: Memory Usage (129524K) : Selected LAYOUT_NETLIST option: (none)
2026-08-20 08:55:37 +0000: Memory Usage (129524K) : Selected IGNORE_TOP_PORTS_MISMATCH option: true
2026-08-20 08:55:37 +0000: Memory Usage (129524K) : Selected IMPLICIT_NETS option: sub,sub!
2026-08-20 08:55:37 +0000: Memory Usage (129524K) : Selected TOP_LVL_PINS option: false
2026-08-20 08:55:37 +0000: Memory Usage (129524K) : Selected COMBINE DEVICES option: false
2026-08-20 08:55:37 +0000: Memory Usage (129524K) : Selected PURGE option: false
2026-08-20 08:55:37 +0000: Memory Usage (129524K) : Selected PURGE_NETS option: false
2026-08-20 08:55:37 +0000: Memory Usage (129524K) : Selected SIMPLIFY option: true
2026-08-20 08:55:37 +0000: Memory Usage (129524K) : Selected SERIES_RES option: true
2026-08-20 08:55:37 +0000: Memory Usage (129524K) : Selected PARALLEL_RES option: true
2026-08-20 08:55:37 +0000: Memory Usage (129524K) : Selected DISABLE_TAP_EXTRACTION option: true
2026-08-20 08:55:37 +0000: Memory Usage (129524K) : deep  mode is enabled.
2026-08-20 08:55:37 +0000: Memory Usage (129524K) : Applying implicit connections (case-sensitive, pattern supported) for nets: sub, sub!
2026-08-20 08:55:37 +0000: Memory Usage (130624K) : Netlist file: /workspace/layout/blocks/out/term_stage/_bisect/plus_ring.cdl
2026-08-20 08:55:37 +0000: Memory Usage (130624K) : LVS extracted netlist at: /workspace/layout/blocks/out/term_stage/_bisect/plus_ring/plus_ring_extracted.cir
2026-08-20 08:55:37 +0000: Memory Usage (130624K) : Applying SRAM integration support.
2026-08-20 08:55:37 +0000: Memory Usage (130624K) : Starting SG13G2 LVS runset
2026-08-20 08:55:37 +0000: Memory Usage (130624K) : Read in polygons from layers.
2026-08-20 08:55:37 +0000: Memory Usage (131964K) : activ_drw has 130 polygons
2026-08-20 08:55:37 +0000: Memory Usage (131964K) : activ_filler has 0 polygons
2026-08-20 08:55:37 +0000: Memory Usage (131964K) : activ has 130 polygons
2026-08-20 08:55:37 +0000: Memory Usage (131964K) : activ_pin has 0 polygons
2026-08-20 08:55:37 +0000: Memory Usage (131964K) : activ_mask has 0 polygons
2026-08-20 08:55:37 +0000: Memory Usage (131964K) : activ_nofill has 0 polygons
2026-08-20 08:55:37 +0000: Memory Usage (132052K) : activ_OPC has 0 polygons
2026-08-20 08:55:37 +0000: Memory Usage (132564K) : activ_iOPC has 0 polygons
2026-08-20 08:55:37 +0000: Memory Usage (132564K) : activ_noqrc has 0 polygons
2026-08-20 08:55:37 +0000: Memory Usage (132564K) : biwind_drw has 0 polygons
2026-08-20 08:55:37 +0000: Memory Usage (132564K) : biwind_OPC has 0 polygons
2026-08-20 08:55:37 +0000: Memory Usage (132564K) : gatpoly_drw has 25 polygons
2026-08-20 08:55:37 +0000: Memory Usage (132564K) : gatpoly_filler has 0 polygons
2026-08-20 08:55:37 +0000: Memory Usage (132564K) : gatpoly has 25 polygons
2026-08-20 08:55:37 +0000: Memory Usage (132564K) : gatpoly_pin has 0 polygons
2026-08-20 08:55:37 +0000: Memory Usage (132564K) : gatpoly_nofill has 0 polygons
2026-08-20 08:55:37 +0000: Memory Usage (132564K) : gatpoly_OPC has 0 polygons
2026-08-20 08:55:37 +0000: Memory Usage (132564K) : gatpoly_iOPC has 0 polygons
2026-08-20 08:55:37 +0000: Memory Usage (132564K) : gatpoly_noqrc has 0 polygons
2026-08-20 08:55:37 +0000: Memory Usage (132692K) : cont_drw has 6147 polygons
2026-08-20 08:55:37 +0000: Memory Usage (132692K) : cont_OPC has 0 polygons
2026-08-20 08:55:37 +0000: Memory Usage (132692K) : nsd_drw has 0 polygons
2026-08-20 08:55:37 +0000: Memory Usage (132692K) : nsd_block has 0 polygons
2026-08-20 08:55:37 +0000: Memory Usage (132692K) : metal1_drw has 268 polygons
2026-08-20 08:55:37 +0000: Memory Usage (132692K) : metal1_filler has 0 polygons
2026-08-20 08:55:37 +0000: Memory Usage (132692K) : metal1_slit has 0 polygons
2026-08-20 08:55:37 +0000: Memory Usage (132820K) : metal1 has 268 polygons
2026-08-20 08:55:37 +0000: Memory Usage (132820K) : metal1_pin has 112 polygons
2026-08-20 08:55:37 +0000: Memory Usage (132948K) : metal1_mask has 0 polygons
2026-08-20 08:55:37 +0000: Memory Usage (132948K) : metal1_nofill has 0 polygons
2026-08-20 08:55:37 +0000: Memory Usage (133204K) : metal1_text has 4 polygons
2026-08-20 08:55:37 +0000: Memory Usage (133332K) : metal1_OPC has 0 polygons
2026-08-20 08:55:37 +0000: Memory Usage (133332K) : metal1_noqrc has 0 polygons
2026-08-20 08:55:37 +0000: Memory Usage (133332K) : metal1_res has 0 polygons
2026-08-20 08:55:37 +0000: Memory Usage (133460K) : metal1_iprobe has 0 polygons
2026-08-20 08:55:37 +0000: Memory Usage (133460K) : metal1_diffprb has 0 polygons
2026-08-20 08:55:37 +0000: Memory Usage (133460K) : passiv_drw has 2 polygons
2026-08-20 08:55:37 +0000: Memory Usage (133588K) : passiv_pin has 0 polygons
2026-08-20 08:55:37 +0000: Memory Usage (133588K) : passiv_sbump has 0 polygons
2026-08-20 08:55:37 +0000: Memory Usage (133588K) : passiv_pillar has 0 polygons
2026-08-20 08:55:37 +0000: Memory Usage (133716K) : passiv_pdl has 0 polygons
2026-08-20 08:55:37 +0000: Memory Usage (133716K) : metal2_drw has 72 polygons
2026-08-20 08:55:37 +0000: Memory Usage (133716K) : metal2_filler has 0 polygons
2026-08-20 08:55:37 +0000: Memory Usage (133844K) : metal2_slit has 0 polygons
2026-08-20 08:55:37 +0000: Memory Usage (133844K) : metal2 has 72 polygons
2026-08-20 08:55:37 +0000: Memory Usage (133844K) : metal2_pin has 8 polygons
2026-08-20 08:55:37 +0000: Memory Usage (133844K) : metal2_mask has 0 polygons
2026-08-20 08:55:37 +0000: Memory Usage (133972K) : metal2_nofill has 0 polygons
2026-08-20 08:55:37 +0000: Memory Usage (133972K) : metal2_text has 0 polygons
2026-08-20 08:55:37 +0000: Memory Usage (133972K) : metal2_OPC has 0 polygons
2026-08-20 08:55:37 +0000: Memory Usage (133972K) : metal2_noqrc has 0 polygons
2026-08-20 08:55:37 +0000: Memory Usage (134100K) : metal2_res has 0 polygons
2026-08-20 08:55:37 +0000: Memory Usage (134100K) : metal2_iprobe has 0 polygons
2026-08-20 08:55:37 +0000: Memory Usage (134100K) : metal2_diffprb has 0 polygons
2026-08-20 08:55:37 +0000: Memory Usage (134100K) : baspoly_drw has 0 polygons
2026-08-20 08:55:37 +0000: Memory Usage (134228K) : baspoly_pin has 0 polygons
2026-08-20 08:55:37 +0000: Memory Usage (134228K) : psd_drw has 119 polygons
2026-08-20 08:55:37 +0000: Memory Usage (134228K) : nldb_drw has 0 polygons
2026-08-20 08:55:37 +0000: Memory Usage (134228K) : digibnd_drw has 0 polygons
2026-08-20 08:55:37 +0000: Memory Usage (134356K) : via1_drw has 1907 polygons
2026-08-20 08:55:37 +0000: Memory Usage (134356K) : backmetal1_drw has 0 polygons
2026-08-20 08:55:37 +0000: Memory Usage (134356K) : backmetal1_pin has 0 polygons
2026-08-20 08:55:37 +0000: Memory Usage (134484K) : backmetal1_mask has 0 polygons
2026-08-20 08:55:37 +0000: Memory Usage (134484K) : backmetal1_filler has 0 polygons
2026-08-20 08:55:37 +0000: Memory Usage (134484K) : backmetal1_nofill has 0 polygons
2026-08-20 08:55:37 +0000: Memory Usage (134484K) : backmetal1_slit has 0 polygons
2026-08-20 08:55:37 +0000: Memory Usage (134612K) : backmetal1_text has 0 polygons
2026-08-20 08:55:37 +0000: Memory Usage (134612K) : backmetal1_OPC has 0 polygons
2026-08-20 08:55:37 +0000: Memory Usage (134612K) : backmetal1_noqrc has 0 polygons
2026-08-20 08:55:37 +0000: Memory Usage (134612K) : backmetal1_res has 0 polygons
2026-08-20 08:55:37 +0000: Memory Usage (134740K) : backmetal1_iprobe has 0 polygons
2026-08-20 08:55:37 +0000: Memory Usage (134740K) : backmetal1_diffprb has 0 polygons
2026-08-20 08:55:37 +0000: Memory Usage (134740K) : backpassiv_drw has 0 polygons
2026-08-20 08:55:37 +0000: Memory Usage (134740K) : res_drw has 2 polygons
2026-08-20 08:55:37 +0000: Memory Usage (134868K) : sram_drw has 0 polygons
2026-08-20 08:55:37 +0000: Memory Usage (134868K) : trans_drw has 0 polygons
2026-08-20 08:55:37 +0000: Memory Usage (134868K) : ind_drw has 0 polygons
2026-08-20 08:55:37 +0000: Memory Usage (134868K) : ind_pin has 0 polygons
2026-08-20 08:55:37 +0000: Memory Usage (134996K) : ind_text has 0 polygons
2026-08-20 08:55:37 +0000: Memory Usage (134996K) : salblock_drw has 14 polygons
2026-08-20 08:55:37 +0000: Memory Usage (134996K) : via2_drw has 858 polygons
2026-08-20 08:55:37 +0000: Memory Usage (135124K) : metal3_drw has 65 polygons
2026-08-20 08:55:37 +0000: Memory Usage (135124K) : metal3_filler has 0 polygons
2026-08-20 08:55:37 +0000: Memory Usage (135124K) : metal3_slit has 0 polygons
2026-08-20 08:55:37 +0000: Memory Usage (135124K) : metal3 has 65 polygons
2026-08-20 08:55:37 +0000: Memory Usage (135124K) : metal3_pin has 2 polygons
2026-08-20 08:55:37 +0000: Memory Usage (135124K) : metal3_mask has 0 polygons
2026-08-20 08:55:37 +0000: Memory Usage (135124K) : metal3_nofill has 0 polygons
2026-08-20 08:55:37 +0000: Memory Usage (135124K) : metal3_text has 0 polygons
2026-08-20 08:55:37 +0000: Memory Usage (135124K) : metal3_OPC has 0 polygons
2026-08-20 08:55:37 +0000: Memory Usage (135124K) : metal3_noqrc has 0 polygons
2026-08-20 08:55:37 +0000: Memory Usage (135124K) : metal3_res has 0 polygons
2026-08-20 08:55:37 +0000: Memory Usage (135124K) : metal3_iprobe has 0 polygons
2026-08-20 08:55:37 +0000: Memory Usage (135124K) : metal3_diffprb has 0 polygons
2026-08-20 08:55:37 +0000: Memory Usage (135124K) : nwell_drw has 14 polygons
2026-08-20 08:55:37 +0000: Memory Usage (135252K) : nwell_pin has 0 polygons
2026-08-20 08:55:37 +0000: Memory Usage (135252K) : nwell_text has 0 polygons
2026-08-20 08:55:37 +0000: Memory Usage (135252K) : nbulay_drw has 1 polygons
2026-08-20 08:55:37 +0000: Memory Usage (135252K) : nbulay_pin has 0 polygons
2026-08-20 08:55:37 +0000: Memory Usage (135252K) : nbulay_block has 0 polygons
2026-08-20 08:55:37 +0000: Memory Usage (135252K) : emwind_drw has 0 polygons
2026-08-20 08:55:37 +0000: Memory Usage (135380K) : emwind_OPC has 0 polygons
2026-08-20 08:55:37 +0000: Memory Usage (135380K) : deepco_drw has 0 polygons
2026-08-20 08:55:37 +0000: Memory Usage (135380K) : mim_drw has 1 polygons
2026-08-20 08:55:37 +0000: Memory Usage (135380K) : edgeseal_drw has 0 polygons
2026-08-20 08:55:37 +0000: Memory Usage (135380K) : substrate_drw has 100 polygons
2026-08-20 08:55:37 +0000: Memory Usage (135380K) : substrate_text has 0 polygons
2026-08-20 08:55:37 +0000: Memory Usage (135508K) : dfpad_drw has 2 polygons
2026-08-20 08:55:37 +0000: Memory Usage (135508K) : dfpad_pillar has 0 polygons
2026-08-20 08:55:37 +0000: Memory Usage (135508K) : dfpad_sbump has 0 polygons
2026-08-20 08:55:37 +0000: Memory Usage (135508K) : thickgateox_drw has 1 polygons
2026-08-20 08:55:37 +0000: Memory Usage (135508K) : pldb_drw has 0 polygons
2026-08-20 08:55:37 +0000: Memory Usage (135636K) : pwell_drw has 0 polygons
2026-08-20 08:55:37 +0000: Memory Usage (135636K) : pwell_pin has 0 polygons
2026-08-20 08:55:37 +0000: Memory Usage (135636K) : pwell_block has 0 polygons
2026-08-20 08:55:37 +0000: Memory Usage (135636K) : ic_drw has 0 polygons
2026-08-20 08:55:37 +0000: Memory Usage (135636K) : via3_drw has 1066 polygons
2026-08-20 08:55:37 +0000: Memory Usage (135636K) : metal4_drw has 40 polygons
2026-08-20 08:55:37 +0000: Memory Usage (135764K) : metal4_filler has 0 polygons
2026-08-20 08:55:37 +0000: Memory Usage (135764K) : metal4_slit has 0 polygons
2026-08-20 08:55:37 +0000: Memory Usage (135764K) : metal4 has 40 polygons
2026-08-20 08:55:37 +0000: Memory Usage (135764K) : metal4_pin has 0 polygons
2026-08-20 08:55:37 +0000: Memory Usage (135764K) : metal4_mask has 0 polygons
2026-08-20 08:55:37 +0000: Memory Usage (135764K) : metal4_nofill has 0 polygons
2026-08-20 08:55:37 +0000: Memory Usage (135892K) : metal4_text has 4 polygons
2026-08-20 08:55:37 +0000: Memory Usage (135892K) : metal4_OPC has 0 polygons
2026-08-20 08:55:37 +0000: Memory Usage (135892K) : metal4_noqrc has 0 polygons
2026-08-20 08:55:37 +0000: Memory Usage (135892K) : metal4_res has 0 polygons
2026-08-20 08:55:37 +0000: Memory Usage (135892K) : metal4_iprobe has 0 polygons
2026-08-20 08:55:37 +0000: Memory Usage (135892K) : metal4_diffprb has 0 polygons
2026-08-20 08:55:37 +0000: Memory Usage (136020K) : heattrans_drw has 0 polygons
2026-08-20 08:55:37 +0000: Memory Usage (136020K) : heatres_drw has 4 polygons
2026-08-20 08:55:37 +0000: Memory Usage (136020K) : fbe_drw has 0 polygons
2026-08-20 08:55:37 +0000: Memory Usage (136020K) : empoly_drw has 0 polygons
2026-08-20 08:55:37 +0000: Memory Usage (136020K) : digisub_drw has 0 polygons
2026-08-20 08:55:37 +0000: Memory Usage (136020K) : text_drw has 126 polygons
2026-08-20 08:55:37 +0000: Memory Usage (136148K) : via4_drw has 1042 polygons
2026-08-20 08:55:37 +0000: Memory Usage (136148K) : metal5_drw has 39 polygons
2026-08-20 08:55:37 +0000: Memory Usage (136148K) : metal5_filler has 0 polygons
2026-08-20 08:55:37 +0000: Memory Usage (136148K) : metal5_slit has 0 polygons
2026-08-20 08:55:37 +0000: Memory Usage (136148K) : metal5 has 39 polygons
2026-08-20 08:55:37 +0000: Memory Usage (136148K) : metal5_pin has 0 polygons
2026-08-20 08:55:37 +0000: Memory Usage (136276K) : metal5_mask has 0 polygons
2026-08-20 08:55:37 +0000: Memory Usage (136276K) : metal5_nofill has 0 polygons
2026-08-20 08:55:37 +0000: Memory Usage (136276K) : metal5_text has 0 polygons
2026-08-20 08:55:37 +0000: Memory Usage (136276K) : metal5_OPC has 0 polygons
2026-08-20 08:55:37 +0000: Memory Usage (136276K) : metal5_noqrc has 0 polygons
2026-08-20 08:55:37 +0000: Memory Usage (136276K) : metal5_res has 0 polygons
2026-08-20 08:55:37 +0000: Memory Usage (136404K) : metal5_iprobe has 0 polygons
2026-08-20 08:55:37 +0000: Memory Usage (136404K) : metal5_diffprb has 0 polygons
2026-08-20 08:55:37 +0000: Memory Usage (136404K) : radhard_drw has 0 polygons
2026-08-20 08:55:37 +0000: Memory Usage (136404K) : memcap_drw has 0 polygons
2026-08-20 08:55:37 +0000: Memory Usage (136404K) : varicap_drw has 0 polygons
2026-08-20 08:55:37 +0000: Memory Usage (136532K) : intbondvia_drw has 0 polygons
2026-08-20 08:55:37 +0000: Memory Usage (136532K) : intbondmet_drw has 0 polygons
2026-08-20 08:55:37 +0000: Memory Usage (136532K) : devbondvia_drw has 0 polygons
2026-08-20 08:55:37 +0000: Memory Usage (136532K) : devbondmet_drw has 0 polygons
2026-08-20 08:55:37 +0000: Memory Usage (136660K) : devtrench_drw has 0 polygons
2026-08-20 08:55:37 +0000: Memory Usage (136660K) : redist_drw has 0 polygons
2026-08-20 08:55:37 +0000: Memory Usage (136660K) : graphbot_drw has 0 polygons
2026-08-20 08:55:37 +0000: Memory Usage (136660K) : graphtop_drw has 0 polygons
2026-08-20 08:55:37 +0000: Memory Usage (136788K) : antvia1_drw has 0 polygons
2026-08-20 08:55:37 +0000: Memory Usage (136788K) : antmetal2_drw has 0 polygons
2026-08-20 08:55:37 +0000: Memory Usage (136788K) : graphcont_drw has 0 polygons
2026-08-20 08:55:37 +0000: Memory Usage (136788K) : siwg_drw has 0 polygons
2026-08-20 08:55:37 +0000: Memory Usage (136788K) : siwg_filler has 0 polygons
2026-08-20 08:55:37 +0000: Memory Usage (136788K) : siwg_nofill has 0 polygons
2026-08-20 08:55:37 +0000: Memory Usage (136788K) : sigrating_drw has 0 polygons
2026-08-20 08:55:37 +0000: Memory Usage (136916K) : singrating_drw has 0 polygons
2026-08-20 08:55:37 +0000: Memory Usage (136916K) : graphpas_drw has 0 polygons
2026-08-20 08:55:37 +0000: Memory Usage (136916K) : emwind3_drw has 0 polygons
2026-08-20 08:55:37 +0000: Memory Usage (136916K) : emwihv3_drw has 0 polygons
2026-08-20 08:55:37 +0000: Memory Usage (136916K) : redbulay_drw has 0 polygons
2026-08-20 08:55:37 +0000: Memory Usage (136916K) : smos_drw has 0 polygons
2026-08-20 08:55:37 +0000: Memory Usage (137044K) : graphpad_drw has 0 polygons
2026-08-20 08:55:37 +0000: Memory Usage (137044K) : polimide_drw has 0 polygons
2026-08-20 08:55:37 +0000: Memory Usage (137044K) : polimide_pin has 0 polygons
2026-08-20 08:55:37 +0000: Memory Usage (137044K) : recog_drw has 1 polygons
2026-08-20 08:55:37 +0000: Memory Usage (137172K) : recog_pin has 0 polygons
2026-08-20 08:55:37 +0000: Memory Usage (137172K) : recog_esd has 5 polygons
2026-08-20 08:55:37 +0000: Memory Usage (137172K) : recog_diode has 0 polygons
2026-08-20 08:55:37 +0000: Memory Usage (137172K) : recog_tsv has 0 polygons
2026-08-20 08:55:37 +0000: Memory Usage (137300K) : recog_iprobe has 0 polygons
2026-08-20 08:55:37 +0000: Memory Usage (137300K) : recog_diffprb has 0 polygons
2026-08-20 08:55:37 +0000: Memory Usage (137300K) : recog_pillar has 0 polygons
2026-08-20 08:55:37 +0000: Memory Usage (137300K) : recog_sbump has 0 polygons
2026-08-20 08:55:37 +0000: Memory Usage (137428K) : recog_otp has 0 polygons
2026-08-20 08:55:37 +0000: Memory Usage (137428K) : recog_pdiode has 0 polygons
2026-08-20 08:55:37 +0000: Memory Usage (137428K) : recog_mom has 0 polygons
2026-08-20 08:55:37 +0000: Memory Usage (137428K) : recog_momf has 0 polygons
2026-08-20 08:55:37 +0000: Memory Usage (137556K) : recog_pcm has 0 polygons
2026-08-20 08:55:37 +0000: Memory Usage (137556K) : colopen_drw has 0 polygons
2026-08-20 08:55:37 +0000: Memory Usage (137556K) : graphmetal1_drw has 0 polygons
2026-08-20 08:55:37 +0000: Memory Usage (137556K) : graphmetal1_filler has 0 polygons
2026-08-20 08:55:37 +0000: Memory Usage (137684K) : graphmetal1_nofill has 0 polygons
2026-08-20 08:55:37 +0000: Memory Usage (137684K) : graphmetal1_slit has 0 polygons
2026-08-20 08:55:37 +0000: Memory Usage (137684K) : graphmetal1_OPC has 0 polygons
2026-08-20 08:55:37 +0000: Memory Usage (137684K) : graphmet1l_drw has 0 polygons
2026-08-20 08:55:37 +0000: Memory Usage (137812K) : graphmet1l_filler has 0 polygons
2026-08-20 08:55:37 +0000: Memory Usage (137812K) : graphmet1l_nofill has 0 polygons
2026-08-20 08:55:37 +0000: Memory Usage (137812K) : graphmet1l_slit has 0 polygons
2026-08-20 08:55:37 +0000: Memory Usage (137812K) : graphmet1l_OPC has 0 polygons
2026-08-20 08:55:37 +0000: Memory Usage (137940K) : extblock_drw has 12 polygons
2026-08-20 08:55:37 +0000: Memory Usage (137940K) : nldd_drw has 0 polygons
2026-08-20 08:55:37 +0000: Memory Usage (137940K) : pldd_drw has 0 polygons
2026-08-20 08:55:37 +0000: Memory Usage (137940K) : next_drw has 0 polygons
2026-08-20 08:55:37 +0000: Memory Usage (137940K) : pext_drw has 0 polygons
2026-08-20 08:55:37 +0000: Memory Usage (138068K) : nexthv_drw has 0 polygons
2026-08-20 08:55:37 +0000: Memory Usage (138068K) : pexthv_drw has 0 polygons
2026-08-20 08:55:37 +0000: Memory Usage (138068K) : graphgate_drw has 0 polygons
2026-08-20 08:55:37 +0000: Memory Usage (138068K) : sinwg_drw has 0 polygons
2026-08-20 08:55:37 +0000: Memory Usage (138068K) : sinwg_filler has 0 polygons
2026-08-20 08:55:37 +0000: Memory Usage (138068K) : sinwg_nofill has 0 polygons
2026-08-20 08:55:37 +0000: Memory Usage (138196K) : mempad_drw has 0 polygons
2026-08-20 08:55:37 +0000: Memory Usage (138196K) : topvia1_drw has 483 polygons
2026-08-20 08:55:37 +0000: Memory Usage (138196K) : topmetal1_drw has 32 polygons
2026-08-20 08:55:37 +0000: Memory Usage (138196K) : topmetal1_filler has 0 polygons
2026-08-20 08:55:37 +0000: Memory Usage (138196K) : topmetal1_slit has 0 polygons
2026-08-20 08:55:37 +0000: Memory Usage (138324K) : topmetal1 has 32 polygons
2026-08-20 08:55:37 +0000: Memory Usage (138324K) : topmetal1_pin has 0 polygons
2026-08-20 08:55:37 +0000: Memory Usage (138324K) : topmetal1_mask has 0 polygons
2026-08-20 08:55:37 +0000: Memory Usage (138324K) : topmetal1_nofill has 0 polygons
2026-08-20 08:55:37 +0000: Memory Usage (138324K) : topmetal1_text has 0 polygons
2026-08-20 08:55:37 +0000: Memory Usage (138452K) : topmetal1_noqrc has 0 polygons
2026-08-20 08:55:37 +0000: Memory Usage (138452K) : topmetal1_res has 0 polygons
2026-08-20 08:55:37 +0000: Memory Usage (138452K) : topmetal1_iprobe has 0 polygons
2026-08-20 08:55:37 +0000: Memory Usage (138452K) : topmetal1_diffprb has 0 polygons
2026-08-20 08:55:37 +0000: Memory Usage (138580K) : inldpwl_drw has 0 polygons
2026-08-20 08:55:37 +0000: Memory Usage (138580K) : polyres_drw has 4 polygons
2026-08-20 08:55:37 +0000: Memory Usage (138580K) : polyres_pin has 0 polygons
2026-08-20 08:55:37 +0000: Memory Usage (138580K) : vmim_drw has 225 polygons
2026-08-20 08:55:37 +0000: Memory Usage (138580K) : nbulaycut_drw has 0 polygons
2026-08-20 08:55:37 +0000: Memory Usage (138708K) : antmetal1_drw has 0 polygons
2026-08-20 08:55:37 +0000: Memory Usage (138708K) : topvia2_drw has 206 polygons
2026-08-20 08:55:37 +0000: Memory Usage (138836K) : topmetal2_drw has 20 polygons
2026-08-20 08:55:37 +0000: Memory Usage (138836K) : topmetal2_filler has 0 polygons
2026-08-20 08:55:37 +0000: Memory Usage (138836K) : topmetal2_slit has 0 polygons
2026-08-20 08:55:37 +0000: Memory Usage (138964K) : topmetal2 has 20 polygons
2026-08-20 08:55:37 +0000: Memory Usage (138964K) : topmetal2_pin has 0 polygons
2026-08-20 08:55:37 +0000: Memory Usage (138964K) : topmetal2_mask has 0 polygons
2026-08-20 08:55:37 +0000: Memory Usage (138964K) : topmetal2_nofill has 0 polygons
2026-08-20 08:55:37 +0000: Memory Usage (139092K) : topmetal2_text has 4 polygons
2026-08-20 08:55:37 +0000: Memory Usage (139092K) : topmetal2_noqrc has 0 polygons
2026-08-20 08:55:37 +0000: Memory Usage (139092K) : topmetal2_res has 0 polygons
2026-08-20 08:55:37 +0000: Memory Usage (139092K) : topmetal2_iprobe has 0 polygons
2026-08-20 08:55:37 +0000: Memory Usage (139220K) : topmetal2_diffprb has 0 polygons
2026-08-20 08:55:37 +0000: Memory Usage (139220K) : snsring_drw has 0 polygons
2026-08-20 08:55:37 +0000: Memory Usage (139220K) : sensor_drw has 0 polygons
2026-08-20 08:55:37 +0000: Memory Usage (139220K) : snsarms_drw has 0 polygons
2026-08-20 08:55:37 +0000: Memory Usage (139348K) : snscmosvia_drw has 0 polygons
2026-08-20 08:55:37 +0000: Memory Usage (139348K) : colwind_drw has 0 polygons
2026-08-20 08:55:37 +0000: Memory Usage (139476K) : flm_drw has 0 polygons
2026-08-20 08:55:37 +0000: Memory Usage (139476K) : hafniumox_drw has 0 polygons
2026-08-20 08:55:37 +0000: Memory Usage (139476K) : memvia_drw has 0 polygons
2026-08-20 08:55:37 +0000: Memory Usage (139604K) : thinfilmres_drw has 0 polygons
2026-08-20 08:55:37 +0000: Memory Usage (139604K) : rfmem_drw has 0 polygons
2026-08-20 08:55:37 +0000: Memory Usage (139604K) : norcx_drw has 0 polygons
2026-08-20 08:55:37 +0000: Memory Usage (139604K) : norcx_m2m3 has 0 polygons
2026-08-20 08:55:37 +0000: Memory Usage (139604K) : norcx_m2m4 has 0 polygons
2026-08-20 08:55:37 +0000: Memory Usage (139604K) : norcx_m2m5 has 0 polygons
2026-08-20 08:55:37 +0000: Memory Usage (139604K) : norcx_m2tm1 has 0 polygons
2026-08-20 08:55:37 +0000: Memory Usage (139604K) : norcx_m2tm2 has 0 polygons
2026-08-20 08:55:37 +0000: Memory Usage (139604K) : norcx_m3m4 has 0 polygons
2026-08-20 08:55:37 +0000: Memory Usage (139604K) : norcx_m3m5 has 0 polygons
2026-08-20 08:55:37 +0000: Memory Usage (139604K) : norcx_m3tm1 has 0 polygons
2026-08-20 08:55:37 +0000: Memory Usage (139604K) : norcx_m3tm2 has 0 polygons
2026-08-20 08:55:37 +0000: Memory Usage (139604K) : norcx_m4m5 has 0 polygons
2026-08-20 08:55:37 +0000: Memory Usage (139604K) : norcx_m4tm1 has 0 polygons
2026-08-20 08:55:37 +0000: Memory Usage (139604K) : norcx_m4tm2 has 0 polygons
2026-08-20 08:55:37 +0000: Memory Usage (139604K) : norcx_m5tm1 has 0 polygons
2026-08-20 08:55:37 +0000: Memory Usage (139604K) : norcx_m5tm2 has 0 polygons
2026-08-20 08:55:37 +0000: Memory Usage (139604K) : norcx_tm1tm2 has 0 polygons
2026-08-20 08:55:37 +0000: Memory Usage (139604K) : norcx_m1sub has 0 polygons
2026-08-20 08:55:37 +0000: Memory Usage (139604K) : norcx_m2sub has 0 polygons
2026-08-20 08:55:37 +0000: Memory Usage (139604K) : norcx_m3sub has 0 polygons
2026-08-20 08:55:37 +0000: Memory Usage (139604K) : norcx_m4sub has 0 polygons
2026-08-20 08:55:37 +0000: Memory Usage (139604K) : norcx_m5sub has 0 polygons
2026-08-20 08:55:37 +0000: Memory Usage (139604K) : norcx_tm1sub has 0 polygons
2026-08-20 08:55:37 +0000: Memory Usage (139604K) : norcx_tm2sub has 0 polygons
2026-08-20 08:55:37 +0000: Memory Usage (139604K) : snsbotvia_drw has 0 polygons
2026-08-20 08:55:37 +0000: Memory Usage (139604K) : snstopvia_drw has 0 polygons
2026-08-20 08:55:37 +0000: Memory Usage (139604K) : deepvia_drw has 0 polygons
2026-08-20 08:55:37 +0000: Memory Usage (139604K) : fgetch_drw has 0 polygons
2026-08-20 08:55:37 +0000: Memory Usage (139604K) : ctrgat_drw has 0 polygons
2026-08-20 08:55:37 +0000: Memory Usage (139604K) : fgimp_drw has 0 polygons
2026-08-20 08:55:37 +0000: Memory Usage (139604K) : emwihv_drw has 0 polygons
2026-08-20 08:55:37 +0000: Memory Usage (139604K) : lbe_drw has 0 polygons
2026-08-20 08:55:37 +0000: Memory Usage (139604K) : alcustop_drw has 0 polygons
2026-08-20 08:55:37 +0000: Memory Usage (139604K) : nometfiller_drw has 0 polygons
2026-08-20 08:55:37 +0000: Memory Usage (139604K) : prboundary_drw has 0 polygons
2026-08-20 08:55:37 +0000: Memory Usage (139604K) : exchange0_drw has 0 polygons
2026-08-20 08:55:37 +0000: Memory Usage (139604K) : exchange0_pin has 0 polygons
2026-08-20 08:55:37 +0000: Memory Usage (139604K) : exchange0_text has 0 polygons
2026-08-20 08:55:37 +0000: Memory Usage (139604K) : exchange1_drw has 0 polygons
2026-08-20 08:55:37 +0000: Memory Usage (139604K) : exchange1_pin has 0 polygons
2026-08-20 08:55:37 +0000: Memory Usage (139604K) : exchange1_text has 0 polygons
2026-08-20 08:55:37 +0000: Memory Usage (139604K) : exchange2_drw has 0 polygons
2026-08-20 08:55:37 +0000: Memory Usage (139604K) : exchange2_pin has 0 polygons
2026-08-20 08:55:37 +0000: Memory Usage (139604K) : exchange2_text has 0 polygons
2026-08-20 08:55:37 +0000: Memory Usage (139604K) : exchange3_drw has 0 polygons
2026-08-20 08:55:37 +0000: Memory Usage (139604K) : exchange3_pin has 0 polygons
2026-08-20 08:55:37 +0000: Memory Usage (139604K) : exchange3_text has 0 polygons
2026-08-20 08:55:37 +0000: Memory Usage (139604K) : exchange4_drw has 0 polygons
2026-08-20 08:55:37 +0000: Memory Usage (139604K) : exchange4_pin has 0 polygons
2026-08-20 08:55:37 +0000: Memory Usage (139604K) : exchange4_text has 0 polygons
2026-08-20 08:55:37 +0000: Memory Usage (139604K) : isonwell_drw has 0 polygons
2026-08-20 08:55:37 +0000: Memory Usage (139604K) : Total no. of polygons in the design is 13167
2026-08-20 08:55:37 +0000: Memory Usage (139604K) : Starting base layers derivations
2026-08-20 08:55:37 +0000: Memory Usage (139604K) : Starting general LVS derivations
2026-08-20 08:55:38 +0000: Memory Usage (143608K) : Starting MOSFET DERIVATIONS
2026-08-20 08:55:38 +0000: Memory Usage (144248K) : Starting NMOS DERIVATIONS
2026-08-20 08:55:38 +0000: Memory Usage (144248K) : Starting PMOS DERIVATIONS
2026-08-20 08:55:38 +0000: Memory Usage (144248K) : Starting RF-MOSFET DERIVATIONS
2026-08-20 08:55:38 +0000: Memory Usage (144248K) : Starting RF-NMOS DERIVATIONS
2026-08-20 08:55:38 +0000: Memory Usage (144248K) : Starting RF-PMOS DERIVATIONS
2026-08-20 08:55:38 +0000: Memory Usage (144248K) : Starting BJT DERIVATIONS
2026-08-20 08:55:38 +0000: Memory Usage (144248K) : Starting NPN-BJT DERIVATIONS
2026-08-20 08:55:38 +0000: Memory Usage (144248K) : Starting PNP-BJT DERIVATIONS
2026-08-20 08:55:38 +0000: Memory Usage (144248K) : Starting DIODE DERIVATIONS
2026-08-20 08:55:38 +0000: Memory Usage (144248K) : Starting RESISTOR DERIVATIONS
2026-08-20 08:55:38 +0000: Memory Usage (144376K) : Starting CAP DERIVATIONS
2026-08-20 08:55:38 +0000: Memory Usage (144376K) : Starting CAP_CMOM DERIVATIONS
2026-08-20 08:55:38 +0000: Memory Usage (144376K) : Starting CAP_CMOMF DERIVATIONS
2026-08-20 08:55:38 +0000: Memory Usage (144376K) : Starting ESD DERIVATIONS
2026-08-20 08:55:39 +0000: Memory Usage (144504K) : Starting Inductor DERIVATIONS
2026-08-20 08:55:39 +0000: Memory Usage (144888K) : Starting Taps DERIVATIONS
2026-08-20 08:55:39 +0000: Memory Usage (145144K) : Starting SG13G2 LVS connectivity setup
2026-08-20 08:55:39 +0000: Memory Usage (145144K) : Starting SG13G2 LVS connectivity setup (Inter-layer)
2026-08-20 08:55:39 +0000: Memory Usage (145144K) : Starting SG13G2 LVS connectivity setup (Global)
2026-08-20 08:55:39 +0000: Memory Usage (145144K) : Starting LVS MOSFET CONNECTIONS
2026-08-20 08:55:39 +0000: Memory Usage (145144K) : Starting LVS RF-MOSFET CONNECTIONS
2026-08-20 08:55:39 +0000: Memory Usage (145144K) : Starting LVS BJT CONNECTIONS
2026-08-20 08:55:39 +0000: Memory Usage (145144K) : Starting LVS DIODE CONNECTIONS
2026-08-20 08:55:39 +0000: Memory Usage (145144K) : Starting RESISTOR CONNECTIONS
2026-08-20 08:55:39 +0000: Memory Usage (145144K) : Starting LVS CAP CONNECTIONS
2026-08-20 08:55:39 +0000: Memory Usage (145144K) : Starting CAP_CMOM CONNECTIONS
2026-08-20 08:55:39 +0000: Memory Usage (145144K) : Starting CAP_CMOMF CONNECTIONS
2026-08-20 08:55:39 +0000: Memory Usage (145144K) : Starting ESD CONNECTIONS
2026-08-20 08:55:39 +0000: Memory Usage (145144K) : Starting Inductor CONNECTIONS
2026-08-20 08:55:39 +0000: Memory Usage (145144K) : Starting LVS Taps CONNECTIONS
2026-08-20 08:55:39 +0000: Memory Usage (145144K) : Starting SG13G2 LVS DEVICES EXTRACTION
2026-08-20 08:55:39 +0000: Memory Usage (145144K) : Starting MOSFET EXTRACTION
2026-08-20 08:55:39 +0000: Memory Usage (145144K) : Starting NMOS EXTRACTION
2026-08-20 08:55:39 +0000: Memory Usage (145144K) : Extraction of NMOS-LV transistor
2026-08-20 08:55:39 +0000: Memory Usage (145272K) : Extraction of NMOS-HV transistor
2026-08-20 08:55:39 +0000: Memory Usage (145272K) : Starting PMOS EXTRACTION
2026-08-20 08:55:39 +0000: Memory Usage (145272K) : Extraction of PMOS-LV transistor
2026-08-20 08:55:39 +0000: Memory Usage (145272K) : Extraction of PMOS-HV transistor
2026-08-20 08:55:39 +0000: Memory Usage (145272K) : Starting RF-MOSFET EXTRACTION
2026-08-20 08:55:39 +0000: Memory Usage (145272K) : Extraction of RF-NMOS-LV transistor
2026-08-20 08:55:39 +0000: Memory Usage (145272K) : Extraction of RF-NMOS-HV transistor
2026-08-20 08:55:39 +0000: Memory Usage (145272K) : Extraction of RF-PMOS-LV transistor
2026-08-20 08:55:39 +0000: Memory Usage (145272K) : Extraction of RF-PMOS-HV transistor
2026-08-20 08:55:39 +0000: Memory Usage (145272K) : Starting BJT EXTRACTION
2026-08-20 08:55:39 +0000: Memory Usage (145272K) : Starting NPN-BJT EXTRACTION
2026-08-20 08:55:39 +0000: Memory Usage (145272K) : Extraction of npn13G2 BJT transistor
2026-08-20 08:55:39 +0000: Memory Usage (145272K) : Extraction of npn13G2L BJT transistor
2026-08-20 08:55:39 +0000: Memory Usage (145272K) : Extraction of npn13G2V BJT transistor
2026-08-20 08:55:39 +0000: Memory Usage (145272K) : Starting PNP-BJT EXTRACTION
2026-08-20 08:55:39 +0000: Memory Usage (145272K) : Extracting pnpMPA BJT
2026-08-20 08:55:39 +0000: Memory Usage (145272K) : Starting DIODE EXTRACTION
2026-08-20 08:55:39 +0000: Memory Usage (145272K) : Extracting dantenna diode
2026-08-20 08:55:39 +0000: Memory Usage (145272K) : Extracting dpantenna diode
2026-08-20 08:55:39 +0000: Memory Usage (145272K) : Extracting schottky_nbl1 diode
2026-08-20 08:55:39 +0000: Memory Usage (145272K) : Extracting isolbox diode
2026-08-20 08:55:39 +0000: Memory Usage (145272K) : Starting RESISTOR EXTRACTION
2026-08-20 08:55:39 +0000: Memory Usage (145272K) : Extracting rsil resistor
2026-08-20 08:55:39 +0000: Memory Usage (145400K) : Extracting rppd resistor
2026-08-20 08:55:39 +0000: Memory Usage (145400K) : Extracting rhigh resistor
2026-08-20 08:55:39 +0000: Memory Usage (145400K) : Extracting res_metal1 resistor
2026-08-20 08:55:39 +0000: Memory Usage (145528K) : Extracting res_metal2 resistor
2026-08-20 08:55:39 +0000: Memory Usage (145528K) : Extracting res_metal3 resistor
2026-08-20 08:55:39 +0000: Memory Usage (145528K) : Extracting res_metal4 resistor
2026-08-20 08:55:39 +0000: Memory Usage (145528K) : Extracting res_metal5 resistor
2026-08-20 08:55:39 +0000: Memory Usage (145528K) : Extracting res_topmetal1 resistor
2026-08-20 08:55:39 +0000: Memory Usage (145528K) : Extracting res_topmetal2 resistor
2026-08-20 08:55:39 +0000: Memory Usage (145528K) : Starting CAP EXTRACTION
2026-08-20 08:55:39 +0000: Memory Usage (145528K) : Extracting cap_cmim device
2026-08-20 08:55:39 +0000: Memory Usage (145528K) : Extracting rfcmim device
2026-08-20 08:55:39 +0000: Memory Usage (145528K) : Extracting sg13_hv_svaricap varactor
2026-08-20 08:55:39 +0000: Memory Usage (145528K) : Extracting cap_cmomi device
2026-08-20 08:55:39 +0000: Memory Usage (145528K) : Extracting cap_cmomf device
2026-08-20 08:55:39 +0000: Memory Usage (145528K) : Extracting sg13_moscap_n capacitor
2026-08-20 08:55:39 +0000: Memory Usage (145528K) : Extracting sg13_moscap_p capacitor
2026-08-20 08:55:39 +0000: Memory Usage (145528K) : Starting ESD EXTRACTION
2026-08-20 08:55:39 +0000: Memory Usage (145528K) : Extracting diodevdd_2kv ESD device
2026-08-20 08:55:39 +0000: Memory Usage (145528K) : Extracting diodevdd_4kv ESD device
2026-08-20 08:55:39 +0000: Memory Usage (145528K) : Extracting diodevss_2kv ESD device
2026-08-20 08:55:39 +0000: Memory Usage (145528K) : Extracting diodevss_4kv ESD device
2026-08-20 08:55:39 +0000: Memory Usage (145528K) : Extracting idiodevdd_2kv ESD device
2026-08-20 08:55:39 +0000: Memory Usage (145528K) : Extracting idiodevdd_4kv ESD device
2026-08-20 08:55:39 +0000: Memory Usage (145528K) : Extracting idiodevss_2kv ESD device
2026-08-20 08:55:39 +0000: Memory Usage (145528K) : Extracting idiodevss_4kv ESD device
2026-08-20 08:55:39 +0000: Memory Usage (145528K) : Extracting nmoscl_2 ESD device
2026-08-20 08:55:39 +0000: Memory Usage (145528K) : Extracting nmoscl_4 ESD device
2026-08-20 08:55:39 +0000: Memory Usage (145528K) : Starting Inductor EXTRACTION
2026-08-20 08:55:39 +0000: Memory Usage (145528K) : Extracting Inductor2 device
2026-08-20 08:55:39 +0000: Memory Usage (145528K) : Extracting Inductor3 device
2026-08-20 08:55:39 +0000: Memory Usage (145528K) : Starting Taps EXTRACTION
2026-08-20 08:55:39 +0000: Memory Usage (145528K) : DISABLE_TAP_EXTRACTION is enabled: skipping ntap1/ptap1 device extraction.
2026-08-20 08:55:39 +0000: Memory Usage (145528K) : Starting SG13G2 LVS RF MOS Model Mapping
2026-08-20 08:55:39 +0000: Memory Usage (145528K) : [layout_netlist] Apply RF MOS model mapping and rfmode parameter.
2026-08-20 08:55:39 +0000: Memory Usage (145528K) : Starting SG13G2 LVS Options Preparations
2026-08-20 08:55:39 +0000: Memory Usage (145528K) : SG13G2 LVS flow: extraction -> alignment -> option preparation -> comparison.
2026-08-20 08:55:39 +0000: Memory Usage (145528K) : Starting SG13G2 LVS Alignment
2026-08-20 08:55:39 +0000: Memory Usage (145656K) : Starting SG13G2 LVS Simplification
2026-08-20 08:55:39 +0000: Memory Usage (145656K) : [layout_netlist] simplify: ENABLED
2026-08-20 08:55:39 +0000: Memory Usage (145656K) : [layout_netlist] make_top_level_pins: SKIPPED
2026-08-20 08:55:39 +0000: Memory Usage (145656K) : [layout_netlist] combine_devices: SKIPPED
2026-08-20 08:55:39 +0000: Memory Usage (145656K) : [layout_netlist] purge: SKIPPED
2026-08-20 08:55:39 +0000: Memory Usage (145656K) : [layout_netlist] purge_nets: SKIPPED
2026-08-20 08:55:39 +0000: Memory Usage (145656K) : [schematic_netlist] simplify: ENABLED
2026-08-20 08:55:39 +0000: Memory Usage (145656K) : [schematic_netlist] make_top_level_pins: SKIPPED
2026-08-20 08:55:39 +0000: Memory Usage (145656K) : [schematic_netlist] combine_devices: SKIPPED
2026-08-20 08:55:39 +0000: Memory Usage (145656K) : [schematic_netlist] purge: SKIPPED
2026-08-20 08:55:39 +0000: Memory Usage (145656K) : [schematic_netlist] purge_nets: SKIPPED
2026-08-20 08:55:39 +0000: Memory Usage (145656K) : Starting SG13G2 LVS Comparison
2026-08-20 08:55:39 +0000: Memory Usage (145656K) : xxxxxxxxxxxxxxxxxxxxxxxxxxxxxxxxxxxxxxxxxx
2026-08-20 08:55:39 +0000: Memory Usage (145656K) : ERROR : Netlists don't match
2026-08-20 08:55:39 +0000: Memory Usage (145656K) : xxxxxxxxxxxxxxxxxxxxxxxxxxxxxxxxxxxxxxxxxx
2026-08-20 08:55:39 +0000: Memory Usage (145656K) : LVS Total Run time 1.726378 seconds
2026-08-20 09:00:21 +0000: Memory Usage (128548K) : Starting running SG13G2 Klayout LVS runset on /workspace/layout/blocks/out/term_stage/_bisect/plus_ring.gds
2026-08-20 09:00:21 +0000: Memory Usage (128548K) : Ruby Version for klayout: 3.2.3
2026-08-20 09:00:21 +0000: Memory Usage (129820K) : Loading database to memory is complete.
2026-08-20 09:00:21 +0000: Memory Usage (129820K) : SG13G2 Klayout LVS runset output at: /workspace/layout/blocks/out/term_stage/_bisect/plus_ring/plus_ring.lvsdb
2026-08-20 09:00:21 +0000: Memory Usage (129820K) : Evaluate switches.
2026-08-20 09:00:21 +0000: Memory Usage (129820K) : Extracted netlist with net names: true
2026-08-20 09:00:21 +0000: Memory Usage (129820K) : Extracted netlist with comments in details: false
2026-08-20 09:00:21 +0000: Memory Usage (129820K) : Selected NET_ONLY option: false
2026-08-20 09:00:21 +0000: Memory Usage (129820K) : Selected LAYOUT_NETLIST option: (none)
2026-08-20 09:00:21 +0000: Memory Usage (129820K) : Selected IGNORE_TOP_PORTS_MISMATCH option: true
2026-08-20 09:00:21 +0000: Memory Usage (129820K) : Selected IMPLICIT_NETS option: sub,sub!
2026-08-20 09:00:21 +0000: Memory Usage (129820K) : Selected TOP_LVL_PINS option: false
2026-08-20 09:00:21 +0000: Memory Usage (129820K) : Selected COMBINE DEVICES option: false
2026-08-20 09:00:21 +0000: Memory Usage (129820K) : Selected PURGE option: false
2026-08-20 09:00:21 +0000: Memory Usage (129820K) : Selected PURGE_NETS option: false
2026-08-20 09:00:21 +0000: Memory Usage (129820K) : Selected SIMPLIFY option: true
2026-08-20 09:00:21 +0000: Memory Usage (129820K) : Selected SERIES_RES option: true
2026-08-20 09:00:21 +0000: Memory Usage (129820K) : Selected PARALLEL_RES option: true
2026-08-20 09:00:21 +0000: Memory Usage (129820K) : Selected DISABLE_TAP_EXTRACTION option: true
2026-08-20 09:00:21 +0000: Memory Usage (129820K) : deep  mode is enabled.
2026-08-20 09:00:21 +0000: Memory Usage (129820K) : Applying implicit connections (case-sensitive, pattern supported) for nets: sub, sub!
2026-08-20 09:00:21 +0000: Memory Usage (131116K) : Netlist file: /workspace/layout/blocks/out/term_stage/_bisect/plus_ring.cdl
2026-08-20 09:00:21 +0000: Memory Usage (131116K) : LVS extracted netlist at: /workspace/layout/blocks/out/term_stage/_bisect/plus_ring/plus_ring_extracted.cir
2026-08-20 09:00:21 +0000: Memory Usage (131116K) : Applying SRAM integration support.
2026-08-20 09:00:21 +0000: Memory Usage (131116K) : Starting SG13G2 LVS runset
2026-08-20 09:00:21 +0000: Memory Usage (131116K) : Read in polygons from layers.
2026-08-20 09:00:21 +0000: Memory Usage (132396K) : activ_drw has 130 polygons
2026-08-20 09:00:21 +0000: Memory Usage (132396K) : activ_filler has 0 polygons
2026-08-20 09:00:21 +0000: Memory Usage (132524K) : activ has 130 polygons
2026-08-20 09:00:21 +0000: Memory Usage (132524K) : activ_pin has 0 polygons
2026-08-20 09:00:21 +0000: Memory Usage (132524K) : activ_mask has 0 polygons
2026-08-20 09:00:21 +0000: Memory Usage (132524K) : activ_nofill has 0 polygons
2026-08-20 09:00:21 +0000: Memory Usage (132524K) : activ_OPC has 0 polygons
2026-08-20 09:00:21 +0000: Memory Usage (132612K) : activ_iOPC has 0 polygons
2026-08-20 09:00:21 +0000: Memory Usage (133124K) : activ_noqrc has 0 polygons
2026-08-20 09:00:21 +0000: Memory Usage (133124K) : biwind_drw has 0 polygons
2026-08-20 09:00:21 +0000: Memory Usage (133124K) : biwind_OPC has 0 polygons
2026-08-20 09:00:21 +0000: Memory Usage (133124K) : gatpoly_drw has 25 polygons
2026-08-20 09:00:21 +0000: Memory Usage (133124K) : gatpoly_filler has 0 polygons
2026-08-20 09:00:21 +0000: Memory Usage (133124K) : gatpoly has 25 polygons
2026-08-20 09:00:21 +0000: Memory Usage (133124K) : gatpoly_pin has 0 polygons
2026-08-20 09:00:21 +0000: Memory Usage (133124K) : gatpoly_nofill has 0 polygons
2026-08-20 09:00:21 +0000: Memory Usage (133124K) : gatpoly_OPC has 0 polygons
2026-08-20 09:00:21 +0000: Memory Usage (133124K) : gatpoly_iOPC has 0 polygons
2026-08-20 09:00:21 +0000: Memory Usage (133124K) : gatpoly_noqrc has 0 polygons
2026-08-20 09:00:21 +0000: Memory Usage (133252K) : cont_drw has 6147 polygons
2026-08-20 09:00:21 +0000: Memory Usage (133252K) : cont_OPC has 0 polygons
2026-08-20 09:00:21 +0000: Memory Usage (133252K) : nsd_drw has 0 polygons
2026-08-20 09:00:21 +0000: Memory Usage (133252K) : nsd_block has 0 polygons
2026-08-20 09:00:21 +0000: Memory Usage (133252K) : metal1_drw has 268 polygons
2026-08-20 09:00:21 +0000: Memory Usage (133252K) : metal1_filler has 0 polygons
2026-08-20 09:00:21 +0000: Memory Usage (133252K) : metal1_slit has 0 polygons
2026-08-20 09:00:21 +0000: Memory Usage (133252K) : metal1 has 268 polygons
2026-08-20 09:00:21 +0000: Memory Usage (133380K) : metal1_pin has 112 polygons
2026-08-20 09:00:21 +0000: Memory Usage (133380K) : metal1_mask has 0 polygons
2026-08-20 09:00:21 +0000: Memory Usage (133508K) : metal1_nofill has 0 polygons
2026-08-20 09:00:21 +0000: Memory Usage (133636K) : metal1_text has 4 polygons
2026-08-20 09:00:21 +0000: Memory Usage (133636K) : metal1_OPC has 0 polygons
2026-08-20 09:00:21 +0000: Memory Usage (133764K) : metal1_noqrc has 0 polygons
2026-08-20 09:00:21 +0000: Memory Usage (133764K) : metal1_res has 0 polygons
2026-08-20 09:00:21 +0000: Memory Usage (133892K) : metal1_iprobe has 0 polygons
2026-08-20 09:00:21 +0000: Memory Usage (133892K) : metal1_diffprb has 0 polygons
2026-08-20 09:00:21 +0000: Memory Usage (133892K) : passiv_drw has 2 polygons
2026-08-20 09:00:21 +0000: Memory Usage (134020K) : passiv_pin has 0 polygons
2026-08-20 09:00:21 +0000: Memory Usage (134020K) : passiv_sbump has 0 polygons
2026-08-20 09:00:21 +0000: Memory Usage (134020K) : passiv_pillar has 0 polygons
2026-08-20 09:00:21 +0000: Memory Usage (134148K) : passiv_pdl has 0 polygons
2026-08-20 09:00:21 +0000: Memory Usage (134148K) : metal2_drw has 65 polygons
2026-08-20 09:00:21 +0000: Memory Usage (134148K) : metal2_filler has 0 polygons
2026-08-20 09:00:21 +0000: Memory Usage (134148K) : metal2_slit has 0 polygons
2026-08-20 09:00:21 +0000: Memory Usage (134276K) : metal2 has 65 polygons
2026-08-20 09:00:21 +0000: Memory Usage (134276K) : metal2_pin has 8 polygons
2026-08-20 09:00:21 +0000: Memory Usage (134276K) : metal2_mask has 0 polygons
2026-08-20 09:00:21 +0000: Memory Usage (134404K) : metal2_nofill has 0 polygons
2026-08-20 09:00:21 +0000: Memory Usage (134404K) : metal2_text has 0 polygons
2026-08-20 09:00:21 +0000: Memory Usage (134404K) : metal2_OPC has 0 polygons
2026-08-20 09:00:21 +0000: Memory Usage (134404K) : metal2_noqrc has 0 polygons
2026-08-20 09:00:21 +0000: Memory Usage (134532K) : metal2_res has 0 polygons
2026-08-20 09:00:21 +0000: Memory Usage (134532K) : metal2_iprobe has 0 polygons
2026-08-20 09:00:21 +0000: Memory Usage (134532K) : metal2_diffprb has 0 polygons
2026-08-20 09:00:21 +0000: Memory Usage (134532K) : baspoly_drw has 0 polygons
2026-08-20 09:00:21 +0000: Memory Usage (134660K) : baspoly_pin has 0 polygons
2026-08-20 09:00:21 +0000: Memory Usage (134660K) : psd_drw has 119 polygons
2026-08-20 09:00:21 +0000: Memory Usage (134660K) : nldb_drw has 0 polygons
2026-08-20 09:00:21 +0000: Memory Usage (134660K) : digibnd_drw has 0 polygons
2026-08-20 09:00:21 +0000: Memory Usage (134788K) : via1_drw has 1907 polygons
2026-08-20 09:00:21 +0000: Memory Usage (134788K) : backmetal1_drw has 0 polygons
2026-08-20 09:00:21 +0000: Memory Usage (134788K) : backmetal1_pin has 0 polygons
2026-08-20 09:00:21 +0000: Memory Usage (134916K) : backmetal1_mask has 0 polygons
2026-08-20 09:00:21 +0000: Memory Usage (134916K) : backmetal1_filler has 0 polygons
2026-08-20 09:00:21 +0000: Memory Usage (134916K) : backmetal1_nofill has 0 polygons
2026-08-20 09:00:21 +0000: Memory Usage (134916K) : backmetal1_slit has 0 polygons
2026-08-20 09:00:21 +0000: Memory Usage (135044K) : backmetal1_text has 0 polygons
2026-08-20 09:00:21 +0000: Memory Usage (135044K) : backmetal1_OPC has 0 polygons
2026-08-20 09:00:21 +0000: Memory Usage (135044K) : backmetal1_noqrc has 0 polygons
2026-08-20 09:00:21 +0000: Memory Usage (135044K) : backmetal1_res has 0 polygons
2026-08-20 09:00:21 +0000: Memory Usage (135172K) : backmetal1_iprobe has 0 polygons
2026-08-20 09:00:21 +0000: Memory Usage (135172K) : backmetal1_diffprb has 0 polygons
2026-08-20 09:00:21 +0000: Memory Usage (135172K) : backpassiv_drw has 0 polygons
2026-08-20 09:00:21 +0000: Memory Usage (135172K) : res_drw has 2 polygons
2026-08-20 09:00:21 +0000: Memory Usage (135300K) : sram_drw has 0 polygons
2026-08-20 09:00:21 +0000: Memory Usage (135300K) : trans_drw has 0 polygons
2026-08-20 09:00:21 +0000: Memory Usage (135300K) : ind_drw has 0 polygons
2026-08-20 09:00:21 +0000: Memory Usage (135300K) : ind_pin has 0 polygons
2026-08-20 09:00:21 +0000: Memory Usage (135428K) : ind_text has 0 polygons
2026-08-20 09:00:21 +0000: Memory Usage (135428K) : salblock_drw has 14 polygons
2026-08-20 09:00:21 +0000: Memory Usage (135428K) : via2_drw has 842 polygons
2026-08-20 09:00:21 +0000: Memory Usage (135556K) : metal3_drw has 57 polygons
2026-08-20 09:00:21 +0000: Memory Usage (135556K) : metal3_filler has 0 polygons
2026-08-20 09:00:21 +0000: Memory Usage (135556K) : metal3_slit has 0 polygons
2026-08-20 09:00:21 +0000: Memory Usage (135556K) : metal3 has 57 polygons
2026-08-20 09:00:21 +0000: Memory Usage (135556K) : metal3_pin has 2 polygons
2026-08-20 09:00:21 +0000: Memory Usage (135556K) : metal3_mask has 0 polygons
2026-08-20 09:00:21 +0000: Memory Usage (135556K) : metal3_nofill has 0 polygons
2026-08-20 09:00:21 +0000: Memory Usage (135556K) : metal3_text has 0 polygons
2026-08-20 09:00:21 +0000: Memory Usage (135556K) : metal3_OPC has 0 polygons
2026-08-20 09:00:21 +0000: Memory Usage (135556K) : metal3_noqrc has 0 polygons
2026-08-20 09:00:21 +0000: Memory Usage (135556K) : metal3_res has 0 polygons
2026-08-20 09:00:21 +0000: Memory Usage (135556K) : metal3_iprobe has 0 polygons
2026-08-20 09:00:21 +0000: Memory Usage (135556K) : metal3_diffprb has 0 polygons
2026-08-20 09:00:21 +0000: Memory Usage (135556K) : nwell_drw has 14 polygons
2026-08-20 09:00:21 +0000: Memory Usage (135556K) : nwell_pin has 0 polygons
2026-08-20 09:00:21 +0000: Memory Usage (135556K) : nwell_text has 0 polygons
2026-08-20 09:00:21 +0000: Memory Usage (135684K) : nbulay_drw has 1 polygons
2026-08-20 09:00:21 +0000: Memory Usage (135684K) : nbulay_pin has 0 polygons
2026-08-20 09:00:21 +0000: Memory Usage (135684K) : nbulay_block has 0 polygons
2026-08-20 09:00:21 +0000: Memory Usage (135684K) : emwind_drw has 0 polygons
2026-08-20 09:00:21 +0000: Memory Usage (135684K) : emwind_OPC has 0 polygons
2026-08-20 09:00:21 +0000: Memory Usage (135812K) : deepco_drw has 0 polygons
2026-08-20 09:00:21 +0000: Memory Usage (135812K) : mim_drw has 1 polygons
2026-08-20 09:00:21 +0000: Memory Usage (135812K) : edgeseal_drw has 0 polygons
2026-08-20 09:00:21 +0000: Memory Usage (135812K) : substrate_drw has 100 polygons
2026-08-20 09:00:21 +0000: Memory Usage (135812K) : substrate_text has 0 polygons
2026-08-20 09:00:21 +0000: Memory Usage (135812K) : dfpad_drw has 2 polygons
2026-08-20 09:00:21 +0000: Memory Usage (135940K) : dfpad_pillar has 0 polygons
2026-08-20 09:00:21 +0000: Memory Usage (135940K) : dfpad_sbump has 0 polygons
2026-08-20 09:00:21 +0000: Memory Usage (135940K) : thickgateox_drw has 1 polygons
2026-08-20 09:00:21 +0000: Memory Usage (135940K) : pldb_drw has 0 polygons
2026-08-20 09:00:21 +0000: Memory Usage (135940K) : pwell_drw has 0 polygons
2026-08-20 09:00:21 +0000: Memory Usage (135940K) : pwell_pin has 0 polygons
2026-08-20 09:00:21 +0000: Memory Usage (136068K) : pwell_block has 0 polygons
2026-08-20 09:00:21 +0000: Memory Usage (136068K) : ic_drw has 0 polygons
2026-08-20 09:00:21 +0000: Memory Usage (136068K) : via3_drw has 1046 polygons
2026-08-20 09:00:21 +0000: Memory Usage (136068K) : metal4_drw has 27 polygons
2026-08-20 09:00:21 +0000: Memory Usage (136068K) : metal4_filler has 0 polygons
2026-08-20 09:00:21 +0000: Memory Usage (136196K) : metal4_slit has 0 polygons
2026-08-20 09:00:21 +0000: Memory Usage (136196K) : metal4 has 27 polygons
2026-08-20 09:00:21 +0000: Memory Usage (136196K) : metal4_pin has 0 polygons
2026-08-20 09:00:21 +0000: Memory Usage (136196K) : metal4_mask has 0 polygons
2026-08-20 09:00:21 +0000: Memory Usage (136196K) : metal4_nofill has 0 polygons
2026-08-20 09:00:21 +0000: Memory Usage (136196K) : metal4_text has 4 polygons
2026-08-20 09:00:21 +0000: Memory Usage (136324K) : metal4_OPC has 0 polygons
2026-08-20 09:00:21 +0000: Memory Usage (136324K) : metal4_noqrc has 0 polygons
2026-08-20 09:00:21 +0000: Memory Usage (136324K) : metal4_res has 0 polygons
2026-08-20 09:00:21 +0000: Memory Usage (136324K) : metal4_iprobe has 0 polygons
2026-08-20 09:00:21 +0000: Memory Usage (136324K) : metal4_diffprb has 0 polygons
2026-08-20 09:00:21 +0000: Memory Usage (136324K) : heattrans_drw has 0 polygons
2026-08-20 09:00:21 +0000: Memory Usage (136324K) : heatres_drw has 4 polygons
2026-08-20 09:00:21 +0000: Memory Usage (136452K) : fbe_drw has 0 polygons
2026-08-20 09:00:21 +0000: Memory Usage (136452K) : empoly_drw has 0 polygons
2026-08-20 09:00:21 +0000: Memory Usage (136452K) : digisub_drw has 0 polygons
2026-08-20 09:00:21 +0000: Memory Usage (136452K) : text_drw has 126 polygons
2026-08-20 09:00:21 +0000: Memory Usage (136452K) : via4_drw has 1038 polygons
2026-08-20 09:00:21 +0000: Memory Usage (136452K) : metal5_drw has 42 polygons
2026-08-20 09:00:21 +0000: Memory Usage (136580K) : metal5_filler has 0 polygons
2026-08-20 09:00:21 +0000: Memory Usage (136580K) : metal5_slit has 0 polygons
2026-08-20 09:00:21 +0000: Memory Usage (136580K) : metal5 has 42 polygons
2026-08-20 09:00:21 +0000: Memory Usage (136580K) : metal5_pin has 0 polygons
2026-08-20 09:00:21 +0000: Memory Usage (136580K) : metal5_mask has 0 polygons
2026-08-20 09:00:21 +0000: Memory Usage (136580K) : metal5_nofill has 0 polygons
2026-08-20 09:00:21 +0000: Memory Usage (136708K) : metal5_text has 0 polygons
2026-08-20 09:00:21 +0000: Memory Usage (136708K) : metal5_OPC has 0 polygons
2026-08-20 09:00:21 +0000: Memory Usage (136708K) : metal5_noqrc has 0 polygons
2026-08-20 09:00:21 +0000: Memory Usage (136708K) : metal5_res has 0 polygons
2026-08-20 09:00:21 +0000: Memory Usage (136708K) : metal5_iprobe has 0 polygons
2026-08-20 09:00:21 +0000: Memory Usage (136836K) : metal5_diffprb has 0 polygons
2026-08-20 09:00:21 +0000: Memory Usage (136836K) : radhard_drw has 0 polygons
2026-08-20 09:00:21 +0000: Memory Usage (136836K) : memcap_drw has 0 polygons
2026-08-20 09:00:21 +0000: Memory Usage (136836K) : varicap_drw has 0 polygons
2026-08-20 09:00:21 +0000: Memory Usage (136836K) : intbondvia_drw has 0 polygons
2026-08-20 09:00:21 +0000: Memory Usage (136964K) : intbondmet_drw has 0 polygons
2026-08-20 09:00:21 +0000: Memory Usage (136964K) : devbondvia_drw has 0 polygons
2026-08-20 09:00:21 +0000: Memory Usage (136964K) : devbondmet_drw has 0 polygons
2026-08-20 09:00:21 +0000: Memory Usage (136964K) : devtrench_drw has 0 polygons
2026-08-20 09:00:21 +0000: Memory Usage (137092K) : redist_drw has 0 polygons
2026-08-20 09:00:21 +0000: Memory Usage (137092K) : graphbot_drw has 0 polygons
2026-08-20 09:00:21 +0000: Memory Usage (137092K) : graphtop_drw has 0 polygons
2026-08-20 09:00:21 +0000: Memory Usage (137092K) : antvia1_drw has 0 polygons
2026-08-20 09:00:21 +0000: Memory Usage (137092K) : antmetal2_drw has 0 polygons
2026-08-20 09:00:21 +0000: Memory Usage (137092K) : graphcont_drw has 0 polygons
2026-08-20 09:00:21 +0000: Memory Usage (137220K) : siwg_drw has 0 polygons
2026-08-20 09:00:21 +0000: Memory Usage (137220K) : siwg_filler has 0 polygons
2026-08-20 09:00:21 +0000: Memory Usage (137220K) : siwg_nofill has 0 polygons
2026-08-20 09:00:21 +0000: Memory Usage (137220K) : sigrating_drw has 0 polygons
2026-08-20 09:00:21 +0000: Memory Usage (137220K) : singrating_drw has 0 polygons
2026-08-20 09:00:21 +0000: Memory Usage (137348K) : graphpas_drw has 0 polygons
2026-08-20 09:00:21 +0000: Memory Usage (137348K) : emwind3_drw has 0 polygons
2026-08-20 09:00:21 +0000: Memory Usage (137348K) : emwihv3_drw has 0 polygons
2026-08-20 09:00:21 +0000: Memory Usage (137348K) : redbulay_drw has 0 polygons
2026-08-20 09:00:21 +0000: Memory Usage (137348K) : smos_drw has 0 polygons
2026-08-20 09:00:21 +0000: Memory Usage (137348K) : graphpad_drw has 0 polygons
2026-08-20 09:00:21 +0000: Memory Usage (137476K) : polimide_drw has 0 polygons
2026-08-20 09:00:21 +0000: Memory Usage (137476K) : polimide_pin has 0 polygons
2026-08-20 09:00:21 +0000: Memory Usage (137476K) : recog_drw has 1 polygons
2026-08-20 09:00:21 +0000: Memory Usage (137476K) : recog_pin has 0 polygons
2026-08-20 09:00:21 +0000: Memory Usage (137604K) : recog_esd has 5 polygons
2026-08-20 09:00:21 +0000: Memory Usage (137604K) : recog_diode has 0 polygons
2026-08-20 09:00:21 +0000: Memory Usage (137604K) : recog_tsv has 0 polygons
2026-08-20 09:00:21 +0000: Memory Usage (137604K) : recog_iprobe has 0 polygons
2026-08-20 09:00:21 +0000: Memory Usage (137732K) : recog_diffprb has 0 polygons
2026-08-20 09:00:21 +0000: Memory Usage (137732K) : recog_pillar has 0 polygons
2026-08-20 09:00:21 +0000: Memory Usage (137732K) : recog_sbump has 0 polygons
2026-08-20 09:00:21 +0000: Memory Usage (137732K) : recog_otp has 0 polygons
2026-08-20 09:00:21 +0000: Memory Usage (137732K) : recog_pdiode has 0 polygons
2026-08-20 09:00:21 +0000: Memory Usage (137860K) : recog_mom has 0 polygons
2026-08-20 09:00:21 +0000: Memory Usage (137860K) : recog_momf has 0 polygons
2026-08-20 09:00:21 +0000: Memory Usage (137860K) : recog_pcm has 0 polygons
2026-08-20 09:00:21 +0000: Memory Usage (137988K) : colopen_drw has 0 polygons
2026-08-20 09:00:21 +0000: Memory Usage (137988K) : graphmetal1_drw has 0 polygons
2026-08-20 09:00:21 +0000: Memory Usage (137988K) : graphmetal1_filler has 0 polygons
2026-08-20 09:00:21 +0000: Memory Usage (137988K) : graphmetal1_nofill has 0 polygons
2026-08-20 09:00:21 +0000: Memory Usage (138116K) : graphmetal1_slit has 0 polygons
2026-08-20 09:00:21 +0000: Memory Usage (138116K) : graphmetal1_OPC has 0 polygons
2026-08-20 09:00:21 +0000: Memory Usage (138116K) : graphmet1l_drw has 0 polygons
2026-08-20 09:00:21 +0000: Memory Usage (138116K) : graphmet1l_filler has 0 polygons
2026-08-20 09:00:21 +0000: Memory Usage (138244K) : graphmet1l_nofill has 0 polygons
2026-08-20 09:00:21 +0000: Memory Usage (138244K) : graphmet1l_slit has 0 polygons
2026-08-20 09:00:21 +0000: Memory Usage (138244K) : graphmet1l_OPC has 0 polygons
2026-08-20 09:00:21 +0000: Memory Usage (138244K) : extblock_drw has 12 polygons
2026-08-20 09:00:21 +0000: Memory Usage (138372K) : nldd_drw has 0 polygons
2026-08-20 09:00:21 +0000: Memory Usage (138372K) : pldd_drw has 0 polygons
2026-08-20 09:00:21 +0000: Memory Usage (138372K) : next_drw has 0 polygons
2026-08-20 09:00:21 +0000: Memory Usage (138372K) : pext_drw has 0 polygons
2026-08-20 09:00:21 +0000: Memory Usage (138372K) : nexthv_drw has 0 polygons
2026-08-20 09:00:21 +0000: Memory Usage (138372K) : pexthv_drw has 0 polygons
2026-08-20 09:00:21 +0000: Memory Usage (138500K) : graphgate_drw has 0 polygons
2026-08-20 09:00:21 +0000: Memory Usage (138500K) : sinwg_drw has 0 polygons
2026-08-20 09:00:21 +0000: Memory Usage (138500K) : sinwg_filler has 0 polygons
2026-08-20 09:00:21 +0000: Memory Usage (138500K) : sinwg_nofill has 0 polygons
2026-08-20 09:00:21 +0000: Memory Usage (138500K) : mempad_drw has 0 polygons
2026-08-20 09:00:21 +0000: Memory Usage (138628K) : topvia1_drw has 484 polygons
2026-08-20 09:00:21 +0000: Memory Usage (138628K) : topmetal1_drw has 33 polygons
2026-08-20 09:00:21 +0000: Memory Usage (138628K) : topmetal1_filler has 0 polygons
2026-08-20 09:00:21 +0000: Memory Usage (138628K) : topmetal1_slit has 0 polygons
2026-08-20 09:00:21 +0000: Memory Usage (138628K) : topmetal1 has 33 polygons
2026-08-20 09:00:21 +0000: Memory Usage (138756K) : topmetal1_pin has 0 polygons
2026-08-20 09:00:21 +0000: Memory Usage (138756K) : topmetal1_mask has 0 polygons
2026-08-20 09:00:21 +0000: Memory Usage (138756K) : topmetal1_nofill has 0 polygons
2026-08-20 09:00:21 +0000: Memory Usage (138756K) : topmetal1_text has 0 polygons
2026-08-20 09:00:21 +0000: Memory Usage (138756K) : topmetal1_noqrc has 0 polygons
2026-08-20 09:00:21 +0000: Memory Usage (138884K) : topmetal1_res has 0 polygons
2026-08-20 09:00:21 +0000: Memory Usage (138884K) : topmetal1_iprobe has 0 polygons
2026-08-20 09:00:21 +0000: Memory Usage (138884K) : topmetal1_diffprb has 0 polygons
2026-08-20 09:00:21 +0000: Memory Usage (138884K) : inldpwl_drw has 0 polygons
2026-08-20 09:00:21 +0000: Memory Usage (138884K) : polyres_drw has 4 polygons
2026-08-20 09:00:21 +0000: Memory Usage (139012K) : polyres_pin has 0 polygons
2026-08-20 09:00:21 +0000: Memory Usage (139012K) : vmim_drw has 225 polygons
2026-08-20 09:00:21 +0000: Memory Usage (139012K) : nbulaycut_drw has 0 polygons
2026-08-20 09:00:21 +0000: Memory Usage (139012K) : antmetal1_drw has 0 polygons
2026-08-20 09:00:21 +0000: Memory Usage (139140K) : topvia2_drw has 209 polygons
2026-08-20 09:00:21 +0000: Memory Usage (139140K) : topmetal2_drw has 23 polygons
2026-08-20 09:00:21 +0000: Memory Usage (139268K) : topmetal2_filler has 0 polygons
2026-08-20 09:00:21 +0000: Memory Usage (139268K) : topmetal2_slit has 0 polygons
2026-08-20 09:00:21 +0000: Memory Usage (139268K) : topmetal2 has 23 polygons
2026-08-20 09:00:21 +0000: Memory Usage (139396K) : topmetal2_pin has 0 polygons
2026-08-20 09:00:21 +0000: Memory Usage (139396K) : topmetal2_mask has 0 polygons
2026-08-20 09:00:21 +0000: Memory Usage (139396K) : topmetal2_nofill has 0 polygons
2026-08-20 09:00:21 +0000: Memory Usage (139396K) : topmetal2_text has 4 polygons
2026-08-20 09:00:21 +0000: Memory Usage (139524K) : topmetal2_noqrc has 0 polygons
2026-08-20 09:00:21 +0000: Memory Usage (139524K) : topmetal2_res has 0 polygons
2026-08-20 09:00:21 +0000: Memory Usage (139524K) : topmetal2_iprobe has 0 polygons
2026-08-20 09:00:21 +0000: Memory Usage (139524K) : topmetal2_diffprb has 0 polygons
2026-08-20 09:00:21 +0000: Memory Usage (139652K) : snsring_drw has 0 polygons
2026-08-20 09:00:21 +0000: Memory Usage (139652K) : sensor_drw has 0 polygons
2026-08-20 09:00:21 +0000: Memory Usage (139652K) : snsarms_drw has 0 polygons
2026-08-20 09:00:21 +0000: Memory Usage (139652K) : snscmosvia_drw has 0 polygons
2026-08-20 09:00:21 +0000: Memory Usage (139780K) : colwind_drw has 0 polygons
2026-08-20 09:00:21 +0000: Memory Usage (139908K) : flm_drw has 0 polygons
2026-08-20 09:00:21 +0000: Memory Usage (139908K) : hafniumox_drw has 0 polygons
2026-08-20 09:00:21 +0000: Memory Usage (139908K) : memvia_drw has 0 polygons
2026-08-20 09:00:21 +0000: Memory Usage (140036K) : thinfilmres_drw has 0 polygons
2026-08-20 09:00:21 +0000: Memory Usage (140036K) : rfmem_drw has 0 polygons
2026-08-20 09:00:21 +0000: Memory Usage (140036K) : norcx_drw has 0 polygons
2026-08-20 09:00:21 +0000: Memory Usage (140036K) : norcx_m2m3 has 0 polygons
2026-08-20 09:00:21 +0000: Memory Usage (140036K) : norcx_m2m4 has 0 polygons
2026-08-20 09:00:21 +0000: Memory Usage (140036K) : norcx_m2m5 has 0 polygons
2026-08-20 09:00:21 +0000: Memory Usage (140036K) : norcx_m2tm1 has 0 polygons
2026-08-20 09:00:21 +0000: Memory Usage (140036K) : norcx_m2tm2 has 0 polygons
2026-08-20 09:00:21 +0000: Memory Usage (140036K) : norcx_m3m4 has 0 polygons
2026-08-20 09:00:21 +0000: Memory Usage (140036K) : norcx_m3m5 has 0 polygons
2026-08-20 09:00:21 +0000: Memory Usage (140036K) : norcx_m3tm1 has 0 polygons
2026-08-20 09:00:21 +0000: Memory Usage (140036K) : norcx_m3tm2 has 0 polygons
2026-08-20 09:00:21 +0000: Memory Usage (140036K) : norcx_m4m5 has 0 polygons
2026-08-20 09:00:21 +0000: Memory Usage (140036K) : norcx_m4tm1 has 0 polygons
2026-08-20 09:00:21 +0000: Memory Usage (140036K) : norcx_m4tm2 has 0 polygons
2026-08-20 09:00:21 +0000: Memory Usage (140036K) : norcx_m5tm1 has 0 polygons
2026-08-20 09:00:21 +0000: Memory Usage (140036K) : norcx_m5tm2 has 0 polygons
2026-08-20 09:00:21 +0000: Memory Usage (140036K) : norcx_tm1tm2 has 0 polygons
2026-08-20 09:00:21 +0000: Memory Usage (140036K) : norcx_m1sub has 0 polygons
2026-08-20 09:00:21 +0000: Memory Usage (140036K) : norcx_m2sub has 0 polygons
2026-08-20 09:00:21 +0000: Memory Usage (140036K) : norcx_m3sub has 0 polygons
2026-08-20 09:00:21 +0000: Memory Usage (140036K) : norcx_m4sub has 0 polygons
2026-08-20 09:00:21 +0000: Memory Usage (140036K) : norcx_m5sub has 0 polygons
2026-08-20 09:00:21 +0000: Memory Usage (140036K) : norcx_tm1sub has 0 polygons
2026-08-20 09:00:21 +0000: Memory Usage (140036K) : norcx_tm2sub has 0 polygons
2026-08-20 09:00:21 +0000: Memory Usage (140036K) : snsbotvia_drw has 0 polygons
2026-08-20 09:00:21 +0000: Memory Usage (140036K) : snstopvia_drw has 0 polygons
2026-08-20 09:00:21 +0000: Memory Usage (140036K) : deepvia_drw has 0 polygons
2026-08-20 09:00:21 +0000: Memory Usage (140036K) : fgetch_drw has 0 polygons
2026-08-20 09:00:21 +0000: Memory Usage (140036K) : ctrgat_drw has 0 polygons
2026-08-20 09:00:21 +0000: Memory Usage (140036K) : fgimp_drw has 0 polygons
2026-08-20 09:00:21 +0000: Memory Usage (140036K) : emwihv_drw has 0 polygons
2026-08-20 09:00:21 +0000: Memory Usage (140036K) : lbe_drw has 0 polygons
2026-08-20 09:00:21 +0000: Memory Usage (140036K) : alcustop_drw has 0 polygons
2026-08-20 09:00:21 +0000: Memory Usage (140036K) : nometfiller_drw has 0 polygons
2026-08-20 09:00:21 +0000: Memory Usage (140036K) : prboundary_drw has 0 polygons
2026-08-20 09:00:21 +0000: Memory Usage (140036K) : exchange0_drw has 0 polygons
2026-08-20 09:00:21 +0000: Memory Usage (140036K) : exchange0_pin has 0 polygons
2026-08-20 09:00:21 +0000: Memory Usage (140036K) : exchange0_text has 0 polygons
2026-08-20 09:00:21 +0000: Memory Usage (140036K) : exchange1_drw has 0 polygons
2026-08-20 09:00:21 +0000: Memory Usage (140036K) : exchange1_pin has 0 polygons
2026-08-20 09:00:21 +0000: Memory Usage (140036K) : exchange1_text has 0 polygons
2026-08-20 09:00:21 +0000: Memory Usage (140036K) : exchange2_drw has 0 polygons
2026-08-20 09:00:21 +0000: Memory Usage (140036K) : exchange2_pin has 0 polygons
2026-08-20 09:00:21 +0000: Memory Usage (140036K) : exchange2_text has 0 polygons
2026-08-20 09:00:21 +0000: Memory Usage (140036K) : exchange3_drw has 0 polygons
2026-08-20 09:00:21 +0000: Memory Usage (140036K) : exchange3_pin has 0 polygons
2026-08-20 09:00:21 +0000: Memory Usage (140036K) : exchange3_text has 0 polygons
2026-08-20 09:00:21 +0000: Memory Usage (140036K) : exchange4_drw has 0 polygons
2026-08-20 09:00:21 +0000: Memory Usage (140036K) : exchange4_pin has 0 polygons
2026-08-20 09:00:21 +0000: Memory Usage (140036K) : exchange4_text has 0 polygons
2026-08-20 09:00:21 +0000: Memory Usage (140036K) : isonwell_drw has 0 polygons
2026-08-20 09:00:21 +0000: Memory Usage (140036K) : Total no. of polygons in the design is 13110
2026-08-20 09:00:21 +0000: Memory Usage (140036K) : Starting base layers derivations
2026-08-20 09:00:21 +0000: Memory Usage (140036K) : Starting general LVS derivations
2026-08-20 09:00:21 +0000: Memory Usage (144068K) : Starting MOSFET DERIVATIONS
2026-08-20 09:00:21 +0000: Memory Usage (144964K) : Starting NMOS DERIVATIONS
2026-08-20 09:00:21 +0000: Memory Usage (144964K) : Starting PMOS DERIVATIONS
2026-08-20 09:00:21 +0000: Memory Usage (144964K) : Starting RF-MOSFET DERIVATIONS
2026-08-20 09:00:21 +0000: Memory Usage (144964K) : Starting RF-NMOS DERIVATIONS
2026-08-20 09:00:21 +0000: Memory Usage (144964K) : Starting RF-PMOS DERIVATIONS
2026-08-20 09:00:21 +0000: Memory Usage (144964K) : Starting BJT DERIVATIONS
2026-08-20 09:00:21 +0000: Memory Usage (144964K) : Starting NPN-BJT DERIVATIONS
2026-08-20 09:00:21 +0000: Memory Usage (144964K) : Starting PNP-BJT DERIVATIONS
2026-08-20 09:00:21 +0000: Memory Usage (144964K) : Starting DIODE DERIVATIONS
2026-08-20 09:00:22 +0000: Memory Usage (144964K) : Starting RESISTOR DERIVATIONS
2026-08-20 09:00:22 +0000: Memory Usage (145092K) : Starting CAP DERIVATIONS
2026-08-20 09:00:22 +0000: Memory Usage (145092K) : Starting CAP_CMOM DERIVATIONS
2026-08-20 09:00:22 +0000: Memory Usage (145092K) : Starting CAP_CMOMF DERIVATIONS
2026-08-20 09:00:22 +0000: Memory Usage (145092K) : Starting ESD DERIVATIONS
2026-08-20 09:00:22 +0000: Memory Usage (145220K) : Starting Inductor DERIVATIONS
2026-08-20 09:00:23 +0000: Memory Usage (145220K) : Starting Taps DERIVATIONS
2026-08-20 09:00:23 +0000: Memory Usage (145988K) : Starting SG13G2 LVS connectivity setup
2026-08-20 09:00:23 +0000: Memory Usage (145988K) : Starting SG13G2 LVS connectivity setup (Inter-layer)
2026-08-20 09:00:23 +0000: Memory Usage (146116K) : Starting SG13G2 LVS connectivity setup (Global)
2026-08-20 09:00:23 +0000: Memory Usage (146116K) : Starting LVS MOSFET CONNECTIONS
2026-08-20 09:00:23 +0000: Memory Usage (146116K) : Starting LVS RF-MOSFET CONNECTIONS
2026-08-20 09:00:23 +0000: Memory Usage (146116K) : Starting LVS BJT CONNECTIONS
2026-08-20 09:00:23 +0000: Memory Usage (146116K) : Starting LVS DIODE CONNECTIONS
2026-08-20 09:00:23 +0000: Memory Usage (146116K) : Starting RESISTOR CONNECTIONS
2026-08-20 09:00:23 +0000: Memory Usage (146116K) : Starting LVS CAP CONNECTIONS
2026-08-20 09:00:23 +0000: Memory Usage (146116K) : Starting CAP_CMOM CONNECTIONS
2026-08-20 09:00:23 +0000: Memory Usage (146116K) : Starting CAP_CMOMF CONNECTIONS
2026-08-20 09:00:23 +0000: Memory Usage (146116K) : Starting ESD CONNECTIONS
2026-08-20 09:00:23 +0000: Memory Usage (146116K) : Starting Inductor CONNECTIONS
2026-08-20 09:00:23 +0000: Memory Usage (146116K) : Starting LVS Taps CONNECTIONS
2026-08-20 09:00:23 +0000: Memory Usage (146116K) : Starting SG13G2 LVS DEVICES EXTRACTION
2026-08-20 09:00:23 +0000: Memory Usage (146116K) : Starting MOSFET EXTRACTION
2026-08-20 09:00:23 +0000: Memory Usage (146116K) : Starting NMOS EXTRACTION
2026-08-20 09:00:23 +0000: Memory Usage (146116K) : Extraction of NMOS-LV transistor
2026-08-20 09:00:23 +0000: Memory Usage (146116K) : Extraction of NMOS-HV transistor
2026-08-20 09:00:23 +0000: Memory Usage (146116K) : Starting PMOS EXTRACTION
2026-08-20 09:00:23 +0000: Memory Usage (146116K) : Extraction of PMOS-LV transistor
2026-08-20 09:00:23 +0000: Memory Usage (146116K) : Extraction of PMOS-HV transistor
2026-08-20 09:00:23 +0000: Memory Usage (146116K) : Starting RF-MOSFET EXTRACTION
2026-08-20 09:00:23 +0000: Memory Usage (146116K) : Extraction of RF-NMOS-LV transistor
2026-08-20 09:00:23 +0000: Memory Usage (146116K) : Extraction of RF-NMOS-HV transistor
2026-08-20 09:00:23 +0000: Memory Usage (146116K) : Extraction of RF-PMOS-LV transistor
2026-08-20 09:00:23 +0000: Memory Usage (146116K) : Extraction of RF-PMOS-HV transistor
2026-08-20 09:00:23 +0000: Memory Usage (146116K) : Starting BJT EXTRACTION
2026-08-20 09:00:23 +0000: Memory Usage (146116K) : Starting NPN-BJT EXTRACTION
2026-08-20 09:00:23 +0000: Memory Usage (146116K) : Extraction of npn13G2 BJT transistor
2026-08-20 09:00:23 +0000: Memory Usage (146116K) : Extraction of npn13G2L BJT transistor
2026-08-20 09:00:23 +0000: Memory Usage (146116K) : Extraction of npn13G2V BJT transistor
2026-08-20 09:00:23 +0000: Memory Usage (146116K) : Starting PNP-BJT EXTRACTION
2026-08-20 09:00:23 +0000: Memory Usage (146116K) : Extracting pnpMPA BJT
2026-08-20 09:00:23 +0000: Memory Usage (146116K) : Starting DIODE EXTRACTION
2026-08-20 09:00:23 +0000: Memory Usage (146116K) : Extracting dantenna diode
2026-08-20 09:00:23 +0000: Memory Usage (146116K) : Extracting dpantenna diode
2026-08-20 09:00:23 +0000: Memory Usage (146116K) : Extracting schottky_nbl1 diode
2026-08-20 09:00:23 +0000: Memory Usage (146116K) : Extracting isolbox diode
2026-08-20 09:00:23 +0000: Memory Usage (146116K) : Starting RESISTOR EXTRACTION
2026-08-20 09:00:23 +0000: Memory Usage (146116K) : Extracting rsil resistor
2026-08-20 09:00:23 +0000: Memory Usage (146372K) : Extracting rppd resistor
2026-08-20 09:00:23 +0000: Memory Usage (146372K) : Extracting rhigh resistor
2026-08-20 09:00:23 +0000: Memory Usage (146372K) : Extracting res_metal1 resistor
2026-08-20 09:00:23 +0000: Memory Usage (146372K) : Extracting res_metal2 resistor
2026-08-20 09:00:23 +0000: Memory Usage (146372K) : Extracting res_metal3 resistor
2026-08-20 09:00:23 +0000: Memory Usage (146372K) : Extracting res_metal4 resistor
2026-08-20 09:00:23 +0000: Memory Usage (146372K) : Extracting res_metal5 resistor
2026-08-20 09:00:23 +0000: Memory Usage (146372K) : Extracting res_topmetal1 resistor
2026-08-20 09:00:23 +0000: Memory Usage (146372K) : Extracting res_topmetal2 resistor
2026-08-20 09:00:23 +0000: Memory Usage (146372K) : Starting CAP EXTRACTION
2026-08-20 09:00:23 +0000: Memory Usage (146372K) : Extracting cap_cmim device
2026-08-20 09:00:23 +0000: Memory Usage (146372K) : Extracting rfcmim device
2026-08-20 09:00:23 +0000: Memory Usage (146372K) : Extracting sg13_hv_svaricap varactor
2026-08-20 09:00:23 +0000: Memory Usage (146372K) : Extracting cap_cmomi device
2026-08-20 09:00:23 +0000: Memory Usage (146372K) : Extracting cap_cmomf device
2026-08-20 09:00:23 +0000: Memory Usage (146372K) : Extracting sg13_moscap_n capacitor
2026-08-20 09:00:23 +0000: Memory Usage (146372K) : Extracting sg13_moscap_p capacitor
2026-08-20 09:00:23 +0000: Memory Usage (146372K) : Starting ESD EXTRACTION
2026-08-20 09:00:23 +0000: Memory Usage (146372K) : Extracting diodevdd_2kv ESD device
2026-08-20 09:00:23 +0000: Memory Usage (146372K) : Extracting diodevdd_4kv ESD device
2026-08-20 09:00:23 +0000: Memory Usage (146372K) : Extracting diodevss_2kv ESD device
2026-08-20 09:00:23 +0000: Memory Usage (146372K) : Extracting diodevss_4kv ESD device
2026-08-20 09:00:23 +0000: Memory Usage (146372K) : Extracting idiodevdd_2kv ESD device
2026-08-20 09:00:23 +0000: Memory Usage (146372K) : Extracting idiodevdd_4kv ESD device
2026-08-20 09:00:23 +0000: Memory Usage (146372K) : Extracting idiodevss_2kv ESD device
2026-08-20 09:00:23 +0000: Memory Usage (146372K) : Extracting idiodevss_4kv ESD device
2026-08-20 09:00:23 +0000: Memory Usage (146372K) : Extracting nmoscl_2 ESD device
2026-08-20 09:00:23 +0000: Memory Usage (146372K) : Extracting nmoscl_4 ESD device
2026-08-20 09:00:23 +0000: Memory Usage (146372K) : Starting Inductor EXTRACTION
2026-08-20 09:00:23 +0000: Memory Usage (146372K) : Extracting Inductor2 device
2026-08-20 09:00:23 +0000: Memory Usage (146372K) : Extracting Inductor3 device
2026-08-20 09:00:23 +0000: Memory Usage (146372K) : Starting Taps EXTRACTION
2026-08-20 09:00:23 +0000: Memory Usage (146372K) : DISABLE_TAP_EXTRACTION is enabled: skipping ntap1/ptap1 device extraction.
2026-08-20 09:00:23 +0000: Memory Usage (146372K) : Starting SG13G2 LVS RF MOS Model Mapping
2026-08-20 09:00:23 +0000: Memory Usage (146500K) : [layout_netlist] Apply RF MOS model mapping and rfmode parameter.
2026-08-20 09:00:23 +0000: Memory Usage (146500K) : Starting SG13G2 LVS Options Preparations
2026-08-20 09:00:23 +0000: Memory Usage (146500K) : SG13G2 LVS flow: extraction -> alignment -> option preparation -> comparison.
2026-08-20 09:00:23 +0000: Memory Usage (146500K) : Starting SG13G2 LVS Alignment
2026-08-20 09:00:23 +0000: Memory Usage (146628K) : Starting SG13G2 LVS Simplification
2026-08-20 09:00:23 +0000: Memory Usage (146628K) : [layout_netlist] simplify: ENABLED
2026-08-20 09:00:23 +0000: Memory Usage (146628K) : [layout_netlist] make_top_level_pins: SKIPPED
2026-08-20 09:00:23 +0000: Memory Usage (146628K) : [layout_netlist] combine_devices: SKIPPED
2026-08-20 09:00:23 +0000: Memory Usage (146628K) : [layout_netlist] purge: SKIPPED
2026-08-20 09:00:23 +0000: Memory Usage (146628K) : [layout_netlist] purge_nets: SKIPPED
2026-08-20 09:00:23 +0000: Memory Usage (146628K) : [schematic_netlist] simplify: ENABLED
2026-08-20 09:00:23 +0000: Memory Usage (146628K) : [schematic_netlist] make_top_level_pins: SKIPPED
2026-08-20 09:00:23 +0000: Memory Usage (146628K) : [schematic_netlist] combine_devices: SKIPPED
2026-08-20 09:00:23 +0000: Memory Usage (146628K) : [schematic_netlist] purge: SKIPPED
2026-08-20 09:00:23 +0000: Memory Usage (146628K) : [schematic_netlist] purge_nets: SKIPPED
2026-08-20 09:00:23 +0000: Memory Usage (146628K) : Starting SG13G2 LVS Comparison
2026-08-20 09:00:23 +0000: Memory Usage (146756K) : xxxxxxxxxxxxxxxxxxxxxxxxxxxxxxxxxxxxxxxxxx
2026-08-20 09:00:23 +0000: Memory Usage (146756K) : ERROR : Netlists don't match
2026-08-20 09:00:23 +0000: Memory Usage (146756K) : xxxxxxxxxxxxxxxxxxxxxxxxxxxxxxxxxxxxxxxxxx
2026-08-20 09:00:23 +0000: Memory Usage (146756K) : LVS Total Run time 1.670020 seconds
2026-08-20 09:23:32 +0000: Memory Usage (128624K) : Starting running SG13G2 Klayout LVS runset on /workspace/layout/blocks/out/term_stage/_bisect/plus_ring.gds
2026-08-20 09:23:32 +0000: Memory Usage (128624K) : Ruby Version for klayout: 3.2.3
2026-08-20 09:23:32 +0000: Memory Usage (129708K) : Loading database to memory is complete.
2026-08-20 09:23:32 +0000: Memory Usage (129708K) : SG13G2 Klayout LVS runset output at: /workspace/layout/blocks/out/term_stage/_bisect/plus_ring/plus_ring.lvsdb
2026-08-20 09:23:32 +0000: Memory Usage (129708K) : Evaluate switches.
2026-08-20 09:23:32 +0000: Memory Usage (129708K) : Extracted netlist with net names: true
2026-08-20 09:23:32 +0000: Memory Usage (129708K) : Extracted netlist with comments in details: false
2026-08-20 09:23:32 +0000: Memory Usage (129708K) : Selected NET_ONLY option: false
2026-08-20 09:23:32 +0000: Memory Usage (129708K) : Selected LAYOUT_NETLIST option: (none)
2026-08-20 09:23:32 +0000: Memory Usage (129708K) : Selected IGNORE_TOP_PORTS_MISMATCH option: true
2026-08-20 09:23:32 +0000: Memory Usage (129708K) : Selected IMPLICIT_NETS option: sub,sub!
2026-08-20 09:23:32 +0000: Memory Usage (129708K) : Selected TOP_LVL_PINS option: false
2026-08-20 09:23:32 +0000: Memory Usage (129708K) : Selected COMBINE DEVICES option: false
2026-08-20 09:23:32 +0000: Memory Usage (129708K) : Selected PURGE option: false
2026-08-20 09:23:32 +0000: Memory Usage (129708K) : Selected PURGE_NETS option: false
2026-08-20 09:23:32 +0000: Memory Usage (129708K) : Selected SIMPLIFY option: true
2026-08-20 09:23:32 +0000: Memory Usage (129708K) : Selected SERIES_RES option: true
2026-08-20 09:23:32 +0000: Memory Usage (129708K) : Selected PARALLEL_RES option: true
2026-08-20 09:23:32 +0000: Memory Usage (129708K) : Selected DISABLE_TAP_EXTRACTION option: true
2026-08-20 09:23:32 +0000: Memory Usage (129708K) : deep  mode is enabled.
2026-08-20 09:23:32 +0000: Memory Usage (129708K) : Applying implicit connections (case-sensitive, pattern supported) for nets: sub, sub!
2026-08-20 09:23:32 +0000: Memory Usage (130952K) : Netlist file: /workspace/layout/blocks/out/term_stage/_bisect/plus_ring.cdl
2026-08-20 09:23:32 +0000: Memory Usage (130952K) : LVS extracted netlist at: /workspace/layout/blocks/out/term_stage/_bisect/plus_ring/plus_ring_extracted.cir
2026-08-20 09:23:32 +0000: Memory Usage (130952K) : Applying SRAM integration support.
2026-08-20 09:23:32 +0000: Memory Usage (130952K) : Starting SG13G2 LVS runset
2026-08-20 09:23:32 +0000: Memory Usage (130952K) : Read in polygons from layers.
2026-08-20 09:23:32 +0000: Memory Usage (132156K) : activ_drw has 130 polygons
2026-08-20 09:23:32 +0000: Memory Usage (132156K) : activ_filler has 0 polygons
2026-08-20 09:23:32 +0000: Memory Usage (132284K) : activ has 130 polygons
2026-08-20 09:23:32 +0000: Memory Usage (132284K) : activ_pin has 0 polygons
2026-08-20 09:23:32 +0000: Memory Usage (132284K) : activ_mask has 0 polygons
2026-08-20 09:23:32 +0000: Memory Usage (132284K) : activ_nofill has 0 polygons
2026-08-20 09:23:32 +0000: Memory Usage (132284K) : activ_OPC has 0 polygons
2026-08-20 09:23:32 +0000: Memory Usage (132344K) : activ_iOPC has 0 polygons
2026-08-20 09:23:32 +0000: Memory Usage (132856K) : activ_noqrc has 0 polygons
2026-08-20 09:23:32 +0000: Memory Usage (132856K) : biwind_drw has 0 polygons
2026-08-20 09:23:32 +0000: Memory Usage (132856K) : biwind_OPC has 0 polygons
2026-08-20 09:23:32 +0000: Memory Usage (132856K) : gatpoly_drw has 25 polygons
2026-08-20 09:23:32 +0000: Memory Usage (132856K) : gatpoly_filler has 0 polygons
2026-08-20 09:23:32 +0000: Memory Usage (132856K) : gatpoly has 25 polygons
2026-08-20 09:23:32 +0000: Memory Usage (132856K) : gatpoly_pin has 0 polygons
2026-08-20 09:23:32 +0000: Memory Usage (132856K) : gatpoly_nofill has 0 polygons
2026-08-20 09:23:32 +0000: Memory Usage (132856K) : gatpoly_OPC has 0 polygons
2026-08-20 09:23:32 +0000: Memory Usage (132856K) : gatpoly_iOPC has 0 polygons
2026-08-20 09:23:32 +0000: Memory Usage (132856K) : gatpoly_noqrc has 0 polygons
2026-08-20 09:23:32 +0000: Memory Usage (132856K) : cont_drw has 6147 polygons
2026-08-20 09:23:32 +0000: Memory Usage (132856K) : cont_OPC has 0 polygons
2026-08-20 09:23:32 +0000: Memory Usage (132856K) : nsd_drw has 0 polygons
2026-08-20 09:23:32 +0000: Memory Usage (132856K) : nsd_block has 0 polygons
2026-08-20 09:23:32 +0000: Memory Usage (132856K) : metal1_drw has 268 polygons
2026-08-20 09:23:32 +0000: Memory Usage (132856K) : metal1_filler has 0 polygons
2026-08-20 09:23:32 +0000: Memory Usage (132856K) : metal1_slit has 0 polygons
2026-08-20 09:23:32 +0000: Memory Usage (132856K) : metal1 has 268 polygons
2026-08-20 09:23:32 +0000: Memory Usage (132984K) : metal1_pin has 112 polygons
2026-08-20 09:23:32 +0000: Memory Usage (132984K) : metal1_mask has 0 polygons
2026-08-20 09:23:32 +0000: Memory Usage (133112K) : metal1_nofill has 0 polygons
2026-08-20 09:23:32 +0000: Memory Usage (133368K) : metal1_text has 4 polygons
2026-08-20 09:23:32 +0000: Memory Usage (133368K) : metal1_OPC has 0 polygons
2026-08-20 09:23:32 +0000: Memory Usage (133496K) : metal1_noqrc has 0 polygons
2026-08-20 09:23:32 +0000: Memory Usage (133496K) : metal1_res has 0 polygons
2026-08-20 09:23:32 +0000: Memory Usage (133496K) : metal1_iprobe has 0 polygons
2026-08-20 09:23:32 +0000: Memory Usage (133624K) : metal1_diffprb has 0 polygons
2026-08-20 09:23:32 +0000: Memory Usage (133624K) : passiv_drw has 2 polygons
2026-08-20 09:23:32 +0000: Memory Usage (133624K) : passiv_pin has 0 polygons
2026-08-20 09:23:32 +0000: Memory Usage (133624K) : passiv_sbump has 0 polygons
2026-08-20 09:23:32 +0000: Memory Usage (133624K) : passiv_pillar has 0 polygons
2026-08-20 09:23:32 +0000: Memory Usage (133752K) : passiv_pdl has 0 polygons
2026-08-20 09:23:32 +0000: Memory Usage (133752K) : metal2_drw has 63 polygons
2026-08-20 09:23:32 +0000: Memory Usage (133752K) : metal2_filler has 0 polygons
2026-08-20 09:23:32 +0000: Memory Usage (133752K) : metal2_slit has 0 polygons
2026-08-20 09:23:32 +0000: Memory Usage (133880K) : metal2 has 63 polygons
2026-08-20 09:23:32 +0000: Memory Usage (133880K) : metal2_pin has 8 polygons
2026-08-20 09:23:32 +0000: Memory Usage (133880K) : metal2_mask has 0 polygons
2026-08-20 09:23:32 +0000: Memory Usage (134008K) : metal2_nofill has 0 polygons
2026-08-20 09:23:32 +0000: Memory Usage (134008K) : metal2_text has 0 polygons
2026-08-20 09:23:32 +0000: Memory Usage (134008K) : metal2_OPC has 0 polygons
2026-08-20 09:23:32 +0000: Memory Usage (134008K) : metal2_noqrc has 0 polygons
2026-08-20 09:23:32 +0000: Memory Usage (134136K) : metal2_res has 0 polygons
2026-08-20 09:23:32 +0000: Memory Usage (134136K) : metal2_iprobe has 0 polygons
2026-08-20 09:23:32 +0000: Memory Usage (134136K) : metal2_diffprb has 0 polygons
2026-08-20 09:23:32 +0000: Memory Usage (134136K) : baspoly_drw has 0 polygons
2026-08-20 09:23:32 +0000: Memory Usage (134264K) : baspoly_pin has 0 polygons
2026-08-20 09:23:32 +0000: Memory Usage (134264K) : psd_drw has 119 polygons
2026-08-20 09:23:32 +0000: Memory Usage (134264K) : nldb_drw has 0 polygons
2026-08-20 09:23:32 +0000: Memory Usage (134264K) : digibnd_drw has 0 polygons
2026-08-20 09:23:32 +0000: Memory Usage (134392K) : via1_drw has 1907 polygons
2026-08-20 09:23:32 +0000: Memory Usage (134392K) : backmetal1_drw has 0 polygons
2026-08-20 09:23:32 +0000: Memory Usage (134392K) : backmetal1_pin has 0 polygons
2026-08-20 09:23:32 +0000: Memory Usage (134392K) : backmetal1_mask has 0 polygons
2026-08-20 09:23:32 +0000: Memory Usage (134520K) : backmetal1_filler has 0 polygons
2026-08-20 09:23:32 +0000: Memory Usage (134520K) : backmetal1_nofill has 0 polygons
2026-08-20 09:23:32 +0000: Memory Usage (134520K) : backmetal1_slit has 0 polygons
2026-08-20 09:23:32 +0000: Memory Usage (134648K) : backmetal1_text has 0 polygons
2026-08-20 09:23:32 +0000: Memory Usage (134648K) : backmetal1_OPC has 0 polygons
2026-08-20 09:23:32 +0000: Memory Usage (134648K) : backmetal1_noqrc has 0 polygons
2026-08-20 09:23:32 +0000: Memory Usage (134648K) : backmetal1_res has 0 polygons
2026-08-20 09:23:32 +0000: Memory Usage (134776K) : backmetal1_iprobe has 0 polygons
2026-08-20 09:23:32 +0000: Memory Usage (134776K) : backmetal1_diffprb has 0 polygons
2026-08-20 09:23:32 +0000: Memory Usage (134776K) : backpassiv_drw has 0 polygons
2026-08-20 09:23:32 +0000: Memory Usage (134904K) : res_drw has 2 polygons
2026-08-20 09:23:32 +0000: Memory Usage (134904K) : sram_drw has 0 polygons
2026-08-20 09:23:32 +0000: Memory Usage (134904K) : trans_drw has 0 polygons
2026-08-20 09:23:32 +0000: Memory Usage (134904K) : ind_drw has 0 polygons
2026-08-20 09:23:32 +0000: Memory Usage (135032K) : ind_pin has 0 polygons
2026-08-20 09:23:32 +0000: Memory Usage (135032K) : ind_text has 0 polygons
2026-08-20 09:23:32 +0000: Memory Usage (135032K) : salblock_drw has 14 polygons
2026-08-20 09:23:32 +0000: Memory Usage (135032K) : via2_drw has 834 polygons
2026-08-20 09:23:32 +0000: Memory Usage (135032K) : metal3_drw has 56 polygons
2026-08-20 09:23:32 +0000: Memory Usage (135032K) : metal3_filler has 0 polygons
2026-08-20 09:23:32 +0000: Memory Usage (135032K) : metal3_slit has 0 polygons
2026-08-20 09:23:32 +0000: Memory Usage (135160K) : metal3 has 56 polygons
2026-08-20 09:23:32 +0000: Memory Usage (135160K) : metal3_pin has 2 polygons
2026-08-20 09:23:32 +0000: Memory Usage (135160K) : metal3_mask has 0 polygons
2026-08-20 09:23:32 +0000: Memory Usage (135160K) : metal3_nofill has 0 polygons
2026-08-20 09:23:32 +0000: Memory Usage (135160K) : metal3_text has 0 polygons
2026-08-20 09:23:32 +0000: Memory Usage (135288K) : metal3_OPC has 0 polygons
2026-08-20 09:23:32 +0000: Memory Usage (135288K) : metal3_noqrc has 0 polygons
2026-08-20 09:23:32 +0000: Memory Usage (135288K) : metal3_res has 0 polygons
2026-08-20 09:23:32 +0000: Memory Usage (135288K) : metal3_iprobe has 0 polygons
2026-08-20 09:23:32 +0000: Memory Usage (135288K) : metal3_diffprb has 0 polygons
2026-08-20 09:23:32 +0000: Memory Usage (135288K) : nwell_drw has 14 polygons
2026-08-20 09:23:32 +0000: Memory Usage (135416K) : nwell_pin has 0 polygons
2026-08-20 09:23:32 +0000: Memory Usage (135416K) : nwell_text has 0 polygons
2026-08-20 09:23:32 +0000: Memory Usage (135416K) : nbulay_drw has 1 polygons
2026-08-20 09:23:32 +0000: Memory Usage (135416K) : nbulay_pin has 0 polygons
2026-08-20 09:23:32 +0000: Memory Usage (135416K) : nbulay_block has 0 polygons
2026-08-20 09:23:32 +0000: Memory Usage (135416K) : emwind_drw has 0 polygons
2026-08-20 09:23:32 +0000: Memory Usage (135544K) : emwind_OPC has 0 polygons
2026-08-20 09:23:32 +0000: Memory Usage (135544K) : deepco_drw has 0 polygons
2026-08-20 09:23:32 +0000: Memory Usage (135544K) : mim_drw has 1 polygons
2026-08-20 09:23:32 +0000: Memory Usage (135544K) : edgeseal_drw has 0 polygons
2026-08-20 09:23:32 +0000: Memory Usage (135544K) : substrate_drw has 100 polygons
2026-08-20 09:23:32 +0000: Memory Usage (135544K) : substrate_text has 0 polygons
2026-08-20 09:23:32 +0000: Memory Usage (135672K) : dfpad_drw has 2 polygons
2026-08-20 09:23:32 +0000: Memory Usage (135672K) : dfpad_pillar has 0 polygons
2026-08-20 09:23:32 +0000: Memory Usage (135672K) : dfpad_sbump has 0 polygons
2026-08-20 09:23:32 +0000: Memory Usage (135672K) : thickgateox_drw has 1 polygons
2026-08-20 09:23:32 +0000: Memory Usage (135800K) : pldb_drw has 0 polygons
2026-08-20 09:23:32 +0000: Memory Usage (135800K) : pwell_drw has 0 polygons
2026-08-20 09:23:32 +0000: Memory Usage (135800K) : pwell_pin has 0 polygons
2026-08-20 09:23:32 +0000: Memory Usage (135800K) : pwell_block has 0 polygons
2026-08-20 09:23:32 +0000: Memory Usage (135928K) : ic_drw has 0 polygons
2026-08-20 09:23:32 +0000: Memory Usage (135928K) : via3_drw has 1038 polygons
2026-08-20 09:23:32 +0000: Memory Usage (135928K) : metal4_drw has 25 polygons
2026-08-20 09:23:32 +0000: Memory Usage (135928K) : metal4_filler has 0 polygons
2026-08-20 09:23:32 +0000: Memory Usage (136056K) : metal4_slit has 0 polygons
2026-08-20 09:23:32 +0000: Memory Usage (136056K) : metal4 has 25 polygons
2026-08-20 09:23:32 +0000: Memory Usage (136056K) : metal4_pin has 0 polygons
2026-08-20 09:23:32 +0000: Memory Usage (136056K) : metal4_mask has 0 polygons
2026-08-20 09:23:32 +0000: Memory Usage (136056K) : metal4_nofill has 0 polygons
2026-08-20 09:23:32 +0000: Memory Usage (136056K) : metal4_text has 4 polygons
2026-08-20 09:23:32 +0000: Memory Usage (136056K) : metal4_OPC has 0 polygons
2026-08-20 09:23:32 +0000: Memory Usage (136056K) : metal4_noqrc has 0 polygons
2026-08-20 09:23:32 +0000: Memory Usage (136056K) : metal4_res has 0 polygons
2026-08-20 09:23:32 +0000: Memory Usage (136184K) : metal4_iprobe has 0 polygons
2026-08-20 09:23:32 +0000: Memory Usage (136184K) : metal4_diffprb has 0 polygons
2026-08-20 09:23:32 +0000: Memory Usage (136184K) : heattrans_drw has 0 polygons
2026-08-20 09:23:32 +0000: Memory Usage (136184K) : heatres_drw has 4 polygons
2026-08-20 09:23:32 +0000: Memory Usage (136184K) : fbe_drw has 0 polygons
2026-08-20 09:23:32 +0000: Memory Usage (136312K) : empoly_drw has 0 polygons
2026-08-20 09:23:32 +0000: Memory Usage (136312K) : digisub_drw has 0 polygons
2026-08-20 09:23:32 +0000: Memory Usage (136312K) : text_drw has 126 polygons
2026-08-20 09:23:32 +0000: Memory Usage (136312K) : via4_drw has 1030 polygons
2026-08-20 09:23:32 +0000: Memory Usage (136312K) : metal5_drw has 40 polygons
2026-08-20 09:23:32 +0000: Memory Usage (136312K) : metal5_filler has 0 polygons
2026-08-20 09:23:32 +0000: Memory Usage (136440K) : metal5_slit has 0 polygons
2026-08-20 09:23:32 +0000: Memory Usage (136440K) : metal5 has 40 polygons
2026-08-20 09:23:32 +0000: Memory Usage (136440K) : metal5_pin has 0 polygons
2026-08-20 09:23:32 +0000: Memory Usage (136440K) : metal5_mask has 0 polygons
2026-08-20 09:23:32 +0000: Memory Usage (136440K) : metal5_nofill has 0 polygons
2026-08-20 09:23:32 +0000: Memory Usage (136440K) : metal5_text has 0 polygons
2026-08-20 09:23:32 +0000: Memory Usage (136568K) : metal5_OPC has 0 polygons
2026-08-20 09:23:32 +0000: Memory Usage (136568K) : metal5_noqrc has 0 polygons
2026-08-20 09:23:32 +0000: Memory Usage (136568K) : metal5_res has 0 polygons
2026-08-20 09:23:32 +0000: Memory Usage (136568K) : metal5_iprobe has 0 polygons
2026-08-20 09:23:32 +0000: Memory Usage (136568K) : metal5_diffprb has 0 polygons
2026-08-20 09:23:32 +0000: Memory Usage (136568K) : radhard_drw has 0 polygons
2026-08-20 09:23:32 +0000: Memory Usage (136696K) : memcap_drw has 0 polygons
2026-08-20 09:23:32 +0000: Memory Usage (136696K) : varicap_drw has 0 polygons
2026-08-20 09:23:32 +0000: Memory Usage (136696K) : intbondvia_drw has 0 polygons
2026-08-20 09:23:32 +0000: Memory Usage (136696K) : intbondmet_drw has 0 polygons
2026-08-20 09:23:32 +0000: Memory Usage (136824K) : devbondvia_drw has 0 polygons
2026-08-20 09:23:32 +0000: Memory Usage (136824K) : devbondmet_drw has 0 polygons
2026-08-20 09:23:32 +0000: Memory Usage (136824K) : devtrench_drw has 0 polygons
2026-08-20 09:23:32 +0000: Memory Usage (136824K) : redist_drw has 0 polygons
2026-08-20 09:23:32 +0000: Memory Usage (136952K) : graphbot_drw has 0 polygons
2026-08-20 09:23:32 +0000: Memory Usage (136952K) : graphtop_drw has 0 polygons
2026-08-20 09:23:32 +0000: Memory Usage (136952K) : antvia1_drw has 0 polygons
2026-08-20 09:23:32 +0000: Memory Usage (136952K) : antmetal2_drw has 0 polygons
2026-08-20 09:23:32 +0000: Memory Usage (137080K) : graphcont_drw has 0 polygons
2026-08-20 09:23:32 +0000: Memory Usage (137080K) : siwg_drw has 0 polygons
2026-08-20 09:23:32 +0000: Memory Usage (137080K) : siwg_filler has 0 polygons
2026-08-20 09:23:32 +0000: Memory Usage (137080K) : siwg_nofill has 0 polygons
2026-08-20 09:23:32 +0000: Memory Usage (137080K) : sigrating_drw has 0 polygons
2026-08-20 09:23:32 +0000: Memory Usage (137080K) : singrating_drw has 0 polygons
2026-08-20 09:23:32 +0000: Memory Usage (137080K) : graphpas_drw has 0 polygons
2026-08-20 09:23:32 +0000: Memory Usage (137080K) : emwind3_drw has 0 polygons
2026-08-20 09:23:32 +0000: Memory Usage (137208K) : emwihv3_drw has 0 polygons
2026-08-20 09:23:32 +0000: Memory Usage (137208K) : redbulay_drw has 0 polygons
2026-08-20 09:23:32 +0000: Memory Usage (137208K) : smos_drw has 0 polygons
2026-08-20 09:23:32 +0000: Memory Usage (137208K) : graphpad_drw has 0 polygons
2026-08-20 09:23:32 +0000: Memory Usage (137208K) : polimide_drw has 0 polygons
2026-08-20 09:23:32 +0000: Memory Usage (137336K) : polimide_pin has 0 polygons
2026-08-20 09:23:32 +0000: Memory Usage (137336K) : recog_drw has 1 polygons
2026-08-20 09:23:32 +0000: Memory Usage (137336K) : recog_pin has 0 polygons
2026-08-20 09:23:32 +0000: Memory Usage (137336K) : recog_esd has 5 polygons
2026-08-20 09:23:32 +0000: Memory Usage (137336K) : recog_diode has 0 polygons
2026-08-20 09:23:32 +0000: Memory Usage (137336K) : recog_tsv has 0 polygons
2026-08-20 09:23:32 +0000: Memory Usage (137464K) : recog_iprobe has 0 polygons
2026-08-20 09:23:32 +0000: Memory Usage (137464K) : recog_diffprb has 0 polygons
2026-08-20 09:23:32 +0000: Memory Usage (137464K) : recog_pillar has 0 polygons
2026-08-20 09:23:32 +0000: Memory Usage (137464K) : recog_sbump has 0 polygons
2026-08-20 09:23:32 +0000: Memory Usage (137592K) : recog_otp has 0 polygons
2026-08-20 09:23:32 +0000: Memory Usage (137592K) : recog_pdiode has 0 polygons
2026-08-20 09:23:32 +0000: Memory Usage (137592K) : recog_mom has 0 polygons
2026-08-20 09:23:32 +0000: Memory Usage (137592K) : recog_momf has 0 polygons
2026-08-20 09:23:32 +0000: Memory Usage (137720K) : recog_pcm has 0 polygons
2026-08-20 09:23:32 +0000: Memory Usage (137720K) : colopen_drw has 0 polygons
2026-08-20 09:23:32 +0000: Memory Usage (137720K) : graphmetal1_drw has 0 polygons
2026-08-20 09:23:32 +0000: Memory Usage (137720K) : graphmetal1_filler has 0 polygons
2026-08-20 09:23:32 +0000: Memory Usage (137848K) : graphmetal1_nofill has 0 polygons
2026-08-20 09:23:32 +0000: Memory Usage (137848K) : graphmetal1_slit has 0 polygons
2026-08-20 09:23:32 +0000: Memory Usage (137848K) : graphmetal1_OPC has 0 polygons
2026-08-20 09:23:32 +0000: Memory Usage (137848K) : graphmet1l_drw has 0 polygons
2026-08-20 09:23:32 +0000: Memory Usage (137976K) : graphmet1l_filler has 0 polygons
2026-08-20 09:23:32 +0000: Memory Usage (137976K) : graphmet1l_nofill has 0 polygons
2026-08-20 09:23:32 +0000: Memory Usage (137976K) : graphmet1l_slit has 0 polygons
2026-08-20 09:23:32 +0000: Memory Usage (137976K) : graphmet1l_OPC has 0 polygons
2026-08-20 09:23:32 +0000: Memory Usage (138104K) : extblock_drw has 12 polygons
2026-08-20 09:23:32 +0000: Memory Usage (138104K) : nldd_drw has 0 polygons
2026-08-20 09:23:32 +0000: Memory Usage (138104K) : pldd_drw has 0 polygons
2026-08-20 09:23:32 +0000: Memory Usage (138104K) : next_drw has 0 polygons
2026-08-20 09:23:32 +0000: Memory Usage (138232K) : pext_drw has 0 polygons
2026-08-20 09:23:32 +0000: Memory Usage (138232K) : nexthv_drw has 0 polygons
2026-08-20 09:23:32 +0000: Memory Usage (138232K) : pexthv_drw has 0 polygons
2026-08-20 09:23:32 +0000: Memory Usage (138232K) : graphgate_drw has 0 polygons
2026-08-20 09:23:32 +0000: Memory Usage (138360K) : sinwg_drw has 0 polygons
2026-08-20 09:23:32 +0000: Memory Usage (138360K) : sinwg_filler has 0 polygons
2026-08-20 09:23:32 +0000: Memory Usage (138360K) : sinwg_nofill has 0 polygons
2026-08-20 09:23:32 +0000: Memory Usage (138488K) : mempad_drw has 0 polygons
2026-08-20 09:23:32 +0000: Memory Usage (138488K) : topvia1_drw has 482 polygons
2026-08-20 09:23:32 +0000: Memory Usage (138488K) : topmetal1_drw has 31 polygons
2026-08-20 09:23:32 +0000: Memory Usage (138488K) : topmetal1_filler has 0 polygons
2026-08-20 09:23:32 +0000: Memory Usage (138616K) : topmetal1_slit has 0 polygons
2026-08-20 09:23:32 +0000: Memory Usage (138616K) : topmetal1 has 31 polygons
2026-08-20 09:23:32 +0000: Memory Usage (138616K) : topmetal1_pin has 0 polygons
2026-08-20 09:23:32 +0000: Memory Usage (138616K) : topmetal1_mask has 0 polygons
2026-08-20 09:23:32 +0000: Memory Usage (138744K) : topmetal1_nofill has 0 polygons
2026-08-20 09:23:32 +0000: Memory Usage (138744K) : topmetal1_text has 0 polygons
2026-08-20 09:23:32 +0000: Memory Usage (138744K) : topmetal1_noqrc has 0 polygons
2026-08-20 09:23:32 +0000: Memory Usage (138872K) : topmetal1_res has 0 polygons
2026-08-20 09:23:32 +0000: Memory Usage (138872K) : topmetal1_iprobe has 0 polygons
2026-08-20 09:23:32 +0000: Memory Usage (138872K) : topmetal1_diffprb has 0 polygons
2026-08-20 09:23:32 +0000: Memory Usage (139000K) : inldpwl_drw has 0 polygons
2026-08-20 09:23:32 +0000: Memory Usage (139000K) : polyres_drw has 4 polygons
2026-08-20 09:23:32 +0000: Memory Usage (139000K) : polyres_pin has 0 polygons
2026-08-20 09:23:32 +0000: Memory Usage (139128K) : vmim_drw has 225 polygons
2026-08-20 09:23:32 +0000: Memory Usage (139128K) : nbulaycut_drw has 0 polygons
2026-08-20 09:23:32 +0000: Memory Usage (139128K) : antmetal1_drw has 0 polygons
2026-08-20 09:23:32 +0000: Memory Usage (139128K) : topvia2_drw has 211 polygons
2026-08-20 09:23:32 +0000: Memory Usage (139256K) : topmetal2_drw has 27 polygons
2026-08-20 09:23:32 +0000: Memory Usage (139256K) : topmetal2_filler has 0 polygons
2026-08-20 09:23:32 +0000: Memory Usage (139256K) : topmetal2_slit has 0 polygons
2026-08-20 09:23:32 +0000: Memory Usage (139384K) : topmetal2 has 27 polygons
2026-08-20 09:23:32 +0000: Memory Usage (139384K) : topmetal2_pin has 0 polygons
2026-08-20 09:23:32 +0000: Memory Usage (139384K) : topmetal2_mask has 0 polygons
2026-08-20 09:23:32 +0000: Memory Usage (139512K) : topmetal2_nofill has 0 polygons
2026-08-20 09:23:32 +0000: Memory Usage (139512K) : topmetal2_text has 4 polygons
2026-08-20 09:23:32 +0000: Memory Usage (139640K) : topmetal2_noqrc has 0 polygons
2026-08-20 09:23:32 +0000: Memory Usage (139640K) : topmetal2_res has 0 polygons
2026-08-20 09:23:32 +0000: Memory Usage (139640K) : topmetal2_iprobe has 0 polygons
2026-08-20 09:23:32 +0000: Memory Usage (139640K) : topmetal2_diffprb has 0 polygons
2026-08-20 09:23:32 +0000: Memory Usage (139768K) : snsring_drw has 0 polygons
2026-08-20 09:23:32 +0000: Memory Usage (139768K) : sensor_drw has 0 polygons
2026-08-20 09:23:32 +0000: Memory Usage (139768K) : snsarms_drw has 0 polygons
2026-08-20 09:23:32 +0000: Memory Usage (139768K) : snscmosvia_drw has 0 polygons
2026-08-20 09:23:32 +0000: Memory Usage (139768K) : colwind_drw has 0 polygons
2026-08-20 09:23:32 +0000: Memory Usage (139768K) : flm_drw has 0 polygons
2026-08-20 09:23:32 +0000: Memory Usage (139768K) : hafniumox_drw has 0 polygons
2026-08-20 09:23:32 +0000: Memory Usage (139768K) : memvia_drw has 0 polygons
2026-08-20 09:23:32 +0000: Memory Usage (139768K) : thinfilmres_drw has 0 polygons
2026-08-20 09:23:32 +0000: Memory Usage (139768K) : rfmem_drw has 0 polygons
2026-08-20 09:23:32 +0000: Memory Usage (139768K) : norcx_drw has 0 polygons
2026-08-20 09:23:32 +0000: Memory Usage (139768K) : norcx_m2m3 has 0 polygons
2026-08-20 09:23:32 +0000: Memory Usage (139768K) : norcx_m2m4 has 0 polygons
2026-08-20 09:23:32 +0000: Memory Usage (139768K) : norcx_m2m5 has 0 polygons
2026-08-20 09:23:32 +0000: Memory Usage (139768K) : norcx_m2tm1 has 0 polygons
2026-08-20 09:23:32 +0000: Memory Usage (139768K) : norcx_m2tm2 has 0 polygons
2026-08-20 09:23:32 +0000: Memory Usage (139768K) : norcx_m3m4 has 0 polygons
2026-08-20 09:23:32 +0000: Memory Usage (139768K) : norcx_m3m5 has 0 polygons
2026-08-20 09:23:32 +0000: Memory Usage (139768K) : norcx_m3tm1 has 0 polygons
2026-08-20 09:23:32 +0000: Memory Usage (139768K) : norcx_m3tm2 has 0 polygons
2026-08-20 09:23:32 +0000: Memory Usage (139768K) : norcx_m4m5 has 0 polygons
2026-08-20 09:23:32 +0000: Memory Usage (139768K) : norcx_m4tm1 has 0 polygons
2026-08-20 09:23:32 +0000: Memory Usage (139768K) : norcx_m4tm2 has 0 polygons
2026-08-20 09:23:32 +0000: Memory Usage (139768K) : norcx_m5tm1 has 0 polygons
2026-08-20 09:23:32 +0000: Memory Usage (139768K) : norcx_m5tm2 has 0 polygons
2026-08-20 09:23:32 +0000: Memory Usage (139768K) : norcx_tm1tm2 has 0 polygons
2026-08-20 09:23:32 +0000: Memory Usage (139768K) : norcx_m1sub has 0 polygons
2026-08-20 09:23:32 +0000: Memory Usage (139768K) : norcx_m2sub has 0 polygons
2026-08-20 09:23:32 +0000: Memory Usage (139768K) : norcx_m3sub has 0 polygons
2026-08-20 09:23:32 +0000: Memory Usage (139768K) : norcx_m4sub has 0 polygons
2026-08-20 09:23:32 +0000: Memory Usage (139768K) : norcx_m5sub has 0 polygons
2026-08-20 09:23:32 +0000: Memory Usage (139768K) : norcx_tm1sub has 0 polygons
2026-08-20 09:23:32 +0000: Memory Usage (139768K) : norcx_tm2sub has 0 polygons
2026-08-20 09:23:32 +0000: Memory Usage (139768K) : snsbotvia_drw has 0 polygons
2026-08-20 09:23:32 +0000: Memory Usage (139768K) : snstopvia_drw has 0 polygons
2026-08-20 09:23:32 +0000: Memory Usage (139768K) : deepvia_drw has 0 polygons
2026-08-20 09:23:32 +0000: Memory Usage (139768K) : fgetch_drw has 0 polygons
2026-08-20 09:23:32 +0000: Memory Usage (139768K) : ctrgat_drw has 0 polygons
2026-08-20 09:23:32 +0000: Memory Usage (139768K) : fgimp_drw has 0 polygons
2026-08-20 09:23:32 +0000: Memory Usage (139768K) : emwihv_drw has 0 polygons
2026-08-20 09:23:32 +0000: Memory Usage (139768K) : lbe_drw has 0 polygons
2026-08-20 09:23:32 +0000: Memory Usage (139768K) : alcustop_drw has 0 polygons
2026-08-20 09:23:32 +0000: Memory Usage (139768K) : nometfiller_drw has 0 polygons
2026-08-20 09:23:32 +0000: Memory Usage (139768K) : prboundary_drw has 0 polygons
2026-08-20 09:23:32 +0000: Memory Usage (139768K) : exchange0_drw has 0 polygons
2026-08-20 09:23:32 +0000: Memory Usage (139768K) : exchange0_pin has 0 polygons
2026-08-20 09:23:32 +0000: Memory Usage (139768K) : exchange0_text has 0 polygons
2026-08-20 09:23:32 +0000: Memory Usage (139768K) : exchange1_drw has 0 polygons
2026-08-20 09:23:32 +0000: Memory Usage (139768K) : exchange1_pin has 0 polygons
2026-08-20 09:23:32 +0000: Memory Usage (139768K) : exchange1_text has 0 polygons
2026-08-20 09:23:32 +0000: Memory Usage (139768K) : exchange2_drw has 0 polygons
2026-08-20 09:23:32 +0000: Memory Usage (139768K) : exchange2_pin has 0 polygons
2026-08-20 09:23:32 +0000: Memory Usage (139768K) : exchange2_text has 0 polygons
2026-08-20 09:23:32 +0000: Memory Usage (139768K) : exchange3_drw has 0 polygons
2026-08-20 09:23:32 +0000: Memory Usage (139768K) : exchange3_pin has 0 polygons
2026-08-20 09:23:32 +0000: Memory Usage (139768K) : exchange3_text has 0 polygons
2026-08-20 09:23:32 +0000: Memory Usage (139768K) : exchange4_drw has 0 polygons
2026-08-20 09:23:32 +0000: Memory Usage (139768K) : exchange4_pin has 0 polygons
2026-08-20 09:23:32 +0000: Memory Usage (139768K) : exchange4_text has 0 polygons
2026-08-20 09:23:32 +0000: Memory Usage (139768K) : isonwell_drw has 0 polygons
2026-08-20 09:23:32 +0000: Memory Usage (139768K) : Total no. of polygons in the design is 13081
2026-08-20 09:23:32 +0000: Memory Usage (139768K) : Starting base layers derivations
2026-08-20 09:23:32 +0000: Memory Usage (139768K) : Starting general LVS derivations
2026-08-20 09:23:32 +0000: Memory Usage (143916K) : Starting MOSFET DERIVATIONS
2026-08-20 09:23:32 +0000: Memory Usage (144684K) : Starting NMOS DERIVATIONS
2026-08-20 09:23:32 +0000: Memory Usage (144684K) : Starting PMOS DERIVATIONS
2026-08-20 09:23:32 +0000: Memory Usage (144684K) : Starting RF-MOSFET DERIVATIONS
2026-08-20 09:23:32 +0000: Memory Usage (144684K) : Starting RF-NMOS DERIVATIONS
2026-08-20 09:23:32 +0000: Memory Usage (144684K) : Starting RF-PMOS DERIVATIONS
2026-08-20 09:23:32 +0000: Memory Usage (144684K) : Starting BJT DERIVATIONS
2026-08-20 09:23:32 +0000: Memory Usage (144684K) : Starting NPN-BJT DERIVATIONS
2026-08-20 09:23:32 +0000: Memory Usage (144684K) : Starting PNP-BJT DERIVATIONS
2026-08-20 09:23:32 +0000: Memory Usage (144684K) : Starting DIODE DERIVATIONS
2026-08-20 09:23:32 +0000: Memory Usage (144684K) : Starting RESISTOR DERIVATIONS
2026-08-20 09:23:32 +0000: Memory Usage (144812K) : Starting CAP DERIVATIONS
2026-08-20 09:23:32 +0000: Memory Usage (144812K) : Starting CAP_CMOM DERIVATIONS
2026-08-20 09:23:32 +0000: Memory Usage (144812K) : Starting CAP_CMOMF DERIVATIONS
2026-08-20 09:23:32 +0000: Memory Usage (144812K) : Starting ESD DERIVATIONS
2026-08-20 09:23:33 +0000: Memory Usage (145068K) : Starting Inductor DERIVATIONS
2026-08-20 09:23:33 +0000: Memory Usage (145068K) : Starting Taps DERIVATIONS
2026-08-20 09:23:33 +0000: Memory Usage (145068K) : Starting SG13G2 LVS connectivity setup
2026-08-20 09:23:33 +0000: Memory Usage (145068K) : Starting SG13G2 LVS connectivity setup (Inter-layer)
2026-08-20 09:23:33 +0000: Memory Usage (145068K) : Starting SG13G2 LVS connectivity setup (Global)
2026-08-20 09:23:33 +0000: Memory Usage (145068K) : Starting LVS MOSFET CONNECTIONS
2026-08-20 09:23:33 +0000: Memory Usage (145068K) : Starting LVS RF-MOSFET CONNECTIONS
2026-08-20 09:23:33 +0000: Memory Usage (145068K) : Starting LVS BJT CONNECTIONS
2026-08-20 09:23:33 +0000: Memory Usage (145068K) : Starting LVS DIODE CONNECTIONS
2026-08-20 09:23:33 +0000: Memory Usage (145068K) : Starting RESISTOR CONNECTIONS
2026-08-20 09:23:33 +0000: Memory Usage (145068K) : Starting LVS CAP CONNECTIONS
2026-08-20 09:23:33 +0000: Memory Usage (145068K) : Starting CAP_CMOM CONNECTIONS
2026-08-20 09:23:33 +0000: Memory Usage (145068K) : Starting CAP_CMOMF CONNECTIONS
2026-08-20 09:23:33 +0000: Memory Usage (145068K) : Starting ESD CONNECTIONS
2026-08-20 09:23:33 +0000: Memory Usage (145068K) : Starting Inductor CONNECTIONS
2026-08-20 09:23:33 +0000: Memory Usage (145068K) : Starting LVS Taps CONNECTIONS
2026-08-20 09:23:33 +0000: Memory Usage (145068K) : Starting SG13G2 LVS DEVICES EXTRACTION
2026-08-20 09:23:33 +0000: Memory Usage (145068K) : Starting MOSFET EXTRACTION
2026-08-20 09:23:33 +0000: Memory Usage (145068K) : Starting NMOS EXTRACTION
2026-08-20 09:23:33 +0000: Memory Usage (145068K) : Extraction of NMOS-LV transistor
2026-08-20 09:23:33 +0000: Memory Usage (145196K) : Extraction of NMOS-HV transistor
2026-08-20 09:23:33 +0000: Memory Usage (145196K) : Starting PMOS EXTRACTION
2026-08-20 09:23:33 +0000: Memory Usage (145196K) : Extraction of PMOS-LV transistor
2026-08-20 09:23:33 +0000: Memory Usage (145196K) : Extraction of PMOS-HV transistor
2026-08-20 09:23:33 +0000: Memory Usage (145196K) : Starting RF-MOSFET EXTRACTION
2026-08-20 09:23:33 +0000: Memory Usage (145196K) : Extraction of RF-NMOS-LV transistor
2026-08-20 09:23:33 +0000: Memory Usage (145196K) : Extraction of RF-NMOS-HV transistor
2026-08-20 09:23:33 +0000: Memory Usage (145196K) : Extraction of RF-PMOS-LV transistor
2026-08-20 09:23:33 +0000: Memory Usage (145196K) : Extraction of RF-PMOS-HV transistor
2026-08-20 09:23:33 +0000: Memory Usage (145196K) : Starting BJT EXTRACTION
2026-08-20 09:23:33 +0000: Memory Usage (145196K) : Starting NPN-BJT EXTRACTION
2026-08-20 09:23:33 +0000: Memory Usage (145196K) : Extraction of npn13G2 BJT transistor
2026-08-20 09:23:33 +0000: Memory Usage (145196K) : Extraction of npn13G2L BJT transistor
2026-08-20 09:23:33 +0000: Memory Usage (145196K) : Extraction of npn13G2V BJT transistor
2026-08-20 09:23:33 +0000: Memory Usage (145196K) : Starting PNP-BJT EXTRACTION
2026-08-20 09:23:33 +0000: Memory Usage (145196K) : Extracting pnpMPA BJT
2026-08-20 09:23:33 +0000: Memory Usage (145196K) : Starting DIODE EXTRACTION
2026-08-20 09:23:33 +0000: Memory Usage (145196K) : Extracting dantenna diode
2026-08-20 09:23:33 +0000: Memory Usage (145196K) : Extracting dpantenna diode
2026-08-20 09:23:33 +0000: Memory Usage (145196K) : Extracting schottky_nbl1 diode
2026-08-20 09:23:33 +0000: Memory Usage (145196K) : Extracting isolbox diode
2026-08-20 09:23:33 +0000: Memory Usage (145196K) : Starting RESISTOR EXTRACTION
2026-08-20 09:23:33 +0000: Memory Usage (145196K) : Extracting rsil resistor
2026-08-20 09:23:33 +0000: Memory Usage (145324K) : Extracting rppd resistor
2026-08-20 09:23:33 +0000: Memory Usage (145324K) : Extracting rhigh resistor
2026-08-20 09:23:33 +0000: Memory Usage (145324K) : Extracting res_metal1 resistor
2026-08-20 09:23:33 +0000: Memory Usage (145452K) : Extracting res_metal2 resistor
2026-08-20 09:23:33 +0000: Memory Usage (145452K) : Extracting res_metal3 resistor
2026-08-20 09:23:33 +0000: Memory Usage (145452K) : Extracting res_metal4 resistor
2026-08-20 09:23:33 +0000: Memory Usage (145452K) : Extracting res_metal5 resistor
2026-08-20 09:23:33 +0000: Memory Usage (145452K) : Extracting res_topmetal1 resistor
2026-08-20 09:23:33 +0000: Memory Usage (145452K) : Extracting res_topmetal2 resistor
2026-08-20 09:23:33 +0000: Memory Usage (145452K) : Starting CAP EXTRACTION
2026-08-20 09:23:33 +0000: Memory Usage (145452K) : Extracting cap_cmim device
2026-08-20 09:23:33 +0000: Memory Usage (145452K) : Extracting rfcmim device
2026-08-20 09:23:33 +0000: Memory Usage (145452K) : Extracting sg13_hv_svaricap varactor
2026-08-20 09:23:33 +0000: Memory Usage (145452K) : Extracting cap_cmomi device
2026-08-20 09:23:33 +0000: Memory Usage (145452K) : Extracting cap_cmomf device
2026-08-20 09:23:33 +0000: Memory Usage (145452K) : Extracting sg13_moscap_n capacitor
2026-08-20 09:23:33 +0000: Memory Usage (145452K) : Extracting sg13_moscap_p capacitor
2026-08-20 09:23:33 +0000: Memory Usage (145452K) : Starting ESD EXTRACTION
2026-08-20 09:23:33 +0000: Memory Usage (145452K) : Extracting diodevdd_2kv ESD device
2026-08-20 09:23:33 +0000: Memory Usage (145452K) : Extracting diodevdd_4kv ESD device
2026-08-20 09:23:33 +0000: Memory Usage (145452K) : Extracting diodevss_2kv ESD device
2026-08-20 09:23:33 +0000: Memory Usage (145452K) : Extracting diodevss_4kv ESD device
2026-08-20 09:23:33 +0000: Memory Usage (145452K) : Extracting idiodevdd_2kv ESD device
2026-08-20 09:23:33 +0000: Memory Usage (145452K) : Extracting idiodevdd_4kv ESD device
2026-08-20 09:23:33 +0000: Memory Usage (145452K) : Extracting idiodevss_2kv ESD device
2026-08-20 09:23:33 +0000: Memory Usage (145452K) : Extracting idiodevss_4kv ESD device
2026-08-20 09:23:33 +0000: Memory Usage (145452K) : Extracting nmoscl_2 ESD device
2026-08-20 09:23:33 +0000: Memory Usage (145452K) : Extracting nmoscl_4 ESD device
2026-08-20 09:23:33 +0000: Memory Usage (145452K) : Starting Inductor EXTRACTION
2026-08-20 09:23:33 +0000: Memory Usage (145452K) : Extracting Inductor2 device
2026-08-20 09:23:33 +0000: Memory Usage (145452K) : Extracting Inductor3 device
2026-08-20 09:23:33 +0000: Memory Usage (145452K) : Starting Taps EXTRACTION
2026-08-20 09:23:33 +0000: Memory Usage (145452K) : DISABLE_TAP_EXTRACTION is enabled: skipping ntap1/ptap1 device extraction.
2026-08-20 09:23:33 +0000: Memory Usage (145452K) : Starting SG13G2 LVS RF MOS Model Mapping
2026-08-20 09:23:33 +0000: Memory Usage (145452K) : [layout_netlist] Apply RF MOS model mapping and rfmode parameter.
2026-08-20 09:23:33 +0000: Memory Usage (145452K) : Starting SG13G2 LVS Options Preparations
2026-08-20 09:23:33 +0000: Memory Usage (145452K) : SG13G2 LVS flow: extraction -> alignment -> option preparation -> comparison.
2026-08-20 09:23:33 +0000: Memory Usage (145452K) : Starting SG13G2 LVS Alignment
2026-08-20 09:23:33 +0000: Memory Usage (145580K) : Starting SG13G2 LVS Simplification
2026-08-20 09:23:33 +0000: Memory Usage (145580K) : [layout_netlist] simplify: ENABLED
2026-08-20 09:23:33 +0000: Memory Usage (145580K) : [layout_netlist] make_top_level_pins: SKIPPED
2026-08-20 09:23:33 +0000: Memory Usage (145580K) : [layout_netlist] combine_devices: SKIPPED
2026-08-20 09:23:33 +0000: Memory Usage (145580K) : [layout_netlist] purge: SKIPPED
2026-08-20 09:23:33 +0000: Memory Usage (145580K) : [layout_netlist] purge_nets: SKIPPED
2026-08-20 09:23:33 +0000: Memory Usage (145580K) : [schematic_netlist] simplify: ENABLED
2026-08-20 09:23:33 +0000: Memory Usage (145580K) : [schematic_netlist] make_top_level_pins: SKIPPED
2026-08-20 09:23:33 +0000: Memory Usage (145580K) : [schematic_netlist] combine_devices: SKIPPED
2026-08-20 09:23:33 +0000: Memory Usage (145580K) : [schematic_netlist] purge: SKIPPED
2026-08-20 09:23:33 +0000: Memory Usage (145580K) : [schematic_netlist] purge_nets: SKIPPED
2026-08-20 09:23:33 +0000: Memory Usage (145580K) : Starting SG13G2 LVS Comparison
2026-08-20 09:23:33 +0000: Memory Usage (145580K) : xxxxxxxxxxxxxxxxxxxxxxxxxxxxxxxxxxxxxxxxxx
2026-08-20 09:23:33 +0000: Memory Usage (145580K) : ERROR : Netlists don't match
2026-08-20 09:23:33 +0000: Memory Usage (145580K) : xxxxxxxxxxxxxxxxxxxxxxxxxxxxxxxxxxxxxxxxxx
2026-08-20 09:23:33 +0000: Memory Usage (145580K) : LVS Total Run time 1.633309 seconds
2026-08-20 09:28:37 +0000: Memory Usage (128348K) : Starting running SG13G2 Klayout LVS runset on /workspace/layout/blocks/out/term_stage/_bisect/plus_ring.gds
2026-08-20 09:28:37 +0000: Memory Usage (128348K) : Ruby Version for klayout: 3.2.3
2026-08-20 09:28:37 +0000: Memory Usage (129560K) : Loading database to memory is complete.
2026-08-20 09:28:37 +0000: Memory Usage (129560K) : SG13G2 Klayout LVS runset output at: /workspace/layout/blocks/out/term_stage/_bisect/plus_ring/plus_ring.lvsdb
2026-08-20 09:28:37 +0000: Memory Usage (129560K) : Evaluate switches.
2026-08-20 09:28:37 +0000: Memory Usage (129560K) : Extracted netlist with net names: true
2026-08-20 09:28:37 +0000: Memory Usage (129560K) : Extracted netlist with comments in details: false
2026-08-20 09:28:37 +0000: Memory Usage (129560K) : Selected NET_ONLY option: false
2026-08-20 09:28:37 +0000: Memory Usage (129560K) : Selected LAYOUT_NETLIST option: (none)
2026-08-20 09:28:37 +0000: Memory Usage (129560K) : Selected IGNORE_TOP_PORTS_MISMATCH option: true
2026-08-20 09:28:37 +0000: Memory Usage (129560K) : Selected IMPLICIT_NETS option: sub,sub!
2026-08-20 09:28:37 +0000: Memory Usage (129560K) : Selected TOP_LVL_PINS option: false
2026-08-20 09:28:37 +0000: Memory Usage (129560K) : Selected COMBINE DEVICES option: false
2026-08-20 09:28:37 +0000: Memory Usage (129560K) : Selected PURGE option: false
2026-08-20 09:28:37 +0000: Memory Usage (129560K) : Selected PURGE_NETS option: false
2026-08-20 09:28:37 +0000: Memory Usage (129560K) : Selected SIMPLIFY option: true
2026-08-20 09:28:37 +0000: Memory Usage (129560K) : Selected SERIES_RES option: true
2026-08-20 09:28:37 +0000: Memory Usage (129560K) : Selected PARALLEL_RES option: true
2026-08-20 09:28:37 +0000: Memory Usage (129560K) : Selected DISABLE_TAP_EXTRACTION option: true
2026-08-20 09:28:37 +0000: Memory Usage (129560K) : deep  mode is enabled.
2026-08-20 09:28:37 +0000: Memory Usage (129560K) : Applying implicit connections (case-sensitive, pattern supported) for nets: sub, sub!
2026-08-20 09:28:37 +0000: Memory Usage (130660K) : Netlist file: /workspace/layout/blocks/out/term_stage/_bisect/plus_ring.cdl
2026-08-20 09:28:37 +0000: Memory Usage (130660K) : LVS extracted netlist at: /workspace/layout/blocks/out/term_stage/_bisect/plus_ring/plus_ring_extracted.cir
2026-08-20 09:28:37 +0000: Memory Usage (130660K) : Applying SRAM integration support.
2026-08-20 09:28:37 +0000: Memory Usage (130660K) : Starting SG13G2 LVS runset
2026-08-20 09:28:37 +0000: Memory Usage (130660K) : Read in polygons from layers.
2026-08-20 09:28:37 +0000: Memory Usage (132000K) : activ_drw has 130 polygons
2026-08-20 09:28:37 +0000: Memory Usage (132000K) : activ_filler has 0 polygons
2026-08-20 09:28:37 +0000: Memory Usage (132000K) : activ has 130 polygons
2026-08-20 09:28:37 +0000: Memory Usage (132000K) : activ_pin has 0 polygons
2026-08-20 09:28:37 +0000: Memory Usage (132000K) : activ_mask has 0 polygons
2026-08-20 09:28:37 +0000: Memory Usage (132000K) : activ_nofill has 0 polygons
2026-08-20 09:28:37 +0000: Memory Usage (132088K) : activ_OPC has 0 polygons
2026-08-20 09:28:37 +0000: Memory Usage (132600K) : activ_iOPC has 0 polygons
2026-08-20 09:28:37 +0000: Memory Usage (132600K) : activ_noqrc has 0 polygons
2026-08-20 09:28:37 +0000: Memory Usage (132600K) : biwind_drw has 0 polygons
2026-08-20 09:28:37 +0000: Memory Usage (132600K) : biwind_OPC has 0 polygons
2026-08-20 09:28:37 +0000: Memory Usage (132600K) : gatpoly_drw has 25 polygons
2026-08-20 09:28:37 +0000: Memory Usage (132600K) : gatpoly_filler has 0 polygons
2026-08-20 09:28:37 +0000: Memory Usage (132600K) : gatpoly has 25 polygons
2026-08-20 09:28:37 +0000: Memory Usage (132600K) : gatpoly_pin has 0 polygons
2026-08-20 09:28:37 +0000: Memory Usage (132600K) : gatpoly_nofill has 0 polygons
2026-08-20 09:28:37 +0000: Memory Usage (132600K) : gatpoly_OPC has 0 polygons
2026-08-20 09:28:37 +0000: Memory Usage (132600K) : gatpoly_iOPC has 0 polygons
2026-08-20 09:28:37 +0000: Memory Usage (132600K) : gatpoly_noqrc has 0 polygons
2026-08-20 09:28:37 +0000: Memory Usage (132728K) : cont_drw has 6147 polygons
2026-08-20 09:28:37 +0000: Memory Usage (132728K) : cont_OPC has 0 polygons
2026-08-20 09:28:37 +0000: Memory Usage (132728K) : nsd_drw has 0 polygons
2026-08-20 09:28:37 +0000: Memory Usage (132728K) : nsd_block has 0 polygons
2026-08-20 09:28:37 +0000: Memory Usage (132728K) : metal1_drw has 268 polygons
2026-08-20 09:28:37 +0000: Memory Usage (132728K) : metal1_filler has 0 polygons
2026-08-20 09:28:37 +0000: Memory Usage (132728K) : metal1_slit has 0 polygons
2026-08-20 09:28:37 +0000: Memory Usage (132856K) : metal1 has 268 polygons
2026-08-20 09:28:37 +0000: Memory Usage (132856K) : metal1_pin has 112 polygons
2026-08-20 09:28:37 +0000: Memory Usage (132984K) : metal1_mask has 0 polygons
2026-08-20 09:28:37 +0000: Memory Usage (132984K) : metal1_nofill has 0 polygons
2026-08-20 09:28:37 +0000: Memory Usage (133240K) : metal1_text has 4 polygons
2026-08-20 09:28:37 +0000: Memory Usage (133368K) : metal1_OPC has 0 polygons
2026-08-20 09:28:37 +0000: Memory Usage (133368K) : metal1_noqrc has 0 polygons
2026-08-20 09:28:37 +0000: Memory Usage (133368K) : metal1_res has 0 polygons
2026-08-20 09:28:37 +0000: Memory Usage (133496K) : metal1_iprobe has 0 polygons
2026-08-20 09:28:37 +0000: Memory Usage (133496K) : metal1_diffprb has 0 polygons
2026-08-20 09:28:37 +0000: Memory Usage (133496K) : passiv_drw has 2 polygons
2026-08-20 09:28:37 +0000: Memory Usage (133624K) : passiv_pin has 0 polygons
2026-08-20 09:28:37 +0000: Memory Usage (133624K) : passiv_sbump has 0 polygons
2026-08-20 09:28:37 +0000: Memory Usage (133624K) : passiv_pillar has 0 polygons
2026-08-20 09:28:37 +0000: Memory Usage (133752K) : passiv_pdl has 0 polygons
2026-08-20 09:28:37 +0000: Memory Usage (133752K) : metal2_drw has 69 polygons
2026-08-20 09:28:37 +0000: Memory Usage (133752K) : metal2_filler has 0 polygons
2026-08-20 09:28:37 +0000: Memory Usage (133880K) : metal2_slit has 0 polygons
2026-08-20 09:28:37 +0000: Memory Usage (133880K) : metal2 has 69 polygons
2026-08-20 09:28:37 +0000: Memory Usage (133880K) : metal2_pin has 8 polygons
2026-08-20 09:28:37 +0000: Memory Usage (133880K) : metal2_mask has 0 polygons
2026-08-20 09:28:37 +0000: Memory Usage (134008K) : metal2_nofill has 0 polygons
2026-08-20 09:28:37 +0000: Memory Usage (134008K) : metal2_text has 4 polygons
2026-08-20 09:28:37 +0000: Memory Usage (134008K) : metal2_OPC has 0 polygons
2026-08-20 09:28:37 +0000: Memory Usage (134008K) : metal2_noqrc has 0 polygons
2026-08-20 09:28:37 +0000: Memory Usage (134136K) : metal2_res has 0 polygons
2026-08-20 09:28:37 +0000: Memory Usage (134136K) : metal2_iprobe has 0 polygons
2026-08-20 09:28:37 +0000: Memory Usage (134136K) : metal2_diffprb has 0 polygons
2026-08-20 09:28:37 +0000: Memory Usage (134136K) : baspoly_drw has 0 polygons
2026-08-20 09:28:38 +0000: Memory Usage (134264K) : baspoly_pin has 0 polygons
2026-08-20 09:28:38 +0000: Memory Usage (134264K) : psd_drw has 119 polygons
2026-08-20 09:28:38 +0000: Memory Usage (134264K) : nldb_drw has 0 polygons
2026-08-20 09:28:38 +0000: Memory Usage (134264K) : digibnd_drw has 0 polygons
2026-08-20 09:28:38 +0000: Memory Usage (134392K) : via1_drw has 1907 polygons
2026-08-20 09:28:38 +0000: Memory Usage (134392K) : backmetal1_drw has 0 polygons
2026-08-20 09:28:38 +0000: Memory Usage (134392K) : backmetal1_pin has 0 polygons
2026-08-20 09:28:38 +0000: Memory Usage (134520K) : backmetal1_mask has 0 polygons
2026-08-20 09:28:38 +0000: Memory Usage (134520K) : backmetal1_filler has 0 polygons
2026-08-20 09:28:38 +0000: Memory Usage (134520K) : backmetal1_nofill has 0 polygons
2026-08-20 09:28:38 +0000: Memory Usage (134520K) : backmetal1_slit has 0 polygons
2026-08-20 09:28:38 +0000: Memory Usage (134648K) : backmetal1_text has 0 polygons
2026-08-20 09:28:38 +0000: Memory Usage (134648K) : backmetal1_OPC has 0 polygons
2026-08-20 09:28:38 +0000: Memory Usage (134648K) : backmetal1_noqrc has 0 polygons
2026-08-20 09:28:38 +0000: Memory Usage (134648K) : backmetal1_res has 0 polygons
2026-08-20 09:28:38 +0000: Memory Usage (134776K) : backmetal1_iprobe has 0 polygons
2026-08-20 09:28:38 +0000: Memory Usage (134776K) : backmetal1_diffprb has 0 polygons
2026-08-20 09:28:38 +0000: Memory Usage (134776K) : backpassiv_drw has 0 polygons
2026-08-20 09:28:38 +0000: Memory Usage (134776K) : res_drw has 2 polygons
2026-08-20 09:28:38 +0000: Memory Usage (134904K) : sram_drw has 0 polygons
2026-08-20 09:28:38 +0000: Memory Usage (134904K) : trans_drw has 0 polygons
2026-08-20 09:28:38 +0000: Memory Usage (134904K) : ind_drw has 0 polygons
2026-08-20 09:28:38 +0000: Memory Usage (134904K) : ind_pin has 0 polygons
2026-08-20 09:28:38 +0000: Memory Usage (135032K) : ind_text has 0 polygons
2026-08-20 09:28:38 +0000: Memory Usage (135032K) : salblock_drw has 14 polygons
2026-08-20 09:28:38 +0000: Memory Usage (135032K) : via2_drw has 850 polygons
2026-08-20 09:28:38 +0000: Memory Usage (135160K) : metal3_drw has 61 polygons
2026-08-20 09:28:38 +0000: Memory Usage (135160K) : metal3_filler has 0 polygons
2026-08-20 09:28:38 +0000: Memory Usage (135160K) : metal3_slit has 0 polygons
2026-08-20 09:28:38 +0000: Memory Usage (135160K) : metal3 has 61 polygons
2026-08-20 09:28:38 +0000: Memory Usage (135160K) : metal3_pin has 2 polygons
2026-08-20 09:28:38 +0000: Memory Usage (135160K) : metal3_mask has 0 polygons
2026-08-20 09:28:38 +0000: Memory Usage (135160K) : metal3_nofill has 0 polygons
2026-08-20 09:28:38 +0000: Memory Usage (135160K) : metal3_text has 0 polygons
2026-08-20 09:28:38 +0000: Memory Usage (135160K) : metal3_OPC has 0 polygons
2026-08-20 09:28:38 +0000: Memory Usage (135160K) : metal3_noqrc has 0 polygons
2026-08-20 09:28:38 +0000: Memory Usage (135160K) : metal3_res has 0 polygons
2026-08-20 09:28:38 +0000: Memory Usage (135160K) : metal3_iprobe has 0 polygons
2026-08-20 09:28:38 +0000: Memory Usage (135160K) : metal3_diffprb has 0 polygons
2026-08-20 09:28:38 +0000: Memory Usage (135160K) : nwell_drw has 14 polygons
2026-08-20 09:28:38 +0000: Memory Usage (135288K) : nwell_pin has 0 polygons
2026-08-20 09:28:38 +0000: Memory Usage (135288K) : nwell_text has 0 polygons
2026-08-20 09:28:38 +0000: Memory Usage (135288K) : nbulay_drw has 1 polygons
2026-08-20 09:28:38 +0000: Memory Usage (135288K) : nbulay_pin has 0 polygons
2026-08-20 09:28:38 +0000: Memory Usage (135288K) : nbulay_block has 0 polygons
2026-08-20 09:28:38 +0000: Memory Usage (135288K) : emwind_drw has 0 polygons
2026-08-20 09:28:38 +0000: Memory Usage (135416K) : emwind_OPC has 0 polygons
2026-08-20 09:28:38 +0000: Memory Usage (135416K) : deepco_drw has 0 polygons
2026-08-20 09:28:38 +0000: Memory Usage (135416K) : mim_drw has 1 polygons
2026-08-20 09:28:38 +0000: Memory Usage (135416K) : edgeseal_drw has 0 polygons
2026-08-20 09:28:38 +0000: Memory Usage (135416K) : substrate_drw has 100 polygons
2026-08-20 09:28:38 +0000: Memory Usage (135416K) : substrate_text has 0 polygons
2026-08-20 09:28:38 +0000: Memory Usage (135544K) : dfpad_drw has 2 polygons
2026-08-20 09:28:38 +0000: Memory Usage (135544K) : dfpad_pillar has 0 polygons
2026-08-20 09:28:38 +0000: Memory Usage (135544K) : dfpad_sbump has 0 polygons
2026-08-20 09:28:38 +0000: Memory Usage (135544K) : thickgateox_drw has 1 polygons
2026-08-20 09:28:38 +0000: Memory Usage (135544K) : pldb_drw has 0 polygons
2026-08-20 09:28:38 +0000: Memory Usage (135672K) : pwell_drw has 0 polygons
2026-08-20 09:28:38 +0000: Memory Usage (135672K) : pwell_pin has 0 polygons
2026-08-20 09:28:38 +0000: Memory Usage (135672K) : pwell_block has 0 polygons
2026-08-20 09:28:38 +0000: Memory Usage (135672K) : ic_drw has 0 polygons
2026-08-20 09:28:38 +0000: Memory Usage (135672K) : via3_drw has 1058 polygons
2026-08-20 09:28:38 +0000: Memory Usage (135672K) : metal4_drw has 30 polygons
2026-08-20 09:28:38 +0000: Memory Usage (135800K) : metal4_filler has 0 polygons
2026-08-20 09:28:38 +0000: Memory Usage (135800K) : metal4_slit has 0 polygons
2026-08-20 09:28:38 +0000: Memory Usage (135800K) : metal4 has 30 polygons
2026-08-20 09:28:38 +0000: Memory Usage (135800K) : metal4_pin has 0 polygons
2026-08-20 09:28:38 +0000: Memory Usage (135800K) : metal4_mask has 0 polygons
2026-08-20 09:28:38 +0000: Memory Usage (135800K) : metal4_nofill has 0 polygons
2026-08-20 09:28:38 +0000: Memory Usage (135928K) : metal4_text has 4 polygons
2026-08-20 09:28:38 +0000: Memory Usage (135928K) : metal4_OPC has 0 polygons
2026-08-20 09:28:38 +0000: Memory Usage (135928K) : metal4_noqrc has 0 polygons
2026-08-20 09:28:38 +0000: Memory Usage (135928K) : metal4_res has 0 polygons
2026-08-20 09:28:38 +0000: Memory Usage (135928K) : metal4_iprobe has 0 polygons
2026-08-20 09:28:38 +0000: Memory Usage (136056K) : metal4_diffprb has 0 polygons
2026-08-20 09:28:38 +0000: Memory Usage (136056K) : heattrans_drw has 0 polygons
2026-08-20 09:28:38 +0000: Memory Usage (136056K) : heatres_drw has 4 polygons
2026-08-20 09:28:38 +0000: Memory Usage (136056K) : fbe_drw has 0 polygons
2026-08-20 09:28:38 +0000: Memory Usage (136056K) : empoly_drw has 0 polygons
2026-08-20 09:28:38 +0000: Memory Usage (136056K) : digisub_drw has 0 polygons
2026-08-20 09:28:38 +0000: Memory Usage (136056K) : text_drw has 126 polygons
2026-08-20 09:28:38 +0000: Memory Usage (136184K) : via4_drw has 1050 polygons
2026-08-20 09:28:38 +0000: Memory Usage (136184K) : metal5_drw has 51 polygons
2026-08-20 09:28:38 +0000: Memory Usage (136184K) : metal5_filler has 0 polygons
2026-08-20 09:28:38 +0000: Memory Usage (136184K) : metal5_slit has 0 polygons
2026-08-20 09:28:38 +0000: Memory Usage (136184K) : metal5 has 51 polygons
2026-08-20 09:28:38 +0000: Memory Usage (136312K) : metal5_pin has 0 polygons
2026-08-20 09:28:38 +0000: Memory Usage (136312K) : metal5_mask has 0 polygons
2026-08-20 09:28:38 +0000: Memory Usage (136312K) : metal5_nofill has 0 polygons
2026-08-20 09:28:38 +0000: Memory Usage (136312K) : metal5_text has 0 polygons
2026-08-20 09:28:38 +0000: Memory Usage (136312K) : metal5_OPC has 0 polygons
2026-08-20 09:28:38 +0000: Memory Usage (136312K) : metal5_noqrc has 0 polygons
2026-08-20 09:28:38 +0000: Memory Usage (136440K) : metal5_res has 0 polygons
2026-08-20 09:28:38 +0000: Memory Usage (136440K) : metal5_iprobe has 0 polygons
2026-08-20 09:28:38 +0000: Memory Usage (136440K) : metal5_diffprb has 0 polygons
2026-08-20 09:28:38 +0000: Memory Usage (136440K) : radhard_drw has 0 polygons
2026-08-20 09:28:38 +0000: Memory Usage (136440K) : memcap_drw has 0 polygons
2026-08-20 09:28:38 +0000: Memory Usage (136440K) : varicap_drw has 0 polygons
2026-08-20 09:28:38 +0000: Memory Usage (136568K) : intbondvia_drw has 0 polygons
2026-08-20 09:28:38 +0000: Memory Usage (136568K) : intbondmet_drw has 0 polygons
2026-08-20 09:28:38 +0000: Memory Usage (136568K) : devbondvia_drw has 0 polygons
2026-08-20 09:28:38 +0000: Memory Usage (136568K) : devbondmet_drw has 0 polygons
2026-08-20 09:28:38 +0000: Memory Usage (136696K) : devtrench_drw has 0 polygons
2026-08-20 09:28:38 +0000: Memory Usage (136696K) : redist_drw has 0 polygons
2026-08-20 09:28:38 +0000: Memory Usage (136696K) : graphbot_drw has 0 polygons
2026-08-20 09:28:38 +0000: Memory Usage (136696K) : graphtop_drw has 0 polygons
2026-08-20 09:28:38 +0000: Memory Usage (136824K) : antvia1_drw has 0 polygons
2026-08-20 09:28:38 +0000: Memory Usage (136824K) : antmetal2_drw has 0 polygons
2026-08-20 09:28:38 +0000: Memory Usage (136824K) : graphcont_drw has 0 polygons
2026-08-20 09:28:38 +0000: Memory Usage (136824K) : siwg_drw has 0 polygons
2026-08-20 09:28:38 +0000: Memory Usage (136824K) : siwg_filler has 0 polygons
2026-08-20 09:28:38 +0000: Memory Usage (136824K) : siwg_nofill has 0 polygons
2026-08-20 09:28:38 +0000: Memory Usage (136824K) : sigrating_drw has 0 polygons
2026-08-20 09:28:38 +0000: Memory Usage (136952K) : singrating_drw has 0 polygons
2026-08-20 09:28:38 +0000: Memory Usage (136952K) : graphpas_drw has 0 polygons
2026-08-20 09:28:38 +0000: Memory Usage (136952K) : emwind3_drw has 0 polygons
2026-08-20 09:28:38 +0000: Memory Usage (136952K) : emwihv3_drw has 0 polygons
2026-08-20 09:28:38 +0000: Memory Usage (136952K) : redbulay_drw has 0 polygons
2026-08-20 09:28:38 +0000: Memory Usage (136952K) : smos_drw has 0 polygons
2026-08-20 09:28:38 +0000: Memory Usage (137080K) : graphpad_drw has 0 polygons
2026-08-20 09:28:38 +0000: Memory Usage (137080K) : polimide_drw has 0 polygons
2026-08-20 09:28:38 +0000: Memory Usage (137080K) : polimide_pin has 0 polygons
2026-08-20 09:28:38 +0000: Memory Usage (137080K) : recog_drw has 1 polygons
2026-08-20 09:28:38 +0000: Memory Usage (137208K) : recog_pin has 0 polygons
2026-08-20 09:28:38 +0000: Memory Usage (137208K) : recog_esd has 5 polygons
2026-08-20 09:28:38 +0000: Memory Usage (137208K) : recog_diode has 0 polygons
2026-08-20 09:28:38 +0000: Memory Usage (137208K) : recog_tsv has 0 polygons
2026-08-20 09:28:38 +0000: Memory Usage (137336K) : recog_iprobe has 0 polygons
2026-08-20 09:28:38 +0000: Memory Usage (137336K) : recog_diffprb has 0 polygons
2026-08-20 09:28:38 +0000: Memory Usage (137336K) : recog_pillar has 0 polygons
2026-08-20 09:28:38 +0000: Memory Usage (137336K) : recog_sbump has 0 polygons
2026-08-20 09:28:38 +0000: Memory Usage (137464K) : recog_otp has 0 polygons
2026-08-20 09:28:38 +0000: Memory Usage (137464K) : recog_pdiode has 0 polygons
2026-08-20 09:28:38 +0000: Memory Usage (137464K) : recog_mom has 0 polygons
2026-08-20 09:28:38 +0000: Memory Usage (137464K) : recog_momf has 0 polygons
2026-08-20 09:28:38 +0000: Memory Usage (137592K) : recog_pcm has 0 polygons
2026-08-20 09:28:38 +0000: Memory Usage (137592K) : colopen_drw has 0 polygons
2026-08-20 09:28:38 +0000: Memory Usage (137592K) : graphmetal1_drw has 0 polygons
2026-08-20 09:28:38 +0000: Memory Usage (137592K) : graphmetal1_filler has 0 polygons
2026-08-20 09:28:38 +0000: Memory Usage (137720K) : graphmetal1_nofill has 0 polygons
2026-08-20 09:28:38 +0000: Memory Usage (137720K) : graphmetal1_slit has 0 polygons
2026-08-20 09:28:38 +0000: Memory Usage (137720K) : graphmetal1_OPC has 0 polygons
2026-08-20 09:28:38 +0000: Memory Usage (137720K) : graphmet1l_drw has 0 polygons
2026-08-20 09:28:38 +0000: Memory Usage (137848K) : graphmet1l_filler has 0 polygons
2026-08-20 09:28:38 +0000: Memory Usage (137848K) : graphmet1l_nofill has 0 polygons
2026-08-20 09:28:38 +0000: Memory Usage (137848K) : graphmet1l_slit has 0 polygons
2026-08-20 09:28:38 +0000: Memory Usage (137848K) : graphmet1l_OPC has 0 polygons
2026-08-20 09:28:38 +0000: Memory Usage (137976K) : extblock_drw has 12 polygons
2026-08-20 09:28:38 +0000: Memory Usage (137976K) : nldd_drw has 0 polygons
2026-08-20 09:28:38 +0000: Memory Usage (137976K) : pldd_drw has 0 polygons
2026-08-20 09:28:38 +0000: Memory Usage (137976K) : next_drw has 0 polygons
2026-08-20 09:28:38 +0000: Memory Usage (137976K) : pext_drw has 0 polygons
2026-08-20 09:28:38 +0000: Memory Usage (138104K) : nexthv_drw has 0 polygons
2026-08-20 09:28:38 +0000: Memory Usage (138104K) : pexthv_drw has 0 polygons
2026-08-20 09:28:38 +0000: Memory Usage (138104K) : graphgate_drw has 0 polygons
2026-08-20 09:28:38 +0000: Memory Usage (138104K) : sinwg_drw has 0 polygons
2026-08-20 09:28:38 +0000: Memory Usage (138104K) : sinwg_filler has 0 polygons
2026-08-20 09:28:38 +0000: Memory Usage (138104K) : sinwg_nofill has 0 polygons
2026-08-20 09:28:38 +0000: Memory Usage (138232K) : mempad_drw has 0 polygons
2026-08-20 09:28:38 +0000: Memory Usage (138232K) : topvia1_drw has 487 polygons
2026-08-20 09:28:38 +0000: Memory Usage (138232K) : topmetal1_drw has 36 polygons
2026-08-20 09:28:38 +0000: Memory Usage (138232K) : topmetal1_filler has 0 polygons
2026-08-20 09:28:38 +0000: Memory Usage (138232K) : topmetal1_slit has 0 polygons
2026-08-20 09:28:38 +0000: Memory Usage (138360K) : topmetal1 has 36 polygons
2026-08-20 09:28:38 +0000: Memory Usage (138360K) : topmetal1_pin has 0 polygons
2026-08-20 09:28:38 +0000: Memory Usage (138360K) : topmetal1_mask has 0 polygons
2026-08-20 09:28:38 +0000: Memory Usage (138360K) : topmetal1_nofill has 0 polygons
2026-08-20 09:28:38 +0000: Memory Usage (138360K) : topmetal1_text has 0 polygons
2026-08-20 09:28:38 +0000: Memory Usage (138488K) : topmetal1_noqrc has 0 polygons
2026-08-20 09:28:38 +0000: Memory Usage (138488K) : topmetal1_res has 0 polygons
2026-08-20 09:28:38 +0000: Memory Usage (138488K) : topmetal1_iprobe has 0 polygons
2026-08-20 09:28:38 +0000: Memory Usage (138488K) : topmetal1_diffprb has 0 polygons
2026-08-20 09:28:38 +0000: Memory Usage (138616K) : inldpwl_drw has 0 polygons
2026-08-20 09:28:38 +0000: Memory Usage (138616K) : polyres_drw has 4 polygons
2026-08-20 09:28:38 +0000: Memory Usage (138616K) : polyres_pin has 0 polygons
2026-08-20 09:28:38 +0000: Memory Usage (138616K) : vmim_drw has 225 polygons
2026-08-20 09:28:38 +0000: Memory Usage (138744K) : nbulaycut_drw has 0 polygons
2026-08-20 09:28:38 +0000: Memory Usage (138744K) : antmetal1_drw has 0 polygons
2026-08-20 09:28:38 +0000: Memory Usage (138872K) : topvia2_drw has 210 polygons
2026-08-20 09:28:38 +0000: Memory Usage (138872K) : topmetal2_drw has 24 polygons
2026-08-20 09:28:38 +0000: Memory Usage (138872K) : topmetal2_filler has 0 polygons
2026-08-20 09:28:38 +0000: Memory Usage (138872K) : topmetal2_slit has 0 polygons
2026-08-20 09:28:38 +0000: Memory Usage (139000K) : topmetal2 has 24 polygons
2026-08-20 09:28:38 +0000: Memory Usage (139000K) : topmetal2_pin has 0 polygons
2026-08-20 09:28:38 +0000: Memory Usage (139000K) : topmetal2_mask has 0 polygons
2026-08-20 09:28:38 +0000: Memory Usage (139000K) : topmetal2_nofill has 0 polygons
2026-08-20 09:28:38 +0000: Memory Usage (139128K) : topmetal2_text has 4 polygons
2026-08-20 09:28:38 +0000: Memory Usage (139128K) : topmetal2_noqrc has 0 polygons
2026-08-20 09:28:38 +0000: Memory Usage (139128K) : topmetal2_res has 0 polygons
2026-08-20 09:28:38 +0000: Memory Usage (139128K) : topmetal2_iprobe has 0 polygons
2026-08-20 09:28:38 +0000: Memory Usage (139256K) : topmetal2_diffprb has 0 polygons
2026-08-20 09:28:38 +0000: Memory Usage (139256K) : snsring_drw has 0 polygons
2026-08-20 09:28:38 +0000: Memory Usage (139256K) : sensor_drw has 0 polygons
2026-08-20 09:28:38 +0000: Memory Usage (139384K) : snsarms_drw has 0 polygons
2026-08-20 09:28:38 +0000: Memory Usage (139384K) : snscmosvia_drw has 0 polygons
2026-08-20 09:28:38 +0000: Memory Usage (139384K) : colwind_drw has 0 polygons
2026-08-20 09:28:38 +0000: Memory Usage (139512K) : flm_drw has 0 polygons
2026-08-20 09:28:38 +0000: Memory Usage (139512K) : hafniumox_drw has 0 polygons
2026-08-20 09:28:38 +0000: Memory Usage (139640K) : memvia_drw has 0 polygons
2026-08-20 09:28:38 +0000: Memory Usage (139640K) : thinfilmres_drw has 0 polygons
2026-08-20 09:28:38 +0000: Memory Usage (139640K) : rfmem_drw has 0 polygons
2026-08-20 09:28:38 +0000: Memory Usage (139640K) : norcx_drw has 0 polygons
2026-08-20 09:28:38 +0000: Memory Usage (139640K) : norcx_m2m3 has 0 polygons
2026-08-20 09:28:38 +0000: Memory Usage (139640K) : norcx_m2m4 has 0 polygons
2026-08-20 09:28:38 +0000: Memory Usage (139640K) : norcx_m2m5 has 0 polygons
2026-08-20 09:28:38 +0000: Memory Usage (139640K) : norcx_m2tm1 has 0 polygons
2026-08-20 09:28:38 +0000: Memory Usage (139640K) : norcx_m2tm2 has 0 polygons
2026-08-20 09:28:38 +0000: Memory Usage (139640K) : norcx_m3m4 has 0 polygons
2026-08-20 09:28:38 +0000: Memory Usage (139640K) : norcx_m3m5 has 0 polygons
2026-08-20 09:28:38 +0000: Memory Usage (139640K) : norcx_m3tm1 has 0 polygons
2026-08-20 09:28:38 +0000: Memory Usage (139640K) : norcx_m3tm2 has 0 polygons
2026-08-20 09:28:38 +0000: Memory Usage (139640K) : norcx_m4m5 has 0 polygons
2026-08-20 09:28:38 +0000: Memory Usage (139640K) : norcx_m4tm1 has 0 polygons
2026-08-20 09:28:38 +0000: Memory Usage (139640K) : norcx_m4tm2 has 0 polygons
2026-08-20 09:28:38 +0000: Memory Usage (139640K) : norcx_m5tm1 has 0 polygons
2026-08-20 09:28:38 +0000: Memory Usage (139640K) : norcx_m5tm2 has 0 polygons
2026-08-20 09:28:38 +0000: Memory Usage (139640K) : norcx_tm1tm2 has 0 polygons
2026-08-20 09:28:38 +0000: Memory Usage (139640K) : norcx_m1sub has 0 polygons
2026-08-20 09:28:38 +0000: Memory Usage (139640K) : norcx_m2sub has 0 polygons
2026-08-20 09:28:38 +0000: Memory Usage (139640K) : norcx_m3sub has 0 polygons
2026-08-20 09:28:38 +0000: Memory Usage (139640K) : norcx_m4sub has 0 polygons
2026-08-20 09:28:38 +0000: Memory Usage (139640K) : norcx_m5sub has 0 polygons
2026-08-20 09:28:38 +0000: Memory Usage (139640K) : norcx_tm1sub has 0 polygons
2026-08-20 09:28:38 +0000: Memory Usage (139640K) : norcx_tm2sub has 0 polygons
2026-08-20 09:28:38 +0000: Memory Usage (139640K) : snsbotvia_drw has 0 polygons
2026-08-20 09:28:38 +0000: Memory Usage (139640K) : snstopvia_drw has 0 polygons
2026-08-20 09:28:38 +0000: Memory Usage (139640K) : deepvia_drw has 0 polygons
2026-08-20 09:28:38 +0000: Memory Usage (139640K) : fgetch_drw has 0 polygons
2026-08-20 09:28:38 +0000: Memory Usage (139640K) : ctrgat_drw has 0 polygons
2026-08-20 09:28:38 +0000: Memory Usage (139640K) : fgimp_drw has 0 polygons
2026-08-20 09:28:38 +0000: Memory Usage (139640K) : emwihv_drw has 0 polygons
2026-08-20 09:28:38 +0000: Memory Usage (139640K) : lbe_drw has 0 polygons
2026-08-20 09:28:38 +0000: Memory Usage (139640K) : alcustop_drw has 0 polygons
2026-08-20 09:28:38 +0000: Memory Usage (139640K) : nometfiller_drw has 0 polygons
2026-08-20 09:28:38 +0000: Memory Usage (139640K) : prboundary_drw has 0 polygons
2026-08-20 09:28:38 +0000: Memory Usage (139640K) : exchange0_drw has 0 polygons
2026-08-20 09:28:38 +0000: Memory Usage (139640K) : exchange0_pin has 0 polygons
2026-08-20 09:28:38 +0000: Memory Usage (139640K) : exchange0_text has 0 polygons
2026-08-20 09:28:38 +0000: Memory Usage (139640K) : exchange1_drw has 0 polygons
2026-08-20 09:28:38 +0000: Memory Usage (139640K) : exchange1_pin has 0 polygons
2026-08-20 09:28:38 +0000: Memory Usage (139640K) : exchange1_text has 0 polygons
2026-08-20 09:28:38 +0000: Memory Usage (139640K) : exchange2_drw has 0 polygons
2026-08-20 09:28:38 +0000: Memory Usage (139640K) : exchange2_pin has 0 polygons
2026-08-20 09:28:38 +0000: Memory Usage (139640K) : exchange2_text has 0 polygons
2026-08-20 09:28:38 +0000: Memory Usage (139640K) : exchange3_drw has 0 polygons
2026-08-20 09:28:38 +0000: Memory Usage (139640K) : exchange3_pin has 0 polygons
2026-08-20 09:28:38 +0000: Memory Usage (139640K) : exchange3_text has 0 polygons
2026-08-20 09:28:38 +0000: Memory Usage (139640K) : exchange4_drw has 0 polygons
2026-08-20 09:28:38 +0000: Memory Usage (139640K) : exchange4_pin has 0 polygons
2026-08-20 09:28:38 +0000: Memory Usage (139640K) : exchange4_text has 0 polygons
2026-08-20 09:28:38 +0000: Memory Usage (139640K) : isonwell_drw has 0 polygons
2026-08-20 09:28:38 +0000: Memory Usage (139640K) : Total no. of polygons in the design is 13174
2026-08-20 09:28:38 +0000: Memory Usage (139640K) : Starting base layers derivations
2026-08-20 09:28:38 +0000: Memory Usage (139640K) : Starting general LVS derivations
2026-08-20 09:28:38 +0000: Memory Usage (143352K) : Starting MOSFET DERIVATIONS
2026-08-20 09:28:38 +0000: Memory Usage (144120K) : Starting NMOS DERIVATIONS
2026-08-20 09:28:38 +0000: Memory Usage (144120K) : Starting PMOS DERIVATIONS
2026-08-20 09:28:38 +0000: Memory Usage (144120K) : Starting RF-MOSFET DERIVATIONS
2026-08-20 09:28:38 +0000: Memory Usage (144120K) : Starting RF-NMOS DERIVATIONS
2026-08-20 09:28:38 +0000: Memory Usage (144120K) : Starting RF-PMOS DERIVATIONS
2026-08-20 09:28:38 +0000: Memory Usage (144120K) : Starting BJT DERIVATIONS
2026-08-20 09:28:38 +0000: Memory Usage (144120K) : Starting NPN-BJT DERIVATIONS
2026-08-20 09:28:38 +0000: Memory Usage (144120K) : Starting PNP-BJT DERIVATIONS
2026-08-20 09:28:38 +0000: Memory Usage (144120K) : Starting DIODE DERIVATIONS
2026-08-20 09:28:38 +0000: Memory Usage (144120K) : Starting RESISTOR DERIVATIONS
2026-08-20 09:28:38 +0000: Memory Usage (144248K) : Starting CAP DERIVATIONS
2026-08-20 09:28:38 +0000: Memory Usage (144248K) : Starting CAP_CMOM DERIVATIONS
2026-08-20 09:28:38 +0000: Memory Usage (144248K) : Starting CAP_CMOMF DERIVATIONS
2026-08-20 09:28:38 +0000: Memory Usage (144248K) : Starting ESD DERIVATIONS
2026-08-20 09:28:39 +0000: Memory Usage (144632K) : Starting Inductor DERIVATIONS
2026-08-20 09:28:39 +0000: Memory Usage (144632K) : Starting Taps DERIVATIONS
2026-08-20 09:28:39 +0000: Memory Usage (144632K) : Starting SG13G2 LVS connectivity setup
2026-08-20 09:28:39 +0000: Memory Usage (144632K) : Starting SG13G2 LVS connectivity setup (Inter-layer)
2026-08-20 09:28:39 +0000: Memory Usage (144796K) : Starting SG13G2 LVS connectivity setup (Global)
2026-08-20 09:28:39 +0000: Memory Usage (144796K) : Starting LVS MOSFET CONNECTIONS
2026-08-20 09:28:39 +0000: Memory Usage (144796K) : Starting LVS RF-MOSFET CONNECTIONS
2026-08-20 09:28:39 +0000: Memory Usage (144796K) : Starting LVS BJT CONNECTIONS
2026-08-20 09:28:39 +0000: Memory Usage (144796K) : Starting LVS DIODE CONNECTIONS
2026-08-20 09:28:39 +0000: Memory Usage (144796K) : Starting RESISTOR CONNECTIONS
2026-08-20 09:28:39 +0000: Memory Usage (144796K) : Starting LVS CAP CONNECTIONS
2026-08-20 09:28:39 +0000: Memory Usage (144796K) : Starting CAP_CMOM CONNECTIONS
2026-08-20 09:28:39 +0000: Memory Usage (144796K) : Starting CAP_CMOMF CONNECTIONS
2026-08-20 09:28:39 +0000: Memory Usage (144796K) : Starting ESD CONNECTIONS
2026-08-20 09:28:39 +0000: Memory Usage (144796K) : Starting Inductor CONNECTIONS
2026-08-20 09:28:39 +0000: Memory Usage (144796K) : Starting LVS Taps CONNECTIONS
2026-08-20 09:28:39 +0000: Memory Usage (144796K) : Starting SG13G2 LVS DEVICES EXTRACTION
2026-08-20 09:28:39 +0000: Memory Usage (144796K) : Starting MOSFET EXTRACTION
2026-08-20 09:28:39 +0000: Memory Usage (144796K) : Starting NMOS EXTRACTION
2026-08-20 09:28:39 +0000: Memory Usage (144796K) : Extraction of NMOS-LV transistor
2026-08-20 09:28:39 +0000: Memory Usage (144924K) : Extraction of NMOS-HV transistor
2026-08-20 09:28:39 +0000: Memory Usage (144924K) : Starting PMOS EXTRACTION
2026-08-20 09:28:39 +0000: Memory Usage (144924K) : Extraction of PMOS-LV transistor
2026-08-20 09:28:39 +0000: Memory Usage (144924K) : Extraction of PMOS-HV transistor
2026-08-20 09:28:39 +0000: Memory Usage (144924K) : Starting RF-MOSFET EXTRACTION
2026-08-20 09:28:39 +0000: Memory Usage (144924K) : Extraction of RF-NMOS-LV transistor
2026-08-20 09:28:39 +0000: Memory Usage (144924K) : Extraction of RF-NMOS-HV transistor
2026-08-20 09:28:39 +0000: Memory Usage (144924K) : Extraction of RF-PMOS-LV transistor
2026-08-20 09:28:39 +0000: Memory Usage (144924K) : Extraction of RF-PMOS-HV transistor
2026-08-20 09:28:39 +0000: Memory Usage (144924K) : Starting BJT EXTRACTION
2026-08-20 09:28:39 +0000: Memory Usage (144924K) : Starting NPN-BJT EXTRACTION
2026-08-20 09:28:39 +0000: Memory Usage (144924K) : Extraction of npn13G2 BJT transistor
2026-08-20 09:28:39 +0000: Memory Usage (144924K) : Extraction of npn13G2L BJT transistor
2026-08-20 09:28:39 +0000: Memory Usage (144924K) : Extraction of npn13G2V BJT transistor
2026-08-20 09:28:39 +0000: Memory Usage (144924K) : Starting PNP-BJT EXTRACTION
2026-08-20 09:28:39 +0000: Memory Usage (144924K) : Extracting pnpMPA BJT
2026-08-20 09:28:39 +0000: Memory Usage (144924K) : Starting DIODE EXTRACTION
2026-08-20 09:28:39 +0000: Memory Usage (144924K) : Extracting dantenna diode
2026-08-20 09:28:39 +0000: Memory Usage (144924K) : Extracting dpantenna diode
2026-08-20 09:28:39 +0000: Memory Usage (144924K) : Extracting schottky_nbl1 diode
2026-08-20 09:28:39 +0000: Memory Usage (144924K) : Extracting isolbox diode
2026-08-20 09:28:39 +0000: Memory Usage (144924K) : Starting RESISTOR EXTRACTION
2026-08-20 09:28:39 +0000: Memory Usage (144924K) : Extracting rsil resistor
2026-08-20 09:28:39 +0000: Memory Usage (145052K) : Extracting rppd resistor
2026-08-20 09:28:39 +0000: Memory Usage (145052K) : Extracting rhigh resistor
2026-08-20 09:28:39 +0000: Memory Usage (145052K) : Extracting res_metal1 resistor
2026-08-20 09:28:39 +0000: Memory Usage (145052K) : Extracting res_metal2 resistor
2026-08-20 09:28:39 +0000: Memory Usage (145052K) : Extracting res_metal3 resistor
2026-08-20 09:28:39 +0000: Memory Usage (145052K) : Extracting res_metal4 resistor
2026-08-20 09:28:39 +0000: Memory Usage (145052K) : Extracting res_metal5 resistor
2026-08-20 09:28:39 +0000: Memory Usage (145052K) : Extracting res_topmetal1 resistor
2026-08-20 09:28:39 +0000: Memory Usage (145052K) : Extracting res_topmetal2 resistor
2026-08-20 09:28:39 +0000: Memory Usage (145052K) : Starting CAP EXTRACTION
2026-08-20 09:28:39 +0000: Memory Usage (145052K) : Extracting cap_cmim device
2026-08-20 09:28:39 +0000: Memory Usage (145052K) : Extracting rfcmim device
2026-08-20 09:28:39 +0000: Memory Usage (145052K) : Extracting sg13_hv_svaricap varactor
2026-08-20 09:28:39 +0000: Memory Usage (145052K) : Extracting cap_cmomi device
2026-08-20 09:28:39 +0000: Memory Usage (145052K) : Extracting cap_cmomf device
2026-08-20 09:28:39 +0000: Memory Usage (145052K) : Extracting sg13_moscap_n capacitor
2026-08-20 09:28:39 +0000: Memory Usage (145052K) : Extracting sg13_moscap_p capacitor
2026-08-20 09:28:39 +0000: Memory Usage (145052K) : Starting ESD EXTRACTION
2026-08-20 09:28:39 +0000: Memory Usage (145052K) : Extracting diodevdd_2kv ESD device
2026-08-20 09:28:39 +0000: Memory Usage (145052K) : Extracting diodevdd_4kv ESD device
2026-08-20 09:28:39 +0000: Memory Usage (145052K) : Extracting diodevss_2kv ESD device
2026-08-20 09:28:39 +0000: Memory Usage (145052K) : Extracting diodevss_4kv ESD device
2026-08-20 09:28:39 +0000: Memory Usage (145052K) : Extracting idiodevdd_2kv ESD device
2026-08-20 09:28:39 +0000: Memory Usage (145052K) : Extracting idiodevdd_4kv ESD device
2026-08-20 09:28:39 +0000: Memory Usage (145052K) : Extracting idiodevss_2kv ESD device
2026-08-20 09:28:39 +0000: Memory Usage (145052K) : Extracting idiodevss_4kv ESD device
2026-08-20 09:28:39 +0000: Memory Usage (145052K) : Extracting nmoscl_2 ESD device
2026-08-20 09:28:39 +0000: Memory Usage (145052K) : Extracting nmoscl_4 ESD device
2026-08-20 09:28:39 +0000: Memory Usage (145052K) : Starting Inductor EXTRACTION
2026-08-20 09:28:39 +0000: Memory Usage (145052K) : Extracting Inductor2 device
2026-08-20 09:28:39 +0000: Memory Usage (145052K) : Extracting Inductor3 device
2026-08-20 09:28:39 +0000: Memory Usage (145052K) : Starting Taps EXTRACTION
2026-08-20 09:28:39 +0000: Memory Usage (145052K) : DISABLE_TAP_EXTRACTION is enabled: skipping ntap1/ptap1 device extraction.
2026-08-20 09:28:39 +0000: Memory Usage (145052K) : Starting SG13G2 LVS RF MOS Model Mapping
2026-08-20 09:28:39 +0000: Memory Usage (145180K) : [layout_netlist] Apply RF MOS model mapping and rfmode parameter.
2026-08-20 09:28:39 +0000: Memory Usage (145180K) : Starting SG13G2 LVS Options Preparations
2026-08-20 09:28:39 +0000: Memory Usage (145180K) : SG13G2 LVS flow: extraction -> alignment -> option preparation -> comparison.
2026-08-20 09:28:39 +0000: Memory Usage (145180K) : Starting SG13G2 LVS Alignment
2026-08-20 09:28:39 +0000: Memory Usage (145180K) : Starting SG13G2 LVS Simplification
2026-08-20 09:28:39 +0000: Memory Usage (145180K) : [layout_netlist] simplify: ENABLED
2026-08-20 09:28:39 +0000: Memory Usage (145180K) : [layout_netlist] make_top_level_pins: SKIPPED
2026-08-20 09:28:39 +0000: Memory Usage (145180K) : [layout_netlist] combine_devices: SKIPPED
2026-08-20 09:28:39 +0000: Memory Usage (145180K) : [layout_netlist] purge: SKIPPED
2026-08-20 09:28:39 +0000: Memory Usage (145180K) : [layout_netlist] purge_nets: SKIPPED
2026-08-20 09:28:39 +0000: Memory Usage (145180K) : [schematic_netlist] simplify: ENABLED
2026-08-20 09:28:39 +0000: Memory Usage (145180K) : [schematic_netlist] make_top_level_pins: SKIPPED
2026-08-20 09:28:39 +0000: Memory Usage (145180K) : [schematic_netlist] combine_devices: SKIPPED
2026-08-20 09:28:39 +0000: Memory Usage (145180K) : [schematic_netlist] purge: SKIPPED
2026-08-20 09:28:39 +0000: Memory Usage (145180K) : [schematic_netlist] purge_nets: SKIPPED
2026-08-20 09:28:39 +0000: Memory Usage (145180K) : Starting SG13G2 LVS Comparison
2026-08-20 09:28:39 +0000: Memory Usage (145308K) : xxxxxxxxxxxxxxxxxxxxxxxxxxxxxxxxxxxxxxxxxx
2026-08-20 09:28:39 +0000: Memory Usage (145308K) : ERROR : Netlists don't match
2026-08-20 09:28:39 +0000: Memory Usage (145308K) : xxxxxxxxxxxxxxxxxxxxxxxxxxxxxxxxxxxxxxxxxx
2026-08-20 09:28:39 +0000: Memory Usage (145308K) : LVS Total Run time 1.761397 seconds
2026-08-20 09:32:10 +0000: Memory Usage (129008K) : Starting running SG13G2 Klayout LVS runset on /workspace/layout/blocks/out/term_stage/_bisect/plus_ring.gds
2026-08-20 09:32:10 +0000: Memory Usage (129008K) : Ruby Version for klayout: 3.2.3
2026-08-20 09:32:10 +0000: Memory Usage (130280K) : Loading database to memory is complete.
2026-08-20 09:32:10 +0000: Memory Usage (130280K) : SG13G2 Klayout LVS runset output at: /workspace/layout/blocks/out/term_stage/_bisect/plus_ring/plus_ring.lvsdb
2026-08-20 09:32:10 +0000: Memory Usage (130280K) : Evaluate switches.
2026-08-20 09:32:10 +0000: Memory Usage (130280K) : Extracted netlist with net names: true
2026-08-20 09:32:10 +0000: Memory Usage (130280K) : Extracted netlist with comments in details: false
2026-08-20 09:32:10 +0000: Memory Usage (130280K) : Selected NET_ONLY option: false
2026-08-20 09:32:10 +0000: Memory Usage (130280K) : Selected LAYOUT_NETLIST option: (none)
2026-08-20 09:32:10 +0000: Memory Usage (130280K) : Selected IGNORE_TOP_PORTS_MISMATCH option: true
2026-08-20 09:32:10 +0000: Memory Usage (130280K) : Selected IMPLICIT_NETS option: sub,sub!
2026-08-20 09:32:10 +0000: Memory Usage (130280K) : Selected TOP_LVL_PINS option: false
2026-08-20 09:32:10 +0000: Memory Usage (130280K) : Selected COMBINE DEVICES option: false
2026-08-20 09:32:10 +0000: Memory Usage (130280K) : Selected PURGE option: false
2026-08-20 09:32:10 +0000: Memory Usage (130280K) : Selected PURGE_NETS option: false
2026-08-20 09:32:10 +0000: Memory Usage (130280K) : Selected SIMPLIFY option: true
2026-08-20 09:32:10 +0000: Memory Usage (130280K) : Selected SERIES_RES option: true
2026-08-20 09:32:10 +0000: Memory Usage (130280K) : Selected PARALLEL_RES option: true
2026-08-20 09:32:10 +0000: Memory Usage (130280K) : Selected DISABLE_TAP_EXTRACTION option: true
2026-08-20 09:32:10 +0000: Memory Usage (130280K) : deep  mode is enabled.
2026-08-20 09:32:10 +0000: Memory Usage (130280K) : Applying implicit connections (case-sensitive, pattern supported) for nets: sub, sub!
2026-08-20 09:32:10 +0000: Memory Usage (131504K) : Netlist file: /workspace/layout/blocks/out/term_stage/_bisect/plus_ring.cdl
2026-08-20 09:32:10 +0000: Memory Usage (131504K) : LVS extracted netlist at: /workspace/layout/blocks/out/term_stage/_bisect/plus_ring/plus_ring_extracted.cir
2026-08-20 09:32:10 +0000: Memory Usage (131504K) : Applying SRAM integration support.
2026-08-20 09:32:10 +0000: Memory Usage (131504K) : Starting SG13G2 LVS runset
2026-08-20 09:32:10 +0000: Memory Usage (131504K) : Read in polygons from layers.
2026-08-20 09:32:10 +0000: Memory Usage (132784K) : activ_drw has 130 polygons
2026-08-20 09:32:10 +0000: Memory Usage (132784K) : activ_filler has 0 polygons
2026-08-20 09:32:10 +0000: Memory Usage (132912K) : activ has 130 polygons
2026-08-20 09:32:10 +0000: Memory Usage (132912K) : activ_pin has 0 polygons
2026-08-20 09:32:10 +0000: Memory Usage (132912K) : activ_mask has 0 polygons
2026-08-20 09:32:10 +0000: Memory Usage (132912K) : activ_nofill has 0 polygons
2026-08-20 09:32:10 +0000: Memory Usage (132972K) : activ_OPC has 0 polygons
2026-08-20 09:32:10 +0000: Memory Usage (133484K) : activ_iOPC has 0 polygons
2026-08-20 09:32:10 +0000: Memory Usage (133484K) : activ_noqrc has 0 polygons
2026-08-20 09:32:10 +0000: Memory Usage (133484K) : biwind_drw has 0 polygons
2026-08-20 09:32:10 +0000: Memory Usage (133484K) : biwind_OPC has 0 polygons
2026-08-20 09:32:10 +0000: Memory Usage (133484K) : gatpoly_drw has 25 polygons
2026-08-20 09:32:10 +0000: Memory Usage (133484K) : gatpoly_filler has 0 polygons
2026-08-20 09:32:10 +0000: Memory Usage (133484K) : gatpoly has 25 polygons
2026-08-20 09:32:10 +0000: Memory Usage (133484K) : gatpoly_pin has 0 polygons
2026-08-20 09:32:10 +0000: Memory Usage (133484K) : gatpoly_nofill has 0 polygons
2026-08-20 09:32:10 +0000: Memory Usage (133484K) : gatpoly_OPC has 0 polygons
2026-08-20 09:32:10 +0000: Memory Usage (133484K) : gatpoly_iOPC has 0 polygons
2026-08-20 09:32:10 +0000: Memory Usage (133484K) : gatpoly_noqrc has 0 polygons
2026-08-20 09:32:10 +0000: Memory Usage (133484K) : cont_drw has 6147 polygons
2026-08-20 09:32:10 +0000: Memory Usage (133484K) : cont_OPC has 0 polygons
2026-08-20 09:32:10 +0000: Memory Usage (133484K) : nsd_drw has 0 polygons
2026-08-20 09:32:10 +0000: Memory Usage (133484K) : nsd_block has 0 polygons
2026-08-20 09:32:10 +0000: Memory Usage (133484K) : metal1_drw has 268 polygons
2026-08-20 09:32:10 +0000: Memory Usage (133484K) : metal1_filler has 0 polygons
2026-08-20 09:32:10 +0000: Memory Usage (133484K) : metal1_slit has 0 polygons
2026-08-20 09:32:10 +0000: Memory Usage (133740K) : metal1 has 268 polygons
2026-08-20 09:32:10 +0000: Memory Usage (133740K) : metal1_pin has 112 polygons
2026-08-20 09:32:10 +0000: Memory Usage (133868K) : metal1_mask has 0 polygons
2026-08-20 09:32:10 +0000: Memory Usage (133868K) : metal1_nofill has 0 polygons
2026-08-20 09:32:10 +0000: Memory Usage (133996K) : metal1_text has 4 polygons
2026-08-20 09:32:10 +0000: Memory Usage (134124K) : metal1_OPC has 0 polygons
2026-08-20 09:32:10 +0000: Memory Usage (134124K) : metal1_noqrc has 0 polygons
2026-08-20 09:32:10 +0000: Memory Usage (134124K) : metal1_res has 0 polygons
2026-08-20 09:32:10 +0000: Memory Usage (134252K) : metal1_iprobe has 0 polygons
2026-08-20 09:32:10 +0000: Memory Usage (134252K) : metal1_diffprb has 0 polygons
2026-08-20 09:32:10 +0000: Memory Usage (134252K) : passiv_drw has 2 polygons
2026-08-20 09:32:10 +0000: Memory Usage (134252K) : passiv_pin has 0 polygons
2026-08-20 09:32:10 +0000: Memory Usage (134380K) : passiv_sbump has 0 polygons
2026-08-20 09:32:10 +0000: Memory Usage (134380K) : passiv_pillar has 0 polygons
2026-08-20 09:32:10 +0000: Memory Usage (134380K) : passiv_pdl has 0 polygons
2026-08-20 09:32:10 +0000: Memory Usage (134380K) : metal2_drw has 69 polygons
2026-08-20 09:32:10 +0000: Memory Usage (134508K) : metal2_filler has 0 polygons
2026-08-20 09:32:10 +0000: Memory Usage (134508K) : metal2_slit has 0 polygons
2026-08-20 09:32:10 +0000: Memory Usage (134508K) : metal2 has 69 polygons
2026-08-20 09:32:10 +0000: Memory Usage (134636K) : metal2_pin has 8 polygons
2026-08-20 09:32:10 +0000: Memory Usage (134636K) : metal2_mask has 0 polygons
2026-08-20 09:32:10 +0000: Memory Usage (134636K) : metal2_nofill has 0 polygons
2026-08-20 09:32:10 +0000: Memory Usage (134636K) : metal2_text has 4 polygons
2026-08-20 09:32:10 +0000: Memory Usage (134636K) : metal2_OPC has 0 polygons
2026-08-20 09:32:10 +0000: Memory Usage (134764K) : metal2_noqrc has 0 polygons
2026-08-20 09:32:10 +0000: Memory Usage (134764K) : metal2_res has 0 polygons
2026-08-20 09:32:10 +0000: Memory Usage (134764K) : metal2_iprobe has 0 polygons
2026-08-20 09:32:10 +0000: Memory Usage (134892K) : metal2_diffprb has 0 polygons
2026-08-20 09:32:10 +0000: Memory Usage (134892K) : baspoly_drw has 0 polygons
2026-08-20 09:32:10 +0000: Memory Usage (134892K) : baspoly_pin has 0 polygons
2026-08-20 09:32:10 +0000: Memory Usage (134892K) : psd_drw has 119 polygons
2026-08-20 09:32:10 +0000: Memory Usage (134892K) : nldb_drw has 0 polygons
2026-08-20 09:32:10 +0000: Memory Usage (135020K) : digibnd_drw has 0 polygons
2026-08-20 09:32:10 +0000: Memory Usage (135020K) : via1_drw has 1907 polygons
2026-08-20 09:32:10 +0000: Memory Usage (135020K) : backmetal1_drw has 0 polygons
2026-08-20 09:32:10 +0000: Memory Usage (135148K) : backmetal1_pin has 0 polygons
2026-08-20 09:32:10 +0000: Memory Usage (135148K) : backmetal1_mask has 0 polygons
2026-08-20 09:32:10 +0000: Memory Usage (135148K) : backmetal1_filler has 0 polygons
2026-08-20 09:32:10 +0000: Memory Usage (135148K) : backmetal1_nofill has 0 polygons
2026-08-20 09:32:10 +0000: Memory Usage (135276K) : backmetal1_slit has 0 polygons
2026-08-20 09:32:10 +0000: Memory Usage (135276K) : backmetal1_text has 0 polygons
2026-08-20 09:32:10 +0000: Memory Usage (135276K) : backmetal1_OPC has 0 polygons
2026-08-20 09:32:10 +0000: Memory Usage (135276K) : backmetal1_noqrc has 0 polygons
2026-08-20 09:32:10 +0000: Memory Usage (135404K) : backmetal1_res has 0 polygons
2026-08-20 09:32:10 +0000: Memory Usage (135404K) : backmetal1_iprobe has 0 polygons
2026-08-20 09:32:10 +0000: Memory Usage (135404K) : backmetal1_diffprb has 0 polygons
2026-08-20 09:32:10 +0000: Memory Usage (135532K) : backpassiv_drw has 0 polygons
2026-08-20 09:32:10 +0000: Memory Usage (135532K) : res_drw has 2 polygons
2026-08-20 09:32:10 +0000: Memory Usage (135532K) : sram_drw has 0 polygons
2026-08-20 09:32:10 +0000: Memory Usage (135532K) : trans_drw has 0 polygons
2026-08-20 09:32:10 +0000: Memory Usage (135660K) : ind_drw has 0 polygons
2026-08-20 09:32:10 +0000: Memory Usage (135660K) : ind_pin has 0 polygons
2026-08-20 09:32:10 +0000: Memory Usage (135660K) : ind_text has 0 polygons
2026-08-20 09:32:10 +0000: Memory Usage (135660K) : salblock_drw has 14 polygons
2026-08-20 09:32:10 +0000: Memory Usage (135660K) : via2_drw has 850 polygons
2026-08-20 09:32:10 +0000: Memory Usage (135660K) : metal3_drw has 61 polygons
2026-08-20 09:32:10 +0000: Memory Usage (135660K) : metal3_filler has 0 polygons
2026-08-20 09:32:10 +0000: Memory Usage (135788K) : metal3_slit has 0 polygons
2026-08-20 09:32:10 +0000: Memory Usage (135788K) : metal3 has 61 polygons
2026-08-20 09:32:10 +0000: Memory Usage (135788K) : metal3_pin has 2 polygons
2026-08-20 09:32:10 +0000: Memory Usage (135788K) : metal3_mask has 0 polygons
2026-08-20 09:32:10 +0000: Memory Usage (135788K) : metal3_nofill has 0 polygons
2026-08-20 09:32:10 +0000: Memory Usage (135788K) : metal3_text has 0 polygons
2026-08-20 09:32:10 +0000: Memory Usage (135916K) : metal3_OPC has 0 polygons
2026-08-20 09:32:10 +0000: Memory Usage (135916K) : metal3_noqrc has 0 polygons
2026-08-20 09:32:10 +0000: Memory Usage (135916K) : metal3_res has 0 polygons
2026-08-20 09:32:10 +0000: Memory Usage (135916K) : metal3_iprobe has 0 polygons
2026-08-20 09:32:10 +0000: Memory Usage (135916K) : metal3_diffprb has 0 polygons
2026-08-20 09:32:10 +0000: Memory Usage (136044K) : nwell_drw has 14 polygons
2026-08-20 09:32:10 +0000: Memory Usage (136044K) : nwell_pin has 0 polygons
2026-08-20 09:32:10 +0000: Memory Usage (136044K) : nwell_text has 0 polygons
2026-08-20 09:32:10 +0000: Memory Usage (136044K) : nbulay_drw has 1 polygons
2026-08-20 09:32:10 +0000: Memory Usage (136044K) : nbulay_pin has 0 polygons
2026-08-20 09:32:10 +0000: Memory Usage (136044K) : nbulay_block has 0 polygons
2026-08-20 09:32:10 +0000: Memory Usage (136172K) : emwind_drw has 0 polygons
2026-08-20 09:32:10 +0000: Memory Usage (136172K) : emwind_OPC has 0 polygons
2026-08-20 09:32:10 +0000: Memory Usage (136172K) : deepco_drw has 0 polygons
2026-08-20 09:32:10 +0000: Memory Usage (136172K) : mim_drw has 1 polygons
2026-08-20 09:32:10 +0000: Memory Usage (136172K) : edgeseal_drw has 0 polygons
2026-08-20 09:32:10 +0000: Memory Usage (136172K) : substrate_drw has 100 polygons
2026-08-20 09:32:10 +0000: Memory Usage (136300K) : substrate_text has 0 polygons
2026-08-20 09:32:10 +0000: Memory Usage (136300K) : dfpad_drw has 2 polygons
2026-08-20 09:32:10 +0000: Memory Usage (136300K) : dfpad_pillar has 0 polygons
2026-08-20 09:32:10 +0000: Memory Usage (136300K) : dfpad_sbump has 0 polygons
2026-08-20 09:32:10 +0000: Memory Usage (136300K) : thickgateox_drw has 1 polygons
2026-08-20 09:32:10 +0000: Memory Usage (136428K) : pldb_drw has 0 polygons
2026-08-20 09:32:10 +0000: Memory Usage (136428K) : pwell_drw has 0 polygons
2026-08-20 09:32:10 +0000: Memory Usage (136428K) : pwell_pin has 0 polygons
2026-08-20 09:32:10 +0000: Memory Usage (136428K) : pwell_block has 0 polygons
2026-08-20 09:32:10 +0000: Memory Usage (136556K) : ic_drw has 0 polygons
2026-08-20 09:32:10 +0000: Memory Usage (136556K) : via3_drw has 1058 polygons
2026-08-20 09:32:10 +0000: Memory Usage (136556K) : metal4_drw has 30 polygons
2026-08-20 09:32:10 +0000: Memory Usage (136556K) : metal4_filler has 0 polygons
2026-08-20 09:32:10 +0000: Memory Usage (136556K) : metal4_slit has 0 polygons
2026-08-20 09:32:10 +0000: Memory Usage (136684K) : metal4 has 30 polygons
2026-08-20 09:32:10 +0000: Memory Usage (136684K) : metal4_pin has 0 polygons
2026-08-20 09:32:10 +0000: Memory Usage (136684K) : metal4_mask has 0 polygons
2026-08-20 09:32:10 +0000: Memory Usage (136684K) : metal4_nofill has 0 polygons
2026-08-20 09:32:10 +0000: Memory Usage (136684K) : metal4_text has 4 polygons
2026-08-20 09:32:10 +0000: Memory Usage (136684K) : metal4_OPC has 0 polygons
2026-08-20 09:32:10 +0000: Memory Usage (136684K) : metal4_noqrc has 0 polygons
2026-08-20 09:32:10 +0000: Memory Usage (136812K) : metal4_res has 0 polygons
2026-08-20 09:32:10 +0000: Memory Usage (136812K) : metal4_iprobe has 0 polygons
2026-08-20 09:32:10 +0000: Memory Usage (136812K) : metal4_diffprb has 0 polygons
2026-08-20 09:32:10 +0000: Memory Usage (136812K) : heattrans_drw has 0 polygons
2026-08-20 09:32:10 +0000: Memory Usage (136812K) : heatres_drw has 4 polygons
2026-08-20 09:32:10 +0000: Memory Usage (136940K) : fbe_drw has 0 polygons
2026-08-20 09:32:10 +0000: Memory Usage (136940K) : empoly_drw has 0 polygons
2026-08-20 09:32:10 +0000: Memory Usage (136940K) : digisub_drw has 0 polygons
2026-08-20 09:32:10 +0000: Memory Usage (136940K) : text_drw has 126 polygons
2026-08-20 09:32:10 +0000: Memory Usage (136940K) : via4_drw has 1050 polygons
2026-08-20 09:32:10 +0000: Memory Usage (136940K) : metal5_drw has 51 polygons
2026-08-20 09:32:10 +0000: Memory Usage (137068K) : metal5_filler has 0 polygons
2026-08-20 09:32:10 +0000: Memory Usage (137068K) : metal5_slit has 0 polygons
2026-08-20 09:32:10 +0000: Memory Usage (137068K) : metal5 has 51 polygons
2026-08-20 09:32:10 +0000: Memory Usage (137068K) : metal5_pin has 0 polygons
2026-08-20 09:32:10 +0000: Memory Usage (137068K) : metal5_mask has 0 polygons
2026-08-20 09:32:10 +0000: Memory Usage (137068K) : metal5_nofill has 0 polygons
2026-08-20 09:32:10 +0000: Memory Usage (137196K) : metal5_text has 0 polygons
2026-08-20 09:32:10 +0000: Memory Usage (137196K) : metal5_OPC has 0 polygons
2026-08-20 09:32:10 +0000: Memory Usage (137196K) : metal5_noqrc has 0 polygons
2026-08-20 09:32:10 +0000: Memory Usage (137196K) : metal5_res has 0 polygons
2026-08-20 09:32:10 +0000: Memory Usage (137196K) : metal5_iprobe has 0 polygons
2026-08-20 09:32:10 +0000: Memory Usage (137196K) : metal5_diffprb has 0 polygons
2026-08-20 09:32:10 +0000: Memory Usage (137324K) : radhard_drw has 0 polygons
2026-08-20 09:32:10 +0000: Memory Usage (137324K) : memcap_drw has 0 polygons
2026-08-20 09:32:10 +0000: Memory Usage (137324K) : varicap_drw has 0 polygons
2026-08-20 09:32:10 +0000: Memory Usage (137324K) : intbondvia_drw has 0 polygons
2026-08-20 09:32:10 +0000: Memory Usage (137324K) : intbondmet_drw has 0 polygons
2026-08-20 09:32:10 +0000: Memory Usage (137324K) : devbondvia_drw has 0 polygons
2026-08-20 09:32:10 +0000: Memory Usage (137452K) : devbondmet_drw has 0 polygons
2026-08-20 09:32:10 +0000: Memory Usage (137452K) : devtrench_drw has 0 polygons
2026-08-20 09:32:10 +0000: Memory Usage (137452K) : redist_drw has 0 polygons
2026-08-20 09:32:10 +0000: Memory Usage (137452K) : graphbot_drw has 0 polygons
2026-08-20 09:32:10 +0000: Memory Usage (137580K) : graphtop_drw has 0 polygons
2026-08-20 09:32:10 +0000: Memory Usage (137580K) : antvia1_drw has 0 polygons
2026-08-20 09:32:10 +0000: Memory Usage (137580K) : antmetal2_drw has 0 polygons
2026-08-20 09:32:10 +0000: Memory Usage (137580K) : graphcont_drw has 0 polygons
2026-08-20 09:32:10 +0000: Memory Usage (137580K) : siwg_drw has 0 polygons
2026-08-20 09:32:10 +0000: Memory Usage (137580K) : siwg_filler has 0 polygons
2026-08-20 09:32:10 +0000: Memory Usage (137708K) : siwg_nofill has 0 polygons
2026-08-20 09:32:10 +0000: Memory Usage (137708K) : sigrating_drw has 0 polygons
2026-08-20 09:32:10 +0000: Memory Usage (137708K) : singrating_drw has 0 polygons
2026-08-20 09:32:10 +0000: Memory Usage (137708K) : graphpas_drw has 0 polygons
2026-08-20 09:32:10 +0000: Memory Usage (137708K) : emwind3_drw has 0 polygons
2026-08-20 09:32:10 +0000: Memory Usage (137708K) : emwihv3_drw has 0 polygons
2026-08-20 09:32:10 +0000: Memory Usage (137836K) : redbulay_drw has 0 polygons
2026-08-20 09:32:10 +0000: Memory Usage (137836K) : smos_drw has 0 polygons
2026-08-20 09:32:10 +0000: Memory Usage (137836K) : graphpad_drw has 0 polygons
2026-08-20 09:32:10 +0000: Memory Usage (137836K) : polimide_drw has 0 polygons
2026-08-20 09:32:10 +0000: Memory Usage (137836K) : polimide_pin has 0 polygons
2026-08-20 09:32:10 +0000: Memory Usage (137836K) : recog_drw has 1 polygons
2026-08-20 09:32:10 +0000: Memory Usage (137964K) : recog_pin has 0 polygons
2026-08-20 09:32:10 +0000: Memory Usage (137964K) : recog_esd has 5 polygons
2026-08-20 09:32:10 +0000: Memory Usage (137964K) : recog_diode has 0 polygons
2026-08-20 09:32:10 +0000: Memory Usage (137964K) : recog_tsv has 0 polygons
2026-08-20 09:32:10 +0000: Memory Usage (137964K) : recog_iprobe has 0 polygons
2026-08-20 09:32:10 +0000: Memory Usage (138092K) : recog_diffprb has 0 polygons
2026-08-20 09:32:10 +0000: Memory Usage (138092K) : recog_pillar has 0 polygons
2026-08-20 09:32:10 +0000: Memory Usage (138092K) : recog_sbump has 0 polygons
2026-08-20 09:32:10 +0000: Memory Usage (138092K) : recog_otp has 0 polygons
2026-08-20 09:32:10 +0000: Memory Usage (138220K) : recog_pdiode has 0 polygons
2026-08-20 09:32:10 +0000: Memory Usage (138220K) : recog_mom has 0 polygons
2026-08-20 09:32:10 +0000: Memory Usage (138220K) : recog_momf has 0 polygons
2026-08-20 09:32:10 +0000: Memory Usage (138220K) : recog_pcm has 0 polygons
2026-08-20 09:32:10 +0000: Memory Usage (138348K) : colopen_drw has 0 polygons
2026-08-20 09:32:10 +0000: Memory Usage (138348K) : graphmetal1_drw has 0 polygons
2026-08-20 09:32:10 +0000: Memory Usage (138348K) : graphmetal1_filler has 0 polygons
2026-08-20 09:32:10 +0000: Memory Usage (138348K) : graphmetal1_nofill has 0 polygons
2026-08-20 09:32:10 +0000: Memory Usage (138476K) : graphmetal1_slit has 0 polygons
2026-08-20 09:32:10 +0000: Memory Usage (138476K) : graphmetal1_OPC has 0 polygons
2026-08-20 09:32:10 +0000: Memory Usage (138476K) : graphmet1l_drw has 0 polygons
2026-08-20 09:32:10 +0000: Memory Usage (138476K) : graphmet1l_filler has 0 polygons
2026-08-20 09:32:10 +0000: Memory Usage (138604K) : graphmet1l_nofill has 0 polygons
2026-08-20 09:32:10 +0000: Memory Usage (138604K) : graphmet1l_slit has 0 polygons
2026-08-20 09:32:10 +0000: Memory Usage (138604K) : graphmet1l_OPC has 0 polygons
2026-08-20 09:32:10 +0000: Memory Usage (138604K) : extblock_drw has 12 polygons
2026-08-20 09:32:10 +0000: Memory Usage (138732K) : nldd_drw has 0 polygons
2026-08-20 09:32:10 +0000: Memory Usage (138732K) : pldd_drw has 0 polygons
2026-08-20 09:32:10 +0000: Memory Usage (138732K) : next_drw has 0 polygons
2026-08-20 09:32:10 +0000: Memory Usage (138732K) : pext_drw has 0 polygons
2026-08-20 09:32:10 +0000: Memory Usage (138860K) : nexthv_drw has 0 polygons
2026-08-20 09:32:10 +0000: Memory Usage (138860K) : pexthv_drw has 0 polygons
2026-08-20 09:32:10 +0000: Memory Usage (138860K) : graphgate_drw has 0 polygons
2026-08-20 09:32:10 +0000: Memory Usage (138860K) : sinwg_drw has 0 polygons
2026-08-20 09:32:10 +0000: Memory Usage (138988K) : sinwg_filler has 0 polygons
2026-08-20 09:32:10 +0000: Memory Usage (138988K) : sinwg_nofill has 0 polygons
2026-08-20 09:32:10 +0000: Memory Usage (138988K) : mempad_drw has 0 polygons
2026-08-20 09:32:10 +0000: Memory Usage (138988K) : topvia1_drw has 487 polygons
2026-08-20 09:32:10 +0000: Memory Usage (139116K) : topmetal1_drw has 36 polygons
2026-08-20 09:32:10 +0000: Memory Usage (139116K) : topmetal1_filler has 0 polygons
2026-08-20 09:32:10 +0000: Memory Usage (139116K) : topmetal1_slit has 0 polygons
2026-08-20 09:32:10 +0000: Memory Usage (139244K) : topmetal1 has 36 polygons
2026-08-20 09:32:10 +0000: Memory Usage (139244K) : topmetal1_pin has 0 polygons
2026-08-20 09:32:10 +0000: Memory Usage (139244K) : topmetal1_mask has 0 polygons
2026-08-20 09:32:10 +0000: Memory Usage (139244K) : topmetal1_nofill has 0 polygons
2026-08-20 09:32:10 +0000: Memory Usage (139372K) : topmetal1_text has 0 polygons
2026-08-20 09:32:10 +0000: Memory Usage (139372K) : topmetal1_noqrc has 0 polygons
2026-08-20 09:32:10 +0000: Memory Usage (139372K) : topmetal1_res has 0 polygons
2026-08-20 09:32:10 +0000: Memory Usage (139500K) : topmetal1_iprobe has 0 polygons
2026-08-20 09:32:10 +0000: Memory Usage (139500K) : topmetal1_diffprb has 0 polygons
2026-08-20 09:32:10 +0000: Memory Usage (139500K) : inldpwl_drw has 0 polygons
2026-08-20 09:32:10 +0000: Memory Usage (139628K) : polyres_drw has 4 polygons
2026-08-20 09:32:10 +0000: Memory Usage (139628K) : polyres_pin has 0 polygons
2026-08-20 09:32:10 +0000: Memory Usage (139628K) : vmim_drw has 225 polygons
2026-08-20 09:32:10 +0000: Memory Usage (139756K) : nbulaycut_drw has 0 polygons
2026-08-20 09:32:10 +0000: Memory Usage (139756K) : antmetal1_drw has 0 polygons
2026-08-20 09:32:10 +0000: Memory Usage (139756K) : topvia2_drw has 210 polygons
2026-08-20 09:32:10 +0000: Memory Usage (139756K) : topmetal2_drw has 24 polygons
2026-08-20 09:32:10 +0000: Memory Usage (139884K) : topmetal2_filler has 0 polygons
2026-08-20 09:32:10 +0000: Memory Usage (139884K) : topmetal2_slit has 0 polygons
2026-08-20 09:32:10 +0000: Memory Usage (139884K) : topmetal2 has 24 polygons
2026-08-20 09:32:10 +0000: Memory Usage (140012K) : topmetal2_pin has 0 polygons
2026-08-20 09:32:10 +0000: Memory Usage (140012K) : topmetal2_mask has 0 polygons
2026-08-20 09:32:10 +0000: Memory Usage (140012K) : topmetal2_nofill has 0 polygons
2026-08-20 09:32:10 +0000: Memory Usage (140140K) : topmetal2_text has 4 polygons
2026-08-20 09:32:10 +0000: Memory Usage (140140K) : topmetal2_noqrc has 0 polygons
2026-08-20 09:32:10 +0000: Memory Usage (140268K) : topmetal2_res has 0 polygons
2026-08-20 09:32:10 +0000: Memory Usage (140268K) : topmetal2_iprobe has 0 polygons
2026-08-20 09:32:10 +0000: Memory Usage (140268K) : topmetal2_diffprb has 0 polygons
2026-08-20 09:32:10 +0000: Memory Usage (140396K) : snsring_drw has 0 polygons
2026-08-20 09:32:10 +0000: Memory Usage (140396K) : sensor_drw has 0 polygons
2026-08-20 09:32:10 +0000: Memory Usage (140396K) : snsarms_drw has 0 polygons
2026-08-20 09:32:10 +0000: Memory Usage (140396K) : snscmosvia_drw has 0 polygons
2026-08-20 09:32:10 +0000: Memory Usage (140396K) : colwind_drw has 0 polygons
2026-08-20 09:32:10 +0000: Memory Usage (140396K) : flm_drw has 0 polygons
2026-08-20 09:32:10 +0000: Memory Usage (140396K) : hafniumox_drw has 0 polygons
2026-08-20 09:32:10 +0000: Memory Usage (140396K) : memvia_drw has 0 polygons
2026-08-20 09:32:10 +0000: Memory Usage (140396K) : thinfilmres_drw has 0 polygons
2026-08-20 09:32:10 +0000: Memory Usage (140396K) : rfmem_drw has 0 polygons
2026-08-20 09:32:10 +0000: Memory Usage (140396K) : norcx_drw has 0 polygons
2026-08-20 09:32:10 +0000: Memory Usage (140396K) : norcx_m2m3 has 0 polygons
2026-08-20 09:32:10 +0000: Memory Usage (140396K) : norcx_m2m4 has 0 polygons
2026-08-20 09:32:10 +0000: Memory Usage (140396K) : norcx_m2m5 has 0 polygons
2026-08-20 09:32:10 +0000: Memory Usage (140396K) : norcx_m2tm1 has 0 polygons
2026-08-20 09:32:10 +0000: Memory Usage (140396K) : norcx_m2tm2 has 0 polygons
2026-08-20 09:32:10 +0000: Memory Usage (140396K) : norcx_m3m4 has 0 polygons
2026-08-20 09:32:10 +0000: Memory Usage (140396K) : norcx_m3m5 has 0 polygons
2026-08-20 09:32:10 +0000: Memory Usage (140396K) : norcx_m3tm1 has 0 polygons
2026-08-20 09:32:10 +0000: Memory Usage (140396K) : norcx_m3tm2 has 0 polygons
2026-08-20 09:32:10 +0000: Memory Usage (140396K) : norcx_m4m5 has 0 polygons
2026-08-20 09:32:10 +0000: Memory Usage (140396K) : norcx_m4tm1 has 0 polygons
2026-08-20 09:32:10 +0000: Memory Usage (140396K) : norcx_m4tm2 has 0 polygons
2026-08-20 09:32:10 +0000: Memory Usage (140396K) : norcx_m5tm1 has 0 polygons
2026-08-20 09:32:10 +0000: Memory Usage (140396K) : norcx_m5tm2 has 0 polygons
2026-08-20 09:32:10 +0000: Memory Usage (140396K) : norcx_tm1tm2 has 0 polygons
2026-08-20 09:32:10 +0000: Memory Usage (140396K) : norcx_m1sub has 0 polygons
2026-08-20 09:32:10 +0000: Memory Usage (140396K) : norcx_m2sub has 0 polygons
2026-08-20 09:32:10 +0000: Memory Usage (140396K) : norcx_m3sub has 0 polygons
2026-08-20 09:32:10 +0000: Memory Usage (140396K) : norcx_m4sub has 0 polygons
2026-08-20 09:32:10 +0000: Memory Usage (140396K) : norcx_m5sub has 0 polygons
2026-08-20 09:32:10 +0000: Memory Usage (140396K) : norcx_tm1sub has 0 polygons
2026-08-20 09:32:10 +0000: Memory Usage (140396K) : norcx_tm2sub has 0 polygons
2026-08-20 09:32:10 +0000: Memory Usage (140396K) : snsbotvia_drw has 0 polygons
2026-08-20 09:32:10 +0000: Memory Usage (140396K) : snstopvia_drw has 0 polygons
2026-08-20 09:32:10 +0000: Memory Usage (140396K) : deepvia_drw has 0 polygons
2026-08-20 09:32:10 +0000: Memory Usage (140396K) : fgetch_drw has 0 polygons
2026-08-20 09:32:10 +0000: Memory Usage (140396K) : ctrgat_drw has 0 polygons
2026-08-20 09:32:10 +0000: Memory Usage (140396K) : fgimp_drw has 0 polygons
2026-08-20 09:32:10 +0000: Memory Usage (140396K) : emwihv_drw has 0 polygons
2026-08-20 09:32:10 +0000: Memory Usage (140396K) : lbe_drw has 0 polygons
2026-08-20 09:32:10 +0000: Memory Usage (140396K) : alcustop_drw has 0 polygons
2026-08-20 09:32:10 +0000: Memory Usage (140396K) : nometfiller_drw has 0 polygons
2026-08-20 09:32:10 +0000: Memory Usage (140396K) : prboundary_drw has 0 polygons
2026-08-20 09:32:10 +0000: Memory Usage (140396K) : exchange0_drw has 0 polygons
2026-08-20 09:32:10 +0000: Memory Usage (140396K) : exchange0_pin has 0 polygons
2026-08-20 09:32:10 +0000: Memory Usage (140396K) : exchange0_text has 0 polygons
2026-08-20 09:32:10 +0000: Memory Usage (140396K) : exchange1_drw has 0 polygons
2026-08-20 09:32:10 +0000: Memory Usage (140396K) : exchange1_pin has 0 polygons
2026-08-20 09:32:10 +0000: Memory Usage (140396K) : exchange1_text has 0 polygons
2026-08-20 09:32:10 +0000: Memory Usage (140396K) : exchange2_drw has 0 polygons
2026-08-20 09:32:10 +0000: Memory Usage (140396K) : exchange2_pin has 0 polygons
2026-08-20 09:32:10 +0000: Memory Usage (140396K) : exchange2_text has 0 polygons
2026-08-20 09:32:10 +0000: Memory Usage (140396K) : exchange3_drw has 0 polygons
2026-08-20 09:32:10 +0000: Memory Usage (140396K) : exchange3_pin has 0 polygons
2026-08-20 09:32:10 +0000: Memory Usage (140396K) : exchange3_text has 0 polygons
2026-08-20 09:32:10 +0000: Memory Usage (140396K) : exchange4_drw has 0 polygons
2026-08-20 09:32:10 +0000: Memory Usage (140396K) : exchange4_pin has 0 polygons
2026-08-20 09:32:10 +0000: Memory Usage (140396K) : exchange4_text has 0 polygons
2026-08-20 09:32:10 +0000: Memory Usage (140396K) : isonwell_drw has 0 polygons
2026-08-20 09:32:10 +0000: Memory Usage (140396K) : Total no. of polygons in the design is 13174
2026-08-20 09:32:10 +0000: Memory Usage (140396K) : Starting base layers derivations
2026-08-20 09:32:10 +0000: Memory Usage (140396K) : Starting general LVS derivations
2026-08-20 09:32:11 +0000: Memory Usage (144164K) : Starting MOSFET DERIVATIONS
2026-08-20 09:32:11 +0000: Memory Usage (145060K) : Starting NMOS DERIVATIONS
2026-08-20 09:32:11 +0000: Memory Usage (145060K) : Starting PMOS DERIVATIONS
2026-08-20 09:32:11 +0000: Memory Usage (145060K) : Starting RF-MOSFET DERIVATIONS
2026-08-20 09:32:11 +0000: Memory Usage (145060K) : Starting RF-NMOS DERIVATIONS
2026-08-20 09:32:11 +0000: Memory Usage (145060K) : Starting RF-PMOS DERIVATIONS
2026-08-20 09:32:11 +0000: Memory Usage (145060K) : Starting BJT DERIVATIONS
2026-08-20 09:32:11 +0000: Memory Usage (145060K) : Starting NPN-BJT DERIVATIONS
2026-08-20 09:32:11 +0000: Memory Usage (145060K) : Starting PNP-BJT DERIVATIONS
2026-08-20 09:32:11 +0000: Memory Usage (145060K) : Starting DIODE DERIVATIONS
2026-08-20 09:32:11 +0000: Memory Usage (145060K) : Starting RESISTOR DERIVATIONS
2026-08-20 09:32:11 +0000: Memory Usage (145316K) : Starting CAP DERIVATIONS
2026-08-20 09:32:11 +0000: Memory Usage (145316K) : Starting CAP_CMOM DERIVATIONS
2026-08-20 09:32:11 +0000: Memory Usage (145316K) : Starting CAP_CMOMF DERIVATIONS
2026-08-20 09:32:11 +0000: Memory Usage (145316K) : Starting ESD DERIVATIONS
2026-08-20 09:32:12 +0000: Memory Usage (145700K) : Starting Inductor DERIVATIONS
2026-08-20 09:32:12 +0000: Memory Usage (145700K) : Starting Taps DERIVATIONS
2026-08-20 09:32:12 +0000: Memory Usage (146084K) : Starting SG13G2 LVS connectivity setup
2026-08-20 09:32:12 +0000: Memory Usage (146084K) : Starting SG13G2 LVS connectivity setup (Inter-layer)
2026-08-20 09:32:12 +0000: Memory Usage (146212K) : Starting SG13G2 LVS connectivity setup (Global)
2026-08-20 09:32:12 +0000: Memory Usage (146212K) : Starting LVS MOSFET CONNECTIONS
2026-08-20 09:32:12 +0000: Memory Usage (146212K) : Starting LVS RF-MOSFET CONNECTIONS
2026-08-20 09:32:12 +0000: Memory Usage (146212K) : Starting LVS BJT CONNECTIONS
2026-08-20 09:32:12 +0000: Memory Usage (146212K) : Starting LVS DIODE CONNECTIONS
2026-08-20 09:32:12 +0000: Memory Usage (146212K) : Starting RESISTOR CONNECTIONS
2026-08-20 09:32:12 +0000: Memory Usage (146212K) : Starting LVS CAP CONNECTIONS
2026-08-20 09:32:12 +0000: Memory Usage (146212K) : Starting CAP_CMOM CONNECTIONS
2026-08-20 09:32:12 +0000: Memory Usage (146212K) : Starting CAP_CMOMF CONNECTIONS
2026-08-20 09:32:12 +0000: Memory Usage (146212K) : Starting ESD CONNECTIONS
2026-08-20 09:32:12 +0000: Memory Usage (146212K) : Starting Inductor CONNECTIONS
2026-08-20 09:32:12 +0000: Memory Usage (146212K) : Starting LVS Taps CONNECTIONS
2026-08-20 09:32:12 +0000: Memory Usage (146212K) : Starting SG13G2 LVS DEVICES EXTRACTION
2026-08-20 09:32:12 +0000: Memory Usage (146212K) : Starting MOSFET EXTRACTION
2026-08-20 09:32:12 +0000: Memory Usage (146212K) : Starting NMOS EXTRACTION
2026-08-20 09:32:12 +0000: Memory Usage (146212K) : Extraction of NMOS-LV transistor
2026-08-20 09:32:12 +0000: Memory Usage (146212K) : Extraction of NMOS-HV transistor
2026-08-20 09:32:12 +0000: Memory Usage (146212K) : Starting PMOS EXTRACTION
2026-08-20 09:32:12 +0000: Memory Usage (146212K) : Extraction of PMOS-LV transistor
2026-08-20 09:32:12 +0000: Memory Usage (146212K) : Extraction of PMOS-HV transistor
2026-08-20 09:32:12 +0000: Memory Usage (146212K) : Starting RF-MOSFET EXTRACTION
2026-08-20 09:32:12 +0000: Memory Usage (146212K) : Extraction of RF-NMOS-LV transistor
2026-08-20 09:32:12 +0000: Memory Usage (146212K) : Extraction of RF-NMOS-HV transistor
2026-08-20 09:32:12 +0000: Memory Usage (146212K) : Extraction of RF-PMOS-LV transistor
2026-08-20 09:32:12 +0000: Memory Usage (146212K) : Extraction of RF-PMOS-HV transistor
2026-08-20 09:32:12 +0000: Memory Usage (146212K) : Starting BJT EXTRACTION
2026-08-20 09:32:12 +0000: Memory Usage (146212K) : Starting NPN-BJT EXTRACTION
2026-08-20 09:32:12 +0000: Memory Usage (146212K) : Extraction of npn13G2 BJT transistor
2026-08-20 09:32:12 +0000: Memory Usage (146212K) : Extraction of npn13G2L BJT transistor
2026-08-20 09:32:12 +0000: Memory Usage (146212K) : Extraction of npn13G2V BJT transistor
2026-08-20 09:32:12 +0000: Memory Usage (146212K) : Starting PNP-BJT EXTRACTION
2026-08-20 09:32:12 +0000: Memory Usage (146212K) : Extracting pnpMPA BJT
2026-08-20 09:32:12 +0000: Memory Usage (146212K) : Starting DIODE EXTRACTION
2026-08-20 09:32:12 +0000: Memory Usage (146212K) : Extracting dantenna diode
2026-08-20 09:32:12 +0000: Memory Usage (146212K) : Extracting dpantenna diode
2026-08-20 09:32:12 +0000: Memory Usage (146212K) : Extracting schottky_nbl1 diode
2026-08-20 09:32:12 +0000: Memory Usage (146212K) : Extracting isolbox diode
2026-08-20 09:32:12 +0000: Memory Usage (146212K) : Starting RESISTOR EXTRACTION
2026-08-20 09:32:12 +0000: Memory Usage (146212K) : Extracting rsil resistor
2026-08-20 09:32:12 +0000: Memory Usage (146468K) : Extracting rppd resistor
2026-08-20 09:32:12 +0000: Memory Usage (146468K) : Extracting rhigh resistor
2026-08-20 09:32:12 +0000: Memory Usage (146468K) : Extracting res_metal1 resistor
2026-08-20 09:32:12 +0000: Memory Usage (146468K) : Extracting res_metal2 resistor
2026-08-20 09:32:12 +0000: Memory Usage (146468K) : Extracting res_metal3 resistor
2026-08-20 09:32:12 +0000: Memory Usage (146468K) : Extracting res_metal4 resistor
2026-08-20 09:32:12 +0000: Memory Usage (146468K) : Extracting res_metal5 resistor
2026-08-20 09:32:12 +0000: Memory Usage (146468K) : Extracting res_topmetal1 resistor
2026-08-20 09:32:12 +0000: Memory Usage (146468K) : Extracting res_topmetal2 resistor
2026-08-20 09:32:12 +0000: Memory Usage (146468K) : Starting CAP EXTRACTION
2026-08-20 09:32:12 +0000: Memory Usage (146468K) : Extracting cap_cmim device
2026-08-20 09:32:12 +0000: Memory Usage (146468K) : Extracting rfcmim device
2026-08-20 09:32:12 +0000: Memory Usage (146468K) : Extracting sg13_hv_svaricap varactor
2026-08-20 09:32:12 +0000: Memory Usage (146468K) : Extracting cap_cmomi device
2026-08-20 09:32:12 +0000: Memory Usage (146468K) : Extracting cap_cmomf device
2026-08-20 09:32:12 +0000: Memory Usage (146468K) : Extracting sg13_moscap_n capacitor
2026-08-20 09:32:12 +0000: Memory Usage (146468K) : Extracting sg13_moscap_p capacitor
2026-08-20 09:32:12 +0000: Memory Usage (146468K) : Starting ESD EXTRACTION
2026-08-20 09:32:12 +0000: Memory Usage (146468K) : Extracting diodevdd_2kv ESD device
2026-08-20 09:32:12 +0000: Memory Usage (146468K) : Extracting diodevdd_4kv ESD device
2026-08-20 09:32:12 +0000: Memory Usage (146468K) : Extracting diodevss_2kv ESD device
2026-08-20 09:32:12 +0000: Memory Usage (146468K) : Extracting diodevss_4kv ESD device
2026-08-20 09:32:12 +0000: Memory Usage (146468K) : Extracting idiodevdd_2kv ESD device
2026-08-20 09:32:12 +0000: Memory Usage (146468K) : Extracting idiodevdd_4kv ESD device
2026-08-20 09:32:12 +0000: Memory Usage (146468K) : Extracting idiodevss_2kv ESD device
2026-08-20 09:32:12 +0000: Memory Usage (146468K) : Extracting idiodevss_4kv ESD device
2026-08-20 09:32:12 +0000: Memory Usage (146468K) : Extracting nmoscl_2 ESD device
2026-08-20 09:32:12 +0000: Memory Usage (146468K) : Extracting nmoscl_4 ESD device
2026-08-20 09:32:12 +0000: Memory Usage (146468K) : Starting Inductor EXTRACTION
2026-08-20 09:32:12 +0000: Memory Usage (146468K) : Extracting Inductor2 device
2026-08-20 09:32:12 +0000: Memory Usage (146468K) : Extracting Inductor3 device
2026-08-20 09:32:12 +0000: Memory Usage (146468K) : Starting Taps EXTRACTION
2026-08-20 09:32:12 +0000: Memory Usage (146468K) : DISABLE_TAP_EXTRACTION is enabled: skipping ntap1/ptap1 device extraction.
2026-08-20 09:32:12 +0000: Memory Usage (146468K) : Starting SG13G2 LVS RF MOS Model Mapping
2026-08-20 09:32:12 +0000: Memory Usage (146596K) : [layout_netlist] Apply RF MOS model mapping and rfmode parameter.
2026-08-20 09:32:12 +0000: Memory Usage (146596K) : Starting SG13G2 LVS Options Preparations
2026-08-20 09:32:12 +0000: Memory Usage (146596K) : SG13G2 LVS flow: extraction -> alignment -> option preparation -> comparison.
2026-08-20 09:32:12 +0000: Memory Usage (146596K) : Starting SG13G2 LVS Alignment
2026-08-20 09:32:12 +0000: Memory Usage (146596K) : Starting SG13G2 LVS Simplification
2026-08-20 09:32:12 +0000: Memory Usage (146596K) : [layout_netlist] simplify: ENABLED
2026-08-20 09:32:12 +0000: Memory Usage (146596K) : [layout_netlist] make_top_level_pins: SKIPPED
2026-08-20 09:32:12 +0000: Memory Usage (146596K) : [layout_netlist] combine_devices: SKIPPED
2026-08-20 09:32:12 +0000: Memory Usage (146596K) : [layout_netlist] purge: SKIPPED
2026-08-20 09:32:12 +0000: Memory Usage (146596K) : [layout_netlist] purge_nets: SKIPPED
2026-08-20 09:32:12 +0000: Memory Usage (146596K) : [schematic_netlist] simplify: ENABLED
2026-08-20 09:32:12 +0000: Memory Usage (146596K) : [schematic_netlist] make_top_level_pins: SKIPPED
2026-08-20 09:32:12 +0000: Memory Usage (146596K) : [schematic_netlist] combine_devices: SKIPPED
2026-08-20 09:32:12 +0000: Memory Usage (146596K) : [schematic_netlist] purge: SKIPPED
2026-08-20 09:32:12 +0000: Memory Usage (146596K) : [schematic_netlist] purge_nets: SKIPPED
2026-08-20 09:32:12 +0000: Memory Usage (146596K) : Starting SG13G2 LVS Comparison
2026-08-20 09:32:12 +0000: Memory Usage (146724K) : xxxxxxxxxxxxxxxxxxxxxxxxxxxxxxxxxxxxxxxxxx
2026-08-20 09:32:12 +0000: Memory Usage (146724K) : ERROR : Netlists don't match
2026-08-20 09:32:12 +0000: Memory Usage (146724K) : xxxxxxxxxxxxxxxxxxxxxxxxxxxxxxxxxxxxxxxxxx
2026-08-20 09:32:12 +0000: Memory Usage (146724K) : LVS Total Run time 1.736121 seconds
2026-08-20 11:01:18 +0000: Memory Usage (128908K) : Starting running SG13G2 Klayout LVS runset on /workspace/layout/blocks/out/term_stage/_bisect/plus_ring.gds
2026-08-20 11:01:18 +0000: Memory Usage (128908K) : Ruby Version for klayout: 3.2.3
2026-08-20 11:01:18 +0000: Memory Usage (130052K) : Loading database to memory is complete.
2026-08-20 11:01:18 +0000: Memory Usage (130052K) : SG13G2 Klayout LVS runset output at: /workspace/layout/blocks/out/term_stage/_bisect/plus_ring/plus_ring.lvsdb
2026-08-20 11:01:18 +0000: Memory Usage (130052K) : Evaluate switches.
2026-08-20 11:01:18 +0000: Memory Usage (130052K) : Extracted netlist with net names: true
2026-08-20 11:01:18 +0000: Memory Usage (130052K) : Extracted netlist with comments in details: false
2026-08-20 11:01:18 +0000: Memory Usage (130052K) : Selected NET_ONLY option: false
2026-08-20 11:01:18 +0000: Memory Usage (130052K) : Selected LAYOUT_NETLIST option: (none)
2026-08-20 11:01:18 +0000: Memory Usage (130052K) : Selected IGNORE_TOP_PORTS_MISMATCH option: true
2026-08-20 11:01:18 +0000: Memory Usage (130052K) : Selected IMPLICIT_NETS option: sub,sub!
2026-08-20 11:01:18 +0000: Memory Usage (130052K) : Selected TOP_LVL_PINS option: false
2026-08-20 11:01:18 +0000: Memory Usage (130052K) : Selected COMBINE DEVICES option: false
2026-08-20 11:01:18 +0000: Memory Usage (130052K) : Selected PURGE option: false
2026-08-20 11:01:18 +0000: Memory Usage (130052K) : Selected PURGE_NETS option: false
2026-08-20 11:01:18 +0000: Memory Usage (130052K) : Selected SIMPLIFY option: true
2026-08-20 11:01:18 +0000: Memory Usage (130052K) : Selected SERIES_RES option: true
2026-08-20 11:01:18 +0000: Memory Usage (130052K) : Selected PARALLEL_RES option: true
2026-08-20 11:01:18 +0000: Memory Usage (130052K) : Selected DISABLE_TAP_EXTRACTION option: true
2026-08-20 11:01:18 +0000: Memory Usage (130052K) : deep  mode is enabled.
2026-08-20 11:01:18 +0000: Memory Usage (130052K) : Applying implicit connections (case-sensitive, pattern supported) for nets: sub, sub!
2026-08-20 11:01:18 +0000: Memory Usage (131172K) : Netlist file: /workspace/layout/blocks/out/term_stage/_bisect/plus_ring.cdl
2026-08-20 11:01:18 +0000: Memory Usage (131172K) : LVS extracted netlist at: /workspace/layout/blocks/out/term_stage/_bisect/plus_ring/plus_ring_extracted.cir
2026-08-20 11:01:18 +0000: Memory Usage (131172K) : Applying SRAM integration support.
2026-08-20 11:01:18 +0000: Memory Usage (131172K) : Starting SG13G2 LVS runset
2026-08-20 11:01:18 +0000: Memory Usage (131172K) : Read in polygons from layers.
2026-08-20 11:01:18 +0000: Memory Usage (132740K) : activ_drw has 130 polygons
2026-08-20 11:01:18 +0000: Memory Usage (132740K) : activ_filler has 0 polygons
2026-08-20 11:01:18 +0000: Memory Usage (132996K) : activ has 130 polygons
2026-08-20 11:01:18 +0000: Memory Usage (132996K) : activ_pin has 0 polygons
2026-08-20 11:01:18 +0000: Memory Usage (132996K) : activ_mask has 0 polygons
2026-08-20 11:01:18 +0000: Memory Usage (133084K) : activ_nofill has 0 polygons
2026-08-20 11:01:18 +0000: Memory Usage (133596K) : activ_OPC has 0 polygons
2026-08-20 11:01:18 +0000: Memory Usage (133596K) : activ_iOPC has 0 polygons
2026-08-20 11:01:18 +0000: Memory Usage (133596K) : activ_noqrc has 0 polygons
2026-08-20 11:01:18 +0000: Memory Usage (133596K) : biwind_drw has 0 polygons
2026-08-20 11:01:18 +0000: Memory Usage (133596K) : biwind_OPC has 0 polygons
2026-08-20 11:01:18 +0000: Memory Usage (133596K) : gatpoly_drw has 25 polygons
2026-08-20 11:01:18 +0000: Memory Usage (133596K) : gatpoly_filler has 0 polygons
2026-08-20 11:01:18 +0000: Memory Usage (133596K) : gatpoly has 25 polygons
2026-08-20 11:01:18 +0000: Memory Usage (133596K) : gatpoly_pin has 0 polygons
2026-08-20 11:01:18 +0000: Memory Usage (133596K) : gatpoly_nofill has 0 polygons
2026-08-20 11:01:18 +0000: Memory Usage (133596K) : gatpoly_OPC has 0 polygons
2026-08-20 11:01:18 +0000: Memory Usage (133596K) : gatpoly_iOPC has 0 polygons
2026-08-20 11:01:18 +0000: Memory Usage (133596K) : gatpoly_noqrc has 0 polygons
2026-08-20 11:01:18 +0000: Memory Usage (133596K) : cont_drw has 6147 polygons
2026-08-20 11:01:18 +0000: Memory Usage (133596K) : cont_OPC has 0 polygons
2026-08-20 11:01:18 +0000: Memory Usage (133596K) : nsd_drw has 0 polygons
2026-08-20 11:01:18 +0000: Memory Usage (133596K) : nsd_block has 0 polygons
2026-08-20 11:01:18 +0000: Memory Usage (133596K) : metal1_drw has 280 polygons
2026-08-20 11:01:18 +0000: Memory Usage (133596K) : metal1_filler has 0 polygons
2026-08-20 11:01:18 +0000: Memory Usage (133724K) : metal1_slit has 0 polygons
2026-08-20 11:01:18 +0000: Memory Usage (133852K) : metal1 has 280 polygons
2026-08-20 11:01:18 +0000: Memory Usage (133980K) : metal1_pin has 112 polygons
2026-08-20 11:01:18 +0000: Memory Usage (133980K) : metal1_mask has 0 polygons
2026-08-20 11:01:18 +0000: Memory Usage (134108K) : metal1_nofill has 0 polygons
2026-08-20 11:01:18 +0000: Memory Usage (134236K) : metal1_text has 8 polygons
2026-08-20 11:01:18 +0000: Memory Usage (134236K) : metal1_OPC has 0 polygons
2026-08-20 11:01:18 +0000: Memory Usage (134364K) : metal1_noqrc has 0 polygons
2026-08-20 11:01:18 +0000: Memory Usage (134364K) : metal1_res has 0 polygons
2026-08-20 11:01:18 +0000: Memory Usage (134364K) : metal1_iprobe has 0 polygons
2026-08-20 11:01:18 +0000: Memory Usage (134492K) : metal1_diffprb has 0 polygons
2026-08-20 11:01:18 +0000: Memory Usage (134492K) : passiv_drw has 2 polygons
2026-08-20 11:01:18 +0000: Memory Usage (134492K) : passiv_pin has 0 polygons
2026-08-20 11:01:18 +0000: Memory Usage (134620K) : passiv_sbump has 0 polygons
2026-08-20 11:01:18 +0000: Memory Usage (134620K) : passiv_pillar has 0 polygons
2026-08-20 11:01:18 +0000: Memory Usage (134620K) : passiv_pdl has 0 polygons
2026-08-20 11:01:18 +0000: Memory Usage (134748K) : metal2_drw has 84 polygons
2026-08-20 11:01:18 +0000: Memory Usage (134748K) : metal2_filler has 0 polygons
2026-08-20 11:01:18 +0000: Memory Usage (134748K) : metal2_slit has 0 polygons
2026-08-20 11:01:18 +0000: Memory Usage (134748K) : metal2 has 84 polygons
2026-08-20 11:01:18 +0000: Memory Usage (134876K) : metal2_pin has 8 polygons
2026-08-20 11:01:18 +0000: Memory Usage (134876K) : metal2_mask has 0 polygons
2026-08-20 11:01:18 +0000: Memory Usage (134876K) : metal2_nofill has 0 polygons
2026-08-20 11:01:18 +0000: Memory Usage (134876K) : metal2_text has 8 polygons
2026-08-20 11:01:18 +0000: Memory Usage (135004K) : metal2_OPC has 0 polygons
2026-08-20 11:01:18 +0000: Memory Usage (135004K) : metal2_noqrc has 0 polygons
2026-08-20 11:01:18 +0000: Memory Usage (135004K) : metal2_res has 0 polygons
2026-08-20 11:01:18 +0000: Memory Usage (135004K) : metal2_iprobe has 0 polygons
2026-08-20 11:01:18 +0000: Memory Usage (135132K) : metal2_diffprb has 0 polygons
2026-08-20 11:01:18 +0000: Memory Usage (135132K) : baspoly_drw has 0 polygons
2026-08-20 11:01:18 +0000: Memory Usage (135132K) : baspoly_pin has 0 polygons
2026-08-20 11:01:18 +0000: Memory Usage (135132K) : psd_drw has 119 polygons
2026-08-20 11:01:18 +0000: Memory Usage (135260K) : nldb_drw has 0 polygons
2026-08-20 11:01:18 +0000: Memory Usage (135260K) : digibnd_drw has 0 polygons
2026-08-20 11:01:18 +0000: Memory Usage (135260K) : via1_drw has 1931 polygons
2026-08-20 11:01:18 +0000: Memory Usage (135388K) : backmetal1_drw has 0 polygons
2026-08-20 11:01:18 +0000: Memory Usage (135388K) : backmetal1_pin has 0 polygons
2026-08-20 11:01:18 +0000: Memory Usage (135388K) : backmetal1_mask has 0 polygons
2026-08-20 11:01:18 +0000: Memory Usage (135388K) : backmetal1_filler has 0 polygons
2026-08-20 11:01:18 +0000: Memory Usage (135516K) : backmetal1_nofill has 0 polygons
2026-08-20 11:01:18 +0000: Memory Usage (135516K) : backmetal1_slit has 0 polygons
2026-08-20 11:01:18 +0000: Memory Usage (135516K) : backmetal1_text has 0 polygons
2026-08-20 11:01:18 +0000: Memory Usage (135516K) : backmetal1_OPC has 0 polygons
2026-08-20 11:01:18 +0000: Memory Usage (135644K) : backmetal1_noqrc has 0 polygons
2026-08-20 11:01:18 +0000: Memory Usage (135644K) : backmetal1_res has 0 polygons
2026-08-20 11:01:18 +0000: Memory Usage (135644K) : backmetal1_iprobe has 0 polygons
2026-08-20 11:01:18 +0000: Memory Usage (135644K) : backmetal1_diffprb has 0 polygons
2026-08-20 11:01:18 +0000: Memory Usage (135772K) : backpassiv_drw has 0 polygons
2026-08-20 11:01:18 +0000: Memory Usage (135772K) : res_drw has 2 polygons
2026-08-20 11:01:18 +0000: Memory Usage (135772K) : sram_drw has 0 polygons
2026-08-20 11:01:18 +0000: Memory Usage (135772K) : trans_drw has 0 polygons
2026-08-20 11:01:18 +0000: Memory Usage (135900K) : ind_drw has 0 polygons
2026-08-20 11:01:18 +0000: Memory Usage (135900K) : ind_pin has 0 polygons
2026-08-20 11:01:18 +0000: Memory Usage (135900K) : ind_text has 0 polygons
2026-08-20 11:01:18 +0000: Memory Usage (136028K) : salblock_drw has 14 polygons
2026-08-20 11:01:18 +0000: Memory Usage (136028K) : via2_drw has 867 polygons
2026-08-20 11:01:18 +0000: Memory Usage (136028K) : metal3_drw has 72 polygons
2026-08-20 11:01:18 +0000: Memory Usage (136156K) : metal3_filler has 0 polygons
2026-08-20 11:01:18 +0000: Memory Usage (136156K) : metal3_slit has 0 polygons
2026-08-20 11:01:18 +0000: Memory Usage (136156K) : metal3 has 72 polygons
2026-08-20 11:01:18 +0000: Memory Usage (136156K) : metal3_pin has 2 polygons
2026-08-20 11:01:18 +0000: Memory Usage (136156K) : metal3_mask has 0 polygons
2026-08-20 11:01:18 +0000: Memory Usage (136156K) : metal3_nofill has 0 polygons
2026-08-20 11:01:18 +0000: Memory Usage (136156K) : metal3_text has 0 polygons
2026-08-20 11:01:18 +0000: Memory Usage (136156K) : metal3_OPC has 0 polygons
2026-08-20 11:01:18 +0000: Memory Usage (136156K) : metal3_noqrc has 0 polygons
2026-08-20 11:01:18 +0000: Memory Usage (136156K) : metal3_res has 0 polygons
2026-08-20 11:01:18 +0000: Memory Usage (136156K) : metal3_iprobe has 0 polygons
2026-08-20 11:01:18 +0000: Memory Usage (136156K) : metal3_diffprb has 0 polygons
2026-08-20 11:01:18 +0000: Memory Usage (136156K) : nwell_drw has 14 polygons
2026-08-20 11:01:18 +0000: Memory Usage (136156K) : nwell_pin has 0 polygons
2026-08-20 11:01:18 +0000: Memory Usage (136156K) : nwell_text has 0 polygons
2026-08-20 11:01:18 +0000: Memory Usage (136156K) : nbulay_drw has 1 polygons
2026-08-20 11:01:18 +0000: Memory Usage (136284K) : nbulay_pin has 0 polygons
2026-08-20 11:01:18 +0000: Memory Usage (136284K) : nbulay_block has 0 polygons
2026-08-20 11:01:18 +0000: Memory Usage (136284K) : emwind_drw has 0 polygons
2026-08-20 11:01:18 +0000: Memory Usage (136284K) : emwind_OPC has 0 polygons
2026-08-20 11:01:18 +0000: Memory Usage (136284K) : deepco_drw has 0 polygons
2026-08-20 11:01:18 +0000: Memory Usage (136284K) : mim_drw has 1 polygons
2026-08-20 11:01:18 +0000: Memory Usage (136412K) : edgeseal_drw has 0 polygons
2026-08-20 11:01:18 +0000: Memory Usage (136412K) : substrate_drw has 100 polygons
2026-08-20 11:01:18 +0000: Memory Usage (136412K) : substrate_text has 0 polygons
2026-08-20 11:01:18 +0000: Memory Usage (136412K) : dfpad_drw has 2 polygons
2026-08-20 11:01:18 +0000: Memory Usage (136412K) : dfpad_pillar has 0 polygons
2026-08-20 11:01:18 +0000: Memory Usage (136540K) : dfpad_sbump has 0 polygons
2026-08-20 11:01:18 +0000: Memory Usage (136540K) : thickgateox_drw has 1 polygons
2026-08-20 11:01:18 +0000: Memory Usage (136540K) : pldb_drw has 0 polygons
2026-08-20 11:01:18 +0000: Memory Usage (136540K) : pwell_drw has 0 polygons
2026-08-20 11:01:18 +0000: Memory Usage (136540K) : pwell_pin has 0 polygons
2026-08-20 11:01:18 +0000: Memory Usage (136540K) : pwell_block has 0 polygons
2026-08-20 11:01:18 +0000: Memory Usage (136668K) : ic_drw has 0 polygons
2026-08-20 11:01:18 +0000: Memory Usage (136668K) : via3_drw has 1067 polygons
2026-08-20 11:01:18 +0000: Memory Usage (136668K) : metal4_drw has 34 polygons
2026-08-20 11:01:18 +0000: Memory Usage (136668K) : metal4_filler has 0 polygons
2026-08-20 11:01:18 +0000: Memory Usage (136668K) : metal4_slit has 0 polygons
2026-08-20 11:01:18 +0000: Memory Usage (136796K) : metal4 has 34 polygons
2026-08-20 11:01:18 +0000: Memory Usage (136796K) : metal4_pin has 0 polygons
2026-08-20 11:01:18 +0000: Memory Usage (136796K) : metal4_mask has 0 polygons
2026-08-20 11:01:18 +0000: Memory Usage (136796K) : metal4_nofill has 0 polygons
2026-08-20 11:01:18 +0000: Memory Usage (136796K) : metal4_text has 4 polygons
2026-08-20 11:01:18 +0000: Memory Usage (136796K) : metal4_OPC has 0 polygons
2026-08-20 11:01:18 +0000: Memory Usage (136924K) : metal4_noqrc has 0 polygons
2026-08-20 11:01:18 +0000: Memory Usage (136924K) : metal4_res has 0 polygons
2026-08-20 11:01:18 +0000: Memory Usage (136924K) : metal4_iprobe has 0 polygons
2026-08-20 11:01:18 +0000: Memory Usage (136924K) : metal4_diffprb has 0 polygons
2026-08-20 11:01:18 +0000: Memory Usage (136924K) : heattrans_drw has 0 polygons
2026-08-20 11:01:18 +0000: Memory Usage (136924K) : heatres_drw has 4 polygons
2026-08-20 11:01:18 +0000: Memory Usage (136924K) : fbe_drw has 0 polygons
2026-08-20 11:01:18 +0000: Memory Usage (137052K) : empoly_drw has 0 polygons
2026-08-20 11:01:18 +0000: Memory Usage (137052K) : digisub_drw has 0 polygons
2026-08-20 11:01:18 +0000: Memory Usage (137052K) : text_drw has 126 polygons
2026-08-20 11:01:18 +0000: Memory Usage (137052K) : via4_drw has 1063 polygons
2026-08-20 11:01:18 +0000: Memory Usage (137052K) : metal5_drw has 61 polygons
2026-08-20 11:01:18 +0000: Memory Usage (137052K) : metal5_filler has 0 polygons
2026-08-20 11:01:18 +0000: Memory Usage (137180K) : metal5_slit has 0 polygons
2026-08-20 11:01:18 +0000: Memory Usage (137180K) : metal5 has 61 polygons
2026-08-20 11:01:18 +0000: Memory Usage (137180K) : metal5_pin has 0 polygons
2026-08-20 11:01:18 +0000: Memory Usage (137180K) : metal5_mask has 0 polygons
2026-08-20 11:01:18 +0000: Memory Usage (137180K) : metal5_nofill has 0 polygons
2026-08-20 11:01:18 +0000: Memory Usage (137180K) : metal5_text has 0 polygons
2026-08-20 11:01:18 +0000: Memory Usage (137180K) : metal5_OPC has 0 polygons
2026-08-20 11:01:18 +0000: Memory Usage (137308K) : metal5_noqrc has 0 polygons
2026-08-20 11:01:18 +0000: Memory Usage (137308K) : metal5_res has 0 polygons
2026-08-20 11:01:18 +0000: Memory Usage (137308K) : metal5_iprobe has 0 polygons
2026-08-20 11:01:18 +0000: Memory Usage (137308K) : metal5_diffprb has 0 polygons
2026-08-20 11:01:18 +0000: Memory Usage (137308K) : radhard_drw has 0 polygons
2026-08-20 11:01:18 +0000: Memory Usage (137436K) : memcap_drw has 0 polygons
2026-08-20 11:01:18 +0000: Memory Usage (137436K) : varicap_drw has 0 polygons
2026-08-20 11:01:18 +0000: Memory Usage (137436K) : intbondvia_drw has 0 polygons
2026-08-20 11:01:18 +0000: Memory Usage (137436K) : intbondmet_drw has 0 polygons
2026-08-20 11:01:18 +0000: Memory Usage (137564K) : devbondvia_drw has 0 polygons
2026-08-20 11:01:18 +0000: Memory Usage (137564K) : devbondmet_drw has 0 polygons
2026-08-20 11:01:18 +0000: Memory Usage (137564K) : devtrench_drw has 0 polygons
2026-08-20 11:01:18 +0000: Memory Usage (137564K) : redist_drw has 0 polygons
2026-08-20 11:01:18 +0000: Memory Usage (137692K) : graphbot_drw has 0 polygons
2026-08-20 11:01:18 +0000: Memory Usage (137692K) : graphtop_drw has 0 polygons
2026-08-20 11:01:18 +0000: Memory Usage (137692K) : antvia1_drw has 0 polygons
2026-08-20 11:01:18 +0000: Memory Usage (137692K) : antmetal2_drw has 0 polygons
2026-08-20 11:01:18 +0000: Memory Usage (137692K) : graphcont_drw has 0 polygons
2026-08-20 11:01:18 +0000: Memory Usage (137692K) : siwg_drw has 0 polygons
2026-08-20 11:01:18 +0000: Memory Usage (137820K) : siwg_filler has 0 polygons
2026-08-20 11:01:18 +0000: Memory Usage (137820K) : siwg_nofill has 0 polygons
2026-08-20 11:01:18 +0000: Memory Usage (137820K) : sigrating_drw has 0 polygons
2026-08-20 11:01:18 +0000: Memory Usage (137820K) : singrating_drw has 0 polygons
2026-08-20 11:01:18 +0000: Memory Usage (137820K) : graphpas_drw has 0 polygons
2026-08-20 11:01:18 +0000: Memory Usage (137820K) : emwind3_drw has 0 polygons
2026-08-20 11:01:18 +0000: Memory Usage (137948K) : emwihv3_drw has 0 polygons
2026-08-20 11:01:18 +0000: Memory Usage (137948K) : redbulay_drw has 0 polygons
2026-08-20 11:01:18 +0000: Memory Usage (137948K) : smos_drw has 0 polygons
2026-08-20 11:01:18 +0000: Memory Usage (137948K) : graphpad_drw has 0 polygons
2026-08-20 11:01:18 +0000: Memory Usage (137948K) : polimide_drw has 0 polygons
2026-08-20 11:01:18 +0000: Memory Usage (138076K) : polimide_pin has 0 polygons
2026-08-20 11:01:18 +0000: Memory Usage (138076K) : recog_drw has 1 polygons
2026-08-20 11:01:18 +0000: Memory Usage (138076K) : recog_pin has 0 polygons
2026-08-20 11:01:18 +0000: Memory Usage (138076K) : recog_esd has 5 polygons
2026-08-20 11:01:18 +0000: Memory Usage (138204K) : recog_diode has 0 polygons
2026-08-20 11:01:18 +0000: Memory Usage (138204K) : recog_tsv has 0 polygons
2026-08-20 11:01:18 +0000: Memory Usage (138204K) : recog_iprobe has 0 polygons
2026-08-20 11:01:18 +0000: Memory Usage (138204K) : recog_diffprb has 0 polygons
2026-08-20 11:01:18 +0000: Memory Usage (138332K) : recog_pillar has 0 polygons
2026-08-20 11:01:18 +0000: Memory Usage (138332K) : recog_sbump has 0 polygons
2026-08-20 11:01:18 +0000: Memory Usage (138332K) : recog_otp has 0 polygons
2026-08-20 11:01:18 +0000: Memory Usage (138332K) : recog_pdiode has 0 polygons
2026-08-20 11:01:18 +0000: Memory Usage (138460K) : recog_mom has 0 polygons
2026-08-20 11:01:18 +0000: Memory Usage (138460K) : recog_momf has 0 polygons
2026-08-20 11:01:18 +0000: Memory Usage (138460K) : recog_pcm has 0 polygons
2026-08-20 11:01:18 +0000: Memory Usage (138460K) : colopen_drw has 0 polygons
2026-08-20 11:01:18 +0000: Memory Usage (138588K) : graphmetal1_drw has 0 polygons
2026-08-20 11:01:18 +0000: Memory Usage (138588K) : graphmetal1_filler has 0 polygons
2026-08-20 11:01:18 +0000: Memory Usage (138588K) : graphmetal1_nofill has 0 polygons
2026-08-20 11:01:18 +0000: Memory Usage (138588K) : graphmetal1_slit has 0 polygons
2026-08-20 11:01:18 +0000: Memory Usage (138716K) : graphmetal1_OPC has 0 polygons
2026-08-20 11:01:18 +0000: Memory Usage (138716K) : graphmet1l_drw has 0 polygons
2026-08-20 11:01:18 +0000: Memory Usage (138716K) : graphmet1l_filler has 0 polygons
2026-08-20 11:01:18 +0000: Memory Usage (138716K) : graphmet1l_nofill has 0 polygons
2026-08-20 11:01:18 +0000: Memory Usage (138844K) : graphmet1l_slit has 0 polygons
2026-08-20 11:01:18 +0000: Memory Usage (138844K) : graphmet1l_OPC has 0 polygons
2026-08-20 11:01:18 +0000: Memory Usage (138844K) : extblock_drw has 12 polygons
2026-08-20 11:01:18 +0000: Memory Usage (138844K) : nldd_drw has 0 polygons
2026-08-20 11:01:18 +0000: Memory Usage (138844K) : pldd_drw has 0 polygons
2026-08-20 11:01:18 +0000: Memory Usage (138972K) : next_drw has 0 polygons
2026-08-20 11:01:18 +0000: Memory Usage (138972K) : pext_drw has 0 polygons
2026-08-20 11:01:18 +0000: Memory Usage (138972K) : nexthv_drw has 0 polygons
2026-08-20 11:01:18 +0000: Memory Usage (138972K) : pexthv_drw has 0 polygons
2026-08-20 11:01:18 +0000: Memory Usage (138972K) : graphgate_drw has 0 polygons
2026-08-20 11:01:18 +0000: Memory Usage (139100K) : sinwg_drw has 0 polygons
2026-08-20 11:01:18 +0000: Memory Usage (139100K) : sinwg_filler has 0 polygons
2026-08-20 11:01:18 +0000: Memory Usage (139100K) : sinwg_nofill has 0 polygons
2026-08-20 11:01:18 +0000: Memory Usage (139100K) : mempad_drw has 0 polygons
2026-08-20 11:01:18 +0000: Memory Usage (139100K) : topvia1_drw has 491 polygons
2026-08-20 11:01:18 +0000: Memory Usage (139228K) : topmetal1_drw has 43 polygons
2026-08-20 11:01:18 +0000: Memory Usage (139228K) : topmetal1_filler has 0 polygons
2026-08-20 11:01:18 +0000: Memory Usage (139228K) : topmetal1_slit has 0 polygons
2026-08-20 11:01:18 +0000: Memory Usage (139228K) : topmetal1 has 43 polygons
2026-08-20 11:01:18 +0000: Memory Usage (139228K) : topmetal1_pin has 0 polygons
2026-08-20 11:01:18 +0000: Memory Usage (139228K) : topmetal1_mask has 0 polygons
2026-08-20 11:01:18 +0000: Memory Usage (139356K) : topmetal1_nofill has 0 polygons
2026-08-20 11:01:18 +0000: Memory Usage (139356K) : topmetal1_text has 0 polygons
2026-08-20 11:01:18 +0000: Memory Usage (139356K) : topmetal1_noqrc has 0 polygons
2026-08-20 11:01:18 +0000: Memory Usage (139356K) : topmetal1_res has 0 polygons
2026-08-20 11:01:18 +0000: Memory Usage (139484K) : topmetal1_iprobe has 0 polygons
2026-08-20 11:01:18 +0000: Memory Usage (139484K) : topmetal1_diffprb has 0 polygons
2026-08-20 11:01:18 +0000: Memory Usage (139484K) : inldpwl_drw has 0 polygons
2026-08-20 11:01:18 +0000: Memory Usage (139484K) : polyres_drw has 4 polygons
2026-08-20 11:01:18 +0000: Memory Usage (139612K) : polyres_pin has 0 polygons
2026-08-20 11:01:18 +0000: Memory Usage (139612K) : vmim_drw has 225 polygons
2026-08-20 11:01:18 +0000: Memory Usage (139612K) : nbulaycut_drw has 0 polygons
2026-08-20 11:01:18 +0000: Memory Usage (139612K) : antmetal1_drw has 0 polygons
2026-08-20 11:01:18 +0000: Memory Usage (139612K) : topvia2_drw has 211 polygons
2026-08-20 11:01:18 +0000: Memory Usage (139740K) : topmetal2_drw has 29 polygons
2026-08-20 11:01:18 +0000: Memory Usage (139740K) : topmetal2_filler has 0 polygons
2026-08-20 11:01:18 +0000: Memory Usage (139868K) : topmetal2_slit has 0 polygons
2026-08-20 11:01:18 +0000: Memory Usage (139868K) : topmetal2 has 29 polygons
2026-08-20 11:01:18 +0000: Memory Usage (139868K) : topmetal2_pin has 0 polygons
2026-08-20 11:01:18 +0000: Memory Usage (139996K) : topmetal2_mask has 0 polygons
2026-08-20 11:01:18 +0000: Memory Usage (139996K) : topmetal2_nofill has 0 polygons
2026-08-20 11:01:18 +0000: Memory Usage (139996K) : topmetal2_text has 4 polygons
2026-08-20 11:01:18 +0000: Memory Usage (139996K) : topmetal2_noqrc has 0 polygons
2026-08-20 11:01:18 +0000: Memory Usage (140124K) : topmetal2_res has 0 polygons
2026-08-20 11:01:18 +0000: Memory Usage (140124K) : topmetal2_iprobe has 0 polygons
2026-08-20 11:01:18 +0000: Memory Usage (140124K) : topmetal2_diffprb has 0 polygons
2026-08-20 11:01:18 +0000: Memory Usage (140124K) : snsring_drw has 0 polygons
2026-08-20 11:01:18 +0000: Memory Usage (140252K) : sensor_drw has 0 polygons
2026-08-20 11:01:18 +0000: Memory Usage (140252K) : snsarms_drw has 0 polygons
2026-08-20 11:01:18 +0000: Memory Usage (140252K) : snscmosvia_drw has 0 polygons
2026-08-20 11:01:18 +0000: Memory Usage (140252K) : colwind_drw has 0 polygons
2026-08-20 11:01:18 +0000: Memory Usage (140380K) : flm_drw has 0 polygons
2026-08-20 11:01:18 +0000: Memory Usage (140508K) : hafniumox_drw has 0 polygons
2026-08-20 11:01:18 +0000: Memory Usage (140508K) : memvia_drw has 0 polygons
2026-08-20 11:01:18 +0000: Memory Usage (140508K) : thinfilmres_drw has 0 polygons
2026-08-20 11:01:18 +0000: Memory Usage (140508K) : rfmem_drw has 0 polygons
2026-08-20 11:01:18 +0000: Memory Usage (140636K) : norcx_drw has 0 polygons
2026-08-20 11:01:18 +0000: Memory Usage (140636K) : norcx_m2m3 has 0 polygons
2026-08-20 11:01:18 +0000: Memory Usage (140636K) : norcx_m2m4 has 0 polygons
2026-08-20 11:01:18 +0000: Memory Usage (140636K) : norcx_m2m5 has 0 polygons
2026-08-20 11:01:18 +0000: Memory Usage (140636K) : norcx_m2tm1 has 0 polygons
2026-08-20 11:01:18 +0000: Memory Usage (140636K) : norcx_m2tm2 has 0 polygons
2026-08-20 11:01:18 +0000: Memory Usage (140636K) : norcx_m3m4 has 0 polygons
2026-08-20 11:01:18 +0000: Memory Usage (140636K) : norcx_m3m5 has 0 polygons
2026-08-20 11:01:18 +0000: Memory Usage (140636K) : norcx_m3tm1 has 0 polygons
2026-08-20 11:01:18 +0000: Memory Usage (140636K) : norcx_m3tm2 has 0 polygons
2026-08-20 11:01:18 +0000: Memory Usage (140636K) : norcx_m4m5 has 0 polygons
2026-08-20 11:01:18 +0000: Memory Usage (140636K) : norcx_m4tm1 has 0 polygons
2026-08-20 11:01:18 +0000: Memory Usage (140636K) : norcx_m4tm2 has 0 polygons
2026-08-20 11:01:18 +0000: Memory Usage (140636K) : norcx_m5tm1 has 0 polygons
2026-08-20 11:01:18 +0000: Memory Usage (140636K) : norcx_m5tm2 has 0 polygons
2026-08-20 11:01:18 +0000: Memory Usage (140636K) : norcx_tm1tm2 has 0 polygons
2026-08-20 11:01:18 +0000: Memory Usage (140636K) : norcx_m1sub has 0 polygons
2026-08-20 11:01:18 +0000: Memory Usage (140636K) : norcx_m2sub has 0 polygons
2026-08-20 11:01:18 +0000: Memory Usage (140636K) : norcx_m3sub has 0 polygons
2026-08-20 11:01:18 +0000: Memory Usage (140636K) : norcx_m4sub has 0 polygons
2026-08-20 11:01:18 +0000: Memory Usage (140636K) : norcx_m5sub has 0 polygons
2026-08-20 11:01:18 +0000: Memory Usage (140636K) : norcx_tm1sub has 0 polygons
2026-08-20 11:01:18 +0000: Memory Usage (140636K) : norcx_tm2sub has 0 polygons
2026-08-20 11:01:18 +0000: Memory Usage (140636K) : snsbotvia_drw has 0 polygons
2026-08-20 11:01:18 +0000: Memory Usage (140636K) : snstopvia_drw has 0 polygons
2026-08-20 11:01:18 +0000: Memory Usage (140636K) : deepvia_drw has 0 polygons
2026-08-20 11:01:18 +0000: Memory Usage (140636K) : fgetch_drw has 0 polygons
2026-08-20 11:01:18 +0000: Memory Usage (140636K) : ctrgat_drw has 0 polygons
2026-08-20 11:01:18 +0000: Memory Usage (140636K) : fgimp_drw has 0 polygons
2026-08-20 11:01:18 +0000: Memory Usage (140636K) : emwihv_drw has 0 polygons
2026-08-20 11:01:18 +0000: Memory Usage (140636K) : lbe_drw has 0 polygons
2026-08-20 11:01:18 +0000: Memory Usage (140636K) : alcustop_drw has 0 polygons
2026-08-20 11:01:18 +0000: Memory Usage (140636K) : nometfiller_drw has 0 polygons
2026-08-20 11:01:18 +0000: Memory Usage (140636K) : prboundary_drw has 0 polygons
2026-08-20 11:01:18 +0000: Memory Usage (140636K) : exchange0_drw has 0 polygons
2026-08-20 11:01:18 +0000: Memory Usage (140636K) : exchange0_pin has 0 polygons
2026-08-20 11:01:18 +0000: Memory Usage (140636K) : exchange0_text has 0 polygons
2026-08-20 11:01:18 +0000: Memory Usage (140636K) : exchange1_drw has 0 polygons
2026-08-20 11:01:18 +0000: Memory Usage (140636K) : exchange1_pin has 0 polygons
2026-08-20 11:01:18 +0000: Memory Usage (140636K) : exchange1_text has 0 polygons
2026-08-20 11:01:18 +0000: Memory Usage (140636K) : exchange2_drw has 0 polygons
2026-08-20 11:01:18 +0000: Memory Usage (140636K) : exchange2_pin has 0 polygons
2026-08-20 11:01:18 +0000: Memory Usage (140636K) : exchange2_text has 0 polygons
2026-08-20 11:01:18 +0000: Memory Usage (140636K) : exchange3_drw has 0 polygons
2026-08-20 11:01:18 +0000: Memory Usage (140636K) : exchange3_pin has 0 polygons
2026-08-20 11:01:18 +0000: Memory Usage (140636K) : exchange3_text has 0 polygons
2026-08-20 11:01:18 +0000: Memory Usage (140636K) : exchange4_drw has 0 polygons
2026-08-20 11:01:18 +0000: Memory Usage (140636K) : exchange4_pin has 0 polygons
2026-08-20 11:01:18 +0000: Memory Usage (140636K) : exchange4_text has 0 polygons
2026-08-20 11:01:18 +0000: Memory Usage (140636K) : isonwell_drw has 0 polygons
2026-08-20 11:01:18 +0000: Memory Usage (140636K) : Total no. of polygons in the design is 13314
2026-08-20 11:01:18 +0000: Memory Usage (140636K) : Starting base layers derivations
2026-08-20 11:01:18 +0000: Memory Usage (140636K) : Starting general LVS derivations
2026-08-20 11:01:18 +0000: Memory Usage (144520K) : Starting MOSFET DERIVATIONS
2026-08-20 11:01:18 +0000: Memory Usage (145288K) : Starting NMOS DERIVATIONS
2026-08-20 11:01:18 +0000: Memory Usage (145288K) : Starting PMOS DERIVATIONS
2026-08-20 11:01:18 +0000: Memory Usage (145288K) : Starting RF-MOSFET DERIVATIONS
2026-08-20 11:01:18 +0000: Memory Usage (145288K) : Starting RF-NMOS DERIVATIONS
2026-08-20 11:01:18 +0000: Memory Usage (145288K) : Starting RF-PMOS DERIVATIONS
2026-08-20 11:01:18 +0000: Memory Usage (145288K) : Starting BJT DERIVATIONS
2026-08-20 11:01:18 +0000: Memory Usage (145288K) : Starting NPN-BJT DERIVATIONS
2026-08-20 11:01:18 +0000: Memory Usage (145544K) : Starting PNP-BJT DERIVATIONS
2026-08-20 11:01:18 +0000: Memory Usage (145672K) : Starting DIODE DERIVATIONS
2026-08-20 11:01:18 +0000: Memory Usage (145672K) : Starting RESISTOR DERIVATIONS
2026-08-20 11:01:18 +0000: Memory Usage (145800K) : Starting CAP DERIVATIONS
2026-08-20 11:01:19 +0000: Memory Usage (145800K) : Starting CAP_CMOM DERIVATIONS
2026-08-20 11:01:19 +0000: Memory Usage (145800K) : Starting CAP_CMOMF DERIVATIONS
2026-08-20 11:01:19 +0000: Memory Usage (145800K) : Starting ESD DERIVATIONS
2026-08-20 11:01:19 +0000: Memory Usage (146184K) : Starting Inductor DERIVATIONS
2026-08-20 11:01:20 +0000: Memory Usage (146184K) : Starting Taps DERIVATIONS
2026-08-20 11:01:20 +0000: Memory Usage (146184K) : Starting SG13G2 LVS connectivity setup
2026-08-20 11:01:20 +0000: Memory Usage (146184K) : Starting SG13G2 LVS connectivity setup (Inter-layer)
2026-08-20 11:01:20 +0000: Memory Usage (146312K) : Starting SG13G2 LVS connectivity setup (Global)
2026-08-20 11:01:20 +0000: Memory Usage (146312K) : Starting LVS MOSFET CONNECTIONS
2026-08-20 11:01:20 +0000: Memory Usage (146312K) : Starting LVS RF-MOSFET CONNECTIONS
2026-08-20 11:01:20 +0000: Memory Usage (146312K) : Starting LVS BJT CONNECTIONS
2026-08-20 11:01:20 +0000: Memory Usage (146312K) : Starting LVS DIODE CONNECTIONS
2026-08-20 11:01:20 +0000: Memory Usage (146312K) : Starting RESISTOR CONNECTIONS
2026-08-20 11:01:20 +0000: Memory Usage (146312K) : Starting LVS CAP CONNECTIONS
2026-08-20 11:01:20 +0000: Memory Usage (146312K) : Starting CAP_CMOM CONNECTIONS
2026-08-20 11:01:20 +0000: Memory Usage (146312K) : Starting CAP_CMOMF CONNECTIONS
2026-08-20 11:01:20 +0000: Memory Usage (146312K) : Starting ESD CONNECTIONS
2026-08-20 11:01:20 +0000: Memory Usage (146312K) : Starting Inductor CONNECTIONS
2026-08-20 11:01:20 +0000: Memory Usage (146312K) : Starting LVS Taps CONNECTIONS
2026-08-20 11:01:20 +0000: Memory Usage (146312K) : Starting SG13G2 LVS DEVICES EXTRACTION
2026-08-20 11:01:20 +0000: Memory Usage (146312K) : Starting MOSFET EXTRACTION
2026-08-20 11:01:20 +0000: Memory Usage (146312K) : Starting NMOS EXTRACTION
2026-08-20 11:01:20 +0000: Memory Usage (146312K) : Extraction of NMOS-LV transistor
2026-08-20 11:01:20 +0000: Memory Usage (146312K) : Extraction of NMOS-HV transistor
2026-08-20 11:01:20 +0000: Memory Usage (146312K) : Starting PMOS EXTRACTION
2026-08-20 11:01:20 +0000: Memory Usage (146312K) : Extraction of PMOS-LV transistor
2026-08-20 11:01:20 +0000: Memory Usage (146312K) : Extraction of PMOS-HV transistor
2026-08-20 11:01:20 +0000: Memory Usage (146312K) : Starting RF-MOSFET EXTRACTION
2026-08-20 11:01:20 +0000: Memory Usage (146312K) : Extraction of RF-NMOS-LV transistor
2026-08-20 11:01:20 +0000: Memory Usage (146312K) : Extraction of RF-NMOS-HV transistor
2026-08-20 11:01:20 +0000: Memory Usage (146312K) : Extraction of RF-PMOS-LV transistor
2026-08-20 11:01:20 +0000: Memory Usage (146312K) : Extraction of RF-PMOS-HV transistor
2026-08-20 11:01:20 +0000: Memory Usage (146312K) : Starting BJT EXTRACTION
2026-08-20 11:01:20 +0000: Memory Usage (146312K) : Starting NPN-BJT EXTRACTION
2026-08-20 11:01:20 +0000: Memory Usage (146312K) : Extraction of npn13G2 BJT transistor
2026-08-20 11:01:20 +0000: Memory Usage (146312K) : Extraction of npn13G2L BJT transistor
2026-08-20 11:01:20 +0000: Memory Usage (146312K) : Extraction of npn13G2V BJT transistor
2026-08-20 11:01:20 +0000: Memory Usage (146312K) : Starting PNP-BJT EXTRACTION
2026-08-20 11:01:20 +0000: Memory Usage (146312K) : Extracting pnpMPA BJT
2026-08-20 11:01:20 +0000: Memory Usage (146312K) : Starting DIODE EXTRACTION
2026-08-20 11:01:20 +0000: Memory Usage (146312K) : Extracting dantenna diode
2026-08-20 11:01:20 +0000: Memory Usage (146312K) : Extracting dpantenna diode
2026-08-20 11:01:20 +0000: Memory Usage (146312K) : Extracting schottky_nbl1 diode
2026-08-20 11:01:20 +0000: Memory Usage (146312K) : Extracting isolbox diode
2026-08-20 11:01:20 +0000: Memory Usage (146312K) : Starting RESISTOR EXTRACTION
2026-08-20 11:01:20 +0000: Memory Usage (146312K) : Extracting rsil resistor
2026-08-20 11:01:20 +0000: Memory Usage (146568K) : Extracting rppd resistor
2026-08-20 11:01:20 +0000: Memory Usage (146568K) : Extracting rhigh resistor
2026-08-20 11:01:20 +0000: Memory Usage (146568K) : Extracting res_metal1 resistor
2026-08-20 11:01:20 +0000: Memory Usage (146568K) : Extracting res_metal2 resistor
2026-08-20 11:01:20 +0000: Memory Usage (146568K) : Extracting res_metal3 resistor
2026-08-20 11:01:20 +0000: Memory Usage (146568K) : Extracting res_metal4 resistor
2026-08-20 11:01:20 +0000: Memory Usage (146568K) : Extracting res_metal5 resistor
2026-08-20 11:01:20 +0000: Memory Usage (146568K) : Extracting res_topmetal1 resistor
2026-08-20 11:01:20 +0000: Memory Usage (146568K) : Extracting res_topmetal2 resistor
2026-08-20 11:01:20 +0000: Memory Usage (146568K) : Starting CAP EXTRACTION
2026-08-20 11:01:20 +0000: Memory Usage (146568K) : Extracting cap_cmim device
2026-08-20 11:01:20 +0000: Memory Usage (146568K) : Extracting rfcmim device
2026-08-20 11:01:20 +0000: Memory Usage (146568K) : Extracting sg13_hv_svaricap varactor
2026-08-20 11:01:20 +0000: Memory Usage (146568K) : Extracting cap_cmomi device
2026-08-20 11:01:20 +0000: Memory Usage (146568K) : Extracting cap_cmomf device
2026-08-20 11:01:20 +0000: Memory Usage (146568K) : Extracting sg13_moscap_n capacitor
2026-08-20 11:01:20 +0000: Memory Usage (146568K) : Extracting sg13_moscap_p capacitor
2026-08-20 11:01:20 +0000: Memory Usage (146568K) : Starting ESD EXTRACTION
2026-08-20 11:01:20 +0000: Memory Usage (146568K) : Extracting diodevdd_2kv ESD device
2026-08-20 11:01:20 +0000: Memory Usage (146568K) : Extracting diodevdd_4kv ESD device
2026-08-20 11:01:20 +0000: Memory Usage (146568K) : Extracting diodevss_2kv ESD device
2026-08-20 11:01:20 +0000: Memory Usage (146568K) : Extracting diodevss_4kv ESD device
2026-08-20 11:01:20 +0000: Memory Usage (146568K) : Extracting idiodevdd_2kv ESD device
2026-08-20 11:01:20 +0000: Memory Usage (146568K) : Extracting idiodevdd_4kv ESD device
2026-08-20 11:01:20 +0000: Memory Usage (146568K) : Extracting idiodevss_2kv ESD device
2026-08-20 11:01:20 +0000: Memory Usage (146568K) : Extracting idiodevss_4kv ESD device
2026-08-20 11:01:20 +0000: Memory Usage (146568K) : Extracting nmoscl_2 ESD device
2026-08-20 11:01:20 +0000: Memory Usage (146568K) : Extracting nmoscl_4 ESD device
2026-08-20 11:01:20 +0000: Memory Usage (146568K) : Starting Inductor EXTRACTION
2026-08-20 11:01:20 +0000: Memory Usage (146568K) : Extracting Inductor2 device
2026-08-20 11:01:20 +0000: Memory Usage (146568K) : Extracting Inductor3 device
2026-08-20 11:01:20 +0000: Memory Usage (146568K) : Starting Taps EXTRACTION
2026-08-20 11:01:20 +0000: Memory Usage (146568K) : DISABLE_TAP_EXTRACTION is enabled: skipping ntap1/ptap1 device extraction.
2026-08-20 11:01:20 +0000: Memory Usage (146568K) : Starting SG13G2 LVS RF MOS Model Mapping
2026-08-20 11:01:20 +0000: Memory Usage (146568K) : [layout_netlist] Apply RF MOS model mapping and rfmode parameter.
2026-08-20 11:01:20 +0000: Memory Usage (146568K) : Starting SG13G2 LVS Options Preparations
2026-08-20 11:01:20 +0000: Memory Usage (146568K) : SG13G2 LVS flow: extraction -> alignment -> option preparation -> comparison.
2026-08-20 11:01:20 +0000: Memory Usage (146568K) : Starting SG13G2 LVS Alignment
2026-08-20 11:01:20 +0000: Memory Usage (146568K) : Starting SG13G2 LVS Simplification
2026-08-20 11:01:20 +0000: Memory Usage (146568K) : [layout_netlist] simplify: ENABLED
2026-08-20 11:01:20 +0000: Memory Usage (146568K) : [layout_netlist] make_top_level_pins: SKIPPED
2026-08-20 11:01:20 +0000: Memory Usage (146568K) : [layout_netlist] combine_devices: SKIPPED
2026-08-20 11:01:20 +0000: Memory Usage (146568K) : [layout_netlist] purge: SKIPPED
2026-08-20 11:01:20 +0000: Memory Usage (146568K) : [layout_netlist] purge_nets: SKIPPED
2026-08-20 11:01:20 +0000: Memory Usage (146568K) : [schematic_netlist] simplify: ENABLED
2026-08-20 11:01:20 +0000: Memory Usage (146568K) : [schematic_netlist] make_top_level_pins: SKIPPED
2026-08-20 11:01:20 +0000: Memory Usage (146568K) : [schematic_netlist] combine_devices: SKIPPED
2026-08-20 11:01:20 +0000: Memory Usage (146568K) : [schematic_netlist] purge: SKIPPED
2026-08-20 11:01:20 +0000: Memory Usage (146568K) : [schematic_netlist] purge_nets: SKIPPED
2026-08-20 11:01:20 +0000: Memory Usage (146568K) : Starting SG13G2 LVS Comparison
2026-08-20 11:01:20 +0000: Memory Usage (146824K) : xxxxxxxxxxxxxxxxxxxxxxxxxxxxxxxxxxxxxxxxxx
2026-08-20 11:01:20 +0000: Memory Usage (146824K) : ERROR : Netlists don't match
2026-08-20 11:01:20 +0000: Memory Usage (146824K) : xxxxxxxxxxxxxxxxxxxxxxxxxxxxxxxxxxxxxxxxxx
2026-08-20 11:01:20 +0000: Memory Usage (146824K) : LVS Total Run time 2.133098 seconds
2026-08-20 11:01:43 +0000: Memory Usage (129032K) : Starting running SG13G2 Klayout LVS runset on /workspace/layout/blocks/out/term_stage/_bisect/plus_ring.gds
2026-08-20 11:01:43 +0000: Memory Usage (129032K) : Ruby Version for klayout: 3.2.3
2026-08-20 11:01:43 +0000: Memory Usage (130304K) : Loading database to memory is complete.
2026-08-20 11:01:43 +0000: Memory Usage (130304K) : SG13G2 Klayout LVS runset output at: /workspace/layout/blocks/out/term_stage/_bisect/plus_ring/plus_ring.lvsdb
2026-08-20 11:01:43 +0000: Memory Usage (130304K) : Evaluate switches.
2026-08-20 11:01:43 +0000: Memory Usage (130304K) : Extracted netlist with net names: true
2026-08-20 11:01:43 +0000: Memory Usage (130304K) : Extracted netlist with comments in details: false
2026-08-20 11:01:43 +0000: Memory Usage (130304K) : Selected NET_ONLY option: false
2026-08-20 11:01:43 +0000: Memory Usage (130304K) : Selected LAYOUT_NETLIST option: (none)
2026-08-20 11:01:43 +0000: Memory Usage (130304K) : Selected IGNORE_TOP_PORTS_MISMATCH option: true
2026-08-20 11:01:43 +0000: Memory Usage (130304K) : Selected IMPLICIT_NETS option: sub,sub!
2026-08-20 11:01:43 +0000: Memory Usage (130304K) : Selected TOP_LVL_PINS option: false
2026-08-20 11:01:43 +0000: Memory Usage (130304K) : Selected COMBINE DEVICES option: false
2026-08-20 11:01:43 +0000: Memory Usage (130304K) : Selected PURGE option: false
2026-08-20 11:01:43 +0000: Memory Usage (130304K) : Selected PURGE_NETS option: false
2026-08-20 11:01:43 +0000: Memory Usage (130304K) : Selected SIMPLIFY option: true
2026-08-20 11:01:43 +0000: Memory Usage (130304K) : Selected SERIES_RES option: true
2026-08-20 11:01:43 +0000: Memory Usage (130304K) : Selected PARALLEL_RES option: true
2026-08-20 11:01:43 +0000: Memory Usage (130304K) : Selected DISABLE_TAP_EXTRACTION option: true
2026-08-20 11:01:43 +0000: Memory Usage (130304K) : deep  mode is enabled.
2026-08-20 11:01:43 +0000: Memory Usage (130304K) : Applying implicit connections (case-sensitive, pattern supported) for nets: sub, sub!
2026-08-20 11:01:43 +0000: Memory Usage (131592K) : Netlist file: /workspace/layout/blocks/out/term_stage/_bisect/plus_ring.cdl
2026-08-20 11:01:43 +0000: Memory Usage (131592K) : LVS extracted netlist at: /workspace/layout/blocks/out/term_stage/_bisect/plus_ring/plus_ring_extracted.cir
2026-08-20 11:01:43 +0000: Memory Usage (131592K) : Applying SRAM integration support.
2026-08-20 11:01:43 +0000: Memory Usage (131592K) : Starting SG13G2 LVS runset
2026-08-20 11:01:43 +0000: Memory Usage (131592K) : Read in polygons from layers.
2026-08-20 11:01:43 +0000: Memory Usage (132872K) : activ_drw has 130 polygons
2026-08-20 11:01:43 +0000: Memory Usage (132872K) : activ_filler has 0 polygons
2026-08-20 11:01:43 +0000: Memory Usage (133000K) : activ has 130 polygons
2026-08-20 11:01:43 +0000: Memory Usage (133000K) : activ_pin has 0 polygons
2026-08-20 11:01:43 +0000: Memory Usage (133000K) : activ_mask has 0 polygons
2026-08-20 11:01:43 +0000: Memory Usage (133088K) : activ_nofill has 0 polygons
2026-08-20 11:01:43 +0000: Memory Usage (133600K) : activ_OPC has 0 polygons
2026-08-20 11:01:43 +0000: Memory Usage (133600K) : activ_iOPC has 0 polygons
2026-08-20 11:01:43 +0000: Memory Usage (133600K) : activ_noqrc has 0 polygons
2026-08-20 11:01:43 +0000: Memory Usage (133600K) : biwind_drw has 0 polygons
2026-08-20 11:01:43 +0000: Memory Usage (133600K) : biwind_OPC has 0 polygons
2026-08-20 11:01:43 +0000: Memory Usage (133600K) : gatpoly_drw has 25 polygons
2026-08-20 11:01:43 +0000: Memory Usage (133600K) : gatpoly_filler has 0 polygons
2026-08-20 11:01:43 +0000: Memory Usage (133600K) : gatpoly has 25 polygons
2026-08-20 11:01:43 +0000: Memory Usage (133600K) : gatpoly_pin has 0 polygons
2026-08-20 11:01:43 +0000: Memory Usage (133600K) : gatpoly_nofill has 0 polygons
2026-08-20 11:01:43 +0000: Memory Usage (133600K) : gatpoly_OPC has 0 polygons
2026-08-20 11:01:43 +0000: Memory Usage (133600K) : gatpoly_iOPC has 0 polygons
2026-08-20 11:01:43 +0000: Memory Usage (133600K) : gatpoly_noqrc has 0 polygons
2026-08-20 11:01:43 +0000: Memory Usage (133600K) : cont_drw has 6147 polygons
2026-08-20 11:01:43 +0000: Memory Usage (133600K) : cont_OPC has 0 polygons
2026-08-20 11:01:43 +0000: Memory Usage (133600K) : nsd_drw has 0 polygons
2026-08-20 11:01:43 +0000: Memory Usage (133600K) : nsd_block has 0 polygons
2026-08-20 11:01:43 +0000: Memory Usage (133600K) : metal1_drw has 280 polygons
2026-08-20 11:01:43 +0000: Memory Usage (133600K) : metal1_filler has 0 polygons
2026-08-20 11:01:43 +0000: Memory Usage (133728K) : metal1_slit has 0 polygons
2026-08-20 11:01:43 +0000: Memory Usage (133856K) : metal1 has 280 polygons
2026-08-20 11:01:43 +0000: Memory Usage (133984K) : metal1_pin has 112 polygons
2026-08-20 11:01:43 +0000: Memory Usage (133984K) : metal1_mask has 0 polygons
2026-08-20 11:01:43 +0000: Memory Usage (134112K) : metal1_nofill has 0 polygons
2026-08-20 11:01:43 +0000: Memory Usage (134240K) : metal1_text has 8 polygons
2026-08-20 11:01:43 +0000: Memory Usage (134240K) : metal1_OPC has 0 polygons
2026-08-20 11:01:43 +0000: Memory Usage (134368K) : metal1_noqrc has 0 polygons
2026-08-20 11:01:43 +0000: Memory Usage (134368K) : metal1_res has 0 polygons
2026-08-20 11:01:43 +0000: Memory Usage (134368K) : metal1_iprobe has 0 polygons
2026-08-20 11:01:43 +0000: Memory Usage (134496K) : metal1_diffprb has 0 polygons
2026-08-20 11:01:43 +0000: Memory Usage (134496K) : passiv_drw has 2 polygons
2026-08-20 11:01:43 +0000: Memory Usage (134496K) : passiv_pin has 0 polygons
2026-08-20 11:01:43 +0000: Memory Usage (134624K) : passiv_sbump has 0 polygons
2026-08-20 11:01:43 +0000: Memory Usage (134624K) : passiv_pillar has 0 polygons
2026-08-20 11:01:43 +0000: Memory Usage (134624K) : passiv_pdl has 0 polygons
2026-08-20 11:01:43 +0000: Memory Usage (134752K) : metal2_drw has 84 polygons
2026-08-20 11:01:43 +0000: Memory Usage (134752K) : metal2_filler has 0 polygons
2026-08-20 11:01:43 +0000: Memory Usage (134752K) : metal2_slit has 0 polygons
2026-08-20 11:01:43 +0000: Memory Usage (134752K) : metal2 has 84 polygons
2026-08-20 11:01:43 +0000: Memory Usage (134880K) : metal2_pin has 8 polygons
2026-08-20 11:01:43 +0000: Memory Usage (134880K) : metal2_mask has 0 polygons
2026-08-20 11:01:43 +0000: Memory Usage (134880K) : metal2_nofill has 0 polygons
2026-08-20 11:01:43 +0000: Memory Usage (134880K) : metal2_text has 8 polygons
2026-08-20 11:01:43 +0000: Memory Usage (135008K) : metal2_OPC has 0 polygons
2026-08-20 11:01:43 +0000: Memory Usage (135008K) : metal2_noqrc has 0 polygons
2026-08-20 11:01:43 +0000: Memory Usage (135008K) : metal2_res has 0 polygons
2026-08-20 11:01:43 +0000: Memory Usage (135008K) : metal2_iprobe has 0 polygons
2026-08-20 11:01:43 +0000: Memory Usage (135136K) : metal2_diffprb has 0 polygons
2026-08-20 11:01:43 +0000: Memory Usage (135136K) : baspoly_drw has 0 polygons
2026-08-20 11:01:43 +0000: Memory Usage (135136K) : baspoly_pin has 0 polygons
2026-08-20 11:01:43 +0000: Memory Usage (135136K) : psd_drw has 119 polygons
2026-08-20 11:01:43 +0000: Memory Usage (135264K) : nldb_drw has 0 polygons
2026-08-20 11:01:43 +0000: Memory Usage (135264K) : digibnd_drw has 0 polygons
2026-08-20 11:01:43 +0000: Memory Usage (135264K) : via1_drw has 1931 polygons
2026-08-20 11:01:43 +0000: Memory Usage (135392K) : backmetal1_drw has 0 polygons
2026-08-20 11:01:43 +0000: Memory Usage (135392K) : backmetal1_pin has 0 polygons
2026-08-20 11:01:43 +0000: Memory Usage (135392K) : backmetal1_mask has 0 polygons
2026-08-20 11:01:43 +0000: Memory Usage (135392K) : backmetal1_filler has 0 polygons
2026-08-20 11:01:43 +0000: Memory Usage (135520K) : backmetal1_nofill has 0 polygons
2026-08-20 11:01:43 +0000: Memory Usage (135520K) : backmetal1_slit has 0 polygons
2026-08-20 11:01:43 +0000: Memory Usage (135520K) : backmetal1_text has 0 polygons
2026-08-20 11:01:43 +0000: Memory Usage (135520K) : backmetal1_OPC has 0 polygons
2026-08-20 11:01:43 +0000: Memory Usage (135648K) : backmetal1_noqrc has 0 polygons
2026-08-20 11:01:43 +0000: Memory Usage (135648K) : backmetal1_res has 0 polygons
2026-08-20 11:01:43 +0000: Memory Usage (135648K) : backmetal1_iprobe has 0 polygons
2026-08-20 11:01:43 +0000: Memory Usage (135648K) : backmetal1_diffprb has 0 polygons
2026-08-20 11:01:43 +0000: Memory Usage (135776K) : backpassiv_drw has 0 polygons
2026-08-20 11:01:43 +0000: Memory Usage (135776K) : res_drw has 2 polygons
2026-08-20 11:01:43 +0000: Memory Usage (135776K) : sram_drw has 0 polygons
2026-08-20 11:01:43 +0000: Memory Usage (135904K) : trans_drw has 0 polygons
2026-08-20 11:01:43 +0000: Memory Usage (135904K) : ind_drw has 0 polygons
2026-08-20 11:01:43 +0000: Memory Usage (135904K) : ind_pin has 0 polygons
2026-08-20 11:01:43 +0000: Memory Usage (135904K) : ind_text has 0 polygons
2026-08-20 11:01:43 +0000: Memory Usage (136032K) : salblock_drw has 14 polygons
2026-08-20 11:01:43 +0000: Memory Usage (136032K) : via2_drw has 867 polygons
2026-08-20 11:01:43 +0000: Memory Usage (136032K) : metal3_drw has 72 polygons
2026-08-20 11:01:43 +0000: Memory Usage (136160K) : metal3_filler has 0 polygons
2026-08-20 11:01:43 +0000: Memory Usage (136160K) : metal3_slit has 0 polygons
2026-08-20 11:01:43 +0000: Memory Usage (136160K) : metal3 has 72 polygons
2026-08-20 11:01:43 +0000: Memory Usage (136160K) : metal3_pin has 2 polygons
2026-08-20 11:01:43 +0000: Memory Usage (136160K) : metal3_mask has 0 polygons
2026-08-20 11:01:43 +0000: Memory Usage (136160K) : metal3_nofill has 0 polygons
2026-08-20 11:01:43 +0000: Memory Usage (136160K) : metal3_text has 0 polygons
2026-08-20 11:01:43 +0000: Memory Usage (136160K) : metal3_OPC has 0 polygons
2026-08-20 11:01:43 +0000: Memory Usage (136160K) : metal3_noqrc has 0 polygons
2026-08-20 11:01:43 +0000: Memory Usage (136160K) : metal3_res has 0 polygons
2026-08-20 11:01:43 +0000: Memory Usage (136160K) : metal3_iprobe has 0 polygons
2026-08-20 11:01:43 +0000: Memory Usage (136160K) : metal3_diffprb has 0 polygons
2026-08-20 11:01:43 +0000: Memory Usage (136160K) : nwell_drw has 14 polygons
2026-08-20 11:01:43 +0000: Memory Usage (136160K) : nwell_pin has 0 polygons
2026-08-20 11:01:43 +0000: Memory Usage (136160K) : nwell_text has 0 polygons
2026-08-20 11:01:43 +0000: Memory Usage (136160K) : nbulay_drw has 1 polygons
2026-08-20 11:01:43 +0000: Memory Usage (136288K) : nbulay_pin has 0 polygons
2026-08-20 11:01:43 +0000: Memory Usage (136288K) : nbulay_block has 0 polygons
2026-08-20 11:01:43 +0000: Memory Usage (136288K) : emwind_drw has 0 polygons
2026-08-20 11:01:43 +0000: Memory Usage (136288K) : emwind_OPC has 0 polygons
2026-08-20 11:01:43 +0000: Memory Usage (136288K) : deepco_drw has 0 polygons
2026-08-20 11:01:43 +0000: Memory Usage (136416K) : mim_drw has 1 polygons
2026-08-20 11:01:43 +0000: Memory Usage (136416K) : edgeseal_drw has 0 polygons
2026-08-20 11:01:43 +0000: Memory Usage (136416K) : substrate_drw has 100 polygons
2026-08-20 11:01:43 +0000: Memory Usage (136416K) : substrate_text has 0 polygons
2026-08-20 11:01:43 +0000: Memory Usage (136416K) : dfpad_drw has 2 polygons
2026-08-20 11:01:43 +0000: Memory Usage (136416K) : dfpad_pillar has 0 polygons
2026-08-20 11:01:43 +0000: Memory Usage (136544K) : dfpad_sbump has 0 polygons
2026-08-20 11:01:43 +0000: Memory Usage (136544K) : thickgateox_drw has 1 polygons
2026-08-20 11:01:43 +0000: Memory Usage (136544K) : pldb_drw has 0 polygons
2026-08-20 11:01:43 +0000: Memory Usage (136544K) : pwell_drw has 0 polygons
2026-08-20 11:01:43 +0000: Memory Usage (136544K) : pwell_pin has 0 polygons
2026-08-20 11:01:43 +0000: Memory Usage (136672K) : pwell_block has 0 polygons
2026-08-20 11:01:43 +0000: Memory Usage (136672K) : ic_drw has 0 polygons
2026-08-20 11:01:43 +0000: Memory Usage (136672K) : via3_drw has 1067 polygons
2026-08-20 11:01:43 +0000: Memory Usage (136672K) : metal4_drw has 34 polygons
2026-08-20 11:01:43 +0000: Memory Usage (136672K) : metal4_filler has 0 polygons
2026-08-20 11:01:43 +0000: Memory Usage (136672K) : metal4_slit has 0 polygons
2026-08-20 11:01:43 +0000: Memory Usage (136800K) : metal4 has 34 polygons
2026-08-20 11:01:43 +0000: Memory Usage (136800K) : metal4_pin has 0 polygons
2026-08-20 11:01:43 +0000: Memory Usage (136800K) : metal4_mask has 0 polygons
2026-08-20 11:01:43 +0000: Memory Usage (136800K) : metal4_nofill has 0 polygons
2026-08-20 11:01:43 +0000: Memory Usage (136800K) : metal4_text has 4 polygons
2026-08-20 11:01:43 +0000: Memory Usage (136800K) : metal4_OPC has 0 polygons
2026-08-20 11:01:43 +0000: Memory Usage (136928K) : metal4_noqrc has 0 polygons
2026-08-20 11:01:43 +0000: Memory Usage (136928K) : metal4_res has 0 polygons
2026-08-20 11:01:43 +0000: Memory Usage (136928K) : metal4_iprobe has 0 polygons
2026-08-20 11:01:43 +0000: Memory Usage (136928K) : metal4_diffprb has 0 polygons
2026-08-20 11:01:43 +0000: Memory Usage (136928K) : heattrans_drw has 0 polygons
2026-08-20 11:01:43 +0000: Memory Usage (136928K) : heatres_drw has 4 polygons
2026-08-20 11:01:43 +0000: Memory Usage (137056K) : fbe_drw has 0 polygons
2026-08-20 11:01:43 +0000: Memory Usage (137056K) : empoly_drw has 0 polygons
2026-08-20 11:01:43 +0000: Memory Usage (137056K) : digisub_drw has 0 polygons
2026-08-20 11:01:43 +0000: Memory Usage (137056K) : text_drw has 126 polygons
2026-08-20 11:01:43 +0000: Memory Usage (137056K) : via4_drw has 1063 polygons
2026-08-20 11:01:43 +0000: Memory Usage (137056K) : metal5_drw has 61 polygons
2026-08-20 11:01:43 +0000: Memory Usage (137184K) : metal5_filler has 0 polygons
2026-08-20 11:01:43 +0000: Memory Usage (137184K) : metal5_slit has 0 polygons
2026-08-20 11:01:43 +0000: Memory Usage (137184K) : metal5 has 61 polygons
2026-08-20 11:01:43 +0000: Memory Usage (137184K) : metal5_pin has 0 polygons
2026-08-20 11:01:43 +0000: Memory Usage (137184K) : metal5_mask has 0 polygons
2026-08-20 11:01:43 +0000: Memory Usage (137184K) : metal5_nofill has 0 polygons
2026-08-20 11:01:43 +0000: Memory Usage (137184K) : metal5_text has 0 polygons
2026-08-20 11:01:43 +0000: Memory Usage (137312K) : metal5_OPC has 0 polygons
2026-08-20 11:01:43 +0000: Memory Usage (137312K) : metal5_noqrc has 0 polygons
2026-08-20 11:01:43 +0000: Memory Usage (137312K) : metal5_res has 0 polygons
2026-08-20 11:01:43 +0000: Memory Usage (137312K) : metal5_iprobe has 0 polygons
2026-08-20 11:01:43 +0000: Memory Usage (137312K) : metal5_diffprb has 0 polygons
2026-08-20 11:01:43 +0000: Memory Usage (137440K) : radhard_drw has 0 polygons
2026-08-20 11:01:43 +0000: Memory Usage (137440K) : memcap_drw has 0 polygons
2026-08-20 11:01:43 +0000: Memory Usage (137440K) : varicap_drw has 0 polygons
2026-08-20 11:01:43 +0000: Memory Usage (137440K) : intbondvia_drw has 0 polygons
2026-08-20 11:01:43 +0000: Memory Usage (137568K) : intbondmet_drw has 0 polygons
2026-08-20 11:01:43 +0000: Memory Usage (137568K) : devbondvia_drw has 0 polygons
2026-08-20 11:01:43 +0000: Memory Usage (137568K) : devbondmet_drw has 0 polygons
2026-08-20 11:01:43 +0000: Memory Usage (137568K) : devtrench_drw has 0 polygons
2026-08-20 11:01:43 +0000: Memory Usage (137568K) : redist_drw has 0 polygons
2026-08-20 11:01:43 +0000: Memory Usage (137696K) : graphbot_drw has 0 polygons
2026-08-20 11:01:43 +0000: Memory Usage (137696K) : graphtop_drw has 0 polygons
2026-08-20 11:01:43 +0000: Memory Usage (137696K) : antvia1_drw has 0 polygons
2026-08-20 11:01:43 +0000: Memory Usage (137696K) : antmetal2_drw has 0 polygons
2026-08-20 11:01:43 +0000: Memory Usage (137696K) : graphcont_drw has 0 polygons
2026-08-20 11:01:43 +0000: Memory Usage (137824K) : siwg_drw has 0 polygons
2026-08-20 11:01:43 +0000: Memory Usage (137824K) : siwg_filler has 0 polygons
2026-08-20 11:01:43 +0000: Memory Usage (137824K) : siwg_nofill has 0 polygons
2026-08-20 11:01:43 +0000: Memory Usage (137824K) : sigrating_drw has 0 polygons
2026-08-20 11:01:43 +0000: Memory Usage (137824K) : singrating_drw has 0 polygons
2026-08-20 11:01:43 +0000: Memory Usage (137824K) : graphpas_drw has 0 polygons
2026-08-20 11:01:43 +0000: Memory Usage (137952K) : emwind3_drw has 0 polygons
2026-08-20 11:01:43 +0000: Memory Usage (137952K) : emwihv3_drw has 0 polygons
2026-08-20 11:01:43 +0000: Memory Usage (137952K) : redbulay_drw has 0 polygons
2026-08-20 11:01:43 +0000: Memory Usage (137952K) : smos_drw has 0 polygons
2026-08-20 11:01:43 +0000: Memory Usage (137952K) : graphpad_drw has 0 polygons
2026-08-20 11:01:43 +0000: Memory Usage (138080K) : polimide_drw has 0 polygons
2026-08-20 11:01:43 +0000: Memory Usage (138080K) : polimide_pin has 0 polygons
2026-08-20 11:01:43 +0000: Memory Usage (138080K) : recog_drw has 1 polygons
2026-08-20 11:01:43 +0000: Memory Usage (138080K) : recog_pin has 0 polygons
2026-08-20 11:01:43 +0000: Memory Usage (138080K) : recog_esd has 5 polygons
2026-08-20 11:01:43 +0000: Memory Usage (138208K) : recog_diode has 0 polygons
2026-08-20 11:01:43 +0000: Memory Usage (138208K) : recog_tsv has 0 polygons
2026-08-20 11:01:43 +0000: Memory Usage (138208K) : recog_iprobe has 0 polygons
2026-08-20 11:01:43 +0000: Memory Usage (138208K) : recog_diffprb has 0 polygons
2026-08-20 11:01:43 +0000: Memory Usage (138336K) : recog_pillar has 0 polygons
2026-08-20 11:01:43 +0000: Memory Usage (138336K) : recog_sbump has 0 polygons
2026-08-20 11:01:43 +0000: Memory Usage (138336K) : recog_otp has 0 polygons
2026-08-20 11:01:43 +0000: Memory Usage (138336K) : recog_pdiode has 0 polygons
2026-08-20 11:01:43 +0000: Memory Usage (138464K) : recog_mom has 0 polygons
2026-08-20 11:01:43 +0000: Memory Usage (138464K) : recog_momf has 0 polygons
2026-08-20 11:01:43 +0000: Memory Usage (138464K) : recog_pcm has 0 polygons
2026-08-20 11:01:43 +0000: Memory Usage (138464K) : colopen_drw has 0 polygons
2026-08-20 11:01:43 +0000: Memory Usage (138592K) : graphmetal1_drw has 0 polygons
2026-08-20 11:01:43 +0000: Memory Usage (138592K) : graphmetal1_filler has 0 polygons
2026-08-20 11:01:43 +0000: Memory Usage (138592K) : graphmetal1_nofill has 0 polygons
2026-08-20 11:01:43 +0000: Memory Usage (138592K) : graphmetal1_slit has 0 polygons
2026-08-20 11:01:43 +0000: Memory Usage (138720K) : graphmetal1_OPC has 0 polygons
2026-08-20 11:01:43 +0000: Memory Usage (138720K) : graphmet1l_drw has 0 polygons
2026-08-20 11:01:43 +0000: Memory Usage (138720K) : graphmet1l_filler has 0 polygons
2026-08-20 11:01:43 +0000: Memory Usage (138848K) : graphmet1l_nofill has 0 polygons
2026-08-20 11:01:43 +0000: Memory Usage (138848K) : graphmet1l_slit has 0 polygons
2026-08-20 11:01:43 +0000: Memory Usage (138848K) : graphmet1l_OPC has 0 polygons
2026-08-20 11:01:43 +0000: Memory Usage (138848K) : extblock_drw has 12 polygons
2026-08-20 11:01:43 +0000: Memory Usage (138848K) : nldd_drw has 0 polygons
2026-08-20 11:01:43 +0000: Memory Usage (138976K) : pldd_drw has 0 polygons
2026-08-20 11:01:43 +0000: Memory Usage (138976K) : next_drw has 0 polygons
2026-08-20 11:01:43 +0000: Memory Usage (138976K) : pext_drw has 0 polygons
2026-08-20 11:01:43 +0000: Memory Usage (138976K) : nexthv_drw has 0 polygons
2026-08-20 11:01:43 +0000: Memory Usage (138976K) : pexthv_drw has 0 polygons
2026-08-20 11:01:43 +0000: Memory Usage (139104K) : graphgate_drw has 0 polygons
2026-08-20 11:01:43 +0000: Memory Usage (139104K) : sinwg_drw has 0 polygons
2026-08-20 11:01:43 +0000: Memory Usage (139104K) : sinwg_filler has 0 polygons
2026-08-20 11:01:43 +0000: Memory Usage (139104K) : sinwg_nofill has 0 polygons
2026-08-20 11:01:43 +0000: Memory Usage (139104K) : mempad_drw has 0 polygons
2026-08-20 11:01:43 +0000: Memory Usage (139104K) : topvia1_drw has 491 polygons
2026-08-20 11:01:43 +0000: Memory Usage (139232K) : topmetal1_drw has 43 polygons
2026-08-20 11:01:43 +0000: Memory Usage (139232K) : topmetal1_filler has 0 polygons
2026-08-20 11:01:43 +0000: Memory Usage (139232K) : topmetal1_slit has 0 polygons
2026-08-20 11:01:43 +0000: Memory Usage (139232K) : topmetal1 has 43 polygons
2026-08-20 11:01:43 +0000: Memory Usage (139232K) : topmetal1_pin has 0 polygons
2026-08-20 11:01:43 +0000: Memory Usage (139360K) : topmetal1_mask has 0 polygons
2026-08-20 11:01:43 +0000: Memory Usage (139360K) : topmetal1_nofill has 0 polygons
2026-08-20 11:01:43 +0000: Memory Usage (139360K) : topmetal1_text has 0 polygons
2026-08-20 11:01:43 +0000: Memory Usage (139360K) : topmetal1_noqrc has 0 polygons
2026-08-20 11:01:43 +0000: Memory Usage (139360K) : topmetal1_res has 0 polygons
2026-08-20 11:01:43 +0000: Memory Usage (139488K) : topmetal1_iprobe has 0 polygons
2026-08-20 11:01:43 +0000: Memory Usage (139488K) : topmetal1_diffprb has 0 polygons
2026-08-20 11:01:43 +0000: Memory Usage (139488K) : inldpwl_drw has 0 polygons
2026-08-20 11:01:43 +0000: Memory Usage (139488K) : polyres_drw has 4 polygons
2026-08-20 11:01:43 +0000: Memory Usage (139616K) : polyres_pin has 0 polygons
2026-08-20 11:01:43 +0000: Memory Usage (139616K) : vmim_drw has 225 polygons
2026-08-20 11:01:43 +0000: Memory Usage (139616K) : nbulaycut_drw has 0 polygons
2026-08-20 11:01:43 +0000: Memory Usage (139616K) : antmetal1_drw has 0 polygons
2026-08-20 11:01:43 +0000: Memory Usage (139744K) : topvia2_drw has 211 polygons
2026-08-20 11:01:43 +0000: Memory Usage (139744K) : topmetal2_drw has 29 polygons
2026-08-20 11:01:43 +0000: Memory Usage (139872K) : topmetal2_filler has 0 polygons
2026-08-20 11:01:43 +0000: Memory Usage (139872K) : topmetal2_slit has 0 polygons
2026-08-20 11:01:43 +0000: Memory Usage (139872K) : topmetal2 has 29 polygons
2026-08-20 11:01:43 +0000: Memory Usage (140000K) : topmetal2_pin has 0 polygons
2026-08-20 11:01:43 +0000: Memory Usage (140000K) : topmetal2_mask has 0 polygons
2026-08-20 11:01:43 +0000: Memory Usage (140000K) : topmetal2_nofill has 0 polygons
2026-08-20 11:01:43 +0000: Memory Usage (140000K) : topmetal2_text has 4 polygons
2026-08-20 11:01:43 +0000: Memory Usage (140000K) : topmetal2_noqrc has 0 polygons
2026-08-20 11:01:43 +0000: Memory Usage (140128K) : topmetal2_res has 0 polygons
2026-08-20 11:01:43 +0000: Memory Usage (140128K) : topmetal2_iprobe has 0 polygons
2026-08-20 11:01:43 +0000: Memory Usage (140128K) : topmetal2_diffprb has 0 polygons
2026-08-20 11:01:43 +0000: Memory Usage (140128K) : snsring_drw has 0 polygons
2026-08-20 11:01:43 +0000: Memory Usage (140256K) : sensor_drw has 0 polygons
2026-08-20 11:01:43 +0000: Memory Usage (140256K) : snsarms_drw has 0 polygons
2026-08-20 11:01:43 +0000: Memory Usage (140256K) : snscmosvia_drw has 0 polygons
2026-08-20 11:01:43 +0000: Memory Usage (140384K) : colwind_drw has 0 polygons
2026-08-20 11:01:43 +0000: Memory Usage (140512K) : flm_drw has 0 polygons
2026-08-20 11:01:43 +0000: Memory Usage (140512K) : hafniumox_drw has 0 polygons
2026-08-20 11:01:43 +0000: Memory Usage (140512K) : memvia_drw has 0 polygons
2026-08-20 11:01:43 +0000: Memory Usage (140512K) : thinfilmres_drw has 0 polygons
2026-08-20 11:01:43 +0000: Memory Usage (140640K) : rfmem_drw has 0 polygons
2026-08-20 11:01:43 +0000: Memory Usage (140640K) : norcx_drw has 0 polygons
2026-08-20 11:01:43 +0000: Memory Usage (140640K) : norcx_m2m3 has 0 polygons
2026-08-20 11:01:43 +0000: Memory Usage (140640K) : norcx_m2m4 has 0 polygons
2026-08-20 11:01:43 +0000: Memory Usage (140640K) : norcx_m2m5 has 0 polygons
2026-08-20 11:01:43 +0000: Memory Usage (140640K) : norcx_m2tm1 has 0 polygons
2026-08-20 11:01:43 +0000: Memory Usage (140640K) : norcx_m2tm2 has 0 polygons
2026-08-20 11:01:43 +0000: Memory Usage (140640K) : norcx_m3m4 has 0 polygons
2026-08-20 11:01:43 +0000: Memory Usage (140640K) : norcx_m3m5 has 0 polygons
2026-08-20 11:01:43 +0000: Memory Usage (140640K) : norcx_m3tm1 has 0 polygons
2026-08-20 11:01:43 +0000: Memory Usage (140640K) : norcx_m3tm2 has 0 polygons
2026-08-20 11:01:43 +0000: Memory Usage (140640K) : norcx_m4m5 has 0 polygons
2026-08-20 11:01:43 +0000: Memory Usage (140640K) : norcx_m4tm1 has 0 polygons
2026-08-20 11:01:43 +0000: Memory Usage (140640K) : norcx_m4tm2 has 0 polygons
2026-08-20 11:01:43 +0000: Memory Usage (140640K) : norcx_m5tm1 has 0 polygons
2026-08-20 11:01:43 +0000: Memory Usage (140640K) : norcx_m5tm2 has 0 polygons
2026-08-20 11:01:43 +0000: Memory Usage (140640K) : norcx_tm1tm2 has 0 polygons
2026-08-20 11:01:43 +0000: Memory Usage (140640K) : norcx_m1sub has 0 polygons
2026-08-20 11:01:43 +0000: Memory Usage (140640K) : norcx_m2sub has 0 polygons
2026-08-20 11:01:43 +0000: Memory Usage (140640K) : norcx_m3sub has 0 polygons
2026-08-20 11:01:43 +0000: Memory Usage (140640K) : norcx_m4sub has 0 polygons
2026-08-20 11:01:43 +0000: Memory Usage (140640K) : norcx_m5sub has 0 polygons
2026-08-20 11:01:43 +0000: Memory Usage (140640K) : norcx_tm1sub has 0 polygons
2026-08-20 11:01:43 +0000: Memory Usage (140640K) : norcx_tm2sub has 0 polygons
2026-08-20 11:01:43 +0000: Memory Usage (140640K) : snsbotvia_drw has 0 polygons
2026-08-20 11:01:43 +0000: Memory Usage (140640K) : snstopvia_drw has 0 polygons
2026-08-20 11:01:43 +0000: Memory Usage (140640K) : deepvia_drw has 0 polygons
2026-08-20 11:01:43 +0000: Memory Usage (140640K) : fgetch_drw has 0 polygons
2026-08-20 11:01:43 +0000: Memory Usage (140640K) : ctrgat_drw has 0 polygons
2026-08-20 11:01:43 +0000: Memory Usage (140640K) : fgimp_drw has 0 polygons
2026-08-20 11:01:43 +0000: Memory Usage (140640K) : emwihv_drw has 0 polygons
2026-08-20 11:01:43 +0000: Memory Usage (140640K) : lbe_drw has 0 polygons
2026-08-20 11:01:43 +0000: Memory Usage (140640K) : alcustop_drw has 0 polygons
2026-08-20 11:01:43 +0000: Memory Usage (140640K) : nometfiller_drw has 0 polygons
2026-08-20 11:01:43 +0000: Memory Usage (140640K) : prboundary_drw has 0 polygons
2026-08-20 11:01:43 +0000: Memory Usage (140640K) : exchange0_drw has 0 polygons
2026-08-20 11:01:43 +0000: Memory Usage (140640K) : exchange0_pin has 0 polygons
2026-08-20 11:01:43 +0000: Memory Usage (140640K) : exchange0_text has 0 polygons
2026-08-20 11:01:43 +0000: Memory Usage (140640K) : exchange1_drw has 0 polygons
2026-08-20 11:01:43 +0000: Memory Usage (140640K) : exchange1_pin has 0 polygons
2026-08-20 11:01:43 +0000: Memory Usage (140640K) : exchange1_text has 0 polygons
2026-08-20 11:01:43 +0000: Memory Usage (140640K) : exchange2_drw has 0 polygons
2026-08-20 11:01:43 +0000: Memory Usage (140640K) : exchange2_pin has 0 polygons
2026-08-20 11:01:43 +0000: Memory Usage (140640K) : exchange2_text has 0 polygons
2026-08-20 11:01:43 +0000: Memory Usage (140640K) : exchange3_drw has 0 polygons
2026-08-20 11:01:43 +0000: Memory Usage (140640K) : exchange3_pin has 0 polygons
2026-08-20 11:01:43 +0000: Memory Usage (140640K) : exchange3_text has 0 polygons
2026-08-20 11:01:43 +0000: Memory Usage (140640K) : exchange4_drw has 0 polygons
2026-08-20 11:01:43 +0000: Memory Usage (140640K) : exchange4_pin has 0 polygons
2026-08-20 11:01:43 +0000: Memory Usage (140640K) : exchange4_text has 0 polygons
2026-08-20 11:01:43 +0000: Memory Usage (140640K) : isonwell_drw has 0 polygons
2026-08-20 11:01:43 +0000: Memory Usage (140640K) : Total no. of polygons in the design is 13314
2026-08-20 11:01:43 +0000: Memory Usage (140640K) : Starting base layers derivations
2026-08-20 11:01:43 +0000: Memory Usage (140640K) : Starting general LVS derivations
2026-08-20 11:01:43 +0000: Memory Usage (144588K) : Starting MOSFET DERIVATIONS
2026-08-20 11:01:43 +0000: Memory Usage (145356K) : Starting NMOS DERIVATIONS
2026-08-20 11:01:43 +0000: Memory Usage (145356K) : Starting PMOS DERIVATIONS
2026-08-20 11:01:43 +0000: Memory Usage (145356K) : Starting RF-MOSFET DERIVATIONS
2026-08-20 11:01:43 +0000: Memory Usage (145356K) : Starting RF-NMOS DERIVATIONS
2026-08-20 11:01:43 +0000: Memory Usage (145356K) : Starting RF-PMOS DERIVATIONS
2026-08-20 11:01:43 +0000: Memory Usage (145356K) : Starting BJT DERIVATIONS
2026-08-20 11:01:43 +0000: Memory Usage (145356K) : Starting NPN-BJT DERIVATIONS
2026-08-20 11:01:43 +0000: Memory Usage (145612K) : Starting PNP-BJT DERIVATIONS
2026-08-20 11:01:43 +0000: Memory Usage (145740K) : Starting DIODE DERIVATIONS
2026-08-20 11:01:44 +0000: Memory Usage (145740K) : Starting RESISTOR DERIVATIONS
2026-08-20 11:01:44 +0000: Memory Usage (145996K) : Starting CAP DERIVATIONS
2026-08-20 11:01:44 +0000: Memory Usage (145996K) : Starting CAP_CMOM DERIVATIONS
2026-08-20 11:01:44 +0000: Memory Usage (145996K) : Starting CAP_CMOMF DERIVATIONS
2026-08-20 11:01:44 +0000: Memory Usage (145996K) : Starting ESD DERIVATIONS
2026-08-20 11:01:45 +0000: Memory Usage (146124K) : Starting Inductor DERIVATIONS
2026-08-20 11:01:45 +0000: Memory Usage (146124K) : Starting Taps DERIVATIONS
2026-08-20 11:01:45 +0000: Memory Usage (146508K) : Starting SG13G2 LVS connectivity setup
2026-08-20 11:01:45 +0000: Memory Usage (146508K) : Starting SG13G2 LVS connectivity setup (Inter-layer)
2026-08-20 11:01:45 +0000: Memory Usage (146636K) : Starting SG13G2 LVS connectivity setup (Global)
2026-08-20 11:01:45 +0000: Memory Usage (146636K) : Starting LVS MOSFET CONNECTIONS
2026-08-20 11:01:45 +0000: Memory Usage (146636K) : Starting LVS RF-MOSFET CONNECTIONS
2026-08-20 11:01:45 +0000: Memory Usage (146636K) : Starting LVS BJT CONNECTIONS
2026-08-20 11:01:45 +0000: Memory Usage (146636K) : Starting LVS DIODE CONNECTIONS
2026-08-20 11:01:45 +0000: Memory Usage (146636K) : Starting RESISTOR CONNECTIONS
2026-08-20 11:01:45 +0000: Memory Usage (146636K) : Starting LVS CAP CONNECTIONS
2026-08-20 11:01:45 +0000: Memory Usage (146636K) : Starting CAP_CMOM CONNECTIONS
2026-08-20 11:01:45 +0000: Memory Usage (146636K) : Starting CAP_CMOMF CONNECTIONS
2026-08-20 11:01:45 +0000: Memory Usage (146636K) : Starting ESD CONNECTIONS
2026-08-20 11:01:45 +0000: Memory Usage (146636K) : Starting Inductor CONNECTIONS
2026-08-20 11:01:45 +0000: Memory Usage (146636K) : Starting LVS Taps CONNECTIONS
2026-08-20 11:01:45 +0000: Memory Usage (146636K) : Starting SG13G2 LVS DEVICES EXTRACTION
2026-08-20 11:01:45 +0000: Memory Usage (146636K) : Starting MOSFET EXTRACTION
2026-08-20 11:01:45 +0000: Memory Usage (146636K) : Starting NMOS EXTRACTION
2026-08-20 11:01:45 +0000: Memory Usage (146636K) : Extraction of NMOS-LV transistor
2026-08-20 11:01:45 +0000: Memory Usage (146764K) : Extraction of NMOS-HV transistor
2026-08-20 11:01:45 +0000: Memory Usage (146764K) : Starting PMOS EXTRACTION
2026-08-20 11:01:45 +0000: Memory Usage (146764K) : Extraction of PMOS-LV transistor
2026-08-20 11:01:45 +0000: Memory Usage (146764K) : Extraction of PMOS-HV transistor
2026-08-20 11:01:45 +0000: Memory Usage (146764K) : Starting RF-MOSFET EXTRACTION
2026-08-20 11:01:45 +0000: Memory Usage (146764K) : Extraction of RF-NMOS-LV transistor
2026-08-20 11:01:45 +0000: Memory Usage (146764K) : Extraction of RF-NMOS-HV transistor
2026-08-20 11:01:45 +0000: Memory Usage (146764K) : Extraction of RF-PMOS-LV transistor
2026-08-20 11:01:45 +0000: Memory Usage (146764K) : Extraction of RF-PMOS-HV transistor
2026-08-20 11:01:45 +0000: Memory Usage (146764K) : Starting BJT EXTRACTION
2026-08-20 11:01:45 +0000: Memory Usage (146764K) : Starting NPN-BJT EXTRACTION
2026-08-20 11:01:45 +0000: Memory Usage (146764K) : Extraction of npn13G2 BJT transistor
2026-08-20 11:01:45 +0000: Memory Usage (146764K) : Extraction of npn13G2L BJT transistor
2026-08-20 11:01:45 +0000: Memory Usage (146764K) : Extraction of npn13G2V BJT transistor
2026-08-20 11:01:45 +0000: Memory Usage (146764K) : Starting PNP-BJT EXTRACTION
2026-08-20 11:01:45 +0000: Memory Usage (146764K) : Extracting pnpMPA BJT
2026-08-20 11:01:45 +0000: Memory Usage (146764K) : Starting DIODE EXTRACTION
2026-08-20 11:01:45 +0000: Memory Usage (146764K) : Extracting dantenna diode
2026-08-20 11:01:45 +0000: Memory Usage (146764K) : Extracting dpantenna diode
2026-08-20 11:01:45 +0000: Memory Usage (146764K) : Extracting schottky_nbl1 diode
2026-08-20 11:01:45 +0000: Memory Usage (146764K) : Extracting isolbox diode
2026-08-20 11:01:45 +0000: Memory Usage (146764K) : Starting RESISTOR EXTRACTION
2026-08-20 11:01:45 +0000: Memory Usage (146764K) : Extracting rsil resistor
2026-08-20 11:01:45 +0000: Memory Usage (146892K) : Extracting rppd resistor
2026-08-20 11:01:45 +0000: Memory Usage (146892K) : Extracting rhigh resistor
2026-08-20 11:01:45 +0000: Memory Usage (146892K) : Extracting res_metal1 resistor
2026-08-20 11:01:45 +0000: Memory Usage (147020K) : Extracting res_metal2 resistor
2026-08-20 11:01:45 +0000: Memory Usage (147020K) : Extracting res_metal3 resistor
2026-08-20 11:01:45 +0000: Memory Usage (147020K) : Extracting res_metal4 resistor
2026-08-20 11:01:45 +0000: Memory Usage (147020K) : Extracting res_metal5 resistor
2026-08-20 11:01:45 +0000: Memory Usage (147020K) : Extracting res_topmetal1 resistor
2026-08-20 11:01:45 +0000: Memory Usage (147020K) : Extracting res_topmetal2 resistor
2026-08-20 11:01:45 +0000: Memory Usage (147020K) : Starting CAP EXTRACTION
2026-08-20 11:01:45 +0000: Memory Usage (147020K) : Extracting cap_cmim device
2026-08-20 11:01:45 +0000: Memory Usage (147020K) : Extracting rfcmim device
2026-08-20 11:01:45 +0000: Memory Usage (147020K) : Extracting sg13_hv_svaricap varactor
2026-08-20 11:01:45 +0000: Memory Usage (147020K) : Extracting cap_cmomi device
2026-08-20 11:01:45 +0000: Memory Usage (147020K) : Extracting cap_cmomf device
2026-08-20 11:01:45 +0000: Memory Usage (147020K) : Extracting sg13_moscap_n capacitor
2026-08-20 11:01:45 +0000: Memory Usage (147020K) : Extracting sg13_moscap_p capacitor
2026-08-20 11:01:45 +0000: Memory Usage (147020K) : Starting ESD EXTRACTION
2026-08-20 11:01:45 +0000: Memory Usage (147020K) : Extracting diodevdd_2kv ESD device
2026-08-20 11:01:45 +0000: Memory Usage (147020K) : Extracting diodevdd_4kv ESD device
2026-08-20 11:01:45 +0000: Memory Usage (147020K) : Extracting diodevss_2kv ESD device
2026-08-20 11:01:45 +0000: Memory Usage (147020K) : Extracting diodevss_4kv ESD device
2026-08-20 11:01:45 +0000: Memory Usage (147020K) : Extracting idiodevdd_2kv ESD device
2026-08-20 11:01:45 +0000: Memory Usage (147020K) : Extracting idiodevdd_4kv ESD device
2026-08-20 11:01:45 +0000: Memory Usage (147020K) : Extracting idiodevss_2kv ESD device
2026-08-20 11:01:45 +0000: Memory Usage (147020K) : Extracting idiodevss_4kv ESD device
2026-08-20 11:01:45 +0000: Memory Usage (147020K) : Extracting nmoscl_2 ESD device
2026-08-20 11:01:45 +0000: Memory Usage (147020K) : Extracting nmoscl_4 ESD device
2026-08-20 11:01:45 +0000: Memory Usage (147020K) : Starting Inductor EXTRACTION
2026-08-20 11:01:45 +0000: Memory Usage (147020K) : Extracting Inductor2 device
2026-08-20 11:01:45 +0000: Memory Usage (147020K) : Extracting Inductor3 device
2026-08-20 11:01:45 +0000: Memory Usage (147020K) : Starting Taps EXTRACTION
2026-08-20 11:01:45 +0000: Memory Usage (147020K) : DISABLE_TAP_EXTRACTION is enabled: skipping ntap1/ptap1 device extraction.
2026-08-20 11:01:45 +0000: Memory Usage (147020K) : Starting SG13G2 LVS RF MOS Model Mapping
2026-08-20 11:01:45 +0000: Memory Usage (147020K) : [layout_netlist] Apply RF MOS model mapping and rfmode parameter.
2026-08-20 11:01:45 +0000: Memory Usage (147020K) : Starting SG13G2 LVS Options Preparations
2026-08-20 11:01:45 +0000: Memory Usage (147020K) : SG13G2 LVS flow: extraction -> alignment -> option preparation -> comparison.
2026-08-20 11:01:45 +0000: Memory Usage (147020K) : Starting SG13G2 LVS Alignment
2026-08-20 11:01:45 +0000: Memory Usage (147020K) : Starting SG13G2 LVS Simplification
2026-08-20 11:01:45 +0000: Memory Usage (147020K) : [layout_netlist] simplify: ENABLED
2026-08-20 11:01:45 +0000: Memory Usage (147020K) : [layout_netlist] make_top_level_pins: SKIPPED
2026-08-20 11:01:45 +0000: Memory Usage (147020K) : [layout_netlist] combine_devices: SKIPPED
2026-08-20 11:01:45 +0000: Memory Usage (147020K) : [layout_netlist] purge: SKIPPED
2026-08-20 11:01:45 +0000: Memory Usage (147020K) : [layout_netlist] purge_nets: SKIPPED
2026-08-20 11:01:45 +0000: Memory Usage (147020K) : [schematic_netlist] simplify: ENABLED
2026-08-20 11:01:45 +0000: Memory Usage (147020K) : [schematic_netlist] make_top_level_pins: SKIPPED
2026-08-20 11:01:45 +0000: Memory Usage (147020K) : [schematic_netlist] combine_devices: SKIPPED
2026-08-20 11:01:45 +0000: Memory Usage (147020K) : [schematic_netlist] purge: SKIPPED
2026-08-20 11:01:45 +0000: Memory Usage (147020K) : [schematic_netlist] purge_nets: SKIPPED
2026-08-20 11:01:45 +0000: Memory Usage (147020K) : Starting SG13G2 LVS Comparison
2026-08-20 11:01:45 +0000: Memory Usage (147148K) : xxxxxxxxxxxxxxxxxxxxxxxxxxxxxxxxxxxxxxxxxx
2026-08-20 11:01:45 +0000: Memory Usage (147148K) : ERROR : Netlists don't match
2026-08-20 11:01:45 +0000: Memory Usage (147148K) : xxxxxxxxxxxxxxxxxxxxxxxxxxxxxxxxxxxxxxxxxx
2026-08-20 11:01:45 +0000: Memory Usage (147148K) : LVS Total Run time 2.215748 seconds
