# Logfile created on 2026-08-20 08:55:34 +0000 by logger.rb/v1.5.3
2026-08-20 08:55:34 +0000: Memory Usage (128652K) : Starting running SG13G2 Klayout LVS runset on /workspace/layout/blocks/out/term_stage/_bisect/plus_divider.gds
2026-08-20 08:55:34 +0000: Memory Usage (128652K) : Ruby Version for klayout: 3.2.3
2026-08-20 08:55:34 +0000: Memory Usage (129864K) : Loading database to memory is complete.
2026-08-20 08:55:34 +0000: Memory Usage (129864K) : SG13G2 Klayout LVS runset output at: /workspace/layout/blocks/out/term_stage/_bisect/plus_divider/plus_divider.lvsdb
2026-08-20 08:55:34 +0000: Memory Usage (129864K) : Evaluate switches.
2026-08-20 08:55:34 +0000: Memory Usage (129864K) : Extracted netlist with net names: true
2026-08-20 08:55:34 +0000: Memory Usage (129864K) : Extracted netlist with comments in details: false
2026-08-20 08:55:34 +0000: Memory Usage (129864K) : Selected NET_ONLY option: false
2026-08-20 08:55:34 +0000: Memory Usage (129864K) : Selected LAYOUT_NETLIST option: (none)
2026-08-20 08:55:34 +0000: Memory Usage (129864K) : Selected IGNORE_TOP_PORTS_MISMATCH option: true
2026-08-20 08:55:34 +0000: Memory Usage (129864K) : Selected IMPLICIT_NETS option: sub,sub!
2026-08-20 08:55:34 +0000: Memory Usage (129864K) : Selected TOP_LVL_PINS option: false
2026-08-20 08:55:34 +0000: Memory Usage (129864K) : Selected COMBINE DEVICES option: false
2026-08-20 08:55:34 +0000: Memory Usage (129864K) : Selected PURGE option: false
2026-08-20 08:55:34 +0000: Memory Usage (129864K) : Selected PURGE_NETS option: false
2026-08-20 08:55:34 +0000: Memory Usage (129864K) : Selected SIMPLIFY option: true
2026-08-20 08:55:34 +0000: Memory Usage (129864K) : Selected SERIES_RES option: true
2026-08-20 08:55:34 +0000: Memory Usage (129864K) : Selected PARALLEL_RES option: true
2026-08-20 08:55:34 +0000: Memory Usage (129864K) : Selected DISABLE_TAP_EXTRACTION option: true
2026-08-20 08:55:34 +0000: Memory Usage (129864K) : deep  mode is enabled.
2026-08-20 08:55:34 +0000: Memory Usage (129864K) : Applying implicit connections (case-sensitive, pattern supported) for nets: sub, sub!
2026-08-20 08:55:34 +0000: Memory Usage (131044K) : Netlist file: /workspace/layout/blocks/out/term_stage/_bisect/plus_divider.cdl
2026-08-20 08:55:34 +0000: Memory Usage (131044K) : LVS extracted netlist at: /workspace/layout/blocks/out/term_stage/_bisect/plus_divider/plus_divider_extracted.cir
2026-08-20 08:55:34 +0000: Memory Usage (131044K) : Applying SRAM integration support.
2026-08-20 08:55:34 +0000: Memory Usage (131044K) : Starting SG13G2 LVS runset
2026-08-20 08:55:34 +0000: Memory Usage (131044K) : Read in polygons from layers.
2026-08-20 08:55:34 +0000: Memory Usage (132216K) : activ_drw has 24 polygons
2026-08-20 08:55:34 +0000: Memory Usage (132216K) : activ_filler has 0 polygons
2026-08-20 08:55:34 +0000: Memory Usage (132344K) : activ has 24 polygons
2026-08-20 08:55:34 +0000: Memory Usage (132344K) : activ_pin has 0 polygons
2026-08-20 08:55:34 +0000: Memory Usage (132344K) : activ_mask has 0 polygons
2026-08-20 08:55:34 +0000: Memory Usage (132344K) : activ_nofill has 0 polygons
2026-08-20 08:55:34 +0000: Memory Usage (132344K) : activ_OPC has 0 polygons
2026-08-20 08:55:34 +0000: Memory Usage (132344K) : activ_iOPC has 0 polygons
2026-08-20 08:55:34 +0000: Memory Usage (132344K) : activ_noqrc has 0 polygons
2026-08-20 08:55:34 +0000: Memory Usage (132344K) : biwind_drw has 0 polygons
2026-08-20 08:55:34 +0000: Memory Usage (132400K) : biwind_OPC has 0 polygons
2026-08-20 08:55:34 +0000: Memory Usage (132912K) : gatpoly_drw has 12 polygons
2026-08-20 08:55:34 +0000: Memory Usage (132912K) : gatpoly_filler has 0 polygons
2026-08-20 08:55:34 +0000: Memory Usage (132912K) : gatpoly has 12 polygons
2026-08-20 08:55:34 +0000: Memory Usage (132912K) : gatpoly_pin has 0 polygons
2026-08-20 08:55:34 +0000: Memory Usage (132912K) : gatpoly_nofill has 0 polygons
2026-08-20 08:55:34 +0000: Memory Usage (132912K) : gatpoly_OPC has 0 polygons
2026-08-20 08:55:34 +0000: Memory Usage (132912K) : gatpoly_iOPC has 0 polygons
2026-08-20 08:55:34 +0000: Memory Usage (132912K) : gatpoly_noqrc has 0 polygons
2026-08-20 08:55:34 +0000: Memory Usage (133040K) : cont_drw has 4324 polygons
2026-08-20 08:55:34 +0000: Memory Usage (133040K) : cont_OPC has 0 polygons
2026-08-20 08:55:34 +0000: Memory Usage (133040K) : nsd_drw has 0 polygons
2026-08-20 08:55:34 +0000: Memory Usage (133040K) : nsd_block has 0 polygons
2026-08-20 08:55:34 +0000: Memory Usage (133040K) : metal1_drw has 48 polygons
2026-08-20 08:55:34 +0000: Memory Usage (133040K) : metal1_filler has 0 polygons
2026-08-20 08:55:34 +0000: Memory Usage (133040K) : metal1_slit has 0 polygons
2026-08-20 08:55:34 +0000: Memory Usage (133040K) : metal1 has 48 polygons
2026-08-20 08:55:34 +0000: Memory Usage (133040K) : metal1_pin has 12 polygons
2026-08-20 08:55:34 +0000: Memory Usage (133040K) : metal1_mask has 0 polygons
2026-08-20 08:55:34 +0000: Memory Usage (133040K) : metal1_nofill has 0 polygons
2026-08-20 08:55:34 +0000: Memory Usage (133296K) : metal1_text has 4 polygons
2026-08-20 08:55:34 +0000: Memory Usage (133424K) : metal1_OPC has 0 polygons
2026-08-20 08:55:34 +0000: Memory Usage (133424K) : metal1_noqrc has 0 polygons
2026-08-20 08:55:34 +0000: Memory Usage (133424K) : metal1_res has 0 polygons
2026-08-20 08:55:34 +0000: Memory Usage (133552K) : metal1_iprobe has 0 polygons
2026-08-20 08:55:34 +0000: Memory Usage (133552K) : metal1_diffprb has 0 polygons
2026-08-20 08:55:34 +0000: Memory Usage (133680K) : passiv_drw has 2 polygons
2026-08-20 08:55:34 +0000: Memory Usage (133680K) : passiv_pin has 0 polygons
2026-08-20 08:55:34 +0000: Memory Usage (133680K) : passiv_sbump has 0 polygons
2026-08-20 08:55:34 +0000: Memory Usage (133808K) : passiv_pillar has 0 polygons
2026-08-20 08:55:34 +0000: Memory Usage (133808K) : passiv_pdl has 0 polygons
2026-08-20 08:55:34 +0000: Memory Usage (133808K) : metal2_drw has 38 polygons
2026-08-20 08:55:34 +0000: Memory Usage (133808K) : metal2_filler has 0 polygons
2026-08-20 08:55:34 +0000: Memory Usage (133808K) : metal2_slit has 0 polygons
2026-08-20 08:55:34 +0000: Memory Usage (133936K) : metal2 has 38 polygons
2026-08-20 08:55:34 +0000: Memory Usage (133936K) : metal2_pin has 8 polygons
2026-08-20 08:55:34 +0000: Memory Usage (133936K) : metal2_mask has 0 polygons
2026-08-20 08:55:34 +0000: Memory Usage (134064K) : metal2_nofill has 0 polygons
2026-08-20 08:55:34 +0000: Memory Usage (134064K) : metal2_text has 0 polygons
2026-08-20 08:55:34 +0000: Memory Usage (134064K) : metal2_OPC has 0 polygons
2026-08-20 08:55:34 +0000: Memory Usage (134064K) : metal2_noqrc has 0 polygons
2026-08-20 08:55:34 +0000: Memory Usage (134192K) : metal2_res has 0 polygons
2026-08-20 08:55:34 +0000: Memory Usage (134192K) : metal2_iprobe has 0 polygons
2026-08-20 08:55:34 +0000: Memory Usage (134192K) : metal2_diffprb has 0 polygons
2026-08-20 08:55:34 +0000: Memory Usage (134192K) : baspoly_drw has 0 polygons
2026-08-20 08:55:34 +0000: Memory Usage (134320K) : baspoly_pin has 0 polygons
2026-08-20 08:55:34 +0000: Memory Usage (134320K) : psd_drw has 18 polygons
2026-08-20 08:55:34 +0000: Memory Usage (134320K) : nldb_drw has 0 polygons
2026-08-20 08:55:34 +0000: Memory Usage (134320K) : digibnd_drw has 0 polygons
2026-08-20 08:55:34 +0000: Memory Usage (134448K) : via1_drw has 896 polygons
2026-08-20 08:55:34 +0000: Memory Usage (134448K) : backmetal1_drw has 0 polygons
2026-08-20 08:55:34 +0000: Memory Usage (134448K) : backmetal1_pin has 0 polygons
2026-08-20 08:55:34 +0000: Memory Usage (134448K) : backmetal1_mask has 0 polygons
2026-08-20 08:55:34 +0000: Memory Usage (134576K) : backmetal1_filler has 0 polygons
2026-08-20 08:55:34 +0000: Memory Usage (134576K) : backmetal1_nofill has 0 polygons
2026-08-20 08:55:34 +0000: Memory Usage (134576K) : backmetal1_slit has 0 polygons
2026-08-20 08:55:34 +0000: Memory Usage (134576K) : backmetal1_text has 0 polygons
2026-08-20 08:55:34 +0000: Memory Usage (134704K) : backmetal1_OPC has 0 polygons
2026-08-20 08:55:34 +0000: Memory Usage (134704K) : backmetal1_noqrc has 0 polygons
2026-08-20 08:55:34 +0000: Memory Usage (134704K) : backmetal1_res has 0 polygons
2026-08-20 08:55:34 +0000: Memory Usage (134704K) : backmetal1_iprobe has 0 polygons
2026-08-20 08:55:34 +0000: Memory Usage (134832K) : backmetal1_diffprb has 0 polygons
2026-08-20 08:55:34 +0000: Memory Usage (134832K) : backpassiv_drw has 0 polygons
2026-08-20 08:55:34 +0000: Memory Usage (134832K) : res_drw has 2 polygons
2026-08-20 08:55:34 +0000: Memory Usage (134832K) : sram_drw has 0 polygons
2026-08-20 08:55:34 +0000: Memory Usage (134960K) : trans_drw has 0 polygons
2026-08-20 08:55:34 +0000: Memory Usage (134960K) : ind_drw has 0 polygons
2026-08-20 08:55:34 +0000: Memory Usage (134960K) : ind_pin has 0 polygons
2026-08-20 08:55:34 +0000: Memory Usage (134960K) : ind_text has 0 polygons
2026-08-20 08:55:34 +0000: Memory Usage (135088K) : salblock_drw has 2 polygons
2026-08-20 08:55:34 +0000: Memory Usage (135088K) : via2_drw has 60 polygons
2026-08-20 08:55:34 +0000: Memory Usage (135088K) : metal3_drw has 23 polygons
2026-08-20 08:55:34 +0000: Memory Usage (135216K) : metal3_filler has 0 polygons
2026-08-20 08:55:34 +0000: Memory Usage (135216K) : metal3_slit has 0 polygons
2026-08-20 08:55:34 +0000: Memory Usage (135216K) : metal3 has 23 polygons
2026-08-20 08:55:34 +0000: Memory Usage (135216K) : metal3_pin has 0 polygons
2026-08-20 08:55:34 +0000: Memory Usage (135216K) : metal3_mask has 0 polygons
2026-08-20 08:55:34 +0000: Memory Usage (135216K) : metal3_nofill has 0 polygons
2026-08-20 08:55:34 +0000: Memory Usage (135216K) : metal3_text has 0 polygons
2026-08-20 08:55:34 +0000: Memory Usage (135216K) : metal3_OPC has 0 polygons
2026-08-20 08:55:34 +0000: Memory Usage (135216K) : metal3_noqrc has 0 polygons
2026-08-20 08:55:34 +0000: Memory Usage (135216K) : metal3_res has 0 polygons
2026-08-20 08:55:34 +0000: Memory Usage (135216K) : metal3_iprobe has 0 polygons
2026-08-20 08:55:34 +0000: Memory Usage (135216K) : metal3_diffprb has 0 polygons
2026-08-20 08:55:34 +0000: Memory Usage (135216K) : nwell_drw has 10 polygons
2026-08-20 08:55:34 +0000: Memory Usage (135344K) : nwell_pin has 0 polygons
2026-08-20 08:55:34 +0000: Memory Usage (135344K) : nwell_text has 0 polygons
2026-08-20 08:55:34 +0000: Memory Usage (135344K) : nbulay_drw has 0 polygons
2026-08-20 08:55:34 +0000: Memory Usage (135344K) : nbulay_pin has 0 polygons
2026-08-20 08:55:34 +0000: Memory Usage (135344K) : nbulay_block has 0 polygons
2026-08-20 08:55:34 +0000: Memory Usage (135344K) : emwind_drw has 0 polygons
2026-08-20 08:55:34 +0000: Memory Usage (135472K) : emwind_OPC has 0 polygons
2026-08-20 08:55:34 +0000: Memory Usage (135472K) : deepco_drw has 0 polygons
2026-08-20 08:55:34 +0000: Memory Usage (135472K) : mim_drw has 1 polygons
2026-08-20 08:55:34 +0000: Memory Usage (135472K) : edgeseal_drw has 0 polygons
2026-08-20 08:55:34 +0000: Memory Usage (135472K) : substrate_drw has 0 polygons
2026-08-20 08:55:34 +0000: Memory Usage (135472K) : substrate_text has 0 polygons
2026-08-20 08:55:34 +0000: Memory Usage (135600K) : dfpad_drw has 2 polygons
2026-08-20 08:55:34 +0000: Memory Usage (135600K) : dfpad_pillar has 0 polygons
2026-08-20 08:55:34 +0000: Memory Usage (135600K) : dfpad_sbump has 0 polygons
2026-08-20 08:55:34 +0000: Memory Usage (135600K) : thickgateox_drw has 0 polygons
2026-08-20 08:55:34 +0000: Memory Usage (135600K) : pldb_drw has 0 polygons
2026-08-20 08:55:34 +0000: Memory Usage (135728K) : pwell_drw has 0 polygons
2026-08-20 08:55:34 +0000: Memory Usage (135728K) : pwell_pin has 0 polygons
2026-08-20 08:55:34 +0000: Memory Usage (135728K) : pwell_block has 0 polygons
2026-08-20 08:55:34 +0000: Memory Usage (135728K) : ic_drw has 0 polygons
2026-08-20 08:55:34 +0000: Memory Usage (135728K) : via3_drw has 1032 polygons
2026-08-20 08:55:34 +0000: Memory Usage (135728K) : metal4_drw has 32 polygons
2026-08-20 08:55:34 +0000: Memory Usage (135856K) : metal4_filler has 0 polygons
2026-08-20 08:55:34 +0000: Memory Usage (135856K) : metal4_slit has 0 polygons
2026-08-20 08:55:34 +0000: Memory Usage (135856K) : metal4 has 32 polygons
2026-08-20 08:55:34 +0000: Memory Usage (135856K) : metal4_pin has 0 polygons
2026-08-20 08:55:34 +0000: Memory Usage (135856K) : metal4_mask has 0 polygons
2026-08-20 08:55:34 +0000: Memory Usage (135984K) : metal4_nofill has 0 polygons
2026-08-20 08:55:34 +0000: Memory Usage (135984K) : metal4_text has 4 polygons
2026-08-20 08:55:34 +0000: Memory Usage (135984K) : metal4_OPC has 0 polygons
2026-08-20 08:55:34 +0000: Memory Usage (135984K) : metal4_noqrc has 0 polygons
2026-08-20 08:55:34 +0000: Memory Usage (135984K) : metal4_res has 0 polygons
2026-08-20 08:55:34 +0000: Memory Usage (135984K) : metal4_iprobe has 0 polygons
2026-08-20 08:55:34 +0000: Memory Usage (135984K) : metal4_diffprb has 0 polygons
2026-08-20 08:55:34 +0000: Memory Usage (136112K) : heattrans_drw has 0 polygons
2026-08-20 08:55:34 +0000: Memory Usage (136112K) : heatres_drw has 4 polygons
2026-08-20 08:55:34 +0000: Memory Usage (136112K) : fbe_drw has 0 polygons
2026-08-20 08:55:34 +0000: Memory Usage (136112K) : empoly_drw has 0 polygons
2026-08-20 08:55:34 +0000: Memory Usage (136112K) : digisub_drw has 0 polygons
2026-08-20 08:55:34 +0000: Memory Usage (136112K) : text_drw has 22 polygons
2026-08-20 08:55:34 +0000: Memory Usage (136112K) : via4_drw has 1008 polygons
2026-08-20 08:55:34 +0000: Memory Usage (136240K) : metal5_drw has 31 polygons
2026-08-20 08:55:34 +0000: Memory Usage (136240K) : metal5_filler has 0 polygons
2026-08-20 08:55:34 +0000: Memory Usage (136240K) : metal5_slit has 0 polygons
2026-08-20 08:55:34 +0000: Memory Usage (136240K) : metal5 has 31 polygons
2026-08-20 08:55:34 +0000: Memory Usage (136240K) : metal5_pin has 0 polygons
2026-08-20 08:55:34 +0000: Memory Usage (136368K) : metal5_mask has 0 polygons
2026-08-20 08:55:34 +0000: Memory Usage (136368K) : metal5_nofill has 0 polygons
2026-08-20 08:55:34 +0000: Memory Usage (136368K) : metal5_text has 0 polygons
2026-08-20 08:55:34 +0000: Memory Usage (136368K) : metal5_OPC has 0 polygons
2026-08-20 08:55:34 +0000: Memory Usage (136368K) : metal5_noqrc has 0 polygons
2026-08-20 08:55:34 +0000: Memory Usage (136368K) : metal5_res has 0 polygons
2026-08-20 08:55:34 +0000: Memory Usage (136496K) : metal5_iprobe has 0 polygons
2026-08-20 08:55:34 +0000: Memory Usage (136496K) : metal5_diffprb has 0 polygons
2026-08-20 08:55:34 +0000: Memory Usage (136496K) : radhard_drw has 0 polygons
2026-08-20 08:55:34 +0000: Memory Usage (136496K) : memcap_drw has 0 polygons
2026-08-20 08:55:34 +0000: Memory Usage (136496K) : varicap_drw has 0 polygons
2026-08-20 08:55:34 +0000: Memory Usage (136496K) : intbondvia_drw has 0 polygons
2026-08-20 08:55:34 +0000: Memory Usage (136624K) : intbondmet_drw has 0 polygons
2026-08-20 08:55:34 +0000: Memory Usage (136624K) : devbondvia_drw has 0 polygons
2026-08-20 08:55:34 +0000: Memory Usage (136624K) : devbondmet_drw has 0 polygons
2026-08-20 08:55:34 +0000: Memory Usage (136624K) : devtrench_drw has 0 polygons
2026-08-20 08:55:34 +0000: Memory Usage (136624K) : redist_drw has 0 polygons
2026-08-20 08:55:34 +0000: Memory Usage (136624K) : graphbot_drw has 0 polygons
2026-08-20 08:55:34 +0000: Memory Usage (136752K) : graphtop_drw has 0 polygons
2026-08-20 08:55:34 +0000: Memory Usage (136752K) : antvia1_drw has 0 polygons
2026-08-20 08:55:34 +0000: Memory Usage (136752K) : antmetal2_drw has 0 polygons
2026-08-20 08:55:34 +0000: Memory Usage (136752K) : graphcont_drw has 0 polygons
2026-08-20 08:55:34 +0000: Memory Usage (136880K) : siwg_drw has 0 polygons
2026-08-20 08:55:34 +0000: Memory Usage (136880K) : siwg_filler has 0 polygons
2026-08-20 08:55:34 +0000: Memory Usage (136880K) : siwg_nofill has 0 polygons
2026-08-20 08:55:34 +0000: Memory Usage (136880K) : sigrating_drw has 0 polygons
2026-08-20 08:55:34 +0000: Memory Usage (136880K) : singrating_drw has 0 polygons
2026-08-20 08:55:34 +0000: Memory Usage (137008K) : graphpas_drw has 0 polygons
2026-08-20 08:55:34 +0000: Memory Usage (137008K) : emwind3_drw has 0 polygons
2026-08-20 08:55:34 +0000: Memory Usage (137008K) : emwihv3_drw has 0 polygons
2026-08-20 08:55:34 +0000: Memory Usage (137008K) : redbulay_drw has 0 polygons
2026-08-20 08:55:34 +0000: Memory Usage (137008K) : smos_drw has 0 polygons
2026-08-20 08:55:34 +0000: Memory Usage (137008K) : graphpad_drw has 0 polygons
2026-08-20 08:55:34 +0000: Memory Usage (137008K) : polimide_drw has 0 polygons
2026-08-20 08:55:34 +0000: Memory Usage (137136K) : polimide_pin has 0 polygons
2026-08-20 08:55:34 +0000: Memory Usage (137136K) : recog_drw has 0 polygons
2026-08-20 08:55:34 +0000: Memory Usage (137136K) : recog_pin has 0 polygons
2026-08-20 08:55:34 +0000: Memory Usage (137136K) : recog_esd has 4 polygons
2026-08-20 08:55:34 +0000: Memory Usage (137136K) : recog_diode has 0 polygons
2026-08-20 08:55:34 +0000: Memory Usage (137264K) : recog_tsv has 0 polygons
2026-08-20 08:55:34 +0000: Memory Usage (137264K) : recog_iprobe has 0 polygons
2026-08-20 08:55:34 +0000: Memory Usage (137264K) : recog_diffprb has 0 polygons
2026-08-20 08:55:34 +0000: Memory Usage (137264K) : recog_pillar has 0 polygons
2026-08-20 08:55:34 +0000: Memory Usage (137264K) : recog_sbump has 0 polygons
2026-08-20 08:55:34 +0000: Memory Usage (137264K) : recog_otp has 0 polygons
2026-08-20 08:55:34 +0000: Memory Usage (137392K) : recog_pdiode has 0 polygons
2026-08-20 08:55:34 +0000: Memory Usage (137392K) : recog_mom has 0 polygons
2026-08-20 08:55:34 +0000: Memory Usage (137392K) : recog_momf has 0 polygons
2026-08-20 08:55:34 +0000: Memory Usage (137392K) : recog_pcm has 0 polygons
2026-08-20 08:55:34 +0000: Memory Usage (137392K) : colopen_drw has 0 polygons
2026-08-20 08:55:34 +0000: Memory Usage (137520K) : graphmetal1_drw has 0 polygons
2026-08-20 08:55:34 +0000: Memory Usage (137520K) : graphmetal1_filler has 0 polygons
2026-08-20 08:55:34 +0000: Memory Usage (137520K) : graphmetal1_nofill has 0 polygons
2026-08-20 08:55:34 +0000: Memory Usage (137520K) : graphmetal1_slit has 0 polygons
2026-08-20 08:55:34 +0000: Memory Usage (137648K) : graphmetal1_OPC has 0 polygons
2026-08-20 08:55:34 +0000: Memory Usage (137648K) : graphmet1l_drw has 0 polygons
2026-08-20 08:55:34 +0000: Memory Usage (137648K) : graphmet1l_filler has 0 polygons
2026-08-20 08:55:34 +0000: Memory Usage (137648K) : graphmet1l_nofill has 0 polygons
2026-08-20 08:55:34 +0000: Memory Usage (137776K) : graphmet1l_slit has 0 polygons
2026-08-20 08:55:34 +0000: Memory Usage (137776K) : graphmet1l_OPC has 0 polygons
2026-08-20 08:55:34 +0000: Memory Usage (137776K) : extblock_drw has 12 polygons
2026-08-20 08:55:34 +0000: Memory Usage (137776K) : nldd_drw has 0 polygons
2026-08-20 08:55:34 +0000: Memory Usage (137904K) : pldd_drw has 0 polygons
2026-08-20 08:55:34 +0000: Memory Usage (137904K) : next_drw has 0 polygons
2026-08-20 08:55:34 +0000: Memory Usage (137904K) : pext_drw has 0 polygons
2026-08-20 08:55:34 +0000: Memory Usage (137904K) : nexthv_drw has 0 polygons
2026-08-20 08:55:34 +0000: Memory Usage (138032K) : pexthv_drw has 0 polygons
2026-08-20 08:55:34 +0000: Memory Usage (138032K) : graphgate_drw has 0 polygons
2026-08-20 08:55:34 +0000: Memory Usage (138032K) : sinwg_drw has 0 polygons
2026-08-20 08:55:34 +0000: Memory Usage (138032K) : sinwg_filler has 0 polygons
2026-08-20 08:55:34 +0000: Memory Usage (138160K) : sinwg_nofill has 0 polygons
2026-08-20 08:55:34 +0000: Memory Usage (138160K) : mempad_drw has 0 polygons
2026-08-20 08:55:34 +0000: Memory Usage (138160K) : topvia1_drw has 475 polygons
2026-08-20 08:55:34 +0000: Memory Usage (138160K) : topmetal1_drw has 10 polygons
2026-08-20 08:55:34 +0000: Memory Usage (138288K) : topmetal1_filler has 0 polygons
2026-08-20 08:55:34 +0000: Memory Usage (138288K) : topmetal1_slit has 0 polygons
2026-08-20 08:55:34 +0000: Memory Usage (138288K) : topmetal1 has 10 polygons
2026-08-20 08:55:34 +0000: Memory Usage (138416K) : topmetal1_pin has 0 polygons
2026-08-20 08:55:34 +0000: Memory Usage (138416K) : topmetal1_mask has 0 polygons
2026-08-20 08:55:34 +0000: Memory Usage (138416K) : topmetal1_nofill has 0 polygons
2026-08-20 08:55:34 +0000: Memory Usage (138416K) : topmetal1_text has 0 polygons
2026-08-20 08:55:34 +0000: Memory Usage (138544K) : topmetal1_noqrc has 0 polygons
2026-08-20 08:55:34 +0000: Memory Usage (138544K) : topmetal1_res has 0 polygons
2026-08-20 08:55:34 +0000: Memory Usage (138544K) : topmetal1_iprobe has 0 polygons
2026-08-20 08:55:34 +0000: Memory Usage (138544K) : topmetal1_diffprb has 0 polygons
2026-08-20 08:55:34 +0000: Memory Usage (138672K) : inldpwl_drw has 0 polygons
2026-08-20 08:55:34 +0000: Memory Usage (138672K) : polyres_drw has 4 polygons
2026-08-20 08:55:34 +0000: Memory Usage (138672K) : polyres_pin has 0 polygons
2026-08-20 08:55:34 +0000: Memory Usage (138672K) : vmim_drw has 225 polygons
2026-08-20 08:55:34 +0000: Memory Usage (138800K) : nbulaycut_drw has 0 polygons
2026-08-20 08:55:34 +0000: Memory Usage (138800K) : antmetal1_drw has 0 polygons
2026-08-20 08:55:34 +0000: Memory Usage (138928K) : topvia2_drw has 196 polygons
2026-08-20 08:55:34 +0000: Memory Usage (138928K) : topmetal2_drw has 6 polygons
2026-08-20 08:55:34 +0000: Memory Usage (138928K) : topmetal2_filler has 0 polygons
2026-08-20 08:55:34 +0000: Memory Usage (138928K) : topmetal2_slit has 0 polygons
2026-08-20 08:55:34 +0000: Memory Usage (139056K) : topmetal2 has 6 polygons
2026-08-20 08:55:34 +0000: Memory Usage (139056K) : topmetal2_pin has 0 polygons
2026-08-20 08:55:34 +0000: Memory Usage (139056K) : topmetal2_mask has 0 polygons
2026-08-20 08:55:34 +0000: Memory Usage (139184K) : topmetal2_nofill has 0 polygons
2026-08-20 08:55:34 +0000: Memory Usage (139184K) : topmetal2_text has 4 polygons
2026-08-20 08:55:34 +0000: Memory Usage (139184K) : topmetal2_noqrc has 0 polygons
2026-08-20 08:55:34 +0000: Memory Usage (139184K) : topmetal2_res has 0 polygons
2026-08-20 08:55:34 +0000: Memory Usage (139312K) : topmetal2_iprobe has 0 polygons
2026-08-20 08:55:34 +0000: Memory Usage (139312K) : topmetal2_diffprb has 0 polygons
2026-08-20 08:55:34 +0000: Memory Usage (139312K) : snsring_drw has 0 polygons
2026-08-20 08:55:34 +0000: Memory Usage (139440K) : sensor_drw has 0 polygons
2026-08-20 08:55:34 +0000: Memory Usage (139440K) : snsarms_drw has 0 polygons
2026-08-20 08:55:34 +0000: Memory Usage (139568K) : snscmosvia_drw has 0 polygons
2026-08-20 08:55:34 +0000: Memory Usage (139568K) : colwind_drw has 0 polygons
2026-08-20 08:55:34 +0000: Memory Usage (139568K) : flm_drw has 0 polygons
2026-08-20 08:55:34 +0000: Memory Usage (139696K) : hafniumox_drw has 0 polygons
2026-08-20 08:55:34 +0000: Memory Usage (139696K) : memvia_drw has 0 polygons
2026-08-20 08:55:34 +0000: Memory Usage (139696K) : thinfilmres_drw has 0 polygons
2026-08-20 08:55:34 +0000: Memory Usage (139696K) : rfmem_drw has 0 polygons
2026-08-20 08:55:34 +0000: Memory Usage (139696K) : norcx_drw has 0 polygons
2026-08-20 08:55:34 +0000: Memory Usage (139696K) : norcx_m2m3 has 0 polygons
2026-08-20 08:55:34 +0000: Memory Usage (139696K) : norcx_m2m4 has 0 polygons
2026-08-20 08:55:34 +0000: Memory Usage (139696K) : norcx_m2m5 has 0 polygons
2026-08-20 08:55:34 +0000: Memory Usage (139696K) : norcx_m2tm1 has 0 polygons
2026-08-20 08:55:34 +0000: Memory Usage (139696K) : norcx_m2tm2 has 0 polygons
2026-08-20 08:55:34 +0000: Memory Usage (139696K) : norcx_m3m4 has 0 polygons
2026-08-20 08:55:34 +0000: Memory Usage (139696K) : norcx_m3m5 has 0 polygons
2026-08-20 08:55:34 +0000: Memory Usage (139696K) : norcx_m3tm1 has 0 polygons
2026-08-20 08:55:34 +0000: Memory Usage (139696K) : norcx_m3tm2 has 0 polygons
2026-08-20 08:55:34 +0000: Memory Usage (139696K) : norcx_m4m5 has 0 polygons
2026-08-20 08:55:34 +0000: Memory Usage (139696K) : norcx_m4tm1 has 0 polygons
2026-08-20 08:55:34 +0000: Memory Usage (139696K) : norcx_m4tm2 has 0 polygons
2026-08-20 08:55:34 +0000: Memory Usage (139696K) : norcx_m5tm1 has 0 polygons
2026-08-20 08:55:34 +0000: Memory Usage (139696K) : norcx_m5tm2 has 0 polygons
2026-08-20 08:55:34 +0000: Memory Usage (139696K) : norcx_tm1tm2 has 0 polygons
2026-08-20 08:55:34 +0000: Memory Usage (139696K) : norcx_m1sub has 0 polygons
2026-08-20 08:55:34 +0000: Memory Usage (139696K) : norcx_m2sub has 0 polygons
2026-08-20 08:55:34 +0000: Memory Usage (139696K) : norcx_m3sub has 0 polygons
2026-08-20 08:55:34 +0000: Memory Usage (139696K) : norcx_m4sub has 0 polygons
2026-08-20 08:55:34 +0000: Memory Usage (139696K) : norcx_m5sub has 0 polygons
2026-08-20 08:55:34 +0000: Memory Usage (139696K) : norcx_tm1sub has 0 polygons
2026-08-20 08:55:34 +0000: Memory Usage (139696K) : norcx_tm2sub has 0 polygons
2026-08-20 08:55:34 +0000: Memory Usage (139696K) : snsbotvia_drw has 0 polygons
2026-08-20 08:55:34 +0000: Memory Usage (139696K) : snstopvia_drw has 0 polygons
2026-08-20 08:55:34 +0000: Memory Usage (139696K) : deepvia_drw has 0 polygons
2026-08-20 08:55:34 +0000: Memory Usage (139696K) : fgetch_drw has 0 polygons
2026-08-20 08:55:34 +0000: Memory Usage (139696K) : ctrgat_drw has 0 polygons
2026-08-20 08:55:34 +0000: Memory Usage (139696K) : fgimp_drw has 0 polygons
2026-08-20 08:55:34 +0000: Memory Usage (139696K) : emwihv_drw has 0 polygons
2026-08-20 08:55:34 +0000: Memory Usage (139696K) : lbe_drw has 0 polygons
2026-08-20 08:55:34 +0000: Memory Usage (139696K) : alcustop_drw has 0 polygons
2026-08-20 08:55:34 +0000: Memory Usage (139696K) : nometfiller_drw has 0 polygons
2026-08-20 08:55:34 +0000: Memory Usage (139696K) : prboundary_drw has 0 polygons
2026-08-20 08:55:34 +0000: Memory Usage (139696K) : exchange0_drw has 0 polygons
2026-08-20 08:55:34 +0000: Memory Usage (139696K) : exchange0_pin has 0 polygons
2026-08-20 08:55:34 +0000: Memory Usage (139696K) : exchange0_text has 0 polygons
2026-08-20 08:55:34 +0000: Memory Usage (139696K) : exchange1_drw has 0 polygons
2026-08-20 08:55:34 +0000: Memory Usage (139696K) : exchange1_pin has 0 polygons
2026-08-20 08:55:34 +0000: Memory Usage (139696K) : exchange1_text has 0 polygons
2026-08-20 08:55:34 +0000: Memory Usage (139696K) : exchange2_drw has 0 polygons
2026-08-20 08:55:34 +0000: Memory Usage (139696K) : exchange2_pin has 0 polygons
2026-08-20 08:55:34 +0000: Memory Usage (139696K) : exchange2_text has 0 polygons
2026-08-20 08:55:34 +0000: Memory Usage (139696K) : exchange3_drw has 0 polygons
2026-08-20 08:55:34 +0000: Memory Usage (139696K) : exchange3_pin has 0 polygons
2026-08-20 08:55:34 +0000: Memory Usage (139696K) : exchange3_text has 0 polygons
2026-08-20 08:55:34 +0000: Memory Usage (139696K) : exchange4_drw has 0 polygons
2026-08-20 08:55:34 +0000: Memory Usage (139696K) : exchange4_pin has 0 polygons
2026-08-20 08:55:34 +0000: Memory Usage (139696K) : exchange4_text has 0 polygons
2026-08-20 08:55:34 +0000: Memory Usage (139696K) : isonwell_drw has 0 polygons
2026-08-20 08:55:34 +0000: Memory Usage (139696K) : Total no. of polygons in the design is 8555
2026-08-20 08:55:34 +0000: Memory Usage (139696K) : Starting base layers derivations
2026-08-20 08:55:34 +0000: Memory Usage (139696K) : Starting general LVS derivations
2026-08-20 08:55:34 +0000: Memory Usage (142956K) : Starting MOSFET DERIVATIONS
2026-08-20 08:55:34 +0000: Memory Usage (143596K) : Starting NMOS DERIVATIONS
2026-08-20 08:55:34 +0000: Memory Usage (143596K) : Starting PMOS DERIVATIONS
2026-08-20 08:55:34 +0000: Memory Usage (143596K) : Starting RF-MOSFET DERIVATIONS
2026-08-20 08:55:34 +0000: Memory Usage (143596K) : Starting RF-NMOS DERIVATIONS
2026-08-20 08:55:34 +0000: Memory Usage (143596K) : Starting RF-PMOS DERIVATIONS
2026-08-20 08:55:34 +0000: Memory Usage (143596K) : Starting BJT DERIVATIONS
2026-08-20 08:55:34 +0000: Memory Usage (143596K) : Starting NPN-BJT DERIVATIONS
2026-08-20 08:55:34 +0000: Memory Usage (143596K) : Starting PNP-BJT DERIVATIONS
2026-08-20 08:55:34 +0000: Memory Usage (143596K) : Starting DIODE DERIVATIONS
2026-08-20 08:55:34 +0000: Memory Usage (143596K) : Starting RESISTOR DERIVATIONS
2026-08-20 08:55:34 +0000: Memory Usage (143980K) : Starting CAP DERIVATIONS
2026-08-20 08:55:34 +0000: Memory Usage (143980K) : Starting CAP_CMOM DERIVATIONS
2026-08-20 08:55:34 +0000: Memory Usage (143980K) : Starting CAP_CMOMF DERIVATIONS
2026-08-20 08:55:34 +0000: Memory Usage (143980K) : Starting ESD DERIVATIONS
2026-08-20 08:55:34 +0000: Memory Usage (145004K) : Starting Inductor DERIVATIONS
2026-08-20 08:55:34 +0000: Memory Usage (145004K) : Starting Taps DERIVATIONS
2026-08-20 08:55:35 +0000: Memory Usage (145004K) : Starting SG13G2 LVS connectivity setup
2026-08-20 08:55:35 +0000: Memory Usage (145004K) : Starting SG13G2 LVS connectivity setup (Inter-layer)
2026-08-20 08:55:35 +0000: Memory Usage (145132K) : Starting SG13G2 LVS connectivity setup (Global)
2026-08-20 08:55:35 +0000: Memory Usage (145132K) : Starting LVS MOSFET CONNECTIONS
2026-08-20 08:55:35 +0000: Memory Usage (145132K) : Starting LVS RF-MOSFET CONNECTIONS
2026-08-20 08:55:35 +0000: Memory Usage (145132K) : Starting LVS BJT CONNECTIONS
2026-08-20 08:55:35 +0000: Memory Usage (145132K) : Starting LVS DIODE CONNECTIONS
2026-08-20 08:55:35 +0000: Memory Usage (145132K) : Starting RESISTOR CONNECTIONS
2026-08-20 08:55:35 +0000: Memory Usage (145132K) : Starting LVS CAP CONNECTIONS
2026-08-20 08:55:35 +0000: Memory Usage (145132K) : Starting CAP_CMOM CONNECTIONS
2026-08-20 08:55:35 +0000: Memory Usage (145132K) : Starting CAP_CMOMF CONNECTIONS
2026-08-20 08:55:35 +0000: Memory Usage (145132K) : Starting ESD CONNECTIONS
2026-08-20 08:55:35 +0000: Memory Usage (145132K) : Starting Inductor CONNECTIONS
2026-08-20 08:55:35 +0000: Memory Usage (145132K) : Starting LVS Taps CONNECTIONS
2026-08-20 08:55:35 +0000: Memory Usage (145132K) : Starting SG13G2 LVS DEVICES EXTRACTION
2026-08-20 08:55:35 +0000: Memory Usage (145132K) : Starting MOSFET EXTRACTION
2026-08-20 08:55:35 +0000: Memory Usage (145132K) : Starting NMOS EXTRACTION
2026-08-20 08:55:35 +0000: Memory Usage (145132K) : Extraction of NMOS-LV transistor
2026-08-20 08:55:35 +0000: Memory Usage (145132K) : Extraction of NMOS-HV transistor
2026-08-20 08:55:35 +0000: Memory Usage (145132K) : Starting PMOS EXTRACTION
2026-08-20 08:55:35 +0000: Memory Usage (145132K) : Extraction of PMOS-LV transistor
2026-08-20 08:55:35 +0000: Memory Usage (145132K) : Extraction of PMOS-HV transistor
2026-08-20 08:55:35 +0000: Memory Usage (145132K) : Starting RF-MOSFET EXTRACTION
2026-08-20 08:55:35 +0000: Memory Usage (145132K) : Extraction of RF-NMOS-LV transistor
2026-08-20 08:55:35 +0000: Memory Usage (145132K) : Extraction of RF-NMOS-HV transistor
2026-08-20 08:55:35 +0000: Memory Usage (145132K) : Extraction of RF-PMOS-LV transistor
2026-08-20 08:55:35 +0000: Memory Usage (145132K) : Extraction of RF-PMOS-HV transistor
2026-08-20 08:55:35 +0000: Memory Usage (145132K) : Starting BJT EXTRACTION
2026-08-20 08:55:35 +0000: Memory Usage (145132K) : Starting NPN-BJT EXTRACTION
2026-08-20 08:55:35 +0000: Memory Usage (145132K) : Extraction of npn13G2 BJT transistor
2026-08-20 08:55:35 +0000: Memory Usage (145132K) : Extraction of npn13G2L BJT transistor
2026-08-20 08:55:35 +0000: Memory Usage (145132K) : Extraction of npn13G2V BJT transistor
2026-08-20 08:55:35 +0000: Memory Usage (145132K) : Starting PNP-BJT EXTRACTION
2026-08-20 08:55:35 +0000: Memory Usage (145132K) : Extracting pnpMPA BJT
2026-08-20 08:55:35 +0000: Memory Usage (145132K) : Starting DIODE EXTRACTION
2026-08-20 08:55:35 +0000: Memory Usage (145132K) : Extracting dantenna diode
2026-08-20 08:55:35 +0000: Memory Usage (145132K) : Extracting dpantenna diode
2026-08-20 08:55:35 +0000: Memory Usage (145132K) : Extracting schottky_nbl1 diode
2026-08-20 08:55:35 +0000: Memory Usage (145132K) : Extracting isolbox diode
2026-08-20 08:55:35 +0000: Memory Usage (145132K) : Starting RESISTOR EXTRACTION
2026-08-20 08:55:35 +0000: Memory Usage (145132K) : Extracting rsil resistor
2026-08-20 08:55:35 +0000: Memory Usage (145388K) : Extracting rppd resistor
2026-08-20 08:55:35 +0000: Memory Usage (145388K) : Extracting rhigh resistor
2026-08-20 08:55:35 +0000: Memory Usage (145388K) : Extracting res_metal1 resistor
2026-08-20 08:55:35 +0000: Memory Usage (145388K) : Extracting res_metal2 resistor
2026-08-20 08:55:35 +0000: Memory Usage (145388K) : Extracting res_metal3 resistor
2026-08-20 08:55:35 +0000: Memory Usage (145388K) : Extracting res_metal4 resistor
2026-08-20 08:55:35 +0000: Memory Usage (145388K) : Extracting res_metal5 resistor
2026-08-20 08:55:35 +0000: Memory Usage (145388K) : Extracting res_topmetal1 resistor
2026-08-20 08:55:35 +0000: Memory Usage (145388K) : Extracting res_topmetal2 resistor
2026-08-20 08:55:35 +0000: Memory Usage (145388K) : Starting CAP EXTRACTION
2026-08-20 08:55:35 +0000: Memory Usage (145388K) : Extracting cap_cmim device
2026-08-20 08:55:35 +0000: Memory Usage (145388K) : Extracting rfcmim device
2026-08-20 08:55:35 +0000: Memory Usage (145388K) : Extracting sg13_hv_svaricap varactor
2026-08-20 08:55:35 +0000: Memory Usage (145388K) : Extracting cap_cmomi device
2026-08-20 08:55:35 +0000: Memory Usage (145388K) : Extracting cap_cmomf device
2026-08-20 08:55:35 +0000: Memory Usage (145388K) : Extracting sg13_moscap_n capacitor
2026-08-20 08:55:35 +0000: Memory Usage (145388K) : Extracting sg13_moscap_p capacitor
2026-08-20 08:55:35 +0000: Memory Usage (145388K) : Starting ESD EXTRACTION
2026-08-20 08:55:35 +0000: Memory Usage (145388K) : Extracting diodevdd_2kv ESD device
2026-08-20 08:55:35 +0000: Memory Usage (145388K) : Extracting diodevdd_4kv ESD device
2026-08-20 08:55:35 +0000: Memory Usage (145388K) : Extracting diodevss_2kv ESD device
2026-08-20 08:55:35 +0000: Memory Usage (145388K) : Extracting diodevss_4kv ESD device
2026-08-20 08:55:35 +0000: Memory Usage (145388K) : Extracting idiodevdd_2kv ESD device
2026-08-20 08:55:35 +0000: Memory Usage (145388K) : Extracting idiodevdd_4kv ESD device
2026-08-20 08:55:35 +0000: Memory Usage (145388K) : Extracting idiodevss_2kv ESD device
2026-08-20 08:55:35 +0000: Memory Usage (145388K) : Extracting idiodevss_4kv ESD device
2026-08-20 08:55:35 +0000: Memory Usage (145388K) : Extracting nmoscl_2 ESD device
2026-08-20 08:55:35 +0000: Memory Usage (145388K) : Extracting nmoscl_4 ESD device
2026-08-20 08:55:35 +0000: Memory Usage (145388K) : Starting Inductor EXTRACTION
2026-08-20 08:55:35 +0000: Memory Usage (145388K) : Extracting Inductor2 device
2026-08-20 08:55:35 +0000: Memory Usage (145388K) : Extracting Inductor3 device
2026-08-20 08:55:35 +0000: Memory Usage (145388K) : Starting Taps EXTRACTION
2026-08-20 08:55:35 +0000: Memory Usage (145388K) : DISABLE_TAP_EXTRACTION is enabled: skipping ntap1/ptap1 device extraction.
2026-08-20 08:55:35 +0000: Memory Usage (145388K) : Starting SG13G2 LVS RF MOS Model Mapping
2026-08-20 08:55:35 +0000: Memory Usage (145516K) : [layout_netlist] Apply RF MOS model mapping and rfmode parameter.
2026-08-20 08:55:35 +0000: Memory Usage (145516K) : Starting SG13G2 LVS Options Preparations
2026-08-20 08:55:35 +0000: Memory Usage (145516K) : SG13G2 LVS flow: extraction -> alignment -> option preparation -> comparison.
2026-08-20 08:55:35 +0000: Memory Usage (145516K) : Starting SG13G2 LVS Alignment
2026-08-20 08:55:35 +0000: Memory Usage (145644K) : Starting SG13G2 LVS Simplification
2026-08-20 08:55:35 +0000: Memory Usage (145644K) : [layout_netlist] simplify: ENABLED
2026-08-20 08:55:35 +0000: Memory Usage (145644K) : [layout_netlist] make_top_level_pins: SKIPPED
2026-08-20 08:55:35 +0000: Memory Usage (145644K) : [layout_netlist] combine_devices: SKIPPED
2026-08-20 08:55:35 +0000: Memory Usage (145644K) : [layout_netlist] purge: SKIPPED
2026-08-20 08:55:35 +0000: Memory Usage (145644K) : [layout_netlist] purge_nets: SKIPPED
2026-08-20 08:55:35 +0000: Memory Usage (145644K) : [schematic_netlist] simplify: ENABLED
2026-08-20 08:55:35 +0000: Memory Usage (145644K) : [schematic_netlist] make_top_level_pins: SKIPPED
2026-08-20 08:55:35 +0000: Memory Usage (145644K) : [schematic_netlist] combine_devices: SKIPPED
2026-08-20 08:55:35 +0000: Memory Usage (145644K) : [schematic_netlist] purge: SKIPPED
2026-08-20 08:55:35 +0000: Memory Usage (145644K) : [schematic_netlist] purge_nets: SKIPPED
2026-08-20 08:55:35 +0000: Memory Usage (145644K) : Starting SG13G2 LVS Comparison
2026-08-20 08:55:35 +0000: Memory Usage (145772K) : xxxxxxxxxxxxxxxxxxxxxxxxxxxxxxxxxxxxxxxxxx
2026-08-20 08:55:35 +0000: Memory Usage (145772K) : ERROR : Netlists don't match
2026-08-20 08:55:35 +0000: Memory Usage (145772K) : xxxxxxxxxxxxxxxxxxxxxxxxxxxxxxxxxxxxxxxxxx
2026-08-20 08:55:35 +0000: Memory Usage (145772K) : LVS Total Run time 1.087932 seconds
2026-08-20 09:00:17 +0000: Memory Usage (128828K) : Starting running SG13G2 Klayout LVS runset on /workspace/layout/blocks/out/term_stage/_bisect/plus_divider.gds
2026-08-20 09:00:17 +0000: Memory Usage (128828K) : Ruby Version for klayout: 3.2.3
2026-08-20 09:00:17 +0000: Memory Usage (129924K) : Loading database to memory is complete.
2026-08-20 09:00:17 +0000: Memory Usage (129924K) : SG13G2 Klayout LVS runset output at: /workspace/layout/blocks/out/term_stage/_bisect/plus_divider/plus_divider.lvsdb
2026-08-20 09:00:17 +0000: Memory Usage (129924K) : Evaluate switches.
2026-08-20 09:00:17 +0000: Memory Usage (129924K) : Extracted netlist with net names: true
2026-08-20 09:00:17 +0000: Memory Usage (129924K) : Extracted netlist with comments in details: false
2026-08-20 09:00:17 +0000: Memory Usage (129924K) : Selected NET_ONLY option: false
2026-08-20 09:00:17 +0000: Memory Usage (129924K) : Selected LAYOUT_NETLIST option: (none)
2026-08-20 09:00:17 +0000: Memory Usage (129924K) : Selected IGNORE_TOP_PORTS_MISMATCH option: true
2026-08-20 09:00:17 +0000: Memory Usage (129924K) : Selected IMPLICIT_NETS option: sub,sub!
2026-08-20 09:00:17 +0000: Memory Usage (129924K) : Selected TOP_LVL_PINS option: false
2026-08-20 09:00:17 +0000: Memory Usage (129924K) : Selected COMBINE DEVICES option: false
2026-08-20 09:00:17 +0000: Memory Usage (129924K) : Selected PURGE option: false
2026-08-20 09:00:17 +0000: Memory Usage (129924K) : Selected PURGE_NETS option: false
2026-08-20 09:00:17 +0000: Memory Usage (129924K) : Selected SIMPLIFY option: true
2026-08-20 09:00:17 +0000: Memory Usage (129924K) : Selected SERIES_RES option: true
2026-08-20 09:00:17 +0000: Memory Usage (129924K) : Selected PARALLEL_RES option: true
2026-08-20 09:00:17 +0000: Memory Usage (129924K) : Selected DISABLE_TAP_EXTRACTION option: true
2026-08-20 09:00:17 +0000: Memory Usage (129924K) : deep  mode is enabled.
2026-08-20 09:00:17 +0000: Memory Usage (129924K) : Applying implicit connections (case-sensitive, pattern supported) for nets: sub, sub!
2026-08-20 09:00:17 +0000: Memory Usage (131152K) : Netlist file: /workspace/layout/blocks/out/term_stage/_bisect/plus_divider.cdl
2026-08-20 09:00:17 +0000: Memory Usage (131152K) : LVS extracted netlist at: /workspace/layout/blocks/out/term_stage/_bisect/plus_divider/plus_divider_extracted.cir
2026-08-20 09:00:17 +0000: Memory Usage (131152K) : Applying SRAM integration support.
2026-08-20 09:00:17 +0000: Memory Usage (131152K) : Starting SG13G2 LVS runset
2026-08-20 09:00:17 +0000: Memory Usage (131152K) : Read in polygons from layers.
2026-08-20 09:00:17 +0000: Memory Usage (132516K) : activ_drw has 24 polygons
2026-08-20 09:00:17 +0000: Memory Usage (132516K) : activ_filler has 0 polygons
2026-08-20 09:00:17 +0000: Memory Usage (132644K) : activ has 24 polygons
2026-08-20 09:00:17 +0000: Memory Usage (132644K) : activ_pin has 0 polygons
2026-08-20 09:00:17 +0000: Memory Usage (132644K) : activ_mask has 0 polygons
2026-08-20 09:00:17 +0000: Memory Usage (132644K) : activ_nofill has 0 polygons
2026-08-20 09:00:17 +0000: Memory Usage (132644K) : activ_OPC has 0 polygons
2026-08-20 09:00:17 +0000: Memory Usage (132644K) : activ_iOPC has 0 polygons
2026-08-20 09:00:17 +0000: Memory Usage (132644K) : activ_noqrc has 0 polygons
2026-08-20 09:00:17 +0000: Memory Usage (132644K) : biwind_drw has 0 polygons
2026-08-20 09:00:17 +0000: Memory Usage (132644K) : biwind_OPC has 0 polygons
2026-08-20 09:00:17 +0000: Memory Usage (132736K) : gatpoly_drw has 12 polygons
2026-08-20 09:00:17 +0000: Memory Usage (133248K) : gatpoly_filler has 0 polygons
2026-08-20 09:00:17 +0000: Memory Usage (133248K) : gatpoly has 12 polygons
2026-08-20 09:00:17 +0000: Memory Usage (133248K) : gatpoly_pin has 0 polygons
2026-08-20 09:00:17 +0000: Memory Usage (133248K) : gatpoly_nofill has 0 polygons
2026-08-20 09:00:17 +0000: Memory Usage (133248K) : gatpoly_OPC has 0 polygons
2026-08-20 09:00:17 +0000: Memory Usage (133248K) : gatpoly_iOPC has 0 polygons
2026-08-20 09:00:17 +0000: Memory Usage (133248K) : gatpoly_noqrc has 0 polygons
2026-08-20 09:00:17 +0000: Memory Usage (133248K) : cont_drw has 4324 polygons
2026-08-20 09:00:17 +0000: Memory Usage (133248K) : cont_OPC has 0 polygons
2026-08-20 09:00:17 +0000: Memory Usage (133248K) : nsd_drw has 0 polygons
2026-08-20 09:00:17 +0000: Memory Usage (133248K) : nsd_block has 0 polygons
2026-08-20 09:00:17 +0000: Memory Usage (133248K) : metal1_drw has 48 polygons
2026-08-20 09:00:17 +0000: Memory Usage (133248K) : metal1_filler has 0 polygons
2026-08-20 09:00:17 +0000: Memory Usage (133248K) : metal1_slit has 0 polygons
2026-08-20 09:00:17 +0000: Memory Usage (133376K) : metal1 has 48 polygons
2026-08-20 09:00:17 +0000: Memory Usage (133376K) : metal1_pin has 12 polygons
2026-08-20 09:00:17 +0000: Memory Usage (133376K) : metal1_mask has 0 polygons
2026-08-20 09:00:17 +0000: Memory Usage (133376K) : metal1_nofill has 0 polygons
2026-08-20 09:00:17 +0000: Memory Usage (133632K) : metal1_text has 4 polygons
2026-08-20 09:00:17 +0000: Memory Usage (133632K) : metal1_OPC has 0 polygons
2026-08-20 09:00:17 +0000: Memory Usage (133760K) : metal1_noqrc has 0 polygons
2026-08-20 09:00:17 +0000: Memory Usage (133760K) : metal1_res has 0 polygons
2026-08-20 09:00:17 +0000: Memory Usage (133888K) : metal1_iprobe has 0 polygons
2026-08-20 09:00:17 +0000: Memory Usage (133888K) : metal1_diffprb has 0 polygons
2026-08-20 09:00:17 +0000: Memory Usage (133888K) : passiv_drw has 2 polygons
2026-08-20 09:00:17 +0000: Memory Usage (134016K) : passiv_pin has 0 polygons
2026-08-20 09:00:17 +0000: Memory Usage (134016K) : passiv_sbump has 0 polygons
2026-08-20 09:00:17 +0000: Memory Usage (134016K) : passiv_pillar has 0 polygons
2026-08-20 09:00:17 +0000: Memory Usage (134144K) : passiv_pdl has 0 polygons
2026-08-20 09:00:17 +0000: Memory Usage (134144K) : metal2_drw has 30 polygons
2026-08-20 09:00:17 +0000: Memory Usage (134144K) : metal2_filler has 0 polygons
2026-08-20 09:00:17 +0000: Memory Usage (134272K) : metal2_slit has 0 polygons
2026-08-20 09:00:17 +0000: Memory Usage (134272K) : metal2 has 30 polygons
2026-08-20 09:00:17 +0000: Memory Usage (134272K) : metal2_pin has 8 polygons
2026-08-20 09:00:17 +0000: Memory Usage (134400K) : metal2_mask has 0 polygons
2026-08-20 09:00:17 +0000: Memory Usage (134400K) : metal2_nofill has 0 polygons
2026-08-20 09:00:17 +0000: Memory Usage (134400K) : metal2_text has 0 polygons
2026-08-20 09:00:17 +0000: Memory Usage (134400K) : metal2_OPC has 0 polygons
2026-08-20 09:00:17 +0000: Memory Usage (134528K) : metal2_noqrc has 0 polygons
2026-08-20 09:00:17 +0000: Memory Usage (134528K) : metal2_res has 0 polygons
2026-08-20 09:00:17 +0000: Memory Usage (134528K) : metal2_iprobe has 0 polygons
2026-08-20 09:00:17 +0000: Memory Usage (134528K) : metal2_diffprb has 0 polygons
2026-08-20 09:00:17 +0000: Memory Usage (134656K) : baspoly_drw has 0 polygons
2026-08-20 09:00:17 +0000: Memory Usage (134656K) : baspoly_pin has 0 polygons
2026-08-20 09:00:17 +0000: Memory Usage (134656K) : psd_drw has 18 polygons
2026-08-20 09:00:17 +0000: Memory Usage (134656K) : nldb_drw has 0 polygons
2026-08-20 09:00:17 +0000: Memory Usage (134784K) : digibnd_drw has 0 polygons
2026-08-20 09:00:17 +0000: Memory Usage (134784K) : via1_drw has 896 polygons
2026-08-20 09:00:17 +0000: Memory Usage (134784K) : backmetal1_drw has 0 polygons
2026-08-20 09:00:17 +0000: Memory Usage (134784K) : backmetal1_pin has 0 polygons
2026-08-20 09:00:17 +0000: Memory Usage (134912K) : backmetal1_mask has 0 polygons
2026-08-20 09:00:17 +0000: Memory Usage (134912K) : backmetal1_filler has 0 polygons
2026-08-20 09:00:17 +0000: Memory Usage (134912K) : backmetal1_nofill has 0 polygons
2026-08-20 09:00:17 +0000: Memory Usage (134912K) : backmetal1_slit has 0 polygons
2026-08-20 09:00:17 +0000: Memory Usage (135040K) : backmetal1_text has 0 polygons
2026-08-20 09:00:17 +0000: Memory Usage (135040K) : backmetal1_OPC has 0 polygons
2026-08-20 09:00:17 +0000: Memory Usage (135040K) : backmetal1_noqrc has 0 polygons
2026-08-20 09:00:17 +0000: Memory Usage (135040K) : backmetal1_res has 0 polygons
2026-08-20 09:00:17 +0000: Memory Usage (135168K) : backmetal1_iprobe has 0 polygons
2026-08-20 09:00:17 +0000: Memory Usage (135168K) : backmetal1_diffprb has 0 polygons
2026-08-20 09:00:17 +0000: Memory Usage (135168K) : backpassiv_drw has 0 polygons
2026-08-20 09:00:17 +0000: Memory Usage (135168K) : res_drw has 2 polygons
2026-08-20 09:00:17 +0000: Memory Usage (135296K) : sram_drw has 0 polygons
2026-08-20 09:00:17 +0000: Memory Usage (135296K) : trans_drw has 0 polygons
2026-08-20 09:00:17 +0000: Memory Usage (135296K) : ind_drw has 0 polygons
2026-08-20 09:00:17 +0000: Memory Usage (135296K) : ind_pin has 0 polygons
2026-08-20 09:00:17 +0000: Memory Usage (135424K) : ind_text has 0 polygons
2026-08-20 09:00:17 +0000: Memory Usage (135424K) : salblock_drw has 2 polygons
2026-08-20 09:00:17 +0000: Memory Usage (135424K) : via2_drw has 44 polygons
2026-08-20 09:00:17 +0000: Memory Usage (135424K) : metal3_drw has 19 polygons
2026-08-20 09:00:17 +0000: Memory Usage (135552K) : metal3_filler has 0 polygons
2026-08-20 09:00:17 +0000: Memory Usage (135552K) : metal3_slit has 0 polygons
2026-08-20 09:00:17 +0000: Memory Usage (135552K) : metal3 has 19 polygons
2026-08-20 09:00:17 +0000: Memory Usage (135552K) : metal3_pin has 0 polygons
2026-08-20 09:00:17 +0000: Memory Usage (135552K) : metal3_mask has 0 polygons
2026-08-20 09:00:17 +0000: Memory Usage (135552K) : metal3_nofill has 0 polygons
2026-08-20 09:00:17 +0000: Memory Usage (135552K) : metal3_text has 0 polygons
2026-08-20 09:00:17 +0000: Memory Usage (135552K) : metal3_OPC has 0 polygons
2026-08-20 09:00:17 +0000: Memory Usage (135552K) : metal3_noqrc has 0 polygons
2026-08-20 09:00:17 +0000: Memory Usage (135552K) : metal3_res has 0 polygons
2026-08-20 09:00:17 +0000: Memory Usage (135552K) : metal3_iprobe has 0 polygons
2026-08-20 09:00:17 +0000: Memory Usage (135552K) : metal3_diffprb has 0 polygons
2026-08-20 09:00:17 +0000: Memory Usage (135552K) : nwell_drw has 10 polygons
2026-08-20 09:00:17 +0000: Memory Usage (135552K) : nwell_pin has 0 polygons
2026-08-20 09:00:17 +0000: Memory Usage (135680K) : nwell_text has 0 polygons
2026-08-20 09:00:17 +0000: Memory Usage (135680K) : nbulay_drw has 0 polygons
2026-08-20 09:00:17 +0000: Memory Usage (135680K) : nbulay_pin has 0 polygons
2026-08-20 09:00:17 +0000: Memory Usage (135680K) : nbulay_block has 0 polygons
2026-08-20 09:00:17 +0000: Memory Usage (135680K) : emwind_drw has 0 polygons
2026-08-20 09:00:17 +0000: Memory Usage (135680K) : emwind_OPC has 0 polygons
2026-08-20 09:00:17 +0000: Memory Usage (135808K) : deepco_drw has 0 polygons
2026-08-20 09:00:17 +0000: Memory Usage (135808K) : mim_drw has 1 polygons
2026-08-20 09:00:17 +0000: Memory Usage (135808K) : edgeseal_drw has 0 polygons
2026-08-20 09:00:17 +0000: Memory Usage (135808K) : substrate_drw has 0 polygons
2026-08-20 09:00:17 +0000: Memory Usage (135808K) : substrate_text has 0 polygons
2026-08-20 09:00:17 +0000: Memory Usage (135808K) : dfpad_drw has 2 polygons
2026-08-20 09:00:17 +0000: Memory Usage (135936K) : dfpad_pillar has 0 polygons
2026-08-20 09:00:17 +0000: Memory Usage (135936K) : dfpad_sbump has 0 polygons
2026-08-20 09:00:17 +0000: Memory Usage (135936K) : thickgateox_drw has 0 polygons
2026-08-20 09:00:17 +0000: Memory Usage (135936K) : pldb_drw has 0 polygons
2026-08-20 09:00:17 +0000: Memory Usage (135936K) : pwell_drw has 0 polygons
2026-08-20 09:00:17 +0000: Memory Usage (136064K) : pwell_pin has 0 polygons
2026-08-20 09:00:17 +0000: Memory Usage (136064K) : pwell_block has 0 polygons
2026-08-20 09:00:17 +0000: Memory Usage (136064K) : ic_drw has 0 polygons
2026-08-20 09:00:17 +0000: Memory Usage (136064K) : via3_drw has 1016 polygons
2026-08-20 09:00:17 +0000: Memory Usage (136064K) : metal4_drw has 20 polygons
2026-08-20 09:00:17 +0000: Memory Usage (136064K) : metal4_filler has 0 polygons
2026-08-20 09:00:17 +0000: Memory Usage (136192K) : metal4_slit has 0 polygons
2026-08-20 09:00:17 +0000: Memory Usage (136192K) : metal4 has 20 polygons
2026-08-20 09:00:17 +0000: Memory Usage (136192K) : metal4_pin has 0 polygons
2026-08-20 09:00:17 +0000: Memory Usage (136192K) : metal4_mask has 0 polygons
2026-08-20 09:00:17 +0000: Memory Usage (136192K) : metal4_nofill has 0 polygons
2026-08-20 09:00:17 +0000: Memory Usage (136192K) : metal4_text has 4 polygons
2026-08-20 09:00:17 +0000: Memory Usage (136320K) : metal4_OPC has 0 polygons
2026-08-20 09:00:17 +0000: Memory Usage (136320K) : metal4_noqrc has 0 polygons
2026-08-20 09:00:17 +0000: Memory Usage (136320K) : metal4_res has 0 polygons
2026-08-20 09:00:17 +0000: Memory Usage (136320K) : metal4_iprobe has 0 polygons
2026-08-20 09:00:17 +0000: Memory Usage (136320K) : metal4_diffprb has 0 polygons
2026-08-20 09:00:17 +0000: Memory Usage (136448K) : heattrans_drw has 0 polygons
2026-08-20 09:00:17 +0000: Memory Usage (136448K) : heatres_drw has 4 polygons
2026-08-20 09:00:17 +0000: Memory Usage (136448K) : fbe_drw has 0 polygons
2026-08-20 09:00:17 +0000: Memory Usage (136448K) : empoly_drw has 0 polygons
2026-08-20 09:00:17 +0000: Memory Usage (136448K) : digisub_drw has 0 polygons
2026-08-20 09:00:17 +0000: Memory Usage (136448K) : text_drw has 22 polygons
2026-08-20 09:00:17 +0000: Memory Usage (136576K) : via4_drw has 1008 polygons
2026-08-20 09:00:17 +0000: Memory Usage (136576K) : metal5_drw has 35 polygons
2026-08-20 09:00:17 +0000: Memory Usage (136576K) : metal5_filler has 0 polygons
2026-08-20 09:00:17 +0000: Memory Usage (136576K) : metal5_slit has 0 polygons
2026-08-20 09:00:17 +0000: Memory Usage (136576K) : metal5 has 35 polygons
2026-08-20 09:00:17 +0000: Memory Usage (136576K) : metal5_pin has 0 polygons
2026-08-20 09:00:17 +0000: Memory Usage (136704K) : metal5_mask has 0 polygons
2026-08-20 09:00:17 +0000: Memory Usage (136704K) : metal5_nofill has 0 polygons
2026-08-20 09:00:17 +0000: Memory Usage (136704K) : metal5_text has 0 polygons
2026-08-20 09:00:17 +0000: Memory Usage (136704K) : metal5_OPC has 0 polygons
2026-08-20 09:00:17 +0000: Memory Usage (136704K) : metal5_noqrc has 0 polygons
2026-08-20 09:00:17 +0000: Memory Usage (136704K) : metal5_res has 0 polygons
2026-08-20 09:00:17 +0000: Memory Usage (136704K) : metal5_iprobe has 0 polygons
2026-08-20 09:00:17 +0000: Memory Usage (136832K) : metal5_diffprb has 0 polygons
2026-08-20 09:00:17 +0000: Memory Usage (136832K) : radhard_drw has 0 polygons
2026-08-20 09:00:17 +0000: Memory Usage (136832K) : memcap_drw has 0 polygons
2026-08-20 09:00:17 +0000: Memory Usage (136832K) : varicap_drw has 0 polygons
2026-08-20 09:00:17 +0000: Memory Usage (136832K) : intbondvia_drw has 0 polygons
2026-08-20 09:00:17 +0000: Memory Usage (136960K) : intbondmet_drw has 0 polygons
2026-08-20 09:00:17 +0000: Memory Usage (136960K) : devbondvia_drw has 0 polygons
2026-08-20 09:00:17 +0000: Memory Usage (136960K) : devbondmet_drw has 0 polygons
2026-08-20 09:00:17 +0000: Memory Usage (136960K) : devtrench_drw has 0 polygons
2026-08-20 09:00:17 +0000: Memory Usage (137088K) : redist_drw has 0 polygons
2026-08-20 09:00:17 +0000: Memory Usage (137088K) : graphbot_drw has 0 polygons
2026-08-20 09:00:17 +0000: Memory Usage (137088K) : graphtop_drw has 0 polygons
2026-08-20 09:00:17 +0000: Memory Usage (137088K) : antvia1_drw has 0 polygons
2026-08-20 09:00:17 +0000: Memory Usage (137088K) : antmetal2_drw has 0 polygons
2026-08-20 09:00:17 +0000: Memory Usage (137216K) : graphcont_drw has 0 polygons
2026-08-20 09:00:17 +0000: Memory Usage (137216K) : siwg_drw has 0 polygons
2026-08-20 09:00:17 +0000: Memory Usage (137216K) : siwg_filler has 0 polygons
2026-08-20 09:00:17 +0000: Memory Usage (137216K) : siwg_nofill has 0 polygons
2026-08-20 09:00:17 +0000: Memory Usage (137216K) : sigrating_drw has 0 polygons
2026-08-20 09:00:17 +0000: Memory Usage (137344K) : singrating_drw has 0 polygons
2026-08-20 09:00:17 +0000: Memory Usage (137344K) : graphpas_drw has 0 polygons
2026-08-20 09:00:17 +0000: Memory Usage (137344K) : emwind3_drw has 0 polygons
2026-08-20 09:00:17 +0000: Memory Usage (137344K) : emwihv3_drw has 0 polygons
2026-08-20 09:00:17 +0000: Memory Usage (137344K) : redbulay_drw has 0 polygons
2026-08-20 09:00:17 +0000: Memory Usage (137344K) : smos_drw has 0 polygons
2026-08-20 09:00:17 +0000: Memory Usage (137472K) : graphpad_drw has 0 polygons
2026-08-20 09:00:17 +0000: Memory Usage (137472K) : polimide_drw has 0 polygons
2026-08-20 09:00:17 +0000: Memory Usage (137472K) : polimide_pin has 0 polygons
2026-08-20 09:00:17 +0000: Memory Usage (137472K) : recog_drw has 0 polygons
2026-08-20 09:00:17 +0000: Memory Usage (137472K) : recog_pin has 0 polygons
2026-08-20 09:00:17 +0000: Memory Usage (137600K) : recog_esd has 4 polygons
2026-08-20 09:00:17 +0000: Memory Usage (137600K) : recog_diode has 0 polygons
2026-08-20 09:00:17 +0000: Memory Usage (137600K) : recog_tsv has 0 polygons
2026-08-20 09:00:17 +0000: Memory Usage (137600K) : recog_iprobe has 0 polygons
2026-08-20 09:00:17 +0000: Memory Usage (137600K) : recog_diffprb has 0 polygons
2026-08-20 09:00:17 +0000: Memory Usage (137728K) : recog_pillar has 0 polygons
2026-08-20 09:00:17 +0000: Memory Usage (137728K) : recog_sbump has 0 polygons
2026-08-20 09:00:17 +0000: Memory Usage (137728K) : recog_otp has 0 polygons
2026-08-20 09:00:17 +0000: Memory Usage (137728K) : recog_pdiode has 0 polygons
2026-08-20 09:00:17 +0000: Memory Usage (137856K) : recog_mom has 0 polygons
2026-08-20 09:00:17 +0000: Memory Usage (137856K) : recog_momf has 0 polygons
2026-08-20 09:00:17 +0000: Memory Usage (137856K) : recog_pcm has 0 polygons
2026-08-20 09:00:17 +0000: Memory Usage (137856K) : colopen_drw has 0 polygons
2026-08-20 09:00:17 +0000: Memory Usage (137856K) : graphmetal1_drw has 0 polygons
2026-08-20 09:00:17 +0000: Memory Usage (137984K) : graphmetal1_filler has 0 polygons
2026-08-20 09:00:17 +0000: Memory Usage (137984K) : graphmetal1_nofill has 0 polygons
2026-08-20 09:00:17 +0000: Memory Usage (137984K) : graphmetal1_slit has 0 polygons
2026-08-20 09:00:17 +0000: Memory Usage (137984K) : graphmetal1_OPC has 0 polygons
2026-08-20 09:00:17 +0000: Memory Usage (138112K) : graphmet1l_drw has 0 polygons
2026-08-20 09:00:17 +0000: Memory Usage (138112K) : graphmet1l_filler has 0 polygons
2026-08-20 09:00:17 +0000: Memory Usage (138112K) : graphmet1l_nofill has 0 polygons
2026-08-20 09:00:17 +0000: Memory Usage (138240K) : graphmet1l_slit has 0 polygons
2026-08-20 09:00:17 +0000: Memory Usage (138240K) : graphmet1l_OPC has 0 polygons
2026-08-20 09:00:17 +0000: Memory Usage (138240K) : extblock_drw has 12 polygons
2026-08-20 09:00:17 +0000: Memory Usage (138240K) : nldd_drw has 0 polygons
2026-08-20 09:00:17 +0000: Memory Usage (138368K) : pldd_drw has 0 polygons
2026-08-20 09:00:17 +0000: Memory Usage (138368K) : next_drw has 0 polygons
2026-08-20 09:00:17 +0000: Memory Usage (138368K) : pext_drw has 0 polygons
2026-08-20 09:00:17 +0000: Memory Usage (138368K) : nexthv_drw has 0 polygons
2026-08-20 09:00:17 +0000: Memory Usage (138368K) : pexthv_drw has 0 polygons
2026-08-20 09:00:17 +0000: Memory Usage (138368K) : graphgate_drw has 0 polygons
2026-08-20 09:00:17 +0000: Memory Usage (138496K) : sinwg_drw has 0 polygons
2026-08-20 09:00:17 +0000: Memory Usage (138496K) : sinwg_filler has 0 polygons
2026-08-20 09:00:17 +0000: Memory Usage (138496K) : sinwg_nofill has 0 polygons
2026-08-20 09:00:17 +0000: Memory Usage (138496K) : mempad_drw has 0 polygons
2026-08-20 09:00:17 +0000: Memory Usage (138496K) : topvia1_drw has 477 polygons
2026-08-20 09:00:17 +0000: Memory Usage (138624K) : topmetal1_drw has 12 polygons
2026-08-20 09:00:17 +0000: Memory Usage (138624K) : topmetal1_filler has 0 polygons
2026-08-20 09:00:17 +0000: Memory Usage (138624K) : topmetal1_slit has 0 polygons
2026-08-20 09:00:17 +0000: Memory Usage (138624K) : topmetal1 has 12 polygons
2026-08-20 09:00:17 +0000: Memory Usage (138624K) : topmetal1_pin has 0 polygons
2026-08-20 09:00:17 +0000: Memory Usage (138624K) : topmetal1_mask has 0 polygons
2026-08-20 09:00:17 +0000: Memory Usage (138752K) : topmetal1_nofill has 0 polygons
2026-08-20 09:00:17 +0000: Memory Usage (138752K) : topmetal1_text has 0 polygons
2026-08-20 09:00:17 +0000: Memory Usage (138752K) : topmetal1_noqrc has 0 polygons
2026-08-20 09:00:17 +0000: Memory Usage (138752K) : topmetal1_res has 0 polygons
2026-08-20 09:00:17 +0000: Memory Usage (138752K) : topmetal1_iprobe has 0 polygons
2026-08-20 09:00:17 +0000: Memory Usage (138880K) : topmetal1_diffprb has 0 polygons
2026-08-20 09:00:17 +0000: Memory Usage (138880K) : inldpwl_drw has 0 polygons
2026-08-20 09:00:17 +0000: Memory Usage (138880K) : polyres_drw has 4 polygons
2026-08-20 09:00:17 +0000: Memory Usage (138880K) : polyres_pin has 0 polygons
2026-08-20 09:00:17 +0000: Memory Usage (139008K) : vmim_drw has 225 polygons
2026-08-20 09:00:17 +0000: Memory Usage (139008K) : nbulaycut_drw has 0 polygons
2026-08-20 09:00:17 +0000: Memory Usage (139008K) : antmetal1_drw has 0 polygons
2026-08-20 09:00:17 +0000: Memory Usage (139008K) : topvia2_drw has 198 polygons
2026-08-20 09:00:17 +0000: Memory Usage (139136K) : topmetal2_drw has 8 polygons
2026-08-20 09:00:17 +0000: Memory Usage (139136K) : topmetal2_filler has 0 polygons
2026-08-20 09:00:17 +0000: Memory Usage (139264K) : topmetal2_slit has 0 polygons
2026-08-20 09:00:17 +0000: Memory Usage (139264K) : topmetal2 has 8 polygons
2026-08-20 09:00:17 +0000: Memory Usage (139264K) : topmetal2_pin has 0 polygons
2026-08-20 09:00:17 +0000: Memory Usage (139264K) : topmetal2_mask has 0 polygons
2026-08-20 09:00:17 +0000: Memory Usage (139392K) : topmetal2_nofill has 0 polygons
2026-08-20 09:00:17 +0000: Memory Usage (139392K) : topmetal2_text has 4 polygons
2026-08-20 09:00:17 +0000: Memory Usage (139392K) : topmetal2_noqrc has 0 polygons
2026-08-20 09:00:17 +0000: Memory Usage (139392K) : topmetal2_res has 0 polygons
2026-08-20 09:00:17 +0000: Memory Usage (139520K) : topmetal2_iprobe has 0 polygons
2026-08-20 09:00:17 +0000: Memory Usage (139520K) : topmetal2_diffprb has 0 polygons
2026-08-20 09:00:17 +0000: Memory Usage (139520K) : snsring_drw has 0 polygons
2026-08-20 09:00:17 +0000: Memory Usage (139648K) : sensor_drw has 0 polygons
2026-08-20 09:00:17 +0000: Memory Usage (139648K) : snsarms_drw has 0 polygons
2026-08-20 09:00:17 +0000: Memory Usage (139648K) : snscmosvia_drw has 0 polygons
2026-08-20 09:00:17 +0000: Memory Usage (139648K) : colwind_drw has 0 polygons
2026-08-20 09:00:17 +0000: Memory Usage (139776K) : flm_drw has 0 polygons
2026-08-20 09:00:17 +0000: Memory Usage (139904K) : hafniumox_drw has 0 polygons
2026-08-20 09:00:17 +0000: Memory Usage (139904K) : memvia_drw has 0 polygons
2026-08-20 09:00:17 +0000: Memory Usage (139904K) : thinfilmres_drw has 0 polygons
2026-08-20 09:00:17 +0000: Memory Usage (139904K) : rfmem_drw has 0 polygons
2026-08-20 09:00:17 +0000: Memory Usage (139904K) : norcx_drw has 0 polygons
2026-08-20 09:00:17 +0000: Memory Usage (139904K) : norcx_m2m3 has 0 polygons
2026-08-20 09:00:17 +0000: Memory Usage (139904K) : norcx_m2m4 has 0 polygons
2026-08-20 09:00:17 +0000: Memory Usage (139904K) : norcx_m2m5 has 0 polygons
2026-08-20 09:00:17 +0000: Memory Usage (139904K) : norcx_m2tm1 has 0 polygons
2026-08-20 09:00:17 +0000: Memory Usage (139904K) : norcx_m2tm2 has 0 polygons
2026-08-20 09:00:17 +0000: Memory Usage (139904K) : norcx_m3m4 has 0 polygons
2026-08-20 09:00:17 +0000: Memory Usage (139904K) : norcx_m3m5 has 0 polygons
2026-08-20 09:00:17 +0000: Memory Usage (139904K) : norcx_m3tm1 has 0 polygons
2026-08-20 09:00:17 +0000: Memory Usage (139904K) : norcx_m3tm2 has 0 polygons
2026-08-20 09:00:17 +0000: Memory Usage (139904K) : norcx_m4m5 has 0 polygons
2026-08-20 09:00:17 +0000: Memory Usage (139904K) : norcx_m4tm1 has 0 polygons
2026-08-20 09:00:17 +0000: Memory Usage (139904K) : norcx_m4tm2 has 0 polygons
2026-08-20 09:00:17 +0000: Memory Usage (139904K) : norcx_m5tm1 has 0 polygons
2026-08-20 09:00:17 +0000: Memory Usage (139904K) : norcx_m5tm2 has 0 polygons
2026-08-20 09:00:17 +0000: Memory Usage (139904K) : norcx_tm1tm2 has 0 polygons
2026-08-20 09:00:17 +0000: Memory Usage (139904K) : norcx_m1sub has 0 polygons
2026-08-20 09:00:17 +0000: Memory Usage (140032K) : norcx_m2sub has 0 polygons
2026-08-20 09:00:17 +0000: Memory Usage (140032K) : norcx_m3sub has 0 polygons
2026-08-20 09:00:17 +0000: Memory Usage (140032K) : norcx_m4sub has 0 polygons
2026-08-20 09:00:17 +0000: Memory Usage (140032K) : norcx_m5sub has 0 polygons
2026-08-20 09:00:17 +0000: Memory Usage (140032K) : norcx_tm1sub has 0 polygons
2026-08-20 09:00:17 +0000: Memory Usage (140032K) : norcx_tm2sub has 0 polygons
2026-08-20 09:00:17 +0000: Memory Usage (140032K) : snsbotvia_drw has 0 polygons
2026-08-20 09:00:17 +0000: Memory Usage (140032K) : snstopvia_drw has 0 polygons
2026-08-20 09:00:17 +0000: Memory Usage (140032K) : deepvia_drw has 0 polygons
2026-08-20 09:00:17 +0000: Memory Usage (140032K) : fgetch_drw has 0 polygons
2026-08-20 09:00:17 +0000: Memory Usage (140032K) : ctrgat_drw has 0 polygons
2026-08-20 09:00:17 +0000: Memory Usage (140032K) : fgimp_drw has 0 polygons
2026-08-20 09:00:17 +0000: Memory Usage (140032K) : emwihv_drw has 0 polygons
2026-08-20 09:00:17 +0000: Memory Usage (140032K) : lbe_drw has 0 polygons
2026-08-20 09:00:17 +0000: Memory Usage (140032K) : alcustop_drw has 0 polygons
2026-08-20 09:00:17 +0000: Memory Usage (140032K) : nometfiller_drw has 0 polygons
2026-08-20 09:00:17 +0000: Memory Usage (140032K) : prboundary_drw has 0 polygons
2026-08-20 09:00:17 +0000: Memory Usage (140032K) : exchange0_drw has 0 polygons
2026-08-20 09:00:17 +0000: Memory Usage (140032K) : exchange0_pin has 0 polygons
2026-08-20 09:00:17 +0000: Memory Usage (140032K) : exchange0_text has 0 polygons
2026-08-20 09:00:17 +0000: Memory Usage (140032K) : exchange1_drw has 0 polygons
2026-08-20 09:00:17 +0000: Memory Usage (140032K) : exchange1_pin has 0 polygons
2026-08-20 09:00:17 +0000: Memory Usage (140032K) : exchange1_text has 0 polygons
2026-08-20 09:00:17 +0000: Memory Usage (140032K) : exchange2_drw has 0 polygons
2026-08-20 09:00:17 +0000: Memory Usage (140032K) : exchange2_pin has 0 polygons
2026-08-20 09:00:17 +0000: Memory Usage (140032K) : exchange2_text has 0 polygons
2026-08-20 09:00:17 +0000: Memory Usage (140032K) : exchange3_drw has 0 polygons
2026-08-20 09:00:17 +0000: Memory Usage (140032K) : exchange3_pin has 0 polygons
2026-08-20 09:00:17 +0000: Memory Usage (140032K) : exchange3_text has 0 polygons
2026-08-20 09:00:17 +0000: Memory Usage (140032K) : exchange4_drw has 0 polygons
2026-08-20 09:00:17 +0000: Memory Usage (140032K) : exchange4_pin has 0 polygons
2026-08-20 09:00:17 +0000: Memory Usage (140032K) : exchange4_text has 0 polygons
2026-08-20 09:00:17 +0000: Memory Usage (140032K) : isonwell_drw has 0 polygons
2026-08-20 09:00:17 +0000: Memory Usage (140032K) : Total no. of polygons in the design is 8511
2026-08-20 09:00:17 +0000: Memory Usage (140032K) : Starting base layers derivations
2026-08-20 09:00:17 +0000: Memory Usage (140032K) : Starting general LVS derivations
2026-08-20 09:00:17 +0000: Memory Usage (143572K) : Starting MOSFET DERIVATIONS
2026-08-20 09:00:17 +0000: Memory Usage (144212K) : Starting NMOS DERIVATIONS
2026-08-20 09:00:17 +0000: Memory Usage (144212K) : Starting PMOS DERIVATIONS
2026-08-20 09:00:17 +0000: Memory Usage (144212K) : Starting RF-MOSFET DERIVATIONS
2026-08-20 09:00:17 +0000: Memory Usage (144212K) : Starting RF-NMOS DERIVATIONS
2026-08-20 09:00:17 +0000: Memory Usage (144212K) : Starting RF-PMOS DERIVATIONS
2026-08-20 09:00:17 +0000: Memory Usage (144212K) : Starting BJT DERIVATIONS
2026-08-20 09:00:17 +0000: Memory Usage (144212K) : Starting NPN-BJT DERIVATIONS
2026-08-20 09:00:18 +0000: Memory Usage (144212K) : Starting PNP-BJT DERIVATIONS
2026-08-20 09:00:18 +0000: Memory Usage (144212K) : Starting DIODE DERIVATIONS
2026-08-20 09:00:18 +0000: Memory Usage (144212K) : Starting RESISTOR DERIVATIONS
2026-08-20 09:00:18 +0000: Memory Usage (144596K) : Starting CAP DERIVATIONS
2026-08-20 09:00:18 +0000: Memory Usage (144724K) : Starting CAP_CMOM DERIVATIONS
2026-08-20 09:00:18 +0000: Memory Usage (144724K) : Starting CAP_CMOMF DERIVATIONS
2026-08-20 09:00:18 +0000: Memory Usage (144724K) : Starting ESD DERIVATIONS
2026-08-20 09:00:18 +0000: Memory Usage (145236K) : Starting Inductor DERIVATIONS
2026-08-20 09:00:18 +0000: Memory Usage (145236K) : Starting Taps DERIVATIONS
2026-08-20 09:00:18 +0000: Memory Usage (145236K) : Starting SG13G2 LVS connectivity setup
2026-08-20 09:00:18 +0000: Memory Usage (145236K) : Starting SG13G2 LVS connectivity setup (Inter-layer)
2026-08-20 09:00:18 +0000: Memory Usage (145364K) : Starting SG13G2 LVS connectivity setup (Global)
2026-08-20 09:00:18 +0000: Memory Usage (145364K) : Starting LVS MOSFET CONNECTIONS
2026-08-20 09:00:18 +0000: Memory Usage (145364K) : Starting LVS RF-MOSFET CONNECTIONS
2026-08-20 09:00:18 +0000: Memory Usage (145364K) : Starting LVS BJT CONNECTIONS
2026-08-20 09:00:18 +0000: Memory Usage (145364K) : Starting LVS DIODE CONNECTIONS
2026-08-20 09:00:18 +0000: Memory Usage (145364K) : Starting RESISTOR CONNECTIONS
2026-08-20 09:00:18 +0000: Memory Usage (145364K) : Starting LVS CAP CONNECTIONS
2026-08-20 09:00:18 +0000: Memory Usage (145364K) : Starting CAP_CMOM CONNECTIONS
2026-08-20 09:00:18 +0000: Memory Usage (145364K) : Starting CAP_CMOMF CONNECTIONS
2026-08-20 09:00:18 +0000: Memory Usage (145364K) : Starting ESD CONNECTIONS
2026-08-20 09:00:18 +0000: Memory Usage (145364K) : Starting Inductor CONNECTIONS
2026-08-20 09:00:18 +0000: Memory Usage (145364K) : Starting LVS Taps CONNECTIONS
2026-08-20 09:00:18 +0000: Memory Usage (145364K) : Starting SG13G2 LVS DEVICES EXTRACTION
2026-08-20 09:00:18 +0000: Memory Usage (145364K) : Starting MOSFET EXTRACTION
2026-08-20 09:00:18 +0000: Memory Usage (145364K) : Starting NMOS EXTRACTION
2026-08-20 09:00:18 +0000: Memory Usage (145364K) : Extraction of NMOS-LV transistor
2026-08-20 09:00:18 +0000: Memory Usage (145492K) : Extraction of NMOS-HV transistor
2026-08-20 09:00:18 +0000: Memory Usage (145492K) : Starting PMOS EXTRACTION
2026-08-20 09:00:18 +0000: Memory Usage (145492K) : Extraction of PMOS-LV transistor
2026-08-20 09:00:18 +0000: Memory Usage (145492K) : Extraction of PMOS-HV transistor
2026-08-20 09:00:18 +0000: Memory Usage (145492K) : Starting RF-MOSFET EXTRACTION
2026-08-20 09:00:18 +0000: Memory Usage (145492K) : Extraction of RF-NMOS-LV transistor
2026-08-20 09:00:18 +0000: Memory Usage (145492K) : Extraction of RF-NMOS-HV transistor
2026-08-20 09:00:18 +0000: Memory Usage (145492K) : Extraction of RF-PMOS-LV transistor
2026-08-20 09:00:18 +0000: Memory Usage (145492K) : Extraction of RF-PMOS-HV transistor
2026-08-20 09:00:18 +0000: Memory Usage (145492K) : Starting BJT EXTRACTION
2026-08-20 09:00:18 +0000: Memory Usage (145492K) : Starting NPN-BJT EXTRACTION
2026-08-20 09:00:18 +0000: Memory Usage (145492K) : Extraction of npn13G2 BJT transistor
2026-08-20 09:00:18 +0000: Memory Usage (145492K) : Extraction of npn13G2L BJT transistor
2026-08-20 09:00:18 +0000: Memory Usage (145492K) : Extraction of npn13G2V BJT transistor
2026-08-20 09:00:18 +0000: Memory Usage (145492K) : Starting PNP-BJT EXTRACTION
2026-08-20 09:00:18 +0000: Memory Usage (145492K) : Extracting pnpMPA BJT
2026-08-20 09:00:18 +0000: Memory Usage (145492K) : Starting DIODE EXTRACTION
2026-08-20 09:00:18 +0000: Memory Usage (145492K) : Extracting dantenna diode
2026-08-20 09:00:18 +0000: Memory Usage (145492K) : Extracting dpantenna diode
2026-08-20 09:00:18 +0000: Memory Usage (145492K) : Extracting schottky_nbl1 diode
2026-08-20 09:00:18 +0000: Memory Usage (145492K) : Extracting isolbox diode
2026-08-20 09:00:18 +0000: Memory Usage (145492K) : Starting RESISTOR EXTRACTION
2026-08-20 09:00:18 +0000: Memory Usage (145492K) : Extracting rsil resistor
2026-08-20 09:00:18 +0000: Memory Usage (145748K) : Extracting rppd resistor
2026-08-20 09:00:18 +0000: Memory Usage (145748K) : Extracting rhigh resistor
2026-08-20 09:00:18 +0000: Memory Usage (145748K) : Extracting res_metal1 resistor
2026-08-20 09:00:18 +0000: Memory Usage (145748K) : Extracting res_metal2 resistor
2026-08-20 09:00:18 +0000: Memory Usage (145748K) : Extracting res_metal3 resistor
2026-08-20 09:00:18 +0000: Memory Usage (145748K) : Extracting res_metal4 resistor
2026-08-20 09:00:18 +0000: Memory Usage (145748K) : Extracting res_metal5 resistor
2026-08-20 09:00:18 +0000: Memory Usage (145748K) : Extracting res_topmetal1 resistor
2026-08-20 09:00:18 +0000: Memory Usage (145748K) : Extracting res_topmetal2 resistor
2026-08-20 09:00:18 +0000: Memory Usage (145748K) : Starting CAP EXTRACTION
2026-08-20 09:00:18 +0000: Memory Usage (145748K) : Extracting cap_cmim device
2026-08-20 09:00:18 +0000: Memory Usage (145748K) : Extracting rfcmim device
2026-08-20 09:00:18 +0000: Memory Usage (145748K) : Extracting sg13_hv_svaricap varactor
2026-08-20 09:00:18 +0000: Memory Usage (145748K) : Extracting cap_cmomi device
2026-08-20 09:00:18 +0000: Memory Usage (145748K) : Extracting cap_cmomf device
2026-08-20 09:00:18 +0000: Memory Usage (145748K) : Extracting sg13_moscap_n capacitor
2026-08-20 09:00:18 +0000: Memory Usage (145748K) : Extracting sg13_moscap_p capacitor
2026-08-20 09:00:18 +0000: Memory Usage (145748K) : Starting ESD EXTRACTION
2026-08-20 09:00:18 +0000: Memory Usage (145748K) : Extracting diodevdd_2kv ESD device
2026-08-20 09:00:18 +0000: Memory Usage (145748K) : Extracting diodevdd_4kv ESD device
2026-08-20 09:00:18 +0000: Memory Usage (145748K) : Extracting diodevss_2kv ESD device
2026-08-20 09:00:18 +0000: Memory Usage (145748K) : Extracting diodevss_4kv ESD device
2026-08-20 09:00:18 +0000: Memory Usage (145748K) : Extracting idiodevdd_2kv ESD device
2026-08-20 09:00:18 +0000: Memory Usage (145748K) : Extracting idiodevdd_4kv ESD device
2026-08-20 09:00:18 +0000: Memory Usage (145748K) : Extracting idiodevss_2kv ESD device
2026-08-20 09:00:18 +0000: Memory Usage (145748K) : Extracting idiodevss_4kv ESD device
2026-08-20 09:00:18 +0000: Memory Usage (145748K) : Extracting nmoscl_2 ESD device
2026-08-20 09:00:18 +0000: Memory Usage (145748K) : Extracting nmoscl_4 ESD device
2026-08-20 09:00:18 +0000: Memory Usage (145748K) : Starting Inductor EXTRACTION
2026-08-20 09:00:18 +0000: Memory Usage (145748K) : Extracting Inductor2 device
2026-08-20 09:00:18 +0000: Memory Usage (145748K) : Extracting Inductor3 device
2026-08-20 09:00:18 +0000: Memory Usage (145748K) : Starting Taps EXTRACTION
2026-08-20 09:00:18 +0000: Memory Usage (145748K) : DISABLE_TAP_EXTRACTION is enabled: skipping ntap1/ptap1 device extraction.
2026-08-20 09:00:18 +0000: Memory Usage (145748K) : Starting SG13G2 LVS RF MOS Model Mapping
2026-08-20 09:00:18 +0000: Memory Usage (145748K) : [layout_netlist] Apply RF MOS model mapping and rfmode parameter.
2026-08-20 09:00:18 +0000: Memory Usage (145748K) : Starting SG13G2 LVS Options Preparations
2026-08-20 09:00:18 +0000: Memory Usage (145748K) : SG13G2 LVS flow: extraction -> alignment -> option preparation -> comparison.
2026-08-20 09:00:18 +0000: Memory Usage (145748K) : Starting SG13G2 LVS Alignment
2026-08-20 09:00:18 +0000: Memory Usage (145748K) : Starting SG13G2 LVS Simplification
2026-08-20 09:00:18 +0000: Memory Usage (145748K) : [layout_netlist] simplify: ENABLED
2026-08-20 09:00:18 +0000: Memory Usage (145748K) : [layout_netlist] make_top_level_pins: SKIPPED
2026-08-20 09:00:18 +0000: Memory Usage (145748K) : [layout_netlist] combine_devices: SKIPPED
2026-08-20 09:00:18 +0000: Memory Usage (145748K) : [layout_netlist] purge: SKIPPED
2026-08-20 09:00:18 +0000: Memory Usage (145748K) : [layout_netlist] purge_nets: SKIPPED
2026-08-20 09:00:18 +0000: Memory Usage (145748K) : [schematic_netlist] simplify: ENABLED
2026-08-20 09:00:18 +0000: Memory Usage (145748K) : [schematic_netlist] make_top_level_pins: SKIPPED
2026-08-20 09:00:18 +0000: Memory Usage (145748K) : [schematic_netlist] combine_devices: SKIPPED
2026-08-20 09:00:18 +0000: Memory Usage (145748K) : [schematic_netlist] purge: SKIPPED
2026-08-20 09:00:18 +0000: Memory Usage (145748K) : [schematic_netlist] purge_nets: SKIPPED
2026-08-20 09:00:18 +0000: Memory Usage (145748K) : Starting SG13G2 LVS Comparison
2026-08-20 09:00:18 +0000: Memory Usage (145876K) : xxxxxxxxxxxxxxxxxxxxxxxxxxxxxxxxxxxxxxxxxx
2026-08-20 09:00:18 +0000: Memory Usage (145876K) : ERROR : Netlists don't match
2026-08-20 09:00:18 +0000: Memory Usage (145876K) : xxxxxxxxxxxxxxxxxxxxxxxxxxxxxxxxxxxxxxxxxx
2026-08-20 09:00:18 +0000: Memory Usage (145876K) : LVS Total Run time 1.109857 seconds
2026-08-20 09:23:28 +0000: Memory Usage (128416K) : Starting running SG13G2 Klayout LVS runset on /workspace/layout/blocks/out/term_stage/_bisect/plus_divider.gds
2026-08-20 09:23:28 +0000: Memory Usage (128416K) : Ruby Version for klayout: 3.2.3
2026-08-20 09:23:28 +0000: Memory Usage (129516K) : Loading database to memory is complete.
2026-08-20 09:23:28 +0000: Memory Usage (129516K) : SG13G2 Klayout LVS runset output at: /workspace/layout/blocks/out/term_stage/_bisect/plus_divider/plus_divider.lvsdb
2026-08-20 09:23:28 +0000: Memory Usage (129516K) : Evaluate switches.
2026-08-20 09:23:28 +0000: Memory Usage (129516K) : Extracted netlist with net names: true
2026-08-20 09:23:28 +0000: Memory Usage (129516K) : Extracted netlist with comments in details: false
2026-08-20 09:23:28 +0000: Memory Usage (129516K) : Selected NET_ONLY option: false
2026-08-20 09:23:28 +0000: Memory Usage (129516K) : Selected LAYOUT_NETLIST option: (none)
2026-08-20 09:23:28 +0000: Memory Usage (129516K) : Selected IGNORE_TOP_PORTS_MISMATCH option: true
2026-08-20 09:23:28 +0000: Memory Usage (129516K) : Selected IMPLICIT_NETS option: sub,sub!
2026-08-20 09:23:28 +0000: Memory Usage (129516K) : Selected TOP_LVL_PINS option: false
2026-08-20 09:23:28 +0000: Memory Usage (129516K) : Selected COMBINE DEVICES option: false
2026-08-20 09:23:28 +0000: Memory Usage (129516K) : Selected PURGE option: false
2026-08-20 09:23:28 +0000: Memory Usage (129516K) : Selected PURGE_NETS option: false
2026-08-20 09:23:28 +0000: Memory Usage (129516K) : Selected SIMPLIFY option: true
2026-08-20 09:23:28 +0000: Memory Usage (129516K) : Selected SERIES_RES option: true
2026-08-20 09:23:28 +0000: Memory Usage (129516K) : Selected PARALLEL_RES option: true
2026-08-20 09:23:28 +0000: Memory Usage (129516K) : Selected DISABLE_TAP_EXTRACTION option: true
2026-08-20 09:23:28 +0000: Memory Usage (129516K) : deep  mode is enabled.
2026-08-20 09:23:28 +0000: Memory Usage (129516K) : Applying implicit connections (case-sensitive, pattern supported) for nets: sub, sub!
2026-08-20 09:23:28 +0000: Memory Usage (130892K) : Netlist file: /workspace/layout/blocks/out/term_stage/_bisect/plus_divider.cdl
2026-08-20 09:23:28 +0000: Memory Usage (130892K) : LVS extracted netlist at: /workspace/layout/blocks/out/term_stage/_bisect/plus_divider/plus_divider_extracted.cir
2026-08-20 09:23:28 +0000: Memory Usage (130892K) : Applying SRAM integration support.
2026-08-20 09:23:28 +0000: Memory Usage (130892K) : Starting SG13G2 LVS runset
2026-08-20 09:23:28 +0000: Memory Usage (130892K) : Read in polygons from layers.
2026-08-20 09:23:28 +0000: Memory Usage (132100K) : activ_drw has 24 polygons
2026-08-20 09:23:28 +0000: Memory Usage (132100K) : activ_filler has 0 polygons
2026-08-20 09:23:28 +0000: Memory Usage (132228K) : activ has 24 polygons
2026-08-20 09:23:28 +0000: Memory Usage (132228K) : activ_pin has 0 polygons
2026-08-20 09:23:28 +0000: Memory Usage (132228K) : activ_mask has 0 polygons
2026-08-20 09:23:28 +0000: Memory Usage (132228K) : activ_nofill has 0 polygons
2026-08-20 09:23:28 +0000: Memory Usage (132228K) : activ_OPC has 0 polygons
2026-08-20 09:23:28 +0000: Memory Usage (132228K) : activ_iOPC has 0 polygons
2026-08-20 09:23:28 +0000: Memory Usage (132228K) : activ_noqrc has 0 polygons
2026-08-20 09:23:28 +0000: Memory Usage (132228K) : biwind_drw has 0 polygons
2026-08-20 09:23:28 +0000: Memory Usage (132228K) : biwind_OPC has 0 polygons
2026-08-20 09:23:28 +0000: Memory Usage (132316K) : gatpoly_drw has 12 polygons
2026-08-20 09:23:28 +0000: Memory Usage (132828K) : gatpoly_filler has 0 polygons
2026-08-20 09:23:28 +0000: Memory Usage (132828K) : gatpoly has 12 polygons
2026-08-20 09:23:28 +0000: Memory Usage (132828K) : gatpoly_pin has 0 polygons
2026-08-20 09:23:28 +0000: Memory Usage (132828K) : gatpoly_nofill has 0 polygons
2026-08-20 09:23:28 +0000: Memory Usage (132828K) : gatpoly_OPC has 0 polygons
2026-08-20 09:23:28 +0000: Memory Usage (132828K) : gatpoly_iOPC has 0 polygons
2026-08-20 09:23:28 +0000: Memory Usage (132828K) : gatpoly_noqrc has 0 polygons
2026-08-20 09:23:28 +0000: Memory Usage (132956K) : cont_drw has 4324 polygons
2026-08-20 09:23:28 +0000: Memory Usage (132956K) : cont_OPC has 0 polygons
2026-08-20 09:23:28 +0000: Memory Usage (132956K) : nsd_drw has 0 polygons
2026-08-20 09:23:28 +0000: Memory Usage (132956K) : nsd_block has 0 polygons
2026-08-20 09:23:28 +0000: Memory Usage (132956K) : metal1_drw has 48 polygons
2026-08-20 09:23:28 +0000: Memory Usage (132956K) : metal1_filler has 0 polygons
2026-08-20 09:23:28 +0000: Memory Usage (132956K) : metal1_slit has 0 polygons
2026-08-20 09:23:28 +0000: Memory Usage (132956K) : metal1 has 48 polygons
2026-08-20 09:23:28 +0000: Memory Usage (132956K) : metal1_pin has 12 polygons
2026-08-20 09:23:28 +0000: Memory Usage (132956K) : metal1_mask has 0 polygons
2026-08-20 09:23:28 +0000: Memory Usage (132956K) : metal1_nofill has 0 polygons
2026-08-20 09:23:28 +0000: Memory Usage (133212K) : metal1_text has 4 polygons
2026-08-20 09:23:28 +0000: Memory Usage (133212K) : metal1_OPC has 0 polygons
2026-08-20 09:23:28 +0000: Memory Usage (133340K) : metal1_noqrc has 0 polygons
2026-08-20 09:23:28 +0000: Memory Usage (133340K) : metal1_res has 0 polygons
2026-08-20 09:23:28 +0000: Memory Usage (133468K) : metal1_iprobe has 0 polygons
2026-08-20 09:23:28 +0000: Memory Usage (133468K) : metal1_diffprb has 0 polygons
2026-08-20 09:23:28 +0000: Memory Usage (133468K) : passiv_drw has 2 polygons
2026-08-20 09:23:28 +0000: Memory Usage (133596K) : passiv_pin has 0 polygons
2026-08-20 09:23:28 +0000: Memory Usage (133596K) : passiv_sbump has 0 polygons
2026-08-20 09:23:28 +0000: Memory Usage (133596K) : passiv_pillar has 0 polygons
2026-08-20 09:23:28 +0000: Memory Usage (133724K) : passiv_pdl has 0 polygons
2026-08-20 09:23:28 +0000: Memory Usage (133724K) : metal2_drw has 30 polygons
2026-08-20 09:23:28 +0000: Memory Usage (133724K) : metal2_filler has 0 polygons
2026-08-20 09:23:28 +0000: Memory Usage (133852K) : metal2_slit has 0 polygons
2026-08-20 09:23:28 +0000: Memory Usage (133852K) : metal2 has 30 polygons
2026-08-20 09:23:28 +0000: Memory Usage (133852K) : metal2_pin has 8 polygons
2026-08-20 09:23:28 +0000: Memory Usage (133852K) : metal2_mask has 0 polygons
2026-08-20 09:23:28 +0000: Memory Usage (133980K) : metal2_nofill has 0 polygons
2026-08-20 09:23:28 +0000: Memory Usage (133980K) : metal2_text has 0 polygons
2026-08-20 09:23:28 +0000: Memory Usage (133980K) : metal2_OPC has 0 polygons
2026-08-20 09:23:28 +0000: Memory Usage (133980K) : metal2_noqrc has 0 polygons
2026-08-20 09:23:28 +0000: Memory Usage (134108K) : metal2_res has 0 polygons
2026-08-20 09:23:28 +0000: Memory Usage (134108K) : metal2_iprobe has 0 polygons
2026-08-20 09:23:28 +0000: Memory Usage (134108K) : metal2_diffprb has 0 polygons
2026-08-20 09:23:28 +0000: Memory Usage (134108K) : baspoly_drw has 0 polygons
2026-08-20 09:23:28 +0000: Memory Usage (134236K) : baspoly_pin has 0 polygons
2026-08-20 09:23:28 +0000: Memory Usage (134236K) : psd_drw has 18 polygons
2026-08-20 09:23:28 +0000: Memory Usage (134236K) : nldb_drw has 0 polygons
2026-08-20 09:23:28 +0000: Memory Usage (134236K) : digibnd_drw has 0 polygons
2026-08-20 09:23:28 +0000: Memory Usage (134364K) : via1_drw has 896 polygons
2026-08-20 09:23:28 +0000: Memory Usage (134364K) : backmetal1_drw has 0 polygons
2026-08-20 09:23:28 +0000: Memory Usage (134364K) : backmetal1_pin has 0 polygons
2026-08-20 09:23:28 +0000: Memory Usage (134364K) : backmetal1_mask has 0 polygons
2026-08-20 09:23:28 +0000: Memory Usage (134492K) : backmetal1_filler has 0 polygons
2026-08-20 09:23:28 +0000: Memory Usage (134492K) : backmetal1_nofill has 0 polygons
2026-08-20 09:23:28 +0000: Memory Usage (134492K) : backmetal1_slit has 0 polygons
2026-08-20 09:23:28 +0000: Memory Usage (134492K) : backmetal1_text has 0 polygons
2026-08-20 09:23:28 +0000: Memory Usage (134620K) : backmetal1_OPC has 0 polygons
2026-08-20 09:23:28 +0000: Memory Usage (134620K) : backmetal1_noqrc has 0 polygons
2026-08-20 09:23:28 +0000: Memory Usage (134620K) : backmetal1_res has 0 polygons
2026-08-20 09:23:28 +0000: Memory Usage (134620K) : backmetal1_iprobe has 0 polygons
2026-08-20 09:23:28 +0000: Memory Usage (134748K) : backmetal1_diffprb has 0 polygons
2026-08-20 09:23:28 +0000: Memory Usage (134748K) : backpassiv_drw has 0 polygons
2026-08-20 09:23:28 +0000: Memory Usage (134748K) : res_drw has 2 polygons
2026-08-20 09:23:28 +0000: Memory Usage (134876K) : sram_drw has 0 polygons
2026-08-20 09:23:28 +0000: Memory Usage (134876K) : trans_drw has 0 polygons
2026-08-20 09:23:28 +0000: Memory Usage (134876K) : ind_drw has 0 polygons
2026-08-20 09:23:28 +0000: Memory Usage (134876K) : ind_pin has 0 polygons
2026-08-20 09:23:28 +0000: Memory Usage (135004K) : ind_text has 0 polygons
2026-08-20 09:23:28 +0000: Memory Usage (135004K) : salblock_drw has 2 polygons
2026-08-20 09:23:28 +0000: Memory Usage (135004K) : via2_drw has 44 polygons
2026-08-20 09:23:28 +0000: Memory Usage (135004K) : metal3_drw has 19 polygons
2026-08-20 09:23:28 +0000: Memory Usage (135132K) : metal3_filler has 0 polygons
2026-08-20 09:23:28 +0000: Memory Usage (135132K) : metal3_slit has 0 polygons
2026-08-20 09:23:28 +0000: Memory Usage (135132K) : metal3 has 19 polygons
2026-08-20 09:23:28 +0000: Memory Usage (135132K) : metal3_pin has 0 polygons
2026-08-20 09:23:28 +0000: Memory Usage (135132K) : metal3_mask has 0 polygons
2026-08-20 09:23:28 +0000: Memory Usage (135132K) : metal3_nofill has 0 polygons
2026-08-20 09:23:28 +0000: Memory Usage (135132K) : metal3_text has 0 polygons
2026-08-20 09:23:28 +0000: Memory Usage (135132K) : metal3_OPC has 0 polygons
2026-08-20 09:23:28 +0000: Memory Usage (135132K) : metal3_noqrc has 0 polygons
2026-08-20 09:23:28 +0000: Memory Usage (135132K) : metal3_res has 0 polygons
2026-08-20 09:23:28 +0000: Memory Usage (135132K) : metal3_iprobe has 0 polygons
2026-08-20 09:23:28 +0000: Memory Usage (135132K) : metal3_diffprb has 0 polygons
2026-08-20 09:23:28 +0000: Memory Usage (135132K) : nwell_drw has 10 polygons
2026-08-20 09:23:28 +0000: Memory Usage (135132K) : nwell_pin has 0 polygons
2026-08-20 09:23:28 +0000: Memory Usage (135132K) : nwell_text has 0 polygons
2026-08-20 09:23:28 +0000: Memory Usage (135260K) : nbulay_drw has 0 polygons
2026-08-20 09:23:28 +0000: Memory Usage (135260K) : nbulay_pin has 0 polygons
2026-08-20 09:23:28 +0000: Memory Usage (135260K) : nbulay_block has 0 polygons
2026-08-20 09:23:28 +0000: Memory Usage (135260K) : emwind_drw has 0 polygons
2026-08-20 09:23:28 +0000: Memory Usage (135260K) : emwind_OPC has 0 polygons
2026-08-20 09:23:28 +0000: Memory Usage (135388K) : deepco_drw has 0 polygons
2026-08-20 09:23:28 +0000: Memory Usage (135388K) : mim_drw has 1 polygons
2026-08-20 09:23:28 +0000: Memory Usage (135388K) : edgeseal_drw has 0 polygons
2026-08-20 09:23:28 +0000: Memory Usage (135388K) : substrate_drw has 0 polygons
2026-08-20 09:23:28 +0000: Memory Usage (135388K) : substrate_text has 0 polygons
2026-08-20 09:23:28 +0000: Memory Usage (135388K) : dfpad_drw has 2 polygons
2026-08-20 09:23:28 +0000: Memory Usage (135516K) : dfpad_pillar has 0 polygons
2026-08-20 09:23:28 +0000: Memory Usage (135516K) : dfpad_sbump has 0 polygons
2026-08-20 09:23:28 +0000: Memory Usage (135516K) : thickgateox_drw has 0 polygons
2026-08-20 09:23:28 +0000: Memory Usage (135516K) : pldb_drw has 0 polygons
2026-08-20 09:23:28 +0000: Memory Usage (135516K) : pwell_drw has 0 polygons
2026-08-20 09:23:28 +0000: Memory Usage (135516K) : pwell_pin has 0 polygons
2026-08-20 09:23:28 +0000: Memory Usage (135644K) : pwell_block has 0 polygons
2026-08-20 09:23:28 +0000: Memory Usage (135644K) : ic_drw has 0 polygons
2026-08-20 09:23:28 +0000: Memory Usage (135644K) : via3_drw has 1016 polygons
2026-08-20 09:23:28 +0000: Memory Usage (135644K) : metal4_drw has 20 polygons
2026-08-20 09:23:28 +0000: Memory Usage (135644K) : metal4_filler has 0 polygons
2026-08-20 09:23:28 +0000: Memory Usage (135644K) : metal4_slit has 0 polygons
2026-08-20 09:23:28 +0000: Memory Usage (135772K) : metal4 has 20 polygons
2026-08-20 09:23:28 +0000: Memory Usage (135772K) : metal4_pin has 0 polygons
2026-08-20 09:23:28 +0000: Memory Usage (135772K) : metal4_mask has 0 polygons
2026-08-20 09:23:28 +0000: Memory Usage (135772K) : metal4_nofill has 0 polygons
2026-08-20 09:23:28 +0000: Memory Usage (135772K) : metal4_text has 4 polygons
2026-08-20 09:23:28 +0000: Memory Usage (135772K) : metal4_OPC has 0 polygons
2026-08-20 09:23:28 +0000: Memory Usage (135900K) : metal4_noqrc has 0 polygons
2026-08-20 09:23:28 +0000: Memory Usage (135900K) : metal4_res has 0 polygons
2026-08-20 09:23:28 +0000: Memory Usage (135900K) : metal4_iprobe has 0 polygons
2026-08-20 09:23:28 +0000: Memory Usage (135900K) : metal4_diffprb has 0 polygons
2026-08-20 09:23:28 +0000: Memory Usage (135900K) : heattrans_drw has 0 polygons
2026-08-20 09:23:28 +0000: Memory Usage (135900K) : heatres_drw has 4 polygons
2026-08-20 09:23:28 +0000: Memory Usage (136028K) : fbe_drw has 0 polygons
2026-08-20 09:23:28 +0000: Memory Usage (136028K) : empoly_drw has 0 polygons
2026-08-20 09:23:28 +0000: Memory Usage (136028K) : digisub_drw has 0 polygons
2026-08-20 09:23:28 +0000: Memory Usage (136028K) : text_drw has 22 polygons
2026-08-20 09:23:28 +0000: Memory Usage (136028K) : via4_drw has 1008 polygons
2026-08-20 09:23:28 +0000: Memory Usage (136028K) : metal5_drw has 35 polygons
2026-08-20 09:23:28 +0000: Memory Usage (136156K) : metal5_filler has 0 polygons
2026-08-20 09:23:28 +0000: Memory Usage (136156K) : metal5_slit has 0 polygons
2026-08-20 09:23:28 +0000: Memory Usage (136156K) : metal5 has 35 polygons
2026-08-20 09:23:28 +0000: Memory Usage (136156K) : metal5_pin has 0 polygons
2026-08-20 09:23:28 +0000: Memory Usage (136156K) : metal5_mask has 0 polygons
2026-08-20 09:23:28 +0000: Memory Usage (136156K) : metal5_nofill has 0 polygons
2026-08-20 09:23:28 +0000: Memory Usage (136284K) : metal5_text has 0 polygons
2026-08-20 09:23:28 +0000: Memory Usage (136284K) : metal5_OPC has 0 polygons
2026-08-20 09:23:28 +0000: Memory Usage (136284K) : metal5_noqrc has 0 polygons
2026-08-20 09:23:28 +0000: Memory Usage (136284K) : metal5_res has 0 polygons
2026-08-20 09:23:28 +0000: Memory Usage (136284K) : metal5_iprobe has 0 polygons
2026-08-20 09:23:28 +0000: Memory Usage (136284K) : metal5_diffprb has 0 polygons
2026-08-20 09:23:28 +0000: Memory Usage (136412K) : radhard_drw has 0 polygons
2026-08-20 09:23:28 +0000: Memory Usage (136412K) : memcap_drw has 0 polygons
2026-08-20 09:23:28 +0000: Memory Usage (136412K) : varicap_drw has 0 polygons
2026-08-20 09:23:28 +0000: Memory Usage (136412K) : intbondvia_drw has 0 polygons
2026-08-20 09:23:28 +0000: Memory Usage (136540K) : intbondmet_drw has 0 polygons
2026-08-20 09:23:28 +0000: Memory Usage (136540K) : devbondvia_drw has 0 polygons
2026-08-20 09:23:28 +0000: Memory Usage (136540K) : devbondmet_drw has 0 polygons
2026-08-20 09:23:28 +0000: Memory Usage (136540K) : devtrench_drw has 0 polygons
2026-08-20 09:23:28 +0000: Memory Usage (136668K) : redist_drw has 0 polygons
2026-08-20 09:23:28 +0000: Memory Usage (136668K) : graphbot_drw has 0 polygons
2026-08-20 09:23:28 +0000: Memory Usage (136668K) : graphtop_drw has 0 polygons
2026-08-20 09:23:28 +0000: Memory Usage (136668K) : antvia1_drw has 0 polygons
2026-08-20 09:23:28 +0000: Memory Usage (136668K) : antmetal2_drw has 0 polygons
2026-08-20 09:23:28 +0000: Memory Usage (136668K) : graphcont_drw has 0 polygons
2026-08-20 09:23:28 +0000: Memory Usage (136796K) : siwg_drw has 0 polygons
2026-08-20 09:23:28 +0000: Memory Usage (136796K) : siwg_filler has 0 polygons
2026-08-20 09:23:28 +0000: Memory Usage (136796K) : siwg_nofill has 0 polygons
2026-08-20 09:23:28 +0000: Memory Usage (136796K) : sigrating_drw has 0 polygons
2026-08-20 09:23:28 +0000: Memory Usage (136796K) : singrating_drw has 0 polygons
2026-08-20 09:23:28 +0000: Memory Usage (136796K) : graphpas_drw has 0 polygons
2026-08-20 09:23:28 +0000: Memory Usage (136924K) : emwind3_drw has 0 polygons
2026-08-20 09:23:28 +0000: Memory Usage (136924K) : emwihv3_drw has 0 polygons
2026-08-20 09:23:28 +0000: Memory Usage (136924K) : redbulay_drw has 0 polygons
2026-08-20 09:23:28 +0000: Memory Usage (136924K) : smos_drw has 0 polygons
2026-08-20 09:23:28 +0000: Memory Usage (136924K) : graphpad_drw has 0 polygons
2026-08-20 09:23:28 +0000: Memory Usage (137052K) : polimide_drw has 0 polygons
2026-08-20 09:23:28 +0000: Memory Usage (137052K) : polimide_pin has 0 polygons
2026-08-20 09:23:28 +0000: Memory Usage (137052K) : recog_drw has 0 polygons
2026-08-20 09:23:28 +0000: Memory Usage (137052K) : recog_pin has 0 polygons
2026-08-20 09:23:28 +0000: Memory Usage (137052K) : recog_esd has 4 polygons
2026-08-20 09:23:28 +0000: Memory Usage (137180K) : recog_diode has 0 polygons
2026-08-20 09:23:28 +0000: Memory Usage (137180K) : recog_tsv has 0 polygons
2026-08-20 09:23:28 +0000: Memory Usage (137180K) : recog_iprobe has 0 polygons
2026-08-20 09:23:28 +0000: Memory Usage (137180K) : recog_diffprb has 0 polygons
2026-08-20 09:23:28 +0000: Memory Usage (137308K) : recog_pillar has 0 polygons
2026-08-20 09:23:28 +0000: Memory Usage (137308K) : recog_sbump has 0 polygons
2026-08-20 09:23:28 +0000: Memory Usage (137308K) : recog_otp has 0 polygons
2026-08-20 09:23:28 +0000: Memory Usage (137308K) : recog_pdiode has 0 polygons
2026-08-20 09:23:28 +0000: Memory Usage (137436K) : recog_mom has 0 polygons
2026-08-20 09:23:28 +0000: Memory Usage (137436K) : recog_momf has 0 polygons
2026-08-20 09:23:28 +0000: Memory Usage (137436K) : recog_pcm has 0 polygons
2026-08-20 09:23:28 +0000: Memory Usage (137436K) : colopen_drw has 0 polygons
2026-08-20 09:23:28 +0000: Memory Usage (137564K) : graphmetal1_drw has 0 polygons
2026-08-20 09:23:28 +0000: Memory Usage (137564K) : graphmetal1_filler has 0 polygons
2026-08-20 09:23:28 +0000: Memory Usage (137564K) : graphmetal1_nofill has 0 polygons
2026-08-20 09:23:28 +0000: Memory Usage (137564K) : graphmetal1_slit has 0 polygons
2026-08-20 09:23:28 +0000: Memory Usage (137692K) : graphmetal1_OPC has 0 polygons
2026-08-20 09:23:28 +0000: Memory Usage (137692K) : graphmet1l_drw has 0 polygons
2026-08-20 09:23:28 +0000: Memory Usage (137692K) : graphmet1l_filler has 0 polygons
2026-08-20 09:23:28 +0000: Memory Usage (137692K) : graphmet1l_nofill has 0 polygons
2026-08-20 09:23:28 +0000: Memory Usage (137820K) : graphmet1l_slit has 0 polygons
2026-08-20 09:23:28 +0000: Memory Usage (137820K) : graphmet1l_OPC has 0 polygons
2026-08-20 09:23:28 +0000: Memory Usage (137820K) : extblock_drw has 12 polygons
2026-08-20 09:23:28 +0000: Memory Usage (137820K) : nldd_drw has 0 polygons
2026-08-20 09:23:28 +0000: Memory Usage (137820K) : pldd_drw has 0 polygons
2026-08-20 09:23:28 +0000: Memory Usage (137948K) : next_drw has 0 polygons
2026-08-20 09:23:28 +0000: Memory Usage (137948K) : pext_drw has 0 polygons
2026-08-20 09:23:28 +0000: Memory Usage (137948K) : nexthv_drw has 0 polygons
2026-08-20 09:23:28 +0000: Memory Usage (137948K) : pexthv_drw has 0 polygons
2026-08-20 09:23:28 +0000: Memory Usage (137948K) : graphgate_drw has 0 polygons
2026-08-20 09:23:28 +0000: Memory Usage (137948K) : sinwg_drw has 0 polygons
2026-08-20 09:23:28 +0000: Memory Usage (138076K) : sinwg_filler has 0 polygons
2026-08-20 09:23:28 +0000: Memory Usage (138076K) : sinwg_nofill has 0 polygons
2026-08-20 09:23:28 +0000: Memory Usage (138076K) : mempad_drw has 0 polygons
2026-08-20 09:23:28 +0000: Memory Usage (138076K) : topvia1_drw has 477 polygons
2026-08-20 09:23:28 +0000: Memory Usage (138076K) : topmetal1_drw has 12 polygons
2026-08-20 09:23:28 +0000: Memory Usage (138076K) : topmetal1_filler has 0 polygons
2026-08-20 09:23:28 +0000: Memory Usage (138204K) : topmetal1_slit has 0 polygons
2026-08-20 09:23:28 +0000: Memory Usage (138204K) : topmetal1 has 12 polygons
2026-08-20 09:23:28 +0000: Memory Usage (138204K) : topmetal1_pin has 0 polygons
2026-08-20 09:23:28 +0000: Memory Usage (138204K) : topmetal1_mask has 0 polygons
2026-08-20 09:23:28 +0000: Memory Usage (138204K) : topmetal1_nofill has 0 polygons
2026-08-20 09:23:28 +0000: Memory Usage (138332K) : topmetal1_text has 0 polygons
2026-08-20 09:23:28 +0000: Memory Usage (138332K) : topmetal1_noqrc has 0 polygons
2026-08-20 09:23:28 +0000: Memory Usage (138332K) : topmetal1_res has 0 polygons
2026-08-20 09:23:28 +0000: Memory Usage (138332K) : topmetal1_iprobe has 0 polygons
2026-08-20 09:23:28 +0000: Memory Usage (138460K) : topmetal1_diffprb has 0 polygons
2026-08-20 09:23:28 +0000: Memory Usage (138460K) : inldpwl_drw has 0 polygons
2026-08-20 09:23:28 +0000: Memory Usage (138460K) : polyres_drw has 4 polygons
2026-08-20 09:23:28 +0000: Memory Usage (138460K) : polyres_pin has 0 polygons
2026-08-20 09:23:28 +0000: Memory Usage (138588K) : vmim_drw has 225 polygons
2026-08-20 09:23:28 +0000: Memory Usage (138588K) : nbulaycut_drw has 0 polygons
2026-08-20 09:23:28 +0000: Memory Usage (138588K) : antmetal1_drw has 0 polygons
2026-08-20 09:23:28 +0000: Memory Usage (138588K) : topvia2_drw has 198 polygons
2026-08-20 09:23:28 +0000: Memory Usage (138716K) : topmetal2_drw has 8 polygons
2026-08-20 09:23:28 +0000: Memory Usage (138716K) : topmetal2_filler has 0 polygons
2026-08-20 09:23:28 +0000: Memory Usage (138844K) : topmetal2_slit has 0 polygons
2026-08-20 09:23:28 +0000: Memory Usage (138844K) : topmetal2 has 8 polygons
2026-08-20 09:23:28 +0000: Memory Usage (138844K) : topmetal2_pin has 0 polygons
2026-08-20 09:23:28 +0000: Memory Usage (138844K) : topmetal2_mask has 0 polygons
2026-08-20 09:23:28 +0000: Memory Usage (138972K) : topmetal2_nofill has 0 polygons
2026-08-20 09:23:28 +0000: Memory Usage (138972K) : topmetal2_text has 4 polygons
2026-08-20 09:23:28 +0000: Memory Usage (138972K) : topmetal2_noqrc has 0 polygons
2026-08-20 09:23:28 +0000: Memory Usage (138972K) : topmetal2_res has 0 polygons
2026-08-20 09:23:28 +0000: Memory Usage (139100K) : topmetal2_iprobe has 0 polygons
2026-08-20 09:23:28 +0000: Memory Usage (139100K) : topmetal2_diffprb has 0 polygons
2026-08-20 09:23:28 +0000: Memory Usage (139100K) : snsring_drw has 0 polygons
2026-08-20 09:23:28 +0000: Memory Usage (139100K) : sensor_drw has 0 polygons
2026-08-20 09:23:28 +0000: Memory Usage (139228K) : snsarms_drw has 0 polygons
2026-08-20 09:23:28 +0000: Memory Usage (139228K) : snscmosvia_drw has 0 polygons
2026-08-20 09:23:28 +0000: Memory Usage (139228K) : colwind_drw has 0 polygons
2026-08-20 09:23:28 +0000: Memory Usage (139356K) : flm_drw has 0 polygons
2026-08-20 09:23:28 +0000: Memory Usage (139356K) : hafniumox_drw has 0 polygons
2026-08-20 09:23:28 +0000: Memory Usage (139484K) : memvia_drw has 0 polygons
2026-08-20 09:23:28 +0000: Memory Usage (139484K) : thinfilmres_drw has 0 polygons
2026-08-20 09:23:28 +0000: Memory Usage (139484K) : rfmem_drw has 0 polygons
2026-08-20 09:23:28 +0000: Memory Usage (139484K) : norcx_drw has 0 polygons
2026-08-20 09:23:28 +0000: Memory Usage (139484K) : norcx_m2m3 has 0 polygons
2026-08-20 09:23:28 +0000: Memory Usage (139484K) : norcx_m2m4 has 0 polygons
2026-08-20 09:23:28 +0000: Memory Usage (139484K) : norcx_m2m5 has 0 polygons
2026-08-20 09:23:28 +0000: Memory Usage (139484K) : norcx_m2tm1 has 0 polygons
2026-08-20 09:23:28 +0000: Memory Usage (139484K) : norcx_m2tm2 has 0 polygons
2026-08-20 09:23:28 +0000: Memory Usage (139484K) : norcx_m3m4 has 0 polygons
2026-08-20 09:23:28 +0000: Memory Usage (139484K) : norcx_m3m5 has 0 polygons
2026-08-20 09:23:28 +0000: Memory Usage (139484K) : norcx_m3tm1 has 0 polygons
2026-08-20 09:23:28 +0000: Memory Usage (139484K) : norcx_m3tm2 has 0 polygons
2026-08-20 09:23:28 +0000: Memory Usage (139484K) : norcx_m4m5 has 0 polygons
2026-08-20 09:23:28 +0000: Memory Usage (139484K) : norcx_m4tm1 has 0 polygons
2026-08-20 09:23:28 +0000: Memory Usage (139484K) : norcx_m4tm2 has 0 polygons
2026-08-20 09:23:28 +0000: Memory Usage (139484K) : norcx_m5tm1 has 0 polygons
2026-08-20 09:23:28 +0000: Memory Usage (139484K) : norcx_m5tm2 has 0 polygons
2026-08-20 09:23:28 +0000: Memory Usage (139484K) : norcx_tm1tm2 has 0 polygons
2026-08-20 09:23:28 +0000: Memory Usage (139484K) : norcx_m1sub has 0 polygons
2026-08-20 09:23:28 +0000: Memory Usage (139484K) : norcx_m2sub has 0 polygons
2026-08-20 09:23:28 +0000: Memory Usage (139484K) : norcx_m3sub has 0 polygons
2026-08-20 09:23:28 +0000: Memory Usage (139484K) : norcx_m4sub has 0 polygons
2026-08-20 09:23:28 +0000: Memory Usage (139484K) : norcx_m5sub has 0 polygons
2026-08-20 09:23:28 +0000: Memory Usage (139484K) : norcx_tm1sub has 0 polygons
2026-08-20 09:23:28 +0000: Memory Usage (139484K) : norcx_tm2sub has 0 polygons
2026-08-20 09:23:28 +0000: Memory Usage (139484K) : snsbotvia_drw has 0 polygons
2026-08-20 09:23:28 +0000: Memory Usage (139484K) : snstopvia_drw has 0 polygons
2026-08-20 09:23:28 +0000: Memory Usage (139484K) : deepvia_drw has 0 polygons
2026-08-20 09:23:28 +0000: Memory Usage (139484K) : fgetch_drw has 0 polygons
2026-08-20 09:23:28 +0000: Memory Usage (139484K) : ctrgat_drw has 0 polygons
2026-08-20 09:23:28 +0000: Memory Usage (139484K) : fgimp_drw has 0 polygons
2026-08-20 09:23:28 +0000: Memory Usage (139484K) : emwihv_drw has 0 polygons
2026-08-20 09:23:28 +0000: Memory Usage (139484K) : lbe_drw has 0 polygons
2026-08-20 09:23:28 +0000: Memory Usage (139484K) : alcustop_drw has 0 polygons
2026-08-20 09:23:28 +0000: Memory Usage (139484K) : nometfiller_drw has 0 polygons
2026-08-20 09:23:28 +0000: Memory Usage (139484K) : prboundary_drw has 0 polygons
2026-08-20 09:23:28 +0000: Memory Usage (139484K) : exchange0_drw has 0 polygons
2026-08-20 09:23:28 +0000: Memory Usage (139484K) : exchange0_pin has 0 polygons
2026-08-20 09:23:28 +0000: Memory Usage (139484K) : exchange0_text has 0 polygons
2026-08-20 09:23:28 +0000: Memory Usage (139484K) : exchange1_drw has 0 polygons
2026-08-20 09:23:28 +0000: Memory Usage (139484K) : exchange1_pin has 0 polygons
2026-08-20 09:23:28 +0000: Memory Usage (139484K) : exchange1_text has 0 polygons
2026-08-20 09:23:28 +0000: Memory Usage (139484K) : exchange2_drw has 0 polygons
2026-08-20 09:23:28 +0000: Memory Usage (139484K) : exchange2_pin has 0 polygons
2026-08-20 09:23:28 +0000: Memory Usage (139484K) : exchange2_text has 0 polygons
2026-08-20 09:23:28 +0000: Memory Usage (139484K) : exchange3_drw has 0 polygons
2026-08-20 09:23:28 +0000: Memory Usage (139484K) : exchange3_pin has 0 polygons
2026-08-20 09:23:28 +0000: Memory Usage (139484K) : exchange3_text has 0 polygons
2026-08-20 09:23:28 +0000: Memory Usage (139484K) : exchange4_drw has 0 polygons
2026-08-20 09:23:28 +0000: Memory Usage (139484K) : exchange4_pin has 0 polygons
2026-08-20 09:23:28 +0000: Memory Usage (139484K) : exchange4_text has 0 polygons
2026-08-20 09:23:28 +0000: Memory Usage (139484K) : isonwell_drw has 0 polygons
2026-08-20 09:23:28 +0000: Memory Usage (139484K) : Total no. of polygons in the design is 8511
2026-08-20 09:23:28 +0000: Memory Usage (139484K) : Starting base layers derivations
2026-08-20 09:23:28 +0000: Memory Usage (139484K) : Starting general LVS derivations
2026-08-20 09:23:28 +0000: Memory Usage (142968K) : Starting MOSFET DERIVATIONS
2026-08-20 09:23:28 +0000: Memory Usage (143480K) : Starting NMOS DERIVATIONS
2026-08-20 09:23:28 +0000: Memory Usage (143480K) : Starting PMOS DERIVATIONS
2026-08-20 09:23:28 +0000: Memory Usage (143480K) : Starting RF-MOSFET DERIVATIONS
2026-08-20 09:23:28 +0000: Memory Usage (143480K) : Starting RF-NMOS DERIVATIONS
2026-08-20 09:23:28 +0000: Memory Usage (143480K) : Starting RF-PMOS DERIVATIONS
2026-08-20 09:23:28 +0000: Memory Usage (143480K) : Starting BJT DERIVATIONS
2026-08-20 09:23:28 +0000: Memory Usage (143480K) : Starting NPN-BJT DERIVATIONS
2026-08-20 09:23:28 +0000: Memory Usage (143480K) : Starting PNP-BJT DERIVATIONS
2026-08-20 09:23:28 +0000: Memory Usage (143480K) : Starting DIODE DERIVATIONS
2026-08-20 09:23:28 +0000: Memory Usage (143480K) : Starting RESISTOR DERIVATIONS
2026-08-20 09:23:28 +0000: Memory Usage (143864K) : Starting CAP DERIVATIONS
2026-08-20 09:23:28 +0000: Memory Usage (143992K) : Starting CAP_CMOM DERIVATIONS
2026-08-20 09:23:28 +0000: Memory Usage (143992K) : Starting CAP_CMOMF DERIVATIONS
2026-08-20 09:23:28 +0000: Memory Usage (143992K) : Starting ESD DERIVATIONS
2026-08-20 09:23:29 +0000: Memory Usage (144888K) : Starting Inductor DERIVATIONS
2026-08-20 09:23:29 +0000: Memory Usage (144888K) : Starting Taps DERIVATIONS
2026-08-20 09:23:29 +0000: Memory Usage (144888K) : Starting SG13G2 LVS connectivity setup
2026-08-20 09:23:29 +0000: Memory Usage (144888K) : Starting SG13G2 LVS connectivity setup (Inter-layer)
2026-08-20 09:23:29 +0000: Memory Usage (145016K) : Starting SG13G2 LVS connectivity setup (Global)
2026-08-20 09:23:29 +0000: Memory Usage (145016K) : Starting LVS MOSFET CONNECTIONS
2026-08-20 09:23:29 +0000: Memory Usage (145016K) : Starting LVS RF-MOSFET CONNECTIONS
2026-08-20 09:23:29 +0000: Memory Usage (145016K) : Starting LVS BJT CONNECTIONS
2026-08-20 09:23:29 +0000: Memory Usage (145016K) : Starting LVS DIODE CONNECTIONS
2026-08-20 09:23:29 +0000: Memory Usage (145016K) : Starting RESISTOR CONNECTIONS
2026-08-20 09:23:29 +0000: Memory Usage (145016K) : Starting LVS CAP CONNECTIONS
2026-08-20 09:23:29 +0000: Memory Usage (145016K) : Starting CAP_CMOM CONNECTIONS
2026-08-20 09:23:29 +0000: Memory Usage (145016K) : Starting CAP_CMOMF CONNECTIONS
2026-08-20 09:23:29 +0000: Memory Usage (145016K) : Starting ESD CONNECTIONS
2026-08-20 09:23:29 +0000: Memory Usage (145016K) : Starting Inductor CONNECTIONS
2026-08-20 09:23:29 +0000: Memory Usage (145016K) : Starting LVS Taps CONNECTIONS
2026-08-20 09:23:29 +0000: Memory Usage (145016K) : Starting SG13G2 LVS DEVICES EXTRACTION
2026-08-20 09:23:29 +0000: Memory Usage (145016K) : Starting MOSFET EXTRACTION
2026-08-20 09:23:29 +0000: Memory Usage (145016K) : Starting NMOS EXTRACTION
2026-08-20 09:23:29 +0000: Memory Usage (145016K) : Extraction of NMOS-LV transistor
2026-08-20 09:23:29 +0000: Memory Usage (145016K) : Extraction of NMOS-HV transistor
2026-08-20 09:23:29 +0000: Memory Usage (145016K) : Starting PMOS EXTRACTION
2026-08-20 09:23:29 +0000: Memory Usage (145016K) : Extraction of PMOS-LV transistor
2026-08-20 09:23:29 +0000: Memory Usage (145016K) : Extraction of PMOS-HV transistor
2026-08-20 09:23:29 +0000: Memory Usage (145016K) : Starting RF-MOSFET EXTRACTION
2026-08-20 09:23:29 +0000: Memory Usage (145016K) : Extraction of RF-NMOS-LV transistor
2026-08-20 09:23:29 +0000: Memory Usage (145016K) : Extraction of RF-NMOS-HV transistor
2026-08-20 09:23:29 +0000: Memory Usage (145016K) : Extraction of RF-PMOS-LV transistor
2026-08-20 09:23:29 +0000: Memory Usage (145016K) : Extraction of RF-PMOS-HV transistor
2026-08-20 09:23:29 +0000: Memory Usage (145016K) : Starting BJT EXTRACTION
2026-08-20 09:23:29 +0000: Memory Usage (145016K) : Starting NPN-BJT EXTRACTION
2026-08-20 09:23:29 +0000: Memory Usage (145016K) : Extraction of npn13G2 BJT transistor
2026-08-20 09:23:29 +0000: Memory Usage (145016K) : Extraction of npn13G2L BJT transistor
2026-08-20 09:23:29 +0000: Memory Usage (145016K) : Extraction of npn13G2V BJT transistor
2026-08-20 09:23:29 +0000: Memory Usage (145016K) : Starting PNP-BJT EXTRACTION
2026-08-20 09:23:29 +0000: Memory Usage (145016K) : Extracting pnpMPA BJT
2026-08-20 09:23:29 +0000: Memory Usage (145016K) : Starting DIODE EXTRACTION
2026-08-20 09:23:29 +0000: Memory Usage (145016K) : Extracting dantenna diode
2026-08-20 09:23:29 +0000: Memory Usage (145016K) : Extracting dpantenna diode
2026-08-20 09:23:29 +0000: Memory Usage (145016K) : Extracting schottky_nbl1 diode
2026-08-20 09:23:29 +0000: Memory Usage (145016K) : Extracting isolbox diode
2026-08-20 09:23:29 +0000: Memory Usage (145016K) : Starting RESISTOR EXTRACTION
2026-08-20 09:23:29 +0000: Memory Usage (145016K) : Extracting rsil resistor
2026-08-20 09:23:29 +0000: Memory Usage (145272K) : Extracting rppd resistor
2026-08-20 09:23:29 +0000: Memory Usage (145272K) : Extracting rhigh resistor
2026-08-20 09:23:29 +0000: Memory Usage (145272K) : Extracting res_metal1 resistor
2026-08-20 09:23:29 +0000: Memory Usage (145400K) : Extracting res_metal2 resistor
2026-08-20 09:23:29 +0000: Memory Usage (145400K) : Extracting res_metal3 resistor
2026-08-20 09:23:29 +0000: Memory Usage (145400K) : Extracting res_metal4 resistor
2026-08-20 09:23:29 +0000: Memory Usage (145400K) : Extracting res_metal5 resistor
2026-08-20 09:23:29 +0000: Memory Usage (145400K) : Extracting res_topmetal1 resistor
2026-08-20 09:23:29 +0000: Memory Usage (145400K) : Extracting res_topmetal2 resistor
2026-08-20 09:23:29 +0000: Memory Usage (145400K) : Starting CAP EXTRACTION
2026-08-20 09:23:29 +0000: Memory Usage (145400K) : Extracting cap_cmim device
2026-08-20 09:23:29 +0000: Memory Usage (145400K) : Extracting rfcmim device
2026-08-20 09:23:29 +0000: Memory Usage (145400K) : Extracting sg13_hv_svaricap varactor
2026-08-20 09:23:29 +0000: Memory Usage (145400K) : Extracting cap_cmomi device
2026-08-20 09:23:29 +0000: Memory Usage (145400K) : Extracting cap_cmomf device
2026-08-20 09:23:29 +0000: Memory Usage (145400K) : Extracting sg13_moscap_n capacitor
2026-08-20 09:23:29 +0000: Memory Usage (145400K) : Extracting sg13_moscap_p capacitor
2026-08-20 09:23:29 +0000: Memory Usage (145400K) : Starting ESD EXTRACTION
2026-08-20 09:23:29 +0000: Memory Usage (145400K) : Extracting diodevdd_2kv ESD device
2026-08-20 09:23:29 +0000: Memory Usage (145400K) : Extracting diodevdd_4kv ESD device
2026-08-20 09:23:29 +0000: Memory Usage (145400K) : Extracting diodevss_2kv ESD device
2026-08-20 09:23:29 +0000: Memory Usage (145400K) : Extracting diodevss_4kv ESD device
2026-08-20 09:23:29 +0000: Memory Usage (145400K) : Extracting idiodevdd_2kv ESD device
2026-08-20 09:23:29 +0000: Memory Usage (145400K) : Extracting idiodevdd_4kv ESD device
2026-08-20 09:23:29 +0000: Memory Usage (145400K) : Extracting idiodevss_2kv ESD device
2026-08-20 09:23:29 +0000: Memory Usage (145400K) : Extracting idiodevss_4kv ESD device
2026-08-20 09:23:29 +0000: Memory Usage (145400K) : Extracting nmoscl_2 ESD device
2026-08-20 09:23:29 +0000: Memory Usage (145400K) : Extracting nmoscl_4 ESD device
2026-08-20 09:23:29 +0000: Memory Usage (145400K) : Starting Inductor EXTRACTION
2026-08-20 09:23:29 +0000: Memory Usage (145400K) : Extracting Inductor2 device
2026-08-20 09:23:29 +0000: Memory Usage (145400K) : Extracting Inductor3 device
2026-08-20 09:23:29 +0000: Memory Usage (145400K) : Starting Taps EXTRACTION
2026-08-20 09:23:29 +0000: Memory Usage (145400K) : DISABLE_TAP_EXTRACTION is enabled: skipping ntap1/ptap1 device extraction.
2026-08-20 09:23:29 +0000: Memory Usage (145400K) : Starting SG13G2 LVS RF MOS Model Mapping
2026-08-20 09:23:29 +0000: Memory Usage (145400K) : [layout_netlist] Apply RF MOS model mapping and rfmode parameter.
2026-08-20 09:23:29 +0000: Memory Usage (145400K) : Starting SG13G2 LVS Options Preparations
2026-08-20 09:23:29 +0000: Memory Usage (145400K) : SG13G2 LVS flow: extraction -> alignment -> option preparation -> comparison.
2026-08-20 09:23:29 +0000: Memory Usage (145400K) : Starting SG13G2 LVS Alignment
2026-08-20 09:23:29 +0000: Memory Usage (145400K) : Starting SG13G2 LVS Simplification
2026-08-20 09:23:29 +0000: Memory Usage (145400K) : [layout_netlist] simplify: ENABLED
2026-08-20 09:23:29 +0000: Memory Usage (145400K) : [layout_netlist] make_top_level_pins: SKIPPED
2026-08-20 09:23:29 +0000: Memory Usage (145400K) : [layout_netlist] combine_devices: SKIPPED
2026-08-20 09:23:29 +0000: Memory Usage (145400K) : [layout_netlist] purge: SKIPPED
2026-08-20 09:23:29 +0000: Memory Usage (145400K) : [layout_netlist] purge_nets: SKIPPED
2026-08-20 09:23:29 +0000: Memory Usage (145400K) : [schematic_netlist] simplify: ENABLED
2026-08-20 09:23:29 +0000: Memory Usage (145400K) : [schematic_netlist] make_top_level_pins: SKIPPED
2026-08-20 09:23:29 +0000: Memory Usage (145400K) : [schematic_netlist] combine_devices: SKIPPED
2026-08-20 09:23:29 +0000: Memory Usage (145400K) : [schematic_netlist] purge: SKIPPED
2026-08-20 09:23:29 +0000: Memory Usage (145400K) : [schematic_netlist] purge_nets: SKIPPED
2026-08-20 09:23:29 +0000: Memory Usage (145400K) : Starting SG13G2 LVS Comparison
2026-08-20 09:23:29 +0000: Memory Usage (145400K) : xxxxxxxxxxxxxxxxxxxxxxxxxxxxxxxxxxxxxxxxxx
2026-08-20 09:23:29 +0000: Memory Usage (145400K) : ERROR : Netlists don't match
2026-08-20 09:23:29 +0000: Memory Usage (145400K) : xxxxxxxxxxxxxxxxxxxxxxxxxxxxxxxxxxxxxxxxxx
2026-08-20 09:23:29 +0000: Memory Usage (145400K) : LVS Total Run time 1.051790 seconds
2026-08-20 09:28:34 +0000: Memory Usage (128780K) : Starting running SG13G2 Klayout LVS runset on /workspace/layout/blocks/out/term_stage/_bisect/plus_divider.gds
2026-08-20 09:28:34 +0000: Memory Usage (128780K) : Ruby Version for klayout: 3.2.3
2026-08-20 09:28:34 +0000: Memory Usage (129924K) : Loading database to memory is complete.
2026-08-20 09:28:34 +0000: Memory Usage (129924K) : SG13G2 Klayout LVS runset output at: /workspace/layout/blocks/out/term_stage/_bisect/plus_divider/plus_divider.lvsdb
2026-08-20 09:28:34 +0000: Memory Usage (129924K) : Evaluate switches.
2026-08-20 09:28:34 +0000: Memory Usage (129924K) : Extracted netlist with net names: true
2026-08-20 09:28:34 +0000: Memory Usage (129924K) : Extracted netlist with comments in details: false
2026-08-20 09:28:34 +0000: Memory Usage (129924K) : Selected NET_ONLY option: false
2026-08-20 09:28:34 +0000: Memory Usage (129924K) : Selected LAYOUT_NETLIST option: (none)
2026-08-20 09:28:34 +0000: Memory Usage (129924K) : Selected IGNORE_TOP_PORTS_MISMATCH option: true
2026-08-20 09:28:34 +0000: Memory Usage (129924K) : Selected IMPLICIT_NETS option: sub,sub!
2026-08-20 09:28:34 +0000: Memory Usage (129924K) : Selected TOP_LVL_PINS option: false
2026-08-20 09:28:34 +0000: Memory Usage (129924K) : Selected COMBINE DEVICES option: false
2026-08-20 09:28:34 +0000: Memory Usage (129924K) : Selected PURGE option: false
2026-08-20 09:28:34 +0000: Memory Usage (129924K) : Selected PURGE_NETS option: false
2026-08-20 09:28:34 +0000: Memory Usage (129924K) : Selected SIMPLIFY option: true
2026-08-20 09:28:34 +0000: Memory Usage (129924K) : Selected SERIES_RES option: true
2026-08-20 09:28:34 +0000: Memory Usage (129924K) : Selected PARALLEL_RES option: true
2026-08-20 09:28:34 +0000: Memory Usage (129924K) : Selected DISABLE_TAP_EXTRACTION option: true
2026-08-20 09:28:34 +0000: Memory Usage (129924K) : deep  mode is enabled.
2026-08-20 09:28:34 +0000: Memory Usage (129924K) : Applying implicit connections (case-sensitive, pattern supported) for nets: sub, sub!
2026-08-20 09:28:34 +0000: Memory Usage (130980K) : Netlist file: /workspace/layout/blocks/out/term_stage/_bisect/plus_divider.cdl
2026-08-20 09:28:34 +0000: Memory Usage (130980K) : LVS extracted netlist at: /workspace/layout/blocks/out/term_stage/_bisect/plus_divider/plus_divider_extracted.cir
2026-08-20 09:28:34 +0000: Memory Usage (130980K) : Applying SRAM integration support.
2026-08-20 09:28:34 +0000: Memory Usage (130980K) : Starting SG13G2 LVS runset
2026-08-20 09:28:34 +0000: Memory Usage (130980K) : Read in polygons from layers.
2026-08-20 09:28:34 +0000: Memory Usage (132548K) : activ_drw has 24 polygons
2026-08-20 09:28:34 +0000: Memory Usage (132548K) : activ_filler has 0 polygons
2026-08-20 09:28:34 +0000: Memory Usage (132804K) : activ has 24 polygons
2026-08-20 09:28:34 +0000: Memory Usage (132804K) : activ_pin has 0 polygons
2026-08-20 09:28:34 +0000: Memory Usage (132804K) : activ_mask has 0 polygons
2026-08-20 09:28:34 +0000: Memory Usage (132804K) : activ_nofill has 0 polygons
2026-08-20 09:28:34 +0000: Memory Usage (132804K) : activ_OPC has 0 polygons
2026-08-20 09:28:34 +0000: Memory Usage (132804K) : activ_iOPC has 0 polygons
2026-08-20 09:28:34 +0000: Memory Usage (132804K) : activ_noqrc has 0 polygons
2026-08-20 09:28:34 +0000: Memory Usage (132804K) : biwind_drw has 0 polygons
2026-08-20 09:28:34 +0000: Memory Usage (132804K) : biwind_OPC has 0 polygons
2026-08-20 09:28:34 +0000: Memory Usage (132896K) : gatpoly_drw has 12 polygons
2026-08-20 09:28:34 +0000: Memory Usage (133408K) : gatpoly_filler has 0 polygons
2026-08-20 09:28:34 +0000: Memory Usage (133408K) : gatpoly has 12 polygons
2026-08-20 09:28:34 +0000: Memory Usage (133408K) : gatpoly_pin has 0 polygons
2026-08-20 09:28:34 +0000: Memory Usage (133408K) : gatpoly_nofill has 0 polygons
2026-08-20 09:28:34 +0000: Memory Usage (133408K) : gatpoly_OPC has 0 polygons
2026-08-20 09:28:34 +0000: Memory Usage (133408K) : gatpoly_iOPC has 0 polygons
2026-08-20 09:28:34 +0000: Memory Usage (133408K) : gatpoly_noqrc has 0 polygons
2026-08-20 09:28:34 +0000: Memory Usage (133408K) : cont_drw has 4324 polygons
2026-08-20 09:28:34 +0000: Memory Usage (133408K) : cont_OPC has 0 polygons
2026-08-20 09:28:34 +0000: Memory Usage (133408K) : nsd_drw has 0 polygons
2026-08-20 09:28:34 +0000: Memory Usage (133408K) : nsd_block has 0 polygons
2026-08-20 09:28:34 +0000: Memory Usage (133408K) : metal1_drw has 48 polygons
2026-08-20 09:28:34 +0000: Memory Usage (133408K) : metal1_filler has 0 polygons
2026-08-20 09:28:34 +0000: Memory Usage (133408K) : metal1_slit has 0 polygons
2026-08-20 09:28:34 +0000: Memory Usage (133536K) : metal1 has 48 polygons
2026-08-20 09:28:34 +0000: Memory Usage (133536K) : metal1_pin has 12 polygons
2026-08-20 09:28:34 +0000: Memory Usage (133536K) : metal1_mask has 0 polygons
2026-08-20 09:28:34 +0000: Memory Usage (133536K) : metal1_nofill has 0 polygons
2026-08-20 09:28:34 +0000: Memory Usage (133664K) : metal1_text has 4 polygons
2026-08-20 09:28:34 +0000: Memory Usage (133792K) : metal1_OPC has 0 polygons
2026-08-20 09:28:34 +0000: Memory Usage (133792K) : metal1_noqrc has 0 polygons
2026-08-20 09:28:34 +0000: Memory Usage (133792K) : metal1_res has 0 polygons
2026-08-20 09:28:34 +0000: Memory Usage (133920K) : metal1_iprobe has 0 polygons
2026-08-20 09:28:34 +0000: Memory Usage (133920K) : metal1_diffprb has 0 polygons
2026-08-20 09:28:34 +0000: Memory Usage (133920K) : passiv_drw has 2 polygons
2026-08-20 09:28:34 +0000: Memory Usage (134048K) : passiv_pin has 0 polygons
2026-08-20 09:28:34 +0000: Memory Usage (134048K) : passiv_sbump has 0 polygons
2026-08-20 09:28:34 +0000: Memory Usage (134048K) : passiv_pillar has 0 polygons
2026-08-20 09:28:34 +0000: Memory Usage (134176K) : passiv_pdl has 0 polygons
2026-08-20 09:28:34 +0000: Memory Usage (134176K) : metal2_drw has 30 polygons
2026-08-20 09:28:34 +0000: Memory Usage (134176K) : metal2_filler has 0 polygons
2026-08-20 09:28:34 +0000: Memory Usage (134304K) : metal2_slit has 0 polygons
2026-08-20 09:28:34 +0000: Memory Usage (134304K) : metal2 has 30 polygons
2026-08-20 09:28:34 +0000: Memory Usage (134304K) : metal2_pin has 8 polygons
2026-08-20 09:28:34 +0000: Memory Usage (134304K) : metal2_mask has 0 polygons
2026-08-20 09:28:34 +0000: Memory Usage (134432K) : metal2_nofill has 0 polygons
2026-08-20 09:28:34 +0000: Memory Usage (134432K) : metal2_text has 4 polygons
2026-08-20 09:28:34 +0000: Memory Usage (134432K) : metal2_OPC has 0 polygons
2026-08-20 09:28:34 +0000: Memory Usage (134432K) : metal2_noqrc has 0 polygons
2026-08-20 09:28:34 +0000: Memory Usage (134560K) : metal2_res has 0 polygons
2026-08-20 09:28:34 +0000: Memory Usage (134560K) : metal2_iprobe has 0 polygons
2026-08-20 09:28:34 +0000: Memory Usage (134560K) : metal2_diffprb has 0 polygons
2026-08-20 09:28:34 +0000: Memory Usage (134560K) : baspoly_drw has 0 polygons
2026-08-20 09:28:34 +0000: Memory Usage (134688K) : baspoly_pin has 0 polygons
2026-08-20 09:28:34 +0000: Memory Usage (134688K) : psd_drw has 18 polygons
2026-08-20 09:28:34 +0000: Memory Usage (134688K) : nldb_drw has 0 polygons
2026-08-20 09:28:34 +0000: Memory Usage (134688K) : digibnd_drw has 0 polygons
2026-08-20 09:28:34 +0000: Memory Usage (134816K) : via1_drw has 896 polygons
2026-08-20 09:28:34 +0000: Memory Usage (134816K) : backmetal1_drw has 0 polygons
2026-08-20 09:28:34 +0000: Memory Usage (134816K) : backmetal1_pin has 0 polygons
2026-08-20 09:28:34 +0000: Memory Usage (134816K) : backmetal1_mask has 0 polygons
2026-08-20 09:28:34 +0000: Memory Usage (134944K) : backmetal1_filler has 0 polygons
2026-08-20 09:28:34 +0000: Memory Usage (134944K) : backmetal1_nofill has 0 polygons
2026-08-20 09:28:34 +0000: Memory Usage (134944K) : backmetal1_slit has 0 polygons
2026-08-20 09:28:34 +0000: Memory Usage (134944K) : backmetal1_text has 0 polygons
2026-08-20 09:28:34 +0000: Memory Usage (135072K) : backmetal1_OPC has 0 polygons
2026-08-20 09:28:34 +0000: Memory Usage (135072K) : backmetal1_noqrc has 0 polygons
2026-08-20 09:28:34 +0000: Memory Usage (135072K) : backmetal1_res has 0 polygons
2026-08-20 09:28:34 +0000: Memory Usage (135072K) : backmetal1_iprobe has 0 polygons
2026-08-20 09:28:34 +0000: Memory Usage (135200K) : backmetal1_diffprb has 0 polygons
2026-08-20 09:28:34 +0000: Memory Usage (135200K) : backpassiv_drw has 0 polygons
2026-08-20 09:28:34 +0000: Memory Usage (135200K) : res_drw has 2 polygons
2026-08-20 09:28:34 +0000: Memory Usage (135328K) : sram_drw has 0 polygons
2026-08-20 09:28:34 +0000: Memory Usage (135328K) : trans_drw has 0 polygons
2026-08-20 09:28:34 +0000: Memory Usage (135328K) : ind_drw has 0 polygons
2026-08-20 09:28:34 +0000: Memory Usage (135328K) : ind_pin has 0 polygons
2026-08-20 09:28:34 +0000: Memory Usage (135456K) : ind_text has 0 polygons
2026-08-20 09:28:34 +0000: Memory Usage (135456K) : salblock_drw has 2 polygons
2026-08-20 09:28:34 +0000: Memory Usage (135456K) : via2_drw has 44 polygons
2026-08-20 09:28:34 +0000: Memory Usage (135456K) : metal3_drw has 19 polygons
2026-08-20 09:28:34 +0000: Memory Usage (135584K) : metal3_filler has 0 polygons
2026-08-20 09:28:34 +0000: Memory Usage (135584K) : metal3_slit has 0 polygons
2026-08-20 09:28:34 +0000: Memory Usage (135584K) : metal3 has 19 polygons
2026-08-20 09:28:34 +0000: Memory Usage (135584K) : metal3_pin has 0 polygons
2026-08-20 09:28:34 +0000: Memory Usage (135584K) : metal3_mask has 0 polygons
2026-08-20 09:28:34 +0000: Memory Usage (135584K) : metal3_nofill has 0 polygons
2026-08-20 09:28:34 +0000: Memory Usage (135584K) : metal3_text has 0 polygons
2026-08-20 09:28:34 +0000: Memory Usage (135584K) : metal3_OPC has 0 polygons
2026-08-20 09:28:34 +0000: Memory Usage (135584K) : metal3_noqrc has 0 polygons
2026-08-20 09:28:34 +0000: Memory Usage (135584K) : metal3_res has 0 polygons
2026-08-20 09:28:34 +0000: Memory Usage (135584K) : metal3_iprobe has 0 polygons
2026-08-20 09:28:34 +0000: Memory Usage (135584K) : metal3_diffprb has 0 polygons
2026-08-20 09:28:34 +0000: Memory Usage (135584K) : nwell_drw has 10 polygons
2026-08-20 09:28:34 +0000: Memory Usage (135584K) : nwell_pin has 0 polygons
2026-08-20 09:28:34 +0000: Memory Usage (135584K) : nwell_text has 0 polygons
2026-08-20 09:28:34 +0000: Memory Usage (135712K) : nbulay_drw has 0 polygons
2026-08-20 09:28:34 +0000: Memory Usage (135712K) : nbulay_pin has 0 polygons
2026-08-20 09:28:34 +0000: Memory Usage (135712K) : nbulay_block has 0 polygons
2026-08-20 09:28:34 +0000: Memory Usage (135712K) : emwind_drw has 0 polygons
2026-08-20 09:28:34 +0000: Memory Usage (135712K) : emwind_OPC has 0 polygons
2026-08-20 09:28:34 +0000: Memory Usage (135840K) : deepco_drw has 0 polygons
2026-08-20 09:28:34 +0000: Memory Usage (135840K) : mim_drw has 1 polygons
2026-08-20 09:28:34 +0000: Memory Usage (135840K) : edgeseal_drw has 0 polygons
2026-08-20 09:28:34 +0000: Memory Usage (135840K) : substrate_drw has 0 polygons
2026-08-20 09:28:34 +0000: Memory Usage (135840K) : substrate_text has 0 polygons
2026-08-20 09:28:34 +0000: Memory Usage (135840K) : dfpad_drw has 2 polygons
2026-08-20 09:28:34 +0000: Memory Usage (135968K) : dfpad_pillar has 0 polygons
2026-08-20 09:28:34 +0000: Memory Usage (135968K) : dfpad_sbump has 0 polygons
2026-08-20 09:28:34 +0000: Memory Usage (135968K) : thickgateox_drw has 0 polygons
2026-08-20 09:28:34 +0000: Memory Usage (135968K) : pldb_drw has 0 polygons
2026-08-20 09:28:34 +0000: Memory Usage (135968K) : pwell_drw has 0 polygons
2026-08-20 09:28:34 +0000: Memory Usage (136096K) : pwell_pin has 0 polygons
2026-08-20 09:28:34 +0000: Memory Usage (136096K) : pwell_block has 0 polygons
2026-08-20 09:28:34 +0000: Memory Usage (136096K) : ic_drw has 0 polygons
2026-08-20 09:28:34 +0000: Memory Usage (136096K) : via3_drw has 1016 polygons
2026-08-20 09:28:34 +0000: Memory Usage (136096K) : metal4_drw has 20 polygons
2026-08-20 09:28:34 +0000: Memory Usage (136096K) : metal4_filler has 0 polygons
2026-08-20 09:28:34 +0000: Memory Usage (136224K) : metal4_slit has 0 polygons
2026-08-20 09:28:34 +0000: Memory Usage (136224K) : metal4 has 20 polygons
2026-08-20 09:28:34 +0000: Memory Usage (136224K) : metal4_pin has 0 polygons
2026-08-20 09:28:34 +0000: Memory Usage (136224K) : metal4_mask has 0 polygons
2026-08-20 09:28:34 +0000: Memory Usage (136224K) : metal4_nofill has 0 polygons
2026-08-20 09:28:34 +0000: Memory Usage (136224K) : metal4_text has 4 polygons
2026-08-20 09:28:34 +0000: Memory Usage (136352K) : metal4_OPC has 0 polygons
2026-08-20 09:28:34 +0000: Memory Usage (136352K) : metal4_noqrc has 0 polygons
2026-08-20 09:28:34 +0000: Memory Usage (136352K) : metal4_res has 0 polygons
2026-08-20 09:28:34 +0000: Memory Usage (136352K) : metal4_iprobe has 0 polygons
2026-08-20 09:28:34 +0000: Memory Usage (136352K) : metal4_diffprb has 0 polygons
2026-08-20 09:28:34 +0000: Memory Usage (136352K) : heattrans_drw has 0 polygons
2026-08-20 09:28:34 +0000: Memory Usage (136480K) : heatres_drw has 4 polygons
2026-08-20 09:28:34 +0000: Memory Usage (136480K) : fbe_drw has 0 polygons
2026-08-20 09:28:34 +0000: Memory Usage (136480K) : empoly_drw has 0 polygons
2026-08-20 09:28:34 +0000: Memory Usage (136480K) : digisub_drw has 0 polygons
2026-08-20 09:28:34 +0000: Memory Usage (136480K) : text_drw has 22 polygons
2026-08-20 09:28:34 +0000: Memory Usage (136480K) : via4_drw has 1008 polygons
2026-08-20 09:28:34 +0000: Memory Usage (136608K) : metal5_drw has 41 polygons
2026-08-20 09:28:34 +0000: Memory Usage (136608K) : metal5_filler has 0 polygons
2026-08-20 09:28:34 +0000: Memory Usage (136608K) : metal5_slit has 0 polygons
2026-08-20 09:28:34 +0000: Memory Usage (136608K) : metal5 has 41 polygons
2026-08-20 09:28:34 +0000: Memory Usage (136608K) : metal5_pin has 0 polygons
2026-08-20 09:28:34 +0000: Memory Usage (136608K) : metal5_mask has 0 polygons
2026-08-20 09:28:34 +0000: Memory Usage (136736K) : metal5_nofill has 0 polygons
2026-08-20 09:28:34 +0000: Memory Usage (136736K) : metal5_text has 0 polygons
2026-08-20 09:28:34 +0000: Memory Usage (136736K) : metal5_OPC has 0 polygons
2026-08-20 09:28:34 +0000: Memory Usage (136736K) : metal5_noqrc has 0 polygons
2026-08-20 09:28:34 +0000: Memory Usage (136736K) : metal5_res has 0 polygons
2026-08-20 09:28:34 +0000: Memory Usage (136736K) : metal5_iprobe has 0 polygons
2026-08-20 09:28:34 +0000: Memory Usage (136864K) : metal5_diffprb has 0 polygons
2026-08-20 09:28:34 +0000: Memory Usage (136864K) : radhard_drw has 0 polygons
2026-08-20 09:28:34 +0000: Memory Usage (136864K) : memcap_drw has 0 polygons
2026-08-20 09:28:34 +0000: Memory Usage (136864K) : varicap_drw has 0 polygons
2026-08-20 09:28:34 +0000: Memory Usage (136864K) : intbondvia_drw has 0 polygons
2026-08-20 09:28:34 +0000: Memory Usage (136992K) : intbondmet_drw has 0 polygons
2026-08-20 09:28:34 +0000: Memory Usage (136992K) : devbondvia_drw has 0 polygons
2026-08-20 09:28:34 +0000: Memory Usage (136992K) : devbondmet_drw has 0 polygons
2026-08-20 09:28:34 +0000: Memory Usage (136992K) : devtrench_drw has 0 polygons
2026-08-20 09:28:34 +0000: Memory Usage (137120K) : redist_drw has 0 polygons
2026-08-20 09:28:34 +0000: Memory Usage (137120K) : graphbot_drw has 0 polygons
2026-08-20 09:28:34 +0000: Memory Usage (137120K) : graphtop_drw has 0 polygons
2026-08-20 09:28:34 +0000: Memory Usage (137120K) : antvia1_drw has 0 polygons
2026-08-20 09:28:34 +0000: Memory Usage (137120K) : antmetal2_drw has 0 polygons
2026-08-20 09:28:34 +0000: Memory Usage (137248K) : graphcont_drw has 0 polygons
2026-08-20 09:28:34 +0000: Memory Usage (137248K) : siwg_drw has 0 polygons
2026-08-20 09:28:34 +0000: Memory Usage (137248K) : siwg_filler has 0 polygons
2026-08-20 09:28:34 +0000: Memory Usage (137248K) : siwg_nofill has 0 polygons
2026-08-20 09:28:34 +0000: Memory Usage (137248K) : sigrating_drw has 0 polygons
2026-08-20 09:28:34 +0000: Memory Usage (137248K) : singrating_drw has 0 polygons
2026-08-20 09:28:34 +0000: Memory Usage (137376K) : graphpas_drw has 0 polygons
2026-08-20 09:28:34 +0000: Memory Usage (137376K) : emwind3_drw has 0 polygons
2026-08-20 09:28:34 +0000: Memory Usage (137376K) : emwihv3_drw has 0 polygons
2026-08-20 09:28:34 +0000: Memory Usage (137376K) : redbulay_drw has 0 polygons
2026-08-20 09:28:34 +0000: Memory Usage (137376K) : smos_drw has 0 polygons
2026-08-20 09:28:34 +0000: Memory Usage (137376K) : graphpad_drw has 0 polygons
2026-08-20 09:28:34 +0000: Memory Usage (137504K) : polimide_drw has 0 polygons
2026-08-20 09:28:34 +0000: Memory Usage (137504K) : polimide_pin has 0 polygons
2026-08-20 09:28:34 +0000: Memory Usage (137504K) : recog_drw has 0 polygons
2026-08-20 09:28:34 +0000: Memory Usage (137504K) : recog_pin has 0 polygons
2026-08-20 09:28:34 +0000: Memory Usage (137504K) : recog_esd has 4 polygons
2026-08-20 09:28:34 +0000: Memory Usage (137632K) : recog_diode has 0 polygons
2026-08-20 09:28:34 +0000: Memory Usage (137632K) : recog_tsv has 0 polygons
2026-08-20 09:28:34 +0000: Memory Usage (137632K) : recog_iprobe has 0 polygons
2026-08-20 09:28:34 +0000: Memory Usage (137632K) : recog_diffprb has 0 polygons
2026-08-20 09:28:34 +0000: Memory Usage (137632K) : recog_pillar has 0 polygons
2026-08-20 09:28:34 +0000: Memory Usage (137760K) : recog_sbump has 0 polygons
2026-08-20 09:28:34 +0000: Memory Usage (137760K) : recog_otp has 0 polygons
2026-08-20 09:28:34 +0000: Memory Usage (137760K) : recog_pdiode has 0 polygons
2026-08-20 09:28:34 +0000: Memory Usage (137760K) : recog_mom has 0 polygons
2026-08-20 09:28:34 +0000: Memory Usage (137888K) : recog_momf has 0 polygons
2026-08-20 09:28:34 +0000: Memory Usage (137888K) : recog_pcm has 0 polygons
2026-08-20 09:28:34 +0000: Memory Usage (137888K) : colopen_drw has 0 polygons
2026-08-20 09:28:34 +0000: Memory Usage (137888K) : graphmetal1_drw has 0 polygons
2026-08-20 09:28:34 +0000: Memory Usage (138016K) : graphmetal1_filler has 0 polygons
2026-08-20 09:28:34 +0000: Memory Usage (138016K) : graphmetal1_nofill has 0 polygons
2026-08-20 09:28:34 +0000: Memory Usage (138016K) : graphmetal1_slit has 0 polygons
2026-08-20 09:28:34 +0000: Memory Usage (138016K) : graphmetal1_OPC has 0 polygons
2026-08-20 09:28:34 +0000: Memory Usage (138144K) : graphmet1l_drw has 0 polygons
2026-08-20 09:28:34 +0000: Memory Usage (138144K) : graphmet1l_filler has 0 polygons
2026-08-20 09:28:34 +0000: Memory Usage (138144K) : graphmet1l_nofill has 0 polygons
2026-08-20 09:28:34 +0000: Memory Usage (138144K) : graphmet1l_slit has 0 polygons
2026-08-20 09:28:34 +0000: Memory Usage (138272K) : graphmet1l_OPC has 0 polygons
2026-08-20 09:28:34 +0000: Memory Usage (138272K) : extblock_drw has 12 polygons
2026-08-20 09:28:34 +0000: Memory Usage (138272K) : nldd_drw has 0 polygons
2026-08-20 09:28:34 +0000: Memory Usage (138272K) : pldd_drw has 0 polygons
2026-08-20 09:28:34 +0000: Memory Usage (138400K) : next_drw has 0 polygons
2026-08-20 09:28:34 +0000: Memory Usage (138400K) : pext_drw has 0 polygons
2026-08-20 09:28:34 +0000: Memory Usage (138400K) : nexthv_drw has 0 polygons
2026-08-20 09:28:34 +0000: Memory Usage (138400K) : pexthv_drw has 0 polygons
2026-08-20 09:28:34 +0000: Memory Usage (138400K) : graphgate_drw has 0 polygons
2026-08-20 09:28:34 +0000: Memory Usage (138528K) : sinwg_drw has 0 polygons
2026-08-20 09:28:34 +0000: Memory Usage (138528K) : sinwg_filler has 0 polygons
2026-08-20 09:28:34 +0000: Memory Usage (138528K) : sinwg_nofill has 0 polygons
2026-08-20 09:28:34 +0000: Memory Usage (138528K) : mempad_drw has 0 polygons
2026-08-20 09:28:34 +0000: Memory Usage (138528K) : topvia1_drw has 477 polygons
2026-08-20 09:28:34 +0000: Memory Usage (138528K) : topmetal1_drw has 12 polygons
2026-08-20 09:28:34 +0000: Memory Usage (138656K) : topmetal1_filler has 0 polygons
2026-08-20 09:28:34 +0000: Memory Usage (138656K) : topmetal1_slit has 0 polygons
2026-08-20 09:28:34 +0000: Memory Usage (138656K) : topmetal1 has 12 polygons
2026-08-20 09:28:34 +0000: Memory Usage (138656K) : topmetal1_pin has 0 polygons
2026-08-20 09:28:34 +0000: Memory Usage (138656K) : topmetal1_mask has 0 polygons
2026-08-20 09:28:34 +0000: Memory Usage (138784K) : topmetal1_nofill has 0 polygons
2026-08-20 09:28:34 +0000: Memory Usage (138784K) : topmetal1_text has 0 polygons
2026-08-20 09:28:34 +0000: Memory Usage (138784K) : topmetal1_noqrc has 0 polygons
2026-08-20 09:28:34 +0000: Memory Usage (138784K) : topmetal1_res has 0 polygons
2026-08-20 09:28:34 +0000: Memory Usage (138784K) : topmetal1_iprobe has 0 polygons
2026-08-20 09:28:34 +0000: Memory Usage (138912K) : topmetal1_diffprb has 0 polygons
2026-08-20 09:28:34 +0000: Memory Usage (138912K) : inldpwl_drw has 0 polygons
2026-08-20 09:28:34 +0000: Memory Usage (138912K) : polyres_drw has 4 polygons
2026-08-20 09:28:34 +0000: Memory Usage (138912K) : polyres_pin has 0 polygons
2026-08-20 09:28:34 +0000: Memory Usage (139040K) : vmim_drw has 225 polygons
2026-08-20 09:28:34 +0000: Memory Usage (139040K) : nbulaycut_drw has 0 polygons
2026-08-20 09:28:34 +0000: Memory Usage (139040K) : antmetal1_drw has 0 polygons
2026-08-20 09:28:34 +0000: Memory Usage (139040K) : topvia2_drw has 198 polygons
2026-08-20 09:28:34 +0000: Memory Usage (139168K) : topmetal2_drw has 8 polygons
2026-08-20 09:28:34 +0000: Memory Usage (139168K) : topmetal2_filler has 0 polygons
2026-08-20 09:28:34 +0000: Memory Usage (139168K) : topmetal2_slit has 0 polygons
2026-08-20 09:28:34 +0000: Memory Usage (139296K) : topmetal2 has 8 polygons
2026-08-20 09:28:34 +0000: Memory Usage (139296K) : topmetal2_pin has 0 polygons
2026-08-20 09:28:34 +0000: Memory Usage (139296K) : topmetal2_mask has 0 polygons
2026-08-20 09:28:34 +0000: Memory Usage (139424K) : topmetal2_nofill has 0 polygons
2026-08-20 09:28:34 +0000: Memory Usage (139424K) : topmetal2_text has 4 polygons
2026-08-20 09:28:34 +0000: Memory Usage (139424K) : topmetal2_noqrc has 0 polygons
2026-08-20 09:28:34 +0000: Memory Usage (139424K) : topmetal2_res has 0 polygons
2026-08-20 09:28:34 +0000: Memory Usage (139552K) : topmetal2_iprobe has 0 polygons
2026-08-20 09:28:34 +0000: Memory Usage (139552K) : topmetal2_diffprb has 0 polygons
2026-08-20 09:28:34 +0000: Memory Usage (139552K) : snsring_drw has 0 polygons
2026-08-20 09:28:34 +0000: Memory Usage (139680K) : sensor_drw has 0 polygons
2026-08-20 09:28:34 +0000: Memory Usage (139680K) : snsarms_drw has 0 polygons
2026-08-20 09:28:34 +0000: Memory Usage (139680K) : snscmosvia_drw has 0 polygons
2026-08-20 09:28:34 +0000: Memory Usage (139680K) : colwind_drw has 0 polygons
2026-08-20 09:28:34 +0000: Memory Usage (139808K) : flm_drw has 0 polygons
2026-08-20 09:28:34 +0000: Memory Usage (139936K) : hafniumox_drw has 0 polygons
2026-08-20 09:28:34 +0000: Memory Usage (139936K) : memvia_drw has 0 polygons
2026-08-20 09:28:34 +0000: Memory Usage (139936K) : thinfilmres_drw has 0 polygons
2026-08-20 09:28:34 +0000: Memory Usage (139936K) : rfmem_drw has 0 polygons
2026-08-20 09:28:34 +0000: Memory Usage (140064K) : norcx_drw has 0 polygons
2026-08-20 09:28:34 +0000: Memory Usage (140064K) : norcx_m2m3 has 0 polygons
2026-08-20 09:28:34 +0000: Memory Usage (140064K) : norcx_m2m4 has 0 polygons
2026-08-20 09:28:34 +0000: Memory Usage (140064K) : norcx_m2m5 has 0 polygons
2026-08-20 09:28:34 +0000: Memory Usage (140064K) : norcx_m2tm1 has 0 polygons
2026-08-20 09:28:34 +0000: Memory Usage (140064K) : norcx_m2tm2 has 0 polygons
2026-08-20 09:28:34 +0000: Memory Usage (140064K) : norcx_m3m4 has 0 polygons
2026-08-20 09:28:34 +0000: Memory Usage (140064K) : norcx_m3m5 has 0 polygons
2026-08-20 09:28:34 +0000: Memory Usage (140064K) : norcx_m3tm1 has 0 polygons
2026-08-20 09:28:34 +0000: Memory Usage (140064K) : norcx_m3tm2 has 0 polygons
2026-08-20 09:28:34 +0000: Memory Usage (140064K) : norcx_m4m5 has 0 polygons
2026-08-20 09:28:34 +0000: Memory Usage (140064K) : norcx_m4tm1 has 0 polygons
2026-08-20 09:28:34 +0000: Memory Usage (140064K) : norcx_m4tm2 has 0 polygons
2026-08-20 09:28:34 +0000: Memory Usage (140064K) : norcx_m5tm1 has 0 polygons
2026-08-20 09:28:34 +0000: Memory Usage (140064K) : norcx_m5tm2 has 0 polygons
2026-08-20 09:28:34 +0000: Memory Usage (140064K) : norcx_tm1tm2 has 0 polygons
2026-08-20 09:28:34 +0000: Memory Usage (140064K) : norcx_m1sub has 0 polygons
2026-08-20 09:28:34 +0000: Memory Usage (140064K) : norcx_m2sub has 0 polygons
2026-08-20 09:28:34 +0000: Memory Usage (140064K) : norcx_m3sub has 0 polygons
2026-08-20 09:28:34 +0000: Memory Usage (140064K) : norcx_m4sub has 0 polygons
2026-08-20 09:28:34 +0000: Memory Usage (140064K) : norcx_m5sub has 0 polygons
2026-08-20 09:28:34 +0000: Memory Usage (140064K) : norcx_tm1sub has 0 polygons
2026-08-20 09:28:34 +0000: Memory Usage (140064K) : norcx_tm2sub has 0 polygons
2026-08-20 09:28:34 +0000: Memory Usage (140064K) : snsbotvia_drw has 0 polygons
2026-08-20 09:28:34 +0000: Memory Usage (140064K) : snstopvia_drw has 0 polygons
2026-08-20 09:28:34 +0000: Memory Usage (140064K) : deepvia_drw has 0 polygons
2026-08-20 09:28:34 +0000: Memory Usage (140064K) : fgetch_drw has 0 polygons
2026-08-20 09:28:34 +0000: Memory Usage (140064K) : ctrgat_drw has 0 polygons
2026-08-20 09:28:34 +0000: Memory Usage (140064K) : fgimp_drw has 0 polygons
2026-08-20 09:28:34 +0000: Memory Usage (140064K) : emwihv_drw has 0 polygons
2026-08-20 09:28:34 +0000: Memory Usage (140064K) : lbe_drw has 0 polygons
2026-08-20 09:28:34 +0000: Memory Usage (140064K) : alcustop_drw has 0 polygons
2026-08-20 09:28:34 +0000: Memory Usage (140064K) : nometfiller_drw has 0 polygons
2026-08-20 09:28:34 +0000: Memory Usage (140064K) : prboundary_drw has 0 polygons
2026-08-20 09:28:34 +0000: Memory Usage (140064K) : exchange0_drw has 0 polygons
2026-08-20 09:28:34 +0000: Memory Usage (140064K) : exchange0_pin has 0 polygons
2026-08-20 09:28:34 +0000: Memory Usage (140064K) : exchange0_text has 0 polygons
2026-08-20 09:28:34 +0000: Memory Usage (140064K) : exchange1_drw has 0 polygons
2026-08-20 09:28:34 +0000: Memory Usage (140064K) : exchange1_pin has 0 polygons
2026-08-20 09:28:34 +0000: Memory Usage (140064K) : exchange1_text has 0 polygons
2026-08-20 09:28:34 +0000: Memory Usage (140064K) : exchange2_drw has 0 polygons
2026-08-20 09:28:34 +0000: Memory Usage (140064K) : exchange2_pin has 0 polygons
2026-08-20 09:28:34 +0000: Memory Usage (140064K) : exchange2_text has 0 polygons
2026-08-20 09:28:34 +0000: Memory Usage (140064K) : exchange3_drw has 0 polygons
2026-08-20 09:28:34 +0000: Memory Usage (140064K) : exchange3_pin has 0 polygons
2026-08-20 09:28:34 +0000: Memory Usage (140064K) : exchange3_text has 0 polygons
2026-08-20 09:28:34 +0000: Memory Usage (140064K) : exchange4_drw has 0 polygons
2026-08-20 09:28:34 +0000: Memory Usage (140064K) : exchange4_pin has 0 polygons
2026-08-20 09:28:34 +0000: Memory Usage (140064K) : exchange4_text has 0 polygons
2026-08-20 09:28:34 +0000: Memory Usage (140064K) : isonwell_drw has 0 polygons
2026-08-20 09:28:34 +0000: Memory Usage (140064K) : Total no. of polygons in the design is 8521
2026-08-20 09:28:34 +0000: Memory Usage (140064K) : Starting base layers derivations
2026-08-20 09:28:34 +0000: Memory Usage (140064K) : Starting general LVS derivations
2026-08-20 09:28:34 +0000: Memory Usage (143308K) : Starting MOSFET DERIVATIONS
2026-08-20 09:28:34 +0000: Memory Usage (143948K) : Starting NMOS DERIVATIONS
2026-08-20 09:28:34 +0000: Memory Usage (143948K) : Starting PMOS DERIVATIONS
2026-08-20 09:28:34 +0000: Memory Usage (143948K) : Starting RF-MOSFET DERIVATIONS
2026-08-20 09:28:34 +0000: Memory Usage (143948K) : Starting RF-NMOS DERIVATIONS
2026-08-20 09:28:34 +0000: Memory Usage (143948K) : Starting RF-PMOS DERIVATIONS
2026-08-20 09:28:34 +0000: Memory Usage (143948K) : Starting BJT DERIVATIONS
2026-08-20 09:28:34 +0000: Memory Usage (143948K) : Starting NPN-BJT DERIVATIONS
2026-08-20 09:28:34 +0000: Memory Usage (143948K) : Starting PNP-BJT DERIVATIONS
2026-08-20 09:28:34 +0000: Memory Usage (143948K) : Starting DIODE DERIVATIONS
2026-08-20 09:28:34 +0000: Memory Usage (143948K) : Starting RESISTOR DERIVATIONS
2026-08-20 09:28:34 +0000: Memory Usage (144332K) : Starting CAP DERIVATIONS
2026-08-20 09:28:34 +0000: Memory Usage (144460K) : Starting CAP_CMOM DERIVATIONS
2026-08-20 09:28:34 +0000: Memory Usage (144460K) : Starting CAP_CMOMF DERIVATIONS
2026-08-20 09:28:34 +0000: Memory Usage (144460K) : Starting ESD DERIVATIONS
2026-08-20 09:28:35 +0000: Memory Usage (144716K) : Starting Inductor DERIVATIONS
2026-08-20 09:28:35 +0000: Memory Usage (144972K) : Starting Taps DERIVATIONS
2026-08-20 09:28:35 +0000: Memory Usage (144972K) : Starting SG13G2 LVS connectivity setup
2026-08-20 09:28:35 +0000: Memory Usage (144972K) : Starting SG13G2 LVS connectivity setup (Inter-layer)
2026-08-20 09:28:35 +0000: Memory Usage (145100K) : Starting SG13G2 LVS connectivity setup (Global)
2026-08-20 09:28:35 +0000: Memory Usage (145100K) : Starting LVS MOSFET CONNECTIONS
2026-08-20 09:28:35 +0000: Memory Usage (145100K) : Starting LVS RF-MOSFET CONNECTIONS
2026-08-20 09:28:35 +0000: Memory Usage (145100K) : Starting LVS BJT CONNECTIONS
2026-08-20 09:28:35 +0000: Memory Usage (145100K) : Starting LVS DIODE CONNECTIONS
2026-08-20 09:28:35 +0000: Memory Usage (145100K) : Starting RESISTOR CONNECTIONS
2026-08-20 09:28:35 +0000: Memory Usage (145100K) : Starting LVS CAP CONNECTIONS
2026-08-20 09:28:35 +0000: Memory Usage (145100K) : Starting CAP_CMOM CONNECTIONS
2026-08-20 09:28:35 +0000: Memory Usage (145100K) : Starting CAP_CMOMF CONNECTIONS
2026-08-20 09:28:35 +0000: Memory Usage (145100K) : Starting ESD CONNECTIONS
2026-08-20 09:28:35 +0000: Memory Usage (145100K) : Starting Inductor CONNECTIONS
2026-08-20 09:28:35 +0000: Memory Usage (145100K) : Starting LVS Taps CONNECTIONS
2026-08-20 09:28:35 +0000: Memory Usage (145100K) : Starting SG13G2 LVS DEVICES EXTRACTION
2026-08-20 09:28:35 +0000: Memory Usage (145100K) : Starting MOSFET EXTRACTION
2026-08-20 09:28:35 +0000: Memory Usage (145100K) : Starting NMOS EXTRACTION
2026-08-20 09:28:35 +0000: Memory Usage (145100K) : Extraction of NMOS-LV transistor
2026-08-20 09:28:35 +0000: Memory Usage (145100K) : Extraction of NMOS-HV transistor
2026-08-20 09:28:35 +0000: Memory Usage (145100K) : Starting PMOS EXTRACTION
2026-08-20 09:28:35 +0000: Memory Usage (145100K) : Extraction of PMOS-LV transistor
2026-08-20 09:28:35 +0000: Memory Usage (145100K) : Extraction of PMOS-HV transistor
2026-08-20 09:28:35 +0000: Memory Usage (145100K) : Starting RF-MOSFET EXTRACTION
2026-08-20 09:28:35 +0000: Memory Usage (145100K) : Extraction of RF-NMOS-LV transistor
2026-08-20 09:28:35 +0000: Memory Usage (145100K) : Extraction of RF-NMOS-HV transistor
2026-08-20 09:28:35 +0000: Memory Usage (145100K) : Extraction of RF-PMOS-LV transistor
2026-08-20 09:28:35 +0000: Memory Usage (145100K) : Extraction of RF-PMOS-HV transistor
2026-08-20 09:28:35 +0000: Memory Usage (145100K) : Starting BJT EXTRACTION
2026-08-20 09:28:35 +0000: Memory Usage (145100K) : Starting NPN-BJT EXTRACTION
2026-08-20 09:28:35 +0000: Memory Usage (145100K) : Extraction of npn13G2 BJT transistor
2026-08-20 09:28:35 +0000: Memory Usage (145100K) : Extraction of npn13G2L BJT transistor
2026-08-20 09:28:35 +0000: Memory Usage (145100K) : Extraction of npn13G2V BJT transistor
2026-08-20 09:28:35 +0000: Memory Usage (145100K) : Starting PNP-BJT EXTRACTION
2026-08-20 09:28:35 +0000: Memory Usage (145100K) : Extracting pnpMPA BJT
2026-08-20 09:28:35 +0000: Memory Usage (145100K) : Starting DIODE EXTRACTION
2026-08-20 09:28:35 +0000: Memory Usage (145100K) : Extracting dantenna diode
2026-08-20 09:28:35 +0000: Memory Usage (145100K) : Extracting dpantenna diode
2026-08-20 09:28:35 +0000: Memory Usage (145100K) : Extracting schottky_nbl1 diode
2026-08-20 09:28:35 +0000: Memory Usage (145100K) : Extracting isolbox diode
2026-08-20 09:28:35 +0000: Memory Usage (145100K) : Starting RESISTOR EXTRACTION
2026-08-20 09:28:35 +0000: Memory Usage (145100K) : Extracting rsil resistor
2026-08-20 09:28:35 +0000: Memory Usage (145356K) : Extracting rppd resistor
2026-08-20 09:28:35 +0000: Memory Usage (145356K) : Extracting rhigh resistor
2026-08-20 09:28:35 +0000: Memory Usage (145356K) : Extracting res_metal1 resistor
2026-08-20 09:28:35 +0000: Memory Usage (145356K) : Extracting res_metal2 resistor
2026-08-20 09:28:35 +0000: Memory Usage (145356K) : Extracting res_metal3 resistor
2026-08-20 09:28:35 +0000: Memory Usage (145356K) : Extracting res_metal4 resistor
2026-08-20 09:28:35 +0000: Memory Usage (145356K) : Extracting res_metal5 resistor
2026-08-20 09:28:35 +0000: Memory Usage (145356K) : Extracting res_topmetal1 resistor
2026-08-20 09:28:35 +0000: Memory Usage (145356K) : Extracting res_topmetal2 resistor
2026-08-20 09:28:35 +0000: Memory Usage (145356K) : Starting CAP EXTRACTION
2026-08-20 09:28:35 +0000: Memory Usage (145356K) : Extracting cap_cmim device
2026-08-20 09:28:35 +0000: Memory Usage (145356K) : Extracting rfcmim device
2026-08-20 09:28:35 +0000: Memory Usage (145356K) : Extracting sg13_hv_svaricap varactor
2026-08-20 09:28:35 +0000: Memory Usage (145356K) : Extracting cap_cmomi device
2026-08-20 09:28:35 +0000: Memory Usage (145356K) : Extracting cap_cmomf device
2026-08-20 09:28:35 +0000: Memory Usage (145356K) : Extracting sg13_moscap_n capacitor
2026-08-20 09:28:35 +0000: Memory Usage (145356K) : Extracting sg13_moscap_p capacitor
2026-08-20 09:28:35 +0000: Memory Usage (145356K) : Starting ESD EXTRACTION
2026-08-20 09:28:35 +0000: Memory Usage (145356K) : Extracting diodevdd_2kv ESD device
2026-08-20 09:28:35 +0000: Memory Usage (145356K) : Extracting diodevdd_4kv ESD device
2026-08-20 09:28:35 +0000: Memory Usage (145356K) : Extracting diodevss_2kv ESD device
2026-08-20 09:28:35 +0000: Memory Usage (145356K) : Extracting diodevss_4kv ESD device
2026-08-20 09:28:35 +0000: Memory Usage (145356K) : Extracting idiodevdd_2kv ESD device
2026-08-20 09:28:35 +0000: Memory Usage (145356K) : Extracting idiodevdd_4kv ESD device
2026-08-20 09:28:35 +0000: Memory Usage (145356K) : Extracting idiodevss_2kv ESD device
2026-08-20 09:28:35 +0000: Memory Usage (145356K) : Extracting idiodevss_4kv ESD device
2026-08-20 09:28:35 +0000: Memory Usage (145356K) : Extracting nmoscl_2 ESD device
2026-08-20 09:28:35 +0000: Memory Usage (145356K) : Extracting nmoscl_4 ESD device
2026-08-20 09:28:35 +0000: Memory Usage (145356K) : Starting Inductor EXTRACTION
2026-08-20 09:28:35 +0000: Memory Usage (145356K) : Extracting Inductor2 device
2026-08-20 09:28:35 +0000: Memory Usage (145356K) : Extracting Inductor3 device
2026-08-20 09:28:35 +0000: Memory Usage (145356K) : Starting Taps EXTRACTION
2026-08-20 09:28:35 +0000: Memory Usage (145356K) : DISABLE_TAP_EXTRACTION is enabled: skipping ntap1/ptap1 device extraction.
2026-08-20 09:28:35 +0000: Memory Usage (145356K) : Starting SG13G2 LVS RF MOS Model Mapping
2026-08-20 09:28:35 +0000: Memory Usage (145356K) : [layout_netlist] Apply RF MOS model mapping and rfmode parameter.
2026-08-20 09:28:35 +0000: Memory Usage (145356K) : Starting SG13G2 LVS Options Preparations
2026-08-20 09:28:35 +0000: Memory Usage (145356K) : SG13G2 LVS flow: extraction -> alignment -> option preparation -> comparison.
2026-08-20 09:28:35 +0000: Memory Usage (145356K) : Starting SG13G2 LVS Alignment
2026-08-20 09:28:35 +0000: Memory Usage (145356K) : Starting SG13G2 LVS Simplification
2026-08-20 09:28:35 +0000: Memory Usage (145356K) : [layout_netlist] simplify: ENABLED
2026-08-20 09:28:35 +0000: Memory Usage (145356K) : [layout_netlist] make_top_level_pins: SKIPPED
2026-08-20 09:28:35 +0000: Memory Usage (145356K) : [layout_netlist] combine_devices: SKIPPED
2026-08-20 09:28:35 +0000: Memory Usage (145356K) : [layout_netlist] purge: SKIPPED
2026-08-20 09:28:35 +0000: Memory Usage (145356K) : [layout_netlist] purge_nets: SKIPPED
2026-08-20 09:28:35 +0000: Memory Usage (145356K) : [schematic_netlist] simplify: ENABLED
2026-08-20 09:28:35 +0000: Memory Usage (145356K) : [schematic_netlist] make_top_level_pins: SKIPPED
2026-08-20 09:28:35 +0000: Memory Usage (145356K) : [schematic_netlist] combine_devices: SKIPPED
2026-08-20 09:28:35 +0000: Memory Usage (145356K) : [schematic_netlist] purge: SKIPPED
2026-08-20 09:28:35 +0000: Memory Usage (145356K) : [schematic_netlist] purge_nets: SKIPPED
2026-08-20 09:28:35 +0000: Memory Usage (145356K) : Starting SG13G2 LVS Comparison
2026-08-20 09:28:35 +0000: Memory Usage (145612K) : xxxxxxxxxxxxxxxxxxxxxxxxxxxxxxxxxxxxxxxxxx
2026-08-20 09:28:35 +0000: Memory Usage (145612K) : ERROR : Netlists don't match
2026-08-20 09:28:35 +0000: Memory Usage (145612K) : xxxxxxxxxxxxxxxxxxxxxxxxxxxxxxxxxxxxxxxxxx
2026-08-20 09:28:35 +0000: Memory Usage (145612K) : LVS Total Run time 1.030954 seconds
2026-08-20 09:32:07 +0000: Memory Usage (128460K) : Starting running SG13G2 Klayout LVS runset on /workspace/layout/blocks/out/term_stage/_bisect/plus_divider.gds
2026-08-20 09:32:07 +0000: Memory Usage (128460K) : Ruby Version for klayout: 3.2.3
2026-08-20 09:32:07 +0000: Memory Usage (129544K) : Loading database to memory is complete.
2026-08-20 09:32:07 +0000: Memory Usage (129544K) : SG13G2 Klayout LVS runset output at: /workspace/layout/blocks/out/term_stage/_bisect/plus_divider/plus_divider.lvsdb
2026-08-20 09:32:07 +0000: Memory Usage (129544K) : Evaluate switches.
2026-08-20 09:32:07 +0000: Memory Usage (129544K) : Extracted netlist with net names: true
2026-08-20 09:32:07 +0000: Memory Usage (129544K) : Extracted netlist with comments in details: false
2026-08-20 09:32:07 +0000: Memory Usage (129544K) : Selected NET_ONLY option: false
2026-08-20 09:32:07 +0000: Memory Usage (129544K) : Selected LAYOUT_NETLIST option: (none)
2026-08-20 09:32:07 +0000: Memory Usage (129544K) : Selected IGNORE_TOP_PORTS_MISMATCH option: true
2026-08-20 09:32:07 +0000: Memory Usage (129544K) : Selected IMPLICIT_NETS option: sub,sub!
2026-08-20 09:32:07 +0000: Memory Usage (129544K) : Selected TOP_LVL_PINS option: false
2026-08-20 09:32:07 +0000: Memory Usage (129544K) : Selected COMBINE DEVICES option: false
2026-08-20 09:32:07 +0000: Memory Usage (129544K) : Selected PURGE option: false
2026-08-20 09:32:07 +0000: Memory Usage (129544K) : Selected PURGE_NETS option: false
2026-08-20 09:32:07 +0000: Memory Usage (129544K) : Selected SIMPLIFY option: true
2026-08-20 09:32:07 +0000: Memory Usage (129544K) : Selected SERIES_RES option: true
2026-08-20 09:32:07 +0000: Memory Usage (129544K) : Selected PARALLEL_RES option: true
2026-08-20 09:32:07 +0000: Memory Usage (129544K) : Selected DISABLE_TAP_EXTRACTION option: true
2026-08-20 09:32:07 +0000: Memory Usage (129544K) : deep  mode is enabled.
2026-08-20 09:32:07 +0000: Memory Usage (129544K) : Applying implicit connections (case-sensitive, pattern supported) for nets: sub, sub!
2026-08-20 09:32:07 +0000: Memory Usage (130868K) : Netlist file: /workspace/layout/blocks/out/term_stage/_bisect/plus_divider.cdl
2026-08-20 09:32:07 +0000: Memory Usage (130868K) : LVS extracted netlist at: /workspace/layout/blocks/out/term_stage/_bisect/plus_divider/plus_divider_extracted.cir
2026-08-20 09:32:07 +0000: Memory Usage (130868K) : Applying SRAM integration support.
2026-08-20 09:32:07 +0000: Memory Usage (130868K) : Starting SG13G2 LVS runset
2026-08-20 09:32:07 +0000: Memory Usage (130868K) : Read in polygons from layers.
2026-08-20 09:32:07 +0000: Memory Usage (132180K) : activ_drw has 24 polygons
2026-08-20 09:32:07 +0000: Memory Usage (132180K) : activ_filler has 0 polygons
2026-08-20 09:32:07 +0000: Memory Usage (132308K) : activ has 24 polygons
2026-08-20 09:32:07 +0000: Memory Usage (132308K) : activ_pin has 0 polygons
2026-08-20 09:32:07 +0000: Memory Usage (132308K) : activ_mask has 0 polygons
2026-08-20 09:32:07 +0000: Memory Usage (132308K) : activ_nofill has 0 polygons
2026-08-20 09:32:07 +0000: Memory Usage (132308K) : activ_OPC has 0 polygons
2026-08-20 09:32:07 +0000: Memory Usage (132308K) : activ_iOPC has 0 polygons
2026-08-20 09:32:07 +0000: Memory Usage (132308K) : activ_noqrc has 0 polygons
2026-08-20 09:32:07 +0000: Memory Usage (132308K) : biwind_drw has 0 polygons
2026-08-20 09:32:07 +0000: Memory Usage (132308K) : biwind_OPC has 0 polygons
2026-08-20 09:32:07 +0000: Memory Usage (132304K) : gatpoly_drw has 12 polygons
2026-08-20 09:32:07 +0000: Memory Usage (132816K) : gatpoly_filler has 0 polygons
2026-08-20 09:32:07 +0000: Memory Usage (132816K) : gatpoly has 12 polygons
2026-08-20 09:32:07 +0000: Memory Usage (132816K) : gatpoly_pin has 0 polygons
2026-08-20 09:32:07 +0000: Memory Usage (132816K) : gatpoly_nofill has 0 polygons
2026-08-20 09:32:07 +0000: Memory Usage (132816K) : gatpoly_OPC has 0 polygons
2026-08-20 09:32:07 +0000: Memory Usage (132816K) : gatpoly_iOPC has 0 polygons
2026-08-20 09:32:07 +0000: Memory Usage (132816K) : gatpoly_noqrc has 0 polygons
2026-08-20 09:32:07 +0000: Memory Usage (132816K) : cont_drw has 4324 polygons
2026-08-20 09:32:07 +0000: Memory Usage (132816K) : cont_OPC has 0 polygons
2026-08-20 09:32:07 +0000: Memory Usage (132816K) : nsd_drw has 0 polygons
2026-08-20 09:32:07 +0000: Memory Usage (132816K) : nsd_block has 0 polygons
2026-08-20 09:32:07 +0000: Memory Usage (132816K) : metal1_drw has 48 polygons
2026-08-20 09:32:07 +0000: Memory Usage (132816K) : metal1_filler has 0 polygons
2026-08-20 09:32:07 +0000: Memory Usage (132816K) : metal1_slit has 0 polygons
2026-08-20 09:32:07 +0000: Memory Usage (132816K) : metal1 has 48 polygons
2026-08-20 09:32:07 +0000: Memory Usage (132816K) : metal1_pin has 12 polygons
2026-08-20 09:32:07 +0000: Memory Usage (132816K) : metal1_mask has 0 polygons
2026-08-20 09:32:07 +0000: Memory Usage (132816K) : metal1_nofill has 0 polygons
2026-08-20 09:32:07 +0000: Memory Usage (133072K) : metal1_text has 4 polygons
2026-08-20 09:32:07 +0000: Memory Usage (133072K) : metal1_OPC has 0 polygons
2026-08-20 09:32:07 +0000: Memory Usage (133200K) : metal1_noqrc has 0 polygons
2026-08-20 09:32:07 +0000: Memory Usage (133200K) : metal1_res has 0 polygons
2026-08-20 09:32:07 +0000: Memory Usage (133328K) : metal1_iprobe has 0 polygons
2026-08-20 09:32:07 +0000: Memory Usage (133328K) : metal1_diffprb has 0 polygons
2026-08-20 09:32:07 +0000: Memory Usage (133328K) : passiv_drw has 2 polygons
2026-08-20 09:32:07 +0000: Memory Usage (133456K) : passiv_pin has 0 polygons
2026-08-20 09:32:07 +0000: Memory Usage (133456K) : passiv_sbump has 0 polygons
2026-08-20 09:32:07 +0000: Memory Usage (133456K) : passiv_pillar has 0 polygons
2026-08-20 09:32:07 +0000: Memory Usage (133584K) : passiv_pdl has 0 polygons
2026-08-20 09:32:07 +0000: Memory Usage (133584K) : metal2_drw has 30 polygons
2026-08-20 09:32:07 +0000: Memory Usage (133584K) : metal2_filler has 0 polygons
2026-08-20 09:32:07 +0000: Memory Usage (133584K) : metal2_slit has 0 polygons
2026-08-20 09:32:07 +0000: Memory Usage (133712K) : metal2 has 30 polygons
2026-08-20 09:32:07 +0000: Memory Usage (133712K) : metal2_pin has 8 polygons
2026-08-20 09:32:07 +0000: Memory Usage (133712K) : metal2_mask has 0 polygons
2026-08-20 09:32:07 +0000: Memory Usage (133712K) : metal2_nofill has 0 polygons
2026-08-20 09:32:07 +0000: Memory Usage (133840K) : metal2_text has 4 polygons
2026-08-20 09:32:07 +0000: Memory Usage (133840K) : metal2_OPC has 0 polygons
2026-08-20 09:32:07 +0000: Memory Usage (133840K) : metal2_noqrc has 0 polygons
2026-08-20 09:32:07 +0000: Memory Usage (133840K) : metal2_res has 0 polygons
2026-08-20 09:32:07 +0000: Memory Usage (133968K) : metal2_iprobe has 0 polygons
2026-08-20 09:32:07 +0000: Memory Usage (133968K) : metal2_diffprb has 0 polygons
2026-08-20 09:32:07 +0000: Memory Usage (133968K) : baspoly_drw has 0 polygons
2026-08-20 09:32:07 +0000: Memory Usage (134096K) : baspoly_pin has 0 polygons
2026-08-20 09:32:07 +0000: Memory Usage (134096K) : psd_drw has 18 polygons
2026-08-20 09:32:07 +0000: Memory Usage (134096K) : nldb_drw has 0 polygons
2026-08-20 09:32:07 +0000: Memory Usage (134096K) : digibnd_drw has 0 polygons
2026-08-20 09:32:07 +0000: Memory Usage (134096K) : via1_drw has 896 polygons
2026-08-20 09:32:07 +0000: Memory Usage (134224K) : backmetal1_drw has 0 polygons
2026-08-20 09:32:07 +0000: Memory Usage (134224K) : backmetal1_pin has 0 polygons
2026-08-20 09:32:07 +0000: Memory Usage (134224K) : backmetal1_mask has 0 polygons
2026-08-20 09:32:07 +0000: Memory Usage (134224K) : backmetal1_filler has 0 polygons
2026-08-20 09:32:07 +0000: Memory Usage (134352K) : backmetal1_nofill has 0 polygons
2026-08-20 09:32:07 +0000: Memory Usage (134352K) : backmetal1_slit has 0 polygons
2026-08-20 09:32:07 +0000: Memory Usage (134352K) : backmetal1_text has 0 polygons
2026-08-20 09:32:07 +0000: Memory Usage (134352K) : backmetal1_OPC has 0 polygons
2026-08-20 09:32:07 +0000: Memory Usage (134480K) : backmetal1_noqrc has 0 polygons
2026-08-20 09:32:07 +0000: Memory Usage (134480K) : backmetal1_res has 0 polygons
2026-08-20 09:32:07 +0000: Memory Usage (134480K) : backmetal1_iprobe has 0 polygons
2026-08-20 09:32:07 +0000: Memory Usage (134608K) : backmetal1_diffprb has 0 polygons
2026-08-20 09:32:07 +0000: Memory Usage (134608K) : backpassiv_drw has 0 polygons
2026-08-20 09:32:07 +0000: Memory Usage (134608K) : res_drw has 2 polygons
2026-08-20 09:32:07 +0000: Memory Usage (134608K) : sram_drw has 0 polygons
2026-08-20 09:32:07 +0000: Memory Usage (134736K) : trans_drw has 0 polygons
2026-08-20 09:32:07 +0000: Memory Usage (134736K) : ind_drw has 0 polygons
2026-08-20 09:32:07 +0000: Memory Usage (134736K) : ind_pin has 0 polygons
2026-08-20 09:32:07 +0000: Memory Usage (134736K) : ind_text has 0 polygons
2026-08-20 09:32:07 +0000: Memory Usage (134864K) : salblock_drw has 2 polygons
2026-08-20 09:32:07 +0000: Memory Usage (134864K) : via2_drw has 44 polygons
2026-08-20 09:32:07 +0000: Memory Usage (134864K) : metal3_drw has 19 polygons
2026-08-20 09:32:07 +0000: Memory Usage (134992K) : metal3_filler has 0 polygons
2026-08-20 09:32:07 +0000: Memory Usage (134992K) : metal3_slit has 0 polygons
2026-08-20 09:32:07 +0000: Memory Usage (134992K) : metal3 has 19 polygons
2026-08-20 09:32:07 +0000: Memory Usage (134992K) : metal3_pin has 0 polygons
2026-08-20 09:32:07 +0000: Memory Usage (134992K) : metal3_mask has 0 polygons
2026-08-20 09:32:07 +0000: Memory Usage (134992K) : metal3_nofill has 0 polygons
2026-08-20 09:32:07 +0000: Memory Usage (134992K) : metal3_text has 0 polygons
2026-08-20 09:32:07 +0000: Memory Usage (134992K) : metal3_OPC has 0 polygons
2026-08-20 09:32:07 +0000: Memory Usage (134992K) : metal3_noqrc has 0 polygons
2026-08-20 09:32:07 +0000: Memory Usage (134992K) : metal3_res has 0 polygons
2026-08-20 09:32:07 +0000: Memory Usage (134992K) : metal3_iprobe has 0 polygons
2026-08-20 09:32:07 +0000: Memory Usage (134992K) : metal3_diffprb has 0 polygons
2026-08-20 09:32:07 +0000: Memory Usage (134992K) : nwell_drw has 10 polygons
2026-08-20 09:32:07 +0000: Memory Usage (135120K) : nwell_pin has 0 polygons
2026-08-20 09:32:07 +0000: Memory Usage (135120K) : nwell_text has 0 polygons
2026-08-20 09:32:07 +0000: Memory Usage (135120K) : nbulay_drw has 0 polygons
2026-08-20 09:32:07 +0000: Memory Usage (135120K) : nbulay_pin has 0 polygons
2026-08-20 09:32:07 +0000: Memory Usage (135120K) : nbulay_block has 0 polygons
2026-08-20 09:32:07 +0000: Memory Usage (135120K) : emwind_drw has 0 polygons
2026-08-20 09:32:07 +0000: Memory Usage (135248K) : emwind_OPC has 0 polygons
2026-08-20 09:32:07 +0000: Memory Usage (135248K) : deepco_drw has 0 polygons
2026-08-20 09:32:07 +0000: Memory Usage (135248K) : mim_drw has 1 polygons
2026-08-20 09:32:07 +0000: Memory Usage (135248K) : edgeseal_drw has 0 polygons
2026-08-20 09:32:07 +0000: Memory Usage (135248K) : substrate_drw has 0 polygons
2026-08-20 09:32:07 +0000: Memory Usage (135376K) : substrate_text has 0 polygons
2026-08-20 09:32:07 +0000: Memory Usage (135376K) : dfpad_drw has 2 polygons
2026-08-20 09:32:07 +0000: Memory Usage (135376K) : dfpad_pillar has 0 polygons
2026-08-20 09:32:07 +0000: Memory Usage (135376K) : dfpad_sbump has 0 polygons
2026-08-20 09:32:07 +0000: Memory Usage (135376K) : thickgateox_drw has 0 polygons
2026-08-20 09:32:07 +0000: Memory Usage (135376K) : pldb_drw has 0 polygons
2026-08-20 09:32:07 +0000: Memory Usage (135504K) : pwell_drw has 0 polygons
2026-08-20 09:32:07 +0000: Memory Usage (135504K) : pwell_pin has 0 polygons
2026-08-20 09:32:07 +0000: Memory Usage (135504K) : pwell_block has 0 polygons
2026-08-20 09:32:07 +0000: Memory Usage (135504K) : ic_drw has 0 polygons
2026-08-20 09:32:07 +0000: Memory Usage (135504K) : via3_drw has 1016 polygons
2026-08-20 09:32:07 +0000: Memory Usage (135504K) : metal4_drw has 20 polygons
2026-08-20 09:32:07 +0000: Memory Usage (135632K) : metal4_filler has 0 polygons
2026-08-20 09:32:07 +0000: Memory Usage (135632K) : metal4_slit has 0 polygons
2026-08-20 09:32:07 +0000: Memory Usage (135632K) : metal4 has 20 polygons
2026-08-20 09:32:07 +0000: Memory Usage (135632K) : metal4_pin has 0 polygons
2026-08-20 09:32:07 +0000: Memory Usage (135632K) : metal4_mask has 0 polygons
2026-08-20 09:32:07 +0000: Memory Usage (135760K) : metal4_nofill has 0 polygons
2026-08-20 09:32:07 +0000: Memory Usage (135760K) : metal4_text has 4 polygons
2026-08-20 09:32:07 +0000: Memory Usage (135760K) : metal4_OPC has 0 polygons
2026-08-20 09:32:07 +0000: Memory Usage (135760K) : metal4_noqrc has 0 polygons
2026-08-20 09:32:07 +0000: Memory Usage (135760K) : metal4_res has 0 polygons
2026-08-20 09:32:07 +0000: Memory Usage (135760K) : metal4_iprobe has 0 polygons
2026-08-20 09:32:07 +0000: Memory Usage (135888K) : metal4_diffprb has 0 polygons
2026-08-20 09:32:07 +0000: Memory Usage (135888K) : heattrans_drw has 0 polygons
2026-08-20 09:32:07 +0000: Memory Usage (135888K) : heatres_drw has 4 polygons
2026-08-20 09:32:07 +0000: Memory Usage (135888K) : fbe_drw has 0 polygons
2026-08-20 09:32:07 +0000: Memory Usage (135888K) : empoly_drw has 0 polygons
2026-08-20 09:32:07 +0000: Memory Usage (135888K) : digisub_drw has 0 polygons
2026-08-20 09:32:07 +0000: Memory Usage (136016K) : text_drw has 22 polygons
2026-08-20 09:32:07 +0000: Memory Usage (136016K) : via4_drw has 1008 polygons
2026-08-20 09:32:07 +0000: Memory Usage (136016K) : metal5_drw has 41 polygons
2026-08-20 09:32:07 +0000: Memory Usage (136016K) : metal5_filler has 0 polygons
2026-08-20 09:32:07 +0000: Memory Usage (136016K) : metal5_slit has 0 polygons
2026-08-20 09:32:07 +0000: Memory Usage (136016K) : metal5 has 41 polygons
2026-08-20 09:32:07 +0000: Memory Usage (136144K) : metal5_pin has 0 polygons
2026-08-20 09:32:07 +0000: Memory Usage (136144K) : metal5_mask has 0 polygons
2026-08-20 09:32:07 +0000: Memory Usage (136144K) : metal5_nofill has 0 polygons
2026-08-20 09:32:07 +0000: Memory Usage (136144K) : metal5_text has 0 polygons
2026-08-20 09:32:07 +0000: Memory Usage (136144K) : metal5_OPC has 0 polygons
2026-08-20 09:32:07 +0000: Memory Usage (136144K) : metal5_noqrc has 0 polygons
2026-08-20 09:32:07 +0000: Memory Usage (136272K) : metal5_res has 0 polygons
2026-08-20 09:32:07 +0000: Memory Usage (136272K) : metal5_iprobe has 0 polygons
2026-08-20 09:32:07 +0000: Memory Usage (136272K) : metal5_diffprb has 0 polygons
2026-08-20 09:32:07 +0000: Memory Usage (136272K) : radhard_drw has 0 polygons
2026-08-20 09:32:07 +0000: Memory Usage (136272K) : memcap_drw has 0 polygons
2026-08-20 09:32:07 +0000: Memory Usage (136272K) : varicap_drw has 0 polygons
2026-08-20 09:32:07 +0000: Memory Usage (136400K) : intbondvia_drw has 0 polygons
2026-08-20 09:32:07 +0000: Memory Usage (136400K) : intbondmet_drw has 0 polygons
2026-08-20 09:32:07 +0000: Memory Usage (136400K) : devbondvia_drw has 0 polygons
2026-08-20 09:32:07 +0000: Memory Usage (136400K) : devbondmet_drw has 0 polygons
2026-08-20 09:32:07 +0000: Memory Usage (136400K) : devtrench_drw has 0 polygons
2026-08-20 09:32:07 +0000: Memory Usage (136400K) : redist_drw has 0 polygons
2026-08-20 09:32:07 +0000: Memory Usage (136528K) : graphbot_drw has 0 polygons
2026-08-20 09:32:07 +0000: Memory Usage (136528K) : graphtop_drw has 0 polygons
2026-08-20 09:32:07 +0000: Memory Usage (136528K) : antvia1_drw has 0 polygons
2026-08-20 09:32:07 +0000: Memory Usage (136528K) : antmetal2_drw has 0 polygons
2026-08-20 09:32:07 +0000: Memory Usage (136656K) : graphcont_drw has 0 polygons
2026-08-20 09:32:07 +0000: Memory Usage (136656K) : siwg_drw has 0 polygons
2026-08-20 09:32:07 +0000: Memory Usage (136656K) : siwg_filler has 0 polygons
2026-08-20 09:32:07 +0000: Memory Usage (136656K) : siwg_nofill has 0 polygons
2026-08-20 09:32:07 +0000: Memory Usage (136784K) : sigrating_drw has 0 polygons
2026-08-20 09:32:07 +0000: Memory Usage (136784K) : singrating_drw has 0 polygons
2026-08-20 09:32:07 +0000: Memory Usage (136784K) : graphpas_drw has 0 polygons
2026-08-20 09:32:07 +0000: Memory Usage (136784K) : emwind3_drw has 0 polygons
2026-08-20 09:32:07 +0000: Memory Usage (136784K) : emwihv3_drw has 0 polygons
2026-08-20 09:32:07 +0000: Memory Usage (136784K) : redbulay_drw has 0 polygons
2026-08-20 09:32:07 +0000: Memory Usage (136784K) : smos_drw has 0 polygons
2026-08-20 09:32:07 +0000: Memory Usage (136912K) : graphpad_drw has 0 polygons
2026-08-20 09:32:07 +0000: Memory Usage (136912K) : polimide_drw has 0 polygons
2026-08-20 09:32:07 +0000: Memory Usage (136912K) : polimide_pin has 0 polygons
2026-08-20 09:32:07 +0000: Memory Usage (136912K) : recog_drw has 0 polygons
2026-08-20 09:32:07 +0000: Memory Usage (136912K) : recog_pin has 0 polygons
2026-08-20 09:32:07 +0000: Memory Usage (137040K) : recog_esd has 4 polygons
2026-08-20 09:32:07 +0000: Memory Usage (137040K) : recog_diode has 0 polygons
2026-08-20 09:32:07 +0000: Memory Usage (137040K) : recog_tsv has 0 polygons
2026-08-20 09:32:07 +0000: Memory Usage (137040K) : recog_iprobe has 0 polygons
2026-08-20 09:32:07 +0000: Memory Usage (137040K) : recog_diffprb has 0 polygons
2026-08-20 09:32:07 +0000: Memory Usage (137040K) : recog_pillar has 0 polygons
2026-08-20 09:32:07 +0000: Memory Usage (137168K) : recog_sbump has 0 polygons
2026-08-20 09:32:07 +0000: Memory Usage (137168K) : recog_otp has 0 polygons
2026-08-20 09:32:07 +0000: Memory Usage (137168K) : recog_pdiode has 0 polygons
2026-08-20 09:32:07 +0000: Memory Usage (137168K) : recog_mom has 0 polygons
2026-08-20 09:32:07 +0000: Memory Usage (137168K) : recog_momf has 0 polygons
2026-08-20 09:32:07 +0000: Memory Usage (137296K) : recog_pcm has 0 polygons
2026-08-20 09:32:07 +0000: Memory Usage (137296K) : colopen_drw has 0 polygons
2026-08-20 09:32:07 +0000: Memory Usage (137296K) : graphmetal1_drw has 0 polygons
2026-08-20 09:32:07 +0000: Memory Usage (137296K) : graphmetal1_filler has 0 polygons
2026-08-20 09:32:07 +0000: Memory Usage (137296K) : graphmetal1_nofill has 0 polygons
2026-08-20 09:32:07 +0000: Memory Usage (137296K) : graphmetal1_slit has 0 polygons
2026-08-20 09:32:07 +0000: Memory Usage (137424K) : graphmetal1_OPC has 0 polygons
2026-08-20 09:32:07 +0000: Memory Usage (137424K) : graphmet1l_drw has 0 polygons
2026-08-20 09:32:07 +0000: Memory Usage (137424K) : graphmet1l_filler has 0 polygons
2026-08-20 09:32:07 +0000: Memory Usage (137424K) : graphmet1l_nofill has 0 polygons
2026-08-20 09:32:07 +0000: Memory Usage (137552K) : graphmet1l_slit has 0 polygons
2026-08-20 09:32:07 +0000: Memory Usage (137552K) : graphmet1l_OPC has 0 polygons
2026-08-20 09:32:07 +0000: Memory Usage (137552K) : extblock_drw has 12 polygons
2026-08-20 09:32:07 +0000: Memory Usage (137552K) : nldd_drw has 0 polygons
2026-08-20 09:32:07 +0000: Memory Usage (137680K) : pldd_drw has 0 polygons
2026-08-20 09:32:07 +0000: Memory Usage (137680K) : next_drw has 0 polygons
2026-08-20 09:32:07 +0000: Memory Usage (137680K) : pext_drw has 0 polygons
2026-08-20 09:32:07 +0000: Memory Usage (137680K) : nexthv_drw has 0 polygons
2026-08-20 09:32:07 +0000: Memory Usage (137808K) : pexthv_drw has 0 polygons
2026-08-20 09:32:07 +0000: Memory Usage (137808K) : graphgate_drw has 0 polygons
2026-08-20 09:32:07 +0000: Memory Usage (137808K) : sinwg_drw has 0 polygons
2026-08-20 09:32:07 +0000: Memory Usage (137808K) : sinwg_filler has 0 polygons
2026-08-20 09:32:07 +0000: Memory Usage (137936K) : sinwg_nofill has 0 polygons
2026-08-20 09:32:07 +0000: Memory Usage (137936K) : mempad_drw has 0 polygons
2026-08-20 09:32:07 +0000: Memory Usage (137936K) : topvia1_drw has 477 polygons
2026-08-20 09:32:07 +0000: Memory Usage (137936K) : topmetal1_drw has 12 polygons
2026-08-20 09:32:07 +0000: Memory Usage (138064K) : topmetal1_filler has 0 polygons
2026-08-20 09:32:07 +0000: Memory Usage (138064K) : topmetal1_slit has 0 polygons
2026-08-20 09:32:07 +0000: Memory Usage (138064K) : topmetal1 has 12 polygons
2026-08-20 09:32:07 +0000: Memory Usage (138064K) : topmetal1_pin has 0 polygons
2026-08-20 09:32:07 +0000: Memory Usage (138192K) : topmetal1_mask has 0 polygons
2026-08-20 09:32:07 +0000: Memory Usage (138192K) : topmetal1_nofill has 0 polygons
2026-08-20 09:32:07 +0000: Memory Usage (138192K) : topmetal1_text has 0 polygons
2026-08-20 09:32:07 +0000: Memory Usage (138192K) : topmetal1_noqrc has 0 polygons
2026-08-20 09:32:07 +0000: Memory Usage (138320K) : topmetal1_res has 0 polygons
2026-08-20 09:32:07 +0000: Memory Usage (138320K) : topmetal1_iprobe has 0 polygons
2026-08-20 09:32:07 +0000: Memory Usage (138320K) : topmetal1_diffprb has 0 polygons
2026-08-20 09:32:07 +0000: Memory Usage (138320K) : inldpwl_drw has 0 polygons
2026-08-20 09:32:07 +0000: Memory Usage (138448K) : polyres_drw has 4 polygons
2026-08-20 09:32:07 +0000: Memory Usage (138448K) : polyres_pin has 0 polygons
2026-08-20 09:32:07 +0000: Memory Usage (138448K) : vmim_drw has 225 polygons
2026-08-20 09:32:07 +0000: Memory Usage (138576K) : nbulaycut_drw has 0 polygons
2026-08-20 09:32:07 +0000: Memory Usage (138576K) : antmetal1_drw has 0 polygons
2026-08-20 09:32:07 +0000: Memory Usage (138704K) : topvia2_drw has 198 polygons
2026-08-20 09:32:07 +0000: Memory Usage (138704K) : topmetal2_drw has 8 polygons
2026-08-20 09:32:07 +0000: Memory Usage (138704K) : topmetal2_filler has 0 polygons
2026-08-20 09:32:07 +0000: Memory Usage (138704K) : topmetal2_slit has 0 polygons
2026-08-20 09:32:07 +0000: Memory Usage (138832K) : topmetal2 has 8 polygons
2026-08-20 09:32:07 +0000: Memory Usage (138832K) : topmetal2_pin has 0 polygons
2026-08-20 09:32:07 +0000: Memory Usage (138832K) : topmetal2_mask has 0 polygons
2026-08-20 09:32:07 +0000: Memory Usage (138832K) : topmetal2_nofill has 0 polygons
2026-08-20 09:32:07 +0000: Memory Usage (138960K) : topmetal2_text has 4 polygons
2026-08-20 09:32:07 +0000: Memory Usage (138960K) : topmetal2_noqrc has 0 polygons
2026-08-20 09:32:07 +0000: Memory Usage (138960K) : topmetal2_res has 0 polygons
2026-08-20 09:32:07 +0000: Memory Usage (139088K) : topmetal2_iprobe has 0 polygons
2026-08-20 09:32:07 +0000: Memory Usage (139088K) : topmetal2_diffprb has 0 polygons
2026-08-20 09:32:07 +0000: Memory Usage (139088K) : snsring_drw has 0 polygons
2026-08-20 09:32:07 +0000: Memory Usage (139088K) : sensor_drw has 0 polygons
2026-08-20 09:32:07 +0000: Memory Usage (139216K) : snsarms_drw has 0 polygons
2026-08-20 09:32:07 +0000: Memory Usage (139216K) : snscmosvia_drw has 0 polygons
2026-08-20 09:32:07 +0000: Memory Usage (139344K) : colwind_drw has 0 polygons
2026-08-20 09:32:07 +0000: Memory Usage (139344K) : flm_drw has 0 polygons
2026-08-20 09:32:07 +0000: Memory Usage (139344K) : hafniumox_drw has 0 polygons
2026-08-20 09:32:07 +0000: Memory Usage (139472K) : memvia_drw has 0 polygons
2026-08-20 09:32:07 +0000: Memory Usage (139472K) : thinfilmres_drw has 0 polygons
2026-08-20 09:32:07 +0000: Memory Usage (139472K) : rfmem_drw has 0 polygons
2026-08-20 09:32:07 +0000: Memory Usage (139472K) : norcx_drw has 0 polygons
2026-08-20 09:32:07 +0000: Memory Usage (139472K) : norcx_m2m3 has 0 polygons
2026-08-20 09:32:07 +0000: Memory Usage (139472K) : norcx_m2m4 has 0 polygons
2026-08-20 09:32:07 +0000: Memory Usage (139472K) : norcx_m2m5 has 0 polygons
2026-08-20 09:32:07 +0000: Memory Usage (139472K) : norcx_m2tm1 has 0 polygons
2026-08-20 09:32:07 +0000: Memory Usage (139472K) : norcx_m2tm2 has 0 polygons
2026-08-20 09:32:07 +0000: Memory Usage (139472K) : norcx_m3m4 has 0 polygons
2026-08-20 09:32:07 +0000: Memory Usage (139472K) : norcx_m3m5 has 0 polygons
2026-08-20 09:32:07 +0000: Memory Usage (139472K) : norcx_m3tm1 has 0 polygons
2026-08-20 09:32:07 +0000: Memory Usage (139472K) : norcx_m3tm2 has 0 polygons
2026-08-20 09:32:07 +0000: Memory Usage (139472K) : norcx_m4m5 has 0 polygons
2026-08-20 09:32:07 +0000: Memory Usage (139472K) : norcx_m4tm1 has 0 polygons
2026-08-20 09:32:07 +0000: Memory Usage (139472K) : norcx_m4tm2 has 0 polygons
2026-08-20 09:32:07 +0000: Memory Usage (139472K) : norcx_m5tm1 has 0 polygons
2026-08-20 09:32:07 +0000: Memory Usage (139472K) : norcx_m5tm2 has 0 polygons
2026-08-20 09:32:07 +0000: Memory Usage (139472K) : norcx_tm1tm2 has 0 polygons
2026-08-20 09:32:07 +0000: Memory Usage (139472K) : norcx_m1sub has 0 polygons
2026-08-20 09:32:07 +0000: Memory Usage (139472K) : norcx_m2sub has 0 polygons
2026-08-20 09:32:07 +0000: Memory Usage (139472K) : norcx_m3sub has 0 polygons
2026-08-20 09:32:07 +0000: Memory Usage (139472K) : norcx_m4sub has 0 polygons
2026-08-20 09:32:07 +0000: Memory Usage (139472K) : norcx_m5sub has 0 polygons
2026-08-20 09:32:07 +0000: Memory Usage (139472K) : norcx_tm1sub has 0 polygons
2026-08-20 09:32:07 +0000: Memory Usage (139472K) : norcx_tm2sub has 0 polygons
2026-08-20 09:32:07 +0000: Memory Usage (139472K) : snsbotvia_drw has 0 polygons
2026-08-20 09:32:07 +0000: Memory Usage (139472K) : snstopvia_drw has 0 polygons
2026-08-20 09:32:07 +0000: Memory Usage (139472K) : deepvia_drw has 0 polygons
2026-08-20 09:32:07 +0000: Memory Usage (139472K) : fgetch_drw has 0 polygons
2026-08-20 09:32:07 +0000: Memory Usage (139472K) : ctrgat_drw has 0 polygons
2026-08-20 09:32:07 +0000: Memory Usage (139472K) : fgimp_drw has 0 polygons
2026-08-20 09:32:07 +0000: Memory Usage (139472K) : emwihv_drw has 0 polygons
2026-08-20 09:32:07 +0000: Memory Usage (139472K) : lbe_drw has 0 polygons
2026-08-20 09:32:07 +0000: Memory Usage (139472K) : alcustop_drw has 0 polygons
2026-08-20 09:32:07 +0000: Memory Usage (139472K) : nometfiller_drw has 0 polygons
2026-08-20 09:32:07 +0000: Memory Usage (139472K) : prboundary_drw has 0 polygons
2026-08-20 09:32:07 +0000: Memory Usage (139472K) : exchange0_drw has 0 polygons
2026-08-20 09:32:07 +0000: Memory Usage (139472K) : exchange0_pin has 0 polygons
2026-08-20 09:32:07 +0000: Memory Usage (139472K) : exchange0_text has 0 polygons
2026-08-20 09:32:07 +0000: Memory Usage (139472K) : exchange1_drw has 0 polygons
2026-08-20 09:32:07 +0000: Memory Usage (139472K) : exchange1_pin has 0 polygons
2026-08-20 09:32:07 +0000: Memory Usage (139472K) : exchange1_text has 0 polygons
2026-08-20 09:32:07 +0000: Memory Usage (139472K) : exchange2_drw has 0 polygons
2026-08-20 09:32:07 +0000: Memory Usage (139472K) : exchange2_pin has 0 polygons
2026-08-20 09:32:07 +0000: Memory Usage (139472K) : exchange2_text has 0 polygons
2026-08-20 09:32:07 +0000: Memory Usage (139472K) : exchange3_drw has 0 polygons
2026-08-20 09:32:07 +0000: Memory Usage (139472K) : exchange3_pin has 0 polygons
2026-08-20 09:32:07 +0000: Memory Usage (139472K) : exchange3_text has 0 polygons
2026-08-20 09:32:07 +0000: Memory Usage (139472K) : exchange4_drw has 0 polygons
2026-08-20 09:32:07 +0000: Memory Usage (139472K) : exchange4_pin has 0 polygons
2026-08-20 09:32:07 +0000: Memory Usage (139472K) : exchange4_text has 0 polygons
2026-08-20 09:32:07 +0000: Memory Usage (139472K) : isonwell_drw has 0 polygons
2026-08-20 09:32:07 +0000: Memory Usage (139472K) : Total no. of polygons in the design is 8521
2026-08-20 09:32:07 +0000: Memory Usage (139472K) : Starting base layers derivations
2026-08-20 09:32:07 +0000: Memory Usage (139472K) : Starting general LVS derivations
2026-08-20 09:32:07 +0000: Memory Usage (142808K) : Starting MOSFET DERIVATIONS
2026-08-20 09:32:07 +0000: Memory Usage (143320K) : Starting NMOS DERIVATIONS
2026-08-20 09:32:07 +0000: Memory Usage (143320K) : Starting PMOS DERIVATIONS
2026-08-20 09:32:07 +0000: Memory Usage (143320K) : Starting RF-MOSFET DERIVATIONS
2026-08-20 09:32:07 +0000: Memory Usage (143320K) : Starting RF-NMOS DERIVATIONS
2026-08-20 09:32:07 +0000: Memory Usage (143320K) : Starting RF-PMOS DERIVATIONS
2026-08-20 09:32:07 +0000: Memory Usage (143320K) : Starting BJT DERIVATIONS
2026-08-20 09:32:07 +0000: Memory Usage (143320K) : Starting NPN-BJT DERIVATIONS
2026-08-20 09:32:07 +0000: Memory Usage (143320K) : Starting PNP-BJT DERIVATIONS
2026-08-20 09:32:07 +0000: Memory Usage (143320K) : Starting DIODE DERIVATIONS
2026-08-20 09:32:07 +0000: Memory Usage (143320K) : Starting RESISTOR DERIVATIONS
2026-08-20 09:32:07 +0000: Memory Usage (143704K) : Starting CAP DERIVATIONS
2026-08-20 09:32:07 +0000: Memory Usage (143832K) : Starting CAP_CMOM DERIVATIONS
2026-08-20 09:32:07 +0000: Memory Usage (143832K) : Starting CAP_CMOMF DERIVATIONS
2026-08-20 09:32:07 +0000: Memory Usage (143832K) : Starting ESD DERIVATIONS
2026-08-20 09:32:07 +0000: Memory Usage (144216K) : Starting Inductor DERIVATIONS
2026-08-20 09:32:08 +0000: Memory Usage (144216K) : Starting Taps DERIVATIONS
2026-08-20 09:32:08 +0000: Memory Usage (144216K) : Starting SG13G2 LVS connectivity setup
2026-08-20 09:32:08 +0000: Memory Usage (144216K) : Starting SG13G2 LVS connectivity setup (Inter-layer)
2026-08-20 09:32:08 +0000: Memory Usage (144344K) : Starting SG13G2 LVS connectivity setup (Global)
2026-08-20 09:32:08 +0000: Memory Usage (144344K) : Starting LVS MOSFET CONNECTIONS
2026-08-20 09:32:08 +0000: Memory Usage (144344K) : Starting LVS RF-MOSFET CONNECTIONS
2026-08-20 09:32:08 +0000: Memory Usage (144344K) : Starting LVS BJT CONNECTIONS
2026-08-20 09:32:08 +0000: Memory Usage (144344K) : Starting LVS DIODE CONNECTIONS
2026-08-20 09:32:08 +0000: Memory Usage (144344K) : Starting RESISTOR CONNECTIONS
2026-08-20 09:32:08 +0000: Memory Usage (144344K) : Starting LVS CAP CONNECTIONS
2026-08-20 09:32:08 +0000: Memory Usage (144344K) : Starting CAP_CMOM CONNECTIONS
2026-08-20 09:32:08 +0000: Memory Usage (144344K) : Starting CAP_CMOMF CONNECTIONS
2026-08-20 09:32:08 +0000: Memory Usage (144344K) : Starting ESD CONNECTIONS
2026-08-20 09:32:08 +0000: Memory Usage (144344K) : Starting Inductor CONNECTIONS
2026-08-20 09:32:08 +0000: Memory Usage (144344K) : Starting LVS Taps CONNECTIONS
2026-08-20 09:32:08 +0000: Memory Usage (144344K) : Starting SG13G2 LVS DEVICES EXTRACTION
2026-08-20 09:32:08 +0000: Memory Usage (144344K) : Starting MOSFET EXTRACTION
2026-08-20 09:32:08 +0000: Memory Usage (144344K) : Starting NMOS EXTRACTION
2026-08-20 09:32:08 +0000: Memory Usage (144344K) : Extraction of NMOS-LV transistor
2026-08-20 09:32:08 +0000: Memory Usage (144472K) : Extraction of NMOS-HV transistor
2026-08-20 09:32:08 +0000: Memory Usage (144472K) : Starting PMOS EXTRACTION
2026-08-20 09:32:08 +0000: Memory Usage (144472K) : Extraction of PMOS-LV transistor
2026-08-20 09:32:08 +0000: Memory Usage (144472K) : Extraction of PMOS-HV transistor
2026-08-20 09:32:08 +0000: Memory Usage (144472K) : Starting RF-MOSFET EXTRACTION
2026-08-20 09:32:08 +0000: Memory Usage (144472K) : Extraction of RF-NMOS-LV transistor
2026-08-20 09:32:08 +0000: Memory Usage (144472K) : Extraction of RF-NMOS-HV transistor
2026-08-20 09:32:08 +0000: Memory Usage (144472K) : Extraction of RF-PMOS-LV transistor
2026-08-20 09:32:08 +0000: Memory Usage (144472K) : Extraction of RF-PMOS-HV transistor
2026-08-20 09:32:08 +0000: Memory Usage (144472K) : Starting BJT EXTRACTION
2026-08-20 09:32:08 +0000: Memory Usage (144472K) : Starting NPN-BJT EXTRACTION
2026-08-20 09:32:08 +0000: Memory Usage (144472K) : Extraction of npn13G2 BJT transistor
2026-08-20 09:32:08 +0000: Memory Usage (144472K) : Extraction of npn13G2L BJT transistor
2026-08-20 09:32:08 +0000: Memory Usage (144472K) : Extraction of npn13G2V BJT transistor
2026-08-20 09:32:08 +0000: Memory Usage (144472K) : Starting PNP-BJT EXTRACTION
2026-08-20 09:32:08 +0000: Memory Usage (144472K) : Extracting pnpMPA BJT
2026-08-20 09:32:08 +0000: Memory Usage (144472K) : Starting DIODE EXTRACTION
2026-08-20 09:32:08 +0000: Memory Usage (144472K) : Extracting dantenna diode
2026-08-20 09:32:08 +0000: Memory Usage (144472K) : Extracting dpantenna diode
2026-08-20 09:32:08 +0000: Memory Usage (144472K) : Extracting schottky_nbl1 diode
2026-08-20 09:32:08 +0000: Memory Usage (144472K) : Extracting isolbox diode
2026-08-20 09:32:08 +0000: Memory Usage (144472K) : Starting RESISTOR EXTRACTION
2026-08-20 09:32:08 +0000: Memory Usage (144472K) : Extracting rsil resistor
2026-08-20 09:32:08 +0000: Memory Usage (144600K) : Extracting rppd resistor
2026-08-20 09:32:08 +0000: Memory Usage (144600K) : Extracting rhigh resistor
2026-08-20 09:32:08 +0000: Memory Usage (144600K) : Extracting res_metal1 resistor
2026-08-20 09:32:08 +0000: Memory Usage (144600K) : Extracting res_metal2 resistor
2026-08-20 09:32:08 +0000: Memory Usage (144600K) : Extracting res_metal3 resistor
2026-08-20 09:32:08 +0000: Memory Usage (144600K) : Extracting res_metal4 resistor
2026-08-20 09:32:08 +0000: Memory Usage (144600K) : Extracting res_metal5 resistor
2026-08-20 09:32:08 +0000: Memory Usage (144600K) : Extracting res_topmetal1 resistor
2026-08-20 09:32:08 +0000: Memory Usage (144600K) : Extracting res_topmetal2 resistor
2026-08-20 09:32:08 +0000: Memory Usage (144600K) : Starting CAP EXTRACTION
2026-08-20 09:32:08 +0000: Memory Usage (144600K) : Extracting cap_cmim device
2026-08-20 09:32:08 +0000: Memory Usage (144600K) : Extracting rfcmim device
2026-08-20 09:32:08 +0000: Memory Usage (144600K) : Extracting sg13_hv_svaricap varactor
2026-08-20 09:32:08 +0000: Memory Usage (144600K) : Extracting cap_cmomi device
2026-08-20 09:32:08 +0000: Memory Usage (144600K) : Extracting cap_cmomf device
2026-08-20 09:32:08 +0000: Memory Usage (144600K) : Extracting sg13_moscap_n capacitor
2026-08-20 09:32:08 +0000: Memory Usage (144600K) : Extracting sg13_moscap_p capacitor
2026-08-20 09:32:08 +0000: Memory Usage (144600K) : Starting ESD EXTRACTION
2026-08-20 09:32:08 +0000: Memory Usage (144600K) : Extracting diodevdd_2kv ESD device
2026-08-20 09:32:08 +0000: Memory Usage (144600K) : Extracting diodevdd_4kv ESD device
2026-08-20 09:32:08 +0000: Memory Usage (144600K) : Extracting diodevss_2kv ESD device
2026-08-20 09:32:08 +0000: Memory Usage (144600K) : Extracting diodevss_4kv ESD device
2026-08-20 09:32:08 +0000: Memory Usage (144600K) : Extracting idiodevdd_2kv ESD device
2026-08-20 09:32:08 +0000: Memory Usage (144600K) : Extracting idiodevdd_4kv ESD device
2026-08-20 09:32:08 +0000: Memory Usage (144600K) : Extracting idiodevss_2kv ESD device
2026-08-20 09:32:08 +0000: Memory Usage (144600K) : Extracting idiodevss_4kv ESD device
2026-08-20 09:32:08 +0000: Memory Usage (144600K) : Extracting nmoscl_2 ESD device
2026-08-20 09:32:08 +0000: Memory Usage (144600K) : Extracting nmoscl_4 ESD device
2026-08-20 09:32:08 +0000: Memory Usage (144600K) : Starting Inductor EXTRACTION
2026-08-20 09:32:08 +0000: Memory Usage (144600K) : Extracting Inductor2 device
2026-08-20 09:32:08 +0000: Memory Usage (144600K) : Extracting Inductor3 device
2026-08-20 09:32:08 +0000: Memory Usage (144600K) : Starting Taps EXTRACTION
2026-08-20 09:32:08 +0000: Memory Usage (144600K) : DISABLE_TAP_EXTRACTION is enabled: skipping ntap1/ptap1 device extraction.
2026-08-20 09:32:08 +0000: Memory Usage (144600K) : Starting SG13G2 LVS RF MOS Model Mapping
2026-08-20 09:32:08 +0000: Memory Usage (144600K) : [layout_netlist] Apply RF MOS model mapping and rfmode parameter.
2026-08-20 09:32:08 +0000: Memory Usage (144600K) : Starting SG13G2 LVS Options Preparations
2026-08-20 09:32:08 +0000: Memory Usage (144600K) : SG13G2 LVS flow: extraction -> alignment -> option preparation -> comparison.
2026-08-20 09:32:08 +0000: Memory Usage (144600K) : Starting SG13G2 LVS Alignment
2026-08-20 09:32:08 +0000: Memory Usage (144728K) : Starting SG13G2 LVS Simplification
2026-08-20 09:32:08 +0000: Memory Usage (144728K) : [layout_netlist] simplify: ENABLED
2026-08-20 09:32:08 +0000: Memory Usage (144728K) : [layout_netlist] make_top_level_pins: SKIPPED
2026-08-20 09:32:08 +0000: Memory Usage (144728K) : [layout_netlist] combine_devices: SKIPPED
2026-08-20 09:32:08 +0000: Memory Usage (144728K) : [layout_netlist] purge: SKIPPED
2026-08-20 09:32:08 +0000: Memory Usage (144728K) : [layout_netlist] purge_nets: SKIPPED
2026-08-20 09:32:08 +0000: Memory Usage (144728K) : [schematic_netlist] simplify: ENABLED
2026-08-20 09:32:08 +0000: Memory Usage (144728K) : [schematic_netlist] make_top_level_pins: SKIPPED
2026-08-20 09:32:08 +0000: Memory Usage (144728K) : [schematic_netlist] combine_devices: SKIPPED
2026-08-20 09:32:08 +0000: Memory Usage (144728K) : [schematic_netlist] purge: SKIPPED
2026-08-20 09:32:08 +0000: Memory Usage (144728K) : [schematic_netlist] purge_nets: SKIPPED
2026-08-20 09:32:08 +0000: Memory Usage (144728K) : Starting SG13G2 LVS Comparison
2026-08-20 09:32:08 +0000: Memory Usage (144856K) : xxxxxxxxxxxxxxxxxxxxxxxxxxxxxxxxxxxxxxxxxx
2026-08-20 09:32:08 +0000: Memory Usage (144856K) : ERROR : Netlists don't match
2026-08-20 09:32:08 +0000: Memory Usage (144856K) : xxxxxxxxxxxxxxxxxxxxxxxxxxxxxxxxxxxxxxxxxx
2026-08-20 09:32:08 +0000: Memory Usage (144856K) : LVS Total Run time 1.036425 seconds
2026-08-20 11:01:14 +0000: Memory Usage (128804K) : Starting running SG13G2 Klayout LVS runset on /workspace/layout/blocks/out/term_stage/_bisect/plus_divider.gds
2026-08-20 11:01:14 +0000: Memory Usage (128804K) : Ruby Version for klayout: 3.2.3
2026-08-20 11:01:14 +0000: Memory Usage (129888K) : Loading database to memory is complete.
2026-08-20 11:01:14 +0000: Memory Usage (129888K) : SG13G2 Klayout LVS runset output at: /workspace/layout/blocks/out/term_stage/_bisect/plus_divider/plus_divider.lvsdb
2026-08-20 11:01:14 +0000: Memory Usage (129888K) : Evaluate switches.
2026-08-20 11:01:14 +0000: Memory Usage (129888K) : Extracted netlist with net names: true
2026-08-20 11:01:14 +0000: Memory Usage (129888K) : Extracted netlist with comments in details: false
2026-08-20 11:01:14 +0000: Memory Usage (129888K) : Selected NET_ONLY option: false
2026-08-20 11:01:14 +0000: Memory Usage (129888K) : Selected LAYOUT_NETLIST option: (none)
2026-08-20 11:01:14 +0000: Memory Usage (129888K) : Selected IGNORE_TOP_PORTS_MISMATCH option: true
2026-08-20 11:01:14 +0000: Memory Usage (129888K) : Selected IMPLICIT_NETS option: sub,sub!
2026-08-20 11:01:14 +0000: Memory Usage (129888K) : Selected TOP_LVL_PINS option: false
2026-08-20 11:01:14 +0000: Memory Usage (129888K) : Selected COMBINE DEVICES option: false
2026-08-20 11:01:14 +0000: Memory Usage (129888K) : Selected PURGE option: false
2026-08-20 11:01:14 +0000: Memory Usage (129888K) : Selected PURGE_NETS option: false
2026-08-20 11:01:14 +0000: Memory Usage (129888K) : Selected SIMPLIFY option: true
2026-08-20 11:01:14 +0000: Memory Usage (129888K) : Selected SERIES_RES option: true
2026-08-20 11:01:14 +0000: Memory Usage (129888K) : Selected PARALLEL_RES option: true
2026-08-20 11:01:14 +0000: Memory Usage (129888K) : Selected DISABLE_TAP_EXTRACTION option: true
2026-08-20 11:01:14 +0000: Memory Usage (129888K) : deep  mode is enabled.
2026-08-20 11:01:14 +0000: Memory Usage (129888K) : Applying implicit connections (case-sensitive, pattern supported) for nets: sub, sub!
2026-08-20 11:01:14 +0000: Memory Usage (130984K) : Netlist file: /workspace/layout/blocks/out/term_stage/_bisect/plus_divider.cdl
2026-08-20 11:01:14 +0000: Memory Usage (130984K) : LVS extracted netlist at: /workspace/layout/blocks/out/term_stage/_bisect/plus_divider/plus_divider_extracted.cir
2026-08-20 11:01:14 +0000: Memory Usage (130984K) : Applying SRAM integration support.
2026-08-20 11:01:14 +0000: Memory Usage (130984K) : Starting SG13G2 LVS runset
2026-08-20 11:01:14 +0000: Memory Usage (130984K) : Read in polygons from layers.
2026-08-20 11:01:14 +0000: Memory Usage (132344K) : activ_drw has 24 polygons
2026-08-20 11:01:14 +0000: Memory Usage (132344K) : activ_filler has 0 polygons
2026-08-20 11:01:14 +0000: Memory Usage (132472K) : activ has 24 polygons
2026-08-20 11:01:14 +0000: Memory Usage (132472K) : activ_pin has 0 polygons
2026-08-20 11:01:14 +0000: Memory Usage (132472K) : activ_mask has 0 polygons
2026-08-20 11:01:14 +0000: Memory Usage (132472K) : activ_nofill has 0 polygons
2026-08-20 11:01:14 +0000: Memory Usage (132472K) : activ_OPC has 0 polygons
2026-08-20 11:01:14 +0000: Memory Usage (132472K) : activ_iOPC has 0 polygons
2026-08-20 11:01:14 +0000: Memory Usage (132472K) : activ_noqrc has 0 polygons
2026-08-20 11:01:14 +0000: Memory Usage (132472K) : biwind_drw has 0 polygons
2026-08-20 11:01:14 +0000: Memory Usage (132560K) : biwind_OPC has 0 polygons
2026-08-20 11:01:14 +0000: Memory Usage (133072K) : gatpoly_drw has 12 polygons
2026-08-20 11:01:14 +0000: Memory Usage (133072K) : gatpoly_filler has 0 polygons
2026-08-20 11:01:14 +0000: Memory Usage (133072K) : gatpoly has 12 polygons
2026-08-20 11:01:14 +0000: Memory Usage (133072K) : gatpoly_pin has 0 polygons
2026-08-20 11:01:14 +0000: Memory Usage (133072K) : gatpoly_nofill has 0 polygons
2026-08-20 11:01:14 +0000: Memory Usage (133072K) : gatpoly_OPC has 0 polygons
2026-08-20 11:01:14 +0000: Memory Usage (133072K) : gatpoly_iOPC has 0 polygons
2026-08-20 11:01:14 +0000: Memory Usage (133072K) : gatpoly_noqrc has 0 polygons
2026-08-20 11:01:14 +0000: Memory Usage (133072K) : cont_drw has 4324 polygons
2026-08-20 11:01:14 +0000: Memory Usage (133072K) : cont_OPC has 0 polygons
2026-08-20 11:01:14 +0000: Memory Usage (133072K) : nsd_drw has 0 polygons
2026-08-20 11:01:14 +0000: Memory Usage (133072K) : nsd_block has 0 polygons
2026-08-20 11:01:14 +0000: Memory Usage (133072K) : metal1_drw has 52 polygons
2026-08-20 11:01:14 +0000: Memory Usage (133072K) : metal1_filler has 0 polygons
2026-08-20 11:01:14 +0000: Memory Usage (133072K) : metal1_slit has 0 polygons
2026-08-20 11:01:14 +0000: Memory Usage (133072K) : metal1 has 52 polygons
2026-08-20 11:01:14 +0000: Memory Usage (133072K) : metal1_pin has 12 polygons
2026-08-20 11:01:14 +0000: Memory Usage (133072K) : metal1_mask has 0 polygons
2026-08-20 11:01:14 +0000: Memory Usage (133072K) : metal1_nofill has 0 polygons
2026-08-20 11:01:14 +0000: Memory Usage (133328K) : metal1_text has 8 polygons
2026-08-20 11:01:14 +0000: Memory Usage (133456K) : metal1_OPC has 0 polygons
2026-08-20 11:01:14 +0000: Memory Usage (133456K) : metal1_noqrc has 0 polygons
2026-08-20 11:01:14 +0000: Memory Usage (133584K) : metal1_res has 0 polygons
2026-08-20 11:01:14 +0000: Memory Usage (133584K) : metal1_iprobe has 0 polygons
2026-08-20 11:01:14 +0000: Memory Usage (133584K) : metal1_diffprb has 0 polygons
2026-08-20 11:01:14 +0000: Memory Usage (133712K) : passiv_drw has 2 polygons
2026-08-20 11:01:14 +0000: Memory Usage (133712K) : passiv_pin has 0 polygons
2026-08-20 11:01:14 +0000: Memory Usage (133712K) : passiv_sbump has 0 polygons
2026-08-20 11:01:14 +0000: Memory Usage (133840K) : passiv_pillar has 0 polygons
2026-08-20 11:01:14 +0000: Memory Usage (133840K) : passiv_pdl has 0 polygons
2026-08-20 11:01:14 +0000: Memory Usage (133840K) : metal2_drw has 32 polygons
2026-08-20 11:01:14 +0000: Memory Usage (133968K) : metal2_filler has 0 polygons
2026-08-20 11:01:14 +0000: Memory Usage (133968K) : metal2_slit has 0 polygons
2026-08-20 11:01:14 +0000: Memory Usage (133968K) : metal2 has 32 polygons
2026-08-20 11:01:14 +0000: Memory Usage (134096K) : metal2_pin has 8 polygons
2026-08-20 11:01:14 +0000: Memory Usage (134096K) : metal2_mask has 0 polygons
2026-08-20 11:01:14 +0000: Memory Usage (134096K) : metal2_nofill has 0 polygons
2026-08-20 11:01:14 +0000: Memory Usage (134096K) : metal2_text has 8 polygons
2026-08-20 11:01:14 +0000: Memory Usage (134224K) : metal2_OPC has 0 polygons
2026-08-20 11:01:14 +0000: Memory Usage (134224K) : metal2_noqrc has 0 polygons
2026-08-20 11:01:14 +0000: Memory Usage (134224K) : metal2_res has 0 polygons
2026-08-20 11:01:14 +0000: Memory Usage (134224K) : metal2_iprobe has 0 polygons
2026-08-20 11:01:14 +0000: Memory Usage (134352K) : metal2_diffprb has 0 polygons
2026-08-20 11:01:14 +0000: Memory Usage (134352K) : baspoly_drw has 0 polygons
2026-08-20 11:01:14 +0000: Memory Usage (134352K) : baspoly_pin has 0 polygons
2026-08-20 11:01:14 +0000: Memory Usage (134352K) : psd_drw has 18 polygons
2026-08-20 11:01:14 +0000: Memory Usage (134480K) : nldb_drw has 0 polygons
2026-08-20 11:01:14 +0000: Memory Usage (134480K) : digibnd_drw has 0 polygons
2026-08-20 11:01:14 +0000: Memory Usage (134480K) : via1_drw has 904 polygons
2026-08-20 11:01:14 +0000: Memory Usage (134480K) : backmetal1_drw has 0 polygons
2026-08-20 11:01:14 +0000: Memory Usage (134608K) : backmetal1_pin has 0 polygons
2026-08-20 11:01:14 +0000: Memory Usage (134608K) : backmetal1_mask has 0 polygons
2026-08-20 11:01:14 +0000: Memory Usage (134608K) : backmetal1_filler has 0 polygons
2026-08-20 11:01:14 +0000: Memory Usage (134608K) : backmetal1_nofill has 0 polygons
2026-08-20 11:01:14 +0000: Memory Usage (134736K) : backmetal1_slit has 0 polygons
2026-08-20 11:01:14 +0000: Memory Usage (134736K) : backmetal1_text has 0 polygons
2026-08-20 11:01:14 +0000: Memory Usage (134736K) : backmetal1_OPC has 0 polygons
2026-08-20 11:01:14 +0000: Memory Usage (134736K) : backmetal1_noqrc has 0 polygons
2026-08-20 11:01:14 +0000: Memory Usage (134864K) : backmetal1_res has 0 polygons
2026-08-20 11:01:14 +0000: Memory Usage (134864K) : backmetal1_iprobe has 0 polygons
2026-08-20 11:01:14 +0000: Memory Usage (134864K) : backmetal1_diffprb has 0 polygons
2026-08-20 11:01:14 +0000: Memory Usage (134864K) : backpassiv_drw has 0 polygons
2026-08-20 11:01:14 +0000: Memory Usage (134992K) : res_drw has 2 polygons
2026-08-20 11:01:14 +0000: Memory Usage (134992K) : sram_drw has 0 polygons
2026-08-20 11:01:14 +0000: Memory Usage (134992K) : trans_drw has 0 polygons
2026-08-20 11:01:14 +0000: Memory Usage (134992K) : ind_drw has 0 polygons
2026-08-20 11:01:14 +0000: Memory Usage (135120K) : ind_pin has 0 polygons
2026-08-20 11:01:14 +0000: Memory Usage (135120K) : ind_text has 0 polygons
2026-08-20 11:01:14 +0000: Memory Usage (135120K) : salblock_drw has 2 polygons
2026-08-20 11:01:14 +0000: Memory Usage (135248K) : via2_drw has 52 polygons
2026-08-20 11:01:14 +0000: Memory Usage (135248K) : metal3_drw has 20 polygons
2026-08-20 11:01:14 +0000: Memory Usage (135248K) : metal3_filler has 0 polygons
2026-08-20 11:01:14 +0000: Memory Usage (135248K) : metal3_slit has 0 polygons
2026-08-20 11:01:14 +0000: Memory Usage (135248K) : metal3 has 20 polygons
2026-08-20 11:01:14 +0000: Memory Usage (135248K) : metal3_pin has 0 polygons
2026-08-20 11:01:14 +0000: Memory Usage (135248K) : metal3_mask has 0 polygons
2026-08-20 11:01:14 +0000: Memory Usage (135248K) : metal3_nofill has 0 polygons
2026-08-20 11:01:14 +0000: Memory Usage (135248K) : metal3_text has 0 polygons
2026-08-20 11:01:14 +0000: Memory Usage (135248K) : metal3_OPC has 0 polygons
2026-08-20 11:01:14 +0000: Memory Usage (135248K) : metal3_noqrc has 0 polygons
2026-08-20 11:01:14 +0000: Memory Usage (135248K) : metal3_res has 0 polygons
2026-08-20 11:01:14 +0000: Memory Usage (135248K) : metal3_iprobe has 0 polygons
2026-08-20 11:01:14 +0000: Memory Usage (135248K) : metal3_diffprb has 0 polygons
2026-08-20 11:01:14 +0000: Memory Usage (135248K) : nwell_drw has 10 polygons
2026-08-20 11:01:14 +0000: Memory Usage (135376K) : nwell_pin has 0 polygons
2026-08-20 11:01:14 +0000: Memory Usage (135376K) : nwell_text has 0 polygons
2026-08-20 11:01:14 +0000: Memory Usage (135376K) : nbulay_drw has 0 polygons
2026-08-20 11:01:14 +0000: Memory Usage (135376K) : nbulay_pin has 0 polygons
2026-08-20 11:01:14 +0000: Memory Usage (135376K) : nbulay_block has 0 polygons
2026-08-20 11:01:14 +0000: Memory Usage (135376K) : emwind_drw has 0 polygons
2026-08-20 11:01:14 +0000: Memory Usage (135504K) : emwind_OPC has 0 polygons
2026-08-20 11:01:14 +0000: Memory Usage (135504K) : deepco_drw has 0 polygons
2026-08-20 11:01:14 +0000: Memory Usage (135504K) : mim_drw has 1 polygons
2026-08-20 11:01:14 +0000: Memory Usage (135504K) : edgeseal_drw has 0 polygons
2026-08-20 11:01:14 +0000: Memory Usage (135504K) : substrate_drw has 0 polygons
2026-08-20 11:01:14 +0000: Memory Usage (135504K) : substrate_text has 0 polygons
2026-08-20 11:01:14 +0000: Memory Usage (135632K) : dfpad_drw has 2 polygons
2026-08-20 11:01:14 +0000: Memory Usage (135632K) : dfpad_pillar has 0 polygons
2026-08-20 11:01:14 +0000: Memory Usage (135632K) : dfpad_sbump has 0 polygons
2026-08-20 11:01:14 +0000: Memory Usage (135632K) : thickgateox_drw has 0 polygons
2026-08-20 11:01:14 +0000: Memory Usage (135632K) : pldb_drw has 0 polygons
2026-08-20 11:01:14 +0000: Memory Usage (135760K) : pwell_drw has 0 polygons
2026-08-20 11:01:14 +0000: Memory Usage (135760K) : pwell_pin has 0 polygons
2026-08-20 11:01:14 +0000: Memory Usage (135760K) : pwell_block has 0 polygons
2026-08-20 11:01:14 +0000: Memory Usage (135760K) : ic_drw has 0 polygons
2026-08-20 11:01:14 +0000: Memory Usage (135760K) : via3_drw has 1024 polygons
2026-08-20 11:01:14 +0000: Memory Usage (135760K) : metal4_drw has 23 polygons
2026-08-20 11:01:14 +0000: Memory Usage (135888K) : metal4_filler has 0 polygons
2026-08-20 11:01:14 +0000: Memory Usage (135888K) : metal4_slit has 0 polygons
2026-08-20 11:01:14 +0000: Memory Usage (135888K) : metal4 has 23 polygons
2026-08-20 11:01:14 +0000: Memory Usage (135888K) : metal4_pin has 0 polygons
2026-08-20 11:01:14 +0000: Memory Usage (135888K) : metal4_mask has 0 polygons
2026-08-20 11:01:14 +0000: Memory Usage (135888K) : metal4_nofill has 0 polygons
2026-08-20 11:01:14 +0000: Memory Usage (136016K) : metal4_text has 4 polygons
2026-08-20 11:01:14 +0000: Memory Usage (136016K) : metal4_OPC has 0 polygons
2026-08-20 11:01:14 +0000: Memory Usage (136016K) : metal4_noqrc has 0 polygons
2026-08-20 11:01:14 +0000: Memory Usage (136016K) : metal4_res has 0 polygons
2026-08-20 11:01:14 +0000: Memory Usage (136016K) : metal4_iprobe has 0 polygons
2026-08-20 11:01:14 +0000: Memory Usage (136016K) : metal4_diffprb has 0 polygons
2026-08-20 11:01:14 +0000: Memory Usage (136016K) : heattrans_drw has 0 polygons
2026-08-20 11:01:14 +0000: Memory Usage (136144K) : heatres_drw has 4 polygons
2026-08-20 11:01:14 +0000: Memory Usage (136144K) : fbe_drw has 0 polygons
2026-08-20 11:01:14 +0000: Memory Usage (136144K) : empoly_drw has 0 polygons
2026-08-20 11:01:14 +0000: Memory Usage (136144K) : digisub_drw has 0 polygons
2026-08-20 11:01:14 +0000: Memory Usage (136144K) : text_drw has 22 polygons
2026-08-20 11:01:14 +0000: Memory Usage (136144K) : via4_drw has 1020 polygons
2026-08-20 11:01:14 +0000: Memory Usage (136272K) : metal5_drw has 50 polygons
2026-08-20 11:01:14 +0000: Memory Usage (136272K) : metal5_filler has 0 polygons
2026-08-20 11:01:14 +0000: Memory Usage (136272K) : metal5_slit has 0 polygons
2026-08-20 11:01:14 +0000: Memory Usage (136272K) : metal5 has 50 polygons
2026-08-20 11:01:14 +0000: Memory Usage (136272K) : metal5_pin has 0 polygons
2026-08-20 11:01:14 +0000: Memory Usage (136272K) : metal5_mask has 0 polygons
2026-08-20 11:01:14 +0000: Memory Usage (136400K) : metal5_nofill has 0 polygons
2026-08-20 11:01:14 +0000: Memory Usage (136400K) : metal5_text has 0 polygons
2026-08-20 11:01:14 +0000: Memory Usage (136400K) : metal5_OPC has 0 polygons
2026-08-20 11:01:14 +0000: Memory Usage (136400K) : metal5_noqrc has 0 polygons
2026-08-20 11:01:14 +0000: Memory Usage (136400K) : metal5_res has 0 polygons
2026-08-20 11:01:14 +0000: Memory Usage (136528K) : metal5_iprobe has 0 polygons
2026-08-20 11:01:14 +0000: Memory Usage (136528K) : metal5_diffprb has 0 polygons
2026-08-20 11:01:14 +0000: Memory Usage (136528K) : radhard_drw has 0 polygons
2026-08-20 11:01:14 +0000: Memory Usage (136528K) : memcap_drw has 0 polygons
2026-08-20 11:01:14 +0000: Memory Usage (136528K) : varicap_drw has 0 polygons
2026-08-20 11:01:14 +0000: Memory Usage (136656K) : intbondvia_drw has 0 polygons
2026-08-20 11:01:14 +0000: Memory Usage (136656K) : intbondmet_drw has 0 polygons
2026-08-20 11:01:14 +0000: Memory Usage (136656K) : devbondvia_drw has 0 polygons
2026-08-20 11:01:14 +0000: Memory Usage (136656K) : devbondmet_drw has 0 polygons
2026-08-20 11:01:14 +0000: Memory Usage (136784K) : devtrench_drw has 0 polygons
2026-08-20 11:01:14 +0000: Memory Usage (136784K) : redist_drw has 0 polygons
2026-08-20 11:01:14 +0000: Memory Usage (136784K) : graphbot_drw has 0 polygons
2026-08-20 11:01:14 +0000: Memory Usage (136784K) : graphtop_drw has 0 polygons
2026-08-20 11:01:14 +0000: Memory Usage (136912K) : antvia1_drw has 0 polygons
2026-08-20 11:01:14 +0000: Memory Usage (136912K) : antmetal2_drw has 0 polygons
2026-08-20 11:01:14 +0000: Memory Usage (136912K) : graphcont_drw has 0 polygons
2026-08-20 11:01:14 +0000: Memory Usage (136912K) : siwg_drw has 0 polygons
2026-08-20 11:01:14 +0000: Memory Usage (136912K) : siwg_filler has 0 polygons
2026-08-20 11:01:14 +0000: Memory Usage (136912K) : siwg_nofill has 0 polygons
2026-08-20 11:01:14 +0000: Memory Usage (137040K) : sigrating_drw has 0 polygons
2026-08-20 11:01:14 +0000: Memory Usage (137040K) : singrating_drw has 0 polygons
2026-08-20 11:01:14 +0000: Memory Usage (137040K) : graphpas_drw has 0 polygons
2026-08-20 11:01:14 +0000: Memory Usage (137040K) : emwind3_drw has 0 polygons
2026-08-20 11:01:14 +0000: Memory Usage (137040K) : emwihv3_drw has 0 polygons
2026-08-20 11:01:14 +0000: Memory Usage (137040K) : redbulay_drw has 0 polygons
2026-08-20 11:01:14 +0000: Memory Usage (137168K) : smos_drw has 0 polygons
2026-08-20 11:01:14 +0000: Memory Usage (137168K) : graphpad_drw has 0 polygons
2026-08-20 11:01:14 +0000: Memory Usage (137168K) : polimide_drw has 0 polygons
2026-08-20 11:01:14 +0000: Memory Usage (137168K) : polimide_pin has 0 polygons
2026-08-20 11:01:14 +0000: Memory Usage (137168K) : recog_drw has 0 polygons
2026-08-20 11:01:14 +0000: Memory Usage (137296K) : recog_pin has 0 polygons
2026-08-20 11:01:14 +0000: Memory Usage (137296K) : recog_esd has 4 polygons
2026-08-20 11:01:14 +0000: Memory Usage (137296K) : recog_diode has 0 polygons
2026-08-20 11:01:14 +0000: Memory Usage (137296K) : recog_tsv has 0 polygons
2026-08-20 11:01:14 +0000: Memory Usage (137424K) : recog_iprobe has 0 polygons
2026-08-20 11:01:14 +0000: Memory Usage (137424K) : recog_diffprb has 0 polygons
2026-08-20 11:01:14 +0000: Memory Usage (137424K) : recog_pillar has 0 polygons
2026-08-20 11:01:14 +0000: Memory Usage (137424K) : recog_sbump has 0 polygons
2026-08-20 11:01:14 +0000: Memory Usage (137552K) : recog_otp has 0 polygons
2026-08-20 11:01:14 +0000: Memory Usage (137552K) : recog_pdiode has 0 polygons
2026-08-20 11:01:14 +0000: Memory Usage (137552K) : recog_mom has 0 polygons
2026-08-20 11:01:14 +0000: Memory Usage (137552K) : recog_momf has 0 polygons
2026-08-20 11:01:14 +0000: Memory Usage (137680K) : recog_pcm has 0 polygons
2026-08-20 11:01:14 +0000: Memory Usage (137680K) : colopen_drw has 0 polygons
2026-08-20 11:01:14 +0000: Memory Usage (137680K) : graphmetal1_drw has 0 polygons
2026-08-20 11:01:14 +0000: Memory Usage (137680K) : graphmetal1_filler has 0 polygons
2026-08-20 11:01:14 +0000: Memory Usage (137808K) : graphmetal1_nofill has 0 polygons
2026-08-20 11:01:14 +0000: Memory Usage (137808K) : graphmetal1_slit has 0 polygons
2026-08-20 11:01:14 +0000: Memory Usage (137808K) : graphmetal1_OPC has 0 polygons
2026-08-20 11:01:14 +0000: Memory Usage (137808K) : graphmet1l_drw has 0 polygons
2026-08-20 11:01:14 +0000: Memory Usage (137936K) : graphmet1l_filler has 0 polygons
2026-08-20 11:01:14 +0000: Memory Usage (137936K) : graphmet1l_nofill has 0 polygons
2026-08-20 11:01:14 +0000: Memory Usage (137936K) : graphmet1l_slit has 0 polygons
2026-08-20 11:01:14 +0000: Memory Usage (137936K) : graphmet1l_OPC has 0 polygons
2026-08-20 11:01:14 +0000: Memory Usage (137936K) : extblock_drw has 12 polygons
2026-08-20 11:01:14 +0000: Memory Usage (138064K) : nldd_drw has 0 polygons
2026-08-20 11:01:14 +0000: Memory Usage (138064K) : pldd_drw has 0 polygons
2026-08-20 11:01:14 +0000: Memory Usage (138064K) : next_drw has 0 polygons
2026-08-20 11:01:14 +0000: Memory Usage (138064K) : pext_drw has 0 polygons
2026-08-20 11:01:14 +0000: Memory Usage (138064K) : nexthv_drw has 0 polygons
2026-08-20 11:01:14 +0000: Memory Usage (138064K) : pexthv_drw has 0 polygons
2026-08-20 11:01:14 +0000: Memory Usage (138192K) : graphgate_drw has 0 polygons
2026-08-20 11:01:14 +0000: Memory Usage (138192K) : sinwg_drw has 0 polygons
2026-08-20 11:01:14 +0000: Memory Usage (138192K) : sinwg_filler has 0 polygons
2026-08-20 11:01:14 +0000: Memory Usage (138192K) : sinwg_nofill has 0 polygons
2026-08-20 11:01:14 +0000: Memory Usage (138192K) : mempad_drw has 0 polygons
2026-08-20 11:01:14 +0000: Memory Usage (138320K) : topvia1_drw has 480 polygons
2026-08-20 11:01:14 +0000: Memory Usage (138320K) : topmetal1_drw has 17 polygons
2026-08-20 11:01:14 +0000: Memory Usage (138320K) : topmetal1_filler has 0 polygons
2026-08-20 11:01:14 +0000: Memory Usage (138320K) : topmetal1_slit has 0 polygons
2026-08-20 11:01:14 +0000: Memory Usage (138320K) : topmetal1 has 17 polygons
2026-08-20 11:01:14 +0000: Memory Usage (138320K) : topmetal1_pin has 0 polygons
2026-08-20 11:01:14 +0000: Memory Usage (138448K) : topmetal1_mask has 0 polygons
2026-08-20 11:01:14 +0000: Memory Usage (138448K) : topmetal1_nofill has 0 polygons
2026-08-20 11:01:14 +0000: Memory Usage (138448K) : topmetal1_text has 0 polygons
2026-08-20 11:01:14 +0000: Memory Usage (138448K) : topmetal1_noqrc has 0 polygons
2026-08-20 11:01:14 +0000: Memory Usage (138576K) : topmetal1_res has 0 polygons
2026-08-20 11:01:14 +0000: Memory Usage (138576K) : topmetal1_iprobe has 0 polygons
2026-08-20 11:01:14 +0000: Memory Usage (138576K) : topmetal1_diffprb has 0 polygons
2026-08-20 11:01:14 +0000: Memory Usage (138576K) : inldpwl_drw has 0 polygons
2026-08-20 11:01:14 +0000: Memory Usage (138704K) : polyres_drw has 4 polygons
2026-08-20 11:01:14 +0000: Memory Usage (138704K) : polyres_pin has 0 polygons
2026-08-20 11:01:14 +0000: Memory Usage (138704K) : vmim_drw has 225 polygons
2026-08-20 11:01:14 +0000: Memory Usage (138704K) : nbulaycut_drw has 0 polygons
2026-08-20 11:01:14 +0000: Memory Usage (138832K) : antmetal1_drw has 0 polygons
2026-08-20 11:01:14 +0000: Memory Usage (138832K) : topvia2_drw has 201 polygons
2026-08-20 11:01:14 +0000: Memory Usage (138832K) : topmetal2_drw has 15 polygons
2026-08-20 11:01:14 +0000: Memory Usage (138960K) : topmetal2_filler has 0 polygons
2026-08-20 11:01:14 +0000: Memory Usage (138960K) : topmetal2_slit has 0 polygons
2026-08-20 11:01:14 +0000: Memory Usage (138960K) : topmetal2 has 15 polygons
2026-08-20 11:01:14 +0000: Memory Usage (139088K) : topmetal2_pin has 0 polygons
2026-08-20 11:01:14 +0000: Memory Usage (139088K) : topmetal2_mask has 0 polygons
2026-08-20 11:01:14 +0000: Memory Usage (139088K) : topmetal2_nofill has 0 polygons
2026-08-20 11:01:14 +0000: Memory Usage (139088K) : topmetal2_text has 4 polygons
2026-08-20 11:01:14 +0000: Memory Usage (139216K) : topmetal2_noqrc has 0 polygons
2026-08-20 11:01:14 +0000: Memory Usage (139216K) : topmetal2_res has 0 polygons
2026-08-20 11:01:14 +0000: Memory Usage (139216K) : topmetal2_iprobe has 0 polygons
2026-08-20 11:01:14 +0000: Memory Usage (139216K) : topmetal2_diffprb has 0 polygons
2026-08-20 11:01:14 +0000: Memory Usage (139344K) : snsring_drw has 0 polygons
2026-08-20 11:01:14 +0000: Memory Usage (139344K) : sensor_drw has 0 polygons
2026-08-20 11:01:14 +0000: Memory Usage (139344K) : snsarms_drw has 0 polygons
2026-08-20 11:01:14 +0000: Memory Usage (139344K) : snscmosvia_drw has 0 polygons
2026-08-20 11:01:14 +0000: Memory Usage (139472K) : colwind_drw has 0 polygons
2026-08-20 11:01:14 +0000: Memory Usage (139472K) : flm_drw has 0 polygons
2026-08-20 11:01:14 +0000: Memory Usage (139600K) : hafniumox_drw has 0 polygons
2026-08-20 11:01:14 +0000: Memory Usage (139600K) : memvia_drw has 0 polygons
2026-08-20 11:01:14 +0000: Memory Usage (139600K) : thinfilmres_drw has 0 polygons
2026-08-20 11:01:14 +0000: Memory Usage (139728K) : rfmem_drw has 0 polygons
2026-08-20 11:01:14 +0000: Memory Usage (139728K) : norcx_drw has 0 polygons
2026-08-20 11:01:14 +0000: Memory Usage (139728K) : norcx_m2m3 has 0 polygons
2026-08-20 11:01:14 +0000: Memory Usage (139728K) : norcx_m2m4 has 0 polygons
2026-08-20 11:01:14 +0000: Memory Usage (139728K) : norcx_m2m5 has 0 polygons
2026-08-20 11:01:14 +0000: Memory Usage (139728K) : norcx_m2tm1 has 0 polygons
2026-08-20 11:01:14 +0000: Memory Usage (139728K) : norcx_m2tm2 has 0 polygons
2026-08-20 11:01:14 +0000: Memory Usage (139728K) : norcx_m3m4 has 0 polygons
2026-08-20 11:01:14 +0000: Memory Usage (139728K) : norcx_m3m5 has 0 polygons
2026-08-20 11:01:14 +0000: Memory Usage (139728K) : norcx_m3tm1 has 0 polygons
2026-08-20 11:01:14 +0000: Memory Usage (139728K) : norcx_m3tm2 has 0 polygons
2026-08-20 11:01:14 +0000: Memory Usage (139728K) : norcx_m4m5 has 0 polygons
2026-08-20 11:01:14 +0000: Memory Usage (139728K) : norcx_m4tm1 has 0 polygons
2026-08-20 11:01:14 +0000: Memory Usage (139728K) : norcx_m4tm2 has 0 polygons
2026-08-20 11:01:14 +0000: Memory Usage (139728K) : norcx_m5tm1 has 0 polygons
2026-08-20 11:01:14 +0000: Memory Usage (139728K) : norcx_m5tm2 has 0 polygons
2026-08-20 11:01:14 +0000: Memory Usage (139728K) : norcx_tm1tm2 has 0 polygons
2026-08-20 11:01:14 +0000: Memory Usage (139728K) : norcx_m1sub has 0 polygons
2026-08-20 11:01:14 +0000: Memory Usage (139728K) : norcx_m2sub has 0 polygons
2026-08-20 11:01:14 +0000: Memory Usage (139728K) : norcx_m3sub has 0 polygons
2026-08-20 11:01:14 +0000: Memory Usage (139728K) : norcx_m4sub has 0 polygons
2026-08-20 11:01:14 +0000: Memory Usage (139728K) : norcx_m5sub has 0 polygons
2026-08-20 11:01:14 +0000: Memory Usage (139728K) : norcx_tm1sub has 0 polygons
2026-08-20 11:01:14 +0000: Memory Usage (139728K) : norcx_tm2sub has 0 polygons
2026-08-20 11:01:14 +0000: Memory Usage (139728K) : snsbotvia_drw has 0 polygons
2026-08-20 11:01:14 +0000: Memory Usage (139728K) : snstopvia_drw has 0 polygons
2026-08-20 11:01:14 +0000: Memory Usage (139728K) : deepvia_drw has 0 polygons
2026-08-20 11:01:14 +0000: Memory Usage (139728K) : fgetch_drw has 0 polygons
2026-08-20 11:01:14 +0000: Memory Usage (139728K) : ctrgat_drw has 0 polygons
2026-08-20 11:01:14 +0000: Memory Usage (139728K) : fgimp_drw has 0 polygons
2026-08-20 11:01:14 +0000: Memory Usage (139728K) : emwihv_drw has 0 polygons
2026-08-20 11:01:14 +0000: Memory Usage (139728K) : lbe_drw has 0 polygons
2026-08-20 11:01:14 +0000: Memory Usage (139728K) : alcustop_drw has 0 polygons
2026-08-20 11:01:14 +0000: Memory Usage (139728K) : nometfiller_drw has 0 polygons
2026-08-20 11:01:14 +0000: Memory Usage (139728K) : prboundary_drw has 0 polygons
2026-08-20 11:01:14 +0000: Memory Usage (139728K) : exchange0_drw has 0 polygons
2026-08-20 11:01:14 +0000: Memory Usage (139728K) : exchange0_pin has 0 polygons
2026-08-20 11:01:14 +0000: Memory Usage (139728K) : exchange0_text has 0 polygons
2026-08-20 11:01:14 +0000: Memory Usage (139728K) : exchange1_drw has 0 polygons
2026-08-20 11:01:14 +0000: Memory Usage (139728K) : exchange1_pin has 0 polygons
2026-08-20 11:01:14 +0000: Memory Usage (139728K) : exchange1_text has 0 polygons
2026-08-20 11:01:14 +0000: Memory Usage (139728K) : exchange2_drw has 0 polygons
2026-08-20 11:01:14 +0000: Memory Usage (139728K) : exchange2_pin has 0 polygons
2026-08-20 11:01:14 +0000: Memory Usage (139728K) : exchange2_text has 0 polygons
2026-08-20 11:01:14 +0000: Memory Usage (139728K) : exchange3_drw has 0 polygons
2026-08-20 11:01:14 +0000: Memory Usage (139728K) : exchange3_pin has 0 polygons
2026-08-20 11:01:14 +0000: Memory Usage (139728K) : exchange3_text has 0 polygons
2026-08-20 11:01:14 +0000: Memory Usage (139728K) : exchange4_drw has 0 polygons
2026-08-20 11:01:14 +0000: Memory Usage (139728K) : exchange4_pin has 0 polygons
2026-08-20 11:01:14 +0000: Memory Usage (139728K) : exchange4_text has 0 polygons
2026-08-20 11:01:14 +0000: Memory Usage (139728K) : isonwell_drw has 0 polygons
2026-08-20 11:01:14 +0000: Memory Usage (139728K) : Total no. of polygons in the design is 8602
2026-08-20 11:01:14 +0000: Memory Usage (139728K) : Starting base layers derivations
2026-08-20 11:01:14 +0000: Memory Usage (139728K) : Starting general LVS derivations
2026-08-20 11:01:14 +0000: Memory Usage (143344K) : Starting MOSFET DERIVATIONS
2026-08-20 11:01:14 +0000: Memory Usage (143856K) : Starting NMOS DERIVATIONS
2026-08-20 11:01:14 +0000: Memory Usage (143856K) : Starting PMOS DERIVATIONS
2026-08-20 11:01:14 +0000: Memory Usage (143856K) : Starting RF-MOSFET DERIVATIONS
2026-08-20 11:01:14 +0000: Memory Usage (143856K) : Starting RF-NMOS DERIVATIONS
2026-08-20 11:01:14 +0000: Memory Usage (143856K) : Starting RF-PMOS DERIVATIONS
2026-08-20 11:01:14 +0000: Memory Usage (143856K) : Starting BJT DERIVATIONS
2026-08-20 11:01:14 +0000: Memory Usage (143856K) : Starting NPN-BJT DERIVATIONS
2026-08-20 11:01:14 +0000: Memory Usage (143856K) : Starting PNP-BJT DERIVATIONS
2026-08-20 11:01:14 +0000: Memory Usage (143856K) : Starting DIODE DERIVATIONS
2026-08-20 11:01:14 +0000: Memory Usage (143856K) : Starting RESISTOR DERIVATIONS
2026-08-20 11:01:14 +0000: Memory Usage (143984K) : Starting CAP DERIVATIONS
2026-08-20 11:01:14 +0000: Memory Usage (144240K) : Starting CAP_CMOM DERIVATIONS
2026-08-20 11:01:14 +0000: Memory Usage (144240K) : Starting CAP_CMOMF DERIVATIONS
2026-08-20 11:01:14 +0000: Memory Usage (144240K) : Starting ESD DERIVATIONS
2026-08-20 11:01:15 +0000: Memory Usage (145136K) : Starting Inductor DERIVATIONS
2026-08-20 11:01:15 +0000: Memory Usage (145136K) : Starting Taps DERIVATIONS
2026-08-20 11:01:15 +0000: Memory Usage (145136K) : Starting SG13G2 LVS connectivity setup
2026-08-20 11:01:15 +0000: Memory Usage (145136K) : Starting SG13G2 LVS connectivity setup (Inter-layer)
2026-08-20 11:01:15 +0000: Memory Usage (145264K) : Starting SG13G2 LVS connectivity setup (Global)
2026-08-20 11:01:15 +0000: Memory Usage (145264K) : Starting LVS MOSFET CONNECTIONS
2026-08-20 11:01:15 +0000: Memory Usage (145264K) : Starting LVS RF-MOSFET CONNECTIONS
2026-08-20 11:01:15 +0000: Memory Usage (145264K) : Starting LVS BJT CONNECTIONS
2026-08-20 11:01:15 +0000: Memory Usage (145264K) : Starting LVS DIODE CONNECTIONS
2026-08-20 11:01:15 +0000: Memory Usage (145264K) : Starting RESISTOR CONNECTIONS
2026-08-20 11:01:15 +0000: Memory Usage (145264K) : Starting LVS CAP CONNECTIONS
2026-08-20 11:01:15 +0000: Memory Usage (145264K) : Starting CAP_CMOM CONNECTIONS
2026-08-20 11:01:15 +0000: Memory Usage (145264K) : Starting CAP_CMOMF CONNECTIONS
2026-08-20 11:01:15 +0000: Memory Usage (145264K) : Starting ESD CONNECTIONS
2026-08-20 11:01:15 +0000: Memory Usage (145264K) : Starting Inductor CONNECTIONS
2026-08-20 11:01:15 +0000: Memory Usage (145264K) : Starting LVS Taps CONNECTIONS
2026-08-20 11:01:15 +0000: Memory Usage (145264K) : Starting SG13G2 LVS DEVICES EXTRACTION
2026-08-20 11:01:15 +0000: Memory Usage (145264K) : Starting MOSFET EXTRACTION
2026-08-20 11:01:15 +0000: Memory Usage (145264K) : Starting NMOS EXTRACTION
2026-08-20 11:01:15 +0000: Memory Usage (145264K) : Extraction of NMOS-LV transistor
2026-08-20 11:01:15 +0000: Memory Usage (145392K) : Extraction of NMOS-HV transistor
2026-08-20 11:01:15 +0000: Memory Usage (145392K) : Starting PMOS EXTRACTION
2026-08-20 11:01:15 +0000: Memory Usage (145392K) : Extraction of PMOS-LV transistor
2026-08-20 11:01:15 +0000: Memory Usage (145392K) : Extraction of PMOS-HV transistor
2026-08-20 11:01:15 +0000: Memory Usage (145392K) : Starting RF-MOSFET EXTRACTION
2026-08-20 11:01:15 +0000: Memory Usage (145392K) : Extraction of RF-NMOS-LV transistor
2026-08-20 11:01:15 +0000: Memory Usage (145392K) : Extraction of RF-NMOS-HV transistor
2026-08-20 11:01:15 +0000: Memory Usage (145392K) : Extraction of RF-PMOS-LV transistor
2026-08-20 11:01:15 +0000: Memory Usage (145392K) : Extraction of RF-PMOS-HV transistor
2026-08-20 11:01:15 +0000: Memory Usage (145392K) : Starting BJT EXTRACTION
2026-08-20 11:01:15 +0000: Memory Usage (145392K) : Starting NPN-BJT EXTRACTION
2026-08-20 11:01:15 +0000: Memory Usage (145392K) : Extraction of npn13G2 BJT transistor
2026-08-20 11:01:15 +0000: Memory Usage (145392K) : Extraction of npn13G2L BJT transistor
2026-08-20 11:01:15 +0000: Memory Usage (145392K) : Extraction of npn13G2V BJT transistor
2026-08-20 11:01:15 +0000: Memory Usage (145392K) : Starting PNP-BJT EXTRACTION
2026-08-20 11:01:15 +0000: Memory Usage (145392K) : Extracting pnpMPA BJT
2026-08-20 11:01:15 +0000: Memory Usage (145392K) : Starting DIODE EXTRACTION
2026-08-20 11:01:15 +0000: Memory Usage (145392K) : Extracting dantenna diode
2026-08-20 11:01:15 +0000: Memory Usage (145392K) : Extracting dpantenna diode
2026-08-20 11:01:15 +0000: Memory Usage (145392K) : Extracting schottky_nbl1 diode
2026-08-20 11:01:15 +0000: Memory Usage (145392K) : Extracting isolbox diode
2026-08-20 11:01:15 +0000: Memory Usage (145392K) : Starting RESISTOR EXTRACTION
2026-08-20 11:01:15 +0000: Memory Usage (145392K) : Extracting rsil resistor
2026-08-20 11:01:15 +0000: Memory Usage (145520K) : Extracting rppd resistor
2026-08-20 11:01:15 +0000: Memory Usage (145520K) : Extracting rhigh resistor
2026-08-20 11:01:15 +0000: Memory Usage (145520K) : Extracting res_metal1 resistor
2026-08-20 11:01:15 +0000: Memory Usage (145520K) : Extracting res_metal2 resistor
2026-08-20 11:01:15 +0000: Memory Usage (145520K) : Extracting res_metal3 resistor
2026-08-20 11:01:15 +0000: Memory Usage (145520K) : Extracting res_metal4 resistor
2026-08-20 11:01:15 +0000: Memory Usage (145520K) : Extracting res_metal5 resistor
2026-08-20 11:01:15 +0000: Memory Usage (145520K) : Extracting res_topmetal1 resistor
2026-08-20 11:01:15 +0000: Memory Usage (145520K) : Extracting res_topmetal2 resistor
2026-08-20 11:01:15 +0000: Memory Usage (145520K) : Starting CAP EXTRACTION
2026-08-20 11:01:15 +0000: Memory Usage (145520K) : Extracting cap_cmim device
2026-08-20 11:01:15 +0000: Memory Usage (145520K) : Extracting rfcmim device
2026-08-20 11:01:15 +0000: Memory Usage (145520K) : Extracting sg13_hv_svaricap varactor
2026-08-20 11:01:15 +0000: Memory Usage (145520K) : Extracting cap_cmomi device
2026-08-20 11:01:15 +0000: Memory Usage (145520K) : Extracting cap_cmomf device
2026-08-20 11:01:15 +0000: Memory Usage (145520K) : Extracting sg13_moscap_n capacitor
2026-08-20 11:01:15 +0000: Memory Usage (145520K) : Extracting sg13_moscap_p capacitor
2026-08-20 11:01:15 +0000: Memory Usage (145520K) : Starting ESD EXTRACTION
2026-08-20 11:01:15 +0000: Memory Usage (145520K) : Extracting diodevdd_2kv ESD device
2026-08-20 11:01:15 +0000: Memory Usage (145520K) : Extracting diodevdd_4kv ESD device
2026-08-20 11:01:15 +0000: Memory Usage (145520K) : Extracting diodevss_2kv ESD device
2026-08-20 11:01:15 +0000: Memory Usage (145520K) : Extracting diodevss_4kv ESD device
2026-08-20 11:01:15 +0000: Memory Usage (145520K) : Extracting idiodevdd_2kv ESD device
2026-08-20 11:01:15 +0000: Memory Usage (145520K) : Extracting idiodevdd_4kv ESD device
2026-08-20 11:01:15 +0000: Memory Usage (145520K) : Extracting idiodevss_2kv ESD device
2026-08-20 11:01:15 +0000: Memory Usage (145520K) : Extracting idiodevss_4kv ESD device
2026-08-20 11:01:15 +0000: Memory Usage (145520K) : Extracting nmoscl_2 ESD device
2026-08-20 11:01:15 +0000: Memory Usage (145520K) : Extracting nmoscl_4 ESD device
2026-08-20 11:01:15 +0000: Memory Usage (145520K) : Starting Inductor EXTRACTION
2026-08-20 11:01:15 +0000: Memory Usage (145520K) : Extracting Inductor2 device
2026-08-20 11:01:15 +0000: Memory Usage (145520K) : Extracting Inductor3 device
2026-08-20 11:01:15 +0000: Memory Usage (145520K) : Starting Taps EXTRACTION
2026-08-20 11:01:15 +0000: Memory Usage (145520K) : DISABLE_TAP_EXTRACTION is enabled: skipping ntap1/ptap1 device extraction.
2026-08-20 11:01:15 +0000: Memory Usage (145520K) : Starting SG13G2 LVS RF MOS Model Mapping
2026-08-20 11:01:15 +0000: Memory Usage (145520K) : [layout_netlist] Apply RF MOS model mapping and rfmode parameter.
2026-08-20 11:01:15 +0000: Memory Usage (145520K) : Starting SG13G2 LVS Options Preparations
2026-08-20 11:01:15 +0000: Memory Usage (145520K) : SG13G2 LVS flow: extraction -> alignment -> option preparation -> comparison.
2026-08-20 11:01:15 +0000: Memory Usage (145520K) : Starting SG13G2 LVS Alignment
2026-08-20 11:01:15 +0000: Memory Usage (145648K) : Starting SG13G2 LVS Simplification
2026-08-20 11:01:15 +0000: Memory Usage (145648K) : [layout_netlist] simplify: ENABLED
2026-08-20 11:01:15 +0000: Memory Usage (145648K) : [layout_netlist] make_top_level_pins: SKIPPED
2026-08-20 11:01:15 +0000: Memory Usage (145648K) : [layout_netlist] combine_devices: SKIPPED
2026-08-20 11:01:15 +0000: Memory Usage (145648K) : [layout_netlist] purge: SKIPPED
2026-08-20 11:01:15 +0000: Memory Usage (145648K) : [layout_netlist] purge_nets: SKIPPED
2026-08-20 11:01:15 +0000: Memory Usage (145648K) : [schematic_netlist] simplify: ENABLED
2026-08-20 11:01:15 +0000: Memory Usage (145648K) : [schematic_netlist] make_top_level_pins: SKIPPED
2026-08-20 11:01:15 +0000: Memory Usage (145648K) : [schematic_netlist] combine_devices: SKIPPED
2026-08-20 11:01:15 +0000: Memory Usage (145648K) : [schematic_netlist] purge: SKIPPED
2026-08-20 11:01:15 +0000: Memory Usage (145648K) : [schematic_netlist] purge_nets: SKIPPED
2026-08-20 11:01:15 +0000: Memory Usage (145648K) : Starting SG13G2 LVS Comparison
2026-08-20 11:01:15 +0000: Memory Usage (145776K) : xxxxxxxxxxxxxxxxxxxxxxxxxxxxxxxxxxxxxxxxxx
2026-08-20 11:01:15 +0000: Memory Usage (145776K) : ERROR : Netlists don't match
2026-08-20 11:01:15 +0000: Memory Usage (145776K) : xxxxxxxxxxxxxxxxxxxxxxxxxxxxxxxxxxxxxxxxxx
2026-08-20 11:01:15 +0000: Memory Usage (145776K) : LVS Total Run time 1.186729 seconds
2026-08-20 11:01:39 +0000: Memory Usage (128452K) : Starting running SG13G2 Klayout LVS runset on /workspace/layout/blocks/out/term_stage/_bisect/plus_divider.gds
2026-08-20 11:01:39 +0000: Memory Usage (128452K) : Ruby Version for klayout: 3.2.3
2026-08-20 11:01:39 +0000: Memory Usage (129680K) : Loading database to memory is complete.
2026-08-20 11:01:39 +0000: Memory Usage (129680K) : SG13G2 Klayout LVS runset output at: /workspace/layout/blocks/out/term_stage/_bisect/plus_divider/plus_divider.lvsdb
2026-08-20 11:01:39 +0000: Memory Usage (129680K) : Evaluate switches.
2026-08-20 11:01:39 +0000: Memory Usage (129680K) : Extracted netlist with net names: true
2026-08-20 11:01:39 +0000: Memory Usage (129680K) : Extracted netlist with comments in details: false
2026-08-20 11:01:39 +0000: Memory Usage (129680K) : Selected NET_ONLY option: false
2026-08-20 11:01:39 +0000: Memory Usage (129680K) : Selected LAYOUT_NETLIST option: (none)
2026-08-20 11:01:39 +0000: Memory Usage (129680K) : Selected IGNORE_TOP_PORTS_MISMATCH option: true
2026-08-20 11:01:39 +0000: Memory Usage (129680K) : Selected IMPLICIT_NETS option: sub,sub!
2026-08-20 11:01:39 +0000: Memory Usage (129680K) : Selected TOP_LVL_PINS option: false
2026-08-20 11:01:39 +0000: Memory Usage (129680K) : Selected COMBINE DEVICES option: false
2026-08-20 11:01:39 +0000: Memory Usage (129680K) : Selected PURGE option: false
2026-08-20 11:01:39 +0000: Memory Usage (129680K) : Selected PURGE_NETS option: false
2026-08-20 11:01:39 +0000: Memory Usage (129680K) : Selected SIMPLIFY option: true
2026-08-20 11:01:39 +0000: Memory Usage (129680K) : Selected SERIES_RES option: true
2026-08-20 11:01:39 +0000: Memory Usage (129680K) : Selected PARALLEL_RES option: true
2026-08-20 11:01:39 +0000: Memory Usage (129680K) : Selected DISABLE_TAP_EXTRACTION option: true
2026-08-20 11:01:39 +0000: Memory Usage (129680K) : deep  mode is enabled.
2026-08-20 11:01:39 +0000: Memory Usage (129680K) : Applying implicit connections (case-sensitive, pattern supported) for nets: sub, sub!
2026-08-20 11:01:39 +0000: Memory Usage (130908K) : Netlist file: /workspace/layout/blocks/out/term_stage/_bisect/plus_divider.cdl
2026-08-20 11:01:39 +0000: Memory Usage (130908K) : LVS extracted netlist at: /workspace/layout/blocks/out/term_stage/_bisect/plus_divider/plus_divider_extracted.cir
2026-08-20 11:01:39 +0000: Memory Usage (130908K) : Applying SRAM integration support.
2026-08-20 11:01:39 +0000: Memory Usage (130908K) : Starting SG13G2 LVS runset
2026-08-20 11:01:39 +0000: Memory Usage (130908K) : Read in polygons from layers.
2026-08-20 11:01:39 +0000: Memory Usage (132264K) : activ_drw has 24 polygons
2026-08-20 11:01:39 +0000: Memory Usage (132264K) : activ_filler has 0 polygons
2026-08-20 11:01:39 +0000: Memory Usage (132392K) : activ has 24 polygons
2026-08-20 11:01:39 +0000: Memory Usage (132392K) : activ_pin has 0 polygons
2026-08-20 11:01:39 +0000: Memory Usage (132392K) : activ_mask has 0 polygons
2026-08-20 11:01:39 +0000: Memory Usage (132392K) : activ_nofill has 0 polygons
2026-08-20 11:01:39 +0000: Memory Usage (132392K) : activ_OPC has 0 polygons
2026-08-20 11:01:39 +0000: Memory Usage (132392K) : activ_iOPC has 0 polygons
2026-08-20 11:01:39 +0000: Memory Usage (132392K) : activ_noqrc has 0 polygons
2026-08-20 11:01:39 +0000: Memory Usage (132392K) : biwind_drw has 0 polygons
2026-08-20 11:01:39 +0000: Memory Usage (132480K) : biwind_OPC has 0 polygons
2026-08-20 11:01:39 +0000: Memory Usage (132992K) : gatpoly_drw has 12 polygons
2026-08-20 11:01:39 +0000: Memory Usage (132992K) : gatpoly_filler has 0 polygons
2026-08-20 11:01:39 +0000: Memory Usage (132992K) : gatpoly has 12 polygons
2026-08-20 11:01:39 +0000: Memory Usage (132992K) : gatpoly_pin has 0 polygons
2026-08-20 11:01:39 +0000: Memory Usage (132992K) : gatpoly_nofill has 0 polygons
2026-08-20 11:01:39 +0000: Memory Usage (132992K) : gatpoly_OPC has 0 polygons
2026-08-20 11:01:39 +0000: Memory Usage (132992K) : gatpoly_iOPC has 0 polygons
2026-08-20 11:01:39 +0000: Memory Usage (132992K) : gatpoly_noqrc has 0 polygons
2026-08-20 11:01:39 +0000: Memory Usage (132992K) : cont_drw has 4324 polygons
2026-08-20 11:01:39 +0000: Memory Usage (132992K) : cont_OPC has 0 polygons
2026-08-20 11:01:39 +0000: Memory Usage (132992K) : nsd_drw has 0 polygons
2026-08-20 11:01:39 +0000: Memory Usage (132992K) : nsd_block has 0 polygons
2026-08-20 11:01:39 +0000: Memory Usage (132992K) : metal1_drw has 52 polygons
2026-08-20 11:01:39 +0000: Memory Usage (132992K) : metal1_filler has 0 polygons
2026-08-20 11:01:39 +0000: Memory Usage (132992K) : metal1_slit has 0 polygons
2026-08-20 11:01:39 +0000: Memory Usage (133120K) : metal1 has 52 polygons
2026-08-20 11:01:39 +0000: Memory Usage (133120K) : metal1_pin has 12 polygons
2026-08-20 11:01:39 +0000: Memory Usage (133120K) : metal1_mask has 0 polygons
2026-08-20 11:01:39 +0000: Memory Usage (133120K) : metal1_nofill has 0 polygons
2026-08-20 11:01:39 +0000: Memory Usage (133376K) : metal1_text has 8 polygons
2026-08-20 11:01:39 +0000: Memory Usage (133504K) : metal1_OPC has 0 polygons
2026-08-20 11:01:39 +0000: Memory Usage (133504K) : metal1_noqrc has 0 polygons
2026-08-20 11:01:39 +0000: Memory Usage (133632K) : metal1_res has 0 polygons
2026-08-20 11:01:39 +0000: Memory Usage (133632K) : metal1_iprobe has 0 polygons
2026-08-20 11:01:39 +0000: Memory Usage (133632K) : metal1_diffprb has 0 polygons
2026-08-20 11:01:39 +0000: Memory Usage (133760K) : passiv_drw has 2 polygons
2026-08-20 11:01:39 +0000: Memory Usage (133760K) : passiv_pin has 0 polygons
2026-08-20 11:01:39 +0000: Memory Usage (133760K) : passiv_sbump has 0 polygons
2026-08-20 11:01:39 +0000: Memory Usage (133888K) : passiv_pillar has 0 polygons
2026-08-20 11:01:39 +0000: Memory Usage (133888K) : passiv_pdl has 0 polygons
2026-08-20 11:01:39 +0000: Memory Usage (133888K) : metal2_drw has 32 polygons
2026-08-20 11:01:39 +0000: Memory Usage (134016K) : metal2_filler has 0 polygons
2026-08-20 11:01:39 +0000: Memory Usage (134016K) : metal2_slit has 0 polygons
2026-08-20 11:01:39 +0000: Memory Usage (134016K) : metal2 has 32 polygons
2026-08-20 11:01:39 +0000: Memory Usage (134016K) : metal2_pin has 8 polygons
2026-08-20 11:01:39 +0000: Memory Usage (134144K) : metal2_mask has 0 polygons
2026-08-20 11:01:39 +0000: Memory Usage (134144K) : metal2_nofill has 0 polygons
2026-08-20 11:01:39 +0000: Memory Usage (134144K) : metal2_text has 8 polygons
2026-08-20 11:01:39 +0000: Memory Usage (134272K) : metal2_OPC has 0 polygons
2026-08-20 11:01:39 +0000: Memory Usage (134272K) : metal2_noqrc has 0 polygons
2026-08-20 11:01:39 +0000: Memory Usage (134272K) : metal2_res has 0 polygons
2026-08-20 11:01:39 +0000: Memory Usage (134272K) : metal2_iprobe has 0 polygons
2026-08-20 11:01:39 +0000: Memory Usage (134400K) : metal2_diffprb has 0 polygons
2026-08-20 11:01:39 +0000: Memory Usage (134400K) : baspoly_drw has 0 polygons
2026-08-20 11:01:39 +0000: Memory Usage (134400K) : baspoly_pin has 0 polygons
2026-08-20 11:01:39 +0000: Memory Usage (134400K) : psd_drw has 18 polygons
2026-08-20 11:01:39 +0000: Memory Usage (134528K) : nldb_drw has 0 polygons
2026-08-20 11:01:39 +0000: Memory Usage (134528K) : digibnd_drw has 0 polygons
2026-08-20 11:01:39 +0000: Memory Usage (134528K) : via1_drw has 904 polygons
2026-08-20 11:01:39 +0000: Memory Usage (134528K) : backmetal1_drw has 0 polygons
2026-08-20 11:01:39 +0000: Memory Usage (134656K) : backmetal1_pin has 0 polygons
2026-08-20 11:01:39 +0000: Memory Usage (134656K) : backmetal1_mask has 0 polygons
2026-08-20 11:01:39 +0000: Memory Usage (134656K) : backmetal1_filler has 0 polygons
2026-08-20 11:01:39 +0000: Memory Usage (134656K) : backmetal1_nofill has 0 polygons
2026-08-20 11:01:39 +0000: Memory Usage (134784K) : backmetal1_slit has 0 polygons
2026-08-20 11:01:39 +0000: Memory Usage (134784K) : backmetal1_text has 0 polygons
2026-08-20 11:01:39 +0000: Memory Usage (134784K) : backmetal1_OPC has 0 polygons
2026-08-20 11:01:39 +0000: Memory Usage (134784K) : backmetal1_noqrc has 0 polygons
2026-08-20 11:01:39 +0000: Memory Usage (134912K) : backmetal1_res has 0 polygons
2026-08-20 11:01:39 +0000: Memory Usage (134912K) : backmetal1_iprobe has 0 polygons
2026-08-20 11:01:39 +0000: Memory Usage (134912K) : backmetal1_diffprb has 0 polygons
2026-08-20 11:01:39 +0000: Memory Usage (134912K) : backpassiv_drw has 0 polygons
2026-08-20 11:01:39 +0000: Memory Usage (135040K) : res_drw has 2 polygons
2026-08-20 11:01:39 +0000: Memory Usage (135040K) : sram_drw has 0 polygons
2026-08-20 11:01:39 +0000: Memory Usage (135040K) : trans_drw has 0 polygons
2026-08-20 11:01:39 +0000: Memory Usage (135040K) : ind_drw has 0 polygons
2026-08-20 11:01:39 +0000: Memory Usage (135168K) : ind_pin has 0 polygons
2026-08-20 11:01:39 +0000: Memory Usage (135168K) : ind_text has 0 polygons
2026-08-20 11:01:39 +0000: Memory Usage (135168K) : salblock_drw has 2 polygons
2026-08-20 11:01:39 +0000: Memory Usage (135168K) : via2_drw has 52 polygons
2026-08-20 11:01:39 +0000: Memory Usage (135296K) : metal3_drw has 20 polygons
2026-08-20 11:01:39 +0000: Memory Usage (135296K) : metal3_filler has 0 polygons
2026-08-20 11:01:39 +0000: Memory Usage (135296K) : metal3_slit has 0 polygons
2026-08-20 11:01:39 +0000: Memory Usage (135296K) : metal3 has 20 polygons
2026-08-20 11:01:39 +0000: Memory Usage (135296K) : metal3_pin has 0 polygons
2026-08-20 11:01:39 +0000: Memory Usage (135296K) : metal3_mask has 0 polygons
2026-08-20 11:01:39 +0000: Memory Usage (135296K) : metal3_nofill has 0 polygons
2026-08-20 11:01:39 +0000: Memory Usage (135296K) : metal3_text has 0 polygons
2026-08-20 11:01:39 +0000: Memory Usage (135296K) : metal3_OPC has 0 polygons
2026-08-20 11:01:39 +0000: Memory Usage (135296K) : metal3_noqrc has 0 polygons
2026-08-20 11:01:39 +0000: Memory Usage (135296K) : metal3_res has 0 polygons
2026-08-20 11:01:39 +0000: Memory Usage (135296K) : metal3_iprobe has 0 polygons
2026-08-20 11:01:39 +0000: Memory Usage (135296K) : metal3_diffprb has 0 polygons
2026-08-20 11:01:39 +0000: Memory Usage (135296K) : nwell_drw has 10 polygons
2026-08-20 11:01:39 +0000: Memory Usage (135424K) : nwell_pin has 0 polygons
2026-08-20 11:01:39 +0000: Memory Usage (135424K) : nwell_text has 0 polygons
2026-08-20 11:01:39 +0000: Memory Usage (135424K) : nbulay_drw has 0 polygons
2026-08-20 11:01:39 +0000: Memory Usage (135424K) : nbulay_pin has 0 polygons
2026-08-20 11:01:39 +0000: Memory Usage (135424K) : nbulay_block has 0 polygons
2026-08-20 11:01:39 +0000: Memory Usage (135424K) : emwind_drw has 0 polygons
2026-08-20 11:01:39 +0000: Memory Usage (135552K) : emwind_OPC has 0 polygons
2026-08-20 11:01:39 +0000: Memory Usage (135552K) : deepco_drw has 0 polygons
2026-08-20 11:01:39 +0000: Memory Usage (135552K) : mim_drw has 1 polygons
2026-08-20 11:01:39 +0000: Memory Usage (135552K) : edgeseal_drw has 0 polygons
2026-08-20 11:01:39 +0000: Memory Usage (135552K) : substrate_drw has 0 polygons
2026-08-20 11:01:39 +0000: Memory Usage (135552K) : substrate_text has 0 polygons
2026-08-20 11:01:39 +0000: Memory Usage (135680K) : dfpad_drw has 2 polygons
2026-08-20 11:01:39 +0000: Memory Usage (135680K) : dfpad_pillar has 0 polygons
2026-08-20 11:01:39 +0000: Memory Usage (135680K) : dfpad_sbump has 0 polygons
2026-08-20 11:01:39 +0000: Memory Usage (135680K) : thickgateox_drw has 0 polygons
2026-08-20 11:01:39 +0000: Memory Usage (135680K) : pldb_drw has 0 polygons
2026-08-20 11:01:39 +0000: Memory Usage (135808K) : pwell_drw has 0 polygons
2026-08-20 11:01:39 +0000: Memory Usage (135808K) : pwell_pin has 0 polygons
2026-08-20 11:01:39 +0000: Memory Usage (135808K) : pwell_block has 0 polygons
2026-08-20 11:01:39 +0000: Memory Usage (135808K) : ic_drw has 0 polygons
2026-08-20 11:01:39 +0000: Memory Usage (135808K) : via3_drw has 1024 polygons
2026-08-20 11:01:39 +0000: Memory Usage (135808K) : metal4_drw has 23 polygons
2026-08-20 11:01:39 +0000: Memory Usage (135936K) : metal4_filler has 0 polygons
2026-08-20 11:01:39 +0000: Memory Usage (135936K) : metal4_slit has 0 polygons
2026-08-20 11:01:39 +0000: Memory Usage (135936K) : metal4 has 23 polygons
2026-08-20 11:01:39 +0000: Memory Usage (135936K) : metal4_pin has 0 polygons
2026-08-20 11:01:39 +0000: Memory Usage (135936K) : metal4_mask has 0 polygons
2026-08-20 11:01:39 +0000: Memory Usage (136064K) : metal4_nofill has 0 polygons
2026-08-20 11:01:39 +0000: Memory Usage (136064K) : metal4_text has 4 polygons
2026-08-20 11:01:39 +0000: Memory Usage (136064K) : metal4_OPC has 0 polygons
2026-08-20 11:01:39 +0000: Memory Usage (136064K) : metal4_noqrc has 0 polygons
2026-08-20 11:01:39 +0000: Memory Usage (136064K) : metal4_res has 0 polygons
2026-08-20 11:01:39 +0000: Memory Usage (136064K) : metal4_iprobe has 0 polygons
2026-08-20 11:01:39 +0000: Memory Usage (136064K) : metal4_diffprb has 0 polygons
2026-08-20 11:01:39 +0000: Memory Usage (136192K) : heattrans_drw has 0 polygons
2026-08-20 11:01:39 +0000: Memory Usage (136192K) : heatres_drw has 4 polygons
2026-08-20 11:01:39 +0000: Memory Usage (136192K) : fbe_drw has 0 polygons
2026-08-20 11:01:39 +0000: Memory Usage (136192K) : empoly_drw has 0 polygons
2026-08-20 11:01:39 +0000: Memory Usage (136192K) : digisub_drw has 0 polygons
2026-08-20 11:01:39 +0000: Memory Usage (136192K) : text_drw has 22 polygons
2026-08-20 11:01:39 +0000: Memory Usage (136320K) : via4_drw has 1020 polygons
2026-08-20 11:01:39 +0000: Memory Usage (136320K) : metal5_drw has 50 polygons
2026-08-20 11:01:39 +0000: Memory Usage (136320K) : metal5_filler has 0 polygons
2026-08-20 11:01:39 +0000: Memory Usage (136320K) : metal5_slit has 0 polygons
2026-08-20 11:01:39 +0000: Memory Usage (136320K) : metal5 has 50 polygons
2026-08-20 11:01:39 +0000: Memory Usage (136320K) : metal5_pin has 0 polygons
2026-08-20 11:01:39 +0000: Memory Usage (136448K) : metal5_mask has 0 polygons
2026-08-20 11:01:39 +0000: Memory Usage (136448K) : metal5_nofill has 0 polygons
2026-08-20 11:01:39 +0000: Memory Usage (136448K) : metal5_text has 0 polygons
2026-08-20 11:01:39 +0000: Memory Usage (136448K) : metal5_OPC has 0 polygons
2026-08-20 11:01:39 +0000: Memory Usage (136448K) : metal5_noqrc has 0 polygons
2026-08-20 11:01:39 +0000: Memory Usage (136448K) : metal5_res has 0 polygons
2026-08-20 11:01:39 +0000: Memory Usage (136576K) : metal5_iprobe has 0 polygons
2026-08-20 11:01:39 +0000: Memory Usage (136576K) : metal5_diffprb has 0 polygons
2026-08-20 11:01:39 +0000: Memory Usage (136576K) : radhard_drw has 0 polygons
2026-08-20 11:01:39 +0000: Memory Usage (136576K) : memcap_drw has 0 polygons
2026-08-20 11:01:39 +0000: Memory Usage (136704K) : varicap_drw has 0 polygons
2026-08-20 11:01:39 +0000: Memory Usage (136704K) : intbondvia_drw has 0 polygons
2026-08-20 11:01:39 +0000: Memory Usage (136704K) : intbondmet_drw has 0 polygons
2026-08-20 11:01:39 +0000: Memory Usage (136704K) : devbondvia_drw has 0 polygons
2026-08-20 11:01:39 +0000: Memory Usage (136832K) : devbondmet_drw has 0 polygons
2026-08-20 11:01:39 +0000: Memory Usage (136832K) : devtrench_drw has 0 polygons
2026-08-20 11:01:39 +0000: Memory Usage (136832K) : redist_drw has 0 polygons
2026-08-20 11:01:39 +0000: Memory Usage (136832K) : graphbot_drw has 0 polygons
2026-08-20 11:01:39 +0000: Memory Usage (136960K) : graphtop_drw has 0 polygons
2026-08-20 11:01:39 +0000: Memory Usage (136960K) : antvia1_drw has 0 polygons
2026-08-20 11:01:39 +0000: Memory Usage (136960K) : antmetal2_drw has 0 polygons
2026-08-20 11:01:39 +0000: Memory Usage (136960K) : graphcont_drw has 0 polygons
2026-08-20 11:01:39 +0000: Memory Usage (136960K) : siwg_drw has 0 polygons
2026-08-20 11:01:39 +0000: Memory Usage (136960K) : siwg_filler has 0 polygons
2026-08-20 11:01:39 +0000: Memory Usage (137088K) : siwg_nofill has 0 polygons
2026-08-20 11:01:39 +0000: Memory Usage (137088K) : sigrating_drw has 0 polygons
2026-08-20 11:01:39 +0000: Memory Usage (137088K) : singrating_drw has 0 polygons
2026-08-20 11:01:39 +0000: Memory Usage (137088K) : graphpas_drw has 0 polygons
2026-08-20 11:01:39 +0000: Memory Usage (137088K) : emwind3_drw has 0 polygons
2026-08-20 11:01:39 +0000: Memory Usage (137088K) : emwihv3_drw has 0 polygons
2026-08-20 11:01:39 +0000: Memory Usage (137216K) : redbulay_drw has 0 polygons
2026-08-20 11:01:39 +0000: Memory Usage (137216K) : smos_drw has 0 polygons
2026-08-20 11:01:39 +0000: Memory Usage (137216K) : graphpad_drw has 0 polygons
2026-08-20 11:01:39 +0000: Memory Usage (137216K) : polimide_drw has 0 polygons
2026-08-20 11:01:39 +0000: Memory Usage (137216K) : polimide_pin has 0 polygons
2026-08-20 11:01:39 +0000: Memory Usage (137344K) : recog_drw has 0 polygons
2026-08-20 11:01:39 +0000: Memory Usage (137344K) : recog_pin has 0 polygons
2026-08-20 11:01:39 +0000: Memory Usage (137344K) : recog_esd has 4 polygons
2026-08-20 11:01:39 +0000: Memory Usage (137344K) : recog_diode has 0 polygons
2026-08-20 11:01:39 +0000: Memory Usage (137472K) : recog_tsv has 0 polygons
2026-08-20 11:01:39 +0000: Memory Usage (137472K) : recog_iprobe has 0 polygons
2026-08-20 11:01:39 +0000: Memory Usage (137472K) : recog_diffprb has 0 polygons
2026-08-20 11:01:39 +0000: Memory Usage (137472K) : recog_pillar has 0 polygons
2026-08-20 11:01:39 +0000: Memory Usage (137472K) : recog_sbump has 0 polygons
2026-08-20 11:01:39 +0000: Memory Usage (137600K) : recog_otp has 0 polygons
2026-08-20 11:01:39 +0000: Memory Usage (137600K) : recog_pdiode has 0 polygons
2026-08-20 11:01:39 +0000: Memory Usage (137600K) : recog_mom has 0 polygons
2026-08-20 11:01:39 +0000: Memory Usage (137600K) : recog_momf has 0 polygons
2026-08-20 11:01:39 +0000: Memory Usage (137728K) : recog_pcm has 0 polygons
2026-08-20 11:01:39 +0000: Memory Usage (137728K) : colopen_drw has 0 polygons
2026-08-20 11:01:39 +0000: Memory Usage (137728K) : graphmetal1_drw has 0 polygons
2026-08-20 11:01:39 +0000: Memory Usage (137728K) : graphmetal1_filler has 0 polygons
2026-08-20 11:01:39 +0000: Memory Usage (137856K) : graphmetal1_nofill has 0 polygons
2026-08-20 11:01:39 +0000: Memory Usage (137856K) : graphmetal1_slit has 0 polygons
2026-08-20 11:01:39 +0000: Memory Usage (137856K) : graphmetal1_OPC has 0 polygons
2026-08-20 11:01:39 +0000: Memory Usage (137856K) : graphmet1l_drw has 0 polygons
2026-08-20 11:01:39 +0000: Memory Usage (137984K) : graphmet1l_filler has 0 polygons
2026-08-20 11:01:39 +0000: Memory Usage (137984K) : graphmet1l_nofill has 0 polygons
2026-08-20 11:01:39 +0000: Memory Usage (137984K) : graphmet1l_slit has 0 polygons
2026-08-20 11:01:39 +0000: Memory Usage (137984K) : graphmet1l_OPC has 0 polygons
2026-08-20 11:01:39 +0000: Memory Usage (138112K) : extblock_drw has 12 polygons
2026-08-20 11:01:39 +0000: Memory Usage (138112K) : nldd_drw has 0 polygons
2026-08-20 11:01:39 +0000: Memory Usage (138112K) : pldd_drw has 0 polygons
2026-08-20 11:01:39 +0000: Memory Usage (138112K) : next_drw has 0 polygons
2026-08-20 11:01:39 +0000: Memory Usage (138112K) : pext_drw has 0 polygons
2026-08-20 11:01:39 +0000: Memory Usage (138112K) : nexthv_drw has 0 polygons
2026-08-20 11:01:39 +0000: Memory Usage (138240K) : pexthv_drw has 0 polygons
2026-08-20 11:01:39 +0000: Memory Usage (138240K) : graphgate_drw has 0 polygons
2026-08-20 11:01:39 +0000: Memory Usage (138240K) : sinwg_drw has 0 polygons
2026-08-20 11:01:39 +0000: Memory Usage (138240K) : sinwg_filler has 0 polygons
2026-08-20 11:01:39 +0000: Memory Usage (138240K) : sinwg_nofill has 0 polygons
2026-08-20 11:01:39 +0000: Memory Usage (138368K) : mempad_drw has 0 polygons
2026-08-20 11:01:39 +0000: Memory Usage (138368K) : topvia1_drw has 480 polygons
2026-08-20 11:01:39 +0000: Memory Usage (138368K) : topmetal1_drw has 17 polygons
2026-08-20 11:01:39 +0000: Memory Usage (138368K) : topmetal1_filler has 0 polygons
2026-08-20 11:01:39 +0000: Memory Usage (138368K) : topmetal1_slit has 0 polygons
2026-08-20 11:01:39 +0000: Memory Usage (138368K) : topmetal1 has 17 polygons
2026-08-20 11:01:39 +0000: Memory Usage (138496K) : topmetal1_pin has 0 polygons
2026-08-20 11:01:39 +0000: Memory Usage (138496K) : topmetal1_mask has 0 polygons
2026-08-20 11:01:39 +0000: Memory Usage (138496K) : topmetal1_nofill has 0 polygons
2026-08-20 11:01:39 +0000: Memory Usage (138496K) : topmetal1_text has 0 polygons
2026-08-20 11:01:39 +0000: Memory Usage (138624K) : topmetal1_noqrc has 0 polygons
2026-08-20 11:01:39 +0000: Memory Usage (138624K) : topmetal1_res has 0 polygons
2026-08-20 11:01:39 +0000: Memory Usage (138624K) : topmetal1_iprobe has 0 polygons
2026-08-20 11:01:39 +0000: Memory Usage (138624K) : topmetal1_diffprb has 0 polygons
2026-08-20 11:01:39 +0000: Memory Usage (138624K) : inldpwl_drw has 0 polygons
2026-08-20 11:01:39 +0000: Memory Usage (138752K) : polyres_drw has 4 polygons
2026-08-20 11:01:39 +0000: Memory Usage (138752K) : polyres_pin has 0 polygons
2026-08-20 11:01:39 +0000: Memory Usage (138752K) : vmim_drw has 225 polygons
2026-08-20 11:01:39 +0000: Memory Usage (138752K) : nbulaycut_drw has 0 polygons
2026-08-20 11:01:39 +0000: Memory Usage (138880K) : antmetal1_drw has 0 polygons
2026-08-20 11:01:39 +0000: Memory Usage (138880K) : topvia2_drw has 201 polygons
2026-08-20 11:01:39 +0000: Memory Usage (139008K) : topmetal2_drw has 15 polygons
2026-08-20 11:01:39 +0000: Memory Usage (139008K) : topmetal2_filler has 0 polygons
2026-08-20 11:01:39 +0000: Memory Usage (139008K) : topmetal2_slit has 0 polygons
2026-08-20 11:01:39 +0000: Memory Usage (139136K) : topmetal2 has 15 polygons
2026-08-20 11:01:39 +0000: Memory Usage (139136K) : topmetal2_pin has 0 polygons
2026-08-20 11:01:39 +0000: Memory Usage (139136K) : topmetal2_mask has 0 polygons
2026-08-20 11:01:39 +0000: Memory Usage (139136K) : topmetal2_nofill has 0 polygons
2026-08-20 11:01:39 +0000: Memory Usage (139136K) : topmetal2_text has 4 polygons
2026-08-20 11:01:39 +0000: Memory Usage (139264K) : topmetal2_noqrc has 0 polygons
2026-08-20 11:01:39 +0000: Memory Usage (139264K) : topmetal2_res has 0 polygons
2026-08-20 11:01:39 +0000: Memory Usage (139264K) : topmetal2_iprobe has 0 polygons
2026-08-20 11:01:39 +0000: Memory Usage (139392K) : topmetal2_diffprb has 0 polygons
2026-08-20 11:01:39 +0000: Memory Usage (139392K) : snsring_drw has 0 polygons
2026-08-20 11:01:39 +0000: Memory Usage (139392K) : sensor_drw has 0 polygons
2026-08-20 11:01:39 +0000: Memory Usage (139392K) : snsarms_drw has 0 polygons
2026-08-20 11:01:39 +0000: Memory Usage (139520K) : snscmosvia_drw has 0 polygons
2026-08-20 11:01:39 +0000: Memory Usage (139520K) : colwind_drw has 0 polygons
2026-08-20 11:01:39 +0000: Memory Usage (139520K) : flm_drw has 0 polygons
2026-08-20 11:01:39 +0000: Memory Usage (139648K) : hafniumox_drw has 0 polygons
2026-08-20 11:01:39 +0000: Memory Usage (139648K) : memvia_drw has 0 polygons
2026-08-20 11:01:39 +0000: Memory Usage (139776K) : thinfilmres_drw has 0 polygons
2026-08-20 11:01:39 +0000: Memory Usage (139776K) : rfmem_drw has 0 polygons
2026-08-20 11:01:39 +0000: Memory Usage (139776K) : norcx_drw has 0 polygons
2026-08-20 11:01:39 +0000: Memory Usage (139776K) : norcx_m2m3 has 0 polygons
2026-08-20 11:01:39 +0000: Memory Usage (139776K) : norcx_m2m4 has 0 polygons
2026-08-20 11:01:39 +0000: Memory Usage (139776K) : norcx_m2m5 has 0 polygons
2026-08-20 11:01:39 +0000: Memory Usage (139776K) : norcx_m2tm1 has 0 polygons
2026-08-20 11:01:39 +0000: Memory Usage (139776K) : norcx_m2tm2 has 0 polygons
2026-08-20 11:01:39 +0000: Memory Usage (139776K) : norcx_m3m4 has 0 polygons
2026-08-20 11:01:39 +0000: Memory Usage (139776K) : norcx_m3m5 has 0 polygons
2026-08-20 11:01:39 +0000: Memory Usage (139776K) : norcx_m3tm1 has 0 polygons
2026-08-20 11:01:39 +0000: Memory Usage (139776K) : norcx_m3tm2 has 0 polygons
2026-08-20 11:01:39 +0000: Memory Usage (139776K) : norcx_m4m5 has 0 polygons
2026-08-20 11:01:39 +0000: Memory Usage (139776K) : norcx_m4tm1 has 0 polygons
2026-08-20 11:01:39 +0000: Memory Usage (139776K) : norcx_m4tm2 has 0 polygons
2026-08-20 11:01:39 +0000: Memory Usage (139776K) : norcx_m5tm1 has 0 polygons
2026-08-20 11:01:39 +0000: Memory Usage (139776K) : norcx_m5tm2 has 0 polygons
2026-08-20 11:01:39 +0000: Memory Usage (139776K) : norcx_tm1tm2 has 0 polygons
2026-08-20 11:01:39 +0000: Memory Usage (139776K) : norcx_m1sub has 0 polygons
2026-08-20 11:01:39 +0000: Memory Usage (139776K) : norcx_m2sub has 0 polygons
2026-08-20 11:01:39 +0000: Memory Usage (139776K) : norcx_m3sub has 0 polygons
2026-08-20 11:01:39 +0000: Memory Usage (139776K) : norcx_m4sub has 0 polygons
2026-08-20 11:01:39 +0000: Memory Usage (139776K) : norcx_m5sub has 0 polygons
2026-08-20 11:01:39 +0000: Memory Usage (139776K) : norcx_tm1sub has 0 polygons
2026-08-20 11:01:39 +0000: Memory Usage (139776K) : norcx_tm2sub has 0 polygons
2026-08-20 11:01:39 +0000: Memory Usage (139776K) : snsbotvia_drw has 0 polygons
2026-08-20 11:01:39 +0000: Memory Usage (139776K) : snstopvia_drw has 0 polygons
2026-08-20 11:01:39 +0000: Memory Usage (139776K) : deepvia_drw has 0 polygons
2026-08-20 11:01:39 +0000: Memory Usage (139776K) : fgetch_drw has 0 polygons
2026-08-20 11:01:39 +0000: Memory Usage (139776K) : ctrgat_drw has 0 polygons
2026-08-20 11:01:39 +0000: Memory Usage (139776K) : fgimp_drw has 0 polygons
2026-08-20 11:01:39 +0000: Memory Usage (139776K) : emwihv_drw has 0 polygons
2026-08-20 11:01:39 +0000: Memory Usage (139776K) : lbe_drw has 0 polygons
2026-08-20 11:01:39 +0000: Memory Usage (139776K) : alcustop_drw has 0 polygons
2026-08-20 11:01:39 +0000: Memory Usage (139776K) : nometfiller_drw has 0 polygons
2026-08-20 11:01:39 +0000: Memory Usage (139776K) : prboundary_drw has 0 polygons
2026-08-20 11:01:39 +0000: Memory Usage (139776K) : exchange0_drw has 0 polygons
2026-08-20 11:01:39 +0000: Memory Usage (139776K) : exchange0_pin has 0 polygons
2026-08-20 11:01:39 +0000: Memory Usage (139776K) : exchange0_text has 0 polygons
2026-08-20 11:01:39 +0000: Memory Usage (139776K) : exchange1_drw has 0 polygons
2026-08-20 11:01:39 +0000: Memory Usage (139776K) : exchange1_pin has 0 polygons
2026-08-20 11:01:39 +0000: Memory Usage (139776K) : exchange1_text has 0 polygons
2026-08-20 11:01:39 +0000: Memory Usage (139776K) : exchange2_drw has 0 polygons
2026-08-20 11:01:39 +0000: Memory Usage (139776K) : exchange2_pin has 0 polygons
2026-08-20 11:01:39 +0000: Memory Usage (139776K) : exchange2_text has 0 polygons
2026-08-20 11:01:39 +0000: Memory Usage (139776K) : exchange3_drw has 0 polygons
2026-08-20 11:01:39 +0000: Memory Usage (139776K) : exchange3_pin has 0 polygons
2026-08-20 11:01:39 +0000: Memory Usage (139776K) : exchange3_text has 0 polygons
2026-08-20 11:01:39 +0000: Memory Usage (139776K) : exchange4_drw has 0 polygons
2026-08-20 11:01:39 +0000: Memory Usage (139776K) : exchange4_pin has 0 polygons
2026-08-20 11:01:39 +0000: Memory Usage (139776K) : exchange4_text has 0 polygons
2026-08-20 11:01:39 +0000: Memory Usage (139776K) : isonwell_drw has 0 polygons
2026-08-20 11:01:39 +0000: Memory Usage (139776K) : Total no. of polygons in the design is 8602
2026-08-20 11:01:39 +0000: Memory Usage (139776K) : Starting base layers derivations
2026-08-20 11:01:39 +0000: Memory Usage (139776K) : Starting general LVS derivations
2026-08-20 11:01:39 +0000: Memory Usage (143388K) : Starting MOSFET DERIVATIONS
2026-08-20 11:01:39 +0000: Memory Usage (143900K) : Starting NMOS DERIVATIONS
2026-08-20 11:01:39 +0000: Memory Usage (143900K) : Starting PMOS DERIVATIONS
2026-08-20 11:01:39 +0000: Memory Usage (143900K) : Starting RF-MOSFET DERIVATIONS
2026-08-20 11:01:39 +0000: Memory Usage (143900K) : Starting RF-NMOS DERIVATIONS
2026-08-20 11:01:39 +0000: Memory Usage (143900K) : Starting RF-PMOS DERIVATIONS
2026-08-20 11:01:39 +0000: Memory Usage (143900K) : Starting BJT DERIVATIONS
2026-08-20 11:01:39 +0000: Memory Usage (143900K) : Starting NPN-BJT DERIVATIONS
2026-08-20 11:01:39 +0000: Memory Usage (143900K) : Starting PNP-BJT DERIVATIONS
2026-08-20 11:01:39 +0000: Memory Usage (143900K) : Starting DIODE DERIVATIONS
2026-08-20 11:01:39 +0000: Memory Usage (144028K) : Starting RESISTOR DERIVATIONS
2026-08-20 11:01:39 +0000: Memory Usage (144284K) : Starting CAP DERIVATIONS
2026-08-20 11:01:39 +0000: Memory Usage (144412K) : Starting CAP_CMOM DERIVATIONS
2026-08-20 11:01:39 +0000: Memory Usage (144412K) : Starting CAP_CMOMF DERIVATIONS
2026-08-20 11:01:39 +0000: Memory Usage (144412K) : Starting ESD DERIVATIONS
2026-08-20 11:01:40 +0000: Memory Usage (145436K) : Starting Inductor DERIVATIONS
2026-08-20 11:01:40 +0000: Memory Usage (145436K) : Starting Taps DERIVATIONS
2026-08-20 11:01:40 +0000: Memory Usage (145436K) : Starting SG13G2 LVS connectivity setup
2026-08-20 11:01:40 +0000: Memory Usage (145436K) : Starting SG13G2 LVS connectivity setup (Inter-layer)
2026-08-20 11:01:40 +0000: Memory Usage (145564K) : Starting SG13G2 LVS connectivity setup (Global)
2026-08-20 11:01:40 +0000: Memory Usage (145564K) : Starting LVS MOSFET CONNECTIONS
2026-08-20 11:01:40 +0000: Memory Usage (145564K) : Starting LVS RF-MOSFET CONNECTIONS
2026-08-20 11:01:40 +0000: Memory Usage (145564K) : Starting LVS BJT CONNECTIONS
2026-08-20 11:01:40 +0000: Memory Usage (145564K) : Starting LVS DIODE CONNECTIONS
2026-08-20 11:01:40 +0000: Memory Usage (145564K) : Starting RESISTOR CONNECTIONS
2026-08-20 11:01:40 +0000: Memory Usage (145564K) : Starting LVS CAP CONNECTIONS
2026-08-20 11:01:40 +0000: Memory Usage (145564K) : Starting CAP_CMOM CONNECTIONS
2026-08-20 11:01:40 +0000: Memory Usage (145564K) : Starting CAP_CMOMF CONNECTIONS
2026-08-20 11:01:40 +0000: Memory Usage (145564K) : Starting ESD CONNECTIONS
2026-08-20 11:01:40 +0000: Memory Usage (145564K) : Starting Inductor CONNECTIONS
2026-08-20 11:01:40 +0000: Memory Usage (145564K) : Starting LVS Taps CONNECTIONS
2026-08-20 11:01:40 +0000: Memory Usage (145564K) : Starting SG13G2 LVS DEVICES EXTRACTION
2026-08-20 11:01:40 +0000: Memory Usage (145564K) : Starting MOSFET EXTRACTION
2026-08-20 11:01:40 +0000: Memory Usage (145564K) : Starting NMOS EXTRACTION
2026-08-20 11:01:40 +0000: Memory Usage (145564K) : Extraction of NMOS-LV transistor
2026-08-20 11:01:40 +0000: Memory Usage (145564K) : Extraction of NMOS-HV transistor
2026-08-20 11:01:40 +0000: Memory Usage (145564K) : Starting PMOS EXTRACTION
2026-08-20 11:01:40 +0000: Memory Usage (145564K) : Extraction of PMOS-LV transistor
2026-08-20 11:01:40 +0000: Memory Usage (145564K) : Extraction of PMOS-HV transistor
2026-08-20 11:01:40 +0000: Memory Usage (145564K) : Starting RF-MOSFET EXTRACTION
2026-08-20 11:01:40 +0000: Memory Usage (145564K) : Extraction of RF-NMOS-LV transistor
2026-08-20 11:01:40 +0000: Memory Usage (145564K) : Extraction of RF-NMOS-HV transistor
2026-08-20 11:01:40 +0000: Memory Usage (145564K) : Extraction of RF-PMOS-LV transistor
2026-08-20 11:01:40 +0000: Memory Usage (145564K) : Extraction of RF-PMOS-HV transistor
2026-08-20 11:01:40 +0000: Memory Usage (145564K) : Starting BJT EXTRACTION
2026-08-20 11:01:40 +0000: Memory Usage (145564K) : Starting NPN-BJT EXTRACTION
2026-08-20 11:01:40 +0000: Memory Usage (145564K) : Extraction of npn13G2 BJT transistor
2026-08-20 11:01:40 +0000: Memory Usage (145564K) : Extraction of npn13G2L BJT transistor
2026-08-20 11:01:40 +0000: Memory Usage (145564K) : Extraction of npn13G2V BJT transistor
2026-08-20 11:01:40 +0000: Memory Usage (145564K) : Starting PNP-BJT EXTRACTION
2026-08-20 11:01:40 +0000: Memory Usage (145564K) : Extracting pnpMPA BJT
2026-08-20 11:01:40 +0000: Memory Usage (145564K) : Starting DIODE EXTRACTION
2026-08-20 11:01:40 +0000: Memory Usage (145564K) : Extracting dantenna diode
2026-08-20 11:01:40 +0000: Memory Usage (145564K) : Extracting dpantenna diode
2026-08-20 11:01:40 +0000: Memory Usage (145564K) : Extracting schottky_nbl1 diode
2026-08-20 11:01:40 +0000: Memory Usage (145564K) : Extracting isolbox diode
2026-08-20 11:01:40 +0000: Memory Usage (145564K) : Starting RESISTOR EXTRACTION
2026-08-20 11:01:40 +0000: Memory Usage (145564K) : Extracting rsil resistor
2026-08-20 11:01:40 +0000: Memory Usage (145820K) : Extracting rppd resistor
2026-08-20 11:01:40 +0000: Memory Usage (145820K) : Extracting rhigh resistor
2026-08-20 11:01:40 +0000: Memory Usage (145820K) : Extracting res_metal1 resistor
2026-08-20 11:01:40 +0000: Memory Usage (145948K) : Extracting res_metal2 resistor
2026-08-20 11:01:40 +0000: Memory Usage (145948K) : Extracting res_metal3 resistor
2026-08-20 11:01:40 +0000: Memory Usage (145948K) : Extracting res_metal4 resistor
2026-08-20 11:01:40 +0000: Memory Usage (145948K) : Extracting res_metal5 resistor
2026-08-20 11:01:40 +0000: Memory Usage (145948K) : Extracting res_topmetal1 resistor
2026-08-20 11:01:40 +0000: Memory Usage (145948K) : Extracting res_topmetal2 resistor
2026-08-20 11:01:40 +0000: Memory Usage (145948K) : Starting CAP EXTRACTION
2026-08-20 11:01:40 +0000: Memory Usage (145948K) : Extracting cap_cmim device
2026-08-20 11:01:40 +0000: Memory Usage (145948K) : Extracting rfcmim device
2026-08-20 11:01:40 +0000: Memory Usage (145948K) : Extracting sg13_hv_svaricap varactor
2026-08-20 11:01:40 +0000: Memory Usage (145948K) : Extracting cap_cmomi device
2026-08-20 11:01:40 +0000: Memory Usage (145948K) : Extracting cap_cmomf device
2026-08-20 11:01:40 +0000: Memory Usage (145948K) : Extracting sg13_moscap_n capacitor
2026-08-20 11:01:40 +0000: Memory Usage (145948K) : Extracting sg13_moscap_p capacitor
2026-08-20 11:01:40 +0000: Memory Usage (145948K) : Starting ESD EXTRACTION
2026-08-20 11:01:40 +0000: Memory Usage (145948K) : Extracting diodevdd_2kv ESD device
2026-08-20 11:01:40 +0000: Memory Usage (145948K) : Extracting diodevdd_4kv ESD device
2026-08-20 11:01:40 +0000: Memory Usage (145948K) : Extracting diodevss_2kv ESD device
2026-08-20 11:01:40 +0000: Memory Usage (145948K) : Extracting diodevss_4kv ESD device
2026-08-20 11:01:40 +0000: Memory Usage (145948K) : Extracting idiodevdd_2kv ESD device
2026-08-20 11:01:40 +0000: Memory Usage (145948K) : Extracting idiodevdd_4kv ESD device
2026-08-20 11:01:40 +0000: Memory Usage (145948K) : Extracting idiodevss_2kv ESD device
2026-08-20 11:01:40 +0000: Memory Usage (145948K) : Extracting idiodevss_4kv ESD device
2026-08-20 11:01:40 +0000: Memory Usage (145948K) : Extracting nmoscl_2 ESD device
2026-08-20 11:01:40 +0000: Memory Usage (145948K) : Extracting nmoscl_4 ESD device
2026-08-20 11:01:40 +0000: Memory Usage (145948K) : Starting Inductor EXTRACTION
2026-08-20 11:01:40 +0000: Memory Usage (145948K) : Extracting Inductor2 device
2026-08-20 11:01:40 +0000: Memory Usage (145948K) : Extracting Inductor3 device
2026-08-20 11:01:40 +0000: Memory Usage (145948K) : Starting Taps EXTRACTION
2026-08-20 11:01:40 +0000: Memory Usage (145948K) : DISABLE_TAP_EXTRACTION is enabled: skipping ntap1/ptap1 device extraction.
2026-08-20 11:01:40 +0000: Memory Usage (145948K) : Starting SG13G2 LVS RF MOS Model Mapping
2026-08-20 11:01:40 +0000: Memory Usage (145948K) : [layout_netlist] Apply RF MOS model mapping and rfmode parameter.
2026-08-20 11:01:40 +0000: Memory Usage (145948K) : Starting SG13G2 LVS Options Preparations
2026-08-20 11:01:40 +0000: Memory Usage (145948K) : SG13G2 LVS flow: extraction -> alignment -> option preparation -> comparison.
2026-08-20 11:01:40 +0000: Memory Usage (145948K) : Starting SG13G2 LVS Alignment
2026-08-20 11:01:40 +0000: Memory Usage (145948K) : Starting SG13G2 LVS Simplification
2026-08-20 11:01:40 +0000: Memory Usage (145948K) : [layout_netlist] simplify: ENABLED
2026-08-20 11:01:40 +0000: Memory Usage (145948K) : [layout_netlist] make_top_level_pins: SKIPPED
2026-08-20 11:01:40 +0000: Memory Usage (145948K) : [layout_netlist] combine_devices: SKIPPED
2026-08-20 11:01:40 +0000: Memory Usage (145948K) : [layout_netlist] purge: SKIPPED
2026-08-20 11:01:40 +0000: Memory Usage (145948K) : [layout_netlist] purge_nets: SKIPPED
2026-08-20 11:01:40 +0000: Memory Usage (145948K) : [schematic_netlist] simplify: ENABLED
2026-08-20 11:01:40 +0000: Memory Usage (145948K) : [schematic_netlist] make_top_level_pins: SKIPPED
2026-08-20 11:01:40 +0000: Memory Usage (145948K) : [schematic_netlist] combine_devices: SKIPPED
2026-08-20 11:01:40 +0000: Memory Usage (145948K) : [schematic_netlist] purge: SKIPPED
2026-08-20 11:01:40 +0000: Memory Usage (145948K) : [schematic_netlist] purge_nets: SKIPPED
2026-08-20 11:01:40 +0000: Memory Usage (145948K) : Starting SG13G2 LVS Comparison
2026-08-20 11:01:40 +0000: Memory Usage (145948K) : xxxxxxxxxxxxxxxxxxxxxxxxxxxxxxxxxxxxxxxxxx
2026-08-20 11:01:40 +0000: Memory Usage (145948K) : ERROR : Netlists don't match
2026-08-20 11:01:40 +0000: Memory Usage (145948K) : xxxxxxxxxxxxxxxxxxxxxxxxxxxxxxxxxxxxxxxxxx
2026-08-20 11:01:40 +0000: Memory Usage (145948K) : LVS Total Run time 1.214270 seconds
2026-08-20 14:27:24 +0000: Memory Usage (129056K) : Starting running SG13G2 Klayout LVS runset on /workspace/layout/blocks/out/term_stage/_bisect/plus_divider.gds
2026-08-20 14:27:24 +0000: Memory Usage (129056K) : Ruby Version for klayout: 3.2.3
2026-08-20 14:27:24 +0000: Memory Usage (130140K) : Loading database to memory is complete.
2026-08-20 14:27:24 +0000: Memory Usage (130140K) : SG13G2 Klayout LVS runset output at: /workspace/layout/blocks/out/term_stage/_bisect/plus_divider/plus_divider.lvsdb
2026-08-20 14:27:24 +0000: Memory Usage (130140K) : Evaluate switches.
2026-08-20 14:27:24 +0000: Memory Usage (130140K) : Extracted netlist with net names: true
2026-08-20 14:27:24 +0000: Memory Usage (130140K) : Extracted netlist with comments in details: false
2026-08-20 14:27:24 +0000: Memory Usage (130140K) : Selected NET_ONLY option: false
2026-08-20 14:27:24 +0000: Memory Usage (130140K) : Selected LAYOUT_NETLIST option: (none)
2026-08-20 14:27:24 +0000: Memory Usage (130140K) : Selected IGNORE_TOP_PORTS_MISMATCH option: true
2026-08-20 14:27:24 +0000: Memory Usage (130140K) : Selected IMPLICIT_NETS option: sub,sub!
2026-08-20 14:27:24 +0000: Memory Usage (130140K) : Selected TOP_LVL_PINS option: false
2026-08-20 14:27:24 +0000: Memory Usage (130140K) : Selected COMBINE DEVICES option: false
2026-08-20 14:27:24 +0000: Memory Usage (130140K) : Selected PURGE option: false
2026-08-20 14:27:24 +0000: Memory Usage (130140K) : Selected PURGE_NETS option: false
2026-08-20 14:27:24 +0000: Memory Usage (130140K) : Selected SIMPLIFY option: true
2026-08-20 14:27:24 +0000: Memory Usage (130140K) : Selected SERIES_RES option: true
2026-08-20 14:27:24 +0000: Memory Usage (130140K) : Selected PARALLEL_RES option: true
2026-08-20 14:27:24 +0000: Memory Usage (130140K) : Selected DISABLE_TAP_EXTRACTION option: true
2026-08-20 14:27:24 +0000: Memory Usage (130140K) : deep  mode is enabled.
2026-08-20 14:27:24 +0000: Memory Usage (130140K) : Applying implicit connections (case-sensitive, pattern supported) for nets: sub, sub!
2026-08-20 14:27:24 +0000: Memory Usage (131236K) : Netlist file: /workspace/layout/blocks/out/term_stage/_bisect/plus_divider.cdl
2026-08-20 14:27:24 +0000: Memory Usage (131236K) : LVS extracted netlist at: /workspace/layout/blocks/out/term_stage/_bisect/plus_divider/plus_divider_extracted.cir
2026-08-20 14:27:24 +0000: Memory Usage (131236K) : Applying SRAM integration support.
2026-08-20 14:27:24 +0000: Memory Usage (131236K) : Starting SG13G2 LVS runset
2026-08-20 14:27:24 +0000: Memory Usage (131236K) : Read in polygons from layers.
2026-08-20 14:27:24 +0000: Memory Usage (132596K) : activ_drw has 24 polygons
2026-08-20 14:27:24 +0000: Memory Usage (132596K) : activ_filler has 0 polygons
2026-08-20 14:27:24 +0000: Memory Usage (132724K) : activ has 24 polygons
2026-08-20 14:27:24 +0000: Memory Usage (132724K) : activ_pin has 0 polygons
2026-08-20 14:27:24 +0000: Memory Usage (132724K) : activ_mask has 0 polygons
2026-08-20 14:27:24 +0000: Memory Usage (132724K) : activ_nofill has 0 polygons
2026-08-20 14:27:24 +0000: Memory Usage (132724K) : activ_OPC has 0 polygons
2026-08-20 14:27:24 +0000: Memory Usage (132724K) : activ_iOPC has 0 polygons
2026-08-20 14:27:24 +0000: Memory Usage (132724K) : activ_noqrc has 0 polygons
2026-08-20 14:27:24 +0000: Memory Usage (132816K) : biwind_drw has 0 polygons
2026-08-20 14:27:24 +0000: Memory Usage (133328K) : biwind_OPC has 0 polygons
2026-08-20 14:27:24 +0000: Memory Usage (133328K) : gatpoly_drw has 12 polygons
2026-08-20 14:27:24 +0000: Memory Usage (133328K) : gatpoly_filler has 0 polygons
2026-08-20 14:27:24 +0000: Memory Usage (133328K) : gatpoly has 12 polygons
2026-08-20 14:27:24 +0000: Memory Usage (133328K) : gatpoly_pin has 0 polygons
2026-08-20 14:27:24 +0000: Memory Usage (133328K) : gatpoly_nofill has 0 polygons
2026-08-20 14:27:24 +0000: Memory Usage (133328K) : gatpoly_OPC has 0 polygons
2026-08-20 14:27:24 +0000: Memory Usage (133328K) : gatpoly_iOPC has 0 polygons
2026-08-20 14:27:24 +0000: Memory Usage (133328K) : gatpoly_noqrc has 0 polygons
2026-08-20 14:27:24 +0000: Memory Usage (133328K) : cont_drw has 4324 polygons
2026-08-20 14:27:24 +0000: Memory Usage (133328K) : cont_OPC has 0 polygons
2026-08-20 14:27:24 +0000: Memory Usage (133328K) : nsd_drw has 0 polygons
2026-08-20 14:27:24 +0000: Memory Usage (133328K) : nsd_block has 0 polygons
2026-08-20 14:27:24 +0000: Memory Usage (133328K) : metal1_drw has 62 polygons
2026-08-20 14:27:24 +0000: Memory Usage (133328K) : metal1_filler has 0 polygons
2026-08-20 14:27:24 +0000: Memory Usage (133328K) : metal1_slit has 0 polygons
2026-08-20 14:27:24 +0000: Memory Usage (133328K) : metal1 has 62 polygons
2026-08-20 14:27:24 +0000: Memory Usage (133328K) : metal1_pin has 12 polygons
2026-08-20 14:27:24 +0000: Memory Usage (133328K) : metal1_mask has 0 polygons
2026-08-20 14:27:24 +0000: Memory Usage (133328K) : metal1_nofill has 0 polygons
2026-08-20 14:27:24 +0000: Memory Usage (133712K) : metal1_text has 8 polygons
2026-08-20 14:27:24 +0000: Memory Usage (133712K) : metal1_OPC has 0 polygons
2026-08-20 14:27:24 +0000: Memory Usage (133840K) : metal1_noqrc has 0 polygons
2026-08-20 14:27:24 +0000: Memory Usage (133840K) : metal1_res has 0 polygons
2026-08-20 14:27:24 +0000: Memory Usage (133840K) : metal1_iprobe has 0 polygons
2026-08-20 14:27:24 +0000: Memory Usage (133968K) : metal1_diffprb has 0 polygons
2026-08-20 14:27:24 +0000: Memory Usage (133968K) : passiv_drw has 2 polygons
2026-08-20 14:27:24 +0000: Memory Usage (133968K) : passiv_pin has 0 polygons
2026-08-20 14:27:24 +0000: Memory Usage (134096K) : passiv_sbump has 0 polygons
2026-08-20 14:27:24 +0000: Memory Usage (134096K) : passiv_pillar has 0 polygons
2026-08-20 14:27:24 +0000: Memory Usage (134096K) : passiv_pdl has 0 polygons
2026-08-20 14:27:24 +0000: Memory Usage (134224K) : metal2_drw has 57 polygons
2026-08-20 14:27:24 +0000: Memory Usage (134224K) : metal2_filler has 0 polygons
2026-08-20 14:27:24 +0000: Memory Usage (134224K) : metal2_slit has 0 polygons
2026-08-20 14:27:24 +0000: Memory Usage (134352K) : metal2 has 57 polygons
2026-08-20 14:27:24 +0000: Memory Usage (134352K) : metal2_pin has 8 polygons
2026-08-20 14:27:24 +0000: Memory Usage (134352K) : metal2_mask has 0 polygons
2026-08-20 14:27:24 +0000: Memory Usage (134352K) : metal2_nofill has 0 polygons
2026-08-20 14:27:24 +0000: Memory Usage (134480K) : metal2_text has 8 polygons
2026-08-20 14:27:24 +0000: Memory Usage (134480K) : metal2_OPC has 0 polygons
2026-08-20 14:27:24 +0000: Memory Usage (134480K) : metal2_noqrc has 0 polygons
2026-08-20 14:27:24 +0000: Memory Usage (134480K) : metal2_res has 0 polygons
2026-08-20 14:27:24 +0000: Memory Usage (134608K) : metal2_iprobe has 0 polygons
2026-08-20 14:27:24 +0000: Memory Usage (134608K) : metal2_diffprb has 0 polygons
2026-08-20 14:27:24 +0000: Memory Usage (134608K) : baspoly_drw has 0 polygons
2026-08-20 14:27:24 +0000: Memory Usage (134608K) : baspoly_pin has 0 polygons
2026-08-20 14:27:24 +0000: Memory Usage (134736K) : psd_drw has 18 polygons
2026-08-20 14:27:24 +0000: Memory Usage (134736K) : nldb_drw has 0 polygons
2026-08-20 14:27:24 +0000: Memory Usage (134736K) : digibnd_drw has 0 polygons
2026-08-20 14:27:24 +0000: Memory Usage (134736K) : via1_drw has 928 polygons
2026-08-20 14:27:24 +0000: Memory Usage (134864K) : backmetal1_drw has 0 polygons
2026-08-20 14:27:24 +0000: Memory Usage (134864K) : backmetal1_pin has 0 polygons
2026-08-20 14:27:24 +0000: Memory Usage (134864K) : backmetal1_mask has 0 polygons
2026-08-20 14:27:24 +0000: Memory Usage (134864K) : backmetal1_filler has 0 polygons
2026-08-20 14:27:24 +0000: Memory Usage (134992K) : backmetal1_nofill has 0 polygons
2026-08-20 14:27:24 +0000: Memory Usage (134992K) : backmetal1_slit has 0 polygons
2026-08-20 14:27:24 +0000: Memory Usage (134992K) : backmetal1_text has 0 polygons
2026-08-20 14:27:24 +0000: Memory Usage (134992K) : backmetal1_OPC has 0 polygons
2026-08-20 14:27:24 +0000: Memory Usage (135120K) : backmetal1_noqrc has 0 polygons
2026-08-20 14:27:24 +0000: Memory Usage (135120K) : backmetal1_res has 0 polygons
2026-08-20 14:27:24 +0000: Memory Usage (135120K) : backmetal1_iprobe has 0 polygons
2026-08-20 14:27:24 +0000: Memory Usage (135120K) : backmetal1_diffprb has 0 polygons
2026-08-20 14:27:24 +0000: Memory Usage (135248K) : backpassiv_drw has 0 polygons
2026-08-20 14:27:24 +0000: Memory Usage (135248K) : res_drw has 2 polygons
2026-08-20 14:27:24 +0000: Memory Usage (135248K) : sram_drw has 0 polygons
2026-08-20 14:27:24 +0000: Memory Usage (135248K) : trans_drw has 0 polygons
2026-08-20 14:27:24 +0000: Memory Usage (135376K) : ind_drw has 0 polygons
2026-08-20 14:27:24 +0000: Memory Usage (135376K) : ind_pin has 0 polygons
2026-08-20 14:27:24 +0000: Memory Usage (135376K) : ind_text has 0 polygons
2026-08-20 14:27:24 +0000: Memory Usage (135376K) : salblock_drw has 2 polygons
2026-08-20 14:27:24 +0000: Memory Usage (135504K) : via2_drw has 64 polygons
2026-08-20 14:27:24 +0000: Memory Usage (135504K) : metal3_drw has 35 polygons
2026-08-20 14:27:24 +0000: Memory Usage (135504K) : metal3_filler has 0 polygons
2026-08-20 14:27:24 +0000: Memory Usage (135632K) : metal3_slit has 0 polygons
2026-08-20 14:27:24 +0000: Memory Usage (135632K) : metal3 has 35 polygons
2026-08-20 14:27:24 +0000: Memory Usage (135632K) : metal3_pin has 0 polygons
2026-08-20 14:27:24 +0000: Memory Usage (135632K) : metal3_mask has 0 polygons
2026-08-20 14:27:24 +0000: Memory Usage (135632K) : metal3_nofill has 0 polygons
2026-08-20 14:27:24 +0000: Memory Usage (135632K) : metal3_text has 0 polygons
2026-08-20 14:27:24 +0000: Memory Usage (135632K) : metal3_OPC has 0 polygons
2026-08-20 14:27:24 +0000: Memory Usage (135632K) : metal3_noqrc has 0 polygons
2026-08-20 14:27:24 +0000: Memory Usage (135632K) : metal3_res has 0 polygons
2026-08-20 14:27:24 +0000: Memory Usage (135632K) : metal3_iprobe has 0 polygons
2026-08-20 14:27:24 +0000: Memory Usage (135632K) : metal3_diffprb has 0 polygons
2026-08-20 14:27:24 +0000: Memory Usage (135632K) : nwell_drw has 10 polygons
2026-08-20 14:27:24 +0000: Memory Usage (135632K) : nwell_pin has 0 polygons
2026-08-20 14:27:24 +0000: Memory Usage (135632K) : nwell_text has 0 polygons
2026-08-20 14:27:24 +0000: Memory Usage (135632K) : nbulay_drw has 0 polygons
2026-08-20 14:27:24 +0000: Memory Usage (135632K) : nbulay_pin has 0 polygons
2026-08-20 14:27:24 +0000: Memory Usage (135760K) : nbulay_block has 0 polygons
2026-08-20 14:27:24 +0000: Memory Usage (135760K) : emwind_drw has 0 polygons
2026-08-20 14:27:24 +0000: Memory Usage (135760K) : emwind_OPC has 0 polygons
2026-08-20 14:27:24 +0000: Memory Usage (135760K) : deepco_drw has 0 polygons
2026-08-20 14:27:24 +0000: Memory Usage (135760K) : mim_drw has 1 polygons
2026-08-20 14:27:24 +0000: Memory Usage (135888K) : edgeseal_drw has 0 polygons
2026-08-20 14:27:24 +0000: Memory Usage (135888K) : substrate_drw has 0 polygons
2026-08-20 14:27:24 +0000: Memory Usage (135888K) : substrate_text has 0 polygons
2026-08-20 14:27:24 +0000: Memory Usage (135888K) : dfpad_drw has 2 polygons
2026-08-20 14:27:24 +0000: Memory Usage (135888K) : dfpad_pillar has 0 polygons
2026-08-20 14:27:24 +0000: Memory Usage (135888K) : dfpad_sbump has 0 polygons
2026-08-20 14:27:24 +0000: Memory Usage (136016K) : thickgateox_drw has 0 polygons
2026-08-20 14:27:24 +0000: Memory Usage (136016K) : pldb_drw has 0 polygons
2026-08-20 14:27:24 +0000: Memory Usage (136016K) : pwell_drw has 0 polygons
2026-08-20 14:27:24 +0000: Memory Usage (136016K) : pwell_pin has 0 polygons
2026-08-20 14:27:24 +0000: Memory Usage (136016K) : pwell_block has 0 polygons
2026-08-20 14:27:24 +0000: Memory Usage (136016K) : ic_drw has 0 polygons
2026-08-20 14:27:24 +0000: Memory Usage (136144K) : via3_drw has 1032 polygons
2026-08-20 14:27:24 +0000: Memory Usage (136144K) : metal4_drw has 25 polygons
2026-08-20 14:27:24 +0000: Memory Usage (136144K) : metal4_filler has 0 polygons
2026-08-20 14:27:24 +0000: Memory Usage (136144K) : metal4_slit has 0 polygons
2026-08-20 14:27:24 +0000: Memory Usage (136144K) : metal4 has 25 polygons
2026-08-20 14:27:24 +0000: Memory Usage (136272K) : metal4_pin has 0 polygons
2026-08-20 14:27:24 +0000: Memory Usage (136272K) : metal4_mask has 0 polygons
2026-08-20 14:27:24 +0000: Memory Usage (136272K) : metal4_nofill has 0 polygons
2026-08-20 14:27:24 +0000: Memory Usage (136272K) : metal4_text has 4 polygons
2026-08-20 14:27:24 +0000: Memory Usage (136272K) : metal4_OPC has 0 polygons
2026-08-20 14:27:24 +0000: Memory Usage (136272K) : metal4_noqrc has 0 polygons
2026-08-20 14:27:24 +0000: Memory Usage (136400K) : metal4_res has 0 polygons
2026-08-20 14:27:24 +0000: Memory Usage (136400K) : metal4_iprobe has 0 polygons
2026-08-20 14:27:24 +0000: Memory Usage (136400K) : metal4_diffprb has 0 polygons
2026-08-20 14:27:24 +0000: Memory Usage (136400K) : heattrans_drw has 0 polygons
2026-08-20 14:27:24 +0000: Memory Usage (136400K) : heatres_drw has 4 polygons
2026-08-20 14:27:24 +0000: Memory Usage (136400K) : fbe_drw has 0 polygons
2026-08-20 14:27:24 +0000: Memory Usage (136400K) : empoly_drw has 0 polygons
2026-08-20 14:27:24 +0000: Memory Usage (136528K) : digisub_drw has 0 polygons
2026-08-20 14:27:24 +0000: Memory Usage (136528K) : text_drw has 22 polygons
2026-08-20 14:27:24 +0000: Memory Usage (136528K) : via4_drw has 1028 polygons
2026-08-20 14:27:24 +0000: Memory Usage (136528K) : metal5_drw has 53 polygons
2026-08-20 14:27:24 +0000: Memory Usage (136528K) : metal5_filler has 0 polygons
2026-08-20 14:27:24 +0000: Memory Usage (136528K) : metal5_slit has 0 polygons
2026-08-20 14:27:24 +0000: Memory Usage (136656K) : metal5 has 53 polygons
2026-08-20 14:27:24 +0000: Memory Usage (136656K) : metal5_pin has 0 polygons
2026-08-20 14:27:24 +0000: Memory Usage (136656K) : metal5_mask has 0 polygons
2026-08-20 14:27:24 +0000: Memory Usage (136656K) : metal5_nofill has 0 polygons
2026-08-20 14:27:24 +0000: Memory Usage (136656K) : metal5_text has 0 polygons
2026-08-20 14:27:24 +0000: Memory Usage (136656K) : metal5_OPC has 0 polygons
2026-08-20 14:27:24 +0000: Memory Usage (136656K) : metal5_noqrc has 0 polygons
2026-08-20 14:27:24 +0000: Memory Usage (136784K) : metal5_res has 0 polygons
2026-08-20 14:27:24 +0000: Memory Usage (136784K) : metal5_iprobe has 0 polygons
2026-08-20 14:27:24 +0000: Memory Usage (136784K) : metal5_diffprb has 0 polygons
2026-08-20 14:27:24 +0000: Memory Usage (136784K) : radhard_drw has 0 polygons
2026-08-20 14:27:24 +0000: Memory Usage (136784K) : memcap_drw has 0 polygons
2026-08-20 14:27:24 +0000: Memory Usage (136912K) : varicap_drw has 0 polygons
2026-08-20 14:27:24 +0000: Memory Usage (136912K) : intbondvia_drw has 0 polygons
2026-08-20 14:27:24 +0000: Memory Usage (136912K) : intbondmet_drw has 0 polygons
2026-08-20 14:27:24 +0000: Memory Usage (136912K) : devbondvia_drw has 0 polygons
2026-08-20 14:27:24 +0000: Memory Usage (137040K) : devbondmet_drw has 0 polygons
2026-08-20 14:27:24 +0000: Memory Usage (137040K) : devtrench_drw has 0 polygons
2026-08-20 14:27:24 +0000: Memory Usage (137040K) : redist_drw has 0 polygons
2026-08-20 14:27:24 +0000: Memory Usage (137040K) : graphbot_drw has 0 polygons
2026-08-20 14:27:24 +0000: Memory Usage (137168K) : graphtop_drw has 0 polygons
2026-08-20 14:27:24 +0000: Memory Usage (137168K) : antvia1_drw has 0 polygons
2026-08-20 14:27:24 +0000: Memory Usage (137168K) : antmetal2_drw has 0 polygons
2026-08-20 14:27:24 +0000: Memory Usage (137168K) : graphcont_drw has 0 polygons
2026-08-20 14:27:24 +0000: Memory Usage (137168K) : siwg_drw has 0 polygons
2026-08-20 14:27:24 +0000: Memory Usage (137168K) : siwg_filler has 0 polygons
2026-08-20 14:27:24 +0000: Memory Usage (137296K) : siwg_nofill has 0 polygons
2026-08-20 14:27:24 +0000: Memory Usage (137296K) : sigrating_drw has 0 polygons
2026-08-20 14:27:24 +0000: Memory Usage (137296K) : singrating_drw has 0 polygons
2026-08-20 14:27:24 +0000: Memory Usage (137296K) : graphpas_drw has 0 polygons
2026-08-20 14:27:24 +0000: Memory Usage (137296K) : emwind3_drw has 0 polygons
2026-08-20 14:27:24 +0000: Memory Usage (137424K) : emwihv3_drw has 0 polygons
2026-08-20 14:27:24 +0000: Memory Usage (137424K) : redbulay_drw has 0 polygons
2026-08-20 14:27:24 +0000: Memory Usage (137424K) : smos_drw has 0 polygons
2026-08-20 14:27:24 +0000: Memory Usage (137424K) : graphpad_drw has 0 polygons
2026-08-20 14:27:24 +0000: Memory Usage (137424K) : polimide_drw has 0 polygons
2026-08-20 14:27:24 +0000: Memory Usage (137552K) : polimide_pin has 0 polygons
2026-08-20 14:27:24 +0000: Memory Usage (137552K) : recog_drw has 0 polygons
2026-08-20 14:27:24 +0000: Memory Usage (137552K) : recog_pin has 0 polygons
2026-08-20 14:27:24 +0000: Memory Usage (137552K) : recog_esd has 4 polygons
2026-08-20 14:27:24 +0000: Memory Usage (137552K) : recog_diode has 0 polygons
2026-08-20 14:27:24 +0000: Memory Usage (137552K) : recog_tsv has 0 polygons
2026-08-20 14:27:24 +0000: Memory Usage (137680K) : recog_iprobe has 0 polygons
2026-08-20 14:27:24 +0000: Memory Usage (137680K) : recog_diffprb has 0 polygons
2026-08-20 14:27:24 +0000: Memory Usage (137680K) : recog_pillar has 0 polygons
2026-08-20 14:27:24 +0000: Memory Usage (137680K) : recog_sbump has 0 polygons
2026-08-20 14:27:24 +0000: Memory Usage (137808K) : recog_otp has 0 polygons
2026-08-20 14:27:24 +0000: Memory Usage (137808K) : recog_pdiode has 0 polygons
2026-08-20 14:27:24 +0000: Memory Usage (137808K) : recog_mom has 0 polygons
2026-08-20 14:27:24 +0000: Memory Usage (137808K) : recog_momf has 0 polygons
2026-08-20 14:27:24 +0000: Memory Usage (137936K) : recog_pcm has 0 polygons
2026-08-20 14:27:24 +0000: Memory Usage (137936K) : colopen_drw has 0 polygons
2026-08-20 14:27:24 +0000: Memory Usage (137936K) : graphmetal1_drw has 0 polygons
2026-08-20 14:27:24 +0000: Memory Usage (137936K) : graphmetal1_filler has 0 polygons
2026-08-20 14:27:24 +0000: Memory Usage (138064K) : graphmetal1_nofill has 0 polygons
2026-08-20 14:27:24 +0000: Memory Usage (138064K) : graphmetal1_slit has 0 polygons
2026-08-20 14:27:24 +0000: Memory Usage (138064K) : graphmetal1_OPC has 0 polygons
2026-08-20 14:27:24 +0000: Memory Usage (138064K) : graphmet1l_drw has 0 polygons
2026-08-20 14:27:24 +0000: Memory Usage (138192K) : graphmet1l_filler has 0 polygons
2026-08-20 14:27:24 +0000: Memory Usage (138192K) : graphmet1l_nofill has 0 polygons
2026-08-20 14:27:24 +0000: Memory Usage (138192K) : graphmet1l_slit has 0 polygons
2026-08-20 14:27:24 +0000: Memory Usage (138192K) : graphmet1l_OPC has 0 polygons
2026-08-20 14:27:24 +0000: Memory Usage (138320K) : extblock_drw has 12 polygons
2026-08-20 14:27:24 +0000: Memory Usage (138320K) : nldd_drw has 0 polygons
2026-08-20 14:27:24 +0000: Memory Usage (138320K) : pldd_drw has 0 polygons
2026-08-20 14:27:24 +0000: Memory Usage (138320K) : next_drw has 0 polygons
2026-08-20 14:27:24 +0000: Memory Usage (138448K) : pext_drw has 0 polygons
2026-08-20 14:27:24 +0000: Memory Usage (138448K) : nexthv_drw has 0 polygons
2026-08-20 14:27:24 +0000: Memory Usage (138448K) : pexthv_drw has 0 polygons
2026-08-20 14:27:24 +0000: Memory Usage (138448K) : graphgate_drw has 0 polygons
2026-08-20 14:27:24 +0000: Memory Usage (138448K) : sinwg_drw has 0 polygons
2026-08-20 14:27:24 +0000: Memory Usage (138448K) : sinwg_filler has 0 polygons
2026-08-20 14:27:24 +0000: Memory Usage (138576K) : sinwg_nofill has 0 polygons
2026-08-20 14:27:24 +0000: Memory Usage (138576K) : mempad_drw has 0 polygons
2026-08-20 14:27:24 +0000: Memory Usage (138576K) : topvia1_drw has 481 polygons
2026-08-20 14:27:24 +0000: Memory Usage (138576K) : topmetal1_drw has 19 polygons
2026-08-20 14:27:24 +0000: Memory Usage (138576K) : topmetal1_filler has 0 polygons
2026-08-20 14:27:24 +0000: Memory Usage (138704K) : topmetal1_slit has 0 polygons
2026-08-20 14:27:24 +0000: Memory Usage (138704K) : topmetal1 has 19 polygons
2026-08-20 14:27:24 +0000: Memory Usage (138704K) : topmetal1_pin has 0 polygons
2026-08-20 14:27:24 +0000: Memory Usage (138704K) : topmetal1_mask has 0 polygons
2026-08-20 14:27:24 +0000: Memory Usage (138704K) : topmetal1_nofill has 0 polygons
2026-08-20 14:27:24 +0000: Memory Usage (138704K) : topmetal1_text has 0 polygons
2026-08-20 14:27:24 +0000: Memory Usage (138832K) : topmetal1_noqrc has 0 polygons
2026-08-20 14:27:24 +0000: Memory Usage (138832K) : topmetal1_res has 0 polygons
2026-08-20 14:27:24 +0000: Memory Usage (138832K) : topmetal1_iprobe has 0 polygons
2026-08-20 14:27:24 +0000: Memory Usage (138832K) : topmetal1_diffprb has 0 polygons
2026-08-20 14:27:24 +0000: Memory Usage (138960K) : inldpwl_drw has 0 polygons
2026-08-20 14:27:24 +0000: Memory Usage (138960K) : polyres_drw has 4 polygons
2026-08-20 14:27:24 +0000: Memory Usage (138960K) : polyres_pin has 0 polygons
2026-08-20 14:27:25 +0000: Memory Usage (138960K) : vmim_drw has 225 polygons
2026-08-20 14:27:25 +0000: Memory Usage (139088K) : nbulaycut_drw has 0 polygons
2026-08-20 14:27:25 +0000: Memory Usage (139088K) : antmetal1_drw has 0 polygons
2026-08-20 14:27:25 +0000: Memory Usage (139088K) : topvia2_drw has 200 polygons
2026-08-20 14:27:25 +0000: Memory Usage (139216K) : topmetal2_drw has 14 polygons
2026-08-20 14:27:25 +0000: Memory Usage (139216K) : topmetal2_filler has 0 polygons
2026-08-20 14:27:25 +0000: Memory Usage (139216K) : topmetal2_slit has 0 polygons
2026-08-20 14:27:25 +0000: Memory Usage (139344K) : topmetal2 has 14 polygons
2026-08-20 14:27:25 +0000: Memory Usage (139344K) : topmetal2_pin has 0 polygons
2026-08-20 14:27:25 +0000: Memory Usage (139344K) : topmetal2_mask has 0 polygons
2026-08-20 14:27:25 +0000: Memory Usage (139344K) : topmetal2_nofill has 0 polygons
2026-08-20 14:27:25 +0000: Memory Usage (139472K) : topmetal2_text has 4 polygons
2026-08-20 14:27:25 +0000: Memory Usage (139472K) : topmetal2_noqrc has 0 polygons
2026-08-20 14:27:25 +0000: Memory Usage (139472K) : topmetal2_res has 0 polygons
2026-08-20 14:27:25 +0000: Memory Usage (139600K) : topmetal2_iprobe has 0 polygons
2026-08-20 14:27:25 +0000: Memory Usage (139600K) : topmetal2_diffprb has 0 polygons
2026-08-20 14:27:25 +0000: Memory Usage (139600K) : snsring_drw has 0 polygons
2026-08-20 14:27:25 +0000: Memory Usage (139600K) : sensor_drw has 0 polygons
2026-08-20 14:27:25 +0000: Memory Usage (139728K) : snsarms_drw has 0 polygons
2026-08-20 14:27:25 +0000: Memory Usage (139728K) : snscmosvia_drw has 0 polygons
2026-08-20 14:27:25 +0000: Memory Usage (139728K) : colwind_drw has 0 polygons
2026-08-20 14:27:25 +0000: Memory Usage (139856K) : flm_drw has 0 polygons
2026-08-20 14:27:25 +0000: Memory Usage (139856K) : hafniumox_drw has 0 polygons
2026-08-20 14:27:25 +0000: Memory Usage (139984K) : memvia_drw has 0 polygons
2026-08-20 14:27:25 +0000: Memory Usage (139984K) : thinfilmres_drw has 0 polygons
2026-08-20 14:27:25 +0000: Memory Usage (139984K) : rfmem_drw has 0 polygons
2026-08-20 14:27:25 +0000: Memory Usage (139984K) : norcx_drw has 0 polygons
2026-08-20 14:27:25 +0000: Memory Usage (139984K) : norcx_m2m3 has 0 polygons
2026-08-20 14:27:25 +0000: Memory Usage (139984K) : norcx_m2m4 has 0 polygons
2026-08-20 14:27:25 +0000: Memory Usage (139984K) : norcx_m2m5 has 0 polygons
2026-08-20 14:27:25 +0000: Memory Usage (139984K) : norcx_m2tm1 has 0 polygons
2026-08-20 14:27:25 +0000: Memory Usage (139984K) : norcx_m2tm2 has 0 polygons
2026-08-20 14:27:25 +0000: Memory Usage (139984K) : norcx_m3m4 has 0 polygons
2026-08-20 14:27:25 +0000: Memory Usage (139984K) : norcx_m3m5 has 0 polygons
2026-08-20 14:27:25 +0000: Memory Usage (139984K) : norcx_m3tm1 has 0 polygons
2026-08-20 14:27:25 +0000: Memory Usage (139984K) : norcx_m3tm2 has 0 polygons
2026-08-20 14:27:25 +0000: Memory Usage (139984K) : norcx_m4m5 has 0 polygons
2026-08-20 14:27:25 +0000: Memory Usage (139984K) : norcx_m4tm1 has 0 polygons
2026-08-20 14:27:25 +0000: Memory Usage (139984K) : norcx_m4tm2 has 0 polygons
2026-08-20 14:27:25 +0000: Memory Usage (139984K) : norcx_m5tm1 has 0 polygons
2026-08-20 14:27:25 +0000: Memory Usage (139984K) : norcx_m5tm2 has 0 polygons
2026-08-20 14:27:25 +0000: Memory Usage (139984K) : norcx_tm1tm2 has 0 polygons
2026-08-20 14:27:25 +0000: Memory Usage (139984K) : norcx_m1sub has 0 polygons
2026-08-20 14:27:25 +0000: Memory Usage (139984K) : norcx_m2sub has 0 polygons
2026-08-20 14:27:25 +0000: Memory Usage (140112K) : norcx_m3sub has 0 polygons
2026-08-20 14:27:25 +0000: Memory Usage (140112K) : norcx_m4sub has 0 polygons
2026-08-20 14:27:25 +0000: Memory Usage (140112K) : norcx_m5sub has 0 polygons
2026-08-20 14:27:25 +0000: Memory Usage (140112K) : norcx_tm1sub has 0 polygons
2026-08-20 14:27:25 +0000: Memory Usage (140112K) : norcx_tm2sub has 0 polygons
2026-08-20 14:27:25 +0000: Memory Usage (140112K) : snsbotvia_drw has 0 polygons
2026-08-20 14:27:25 +0000: Memory Usage (140112K) : snstopvia_drw has 0 polygons
2026-08-20 14:27:25 +0000: Memory Usage (140112K) : deepvia_drw has 0 polygons
2026-08-20 14:27:25 +0000: Memory Usage (140112K) : fgetch_drw has 0 polygons
2026-08-20 14:27:25 +0000: Memory Usage (140112K) : ctrgat_drw has 0 polygons
2026-08-20 14:27:25 +0000: Memory Usage (140112K) : fgimp_drw has 0 polygons
2026-08-20 14:27:25 +0000: Memory Usage (140112K) : emwihv_drw has 0 polygons
2026-08-20 14:27:25 +0000: Memory Usage (140112K) : lbe_drw has 0 polygons
2026-08-20 14:27:25 +0000: Memory Usage (140112K) : alcustop_drw has 0 polygons
2026-08-20 14:27:25 +0000: Memory Usage (140112K) : nometfiller_drw has 0 polygons
2026-08-20 14:27:25 +0000: Memory Usage (140112K) : prboundary_drw has 0 polygons
2026-08-20 14:27:25 +0000: Memory Usage (140112K) : exchange0_drw has 0 polygons
2026-08-20 14:27:25 +0000: Memory Usage (140112K) : exchange0_pin has 0 polygons
2026-08-20 14:27:25 +0000: Memory Usage (140112K) : exchange0_text has 0 polygons
2026-08-20 14:27:25 +0000: Memory Usage (140112K) : exchange1_drw has 0 polygons
2026-08-20 14:27:25 +0000: Memory Usage (140112K) : exchange1_pin has 0 polygons
2026-08-20 14:27:25 +0000: Memory Usage (140112K) : exchange1_text has 0 polygons
2026-08-20 14:27:25 +0000: Memory Usage (140112K) : exchange2_drw has 0 polygons
2026-08-20 14:27:25 +0000: Memory Usage (140112K) : exchange2_pin has 0 polygons
2026-08-20 14:27:25 +0000: Memory Usage (140112K) : exchange2_text has 0 polygons
2026-08-20 14:27:25 +0000: Memory Usage (140112K) : exchange3_drw has 0 polygons
2026-08-20 14:27:25 +0000: Memory Usage (140112K) : exchange3_pin has 0 polygons
2026-08-20 14:27:25 +0000: Memory Usage (140112K) : exchange3_text has 0 polygons
2026-08-20 14:27:25 +0000: Memory Usage (140112K) : exchange4_drw has 0 polygons
2026-08-20 14:27:25 +0000: Memory Usage (140112K) : exchange4_pin has 0 polygons
2026-08-20 14:27:25 +0000: Memory Usage (140112K) : exchange4_text has 0 polygons
2026-08-20 14:27:25 +0000: Memory Usage (140112K) : isonwell_drw has 0 polygons
2026-08-20 14:27:25 +0000: Memory Usage (140112K) : Total no. of polygons in the design is 8710
2026-08-20 14:27:25 +0000: Memory Usage (140112K) : Starting base layers derivations
2026-08-20 14:27:25 +0000: Memory Usage (140112K) : Starting general LVS derivations
2026-08-20 14:27:25 +0000: Memory Usage (143728K) : Starting MOSFET DERIVATIONS
2026-08-20 14:27:25 +0000: Memory Usage (144368K) : Starting NMOS DERIVATIONS
2026-08-20 14:27:25 +0000: Memory Usage (144368K) : Starting PMOS DERIVATIONS
2026-08-20 14:27:25 +0000: Memory Usage (144368K) : Starting RF-MOSFET DERIVATIONS
2026-08-20 14:27:25 +0000: Memory Usage (144368K) : Starting RF-NMOS DERIVATIONS
2026-08-20 14:27:25 +0000: Memory Usage (144368K) : Starting RF-PMOS DERIVATIONS
2026-08-20 14:27:25 +0000: Memory Usage (144368K) : Starting BJT DERIVATIONS
2026-08-20 14:27:25 +0000: Memory Usage (144368K) : Starting NPN-BJT DERIVATIONS
2026-08-20 14:27:25 +0000: Memory Usage (144368K) : Starting PNP-BJT DERIVATIONS
2026-08-20 14:27:25 +0000: Memory Usage (144368K) : Starting DIODE DERIVATIONS
2026-08-20 14:27:25 +0000: Memory Usage (144368K) : Starting RESISTOR DERIVATIONS
2026-08-20 14:27:25 +0000: Memory Usage (144624K) : Starting CAP DERIVATIONS
2026-08-20 14:27:25 +0000: Memory Usage (144624K) : Starting CAP_CMOM DERIVATIONS
2026-08-20 14:27:25 +0000: Memory Usage (144624K) : Starting CAP_CMOMF DERIVATIONS
2026-08-20 14:27:25 +0000: Memory Usage (144624K) : Starting ESD DERIVATIONS
2026-08-20 14:27:25 +0000: Memory Usage (144624K) : Starting Inductor DERIVATIONS
2026-08-20 14:27:26 +0000: Memory Usage (144624K) : Starting Taps DERIVATIONS
2026-08-20 14:27:26 +0000: Memory Usage (144624K) : Starting SG13G2 LVS connectivity setup
2026-08-20 14:27:26 +0000: Memory Usage (144624K) : Starting SG13G2 LVS connectivity setup (Inter-layer)
2026-08-20 14:27:26 +0000: Memory Usage (144752K) : Starting SG13G2 LVS connectivity setup (Global)
2026-08-20 14:27:26 +0000: Memory Usage (144752K) : Starting LVS MOSFET CONNECTIONS
2026-08-20 14:27:26 +0000: Memory Usage (144752K) : Starting LVS RF-MOSFET CONNECTIONS
2026-08-20 14:27:26 +0000: Memory Usage (144752K) : Starting LVS BJT CONNECTIONS
2026-08-20 14:27:26 +0000: Memory Usage (144752K) : Starting LVS DIODE CONNECTIONS
2026-08-20 14:27:26 +0000: Memory Usage (144752K) : Starting RESISTOR CONNECTIONS
2026-08-20 14:27:26 +0000: Memory Usage (144752K) : Starting LVS CAP CONNECTIONS
2026-08-20 14:27:26 +0000: Memory Usage (144752K) : Starting CAP_CMOM CONNECTIONS
2026-08-20 14:27:26 +0000: Memory Usage (144752K) : Starting CAP_CMOMF CONNECTIONS
2026-08-20 14:27:26 +0000: Memory Usage (144752K) : Starting ESD CONNECTIONS
2026-08-20 14:27:26 +0000: Memory Usage (144752K) : Starting Inductor CONNECTIONS
2026-08-20 14:27:26 +0000: Memory Usage (144752K) : Starting LVS Taps CONNECTIONS
2026-08-20 14:27:26 +0000: Memory Usage (144752K) : Starting SG13G2 LVS DEVICES EXTRACTION
2026-08-20 14:27:26 +0000: Memory Usage (144752K) : Starting MOSFET EXTRACTION
2026-08-20 14:27:26 +0000: Memory Usage (144752K) : Starting NMOS EXTRACTION
2026-08-20 14:27:26 +0000: Memory Usage (144752K) : Extraction of NMOS-LV transistor
2026-08-20 14:27:26 +0000: Memory Usage (144880K) : Extraction of NMOS-HV transistor
2026-08-20 14:27:26 +0000: Memory Usage (144880K) : Starting PMOS EXTRACTION
2026-08-20 14:27:26 +0000: Memory Usage (144880K) : Extraction of PMOS-LV transistor
2026-08-20 14:27:26 +0000: Memory Usage (144880K) : Extraction of PMOS-HV transistor
2026-08-20 14:27:26 +0000: Memory Usage (144880K) : Starting RF-MOSFET EXTRACTION
2026-08-20 14:27:26 +0000: Memory Usage (144880K) : Extraction of RF-NMOS-LV transistor
2026-08-20 14:27:26 +0000: Memory Usage (144880K) : Extraction of RF-NMOS-HV transistor
2026-08-20 14:27:26 +0000: Memory Usage (144880K) : Extraction of RF-PMOS-LV transistor
2026-08-20 14:27:26 +0000: Memory Usage (144880K) : Extraction of RF-PMOS-HV transistor
2026-08-20 14:27:26 +0000: Memory Usage (144880K) : Starting BJT EXTRACTION
2026-08-20 14:27:26 +0000: Memory Usage (144880K) : Starting NPN-BJT EXTRACTION
2026-08-20 14:27:26 +0000: Memory Usage (144880K) : Extraction of npn13G2 BJT transistor
2026-08-20 14:27:26 +0000: Memory Usage (144880K) : Extraction of npn13G2L BJT transistor
2026-08-20 14:27:26 +0000: Memory Usage (144880K) : Extraction of npn13G2V BJT transistor
2026-08-20 14:27:26 +0000: Memory Usage (144880K) : Starting PNP-BJT EXTRACTION
2026-08-20 14:27:26 +0000: Memory Usage (144880K) : Extracting pnpMPA BJT
2026-08-20 14:27:26 +0000: Memory Usage (144880K) : Starting DIODE EXTRACTION
2026-08-20 14:27:26 +0000: Memory Usage (144880K) : Extracting dantenna diode
2026-08-20 14:27:26 +0000: Memory Usage (144880K) : Extracting dpantenna diode
2026-08-20 14:27:26 +0000: Memory Usage (144880K) : Extracting schottky_nbl1 diode
2026-08-20 14:27:26 +0000: Memory Usage (144880K) : Extracting isolbox diode
2026-08-20 14:27:26 +0000: Memory Usage (144880K) : Starting RESISTOR EXTRACTION
2026-08-20 14:27:26 +0000: Memory Usage (144880K) : Extracting rsil resistor
2026-08-20 14:27:26 +0000: Memory Usage (145008K) : Extracting rppd resistor
2026-08-20 14:27:26 +0000: Memory Usage (145008K) : Extracting rhigh resistor
2026-08-20 14:27:26 +0000: Memory Usage (145008K) : Extracting res_metal1 resistor
2026-08-20 14:27:26 +0000: Memory Usage (145008K) : Extracting res_metal2 resistor
2026-08-20 14:27:26 +0000: Memory Usage (145008K) : Extracting res_metal3 resistor
2026-08-20 14:27:26 +0000: Memory Usage (145008K) : Extracting res_metal4 resistor
2026-08-20 14:27:26 +0000: Memory Usage (145008K) : Extracting res_metal5 resistor
2026-08-20 14:27:26 +0000: Memory Usage (145008K) : Extracting res_topmetal1 resistor
2026-08-20 14:27:26 +0000: Memory Usage (145008K) : Extracting res_topmetal2 resistor
2026-08-20 14:27:26 +0000: Memory Usage (145008K) : Starting CAP EXTRACTION
2026-08-20 14:27:26 +0000: Memory Usage (145008K) : Extracting cap_cmim device
2026-08-20 14:27:26 +0000: Memory Usage (145008K) : Extracting rfcmim device
2026-08-20 14:27:26 +0000: Memory Usage (145008K) : Extracting sg13_hv_svaricap varactor
2026-08-20 14:27:26 +0000: Memory Usage (145008K) : Extracting cap_cmomi device
2026-08-20 14:27:26 +0000: Memory Usage (145008K) : Extracting cap_cmomf device
2026-08-20 14:27:26 +0000: Memory Usage (145008K) : Extracting sg13_moscap_n capacitor
2026-08-20 14:27:26 +0000: Memory Usage (145008K) : Extracting sg13_moscap_p capacitor
2026-08-20 14:27:26 +0000: Memory Usage (145008K) : Starting ESD EXTRACTION
2026-08-20 14:27:26 +0000: Memory Usage (145008K) : Extracting diodevdd_2kv ESD device
2026-08-20 14:27:26 +0000: Memory Usage (145008K) : Extracting diodevdd_4kv ESD device
2026-08-20 14:27:26 +0000: Memory Usage (145008K) : Extracting diodevss_2kv ESD device
2026-08-20 14:27:26 +0000: Memory Usage (145008K) : Extracting diodevss_4kv ESD device
2026-08-20 14:27:26 +0000: Memory Usage (145008K) : Extracting idiodevdd_2kv ESD device
2026-08-20 14:27:26 +0000: Memory Usage (145008K) : Extracting idiodevdd_4kv ESD device
2026-08-20 14:27:26 +0000: Memory Usage (145008K) : Extracting idiodevss_2kv ESD device
2026-08-20 14:27:26 +0000: Memory Usage (145008K) : Extracting idiodevss_4kv ESD device
2026-08-20 14:27:26 +0000: Memory Usage (145008K) : Extracting nmoscl_2 ESD device
2026-08-20 14:27:26 +0000: Memory Usage (145008K) : Extracting nmoscl_4 ESD device
2026-08-20 14:27:26 +0000: Memory Usage (145008K) : Starting Inductor EXTRACTION
2026-08-20 14:27:26 +0000: Memory Usage (145008K) : Extracting Inductor2 device
2026-08-20 14:27:26 +0000: Memory Usage (145008K) : Extracting Inductor3 device
2026-08-20 14:27:26 +0000: Memory Usage (145008K) : Starting Taps EXTRACTION
2026-08-20 14:27:26 +0000: Memory Usage (145008K) : DISABLE_TAP_EXTRACTION is enabled: skipping ntap1/ptap1 device extraction.
2026-08-20 14:27:26 +0000: Memory Usage (145008K) : Starting SG13G2 LVS RF MOS Model Mapping
2026-08-20 14:27:26 +0000: Memory Usage (145136K) : [layout_netlist] Apply RF MOS model mapping and rfmode parameter.
2026-08-20 14:27:26 +0000: Memory Usage (145136K) : Starting SG13G2 LVS Options Preparations
2026-08-20 14:27:26 +0000: Memory Usage (145136K) : SG13G2 LVS flow: extraction -> alignment -> option preparation -> comparison.
2026-08-20 14:27:26 +0000: Memory Usage (145136K) : Starting SG13G2 LVS Alignment
2026-08-20 14:27:26 +0000: Memory Usage (145136K) : Starting SG13G2 LVS Simplification
2026-08-20 14:27:26 +0000: Memory Usage (145136K) : [layout_netlist] simplify: ENABLED
2026-08-20 14:27:26 +0000: Memory Usage (145136K) : [layout_netlist] make_top_level_pins: SKIPPED
2026-08-20 14:27:26 +0000: Memory Usage (145136K) : [layout_netlist] combine_devices: SKIPPED
2026-08-20 14:27:26 +0000: Memory Usage (145136K) : [layout_netlist] purge: SKIPPED
2026-08-20 14:27:26 +0000: Memory Usage (145136K) : [layout_netlist] purge_nets: SKIPPED
2026-08-20 14:27:26 +0000: Memory Usage (145136K) : [schematic_netlist] simplify: ENABLED
2026-08-20 14:27:26 +0000: Memory Usage (145136K) : [schematic_netlist] make_top_level_pins: SKIPPED
2026-08-20 14:27:26 +0000: Memory Usage (145136K) : [schematic_netlist] combine_devices: SKIPPED
2026-08-20 14:27:26 +0000: Memory Usage (145136K) : [schematic_netlist] purge: SKIPPED
2026-08-20 14:27:26 +0000: Memory Usage (145136K) : [schematic_netlist] purge_nets: SKIPPED
2026-08-20 14:27:26 +0000: Memory Usage (145136K) : Starting SG13G2 LVS Comparison
2026-08-20 14:27:26 +0000: Memory Usage (145264K) : xxxxxxxxxxxxxxxxxxxxxxxxxxxxxxxxxxxxxxxxxx
2026-08-20 14:27:26 +0000: Memory Usage (145264K) : ERROR : Netlists don't match
2026-08-20 14:27:26 +0000: Memory Usage (145264K) : xxxxxxxxxxxxxxxxxxxxxxxxxxxxxxxxxxxxxxxxxx
2026-08-20 14:27:26 +0000: Memory Usage (145264K) : LVS Total Run time 1.355314 seconds
