time_s,v_outp,v_outn,v_inp,v_inn,vod,vid
0.0,1.39980409,1.30122148,1.32536293,1.37536293,0.09858261000000001,-0.050000000000000044
5e-15,1.39980409,1.30122148,1.32536293,1.37536293,0.09858261000000001,-0.050000000000000044
1e-14,1.39980409,1.30122148,1.32536293,1.37536293,0.09858261000000001,-0.050000000000000044
2e-14,1.39980409,1.30122148,1.32536293,1.37536293,0.09858261000000001,-0.050000000000000044
4e-14,1.39980409,1.30122148,1.32536293,1.37536293,0.09858261000000001,-0.050000000000000044
8e-14,1.39980409,1.30122148,1.32536293,1.37536293,0.09858261000000001,-0.050000000000000044
1.6e-13,1.39980409,1.30122148,1.32536293,1.37536293,0.09858261000000001,-0.050000000000000044
3.2e-13,1.39980409,1.30122148,1.32536293,1.37536293,0.09858261000000001,-0.050000000000000044
6.4e-13,1.39980409,1.30122148,1.32536293,1.37536293,0.09858261000000001,-0.050000000000000044
1.28e-12,1.39980409,1.30122148,1.32536293,1.37536293,0.09858261000000001,-0.050000000000000044
2.28e-12,1.39980409,1.30122148,1.32536293,1.37536293,0.09858261000000001,-0.050000000000000044
3.28e-12,1.39980409,1.30122148,1.32536293,1.37536293,0.09858261000000001,-0.050000000000000044
4.28e-12,1.39980409,1.30122148,1.32536293,1.37536293,0.09858261000000001,-0.050000000000000044
5.28e-12,1.39980409,1.30122148,1.32536293,1.37536293,0.09858261000000001,-0.050000000000000044
6.28e-12,1.39980409,1.30122148,1.32536293,1.37536293,0.09858261000000001,-0.050000000000000044
7.28e-12,1.39980409,1.30122148,1.32536293,1.37536293,0.09858261000000001,-0.050000000000000044
8.28e-12,1.39980409,1.30122148,1.32536293,1.37536293,0.09858261000000001,-0.050000000000000044
9.28e-12,1.39980409,1.30122148,1.32536293,1.37536293,0.09858261000000001,-0.050000000000000044
1.028e-11,1.39980409,1.30122148,1.32536293,1.37536293,0.09858261000000001,-0.050000000000000044
1.128e-11,1.39980409,1.30122148,1.32536293,1.37536293,0.09858261000000001,-0.050000000000000044
1.228e-11,1.39980409,1.30122148,1.32536293,1.37536293,0.09858261000000001,-0.050000000000000044
1.328e-11,1.39980409,1.30122148,1.32536293,1.37536293,0.09858261000000001,-0.050000000000000044
1.428e-11,1.39980409,1.30122148,1.32536293,1.37536293,0.09858261000000001,-0.050000000000000044
1.528e-11,1.39980409,1.30122148,1.32536293,1.37536293,0.09858261000000001,-0.050000000000000044
1.628e-11,1.39980409,1.30122148,1.32536293,1.37536293,0.09858261000000001,-0.050000000000000044
1.728e-11,1.39980409,1.30122148,1.32536293,1.37536293,0.09858261000000001,-0.050000000000000044
1.828e-11,1.39980409,1.30122148,1.32536293,1.37536293,0.09858261000000001,-0.050000000000000044
1.928e-11,1.39980409,1.30122148,1.32536293,1.37536293,0.09858261000000001,-0.050000000000000044
2.028e-11,1.39980409,1.30122148,1.32536293,1.37536293,0.09858261000000001,-0.050000000000000044
2.128e-11,1.39980409,1.30122148,1.32536293,1.37536293,0.09858261000000001,-0.050000000000000044
2.228e-11,1.39980409,1.30122148,1.32536293,1.37536293,0.09858261000000001,-0.050000000000000044
2.328e-11,1.39980409,1.30122148,1.32536293,1.37536293,0.09858261000000001,-0.050000000000000044
2.428e-11,1.39980408,1.30122148,1.32536293,1.37536293,0.09858260000000008,-0.050000000000000044
2.528e-11,1.39980408,1.30122148,1.32536293,1.37536293,0.09858260000000008,-0.050000000000000044
2.628e-11,1.39980408,1.30122148,1.32536293,1.37536293,0.09858260000000008,-0.050000000000000044
2.728e-11,1.39980408,1.30122148,1.32536293,1.37536293,0.09858260000000008,-0.050000000000000044
2.828e-11,1.39980408,1.30122148,1.32536293,1.37536293,0.09858260000000008,-0.050000000000000044
2.928e-11,1.39980408,1.30122148,1.32536293,1.37536293,0.09858260000000008,-0.050000000000000044
3.028e-11,1.39980408,1.30122148,1.32536293,1.37536293,0.09858260000000008,-0.050000000000000044
3.128e-11,1.39980408,1.30122148,1.32536293,1.37536293,0.09858260000000008,-0.050000000000000044
3.228e-11,1.39980408,1.30122148,1.32536293,1.37536293,0.09858260000000008,-0.050000000000000044
3.328e-11,1.39980408,1.30122148,1.32536293,1.37536293,0.09858260000000008,-0.050000000000000044
3.428e-11,1.39980408,1.30122148,1.32536293,1.37536293,0.09858260000000008,-0.050000000000000044
3.528e-11,1.39980408,1.30122148,1.32536293,1.37536293,0.09858260000000008,-0.050000000000000044
3.628e-11,1.39980408,1.30122148,1.32536293,1.37536293,0.09858260000000008,-0.050000000000000044
3.728e-11,1.39980408,1.30122148,1.32536293,1.37536293,0.09858260000000008,-0.050000000000000044
3.828e-11,1.39980408,1.30122148,1.32536293,1.37536293,0.09858260000000008,-0.050000000000000044
3.928e-11,1.39980408,1.30122148,1.32536293,1.37536293,0.09858260000000008,-0.050000000000000044
4.028e-11,1.39980408,1.30122148,1.32536293,1.37536293,0.09858260000000008,-0.050000000000000044
4.128e-11,1.39980408,1.30122148,1.32536293,1.37536293,0.09858260000000008,-0.050000000000000044
4.228e-11,1.39980408,1.30122148,1.32536293,1.37536293,0.09858260000000008,-0.050000000000000044
4.328e-11,1.39980408,1.30122148,1.32536293,1.37536293,0.09858260000000008,-0.050000000000000044
4.428e-11,1.39980408,1.30122148,1.32536293,1.37536293,0.09858260000000008,-0.050000000000000044
4.528e-11,1.39980408,1.30122148,1.32536293,1.37536293,0.09858260000000008,-0.050000000000000044
4.628e-11,1.39980408,1.30122148,1.32536293,1.37536293,0.09858260000000008,-0.050000000000000044
4.728e-11,1.39980408,1.30122148,1.32536293,1.37536293,0.09858260000000008,-0.050000000000000044
4.828e-11,1.39980408,1.30122148,1.32536293,1.37536293,0.09858260000000008,-0.050000000000000044
4.928e-11,1.39980408,1.30122148,1.32536293,1.37536293,0.09858260000000008,-0.050000000000000044
5.028e-11,1.39980407,1.30122148,1.32536293,1.37536293,0.09858259000000014,-0.050000000000000044
5.128e-11,1.39980407,1.30122148,1.32536293,1.37536293,0.09858259000000014,-0.050000000000000044
5.228e-11,1.39980407,1.30122148,1.32536293,1.37536293,0.09858259000000014,-0.050000000000000044
5.328e-11,1.39980407,1.30122148,1.32536293,1.37536293,0.09858259000000014,-0.050000000000000044
5.428e-11,1.39980407,1.30122148,1.32536293,1.37536293,0.09858259000000014,-0.050000000000000044
5.528e-11,1.39980407,1.30122148,1.32536293,1.37536293,0.09858259000000014,-0.050000000000000044
5.628e-11,1.39980407,1.30122148,1.32536293,1.37536293,0.09858259000000014,-0.050000000000000044
5.728e-11,1.39980407,1.30122148,1.32536293,1.37536293,0.09858259000000014,-0.050000000000000044
5.828e-11,1.39980407,1.30122148,1.32536293,1.37536293,0.09858259000000014,-0.050000000000000044
5.928e-11,1.39980407,1.30122148,1.32536293,1.37536293,0.09858259000000014,-0.050000000000000044
6.028e-11,1.39980407,1.30122148,1.32536293,1.37536293,0.09858259000000014,-0.050000000000000044
6.128e-11,1.39980407,1.30122148,1.32536293,1.37536293,0.09858259000000014,-0.050000000000000044
6.228e-11,1.39980407,1.30122148,1.32536293,1.37536293,0.09858259000000014,-0.050000000000000044
6.328e-11,1.39980407,1.30122148,1.32536293,1.37536293,0.09858259000000014,-0.050000000000000044
6.428e-11,1.39980407,1.30122148,1.32536293,1.37536293,0.09858259000000014,-0.050000000000000044
6.528e-11,1.39980407,1.30122148,1.32536293,1.37536293,0.09858259000000014,-0.050000000000000044
6.628e-11,1.39980407,1.30122148,1.32536293,1.37536293,0.09858259000000014,-0.050000000000000044
6.728e-11,1.39980407,1.30122148,1.32536293,1.37536293,0.09858259000000014,-0.050000000000000044
6.828e-11,1.39980407,1.30122148,1.32536293,1.37536293,0.09858259000000014,-0.050000000000000044
6.928e-11,1.39980407,1.30122148,1.32536293,1.37536293,0.09858259000000014,-0.050000000000000044
7.028e-11,1.39980407,1.30122148,1.32536293,1.37536293,0.09858259000000014,-0.050000000000000044
7.128e-11,1.39980407,1.30122148,1.32536293,1.37536293,0.09858259000000014,-0.050000000000000044
7.228e-11,1.39980407,1.30122148,1.32536293,1.37536293,0.09858259000000014,-0.050000000000000044
7.328e-11,1.39980407,1.30122148,1.32536293,1.37536293,0.09858259000000014,-0.050000000000000044
7.428e-11,1.39980407,1.30122148,1.32536293,1.37536293,0.09858259000000014,-0.050000000000000044
7.528e-11,1.39980407,1.30122148,1.32536293,1.37536293,0.09858259000000014,-0.050000000000000044
7.628e-11,1.39980407,1.30122148,1.32536293,1.37536293,0.09858259000000014,-0.050000000000000044
7.728e-11,1.39980406,1.30122148,1.32536293,1.37536293,0.09858257999999998,-0.050000000000000044
7.828e-11,1.39980406,1.30122148,1.32536293,1.37536293,0.09858257999999998,-0.050000000000000044
7.928e-11,1.39980406,1.30122148,1.32536293,1.37536293,0.09858257999999998,-0.050000000000000044
8.028e-11,1.39980406,1.30122148,1.32536293,1.37536293,0.09858257999999998,-0.050000000000000044
8.128e-11,1.39980406,1.30122149,1.32536293,1.37536293,0.09858256999999981,-0.050000000000000044
8.228e-11,1.39980406,1.30122149,1.32536293,1.37536293,0.09858256999999981,-0.050000000000000044
8.328e-11,1.39980406,1.30122149,1.32536293,1.37536293,0.09858256999999981,-0.050000000000000044
8.428e-11,1.39980406,1.30122149,1.32536293,1.37536293,0.09858256999999981,-0.050000000000000044
8.528e-11,1.39980406,1.30122149,1.32536293,1.37536293,0.09858256999999981,-0.050000000000000044
8.628e-11,1.39980406,1.30122149,1.32536293,1.37536293,0.09858256999999981,-0.050000000000000044
8.728e-11,1.39980406,1.30122149,1.32536293,1.37536293,0.09858256999999981,-0.050000000000000044
8.828e-11,1.39980406,1.30122149,1.32536293,1.37536293,0.09858256999999981,-0.050000000000000044
8.928e-11,1.39980406,1.30122149,1.32536293,1.37536293,0.09858256999999981,-0.050000000000000044
9.028e-11,1.39980406,1.30122149,1.32536293,1.37536293,0.09858256999999981,-0.050000000000000044
9.128e-11,1.39980406,1.30122149,1.32536293,1.37536293,0.09858256999999981,-0.050000000000000044
9.228e-11,1.39980406,1.30122149,1.32536293,1.37536293,0.09858256999999981,-0.050000000000000044
9.328e-11,1.39980406,1.30122149,1.32536293,1.37536293,0.09858256999999981,-0.050000000000000044
9.428e-11,1.39980406,1.30122149,1.32536293,1.37536293,0.09858256999999981,-0.050000000000000044
9.528e-11,1.39980406,1.30122149,1.32536293,1.37536293,0.09858256999999981,-0.050000000000000044
9.628e-11,1.39980406,1.30122149,1.32536293,1.37536293,0.09858256999999981,-0.050000000000000044
9.728e-11,1.39980406,1.30122149,1.32536293,1.37536293,0.09858256999999981,-0.050000000000000044
9.828e-11,1.39980406,1.30122149,1.32536293,1.37536293,0.09858256999999981,-0.050000000000000044
9.928e-11,1.39980406,1.30122149,1.32536293,1.37536293,0.09858256999999981,-0.050000000000000044
1.0028e-10,1.39980406,1.30122149,1.32536293,1.37536293,0.09858256999999981,-0.050000000000000044
1.0128e-10,1.39980406,1.30122149,1.32536293,1.37536293,0.09858256999999981,-0.050000000000000044
1.0228e-10,1.39980406,1.30122149,1.32536293,1.37536293,0.09858256999999981,-0.050000000000000044
1.0328e-10,1.39980406,1.30122149,1.32536293,1.37536293,0.09858256999999981,-0.050000000000000044
1.0428e-10,1.39980406,1.30122149,1.32536293,1.37536293,0.09858256999999981,-0.050000000000000044
1.0528e-10,1.39980405,1.30122149,1.32536293,1.37536293,0.09858255999999987,-0.050000000000000044
1.0628e-10,1.39980405,1.30122149,1.32536293,1.37536293,0.09858255999999987,-0.050000000000000044
1.0728e-10,1.39980405,1.30122149,1.32536293,1.37536293,0.09858255999999987,-0.050000000000000044
1.0828e-10,1.39980405,1.30122149,1.32536293,1.37536293,0.09858255999999987,-0.050000000000000044
1.0928e-10,1.39980405,1.30122149,1.32536293,1.37536293,0.09858255999999987,-0.050000000000000044
1.1028e-10,1.39980405,1.30122149,1.32536293,1.37536293,0.09858255999999987,-0.050000000000000044
1.1128e-10,1.39980405,1.30122149,1.32536293,1.37536293,0.09858255999999987,-0.050000000000000044
1.1228e-10,1.39980405,1.30122149,1.32536293,1.37536293,0.09858255999999987,-0.050000000000000044
1.1328e-10,1.39980405,1.30122149,1.32536293,1.37536293,0.09858255999999987,-0.050000000000000044
1.1428e-10,1.39980405,1.30122149,1.32536293,1.37536293,0.09858255999999987,-0.050000000000000044
1.1528e-10,1.39980405,1.30122149,1.32536293,1.37536293,0.09858255999999987,-0.050000000000000044
1.1628e-10,1.39980405,1.30122149,1.32536293,1.37536293,0.09858255999999987,-0.050000000000000044
1.1728e-10,1.39980405,1.30122149,1.32536293,1.37536293,0.09858255999999987,-0.050000000000000044
1.1828e-10,1.39980405,1.30122149,1.32536293,1.37536293,0.09858255999999987,-0.050000000000000044
1.1928e-10,1.39980405,1.30122149,1.32536293,1.37536293,0.09858255999999987,-0.050000000000000044
1.2028e-10,1.39980405,1.30122149,1.32536293,1.37536293,0.09858255999999987,-0.050000000000000044
1.2128e-10,1.39980405,1.30122149,1.32536293,1.37536293,0.09858255999999987,-0.050000000000000044
1.2228e-10,1.39980405,1.30122149,1.32536293,1.37536293,0.09858255999999987,-0.050000000000000044
1.2328e-10,1.39980405,1.30122149,1.32536293,1.37536293,0.09858255999999987,-0.050000000000000044
1.2428e-10,1.39980405,1.30122149,1.32536293,1.37536293,0.09858255999999987,-0.050000000000000044
1.2528e-10,1.39980405,1.30122149,1.32536293,1.37536293,0.09858255999999987,-0.050000000000000044
1.2628e-10,1.39980405,1.30122149,1.32536293,1.37536293,0.09858255999999987,-0.050000000000000044
1.2728e-10,1.39980405,1.30122149,1.32536293,1.37536293,0.09858255999999987,-0.050000000000000044
1.2828e-10,1.39980405,1.30122149,1.32536293,1.37536293,0.09858255999999987,-0.050000000000000044
1.2928e-10,1.39980405,1.30122149,1.32536293,1.37536293,0.09858255999999987,-0.050000000000000044
1.3028e-10,1.39980405,1.3012215,1.32536293,1.37536293,0.09858254999999994,-0.050000000000000044
1.3128e-10,1.39980405,1.3012215,1.32536293,1.37536293,0.09858254999999994,-0.050000000000000044
1.3228e-10,1.39980405,1.3012215,1.32536293,1.37536293,0.09858254999999994,-0.050000000000000044
1.3328e-10,1.39980405,1.3012215,1.32536293,1.37536293,0.09858254999999994,-0.050000000000000044
1.3428e-10,1.39980405,1.3012215,1.32536293,1.37536293,0.09858254999999994,-0.050000000000000044
1.3528e-10,1.39980405,1.3012215,1.32536293,1.37536293,0.09858254999999994,-0.050000000000000044
1.3628e-10,1.39980404,1.3012215,1.32536293,1.37536293,0.09858254,-0.050000000000000044
1.3728e-10,1.39980404,1.3012215,1.32536293,1.37536293,0.09858254,-0.050000000000000044
1.3828e-10,1.39980404,1.3012215,1.32536293,1.37536293,0.09858254,-0.050000000000000044
1.3928e-10,1.39980404,1.3012215,1.32536293,1.37536293,0.09858254,-0.050000000000000044
1.4028e-10,1.39980404,1.3012215,1.32536293,1.37536293,0.09858254,-0.050000000000000044
1.4128e-10,1.39980404,1.3012215,1.32536293,1.37536293,0.09858254,-0.050000000000000044
1.4228e-10,1.39980404,1.3012215,1.32536293,1.37536293,0.09858254,-0.050000000000000044
1.4328e-10,1.39980404,1.3012215,1.32536293,1.37536293,0.09858254,-0.050000000000000044
1.4428e-10,1.39980404,1.3012215,1.32536293,1.37536293,0.09858254,-0.050000000000000044
1.4528e-10,1.39980404,1.3012215,1.32536293,1.37536293,0.09858254,-0.050000000000000044
1.4628e-10,1.39980404,1.3012215,1.32536293,1.37536293,0.09858254,-0.050000000000000044
1.4728e-10,1.39980404,1.3012215,1.32536293,1.37536293,0.09858254,-0.050000000000000044
1.4828e-10,1.39980404,1.3012215,1.32536293,1.37536293,0.09858254,-0.050000000000000044
1.4928e-10,1.39980404,1.3012215,1.32536293,1.37536293,0.09858254,-0.050000000000000044
1.5028e-10,1.39980404,1.3012215,1.32536293,1.37536293,0.09858254,-0.050000000000000044
1.5128e-10,1.39980404,1.3012215,1.32536293,1.37536293,0.09858254,-0.050000000000000044
1.5228e-10,1.39980404,1.3012215,1.32536293,1.37536293,0.09858254,-0.050000000000000044
1.5328e-10,1.39980404,1.3012215,1.32536293,1.37536293,0.09858254,-0.050000000000000044
1.5428e-10,1.39980404,1.3012215,1.32536293,1.37536293,0.09858254,-0.050000000000000044
1.5528e-10,1.39980404,1.3012215,1.32536293,1.37536293,0.09858254,-0.050000000000000044
1.5628e-10,1.39980404,1.3012215,1.32536293,1.37536293,0.09858254,-0.050000000000000044
1.5728e-10,1.39980404,1.3012215,1.32536293,1.37536293,0.09858254,-0.050000000000000044
1.5828e-10,1.39980404,1.3012215,1.32536293,1.37536293,0.09858254,-0.050000000000000044
1.5928e-10,1.39980404,1.3012215,1.32536293,1.37536293,0.09858254,-0.050000000000000044
1.6028e-10,1.39980404,1.3012215,1.32536293,1.37536293,0.09858254,-0.050000000000000044
1.6128e-10,1.39980404,1.3012215,1.32536293,1.37536293,0.09858254,-0.050000000000000044
1.6228e-10,1.39980404,1.3012215,1.32536293,1.37536293,0.09858254,-0.050000000000000044
1.6328e-10,1.39980404,1.3012215,1.32536293,1.37536293,0.09858254,-0.050000000000000044
1.6428e-10,1.39980404,1.3012215,1.32536293,1.37536293,0.09858254,-0.050000000000000044
1.6528e-10,1.39980404,1.3012215,1.32536293,1.37536293,0.09858254,-0.050000000000000044
1.6628e-10,1.39980404,1.3012215,1.32536293,1.37536293,0.09858254,-0.050000000000000044
1.6728e-10,1.39980403,1.3012215,1.32536293,1.37536293,0.09858253000000006,-0.050000000000000044
1.6828e-10,1.39980403,1.3012215,1.32536293,1.37536293,0.09858253000000006,-0.050000000000000044
1.6928e-10,1.39980403,1.3012215,1.32536293,1.37536293,0.09858253000000006,-0.050000000000000044
1.7028e-10,1.39980403,1.3012215,1.32536293,1.37536293,0.09858253000000006,-0.050000000000000044
1.7128e-10,1.39980403,1.3012215,1.32536293,1.37536293,0.09858253000000006,-0.050000000000000044
1.7228e-10,1.39980403,1.3012215,1.32536293,1.37536293,0.09858253000000006,-0.050000000000000044
1.7328e-10,1.39980403,1.30122151,1.32536293,1.37536293,0.09858252000000012,-0.050000000000000044
1.7428e-10,1.39980403,1.30122151,1.32536293,1.37536293,0.09858252000000012,-0.050000000000000044
1.7528e-10,1.39980403,1.30122151,1.32536293,1.37536293,0.09858252000000012,-0.050000000000000044
1.7628e-10,1.39980403,1.30122151,1.32536293,1.37536293,0.09858252000000012,-0.050000000000000044
1.7728e-10,1.39980403,1.30122151,1.32536293,1.37536293,0.09858252000000012,-0.050000000000000044
1.7828e-10,1.39980403,1.30122151,1.32536293,1.37536293,0.09858252000000012,-0.050000000000000044
1.7928e-10,1.39980403,1.30122151,1.32536293,1.37536293,0.09858252000000012,-0.050000000000000044
1.8028e-10,1.39980403,1.30122151,1.32536293,1.37536293,0.09858252000000012,-0.050000000000000044
1.8128e-10,1.39980403,1.30122151,1.32536293,1.37536293,0.09858252000000012,-0.050000000000000044
1.8228e-10,1.39980403,1.30122151,1.32536293,1.37536293,0.09858252000000012,-0.050000000000000044
1.8328e-10,1.39980403,1.30122151,1.32536293,1.37536293,0.09858252000000012,-0.050000000000000044
1.8428e-10,1.39980403,1.30122151,1.32536293,1.37536293,0.09858252000000012,-0.050000000000000044
1.8528e-10,1.39980403,1.30122151,1.32536293,1.37536293,0.09858252000000012,-0.050000000000000044
1.8628e-10,1.39980403,1.30122151,1.32536293,1.37536293,0.09858252000000012,-0.050000000000000044
1.8728e-10,1.39980403,1.30122151,1.32536293,1.37536293,0.09858252000000012,-0.050000000000000044
1.8828e-10,1.39980403,1.30122151,1.32536293,1.37536293,0.09858252000000012,-0.050000000000000044
1.8928e-10,1.39980403,1.30122151,1.32536293,1.37536293,0.09858252000000012,-0.050000000000000044
1.9028e-10,1.39980403,1.30122151,1.32536293,1.37536293,0.09858252000000012,-0.050000000000000044
1.9128e-10,1.39980403,1.30122151,1.32536293,1.37536293,0.09858252000000012,-0.050000000000000044
1.9228e-10,1.39980403,1.30122151,1.32536293,1.37536293,0.09858252000000012,-0.050000000000000044
1.9328e-10,1.39980403,1.30122151,1.32536293,1.37536293,0.09858252000000012,-0.050000000000000044
1.9428e-10,1.39980403,1.30122151,1.32536293,1.37536293,0.09858252000000012,-0.050000000000000044
1.9528e-10,1.39980403,1.30122151,1.32536293,1.37536293,0.09858252000000012,-0.050000000000000044
1.9628e-10,1.39980403,1.30122151,1.32536293,1.37536293,0.09858252000000012,-0.050000000000000044
1.9728e-10,1.39980403,1.30122151,1.32536293,1.37536293,0.09858252000000012,-0.050000000000000044
1.9828e-10,1.39980403,1.30122151,1.32536293,1.37536293,0.09858252000000012,-0.050000000000000044
1.9928e-10,1.39980403,1.30122151,1.32536293,1.37536293,0.09858252000000012,-0.050000000000000044
2.0028e-10,1.39980402,1.30122151,1.32536293,1.37536293,0.09858250999999996,-0.050000000000000044
2.0128e-10,1.39980402,1.30122151,1.32536293,1.37536293,0.09858250999999996,-0.050000000000000044
2.0228e-10,1.39980402,1.30122151,1.32536293,1.37536293,0.09858250999999996,-0.050000000000000044
2.0328e-10,1.39980402,1.30122151,1.32536293,1.37536293,0.09858250999999996,-0.050000000000000044
2.0428e-10,1.39980402,1.30122151,1.32536293,1.37536293,0.09858250999999996,-0.050000000000000044
2.0528e-10,1.39980402,1.30122151,1.32536293,1.37536293,0.09858250999999996,-0.050000000000000044
2.0628e-10,1.39980402,1.30122151,1.32536293,1.37536293,0.09858250999999996,-0.050000000000000044
2.0728e-10,1.39980402,1.30122151,1.32536293,1.37536293,0.09858250999999996,-0.050000000000000044
2.0828e-10,1.39980402,1.30122151,1.32536293,1.37536293,0.09858250999999996,-0.050000000000000044
2.0928e-10,1.39980402,1.30122151,1.32536293,1.37536293,0.09858250999999996,-0.050000000000000044
2.1028e-10,1.39980402,1.30122151,1.32536293,1.37536293,0.09858250999999996,-0.050000000000000044
2.1128e-10,1.39980402,1.30122151,1.32536293,1.37536293,0.09858250999999996,-0.050000000000000044
2.1228e-10,1.39980402,1.30122151,1.32536293,1.37536293,0.09858250999999996,-0.050000000000000044
2.1328e-10,1.39980402,1.30122151,1.32536293,1.37536293,0.09858250999999996,-0.050000000000000044
2.1428e-10,1.39980402,1.30122152,1.32536293,1.37536293,0.09858250000000002,-0.050000000000000044
2.1528e-10,1.39980402,1.30122152,1.32536293,1.37536293,0.09858250000000002,-0.050000000000000044
2.1628e-10,1.39980402,1.30122152,1.32536293,1.37536293,0.09858250000000002,-0.050000000000000044
2.1728e-10,1.39980402,1.30122152,1.32536293,1.37536293,0.09858250000000002,-0.050000000000000044
2.1828e-10,1.39980402,1.30122152,1.32536293,1.37536293,0.09858250000000002,-0.050000000000000044
2.1928e-10,1.39980402,1.30122152,1.32536293,1.37536293,0.09858250000000002,-0.050000000000000044
2.2028e-10,1.39980402,1.30122152,1.32536293,1.37536293,0.09858250000000002,-0.050000000000000044
2.2128e-10,1.39980402,1.30122152,1.32536293,1.37536293,0.09858250000000002,-0.050000000000000044
2.2228e-10,1.39980402,1.30122152,1.32536293,1.37536293,0.09858250000000002,-0.050000000000000044
2.2328e-10,1.39980402,1.30122152,1.32536293,1.37536293,0.09858250000000002,-0.050000000000000044
2.2428e-10,1.39980402,1.30122152,1.32536293,1.37536293,0.09858250000000002,-0.050000000000000044
2.2528e-10,1.39980402,1.30122152,1.32536293,1.37536293,0.09858250000000002,-0.050000000000000044
2.2628e-10,1.39980402,1.30122152,1.32536293,1.37536293,0.09858250000000002,-0.050000000000000044
2.2728e-10,1.39980402,1.30122152,1.32536293,1.37536293,0.09858250000000002,-0.050000000000000044
2.2828e-10,1.39980402,1.30122152,1.32536293,1.37536293,0.09858250000000002,-0.050000000000000044
2.2928e-10,1.39980402,1.30122152,1.32536293,1.37536293,0.09858250000000002,-0.050000000000000044
2.3028e-10,1.39980402,1.30122152,1.32536293,1.37536293,0.09858250000000002,-0.050000000000000044
2.3128e-10,1.39980402,1.30122152,1.32536293,1.37536293,0.09858250000000002,-0.050000000000000044
2.3228e-10,1.39980402,1.30122152,1.32536293,1.37536293,0.09858250000000002,-0.050000000000000044
2.3328e-10,1.39980402,1.30122152,1.32536293,1.37536293,0.09858250000000002,-0.050000000000000044
2.3428e-10,1.39980401,1.30122152,1.32536293,1.37536293,0.09858249000000008,-0.050000000000000044
2.3528e-10,1.39980401,1.30122152,1.32536293,1.37536293,0.09858249000000008,-0.050000000000000044
2.3628e-10,1.39980401,1.30122152,1.32536293,1.37536293,0.09858249000000008,-0.050000000000000044
2.3728e-10,1.39980401,1.30122152,1.32536293,1.37536293,0.09858249000000008,-0.050000000000000044
2.3828e-10,1.39980401,1.30122152,1.32536293,1.37536293,0.09858249000000008,-0.050000000000000044
2.3928e-10,1.39980401,1.30122152,1.32536293,1.37536293,0.09858249000000008,-0.050000000000000044
2.4028e-10,1.39980401,1.30122152,1.32536293,1.37536293,0.09858249000000008,-0.050000000000000044
2.4128e-10,1.39980401,1.30122152,1.32536293,1.37536293,0.09858249000000008,-0.050000000000000044
2.4228e-10,1.39980401,1.30122152,1.32536293,1.37536293,0.09858249000000008,-0.050000000000000044
2.4328e-10,1.39980401,1.30122152,1.32536293,1.37536293,0.09858249000000008,-0.050000000000000044
2.4428e-10,1.39980401,1.30122152,1.32536293,1.37536293,0.09858249000000008,-0.050000000000000044
2.4528e-10,1.39980401,1.30122152,1.32536293,1.37536293,0.09858249000000008,-0.050000000000000044
2.4628e-10,1.39980401,1.30122152,1.32536293,1.37536293,0.09858249000000008,-0.050000000000000044
2.4728e-10,1.39980401,1.30122152,1.32536293,1.37536293,0.09858249000000008,-0.050000000000000044
2.4828e-10,1.39980401,1.30122152,1.32536293,1.37536293,0.09858249000000008,-0.050000000000000044
2.4928e-10,1.39980401,1.30122152,1.32536293,1.37536293,0.09858249000000008,-0.050000000000000044
2.5028e-10,1.39980401,1.30122152,1.32536293,1.37536293,0.09858249000000008,-0.050000000000000044
2.5128e-10,1.39980401,1.30122152,1.32536293,1.37536293,0.09858249000000008,-0.050000000000000044
2.5228e-10,1.39980401,1.30122152,1.32536293,1.37536293,0.09858249000000008,-0.050000000000000044
2.5328e-10,1.39980401,1.30122152,1.32536293,1.37536293,0.09858249000000008,-0.050000000000000044
2.5428e-10,1.39980401,1.30122153,1.32536293,1.37536293,0.09858247999999992,-0.050000000000000044
2.5528e-10,1.39980401,1.30122153,1.32536293,1.37536293,0.09858247999999992,-0.050000000000000044
2.5628e-10,1.39980401,1.30122153,1.32536293,1.37536293,0.09858247999999992,-0.050000000000000044
2.5728e-10,1.39980401,1.30122153,1.32536293,1.37536293,0.09858247999999992,-0.050000000000000044
2.5828e-10,1.39980401,1.30122153,1.32536293,1.37536293,0.09858247999999992,-0.050000000000000044
2.5928e-10,1.39980401,1.30122153,1.32536293,1.37536293,0.09858247999999992,-0.050000000000000044
2.6028e-10,1.39980401,1.30122153,1.32536293,1.37536293,0.09858247999999992,-0.050000000000000044
2.6128e-10,1.39980401,1.30122153,1.32536293,1.37536293,0.09858247999999992,-0.050000000000000044
2.6228e-10,1.39980401,1.30122153,1.32536293,1.37536293,0.09858247999999992,-0.050000000000000044
2.6328e-10,1.39980401,1.30122153,1.32536293,1.37536293,0.09858247999999992,-0.050000000000000044
2.6428e-10,1.39980401,1.30122153,1.32536293,1.37536293,0.09858247999999992,-0.050000000000000044
2.6528e-10,1.39980401,1.30122153,1.32536293,1.37536293,0.09858247999999992,-0.050000000000000044
2.6628e-10,1.39980401,1.30122153,1.32536293,1.37536293,0.09858247999999992,-0.050000000000000044
2.6728e-10,1.39980401,1.30122153,1.32536293,1.37536293,0.09858247999999992,-0.050000000000000044
2.6828e-10,1.399804,1.30122153,1.32536293,1.37536293,0.09858246999999998,-0.050000000000000044
2.6928e-10,1.399804,1.30122153,1.32536293,1.37536293,0.09858246999999998,-0.050000000000000044
2.7028e-10,1.399804,1.30122153,1.32536293,1.37536293,0.09858246999999998,-0.050000000000000044
2.7128e-10,1.399804,1.30122153,1.32536293,1.37536293,0.09858246999999998,-0.050000000000000044
2.7228e-10,1.399804,1.30122153,1.32536293,1.37536293,0.09858246999999998,-0.050000000000000044
2.7328e-10,1.399804,1.30122153,1.32536293,1.37536293,0.09858246999999998,-0.050000000000000044
2.7428e-10,1.399804,1.30122153,1.32536293,1.37536293,0.09858246999999998,-0.050000000000000044
2.7528e-10,1.399804,1.30122153,1.32536293,1.37536293,0.09858246999999998,-0.050000000000000044
2.7628e-10,1.399804,1.30122153,1.32536293,1.37536293,0.09858246999999998,-0.050000000000000044
2.7728e-10,1.399804,1.30122153,1.32536293,1.37536293,0.09858246999999998,-0.050000000000000044
2.7828e-10,1.399804,1.30122153,1.32536293,1.37536293,0.09858246999999998,-0.050000000000000044
2.7928e-10,1.399804,1.30122153,1.32536293,1.37536293,0.09858246999999998,-0.050000000000000044
2.8028e-10,1.399804,1.30122153,1.32536293,1.37536293,0.09858246999999998,-0.050000000000000044
2.8128e-10,1.399804,1.30122153,1.32536293,1.37536293,0.09858246999999998,-0.050000000000000044
2.8228e-10,1.399804,1.30122153,1.32536293,1.37536293,0.09858246999999998,-0.050000000000000044
2.8328e-10,1.399804,1.30122153,1.32536293,1.37536293,0.09858246999999998,-0.050000000000000044
2.8428e-10,1.399804,1.30122153,1.32536293,1.37536293,0.09858246999999998,-0.050000000000000044
2.8528e-10,1.399804,1.30122153,1.32536293,1.37536293,0.09858246999999998,-0.050000000000000044
2.8628e-10,1.399804,1.30122153,1.32536293,1.37536293,0.09858246999999998,-0.050000000000000044
2.8728e-10,1.399804,1.30122153,1.32536293,1.37536293,0.09858246999999998,-0.050000000000000044
2.8828e-10,1.399804,1.30122153,1.32536293,1.37536293,0.09858246999999998,-0.050000000000000044
2.8928e-10,1.399804,1.30122153,1.32536293,1.37536293,0.09858246999999998,-0.050000000000000044
2.9028e-10,1.399804,1.30122153,1.32536293,1.37536293,0.09858246999999998,-0.050000000000000044
2.9128e-10,1.399804,1.30122153,1.32536293,1.37536293,0.09858246999999998,-0.050000000000000044
2.9228e-10,1.399804,1.30122153,1.32536293,1.37536293,0.09858246999999998,-0.050000000000000044
2.9328e-10,1.399804,1.30122154,1.32536293,1.37536293,0.09858246000000004,-0.050000000000000044
2.9428e-10,1.399804,1.30122154,1.32536293,1.37536293,0.09858246000000004,-0.050000000000000044
2.9528e-10,1.399804,1.30122154,1.32536293,1.37536293,0.09858246000000004,-0.050000000000000044
2.9628e-10,1.399804,1.30122154,1.32536293,1.37536293,0.09858246000000004,-0.050000000000000044
2.9728e-10,1.399804,1.30122154,1.32536293,1.37536293,0.09858246000000004,-0.050000000000000044
2.9828e-10,1.399804,1.30122154,1.32536293,1.37536293,0.09858246000000004,-0.050000000000000044
2.9928e-10,1.399804,1.30122154,1.32536293,1.37536293,0.09858246000000004,-0.050000000000000044
3.0028e-10,1.399804,1.30122154,1.32536293,1.37536293,0.09858246000000004,-0.050000000000000044
3.0128e-10,1.399804,1.30122154,1.32536293,1.37536293,0.09858246000000004,-0.050000000000000044
3.0228e-10,1.399804,1.30122154,1.32536293,1.37536293,0.09858246000000004,-0.050000000000000044
3.0328e-10,1.39980399,1.30122154,1.32536293,1.37536293,0.0985824500000001,-0.050000000000000044
3.0428e-10,1.39980399,1.30122154,1.32536293,1.37536293,0.0985824500000001,-0.050000000000000044
3.0528e-10,1.39980399,1.30122154,1.32536293,1.37536293,0.0985824500000001,-0.050000000000000044
3.0628e-10,1.39980399,1.30122154,1.32536293,1.37536293,0.0985824500000001,-0.050000000000000044
3.0728e-10,1.39980399,1.30122154,1.32536293,1.37536293,0.0985824500000001,-0.050000000000000044
3.0828e-10,1.39980399,1.30122154,1.32536293,1.37536293,0.0985824500000001,-0.050000000000000044
3.0928e-10,1.39980399,1.30122154,1.32536293,1.37536293,0.0985824500000001,-0.050000000000000044
3.1028e-10,1.39980399,1.30122154,1.32536293,1.37536293,0.0985824500000001,-0.050000000000000044
3.1128e-10,1.39980399,1.30122154,1.32536293,1.37536293,0.0985824500000001,-0.050000000000000044
3.1228e-10,1.39980399,1.30122154,1.32536293,1.37536293,0.0985824500000001,-0.050000000000000044
3.1328e-10,1.39980399,1.30122154,1.32536293,1.37536293,0.0985824500000001,-0.050000000000000044
3.1428e-10,1.39980399,1.30122154,1.32536293,1.37536293,0.0985824500000001,-0.050000000000000044
3.1528e-10,1.39980399,1.30122154,1.32536293,1.37536293,0.0985824500000001,-0.050000000000000044
3.1628e-10,1.39980399,1.30122154,1.32536293,1.37536293,0.0985824500000001,-0.050000000000000044
3.1728e-10,1.39980399,1.30122154,1.32536293,1.37536293,0.0985824500000001,-0.050000000000000044
3.1828e-10,1.39980399,1.30122154,1.32536293,1.37536293,0.0985824500000001,-0.050000000000000044
3.1928e-10,1.39980399,1.30122154,1.32536293,1.37536293,0.0985824500000001,-0.050000000000000044
3.2028e-10,1.39980399,1.30122154,1.32536293,1.37536293,0.0985824500000001,-0.050000000000000044
3.2128e-10,1.39980399,1.30122154,1.32536293,1.37536293,0.0985824500000001,-0.050000000000000044
3.2228e-10,1.39980399,1.30122154,1.32536293,1.37536293,0.0985824500000001,-0.050000000000000044
3.2328e-10,1.39980399,1.30122154,1.32536293,1.37536293,0.0985824500000001,-0.050000000000000044
3.2428e-10,1.39980399,1.30122154,1.32536293,1.37536293,0.0985824500000001,-0.050000000000000044
3.2528e-10,1.39980399,1.30122154,1.32536293,1.37536293,0.0985824500000001,-0.050000000000000044
3.2628e-10,1.39980399,1.30122154,1.32536293,1.37536293,0.0985824500000001,-0.050000000000000044
3.2728e-10,1.39980399,1.30122154,1.32536293,1.37536293,0.0985824500000001,-0.050000000000000044
3.2828e-10,1.39980399,1.30122154,1.32536293,1.37536293,0.0985824500000001,-0.050000000000000044
3.2928e-10,1.39980399,1.30122154,1.32536293,1.37536293,0.0985824500000001,-0.050000000000000044
3.3028e-10,1.39980399,1.30122154,1.32536293,1.37536293,0.0985824500000001,-0.050000000000000044
3.3128e-10,1.39980399,1.30122155,1.32536293,1.37536293,0.09858244000000016,-0.050000000000000044
3.3228e-10,1.39980399,1.30122155,1.32536293,1.37536293,0.09858244000000016,-0.050000000000000044
3.3328e-10,1.39980399,1.30122155,1.32536293,1.37536293,0.09858244000000016,-0.050000000000000044
3.3428e-10,1.39980399,1.30122155,1.32536293,1.37536293,0.09858244000000016,-0.050000000000000044
3.3528e-10,1.39980399,1.30122155,1.32536293,1.37536293,0.09858244000000016,-0.050000000000000044
3.3628e-10,1.39980399,1.30122155,1.32536293,1.37536293,0.09858244000000016,-0.050000000000000044
3.3728e-10,1.39980399,1.30122155,1.32536293,1.37536293,0.09858244000000016,-0.050000000000000044
3.3828e-10,1.39980399,1.30122155,1.32536293,1.37536293,0.09858244000000016,-0.050000000000000044
3.3928e-10,1.39980398,1.30122155,1.32536293,1.37536293,0.09858243,-0.050000000000000044
3.4028e-10,1.39980398,1.30122155,1.32536293,1.37536293,0.09858243,-0.050000000000000044
3.4128e-10,1.39980398,1.30122155,1.32536293,1.37536293,0.09858243,-0.050000000000000044
3.4228e-10,1.39980398,1.30122155,1.32536293,1.37536293,0.09858243,-0.050000000000000044
3.4328e-10,1.39980398,1.30122155,1.32536293,1.37536293,0.09858243,-0.050000000000000044
3.4428e-10,1.39980398,1.30122155,1.32536293,1.37536293,0.09858243,-0.050000000000000044
3.4528e-10,1.39980398,1.30122155,1.32536293,1.37536293,0.09858243,-0.050000000000000044
3.4628e-10,1.39980398,1.30122155,1.32536293,1.37536293,0.09858243,-0.050000000000000044
3.4728e-10,1.39980398,1.30122155,1.32536293,1.37536293,0.09858243,-0.050000000000000044
3.4828e-10,1.39980398,1.30122155,1.32536293,1.37536293,0.09858243,-0.050000000000000044
3.4928e-10,1.39980398,1.30122155,1.32536293,1.37536293,0.09858243,-0.050000000000000044
3.5028e-10,1.39980398,1.30122155,1.32536293,1.37536293,0.09858243,-0.050000000000000044
3.5128e-10,1.39980398,1.30122155,1.32536293,1.37536293,0.09858243,-0.050000000000000044
3.5228e-10,1.39980398,1.30122155,1.32536293,1.37536293,0.09858243,-0.050000000000000044
3.5328e-10,1.39980398,1.30122155,1.32536293,1.37536293,0.09858243,-0.050000000000000044
3.5428e-10,1.39980398,1.30122155,1.32536293,1.37536293,0.09858243,-0.050000000000000044
3.5528e-10,1.39980398,1.30122155,1.32536293,1.37536293,0.09858243,-0.050000000000000044
3.5628e-10,1.39980398,1.30122155,1.32536293,1.37536293,0.09858243,-0.050000000000000044
3.5728e-10,1.39980398,1.30122155,1.32536293,1.37536293,0.09858243,-0.050000000000000044
3.5828e-10,1.39980398,1.30122155,1.32536293,1.37536293,0.09858243,-0.050000000000000044
3.5928e-10,1.39980398,1.30122155,1.32536293,1.37536293,0.09858243,-0.050000000000000044
3.6028e-10,1.39980398,1.30122155,1.32536293,1.37536293,0.09858243,-0.050000000000000044
3.6128e-10,1.39980398,1.30122155,1.32536293,1.37536293,0.09858243,-0.050000000000000044
3.6228e-10,1.39980398,1.30122155,1.32536293,1.37536293,0.09858243,-0.050000000000000044
3.6328e-10,1.39980398,1.30122155,1.32536293,1.37536293,0.09858243,-0.050000000000000044
3.6428e-10,1.39980398,1.30122155,1.32536293,1.37536293,0.09858243,-0.050000000000000044
3.6528e-10,1.39980398,1.30122155,1.32536293,1.37536293,0.09858243,-0.050000000000000044
3.6628e-10,1.39980398,1.30122155,1.32536293,1.37536293,0.09858243,-0.050000000000000044
3.6728e-10,1.39980398,1.30122155,1.32536293,1.37536293,0.09858243,-0.050000000000000044
3.6828e-10,1.39980398,1.30122155,1.32536293,1.37536293,0.09858243,-0.050000000000000044
3.6928e-10,1.39980398,1.30122155,1.32536293,1.37536293,0.09858243,-0.050000000000000044
3.7028e-10,1.39980398,1.30122156,1.32536293,1.37536293,0.09858241999999984,-0.050000000000000044
3.7128e-10,1.39980398,1.30122156,1.32536293,1.37536293,0.09858241999999984,-0.050000000000000044
3.7228e-10,1.39980398,1.30122156,1.32536293,1.37536293,0.09858241999999984,-0.050000000000000044
3.7328e-10,1.39980398,1.30122156,1.32536293,1.37536293,0.09858241999999984,-0.050000000000000044
3.7428e-10,1.39980397,1.30122156,1.32536293,1.37536293,0.0985824099999999,-0.050000000000000044
3.7528e-10,1.39980397,1.30122156,1.32536293,1.37536293,0.0985824099999999,-0.050000000000000044
3.7628e-10,1.39980397,1.30122156,1.32536293,1.37536293,0.0985824099999999,-0.050000000000000044
3.7728e-10,1.39980397,1.30122156,1.32536293,1.37536293,0.0985824099999999,-0.050000000000000044
3.7828e-10,1.39980397,1.30122156,1.32536293,1.37536293,0.0985824099999999,-0.050000000000000044
3.7928e-10,1.39980397,1.30122156,1.32536293,1.37536293,0.0985824099999999,-0.050000000000000044
3.8028e-10,1.39980397,1.30122156,1.32536293,1.37536293,0.0985824099999999,-0.050000000000000044
3.8128e-10,1.39980397,1.30122156,1.32536293,1.37536293,0.0985824099999999,-0.050000000000000044
3.8228e-10,1.39980397,1.30122156,1.32536293,1.37536293,0.0985824099999999,-0.050000000000000044
3.8328e-10,1.39980397,1.30122156,1.32536293,1.37536293,0.0985824099999999,-0.050000000000000044
3.8428e-10,1.39980397,1.30122156,1.32536293,1.37536293,0.0985824099999999,-0.050000000000000044
3.8528e-10,1.39980397,1.30122156,1.32536293,1.37536293,0.0985824099999999,-0.050000000000000044
3.8628e-10,1.39980397,1.30122156,1.32536293,1.37536293,0.0985824099999999,-0.050000000000000044
3.8728e-10,1.39980397,1.30122156,1.32536293,1.37536293,0.0985824099999999,-0.050000000000000044
3.8828e-10,1.39980397,1.30122156,1.32536293,1.37536293,0.0985824099999999,-0.050000000000000044
3.8928e-10,1.39980397,1.30122156,1.32536293,1.37536293,0.0985824099999999,-0.050000000000000044
3.9028e-10,1.39980397,1.30122156,1.32536293,1.37536293,0.0985824099999999,-0.050000000000000044
3.9128e-10,1.39980397,1.30122156,1.32536293,1.37536293,0.0985824099999999,-0.050000000000000044
3.9228e-10,1.39980397,1.30122156,1.32536293,1.37536293,0.0985824099999999,-0.050000000000000044
3.9328e-10,1.39980397,1.30122156,1.32536293,1.37536293,0.0985824099999999,-0.050000000000000044
3.9428e-10,1.39980397,1.30122156,1.32536293,1.37536293,0.0985824099999999,-0.050000000000000044
3.9528e-10,1.39980397,1.30122156,1.32536293,1.37536293,0.0985824099999999,-0.050000000000000044
3.9628e-10,1.39980397,1.30122156,1.32536293,1.37536293,0.0985824099999999,-0.050000000000000044
3.9728e-10,1.39980397,1.30122156,1.32536293,1.37536293,0.0985824099999999,-0.050000000000000044
3.9828e-10,1.39980397,1.30122156,1.32536293,1.37536293,0.0985824099999999,-0.050000000000000044
3.9928e-10,1.39980397,1.30122156,1.32536293,1.37536293,0.0985824099999999,-0.050000000000000044
4.0028e-10,1.39980397,1.30122156,1.32536293,1.37536293,0.0985824099999999,-0.050000000000000044
4.0128e-10,1.39980397,1.30122156,1.32536293,1.37536293,0.0985824099999999,-0.050000000000000044
4.0228e-10,1.39980397,1.30122156,1.32536293,1.37536293,0.0985824099999999,-0.050000000000000044
4.0328e-10,1.39980397,1.30122156,1.32536293,1.37536293,0.0985824099999999,-0.050000000000000044
4.0428e-10,1.39980397,1.30122156,1.32536293,1.37536293,0.0985824099999999,-0.050000000000000044
4.0528e-10,1.39980397,1.30122156,1.32536293,1.37536293,0.0985824099999999,-0.050000000000000044
4.0628e-10,1.39980397,1.30122156,1.32536293,1.37536293,0.0985824099999999,-0.050000000000000044
4.0728e-10,1.39980397,1.30122156,1.32536293,1.37536293,0.0985824099999999,-0.050000000000000044
4.0828e-10,1.39980397,1.30122157,1.32536293,1.37536293,0.09858239999999996,-0.050000000000000044
4.0928e-10,1.39980397,1.30122157,1.32536293,1.37536293,0.09858239999999996,-0.050000000000000044
4.1028e-10,1.39980396,1.30122157,1.32536293,1.37536293,0.09858239000000002,-0.050000000000000044
4.1128e-10,1.39980396,1.30122157,1.32536293,1.37536293,0.09858239000000002,-0.050000000000000044
4.1228e-10,1.39980396,1.30122157,1.32536293,1.37536293,0.09858239000000002,-0.050000000000000044
4.1328e-10,1.39980396,1.30122157,1.32536293,1.37536293,0.09858239000000002,-0.050000000000000044
4.1428e-10,1.39980396,1.30122157,1.32536293,1.37536293,0.09858239000000002,-0.050000000000000044
4.1528e-10,1.39980396,1.30122157,1.32536293,1.37536293,0.09858239000000002,-0.050000000000000044
4.1628e-10,1.39980396,1.30122157,1.32536293,1.37536293,0.09858239000000002,-0.050000000000000044
4.1728e-10,1.39980396,1.30122157,1.32536293,1.37536293,0.09858239000000002,-0.050000000000000044
4.1828e-10,1.39980396,1.30122157,1.32536293,1.37536293,0.09858239000000002,-0.050000000000000044
4.1928e-10,1.39980396,1.30122157,1.32536293,1.37536293,0.09858239000000002,-0.050000000000000044
4.2028e-10,1.39980396,1.30122157,1.32536293,1.37536293,0.09858239000000002,-0.050000000000000044
4.2128e-10,1.39980396,1.30122157,1.32536293,1.37536293,0.09858239000000002,-0.050000000000000044
4.2228e-10,1.39980396,1.30122157,1.32536293,1.37536293,0.09858239000000002,-0.050000000000000044
4.2328e-10,1.39980396,1.30122157,1.32536293,1.37536293,0.09858239000000002,-0.050000000000000044
4.2428e-10,1.39980396,1.30122157,1.32536293,1.37536293,0.09858239000000002,-0.050000000000000044
4.2528e-10,1.39980396,1.30122157,1.32536293,1.37536293,0.09858239000000002,-0.050000000000000044
4.2628e-10,1.39980396,1.30122157,1.32536293,1.37536293,0.09858239000000002,-0.050000000000000044
4.2728e-10,1.39980396,1.30122157,1.32536293,1.37536293,0.09858239000000002,-0.050000000000000044
4.2828e-10,1.39980396,1.30122157,1.32536293,1.37536293,0.09858239000000002,-0.050000000000000044
4.2928e-10,1.39980396,1.30122157,1.32536293,1.37536293,0.09858239000000002,-0.050000000000000044
4.3028e-10,1.39980396,1.30122157,1.32536293,1.37536293,0.09858239000000002,-0.050000000000000044
4.3128e-10,1.39980396,1.30122157,1.32536293,1.37536293,0.09858239000000002,-0.050000000000000044
4.3228e-10,1.39980396,1.30122157,1.32536293,1.37536293,0.09858239000000002,-0.050000000000000044
4.3328e-10,1.39980396,1.30122157,1.32536293,1.37536293,0.09858239000000002,-0.050000000000000044
4.3428e-10,1.39980396,1.30122157,1.32536293,1.37536293,0.09858239000000002,-0.050000000000000044
4.3528e-10,1.39980396,1.30122157,1.32536293,1.37536293,0.09858239000000002,-0.050000000000000044
4.3628e-10,1.39980396,1.30122157,1.32536293,1.37536293,0.09858239000000002,-0.050000000000000044
4.3728e-10,1.39980396,1.30122157,1.32536293,1.37536293,0.09858239000000002,-0.050000000000000044
4.3828e-10,1.39980396,1.30122157,1.32536293,1.37536293,0.09858239000000002,-0.050000000000000044
4.3928e-10,1.39980396,1.30122157,1.32536293,1.37536293,0.09858239000000002,-0.050000000000000044
4.4028e-10,1.39980396,1.30122157,1.32536293,1.37536293,0.09858239000000002,-0.050000000000000044
4.4128e-10,1.39980396,1.30122157,1.32536293,1.37536293,0.09858239000000002,-0.050000000000000044
4.4228e-10,1.39980396,1.30122157,1.32536293,1.37536293,0.09858239000000002,-0.050000000000000044
4.4328e-10,1.39980396,1.30122157,1.32536293,1.37536293,0.09858239000000002,-0.050000000000000044
4.4428e-10,1.39980396,1.30122157,1.32536293,1.37536293,0.09858239000000002,-0.050000000000000044
4.4528e-10,1.39980396,1.30122157,1.32536293,1.37536293,0.09858239000000002,-0.050000000000000044
4.4628e-10,1.39980395,1.30122157,1.32536293,1.37536293,0.09858237999999986,-0.050000000000000044
4.4728e-10,1.39980395,1.30122158,1.32536293,1.37536293,0.09858236999999992,-0.050000000000000044
4.4828e-10,1.39980395,1.30122158,1.32536293,1.37536293,0.09858236999999992,-0.050000000000000044
4.4928e-10,1.39980395,1.30122158,1.32536293,1.37536293,0.09858236999999992,-0.050000000000000044
4.5028e-10,1.39980395,1.30122158,1.32536293,1.37536293,0.09858236999999992,-0.050000000000000044
4.5128e-10,1.39980395,1.30122158,1.32536293,1.37536293,0.09858236999999992,-0.050000000000000044
4.5228e-10,1.39980395,1.30122158,1.32536293,1.37536293,0.09858236999999992,-0.050000000000000044
4.5328e-10,1.39980395,1.30122158,1.32536293,1.37536293,0.09858236999999992,-0.050000000000000044
4.5428e-10,1.39980395,1.30122158,1.32536293,1.37536293,0.09858236999999992,-0.050000000000000044
4.5528e-10,1.39980395,1.30122158,1.32536293,1.37536293,0.09858236999999992,-0.050000000000000044
4.5628e-10,1.39980395,1.30122158,1.32536293,1.37536293,0.09858236999999992,-0.050000000000000044
4.5728e-10,1.39980395,1.30122158,1.32536293,1.37536293,0.09858236999999992,-0.050000000000000044
4.5828e-10,1.39980395,1.30122158,1.32536293,1.37536293,0.09858236999999992,-0.050000000000000044
4.5928e-10,1.39980395,1.30122158,1.32536293,1.37536293,0.09858236999999992,-0.050000000000000044
4.6028e-10,1.39980395,1.30122158,1.32536293,1.37536293,0.09858236999999992,-0.050000000000000044
4.6128e-10,1.39980395,1.30122158,1.32536293,1.37536293,0.09858236999999992,-0.050000000000000044
4.6228e-10,1.39980395,1.30122158,1.32536293,1.37536293,0.09858236999999992,-0.050000000000000044
4.6328e-10,1.39980395,1.30122158,1.32536293,1.37536293,0.09858236999999992,-0.050000000000000044
4.6428e-10,1.39980395,1.30122158,1.32536293,1.37536293,0.09858236999999992,-0.050000000000000044
4.6528e-10,1.39980395,1.30122158,1.32536293,1.37536293,0.09858236999999992,-0.050000000000000044
4.6628e-10,1.39980395,1.30122158,1.32536293,1.37536293,0.09858236999999992,-0.050000000000000044
4.6728e-10,1.39980395,1.30122158,1.32536293,1.37536293,0.09858236999999992,-0.050000000000000044
4.6828e-10,1.39980395,1.30122158,1.32536293,1.37536293,0.09858236999999992,-0.050000000000000044
4.6928e-10,1.39980395,1.30122158,1.32536293,1.37536293,0.09858236999999992,-0.050000000000000044
4.7028e-10,1.39980395,1.30122158,1.32536293,1.37536293,0.09858236999999992,-0.050000000000000044
4.7128e-10,1.39980395,1.30122158,1.32536293,1.37536293,0.09858236999999992,-0.050000000000000044
4.7228e-10,1.39980395,1.30122158,1.32536293,1.37536293,0.09858236999999992,-0.050000000000000044
4.7328e-10,1.39980395,1.30122158,1.32536293,1.37536293,0.09858236999999992,-0.050000000000000044
4.7428e-10,1.39980395,1.30122158,1.32536293,1.37536293,0.09858236999999992,-0.050000000000000044
4.7528e-10,1.39980395,1.30122158,1.32536293,1.37536293,0.09858236999999992,-0.050000000000000044
4.7628e-10,1.39980395,1.30122158,1.32536293,1.37536293,0.09858236999999992,-0.050000000000000044
4.7728e-10,1.39980395,1.30122158,1.32536293,1.37536293,0.09858236999999992,-0.050000000000000044
4.7828e-10,1.39980395,1.30122158,1.32536293,1.37536293,0.09858236999999992,-0.050000000000000044
4.7928e-10,1.39980395,1.30122158,1.32536293,1.37536293,0.09858236999999992,-0.050000000000000044
4.8028e-10,1.39980395,1.30122158,1.32536293,1.37536293,0.09858236999999992,-0.050000000000000044
4.8128e-10,1.39980395,1.30122158,1.32536293,1.37536293,0.09858236999999992,-0.050000000000000044
4.8228e-10,1.39980394,1.30122158,1.32536293,1.37536293,0.09858235999999998,-0.050000000000000044
4.8328e-10,1.39980394,1.30122158,1.32536293,1.37536293,0.09858235999999998,-0.050000000000000044
4.8428e-10,1.39980394,1.30122158,1.32536293,1.37536293,0.09858235999999998,-0.050000000000000044
4.8528e-10,1.39980394,1.30122159,1.32536293,1.37536293,0.09858235000000004,-0.050000000000000044
4.8628e-10,1.39980394,1.30122159,1.32536293,1.37536293,0.09858235000000004,-0.050000000000000044
4.8728e-10,1.39980394,1.30122159,1.32536293,1.37536293,0.09858235000000004,-0.050000000000000044
4.8828e-10,1.39980394,1.30122159,1.32536293,1.37536293,0.09858235000000004,-0.050000000000000044
4.8928e-10,1.39980394,1.30122159,1.32536293,1.37536293,0.09858235000000004,-0.050000000000000044
4.9028e-10,1.39980394,1.30122159,1.32536293,1.37536293,0.09858235000000004,-0.050000000000000044
4.9128e-10,1.39980394,1.30122159,1.32536293,1.37536293,0.09858235000000004,-0.050000000000000044
4.9228e-10,1.39980394,1.30122159,1.32536293,1.37536293,0.09858235000000004,-0.050000000000000044
4.9328e-10,1.39980394,1.30122159,1.32536293,1.37536293,0.09858235000000004,-0.050000000000000044
4.9428e-10,1.39980394,1.30122159,1.32536293,1.37536293,0.09858235000000004,-0.050000000000000044
4.9528e-10,1.39980394,1.30122159,1.32536293,1.37536293,0.09858235000000004,-0.050000000000000044
4.9628e-10,1.39980394,1.30122159,1.32536293,1.37536293,0.09858235000000004,-0.050000000000000044
4.9728e-10,1.39980394,1.30122159,1.32536293,1.37536293,0.09858235000000004,-0.050000000000000044
4.9828e-10,1.39980394,1.30122159,1.32536293,1.37536293,0.09858235000000004,-0.050000000000000044
4.9928e-10,1.39980394,1.30122159,1.32536293,1.37536293,0.09858235000000004,-0.050000000000000044
5.0028e-10,1.39980394,1.30122159,1.32536293,1.37536293,0.09858235000000004,-0.050000000000000044
5.0128e-10,1.39980394,1.30122159,1.32536293,1.37536293,0.09858235000000004,-0.050000000000000044
5.0228e-10,1.39980394,1.30122159,1.32536293,1.37536293,0.09858235000000004,-0.050000000000000044
5.0328e-10,1.39980394,1.30122159,1.32536293,1.37536293,0.09858235000000004,-0.050000000000000044
5.0428e-10,1.39980394,1.30122159,1.32536293,1.37536293,0.09858235000000004,-0.050000000000000044
5.0528e-10,1.39980394,1.30122159,1.32536293,1.37536293,0.09858235000000004,-0.050000000000000044
5.0628e-10,1.39980394,1.30122159,1.32536293,1.37536293,0.09858235000000004,-0.050000000000000044
5.0728e-10,1.39980394,1.30122159,1.32536293,1.37536293,0.09858235000000004,-0.050000000000000044
5.0828e-10,1.39980394,1.30122159,1.32536293,1.37536293,0.09858235000000004,-0.050000000000000044
5.0928e-10,1.39980394,1.30122159,1.32536293,1.37536293,0.09858235000000004,-0.050000000000000044
5.1028e-10,1.39980394,1.30122159,1.32536293,1.37536293,0.09858235000000004,-0.050000000000000044
5.1128e-10,1.39980394,1.30122159,1.32536293,1.37536293,0.09858235000000004,-0.050000000000000044
5.1228e-10,1.39980394,1.30122159,1.32536293,1.37536293,0.09858235000000004,-0.050000000000000044
5.1328e-10,1.39980394,1.30122159,1.32536293,1.37536293,0.09858235000000004,-0.050000000000000044
5.1428e-10,1.39980394,1.30122159,1.32536293,1.37536293,0.09858235000000004,-0.050000000000000044
5.1528e-10,1.39980394,1.30122159,1.32536293,1.37536293,0.09858235000000004,-0.050000000000000044
5.1628e-10,1.39980394,1.30122159,1.32536293,1.37536293,0.09858235000000004,-0.050000000000000044
5.1728e-10,1.39980394,1.30122159,1.32536293,1.37536293,0.09858235000000004,-0.050000000000000044
5.1828e-10,1.39980393,1.30122159,1.32536293,1.37536293,0.0985823400000001,-0.050000000000000044
5.1928e-10,1.39980393,1.30122159,1.32536293,1.37536293,0.0985823400000001,-0.050000000000000044
5.2028e-10,1.39980393,1.30122159,1.32536293,1.37536293,0.0985823400000001,-0.050000000000000044
5.2128e-10,1.39980393,1.30122159,1.32536293,1.37536293,0.0985823400000001,-0.050000000000000044
5.2228e-10,1.39980393,1.30122159,1.32536293,1.37536293,0.0985823400000001,-0.050000000000000044
5.2328e-10,1.39980393,1.3012216,1.32536293,1.37536293,0.09858232999999994,-0.050000000000000044
5.2428e-10,1.39980393,1.3012216,1.32536293,1.37536293,0.09858232999999994,-0.050000000000000044
5.2528e-10,1.39980393,1.3012216,1.32536293,1.37536293,0.09858232999999994,-0.050000000000000044
5.2628e-10,1.39980393,1.3012216,1.32536293,1.37536293,0.09858232999999994,-0.050000000000000044
5.2728e-10,1.39980393,1.3012216,1.32536293,1.37536293,0.09858232999999994,-0.050000000000000044
5.2828e-10,1.39980393,1.3012216,1.32536293,1.37536293,0.09858232999999994,-0.050000000000000044
5.2928e-10,1.39980393,1.3012216,1.32536293,1.37536293,0.09858232999999994,-0.050000000000000044
5.3028e-10,1.39980393,1.3012216,1.32536293,1.37536293,0.09858232999999994,-0.050000000000000044
5.3128e-10,1.39980393,1.3012216,1.32536293,1.37536293,0.09858232999999994,-0.050000000000000044
5.3228e-10,1.39980393,1.3012216,1.32536293,1.37536293,0.09858232999999994,-0.050000000000000044
5.3328e-10,1.39980393,1.3012216,1.32536293,1.37536293,0.09858232999999994,-0.050000000000000044
5.3428e-10,1.39980393,1.3012216,1.32536293,1.37536293,0.09858232999999994,-0.050000000000000044
5.3528e-10,1.39980393,1.3012216,1.32536293,1.37536293,0.09858232999999994,-0.050000000000000044
5.3628e-10,1.39980393,1.3012216,1.32536293,1.37536293,0.09858232999999994,-0.050000000000000044
5.3728e-10,1.39980393,1.3012216,1.32536293,1.37536293,0.09858232999999994,-0.050000000000000044
5.3828e-10,1.39980393,1.3012216,1.32536293,1.37536293,0.09858232999999994,-0.050000000000000044
5.3928e-10,1.39980393,1.3012216,1.32536293,1.37536293,0.09858232999999994,-0.050000000000000044
5.4028e-10,1.39980393,1.3012216,1.32536293,1.37536293,0.09858232999999994,-0.050000000000000044
5.4128e-10,1.39980393,1.3012216,1.32536293,1.37536293,0.09858232999999994,-0.050000000000000044
5.4228e-10,1.39980393,1.3012216,1.32536293,1.37536293,0.09858232999999994,-0.050000000000000044
5.4328e-10,1.39980393,1.3012216,1.32536293,1.37536293,0.09858232999999994,-0.050000000000000044
5.4428e-10,1.39980393,1.3012216,1.32536293,1.37536293,0.09858232999999994,-0.050000000000000044
5.4528e-10,1.39980393,1.3012216,1.32536293,1.37536293,0.09858232999999994,-0.050000000000000044
5.4628e-10,1.39980393,1.3012216,1.32536293,1.37536293,0.09858232999999994,-0.050000000000000044
5.4728e-10,1.39980393,1.3012216,1.32536293,1.37536293,0.09858232999999994,-0.050000000000000044
5.4828e-10,1.39980393,1.3012216,1.32536293,1.37536293,0.09858232999999994,-0.050000000000000044
5.4928e-10,1.39980393,1.3012216,1.32536293,1.37536293,0.09858232999999994,-0.050000000000000044
5.5028e-10,1.39980393,1.3012216,1.32536293,1.37536293,0.09858232999999994,-0.050000000000000044
5.5128e-10,1.39980393,1.3012216,1.32536293,1.37536293,0.09858232999999994,-0.050000000000000044
5.5228e-10,1.39980393,1.3012216,1.32536293,1.37536293,0.09858232999999994,-0.050000000000000044
5.5328e-10,1.39980393,1.3012216,1.32536293,1.37536293,0.09858232999999994,-0.050000000000000044
5.5428e-10,1.39980392,1.3012216,1.32536293,1.37536293,0.09858232,-0.050000000000000044
5.5528e-10,1.39980392,1.3012216,1.32536293,1.37536293,0.09858232,-0.050000000000000044
5.5628e-10,1.39980392,1.3012216,1.32536293,1.37536293,0.09858232,-0.050000000000000044
5.5728e-10,1.39980392,1.3012216,1.32536293,1.37536293,0.09858232,-0.050000000000000044
5.5828e-10,1.39980392,1.3012216,1.32536293,1.37536293,0.09858232,-0.050000000000000044
5.5928e-10,1.39980392,1.3012216,1.32536293,1.37536293,0.09858232,-0.050000000000000044
5.6028e-10,1.39980392,1.3012216,1.32536293,1.37536293,0.09858232,-0.050000000000000044
5.6128e-10,1.39980392,1.3012216,1.32536293,1.37536293,0.09858232,-0.050000000000000044
5.6228e-10,1.39980392,1.30122161,1.32536293,1.37536293,0.09858231000000006,-0.050000000000000044
5.6328e-10,1.39980392,1.30122161,1.32536293,1.37536293,0.09858231000000006,-0.050000000000000044
5.6428e-10,1.39980392,1.30122161,1.32536293,1.37536293,0.09858231000000006,-0.050000000000000044
5.6528e-10,1.39980392,1.30122161,1.32536293,1.37536293,0.09858231000000006,-0.050000000000000044
5.6628e-10,1.39980392,1.30122161,1.32536293,1.37536293,0.09858231000000006,-0.050000000000000044
5.6728e-10,1.39980392,1.30122161,1.32536293,1.37536293,0.09858231000000006,-0.050000000000000044
5.6828e-10,1.39980392,1.30122161,1.32536293,1.37536293,0.09858231000000006,-0.050000000000000044
5.6928e-10,1.39980392,1.30122161,1.32536293,1.37536293,0.09858231000000006,-0.050000000000000044
5.7028e-10,1.39980392,1.30122161,1.32536293,1.37536293,0.09858231000000006,-0.050000000000000044
5.7128e-10,1.39980392,1.30122161,1.32536293,1.37536293,0.09858231000000006,-0.050000000000000044
5.714286e-10,1.39980392,1.30122161,1.32536293,1.37536293,0.09858231000000006,-0.050000000000000044
5.715286e-10,1.39982173,1.30120415,1.32647404,1.37425182,0.09861757999999998,-0.0477777800000001
5.717286e-10,1.39985474,1.30117338,1.32869626,1.3720296,0.09868136000000005,-0.04333334
5.721286e-10,1.39980557,1.30124924,1.33314071,1.36758515,0.09855633000000008,-0.03444444000000013
5.729286e-10,1.39863913,1.30263827,1.3420296,1.35869626,0.09600085999999997,-0.016666660000000055
5.739286e-10,1.39449323,1.30738717,1.35314071,1.34758515,0.08710605999999999,0.005555559999999904
5.749286e-10,1.38716615,1.31548749,1.36425182,1.33647404,0.07167866000000012,0.027777780000000085
5.759286e-10,1.37695761,1.32630492,1.37536293,1.32536293,0.050652689999999945,0.050000000000000044
5.760286e-10,1.37576293,1.32753769,1.37536293,1.32536293,0.04822524000000006,0.050000000000000044
5.762286e-10,1.37333204,1.33003454,1.37536293,1.32536293,0.04329749999999999,0.050000000000000044
5.766286e-10,1.36834609,1.33509856,1.37536293,1.32536293,0.033247529999999914,0.050000000000000044
5.774286e-10,1.35868365,1.34476948,1.37536293,1.32536293,0.013914169999999837,0.050000000000000044
5.784286e-10,1.34819225,1.35513344,1.37536293,1.32536293,-0.0069411899999998194,0.050000000000000044
5.794286e-10,1.33989829,1.36326985,1.37536293,1.32536293,-0.023371559999999958,0.050000000000000044
5.804286e-10,1.33359948,1.36943359,1.37536293,1.32536293,-0.03583411000000014,0.050000000000000044
5.814286e-10,1.32886141,1.37406666,1.37536293,1.32536293,-0.045205249999999975,0.050000000000000044
5.824286e-10,1.32527414,1.3775715,1.37536293,1.32536293,-0.05229735999999985,0.050000000000000044
5.834286e-10,1.3225377,1.38023894,1.37536293,1.32536293,-0.057701239999999876,0.050000000000000044
5.844286e-10,1.32044808,1.38226901,1.37536293,1.32536293,-0.061820929999999885,0.050000000000000044
5.854286e-10,1.31885695,1.38380843,1.37536293,1.32536293,-0.06495147999999995,0.050000000000000044
5.864286e-10,1.31764836,1.38497207,1.37536293,1.32536293,-0.06732371000000015,0.050000000000000044
5.874286e-10,1.31673074,1.38585035,1.37536293,1.32536293,-0.06911961,0.050000000000000044
5.884286e-10,1.31603365,1.38651257,1.37536293,1.32536293,-0.07047892,0.050000000000000044
5.892857e-10,1.31557163,1.38694758,1.37536293,1.32536293,-0.07137594999999997,0.050000000000000044
5.893857e-10,1.31550781,1.38700863,1.37425182,1.32647404,-0.07150082000000002,0.0477777800000001
5.895857e-10,1.31538689,1.38712552,1.3720296,1.32869626,-0.0717386299999998,0.04333334
5.899857e-10,1.31529735,1.387228,1.36758515,1.33314071,-0.07193064999999987,0.03444444000000013
5.907857e-10,1.31640049,1.38629492,1.35869626,1.3420296,-0.06989443000000017,0.016666660000000055
5.917857e-10,1.3208348,1.38230856,1.34758515,1.35314071,-0.06147375999999993,-0.005555559999999904
5.927857e-10,1.32862541,1.37501261,1.33647404,1.36425182,-0.04638720000000007,-0.027777780000000085
5.937857e-10,1.33911314,1.36474067,1.32536293,1.37536293,-0.025627529999999954,-0.050000000000000044
5.938857e-10,1.34031132,1.36353537,1.32536293,1.37536293,-0.02322404999999983,-0.050000000000000044
5.940857e-10,1.3427385,1.36108218,1.32536293,1.37536293,-0.018343679999999862,-0.050000000000000044
5.944857e-10,1.34766106,1.35604589,1.32536293,1.37536293,-0.00838483000000001,-0.050000000000000044
5.952857e-10,1.35705606,1.34627099,1.32536293,1.37536293,0.010785069999999841,-0.050000000000000044
5.962857e-10,1.36711547,1.33564005,1.32536293,1.37536293,0.03147542000000003,-0.050000000000000044
5.972857e-10,1.37500735,1.32722584,1.32536293,1.37536293,0.04778150999999986,-0.050000000000000044
5.982857e-10,1.38098566,1.32083371,1.32536293,1.37536293,0.06015194999999984,-0.050000000000000044
5.992857e-10,1.38548206,1.31602689,1.32536293,1.37536293,0.0694551699999999,-0.050000000000000044
6.002857e-10,1.38888686,1.31238967,1.32536293,1.37536293,0.07649718999999999,-0.050000000000000044
6.012857e-10,1.39148149,1.30961729,1.32536293,1.37536293,0.08186420000000005,-0.050000000000000044
6.022857e-10,1.39345909,1.30750192,1.32536293,1.37536293,0.08595716999999992,-0.050000000000000044
6.032857e-10,1.39496144,1.30589287,1.32536293,1.37536293,0.08906857000000001,-0.050000000000000044
6.042857e-10,1.39609956,1.3046725,1.32536293,1.37536293,0.09142706,-0.050000000000000044
6.052857e-10,1.39696099,1.30374789,1.32536293,1.37536293,0.09321310000000005,-0.050000000000000044
6.062857e-10,1.39761285,1.30304747,1.32536293,1.37536293,0.09456537999999992,-0.050000000000000044
6.072857e-10,1.39810586,1.30251719,1.32536293,1.37536293,0.09558866999999993,-0.050000000000000044
6.082857e-10,1.39847819,1.30211634,1.32536293,1.37536293,0.09636185000000008,-0.050000000000000044
6.092857e-10,1.39875892,1.30181395,1.32536293,1.37536293,0.0969449699999998,-0.050000000000000044
6.102857e-10,1.39897017,1.30158639,1.32536293,1.37536293,0.09738377999999992,-0.050000000000000044
6.112857e-10,1.39912887,1.30141559,1.32536293,1.37536293,0.09771328000000001,-0.050000000000000044
6.122857e-10,1.39924783,1.30128785,1.32536293,1.37536293,0.09795997999999995,-0.050000000000000044
6.132857e-10,1.39933683,1.30119268,1.32536293,1.37536293,0.09814414999999999,-0.050000000000000044
6.142857e-10,1.39940322,1.30112221,1.32536293,1.37536293,0.09828101,-0.050000000000000044
6.152857e-10,1.39945263,1.30107038,1.32536293,1.37536293,0.09838225,-0.050000000000000044
6.162857e-10,1.39948928,1.30103264,1.32536293,1.37536293,0.09845663999999998,-0.050000000000000044
6.172857e-10,1.3995164,1.30100551,1.32536293,1.37536293,0.09851089000000002,-0.050000000000000044
6.182857e-10,1.39953641,1.30098638,1.32536293,1.37536293,0.09855002999999996,-0.050000000000000044
6.192857e-10,1.39955115,1.30097324,1.32536293,1.37536293,0.09857790999999994,-0.050000000000000044
6.202857e-10,1.39956199,1.3009646,1.32536293,1.37536293,0.09859739000000012,-0.050000000000000044
6.212857e-10,1.39956998,1.3009593,1.32536293,1.37536293,0.09861068000000017,-0.050000000000000044
6.222857e-10,1.39957587,1.30095651,1.32536293,1.37536293,0.09861936000000004,-0.050000000000000044
6.232857e-10,1.39958027,1.30095557,1.32536293,1.37536293,0.09862470000000001,-0.050000000000000044
6.242857e-10,1.39958359,1.300956,1.32536293,1.37536293,0.09862758999999999,-0.050000000000000044
6.252857e-10,1.39958618,1.30095741,1.32536293,1.37536293,0.09862876999999992,-0.050000000000000044
6.262857e-10,1.39958824,1.30095956,1.32536293,1.37536293,0.09862868000000002,-0.050000000000000044
6.272857e-10,1.39958997,1.30096222,1.32536293,1.37536293,0.09862775000000013,-0.050000000000000044
6.282857e-10,1.39959147,1.30096526,1.32536293,1.37536293,0.09862621000000016,-0.050000000000000044
6.292857e-10,1.39959286,1.30096854,1.32536293,1.37536293,0.0986243200000001,-0.050000000000000044
6.302857e-10,1.39959418,1.300972,1.32536293,1.37536293,0.09862218,-0.050000000000000044
6.312857e-10,1.39959549,1.30097555,1.32536293,1.37536293,0.09861994000000007,-0.050000000000000044
6.322857e-10,1.39959681,1.30097918,1.32536293,1.37536293,0.09861763000000012,-0.050000000000000044
6.332857e-10,1.39959816,1.30098283,1.32536293,1.37536293,0.09861533000000011,-0.050000000000000044
6.342857e-10,1.39959955,1.30098649,1.32536293,1.37536293,0.09861305999999992,-0.050000000000000044
6.352857e-10,1.399601,1.30099013,1.32536293,1.37536293,0.09861087000000013,-0.050000000000000044
6.362857e-10,1.3996025,1.30099375,1.32536293,1.37536293,0.09860875000000013,-0.050000000000000044
6.372857e-10,1.39960405,1.30099734,1.32536293,1.37536293,0.0986067100000001,-0.050000000000000044
6.382857e-10,1.39960565,1.30100088,1.32536293,1.37536293,0.09860477000000012,-0.050000000000000044
6.392857e-10,1.3996073,1.30100438,1.32536293,1.37536293,0.09860292000000004,-0.050000000000000044
6.402857e-10,1.39960899,1.30100784,1.32536293,1.37536293,0.09860114999999992,-0.050000000000000044
6.412857e-10,1.39961072,1.30101125,1.32536293,1.37536293,0.09859947000000013,-0.050000000000000044
6.422857e-10,1.39961248,1.30101461,1.32536293,1.37536293,0.09859787000000009,-0.050000000000000044
6.432857e-10,1.39961428,1.30101792,1.32536293,1.37536293,0.09859635999999994,-0.050000000000000044
6.442857e-10,1.39961609,1.30102119,1.32536293,1.37536293,0.09859490000000015,-0.050000000000000044
6.452857e-10,1.39961793,1.3010244,1.32536293,1.37536293,0.09859353000000004,-0.050000000000000044
6.462857e-10,1.39961979,1.30102757,1.32536293,1.37536293,0.09859222000000001,-0.050000000000000044
6.472857e-10,1.39962166,1.30103069,1.32536293,1.37536293,0.09859097000000006,-0.050000000000000044
6.482857e-10,1.39962354,1.30103377,1.32536293,1.37536293,0.09858977000000002,-0.050000000000000044
6.492857e-10,1.39962542,1.3010368,1.32536293,1.37536293,0.0985886199999999,-0.050000000000000044
6.502857e-10,1.39962731,1.30103978,1.32536293,1.37536293,0.09858753000000009,-0.050000000000000044
6.512857e-10,1.39962921,1.30104272,1.32536293,1.37536293,0.09858648999999997,-0.050000000000000044
6.522857e-10,1.3996311,1.30104561,1.32536293,1.37536293,0.09858548999999983,-0.050000000000000044
6.532857e-10,1.39963299,1.30104846,1.32536293,1.37536293,0.09858452999999989,-0.050000000000000044
6.542857e-10,1.39963487,1.30105127,1.32536293,1.37536293,0.0985836,-0.050000000000000044
6.552857e-10,1.39963675,1.30105404,1.32536293,1.37536293,0.09858271000000007,-0.050000000000000044
6.562857e-10,1.39963862,1.30105676,1.32536293,1.37536293,0.09858185999999991,-0.050000000000000044
6.572857e-10,1.39964048,1.30105944,1.32536293,1.37536293,0.09858104000000001,-0.050000000000000044
6.582857e-10,1.39964233,1.30106209,1.32536293,1.37536293,0.09858023999999999,-0.050000000000000044
6.592857e-10,1.39964417,1.30106469,1.32536293,1.37536293,0.09857947999999994,-0.050000000000000044
6.602857e-10,1.399646,1.30106725,1.32536293,1.37536293,0.09857874999999994,-0.050000000000000044
6.612857e-10,1.39964782,1.30106978,1.32536293,1.37536293,0.09857804000000003,-0.050000000000000044
6.622857e-10,1.39964961,1.30107227,1.32536293,1.37536293,0.09857734000000007,-0.050000000000000044
6.632857e-10,1.3996514,1.30107471,1.32536293,1.37536293,0.09857669000000002,-0.050000000000000044
6.642857e-10,1.39965317,1.30107712,1.32536293,1.37536293,0.09857604999999992,-0.050000000000000044
6.652857e-10,1.39965493,1.3010795,1.32536293,1.37536293,0.09857543000000013,-0.050000000000000044
6.662857e-10,1.39965666,1.30108184,1.32536293,1.37536293,0.09857482000000006,-0.050000000000000044
6.672857e-10,1.39965838,1.30108414,1.32536293,1.37536293,0.09857424000000004,-0.050000000000000044
6.682857e-10,1.39966009,1.30108641,1.32536293,1.37536293,0.09857368000000011,-0.050000000000000044
6.692857e-10,1.39966178,1.30108864,1.32536293,1.37536293,0.09857314000000006,-0.050000000000000044
6.702857e-10,1.39966345,1.30109084,1.32536293,1.37536293,0.09857260999999995,-0.050000000000000044
6.712857e-10,1.3996651,1.301093,1.32536293,1.37536293,0.09857209999999994,-0.050000000000000044
6.722857e-10,1.39966673,1.30109513,1.32536293,1.37536293,0.09857160000000009,-0.050000000000000044
6.732857e-10,1.39966835,1.30109723,1.32536293,1.37536293,0.0985711199999999,-0.050000000000000044
6.742857e-10,1.39966995,1.3010993,1.32536293,1.37536293,0.09857065000000009,-0.050000000000000044
6.752857e-10,1.39967153,1.30110133,1.32536293,1.37536293,0.09857019999999994,-0.050000000000000044
6.762857e-10,1.39967309,1.30110333,1.32536293,1.37536293,0.09856976000000017,-0.050000000000000044
6.772857e-10,1.39967464,1.30110531,1.32536293,1.37536293,0.0985693299999999,-0.050000000000000044
6.782857e-10,1.39967616,1.30110725,1.32536293,1.37536293,0.09856891000000001,-0.050000000000000044
6.792857e-10,1.39967767,1.30110916,1.32536293,1.37536293,0.09856851,-0.050000000000000044
6.802857e-10,1.39967916,1.30111104,1.32536293,1.37536293,0.09856811999999993,-0.050000000000000044
6.812857e-10,1.39968063,1.3011129,1.32536293,1.37536293,0.09856773000000008,-0.050000000000000044
6.822857e-10,1.39968208,1.30111472,1.32536293,1.37536293,0.0985673600000001,-0.050000000000000044
6.832857e-10,1.39968352,1.30111652,1.32536293,1.37536293,0.09856699999999985,-0.050000000000000044
6.842857e-10,1.39968494,1.30111829,1.32536293,1.37536293,0.09856664999999998,-0.050000000000000044
6.852857e-10,1.39968634,1.30112003,1.32536293,1.37536293,0.09856630999999982,-0.050000000000000044
6.862857e-10,1.39968772,1.30112175,1.32536293,1.37536293,0.09856596999999989,-0.050000000000000044
6.872857e-10,1.39968909,1.30112344,1.32536293,1.37536293,0.09856565000000006,-0.050000000000000044
6.882857e-10,1.39969043,1.3011251,1.32536293,1.37536293,0.09856533,-0.050000000000000044
6.892857e-10,1.39969176,1.30112674,1.32536293,1.37536293,0.09856502000000011,-0.050000000000000044
6.902857e-10,1.39969308,1.30112835,1.32536293,1.37536293,0.0985647300000001,-0.050000000000000044
6.912857e-10,1.39969437,1.30112994,1.32536293,1.37536293,0.09856442999999993,-0.050000000000000044
6.922857e-10,1.39969565,1.3011315,1.32536293,1.37536293,0.09856414999999985,-0.050000000000000044
6.932857e-10,1.39969692,1.30113304,1.32536293,1.37536293,0.09856387999999994,-0.050000000000000044
6.942857e-10,1.39969816,1.30113456,1.32536293,1.37536293,0.09856360000000008,-0.050000000000000044
6.952857e-10,1.39969939,1.30113605,1.32536293,1.37536293,0.09856334000000011,-0.050000000000000044
6.962857e-10,1.3997006,1.30113752,1.32536293,1.37536293,0.09856308000000014,-0.050000000000000044
6.972857e-10,1.3997018,1.30113897,1.32536293,1.37536293,0.0985628300000001,-0.050000000000000044
6.982857e-10,1.39970298,1.30114039,1.32536293,1.37536293,0.09856259,-0.050000000000000044
6.992857e-10,1.39970415,1.3011418,1.32536293,1.37536293,0.09856235000000013,-0.050000000000000044
7.002857e-10,1.3997053,1.30114318,1.32536293,1.37536293,0.09856211999999998,-0.050000000000000044
7.012857e-10,1.39970643,1.30114454,1.32536293,1.37536293,0.09856189000000004,-0.050000000000000044
7.022857e-10,1.39970755,1.30114588,1.32536293,1.37536293,0.09856167000000005,-0.050000000000000044
7.032857e-10,1.39970866,1.3011472,1.32536293,1.37536293,0.09856145999999999,-0.050000000000000044
7.042857e-10,1.39970975,1.3011485,1.32536293,1.37536293,0.09856124999999993,-0.050000000000000044
7.052857e-10,1.39971082,1.30114978,1.32536293,1.37536293,0.09856103999999988,-0.050000000000000044
7.062857e-10,1.39971188,1.30115104,1.32536293,1.37536293,0.09856083999999998,-0.050000000000000044
7.072857e-10,1.39971293,1.30115229,1.32536293,1.37536293,0.09856063999999987,-0.050000000000000044
7.082857e-10,1.39971396,1.30115351,1.32536293,1.37536293,0.09856044999999991,-0.050000000000000044
7.092857e-10,1.39971497,1.30115471,1.32536293,1.37536293,0.09856025999999996,-0.050000000000000044
7.102857e-10,1.39971598,1.3011559,1.32536293,1.37536293,0.09856008000000016,-0.050000000000000044
7.112857e-10,1.39971697,1.30115707,1.32536293,1.37536293,0.09855990000000014,-0.050000000000000044
7.122857e-10,1.39971794,1.30115822,1.32536293,1.37536293,0.0985597199999999,-0.050000000000000044
7.132857e-10,1.3997189,1.30115935,1.32536293,1.37536293,0.09855955000000005,-0.050000000000000044
7.142857e-10,1.39971985,1.30116047,1.32536293,1.37536293,0.0985593800000002,-0.050000000000000044
7.152857e-10,1.39972079,1.30116157,1.32536293,1.37536293,0.09855921999999984,-0.050000000000000044
7.162857e-10,1.39972171,1.30116266,1.32536293,1.37536293,0.09855904999999998,-0.050000000000000044
7.172857e-10,1.39972262,1.30116372,1.32536293,1.37536293,0.0985589,-0.050000000000000044
7.182857e-10,1.39972352,1.30116477,1.32536293,1.37536293,0.09855875000000003,-0.050000000000000044
7.192857e-10,1.3997244,1.30116581,1.32536293,1.37536293,0.09855858999999989,-0.050000000000000044
7.202857e-10,1.39972528,1.30116683,1.32536293,1.37536293,0.09855844999999985,-0.050000000000000044
7.212857e-10,1.39972614,1.30116783,1.32536293,1.37536293,0.09855831000000004,-0.050000000000000044
7.222857e-10,1.39972698,1.30116882,1.32536293,1.37536293,0.09855816000000006,-0.050000000000000044
7.232857e-10,1.39972782,1.3011698,1.32536293,1.37536293,0.09855802000000002,-0.050000000000000044
7.242857e-10,1.39972865,1.30117076,1.32536293,1.37536293,0.09855788999999993,-0.050000000000000044
7.252857e-10,1.39972946,1.30117171,1.32536293,1.37536293,0.09855775000000011,-0.050000000000000044
7.262857e-10,1.39973026,1.30117264,1.32536293,1.37536293,0.09855761999999979,-0.050000000000000044
7.272857e-10,1.39973105,1.30117356,1.32536293,1.37536293,0.09855748999999991,-0.050000000000000044
7.282857e-10,1.39973183,1.30117446,1.32536293,1.37536293,0.09855736999999998,-0.050000000000000044
7.292857e-10,1.3997326,1.30117535,1.32536293,1.37536293,0.09855725000000004,-0.050000000000000044
7.302857e-10,1.39973336,1.30117623,1.32536293,1.37536293,0.09855712999999988,-0.050000000000000044
7.312857e-10,1.39973411,1.30117709,1.32536293,1.37536293,0.0985570200000001,-0.050000000000000044
7.322857e-10,1.39973484,1.30117795,1.32536293,1.37536293,0.09855689000000001,-0.050000000000000044
7.332857e-10,1.39973557,1.30117879,1.32536293,1.37536293,0.09855678000000001,-0.050000000000000044
7.342857e-10,1.39973629,1.30117961,1.32536293,1.37536293,0.09855668000000017,-0.050000000000000044
7.352857e-10,1.39973699,1.30118043,1.32536293,1.37536293,0.09855656000000002,-0.050000000000000044
7.362857e-10,1.39973769,1.30118123,1.32536293,1.37536293,0.09855645999999996,-0.050000000000000044
7.372857e-10,1.39973838,1.30118202,1.32536293,1.37536293,0.09855636000000012,-0.050000000000000044
7.382857e-10,1.39973905,1.3011828,1.32536293,1.37536293,0.0985562499999999,-0.050000000000000044
7.392857e-10,1.39973972,1.30118357,1.32536293,1.37536293,0.09855614999999984,-0.050000000000000044
7.402857e-10,1.39974038,1.30118432,1.32536293,1.37536293,0.09855605999999995,-0.050000000000000044
7.412857e-10,1.39974103,1.30118507,1.32536293,1.37536293,0.09855595999999989,-0.050000000000000044
7.422857e-10,1.39974167,1.3011858,1.32536293,1.37536293,0.09855586999999999,-0.050000000000000044
7.432857e-10,1.3997423,1.30118653,1.32536293,1.37536293,0.09855576999999993,-0.050000000000000044
7.442857e-10,1.39974292,1.30118724,1.32536293,1.37536293,0.09855568000000003,-0.050000000000000044
7.452857e-10,1.39974353,1.30118794,1.32536293,1.37536293,0.09855559000000014,-0.050000000000000044
7.462857e-10,1.39974413,1.30118863,1.32536293,1.37536293,0.09855550000000002,-0.050000000000000044
7.472857e-10,1.39974473,1.30118931,1.32536293,1.37536293,0.09855542000000006,-0.050000000000000044
7.482857e-10,1.39974532,1.30118999,1.32536293,1.37536293,0.09855533000000016,-0.050000000000000044
7.492857e-10,1.3997459,1.30119065,1.32536293,1.37536293,0.0985552500000002,-0.050000000000000044
7.502857e-10,1.39974647,1.3011913,1.32536293,1.37536293,0.09855517000000003,-0.050000000000000044
7.512857e-10,1.39974703,1.30119194,1.32536293,1.37536293,0.09855508999999985,-0.050000000000000044
7.522857e-10,1.39974758,1.30119257,1.32536293,1.37536293,0.09855501000000011,-0.050000000000000044
7.532857e-10,1.39974813,1.3011932,1.32536293,1.37536293,0.09855493000000015,-0.050000000000000044
7.542857e-10,1.39974867,1.30119381,1.32536293,1.37536293,0.09855485999999991,-0.050000000000000044
7.552857e-10,1.3997492,1.30119442,1.32536293,1.37536293,0.09855477999999995,-0.050000000000000044
7.562857e-10,1.39974972,1.30119502,1.32536293,1.37536293,0.0985547,-0.050000000000000044
7.572857e-10,1.39975024,1.3011956,1.32536293,1.37536293,0.09855463999999992,-0.050000000000000044
7.582857e-10,1.39975075,1.30119618,1.32536293,1.37536293,0.0985545699999999,-0.050000000000000044
7.592857e-10,1.39975125,1.30119675,1.32536293,1.37536293,0.0985545000000001,-0.050000000000000044
7.602857e-10,1.39975174,1.30119732,1.32536293,1.37536293,0.09855441999999992,-0.050000000000000044
7.612857e-10,1.39975223,1.30119787,1.32536293,1.37536293,0.09855436000000006,-0.050000000000000044
7.622857e-10,1.39975271,1.30119842,1.32536293,1.37536293,0.09855429000000004,-0.050000000000000044
7.632857e-10,1.39975319,1.30119896,1.32536293,1.37536293,0.09855422999999996,-0.050000000000000044
7.642857e-10,1.39975365,1.30119949,1.32536293,1.37536293,0.09855416000000017,-0.050000000000000044
7.652857e-10,1.39975411,1.30120001,1.32536293,1.37536293,0.09855409999999987,-0.050000000000000044
7.662857e-10,1.39975457,1.30120053,1.32536293,1.37536293,0.09855404000000001,-0.050000000000000044
7.672857e-10,1.39975502,1.30120103,1.32536293,1.37536293,0.09855398999999987,-0.050000000000000044
7.682857e-10,1.39975546,1.30120153,1.32536293,1.37536293,0.09855393000000001,-0.050000000000000044
7.692857e-10,1.39975589,1.30120203,1.32536293,1.37536293,0.09855386,-0.050000000000000044
7.702857e-10,1.39975632,1.30120251,1.32536293,1.37536293,0.09855381000000007,-0.050000000000000044
7.712857e-10,1.39975674,1.30120299,1.32536293,1.37536293,0.09855375,-0.050000000000000044
7.722857e-10,1.39975716,1.30120346,1.32536293,1.37536293,0.09855370000000008,-0.050000000000000044
7.732857e-10,1.39975757,1.30120393,1.32536293,1.37536293,0.09855364,-0.050000000000000044
7.742857e-10,1.39975798,1.30120439,1.32536293,1.37536293,0.09855358999999986,-0.050000000000000044
7.752857e-10,1.39975837,1.30120484,1.32536293,1.37536293,0.09855353,-0.050000000000000044
7.762857e-10,1.39975877,1.30120528,1.32536293,1.37536293,0.09855349000000002,-0.050000000000000044
7.772857e-10,1.39975916,1.30120572,1.32536293,1.37536293,0.09855343999999988,-0.050000000000000044
7.782857e-10,1.39975954,1.30120616,1.32536293,1.37536293,0.09855338000000002,-0.050000000000000044
7.792857e-10,1.39975991,1.30120658,1.32536293,1.37536293,0.0985533300000001,-0.050000000000000044
7.802857e-10,1.39976029,1.301207,1.32536293,1.37536293,0.0985532899999999,-0.050000000000000044
7.812857e-10,1.39976065,1.30120742,1.32536293,1.37536293,0.09855323000000005,-0.050000000000000044
7.822857e-10,1.39976101,1.30120782,1.32536293,1.37536293,0.09855319000000007,-0.050000000000000044
7.832857e-10,1.39976137,1.30120823,1.32536293,1.37536293,0.09855313999999993,-0.050000000000000044
7.842857e-10,1.39976172,1.30120862,1.32536293,1.37536293,0.09855310000000017,-0.050000000000000044
7.852857e-10,1.39976207,1.30120901,1.32536293,1.37536293,0.09855305999999997,-0.050000000000000044
7.862857e-10,1.39976241,1.3012094,1.32536293,1.37536293,0.09855300999999983,-0.050000000000000044
7.872857e-10,1.39976274,1.30120978,1.32536293,1.37536293,0.09855295999999991,-0.050000000000000044
7.882857e-10,1.39976308,1.30121015,1.32536293,1.37536293,0.0985529300000001,-0.050000000000000044
7.892857e-10,1.3997634,1.30121052,1.32536293,1.37536293,0.09855288000000018,-0.050000000000000044
7.902857e-10,1.39976372,1.30121088,1.32536293,1.37536293,0.09855283999999997,-0.050000000000000044
7.912857e-10,1.39976404,1.30121124,1.32536293,1.37536293,0.0985528,-0.050000000000000044
7.922857e-10,1.39976436,1.30121159,1.32536293,1.37536293,0.09855276999999996,-0.050000000000000044
7.932857e-10,1.39976466,1.30121194,1.32536293,1.37536293,0.09855272000000004,-0.050000000000000044
7.942857e-10,1.39976497,1.30121228,1.32536293,1.37536293,0.09855269,-0.050000000000000044
7.952857e-10,1.39976527,1.30121262,1.32536293,1.37536293,0.09855265000000002,-0.050000000000000044
7.962857e-10,1.39976556,1.30121295,1.32536293,1.37536293,0.09855261000000004,-0.050000000000000044
7.972857e-10,1.39976586,1.30121328,1.32536293,1.37536293,0.09855258,-0.050000000000000044
7.982857e-10,1.39976614,1.30121361,1.32536293,1.37536293,0.09855253000000008,-0.050000000000000044
7.992857e-10,1.39976643,1.30121393,1.32536293,1.37536293,0.09855249999999982,-0.050000000000000044
8.002857e-10,1.39976671,1.30121424,1.32536293,1.37536293,0.09855247,-0.050000000000000044
8.012857e-10,1.39976698,1.30121455,1.32536293,1.37536293,0.09855243000000002,-0.050000000000000044
8.022857e-10,1.39976725,1.30121485,1.32536293,1.37536293,0.09855239999999998,-0.050000000000000044
8.032857e-10,1.39976752,1.30121516,1.32536293,1.37536293,0.09855236,-0.050000000000000044
8.042857e-10,1.39976778,1.30121545,1.32536293,1.37536293,0.09855232999999997,-0.050000000000000044
8.052857e-10,1.39976805,1.30121574,1.32536293,1.37536293,0.09855231000000009,-0.050000000000000044
8.062857e-10,1.3997683,1.30121603,1.32536293,1.37536293,0.09855227000000011,-0.050000000000000044
8.072857e-10,1.39976855,1.30121632,1.32536293,1.37536293,0.09855222999999991,-0.050000000000000044
8.082857e-10,1.3997688,1.3012166,1.32536293,1.37536293,0.09855219999999987,-0.050000000000000044
8.092857e-10,1.39976905,1.30121687,1.32536293,1.37536293,0.09855217999999999,-0.050000000000000044
8.102857e-10,1.39976929,1.30121715,1.32536293,1.37536293,0.09855214000000001,-0.050000000000000044
8.112857e-10,1.39976953,1.30121741,1.32536293,1.37536293,0.09855211999999991,-0.050000000000000044
8.122857e-10,1.39976977,1.30121768,1.32536293,1.37536293,0.09855209000000009,-0.050000000000000044
8.132857e-10,1.39977,1.30121794,1.32536293,1.37536293,0.09855206000000005,-0.050000000000000044
8.142857e-10,1.39977023,1.3012182,1.32536293,1.37536293,0.09855202999999979,-0.050000000000000044
8.152857e-10,1.39977045,1.30121845,1.32536293,1.37536293,0.0985520000000002,-0.050000000000000044
8.162857e-10,1.39977068,1.3012187,1.32536293,1.37536293,0.0985519800000001,-0.050000000000000044
8.172857e-10,1.3997709,1.30121894,1.32536293,1.37536293,0.09855196,-0.050000000000000044
8.182857e-10,1.39977111,1.30121919,1.32536293,1.37536293,0.09855192000000002,-0.050000000000000044
8.192857e-10,1.39977133,1.30121943,1.32536293,1.37536293,0.09855190000000014,-0.050000000000000044
8.202857e-10,1.39977154,1.30121966,1.32536293,1.37536293,0.09855188000000004,-0.050000000000000044
8.212857e-10,1.39977174,1.30121989,1.32536293,1.37536293,0.09855185,-0.050000000000000044
8.222857e-10,1.39977195,1.30122012,1.32536293,1.37536293,0.09855183000000012,-0.050000000000000044
8.232857e-10,1.39977215,1.30122035,1.32536293,1.37536293,0.09855180000000008,-0.050000000000000044
8.242857e-10,1.39977235,1.30122057,1.32536293,1.37536293,0.0985517800000002,-0.050000000000000044
8.252857e-10,1.39977255,1.30122079,1.32536293,1.37536293,0.0985517600000001,-0.050000000000000044
8.262857e-10,1.39977274,1.30122101,1.32536293,1.37536293,0.09855173000000006,-0.050000000000000044
8.272857e-10,1.39977293,1.30122122,1.32536293,1.37536293,0.09855170999999996,-0.050000000000000044
8.282857e-10,1.39977312,1.30122143,1.32536293,1.37536293,0.09855169000000008,-0.050000000000000044
8.292857e-10,1.3997733,1.30122164,1.32536293,1.37536293,0.09855166000000004,-0.050000000000000044
8.302857e-10,1.39977349,1.30122184,1.32536293,1.37536293,0.0985516500000001,-0.050000000000000044
8.312857e-10,1.39977367,1.30122204,1.32536293,1.37536293,0.09855163,-0.050000000000000044
8.322857e-10,1.39977384,1.30122224,1.32536293,1.37536293,0.09855159999999996,-0.050000000000000044
8.332857e-10,1.39977402,1.30122244,1.32536293,1.37536293,0.09855157999999986,-0.050000000000000044
8.342857e-10,1.39977419,1.30122263,1.32536293,1.37536293,0.09855155999999998,-0.050000000000000044
8.352857e-10,1.39977436,1.30122282,1.32536293,1.37536293,0.0985515400000001,-0.050000000000000044
8.362857e-10,1.39977453,1.30122301,1.32536293,1.37536293,0.09855152,-0.050000000000000044
8.372857e-10,1.3997747,1.30122319,1.32536293,1.37536293,0.09855151000000006,-0.050000000000000044
8.382857e-10,1.39977486,1.30122338,1.32536293,1.37536293,0.09855148000000002,-0.050000000000000044
8.392857e-10,1.39977502,1.30122356,1.32536293,1.37536293,0.09855146000000015,-0.050000000000000044
8.402857e-10,1.39977518,1.30122373,1.32536293,1.37536293,0.09855144999999998,-0.050000000000000044
8.412857e-10,1.39977534,1.30122391,1.32536293,1.37536293,0.09855142999999988,-0.050000000000000044
8.422857e-10,1.39977549,1.30122408,1.32536293,1.37536293,0.09855141,-0.050000000000000044
8.432857e-10,1.39977564,1.30122425,1.32536293,1.37536293,0.09855139000000013,-0.050000000000000044
8.442857e-10,1.39977579,1.30122442,1.32536293,1.37536293,0.09855137000000003,-0.050000000000000044
8.452857e-10,1.39977594,1.30122458,1.32536293,1.37536293,0.09855136000000009,-0.050000000000000044
8.462857e-10,1.39977609,1.30122475,1.32536293,1.37536293,0.09855133999999999,-0.050000000000000044
8.472857e-10,1.39977623,1.30122491,1.32536293,1.37536293,0.09855132000000011,-0.050000000000000044
8.482857e-10,1.39977637,1.30122506,1.32536293,1.37536293,0.09855131000000017,-0.050000000000000044
8.492857e-10,1.39977651,1.30122522,1.32536293,1.37536293,0.09855128999999985,-0.050000000000000044
8.502857e-10,1.39977665,1.30122537,1.32536293,1.37536293,0.09855127999999991,-0.050000000000000044
8.512857e-10,1.39977679,1.30122553,1.32536293,1.37536293,0.09855126000000003,-0.050000000000000044
8.522857e-10,1.39977692,1.30122568,1.32536293,1.37536293,0.09855124000000015,-0.050000000000000044
8.532857e-10,1.39977705,1.30122582,1.32536293,1.37536293,0.09855122999999999,-0.050000000000000044
8.542857e-10,1.39977718,1.30122597,1.32536293,1.37536293,0.09855121000000011,-0.050000000000000044
8.552857e-10,1.39977731,1.30122611,1.32536293,1.37536293,0.09855119999999995,-0.050000000000000044
8.562857e-10,1.39977744,1.30122625,1.32536293,1.37536293,0.09855119000000001,-0.050000000000000044
8.572857e-10,1.39977757,1.30122639,1.32536293,1.37536293,0.09855117999999985,-0.050000000000000044
8.582857e-10,1.39977769,1.30122653,1.32536293,1.37536293,0.09855115999999997,-0.050000000000000044
8.592857e-10,1.39977781,1.30122667,1.32536293,1.37536293,0.09855114000000009,-0.050000000000000044
8.602857e-10,1.39977793,1.3012268,1.32536293,1.37536293,0.09855112999999993,-0.050000000000000044
8.612857e-10,1.39977805,1.30122693,1.32536293,1.37536293,0.09855112000000021,-0.050000000000000044
8.622857e-10,1.39977817,1.30122706,1.32536293,1.37536293,0.09855111000000005,-0.050000000000000044
8.632857e-10,1.39977828,1.30122719,1.32536293,1.37536293,0.09855108999999995,-0.050000000000000044
8.642857e-10,1.3997784,1.30122732,1.32536293,1.37536293,0.09855108000000001,-0.050000000000000044
8.652857e-10,1.39977851,1.30122744,1.32536293,1.37536293,0.09855107000000007,-0.050000000000000044
8.662857e-10,1.39977862,1.30122756,1.32536293,1.37536293,0.09855105999999991,-0.050000000000000044
8.672857e-10,1.39977873,1.30122769,1.32536293,1.37536293,0.09855104000000003,-0.050000000000000044
8.682857e-10,1.39977884,1.3012278,1.32536293,1.37536293,0.09855104000000003,-0.050000000000000044
8.692857e-10,1.39977894,1.30122792,1.32536293,1.37536293,0.09855101999999993,-0.050000000000000044
8.702857e-10,1.39977905,1.30122804,1.32536293,1.37536293,0.09855101,-0.050000000000000044
8.712857e-10,1.39977915,1.30122815,1.32536293,1.37536293,0.09855100000000006,-0.050000000000000044
8.722857e-10,1.39977925,1.30122827,1.32536293,1.37536293,0.09855097999999995,-0.050000000000000044
8.732857e-10,1.39977935,1.30122838,1.32536293,1.37536293,0.09855097000000002,-0.050000000000000044
8.742857e-10,1.39977945,1.30122849,1.32536293,1.37536293,0.09855096000000008,-0.050000000000000044
8.752857e-10,1.39977955,1.3012286,1.32536293,1.37536293,0.09855095000000014,-0.050000000000000044
8.762857e-10,1.39977965,1.3012287,1.32536293,1.37536293,0.09855094999999992,-0.050000000000000044
8.772857e-10,1.39977974,1.30122881,1.32536293,1.37536293,0.09855093000000004,-0.050000000000000044
8.782857e-10,1.39977984,1.30122891,1.32536293,1.37536293,0.09855093000000004,-0.050000000000000044
8.792857e-10,1.39977993,1.30122901,1.32536293,1.37536293,0.0985509200000001,-0.050000000000000044
8.802857e-10,1.39978002,1.30122912,1.32536293,1.37536293,0.0985509,-0.050000000000000044
8.812857e-10,1.39978011,1.30122922,1.32536293,1.37536293,0.09855089000000006,-0.050000000000000044
8.822857e-10,1.3997802,1.30122931,1.32536293,1.37536293,0.09855088999999984,-0.050000000000000044
8.832857e-10,1.39978029,1.30122941,1.32536293,1.37536293,0.09855088000000012,-0.050000000000000044
8.842857e-10,1.39978038,1.30122951,1.32536293,1.37536293,0.09855086999999996,-0.050000000000000044
8.852857e-10,1.39978046,1.3012296,1.32536293,1.37536293,0.0985508599999998,-0.050000000000000044
8.862857e-10,1.39978055,1.30122969,1.32536293,1.37536293,0.09855086000000002,-0.050000000000000044
8.872857e-10,1.39978063,1.30122979,1.32536293,1.37536293,0.09855083999999992,-0.050000000000000044
8.882857e-10,1.39978071,1.30122988,1.32536293,1.37536293,0.09855082999999998,-0.050000000000000044
8.892857e-10,1.39978079,1.30122997,1.32536293,1.37536293,0.09855082000000004,-0.050000000000000044
8.902857e-10,1.39978087,1.30123005,1.32536293,1.37536293,0.09855082000000004,-0.050000000000000044
8.912857e-10,1.39978095,1.30123014,1.32536293,1.37536293,0.0985508100000001,-0.050000000000000044
8.922857e-10,1.39978103,1.30123023,1.32536293,1.37536293,0.09855079999999994,-0.050000000000000044
8.932857e-10,1.3997811,1.30123031,1.32536293,1.37536293,0.09855079,-0.050000000000000044
8.942857e-10,1.39978118,1.30123039,1.32536293,1.37536293,0.09855079,-0.050000000000000044
8.952857e-10,1.39978126,1.30123048,1.32536293,1.37536293,0.09855077999999984,-0.050000000000000044
8.962857e-10,1.39978133,1.30123056,1.32536293,1.37536293,0.0985507699999999,-0.050000000000000044
8.972857e-10,1.3997814,1.30123064,1.32536293,1.37536293,0.09855075999999996,-0.050000000000000044
8.982857e-10,1.39978147,1.30123072,1.32536293,1.37536293,0.09855075000000002,-0.050000000000000044
8.992857e-10,1.39978154,1.30123079,1.32536293,1.37536293,0.09855075000000002,-0.050000000000000044
9.002857e-10,1.39978161,1.30123087,1.32536293,1.37536293,0.09855074000000008,-0.050000000000000044
9.012857e-10,1.39978168,1.30123095,1.32536293,1.37536293,0.09855072999999992,-0.050000000000000044
9.022857e-10,1.39978175,1.30123102,1.32536293,1.37536293,0.09855073000000014,-0.050000000000000044
9.032857e-10,1.39978182,1.3012311,1.32536293,1.37536293,0.09855071999999998,-0.050000000000000044
9.042857e-10,1.39978188,1.30123117,1.32536293,1.37536293,0.09855070999999982,-0.050000000000000044
9.052857e-10,1.39978195,1.30123124,1.32536293,1.37536293,0.09855071000000004,-0.050000000000000044
9.062857e-10,1.39978201,1.30123131,1.32536293,1.37536293,0.0985507000000001,-0.050000000000000044
9.072857e-10,1.39978208,1.30123138,1.32536293,1.37536293,0.0985507000000001,-0.050000000000000044
9.082857e-10,1.39978214,1.30123145,1.32536293,1.37536293,0.09855068999999994,-0.050000000000000044
9.092857e-10,1.3997822,1.30123152,1.32536293,1.37536293,0.09855068,-0.050000000000000044
9.102857e-10,1.39978226,1.30123158,1.32536293,1.37536293,0.09855068,-0.050000000000000044
9.112857e-10,1.39978232,1.30123165,1.32536293,1.37536293,0.09855066999999984,-0.050000000000000044
9.122857e-10,1.39978238,1.30123172,1.32536293,1.37536293,0.0985506599999999,-0.050000000000000044
9.132857e-10,1.39978244,1.30123178,1.32536293,1.37536293,0.09855066000000012,-0.050000000000000044
9.142857e-10,1.3997825,1.30123184,1.32536293,1.37536293,0.0985506599999999,-0.050000000000000044
9.152857e-10,1.39978256,1.30123191,1.32536293,1.37536293,0.09855064999999996,-0.050000000000000044
9.162857e-10,1.39978262,1.30123197,1.32536293,1.37536293,0.09855065000000018,-0.050000000000000044
9.172857e-10,1.39978267,1.30123203,1.32536293,1.37536293,0.09855064000000002,-0.050000000000000044
9.182857e-10,1.39978273,1.30123209,1.32536293,1.37536293,0.09855064000000002,-0.050000000000000044
9.192857e-10,1.39978278,1.30123215,1.32536293,1.37536293,0.09855063000000008,-0.050000000000000044
9.202857e-10,1.39978283,1.30123221,1.32536293,1.37536293,0.09855061999999992,-0.050000000000000044
9.212857e-10,1.39978289,1.30123226,1.32536293,1.37536293,0.09855063000000008,-0.050000000000000044
9.222857e-10,1.39978294,1.30123232,1.32536293,1.37536293,0.09855061999999992,-0.050000000000000044
9.232857e-10,1.39978299,1.30123238,1.32536293,1.37536293,0.09855060999999998,-0.050000000000000044
9.242857e-10,1.39978304,1.30123243,1.32536293,1.37536293,0.09855060999999998,-0.050000000000000044
9.252857e-10,1.39978309,1.30123249,1.32536293,1.37536293,0.09855059999999982,-0.050000000000000044
9.262857e-10,1.39978314,1.30123254,1.32536293,1.37536293,0.09855060000000004,-0.050000000000000044
9.272857e-10,1.39978319,1.3012326,1.32536293,1.37536293,0.09855058999999988,-0.050000000000000044
9.282857e-10,1.39978324,1.30123265,1.32536293,1.37536293,0.0985505900000001,-0.050000000000000044
9.292857e-10,1.39978329,1.3012327,1.32536293,1.37536293,0.0985505900000001,-0.050000000000000044
9.302857e-10,1.39978334,1.30123275,1.32536293,1.37536293,0.09855058999999988,-0.050000000000000044
9.312857e-10,1.39978338,1.3012328,1.32536293,1.37536293,0.09855057999999994,-0.050000000000000044
9.322857e-10,1.39978343,1.30123285,1.32536293,1.37536293,0.09855057999999994,-0.050000000000000044
9.332857e-10,1.39978347,1.3012329,1.32536293,1.37536293,0.09855057,-0.050000000000000044
9.342857e-10,1.39978352,1.30123295,1.32536293,1.37536293,0.09855057,-0.050000000000000044
9.352857e-10,1.39978356,1.301233,1.32536293,1.37536293,0.09855055999999984,-0.050000000000000044
9.362857e-10,1.39978361,1.30123304,1.32536293,1.37536293,0.09855057,-0.050000000000000044
9.372857e-10,1.39978365,1.30123309,1.32536293,1.37536293,0.09855056000000006,-0.050000000000000044
9.382857e-10,1.39978369,1.30123314,1.32536293,1.37536293,0.09855055000000013,-0.050000000000000044
9.392857e-10,1.39978373,1.30123318,1.32536293,1.37536293,0.0985505499999999,-0.050000000000000044
9.402857e-10,1.39978378,1.30123323,1.32536293,1.37536293,0.0985505499999999,-0.050000000000000044
9.412857e-10,1.39978382,1.30123327,1.32536293,1.37536293,0.0985505499999999,-0.050000000000000044
9.422857e-10,1.39978386,1.30123332,1.32536293,1.37536293,0.09855054000000019,-0.050000000000000044
9.432857e-10,1.3997839,1.30123336,1.32536293,1.37536293,0.09855054000000019,-0.050000000000000044
9.442857e-10,1.39978394,1.3012334,1.32536293,1.37536293,0.09855053999999996,-0.050000000000000044
9.452857e-10,1.39978398,1.30123344,1.32536293,1.37536293,0.09855053999999996,-0.050000000000000044
9.462857e-10,1.39978401,1.30123348,1.32536293,1.37536293,0.09855053000000003,-0.050000000000000044
9.472857e-10,1.39978405,1.30123353,1.32536293,1.37536293,0.09855052000000009,-0.050000000000000044
9.482857e-10,1.39978409,1.30123357,1.32536293,1.37536293,0.09855052000000009,-0.050000000000000044
9.492857e-10,1.39978413,1.30123361,1.32536293,1.37536293,0.09855052000000009,-0.050000000000000044
9.502857e-10,1.39978416,1.30123364,1.32536293,1.37536293,0.09855052000000009,-0.050000000000000044
9.512857e-10,1.3997842,1.30123368,1.32536293,1.37536293,0.09855052000000009,-0.050000000000000044
9.522857e-10,1.39978424,1.30123372,1.32536293,1.37536293,0.09855052000000009,-0.050000000000000044
9.532857e-10,1.39978427,1.30123376,1.32536293,1.37536293,0.09855051000000015,-0.050000000000000044
9.542857e-10,1.39978431,1.3012338,1.32536293,1.37536293,0.09855050999999992,-0.050000000000000044
9.552857e-10,1.39978434,1.30123383,1.32536293,1.37536293,0.09855051000000015,-0.050000000000000044
9.562857e-10,1.39978438,1.30123387,1.32536293,1.37536293,0.09855051000000015,-0.050000000000000044
9.572857e-10,1.39978441,1.30123391,1.32536293,1.37536293,0.09855049999999999,-0.050000000000000044
9.582857e-10,1.39978444,1.30123394,1.32536293,1.37536293,0.09855049999999999,-0.050000000000000044
9.592857e-10,1.39978448,1.30123398,1.32536293,1.37536293,0.09855050000000021,-0.050000000000000044
9.602857e-10,1.39978451,1.30123401,1.32536293,1.37536293,0.09855049999999999,-0.050000000000000044
9.612857e-10,1.39978454,1.30123405,1.32536293,1.37536293,0.09855049000000005,-0.050000000000000044
9.622857e-10,1.39978457,1.30123408,1.32536293,1.37536293,0.09855049000000005,-0.050000000000000044
9.632857e-10,1.3997846,1.30123411,1.32536293,1.37536293,0.09855049000000005,-0.050000000000000044
9.642857e-10,1.39978463,1.30123415,1.32536293,1.37536293,0.0985504800000001,-0.050000000000000044
9.652857e-10,1.39978466,1.30123418,1.32536293,1.37536293,0.09855047999999988,-0.050000000000000044
9.662857e-10,1.39978469,1.30123421,1.32536293,1.37536293,0.09855047999999988,-0.050000000000000044
9.672857e-10,1.39978472,1.30123424,1.32536293,1.37536293,0.09855047999999988,-0.050000000000000044
9.682857e-10,1.39978475,1.30123427,1.32536293,1.37536293,0.0985504800000001,-0.050000000000000044
9.692857e-10,1.39978478,1.3012343,1.32536293,1.37536293,0.0985504800000001,-0.050000000000000044
9.702857e-10,1.39978481,1.30123433,1.32536293,1.37536293,0.0985504800000001,-0.050000000000000044
9.712857e-10,1.39978484,1.30123436,1.32536293,1.37536293,0.09855047999999988,-0.050000000000000044
9.722857e-10,1.39978487,1.30123439,1.32536293,1.37536293,0.09855047999999988,-0.050000000000000044
9.732857e-10,1.3997849,1.30123442,1.32536293,1.37536293,0.0985504800000001,-0.050000000000000044
9.742857e-10,1.39978492,1.30123445,1.32536293,1.37536293,0.09855047000000017,-0.050000000000000044
9.752857e-10,1.39978495,1.30123448,1.32536293,1.37536293,0.09855046999999995,-0.050000000000000044
9.762857e-10,1.39978498,1.30123451,1.32536293,1.37536293,0.09855046999999995,-0.050000000000000044
9.772857e-10,1.399785,1.30123454,1.32536293,1.37536293,0.09855046,-0.050000000000000044
9.782857e-10,1.39978503,1.30123456,1.32536293,1.37536293,0.09855047000000017,-0.050000000000000044
9.792857e-10,1.39978506,1.30123459,1.32536293,1.37536293,0.09855046999999995,-0.050000000000000044
9.802857e-10,1.39978508,1.30123462,1.32536293,1.37536293,0.09855046,-0.050000000000000044
9.812857e-10,1.39978511,1.30123464,1.32536293,1.37536293,0.09855046999999995,-0.050000000000000044
9.822857e-10,1.39978513,1.30123467,1.32536293,1.37536293,0.09855046,-0.050000000000000044
9.832857e-10,1.39978516,1.3012347,1.32536293,1.37536293,0.09855046,-0.050000000000000044
9.842857e-10,1.39978518,1.30123472,1.32536293,1.37536293,0.09855046,-0.050000000000000044
9.852857e-10,1.3997852,1.30123475,1.32536293,1.37536293,0.09855044999999985,-0.050000000000000044
9.862857e-10,1.39978523,1.30123477,1.32536293,1.37536293,0.09855046,-0.050000000000000044
9.872857e-10,1.39978525,1.3012348,1.32536293,1.37536293,0.09855045000000007,-0.050000000000000044
9.882857e-10,1.39978528,1.30123482,1.32536293,1.37536293,0.09855046,-0.050000000000000044
9.892857e-10,1.3997853,1.30123484,1.32536293,1.37536293,0.09855046,-0.050000000000000044
9.902857e-10,1.39978532,1.30123487,1.32536293,1.37536293,0.09855045000000007,-0.050000000000000044
9.912857e-10,1.39978534,1.30123489,1.32536293,1.37536293,0.09855045000000007,-0.050000000000000044
9.922857e-10,1.39978537,1.30123491,1.32536293,1.37536293,0.09855046,-0.050000000000000044
9.932857e-10,1.39978539,1.30123494,1.32536293,1.37536293,0.09855044999999985,-0.050000000000000044
9.942857e-10,1.39978541,1.30123496,1.32536293,1.37536293,0.09855045000000007,-0.050000000000000044
9.952857e-10,1.39978543,1.30123498,1.32536293,1.37536293,0.09855045000000007,-0.050000000000000044
9.962857e-10,1.39978545,1.301235,1.32536293,1.37536293,0.09855045000000007,-0.050000000000000044
9.972857e-10,1.39978547,1.30123503,1.32536293,1.37536293,0.09855044000000013,-0.050000000000000044
9.982857e-10,1.39978549,1.30123505,1.32536293,1.37536293,0.0985504399999999,-0.050000000000000044
9.992857e-10,1.39978551,1.30123507,1.32536293,1.37536293,0.09855044000000013,-0.050000000000000044
1.0002857e-09,1.39978554,1.30123509,1.32536293,1.37536293,0.09855045000000007,-0.050000000000000044
1.0012857e-09,1.39978556,1.30123511,1.32536293,1.37536293,0.09855045000000007,-0.050000000000000044
1.0022857e-09,1.39978558,1.30123513,1.32536293,1.37536293,0.09855045000000007,-0.050000000000000044
1.0032857e-09,1.39978559,1.30123515,1.32536293,1.37536293,0.09855044000000013,-0.050000000000000044
1.0042857e-09,1.39978561,1.30123517,1.32536293,1.37536293,0.0985504399999999,-0.050000000000000044
1.0052857e-09,1.39978563,1.30123519,1.32536293,1.37536293,0.0985504399999999,-0.050000000000000044
1.0062857e-09,1.39978565,1.30123521,1.32536293,1.37536293,0.09855044000000013,-0.050000000000000044
1.0072857e-09,1.39978567,1.30123523,1.32536293,1.37536293,0.0985504399999999,-0.050000000000000044
1.0082857e-09,1.39978569,1.30123525,1.32536293,1.37536293,0.09855044000000013,-0.050000000000000044
1.0092857e-09,1.39978571,1.30123527,1.32536293,1.37536293,0.0985504399999999,-0.050000000000000044
1.0102857e-09,1.39978573,1.30123528,1.32536293,1.37536293,0.09855045000000007,-0.050000000000000044
1.0112857e-09,1.39978574,1.3012353,1.32536293,1.37536293,0.0985504399999999,-0.050000000000000044
1.0122857e-09,1.39978576,1.30123532,1.32536293,1.37536293,0.09855044000000013,-0.050000000000000044
1.0132857e-09,1.39978578,1.30123534,1.32536293,1.37536293,0.0985504399999999,-0.050000000000000044
1.0142857e-09,1.3997858,1.30123536,1.32536293,1.37536293,0.09855044000000013,-0.050000000000000044
1.0152857e-09,1.39978581,1.30123537,1.32536293,1.37536293,0.09855044000000013,-0.050000000000000044
1.0162857e-09,1.39978583,1.30123539,1.32536293,1.37536293,0.0985504399999999,-0.050000000000000044
1.0172857e-09,1.39978585,1.30123541,1.32536293,1.37536293,0.0985504399999999,-0.050000000000000044
1.017857e-09,1.39978586,1.30123542,1.32536293,1.37536293,0.0985504399999999,-0.050000000000000044
