t_ui,v_outp,v_outn
0.015999999999999945,1.3528795,1.41544393
0.07199999999999976,1.3529068,1.41544089
0.12799999999999956,1.35292455,1.41544427
0.18399999999999936,1.35293485,1.41545221
0.2399999999999992,1.35293946,1.41546318
0.295999999999999,1.3529399,1.41547591
0.3520000000000017,1.3529374,1.41548941
0.4080000000000015,1.35293297,1.4155029
0.4640000000000013,1.35292739,1.41551583
0.5200000000000011,1.35292127,1.41552782
0.576000000000001,1.35291504,1.41553861
0.6320000000000007,1.35290904,1.41554808
0.6880000000000005,1.35290346,1.4155562
0.7440000000000003,1.35289843,1.41556297
0.8000000000000002,1.35289401,1.41556849
0.856,1.35289022,1.41557285
0.9119999999999998,1.35288703,1.41557618
0.9679999999999995,1.35288442,1.41557862
1.0239999999999994,1.35288231,1.4155803
1.0799999999999992,1.35288065,1.41558136
1.135999999999999,1.35287938,1.4155819
1.1920000000000017,1.35287842,1.41558205
1.2480000000000016,1.35287773,1.4155819
1.3040000000000014,1.35287725,1.41558153
1.3600000000000012,1.35287693,1.41558101
1.4160000000000008,1.35287673,1.41558041
1.4720000000000006,1.35287663,1.41557976
1.5280000000000005,1.35287659,1.4155791
1.5840000000000003,1.35287659,1.41557846
1.6400000000000001,1.35287662,1.41557787
1.696,1.35287666,1.41557732
1.7519999999999998,1.35287672,1.41557684
1.8079999999999996,1.35287677,1.41557641
1.8639999999999994,1.35287682,1.41557606
1.9199999999999993,1.35287687,1.41557576
1.975999999999999,1.35287691,1.41557552
1.6000000010787207e-06,1.35287693,1.41557544
0.005601599999999901,1.35286697,1.41558558
0.01680160000000044,1.35285071,1.41560292
0.03920160000000152,1.3528982,1.41556781
0.08400160000000079,1.35364986,1.41491938
0.1400016000000006,1.35615279,1.4127002
0.19600160000000041,1.36042999,1.4087973
0.2520016000000002,1.36627649,1.40327122
0.25760159999999904,1.36695586,1.40261507
0.2688015999999996,1.3683364,1.40127688
0.29120160000000067,1.37116925,1.39850719
0.3360015999999999,1.37676872,1.39297271
0.39200159999999973,1.38322542,1.38652908
0.44800159999999956,1.38886396,1.38086632
0.5040015999999994,1.39365469,1.37602949
0.5600015999999991,1.3976312,1.37199151
0.6160015999999989,1.40085126,1.36869956
0.6720016000000016,1.4033877,1.3660845
0.7280016000000015,1.40532226,1.36406796
0.7840016000000013,1.40673982,1.36256762
0.8400016000000011,1.40772396,1.36150205
0.8960016000000008,1.40835372,1.3607938
0.9520016000000007,1.40870135,1.36037183
0.9999992000000002,1.40882271,1.36019065
1.005599199999999,1.40883712,1.36016964
1.0167991999999995,1.40885973,1.36013461
1.0391992000000005,1.40881613,1.36016369
1.0839991999999998,1.40807852,1.36093993
1.1399991999999997,1.40562818,1.36354794
1.1959991999999995,1.40139176,1.36796664
1.2519991999999993,1.3954668,1.37395629
1.2575992000000011,1.39476818,1.3746492
1.2687992000000017,1.39334453,1.37605634
1.2911991999999997,1.39040113,1.37893975
1.335999199999999,1.38451631,1.38463466
1.3919992000000017,1.37764855,1.39120741
1.4479992000000015,1.37159917,1.39696287
1.5039992000000013,1.36642932,1.4018731
1.5599992000000011,1.36211481,1.40596797
1.615999200000001,1.35859976,1.4093008
1.6719992000000008,1.35581147,1.41194256
1.7279992000000006,1.35366698,1.41397408
1.7839992000000005,1.35207885,1.41548015
1.8399992000000003,1.35096015,1.41654461
1.8959992,1.35022799,1.4172471
1.9519991999999997,1.34980605,1.41766058
0.007999199999999615,1.34962601,1.41785008
0.06399919999999942,1.34962829,1.41787202
0.11999919999999922,1.34976218,1.41777418
0.17599919999999902,1.34998556,1.41759599
0.23199920000000174,1.35026423,1.41736921
0.28799920000000157,1.35057128,1.41711865
0.34399920000000134,1.35088609,1.41686306
0.39999920000000116,1.3511935,1.41661602
0.455999200000001,1.35148291,1.41638681
0.5119992000000008,1.35174748,1.41618122
0.5679992000000006,1.35198329,1.41600228
0.6239992000000004,1.35218879,1.41585092
0.6799992000000002,1.35236409,1.41572652
0.7359992,1.35251057,1.41562739
0.7919991999999998,1.3526304,1.41555114
0.8479991999999996,1.35272628,1.41549501
0.9039991999999994,1.35280113,1.41545607
0.9599991999999993,1.35285792,1.41543143
1.015999199999999,1.35289952,1.41541835
1.0719992000000018,1.35292865,1.41541432
1.1279992000000016,1.35294772,1.4154171
1.1839992000000013,1.35295891,1.41542476
1.239999200000001,1.35296409,1.4154357
1.295999200000001,1.35296482,1.41544859
1.3519992000000007,1.35296242,1.41546236
1.4079992000000006,1.35295794,1.41547621
1.4639992000000004,1.35295221,1.41548955
1.5199992000000002,1.35294587,1.41550195
1.5759992,1.35293939,1.41551316
1.6319991999999999,1.35293311,1.41552301
1.6879991999999997,1.35292726,1.41553148
1.7439991999999995,1.35292197,1.41553857
1.7999991999999991,1.35291731,1.41554436
1.855999199999999,1.3529133,1.41554896
1.9119992000000017,1.35290992,1.41555248
1.9679992000000015,1.35290714,1.41555508
0.02399920000000137,1.3529049,1.41555688
0.07999920000000117,1.35290312,1.41555803
0.13599920000000099,1.35290175,1.41555864
0.19199920000000079,1.35290072,1.41555883
0.24799920000000059,1.35289997,1.41555871
0.3039992000000004,1.35289944,1.41555835
0.3599992000000002,1.35289909,1.41555784
0.4159992,1.35289886,1.41555723
0.47199919999999984,1.35289874,1.41555657
0.5279991999999997,1.35289869,1.4155559
0.5839991999999995,1.35289868,1.41555525
0.6399991999999992,1.35289871,1.41555463
0.695999199999999,1.35289875,1.41555407
0.7519992000000018,1.3528988,1.41555357
0.8079992000000016,1.35289886,1.41555314
0.8639992000000014,1.35289891,1.41555277
0.9199992000000012,1.35289896,1.41555247
0.975999200000001,1.352899,1.41555222
1.031999200000001,1.35289903,1.41555203
1.0879992000000005,1.35289907,1.41555189
1.1439992000000003,1.3528991,1.4155518
1.1999992000000002,1.35289912,1.41555174
1.2559992,1.35289915,1.41555172
1.3119991999999998,1.35289917,1.41555172
1.3679991999999996,1.3528992,1.41555175
1.4239991999999995,1.35289922,1.41555179
1.4799991999999993,1.35289925,1.41555185
1.5359991999999991,1.35289928,1.41555192
1.5919992000000018,1.35289931,1.415552
1.6479992000000017,1.35289935,1.41555208
1.7039992000000015,1.35289938,1.41555217
1.759999200000001,1.35289942,1.41555226
1.815999200000001,1.35289946,1.41555235
1.8719992000000008,1.3528995,1.41555244
1.9279992000000006,1.35289955,1.41555254
1.9839992000000004,1.35289959,1.41555263
1.9999983999999993,1.3528996,1.41555265
0.005598400000001001,1.35288964,1.41556282
0.016798400000001542,1.35287339,1.41558022
0.03919839999999973,1.35292088,1.41554521
0.08399839999999899,1.35367256,1.41489691
0.1399984000000017,1.35617548,1.41267778
0.19599840000000152,1.3604526,1.40877479
0.2519984000000013,1.36629892,1.40324853
0.2575984000000001,1.36697827,1.40259236
0.26879840000000066,1.36835876,1.40125411
0.29119840000000174,1.3711915,1.39848432
0.33599840000000103,1.37679074,1.39294961
0.39199840000000086,1.38324717,1.38650569
0.44799840000000063,1.38888546,1.38084267
0.5039984000000004,1.393676,1.37600563
0.5599984000000002,1.39765237,1.37196749
0.6159984000000001,1.40087233,1.36867542
0.6719983999999999,1.40340871,1.3660603
0.7279983999999997,1.40534324,1.36404373
0.7839983999999994,1.4067608,1.36254339
0.8399983999999993,1.40774496,1.36147786
0.8959983999999991,1.40837477,1.36076966
0.9519984000000018,1.40872246,1.36034776
1.0079984000000015,1.40885231,1.36014869
1.0639984000000013,1.40881998,1.36011732
1.1199984000000012,1.40867257,1.36020682
1.175998400000001,1.4084489,1.36037844
1.2319984000000008,1.40818024,1.36060086
1.2879984000000007,1.40789095,1.3608495
1.3439984000000005,1.40759948,1.36110563
1.3999984000000003,1.40731913,1.3613556
1.4559984000000001,1.40705902,1.36158991
1.5119984,1.40682478,1.36180252
1.5679983999999998,1.40661935,1.36199007
1.6239983999999994,1.40644357,1.3621513
1.6799983999999992,1.40629678,1.36228648
1.735998399999999,1.40617722,1.36239697
1.7919984000000018,1.40608247,1.36248485
1.8479984000000016,1.40600969,1.36255262
1.9039984000000014,1.40595591,1.36260296
1.9599984000000013,1.40591815,1.36263856
0.015998400000001037,1.4058936,1.362662
0.07199840000000085,1.40587966,1.36267568
0.12799840000000065,1.40587399,1.36268172
0.18399840000000045,1.40587457,1.36268202
0.23999840000000028,1.40587968,1.36267814
0.29599840000000005,1.40588787,1.36267141
0.3519983999999999,1.40589799,1.36266291
0.4079983999999997,1.40590911,1.36265349
0.4639983999999995,1.40592054,1.36264376
0.5199983999999993,1.40593175,1.36263422
0.5759983999999991,1.40594238,1.36262518
0.631998399999999,1.40595219,1.36261685
0.6879983999999987,1.40596106,1.36260936
0.7439983999999985,1.40596892,1.36260274
0.7999983999999983,1.40597578,1.36259698
0.8559983999999982,1.40598168,1.36259204
0.911998399999998,1.4059867,1.36258785
0.9679983999999978,1.40599092,1.36258432
1.000002400000003,1.40599301,1.36258257
1.005602399999999,1.40600343,1.3625723
1.0168024000000024,1.40602121,1.36255551
1.0392023999999978,1.40598561,1.36260282
1.0840024,1.40532369,1.36335331
1.1400023999999997,1.40305423,1.36583788
1.1960023999999996,1.39906275,1.37006326
1.2520023999999994,1.39341809,1.37581841
1.257602400000001,1.39274874,1.37648628
1.2688023999999987,1.39138377,1.37784309
1.2912023999999998,1.38855832,1.38062455
1.336002400000002,1.38290812,1.38611417
1.3920024000000017,1.37632376,1.39243548
1.4480024000000016,1.37053864,1.39795391
1.5040024000000014,1.36560783,1.40264801
1.5600024000000012,1.36150388,1.40655135
1.6160024000000008,1.35816979,1.40971875
1.6720024000000007,1.35553336,1.4122211
1.7280024000000005,1.35351322,1.414138
1.7840024000000003,1.35202429,1.41555223
1.8400024000000001,1.35098242,1.4165452
1.8960024,1.35030766,1.41719389
1.9520023999999998,1.34992668,1.41756857
2.1713491079516976e-15,1.34978509,1.41771822
0.005599999999998099,1.34976895,1.41773628
0.016800000000001536,1.34974366,1.41776642
0.039200000000002615,1.34979176,1.41773962
0.08399999999999899,1.35060831,1.41704923
0.1399999999999988,1.35328557,1.41469258
0.1959999999999986,1.35780809,1.41058868
0.2519999999999984,1.36394102,1.40482605
0.2576000000000001,1.36465057,1.40414498
0.26879999999999776,1.36609172,1.40275675
0.29119999999999885,1.36904687,1.39988633
0.336000000000001,1.3748914,1.39415106
0.39200000000000085,1.381647,1.38746504
0.4480000000000006,1.38756709,1.3815773
0.5040000000000004,1.39261528,1.37653865
0.5600000000000003,1.39682132,1.37232501
0.6160000000000001,1.4002414,1.36888447
0.6719999999999998,1.40294849,1.36614732
0.7279999999999996,1.40502563,1.36403351
0.7839999999999995,1.40655985,1.36245841
0.8399999999999993,1.40763735,1.36133786
0.8959999999999991,1.40834,1.36059155
0.9519999999999988,1.40874298,1.36014559
0.9999976000000013,1.4088999,1.35995305
1.005597600000003,1.40891775,1.35993124
1.0167976000000007,1.40894701,1.35989479
1.0391976000000018,1.40891536,1.35992201
1.083997599999998,1.40819679,1.36069801
1.1399975999999978,1.40576264,1.36331114
1.1959975999999977,1.40153576,1.36773958
1.2519976000000033,1.39561534,1.37374216
1.2575975999999993,1.39491692,1.3744365
1.2687976000000027,1.39349361,1.37584655
1.291197599999998,1.39055054,1.37873594
1.3359976000000002,1.38466512,1.38444319
1.3919975999999998,1.37779473,1.39103141
1.4479975999999997,1.37174125,1.39680171
1.5039975999999995,1.36656641,1.40172566
1.5599975999999993,1.36224648,1.40583286
1.6159975999999991,1.35872594,1.40917647
1.671997599999999,1.35593236,1.41182743
1.7279975999999988,1.35378293,1.41386659
1.7839975999999986,1.35219033,1.41537883
1.8399975999999985,1.35106766,1.41644812
1.8959975999999983,1.35033204,1.41715424
1.9519975999999981,1.34990713,1.41757031
0.007997599999997811,1.34972457,1.41776152
0.06399759999999761,1.34972476,1.41778442
0.11999760000000322,1.34985691,1.41768695
0.17599760000000303,1.35007886,1.41750867
0.23199760000000283,1.35035637,1.41728144
0.28799760000000263,1.35066248,1.41703018
0.34399760000000246,1.35097651,1.41677372
0.39999760000000223,1.3512833,1.4165257
0.45599760000000206,1.3515722,1.41629548
0.5119976000000018,1.35183634,1.41608887
0.5679976000000017,1.3520718,1.41590894
0.6239976000000015,1.35227699,1.41575664
0.6799976000000013,1.35245203,1.41563138
0.7359976000000011,1.35259828,1.41553146
0.7919976000000009,1.35271791,1.41545452
0.8479976000000007,1.35281361,1.41539777
0.9039976000000005,1.35288829,1.41535831
0.9599976000000003,1.35294493,1.41533322
1.0159976000000002,1.35298641,1.41531977
1.0719976,1.35301541,1.41531543
1.1279975999999998,1.35303438,1.41531797
1.1839975999999997,1.35304549,1.41532546
1.2399975999999993,1.35305058,1.41533626
1.295997599999999,1.35305125,1.41534904
1.351997599999999,1.35304879,1.41536275
1.4079975999999987,1.35304427,1.41537656
1.4639975999999986,1.35303851,1.41538989
1.5199975999999984,1.35303214,1.41540229
1.5759975999999982,1.35302565,1.41541352
1.631997599999998,1.35301936,1.41542341
1.6879975999999979,1.35301351,1.41543192
1.7439975999999977,1.35300822,1.41543906
1.7999976000000033,1.35300357,1.4154449
1.8559976000000031,1.35299958,1.41544955
1.9119976000000027,1.35299622,1.41545314
1.9679976000000026,1.35299346,1.41545579
1.6000000021643953e-06,1.35299213,1.41545694
0.005601599999998092,1.35298196,1.41546727
0.016801600000001526,1.35296528,1.41548498
0.039201600000002605,1.35301199,1.41545049
0.08400159999999898,1.35376233,1.41480281
0.14000159999999878,1.35626379,1.41258362
0.19600159999999858,1.36053949,1.40867975
0.2520015999999984,1.36638432,1.40315195
0.2576016000000001,1.36706351,1.40249559
0.26880159999999775,1.36844369,1.40115697
0.29120159999999884,1.37127579,1.39838639
0.336001600000001,1.37687376,1.39284998
0.39200160000000084,1.38332876,1.38640393
0.4480016000000006,1.38896589,1.38073893
0.5040016000000004,1.39375554,1.37590015
0.5600016000000002,1.39773127,1.37186056
0.6160016,1.40095081,1.36856732
0.6720015999999999,1.40348696,1.36595129
0.7280015999999997,1.40542142,1.36393405
0.7840015999999995,1.40683903,1.36243328
0.8400015999999992,1.40782337,1.3613675
0.8960015999999991,1.40845342,1.36065923
0.9520015999999989,1.40880143,1.3602374
1.0080015999999987,1.40893165,1.36003852
1.0640015999999985,1.40889972,1.36000743
1.1200015999999984,1.40875274,1.36009728
1.1760015999999982,1.40852951,1.36026931
1.232001599999998,1.40826129,1.36049216
1.2880015999999976,1.40797244,1.36074126
1.3440016000000032,1.40768139,1.36099786
1.400001600000003,1.40740146,1.36124829
1.456001600000003,1.40714174,1.36148306
1.5120016000000027,1.40690787,1.3616961
1.5680016000000025,1.40670279,1.36188406
1.6240016000000024,1.40652734,1.36204568
1.6800016000000022,1.40638085,1.36218122
1.736001600000002,1.40626156,1.36229205
1.7920016000000019,1.40616706,1.36238023
1.8480016000000017,1.4060945,1.36244828
1.9040016000000015,1.40604092,1.36249887
1.9600016000000011,1.40600335,1.3625347
2.4000000021609186e-06,1.40598481,1.36255262
0.005602399999998089,1.40599284,1.36254463
0.016802400000001525,1.40600607,1.36253222
0.03920240000000261,1.40596267,1.36258708
0.08400239999999898,1.40528985,1.36334846
0.14000239999999878,1.40301425,1.36584013
0.1960023999999986,1.39902311,1.37006716
0.2520023999999984,1.39338348,1.37582016
0.2576024000000001,1.39271484,1.37648764
0.2688023999999978,1.39135138,1.37784361
0.29120239999999886,1.38852925,1.38062317
0.336002400000001,1.38288665,1.38610817
0.3920024000000008,1.37631292,1.39242263
0.44800240000000063,1.37053888,1.39793353
0.5040024000000004,1.36561897,1.40261997
0.5600024000000002,1.36152531,1.40651588
0.6160024000000001,1.35820062,1.40967638
0.6720023999999999,1.35557254,1.41217251
0.7280023999999996,1.35355962,1.41408395
0.7840023999999994,1.35207679,1.41549352
0.8400023999999993,1.35103994,1.41648261
0.8960023999999991,1.35036921,1.41712815
0.9520023999999989,1.34999135,1.41750032
1.0080023999999987,1.34984099,1.41766152
1.0640023999999986,1.34986132,1.41766563
1.1200023999999984,1.35000409,1.41755823
1.1760023999999982,1.35022934,1.41737675
1.2320023999999978,1.35050476,1.41715128
1.2880023999999977,1.35080498,1.41690519
1.3440024000000033,1.35111066,1.41665612
1.400002400000003,1.35140767,1.41641672
1.456002400000003,1.35168619,1.41619559
1.5120024000000027,1.35193996,1.41599797
1.5680024000000026,1.35216549,1.41582657
1.6240024000000024,1.3523615,1.41568206
1.6800024000000022,1.35252827,1.41556369
1.736002400000002,1.35266726,1.41546972
1.7920024000000019,1.35278067,1.41539775
1.8480024000000015,1.35287114,1.41534507
1.9040024000000013,1.35294153,1.41530882
1.9600024000000011,1.35299474,1.41528619
1.9999976000000004,1.35302368,1.41527696
0.00559760000000209,1.35301717,1.41528627
0.016797599999999736,1.35300757,1.41530213
0.03919760000000082,1.35306702,1.415265
0.08399760000000298,1.35383768,1.41461571
0.13999760000000278,1.35635622,1.41239998
0.1959976000000026,1.36064153,1.40850399
0.2519976000000024,1.36649021,1.40298697
0.2575975999999983,1.3671695,1.40233181
0.26879760000000175,1.36854979,1.40099563
0.29119760000000283,1.37138168,1.39823004
0.33599759999999923,1.37697779,1.39270401
0.391997599999999,1.38342846,1.38627119
0.44799759999999883,1.38905987,1.38061921
0.5039975999999986,1.39384313,1.3757928
0.5599975999999984,1.39781231,1.37176458
0.6159975999999983,1.4010255,1.36848154
0.6719975999999981,1.40355574,1.36587443
0.7279975999999979,1.40548489,1.36386482
0.7839975999999976,1.40689786,1.36237041
0.8399976000000032,1.40787823,1.36130982
0.8959976000000031,1.408505,1.36060567
0.9519976000000029,1.40885034,1.36018701
1.0079976000000026,1.40897846,1.35999048
1.0639976000000024,1.40894492,1.35996104
1.1199976000000023,1.40879675,1.36005198
1.175997600000002,1.40857269,1.36022462
1.231997600000002,1.40830391,1.36044773
1.2879976000000017,1.40801472,1.3606968
1.3439976000000016,1.40772351,1.36095318
1.3999976000000014,1.40744354,1.36120325
1.4559976000000012,1.40718387,1.36143757
1.511997600000001,1.40695011,1.36165012
1.5679976000000009,1.40674517,1.36183758
1.6239976000000005,1.40656987,1.3619987
1.6799976000000003,1.40642353,1.36213377
1.7359976000000001,1.40630439,1.36224416
1.7919976,1.40621002,1.36233196
1.8479975999999998,1.40613758,1.36239967
1.9039975999999996,1.4060841,1.36244997
1.9599975999999995,1.4060466,1.36248555
1.9999984000000004,1.40602812,1.36250332
0.005598400000002087,1.40603615,1.36249532
0.01679839999999973,1.40604939,1.36248287
0.03919840000000081,1.40600602,1.36253766
0.08399840000000297,1.4053333,1.36329893
0.13999840000000277,1.40305795,1.36579059
0.1959984000000026,1.3990672,1.37001782
0.2519984000000024,1.39342809,1.37577124
0.25759839999999834,1.39275952,1.37643878
0.26879840000000177,1.39139617,1.37779487
0.29119840000000285,1.38857428,1.38057469
0.3359983999999992,1.38293218,1.38606025
0.391998399999999,1.37635905,1.39237539
0.44799839999999885,1.37058551,1.39788692
0.5039983999999986,1.365666,1.40257387
0.5599983999999985,1.36157261,1.4064702
0.6159983999999983,1.35824809,1.40963101
0.6719983999999981,1.35562008,1.41212737
0.7279983999999978,1.35360717,1.41403895
0.7839984000000034,1.35212428,1.41544859
0.8399984000000033,1.35108731,1.41643768
0.8959984000000031,1.35041642,1.41708317
0.9519984000000029,1.35003837,1.41745526
1.0000016000000012,1.34989864,1.41760314
1.005601600000003,1.34988268,1.41762102
1.0168016000000006,1.34985774,1.41765079
1.0392016000000017,1.34990647,1.41762331
1.0840015999999981,1.35072399,1.41693158
1.140001599999998,1.35340182,1.41457314
1.1960016000000036,1.35792411,1.41046726
1.2520016000000034,1.36405603,1.40470248
1.2576015999999992,1.36476544,1.40402119
1.2688016000000026,1.36620629,1.40263252
1.291201599999998,1.36916076,1.39976121
1.3360016000000001,1.37500377,1.3940242
1.3920016,1.38175738,1.38733618
1.4480015999999998,1.38767558,1.38144681
1.5040015999999996,1.39272208,1.37640691
1.5600015999999994,1.39692666,1.37219237
1.616001599999999,1.40034554,1.36875125
1.6720015999999989,1.40305166,1.36601378
1.7280015999999987,1.40512807,1.36389989
1.7840015999999985,1.40666176,1.36232488
1.8400015999999983,1.40773893,1.36120457
1.8960015999999982,1.40844143,1.36045863
1.952001599999998,1.4088444,1.36001312
0.008001599999997795,1.40901488,1.35980187
0.06400160000000339,1.40901116,1.35976727
0.1200016000000032,1.40888268,1.35986027
0.176001600000003,1.40867037,1.36004022
0.2320016000000028,1.40840726,1.3602742
0.28800160000000263,1.40811925,1.36053631
0.3440016000000024,1.40782605,1.36080678
0.40000160000000223,1.40754197,1.36107114
0.45600160000000206,1.40727692,1.36131931
0.5120016000000018,1.40703713,1.36154484
0.5680016000000017,1.40682602,1.36174408
0.6240016000000015,1.40664472,1.36191565
0.6800016000000013,1.4064928,1.36205975
0.736001600000001,1.40636863,1.36217777
0.7920016000000009,1.40626984,1.36227186
0.8480016000000007,1.40619362,1.36234462
0.9040016000000005,1.40613698,1.36239885
0.9600016000000003,1.40609689,1.36243739
1.0160016,1.40607049,1.36246294
1.0720015999999999,1.40605511,1.36247805
1.1280015999999997,1.40604837,1.36248496
1.1840015999999995,1.40604818,1.36248568
1.2400015999999994,1.40605274,1.36248188
1.2960015999999992,1.40606058,1.36247498
1.352001599999999,1.40607049,1.36246612
1.4080015999999989,1.4060815,1.36245621
1.4640015999999987,1.4060929,1.36244594
1.5200015999999983,1.40610412,1.36243582
1.5760015999999981,1.40611479,1.36242621
1.632001599999998,1.40612466,1.36241734
1.6880015999999978,1.40613359,1.36240933
1.7440016000000034,1.40614151,1.36240225
1.8000016000000032,1.40614842,1.36239609
1.856001600000003,1.40615437,1.3623908
1.9120016000000029,1.40615942,1.36238632
1.9680016000000027,1.40616366,1.36238256
0.024001600000002444,1.40616721,1.36237942
0.08000160000000514,1.40617014,1.36237681
0.13600159999999917,1.40617258,1.36237463
0.19200160000000477,1.4061746,1.3623728
0.24800159999999877,1.4061763,1.36237123
0.30400160000000437,1.40617774,1.36236987
0.36000159999999837,1.406179,1.36236864
0.41600160000000397,1.40618011,1.36236752
0.472001599999998,1.40618114,1.36236645
0.5280016000000036,1.40618211,1.3623654
0.5840015999999977,1.40618305,1.36236436
0.6400016000000032,1.40618399,1.3623633
0.6960015999999972,1.40618493,1.36236221
0.7520016000000028,1.40618589,1.3623611
0.8080015999999969,1.40618688,1.36235994
0.8640016000000025,1.4061879,1.36235875
0.9200015999999964,1.40618895,1.36235752
0.976001600000002,1.40619002,1.36235626
1.032001599999996,1.40619113,1.36235496
1.0880016000000017,1.40619226,1.36235364
1.1440015999999957,1.40619342,1.36235229
1.2000016000000013,1.40619459,1.36235092
1.2560015999999954,1.40619578,1.36234954
1.312001600000001,1.40619699,1.36234814
1.3680015999999948,1.40619821,1.36234673
1.4240016000000004,1.40619944,1.36234532
1.480001600000006,1.40620068,1.3623439
1.5360016,1.40620192,1.36234248
1.5920016000000057,1.40620316,1.36234105
1.6480015999999997,1.40620441,1.36233963
1.7040016000000053,1.40620566,1.3623382
1.7600015999999994,1.40620691,1.36233678
1.816001600000005,1.40620817,1.36233536
1.872001599999999,1.40620942,1.36233394
1.9280016000000046,1.40621067,1.36233252
1.9840015999999987,1.40621192,1.36233111
8.000000032535468e-07,1.40621228,1.3623307
0.005600800000004971,1.40622249,1.36232056
0.016800799999996827,1.40623987,1.36230403
0.0392008000000037,1.40620355,1.3623518
0.08400080000000586,1.40554069,1.36310311
0.14000079999999987,1.40327118,1.36558886
0.19600080000000547,1.39928085,1.36981603
0.25200079999999947,1.39363831,1.37557379
0.2576008000000012,1.39296921,1.37624197
0.26880080000000467,1.39160477,1.37759942
0.2912007999999999,1.38878044,1.38038224
0.3360008000000021,1.38313269,1.38587471
0.3920007999999961,1.37655141,1.3921994
0.4480008000000017,1.37076903,1.3977207
0.5040007999999957,1.36584046,1.4024171
0.5600008000000013,1.36173821,1.40632216
0.6160007999999954,1.35840531,1.40949078
0.672000800000001,1.35576962,1.4119939
0.728000799999995,1.3537498,1.41391116
0.7840008000000006,1.35226084,1.41532542
0.8400008000000062,1.35121864,1.41631813
0.8960008000000002,1.35054331,1.41696634
0.9520008000000058,1.35016155,1.41734035
0.9999983999999966,1.35001918,1.41748932
1.0055983999999982,1.35000295,1.41750729
1.0167984000000017,1.34997746,1.41753725
1.039198399999997,1.35002519,1.41751004
1.0839983999999991,1.35084096,1.41681845
1.1399984000000047,1.35351685,1.41445938
1.1959983999999988,1.35803723,1.41035201
1.2519984000000044,1.36416711,1.40458512
1.257598400000006,1.3648763,1.40390359
1.2687983999999979,1.36631673,1.40251443
1.2911984000000047,1.36927033,1.39964209
1.3359983999999954,1.3751116,1.39390294
1.391998400000001,1.38186324,1.38721228
1.447998399999995,1.38777982,1.38132051
1.5039984000000006,1.39282505,1.37627854
1.5599984000000062,1.3970287,1.3720623
1.6159984000000003,1.40044693,1.36861982
1.6719984000000059,1.40315266,1.36588133
1.7279984,1.40522888,1.36376671
1.7839984000000055,1.40676258,1.36219124
1.8399983999999994,1.4078399,1.36107071
1.895998400000005,1.40854267,1.36032474
1.951998399999999,1.40894599,1.35987938
0.007998400000004685,1.40911691,1.35966841
0.0639983999999987,1.40911367,1.35963418
0.1199984000000043,1.4089857,1.35972765
0.1759983999999983,1.40877392,1.35990812
0.2319984000000039,1.40851135,1.36014265
0.28799839999999793,1.40822389,1.36040534
0.34399840000000353,1.40793121,1.36067638
0.39999839999999753,1.40764764,1.36094131
0.45599840000000313,1.40738307,1.36119004
0.5119983999999972,1.40714374,1.3614161
0.5679984000000028,1.40693305,1.36161584
0.6239983999999967,1.40675216,1.36178788
0.6799984000000023,1.4066006,1.36193241
0.7359983999999964,1.40647676,1.36205084
0.791998400000002,1.40637828,1.36214529
0.847998399999996,1.40630232,1.36221838
0.9039984000000016,1.40624592,1.3622729
0.9599983999999956,1.40620604,1.3623117
0.9999991999999965,1.40618616,1.36233123
1.0055991999999983,1.40619403,1.36232343
1.0167992000000017,1.40620693,1.36231139
1.039199199999997,1.40616296,1.36236688
1.0839991999999992,1.40548941,1.3631293
1.1399992000000048,1.4032138,1.36562224
1.1959991999999988,1.39922367,1.36985091
1.2519992000000044,1.39358584,1.37560615
1.257599200000006,1.39291743,1.3762739
1.268799199999998,1.39155441,1.37763042
1.2911992000000048,1.38873323,1.38041112
1.3359991999999954,1.38309271,1.3858985
1.391999200000001,1.37652155,1.3922157
1.447999199999995,1.37074977,1.39772888
1.5039992000000006,1.36583165,1.40241704
1.5599992000000062,1.36173929,1.40631417
1.6159992000000003,1.35841543,1.40947543
1.671999200000006,1.35578778,1.41197193
1.7279992,1.35377493,1.4138834
1.7839992000000056,1.35229186,1.41529272
1.8399991999999994,1.35125452,1.41628132
1.895999200000005,1.35058309,1.41692618
1.951999199999999,1.35020437,1.41729755
2.400000003246593e-06,1.35006399,1.41744477
0.005602400000004964,1.35004795,1.41746256
0.01680239999999682,1.35002284,1.41749217
0.03920240000000369,1.35007127,1.41746432
0.08400240000000585,1.35088816,1.41677161
0.14000239999999986,1.35356493,1.41441133
0.19600240000000546,1.35808562,1.4103029
0.25200239999999946,1.36421532,1.40453505
0.25760240000000123,1.36492447,1.40385342
0.26880240000000466,1.3663648,1.40246409
0.2912023999999999,1.36931816,1.39959141
0.3360024000000021,1.37515883,1.39385161
0.3920023999999961,1.3819096,1.38716031
0.4480024000000017,1.38782529,1.38126807
0.5040023999999957,1.39286967,1.37622581
0.5600024000000013,1.39707254,1.37200943
0.6160023999999953,1.40049009,1.36856694
0.6720024000000009,1.40319523,1.36582852
0.7280024000000065,1.40527097,1.36371405
0.7840024000000005,1.40680429,1.36213878
0.8400024000000061,1.40788132,1.36101849
0.8960024000000002,1.40858389,1.36027278
0.9520024000000058,1.40898709,1.35982769
0.9999999999999966,1.40914442,1.35963607
1.0055999999999983,1.40916233,1.35961437
1.0168000000000017,1.40919173,1.35957815
1.039199999999997,1.40916039,1.35960584
1.0839999999999992,1.40844283,1.3603829
1.1400000000000048,1.4060109,1.362998
1.1959999999999988,1.4017873,1.36742954
1.2520000000000044,1.39587099,1.37343647
1.257600000000006,1.39517302,1.37413132
1.268799999999998,1.39375061,1.37554242
1.2912000000000048,1.39080942,1.37843401
1.3359999999999954,1.38492789,1.38414585
1.392000000000001,1.37806221,1.39073965
1.447999999999995,1.37201288,1.39651493
1.5040000000000007,1.36684146,1.40144312
1.5600000000000063,1.36252422,1.40555382
1.6160000000000003,1.35900568,1.40890022
1.672000000000006,1.35621348,1.41155332
1.7279999999999998,1.35406489,1.41359403
1.7840000000000054,1.35247265,1.41510729
1.8399999999999994,1.35134995,1.41617713
1.896000000000005,1.35061397,1.41688342
1.951999999999999,1.35018843,1.41729933
1.9999976000000015,1.35001982,1.41747339
0.005597600000003176,1.35000119,1.41749365
0.01679759999999503,1.34997113,1.41752798
0.0391976000000019,1.35001099,1.41750827
0.08399760000000406,1.35081555,1.41682726
0.13999759999999808,1.35348443,1.41447435
0.19599760000000369,1.35800373,1.41036703
0.2519975999999977,1.36413671,1.40459577
0.2575975999999994,1.36484641,1.40391359
0.26879760000000286,1.3662879,1.40252309
0.2911975999999981,1.3692439,1.39964778
0.3359976000000003,1.37509086,1.39390179
0.3919976000000059,1.38185081,1.3872016
0.44799759999999994,1.38777641,1.38129992
0.5039976000000055,1.39283082,1.37624828
0.5599975999999995,1.39704337,1.37202298
0.6159976000000051,1.40046993,1.36857233
0.6719975999999992,1.40318323,1.36582666
0.7279976000000048,1.40526617,1.36370593
0.7839975999999987,1.40680568,1.36212541
0.8399976000000043,1.40788794,1.36100082
0.8959975999999984,1.40859482,1.36025172
0.951997600000004,1.4090015,1.35980403
1.007997599999998,1.4091751,1.35959144
1.0639976000000035,1.40917395,1.35955619
1.1199975999999976,1.40904759,1.35964911
1.1759976000000032,1.40883698,1.35982943
1.2319975999999973,1.40857525,1.36006411
1.2879976000000029,1.40828836,1.36032715
1.343997599999997,1.40799604,1.36059871
1.3999976000000025,1.40771268,1.36086425
1.4559975999999966,1.4074482,1.36111364
1.511997600000002,1.40720888,1.36134037
1.567997599999996,1.40699815,1.36154078
1.6239976000000016,1.40681718,1.36171345
1.6799975999999956,1.40666554,1.36185857
1.7359976000000013,1.40654161,1.36197752
1.7919975999999953,1.40644304,1.36207245
1.847997600000001,1.40636701,1.36214596
1.9039976000000065,1.40631054,1.36220084
1.9599976000000006,1.40627061,1.36223995
1.9999984000000015,1.40625071,1.36225966
0.005598400000003173,1.40625857,1.36225189
0.016798399999995026,1.40627147,1.36223989
0.039198400000001896,1.40622749,1.36229547
0.08399840000000407,1.40555402,1.36305805
0.13999839999999808,1.40327872,1.3655513
0.19599840000000368,1.39928915,1.3697805
0.2519983999999977,1.39365208,1.37553654
0.2575983999999994,1.39298375,1.37620438
0.2687984000000028,1.39162091,1.3775611
0.29119839999999814,1.38880009,1.38034222
0.3359984000000003,1.38316031,1.38583048
0.3919983999999943,1.37659006,1.39214874
0.4479983999999999,1.37081904,1.39766283
0.503998399999994,1.36590152,1.40235175
0.5599983999999996,1.36180959,1.40624946
0.6159983999999935,1.35848601,1.40941114
0.6719983999999991,1.35585849,1.41190793
0.7279983999999932,1.35384567,1.41381957
0.7839983999999988,1.35236252,1.41522894
0.8399983999999928,1.35132501,1.4162175
0.8959983999999984,1.35065335,1.41686225
0.9519983999999924,1.35027435,1.41723345
1.007998399999998,1.35012269,1.41739351
1.0639984000000036,1.35014162,1.4173964
1.1199983999999976,1.35028291,1.4172877
1.1759984000000032,1.35050667,1.41710491
1.2319983999999973,1.35078061,1.41687813
1.2879984000000029,1.35107938,1.41663076
1.343998399999997,1.35138366,1.41638045
1.3999984000000025,1.35167934,1.41613987
1.4559983999999964,1.35195661,1.41591763
1.511998400000002,1.35220921,1.415719
1.567998399999996,1.35243367,1.41554665
1.6239984000000016,1.3526287,1.41540129
1.6799983999999957,1.35279459,1.41528216
1.7359984000000013,1.35293279,1.4151875
1.7919983999999953,1.35304549,1.41511494
1.847998400000001,1.35313535,1.41506173
1.903998399999995,1.3532052,1.41502504
1.9599984000000006,1.35325794,1.41500203
0.015998399999994525,1.35329634,1.41499006
0.07199840000000012,1.35332298,1.4149867
0.12799839999999413,1.35334019,1.41498982
0.18399839999999973,1.35335004,1.41499755
0.23999839999999376,1.35335429,1.41500837
0.29599839999999933,1.35335445,1.41502099
0.3519983999999934,1.35335173,1.41503441
0.407998399999999,1.35334714,1.41504787
0.463998399999993,1.35334144,1.41506081
0.5199983999999985,1.35333525,1.41507283
0.5759983999999926,1.35332898,1.41508368
0.6319983999999982,1.35332296,1.41509323
0.6879983999999922,1.35331738,1.41510144
0.7439983999999978,1.35331237,1.41510833
0.7999984000000034,1.35330798,1.41511397
0.8559983999999974,1.35330423,1.41511847
0.911998400000003,1.3533011,1.41512195
0.967998399999997,1.35329854,1.41512454
1.0000023999999965,1.35329731,1.41512567
1.0056023999999983,1.35328715,1.41513599
1.0168024000000018,1.3532705,1.41515369
1.039202399999997,1.35331732,1.41511912
1.0840023999999993,1.35406787,1.41447085
1.140002399999993,1.35656909,1.41224971
1.1960023999999987,1.36084349,1.40834253
1.2520023999999927,1.36668576,1.40281035
1.2576023999999946,1.36736463,1.40215351
1.268802399999998,1.36874412,1.40081391
1.2912023999999933,1.37157472,1.39804129
1.3360023999999955,1.37716945,1.3925007
1.392002400000001,1.38362047,1.38604971
1.448002399999995,1.38925415,1.38038053
1.5040024000000005,1.39404102,1.37553849
1.5600023999999946,1.39801465,1.37149653
1.6160024000000002,1.40123272,1.36820175
1.6720023999999942,1.40376798,1.36558489
1.7280023999999998,1.40570206,1.36356746
1.7840023999999939,1.40711975,1.36206702
1.8400023999999995,1.40810453,1.361002
1.8960023999999935,1.40873534,1.36029485
1.9520023999999991,1.40908436,1.3598744
1.4475660719677984e-15,1.40920713,1.3596948
0.005600000000003166,1.40922172,1.35967398
0.01679999999999502,1.40924469,1.35963935
0.03920000000000189,1.40920189,1.35966923
0.08399999999999247,1.40846639,1.36044727
0.13999999999999807,1.40602011,1.36305853
0.19600000000000367,1.40178931,1.36748224
0.25199999999999767,1.3958712,1.37347886
0.2575999999999994,1.39517331,1.37417257
0.2688000000000028,1.39375114,1.37558138
0.2911999999999981,1.39081082,1.37846828
0.3360000000000003,1.38493231,1.38417049
0.3919999999999943,1.37807215,1.39075208
0.4479999999999999,1.37202945,1.39651544
0.5039999999999939,1.36686509,1.4014324
0.5599999999999995,1.36255486,1.40553282
0.6159999999999936,1.35904298,1.40887008
0.6719999999999992,1.35625688,1.41151523
0.7279999999999932,1.35411369,1.4135492
0.7839999999999987,1.35252611,1.41505688
0.8399999999999928,1.35140734,1.41612222
0.8959999999999984,1.35067457,1.41682497
0.9519999999999924,1.35025159,1.4172382
1.007999999999998,1.35007018,1.41742703
1.0640000000000036,1.35007084,1.41744796
1.1199999999999977,1.35020294,1.41734886
1.1760000000000033,1.35042442,1.41716923
1.2319999999999973,1.35070114,1.4169409
1.288000000000003,1.35100622,1.41668872
1.3439999999999968,1.35131909,1.4164315
1.4000000000000024,1.35162462,1.41618284
1.4559999999999964,1.35191223,1.41595206
1.512000000000002,1.35217509,1.41574497
1.567999999999996,1.35240932,1.41556462
1.6240000000000017,1.35261334,1.41541195
1.6799999999999957,1.35278729,1.41528635
1.7360000000000013,1.35293254,1.41518612
1.7919999999999954,1.35305127,1.4151089
1.848000000000001,1.35314616,1.4150519
1.9039999999999948,1.35322013,1.41501221
1.9600000000000004,1.35327615,1.41498692
1.999983999999996,1.35330668,1.41497623
0.005583999999997807,1.35330036,1.41498535
0.016784000000001242,1.35329114,1.41500086
0.039183999999996534,1.35335132,1.41496305
0.0839839999999987,1.35412319,1.41431222
0.13998399999999273,1.35664239,1.41209386
0.1959839999999983,1.36092701,1.40819435
0.2519839999999923,1.36677357,1.40267311
0.25758399999999404,1.36745257,1.4020175
0.26878399999999747,1.36883224,1.4006804
0.2911839999999928,1.37166276,1.39791296
0.33598399999999495,1.3772558,1.39238317
0.39198400000000055,1.38370261,1.38594603
0.44798399999999455,1.38933056,1.3802905
0.5039840000000001,1.39411094,1.37546142
0.5599839999999942,1.39807784,1.37143137
0.6159839999999998,1.40128933,1.36814726
0.6719839999999938,1.40381842,1.36553971
0.7279839999999994,1.4057469,1.36353021
0.7839839999999934,1.40715965,1.36203637
0.839983999999999,1.40814019,1.36097671
0.895983999999993,1.40876744,1.36027377
0.9519839999999986,1.40911353,1.35985653
0.9999759999999992,1.40923424,1.359679
1.005576000000001,1.40924862,1.35965838
1.0167759999999928,1.40927119,1.35962412
1.0391759999999997,1.40922763,1.35965467
1.0839760000000018,1.40849087,1.36043375
1.1399759999999959,1.40604344,1.36304586
1.1959760000000015,1.40181191,1.36747004
1.2519759999999955,1.39589339,1.37346687
1.2575759999999971,1.39519548,1.37416059
1.2687760000000006,1.39377327,1.37556942
1.2911759999999959,1.39083289,1.37845633
1.335975999999998,1.38495437,1.38415848
1.3919760000000037,1.3780943,1.39073988
1.4479759999999977,1.37205175,1.3965029
1.5039760000000033,1.36688756,1.40141944
1.5599759999999974,1.3625775,1.40551939
1.615976000000003,1.35906576,1.40885614
1.6719759999999968,1.35627977,1.41150078
1.7279760000000024,1.35413666,1.41353425
1.7839759999999965,1.35254913,1.41504144
1.839976000000002,1.35143036,1.41610633
1.895975999999996,1.35069757,1.41680866
1.9519760000000017,1.35027454,1.41722151
2.3999999997000562e-05,1.3501075,1.41739367
0.0056239999999987186,1.35008905,1.41741373
0.016824000000002153,1.35005934,1.41744764
0.03922399999999744,1.35009985,1.41742718
0.08402399999999961,1.35090547,1.41674482
0.14002399999999363,1.35357513,1.41439042
0.19602399999999923,1.35809454,1.41028169
0.25202399999999325,1.364227,1.40450909
0.25762399999999497,1.36493661,1.40382678
0.2688239999999984,1.36637791,1.40243602
0.2912239999999937,1.36933348,1.3995602
0.3360239999999958,1.37517944,1.39381325
0.3920240000000014,1.38193804,1.38711205
0.4480239999999955,1.38786236,1.38120965
0.504024000000001,1.39291563,1.37615756
0.5600239999999951,1.39712721,1.37193205
0.6160240000000007,1.40055297,1.3684814
0.6720239999999947,1.40326564,1.3657359
0.7280240000000003,1.40534812,1.36361546
0.7840239999999943,1.40688733,1.36203532
0.8400239999999999,1.40796942,1.36091119
0.8960239999999939,1.40867626,1.36016258
0.9520239999999995,1.409083,1.35971542
1.0080239999999936,1.40925674,1.35950337
1.0640239999999992,1.40925581,1.35946866
1.1200239999999932,1.4091297,1.35956211
1.1760239999999988,1.4089194,1.35974294
1.2320239999999927,1.40865799,1.35997811
1.2880239999999983,1.40837143,1.36024161
1.3440239999999923,1.40807946,1.3605136
1.400023999999998,1.40779642,1.36077955
1.4560240000000035,1.40753227,1.36102931
1.5120239999999976,1.40729326,1.36125638
1.5680240000000032,1.40708282,1.3614571
1.6240239999999972,1.40690211,1.36163004
1.6800240000000028,1.40675071,1.36177541
1.736023999999997,1.406627,1.36189459
1.7920240000000025,1.40652862,1.36198972
1.8480239999999963,1.40645276,1.3620634
1.904024000000002,1.40639643,1.36211843
1.960023999999996,1.40635663,1.36215767
0.01602400000000165,1.40633048,1.36218383
0.07202399999999566,1.40631533,1.36219945
0.12802400000000128,1.40630878,1.36220681
0.18402399999999527,1.40630875,1.36220789
0.24002400000000088,1.40631346,1.36220439
0.2960239999999949,1.40632141,1.36219774
0.3520240000000005,1.40633141,1.36218909
0.4080239999999945,1.40634251,1.36217935
0.4640240000000001,1.40635396,1.36216922
0.5200239999999942,1.40636522,1.36215922
0.5760239999999998,1.40637593,1.3621497
0.6320239999999937,1.40638582,1.3621409
0.6880239999999993,1.40639475,1.36213296
0.7440239999999934,1.40640267,1.36212593
0.800023999999999,1.40640957,1.36211982
0.856023999999993,1.4064155,1.36211458
0.9120239999999986,1.40642054,1.36211014
0.9680239999999926,1.40642476,1.36210642
0.9999999999999948,1.40642685,1.36210458
1.0055999999999965,1.40643727,1.36209429
1.0168,1.40645506,1.36207748
1.0391999999999952,1.40641952,1.36212471
1.0839999999999974,1.40575822,1.36287518
1.140000000000003,1.40349092,1.36536069
1.195999999999997,1.39950322,1.36958875
1.2520000000000027,1.3938636,1.37534862
1.2575999999999927,1.39319481,1.37601708
1.2687999999999962,1.39183098,1.37737511
1.291200000000003,1.3890079,1.38015922
1.3359999999999936,1.38336265,1.38565448
1.3919999999999992,1.37678424,1.39198267
1.4479999999999933,1.37100418,1.39750715
1.503999999999999,1.3660773,1.40220624
1.5599999999999927,1.36197614,1.40611351
1.6159999999999983,1.3586438,1.40928384
1.6719999999999924,1.35600822,1.41178822
1.727999999999998,1.35398814,1.41370632
1.7840000000000036,1.35249861,1.41512103
1.8399999999999976,1.35145561,1.41611387
1.8960000000000032,1.35077929,1.41676193
1.9519999999999973,1.35039641,1.41713555
0.008000000000002868,1.35024158,1.41729729
0.06399999999999688,1.35025795,1.41730122
0.12000000000000248,1.35039723,1.41719304
0.1759999999999965,1.35061942,1.41701034
0.2320000000000021,1.35089216,1.41678334
0.2879999999999961,1.35119004,1.41653552
0.3440000000000017,1.35149367,1.41628459
0.39999999999999575,1.35178889,1.4160433
0.45600000000000135,1.35206585,1.41582029
0.5119999999999953,1.35231824,1.41562087
0.568000000000001,1.35254256,1.41544776
0.623999999999995,1.3527375,1.41530167
0.6800000000000006,1.35290334,1.41518186
0.7359999999999945,1.35304151,1.4150866
0.7920000000000001,1.35315419,1.41501349
0.8479999999999942,1.35324402,1.41495982
0.9039999999999998,1.35331386,1.41492272
0.9599999999999939,1.35336658,1.41489936
1.0159999999999993,1.35340495,1.41488711
1.0719999999999934,1.35343156,1.41488353
1.127999999999999,1.35344873,1.41488646
1.183999999999993,1.35345855,1.41489405
1.2399999999999987,1.35346276,1.41490476
1.2959999999999927,1.35346287,1.4149173
1.3519999999999983,1.35346011,1.41493068
1.408000000000004,1.35345548,1.41494411
1.463999999999998,1.35344975,1.41495703
1.5200000000000036,1.35344351,1.41496904
1.5759999999999974,1.35343721,1.4149799
1.632000000000003,1.35343116,1.41498946
1.687999999999997,1.35342555,1.41499769
1.7440000000000027,1.35342051,1.4150046
1.7999999999999967,1.3534161,1.41501027
1.8560000000000023,1.35341232,1.41501479
1.9119999999999964,1.35340916,1.4150183
1.968000000000002,1.35340658,1.41502091
0.023999999999995938,1.35340451,1.41502277
0.08000000000000153,1.35340289,1.41502401
0.13599999999999554,1.35340165,1.41502474
0.19200000000000114,1.35340073,1.41502506
0.24799999999999517,1.35340007,1.41502509
0.30400000000000077,1.35339962,1.4150249
0.35999999999999477,1.35339933,1.41502455
0.41600000000000037,1.35339916,1.41502412
0.4719999999999944,1.35339908,1.41502364
0.528,1.35339906,1.41502314
0.583999999999994,1.35339908,1.41502267
0.6399999999999996,1.35339913,1.41502223
0.6959999999999936,1.35339919,1.41502184
0.7519999999999992,1.35339925,1.41502151
0.8079999999999933,1.35339931,1.41502123
0.8639999999999989,1.35339936,1.41502102
0.9199999999999928,1.35339941,1.41502087
0.9759999999999984,1.35339945,1.41502078
1.0000240000000018,1.35339947,1.41502075
1.0056240000000036,1.35338951,1.4150309
1.0168239999999955,1.35337326,1.41504826
1.0392240000000024,1.35342081,1.41501308
1.084023999999993,1.35417263,1.41436374
1.1400239999999986,1.35667492,1.41214136
1.1960239999999924,1.36094972,1.40823294
1.252023999999998,1.3667917,1.40269952
1.2576239999999999,1.36747049,1.40204256
1.2688240000000033,1.36884983,1.40070271
1.2912239999999986,1.37168007,1.3979296
1.3360240000000008,1.37727391,1.39238808
1.3920239999999948,1.38372374,1.38593612
1.4480240000000004,1.38935631,1.38026627
1.5040239999999943,1.39414224,1.37542389
1.5600239999999999,1.39811511,1.37138187
1.616023999999994,1.40133262,1.36808726
1.6720239999999995,1.4038675,1.36547077
1.7280239999999936,1.40580137,1.36345384
1.7840239999999992,1.407219,1.36195401
1.8400239999999932,1.40820386,1.36088968
1.8960239999999988,1.40883486,1.36018326
1.9520239999999929,1.40918417,1.35976357
0.008023999999998421,1.40931595,1.35956703
0.06402399999999243,1.40928578,1.3595384
0.12002399999999804,1.40914069,1.35963077
0.17602400000000362,1.40891944,1.35980533
0.23202399999999765,1.40865321,1.36003067
0.2880240000000032,1.40836635,1.36028217
0.3440239999999973,1.40807724,1.36054107
0.4000240000000029,1.40779918,1.36079369
0.4560239999999969,1.40754124,1.36103049
0.5120240000000025,1.40730903,1.36124544
0.5680239999999965,1.40710549,1.36143515
0.6240240000000021,1.40693146,1.36159836
0.6800239999999961,1.40678626,1.36173535
0.7360240000000017,1.40666813,1.36184748
0.7920239999999957,1.40657467,1.36193684
0.8480240000000013,1.40650303,1.36200593
0.9040239999999954,1.40645025,1.36205744
0.960024000000001,1.40641337,1.36209407
1.0000079999999965,1.40639528,1.3621125
1.0056079999999983,1.40640337,1.36210459
1.0168080000000017,1.40641671,1.36209231
1.039207999999997,1.4063736,1.3621474
1.0840079999999992,1.40570177,1.36290928
1.1400079999999932,1.40342865,1.36540238
1.1960079999999988,1.39944145,1.36963233
1.2520079999999927,1.39380689,1.37539001
1.2576079999999945,1.39313882,1.37605807
1.268807999999998,1.39177648,1.37741522
1.2912079999999933,1.3889567,1.38019732
1.3360079999999954,1.38331896,1.3856877
1.392008000000001,1.37675104,1.39200866
1.448007999999995,1.37098192,1.39752525
1.5040080000000007,1.36606583,1.40221635
1.5600079999999945,1.36197489,1.40611591
1.6160080000000001,1.3586519,1.40927911
1.6720079999999942,1.35602465,1.41177707
1.7280079999999998,1.3540118,1.41368958
1.7840079999999938,1.35252841,1.41509953
1.8400079999999994,1.35149048,1.41608842
1.8960079999999935,1.35081826,1.41673328
1.952007999999999,1.35043858,1.4171044
0.008007999999993062,1.35028618,1.41726423
0.06400799999999866,1.3503043,1.41726677
0.12000799999999268,1.35044478,1.41715762
0.17600799999999828,1.3506677,1.41697431
0.23200800000000388,1.35094082,1.41674695
0.2880079999999979,1.35123878,1.41649899
0.3440080000000035,1.35154229,1.41624807
0.4000079999999975,1.35183723,1.41600688
0.4560080000000031,1.3521138,1.41578405
0.5120079999999971,1.35236576,1.41558484
0.5680080000000027,1.35258961,1.41541196
0.6240079999999968,1.35278408,1.41526609
0.6800080000000023,1.35294946,1.41514649
0.7360079999999963,1.35308719,1.41505141
0.7920080000000019,1.35319947,1.41497846
0.848007999999996,1.35328895,1.41492491
0.9040080000000016,1.35335846,1.4148879
0.9600079999999955,1.3534109,1.41486462
1.0160080000000011,1.35344903,1.41485242
1.0720079999999952,1.35347543,1.41484886
1.1280080000000008,1.35349243,1.4148518
1.1840079999999948,1.3535021,1.41485939
1.2400080000000004,1.35350619,1.41487008
1.2960079999999945,1.35350621,1.41488259
1.352008,1.35350337,1.41489594
1.408007999999994,1.35349867,1.41490933
1.4640079999999995,1.35349288,1.41492222
1.5200079999999936,1.35348661,1.41493419
1.5760079999999992,1.35348027,1.41494502
1.6320079999999932,1.35347418,1.41495455
1.6880079999999988,1.35346855,1.41496274
1.744007999999993,1.35346349,1.41496962
1.8000079999999985,1.35345905,1.41497526
1.8560079999999926,1.35345526,1.41497976
1.9120079999999982,1.35345209,1.41498324
1.9680080000000038,1.35344949,1.41498584
0.02400799999999771,1.3534474,1.41498768
0.08000800000000331,1.35344576,1.4149889
0.13600799999999733,1.3534445,1.41498962
0.19200800000000293,1.35344357,1.41498993
0.24800799999999695,1.35344289,1.41498995
0.30400800000000255,1.35344243,1.41498975
0.36000799999999655,1.35344212,1.4149894
0.41600800000000215,1.35344193,1.41498895
0.47200799999999615,1.35344183,1.41498847
0.5280080000000018,1.35344179,1.41498797
0.5840079999999958,1.35344179,1.41498748
0.6400080000000014,1.35344182,1.41498704
0.6960079999999954,1.35344186,1.41498664
0.752008000000001,1.3534419,1.4149863
0.8080079999999951,1.35344194,1.41498602
0.8640080000000007,1.35344198,1.41498581
0.9200079999999946,1.35344201,1.41498565
0.9760080000000002,1.35344203,1.41498555
1.0320079999999943,1.35344204,1.4149855
1.0880079999999999,1.35344205,1.41498549
1.144007999999994,1.35344206,1.41498553
1.2000079999999995,1.35344206,1.41498561
1.2560079999999936,1.35344206,1.41498571
1.3120079999999992,1.35344205,1.41498584
1.368007999999993,1.35344205,1.41498599
1.4240079999999986,1.35344205,1.41498615
1.4800079999999927,1.35344204,1.41498633
1.5360079999999983,1.35344204,1.41498652
1.5920080000000039,1.35344205,1.41498672
1.648007999999998,1.35344205,1.41498692
1.7040080000000035,1.35344205,1.41498713
1.7600079999999976,1.35344206,1.41498734
1.8160080000000032,1.35344207,1.41498755
1.8720079999999972,1.35344208,1.41498775
1.9280080000000028,1.35344209,1.41498796
1.9840079999999967,1.35344211,1.41498817
2.3999999995191103e-05,1.35344211,1.41498823
0.005623999999996909,1.35343215,1.4149984
0.016824000000000346,1.35341589,1.41501581
0.03922399999999564,1.35346344,1.41498071
0.0840239999999978,1.35421526,1.41433147
0.1400240000000034,1.35671747,1.41210905
0.19602399999999742,1.36099206,1.40820042
0.252024000000003,1.36683367,1.40266664
0.25762399999999314,1.36751242,1.40200964
0.26882399999999657,1.36889166,1.4006697
0.2912240000000035,1.37172169,1.39789641
0.33602399999999405,1.37731509,1.39235449
0.39202399999999965,1.38376437,1.38590205
0.44802399999999365,1.38939646,1.38023179
0.5040239999999993,1.394182,1.37538907
0.5600239999999933,1.39815457,1.3713468
0.6160239999999989,1.40137186,1.36805201
0.6720239999999928,1.40390658,1.36543541
0.7280239999999985,1.40584037,1.36341845
0.7840239999999925,1.40725796,1.36191863
0.8400239999999981,1.40824284,1.36085435
0.8960240000000037,1.4088739,1.36014803
0.9520239999999978,1.40922329,1.35972845
1.0080240000000034,1.40935518,1.35953205
1.0640239999999974,1.40932514,1.35950358
1.120024000000003,1.40918018,1.35959611
1.1760239999999968,1.40895908,1.35977083
1.2320240000000025,1.408693,1.35999634
1.2880239999999965,1.40840628,1.36024801
1.344024000000002,1.40811731,1.36050707
1.4000239999999962,1.40783938,1.36075984
1.4560240000000018,1.40758157,1.36099679
1.5120239999999958,1.40734948,1.36121187
1.5680240000000014,1.40714605,1.3614017
1.6240239999999955,1.40697212,1.36156503
1.680024000000001,1.40682701,1.36170211
1.736023999999995,1.40670896,1.36181433
1.7920240000000005,1.40661556,1.36190377
1.8480239999999946,1.40654398,1.36197293
1.9040240000000002,1.40649125,1.36202449
1.9600239999999942,1.40645441,1.36206118
8.000000001412796e-06,1.40643634,1.36207963
0.0056080000000031304,1.40644443,1.36207173
0.016807999999994987,1.40645778,1.36205945
0.03920800000000186,1.40641468,1.36211455
0.08400800000000402,1.40574294,1.36287646
0.14000799999999802,1.40347004,1.36536964
0.19600800000000362,1.39948319,1.36959979
0.2520079999999977,1.39384911,1.37535782
0.2576079999999994,1.39318109,1.37602591
0.2688080000000028,1.39181886,1.37738316
0.2912079999999981,1.38899929,1.38016545
0.33600800000000025,1.38336201,1.38565623
0.39200799999999425,1.37679463,1.39197768
0.44800799999999985,1.37102597,1.39749469
0.5040079999999939,1.36611024,1.40218613
0.5600079999999995,1.36201954,1.40608595
0.6160079999999934,1.35869672,1.40924933
0.672007999999999,1.35606953,1.41174742
0.7280079999999931,1.35405669,1.41365997
0.7840079999999987,1.35257324,1.41506993
0.8400079999999928,1.35153521,1.41605877
0.8960079999999984,1.35086284,1.41670355
0.952008000000004,1.35048299,1.41707455
1.008007999999998,1.35033038,1.41723425
1.0640080000000036,1.3503483,1.41723662
1.1200079999999977,1.35048855,1.41712731
1.176008000000003,1.35071125,1.41694381
1.232007999999997,1.35098414,1.41671628
1.2880080000000027,1.35128189,1.41646813
1.3440079999999968,1.35158518,1.41621704
1.4000080000000024,1.35187992,1.41597568
1.4560079999999964,1.35215631,1.41575269
1.512008000000002,1.35240808,1.41555332
1.568007999999996,1.35263177,1.4153803
1.6240080000000017,1.35282608,1.41523429
1.6800079999999957,1.35299131,1.41511457
1.7360080000000013,1.35312892,1.41501937
1.7920079999999952,1.35324108,1.41494632
1.8480080000000008,1.35333045,1.41489267
1.9040079999999948,1.35339987,1.41485559
1.9600080000000004,1.35345222,1.41483224
1.999991999999996,1.35348062,1.41482256
0.0055919999999977715,1.35347403,1.41483181
0.01679200000000121,1.3534643,1.41484754
0.0391919999999965,1.35352354,1.4148101
0.08399199999999866,1.35429384,1.41415957
0.13999199999999268,1.35681128,1.41194068
0.19599199999999828,1.36109403,1.40803968
0.2519920000000039,1.36693841,1.40251621
0.257591999999994,1.36761716,1.40186035
0.2687919999999974,1.36899635,1.40052273
0.29119199999999273,1.37182586,1.39775419
0.3359919999999949,1.37741688,1.39222211
0.3919920000000005,1.38386137,1.38578215
0.4479919999999945,1.38948744,1.38012412
0.5039920000000001,1.39426639,1.37529297
0.5599919999999942,1.39823228,1.37126131
0.6159919999999998,1.40144315,1.367976
0.6719919999999937,1.40397195,1.36536765
0.7279919999999993,1.40590041,1.3633577
0.7839919999999934,1.40731336,1.36186371
0.839991999999999,1.40829429,1.36080416
0.895991999999993,1.40892207,1.36010154
0.9519919999999986,1.40926881,1.3596848
0.9999839999999992,1.40939014,1.3595078
1.005584000000001,1.40940459,1.35948725
1.0167839999999928,1.40942732,1.35945313
1.0391839999999997,1.4093841,1.35948396
1.0839840000000018,1.40864822,1.36026364
1.139983999999996,1.40620242,1.36287689
1.1959840000000015,1.40197315,1.36730281
1.2519839999999953,1.39605735,1.37330208
1.2575839999999971,1.39535973,1.37399609
1.2687840000000006,1.39393811,1.37540549
1.291183999999996,1.39099895,1.37829364
1.335983999999998,1.38512292,1.38399836
1.3919840000000037,1.37826583,1.39058287
1.4479839999999977,1.37222589,1.39634868
1.5039840000000033,1.36706384,1.40126758
1.5599839999999972,1.36275545,1.40536947
1.6159840000000028,1.35924494,1.40870776
1.6719839999999968,1.35645978,1.41135357
1.7279840000000024,1.35431716,1.41338787
1.7839839999999965,1.35272983,1.41489559
1.839984000000002,1.35161102,1.41596074
1.8959839999999961,1.35087799,1.4166631
1.9519840000000017,1.35045454,1.41707579
0.0079839999999957,1.35027248,1.41726399
0.0639840000000013,1.3502724,1.4172842
0.11998399999999532,1.35040366,1.41718433
0.17598400000000092,1.35062424,1.4170039
0.23198399999999492,1.35090005,1.41677475
0.2879840000000005,1.35120421,1.41652175
0.34398399999999457,1.35151616,1.41626373
0.3999840000000001,1.35182081,1.4160143
0.45598399999999417,1.35210758,1.4157828
0.5119839999999998,1.35236964,1.41557501
0.5679839999999938,1.35260311,1.41539402
0.6239839999999993,1.35280644,1.41524075
0.6799839999999934,1.35297974,1.41511461
0.735983999999999,1.35312441,1.41501389
0.791983999999993,1.3532426,1.41493623
0.8479839999999986,1.35333702,1.41487883
0.9039839999999926,1.35341056,1.41483879
0.9599839999999982,1.3534662,1.41481319
1.000024,1.35349653,1.41480229
1.0056240000000018,1.35349018,1.41481139
1.0168239999999937,1.3534809,1.41482685
1.0392240000000006,1.35354096,1.41478891
1.0840240000000028,1.35431264,1.41413758
1.1400239999999966,1.35683134,1.41191798
1.1960240000000022,1.36111486,1.40801651
1.2520239999999963,1.36695959,1.40249276
1.257623999999998,1.36763836,1.40183688
1.2688240000000015,1.36901757,1.40049922
1.2912239999999968,1.37184709,1.39773062
1.336023999999999,1.37743801,1.39219848
1.392023999999993,1.38388224,1.38575855
1.4480239999999986,1.38950795,1.38010065
1.504024000000004,1.39428652,1.37526971
1.560023999999998,1.39825202,1.37123831
1.6160240000000037,1.40146251,1.36795329
1.6720239999999977,1.40399096,1.36534525
1.7280240000000033,1.40591912,1.36333561
1.7840239999999974,1.40733181,1.36184192
1.840024000000003,1.40831252,1.36078265
1.896023999999997,1.40894014,1.3600803
1.9520240000000026,1.40928675,1.3596638
0.008023999999996612,1.40941646,1.35946968
0.0640240000000022,1.40938476,1.35944283
0.12002399999999623,1.40923859,1.35953643
0.17602400000000182,1.40901663,1.35971177
0.23202399999999584,1.40875001,1.35993756
0.28802400000000145,1.40846298,1.36018924
0.34402399999999544,1.40817389,1.36044812
0.40002400000000105,1.40789596,1.36070058
0.45602399999999504,1.40763824,1.36093713
0.5120240000000007,1.40740631,1.36115177
0.5680239999999946,1.40720307,1.36134115
0.6240240000000002,1.40702933,1.36150403
0.6800239999999943,1.40688442,1.3616407
0.7360239999999999,1.40676657,1.36175254
0.792023999999994,1.40667335,1.36184163
0.8480239999999996,1.40660192,1.3619105
0.9040239999999935,1.40654932,1.36196181
0.9600239999999991,1.40651259,1.36199829
1.0160239999999932,1.40648892,1.36202251
1.0720239999999988,1.40647571,1.36203689
1.1280239999999928,1.40647066,1.36204355
1.1840239999999984,1.40647175,1.3620444
1.240024000000004,1.40647726,1.36204101
1.296023999999998,1.40648578,1.36203472
1.3520240000000037,1.40649615,1.3620266
1.4080239999999975,1.40650745,1.3620175
1.464024000000003,1.40651901,1.36200808
1.5200239999999972,1.4065303,1.3619988
1.5760240000000028,1.40654098,1.36198999
1.6320239999999968,1.40655082,1.36198188
1.6880240000000024,1.40655968,1.36197457
1.7440239999999965,1.40656752,1.36196812
1.800024000000002,1.40657434,1.36196252
1.8560239999999961,1.40658019,1.36195773
1.9120240000000017,1.40658516,1.36195367
1.9680239999999956,1.40658932,1.36195027
1.9999999999999978,1.40659137,1.3619486
0.005599999999999546,1.40660179,1.36193834
0.016800000000002983,1.40661957,1.36192157
0.03919999999999827,1.40658405,1.36196889
0.08400000000000044,1.40592296,1.36271953
0.13999999999999446,1.40365645,1.36520551
0.19600000000000006,1.39967014,1.36943458
0.25199999999999406,1.39403239,1.37519609
0.2575999999999958,1.39336381,1.37586475
0.2687999999999992,1.3920004,1.3772232
0.2911999999999945,1.38917821,1.38000819
0.3359999999999967,1.3835348,1.38550534
0.3920000000000023,1.3769586,1.39183583
0.4479999999999963,1.37118041,1.39736229
0.5040000000000019,1.36625499,1.402063
0.559999999999996,1.36215487,1.40597151
0.6160000000000015,1.35882319,1.40914275
0.6719999999999955,1.35618792,1.41164772
0.7280000000000011,1.35416786,1.41356613
0.7839999999999951,1.35267812,1.41498092
0.8400000000000007,1.3516347,1.41597361
0.8959999999999948,1.35095783,1.41662133
0.9520000000000004,1.35057425,1.4169945
0.999992000000001,1.35043018,1.41714252
1.0055920000000027,1.35041373,1.41716036
1.0167919999999946,1.35038782,1.41719006
1.0391920000000014,1.35043475,1.41716224
1.0839920000000036,1.35124889,1.41646884
1.1399919999999977,1.35392207,1.41410602
1.195992000000003,1.35843845,1.40999325
1.251991999999997,1.36456285,1.4042197
1.257591999999999,1.36527141,1.40353744
1.2687920000000024,1.36671053,1.40214682
1.2911919999999977,1.36966139,1.39927148
1.3359919999999998,1.37549693,1.39352619
1.391991999999994,1.38224162,1.38682822
1.4479919999999995,1.38815204,1.38093003
1.5039919999999933,1.39319209,1.37588276
1.559991999999999,1.39739152,1.37166233
1.615991999999993,1.40080645,1.36821672
1.6719919999999986,1.40350972,1.36547602
1.7279919999999926,1.40558425,1.36336002
1.7839919999999982,1.40711692,1.36178389
1.8399920000000038,1.40819379,1.3606633
1.895991999999998,1.40889661,1.35991777
1.9519920000000035,1.40930039,1.35947325
1.999984000000004,1.40945841,1.35928239
0.005583999999994187,1.40947642,1.3592608
0.016783999999997624,1.40950602,1.35922478
0.03918399999999291,1.40947515,1.35925288
0.08398399999999508,1.40875897,1.36003091
0.13998400000000066,1.40632994,1.36264803
0.1959839999999947,1.40211054,1.3670829
0.25198400000000026,1.39619943,1.37309463
0.25758400000000203,1.39550203,1.37379005
0.26878399999999386,1.39408076,1.3752023
0.2911840000000007,1.39114192,1.37809634
0.3359840000000029,1.38526525,1.38381334
0.3919839999999969,1.37840543,1.39041342
0.4479840000000025,1.37236125,1.39619431
0.5039839999999965,1.36719406,1.4011273
0.5599840000000021,1.36288012,1.40524193
0.6159839999999961,1.35936401,1.40859147
0.6719840000000017,1.35657348,1.41124695
0.7279839999999957,1.35442587,1.41328937
0.7839840000000013,1.35283402,1.41480371
0.8399839999999954,1.35171124,1.41587411
0.895984000000001,1.35097477,1.41658049
0.951983999999995,1.3505484,1.41699613
0.9999759999999955,1.35037888,1.41716969
1.0055759999999974,1.35036012,1.41718989
1.0167760000000008,1.35032981,1.41722406
1.039175999999996,1.3503692,1.41720398
1.0839759999999983,1.35117274,1.41652166
1.1399760000000039,1.3538397,1.41416578
1.1959759999999977,1.35835586,1.41005402
1.2519760000000033,1.36448434,1.40427718
1.2575759999999936,1.36519351,1.40359439
1.268775999999997,1.3666339,1.40220266
1.2911760000000039,1.3695876,1.3993248
1.3359759999999945,1.37542969,1.3935736
1.391976,1.38218371,1.38686717
1.447975999999994,1.38810404,1.38096002
1.5039759999999995,1.39315399,1.37590385
1.5599759999999936,1.3973629,1.37167497
1.6159759999999992,1.4007866,1.36822164
1.6719759999999932,1.40349776,1.36547408
1.7279759999999988,1.40557922,1.36335217
1.783975999999993,1.40711783,1.36177109
1.8399759999999985,1.40819968,1.36064645
1.895976000000004,1.40890658,1.35989773
1.9519759999999982,1.40931363,1.35945077
2.3999999993381644e-05,1.40947399,1.3592582
0.005623999999995099,1.4094922,1.35923647
0.016823999999998535,1.40952221,1.3592002
0.039223999999993826,1.40949208,1.35922785
0.08402399999999599,1.40877717,1.36000519
0.1400240000000016,1.40634939,1.36262182
0.1960239999999956,1.40213094,1.36705659
0.2520240000000012,1.39622055,1.37306855
0.2576240000000029,1.39552321,1.37376401
0.2688239999999948,1.39410206,1.37517635
0.29122400000000165,1.39116343,1.37807058
0.3360240000000038,1.38528711,1.38378805
0.3920239999999978,1.37842758,1.39038879
0.4480240000000034,1.37238355,1.39617036
0.5040239999999975,1.36721639,1.40110399
0.5600240000000031,1.36290238,1.40521924
0.616023999999997,1.35938614,1.40856932
0.6720240000000026,1.35659544,1.41122528
0.7280239999999967,1.35444762,1.41326809
0.7840240000000023,1.35285556,1.41478277
0.8400239999999963,1.35173256,1.41585342
0.8960240000000019,1.35099587,1.41656
0.9520239999999959,1.35056929,1.41697577
1.0000159999999965,1.3503996,1.41714941
1.0056159999999983,1.35038082,1.41716962
1.0168160000000017,1.35035047,1.4172038
1.039215999999997,1.35038978,1.41718373
1.0840159999999992,1.35119319,1.4165014
1.140015999999993,1.35385995,1.4141454
1.1960159999999986,1.35837587,1.41003339
1.2520159999999927,1.36450403,1.40425622
1.2576159999999945,1.36521317,1.4035734
1.268815999999998,1.36665349,1.40218159
1.2912159999999933,1.36960703,1.39930358
1.3360159999999954,1.37544883,1.39355206
1.392016000000001,1.38220248,1.38684523
1.4480159999999949,1.38812249,1.38093773
1.5040160000000005,1.39317217,1.37588126
1.5600159999999945,1.39738087,1.37165215
1.6160160000000001,1.40080442,1.36819863
1.6720159999999942,1.40351546,1.36545094
1.7280159999999998,1.40559684,1.36332895
1.7840159999999938,1.40713541,1.36174782
1.8400159999999994,1.40821725,1.36062317
1.8960159999999935,1.40892416,1.35987446
1.952015999999999,1.40933124,1.35942754
0.008015999999993027,1.40950554,1.35921602
0.06401599999999863,1.40950533,1.35918205
0.12001600000000422,1.40938008,1.35927641
0.17601599999999823,1.40917072,1.35945827
0.23201600000000383,1.4089103,1.35969454
0.28801599999999783,1.40862476,1.35995919
0.34401600000000343,1.40833381,1.36023234
0.4000159999999975,1.40805178,1.36049944
0.4560160000000031,1.4077886,1.36075031
0.512015999999997,1.40755052,1.36097845
0.5680160000000026,1.40734095,1.36118018
0.6240159999999967,1.40716106,1.36135408
0.6800160000000023,1.40701041,1.36150032
0.7360159999999963,1.40688738,1.36162031
0.7920160000000019,1.40678962,1.36171617
0.8480159999999959,1.40671432,1.36179051
0.9040160000000015,1.40665848,1.36184614
0.9600159999999955,1.40661911,1.3618859
1.0000000000000027,1.40659956,1.36190603
1.005599999999993,1.40660747,1.36189832
1.0167999999999964,1.40662046,1.36188643
1.0392000000000032,1.40657672,1.3619422
1.0839999999999936,1.40590407,1.36270518
1.1399999999999992,1.40363087,1.36519955
1.1959999999999933,1.39964464,1.36943109
1.251999999999999,1.39401187,1.37519089
1.2576000000000007,1.39334401,1.37585919
1.2688000000000041,1.39198212,1.37721686
1.2911999999999995,1.38916329,1.38000002
1.3360000000000016,1.38352763,1.3854926
1.3919999999999957,1.37696229,1.39181611
1.448000000000001,1.37119543,1.39733477
1.5039999999999951,1.36628115,1.40202742
1.5600000000000007,1.36219151,1.40592805
1.6159999999999948,1.35886939,1.40909188
1.6720000000000004,1.35624258,1.41159011
1.7279999999999944,1.35422982,1.41350255
1.784,1.35274621,1.41491218
1.839999999999994,1.35170782,1.41590051
1.8959999999999997,1.35103493,1.41654464
1.9519999999999937,1.35065441,1.41691492
1.9999919999999942,1.3505123,1.41706094
0.005591999999995962,1.35049605,1.41707859
0.016791999999999398,1.35047051,1.41710789
0.03919199999999469,1.3505181,1.41707933
0.08399199999999685,1.35133328,1.41638455
0.13999200000000245,1.35400717,1.41402007
0.19599199999999647,1.35852356,1.40990563
0.25199200000000205,1.3646473,1.40413039
0.25759200000000376,1.36535575,1.40344797
0.26879199999999565,1.36679466,1.40205702
0.2911920000000025,1.36974503,1.39918102
0.3359919999999931,1.37557944,1.39343445
0.3919919999999987,1.38232262,1.38673507
0.4479920000000043,1.38823158,1.38083575
0.5039919999999983,1.39327029,1.37578766
0.5599920000000039,1.39746854,1.37156667
0.6159919999999979,1.40088248,1.36812073
0.6719920000000035,1.40358493,1.36537989
0.7279919999999975,1.40565882,1.36326391
0.7839920000000031,1.40719101,1.36168792
0.8399919999999972,1.40826756,1.36056758
0.8959920000000028,1.40897018,1.35982237
0.9519919999999967,1.40937389,1.35937823
1.0079920000000024,1.40954562,1.35916884
1.0639919999999963,1.40954353,1.35913646
1.1199920000000019,1.40941698,1.35923195
1.175991999999996,1.40920679,1.35941456
1.2319920000000015,1.40894594,1.35965127
1.2879919999999956,1.40866025,1.35991615
1.3439920000000012,1.40836938,1.36018935
1.3999919999999952,1.40808759,1.36045637
1.4559920000000008,1.40782475,1.36070709
1.511991999999995,1.40758708,1.36093503
1.5679920000000005,1.40737795,1.36113655
1.6239919999999946,1.40719851,1.36131022
1.6799920000000002,1.4070483,1.36145626
1.735991999999994,1.40692568,1.36157606
1.7919919999999996,1.4068283,1.36167175
1.8479919999999936,1.40675333,1.36174595
1.9039919999999992,1.40669779,1.36180148
1.9599919999999933,1.40665868,1.36184116
0.015991999999998893,1.40663313,1.36186773
0.07199199999999291,1.40661847,1.36188373
0.1279919999999985,1.40661235,1.36189142
0.1839920000000041,1.40661266,1.36189281
0.23999199999999812,1.40661765,1.36188959
0.2959920000000037,1.40662583,1.36188319
0.35199199999999775,1.406636,1.36187476
0.40799200000000335,1.40664722,1.36186521
0.46399199999999735,1.40665876,1.36185525
0.5199920000000029,1.40667009,1.3618454
0.575991999999997,1.40668083,1.36183601
0.6319920000000026,1.40669073,1.36182733
0.6879919999999966,1.40669966,1.36181949
0.7439920000000022,1.40670756,1.36181255
0.7999919999999962,1.40671444,1.36180652
0.8559920000000018,1.40672033,1.36180134
0.9119919999999958,1.40672532,1.36179697
0.9679920000000014,1.4067295,1.3617933
1.0000239999999982,1.40673156,1.36179149
1.005624,1.40674198,1.36178121
1.0168240000000035,1.40675976,1.3617644
1.0392239999999988,1.40672426,1.36181163
1.0840240000000008,1.40606338,1.36256216
1.1400239999999948,1.40379757,1.36504833
1.1960240000000004,1.39981249,1.36927819
1.2520239999999945,1.39417638,1.37504117
1.2576239999999963,1.39350797,1.37571002
1.2688239999999997,1.39214494,1.37706885
1.291223999999995,1.38932351,1.37985469
1.3360239999999972,1.38368172,1.38535366
1.3920240000000028,1.37710744,1.39168636
1.4480239999999966,1.3713309,1.39721479
1.5040240000000022,1.36640675,1.40191712
1.5600239999999963,1.36230753,1.40582692
1.616024000000002,1.35897641,1.40899912
1.672023999999996,1.35634141,1.41150476
1.7280240000000016,1.35432137,1.41342357
1.7840239999999956,1.35283143,1.41483853
1.8400240000000012,1.35178765,1.41583119
1.8960239999999953,1.35111027,1.41647871
1.9520240000000009,1.35072609,1.41685155
0.008023999999994801,1.35056977,1.4170123
0.0640240000000004,1.35058454,1.41701508
0.12002399999999441,1.35072215,1.41690564
0.176024,1.35094264,1.41672162
0.23202399999999404,1.35121371,1.41649326
0.2880239999999996,1.35150994,1.41624408
0.34402399999999367,1.35181199,1.41599182
0.40002399999999927,1.3521057,1.41574924
0.45602399999999327,1.35238123,1.415525
0.5120239999999988,1.3526323,1.41532443
0.5680239999999929,1.35285539,1.41515025
0.6240239999999985,1.35304921,1.41500317
0.6800240000000041,1.35321403,1.41488246
0.7360239999999981,1.35335127,1.41478639
0.7920240000000037,1.35346313,1.41471256
0.8480239999999977,1.35355223,1.41465825
0.9040240000000033,1.35362141,1.41462059
0.9600239999999973,1.35367356,1.41459676
1.016024000000003,1.35371144,1.4145841
1.072023999999997,1.35373762,1.41458017
1.1280240000000026,1.35375443,1.41458282
1.1840239999999966,1.35376392,1.41459018
1.2400240000000022,1.35376787,1.4146007
1.296023999999996,1.35376776,1.4146131
1.3520240000000017,1.35376481,1.41462637
1.4080239999999957,1.35376003,1.41463973
1.4640240000000013,1.35375416,1.41465261
1.5200239999999954,1.35374783,1.4146646
1.576024000000001,1.35374144,1.41467546
1.632023999999995,1.35373531,1.41468504
1.6880240000000006,1.35372965,1.41469329
1.7440239999999947,1.35372456,1.41470024
1.8000240000000003,1.35372011,1.41470595
1.8560239999999943,1.35371631,1.41471053
1.912024,1.35371312,1.41471409
1.9680239999999938,1.35371052,1.41471677
1.999999999999996,1.35370926,1.41471795
0.005599999999997737,1.3536991,1.41472828
0.01680000000000117,1.35368245,1.41474598
0.03919999999999647,1.35372931,1.41471136
0.08399999999999863,1.35447993,1.4140624
0.14000000000000423,1.35698057,1.4118389
0.19599999999999823,1.36125301,1.40792765
0.25200000000000383,1.36709167,1.40239007
0.257599999999994,1.36777007,1.40173262
0.26879999999999743,1.36914861,1.4003918
0.2912000000000043,1.37197715,1.39761665
0.33599999999999486,1.37756742,1.39207086
0.39200000000000046,1.38401301,1.3856137
0.44799999999999446,1.38964197,1.37993927
0.5040000000000001,1.39442502,1.37509312
0.5599999999999941,1.39839573,1.37104817
0.6159999999999997,1.40161173,1.36775143
0.6719999999999937,1.40414568,1.36513351
0.7279999999999993,1.40607913,1.3631158
0.7839999999999934,1.40749678,1.36161574
0.839999999999999,1.40848203,1.36055165
0.8959999999999929,1.40911372,1.35984585
0.9519999999999985,1.40946395,1.3594271
1.0080000000000042,1.40959683,1.35923173
1.063999999999998,1.4095679,1.35920445
1.1200000000000037,1.40942414,1.35929829
1.1759999999999977,1.40920426,1.35947438
1.2320000000000033,1.40893942,1.35970129
1.2879999999999974,1.40865394,1.35995436
1.344000000000003,1.40836618,1.3602148
1.399999999999997,1.40808941,1.36046889
1.4560000000000026,1.4078327,1.36070711
1.5119999999999967,1.40760165,1.36092339
1.5680000000000023,1.40739918,1.36111433
1.6239999999999963,1.40722614,1.36127869
1.6800000000000017,1.40708184,1.36141672
1.7359999999999958,1.40696453,1.36152981
1.7920000000000014,1.40687179,1.36162002
1.8479999999999954,1.4068008,1.36168987
1.904000000000001,1.40674859,1.36174206
1.959999999999995,1.4067122,1.3617793
0.01600000000000067,1.40668883,1.36180417
0.07199999999999468,1.40667589,1.36181911
0.12800000000000028,1.40667107,1.36182624
0.1839999999999943,1.40667235,1.36182747
0.2399999999999999,1.40667804,1.36182441
0.29599999999999393,1.4066867,1.36181838
0.35199999999999954,1.40669719,1.36181048
0.40799999999999353,1.40670859,1.36180156
0.46399999999999914,1.40672022,1.36179227
0.5199999999999931,1.40673157,1.3617831
0.5759999999999987,1.4067423,1.36177439
0.6320000000000043,1.40675216,1.36176634
0.6879999999999984,1.40676104,1.36175909
0.744000000000004,1.40676888,1.36175268
0.7999999999999979,1.4067757,1.36174712
0.8560000000000035,1.40678155,1.36174236
0.9119999999999976,1.4067865,1.36173833
0.9680000000000032,1.40679064,1.36173496
0.9999759999999938,1.40679268,1.3617333
1.0055759999999956,1.4068031,1.36172304
1.016775999999999,1.40682088,1.36170628
1.0391759999999943,1.40678538,1.36175359
1.0839759999999963,1.40612457,1.36250427
1.1399760000000019,1.40385907,1.36499071
1.195975999999996,1.39987451,1.36922102
1.2519760000000015,1.3942391,1.37498465
1.2575760000000034,1.39357078,1.37565358
1.2687759999999952,1.3922079,1.37701258
1.291176000000002,1.38938681,1.37979876
1.3359760000000043,1.38374571,1.38529845
1.391975999999998,1.37717226,1.39163202
1.4479760000000037,1.37139643,1.39716119
1.5039759999999978,1.36647282,1.40186413
1.5599760000000034,1.36237399,1.40577439
1.6159759999999974,1.35904313,1.40894692
1.671976000000003,1.35640825,1.41145277
1.727975999999997,1.35438822,1.41337169
1.7839760000000027,1.3528982,1.41478666
1.8399759999999967,1.35185427,1.41577925
1.8959760000000023,1.35117668,1.41642665
1.9519759999999964,1.35079223,1.41679931
0.007976000000001886,1.35063561,1.41695984
0.0639759999999959,1.35065006,1.41696238
0.1199760000000015,1.35078733,1.41685267
0.17597599999999552,1.35100749,1.41666838
0.23197600000000113,1.35127821,1.41643974
0.2879759999999951,1.35157412,1.41619028
0.3439760000000007,1.35187585,1.41593775
0.3999759999999947,1.35216925,1.4156949
0.4559760000000003,1.35244449,1.41547041
0.5119759999999943,1.35269529,1.4152696
0.5679759999999999,1.35291813,1.4150952
0.623975999999994,1.35311172,1.41494792
0.6799759999999996,1.35327633,1.41482704
0.7359759999999936,1.35341338,1.41473079
0.7919759999999992,1.35352506,1.41465682
0.8479759999999932,1.35361401,1.41460237
0.9039759999999988,1.35368306,1.4145646
0.9599760000000044,1.35373509,1.41454067
1.0000159999999947,1.35376332,1.41453063
1.0056159999999963,1.35375671,1.41453983
1.016816,1.35374692,1.41455547
1.039215999999995,1.35380609,1.4145178
1.0840159999999972,1.35457626,1.41386645
1.1400160000000028,1.35709313,1.41164553
1.1960159999999969,1.36137438,1.40774135
1.2520160000000025,1.36721615,1.4022138
1.2576160000000043,1.36789458,1.40155749
1.2688159999999962,1.36927309,1.40021896
1.291216000000003,1.37210114,1.39744855
1.3360159999999934,1.37768902,1.39191263
1.392015999999999,1.38412969,1.38546817
1.448015999999993,1.38975246,1.37980633
1.5040159999999987,1.39452875,1.37497221
1.5600160000000043,1.39849262,1.37093839
1.6160159999999983,1.40170207,1.36765167
1.672016000000004,1.40422998,1.36504257
1.728015999999998,1.40615804,1.36303243
1.7840160000000036,1.40757101,1.36153873
1.8400159999999977,1.4085523,1.36047987
1.8960160000000033,1.40918074,1.35977826
1.9520159999999973,1.40952837,1.35936276
7.999999997793882e-06,1.40965062,1.35918696
0.005607999999999512,1.40966518,1.35916656
0.01680800000000295,1.40968815,1.35913274
0.03920799999999824,1.40964545,1.35916415
0.0840080000000004,1.40891099,1.35994512
0.14000799999999441,1.40646792,1.3625606
0.19600800000000002,1.40224244,1.36698986
0.252007999999994,1.39633127,1.3729937
0.25760799999999573,1.39563416,1.37368824
0.26880799999999916,1.39421354,1.37509872
0.29120799999999447,1.39127645,1.37798915
0.33600799999999664,1.38540469,1.38369862
0.39200799999999064,1.37855273,1.39028889
0.44800800000000784,1.37251729,1.39605982
0.5040080000000019,1.36735895,1.40098308
0.5600079999999958,1.36305345,1.40508855
0.6160079999999899,1.35954508,1.40842969
0.672008000000007,1.3567614,1.41107767
0.7280080000000011,1.35461966,1.41311352
0.7840079999999952,1.3530327,1.41462224
0.8400079999999891,1.35191384,1.41568791
0.8960080000000062,1.35118041,1.41639039
0.9520080000000003,1.35075626,1.41680287
1.0080079999999942,1.35057328,1.41699058
1.0640079999999883,1.3505721,1.41701009
1.1200080000000054,1.35070215,1.41690936
1.1760079999999995,1.35092144,1.41672795
1.2320079999999936,1.35119592,1.41649775
1.2880079999999876,1.35149875,1.41624365
1.3440080000000048,1.35180939,1.41598452
1.4000079999999988,1.35211276,1.415734
1.4560079999999929,1.35239831,1.41550143
1.51200800000001,1.35265921,1.41529263
1.568008000000004,1.3528916,1.41511069
1.624007999999998,1.35309392,1.41495653
1.680007999999992,1.35326631,1.41482957
1.736008000000009,1.35341013,1.4147281
1.7920080000000032,1.35352756,1.41464977
1.8480079999999972,1.3536213,1.41459178
1.9040079999999913,1.35369423,1.41455122
1.9600080000000084,1.35374934,1.41452517
1.9999919999999924,1.35377929,1.414514
0.005591999999994153,1.35377289,1.41452306
0.01679199999999759,1.35376353,1.41453843
0.03919200000000446,1.35382347,1.41450028
0.08399199999999504,1.35459492,1.41384817
0.13999199999998907,1.35711292,1.41162658
0.19599200000000624,1.36139485,1.40772196
0.25199200000000027,1.3672369,1.40219415
0.257592000000002,1.36791533,1.40153783
0.2687920000000054,1.36929386,1.40019927
0.2911919999999891,1.37212189,1.39742881
0.33599200000000284,1.37770963,1.39189286
0.3919919999999969,1.38415001,1.38544844
0.4479919999999909,1.38977239,1.37978673
0.5039920000000081,1.39454826,1.37495281
0.559992000000002,1.39851172,1.37091925
0.6159919999999961,1.40172077,1.3676328
0.6719919999999902,1.40424831,1.36502399
0.7279920000000073,1.40617605,1.36301414
0.7839920000000014,1.40758874,1.36152072
0.8399919999999953,1.4085698,1.3604621
0.8959919999999894,1.40919806,1.35976073
0.9519920000000065,1.40954555,1.35934544
0.9999839999999955,1.40966771,1.3591698
1.0055839999999974,1.40968227,1.35914942
1.0167840000000008,1.40970521,1.35911564
1.0391840000000077,1.40966249,1.35914712
1.083983999999998,1.40892802,1.35992821
1.1399839999999921,1.406485,1.36254386
1.1959840000000093,1.40225968,1.36697332
1.2519840000000033,1.39634872,1.37297742
1.2575840000000051,1.39565163,1.37367199
1.2687840000000086,1.39423107,1.37508254
1.2911839999999923,1.39129409,1.37797308
1.335984000000006,1.38542255,1.38368282
1.3919839999999999,1.37857087,1.39027338
1.447983999999994,1.37253568,1.39604458
1.503983999999988,1.36737754,1.40096805
1.5599840000000051,1.3630722,1.40507369
1.6159839999999992,1.35956396,1.40841496
1.6719839999999933,1.35678036,1.41106303
1.7279839999999873,1.35463867,1.41309894
1.7839840000000045,1.35305173,1.4146077
1.8399839999999985,1.35193287,1.41567337
1.8959839999999926,1.35119941,1.41637583
1.9519840000000097,1.35077522,1.41678828
1.9999759999999986,1.35060699,1.41695963
0.005576000000000375,1.35058835,1.4169796
0.01677600000000381,1.35055826,1.41701332
0.03917599999998752,1.35059805,1.41699236
0.08397600000000126,1.35140215,1.41630823
0.13997599999999527,1.35406903,1.41394967
0.1959759999999893,1.358584,1.40983467
0.2519760000000065,1.36471012,1.40405415
0.2575760000000082,1.36541899,1.40337097
0.26877599999998847,1.36685876,1.40197846
0.2911759999999953,1.3698111,1.39909903
0.3359760000000091,1.37565025,1.39334468
0.3919760000000031,1.38240057,1.38663462
0.4479759999999971,1.38831753,1.38072442
0.5039759999999911,1.39336458,1.37566588
0.5599760000000084,1.3975711,1.37143528
0.6159760000000023,1.4009929,1.3679808
0.6719759999999964,1.40370262,1.3652326
0.7279759999999904,1.40578306,1.36311047
0.7839760000000076,1.40732104,1.36152952
0.8399760000000016,1.4084026,1.36040531
0.8959759999999956,1.4091095,1.35965724
0.9519759999999896,1.4095168,1.35921111
1.0000239999999965,1.40967752,1.35901935
1.005623999999998,1.40969579,1.35899773
1.0168240000000015,1.40972591,1.35896166
1.0392240000000086,1.40969605,1.35898971
1.084023999999999,1.40898199,1.35976793
1.140023999999993,1.40655605,1.36238612
1.1960240000000102,1.40234032,1.36682328
1.2520240000000042,1.39643332,1.37283857
1.257624000000006,1.39573634,1.37353441
1.2688240000000095,1.39431594,1.37494754
1.291223999999993,1.39137885,1.37784345
1.336024000000007,1.38550572,1.38356442
1.3920240000000008,1.37865004,1.39016939
1.4480239999999949,1.37260939,1.39595473
1.504023999999989,1.36744501,1.40089156
1.560024000000006,1.36313318,1.40500943
1.6160240000000001,1.35961856,1.40836159
1.6720239999999942,1.35682896,1.41101913
1.7280239999999882,1.35468181,1.41306306
1.7840240000000054,1.35309003,1.41457845
1.8400239999999994,1.35196698,1.41564946
1.8960239999999933,1.35122998,1.41635609
1.9520239999999873,1.35080286,1.41677168
1.599999999956857e-05,1.35063256,1.416945
0.005616000000001287,1.35061371,1.41696515
0.016816000000004723,1.3505832,1.41699923
0.039215999999988434,1.35062222,1.4169789
0.08401600000000217,1.35142496,1.41629569
0.1400159999999962,1.35409049,1.4139377
0.1960159999999902,1.35860436,1.40982274
0.2520160000000074,1.36472959,1.40404185
0.2576160000000091,1.36543838,1.40335862
0.2688159999999894,1.36687799,1.40196599
0.29121599999999626,1.36983003,1.39908629
0.33601600000001,1.37566864,1.3933313
0.39201600000000403,1.38241843,1.38662033
0.448015999999998,1.38833499,1.38070919
0.504015999999992,1.39338176,1.37564972
0.5600160000000092,1.39758809,1.37141824
0.6160160000000032,1.40100977,1.36796294
0.6720159999999973,1.40371943,1.36521401
0.7280159999999912,1.40579985,1.36309124
0.7840160000000085,1.40733783,1.36150974
0.8400160000000024,1.40841942,1.36038508
0.8960159999999965,1.40912636,1.35963664
0.9520159999999905,1.4095337,1.35919022
1.0000080000000027,1.40969436,1.35899841
1.0056080000000045,1.40971265,1.35897675
1.016808000000008,1.40974281,1.35894061
1.0392079999999915,1.40971304,1.35896853
1.0840080000000052,1.40899916,1.35974653
1.1400079999999992,1.40657345,1.36236459
1.1960079999999933,1.402358,1.36680176
1.2520079999999874,1.3964513,1.3728172
1.257607999999989,1.39575436,1.37351307
1.2688079999999924,1.39433401,1.37492625
1.2912079999999995,1.39139706,1.37782227
1.3360079999999899,1.38552417,1.38354349
1.392008000000007,1.37866879,1.39014881
1.448008000000001,1.37262839,1.39593448
1.5040079999999951,1.3674642,1.40087161
1.5600079999999892,1.36315251,1.40498974
1.6160080000000063,1.35963799,1.40834212
1.6720080000000004,1.35684845,1.41099984
1.7280079999999944,1.35470132,1.41304391
1.7840079999999885,1.35310953,1.41455941
1.8400080000000056,1.35198645,1.4156305
1.8960079999999997,1.35124941,1.41633717
1.9520079999999935,1.35082223,1.41675277
0.008007999999987633,1.35063674,1.41694269
0.06400800000000481,1.35063353,1.41696362
0.12000799999999882,1.35076195,1.41686367
0.17600799999999284,1.35097997,1.41668254
0.23200800000001,1.35125345,1.41645222
0.28800800000000404,1.35155552,1.41619771
0.34400799999999804,1.35186559,1.41593797
0.4000079999999921,1.35216853,1.41568669
0.45600800000000924,1.35245375,1.41545329
0.5120080000000032,1.35271441,1.41524364
0.5680079999999973,1.35294662,1.41506084
0.6240079999999913,1.35314879,1.41490586
0.6800080000000085,1.35332106,1.41477813
0.7360080000000025,1.35346478,1.41467597
0.7920079999999965,1.35358212,1.414597
0.8480079999999905,1.35367577,1.41453846
0.9040080000000077,1.35374862,1.41449741
0.9600080000000017,1.35380365,1.41447094
1.0160079999999958,1.35384371,1.41445631
1.0720079999999899,1.35387148,1.41445096
1.128008000000007,1.35388938,1.41445266
1.184008000000001,1.35389957,1.41445945
1.240007999999995,1.35390388,1.4144697
1.296007999999989,1.35390389,1.41448206
1.352008000000006,1.35390089,1.41449544
1.4080080000000001,1.35389591,1.41450903
1.4640079999999942,1.35388976,1.41452221
1.5200079999999883,1.3538831,1.41453455
1.5760080000000054,1.35387635,1.41454576
1.6320079999999995,1.35386987,1.41455569
1.6880079999999935,1.35386386,1.41456428
1.7440079999999873,1.35385845,1.41457153
1.8000080000000047,1.35385371,1.41457751
1.8560079999999985,1.35384964,1.41458232
1.9120079999999926,1.35384622,1.41458609
1.9680080000000097,1.35384342,1.41458893
1.9999839999999889,1.35384206,1.41459019
0.005583999999990569,1.35383188,1.41460053
0.016783999999994005,1.3538152,1.41461825
0.03918400000000088,1.35386201,1.41458365
0.08398399999999145,1.35461255,1.41393454
0.13998400000000863,1.3571129,1.41171037
0.19598400000000266,1.36138462,1.40779788
0.25198399999999666,1.36722205,1.40225863
0.25758399999999837,1.36790029,1.401601
0.2687840000000018,1.36927852,1.4002598
0.2911840000000087,1.37210637,1.39748386
0.3359839999999993,1.37769518,1.39193645
0.3919839999999933,1.38413898,1.38547735
0.44798399999998734,1.38976639,1.37980127
0.5039840000000045,1.3945482,1.37495382
0.5599839999999985,1.39851796,1.37090792
0.6159839999999925,1.40173328,1.36761054
0.6719840000000097,1.4042668,1.36499227
0.7279840000000037,1.40620004,1.36297446
0.7839839999999977,1.40761766,1.3614745
0.8399839999999917,1.40860305,1.36041069
0.8959840000000089,1.40923501,1.35970531
0.9519840000000029,1.40958562,1.35928707
1.0079839999999969,1.40971897,1.3590923
1.063983999999991,1.40969056,1.35906568
1.119984000000008,1.40954735,1.3591602
1.1759840000000021,1.40932806,1.35933699
1.2319839999999962,1.40906381,1.3595646
1.2879839999999902,1.40877891,1.35981836
1.3439840000000074,1.40849173,1.36007946
1.3999840000000014,1.40821551,1.36033418
1.4559839999999955,1.40795932,1.360573
1.5119839999999893,1.40772876,1.36078982
1.5679840000000067,1.40752675,1.36098129
1.6239840000000005,1.40735411,1.36114612
1.6799839999999946,1.40721019,1.36128458
1.7359839999999886,1.40709322,1.36139804
1.7919840000000058,1.40700078,1.3614886
1.8479839999999998,1.40693006,1.36155876
1.903983999999994,1.40687807,1.36161122
1.959983999999988,1.40684188,1.36164869
0.01598400000000508,1.40681868,1.36167378
0.0719839999999991,1.40680588,1.36168888
0.1279839999999931,1.40680117,1.36169617
0.1839840000000103,1.40680255,1.36169753
0.2399840000000043,1.40680831,1.36169457
0.2959839999999983,1.40681702,1.36168864
0.35198399999999236,1.40682755,1.36168081
0.4079840000000095,1.40683898,1.36167195
0.46398400000000356,1.40685063,1.36166271
0.5199839999999976,1.40686198,1.36165359
0.5759839999999916,1.4068727,1.3616449
0.6319840000000088,1.40688256,1.36163688
0.6879840000000028,1.40689142,1.36162964
0.7439839999999968,1.40689924,1.36162325
0.7999839999999908,1.40690604,1.3616177
0.855984000000008,1.40691186,1.36161295
0.911984000000002,1.40691678,1.36160893
0.9679839999999961,1.40692089,1.36160557
1.000015999999993,1.40692292,1.36160391
1.0056159999999945,1.40693334,1.36159365
1.016815999999998,1.40695112,1.36157689
1.0392160000000048,1.40691562,1.3616242
1.0840159999999954,1.40625499,1.36237488
1.1400159999999895,1.40399012,1.36486158
1.1960160000000066,1.40000668,1.36909261
1.2520160000000007,1.39437278,1.37485751
1.2576160000000025,1.39370462,1.3755266
1.268816000000006,1.39234208,1.37688592
1.2912159999999895,1.38952169,1.37967282
1.3360160000000032,1.38388206,1.38517403
1.3920159999999973,1.37731038,1.39150946
1.4480159999999913,1.37153604,1.39704024
1.5040160000000085,1.3666136,1.40174451
1.5600160000000025,1.3625156,1.40565581
1.6160159999999966,1.35918525,1.4088291
1.6720159999999906,1.35655063,1.41133545
1.7280160000000078,1.35453063,1.41325464
1.7840160000000018,1.35304046,1.41466967
1.8400159999999959,1.35199622,1.41566216
1.8960159999999897,1.35131817,1.41630933
1.952016000000007,1.35093315,1.41668166
7.999999995984425e-06,1.35078769,1.41682877
0.0056079999999977025,1.35077107,1.4168465
0.016808000000001138,1.35074482,1.41687594
0.03920800000000801,1.3507911,1.41684756
0.0840079999999986,1.35160389,1.41615251
0.1400079999999926,1.3542748,1.41378631
0.19600800000000979,1.35878775,1.40966873
0.2520080000000038,1.36490739,1.40388924
0.2576080000000055,1.3656154,1.40320634
0.268808000000009,1.36705339,1.40181442
0.2912079999999927,1.37000186,1.39893641
0.3360080000000064,1.37583239,1.39318567
0.3920080000000004,1.38257102,1.3864812
0.44800799999999447,1.38847605,1.38057731
0.5040079999999885,1.39351157,1.37552536
0.5600080000000056,1.39770732,1.37130124
0.6160079999999997,1.40111937,1.36785286
0.6720079999999937,1.4038205,1.36511023
0.7280079999999877,1.40589357,1.36299304
0.7840080000000049,1.40742536,1.36141635
0.8400079999999989,1.40850186,1.36029575
0.8960079999999929,1.40920474,1.35955065
0.9520080000000101,1.40960894,1.35910692
1.008008000000004,1.40978136,1.35889819
1.064007999999998,1.40978009,1.35886665
1.1200079999999921,1.40965447,1.35896313
1.1760080000000093,1.40944528,1.35914681
1.2320080000000033,1.40918545,1.35938467
1.2880079999999974,1.40890081,1.3596507
1.3440079999999914,1.40861097,1.35992506
1.4000080000000086,1.40833018,1.36019322
1.4560080000000026,1.40806831,1.36044504
1.5120079999999965,1.40783155,1.36067402
1.5680079999999905,1.40762327,1.36087651
1.6240080000000077,1.40744462,1.3610511
1.6800080000000017,1.40729514,1.36119798
1.7360079999999958,1.40717318,1.36131855
1.7920079999999898,1.40707638,1.36141494
1.848008000000007,1.40700194,1.36148977
1.904008000000001,1.40694686,1.36154584
1.960007999999995,1.40690815,1.36158602
1.9999920000000022,1.40688901,1.36160642
0.005592000000003924,1.40689697,1.36159875
0.01679200000000736,1.40691008,1.36158693
0.03919199999999107,1.40686659,1.36164281
0.08399200000000481,1.40619474,1.36240608
0.13999199999999884,1.40392341,1.36490134
0.19599199999999284,1.39994005,1.36913481
0.25199200000001004,1.39431095,1.37489776
0.2575919999999886,1.3936435,1.37556645
0.26879199999999204,1.39228242,1.37692492
0.2911919999999989,1.38946528,1.3797098
0.33599200000000107,1.38383311,1.38520603
0.3919920000000182,1.3772719,1.39153396
0.44799200000001227,1.37150856,1.39705648
0.5039920000000062,1.36659699,1.40175231
0.5599920000000003,1.3625093,1.40565542
0.6159920000000174,1.3591884,1.40882108
0.6719920000000115,1.35656219,1.41132055
0.7279920000000055,1.35454951,1.41323368
0.7839919999999995,1.35306554,1.41464352
0.8399920000000167,1.35202642,1.41563169
0.8959920000000107,1.35135249,1.41627534
0.9519920000000047,1.3509707,1.41664486
1.007992000000022,1.35081587,1.41680282
1.0639920000000158,1.35083137,1.41680326
1.1199920000000099,1.35096911,1.41669189
1.175992000000004,1.35118927,1.41650627
1.231992000000021,1.35145962,1.41627659
1.2879920000000151,1.35175488,1.41602633
1.3439920000000092,1.35205578,1.41577317
1.3999920000000032,1.35234824,1.41552985
1.4559920000000204,1.35262248,1.41530499
1.5119920000000144,1.35287225,1.41510389
1.5679920000000085,1.35309409,1.41492925
1.6239920000000023,1.35328672,1.41478177
1.6799920000000197,1.35345042,1.41466072
1.7359920000000135,1.35358665,1.41456432
1.7919920000000076,1.35369758,1.41449022
1.8479920000000016,1.35378586,1.41443564
1.9039920000000188,1.35385432,1.41439775
1.9599920000000128,1.35390584,1.41437371
1.99997600000002,1.35393371,1.41436361
0.005576000000021726,1.35392706,1.4143728
0.016776000000002,1.3539172,1.41438841
0.03917600000000887,1.35397623,1.41435065
0.08397599999999945,1.35474617,1.41369892
0.13997600000001664,1.35726252,1.41147691
0.19597600000001064,1.36154272,1.40757095
0.25197600000000464,1.36738281,1.40204108
0.2575760000000064,1.36806103,1.40138451
0.26877600000000984,1.36943912,1.40004547
0.2911760000000167,1.37226626,1.39727399
0.33597600000000727,1.37785219,1.39173587
0.39197600000000127,1.38429053,1.38528881
0.44797600000001847,1.38991127,1.37962475
0.5039760000000125,1.39468593,1.37478889
0.5599760000000065,1.39864856,1.3707538
0.6159760000000005,1.40185712,1.36746624
0.6719760000000177,1.40438448,1.36485668
0.7279760000000117,1.40631227,1.36284641
0.7839760000000058,1.40772522,1.36135285
0.8399759999999997,1.40870671,1.36029436
0.895976000000017,1.40933553,1.3595933
0.9519760000000109,1.40968366,1.35917849
1.0079760000000049,1.40981515,1.35898637
1.0639760000000222,1.4097854,1.35896173
1.119976000000016,1.40964129,1.35905768
1.1759760000000101,1.40942146,1.35923544
1.2319760000000042,1.40915696,1.35946366
1.2879760000000213,1.40887203,1.35971773
1.3439760000000154,1.40858497,1.35997894
1.3999760000000094,1.408309,1.36023362
1.4559760000000035,1.40805312,1.36047228
1.5119760000000206,1.40782291,1.36068889
1.5679760000000147,1.40762127,1.3608801
1.6239760000000085,1.407449,1.36104466
1.6799760000000026,1.40730542,1.36118286
1.7359760000000197,1.40718876,1.36129608
1.7919760000000138,1.40709661,1.36138642
1.8479760000000078,1.40702612,1.36145639
1.903976000000002,1.40697435,1.36150868
1.959976000000019,1.40693834,1.36154603
0.015976000000013077,1.40691528,1.36157101
0.07197600000000709,1.40690259,1.36158604
0.12797600000000112,1.40689798,1.36159327
0.1839760000000183,1.40689942,1.3615946
0.23997600000001232,1.40690523,1.36159163
0.29597600000000635,1.40691397,1.36158569
0.35197600000000034,1.40692452,1.36157787
0.40797600000001755,1.40693595,1.36156903
0.46397600000001155,1.4069476,1.36155982
0.5199760000000055,1.40695896,1.36155072
0.5759759999999996,1.40696967,1.36154206
0.6319760000000167,1.40697951,1.36153408
0.6879760000000108,1.40698836,1.36152688
0.7439760000000047,1.40699617,1.36152053
0.799976000000022,1.40700296,1.36151501
0.855976000000016,1.40700877,1.3615103
0.91197600000001,1.40701368,1.36150631
0.967976000000004,1.40701778,1.36150298
1.000008000000001,1.4070198,1.36150134
1.0056080000000025,1.40703022,1.36149108
1.016808000000006,1.407048,1.36147433
1.0392080000000128,1.40701252,1.36152164
1.0840080000000034,1.40635203,1.36227236
1.1400080000000206,1.40408764,1.36475929
1.1960080000000146,1.40010505,1.36899091
1.2520080000000087,1.39447229,1.37475684
1.2576080000000105,1.39380425,1.37542606
1.268808000000014,1.39244197,1.37678565
1.2912080000000208,1.38962212,1.37957311
1.3360080000000112,1.38398361,1.38507554
1.3920080000000052,1.37741326,1.39141244
1.4480079999999993,1.37164006,1.39694452
1.5040080000000164,1.3667185,1.40164985
1.5600080000000105,1.36262113,1.40556198
1.6160080000000046,1.35929118,1.40873589
1.6720080000000217,1.35665675,1.41124266
1.7280080000000158,1.35463678,1.41316209
1.7840080000000098,1.35314649,1.4145772
1.8400080000000039,1.352102,1.41556965
1.896008000000021,1.35142361,1.41621666
1.952008000000015,1.35103818,1.41658874
3.980806697911446e-15,1.35089231,1.41673558
0.0056000000000056985,1.35087564,1.41675328
0.016800000000009134,1.3508493,1.41678265
0.03920000000001601,1.35089538,1.4167541
0.08400000000000658,1.35170778,1.41605857
0.1400000000000006,1.35437803,1.41369137
0.19600000000001777,1.35888998,1.40957236
0.2520000000000118,1.36500823,1.40379112
0.25760000000001354,1.36571607,1.40310802
0.26880000000001697,1.36715373,1.40171573
0.2912000000000007,1.3701015,1.39883692
0.3360000000000144,1.37593057,1.39308458
0.3920000000000084,1.38266742,1.38637818
0.44800000000000245,1.38857088,1.38047262
0.5040000000000197,1.39360507,1.37541928
0.5600000000000136,1.39779974,1.37119407
0.6160000000000077,1.40121095,1.36774488
0.6720000000000017,1.40391146,1.36500168
0.7280000000000189,1.40598409,1.36288413
0.7840000000000129,1.40751563,1.36130728
0.8400000000000069,1.40859202,1.36018667
0.8960000000000009,1.40929492,1.3594417
0.952000000000018,1.40969925,1.35899821
1.008000000000012,1.40987188,1.3587898
1.064000000000006,1.40987089,1.35875865
1.12,1.4097456,1.35885554
1.1760000000000173,1.40953677,1.35903968
1.2320000000000113,1.40927733,1.35927801
1.2880000000000054,1.40899309,1.35954451
1.3439999999999994,1.40870364,1.35981934
1.4000000000000166,1.40842324,1.36008795
1.4560000000000106,1.40816175,1.3603402
1.5120000000000047,1.40792535,1.3605696
1.5680000000000218,1.40771742,1.36077248
1.6240000000000159,1.40753908,1.36094743
1.6800000000000097,1.40738989,1.36109464
1.7360000000000038,1.40726819,1.36121551
1.792000000000021,1.40717164,1.36131218
1.848000000000015,1.40709741,1.36138725
1.904000000000009,1.40704253,1.36144355
1.960000000000003,1.40700398,1.36148393
0.01600000000002021,1.40697892,1.3615111
0.07200000000001423,1.40696468,1.36152763
0.12800000000000825,1.40695891,1.36153578
0.18400000000000227,1.40695951,1.36153756
0.24000000000001945,1.40696474,1.36153468
0.2960000000000135,1.4069731,1.36152857
0.3520000000000075,1.40698342,1.36152038
0.4080000000000015,1.40699475,1.36151104
0.4640000000000187,1.40700637,1.36150125
0.5200000000000127,1.40701774,1.36149154
0.5760000000000067,1.4070285,1.36148227
0.6320000000000007,1.4070384,1.36147369
0.6880000000000179,1.40704732,1.36146593
0.7440000000000119,1.4070552,1.36145907
0.8000000000000059,1.40706203,1.36145309
0.856,1.40706788,1.36144797
0.9120000000000171,1.40707282,1.36144363
0.9680000000000112,1.40707694,1.36144001
0.9999760000000133,1.40707896,1.36143822
1.0055760000000151,1.40708938,1.36142794
1.0167760000000186,1.40710716,1.36141114
1.039176000000002,1.40707169,1.36145836
1.0839760000000158,1.40641128,1.36220893
1.1399760000000099,1.40414718,1.36469583
1.195976000000004,1.4001651,1.36892769
1.251976000000021,1.394533,1.37469415
1.2575759999999996,1.39386505,1.37536344
1.2687760000000032,1.39250291,1.37672317
1.29117600000001,1.38968338,1.37951096
1.3359760000000005,1.38404553,1.38501409
1.3919760000000179,1.37747598,1.39135186
1.4479760000000117,1.37170345,1.39688472
1.5039760000000058,1.36678241,1.40159069
1.5599759999999998,1.36268541,1.40550333
1.615976000000017,1.35935569,1.40867762
1.671976000000011,1.35672136,1.41118466
1.727976000000005,1.35470139,1.41310425
1.7839760000000222,1.35321101,1.41451943
1.8399760000000163,1.35216637,1.41551186
1.8959760000000103,1.35148777,1.4161588
1.9519760000000042,1.35110208,1.41653074
2.400000001111433e-05,1.35095587,1.41667753
0.005624000000012832,1.35093919,1.41669519
0.016824000000016267,1.35091282,1.41672449
0.03922399999999998,1.35095885,1.41669579
0.08402400000001373,1.35177111,1.41599987
0.14002400000000773,1.35444105,1.413632
0.19602400000000175,1.35895245,1.40951207
0.25202400000001896,1.36506988,1.40372973
0.25762400000002067,1.36577763,1.40304652
0.26882400000000095,1.36721509,1.40165398
0.2912240000000078,1.37016244,1.39877469
0.3360240000000215,1.37599062,1.39302136
0.3920240000000156,1.38272638,1.38631379
0.4480240000000096,1.38862886,1.38040722
0.5040240000000036,1.39366221,1.37535305
0.5600240000000207,1.3978562,1.3711272
0.6160240000000148,1.40126688,1.36767754
0.6720240000000088,1.40396698,1.36493402
0.7280240000000028,1.40603933,1.36281628
0.78402400000002,1.40757069,1.36123936
0.840024000000014,1.40864701,1.36011877
0.896024000000008,1.40934991,1.3593739
0.9520240000000021,1.40975431,1.35893057
1.0080240000000191,1.40992705,1.35872236
1.0640240000000132,1.40992623,1.35869146
1.1200240000000072,1.40980114,1.35878863
1.1760240000000013,1.40959253,1.35897305
1.2320240000000184,1.40933333,1.35921167
1.2880240000000125,1.40904932,1.35947847
1.3440240000000065,1.40876012,1.35975359
1.4000240000000006,1.40847996,1.36002248
1.4560240000000177,1.4082187,1.36027501
1.5120240000000118,1.40798253,1.36050466
1.5680240000000056,1.40777481,1.36070778
1.6240239999999997,1.40759667,1.36088295
1.6800240000000168,1.40744766,1.36103037
1.736024000000011,1.40732613,1.36115143
1.792024000000005,1.40722973,1.36124826
1.848024000000022,1.40715563,1.36132349
1.9040240000000161,1.40710087,1.36137993
1.9600240000000102,1.40706243,1.36142043
0.016024000000004184,1.40703746,1.36144771
0.07202400000002136,1.4070233,1.36146433
0.12802400000001538,1.40701759,1.36147257
0.1840240000000094,1.40701825,1.36147442
0.2400240000000034,1.40702352,1.36147161
0.2960240000000206,1.40703193,1.36146555
0.3520240000000146,1.40704228,1.36145741
0.4080240000000086,1.40705363,1.36144811
0.46402400000000266,1.40706527,1.36143836
0.5200240000000198,1.40707665,1.36142868
0.5760240000000139,1.40708742,1.36141944
0.6320240000000078,1.40709733,1.36141088
0.6880240000000019,1.40710626,1.36140314
0.744024000000019,1.40711413,1.36139629
0.8000240000000131,1.40712097,1.36139033
0.8560240000000071,1.40712681,1.36138522
0.9120240000000011,1.40713174,1.3613809
0.9680240000000183,1.40713586,1.36137729
1.0240240000000123,1.40713926,1.36137429
1.0800240000000063,1.40714205,1.36137181
1.1360240000000004,1.40714434,1.36136975
1.1920240000000175,1.40714621,1.36136805
1.2480240000000116,1.40714776,1.36136661
1.3040240000000056,1.40714905,1.36136538
1.3600239999999995,1.40715016,1.36136429
1.4160240000000168,1.40715114,1.3613633
1.4720240000000107,1.40715203,1.36136237
1.5280240000000047,1.40715287,1.36136148
1.5840240000000219,1.40715368,1.36136058
1.640024000000016,1.4071545,1.36135968
1.69602400000001,1.40715532,1.36135876
1.752024000000004,1.40715617,1.36135781
1.8080240000000212,1.40715705,1.36135682
1.8640240000000152,1.40715796,1.36135581
1.9200240000000093,1.40715891,1.36135475
1.9760240000000033,1.40715988,1.36135367
0.03202400000002041,1.40716089,1.36135255
0.08802400000001442,1.40716193,1.36135141
0.14402400000000845,1.40716299,1.36135025
0.20002400000000248,1.40716408,1.36134907
0.2560240000000196,1.40716518,1.36134788
0.3120240000000137,1.4071663,1.36134667
0.3680240000000077,1.40716743,1.36134545
0.4240240000000017,1.40716857,1.36134423
0.4800240000000189,1.40716972,1.361343
0.5360240000000129,1.40717088,1.36134177
0.5920240000000069,1.40717204,1.36134054
0.6480240000000009,1.4071732,1.36133931
0.7040240000000181,1.40717437,1.36133808
0.7600240000000121,1.40717554,1.36133685
0.8160240000000062,1.4071767,1.36133562
0.8720240000000001,1.40717787,1.3613344
0.9280240000000173,1.40717904,1.36133317
0.9840240000000113,1.4071802,1.36133195
1.0400240000000054,1.40718137,1.36133073
1.0960239999999994,1.40718253,1.36132951
1.1520240000000166,1.4071837,1.36132829
1.2080240000000106,1.40718486,1.36132707
1.2640240000000047,1.40718603,1.36132586
1.3200240000000218,1.40718719,1.36132465
1.376024000000016,1.40718835,1.36132343
1.4320240000000097,1.40718951,1.36132222
1.4880240000000038,1.40719067,1.36132101
1.544024000000021,1.40719183,1.3613198
1.600024000000015,1.407193,1.36131859
1.656024000000009,1.40719416,1.36131738
1.712024000000003,1.40719532,1.36131617
1.7680240000000202,1.40719648,1.36131496
1.8240240000000143,1.40719764,1.36131375
1.8800240000000084,1.4071988,1.36131254
1.9360240000000022,1.40719996,1.36131133
1.9920240000000196,1.40720112,1.36131012
0.04802400000001348,1.40720228,1.36130892
0.1040240000000075,1.40720344,1.36130771
0.16002400000000153,1.4072046,1.3613065
0.2160240000000187,1.40720575,1.36130529
0.2720240000000127,1.40720691,1.36130408
0.32802400000000675,1.40720807,1.36130288
0.38402400000000075,1.40720923,1.36130167
0.4400240000000179,1.40721039,1.36130046
0.49602400000001196,1.40721155,1.36129926
0.552024000000006,1.40721271,1.36129805
0.608024,1.40721387,1.36129684
0.6640240000000172,1.40721503,1.36129564
0.7200240000000112,1.40721619,1.36129443
0.7760240000000052,1.40721735,1.36129323
0.8320239999999992,1.4072185,1.36129202
0.8880240000000164,1.40721966,1.36129081
0.9440240000000104,1.40722082,1.36128961
1.0000240000000045,1.40722198,1.3612884
1.0560240000000216,1.40722314,1.3612872
1.1120240000000157,1.4072243,1.361286
1.1680240000000097,1.40722545,1.36128479
1.2240240000000036,1.40722661,1.36128359
1.280024000000021,1.40722777,1.36128238
1.3360240000000148,1.40722893,1.36128118
1.3920240000000088,1.40723009,1.36127998
1.4480240000000029,1.40723124,1.36127878
1.50402400000002,1.4072324,1.36127757
1.560024000000014,1.40723356,1.36127637
1.6160240000000081,1.40723472,1.36127517
1.6720240000000022,1.40723587,1.36127397
1.7280240000000193,1.40723703,1.36127277
1.7840240000000134,1.40723819,1.36127156
1.8400240000000074,1.40723935,1.36127036
1.8960240000000013,1.4072405,1.36126916
1.9520240000000184,1.40724166,1.36126796
1.6000000007530183e-05,1.40724265,1.36126693
0.005616000000009248,1.40725286,1.36125683
0.016816000000012685,1.40727023,1.36124036
0.039216000000019555,1.40723403,1.36128817
0.08401600000001014,1.40657263,1.36203971
0.14001600000000416,1.40430826,1.36452779
0.19601600000002134,1.40032692,1.3687611
0.25201600000001534,1.39469636,1.37452946
0.25761600000001705,1.39402859,1.37519897
0.2688160000000205,1.39266685,1.37655915
0.2912160000000042,1.38984817,1.37934788
0.33601600000001797,1.38421218,1.38485296
0.39201600000001197,1.377645,1.39119299
0.44801600000000597,1.37187461,1.39672773
0.504016,1.36695536,1.40143516
0.5600160000000172,1.36285974,1.40534885
0.6160160000000112,1.35953104,1.40852384
0.6720160000000052,1.35689738,1.41103127
0.7280159999999992,1.35487776,1.41295097
0.7840160000000164,1.35338748,1.41436603
0.8400160000000104,1.3523427,1.41535817
0.8960160000000045,1.35166375,1.41600465
0.9520160000000216,1.35127756,1.41637604
1.0000080000000107,1.35113092,1.41652218
1.0056080000000123,1.35111416,1.41653978
1.0168080000000157,1.35108762,1.41656897
1.0392079999999995,1.35113332,1.41654001
1.0840080000000132,1.35194493,1.41584331
1.1400080000000072,1.35461377,1.41347379
1.1960080000000013,1.35912352,1.40935149
1.2520080000000184,1.36523866,1.40356621
1.2576080000000203,1.36594614,1.40288269
1.2688080000000004,1.36738305,1.40148951
1.2912080000000072,1.37032924,1.3986089
1.336008000000021,1.376155,1.39285287
1.392008000000015,1.38288782,1.38614208
1.448008000000009,1.3887877,1.38023269
1.5040080000000031,1.39381886,1.3751762
1.5600080000000203,1.39801107,1.37094852
1.6160080000000143,1.40142036,1.36749748
1.6720080000000084,1.40411944,1.364753
1.7280080000000024,1.40619109,1.36263467
1.7840080000000196,1.40772204,1.36105747
1.8400080000000136,1.40879819,1.35993687
1.8960080000000075,1.40950113,1.35919221
1.9520080000000015,1.40990575,1.35874927
0.008008000000018755,1.41007885,1.3585416
0.06400800000001278,1.4100785,1.35851132
0.12000800000000679,1.40995396,1.3586092
0.1760080000000008,1.40974596,1.35879439
0.23200800000001798,1.4094874,1.35903379
0.288008000000012,1.40920406,1.35930137
0.34400800000000603,1.40891552,1.35957727
0.40000800000000003,1.40863601,1.35984692
0.45600800000001723,1.40837538,1.36010018
0.5120080000000112,1.40813981,1.36033052
0.5680080000000053,1.40793266,1.36053429
0.6240079999999992,1.40775505,1.36071006
0.6800080000000165,1.40760652,1.36085803
0.7360080000000104,1.40748543,1.36097959
0.7920080000000045,1.40738943,1.36107689
0.8480080000000216,1.40731569,1.36115253
0.9040080000000157,1.40726124,1.36120934
0.9600080000000097,1.40722308,1.36125016
1.0160080000000038,1.40719835,1.36127774
1.072008000000021,1.4071844,1.36129461
1.128008000000015,1.40717886,1.36130307
1.1840080000000088,1.40717967,1.36130511
1.2400080000000029,1.40718506,1.36130246
1.29600800000002,1.40719356,1.36129655
1.352008000000014,1.40720399,1.36128853
1.4080080000000081,1.4072154,1.36127934
1.4640080000000022,1.40722708,1.36126968
1.5200080000000193,1.4072385,1.36126007
1.5760080000000134,1.40724928,1.36125089
1.6320080000000075,1.4072592,1.36124239
1.6880080000000015,1.40726813,1.3612347
1.7440080000000187,1.407276,1.36122789
1.8000080000000125,1.40728282,1.36122196
1.8560080000000065,1.40728865,1.36121689
1.9120080000000006,1.40729357,1.3612126
1.9680080000000177,1.40729766,1.36120901
0.024008000000011825,1.40730104,1.36120603
0.08000800000000584,1.40730381,1.36120358
0.13600799999999985,1.40730608,1.36120155
0.19200800000001703,1.40730793,1.36119987
0.24800800000001105,1.40730945,1.36119845
0.30400800000000505,1.40731072,1.36119724
0.36000800000002225,1.40731181,1.36119618
0.41600800000001625,1.40731277,1.36119522
0.4720080000000103,1.40731364,1.36119432
0.5280080000000043,1.40731445,1.36119345
0.5840080000000215,1.40731525,1.36119258
0.6400080000000155,1.40731604,1.36119171
0.6960080000000095,1.40731685,1.36119082
0.7520080000000036,1.40731768,1.36118989
0.8080080000000207,1.40731855,1.36118894
0.8640080000000148,1.40731944,1.36118795
0.9200080000000087,1.40732037,1.36118693
0.9760080000000028,1.40732133,1.36118588
0.999976,1.40732176,1.36118542
1.0055760000000016,1.40733194,1.36117532
1.016776000000005,1.40734929,1.36115888
1.0391760000000119,1.40731305,1.36120672
1.0839760000000025,1.40665166,1.36195834
1.1399760000000196,1.40438758,1.36444666
1.1959760000000137,1.40040685,1.36868047
1.2519760000000077,1.39477715,1.37444966
1.2575760000000094,1.39410948,1.37511928
1.268776000000013,1.39274794,1.37647967
1.2911760000000199,1.38992968,1.37926886
1.3359760000000103,1.38429456,1.38477489
1.3919760000000043,1.37772844,1.3911161
1.4479760000000215,1.37195896,1.39665185
1.5039760000000155,1.3670404,1.4013601
1.5599760000000096,1.3629453,1.40527444
1.6159760000000036,1.35961692,1.4084499
1.6719760000000208,1.35698342,1.41095763
1.7279760000000148,1.35496383,1.41287751
1.7839760000000089,1.35347345,1.41429262
1.8399760000000027,1.35242847,1.41528469
1.89597600000002,1.35174926,1.41593103
1.951976000000014,1.35136274,1.41630221
2.40000000208854e-05,1.35121568,1.41644822
0.005623999999999442,1.35119889,1.41646578
0.01682400000000288,1.35117231,1.41649488
0.03922400000000975,1.35121792,1.41646573
0.08402400000000033,1.35202931,1.41576854
0.1400240000000175,1.35469771,1.41339814
0.19602400000001152,1.3592067,1.40927465
0.2520240000000055,1.36532075,1.40348794
0.25762400000000724,1.3660281,1.40280426
0.2688240000000107,1.36746475,1.40141078
0.2912240000000176,1.37041037,1.39852953
0.33602400000000815,1.37623494,1.39277222
0.39202400000000215,1.38296631,1.38605992
0.44802400000001935,1.38886489,1.3801492
0.5040240000000134,1.39389495,1.37509163
0.5600240000000074,1.39808625,1.37086311
0.6160240000000013,1.40149483,1.36741145
0.6720240000000186,1.40419337,1.36466654
0.7280240000000125,1.40626464,1.36254796
0.7840240000000066,1.40779535,1.36097065
0.8400240000000007,1.40887139,1.35985006
0.8960240000000178,1.40957433,1.35910552
0.9520240000000119,1.40997902,1.35866278
1.0080240000000058,1.41015229,1.35845537
1.0640239999999999,1.41015215,1.35842541
1.120024000000017,1.41002785,1.35852363
1.176024000000011,1.40982013,1.35870919
1.2320240000000051,1.40956188,1.35894896
1.2880240000000223,1.40927885,1.35921693
1.3440240000000163,1.40899062,1.3594932
1.4000240000000104,1.40871143,1.35976321
1.4560240000000042,1.4084511,1.36001681
1.5120240000000216,1.40821581,1.36024748
1.5680240000000154,1.40800893,1.36045156
1.6240240000000095,1.40783157,1.36062761
1.6800240000000035,1.40768327,1.36077585
1.7360240000000207,1.4075624,1.36089765
1.7920240000000147,1.40746659,1.36099516
1.8480240000000088,1.40739302,1.361071
1.9040240000000028,1.40733872,1.36112798
1.96002400000002,1.40730069,1.36116895
0.016024000000013954,1.40727607,1.36119667
0.07202400000000797,1.40726222,1.36121366
0.128024000000002,1.40725677,1.36122222
0.18402400000001917,1.40725764,1.36122436
0.24002400000001317,1.40726309,1.36122178
0.2960240000000072,1.40727164,1.36121594
0.3520240000000012,1.4072821,1.36120797
0.40802400000001837,1.40729354,1.36119883
0.4640240000000124,1.40730523,1.36118921
0.5200240000000065,1.40731666,1.36117964
0.5760240000000004,1.40732746,1.36117049
0.6320240000000176,1.40733738,1.36116201
0.6880240000000116,1.4073463,1.36115434
0.7440240000000057,1.40735417,1.36114754
0.8000239999999996,1.40736098,1.36114163
0.8560240000000169,1.4073668,1.36113657
0.9120240000000108,1.40737171,1.36113229
0.9680240000000049,1.40737579,1.36112872
1.000000000000007,1.4073778,1.36112696
1.0056000000000087,1.40738821,1.36111669
1.0168000000000121,1.40740599,1.3610999
1.039200000000019,1.40737056,1.36114711
1.0840000000000096,1.40671057,1.36189773
1.1400000000000037,1.40444795,1.3643853
1.1960000000000208,1.40046847,1.36861893
1.2520000000000149,1.39483986,1.37438847
1.2576000000000167,1.39417229,1.37505814
1.2688000000000201,1.39281094,1.37641867
1.2912000000000037,1.38999305,1.37920818
1.3360000000000174,1.38435862,1.38471497
1.3920000000000115,1.37779316,1.39105721
1.4480000000000055,1.37202412,1.39659397
1.5039999999999996,1.36710578,1.40130314
1.5600000000000167,1.3630107,1.40521829
1.6160000000000108,1.3596822,1.40839442
1.6720000000000048,1.35704846,1.41090271
1.728000000000022,1.35502854,1.412823
1.784000000000016,1.35353778,1.41423841
1.8400000000000098,1.35249239,1.41523067
1.896000000000004,1.35181273,1.4158771
1.952000000000021,1.35142575,1.41624828
0.008000000000015172,1.35126627,1.41640692
0.06400000000000919,1.35127764,1.41640726
0.1200000000000032,1.35141171,1.41629515
0.1760000000000204,1.35162863,1.41610831
0.2320000000000144,1.35189613,1.41587707
0.2880000000000084,1.35218888,1.415625
0.3440000000000024,1.35248757,1.41536991
0.4000000000000196,1.35277809,1.41512459
0.4560000000000136,1.3530506,1.41489775
0.5120000000000077,1.35329886,1.41469473
0.5680000000000016,1.35351936,1.41451827
0.6240000000000189,1.3537108,1.4143691
0.6800000000000128,1.35387345,1.41424649
0.7360000000000069,1.35400874,1.4141487
0.7920000000000009,1.35411884,1.41407334
0.8480000000000181,1.35420639,1.41401768
0.9040000000000121,1.3542742,1.41397884
0.9600000000000061,1.35432514,1.413954
0.9999840000000133,1.35435265,1.4139434
1.005584000000015,1.35434595,1.41395252
1.0167840000000183,1.35433599,1.413968
1.039184000000002,1.3543949,1.41392992
1.0839840000000158,1.3551646,1.413277
1.1399840000000099,1.35768003,1.41105206
1.195984000000004,1.36195795,1.4071415
1.251984000000021,1.36779412,1.40160574
1.2575839999999996,1.36847185,1.40094853
1.268784000000003,1.36984893,1.39960818
1.2911840000000099,1.37267388,1.39683399
1.3359840000000005,1.37825514,1.39129036
1.3919840000000177,1.38468779,1.38483679
1.4479840000000117,1.3903036,1.37916721
1.5039840000000058,1.39507428,1.37432704
1.5599839999999998,1.39903388,1.37028883
1.615984000000017,1.40224028,1.36699923
1.671984000000011,1.40476628,1.36438858
1.727984000000005,1.40669342,1.36237804
1.7839840000000222,1.40810634,1.3608849
1.8399840000000163,1.40908831,1.3598274
1.89598400000001,1.40971805,1.35912778
1.9519840000000042,1.41006745,1.35871476
0.007984000000021394,1.41020047,1.35852468
0.06398400000001542,1.41017245,1.35850226
0.11998400000000943,1.4100302,1.35860053
0.17598400000000344,1.4098123,1.35878064
0.23198400000002062,1.40954977,1.35901121
0.2879840000000146,1.40926679,1.35926759
0.34398400000000867,1.40898163,1.35953102
0.39998400000000267,1.40870749,1.35978782
0.4559840000000199,1.40845335,1.36002848
0.5119840000000139,1.40822478,1.36024695
0.5679840000000079,1.40802465,1.36043989
0.6239840000000019,1.40785377,1.36060603
0.6799840000000191,1.40771146,1.36074567
0.7359840000000131,1.40759595,1.36086019
0.7919840000000071,1.40750481,1.3609517
0.8479840000000012,1.40743523,1.3610227
0.9039840000000183,1.40738425,1.36107592
0.9599840000000124,1.40734891,1.36111407
1.0159840000000064,1.40732644,1.36113975
1.0719840000000003,1.40731424,1.3611554
1.1279840000000176,1.40731004,1.36116316
1.1839840000000115,1.40731182,1.36116494
1.2399840000000055,1.4073179,1.36116235
1.2959839999999996,1.40732686,1.36115675
1.3519840000000167,1.40733757,1.36114921
1.4079840000000108,1.40734913,1.3611406
1.4639840000000048,1.40736086,1.36113159
1.519984000000022,1.40737226,1.36112265
1.575984000000016,1.407383,1.36111414
1.63198400000001,1.40739284,1.36110627
1.6879840000000041,1.40740167,1.36109917
1.7439840000000213,1.40740945,1.36109291
1.7999840000000151,1.4074162,1.36108746
1.8559840000000092,1.40742195,1.36108282
1.9119840000000032,1.4074268,1.36107889
1.9679840000000204,1.40743085,1.36107562
0.023984000000014463,1.40743419,1.3610729
0.07998400000000848,1.40743692,1.36107066
0.1359840000000025,1.40743916,1.36106881
0.19198400000001967,1.407441,1.36106727
0.2479840000000137,1.40744251,1.36106596
0.3039840000000077,1.40744377,1.36106484
0.35998400000000175,1.40744485,1.36106384
0.4159840000000189,1.4074458,1.36106292
0.47198400000001295,1.40744666,1.36106205
0.5279840000000069,1.40744747,1.3610612
0.583984000000001,1.40744826,1.36106035
0.6399840000000181,1.40744904,1.36105949
0.6959840000000121,1.40744984,1.3610586
0.7519840000000062,1.40745066,1.36105768
0.8079840000000001,1.4074515,1.36105672
0.8639840000000174,1.40745238,1.36105574
0.9199840000000113,1.40745329,1.36105471
0.9759840000000054,1.40745423,1.36105366
1.0000080000000204,1.40745464,1.3610532
1.005608000000022,1.40746483,1.36104311
1.0168080000000024,1.40748217,1.36102667
1.0392080000000092,1.40744594,1.3610745
1.0840079999999999,1.40678474,1.36182613
1.140008000000017,1.40452132,1.3643147
1.196008000000011,1.40054174,1.36854925
1.2520080000000051,1.39491358,1.37431974
1.2576080000000067,1.39424608,1.37498951
1.2688080000000101,1.39288489,1.37635024
1.291208000000017,1.39006735,1.37914015
1.3360080000000076,1.38443375,1.38464774
1.3920080000000017,1.37786943,1.39099084
1.4480080000000188,1.37210149,1.39652825
1.504008000000013,1.36718413,1.40123786
1.560008000000007,1.36308987,1.40515325
1.616008000000001,1.35976202,1.40832948
1.6720080000000181,1.35712879,1.41083773
1.7280080000000122,1.35510922,1.41275789
1.784008000000006,1.35361867,1.41417308
1.840008,1.35257336,1.41516506
1.8960080000000172,1.35189368,1.41581117
1.9520080000000113,1.35150659,1.41618199
3.618915179919496e-16,1.35135908,1.41632754
0.00560000000000208,1.35134221,1.41634507
0.016800000000005515,1.35131545,1.4163741
0.039200000000012385,1.35136075,1.41634478
0.08400000000000298,1.35217151,1.41564702
0.14000000000002014,1.3548389,1.41327539
0.19600000000001416,1.35934646,1.40915008
0.25200000000000816,1.36545857,1.40336109
0.2576000000000099,1.3661657,1.40267716
0.26880000000001336,1.36760189,1.40128317
0.2912000000000202,1.37054656,1.3984009
0.3360000000000108,1.37636913,1.39264147
0.3920000000000048,1.38309808,1.38592663
0.448000000000022,1.38899452,1.38001368
0.504000000000016,1.39402279,1.37495427
0.56000000000001,1.39821264,1.37072428
0.616000000000004,1.40162008,1.36727152
0.6720000000000212,1.40431778,1.36452584
0.7280000000000152,1.40638848,1.36240677
0.7840000000000092,1.40791885,1.36082922
0.8400000000000033,1.40899474,1.35970861
0.8960000000000204,1.4096977,1.35896422
0.9520000000000145,1.41010257,1.35852177
1.0080000000000084,1.41027611,1.35831476
1.0640000000000025,1.41027633,1.35828528
1.1200000000000196,1.41015247,1.35838405
1.1760000000000137,1.40994523,1.35857019
1.2320000000000078,1.40968748,1.35881057
1.2880000000000018,1.40940497,1.35907915
1.344000000000019,1.40911726,1.35935602
1.400000000000013,1.40883858,1.35962662
1.4560000000000068,1.40857874,1.35988079
1.512000000000001,1.40834393,1.36011199
1.568000000000018,1.40813748,1.36031657
1.624000000000012,1.40796053,1.36049309
1.6800000000000062,1.40781261,1.36064176
1.7360000000000002,1.40769208,1.36076395
1.7920000000000174,1.40759658,1.36086181
1.8480000000000114,1.40752328,1.36093797
1.9040000000000055,1.40746923,1.36099523
1.9600000000000226,1.4074314,1.36103646
1.9999840000000066,1.40741282,1.36105753
0.005584000000008301,1.40742086,1.36104995
0.016784000000011737,1.40743413,1.3610383
0.03918400000001861,1.407391,1.36109449
0.08398400000000919,1.40672045,1.3618584
0.13998400000000322,1.40445235,1.36435542
0.1959840000000204,1.40047411,1.36859251
0.2519840000000144,1.39485159,1.37436129
0.25758400000001613,1.39418486,1.3750307
0.26878400000001956,1.39282525,1.37639063
0.2911840000000033,1.39001115,1.37917867
0.335984000000017,1.38438525,1.38468157
0.39198400000001105,1.37783154,1.39101758
0.44798400000000504,1.37207456,1.39654716
0.5039840000000222,1.36716793,1.40124875
0.5599840000000162,1.36308375,1.40515637
0.6159840000000103,1.35976509,1.40832535
0.6719840000000042,1.35713999,1.41082705
0.7279840000000215,1.35512745,1.41274145
0.7839840000000154,1.35364282,1.4141517
0.8399840000000095,1.35260237,1.41513956
0.8959840000000036,1.35192658,1.41578229
0.9519840000000207,1.3515425,1.41615044
1.0079840000000146,1.35138507,1.41630665
1.0639840000000087,1.35139778,1.41630506
1.1199840000000028,1.35153261,1.41619146
1.17598400000002,1.35174981,1.41600351
1.231984000000014,1.35201722,1.41577143
1.287984000000008,1.35230961,1.41551877
1.343984000000002,1.35260774,1.41526327
1.3999840000000192,1.35289756,1.41501767
1.4559840000000133,1.35316931,1.41479066
1.511984000000007,1.35341676,1.41458752
1.5679840000000012,1.35363646,1.414411
1.6239840000000183,1.35382712,1.41426179
1.6799840000000124,1.35398904,1.41413916
1.7359840000000064,1.35412366,1.41404135
1.7919840000000005,1.35423315,1.41396598
1.8479840000000176,1.35432015,1.41391029
1.9039840000000117,1.35438748,1.41387143
1.9599840000000057,1.354438,1.41384655
0.01598399999999965,1.35447446,1.41383299
0.07198400000001683,1.35449943,1.41382828
0.12798400000001084,1.35451521,1.41383028
0.18398400000000487,1.35452383,1.41383711
0.23998400000002204,1.35452704,1.4138472
0.29598400000001607,1.35452631,1.41385926
0.35198400000001007,1.35452286,1.41387227
0.4079840000000041,1.35451766,1.41388543
0.46398400000002127,1.35451146,1.41389819
0.5199840000000153,1.35450485,1.41391011
0.5759840000000093,1.35449824,1.41392094
0.6319840000000033,1.35449194,1.41393053
0.6879840000000205,1.35448613,1.41393884
0.7439840000000145,1.35448094,1.41394586
0.7999840000000086,1.35447639,1.41395167
0.8559840000000025,1.35447251,1.41395636
0.9119840000000198,1.35446926,1.41396005
0.9679840000000137,1.3544666,1.41396286
1.0000160000000107,1.35446531,1.41396413
1.0056160000000123,1.35445514,1.41397446
1.0168160000000157,1.35443849,1.41399217
1.0392160000000226,1.35448542,1.41395745
1.0840160000000132,1.35523618,1.41330724
1.1400160000000072,1.35773577,1.41107942
1.1960160000000013,1.36200458,1.40716071
1.2520160000000184,1.36783659,1.40161321
1.25761600000002,1.36851415,1.40095467
1.2688160000000004,1.36989093,1.39961162
1.2912160000000072,1.37271566,1.39683183
1.336016000000021,1.37829773,1.3912765
1.392016000000015,1.3847333,1.38480803
1.448016000000009,1.39035355,1.37912398
1.5040160000000031,1.39512955,1.37427031
1.5600160000000203,1.39909488,1.3702199
1.6160160000000143,1.40230704,1.36691957
1.6720160000000084,1.40483857,1.36429974
1.7280160000000022,1.40677085,1.36228154
1.7840160000000196,1.40818841,1.36078221
1.8400160000000134,1.4091745,1.35971985
1.8960160000000075,1.4098078,1.35901658
1.9520160000000015,1.41016025,1.35860096
0.008016000000018722,1.41029583,1.35840918
0.06401600000001274,1.41026995,1.35838579
0.12001600000000676,1.41012946,1.35848371
0.17601600000000078,1.40991299,1.35866395
0.23201600000001796,1.40965161,1.358895
0.288016000000012,1.40936956,1.35915213
0.344016000000006,1.40908516,1.35941648
0.400016,1.40881162,1.35967431
0.4560160000000172,1.40855798,1.35991605
0.5120160000000112,1.4083298,1.3601356
0.5680160000000052,1.40813001,1.36032959
0.6240160000000224,1.40795942,1.36049673
0.6800160000000164,1.40781734,1.3606373
0.7360160000000104,1.40770204,1.36075267
0.7920160000000045,1.40761109,1.36084493
0.8480160000000216,1.40754168,1.36091661
0.9040160000000157,1.40749084,1.36097041
0.9600160000000096,1.40745564,1.36100906
1.0000000000000169,1.4074386,1.36102877
1.0056000000000185,1.40744683,1.36102103
1.016800000000022,1.40746048,1.36100908
1.0392000000000057,1.40741805,1.36106473
1.0840000000000194,1.40674873,1.36182783
1.1400000000000134,1.40448193,1.36432432
1.1960000000000075,1.40050479,1.36856136
1.2520000000000016,1.3948832,1.37433049
1.2576000000000032,1.39421655,1.37499995
1.2688000000000066,1.3928571,1.37636
1.2912000000000134,1.39004332,1.3791483
1.336000000000004,1.38441799,1.38465184
1.3920000000000212,1.37786486,1.39098873
1.4480000000000153,1.3721083,1.39651921
1.5040000000000093,1.36720194,1.40122168
1.5600000000000034,1.36311793,1.40513012
1.6160000000000205,1.35979933,1.40829983
1.6720000000000146,1.35717422,1.41080218
1.7280000000000086,1.35516162,1.41271714
1.7840000000000025,1.35367688,1.41412786
1.8400000000000196,1.35263631,1.41511608
1.8960000000000137,1.35196037,1.41575911
1.9520000000000077,1.35157612,1.41612747
1.99999200000002,1.35143042,1.41627134
0.005592000000021657,1.35141373,1.4162887
0.01679200000000193,1.35138731,1.41631739
0.0391920000000088,1.35143321,1.41628746
0.08399200000002255,1.3522449,1.41558858
0.13999200000001658,1.35491291,1.41321564
0.19599200000001057,1.35942045,1.40908906
0.2519920000000046,1.36553196,1.40329884
0.2575920000000063,1.36623899,1.4026148
0.26879200000000975,1.36767499,1.40122057
0.2911920000000166,1.37061922,1.39833782
0.33599200000000723,1.37644078,1.39257748
0.39199200000000123,1.38316837,1.38586164
0.4479920000000184,1.38906349,1.37994791
0.5039920000000124,1.39409053,1.37488793
0.5599920000000065,1.39827929,1.37065757
0.6159920000000004,1.40168579,1.3672046
0.6719920000000176,1.4043827,1.36445883
0.7279920000000116,1.40645276,1.36233979
0.7839920000000057,1.40798262,1.36076235
0.8399919999999996,1.40905815,1.35964192
0.8959920000000169,1.40976087,1.35889776
0.9519920000000108,1.41016559,1.35845557
0.9999839999999999,1.4103251,1.35826731
1.0055840000000016,1.41034333,1.35824606
1.016784000000005,1.41037339,1.35821073
1.0391840000000119,1.41034362,1.3582402
1.0839840000000025,1.40963099,1.35902135
1.1399840000000196,1.40720971,1.36164451
1.1959840000000137,1.40300181,1.36608906
1.2519840000000078,1.39710508,1.37211457
1.2575840000000094,1.39640925,1.37281161
1.2687840000000128,1.39499115,1.37422718
1.2911840000000196,1.39205887,1.37712823
1.3359840000000103,1.38619574,1.38285992
1.3919840000000043,1.37935226,1.38947785
1.4479840000000215,1.37332246,1.3952747
1.5039840000000155,1.36816711,1.40022124
1.5599840000000096,1.36386243,1.40434703
1.6159840000000036,1.3603532,1.40770543
1.6719840000000208,1.35756738,1.41036764
1.7279840000000148,1.35542262,1.41241484
1.7839840000000087,1.35383201,1.41393223
1.8399840000000027,1.3527091,1.41500419
1.8959840000000199,1.35197134,1.41571086
1.951984000000014,1.35154274,1.41612572
1.999976000000003,1.3513707,1.41629795
0.005576000000004717,1.35135161,1.41631794
0.016776000000008152,1.35132064,1.41635168
0.039176000000015025,1.35135874,1.41633052
0.0839760000000056,1.35215951,1.41564451
0.13997599999999963,1.35482117,1.41328027
0.1959760000000168,1.35932865,1.40915598
0.2519760000000108,1.36544459,1.4033634
0.2575760000000125,1.36615228,1.40267889
0.26877600000001595,1.36758965,1.40128369
0.29117599999999966,1.37053692,1.39839867
0.33597600000001343,1.37636548,1.3926328
0.39197600000000743,1.383103,1.38590879
0.4479760000000015,1.38900864,1.37998621
0.5039760000000186,1.39404618,1.37491731
0.5599760000000127,1.39824498,1.3706784
0.6159760000000066,1.40166076,1.36721754
0.6719760000000007,1.40436601,1.36446473
0.7279760000000178,1.40644337,1.36233957
0.7839760000000119,1.40797949,1.36075695
0.8399760000000059,1.40906026,1.35963226
0.8959759999999999,1.40976726,1.35888469
0.9519760000000171,1.4101754,1.35843987
1.0000240000000007,1.41033734,1.35824975
1.0056240000000025,1.41035579,1.35822835
1.016824000000006,1.41038627,1.35819273
1.0392240000000128,1.41035728,1.35822168
1.0840240000000034,1.40964595,1.35900202
1.1400240000000206,1.40722593,1.36162455
1.1960240000000146,1.40301895,1.36606885
1.2520240000000087,1.39712288,1.37209444
1.2576240000000103,1.3964271,1.3727915
1.2688240000000137,1.3950091,1.37420712
1.2912240000000206,1.392077,1.3771083
1.3360240000000112,1.38621414,1.38284032
1.3920240000000053,1.37937086,1.38945877
1.4480240000000224,1.37334111,1.39525616
1.5040240000000165,1.3681857,1.40020324
1.5600240000000105,1.36388088,1.40432955
1.6160240000000046,1.36037145,1.40768842
1.6720240000000217,1.35758541,1.41035106
1.7280240000000158,1.3554404,1.41239861
1.7840240000000096,1.35384954,1.4139163
1.8400240000000037,1.35272638,1.41498849
1.8960240000000208,1.35198838,1.41569534
1.9520240000000149,1.35155956,1.41611034
1.600000000391127e-05,1.35138734,1.41628264
0.0056160000000056295,1.35136823,1.41630264
0.016816000000009063,1.35133722,1.41633639
0.03921600000001594,1.35137525,1.41631525
0.08401600000000652,1.35217588,1.41562924
0.14001600000000053,1.35483735,1.41326492
0.1960160000000177,1.35934461,1.40914046
0.25201600000001173,1.36546029,1.40334763
0.25761600000001345,1.36616795,1.40266309
0.2688160000000169,1.36760526,1.40126783
0.2912160000000006,1.3705524,1.3983827
0.33601600000001436,1.37638071,1.39261658
0.39201600000000836,1.38311794,1.38589228
0.44801600000000236,1.38902331,1.37996942
0.5040160000000196,1.39406064,1.3749003
0.5600160000000136,1.39825927,1.37066121
0.6160160000000076,1.40167491,1.36720021
0.6720160000000016,1.40438006,1.36444729
0.7280160000000188,1.40645736,1.36232206
0.7840160000000128,1.40799345,1.3607394
0.8400160000000069,1.40907421,1.3596147
0.8960160000000008,1.40978122,1.35886714
0.952016000000018,1.41018939,1.35842234
1.0000080000000071,1.41035125,1.35823241
1.0056080000000087,1.41036971,1.35821099
1.0168080000000121,1.41040024,1.35817535
1.039208000000019,1.41037133,1.35820426
1.0840080000000096,1.40966016,1.35898454
1.1400080000000037,1.40724037,1.36160706
1.1960080000000208,1.40303365,1.36605147
1.2520080000000149,1.39713785,1.37207725
1.2576080000000165,1.3964421,1.37277434
1.26880800000002,1.39502416,1.37419001
1.2912080000000037,1.39209217,1.3770913
1.3360080000000174,1.38622954,1.38282357
1.3920080000000115,1.37938652,1.38944233
1.4480080000000055,1.37335699,1.39524001
1.5040080000000227,1.36820175,1.40018735
1.5600080000000167,1.36389706,1.40431388
1.6160080000000108,1.36038772,1.40767292
1.6720080000000046,1.35760173,1.4103357
1.728008000000022,1.35545673,1.41238337
1.7840080000000158,1.35386588,1.41390113
1.8400080000000099,1.35274269,1.41497338
1.896008000000004,1.35200465,1.41568025
1.952008000000021,1.35157578,1.41609525
0.008008000000015137,1.35138803,1.41628393
0.06400800000000915,1.3513821,1.41630314
0.12000800000000317,1.35150752,1.41620108
0.17600800000002034,1.35172235,1.41601755
0.23200800000001437,1.35199256,1.41578466
0.28800800000000837,1.35229133,1.41552749
0.3440080000000024,1.35259815,1.41526504
0.40000800000001957,1.35289793,1.4150111
0.4560080000000136,1.35318013,1.41477511
0.5120080000000076,1.35343792,1.41456297
0.5680080000000016,1.35366744,1.41437783
0.6240080000000188,1.35386713,1.41422066
0.6800080000000128,1.3540371,1.41409092
0.7360080000000069,1.35417873,1.41398692
0.7920080000000008,1.35429418,1.4139063
0.8480080000000181,1.35438612,1.41384628
0.904008000000012,1.35445746,1.41380393
0.9600080000000061,1.35451114,1.41377632
0.9999920000000132,1.35454017,1.41376417
1.005592000000015,1.35453365,1.4137731
1.0167920000000183,1.35452405,1.4137882
1.0391920000000021,1.35458363,1.41374942
1.0839920000000158,1.35535441,1.41309509
1.1399920000000099,1.35787045,1.41086813
1.195992000000004,1.36214797,1.40695517
1.251992000000021,1.3679827,1.40141671
1.2575920000000227,1.36866023,1.40075922
1.268792000000003,1.37003688,1.3994183
1.2911920000000099,1.37286088,1.39664296
1.3359920000000005,1.37844002,1.39109704
1.3919920000000177,1.38486995,1.38464087
1.4479920000000117,1.39048329,1.3789692
1.5039920000000058,1.39525185,1.37412749
1.5599919999999998,1.39920972,1.37008826
1.615992000000017,1.40241478,1.3667981
1.671992000000011,1.40493979,1.36418728
1.7279920000000049,1.40686629,1.36217689
1.7839920000000222,1.40827886,1.36068418
1.839992000000016,1.40926076,1.35962731
1.8959920000000101,1.40989063,1.35892848
1.9519920000000042,1.41024037,1.35851637
0.007992000000021359,1.41037387,1.35832729
0.06399200000001537,1.41034645,1.35830589
0.1199920000000094,1.4102049,1.35840522
0.17599200000000342,1.40998774,1.35858639
0.2319920000000206,1.40972598,1.35881799
0.2879920000000146,1.40944379,1.35907537
0.3439920000000086,1.40915942,1.35933975
0.3999920000000026,1.40888604,1.35959745
0.4559920000000198,1.40863263,1.35983896
0.5119920000000139,1.40840475,1.36005822
0.5679920000000078,1.40820527,1.36025187
0.6239920000000019,1.40803499,1.36041867
0.679992000000019,1.40789322,1.3605589
0.7359920000000131,1.40777819,1.36067396
0.7919920000000071,1.40768749,1.36076594
0.8479920000000011,1.40761829,1.36083737
0.9039920000000182,1.40756764,1.36089096
0.9599920000000123,1.40753259,1.36092944
1.0159920000000062,1.40751036,1.3609554
1.0719920000000003,1.40749837,1.36097129
1.1279920000000174,1.40749434,1.36097926
1.1839920000000115,1.40749626,1.36098122
1.2399920000000055,1.40750244,1.36097879
1.2959920000000227,1.40751148,1.36097331
1.3519920000000167,1.40752224,1.36096587
1.4079920000000108,1.40753384,1.36095735
1.4639920000000048,1.40754559,1.3609484
1.519992000000022,1.407557,1.36093953
1.575992000000016,1.40756773,1.36093106
1.6319920000000099,1.40757756,1.36092323
1.687992000000004,1.40758637,1.36091616
1.743992000000021,1.40759412,1.36090991
1.7999920000000151,1.40760083,1.36090449
1.8559920000000092,1.40760655,1.36089985
1.9119920000000032,1.40761136,1.36089594
1.9679920000000204,1.40761536,1.36089268
0.02399200000001443,1.40761866,1.36088997
0.07999200000000845,1.40762135,1.36088774
0.13599200000000247,1.40762355,1.36088589
0.19199200000001965,1.40762534,1.36088436
0.24799200000001365,1.40762681,1.36088306
0.3039920000000077,1.40762803,1.36088194
0.3599920000000017,1.40762907,1.36088095
0.41599200000001885,1.40762997,1.36088005
0.4719920000000129,1.4076308,1.36087919
0.5279920000000069,1.40763157,1.36087835
0.583992000000001,1.40763232,1.36087751
0.6399920000000181,1.40763307,1.36087667
0.6959920000000122,1.40763383,1.36087579
0.7519920000000061,1.40763461,1.36087489
0.8079920000000002,1.40763542,1.36087395
0.8639920000000173,1.40763626,1.36087298
0.9199920000000114,1.40763714,1.36087198
0.9759920000000054,1.40763805,1.36087094
1.0000160000000204,1.40763845,1.36087049
1.005616000000022,1.40764863,1.3608604
1.0168160000000024,1.40766598,1.36084396
1.0392160000000092,1.40762977,1.36089179
1.0840159999999999,1.40696882,1.36164343
1.140016000000017,1.40470632,1.36413237
1.196016000000011,1.40072835,1.36836794
1.2520160000000051,1.39510235,1.37414021
1.2576160000000067,1.39443509,1.37481021
1.2688160000000102,1.39307439,1.3761714
1.291216000000017,1.39025786,1.37896231
1.3360160000000076,1.38462637,1.38447204
1.3920160000000017,1.37806457,1.39081775
1.4480160000000188,1.37229877,1.39635744
1.504016000000013,1.36738308,1.40106891
1.560016000000007,1.36329001,1.40498576
1.6160160000000008,1.35996292,1.40816305
1.6720160000000182,1.35733005,1.41067201
1.728016000000012,1.35531053,1.41259256
1.784016000000006,1.35381974,1.41400786
1.840016,1.35277398,1.41499972
1.8960160000000172,1.35209366,1.4156455
1.9520160000000113,1.35170578,1.41601585
0.008016000000005331,1.35154522,1.41617352
0.06401600000002251,1.35155538,1.41617279
0.12001600000001653,1.35168817,1.41605954
0.17601600000001055,1.35190375,1.41587153
0.23201600000000455,1.3521699,1.4156391
0.28801600000002175,1.35246132,1.41538587
0.34401600000001575,1.3527587,1.41512964
0.40001600000000975,1.35304796,1.41488323
0.4560160000000038,1.35331929,1.41465536
0.512016000000021,1.35356643,1.41445137
0.568016000000015,1.35378589,1.41427402
0.624016000000009,1.35397637,1.41412402
0.6800160000000031,1.35413815,1.41400066
0.7360160000000202,1.35427265,1.41390219
0.7920160000000143,1.35438204,1.41382624
0.8480160000000082,1.35446894,1.41377004
0.9040160000000023,1.35453619,1.41373073
0.9600160000000194,1.35458663,1.41370548
1.0000000000000033,1.35461382,1.41369463
1.0056000000000052,1.35460708,1.41370372
1.0168000000000086,1.35459704,1.41371912
1.0392000000000154,1.35465582,1.41368086
1.084000000000006,1.35542529,1.41302727
1.1400000000000001,1.35794002,1.41080061
1.1960000000000173,1.36221642,1.40688735
1.2520000000000113,1.36805007,1.40134811
1.257600000000013,1.36872749,1.40069051
1.2688000000000164,1.37010393,1.39934939
1.2912000000000001,1.37292749,1.3965736
1.3360000000000138,1.3785058,1.39102669
1.392000000000008,1.38493487,1.38456924
1.448000000000002,1.39054758,1.37889637
1.504000000000019,1.39531574,1.37405362
1.5600000000000132,1.39927341,1.37001354
1.6160000000000072,1.40247843,1.36672271
1.672000000000001,1.40500354,1.36411139
1.7280000000000184,1.40693023,1.36210068
1.7840000000000122,1.40834308,1.36060779
1.8400000000000063,1.40932532,1.35955086
1.8960000000000004,1.40995557,1.35885209
1.9520000000000175,1.41030571,1.35844012
1.9999920000000067,1.41043055,1.35826778
0.005592000000008267,1.41044545,1.3582478
0.016792000000011704,1.4104691,1.35821484
0.03919200000001857,1.41042791,1.35824794
0.08399200000000916,1.40969757,1.35903255
0.13999200000000317,1.40726251,1.36165437
0.19599200000002034,1.40304829,1.36609312
0.25199200000001437,1.39715084,1.37211002
0.2575920000000161,1.3964552,1.37280607
0.2687920000000195,1.39503758,1.37421965
0.2911920000000032,1.39210666,1.3771166
0.335992000000017,1.38624756,1.38283968
0.391992000000011,1.3794108,1.38944642
0.447992000000005,1.3733887,1.39523203
0.5039920000000222,1.36824131,1.40016774
0.5599920000000163,1.36394437,1.40428343
0.6159920000000102,1.36044235,1.40763266
0.6719920000000043,1.35766302,1.41028678
0.7279920000000214,1.35552389,1.41232698
0.7839920000000155,1.35393807,1.41383844
0.8399920000000094,1.35281908,1.41490549
0.8959920000000035,1.35208445,1.41560819
0.9519920000000206,1.35165825,1.41601992
1.0079920000000147,1.35147252,1.41620611
1.0639920000000087,1.35146806,1.41622351
1.1199920000000028,1.35159447,1.4161202
1.17599200000002,1.3518099,1.41593587
1.231992000000014,1.35208041,1.41570254
1.287992000000008,1.35237925,1.4154452
1.3439920000000019,1.35268595,1.41518279
1.399992000000019,1.3529855,1.41492902
1.455992000000013,1.35326738,1.4146933
1.511992000000007,1.35352482,1.41448149
1.5679920000000012,1.35375396,1.4142967
1.6239920000000183,1.35395326,1.41413989
1.6799920000000124,1.35412287,1.41401049
1.7359920000000064,1.35426416,1.4139068
1.7919920000000005,1.3543793,1.41382646
1.8479920000000176,1.35447098,1.41376668
1.9039920000000117,1.35454207,1.41372454
1.9599920000000055,1.35459555,1.41369711
0.01599200000002278,1.35463425,1.41368163
0.07199200000001679,1.35466085,1.41367556
0.12799200000001082,1.35467774,1.41367664
0.18399200000000482,1.35468706,1.41368291
0.23999200000002202,1.35469063,1.41369273
0.295992000000016,1.35469002,1.41370474
0.35199200000001,1.35468649,1.41371786
0.4079920000000041,1.35468107,1.41373124
0.4639920000000212,1.35467457,1.41374428
0.5199920000000152,1.3546676,1.41375652
0.5759920000000093,1.3546606,1.41376769
0.6319920000000033,1.35465391,1.41377761
0.6879920000000205,1.35464773,1.41378622
0.7439920000000145,1.35464218,1.41379352
0.7999920000000085,1.35463731,1.41379958
0.8559920000000025,1.35463314,1.41380449
0.9119920000000197,1.35462963,1.41380836
0.9679920000000137,1.35462674,1.41381132
1.0239920000000078,1.3546244,1.4138135
1.0799920000000018,1.35462255,1.41381504
1.135992000000019,1.3546211,1.41381606
1.191992000000013,1.35461999,1.41381665
1.2479920000000069,1.35461916,1.41381692
1.303992000000001,1.35461856,1.41381696
1.359992000000018,1.35461811,1.41381684
1.4159920000000121,1.3546178,1.41381661
1.4719920000000062,1.35461757,1.41381633
1.5279920000000002,1.35461741,1.41381602
1.5839920000000174,1.35461729,1.41381573
1.6399920000000114,1.35461718,1.41381546
1.6959920000000055,1.35461709,1.41381524
1.7519920000000226,1.354617,1.41381508
1.8079920000000167,1.3546169,1.41381497
1.8639920000000105,1.3546168,1.41381492
1.9199920000000046,1.35461668,1.41381492
1.9759920000000217,1.35461655,1.41381498
1.600000001368234e-05,1.35461649,1.41381503
0.0056160000000154,1.35460651,1.41382518
0.016816000000018837,1.35459024,1.41384253
0.03921600000000255,1.35463788,1.41380715
0.08401600000001629,1.35538984,1.41315573
0.1400160000000103,1.35789032,1.41092634
0.19601600000000433,1.36215919,1.40700588
0.2520160000000215,1.36799037,1.40145649
0.25761600000000007,1.36866779,1.40079776
0.2688160000000035,1.37004429,1.39945432
0.29121600000001036,1.37286837,1.39667374
0.3360160000000009,1.37844895,1.39111687
0.3920160000000181,1.38488259,1.3846467
0.4480160000000121,1.39050108,1.37896136
0.5040160000000061,1.39527561,1.37410685
0.5600160000000002,1.39923975,1.37005601
0.6160160000000173,1.40245103,1.3667556
0.6720160000000114,1.40498196,1.36413598
0.7280160000000054,1.40691389,1.36211823
0.7840160000000226,1.40833134,1.36061953
0.8400160000000166,1.40931751,1.35955793
0.8960160000000106,1.40995106,1.35885552
0.9520160000000046,1.4103039,1.35844083
1.0000080000000169,1.41043062,1.35826677
1.0056080000000185,1.41044571,1.35824664
1.016808000000022,1.41046973,1.35821336
1.0392080000000057,1.41042924,1.35824592
1.0840080000000194,1.40970011,1.3590297
1.1400080000000135,1.40726624,1.36165091
1.1960080000000075,1.40305291,1.36608943
1.2520080000000013,1.39715611,1.3721064
1.2576080000000032,1.39646053,1.37280248
1.2688080000000066,1.39504301,1.3742161
1.2912080000000135,1.39211227,1.37711317
1.336008000000004,1.38625346,1.38283655
1.3920080000000212,1.37941695,1.38944377
1.4480080000000153,1.37339499,1.39522994
1.5040080000000093,1.36824766,1.40016625
1.5600080000000034,1.36395074,1.40428254
1.6160080000000205,1.36044869,1.40763235
1.6720080000000146,1.35766931,1.41028702
1.7280080000000084,1.35553013,1.41232771
1.7840080000000025,1.35394426,1.41383963
1.8400080000000196,1.35282521,1.41490707
1.8960080000000137,1.35209053,1.4156101
1.9520080000000077,1.35166429,1.41602212
1.990403348955723e-14,1.35149375,1.41619245
0.0056000000000216215,1.35147481,1.41621225
0.016800000000001897,1.35144412,1.41624562
0.03920000000000877,1.35148273,1.41622377
0.08400000000002251,1.35228428,1.41553648
0.14000000000001653,1.35494635,1.41317064
0.19600000000001055,1.35945349,1.40904465
0.25200000000000455,1.36556836,1.40325028
0.25760000000000627,1.3662759,1.4025656
0.2688000000000097,1.36771295,1.40117003
0.2912000000000166,1.37065953,1.39828429
0.3360000000000072,1.37648655,1.392517
0.3920000000000012,1.38322209,1.38579141
0.4480000000000184,1.38912589,1.37986757
0.5040000000000123,1.39416181,1.37479776
0.5600000000000064,1.39835925,1.37055827
0.6160000000000004,1.40177392,1.36709711
0.6720000000000176,1.40447831,1.36434422
0.7280000000000116,1.40655505,1.36221917
0.7840000000000056,1.40809075,1.36063682
0.8400000000000228,1.40917129,1.35951252
0.8960000000000168,1.40987823,1.35876542
0.9520000000000108,1.41028644,1.35832114
1.008000000000005,1.41046277,1.35811304
1.064000000000022,1.41046529,1.35808309
1.120000000000016,1.41034329,1.35818188
1.1760000000000101,1.41013755,1.35836842
1.232000000000004,1.409881,1.35860948
1.2880000000000214,1.40959944,1.35887895
1.3440000000000152,1.40931248,1.35915684
1.4000000000000092,1.4090344,1.35942853
1.4560000000000033,1.40877503,1.35968379
1.5120000000000204,1.40854059,1.35991609
1.5680000000000145,1.40833444,1.36012171
1.6240000000000085,1.40815774,1.36029921
1.6800000000000026,1.40801002,1.36044877
1.7360000000000197,1.40788966,1.36057177
1.7920000000000138,1.4077943,1.36067036
1.8480000000000079,1.40772113,1.36074715
1.9040000000000017,1.40766718,1.36080497
1.960000000000019,1.40762946,1.36084666
1.9999840000000029,1.40761094,1.36086803
0.0055840000000046824,1.40761899,1.36086048
0.01678400000000812,1.40763227,1.36084891
0.03918400000001499,1.40758921,1.36090522
0.08398400000000557,1.40691902,1.36166938
0.13998400000002276,1.404652,1.36416701
0.19598400000001676,1.40067558,1.36840533
0.2519840000000108,1.39505545,1.37417609
0.2575840000000125,1.39438899,1.37484574
0.26878400000001595,1.39302991,1.37620618
0.2911840000000228,1.39021692,1.37899529
0.3359840000000134,1.38459335,1.38450048
0.3919840000000074,1.37804239,1.39083925
0.44798400000000144,1.37228774,1.39637122
0.5039840000000186,1.36738293,1.40107477
0.5599840000000126,1.36330006,1.40498389
0.6159840000000066,1.35998222,1.40815395
0.6719840000000007,1.35735753,1.41065636
0.7279840000000178,1.35534504,1.41257113
0.7839840000000119,1.35386016,1.41398145
0.8399840000000058,1.35281922,1.41496913
0.8959840000000231,1.35214274,1.41561148
0.951984000000017,1.3517578,1.41597908
1.007984000000011,1.35159941,1.41613461
1.0639840000000051,1.35161108,1.41613226
1.1199840000000223,1.35174482,1.41601782
1.1759840000000163,1.35196092,1.41582898
1.2319840000000104,1.35222723,1.41559601
1.2879840000000042,1.35251855,1.41534246
1.3439840000000216,1.35281564,1.41508608
1.3999840000000154,1.35310448,1.41483964
1.4559840000000095,1.35337529,1.41461182
1.5119840000000035,1.35362187,1.41440793
1.5679840000000207,1.35384076,1.4142307
1.6239840000000147,1.35403068,1.41408084
1.6799840000000088,1.35419192,1.41395761
1.7359840000000029,1.35432592,1.41385926
1.79198400000002,1.35443486,1.41378341
1.847984000000014,1.35452136,1.4137273
1.903984000000008,1.35458825,1.41368806
1.959984000000002,1.35463839,1.41366285
2.40000000038765e-05,1.35466542,1.41365201
0.005624000000005594,1.35465865,1.4136611
0.01682400000000903,1.35464856,1.4136765
0.0392240000000159,1.35470725,1.41363825
0.08402400000000648,1.35547654,1.41298459
0.1400240000000005,1.35799101,1.41075768
0.19602400000001768,1.36226701,1.40684398
0.2520240000000117,1.36810009,1.40130414
0.2576240000000134,1.36877744,1.40064649
0.2688240000000168,1.37015374,1.39930523
0.29122400000000054,1.37297701,1.39652916
0.3360240000000143,1.3785547,1.39098167
0.3920240000000083,1.38498303,1.38452353
0.4480240000000023,1.39059511,1.37885007
0.5040240000000196,1.39536276,1.37400686
0.5600240000000135,1.39932004,1.36996643
0.6160240000000076,1.40252478,1.36667536
0.6720240000000016,1.4050497,1.36406391
0.7280240000000188,1.40697629,1.36205315
0.7840240000000127,1.40838912,1.36056028
0.8400240000000068,1.40937139,1.35950343
0.8960240000000008,1.41000173,1.3588048
0.952024000000018,1.410352,1.35839301
1.000016000000007,1.41047697,1.35822083
1.0056160000000087,1.41049189,1.35820088
1.0168160000000122,1.41051557,1.35816796
1.039216000000019,1.41047446,1.35820114
1.0840160000000096,1.40974435,1.35898593
1.1400160000000037,1.40730975,1.36160806
1.1960160000000208,1.40309617,1.36604729
1.252016000000015,1.39719951,1.37206485
1.2576160000000165,1.39650396,1.37276098
1.26881600000002,1.39508651,1.37417472
1.2912160000000037,1.39215595,1.377072
1.3360160000000174,1.38629758,1.38279578
1.3920160000000115,1.37946169,1.38940337
1.4480160000000055,1.37344035,1.39518973
1.5040160000000227,1.36829359,1.40012607
1.5600160000000167,1.36399714,1.40424228
1.6160160000000106,1.36049548,1.40759193
1.6720160000000046,1.35771639,1.41024635
1.7280160000000218,1.35557741,1.41228676
1.7840160000000158,1.35399164,1.41379835
1.8400160000000099,1.35287264,1.41486546
1.896016000000004,1.35213793,1.41556815
1.952016000000021,1.35171161,1.41597982
0.008016000000015103,1.35152571,1.41616592
0.06401600000000912,1.35152105,1.41618319
0.12001600000000313,1.35164725,1.41607972
0.17601600000002032,1.35186246,1.41589523
0.23201600000001432,1.35213273,1.41566171
0.2880160000000084,1.35243134,1.41540418
0.3440160000000024,1.35273781,1.41514158
0.4000160000000195,1.35303713,1.41488762
0.4560160000000136,1.3533188,1.41465171
0.5120160000000076,1.35357603,1.41443973
0.5680160000000016,1.35380497,1.41425477
0.6240160000000188,1.35400409,1.4140978
0.6800160000000128,1.35417354,1.41396825
0.7360160000000068,1.35431467,1.41386443
0.7920160000000008,1.35442968,1.41378397
0.848016000000018,1.35452122,1.41372408
0.904016000000012,1.3545922,1.41368184
0.9600160000000061,1.35464558,1.41365433
1.016016,1.35468419,1.41363877
1.0720160000000172,1.3547107,1.41363263
1.1280160000000112,1.35472752,1.41363365
1.1840160000000053,1.35473677,1.41363987
1.2400160000000224,1.35474029,1.41364965
1.2960160000000165,1.35473963,1.41366162
1.3520160000000105,1.35473606,1.41367471
1.4080160000000046,1.3547306,1.41368807
1.4640160000000217,1.35472406,1.41370108
1.5200160000000158,1.35471705,1.41371331
1.5760160000000096,1.35471004,1.41372446
1.6320160000000037,1.35470332,1.41373437
1.6880160000000208,1.35469711,1.41374297
1.7440160000000149,1.35469154,1.41375027
1.800016000000009,1.35468666,1.41375632
1.856016000000003,1.35468247,1.41376122
1.9120160000000201,1.35467894,1.41376509
1.9680160000000142,1.35467603,1.41376805
1.9999920000000164,1.35467463,1.41376938
0.005592000000018037,1.35466443,1.41377972
0.016792000000021474,1.35464775,1.41379744
0.03919200000000518,1.35469462,1.41376272
0.08399200000001893,1.35544528,1.41311223
0.13999200000001294,1.3579444,1.41088334
0.19599200000000697,1.36221208,1.40696272
0.251992000000001,1.36804212,1.40141268
0.2575920000000027,1.36871943,1.40075385
0.26879200000000614,1.37009572,1.39941022
0.291192000000013,1.37291936,1.39662924
0.33599200000000357,1.3784991,1.39107143
0.39199200000002077,1.38493184,1.38460002
0.44799200000001477,1.39054963,1.37891345
0.5039920000000088,1.39532364,1.3740578
0.5599920000000028,1.39928742,1.37000594
0.61599200000002,1.40249848,1.36670466
0.671992000000014,1.40502929,1.36408431
0.7279920000000081,1.4069612,1.36206597
0.783992000000002,1.4083787,1.36056681
0.8399920000000192,1.40936497,1.35950488
0.8959920000000132,1.40999866,1.35880225
0.9519920000000073,1.41035167,1.35838743
1.0079920000000013,1.41048795,1.35819657
1.0639920000000185,1.41046285,1.35817419
1.1199920000000125,1.41032321,1.35827316
1.1759920000000066,1.41010763,1.35845447
1.2319920000000004,1.40984715,1.35868659
1.2879920000000178,1.409566,1.35894476
1.3439920000000116,1.40928247,1.35921013
1.3999920000000057,1.40900978,1.35946892
1.4559920000000228,1.40875693,1.35971157
1.5119920000000169,1.4085295,1.35993198
1.567992000000011,1.4083304,1.36012675
1.623992000000005,1.40816044,1.36029461
1.6799920000000221,1.40801894,1.36043582
1.7359920000000162,1.40790415,1.36055178
1.7919920000000102,1.40781366,1.36064456
1.847992000000004,1.40774464,1.3607167
1.9039920000000214,1.40769416,1.36077091
1.9599920000000153,1.40765925,1.36080991
1.9999760000000226,1.40764239,1.36082984
0.005576000000001098,1.40765065,1.36082213
0.016776000000004534,1.40766434,1.36081024
0.0391760000000114,1.40762203,1.36086598
0.083976000000002,1.40695319,1.36162928
0.13997600000001917,1.40468761,1.36412635
0.1959760000000132,1.40071243,1.36836464
0.2519760000000072,1.39509338,1.37413582
0.2575760000000089,1.39442701,1.37480554
0.26877600000001234,1.39306812,1.37616611
0.2911760000000192,1.39025551,1.37895554
0.3359760000000098,1.38463261,1.38446147
0.3919760000000038,1.37808235,1.39080125
0.447976000000021,1.37232823,1.39633425
0.503976000000015,1.36742376,1.40103878
0.559976000000009,1.36334109,1.40494881
0.6159760000000031,1.36002335,1.40811968
0.6719760000000202,1.35739868,1.41062277
0.7279760000000143,1.35538617,1.4125381
0.7839760000000082,1.35390121,1.41394889
0.8399760000000023,1.35286012,1.41493696
0.8959760000000194,1.35218346,1.41557959
0.9519760000000135,1.35179836,1.41594737
1.0000240000000205,1.35165173,1.41609074
1.005624000000022,1.35163495,1.41610801
1.0168240000000024,1.35160835,1.41613652
1.0392240000000093,1.3516539,1.41610618
1.084024000000023,1.35246483,1.41540622
1.140024000000017,1.35513146,1.41303122
1.196024000000011,1.35963688,1.40890177
1.252024000000005,1.36574542,1.40310808
1.2576240000000067,1.36645211,1.40242365
1.2688240000000102,1.36788741,1.40102867
1.291224000000017,1.37083014,1.39814436
1.3360240000000076,1.37664857,1.39238086
1.3920240000000017,1.38337237,1.38566124
1.4480240000000189,1.3892641,1.3797442
1.504024000000013,1.39428828,1.3746815
1.5600240000000067,1.3984747,1.37044901
1.6160240000000008,1.40187935,1.36699444
1.672024000000018,1.40457486,1.36424757
1.728024000000012,1.40664394,1.36212784
1.784024000000006,1.40817319,1.36055009
1.840024,1.40924842,1.35942965
1.8960240000000173,1.40995111,1.35868574
1.9520240000000113,1.41035602,1.35824402
0.008024000000005296,1.41052988,1.35803792
0.06402400000002248,1.41053064,1.35800949
0.12002400000001649,1.41040749,1.35810939
0.1760240000000105,1.41020107,1.35829672
0.23202400000000453,1.40994423,1.35853831
0.2880240000000217,1.40966267,1.3588081
0.3440240000000157,1.40937594,1.35908616
0.40002400000000976,1.40909823,1.35935791
0.45602400000000376,1.40883935,1.35961317
0.5120240000000209,1.40860544,1.35984541
0.568024000000015,1.40839986,1.36005095
0.624024000000009,1.40822372,1.36022836
0.680024000000003,1.40807654,1.36037784
0.7360240000000202,1.40795668,1.36050077
0.7920240000000142,1.40786178,1.36059931
0.8480240000000082,1.40778902,1.36067606
0.9040240000000023,1.40773543,1.36073385
0.9600240000000194,1.40769802,1.36077555
1.0160240000000134,1.40767393,1.36080389
1.0720240000000074,1.40766052,1.36082143
1.1280240000000015,1.40765544,1.36083046
1.1840240000000186,1.40765662,1.360833
1.2400240000000127,1.40766231,1.36083077
1.2960240000000067,1.40767104,1.36082521
1.3520240000000008,1.40768164,1.36081748
1.408024000000018,1.40769316,1.36080853
1.4640240000000118,1.40770491,1.36079907
1.5200240000000058,1.40771636,1.36078963
1.576024000000023,1.40772716,1.36078058
1.632024000000017,1.40773705,1.36077218
1.688024000000011,1.40774593,1.36076457
1.7440240000000051,1.40775373,1.36075783
1.8000240000000223,1.40776047,1.36075195
1.8560240000000163,1.40776621,1.36074692
1.9120240000000104,1.40777103,1.36074266
1.9680240000000044,1.40777501,1.36073909
6.514047323855093e-15,1.40777696,1.36073734
0.005600000000008232,1.40778737,1.36072707
0.016800000000011667,1.40780514,1.36071028
0.03920000000001854,1.40776973,1.36075747
0.08400000000000912,1.40711027,1.3615081
0.14000000000000315,1.40484962,1.3639964
0.19600000000002032,1.4008736,1.36823217
0.2520000000000143,1.39524962,1.37400548
0.25760000000001604,1.39458256,1.37467563
0.26880000000001947,1.39322226,1.37603714
0.2912000000000032,1.39040656,1.37882877
0.33600000000001695,1.38477666,1.38434011
0.39200000000001095,1.37821663,1.39068789
0.44800000000000495,1.3724522,1.3962295
0.5040000000000221,1.36753744,1.40094263
0.5600000000000162,1.36344491,1.40486085
0.6160000000000102,1.36011801,1.40803923
0.6720000000000041,1.35748508,1.41054898
0.7280000000000214,1.35546528,1.41247004
0.7840000000000154,1.35397404,1.41388563
0.8400000000000094,1.35292764,1.41487759
0.8960000000000035,1.35224659,1.41552329
0.9520000000000206,1.35185794,1.41589339
0.9999920000000097,1.35170895,1.41603812
1.0055920000000114,1.3516919,1.41605554
1.0167920000000148,1.35166479,1.41608435
1.0391920000000217,1.35170938,1.41605452
1.0839920000000123,1.3525187,1.41535527
1.1399920000000063,1.35518371,1.41298055
1.1959920000000002,1.3596878,1.40885079
1.2519920000000175,1.36579515,1.40305633
1.2575920000000191,1.36650173,1.40237181
1.2687920000000226,1.3679368,1.40097663
1.2911920000000063,1.3708791,1.39809188
1.33599200000002,1.37669696,1.39232718
1.391992000000014,1.38341843,1.38560349
1.4479920000000082,1.38930701,1.37968189
1.503992000000002,1.39433052,1.37461793
1.5599920000000194,1.39851711,1.37038517
1.6159920000000132,1.40192194,1.36693036
1.6719920000000073,1.40461792,1.36418358
1.7279920000000013,1.40668746,1.36206399
1.7839920000000185,1.4082173,1.36048655
1.8399920000000125,1.40929312,1.35936647
1.8959920000000066,1.40999644,1.35862301
1.9519920000000006,1.41040197,1.35818175
1.9999840000000126,1.41056233,1.35799445
0.005584000000014453,1.41058066,1.35797331
0.01678400000001789,1.41061094,1.35793822
0.0391840000000016,1.41058166,1.35796816
0.08398400000001534,1.40987033,1.35875035
0.13998400000000935,1.40745156,1.36137533
0.19598400000000338,1.40324714,1.36582266
0.2519840000000206,1.39735466,1.37185201
0.2575840000000223,1.39665928,1.37254949
0.2687840000000025,1.39524211,1.37396597
0.29118400000000944,1.39231173,1.37686895
0.33598400000002315,1.38645249,1.38260466
0.39198400000001715,1.37961367,1.38922747
0.4479840000000112,1.37358794,1.39502865
0.5039840000000052,1.36843593,1.39997888
0.5599840000000224,1.36413386,1.40410769
0.6159840000000164,1.36062656,1.40746848
0.6719840000000105,1.35784206,1.41013251
0.7279840000000044,1.35569808,1.41218098
0.7839840000000217,1.35410781,1.41369918
0.8399840000000156,1.35298483,1.41477152
0.8959840000000097,1.35224669,1.41547823
0.9519840000000037,1.35181745,1.41589285
0.9999760000000159,1.35164468,1.41606468
1.0055760000000176,1.3516255,1.41608461
1.016776000000021,1.35159434,1.41611823
1.0391760000000048,1.35163207,1.41609676
1.0839760000000185,1.35243204,1.41540974
1.1399760000000125,1.35509218,1.41304322
1.1959760000000066,1.35959721,1.40891556
1.2519760000000004,1.36570964,1.40311874
1.2575760000000022,1.36641691,1.40243377
1.2687760000000057,1.36785344,1.40103764
1.2911760000000125,1.37079891,1.39815069
1.3359760000000032,1.37662393,1.39238066
1.3919760000000203,1.38335536,1.3856491
1.4479760000000144,1.38925433,1.379719
1.5039760000000084,1.39428813,1.37464649
1.5599760000000022,1.39848448,1.37040555
1.6159760000000196,1.40189827,1.3669432
1.6719760000000135,1.40460226,1.36418968
1.7279760000000075,1.40667878,1.36206423
1.7839760000000016,1.40821457,1.36048184
1.8399760000000187,1.40929534,1.35935769
1.8959760000000128,1.41000269,1.35861097
1.9519760000000068,1.41041141,1.35816719
0.0079760000000008,1.41058834,1.35795971
0.06397600000001798,1.41059151,1.35793045
0.11997600000001199,1.4104702,1.35802998
0.17597600000000602,1.41026516,1.35821729
0.2319760000000232,1.41000931,1.35845913
0.2879760000000172,1.40972843,1.35872935
0.3439760000000112,1.40944214,1.35900798
0.3999760000000052,1.40916468,1.35928037
0.4559760000000224,1.4089059,1.3595363
0.5119760000000164,1.40867201,1.35976922
0.5679760000000105,1.40846637,1.35997541
0.6239760000000045,1.40829013,1.36015343
0.6799760000000217,1.40814282,1.36030347
0.7359760000000156,1.40802283,1.3604269
0.7919760000000097,1.4079278,1.36052587
0.8479760000000037,1.40785492,1.360603
0.9039760000000209,1.40780122,1.36066111
0.9599760000000149,1.4077637,1.36070308
1.0159760000000089,1.40773953,1.36073163
1.071976000000003,1.40772605,1.36074934
1.12797600000002,1.40772091,1.3607585
1.1839760000000141,1.40772204,1.36076115
1.2399760000000082,1.4077277,1.36075899
1.2959760000000022,1.4077364,1.36075348
1.3519760000000194,1.40774697,1.36074579
1.4079760000000134,1.40775849,1.36073687
1.4639760000000073,1.40777023,1.36072741
1.5199760000000013,1.40778167,1.36071798
1.5759760000000185,1.40779245,1.36070893
1.6319760000000125,1.40780234,1.36070053
1.6879760000000066,1.40781122,1.36069292
1.7439760000000006,1.40781902,1.36068617
1.7999760000000178,1.40782576,1.36068029
1.8559760000000118,1.40783149,1.36067526
1.911976000000006,1.40783631,1.360671
1.967976000000023,1.40784029,1.36066744
0.023976000000017032,1.40784356,1.36066448
0.07997600000001105,1.40784621,1.36066205
0.13597600000000507,1.40784836,1.36066005
0.19197600000002224,1.40785009,1.36065839
0.24797600000001627,1.4078515,1.36065701
0.3039760000000103,1.40785265,1.36065583
0.3599760000000043,1.40785363,1.3606548
0.4159760000000215,1.40785447,1.36065387
0.4719760000000155,1.40785523,1.36065301
0.5279760000000095,1.40785594,1.36065219
0.5839760000000035,1.40785664,1.36065137
0.6399760000000208,1.40785733,1.36065055
0.6959760000000147,1.40785804,1.36064971
0.7519760000000087,1.40785877,1.36064884
0.8079760000000028,1.40785954,1.36064794
0.86397600000002,1.40786035,1.36064701
0.919976000000014,1.40786119,1.36064605
0.975976000000008,1.40786206,1.36064506
1.0000000000000229,1.40786245,1.36064463
1.0056000000000016,1.40787263,1.36063455
1.016800000000005,1.40788997,1.36061811
1.039200000000012,1.40785379,1.36066594
1.0840000000000025,1.40719317,1.36141762
1.1400000000000197,1.4049318,1.36390703
1.1960000000000137,1.40095582,1.36814386
1.2520000000000076,1.39533247,1.37391834
1.2576000000000094,1.39466551,1.37458862
1.2688000000000128,1.3933054,1.37595038
1.2912000000000197,1.39049013,1.37874253
1.3360000000000103,1.38486123,1.38425491
1.3920000000000043,1.37830253,1.39060383
1.4480000000000215,1.37253937,1.39614634
1.5040000000000155,1.36762572,1.40086013
1.5600000000000094,1.36353412,1.40477877
1.6160000000000034,1.36020796,1.40795738
1.6720000000000206,1.35757557,1.41046721
1.7280000000000146,1.35555615,1.4123882
1.7840000000000087,1.35406513,1.41380362
1.8400000000000027,1.35301881,1.41479533
1.89600000000002,1.35233772,1.41544072
1.952000000000014,1.35194893,1.41581045
1.9999920000000029,1.35179974,1.41595485
0.005592000000004648,1.35178267,1.41597223
0.01679200000000808,1.3517555,1.41600096
0.03919200000001496,1.35179999,1.41597095
0.08399200000000553,1.35260907,1.41527121
0.1399920000000227,1.35527361,1.41289556
0.19599200000001674,1.3597769,1.40876452
0.25199200000001076,1.36588309,1.4029685
0.2575920000000125,1.36658953,1.40228381
0.2687920000000159,1.36802432,1.40088829
0.29119200000002277,1.37096602,1.39800285
0.33599200000001334,1.37678262,1.39223674
0.3919920000000074,1.38350256,1.38551136
0.4479920000000014,1.38938976,1.37958829
0.5039920000000185,1.39441212,1.37452312
0.5599920000000126,1.39859776,1.37028942
0.6159920000000066,1.40200185,1.36683392
0.6719920000000006,1.40469728,1.36408666
0.7279920000000178,1.40676643,1.36196678
0.7839920000000118,1.40829604,1.36038922
0.8399920000000058,1.40937176,1.35926916
0.895992000000023,1.4100751,1.35852582
0.951992000000017,1.41048074,1.35808478
0.9999840000000061,1.41064124,1.35789773
1.0055840000000078,1.4106596,1.35787663
1.0167840000000112,1.41068993,1.35784161
1.039184000000018,1.41066075,1.35787168
1.0839840000000087,1.40994976,1.35865416
1.1399840000000028,1.40753173,1.36127971
1.19598400000002,1.4033284,1.36572795
1.2519840000000138,1.39743726,1.37175861
1.2575840000000156,1.39674203,1.37245624
1.268784000000019,1.39532515,1.37387303
1.2911840000000028,1.39239538,1.37677667
1.3359840000000165,1.38653741,1.38251377
1.3919840000000105,1.37970012,1.38913826
1.4479840000000046,1.37367574,1.39494095
1.5039840000000217,1.36852483,1.39989246
1.5599840000000158,1.36422363,1.40402233
1.6159840000000096,1.36071697,1.40738395
1.6719840000000037,1.35793291,1.41004862
1.7279840000000208,1.3557892,1.41209755
1.783984000000015,1.35419905,1.41361604
1.839984000000009,1.35307606,1.41468853
1.895984000000003,1.3523378,1.41539528
1.9519840000000201,1.35190836,1.41580983
1.999976000000009,1.35173537,1.41598154
0.005576000000010869,1.35171616,1.41600146
0.016776000000014304,1.35168494,1.41603503
0.03917600000002117,1.35172255,1.41601347
0.08397600000001176,1.35252227,1.4153261
0.13997600000000576,1.35518192,1.41295881
0.19597600000002297,1.35968615,1.40882998
0.25197600000001696,1.36579742,1.4030317
0.2575760000000187,1.36650456,1.40234657
0.2687760000000221,1.3679408,1.40095011
0.2911760000000058,1.37088568,1.3980625
0.3359760000000196,1.37670946,1.3922911
0.3919760000000136,1.38343936,1.3855579
0.4479760000000076,1.38933698,1.37962636
0.5039760000000016,1.39436963,1.37455267
0.5599760000000188,1.39856505,1.37031079
0.6159760000000128,1.40197812,1.36684774
0.6719760000000068,1.40468156,1.36409374
0.7279760000000008,1.4067577,1.36196799
0.783976000000018,1.40829327,1.36038546
0.839976000000012,1.40937394,1.35926131
0.8959760000000061,1.41008131,1.3585147
0.9519760000000232,1.41049014,1.35807113
1.000024000000007,1.4106529,1.35788228
1.0056240000000087,1.41067145,1.35786103
1.0168240000000122,1.41070216,1.35782573
1.039224000000019,1.41067368,1.3578553
1.0840240000000096,1.40996386,1.35863699
1.1400240000000035,1.40754694,1.36126192
1.1960240000000208,1.40334439,1.36570989
1.2520240000000147,1.3974538,1.37174058
1.2576240000000165,1.39675861,1.37243823
1.26882400000002,1.39534181,1.37385506
1.2912240000000037,1.39241217,1.37675881
1.3360240000000174,1.38655439,1.38249619
1.3920240000000115,1.37971721,1.38912113
1.4480240000000053,1.37369282,1.39492431
1.5040240000000227,1.3685418,1.3998763
1.5600240000000165,1.36424042,1.40400662
1.6160240000000106,1.36073353,1.40736867
1.6720240000000046,1.35794923,1.41003371
1.7280240000000218,1.35580525,1.41208296
1.7840240000000158,1.35421483,1.41360171
1.8400240000000099,1.3530916,1.41467442
1.896024000000004,1.3523531,1.41538133
1.952024000000021,1.35192344,1.415796
0.008024000000015068,1.35173463,1.41598406
0.06402400000000909,1.35172744,1.41600243
0.1200240000000031,1.35185146,1.41589935
0.17602400000002028,1.35206481,1.41571468
0.2320240000000143,1.35233349,1.41548057
0.28802400000000833,1.35263073,1.41522213
0.34402400000000233,1.35293603,1.41495841
0.40002400000001953,1.35323434,1.41470321
0.45602400000001353,1.35351512,1.414466
0.5120240000000076,1.35377158,1.4142527
0.5680240000000015,1.35399985,1.41406646
0.6240239999999956,1.35419837,1.41390827
0.6800240000000127,1.35436727,1.41377759
0.73602400000003,1.35450792,1.41367273
0.7920240000000008,1.35462248,1.41359134
0.848024000000018,1.35471363,1.41353063
0.9040239999999888,1.35478425,1.41348767
0.960024000000006,1.3548373,1.41345953
1.000008000000013,1.35486593,1.41344704
1.0056079999999918,1.35485935,1.41345593
1.0168079999999953,1.35484966,1.41347093
1.0392080000000021,1.35490907,1.41343192
1.0840080000000158,1.35567954,1.41277671
1.140008000000033,1.35819471,1.41054757
1.1960080000000037,1.36247032,1.40663117
1.252008000000021,1.36830188,1.4010883
1.2576079999999996,1.36897901,1.40043032
1.268808000000003,1.37035486,1.39908842
1.29120800000001,1.37317712,1.39631106
1.3360080000000236,1.37875254,1.39076098
1.3920079999999944,1.38517798,1.38429989
1.4480080000000117,1.39078742,1.37862404
1.5040080000000289,1.39555283,1.37377906
1.5600079999999996,1.39950827,1.36973746
1.6160080000000168,1.4027116,1.36644574
1.6720080000000341,1.40523551,1.36383408
1.7280080000000049,1.40716145,1.36182348
1.784008000000022,1.40857395,1.36033107
1.840007999999993,1.40955618,1.35927493
1.8960080000000101,1.41018672,1.35857718
1.9520080000000273,1.4105374,1.35816641
1.9999999999999931,1.41066285,1.35799519
0.005600000000018003,1.41067784,1.35797535
0.01680000000002144,1.41070165,1.35794266
0.03920000000002831,1.41066085,1.35797629
0.08399999999999573,1.40993164,1.35876204
0.14000000000001292,1.40749888,1.36138577
0.1960000000000301,1.40328795,1.36582734
0.25200000000000095,1.39739456,1.3718481
0.2576000000000258,1.39669936,1.3725446
0.26880000000002924,1.39528263,1.3739591
0.2911999999999898,1.39235354,1.37685797
0.3360000000000036,1.3864982,1.38258505
0.3920000000000207,1.37966598,1.38919664
0.44799999999999157,1.37364785,1.39498656
0.5040000000000088,1.36850372,1.39992592
0.5600000000000259,1.36420935,1.4040446
0.6159999999999968,1.36070922,1.40739621
0.6720000000000139,1.3579312,1.41005211
0.7280000000000312,1.35579286,1.41209356
0.784000000000002,1.35420738,1.41360583
0.8400000000000192,1.35308836,1.41467326
0.89599999999999,1.35235338,1.41537601
0.9520000000000072,1.35192657,1.4157875
0.9999920000000194,1.35175538,1.41595724
1.005591999999998,1.35173635,1.41597696
1.0167920000000015,1.35170548,1.41601017
1.0391920000000083,1.35174376,1.41598794
1.083992000000022,1.35254457,1.41529951
1.1399919999999928,1.35520521,1.41293127
1.19599200000001,1.35971001,1.40880183
1.2519920000000273,1.36582151,1.40300318
1.2575920000000058,1.36652865,1.40231803
1.2687920000000092,1.3679649,1.40092152
1.291192000000016,1.37090975,1.39803385
1.3359920000000298,1.37673338,1.39226239
1.3919920000000008,1.38346301,1.38552925
1.447992000000018,1.3893603,1.37959792
1.503992000000035,1.39439262,1.37452453
1.5599920000000058,1.39858773,1.37028304
1.615992000000023,1.40200051,1.36682042
1.671991999999994,1.40470372,1.36406686
1.727992000000011,1.40677968,1.36194156
1.7839920000000282,1.40831511,1.36035948
1.8399919999999992,1.4093957,1.35923575
1.8959920000000163,1.41010302,1.35848954
1.9519920000000335,1.41051184,1.35804633
0.00799200000000435,1.41068897,1.35783947
0.06399200000002153,1.41069243,1.35781084
0.11999199999999238,1.41057148,1.35791101
0.17599200000000956,1.41036684,1.35809895
0.23199200000002673,1.41011143,1.35834141
0.2879919999999976,1.409831,1.35861223
0.3439920000000148,1.40954516,1.35889143
0.39999200000003193,1.40926814,1.35916435
0.4559920000000028,1.4090098,1.35942079
0.51199200000002,1.40877631,1.35965416
0.5679919999999908,1.40857106,1.35986078
0.623992000000008,1.40839518,1.3600392
0.6799920000000252,1.40824821,1.36018959
0.7359919999999961,1.40812851,1.36031334
0.7919920000000132,1.40803375,1.3604126
0.8479920000000304,1.40796111,1.36048999
0.9039920000000012,1.40790762,1.36054833
0.9599920000000185,1.40787029,1.36059049
0.9999760000000256,1.40785202,1.36061215
1.0055760000000042,1.4078601,1.36060464
1.0167760000000077,1.40787346,1.36059315
1.0391760000000145,1.40783055,1.36064958
1.0839760000000283,1.40716096,1.36141401
1.139975999999999,1.40489544,1.36391242
1.1959760000000164,1.4009214,1.36815237
1.2519760000000335,1.39530433,1.37392579
1.257576000000012,1.3946382,1.37459576
1.2687760000000154,1.39327981,1.37595687
1.2911760000000223,1.39046824,1.37874742
1.3359759999999896,1.38484758,1.38425567
1.391976000000007,1.3783001,1.39059815
1.4479760000000241,1.37254841,1.39613336
1.5039759999999949,1.36764588,1.40083956
1.559976000000012,1.36356464,1.40475074
1.6159760000000294,1.36024784,1.40792232
1.6719760000000001,1.35762368,1.41042572
1.7279760000000173,1.35561131,1.41234101
1.7839760000000344,1.35412616,1.4137515
1.8399760000000054,1.3530846,1.41473902
1.8959760000000225,1.35240726,1.41538094
1.9519759999999935,1.35202131,1.41574787
0.007976000000010572,1.35186174,1.41590258
0.06397600000002775,1.35187209,1.41589929
0.11997599999999861,1.35200447,1.41578384
0.1759760000000158,1.35221917,1.41559394
0.23197600000003296,1.35248411,1.41535988
0.28797600000000384,1.35277408,1.41510523
0.343976000000021,1.35306987,1.41484778
0.39997599999999184,1.35335747,1.4146003
0.45597600000000904,1.35362713,1.41437149
0.5119760000000262,1.35387263,1.41416668
0.567975999999997,1.35409053,1.41398859
0.6239760000000143,1.35427954,1.41383793
0.6799760000000314,1.35443995,1.41371399
0.7359760000000023,1.35457321,1.41361499
0.7919760000000194,1.35468148,1.41353856
0.8479759999999903,1.3547674,1.41348194
0.9039760000000074,1.35483377,1.41344226
0.9599760000000247,1.35488346,1.41341667
1.0159759999999955,1.35491919,1.4134025
1.0719760000000127,1.35494352,1.41339728
1.1279760000000298,1.35495874,1.41339886
1.1839760000000008,1.35496689,1.41340533
1.239976000000018,1.3549697,1.41341514
1.295976000000035,1.35496864,1.41342698
1.351976000000006,1.3549649,1.41343982
1.4079760000000232,1.35495946,1.41345287
1.463975999999994,1.35495306,1.41346554
1.519976000000011,1.35494628,1.41347741
1.5759760000000282,1.35493954,1.41348823
1.6319759999999992,1.35493312,1.41349783
1.6879760000000164,1.35492722,1.41350615
1.7439760000000335,1.35492194,1.41351322
1.7999760000000045,1.35491732,1.41351908
1.8559760000000216,1.35491338,1.41352383
1.9119759999999923,1.35491008,1.41352759
1.9679760000000097,1.35490736,1.41353047
0.023976000000026802,1.35490517,1.41353262
0.07997599999999766,1.35490343,1.41353414
0.13597600000001484,1.35490208,1.41353516
0.191976000000032,1.35490104,1.41353579
0.24797600000000286,1.35490026,1.4135361
0.30397600000002006,1.35489969,1.4135362
0.3599759999999909,1.35489926,1.41353613
0.41597600000000806,1.35489895,1.41353597
0.47197600000002526,1.35489872,1.41353576
0.5279759999999961,1.35489854,1.41353553
0.5839760000000133,1.3548984,1.4135353
0.6399760000000305,1.35489827,1.41353511
0.6959760000000014,1.35489815,1.41353495
0.7519760000000185,1.35489802,1.41353485
0.8079759999999894,1.35489789,1.4135348
0.8639760000000065,1.35489774,1.41353481
0.9199760000000238,1.35489759,1.41353487
0.9759759999999946,1.35489742,1.41353498
1.0319760000000118,1.35489724,1.41353515
1.087976000000029,1.35489705,1.41353535
1.1439759999999999,1.35489686,1.41353559
1.199976000000017,1.35489666,1.41353587
1.2559760000000342,1.35489645,1.41353617
1.311976000000005,1.35489624,1.41353649
1.3679760000000223,1.35489603,1.41353684
1.423975999999993,1.35489581,1.4135372
1.4799760000000102,1.3548956,1.41353757
1.5359760000000273,1.35489539,1.41353795
1.5919759999999983,1.35489518,1.41353834
1.6479760000000154,1.35489497,1.41353874
1.7039760000000326,1.35489476,1.41353913
1.7599760000000035,1.35489456,1.41353953
1.8159760000000207,1.35489436,1.41353993
1.8719759999999914,1.35489415,1.41354033
1.9279760000000086,1.35489395,1.41354073
1.983976000000026,1.35489375,1.41354113
0.03997599999999671,1.35489355,1.41354152
0.09597600000001388,1.35489336,1.41354192
0.15197600000003106,1.35489316,1.41354231
0.2079760000000019,1.35489296,1.41354271
0.2639760000000191,1.35489276,1.4135431
0.31997599999998994,1.35489256,1.41354349
0.37597600000000714,1.35489237,1.41354388
0.43197600000002434,1.35489217,1.41354426
0.4879759999999952,1.35489197,1.41354465
0.5439760000000123,1.35489177,1.41354503
0.5999760000000295,1.35489157,1.41354542
0.6559760000000003,1.35489137,1.4135458
0.7119760000000176,1.35489116,1.41354618
0.7679760000000347,1.35489096,1.41354656
0.8239760000000056,1.35489076,1.41354694
0.8799760000000227,1.35489055,1.41354732
0.9359759999999936,1.35489035,1.4135477
0.9919760000000108,1.35489014,1.41354808
0.9999840000000159,1.35489012,1.41354813
1.0055839999999943,1.35488013,1.41355831
1.016783999999998,1.35486384,1.4135757
1.0391840000000048,1.35491148,1.41354037
1.0839840000000185,1.35566346,1.41288865
1.1399839999999892,1.35816349,1.41065789
1.1959840000000064,1.36243098,1.40673493
1.2519840000000235,1.36825969,1.40118215
1.2575840000000023,1.36893679,1.40052304
1.2687840000000057,1.37031265,1.39917883
1.2911840000000125,1.37313533,1.39639665
1.3359840000000263,1.3787129,1.39083646
1.391983999999997,1.38514287,1.38436235
1.4479840000000144,1.39075818,1.37867364
1.5039840000000315,1.39553012,1.37381648
1.5599840000000023,1.39949228,1.36976372
1.6159840000000194,1.40270213,1.36646204
1.6719839999999904,1.40523214,1.36384173
1.7279840000000075,1.40716361,1.36182379
1.7839840000000247,1.40858099,1.36032533
1.8399839999999956,1.40956743,1.35926433
1.8959840000000128,1.41020152,1.3585628
1.95198400000003,1.41055513,1.3581492
1.9999759999999958,1.41068264,1.3579762
0.005576000000020641,1.41069784,1.3579562
0.016776000000024077,1.41072207,1.35792319
0.03917600000003095,1.41068205,1.35795626
0.08397599999999837,1.40995422,1.35874116
0.13997600000001553,1.40752291,1.36136433
0.19597600000003274,1.40331319,1.36580579
0.2519760000000036,1.39742082,1.37182683
0.25757600000002845,1.39672572,1.37252338
0.2687760000000319,1.39530916,1.37393798
0.29117599999999244,1.39238041,1.37683708
0.3359760000000062,1.38652568,1.38256472
0.39197600000002336,1.37969407,1.38917711
0.4479759999999942,1.3736764,1.39496788
0.5039760000000114,1.36853259,1.39990808
0.5599760000000286,1.36423841,1.40402756
0.6159759999999994,1.3607384,1.4073799
0.6719760000000166,1.35796041,1.41003647
0.7279760000000338,1.35582207,1.41207851
0.7839760000000047,1.35423654,1.41359128
0.8399760000000218,1.35311744,1.41465913
0.8959759999999927,1.35238236,1.41536221
0.9519760000000098,1.35195545,1.41577396
1.007976000000027,1.35176878,1.41595989
1.0639759999999978,1.35176323,1.41597678
1.1199760000000152,1.35188845,1.41587278
1.1759760000000323,1.35210262,1.41568762
1.231976000000003,1.35237184,1.41545335
1.2879760000000202,1.35266938,1.41519502
1.3439759999999912,1.35297481,1.41493158
1.3999760000000083,1.35327312,1.41467678
1.4559760000000255,1.35355381,1.41444005
1.5119759999999964,1.35381011,1.41422726
1.5679760000000136,1.3540382,1.41404153
1.6239760000000307,1.35423651,1.41388385
1.6799760000000015,1.35440521,1.41375363
1.7359760000000188,1.35454567,1.41364919
1.7919759999999896,1.35466005,1.41356818
1.8479760000000067,1.35475104,1.41350779
1.9039760000000239,1.35482152,1.4134651
1.9599759999999948,1.35487445,1.41343719
1.6000000019834495e-05,1.35490304,1.41342482
0.005615999999998391,1.35489645,1.41343372
0.016816000000001826,1.35488673,1.41344876
0.039216000000008695,1.35494611,1.41340981
0.08401600000002245,1.3557165,1.41275468
0.14001599999999328,1.35823153,1.41052551
0.1960160000000105,1.36250689,1.40660895
0.25201600000002766,1.36833807,1.40106582
0.25761600000000623,1.36901516,1.40040781
0.26881600000000966,1.37039091,1.39906586
0.2912160000000165,1.37321297,1.39628835
0.33601600000003023,1.37878798,1.39073799
0.39201600000000114,1.38521292,1.38427655
0.4480160000000183,1.39082192,1.37860038
0.5040159999999891,1.39558696,1.37375515
0.5600160000000063,1.39954213,1.36971336
0.6160160000000235,1.40274524,1.36642151
0.6720159999999944,1.40526899,1.36380976
0.7280160000000115,1.40719484,1.36179912
0.7840160000000287,1.40860729,1.36030671
0.8400159999999995,1.40958951,1.3592506
0.8960160000000168,1.41022008,1.35855291
0.952016000000034,1.41057081,1.35814222
1.0080160000000047,1.41070554,1.35795477
1.064016000000022,1.4106795,1.35793515
1.1200159999999928,1.41053945,1.35803633
1.17601600000001,1.41032386,1.3582194
1.232016000000027,1.41006369,1.35845289
1.288015999999998,1.40978308,1.35871212
1.3440160000000152,1.40950026,1.35897829
1.4000160000000323,1.40922836,1.3592377
1.4560160000000033,1.40897636,1.35948081
1.5120160000000205,1.4087498,1.35970157
1.5680159999999912,1.40855154,1.3598966
1.6240160000000086,1.40838238,1.36006467
1.6800160000000257,1.40824162,1.36020605
1.7360159999999965,1.40812751,1.36032215
1.7920160000000136,1.40803761,1.36041505
1.8480160000000307,1.40796912,1.3604873
1.9040160000000017,1.40791909,1.36054161
1.9600160000000189,1.40788457,1.36058072
2.6056189295420372e-14,1.40786794,1.36060071
0.005600000000004613,1.40787623,1.36059301
0.016800000000008048,1.40788999,1.36058114
0.03920000000001492,1.40784783,1.3606369
0.08400000000002866,1.40717953,1.36140027
0.1399999999999995,1.40491534,1.36389786
0.1960000000000167,1.40094235,1.36813748
0.25200000000003386,1.39532612,1.37391094
0.25760000000001243,1.39466007,1.37458094
0.26880000000001586,1.39330181,1.3759421
0.2912000000000227,1.39049051,1.37873279
0.33599999999999014,1.3848703,1.38424143
0.39200000000000734,1.37832325,1.3905845
0.4480000000000245,1.37257184,1.39612039
0.5039999999999953,1.36766947,1.40082728
0.5600000000000126,1.36358831,1.40473915
0.6160000000000297,1.36027151,1.40791137
0.6720000000000006,1.35764731,1.41041537
0.7280000000000177,1.35563485,1.41233119
0.7840000000000349,1.3541496,1.41374213
0.8400000000000057,1.35310793,1.41473005
0.896000000000023,1.35243047,1.41537229
0.9519999999999939,1.35204439,1.41573947
0.999992000000006,1.35189691,1.41588211
1.005592000000031,1.35187999,1.41589931
1.0167920000000343,1.35185313,1.41592768
1.0391919999999948,1.35189817,1.41589701
1.0839920000000085,1.35270806,1.41519602
1.1399920000000259,1.355373,1.41281885
1.1959919999999966,1.35987598,1.40868625
1.2519920000000138,1.3659812,1.40288865
1.2575919999999923,1.3666875,1.4022038
1.268791999999996,1.368122,1.40080796
1.2911920000000028,1.37106308,1.39792189
1.3359920000000165,1.37687829,1.39215455
1.3919920000000336,1.38359641,1.38542779
1.4479920000000044,1.38948187,1.37950359
1.5039920000000215,1.39450266,1.37443757
1.5599919999999925,1.39868693,1.37020327
1.6159920000000096,1.40208984,1.36674738
1.6719920000000268,1.4047843,1.36399992
1.7279919999999978,1.40685268,1.36187998
1.783992000000015,1.40838171,1.36030249
1.839992000000032,1.40945701,1.35918259
1.895992000000003,1.41016008,1.35843949
1.9519920000000202,1.41056558,1.35799876
0.00799199999999096,1.41074021,1.35779379
0.06399200000000814,1.41074186,1.35776658
0.11999200000002531,1.41061968,1.35786775
0.17599199999999618,1.41041429,1.35805635
0.23199200000001335,1.41015849,1.35829921
0.28799200000003056,1.40987798,1.35857023
0.3439920000000014,1.40959227,1.35884948
0.39999200000001855,1.40931555,1.35912235
0.4559919999999894,1.40905759,1.35937866
0.5119920000000066,1.40882456,1.35961188
0.5679920000000238,1.40861978,1.35981832
0.6239919999999947,1.40844438,1.35999656
0.6799920000000118,1.40829786,1.36014678
0.735992000000029,1.4081786,1.36027038
0.7919919999999998,1.40808423,1.36036951
0.8479920000000171,1.40801194,1.36044679
0.9039920000000342,1.40795876,1.36050504
0.9599920000000051,1.40792169,1.36054714
0.9999760000000122,1.40790358,1.36056877
1.0055759999999907,1.40791168,1.36056126
1.0167759999999941,1.40792508,1.36054975
1.039176000000001,1.40788226,1.36060617
1.083976000000015,1.40721288,1.36137058
1.139976000000032,1.40494777,1.36386905
1.1959760000000028,1.4009743,1.36810924
1.25197600000002,1.39535793,1.37388308
1.2575759999999987,1.39469188,1.37455311
1.2687760000000021,1.39333364,1.37591433
1.291176000000009,1.39052238,1.37870512
1.3359760000000227,1.38490236,1.3842139
1.3919759999999934,1.37835563,1.39055702
1.4479760000000106,1.37260456,1.39609279
1.503976000000028,1.36770252,1.40079945
1.5599759999999987,1.36362162,1.40471099
1.6159760000000158,1.36030504,1.40788283
1.671976000000033,1.35768099,1.4103864
1.727976000000004,1.35566862,1.41230178
1.783976000000021,1.35418341,1.41371228
1.839975999999992,1.35314172,1.41469976
1.8959760000000092,1.35246419,1.41534159
1.9519760000000264,1.35207801,1.41570838
2.4000000010028654e-05,1.35193032,1.41585079
0.0056240000000349075,1.3519134,1.41586794
0.016823999999992022,1.35188654,1.41589621
0.03922399999999889,1.35193158,1.41586534
0.08402400000001263,1.35274145,1.41516394
0.14002400000002982,1.35540626,1.4127862
0.19602400000000067,1.35990896,1.40865295
0.25202400000001784,1.36601373,1.40285464
0.2576239999999964,1.36671998,1.40216972
0.26882399999999984,1.36815438,1.40077373
0.2912240000000067,1.37109522,1.39788737
0.3360240000000205,1.37690994,1.39211944
0.3920239999999913,1.38362744,1.38539201
0.44802400000000847,1.38951235,1.37946725
0.5040240000000257,1.39453266,1.37440078
0.5600239999999965,1.39871653,1.37016613
0.6160240000000137,1.40211913,1.36671
0.6720240000000309,1.40481334,1.36396238
0.7280240000000018,1.40688155,1.36184236
0.7840240000000189,1.40841047,1.36026485
0.8400239999999898,1.40948571,1.35914498
0.8960240000000069,1.41018877,1.35840196
0.9520240000000241,1.4105943,1.35796133
1.008023999999995,1.41076899,1.3577565
1.064024000000012,1.41077073,1.35772944
1.1200240000000294,1.41064865,1.35783077
1.1760240000000002,1.41044338,1.35801955
1.2320240000000173,1.41018772,1.35826258
1.2880240000000345,1.40990734,1.35853377
1.3440240000000054,1.40962177,1.35881319
1.4000240000000226,1.40934518,1.35908622
1.4560239999999935,1.40908736,1.35934269
1.5120240000000107,1.40885446,1.35957605
1.5680240000000278,1.4086498,1.35978263
1.6240239999999986,1.40847451,1.35996099
1.6800240000000157,1.4083281,1.36011133
1.736024000000033,1.40820893,1.36023504
1.7920240000000038,1.40811465,1.36033426
1.848024000000021,1.40804244,1.36041163
1.904023999999992,1.40798932,1.36046996
1.960024000000009,1.40795232,1.36051213
8.000000016250349e-06,1.40793424,1.3605338
0.005607999999994807,1.40794235,1.3605263
0.016807999999998244,1.40795577,1.36051481
0.039208000000005114,1.40791297,1.36057125
0.08400800000001886,1.40724368,1.3613357
0.14000799999998972,1.40497877,1.36383428
0.1960080000000069,1.40100562,1.3680747
0.25200800000002405,1.39538965,1.37384891
0.2576080000000026,1.39472364,1.37451899
0.26880800000000604,1.39336549,1.37588029
0.29120800000001296,1.39055441,1.37867129
0.3360080000000267,1.38493478,1.38418049
0.3920079999999975,1.3783885,1.39052411
0.44800800000001473,1.37263782,1.39606033
0.5040080000000319,1.36773608,1.40076735
0.5600080000000027,1.3636554,1.40467918
0.6160080000000199,1.36033895,1.40785123
0.6720079999999907,1.35771497,1.41035495
0.728008000000008,1.35570262,1.41227041
0.7840080000000251,1.35421737,1.41368094
0.840007999999996,1.3531756,1.41466841
0.8960080000000131,1.35249796,1.41531018
0.9520080000000304,1.35211165,1.41567689
0.9999999999999962,1.35196392,1.41581913
1.0056000000000211,1.35194697,1.41583628
1.0168000000000246,1.35192005,1.41586456
1.0392000000000314,1.35196497,1.41583369
1.0839999999999987,1.3527746,1.41513222
1.140000000000016,1.35543911,1.41275423
1.1960000000000333,1.35994143,1.40862056
1.252000000000004,1.36604571,1.4028217
1.257600000000029,1.36675191,1.40213672
1.2688000000000323,1.3681862,1.40074061
1.2911999999999928,1.37112681,1.39785398
1.3360000000000065,1.37694105,1.39208553
1.3920000000000239,1.38365799,1.38535745
1.4479999999999946,1.3895424,1.37943211
1.5040000000000118,1.3945623,1.37436516
1.560000000000029,1.39874585,1.37013012
1.6159999999999999,1.40214821,1.3666737
1.672000000000017,1.40484225,1.36392587
1.7280000000000342,1.40691034,1.36180571
1.7840000000000051,1.4084392,1.36022813
1.8400000000000223,1.40951443,1.35910824
1.895999999999993,1.41021752,1.35836526
1.9520000000000104,1.41062311,1.35792469
1.9999920000000224,1.41078371,1.35773812
0.0055920000000010284,1.41080208,1.35771708
0.016792000000004463,1.41083245,1.35768218
0.039192000000011336,1.4108034,1.35771249
0.08399200000002507,1.41009289,1.3584955
0.13999199999999593,1.40767603,1.36112202
0.1959920000000131,1.40347452,1.36557179
0.2519920000000303,1.3975857,1.37160459
0.25759200000000887,1.39689072,1.37230248
0.2687920000000123,1.39547435,1.37371979
0.29119200000001916,1.39254565,1.37662452
0.3359920000000329,1.38668987,1.3823639
0.3919920000000037,1.37985524,1.38899117
0.44799200000002093,1.3738332,1.39479635
0.5039919999999918,1.36868422,1.39974996
0.5599920000000089,1.36438453,1.40388154
0.6159920000000262,1.36087899,1.40724453
0.671991999999997,1.35809574,1.40991019
0.7279920000000142,1.35595255,1.4119598
0.7839920000000313,1.35436264,1.41347871
0.8399920000000022,1.35323963,1.41455143
0.8959920000000194,1.35250115,1.4152582
0.9519919999999903,1.35207133,1.41567262
1.0079920000000073,1.35188222,1.41586033
1.0639920000000247,1.35187462,1.41587827
1.1199919999999954,1.35199816,1.41577473
1.1759920000000126,1.35221096,1.41558955
1.2319920000000297,1.35247905,1.41535492
1.2879920000000007,1.35277569,1.41509595
1.3439920000000178,1.35308038,1.41483171
1.399992000000035,1.35337809,1.41457599
1.455992000000006,1.35365829,1.41433828
1.511992000000023,1.3539142,1.41412451
1.5679919999999938,1.35414193,1.41393783
1.6239920000000112,1.35433996,1.41377923
1.6799920000000284,1.3545084,1.41364817
1.735991999999999,1.35464863,1.41354296
1.7919920000000162,1.35476281,1.41346125
1.8479920000000334,1.35485362,1.41340026
1.9039920000000043,1.35492393,1.41335704
1.9599920000000215,1.3549767,1.41332869
1.9999760000000286,1.35500515,1.41331606
0.0055760000000072505,1.35499856,1.41332492
0.016776000000010685,1.35498881,1.41333989
0.03917600000001756,1.35504815,1.41330078
0.0839760000000313,1.35581848,1.41264522
0.13997600000000215,1.35833326,1.41041517
0.19597600000001933,1.36260803,1.40649735
0.2519759999999902,1.36843822,1.40095265
0.25757600000001507,1.36911519,1.40029447
0.2687760000000185,1.37049068,1.39895217
0.29117600000002536,1.37331219,1.39617397
0.3359759999999928,1.37888602,1.39062216
0.39197600000001,1.38530953,1.38415904
0.44797600000002713,1.3909173,1.37848145
0.503975999999998,1.39568135,1.37363512
0.5599760000000152,1.39963575,1.36959254
0.6159760000000324,1.40283832,1.36630017
0.6719760000000032,1.40536174,1.36368816
0.7279760000000204,1.40728743,1.36167746
0.7839759999999912,1.40869988,1.36018518
0.8399760000000084,1.40968223,1.35912934
0.8959760000000256,1.41031305,1.35843204
0.9519759999999965,1.4106641,1.35802182
1.0000240000000264,1.41079003,1.35785101
1.005624000000005,1.41080505,1.35783126
1.0168240000000084,1.41082894,1.35779874
1.0392240000000155,1.41078832,1.35783269
1.0840240000000292,1.41005967,1.3586191
1.140024,1.40762813,1.3612439
1.196024000000017,1.40341898,1.36568699
1.2520240000000342,1.3975278,1.3717098
1.257624000000013,1.39683285,1.37240654
1.2688240000000164,1.3954166,1.37382152
1.2912240000000232,1.39248852,1.37672141
1.3360239999999906,1.38663525,1.38245061
1.3920240000000077,1.37980551,1.38906475
1.4480240000000248,1.37378957,1.39485694
1.5040239999999958,1.36864725,1.39979822
1.560024000000013,1.36435429,1.40391845
1.61602400000003,1.36085523,1.40727128
1.672024000000001,1.35807796,1.40992808
1.7280240000000182,1.35594013,1.41197013
1.7840240000000354,1.35435489,1.41348276
1.8400240000000063,1.35323586,1.41455039
1.8960240000000235,1.35250068,1.41525315
1.9520239999999942,1.35207354,1.4156645
0.008024000000011449,1.35188654,1.41584997
0.06402400000002863,1.35188057,1.41586638
0.12002399999999948,1.35200531,1.41576187
0.17602400000001667,1.35221897,1.4155762
0.23202400000003384,1.35248766,1.41534142
0.2880240000000047,1.35278466,1.41508258
0.34402400000002187,1.35308956,1.41481866
0.4000239999999927,1.35338735,1.4145634
0.4560240000000099,1.35366754,1.41432624
0.5120240000000271,1.35392338,1.41411304
0.568023999999998,1.35415102,1.41392695
0.6240240000000151,1.35434893,1.41376892
0.6800240000000323,1.35451726,1.4136384
0.7360240000000031,1.35465738,1.41353369
0.7920240000000204,1.35477147,1.41345243
0.8480239999999912,1.35486219,1.41339183
0.9040240000000084,1.35493244,1.41334895
0.9600240000000255,1.35498516,1.41332089
1.0160239999999965,1.3550232,1.41330486
1.0720240000000136,1.35504921,1.41329831
1.1280240000000308,1.35506559,1.41329899
1.1840240000000015,1.35507447,1.41330493
1.2400240000000189,1.35507767,1.41331449
1.2960239999999896,1.35507674,1.41332628
1.3520240000000068,1.35507294,1.41333923
1.408024000000024,1.35506728,1.41335248
1.4640239999999949,1.35506058,1.41336543
1.520024000000012,1.35505345,1.41337761
1.5760240000000292,1.35504632,1.41338875
1.6320240000000001,1.35503951,1.41339866
1.6880240000000173,1.35503323,1.41340728
1.7440240000000344,1.3550276,1.41341461
1.8000240000000054,1.35502266,1.4134207
1.8560240000000225,1.35501843,1.41342565
1.9120239999999933,1.35501487,1.41342958
1.9680240000000104,1.35501193,1.41343259
0.02402400000002768,1.35500954,1.41343484
0.08002399999999854,1.35500764,1.41343645
0.13602400000001572,1.35500615,1.41343752
0.1920240000000329,1.35500501,1.41343818
0.24802400000000374,1.35500414,1.41343853
0.30402400000002094,1.35500349,1.41343863
0.3600239999999918,1.355003,1.41343857
0.41602400000000894,1.35500264,1.4134384
0.47202400000002614,1.35500237,1.41343818
0.5280239999999969,1.35500216,1.41343793
0.5840240000000142,1.35500198,1.4134377
0.6400240000000313,1.35500183,1.41343749
0.6960240000000022,1.35500168,1.41343732
0.7520240000000193,1.35500154,1.41343721
0.8080239999999902,1.35500138,1.41343715
0.8640240000000075,1.35500122,1.41343715
0.9200240000000246,1.35500104,1.4134372
0.9760239999999955,1.35500085,1.41343731
1.0320240000000127,1.35500065,1.41343747
1.0880240000000299,1.35500044,1.41343767
1.1440240000000006,1.35500023,1.41343791
1.2000240000000177,1.355,1.41343818
1.2560240000000351,1.35499977,1.41343848
1.3120240000000059,1.35499954,1.41343881
1.368024000000023,1.3549993,1.41343916
1.424023999999994,1.35499907,1.41343952
1.480024000000011,1.35499883,1.4134399
1.5360240000000283,1.35499859,1.41344029
1.5920239999999992,1.35499836,1.41344068
1.6480240000000164,1.35499812,1.41344108
1.7040240000000335,1.35499789,1.41344148
1.7600240000000043,1.35499766,1.41344188
1.8160240000000216,1.35499743,1.41344229
1.8720239999999924,1.35499721,1.41344269
1.9280240000000095,1.35499698,1.41344309
1.9840240000000267,1.35499675,1.4134435
0.04002399999999759,1.35499653,1.4134439
0.09602400000001476,1.35499631,1.4134443
0.15202400000003194,1.35499608,1.4134447
0.2080240000000028,1.35499586,1.41344509
0.26402400000001996,1.35499564,1.41344549
0.3200239999999908,1.35499542,1.41344588
0.376024000000008,1.35499519,1.41344628
0.43202400000002517,1.35499497,1.41344667
0.48802399999999607,1.35499475,1.41344706
0.5440240000000133,1.35499452,1.41344744
0.6000240000000304,1.3549943,1.41344783
0.6560240000000013,1.35499407,1.41344822
0.7120240000000184,1.35499384,1.4134486
0.7680239999999893,1.35499362,1.41344899
0.8240240000000064,1.35499339,1.41344937
0.8800240000000237,1.35499316,1.41344976
0.9360239999999945,1.35499293,1.41345014
0.9920240000000117,1.3549927,1.41345052
0.9999759999999989,1.35499267,1.41345058
1.0055760000000238,1.35498268,1.41346075
1.0167760000000272,1.35496639,1.41347814
1.039176000000034,1.35501403,1.41344279
1.0839760000000014,1.355766,1.4127909
1.1399760000000185,1.35826586,1.41055959
1.1959759999999895,1.36253282,1.40663567
1.2519760000000066,1.36836059,1.40108161
1.2575760000000316,1.36903758,1.40042236
1.268776000000035,1.37041319,1.39907786
1.2911759999999954,1.37323534,1.39629509
1.3359760000000092,1.37881177,1.39073367
1.3919760000000265,1.38524035,1.3842581
1.4479759999999973,1.39085445,1.37856814
1.5039760000000144,1.39562541,1.37371001
1.5599760000000316,1.39958681,1.36965654
1.6159760000000025,1.40279612,1.36635439
1.6719760000000197,1.40532578,1.36373383
1.7279759999999906,1.40725707,1.36171584
1.7839760000000078,1.40867441,1.36021747
1.839976000000025,1.40966094,1.35915669
1.8959759999999957,1.41029523,1.35845549
1.951976000000013,1.41064911,1.35804229
0.007976000000030114,1.41078647,1.35785319
0.06397600000000098,1.41076262,1.35783265
0.11997600000001815,1.41062434,1.35793349
0.17597600000003533,1.41041018,1.35811667
0.23197600000000618,1.41015116,1.35835061
0.2879760000000234,1.40987145,1.35861056
0.34397599999999423,1.40958934,1.35887761
0.3999760000000114,1.40931801,1.35913799
0.4559760000000286,1.40906646,1.35938212
0.5119759999999994,1.40884025,1.35960391
0.5679760000000166,1.40864227,1.35979994
0.6239760000000338,1.40847334,1.35996895
0.6799760000000047,1.40833278,1.36011121
0.7359760000000218,1.40821883,1.3602281
0.7919759999999927,1.40812908,1.36032172
0.8479760000000098,1.40806072,1.3603946
0.903976000000027,1.4080108,1.36044945
0.9599759999999979,1.40797638,1.36048902
1.0000160000000229,1.4079598,1.36050934
1.0056160000000014,1.4079681,1.36050167
1.0168160000000048,1.40798189,1.36048987
1.0392160000000117,1.40793978,1.36054575
1.0840160000000256,1.4072717,1.36130937
1.1400159999999964,1.40500807,1.36380737
1.1960160000000135,1.40103599,1.36804768
1.2520160000000307,1.39542093,1.37382216
1.2576160000000094,1.394755,1.37449228
1.2688160000000128,1.39339701,1.37585369
1.2912160000000197,1.39058624,1.37864492
1.3360160000000334,1.38496715,1.38415468
1.3920160000000041,1.37842142,1.39049911
1.4480160000000213,1.37267113,1.39603616
1.5040159999999922,1.36776965,1.400744
1.5600160000000094,1.3636891,1.40465659
1.6160160000000265,1.36037271,1.40782934
1.6720159999999975,1.35774871,1.41033367
1.7280160000000147,1.35573628,1.41224967
1.7840160000000318,1.35425092,1.41366064
1.8400160000000028,1.35320902,1.41464846
1.89601600000002,1.35253123,1.41529052
1.9520159999999906,1.35214476,1.41565743
8.000000002860364e-06,1.35199689,1.41579979
0.005608000000027739,1.35197992,1.41581696
0.016808000000031176,1.35195297,1.41584525
0.03920799999999172,1.35199782,1.41581442
0.08400800000000547,1.35280732,1.41511297
0.14000800000002264,1.35547161,1.41273488
0.1960079999999935,1.35997361,1.40860099
0.25200800000001067,1.36607746,1.40280181
0.25760800000003553,1.36678361,1.40211679
0.26880799999999266,1.36821779,1.40072061
0.2912079999999995,1.37115819,1.39783383
0.3360080000000133,1.37697198,1.39206504
0.39200800000003044,1.38368839,1.38533655
0.4480080000000013,1.38957233,1.37941084
0.5040080000000186,1.39459182,1.37434358
0.5600079999999894,1.39877504,1.37010829
0.6160080000000066,1.40217713,1.36665166
0.6720080000000237,1.40487096,1.36390368
0.7280079999999945,1.40693891,1.36178342
0.7840080000000117,1.40846767,1.36020577
0.840008000000029,1.40954285,1.35908587
0.8960079999999998,1.41024591,1.35834288
0.952008000000017,1.41065151,1.35790235
1.0080080000000342,1.41082631,1.35769766
1.064008000000005,1.4108282,1.35767078
1.120008000000022,1.41070631,1.35777233
1.176007999999993,1.41050124,1.35796133
1.2320080000000102,1.41024579,1.35820461
1.2880080000000274,1.40996563,1.35847605
1.3440079999999983,1.40968027,1.35875571
1.4000080000000155,1.40940389,1.35902899
1.4560080000000326,1.40914627,1.35928568
1.5120080000000033,1.40891356,1.35951926
1.5680080000000207,1.40870909,1.35972605
1.6240079999999915,1.40853396,1.3599046
1.6800080000000086,1.40838771,1.36005511
1.7360080000000258,1.40826868,1.36017898
1.7920079999999967,1.40817452,1.36027835
1.8480080000000139,1.40810241,1.36035584
1.904008000000031,1.4080494,1.36041429
1.960008000000002,1.40801247,1.36045656
1.999992000000009,1.40799445,1.36047829
0.005592000000033961,1.40800256,1.3604708
0.016791999999991074,1.40801599,1.36045932
0.039191999999997944,1.40797323,1.36051579
0.08399200000001168,1.40730407,1.36128029
0.13999200000002887,1.40503952,1.36377903
0.19599199999999972,1.40106695,1.36801979
0.2519920000000169,1.39545173,1.37379457
0.25759199999999544,1.3947858,1.37446471
0.2687919999999989,1.39342782,1.37582617
0.2911920000000058,1.39061709,1.37861747
0.3359920000000195,1.38499817,1.38412734
0.39199199999999035,1.37845274,1.39047177
0.44799200000000755,1.37270278,1.39600869
0.5039920000000248,1.3678016,1.40071628
0.5599919999999956,1.36372131,1.40462855
0.6159920000000128,1.36040512,1.40780091
0.6719920000000299,1.35778126,1.41030483
0.7279920000000007,1.35576893,1.4122204
0.783992000000018,1.3542836,1.41363095
0.8399920000000352,1.35324169,1.41461836
0.895992000000006,1.35256384,1.41526001
0.9519920000000232,1.35217727,1.41562656
1.007991999999994,1.35201699,1.41578078
1.0639920000000112,1.35202659,1.41577695
1.1199920000000283,1.35215817,1.41566091
1.1759919999999993,1.35237208,1.41547037
1.2319920000000164,1.35263622,1.41523567
1.2879920000000336,1.35292541,1.41498039
1.3439920000000045,1.35322045,1.41472231
1.3999920000000217,1.35350733,1.41447422
1.4559919999999924,1.35377631,1.41424483
1.5119920000000098,1.35402118,1.41403946
1.567992000000027,1.35423849,1.41386086
1.6239919999999977,1.35442696,1.41370973
1.6799920000000148,1.35458688,1.41358536
1.7359920000000322,1.35471969,1.41348597
1.791992000000003,1.35482756,1.41340919
1.84799200000002,1.35491311,1.41335225
1.903991999999991,1.35497916,1.4133123
1.9599920000000082,1.35502856,1.41328646
1.9999760000000153,1.35505509,1.41327525
0.00557599999999386,1.35504826,1.41328428
0.016775999999997297,1.35503806,1.41329957
0.039176000000004166,1.35509656,1.41326104
0.08397600000001791,1.35586551,1.41260637
0.1399760000000351,1.35837896,1.4103769
0.19597600000000595,1.36265267,1.40645914
0.2519760000000231,1.36848197,1.4009141
0.2575760000000017,1.36915885,1.40025587
0.2687760000000051,1.37053418,1.39891345
0.291176000000012,1.37335537,1.39613499
0.33597600000002575,1.37892863,1.39058259
0.3919759999999966,1.3853516,1.38411864
0.44797600000001375,1.39095902,1.37844024
0.503976000000031,1.3957229,1.37359318
0.5599760000000018,1.39967728,1.36954996
0.615976000000019,1.40287995,1.36625706
0.6719759999999898,1.40540355,1.36364463
0.7279760000000071,1.40732948,1.36163362
0.7839760000000242,1.40874221,1.36014112
0.8399759999999951,1.40972487,1.35908516
0.8959760000000122,1.41035601,1.35838781
0.9519760000000294,1.41070739,1.35797763
1.0000240000000131,1.4108336,1.35780688
1.0056239999999916,1.41084865,1.35778714
1.016823999999995,1.4108726,1.35775464
1.039224000000002,1.41083212,1.35778864
1.0840240000000156,1.41010379,1.35857516
1.1400240000000328,1.40767278,1.3612002
1.1960240000000038,1.40346433,1.3656437
1.252024000000021,1.39757396,1.37166712
1.2576239999999994,1.3968791,1.37236393
1.2688240000000028,1.39546302,1.37377905
1.2912240000000097,1.3925353,1.37667925
1.3360240000000236,1.38668275,1.38240911
1.3920239999999944,1.37985387,1.38902405
1.4480240000000115,1.37383867,1.39481696
1.5040240000000287,1.36869696,1.39975884
1.5600239999999996,1.36440447,1.40387959
1.6160240000000168,1.36090574,1.40723281
1.672024000000034,1.3581287,1.40988992
1.728024000000005,1.35599101,1.41193218
1.784024000000022,1.35440582,1.41344494
1.8400239999999928,1.35328677,1.41451263
1.89602400000001,1.35255151,1.41521539
1.9520240000000273,1.35212427,1.41562668
1.5999999993054522e-05,1.3519526,1.41579611
0.005616000000017933,1.35193351,1.41581578
0.01681600000002137,1.35190252,1.4158489
0.03921600000002824,1.35194054,1.41582644
0.08401599999999566,1.35274077,1.4151373
0.14001600000001285,1.3554003,1.41276749
0.19601600000003003,1.35990331,1.40863571
0.25201600000000085,1.36601226,1.40283414
0.25761600000002577,1.3667191,1.40214867
0.2688160000000292,1.36815473,1.40075152
0.29121599999998976,1.37109828,1.39786251
0.3360160000000035,1.37691919,1.39208832
0.3920160000000207,1.38364549,1.38535192
0.44801599999999153,1.38953989,1.37941759
0.5040160000000087,1.3945698,1.37434148
0.5600160000000258,1.39876286,1.37009783
0.6160159999999967,1.402174,1.36663381
0.6720160000000139,1.40487597,1.36387934
0.7280160000000311,1.40695105,1.3617535
0.7840160000000019,1.40848592,1.3601712
0.8400160000000191,1.40956623,1.35904752
0.8960159999999899,1.4102735,1.35830159
0.9520160000000072,1.41068248,1.35785883
1.0000080000000193,1.41084541,1.35767091
1.0056079999999978,1.41086403,1.35764974
1.0168080000000013,1.41089486,1.3576146
1.0392080000000081,1.41086668,1.35764449
1.0840080000000218,1.41015772,1.35842688
1.1400079999999928,1.40774259,1.36105311
1.19600800000001,1.40354266,1.36550313
1.252008000000027,1.3976553,1.37153672
1.2576080000000056,1.39696046,1.37223471
1.268808000000009,1.39554437,1.37365224
1.291208000000016,1.3926162,1.37655745
1.3360080000000298,1.38676143,1.38229791
1.3920080000000006,1.37992787,1.38892659
1.4480080000000177,1.37390664,1.3947331
1.5040080000000349,1.36875821,1.39968793
1.5600080000000058,1.36445885,1.40382057
1.616008000000023,1.36095346,1.40718446
1.672007999999994,1.35817019,1.40985085
1.728008000000011,1.35602687,1.41190103
1.7840080000000282,1.35443674,1.41342037
1.840007999999999,1.35331344,1.41449337
1.8960080000000163,1.35257461,1.41520031
1.9520080000000335,1.35214444,1.41561477
1.9999999999999993,1.35197074,1.4157862
0.005600000000024155,1.35195143,1.41580607
0.01680000000002759,1.35192003,1.41583956
0.039200000000034464,1.35195729,1.41581776
0.08400000000000188,1.35275622,1.4151296
0.14000000000001905,1.35541446,1.41276047
0.1959999999999899,1.35991648,1.40862887
0.2520000000000071,1.36602465,1.4028271
0.25760000000003197,1.36673143,1.40214159
0.2688000000000354,1.36816693,1.40074436
0.29119999999999596,1.37111024,1.39785515
0.3360000000000097,1.37693074,1.39208047
0.3920000000000269,1.38365666,1.38534333
0.44799999999999773,1.38955081,1.37940821
0.5040000000000149,1.39458056,1.3743313
0.5600000000000321,1.39877354,1.37008687
0.616000000000003,1.40218466,1.36662212
0.6720000000000201,1.40488664,1.36386699
0.727999999999991,1.40696176,1.36174057
0.7840000000000081,1.40849668,1.36015776
0.8400000000000254,1.40957704,1.35903366
0.8959999999999962,1.41028438,1.35828736
0.9520000000000134,1.41069342,1.35784432
1.0080000000000306,1.41087093,1.35763782
1.0640000000000014,1.41087489,1.35760972
1.1200000000000185,1.41075452,1.35771053
1.1759999999999895,1.41055054,1.35789919
1.2320000000000066,1.41029582,1.35814243
1.2880000000000238,1.4100161,1.35841406
1.3439999999999948,1.40973098,1.35869408
1.400000000000012,1.40945467,1.35896781
1.456000000000029,1.40919701,1.35922503
1.5119999999999998,1.40896418,1.35945916
1.568000000000017,1.40875954,1.35966649
1.6240000000000343,1.40858422,1.35984557
1.680000000000005,1.40843778,1.35999658
1.7360000000000222,1.40831856,1.36012089
1.7919999999999932,1.40822423,1.36022066
1.8480000000000103,1.40815197,1.36029851
1.9040000000000274,1.40809882,1.36035726
1.9599999999999984,1.40806178,1.36039978
1.9999840000000055,1.4080437,1.36042167
0.005584000000030377,1.40805181,1.3604142
0.016784000000033814,1.40806522,1.36040276
0.03918399999999436,1.40802244,1.3604593
0.08398400000000811,1.40735331,1.36122393
0.13998400000002528,1.40508898,1.36372291
0.19598399999999613,1.40111682,1.36796408
0.2519840000000133,1.39550219,1.37373947
0.2575839999999919,1.39483633,1.37440968
0.2687839999999953,1.39347847,1.37577129
0.29118400000000216,1.39066803,1.37856292
0.33598400000001594,1.38504969,1.38407346
0.3919840000000331,1.37850496,1.3904187
0.44798400000000393,1.37275561,1.39595633
0.5039840000000211,1.36785489,1.40066449
0.559983999999992,1.36377495,1.4045772
0.6159840000000092,1.36045898,1.40774989
0.6719840000000263,1.35783524,1.41025403
0.7279839999999972,1.35582293,1.41216972
0.7839840000000143,1.35433755,1.4135803
0.8399840000000316,1.35329551,1.41456768
0.8959840000000024,1.3526175,1.41520924
0.9519840000000196,1.35223072,1.41557565
1.0079839999999904,1.3520702,1.4157297
1.0639840000000076,1.35207954,1.41572567
1.1199840000000247,1.35221085,1.41560941
1.1759839999999957,1.35242448,1.41541865
1.2319840000000128,1.35268834,1.41518372
1.28798400000003,1.35297726,1.41492821
1.343984000000001,1.35327205,1.4146699
1.399984000000018,1.35355868,1.4144216
1.4559840000000353,1.35382743,1.41419201
1.511984000000006,1.35407208,1.41398645
1.5679840000000234,1.35428919,1.41380767
1.623983999999994,1.35447748,1.41365639
1.6799840000000112,1.35463724,1.41353187
1.7359840000000284,1.3547699,1.41343235
1.7919839999999994,1.35487764,1.41335545
1.8479840000000165,1.35496308,1.41329842
1.9039840000000336,1.35502903,1.41325838
1.9599840000000046,1.35507834,1.41323247
2.40000000295708e-05,1.35510484,1.4132212
0.005624000000008128,1.355098,1.41323022
0.016824000000011562,1.35508779,1.4132455
0.03922400000001843,1.35514626,1.41320695
0.08402400000003218,1.35591517,1.41255215
0.14002400000000303,1.35842849,1.41032234
0.1960240000000202,1.36270191,1.40640403
0.2520239999999911,1.36853072,1.40085827
0.25762400000001595,1.36920754,1.40019996
0.2688240000000194,1.37058275,1.39885739
0.29122400000002624,1.37340368,1.39607859
0.33602399999999366,1.37897636,1.39052551
0.39202400000001086,1.38539864,1.38406076
0.448024000000028,1.39100546,1.37838168
0.5040239999999989,1.39576887,1.37353409
0.5600240000000161,1.39972289,1.36949048
0.6160240000000332,1.4029253,1.36619733
0.6720240000000041,1.40544874,1.36358476
0.7280240000000213,1.4073746,1.36157373
0.7840239999999922,1.40878734,1.36008128
0.8400240000000093,1.40977007,1.35902545
0.8960240000000265,1.41040133,1.35832828
0.9520239999999973,1.41075288,1.35791832
1.0080240000000145,1.41088852,1.35773174
1.0640240000000316,1.41086347,1.35771312
1.1200240000000026,1.41072443,1.35781536
1.1760240000000197,1.41050987,1.35799953
1.2320239999999907,1.41025073,1.35823413
1.2880240000000078,1.40997112,1.35849446
1.344024000000025,1.40968926,1.35876172
1.4000239999999957,1.40941828,1.35902215
1.456024000000013,1.40916715,1.35926625
1.5120240000000302,1.40894139,1.35948792
1.568024000000001,1.40874387,1.35968381
1.6240240000000181,1.40857538,1.35985267
1.6800240000000353,1.40843524,1.35999477
1.7360240000000062,1.40832168,1.36011151
1.7920240000000234,1.40823227,1.36020499
1.8480239999999943,1.40816422,1.36027777
1.9040240000000115,1.40811456,1.36033253
1.9600240000000286,1.40808037,1.36037204
7.999999989470377e-06,1.40806395,1.3603923
0.005608000000014349,1.40807227,1.36038463
0.016808000000017784,1.40808609,1.36037282
0.039208000000024654,1.40804406,1.36042869
0.08400799999999208,1.40737625,1.36119231
0.14000800000000926,1.40511329,1.36369054
0.19600800000002644,1.40114226,1.36793149
0.2520079999999973,1.39552854,1.37370711
0.25760800000002215,1.39486276,1.37437737
0.2688080000000256,1.39350507,1.37573908
0.2912080000000325,1.39069492,1.37853094
0.3360079999999999,1.38507711,1.38404207
0.39200800000001707,1.3785329,1.39038816
0.44800800000003427,1.37278391,1.39592668
0.5040080000000051,1.36788342,1.40063572
0.5600080000000223,1.3638036,1.40454926
0.6160079999999931,1.36048765,1.40772272
0.6720080000000104,1.35786388,1.41022754
0.7280080000000275,1.35585149,1.41214382
0.7840079999999984,1.35436599,1.4135549
0.8400080000000155,1.35332382,1.41454269
0.8960080000000327,1.35264566,1.41518458
0.9520080000000035,1.35225873,1.41555123
1.0080080000000207,1.35209806,1.41570547
1.0640079999999916,1.35210725,1.41570157
1.1200080000000088,1.35223842,1.41558537
1.176008000000026,1.35245191,1.41539464
1.2320079999999969,1.35271564,1.41515971
1.288008000000014,1.35300443,1.41490416
1.3440080000000312,1.3532991,1.4146458
1.400008000000002,1.35358562,1.41439743
1.4560080000000193,1.35385427,1.41416775
1.51200799999999,1.35409882,1.41396211
1.5680080000000072,1.35431584,1.41378325
1.6240080000000243,1.35450405,1.41363187
1.6800079999999953,1.35466373,1.41350727
1.7360080000000124,1.35479633,1.41340767
1.7920080000000296,1.354904,1.4133307
1.8480080000000005,1.35498939,1.4132736
1.9040080000000177,1.35505528,1.41323349
1.9600080000000348,1.35510455,1.41320753
1.9999919999999958,1.35513099,1.41319623
0.005592000000020571,1.35512414,1.41320526
0.016792000000024006,1.35511392,1.41322052
0.039192000000030876,1.35517239,1.41318194
0.0839919999999983,1.35594128,1.41252706
0.13999200000001547,1.35845453,1.41029706
0.19599200000003267,1.36272781,1.40637847
0.2519920000000035,1.36855636,1.40083235
0.2575920000000284,1.36923315,1.400174
0.26879200000003184,1.37060829,1.39883135
0.2911919999999924,1.37342908,1.39605239
0.3359920000000061,1.37900147,1.39049898
0.3919920000000233,1.38542338,1.38403384
0.4479919999999942,1.39102988,1.37835443
0.5039920000000113,1.39579303,1.37350657
0.5599920000000285,1.39974685,1.36946277
0.6159919999999993,1.40294913,1.3661695
0.6719920000000166,1.40547247,1.36355687
0.7279920000000337,1.40739828,1.36154581
0.7839920000000046,1.40881101,1.36005339
0.8399920000000217,1.40979376,1.35899762
0.8959919999999926,1.41042507,1.35830054
0.9519920000000098,1.41077669,1.35789068
1.0079920000000269,1.41091242,1.35770423
1.0639919999999978,1.41088747,1.35768573
1.119992000000015,1.41074854,1.35778811
1.1759920000000321,1.4105341,1.35797242
1.231992000000003,1.41027507,1.35820716
1.2879920000000202,1.40999558,1.35846764
1.343991999999991,1.40971383,1.35873502
1.3999920000000083,1.40944296,1.35899559
1.4559920000000255,1.40919193,1.3592398
1.5119919999999962,1.40896627,1.35946158
1.5679920000000134,1.40876884,1.35965758
1.6239920000000307,1.40860044,1.35982653
1.6799920000000015,1.40846037,1.35996871
1.7359920000000186,1.40834688,1.36008553
1.7919919999999896,1.40825754,1.36017909
1.8479920000000067,1.40818953,1.36025192
1.9039920000000239,1.40813992,1.36030674
1.9599919999999948,1.40810577,1.36034629
0.015992000000011924,1.4080843,1.3603732
0.0719920000000291,1.40807295,1.3603899
0.12799199999999997,1.40806944,1.36039857
0.18399200000001714,1.40807178,1.36040112
0.23999200000003432,1.4080783,1.36039918
0.2959920000000052,1.4080876,1.36039411
0.35199200000002234,1.40809855,1.36038702
0.4079919999999932,1.40811027,1.36037879
0.4639920000000104,1.4081221,1.36037007
0.5199920000000275,1.40813354,1.36036139
0.5759919999999984,1.40814427,1.36035307
0.6319920000000155,1.40815406,1.36034536
0.6879920000000328,1.40816282,1.36033839
0.7439920000000037,1.40817049,1.36033222
0.7999920000000208,1.4081771,1.36032686
0.8559919999999916,1.40818271,1.36032228
0.9119920000000088,1.40818741,1.36031841
0.967992000000026,1.40819129,1.36031519
1.023991999999997,1.40819446,1.36031252
1.079992000000014,1.40819703,1.36031032
1.1359920000000312,1.4081991,1.36030851
1.1919920000000022,1.40820077,1.36030701
1.2479920000000193,1.40820211,1.36030575
1.30399199999999,1.40820321,1.36030467
1.3599920000000072,1.40820413,1.36030372
1.4159920000000246,1.40820492,1.36030286
1.4719919999999953,1.40820563,1.36030205
1.5279920000000125,1.4082063,1.36030126
1.5839920000000296,1.40820694,1.36030048
1.6399920000000006,1.40820758,1.36029969
1.6959920000000177,1.40820824,1.36029887
1.7519920000000349,1.40820893,1.36029803
1.8079920000000058,1.40820964,1.36029716
1.863992000000023,1.40821039,1.36029626
1.9199919999999937,1.40821118,1.36029532
1.975992000000011,1.408212,1.36029436
0.03199200000002815,1.40821285,1.36029337
0.087991999999999,1.40821374,1.36029236
0.1439920000000162,1.40821465,1.36029133
0.19999200000003337,1.40821558,1.36029029
0.2559920000000042,1.40821653,1.36028923
0.3119920000000214,1.4082175,1.36028817
0.36799199999999227,1.40821848,1.36028709
0.4239920000000094,1.40821948,1.36028602
0.4799920000000266,1.40822048,1.36028494
0.5359919999999975,1.40822149,1.36028386
0.5919920000000146,1.40822251,1.36028277
0.6479920000000319,1.40822353,1.36028169
0.7039920000000027,1.40822455,1.36028061
0.7599920000000199,1.40822557,1.36027953
0.8159919999999907,1.4082266,1.36027846
0.8719920000000079,1.40822762,1.36027738
0.927992000000025,1.40822865,1.36027631
0.983991999999996,1.40822967,1.36027524
1.0399920000000131,1.40823069,1.36027417
1.0959920000000303,1.40823172,1.3602731
1.1519920000000012,1.40823274,1.36027204
1.2079920000000184,1.40823376,1.36027098
1.2639920000000355,1.40823478,1.36026991
1.3199920000000063,1.40823581,1.36026885
1.3759920000000236,1.40823683,1.36026779
1.4319919999999944,1.40823785,1.36026673
1.4879920000000115,1.40823887,1.36026567
1.5439920000000287,1.40823989,1.36026461
1.5999919999999996,1.40824091,1.36026355
1.6559920000000168,1.40824192,1.3602625
1.711992000000034,1.40824294,1.36026144
1.767992000000005,1.40824396,1.36026038
1.823992000000022,1.40824498,1.36025932
1.8799919999999928,1.408246,1.36025826
1.93599200000001,1.40824702,1.36025721
1.9919920000000273,1.40824804,1.36025615
0.04799199999999806,1.40824905,1.36025509
0.10399200000001524,1.40825007,1.36025404
0.1599920000000324,1.40825109,1.36025298
0.21599200000000326,1.40825211,1.36025192
0.27199200000002044,1.40825312,1.36025086
0.3279919999999913,1.40825414,1.36024981
0.3839920000000085,1.40825516,1.36024875
0.43999200000002564,1.40825618,1.3602477
0.49599199999999655,1.40825719,1.36024664
0.5519920000000137,1.40825821,1.36024558
0.6079920000000308,1.40825923,1.36024453
0.6639920000000017,1.40826025,1.36024347
0.719992000000019,1.40826126,1.36024242
0.7759919999999898,1.40826228,1.36024136
0.831992000000007,1.4082633,1.36024031
0.8879920000000241,1.40826431,1.36023925
0.943991999999995,1.40826533,1.3602382
0.9999920000000122,1.40826635,1.36023714
1.0055919999999907,1.40827654,1.36022705
1.0167919999999941,1.40829392,1.36021061
1.039192000000001,1.40825784,1.3602584
1.0839920000000147,1.40759792,1.36101007
1.1399920000000319,1.40533873,1.36350023
1.1959920000000028,1.40136644,1.36773929
1.25199200000002,1.39574796,1.3735177
1.2575919999999985,1.39508154,1.37418847
1.268792000000002,1.39372253,1.37555126
1.2911920000000088,1.39090953,1.37834562
1.3359920000000225,1.38528536,1.38386274
1.3919919999999935,1.3787323,1.39021745
1.4479920000000106,1.37297393,1.39576502
1.5039920000000278,1.368064,1.40048295
1.5599919999999987,1.36397505,1.40440483
1.6159920000000159,1.36065057,1.40758582
1.671992000000033,1.35801902,1.41009723
1.727992000000004,1.35599972,1.4120191
1.7839920000000211,1.3545082,1.41343477
1.8399919999999919,1.35346087,1.41442621
1.895992000000009,1.35277836,1.41507089
1.9519920000000262,1.35238787,1.41543955
0.007991999999997113,1.35222434,1.4155951
0.06399200000001429,1.35223123,1.41559198
0.11999200000003146,1.35236056,1.41547614
0.1759920000000023,1.35257262,1.41528542
0.23199200000001952,1.35283528,1.41505021
0.28799199999999037,1.35312327,1.4147942
0.3439920000000075,1.35341737,1.41453525
0.3999920000000247,1.35370349,1.4142862
0.45599199999999557,1.35397186,1.41405581
0.5119920000000128,1.35421624,1.41384945
0.5679920000000299,1.35443315,1.41366989
0.6239920000000008,1.3546213,1.41351787
0.6799920000000179,1.35478095,1.41339266
0.7359920000000352,1.35491353,1.41329252
0.791992000000006,1.3550212,1.41321507
0.8479920000000232,1.35510658,1.41315755
0.903991999999994,1.35517247,1.4131171
0.9599920000000112,1.35522173,1.41309084
0.9999760000000184,1.35524816,1.41307937
1.005575999999997,1.35524131,1.41308837
1.0167760000000003,1.35523109,1.41310359
1.0391760000000072,1.35528957,1.4130649
1.083976000000021,1.35605846,1.41240966
1.1399759999999919,1.35857153,1.41017884
1.195976000000009,1.36284422,1.40625898
1.2519760000000262,1.36867171,1.40071124
1.2575760000000047,1.36934837,1.40005272
1.2687760000000081,1.37072323,1.39870971
1.291176000000015,1.37354341,1.39593001
1.3359760000000287,1.3791145,1.39037508
1.3919759999999997,1.38553483,1.38390816
1.4479760000000168,1.39113995,1.37822724
1.503976000000034,1.39590198,1.37337822
1.559976000000005,1.39985494,1.36933358
1.615976000000022,1.4030566,1.36603976
1.6719759999999928,1.40557955,1.36342685
1.7279760000000102,1.40750516,1.36141574
1.7839760000000273,1.40891786,1.35992345
1.839975999999998,1.40990074,1.35886796
1.8959760000000152,1.41053229,1.3581713
1.9519760000000326,1.41088425,1.35776195
0.007976000000003335,1.4110204,1.35757606
0.06397600000002052,1.41099593,1.35755819
0.11997599999999137,1.41085751,1.35766122
0.17597600000000854,1.4106436,1.35784618
0.23197600000002572,1.41038512,1.35808158
0.28797599999999657,1.41010616,1.3583427
0.34397600000001377,1.40982494,1.3586107
0.3999760000000309,1.40955458,1.35887185
0.45597600000000177,1.40930403,1.35911662
0.511976000000019,1.40907882,1.35933892
0.5679759999999898,1.40888181,1.35953539
0.623976000000007,1.40871379,1.35970478
0.6799760000000242,1.40857408,1.35984736
0.7359759999999951,1.4084609,1.35996454
0.7919760000000122,1.40837184,1.36005842
0.8479760000000294,1.40830409,1.36013154
0.9039760000000002,1.40825469,1.36018661
0.9599760000000175,1.40822073,1.36022639
1.0159760000000346,1.40819942,1.36025349
1.0719760000000054,1.40818821,1.36027036
1.1279760000000227,1.40818481,1.36027917
1.1839759999999935,1.40818724,1.36028184
1.2399760000000106,1.40819384,1.36028001
1.2959760000000278,1.40820319,1.36027503
1.3519759999999987,1.40821419,1.36026802
1.4079760000000159,1.40822594,1.36025985
1.463976000000033,1.40823779,1.36025119
1.519976000000004,1.40824925,1.36024254
1.5759760000000211,1.40825998,1.36023427
1.6319759999999919,1.40826977,1.36022659
1.6879760000000092,1.40827852,1.36021964
1.7439760000000264,1.40828618,1.3602135
1.7999759999999971,1.40829278,1.36020816
1.8559760000000143,1.40829837,1.36020359
1.9119760000000314,1.40830305,1.36019974
1.9679760000000024,1.40830692,1.36019653
8.000000022402505e-06,1.4083088,1.36019495
0.0056080000000009594,1.4083192,1.36018471
0.016808000000004396,1.40833696,1.36016798
0.03920800000001127,1.4083016,1.36021523
0.08400800000002501,1.40764289,1.36096606
0.14000799999999586,1.40538493,1.36345558
0.19600800000001303,1.40141363,1.36769446
0.2520080000000302,1.39579595,1.3734731
0.2576080000000088,1.3951296,1.37414392
0.2688080000000122,1.39377073,1.3755068
0.29120800000001906,1.39095799,1.3783014
0.33600800000003284,1.38533427,1.38381908
0.3920080000000037,1.37878162,1.39017456
0.4480080000000209,1.37302347,1.3957229
0.5040079999999917,1.36811358,1.40044154
0.5600080000000089,1.36402454,1.40436403
0.6160080000000261,1.36069985,1.40754555
0.6720079999999969,1.35806802,1.41005738
0.7280080000000141,1.35604838,1.41197957
0.7840080000000312,1.35455648,1.41339547
0.8400080000000022,1.35350876,1.41438705
0.8960080000000193,1.35282585,1.4150318
0.9520079999999902,1.35243496,1.41540045
1.0080080000000073,1.35227105,1.41555595
1.0640080000000245,1.35227756,1.41555273
1.1200079999999955,1.35240654,1.41543676
1.1760080000000126,1.35261827,1.41524588
1.2320080000000297,1.35288061,1.4150105
1.2880080000000007,1.35316832,1.4147543
1.3440080000000179,1.35346214,1.41449515
1.400008000000035,1.35374803,1.41424591
1.4560080000000057,1.35401618,1.41401534
1.512008000000023,1.35426036,1.4138088
1.5680079999999939,1.3544771,1.41362907
1.624008000000011,1.35466508,1.41347689
1.6800080000000281,1.35482459,1.41335154
1.736007999999999,1.35495704,1.41325127
1.7920080000000163,1.3550646,1.41317371
1.8480080000000334,1.35514988,1.41311609
1.9040080000000044,1.35521568,1.41307554
1.9600080000000215,1.35526487,1.41304921
1.9999920000000286,1.35529125,1.41303769
0.005592000000007181,1.3552844,1.41304668
0.016792000000010618,1.35527416,1.41306189
0.03919200000001749,1.35533262,1.41302317
0.08399200000003124,1.35610149,1.41236781
0.1399920000000021,1.35861444,1.41013671
0.19599200000001926,1.36288688,1.40621639
0.2519919999999901,1.36871396,1.40066809
0.257592000000015,1.36939056,1.4000095
0.26879200000001846,1.37076532,1.39866636
0.2911920000000253,1.37358527,1.3958864
0.33599199999999274,1.37915587,1.39033093
0.3919920000000099,1.38557561,1.38386336
0.4479920000000271,1.39118022,1.3781819
0.5039919999999979,1.39594183,1.37333245
0.5599920000000151,1.39989447,1.36928751
0.6159920000000323,1.4030959,1.36599349
0.6719920000000031,1.4056187,1.36338047
0.7279920000000203,1.40754424,1.36136934
0.7839919999999911,1.40895693,1.35987709
0.8399920000000084,1.40993985,1.3588217
0.8959920000000255,1.41057149,1.35812518
0.9519919999999964,1.41092358,1.35771601
1.0079920000000135,1.41105987,1.35753033
1.0639920000000307,1.41103557,1.35751268
1.1199920000000017,1.41089734,1.35761594
1.1759920000000188,1.41068362,1.35780114
1.231992000000036,1.41042533,1.35803677
1.287992000000007,1.41014657,1.35829811
1.343992000000024,1.40986554,1.35856633
1.3999919999999948,1.40959536,1.3588277
1.455992000000012,1.40934498,1.35907266
1.5119920000000293,1.40911993,1.35929515
1.567992,1.40892308,1.35949179
1.6239920000000172,1.4087552,1.35966133
1.6799920000000343,1.40861561,1.35980406
1.7359920000000053,1.40850254,1.35992137
1.7919920000000225,1.40841358,1.36001536
1.8479919999999934,1.40834592,1.36008858
1.9039920000000106,1.4082966,1.36014375
1.9599920000000277,1.4082627,1.3601836
1.9999760000000348,1.40824647,1.36020408
0.005576000000013403,1.40825481,1.36019644
0.01677600000001684,1.40826868,1.36018469
0.03917600000002371,1.40822678,1.36024066
0.08397599999999113,1.40755941,1.36100447
0.13997600000000832,1.40529758,1.36350327
0.1959760000000255,1.40132833,1.36774543
0.25197599999999637,1.39571693,1.37352301
0.25757600000002123,1.3950514,1.37419351
0.26877600000002466,1.39369422,1.37555571
0.2911760000000315,1.39088514,1.37834864
0.33597599999999894,1.38526954,1.38386202
0.39197600000001614,1.37872795,1.39021085
0.4479760000000333,1.37298118,1.39575174
0.5039760000000042,1.36808242,1.40046273
0.5599760000000213,1.36400383,1.40437779
0.6159759999999922,1.36068867,1.40755235
0.6719760000000093,1.35806528,1.4100579
0.7279760000000266,1.35605295,1.41197458
0.7839759999999975,1.35456723,1.41338578
0.8399760000000146,1.35352461,1.41437344
0.8959760000000317,1.3528458,1.41501499
0.9519760000000026,1.3524581,1.41538113
1.0000240000000327,1.35230898,1.41552274
1.0056240000000112,1.35229189,1.41553978
1.0168240000000146,1.35226468,1.41556782
1.0392240000000215,1.35230903,1.41553642
1.0840240000000352,1.35311744,1.41483342
1.1400240000000061,1.35577978,1.41245233
1.1960240000000233,1.36027878,1.40831422
1.2520239999999943,1.36637843,1.40250987
1.257624000000019,1.36708409,1.4018243
1.2688240000000224,1.36851727,1.40042699
1.2912240000000292,1.37145555,1.39753789
1.3360239999999968,1.37726491,1.39176438
1.392024000000014,1.38397592,1.38503027
1.448024000000031,1.38985513,1.37909954
1.504024000000002,1.39487067,1.37402789
1.5600240000000192,1.39905058,1.36978915
1.61602399999999,1.40245005,1.36633017
1.6720240000000073,1.40514193,1.36358063
1.7280240000000244,1.40720851,1.36145945
1.7840239999999952,1.40873643,1.35988144
1.8400240000000123,1.40981123,1.35876162
1.8960240000000295,1.4105143,1.35801911
1.9520240000000004,1.41092022,1.35757936
1.6000000012596663e-05,1.41108134,1.35739369
0.005615999999991153,1.41109979,1.35737277
0.01681599999999459,1.41113032,1.35733811
0.03921600000000146,1.41110166,1.35736889
0.0840160000000152,1.41039238,1.35815295
0.1400160000000324,1.40797823,1.3607815
0.19601600000000324,1.40378073,1.36523452
0.2520160000000204,1.39789693,1.37127196
0.25761599999999896,1.3972025,1.37197039
0.2688160000000024,1.39578724,1.37338881
0.2912160000000093,1.39286082,1.3762959
0.336016000000023,1.38700976,1.38204022
0.39201599999999387,1.3801808,1.38867351
0.44801600000001107,1.37416374,1.39448405
0.5040160000000282,1.36901887,1.39944221
0.5600159999999991,1.36472239,1.40357754
0.6160160000000162,1.36121924,1.4069435
0.6720160000000335,1.35843764,1.40961141
0.7280160000000043,1.35629544,1.4116626
0.7840160000000215,1.35470597,1.41318252
0.8400159999999923,1.35358292,1.41425574
0.8960160000000095,1.35284399,1.41496258
0.9520160000000267,1.35241344,1.4153767
1.0000079999999925,1.35223921,1.41554767
1.0056080000000174,1.35221983,1.41556748
1.0168080000000208,1.35218829,1.41560082
1.0392080000000277,1.35222526,1.4155787
1.0840079999999952,1.35302354,1.41488949
1.1400080000000123,1.35568043,1.41251807
1.1960080000000295,1.36018016,1.40838308
1.2520080000000005,1.36628496,1.40257706
1.2576080000000252,1.36699134,1.40189109
1.2688080000000286,1.36842602,1.40049292
1.2912080000000357,1.37136759,1.39760179
1.336008000000003,1.37718441,1.39182316
1.3920080000000201,1.38390585,1.3850813
1.448007999999991,1.389796,1.37914205
1.5040080000000082,1.39482236,1.37406173
1.5600080000000254,1.39901257,1.36981462
1.6160079999999961,1.40242152,1.36634788
1.6720080000000135,1.40512187,1.36359136
1.7280080000000306,1.40719586,1.36146408
1.7840080000000014,1.40873009,1.3598809
1.8400080000000185,1.40981014,1.3587568
1.8960080000000359,1.4105175,1.35801084
1.9520080000000066,1.41092682,1.3575684
0.008008000000023822,1.41110484,1.35736271
0.06400799999999468,1.41110947,1.35733557
0.12000800000001186,1.41098992,1.35743745
0.17600800000002903,1.41078683,1.35762725
0.23200799999999988,1.41053307,1.35787167
0.2880080000000171,1.41025434,1.35814449
0.34400800000003423,1.4099702,1.35842567
0.4000080000000051,1.40969487,1.35870054
0.4560080000000223,1.40943815,1.35895886
0.5120079999999931,1.40920623,1.35919402
0.5680080000000103,1.40900244,1.35940233
0.6240080000000275,1.40882792,1.35958231
0.6800079999999984,1.4086822,1.35973414
0.7360080000000155,1.40856365,1.35985922
0.7920080000000327,1.40846992,1.35995968
0.8480080000000035,1.4083982,1.36003814
0.9040080000000208,1.40834553,1.36009745
0.9600079999999916,1.40830891,1.36014046
1.0160080000000087,1.40828551,1.36016994
1.072008000000026,1.40827268,1.36018847
1.1280079999999968,1.4082681,1.36019833
1.184008000000014,1.40826969,1.36020158
1.240008000000031,1.40827571,1.36019995
1.296008000000002,1.4082847,1.36019488
1.3520080000000192,1.40829551,1.36018757
1.4080079999999902,1.40830719,1.36017896
1.4640080000000073,1.40831904,1.36016978
1.5200080000000245,1.40833055,1.36016057
1.5760079999999952,1.40834137,1.3601517
1.6320080000000126,1.40835127,1.36014346
1.6880080000000297,1.40836012,1.36013597
1.7440080000000004,1.40836787,1.36012933
1.8000080000000176,1.40837455,1.36012355
1.8560080000000347,1.40838021,1.36011859
1.9120080000000057,1.40838494,1.3601144
1.9680080000000229,1.40838883,1.3601109
1.999984000000025,1.40839072,1.36010918
0.0055840000000035965,1.40840112,1.36009892
0.016784000000007033,1.40841889,1.36008215
0.0391840000000139,1.40838355,1.36012931
0.08398400000002765,1.40772497,1.36087998
0.1399839999999985,1.40546743,1.36336951
0.19598400000001567,1.40149686,1.36760874
0.25198400000003285,1.39588016,1.37338812
0.2575840000000114,1.39521392,1.37405904
0.26878400000001484,1.39385526,1.37542212
0.2911840000000217,1.39104298,1.37821716
0.3359840000000355,1.38542021,1.38373579
0.3919840000000063,1.37886868,1.39009245
0.4479840000000235,1.37311149,1.39564182
0.5039839999999943,1.36820235,1.40036132
0.5599840000000116,1.36411382,1.4042845
0.6159840000000287,1.36078947,1.40746651
0.6719839999999996,1.3581578,1.40997868
0.7279840000000167,1.35613817,1.41190108
0.7839840000000339,1.35464616,1.41331705
0.8399840000000047,1.35359823,1.41430859
0.895984000000022,1.35291503,1.41495321
0.9519839999999928,1.35252379,1.41532166
1.00798400000001,1.35235948,1.41547691
1.0639840000000271,1.35236557,1.41547338
1.119983999999998,1.35249409,1.41535708
1.1759840000000152,1.35270537,1.41516585
1.2319840000000324,1.35296726,1.41493011
1.2879840000000033,1.35325453,1.41467355
1.3439840000000205,1.35354794,1.41441405
1.3999839999999912,1.35383341,1.41416447
1.4559840000000084,1.35410119,1.41393357
1.5119840000000255,1.35434502,1.41372672
1.5679839999999965,1.35456143,1.41354671
1.6239840000000136,1.35474911,1.41339426
1.6799840000000308,1.35490835,1.41326868
1.7359840000000017,1.35504056,1.4131682
1.791984000000019,1.3551479,1.41309044
1.847984000000036,1.35523299,1.41303265
1.903984000000007,1.35529862,1.41299196
1.9599840000000242,1.35534766,1.4129655
2.4000000002790825e-05,1.35537398,1.41295389
0.005624000000027669,1.35536712,1.41296287
0.016824000000031106,1.35535685,1.41297806
0.039223999999991654,1.35541527,1.41293929
0.0840240000000054,1.35618406,1.41228373
0.14002400000002257,1.3586968,1.41005207
0.19602399999999343,1.36296875,1.40613088
0.25202400000001063,1.36879502,1.40058144
0.2576240000000355,1.36947153,1.39992273
0.2688239999999926,1.37084608,1.39857934
0.2912239999999995,1.37366559,1.39579885
0.3360240000000132,1.37923524,1.39024231
0.3920240000000304,1.38565383,1.38377348
0.44802400000000125,1.39125745,1.37809094
0.5040240000000185,1.39601826,1.37324065
0.5600240000000356,1.39997029,1.3691951
0.6160240000000065,1.40317128,1.36590068
0.6720240000000236,1.40569381,1.36328745
0.7280239999999945,1.40761921,1.36127626
0.7840240000000117,1.4090319,1.35978411
0.8400240000000289,1.41001491,1.35872891
0.8960239999999997,1.41064673,1.35803267
0.9520240000000169,1.41099906,1.35762386
1.000016000000029,1.41112617,1.35745457
1.0056160000000076,1.41114137,1.35743498
1.016816000000011,1.41116561,1.35740277
1.039216000000018,1.41112576,1.35743736
1.0840160000000316,1.4103991,1.35822517
1.1400160000000026,1.40797124,1.36085253
1.1960160000000197,1.40376714,1.36529958
1.2520159999999905,1.39788206,1.37132792
1.2576160000000154,1.39718776,1.3720253
1.2688160000000188,1.39577283,1.37344159
1.2912160000000257,1.39284746,1.37634426
1.3360159999999932,1.38699976,1.38207928
1.3920160000000104,1.38017667,1.38870048
1.4480160000000275,1.37416654,1.39449898
1.5040159999999985,1.36902899,1.39944561
1.5600160000000156,1.36473974,1.40357025
1.6160160000000328,1.36124343,1.40692657
1.6720160000000035,1.35846804,1.40958602
1.7280160000000209,1.35633133,1.41162995
1.7840159999999916,1.35474657,1.41314379
1.8400160000000088,1.35362746,1.41421202
1.896016000000026,1.35289175,1.41491488
1.9520159999999969,1.35246372,1.41532591
8.000000009012518e-06,1.35229119,1.41549486
0.005608000000033891,1.35227198,1.41551447
0.016807999999991004,1.35224076,1.41554743
0.039207999999997876,1.35227833,1.4155246
0.08400800000001162,1.35307759,1.41483419
0.1400080000000288,1.35573525,1.41246153
0.19600799999999965,1.36023524,1.40832549
0.25200800000001683,1.36633983,1.40251858
0.2576079999999954,1.36704616,1.40183252
0.2688079999999988,1.36848074,1.4004342
0.2912080000000057,1.37142206,1.39754275
0.33600800000001946,1.37723827,1.39176357
0.3920079999999903,1.38395887,1.38502118
0.44800800000000746,1.38984818,1.3790816
0.5040080000000247,1.39487379,1.37400116
0.5600079999999955,1.39906334,1.36975409
0.6160080000000127,1.40247173,1.36628751
0.6720080000000299,1.40517165,1.36353125
0.7280080000000008,1.4072453,1.3614043
0.7840080000000179,1.4087793,1.3598215
0.8400080000000351,1.40985922,1.35869781
0.8960080000000059,1.41056652,1.35795228
0.9520080000000231,1.41097586,1.35751026
1.008007999999994,1.41115396,1.35730499
1.0640080000000112,1.41115872,1.35727826
1.1200080000000283,1.41103933,1.35738054
1.1760079999999993,1.41083644,1.35757071
1.2320080000000164,1.41058288,1.35781548
1.2880080000000336,1.41030438,1.35808862
1.3440080000000043,1.41002047,1.3583701
1.4000080000000217,1.40974536,1.35864525
1.4560079999999924,1.40948886,1.35890381
1.5120080000000096,1.40925714,1.35913921
1.5680080000000267,1.40905355,1.35934772
1.6240079999999977,1.40887921,1.35952788
1.6800080000000148,1.40873365,1.35967989
1.736008000000032,1.40861525,1.35980511
1.792008000000003,1.40852165,1.3599057
1.84800800000002,1.40845005,1.35998428
1.9040079999999908,1.40839748,1.36004369
1.960008000000008,1.40836095,1.36008679
1.9999920000000153,1.40834318,1.36010905
0.005591999999993791,1.40835133,1.36010162
0.016791999999997226,1.40836483,1.36009028
0.0391920000000041,1.40832226,1.36014698
0.08399200000001784,1.40765388,1.36091196
0.139992000000035,1.40539143,1.3634119
0.19599200000000588,1.40142226,1.36765507
0.25199200000002303,1.39581145,1.37343371
0.2575920000000016,1.39514601,1.37410433
0.268792000000005,1.39378901,1.37546675
0.29119200000001194,1.39098033,1.37826015
0.33599200000002566,1.38536565,1.38377444
0.3919919999999965,1.37882526,1.39012422
0.4479920000000137,1.37307959,1.39566581
0.5039920000000309,1.36818173,1.4003772
0.5599920000000017,1.36410384,1.40429243
0.6159920000000189,1.36078917,1.40746697
0.6719920000000361,1.35816609,1.40997234
0.727992000000007,1.35615389,1.41188871
0.7839920000000241,1.35466815,1.41329949
0.839991999999995,1.35362536,1.41428667
0.8959920000000121,1.35294629,1.41492769
0.9519920000000294,1.35255824,1.41529327
0.9999839999999952,1.35240885,1.41543429
1.00558400000002,1.3523917,1.41545128
1.0167840000000234,1.35236437,1.41547924
1.0391840000000303,1.35240848,1.41544764
1.0839839999999978,1.35321642,1.41474411
1.139984000000015,1.35587803,1.412362
1.1959840000000321,1.36037598,1.40822247
1.251984000000003,1.36647424,1.4024164
1.2575840000000278,1.36717973,1.40173064
1.2687840000000312,1.36861259,1.40033296
1.291183999999992,1.37155018,1.3974431
1.3359840000000056,1.3773581,1.39166803
1.3919840000000228,1.38406738,1.38493205
1.4479839999999937,1.38994506,1.37899969
1.5039840000000109,1.39495932,1.3739267
1.559984000000028,1.39913819,1.3696869
1.6159839999999988,1.40253686,1.36622714
1.6719840000000161,1.40522814,1.36347704
1.7279840000000333,1.40729431,1.36135551
1.783984000000004,1.408822,1.35977734
1.8399840000000212,1.40989669,1.35865752
1.8959839999999921,1.41059979,1.35791514
1.9519840000000093,1.41100584,1.35747561
1.9999760000000215,1.41116714,1.3572902
0.005576000000000012,1.41118562,1.35726932
0.016776000000003448,1.4112162,1.35723472
0.03917600000001032,1.41118766,1.35726564
0.08397600000002406,1.41047876,1.35805002
0.1399759999999949,1.40806543,1.36067917
0.19597600000001208,1.40386912,1.36513315
0.2519760000000293,1.39798681,1.37117198
0.25757600000000785,1.39729254,1.37187057
0.2687760000000113,1.3958776,1.37328932
0.29117600000001814,1.39295186,1.37619711
0.33597600000003186,1.38710219,1.38194292
0.3919760000000027,1.3802749,1.388578
0.4479760000000199,1.37425931,1.39439015
0.5039759999999908,1.36911565,1.39934968
0.5599760000000079,1.36482012,1.40348614
0.6159760000000252,1.36131768,1.40685298
0.671975999999996,1.35853656,1.40952157
0.7279760000000132,1.35639467,1.41157325
0.7839760000000303,1.35480533,1.41309348
0.8399760000000012,1.35368227,1.41416686
0.8959760000000184,1.35294323,1.41487374
0.9519760000000356,1.35251245,1.41528778
1.0079760000000064,1.35232208,1.41547472
1.0639760000000236,1.35231296,1.41549162
1.1199759999999945,1.35243474,1.41538683
1.1759760000000117,1.35264568,1.41520026
1.2319760000000288,1.35291185,1.41496412
1.2879759999999996,1.35320655,1.4147036
1.343976000000017,1.35350933,1.41443778
1.399976000000034,1.35380519,1.41418051
1.4559760000000048,1.35408361,1.41394129
1.511976000000022,1.35433783,1.41372607
1.567975999999993,1.35456399,1.41353802
1.62397600000001,1.35476055,1.41337815
1.6799760000000272,1.35492765,1.41324591
1.7359759999999982,1.35506665,1.41313963
1.7919760000000153,1.35517972,1.41305696
1.8479760000000325,1.35526953,1.4129951
1.9039760000000032,1.35533895,1.41295113
1.9599760000000206,1.35539094,1.4129221
0.015975999999991365,1.35542831,1.41290526
0.07197600000000855,1.35545374,1.41289802
0.1279760000000257,1.35546961,1.41289814
0.1839759999999966,1.35547805,1.41290361
0.23997600000001376,1.35548085,1.41291279
0.29597600000003094,1.35547958,1.4129243
0.3519760000000018,1.35547549,1.41293703
0.407976000000019,1.35546959,1.41295013
0.46397600000003614,1.35546268,1.41296297
0.519976000000007,1.35545537,1.4129751
0.5759760000000241,1.3554481,1.41298621
0.631975999999995,1.35544117,1.41299613
0.6879760000000122,1.35543479,1.41300478
0.7439760000000294,1.35542908,1.41301216
0.7999760000000002,1.35542407,1.41301832
0.8559760000000174,1.35541979,1.41302334
0.9119760000000346,1.35541618,1.41302735
0.9679760000000055,1.3554132,1.41303046
1.0239760000000226,1.35541079,1.4130328
1.0799759999999934,1.35540886,1.4130345
1.1359760000000108,1.35540735,1.41303567
1.191976000000028,1.35540618,1.41303642
1.2479759999999986,1.35540528,1.41303686
1.3039760000000158,1.3554046,1.41303705
1.3599760000000332,1.35540409,1.41303708
1.415976000000004,1.35540371,1.413037
1.471976000000021,1.3554034,1.41303686
1.527975999999992,1.35540316,1.41303669
1.5839760000000092,1.35540296,1.41303653
1.6399760000000263,1.35540277,1.4130364
1.6959759999999973,1.35540258,1.41303631
1.7519760000000144,1.3554024,1.41303626
1.8079760000000316,1.3554022,1.41303627
1.8639760000000023,1.35540199,1.41303633
1.9199760000000197,1.35540177,1.41303645
1.9759759999999904,1.35540153,1.41303662
0.031976000000007596,1.35540129,1.41303684
0.08797600000002477,1.35540103,1.4130371
0.14397599999999564,1.35540076,1.41303741
0.1999760000000128,1.35540048,1.41303774
0.25597600000002996,1.3554002,1.4130381
0.31197600000000086,1.35539991,1.41303848
0.367976000000018,1.35539962,1.41303889
0.4239760000000352,1.35539933,1.41303931
0.47997600000000606,1.35539904,1.41303974
0.5359760000000232,1.35539875,1.41304018
0.5919759999999941,1.35539846,1.41304063
0.6479760000000113,1.35539817,1.41304109
0.7039760000000285,1.35539788,1.41304154
0.7599759999999993,1.35539759,1.413042
0.8159760000000165,1.35539731,1.41304246
0.8719760000000336,1.35539702,1.41304292
0.9279760000000045,1.35539674,1.41304338
0.9839760000000217,1.35539646,1.41304384
1.0399759999999925,1.35539618,1.41304429
1.0959760000000098,1.3553959,1.41304475
1.151976000000027,1.35539562,1.4130452
1.2079759999999977,1.35539534,1.41304565
1.2639760000000149,1.35539507,1.4130461
1.319976000000032,1.35539479,1.41304655
1.375976000000003,1.35539451,1.413047
1.4319760000000201,1.35539423,1.41304745
1.487975999999991,1.35539395,1.41304789
1.5439760000000082,1.35539367,1.41304834
1.5999760000000254,1.35539339,1.41304878
1.6559759999999961,1.35539311,1.41304922
1.7119760000000135,1.35539283,1.41304966
1.7679760000000306,1.35539254,1.4130501
1.8239760000000014,1.35539226,1.41305054
1.8799760000000185,1.35539198,1.41305098
1.935976000000036,1.35539169,1.41305142
1.9919760000000066,1.35539141,1.41305186
0.047976000000023826,1.35539112,1.41305229
0.10397599999999468,1.35539084,1.41305273
0.15997600000001186,1.35539055,1.41305317
0.21597600000002903,1.35539027,1.4130536
0.2719759999999999,1.35538998,1.41305404
0.3279760000000171,1.35538969,1.41305448
0.38397600000003423,1.3553894,1.41305491
0.4399760000000051,1.35538912,1.41305534
0.4959760000000223,1.35538883,1.41305578
0.5519759999999931,1.35538854,1.41305621
0.6079760000000103,1.35538825,1.41305665
0.6639760000000275,1.35538796,1.41305708
0.7199759999999984,1.35538767,1.41305751
0.7759760000000155,1.35538738,1.41305794
0.8319760000000327,1.35538709,1.41305838
0.8879760000000035,1.3553868,1.41305881
0.9439760000000208,1.35538651,1.41305924
0.9999759999999916,1.35538622,1.41305967
1.0055760000000165,1.35537622,1.41306985
1.0167760000000199,1.35535992,1.41308724
1.0391760000000267,1.35540759,1.41305183
1.0839759999999943,1.35615958,1.41239929
1.1399760000000114,1.3586588,1.41016576
1.1959760000000286,1.36292379,1.40623803
1.2519759999999993,1.36874799,1.40067892
1.2575760000000242,1.36942452,1.4000191
1.2687760000000277,1.3707992,1.39867347
1.2911760000000345,1.37361933,1.39588833
1.335976000000002,1.3791914,1.39032204
1.3919760000000192,1.38561468,1.38384067
1.4479760000000363,1.39122416,1.37814578
1.5039760000000073,1.39599137,1.3732838
1.5599760000000245,1.3999499,1.36922753
1.6159759999999952,1.40315715,1.36592355
1.6719760000000123,1.40568548,1.36330202
1.7279760000000297,1.4076161,1.36128379
1.7839760000000005,1.40903336,1.35978581
1.8399760000000176,1.41002028,1.35872594
1.8959760000000347,1.41065537,1.35802604
1.9519760000000057,1.41101038,1.35761448
2.4000000035722954e-05,1.41113943,1.35744334
0.00562400000001428,1.4111548,1.3574236
0.016824000000017714,1.41117939,1.35739111
0.039224000000024586,1.41114017,1.3574252
0.08402399999999201,1.41041462,1.35821227
0.1400240000000092,1.40798793,1.36083911
0.19602400000002637,1.40378477,1.36528604
0.2520239999999972,1.39790046,1.37131456
0.2576240000000221,1.39720623,1.37201198
0.26882400000002554,1.39579144,1.37342834
0.2912240000000324,1.39286633,1.37633118
0.3360239999999998,1.38701906,1.38206662
0.392024000000017,1.3801964,1.38868844
0.4480240000000342,1.37418659,1.39448759
0.504024000000005,1.36904924,1.3994349
0.5600240000000222,1.36476013,1.40356019
0.616023999999993,1.36126387,1.40691713
0.6720240000000103,1.35848849,1.40957714
0.7280240000000274,1.35635177,1.41162156
0.7840239999999983,1.35476697,1.41313582
0.8400240000000154,1.3536478,1.41420442
0.8960240000000327,1.35291201,1.41490758
0.9520240000000035,1.35248391,1.41531884
1.0000160000000158,1.35231131,1.41548796
1.0056159999999943,1.35229209,1.41550758
1.0168159999999977,1.35226086,1.41554057
1.0392160000000046,1.3522984,1.4155178
1.0840160000000183,1.35309758,1.41482747
1.1400160000000354,1.35575513,1.41245485
1.1960160000000064,1.36025494,1.40831878
1.2520160000000236,1.36635928,1.40251177
1.257616000000002,1.36706558,1.40182571
1.2688160000000055,1.3685001,1.40042736
1.2912160000000124,1.3714413,1.39753586
1.336016000000026,1.37725726,1.39175656
1.392015999999997,1.38397754,1.38501402
1.4480160000000142,1.38986658,1.37907429
1.5040160000000313,1.39489195,1.37399371
1.560016000000002,1.3990813,1.36974653
1.6160160000000194,1.40248953,1.36627986
1.6720159999999902,1.40518932,1.36352353
1.7280160000000073,1.40726287,1.36139653
1.7840160000000245,1.4087968,1.35981368
1.8400159999999954,1.40987667,1.35868996
1.8960160000000126,1.41058395,1.35794442
1.9520160000000297,1.41099328,1.3575024
0.008016000000000627,1.41117138,1.35729714
0.06401600000001781,1.41117615,1.35727042
0.12001600000003498,1.41105678,1.35737271
0.17601600000000583,1.41085391,1.35756291
0.232016000000023,1.41060038,1.3578077
0.2880159999999939,1.4103219,1.35808086
0.34401600000001104,1.41003801,1.35836238
0.40001600000002824,1.40976293,1.35863755
0.4560159999999991,1.40950646,1.35889614
0.5120160000000162,1.40927476,1.35913156
0.5680160000000335,1.40907119,1.35934009
0.6240160000000043,1.40889687,1.35952027
0.6800160000000215,1.40875133,1.35967229
0.7360159999999923,1.40863294,1.35979753
0.7920160000000095,1.40853935,1.35989812
0.8480160000000266,1.40846775,1.35997671
0.9040159999999976,1.40841518,1.36003612
0.9600160000000147,1.40837865,1.36007923
1.016016000000032,1.40835532,1.36010879
1.0720160000000027,1.40834255,1.36012737
1.12801600000002,1.40833801,1.36013729
1.1840159999999909,1.40833963,1.36014058
1.240016000000008,1.40834567,1.36013898
1.2960160000000251,1.40835468,1.36013394
1.352015999999996,1.40836548,1.36012665
1.4080160000000133,1.40837716,1.36011805
1.4640160000000304,1.40838901,1.36010887
1.5200160000000011,1.4084005,1.36009966
1.5760160000000183,1.4084113,1.3600908
1.6320160000000357,1.40842117,1.36008254
1.6880160000000064,1.40843,1.36007505
1.7440160000000235,1.40843773,1.3600684
1.8000159999999945,1.40844438,1.36006261
1.8560160000000117,1.40845001,1.36005764
1.9120160000000288,1.4084547,1.36005343
1.9680159999999998,1.40845857,1.36004992
1.9999920000000018,1.40846044,1.36004819
0.005592000000026723,1.40847084,1.36003793
0.016792000000030158,1.4084886,1.36002115
0.039191999999990706,1.40845326,1.36006831
0.08399200000000445,1.40779476,1.36081896
0.13999200000002163,1.40553756,1.36330858
0.19599199999999248,1.40156759,1.36754812
0.25199200000000965,1.3959517,1.37332807
0.2575920000000345,1.39528554,1.37399906
0.26879199999999165,1.39392707,1.37536229
0.2911919999999985,1.39111517,1.37815765
0.3359920000000123,1.38549318,1.38367698
0.39199200000002943,1.3789426,1.3900345
0.4479920000000003,1.3731862,1.39558462
0.5039920000000175,1.36827767,1.40030472
0.5599920000000347,1.36418959,1.40422836
0.6159920000000055,1.36086552,1.40741071
0.6719920000000227,1.35823398,1.40992309
0.7279919999999935,1.35621436,1.41184558
0.7839920000000107,1.35472227,1.41326156
0.8399920000000279,1.35367416,1.41425303
0.8959919999999988,1.35299073,1.41489751
0.9519920000000159,1.35259919,1.41526577
0.9999840000000281,1.35244744,1.41540854
1.0055840000000067,1.35243005,1.41542571
1.0167840000000101,1.35240225,1.41545399
1.039184000000017,1.35244552,1.41542299
1.0839840000000307,1.35325204,1.41472038
1.1399840000000017,1.35591226,1.41233891
1.1959840000000188,1.36040915,1.40819956
1.251984000000036,1.36650655,1.4023933
1.2575840000000145,1.36721197,1.4017075
1.268784000000018,1.36864467,1.40030974
1.2911840000000248,1.37158198,1.39741969
1.3359839999999923,1.3773894,1.39164416
1.3919840000000094,1.38409822,1.38490752
1.4479840000000266,1.38997562,1.37897447
1.5039839999999973,1.39498975,1.37390082
1.5599840000000147,1.39916862,1.36966043
1.6159840000000318,1.40256737,1.36620013
1.6719840000000026,1.40525881,1.3634496
1.7279840000000197,1.40732518,1.36132771
1.7839839999999907,1.40885309,1.35974926
1.8399840000000078,1.40992802,1.35862923
1.895984000000025,1.41063137,1.35788671
1.951983999999996,1.41103766,1.35744711
1.999976000000008,1.41119916,1.35726168
0.005576000000032945,1.41121766,1.35724079
0.01677600000003638,1.4112483,1.3572062
0.03917599999999693,1.41121985,1.35723712
0.08397600000001067,1.41051118,1.35802152
0.13997600000002786,1.40809824,1.36065078
0.1959759999999987,1.40390243,1.365105
0.2519760000000159,1.3980207,1.37114419
0.2575759999999944,1.39732649,1.37184282
0.26877599999999785,1.39591168,1.37326167
0.29117600000000476,1.39298619,1.37616965
0.3359760000000185,1.38713703,1.38191587
0.3919760000000357,1.38031035,1.38855146
0.44797600000000654,1.37429529,1.39436407
0.5039760000000237,1.36915206,1.399324
0.5599759999999946,1.36485686,1.40346078
0.6159760000000117,1.36135465,1.40682789
0.6719760000000289,1.35857369,1.40949667
0.7279759999999997,1.35643189,1.41154848
0.783976000000017,1.35484258,1.4130688
0.8399760000000341,1.3537195,1.41414222
0.895976000000005,1.3529804,1.41484909
0.9519760000000221,1.35254953,1.41526309
1.007975999999993,1.35235904,1.41544997
1.0639760000000102,1.35234978,1.41546678
1.1199760000000274,1.35247141,1.41536189
1.1759759999999981,1.35268218,1.41517521
1.2319760000000155,1.35294819,1.41493895
1.2879760000000327,1.35324273,1.4146783
1.3439760000000034,1.35354535,1.41441235
1.3999760000000205,1.35384105,1.41415495
1.4559759999999915,1.35411932,1.4139156
1.5119760000000086,1.3543734,1.41370026
1.5679760000000258,1.35459942,1.4135121
1.6239759999999968,1.35479586,1.41335211
1.679976000000014,1.35496284,1.41321977
1.735976000000031,1.35510173,1.4131134
1.791976000000002,1.3552147,1.41303065
1.8479760000000192,1.35530442,1.41296871
1.9039760000000363,1.35537376,1.41292466
1.959976000000007,1.35542567,1.41289557
1.6000000032138808e-05,1.3554536,1.41288247
0.005616000000010696,1.35544693,1.41289128
0.016816000000014132,1.35543704,1.41290611
0.039216000000021005,1.35549615,1.41286668
0.08401600000003474,1.35626604,1.41220995
0.1400160000000056,1.35877959,1.40997695
0.19601600000002278,1.36305169,1.40605447
0.25201599999999363,1.36887748,1.40050378
0.2576160000000185,1.3695539,1.39984495
0.2688160000000219,1.37092828,1.39850131
0.29121600000002884,1.37374738,1.39572035
0.33601599999999626,1.37931607,1.3901629
0.3920160000000134,1.38573336,1.38369309
0.4480160000000306,1.39133573,1.37800982
0.5040160000000015,1.3960954,1.37315905
0.5600160000000186,1.40004644,1.36911324
0.6160160000000358,1.40324661,1.36581876
0.6720160000000067,1.40576847,1.36320561
0.7280160000000239,1.40769337,1.36119463
0.7840159999999947,1.40910569,1.35970277
0.8400160000000119,1.41008848,1.35864793
0.896016000000029,1.41072019,1.35795211
0.9520159999999999,1.41107252,1.35754373
1.0080160000000171,1.4112092,1.35735891
1.0640160000000343,1.41118539,1.35734216
1.1200160000000052,1.41104773,1.35744634
1.1760160000000224,1.41083463,1.35763245
1.2320159999999931,1.41057701,1.35786898
1.2880160000000103,1.41029892,1.35813119
1.3440160000000274,1.41001856,1.35840023
1.4000159999999984,1.40974903,1.35866238
1.4560160000000155,1.40949929,1.35890807
1.5120160000000327,1.40927484,1.35913124
1.5680160000000036,1.40907855,1.3593285
1.6240160000000208,1.40891119,1.35949862
1.6800159999999915,1.40877207,1.35964186
1.7360160000000089,1.40865943,1.35975963
1.792016000000026,1.40857085,1.35985404
1.8480159999999968,1.40850352,1.35992763
1.904016000000014,1.4084545,1.35998312
1.9600160000000313,1.40842086,1.36002326
0.016016000000002046,1.40839982,1.36005068
0.07201600000001923,1.40838883,1.36006782
0.1280160000000364,1.40838563,1.36007687
0.18401600000000726,1.40838821,1.36007974
0.24001600000002443,1.40839493,1.36007808
0.2960159999999953,1.40840437,1.36007325
0.3520160000000125,1.40841544,1.36006635
0.40801600000002963,1.40842724,1.36005828
0.4640160000000005,1.40843912,1.3600497
0.5200160000000177,1.40845058,1.36004112
0.5760160000000348,1.40846131,1.3600329
0.6320160000000057,1.40847109,1.36002526
0.6880160000000229,1.40847982,1.36001835
0.7440159999999938,1.40848745,1.36001224
0.8000160000000109,1.40849402,1.36000692
0.8560160000000281,1.40849958,1.36000237
0.9120159999999989,1.40850422,1.35999854
0.9680160000000162,1.40850803,1.35999534
0.9999920000000183,1.40850989,1.35999377
1.005591999999997,1.40852028,1.35998353
1.0167920000000004,1.40853804,1.3599668
1.0391920000000072,1.4085027,1.36001405
1.083992000000021,1.40784427,1.36076487
1.1399919999999917,1.40558733,1.36325477
1.195992000000009,1.40161782,1.36749473
1.2519920000000262,1.39600254,1.3732753
1.2575920000000047,1.39533645,1.37394636
1.2687920000000081,1.39397812,1.37530975
1.291192000000015,1.3911665,1.37810543
1.3359920000000287,1.38554512,1.38362543
1.3919919999999997,1.37899525,1.38998374
1.4479920000000168,1.37323947,1.39553455
1.503992000000034,1.36833143,1.40025521
1.5599920000000047,1.3642437,1.40417928
1.615992000000022,1.36091985,1.40736194
1.6719919999999928,1.35828843,1.40987453
1.72799200000001,1.35626884,1.41179713
1.7839920000000271,1.35477669,1.41321314
1.839991999999998,1.35372847,1.41420457
1.8959920000000152,1.35304487,1.41484894
1.9519920000000324,1.35265312,1.41521706
0.007992000000003264,1.35248824,1.41537189
0.06399200000002045,1.35249371,1.4153679
0.1199919999999913,1.35262158,1.41525109
0.17599200000000847,1.3528322,1.41505933
0.23199200000002565,1.35309343,1.41482305
0.28799199999999653,1.35338006,1.41456596
0.3439920000000137,1.35367284,1.41430593
0.3999920000000309,1.35395773,1.41405584
0.45599200000000173,1.35422494,1.41382446
0.5119920000000189,1.35446825,1.41361716
0.5679920000000361,1.35468417,1.41343673
0.623992000000007,1.35487141,1.41328389
0.6799920000000241,1.35503024,1.41315795
0.735991999999995,1.35516209,1.41305715
0.7919920000000121,1.3552691,1.4129791
0.8479920000000293,1.35535389,1.41292106
0.9039920000000001,1.35541926,1.41288015
0.9599920000000174,1.35546806,1.4128535
1.0159920000000346,1.35550301,1.41283843
1.0719920000000054,1.35552666,1.41283246
1.1279920000000225,1.35554129,1.41283342
1.1839919999999935,1.35554892,1.4128394
1.2399920000000106,1.35555127,1.41284881
1.2959920000000278,1.35554982,1.41286035
1.3519919999999988,1.35554575,1.41287297
1.407992000000016,1.35554001,1.41288587
1.463992000000033,1.35553337,1.41289844
1.5199920000000038,1.35552638,1.41291027
1.575992000000021,1.35551945,1.41292107
1.631991999999992,1.35551288,1.41293069
1.687992000000009,1.35550684,1.41293906
1.7439920000000262,1.35550144,1.41294619
1.7999919999999971,1.35549673,1.41295213
1.8559920000000143,1.3554927,1.41295697
1.9119920000000314,1.35548931,1.41296083
1.9679920000000024,1.35548652,1.41296381
2.4000000022332966e-05,1.35548517,1.41296518
0.00562400000000089,1.35547498,1.41297552
0.016824000000004325,1.35545831,1.41299324
0.039224000000011194,1.35550531,1.41295837
0.08402400000002494,1.35625617,1.41230654
0.1400239999999958,1.35875415,1.41007311
0.19602400000001297,1.36301789,1.4061447
0.25202400000003017,1.3688407,1.40058429
0.25762400000000873,1.36951709,1.39992431
0.26882400000001216,1.37089147,1.39857835
0.291224000000019,1.37371097,1.39579252
0.33602400000003274,1.3792818,1.39022472
0.3920240000000036,1.38570368,1.38374143
0.4480240000000208,1.39131201,1.37804477
0.5040239999999917,1.39607835,1.37318124
0.5600240000000088,1.40003625,1.36912368
0.616024000000026,1.4032431,1.36581868
0.6720239999999968,1.40577121,1.36319637
0.728024000000014,1.40770177,1.36117758
0.7840240000000313,1.4091191,1.35967925
0.8400240000000021,1.4101062,1.35861921
0.8960240000000192,1.41074155,1.3579193
0.9520240000000364,1.41109689,1.35750785
1.0000160000000022,1.41122618,1.35733702
1.0056160000000272,1.4112416,1.35731729
1.0168160000000306,1.4112663,1.35728483
1.039215999999991,1.41122732,1.35731897
1.084016000000005,1.41050235,1.35810621
1.1400160000000221,1.40807665,1.36073353
1.1960159999999929,1.40387483,1.36518137
1.25201600000001,1.39799211,1.37121126
1.257616000000035,1.39729805,1.37190884
1.2688159999999922,1.3958836,1.37332554
1.291215999999999,1.39295919,1.3762291
1.3360160000000127,1.38711336,1.38196605
1.39201600000003,1.38029241,1.38858973
1.4480160000000006,1.37428408,1.39439056
1.504016000000018,1.36914795,1.3993393
1.5600160000000352,1.36485977,1.40346579
1.616016000000006,1.3613642,1.40682368
1.672016000000023,1.35858929,1.40948442
1.728015999999994,1.35645284,1.41152938
1.7840160000000111,1.35486814,1.413044
1.8400160000000283,1.35374894,1.41411279
1.8960159999999993,1.353013,1.41481601
1.9520160000000164,1.35258466,1.41522722
8.000000028554661e-06,1.35241179,1.41539621
0.005608000000007112,1.35239254,1.41541582
0.016808000000010547,1.35236123,1.41544877
0.039208000000017416,1.35239864,1.41542589
0.08400800000003115,1.35319753,1.4147352
0.14000800000000202,1.35585452,1.41236174
0.1960080000000192,1.36035342,1.4082244
0.25200800000003637,1.36645647,1.40241581
0.25760800000001494,1.36716262,1.40172957
0.26880800000001837,1.36859682,1.40033086
0.2912080000000252,1.37153736,1.39743864
0.33600799999999265,1.37735192,1.39165785
0.39200800000000985,1.38407051,1.38491351
0.448008000000027,1.38995803,1.37897221
0.5040079999999979,1.39498212,1.37389033
0.560008000000015,1.39917043,1.36964213
0.6160080000000322,1.40257784,1.36617469
0.672008000000003,1.40527703,1.36341783
0.7280080000000203,1.40735016,1.3612905
0.7840079999999912,1.40888384,1.3597075
0.8400080000000083,1.4099636,1.35858378
0.8960080000000255,1.41067089,1.35783837
0.9520079999999963,1.41108034,1.35739658
1.0000000000000084,1.41124397,1.35720976
1.0056000000000334,1.41126269,1.35718874
1.0167999999999906,1.41129374,1.3571539
1.0391999999999975,1.41126607,1.35718437
1.0840000000000112,1.41055877,1.3579681
1.1400000000000283,1.40814726,1.36059696
1.195999999999999,1.40395269,1.36505126
1.2520000000000164,1.39807204,1.37109098
1.257599999999995,1.39737794,1.37178969
1.2687999999999984,1.39596332,1.3732087
1.2912000000000052,1.39303821,1.37611704
1.336000000000019,1.38718974,1.38186408
1.392000000000036,1.38036376,1.38850076
1.448000000000007,1.37434918,1.39431442
1.5040000000000242,1.36920624,1.39927532
1.559999999999995,1.36491117,1.40341296
1.616000000000012,1.36140895,1.40678079
1.6720000000000295,1.35862788,1.40945018
1.7280000000000002,1.35648588,1.41150247
1.7840000000000173,1.35489632,1.41302314
1.8400000000000345,1.35377295,1.41409681
1.8960000000000055,1.35303353,1.41480384
1.9520000000000226,1.35260233,1.41521792
0.007999999999993459,1.35241151,1.41540479
0.06400000000001063,1.35240191,1.41542155
0.12000000000002782,1.35252322,1.41531656
0.17599999999999866,1.35273367,1.41512974
0.23200000000001586,1.35299938,1.41489331
0.288000000000033,1.35329364,1.41463248
0.34400000000000386,1.35359599,1.41436634
0.40000000000002106,1.35389144,1.41410874
0.4559999999999919,1.35416949,1.41386921
0.5120000000000091,1.35442335,1.41365368
0.5680000000000263,1.35464918,1.41346533
0.6239999999999971,1.35484545,1.41330518
0.6800000000000143,1.35501227,1.41317268
0.7360000000000315,1.35515102,1.41306617
0.7920000000000024,1.35526387,1.41298328
0.8480000000000195,1.35535347,1.41292123
0.9039999999999904,1.35542271,1.41287709
0.9600000000000075,1.35547453,1.41284791
0.9999840000000147,1.35550237,1.41283477
1.0055839999999934,1.3554957,1.41284356
1.0167839999999968,1.3554858,1.41285838
1.0391840000000037,1.35554489,1.41281892
1.0839840000000174,1.35631474,1.41216205
1.1399840000000345,1.35882817,1.40992872
1.1959840000000053,1.36309999,1.40600572
1.2519840000000226,1.3689253,1.40045438
1.2575840000000011,1.36960166,1.39979547
1.2687840000000046,1.37097592,1.39845169
1.2911840000000114,1.37379476,1.39567043
1.3359840000000252,1.37936289,1.39011236
1.3919839999999961,1.3857795,1.38364182
1.4479840000000133,1.39138128,1.37795793
1.5039840000000304,1.39614048,1.37310668
1.5599840000000011,1.40009116,1.36906052
1.6159840000000183,1.40329106,1.36576581
1.6719840000000357,1.40581275,1.36315254
1.7279840000000064,1.40773756,1.36114153
1.7839840000000236,1.40914987,1.35964972
1.8399839999999945,1.41013271,1.35859501
1.8959840000000117,1.41076452,1.35789934
1.9519840000000288,1.41111699,1.35749117
0.00798399999999968,1.41125384,1.35730659
0.06398400000001686,1.41123022,1.35729008
0.11998400000003404,1.41109277,1.35739452
0.1759840000000049,1.41087989,1.35758091
0.23198400000002206,1.41062249,1.3578177
0.2879839999999929,1.41034462,1.35808017
0.3439840000000101,1.41006448,1.35834947
0.39998400000002726,1.40979516,1.35861186
0.4559839999999981,1.40954562,1.35885778
0.5119840000000153,1.40932135,1.35908115
0.5679840000000325,1.40912523,1.35927861
0.6239840000000033,1.40895803,1.35944891
0.6799840000000206,1.40881905,1.35959231
0.7359839999999914,1.40870654,1.35971023
0.7919840000000086,1.40861808,1.35980477
0.8479840000000257,1.40855085,1.35987848
0.9039839999999966,1.40850192,1.35993407
0.9599840000000138,1.40846835,1.3599743
1.0000239999999925,1.4084523,1.35999504
1.0056240000000174,1.40846067,1.35998744
1.0168240000000208,1.4084746,1.35997575
1.0392240000000277,1.40843284,1.36003181
1.084023999999995,1.40776599,1.36079582
1.1400240000000124,1.40550545,1.36329523
1.1960240000000295,1.40153825,1.36753869
1.2520240000000002,1.39592948,1.3733184
1.2576240000000252,1.39526424,1.37398917
1.2688240000000286,1.39390765,1.37535191
1.2912240000000355,1.39109979,1.37814601
1.336024000000003,1.38548669,1.38366187
1.3920240000000201,1.37894808,1.39001371
1.4480239999999909,1.37320383,1.39555723
1.504024000000008,1.36830702,1.40027036
1.5600240000000254,1.36422983,1.40418708
1.6160239999999961,1.36091556,1.40736285
1.6720240000000133,1.35829262,1.40986921
1.7280240000000304,1.35628035,1.41178632
1.7840240000000014,1.35479438,1.41319763
1.8400240000000185,1.35375124,1.41418513
1.8960240000000357,1.3530717,1.4148263
1.9520240000000066,1.35268312,1.41519188
1.600000001874882e-05,1.35253323,1.41533279
0.0056159999999973054,1.35251601,1.41534977
0.01681600000000074,1.35248856,1.41537768
0.03921600000000761,1.35253244,1.41534597
0.08401600000002135,1.35333989,1.41464205
0.1400159999999922,1.35600066,1.41225899
0.19601600000000938,1.36049739,1.40811802
0.25201600000002655,1.36659397,1.40231015
0.2576160000000051,1.36729927,1.40162419
0.26881600000000855,1.36873173,1.4002261
0.2912160000000154,1.37166848,1.39733541
0.3360160000000292,1.37747465,1.39155863
0.39201600000000003,1.38418182,1.3848206
0.44801600000001723,1.39005761,1.37888642
0.5040160000000344,1.39507028,1.37381192
0.5600160000000053,1.39924786,1.36957094
0.6160160000000224,1.40264551,1.36611027
0.6720159999999933,1.40533603,1.36335954
0.7280160000000104,1.40740167,1.36123761
0.7840160000000276,1.40892902,1.35965924
0.8400159999999985,1.41000356,1.3585394
0.8960160000000157,1.41070665,1.35779714
0.9520160000000328,1.41111282,1.35735785
1.0000079999999987,1.41127429,1.35717272
1.0056080000000236,1.41129279,1.35715186
1.016808000000027,1.41132343,1.35711734
1.0392080000000339,1.41129502,1.35714841
1.0840080000000014,1.41058656,1.35793312
1.1400080000000186,1.4081742,1.36056293
1.1960080000000357,1.40397932,1.36501799
1.2520080000000064,1.3980988,1.37105837
1.2576080000000314,1.39740472,1.37175715
1.2688080000000348,1.39599019,1.37317628
1.2912079999999955,1.39306526,1.37608486
1.3360080000000092,1.38721727,1.38183234
1.3920080000000263,1.380392,1.38846946
1.448007999999997,1.37437818,1.39428343
1.5040080000000144,1.36923598,1.39924451
1.5600080000000316,1.36494159,1.40338223
1.6160080000000023,1.36143999,1.40675008
1.6720080000000195,1.35865945,1.40941943
1.7280080000000366,1.35651791,1.41147163
1.7840080000000076,1.35492872,1.41299219
1.8400080000000247,1.35380564,1.41406573
1.8960079999999957,1.35306643,1.41477262
1.9520080000000128,1.35263537,1.41518654
0.008008000000029976,1.35244464,1.41537327
0.06400800000000083,1.35243507,1.41538988
0.120008000000018,1.35255637,1.41528474
0.1760080000000352,1.35276679,1.41509778
0.23200800000000604,1.35303243,1.41486123
0.28800800000002325,1.35332659,1.41460027
0.3440079999999941,1.35362885,1.41433401
0.40000800000001124,1.35392419,1.41407631
0.45600800000002845,1.35420212,1.41383667
0.5120079999999992,1.35445587,1.41362104
0.5680080000000165,1.35468159,1.41343261
0.6240080000000336,1.35487775,1.41327238
0.6800080000000045,1.35504447,1.41313982
0.7360080000000216,1.35518313,1.41303324
0.7920079999999925,1.35529588,1.4129503
0.8480080000000098,1.35538541,1.41288819
0.9040080000000269,1.35545458,1.412844
0.9600079999999978,1.35550634,1.41281479
0.9999920000000049,1.35553414,1.41280162
1.0055920000000298,1.35552745,1.41281041
1.0167920000000332,1.35551754,1.41282522
1.0391919999999937,1.35557662,1.41278574
1.0839920000000076,1.35634644,1.41212879
1.1399920000000248,1.35885979,1.40989525
1.1959919999999955,1.36313141,1.40597191
1.2519920000000127,1.36895641,1.40042012
1.2575919999999914,1.36963273,1.39976116
1.2687919999999948,1.37100691,1.39841729
1.2911920000000017,1.37382557,1.39563582
1.3359920000000154,1.37939334,1.39007733
1.3919920000000325,1.3858095,1.38360629
1.4479920000000033,1.3914109,1.37792198
1.5039920000000206,1.39616979,1.3730704
1.5599919999999914,1.40012023,1.369024
1.6159920000000085,1.40331996,1.36572914
1.6719920000000257,1.40584155,1.36311579
1.7279919999999966,1.40776631,1.36110475
1.7839920000000138,1.40917861,1.35961298
1.839992000000031,1.41016149,1.35855833
1.895992000000002,1.41079337,1.35786278
1.951992000000019,1.41114593,1.35745475
0.007992000000036196,1.4112829,1.35727032
0.06399200000000706,1.41125942,1.35725399
0.11999200000002423,1.41112211,1.35735861
0.1759919999999951,1.41090939,1.35754518
0.23199200000001227,1.41065213,1.35778216
0.28799200000002945,1.41037442,1.3580448
0.3439920000000003,1.41009442,1.35831428
0.3999920000000175,1.40982525,1.35857683
0.45599200000003465,1.40957584,1.35882291
0.5119920000000056,1.40935171,1.35904643
0.5679920000000227,1.4091557,1.35924403
0.6239919999999936,1.40898861,1.35941444
0.6799920000000107,1.40884974,1.35955796
0.735992000000028,1.40873732,1.35967598
0.7919919999999988,1.40864894,1.35977062
0.847992000000016,1.40858178,1.35984441
0.9039920000000331,1.40853291,1.35990007
0.959992000000004,1.4084994,1.35994037
0.9999760000000112,1.4084834,1.35996113
1.005576000000036,1.40849178,1.35995353
1.0167759999999932,1.40850571,1.35994185
1.039176,1.40846397,1.35999793
1.0839760000000138,1.40779719,1.360762
1.139976000000031,1.40553684,1.36326151
1.1959760000000017,1.40156996,1.36750519
1.2519760000000189,1.3959616,1.37328526
1.2575759999999976,1.3952964,1.37395607
1.268776000000001,1.3939399,1.3753189
1.2911760000000079,1.39113222,1.37811319
1.3359760000000216,1.38551951,1.38362945
1.3919759999999923,1.37898136,1.38998178
1.4479760000000097,1.3732375,1.39552572
1.5039760000000268,1.36834099,1.4002392
1.5599759999999976,1.36426401,1.40415619
1.6159760000000147,1.36094989,1.40733216
1.671976000000032,1.35832702,1.40983865
1.7279760000000028,1.35631476,1.41175584
1.78397600000002,1.35482876,1.41316717
1.839975999999991,1.35378554,1.41415465
1.895976000000008,1.35310589,1.41479576
1.9519760000000252,1.35271717,1.41516126
0.007975999999996096,1.3525545,1.41531402
0.06397600000001327,1.35256149,1.41530845
0.11997600000003045,1.35269032,1.41519047
0.1759760000000013,1.35290142,1.41499788
0.2319760000000185,1.35316278,1.41476103
0.28797600000003565,1.35344925,1.41450358
0.3439760000000065,1.35374168,1.41424335
0.3999760000000237,1.35402608,1.41399318
0.45597599999999455,1.35429272,1.41376179
0.5119760000000118,1.3545354,1.41355453
0.5679760000000289,1.3547507,1.41337417
0.6239759999999998,1.35493732,1.41322141
0.6799760000000169,1.35509556,1.41309555
0.7359760000000342,1.35522686,1.41299482
0.791976000000005,1.35533337,1.41291684
0.8479760000000222,1.35541772,1.41285885
0.903975999999993,1.35548271,1.41281796
0.9599760000000102,1.35553117,1.41279133
1.0159760000000273,1.35556583,1.41277626
1.0719759999999983,1.35558924,1.41277029
1.1279760000000154,1.35560366,1.41277123
1.1839760000000326,1.35561113,1.41277719
1.2399760000000035,1.35561335,1.41278658
1.2959760000000207,1.3556118,1.41279809
1.3519759999999914,1.35560764,1.41281069
1.4079760000000086,1.35560185,1.41282355
1.463976000000026,1.35559515,1.4128361
1.5199759999999967,1.35558813,1.4128479
1.5759760000000138,1.35558118,1.41285869
1.631976000000031,1.35557459,1.41286829
1.687976000000002,1.35556854,1.41287666
1.743976000000019,1.35556314,1.41288377
1.7999760000000362,1.35555842,1.41288971
1.8559760000000072,1.35555439,1.41289455
1.9119760000000243,1.35555101,1.41289841
1.967975999999995,1.35554822,1.4129014
0.023976000000012328,1.35554595,1.41290365
0.07997600000002951,1.35554415,1.41290529
0.13597600000000037,1.35554273,1.41290642
0.19197600000001755,1.35554163,1.41290716
0.24797600000003472,1.35554078,1.41290759
0.3039760000000056,1.35554013,1.41290779
0.3599760000000228,1.35553964,1.41290783
0.41597599999999363,1.35553925,1.41290777
0.4719760000000108,1.35553894,1.41290766
0.527976000000028,1.35553868,1.41290752
0.5839759999999988,1.35553845,1.41290739
0.639976000000016,1.35553824,1.41290729
0.6959760000000331,1.35553802,1.41290722
0.7519760000000041,1.3555378,1.4129072
0.8079760000000212,1.35553757,1.41290724
0.8639759999999921,1.35553733,1.41290732
0.9199760000000092,1.35553707,1.41290746
0.9759760000000264,1.3555368,1.41290765
0.9999999999999951,1.35553668,1.41290775
1.00560000000002,1.35552668,1.4129179
1.0168000000000235,1.35551039,1.41293525
1.0392000000000303,1.35555807,1.41289973
1.0839999999999976,1.35631009,1.41224681
1.140000000000015,1.35880907,1.41001229
1.1960000000000321,1.3630733,1.40608298
1.2520000000000029,1.36889611,1.40052185
1.2576000000000278,1.36957247,1.39986181
1.2688000000000312,1.37094679,1.39851572
1.2911999999999917,1.37376613,1.39572965
1.3360000000000056,1.37933651,1.39016144
1.3920000000000228,1.38575774,1.3836778
1.4479999999999935,1.39136543,1.37798099
1.5040000000000107,1.39613119,1.37311751
1.560000000000028,1.4000886,1.36906016
1.6159999999999988,1.40329505,1.36575548
1.672000000000016,1.40582286,1.36313359
1.728000000000033,1.40775323,1.36111528
1.784000000000004,1.40917045,1.35961747
1.8400000000000212,1.41015753,1.35855796
1.8959999999999921,1.41079293,1.35785859
1.9520000000000093,1.41114838,1.35744768
0.00800000000002639,1.41128766,1.35726117
0.06399999999999725,1.41126597,1.35724344
0.12000000000001443,1.41113003,1.35734722
0.1760000000000316,1.41091832,1.35753339
0.23200000000000245,1.41066178,1.35777032
0.28800000000001963,1.41038455,1.35803319
0.34400000000003683,1.41010485,1.35830306
0.4000000000000077,1.40983585,1.35856614
0.45600000000002483,1.4095865,1.35881281
0.5119999999999957,1.40936237,1.35903696
0.5680000000000129,1.40916632,1.35923518
0.6240000000000301,1.40899916,1.35940621
0.6800000000000009,1.40886021,1.35955029
0.7360000000000181,1.40874771,1.35966883
0.7920000000000352,1.40865925,1.35976393
0.8480000000000061,1.40859203,1.35983813
0.9040000000000233,1.40854311,1.35989415
0.9599999999999942,1.40850955,1.35993474
1.0160000000000113,1.4084886,1.35996254
1.0720000000000285,1.40847769,1.35998
1.1279999999999994,1.40847455,1.35998931
1.1840000000000166,1.40847719,1.3599924
1.2400000000000337,1.40848396,1.3599909
1.2960000000000045,1.40849345,1.35998619
1.3520000000000219,1.40850455,1.35997939
1.4079999999999926,1.40851638,1.35997139
1.4640000000000097,1.40852828,1.35996286
1.5200000000000269,1.40853976,1.35995432
1.5759999999999978,1.4085505,1.35994611
1.632000000000015,1.40856028,1.35993849
1.6880000000000321,1.408569,1.35993158
1.744000000000003,1.40857662,1.35992546
1.8000000000000203,1.40858318,1.35992013
1.855999999999991,1.40858872,1.35991557
1.9120000000000084,1.40859334,1.35991172
1.9680000000000255,1.40859714,1.35990851
1.9999760000000275,1.40859897,1.35990694
0.005576000000006165,1.40860937,1.3598967
0.0167760000000096,1.40862713,1.35987997
0.03917600000001647,1.40859179,1.3599272
0.08397600000003022,1.40793348,1.36067801
0.13997600000000107,1.40567699,1.36316805
0.19597600000001825,1.40170826,1.36740847
0.25197600000003545,1.39609403,1.37318985
0.25757600000001396,1.39542807,1.37386101
0.26877600000001745,1.39406997,1.37522461
0.2911760000000243,1.39125885,1.37802075
0.3359759999999917,1.3856385,1.38354175
0.3919760000000089,1.37908986,1.38990127
0.4479760000000261,1.37333512,1.39545315
0.5039759999999969,1.36842788,1.40017467
0.5599760000000141,1.36434072,1.40409941
0.6159760000000313,1.36101724,1.40728256
0.6719760000000021,1.358386,1.40979546
0.7279760000000193,1.35636643,1.41171823
0.7839760000000365,1.35487418,1.41313428
0.8399760000000074,1.35382573,1.41412563
0.8959760000000245,1.35314182,1.41476984
0.9519759999999954,1.35274969,1.41513771
1.0079760000000126,1.35258438,1.41529224
1.0639760000000298,1.35258938,1.41528791
1.1199760000000005,1.35271677,1.41517073
1.1759760000000177,1.3529269,1.41497858
1.231976000000035,1.35318764,1.41474191
1.2879760000000058,1.35347379,1.41448441
1.343976000000023,1.35376611,1.414224
1.399975999999994,1.35405055,1.41397354
1.455976000000011,1.35431735,1.4137418
1.5119760000000282,1.35456027,1.41353417
1.5679759999999991,1.35477584,1.41335342
1.6239760000000163,1.35496275,1.41320029
1.6799760000000334,1.35512128,1.41307409
1.7359760000000042,1.35525285,1.41297305
1.7919760000000216,1.35535962,1.4128948
1.8479759999999923,1.35544419,1.41283657
1.9039760000000094,1.35550937,1.41279548
1.9599760000000266,1.355558,1.41276869
0.015975999999997516,1.35559281,1.4127535
0.0719760000000147,1.35561632,1.41274743
0.12797600000003187,1.35563084,1.4127483
0.18397600000000272,1.35563837,1.4127542
0.2399760000000199,1.35564064,1.41276356
0.29597599999999075,1.35563912,1.41277505
0.35197600000000795,1.35563498,1.41278764
0.4079760000000251,1.3556292,1.4128005
0.463975999999996,1.35562251,1.41281306
0.5199760000000132,1.35561548,1.41282487
0.5759760000000304,1.35560852,1.41283567
0.6319760000000012,1.35560192,1.41284528
0.6879760000000184,1.35559586,1.41285366
0.7439760000000355,1.35559044,1.41286079
0.7999760000000063,1.35558571,1.41286674
0.8559760000000236,1.35558166,1.41287159
0.9119759999999945,1.35557826,1.41287545
0.9679760000000116,1.35557546,1.41287845
1.0239760000000289,1.35557318,1.41288071
1.0799759999999996,1.35557136,1.41288235
1.1359760000000168,1.35556992,1.41288348
1.191976000000034,1.35556881,1.41288422
1.2479760000000049,1.35556795,1.41288464
1.303976000000022,1.35556729,1.41288484
1.359975999999993,1.35556678,1.41288489
1.4159760000000101,1.35556638,1.41288482
1.4719760000000273,1.35556606,1.41288471
1.527975999999998,1.35556578,1.41288456
1.5839760000000154,1.35556554,1.41288443
1.6399760000000325,1.35556531,1.41288432
1.6959760000000033,1.35556509,1.41288425
1.7519760000000204,1.35556486,1.41288423
1.8079759999999914,1.35556461,1.41288425
1.8639760000000085,1.35556436,1.41288434
1.9199760000000257,1.35556409,1.41288447
1.9759759999999966,1.35556381,1.41288465
0.03197600000001374,1.35556351,1.41288488
0.08797600000003092,1.35556321,1.41288515
0.14397600000000177,1.35556289,1.41288546
0.19997600000001897,1.35556257,1.4128858
0.2559760000000361,1.35556224,1.41288616
0.31197600000000697,1.35556191,1.41288655
0.3679760000000242,1.35556157,1.41288696
0.423975999999995,1.35556124,1.41288738
0.4799760000000122,1.3555609,1.41288782
0.5359760000000294,1.35556057,1.41288826
0.5919760000000003,1.35556023,1.41288871
0.6479760000000174,1.3555599,1.41288917
0.7039760000000346,1.35555957,1.41288963
0.7599760000000054,1.35555924,1.41289009
0.8159760000000227,1.35555891,1.41289055
0.8719759999999935,1.35555859,1.41289101
0.9279760000000107,1.35555826,1.41289147
0.9839760000000278,1.35555794,1.41289193
0.9999919999999916,1.35555785,1.41289206
1.0055920000000165,1.35554785,1.41290224
1.01679200000002,1.35553154,1.41291963
1.0391920000000268,1.35557922,1.41288419
1.083991999999994,1.35633122,1.41223139
1.1399920000000112,1.35883015,1.40999692
1.1959920000000286,1.36309426,1.40606758
1.2519919999999993,1.36891688,1.40050632
1.2575920000000242,1.36959322,1.39984627
1.2687920000000277,1.37096749,1.39850015
1.2911920000000345,1.37378672,1.39571401
1.3359920000000018,1.37935689,1.39014564
1.3919920000000192,1.38577784,1.38366179
1.4479920000000364,1.3913853,1.3779648
1.503992000000007,1.39615087,1.37310117
1.5599920000000242,1.40010813,1.3690437
1.6159919999999952,1.40331447,1.36573895
1.6719920000000124,1.40584221,1.363117
1.7279920000000295,1.40777254,1.36109868
1.7839920000000005,1.40918974,1.35960087
1.8399920000000176,1.41017683,1.35854138
1.8959920000000348,1.41081226,1.35784205
1.9519920000000057,1.41116775,1.35743119
1.9999840000000177,1.41129722,1.35726085
0.005583999999996359,1.41131267,1.35724118
0.016783999999999796,1.41133742,1.35720883
0.039184000000006665,1.41129855,1.35724319
0.0839840000000204,1.41057392,1.35803086
0.13998399999999125,1.40814893,1.36065884
0.19598400000000843,1.40394811,1.36510755
0.25198400000002563,1.39806664,1.37113858
0.2575840000000042,1.39737271,1.3718363
0.26878400000000763,1.39595853,1.37325326
0.2911840000000145,1.39303468,1.37615737
0.3359840000000282,1.38719,1.38189547
0.3919839999999991,1.38037043,1.38852053
0.44798400000001626,1.3743633,1.39432257
0.5039840000000334,1.36922816,1.39927234
0.5599840000000043,1.36494075,1.40339965
0.6159840000000215,1.36144576,1.40675819
0.6719839999999924,1.35867124,1.40941941
0.7279840000000095,1.35653503,1.41146469
0.7839840000000267,1.35495044,1.4129795
0.8399839999999975,1.35383122,1.41404837
0.8959840000000148,1.35309517,1.41475157
0.9519840000000319,1.35266664,1.41516268
1.0079840000000027,1.35247785,1.41534734
1.06398400000002,1.35246975,1.41536252
1.1199839999999908,1.35259209,1.41525647
1.175984000000008,1.3528032,1.41506902
1.231984000000025,1.35306928,1.41483229
1.287983999999996,1.35336366,1.4145714
1.3439840000000132,1.35366597,1.4143054
1.3999840000000303,1.35396125,1.41404806
1.4559840000000013,1.35423904,1.41380885
1.5119840000000184,1.35449261,1.4135937
1.5679840000000356,1.35471812,1.41340574
1.6239840000000065,1.35491406,1.41324598
1.6799840000000237,1.35508056,1.41311384
1.7359839999999944,1.35521902,1.41300766
1.7919840000000116,1.35533159,1.41292506
1.8479840000000287,1.35542095,1.41286326
1.9039839999999997,1.35548998,1.41281933
1.9599840000000168,1.35554163,1.41279033
0.015984000000034033,1.35557871,1.41277349
0.07198400000000489,1.35560388,1.41276625
0.12798400000002208,1.35561953,1.41276635
0.18398399999999293,1.35562777,1.41277179
0.2399840000000101,1.35563042,1.41278094
0.2959840000000273,1.35562902,1.4127924
0.35198399999999813,1.35562481,1.4128051
0.40798400000001533,1.35561881,1.41281816
0.4639840000000325,1.35561182,1.41283096
0.5199840000000033,1.35560443,1.41284304
0.5759840000000205,1.35559709,1.41285412
0.6319839999999913,1.3555901,1.412864
0.6879840000000086,1.35558367,1.41287262
0.7439840000000257,1.3555779,1.41287997
0.7999839999999966,1.35557285,1.4128861
0.8559840000000137,1.35556852,1.4128911
0.911984000000031,1.35556486,1.41289509
0.9679840000000018,1.35556184,1.41289818
1.0000160000000218,1.35556037,1.41289959
1.0056160000000003,1.35555017,1.41290994
1.0168160000000037,1.35553346,1.41292767
1.0392160000000108,1.3555804,1.41289282
1.0840160000000245,1.35633114,1.41224092
1.1400159999999953,1.35882886,1.41000715
1.1960160000000124,1.36309211,1.4060781
1.2520160000000295,1.36891415,1.40051685
1.2576160000000083,1.36959044,1.39985677
1.2688160000000117,1.37096463,1.39851062
1.2912160000000186,1.37378372,1.39572439
1.3360160000000323,1.37935369,1.39015575
1.392016000000003,1.38577452,1.38367147
1.4480160000000202,1.39138194,1.37797395
1.5040159999999911,1.39614755,1.37310974
1.5600160000000083,1.40010488,1.36905168
1.6160160000000254,1.40331131,1.36574635
1.6720159999999964,1.40583915,1.36312385
1.7280160000000135,1.40776956,1.36110501
1.7840160000000307,1.40918685,1.35960673
1.8400160000000017,1.410174,1.35854683
1.8960160000000188,1.41080948,1.35784713
1.952016000000036,1.411165,1.35743595
8.000000001774688e-06,1.41129449,1.35726539
0.005608000000026653,1.41130994,1.35724569
0.01680800000003009,1.41133469,1.35721329
0.03920800000003696,1.41129583,1.35724756
0.08400800000000438,1.41057119,1.35803506
0.14000800000002156,1.40814618,1.36066286
0.1960079999999924,1.40394532,1.36511141
0.2520080000000096,1.39806379,1.3711423
0.2576080000000345,1.39736986,1.37184
0.2688079999999916,1.39595567,1.37325694
0.29120799999999847,1.39303179,1.37616099
0.3360080000000122,1.38718705,1.38189899
0.3920080000000294,1.38036741,1.38852394
0.44800800000000024,1.37436022,1.39432591
0.5040080000000174,1.36922503,1.39927561
0.5600080000000346,1.36493758,1.40340288
0.6160080000000054,1.36144255,1.40676138
0.6720080000000226,1.35866801,1.40942259
0.7280079999999934,1.35653178,1.41146787
0.7840080000000107,1.35494717,1.41298267
0.8400080000000278,1.35382795,1.41405155
0.8960079999999987,1.3530919,1.41475477
0.9520080000000158,1.35266338,1.41516589
1.000000000000028,1.3524903,1.41533477
1.0056000000000067,1.35247103,1.41535435
1.0168000000000101,1.35243967,1.41538727
1.039200000000017,1.35247697,1.4153643
1.0840000000000307,1.35327563,1.41467333
1.1400000000000015,1.35593217,1.41229926
1.1960000000000186,1.36043036,1.40816102
1.252000000000036,1.36653238,1.4023513
1.2576000000000145,1.36723841,1.40166494
1.268800000000018,1.36867238,1.40026599
1.2912000000000248,1.37161239,1.39737326
1.335999999999992,1.37742587,1.39159142
1.3920000000000092,1.38414313,1.38484582
1.4480000000000266,1.39002947,1.37890341
1.5039999999999973,1.39505257,1.37382062
1.5600000000000145,1.39924006,1.36957169
1.6160000000000316,1.40264682,1.3661037
1.6720000000000026,1.40534552,1.36334646
1.7280000000000197,1.4074183,1.36121889
1.784000000000037,1.40895176,1.35963577
1.8400000000000079,1.41003142,1.35851205
1.896000000000025,1.41073868,1.35776671
1.9519999999999957,1.41114819,1.35732506
0.008000000000013,1.41132661,1.35712031
0.06400000000003019,1.41133182,1.3570942
0.12000000000000104,1.41121296,1.35719718
0.17600000000001823,1.41101067,1.3573881
0.2320000000000354,1.41075776,1.35763364
0.28800000000000625,1.41047991,1.35790757
0.34400000000002345,1.41019667,1.35818983
0.3999999999999943,1.40992222,1.35846573
0.45600000000001145,1.40966636,1.35872502
0.5120000000000287,1.40943524,1.35896111
0.5679999999999995,1.40923222,1.35917026
0.6240000000000167,1.40905841,1.35935102
0.6800000000000338,1.40891334,1.35950357
0.7360000000000048,1.40879538,1.3596293
0.7920000000000219,1.40870217,1.35973033
0.8479999999999928,1.40863091,1.35980932
0.9040000000000099,1.40857864,1.35986908
0.960000000000027,1.40854237,1.3599125
1.015999999999998,1.40851927,1.35994233
1.0720000000000152,1.4085067,1.35996115
1.1280000000000323,1.40850231,1.35997128
1.1840000000000033,1.40850407,1.35997475
1.2400000000000204,1.40851022,1.35997329
1.2959999999999912,1.40851931,1.35996838
1.3520000000000083,1.40853018,1.3599612
1.4080000000000255,1.4085419,1.35995269
1.4639999999999964,1.40855377,1.35994359
1.5200000000000136,1.40856529,1.35993444
1.5760000000000307,1.4085761,1.35992563
1.6320000000000017,1.40858596,1.35991742
1.6880000000000188,1.40859478,1.35990996
1.744000000000036,1.40860249,1.35990334
1.800000000000007,1.40860912,1.35989757
1.856000000000024,1.40861472,1.35989262
1.9119999999999948,1.40861939,1.35988843
1.968000000000012,1.40862322,1.35988493
0.02400000000002923,1.40862632,1.35988204
0.08000000000000008,1.40862881,1.35987966
0.13600000000001727,1.40863079,1.3598777
0.19200000000003445,1.40863235,1.3598761
0.2480000000000053,1.40863359,1.35987476
0.3040000000000225,1.40863458,1.35987364
0.3599999999999933,1.40863539,1.35987266
0.41600000000001053,1.40863607,1.35987179
0.4720000000000277,1.40863668,1.35987099
0.5279999999999986,1.40863724,1.35987023
0.5840000000000157,1.40863778,1.35986948
0.6400000000000329,1.40863833,1.35986873
0.6960000000000037,1.4086389,1.35986797
0.752000000000021,1.40863949,1.35986718
0.8079999999999918,1.40864013,1.35986637
0.864000000000009,1.4086408,1.35986552
0.9200000000000261,1.40864151,1.35986465
0.975999999999997,1.40864226,1.35986375
1.0320000000000142,1.40864305,1.35986283
1.0880000000000314,1.40864386,1.35986189
1.1440000000000021,1.40864471,1.35986092
1.2000000000000195,1.40864558,1.35985994
1.2560000000000366,1.40864647,1.35985895
1.3120000000000074,1.40864738,1.35985795
1.3680000000000245,1.4086483,1.35985693
1.4239999999999955,1.40864924,1.35985592
1.4800000000000126,1.40865018,1.3598549
1.5360000000000298,1.40865114,1.35985388
1.5920000000000007,1.40865209,1.35985286
1.648000000000018,1.40865305,1.35985184
1.704000000000035,1.40865402,1.35985082
1.7600000000000058,1.40865498,1.3598498
1.8160000000000232,1.40865594,1.35984878
1.871999999999994,1.40865691,1.35984776
1.928000000000011,1.40865787,1.35984675
1.9840000000000282,1.40865884,1.35984574
1.599999999196885e-05,1.40865912,1.35984544
0.005616000000016848,1.40866931,1.35983535
0.016816000000020283,1.4086867,1.35981891
0.03921600000002715,1.40865068,1.35986666
0.08401599999999458,1.40799134,1.36061834
0.14001600000001174,1.40573417,1.36310926
0.19601600000002894,1.40176541,1.36735046
0.2520159999999998,1.39615163,1.37313265
0.25761600000002466,1.39548573,1.3738039
0.2688160000000281,1.39412778,1.37516766
0.29121600000003495,1.39131699,1.37796414
0.33601600000000237,1.3856974,1.3834858
0.39201600000001957,1.37914981,1.38984605
0.4480160000000368,1.37339609,1.39539846
0.5040160000000076,1.36848977,1.40012035
0.5600160000000248,1.3644034,1.40404531
0.6160159999999957,1.36108057,1.40722855
0.6720160000000128,1.35844984,1.40974144
0.72801600000003,1.35643066,1.41166411
0.7840160000000008,1.35493866,1.41308
0.8400160000000181,1.35389037,1.41407114
0.8960160000000352,1.3532065,1.41471511
0.9520160000000061,1.35281435,1.41508271
1.0080160000000233,1.35264893,1.41523696
1.064015999999994,1.35265378,1.41523233
1.1200160000000112,1.35278097,1.41511487
1.1760160000000284,1.35299086,1.41492243
1.2320159999999993,1.35325135,1.41468548
1.2880160000000165,1.35353723,1.41442772
1.3440160000000336,1.35382928,1.41416704
1.4000160000000046,1.35411346,1.41391634
1.4560160000000217,1.35437999,1.41368437
1.5120159999999925,1.35462266,1.41347653
1.5680160000000098,1.35483799,1.41329558
1.624016000000027,1.35502468,1.41314228
1.6800159999999977,1.35518301,1.41301592
1.7360160000000149,1.3553144,1.41291473
1.792016000000032,1.35542099,1.41283635
1.848016000000003,1.35550541,1.412778
1.9040160000000201,1.35557046,1.41273682
1.960015999999991,1.35561897,1.41270994
1.9999999999999982,1.35564493,1.41269807
0.005600000000023069,1.35563802,1.41270701
0.016800000000026506,1.35562767,1.41272212
0.039200000000033375,1.35568596,1.41268316
0.0840000000000008,1.35645449,1.41202691
0.14000000000001797,1.35896649,1.40979352
0.19600000000003515,1.36323682,1.4058696
0.252000000000006,1.36906042,1.40031664
0.2576000000000309,1.3697366,1.39965754
0.26880000000003434,1.37111048,1.39831337
0.29119999999999485,1.37392852,1.39553127
0.3360000000000086,1.37949531,1.38997119
0.3920000000000258,1.38590863,1.38349562
0.4479999999999966,1.39150647,1.3778063
0.5040000000000139,1.39626443,1.37295289
0.560000000000031,1.40021479,1.36890584
0.6160000000000019,1.40341453,1.36561074
0.672000000000019,1.4059365,1.36299764
0.7280000000000362,1.40786171,1.36098697
0.784000000000007,1.40927468,1.3594958
0.8400000000000243,1.41025825,1.35844185
0.8959999999999951,1.41089093,1.35774711
0.9520000000000123,1.41124431,1.35733992
0.9999920000000244,1.41137245,1.35717212
1.005592000000003,1.41138777,1.3571527
1.0167920000000064,1.41141228,1.35712084
1.0391920000000132,1.41137299,1.35715612
1.0839920000000272,1.41064782,1.35794534
1.139991999999998,1.40822273,1.36057494
1.195992000000015,1.40402242,1.36502512
1.2519920000000322,1.3981419,1.37105761
1.257592000000011,1.39744809,1.37175547
1.2687920000000144,1.39603416,1.37317274
1.2911920000000212,1.39311082,1.37607744
1.335992000000035,1.38726727,1.3818167
1.3919920000000057,1.38044914,1.38844301
1.4479920000000228,1.37444334,1.39424602
1.5039919999999938,1.36930934,1.39919647
1.559992000000011,1.36502287,1.40332423
1.615992000000028,1.3615286,1.40668301
1.671991999999999,1.35875462,1.40934429
1.7279920000000162,1.35661876,1.4113895
1.7839920000000333,1.35503436,1.41290412
1.8399920000000043,1.3539152,1.41397271
1.8959920000000214,1.35317909,1.41467558
1.9519919999999922,1.35275039,1.4150863
1.9999840000000044,1.3525771,1.41525481
0.005584000000029291,1.35255779,1.41527435
0.016784000000032728,1.35252637,1.41530717
0.03918399999999327,1.35256356,1.41528401
0.08398400000000703,1.35336196,1.41459253
0.1399840000000242,1.356018,1.41221752
0.19598399999999505,1.36051538,1.408078
0.25198400000001225,1.36661625,1.40226674
0.2575840000000371,1.36732214,1.40158022
0.26878399999999425,1.36875583,1.40018093
0.2911840000000011,1.37169526,1.39728752
0.3359840000000148,1.37750749,1.39150429
0.39198400000003203,1.38422325,1.38475704
0.4479840000000029,1.39010824,1.3788132
0.5039840000000201,1.39513019,1.37372922
0.5599840000000372,1.39931675,1.36947937
0.6159840000000081,1.40272278,1.3660107
0.6719840000000252,1.40542092,1.36325297
0.7279839999999961,1.40749332,1.36112511
0.7839840000000133,1.40902654,1.35954187
0.8399840000000305,1.41010609,1.35841815
0.8959840000000013,1.41081336,1.35767293
0.9519840000000185,1.41122296,1.35723149
0.9999760000000307,1.41138683,1.35704508
1.0055760000000094,1.41140559,1.35702412
1.0167760000000128,1.41143671,1.35698938
1.0391760000000196,1.41140923,1.35702006
1.0839760000000334,1.41070251,1.35780427
1.139976000000004,1.40829231,1.36043407
1.1959760000000212,1.40409967,1.3648899
1.2519759999999922,1.39822144,1.3709318
1.2575760000000171,1.3975276,1.37163078
1.2687760000000206,1.39611352,1.37305031
1.2911760000000274,1.39318951,1.37595977
1.3359759999999947,1.38734331,1.38170915
1.3919760000000119,1.38052006,1.38834869
1.4479760000000292,1.37450789,1.3941649
1.503976,1.36936692,1.39912796
1.5599760000000171,1.36507339,1.40326737
1.6159760000000343,1.36157233,1.40663662
1.6719760000000052,1.35879204,1.40930707
1.7279760000000224,1.35665053,1.41136011
1.7839759999999933,1.35506118,1.41288126
1.8399760000000105,1.35393779,1.41395517
1.8959760000000276,1.35319816,1.41466223
1.9519759999999984,1.3527666,1.41507616
0.007976000000015639,1.35257529,1.41526276
0.06397600000003281,1.35256511,1.41527914
0.11997600000000368,1.35268576,1.41517368
0.17597600000002084,1.35289553,1.41498634
0.23197599999999172,1.35316053,1.41474935
0.2879760000000089,1.35345407,1.41448793
0.34397600000002604,1.35375572,1.41422121
0.39997599999999695,1.35405048,1.41396303
0.4559760000000141,1.35432787,1.41372293
0.5119760000000313,1.35458111,1.41350686
0.5679760000000021,1.35480636,1.413318
0.6239760000000193,1.35500208,1.41315738
0.6799760000000364,1.3551684,1.41302444
0.7359760000000073,1.3553067,1.41291753
0.7919760000000245,1.35541913,1.41283428
0.8479759999999954,1.35550836,1.41277191
0.9039760000000125,1.35557727,1.41272748
0.9599760000000297,1.3556288,1.41269806
1.0000160000000085,1.35565649,1.41268475
1.0056160000000334,1.35564978,1.41269352
1.0168160000000368,1.35563983,1.41270829
1.0392159999999973,1.35569884,1.41266872
1.084016000000011,1.35646854,1.41201146
1.1400160000000281,1.35898154,1.40977712
1.196015999999999,1.36325243,1.40585253
1.2520160000000162,1.36907621,1.40029914
1.2576159999999947,1.36975239,1.39964
1.2688159999999982,1.37112626,1.39829577
1.291216000000005,1.37394426,1.39551356
1.336016000000019,1.37951086,1.38995333
1.3920160000000361,1.38592382,1.38347769
1.4480160000000069,1.39152122,1.37778841
1.504016000000024,1.39627871,1.37293513
1.560015999999995,1.4002286,1.36888826
1.616016000000012,1.40342788,1.36559339
1.6720160000000293,1.40594944,1.36298052
1.7280160000000002,1.40787428,1.36097009
1.7840160000000174,1.40928692,1.35947915
1.8400160000000345,1.41027023,1.35842542
1.8960160000000053,1.41090269,1.35773089
1.9520160000000226,1.4112559,1.35732389
8.000000034706817e-06,1.41138392,1.35715624
0.005608000000013264,1.41139923,1.35713684
0.0168080000000167,1.41142372,1.35710501
0.03920800000002357,1.41138439,1.35714035
0.08400799999999099,1.41065918,1.35792968
0.14000800000000818,1.40823411,1.36055943
0.19600800000002536,1.40403389,1.3650098
0.2520079999999962,1.39815353,1.37104253
0.2576080000000211,1.39745974,1.37174041
0.2688080000000245,1.39604584,1.37315773
0.2912080000000314,1.39312258,1.37606255
0.3360079999999988,1.3872792,1.38180203
0.392008000000016,1.38046127,1.3884286
0.44800800000003316,1.37445566,1.39423185
0.504008000000004,1.36932182,1.3991825
0.5600080000000212,1.36503549,1.40331041
0.616007999999992,1.36154132,1.40666931
0.6720080000000093,1.35876741,1.40933068
0.7280080000000264,1.3566316,1.41137595
0.7840079999999973,1.35504723,1.4128906
0.8400080000000144,1.35392807,1.41395921
0.8960080000000317,1.35319195,1.41466208
0.9520080000000025,1.35276323,1.41507279
1.0080080000000196,1.35257417,1.41525701
1.064008000000037,1.35256572,1.41527173
1.1200080000000077,1.35268765,1.41516521
1.1760080000000248,1.35289833,1.41497728
1.2320079999999958,1.35316395,1.41474009
1.288008000000013,1.35345787,1.41447875
1.34400800000003,1.35375972,1.41421231
1.400008000000001,1.35405456,1.41395456
1.4560080000000182,1.35433193,1.41371497
1.5120080000000353,1.35458509,1.41349946
1.568008000000006,1.35481023,1.41331118
1.6240080000000234,1.35500581,1.41315112
1.6800079999999942,1.355172,1.41301873
1.7360080000000113,1.35531017,1.41291231
1.7920080000000285,1.35542249,1.41282951
1.8480079999999994,1.35551163,1.41276753
1.9040080000000166,1.35558046,1.41272344
1.9600080000000337,1.35563193,1.4126943
1.9999919999999947,1.35565954,1.41268119
0.005592000000019485,1.35565284,1.41268998
0.01679200000002292,1.35564288,1.41270479
0.03919200000002979,1.35570188,1.41266531
0.08399199999999721,1.35647157,1.41200818
0.13999200000001438,1.35898456,1.40977398
0.19599200000003156,1.36325543,1.40584948
0.25199200000000244,1.36907919,1.40029614
0.2575920000000273,1.36975536,1.39963701
0.26879200000003073,1.37112923,1.39829278
0.2911919999999913,1.37394722,1.39551058
0.335992000000005,1.37951379,1.38995036
0.3919920000000222,1.38592672,1.38347472
0.44799199999999306,1.3915241,1.37778543
0.5039920000000102,1.39628158,1.37293213
0.5599920000000275,1.40023146,1.36888525
0.6159919999999983,1.40343074,1.36559036
0.6719920000000155,1.4059523,1.36297748
0.7279920000000326,1.40787714,1.36096704
0.7839920000000035,1.40928979,1.3594761
0.8399920000000207,1.4102731,1.35842236
0.8959919999999916,1.41090558,1.35772783
0.9519920000000087,1.41125879,1.35732083
0.9999840000000209,1.41138683,1.35715317
1.0055839999999994,1.41140214,1.35713377
1.0167840000000028,1.41142663,1.35710195
1.0391840000000097,1.41138731,1.35713729
1.0839840000000236,1.41066211,1.35792662
1.1399839999999943,1.40823707,1.36055638
1.1959840000000115,1.40403689,1.36500677
1.2519840000000286,1.39815658,1.37103953
1.2575840000000074,1.39746279,1.37173742
1.2687840000000108,1.3960489,1.37315475
1.2911840000000177,1.39312567,1.37605959
1.3359840000000314,1.38728233,1.3817991
1.391984000000002,1.38046446,1.38842573
1.4479840000000193,1.3744589,1.39422902
1.5039840000000366,1.36932509,1.3991797
1.5599840000000074,1.36503878,1.40330765
1.6159840000000245,1.36154464,1.40666656
1.6719839999999955,1.35877074,1.40932796
1.7279840000000126,1.35663494,1.41137324
1.7839840000000298,1.35505057,1.4128879
1.8399840000000007,1.35393141,1.41395651
1.8959840000000179,1.35319528,1.41465937
1.951984000000035,1.35276655,1.41507008
0.007984000000005832,1.35257748,1.4152543
0.06398400000002301,1.35256901,1.41526901
0.11998399999999387,1.35269093,1.41516248
0.17598400000001105,1.3529016,1.41497454
0.23198400000002822,1.3531672,1.41473733
0.2879839999999991,1.35346111,1.41447598
0.3439840000000163,1.35376294,1.41420953
0.3999840000000334,1.35405777,1.41395177
0.4559840000000043,1.35433512,1.41371217
0.5119840000000214,1.35458827,1.41349665
0.5679839999999923,1.35481339,1.41330836
0.6239840000000095,1.35500897,1.41314829
0.6799840000000267,1.35517515,1.41301588
0.7359839999999975,1.35531331,1.41290946
0.7919840000000147,1.35542562,1.41282665
0.8479840000000319,1.35551475,1.41276466
0.9039840000000028,1.35558357,1.41272057
0.9599840000000199,1.35563503,1.41269143
1.015984000000037,1.35567196,1.41267448
1.071984000000008,1.355697,1.41266714
1.1279840000000252,1.35571254,1.41266716
1.183983999999996,1.35572069,1.41267255
1.239984000000013,1.35572327,1.41268165
1.2959840000000304,1.3557218,1.41269308
1.3519840000000012,1.35571754,1.41270575
1.4079840000000183,1.35571151,1.4127188
1.4639840000000355,1.35570448,1.4127316
1.5199840000000064,1.35569708,1.41274369
1.5759840000000236,1.35568972,1.41275478
1.6319839999999946,1.35568273,1.41276467
1.6879840000000117,1.35567629,1.41277331
1.7439840000000288,1.35567053,1.41278069
1.7999839999999996,1.35566547,1.41278685
1.855984000000017,1.35566114,1.41279188
1.911984000000034,1.3556575,1.41279589
1.9679840000000048,1.35565448,1.41279902
1.6000000024900976e-05,1.35565301,1.41280045
0.005616000000003458,1.35564281,1.4128108
0.016816000000006895,1.35562611,1.41282853
0.03921600000001377,1.35567306,1.41279367
0.08401600000002751,1.35642382,1.41214163
0.14001599999999836,1.35892141,1.40990733
0.19601600000001554,1.36318421,1.40597736
0.2520160000000327,1.36900541,1.40041487
0.2576160000000113,1.3696816,1.39975466
0.2688160000000147,1.37105557,1.39840823
0.29121600000002157,1.37387418,1.39562141
0.33601600000003534,1.37944336,1.39005136
0.3920160000000062,1.38586143,1.38356285
0.44801600000002334,1.39146525,1.37786067
0.5040159999999942,1.39622979,1.37299502
0.5600160000000114,1.40018682,1.36893667
0.6160160000000285,1.40339299,1.36563146
0.6720159999999994,1.40592093,1.36300951
0.7280160000000166,1.40785152,1.3609913
0.7840160000000338,1.40926918,1.35949386
0.8400160000000046,1.41025677,1.35843482
0.8960160000000218,1.4108928,1.35773608
0.9520159999999926,1.41124891,1.35732584
1.000008000000005,1.41137895,1.3571561
1.0056080000000298,1.41139446,1.3571365
1.0168080000000332,1.41141935,1.35710429
1.0392079999999937,1.41138076,1.35713892
1.0840080000000074,1.4106568,1.35792716
1.1400080000000246,1.40823293,1.36055602
1.1960079999999955,1.40403357,1.36500593
1.2520080000000127,1.39815378,1.37103854
1.2576079999999912,1.39746004,1.37173643
1.2688079999999946,1.39604622,1.37315376
1.2912080000000015,1.39312311,1.37605863
1.3360080000000152,1.38727992,1.38179832
1.3920080000000326,1.38046213,1.38842528
1.4480080000000033,1.37445655,1.39422901
1.5040080000000204,1.36932266,1.3991802
1.5600079999999914,1.36503624,1.40330869
1.6160080000000085,1.36154197,1.40666814
1.6720080000000257,1.35876795,1.40933006
1.7280079999999967,1.35663204,1.41137583
1.7840080000000138,1.35504757,1.41289095
1.840008000000031,1.35392832,1.41395997
1.8960080000000017,1.35319214,1.41466319
1.9520080000000188,1.35276337,1.4150742
0.008008000000036127,1.35257427,1.41525869
0.06400800000000699,1.35256579,1.41527362
0.12000800000002416,1.35268772,1.41516727
0.17600799999999503,1.3528984,1.41497948
0.2320080000000122,1.35316402,1.4147424
0.28800800000002935,1.35345795,1.41448114
0.3440080000000002,1.35375982,1.41421476
0.4000080000000174,1.35405467,1.41395705
0.4560080000000346,1.35433206,1.41371749
0.5120080000000055,1.35458524,1.41350199
0.5680080000000226,1.35481039,1.41331372
0.6240079999999935,1.35500599,1.41315366
0.6800080000000106,1.35517219,1.41302125
0.7360080000000279,1.35531037,1.41291482
0.7920079999999987,1.35542269,1.41283201
0.8480080000000159,1.35551183,1.41277001
0.904008000000033,1.35558066,1.41272591
0.9600080000000039,1.35563213,1.41269676
0.9999920000000111,1.35565975,1.41268363
1.005592000000036,1.35565304,1.41269242
1.016791999999993,1.35564309,1.41270724
1.039192,1.35570208,1.41266774
1.0839920000000136,1.35647177,1.41201061
1.1399920000000308,1.35898474,1.40977641
1.1959920000000017,1.3632556,1.40585192
1.2519920000000189,1.36907935,1.40029859
1.2575919999999974,1.36975553,1.39963947
1.2687920000000008,1.37112939,1.39829524
1.2911920000000077,1.37394737,1.39551306
1.3359920000000216,1.37951394,1.38995286
1.3919919999999923,1.38592686,1.38347724
1.4479920000000095,1.39152423,1.37778796
1.5039920000000266,1.3962817,1.37293468
1.5599919999999976,1.40023157,1.36888781
1.6159920000000147,1.40343084,1.36559292
1.671992000000032,1.40595238,1.36298005
1.7279920000000029,1.40787722,1.3609696
1.78399200000002,1.40928986,1.35947866
1.8399920000000372,1.41027316,1.35842491
1.895992000000008,1.41090562,1.35773037
1.9519920000000253,1.41125883,1.35732336
0.007991999999996027,1.41139651,1.35713999
0.0639920000000132,1.41137376,1.35712468
0.11999200000003038,1.4112372,1.3572303
0.17599200000000123,1.41102523,1.35741782
0.2319920000000184,1.4107687,1.3576557
0.2879920000000356,1.41049168,1.35791918
0.34399200000000646,1.41021235,1.35818943
0.3999920000000236,1.40994379,1.35845269
0.4559919999999945,1.40969496,1.35869941
0.5119920000000117,1.40947134,1.35892351
0.5679920000000288,1.4092758,1.35912162
0.6239919999999997,1.40910913,1.35929249
0.6799920000000169,1.40897062,1.35943641
0.7359920000000341,1.40885852,1.35955478
0.7919920000000049,1.40877042,1.35964972
0.8479920000000221,1.40870349,1.35972377
0.9039919999999929,1.40865482,1.35977965
0.9599920000000102,1.40862147,1.35982013
1.0159920000000273,1.40860068,1.35984784
1.071991999999998,1.40858989,1.35986523
1.1279920000000154,1.40858684,1.35987448
1.1839920000000326,1.40858955,1.35987753
1.2399920000000033,1.40859635,1.359876
1.2959920000000205,1.40860586,1.35987128
1.3519919999999914,1.40861697,1.35986448
1.4079920000000086,1.40862879,1.35985648
1.4639920000000257,1.40864067,1.35984796
1.5199919999999967,1.40865213,1.35983943
1.5759920000000138,1.40866284,1.35983123
1.631992000000031,1.40867259,1.35982363
1.687992000000002,1.40868128,1.35981674
1.743992000000019,1.40868887,1.35981064
1.7999920000000362,1.40869539,1.35980533
1.855992000000007,1.4087009,1.35980079
1.9119920000000241,1.40870549,1.35979696
1.967991999999995,1.40870926,1.35979377
0.023992000000012257,1.40871232,1.35979114
0.07999200000002943,1.40871478,1.35978897
0.13599200000000028,1.40871673,1.35978719
0.19199200000001748,1.40871829,1.35978572
0.24799200000003466,1.40871952,1.3597845
0.3039920000000055,1.40872051,1.35978346
0.3599920000000227,1.40872133,1.35978255
0.41599199999999353,1.40872202,1.35978174
0.47199200000001074,1.40872263,1.35978097
0.5279920000000279,1.4087232,1.35978024
0.5839919999999987,1.40872375,1.35977951
0.6399920000000159,1.40872431,1.35977877
0.6959920000000331,1.40872488,1.35977802
0.751992000000004,1.40872548,1.35977724
0.8079920000000211,1.40872612,1.35977643
0.863991999999992,1.40872679,1.35977559
0.9199920000000091,1.4087275,1.35977472
0.9759920000000264,1.40872824,1.35977383
1.0319919999999971,1.40872902,1.35977291
1.0879920000000143,1.40872983,1.35977198
1.1439920000000317,1.40873067,1.35977102
1.1999920000000024,1.40873153,1.35977005
1.2559920000000195,1.40873241,1.35976907
1.3119920000000367,1.40873331,1.35976808
1.3679920000000076,1.40873423,1.35976708
1.4239920000000248,1.40873516,1.35976608
1.4799919999999958,1.40873609,1.35976507
1.535992000000013,1.40873703,1.35976407
1.59199200000003,1.40873798,1.35976306
1.6479920000000008,1.40873893,1.35976206
1.7039920000000182,1.40873989,1.35976106
1.7599920000000353,1.40874084,1.35976005
1.815992000000006,1.4087418,1.35975905
1.8719920000000232,1.40874275,1.35975806
1.9279919999999942,1.40874371,1.35975706
1.9839920000000113,1.40874467,1.35975607
8.00000002131683e-06,1.40874495,1.35975578
0.0056079999999998735,1.40875514,1.35974569
0.01680800000000331,1.40877253,1.35972925
0.03920800000001018,1.40873653,1.359777
0.08400800000002392,1.40807732,1.3605287
0.14000799999999478,1.4058206,1.36301979
0.19600800000001195,1.40185262,1.36726149
0.25200800000002915,1.39623989,1.37304454
0.2576080000000077,1.39557411,1.37371589
0.26880800000001115,1.39421639,1.37507988
0.291208000000018,1.3914061,1.37787685
0.3360080000000317,1.38578753,1.38339954
0.3920080000000026,1.37924115,1.38976105
0.4480080000000198,1.37348846,1.39531456
0.504008000000037,1.36858295,1.40003736
0.5600080000000078,1.36449716,1.40396302
0.616008000000025,1.3611747,1.40714677
0.6720079999999958,1.35854415,1.40966001
0.728008000000013,1.356525,1.41158288
0.7840080000000302,1.3550329,1.41299882
0.8400080000000011,1.35398439,1.41398991
0.8960080000000182,1.35330023,1.41463372
0.9520080000000354,1.35290771,1.4150011
1.0000000000000013,1.35275495,1.41514299
1.0056000000000263,1.35273743,1.41516004
1.0168000000000297,1.35270938,1.41518809
1.0392000000000365,1.35275215,1.41515657
1.0840000000000038,1.35355761,1.41445251
1.140000000000021,1.35621595,1.41206818
1.195999999999992,1.3607099,1.40792479
1.252000000000009,1.36680319,1.4021136
1.257600000000034,1.36750813,1.40142726
1.2688000000000375,1.36893985,1.40002842
1.291199999999998,1.37187509,1.39713616
1.3360000000000116,1.37767816,1.3913561
1.3920000000000288,1.38438171,1.38461406
1.4479999999999997,1.39025442,1.37867628
1.5040000000000169,1.39526458,1.37359874
1.560000000000034,1.39944022,1.36935529
1.616000000000005,1.40283642,1.36589271
1.6720000000000221,1.40552596,1.36314059
1.7279999999999929,1.40759101,1.36101773
1.7840000000000102,1.4091181,1.35943884
1.8400000000000274,1.41019267,1.35831883
1.8959999999999981,1.41089602,1.35757669
1.9520000000000153,1.41130264,1.35713777
1.9999920000000275,1.41146462,1.35695311
0.005592000000006096,1.41148319,1.35693233
0.016792000000009532,1.41151397,1.35689794
0.0391920000000164,1.41148587,1.35692926
0.08399200000003014,1.41077833,1.35771458
0.139992000000001,1.40836783,1.36034562
0.19599200000001818,1.40417565,1.3648027
0.25199200000003535,1.39829845,1.37084599
0.2575920000000139,1.39760473,1.37154511
0.26879200000001735,1.39619092,1.37296494
0.2911920000000242,1.3932675,1.37587502
0.33599199999999163,1.38742258,1.38162563
0.39199200000000883,1.380601,1.38826657
0.447992000000026,1.37459043,1.39408396
0.5039919999999969,1.36945088,1.39904795
0.559992000000014,1.36515857,1.40318806
0.6159920000000312,1.36165852,1.40655781
0.671992000000002,1.35887904,1.40922859
0.7279920000000193,1.35673814,1.41128182
0.7839920000000364,1.35514923,1.41280303
0.8399920000000073,1.35402612,1.41387689
0.8959920000000244,1.35328662,1.41458383
0.9519919999999953,1.35285507,1.41499757
1.0079920000000124,1.35266368,1.41518394
1.0639920000000296,1.35265333,1.41520004
1.1199920000000005,1.35277376,1.41509429
1.1759920000000177,1.35298325,1.41490663
1.2319920000000348,1.35324793,1.41466933
1.2879920000000058,1.35354114,1.41440759
1.343992000000023,1.35384245,1.41414055
1.3999919999999937,1.35413687,1.41388207
1.455992000000011,1.35441392,1.41364167
1.5119920000000282,1.35466684,1.41342532
1.567991999999999,1.35489178,1.41323621
1.623992000000016,1.3550872,1.41307535
1.6799920000000332,1.35525325,1.41294219
1.7359920000000042,1.3553913,1.41283508
1.7919920000000213,1.3555035,1.41275165
1.8479919999999923,1.35559253,1.41268912
1.9039920000000095,1.35566126,1.41264454
1.9599920000000266,1.35571262,1.41261499
1.9999760000000337,1.35574017,1.41260162
0.005576000000012317,1.35573345,1.41261038
0.016776000000015754,1.35572348,1.41262513
0.03917600000002262,1.35578245,1.4125855
0.08397600000003637,1.35655207,1.41192801
0.13997600000000723,1.35906485,1.40969312
0.1959760000000244,1.36333524,1.40576765
0.25197599999999526,1.3691582,1.40021312
0.2575760000000201,1.36983427,1.39955387
0.26877600000002355,1.37120793,1.39820938
0.29117600000003047,1.37402548,1.39542665
0.3359759999999979,1.37959111,1.38986536
0.39197600000001503,1.3860029,1.38338846
0.44797600000003224,1.39159929,1.3776981
0.5039760000000031,1.39635596,1.37284398
0.5599760000000202,1.40030522,1.36879651
0.6159760000000374,1.40350405,1.36550123
0.6719760000000082,1.40602531,1.36288816
0.7279760000000255,1.40795001,1.36087767
0.7839759999999963,1.40936263,1.35938682
0.8399760000000135,1.41034602,1.35833329
0.8959760000000306,1.41097865,1.35763904
0.9519760000000015,1.4113321,1.35723239
1.0000240000000316,1.41146046,1.35706496
1.00562400000001,1.41147579,1.35704561
1.0168240000000135,1.41150031,1.35701391
1.0392240000000204,1.41146107,1.35704947
1.084024000000034,1.41073618,1.35783926
1.140024000000005,1.40831183,1.36046971
1.1960240000000222,1.4041127,1.36492105
1.2520239999999931,1.39823369,1.37095508
1.2576240000000178,1.39754005,1.37165311
1.2688240000000213,1.39612645,1.37307074
1.2912240000000283,1.39320381,1.37597619
1.3360239999999957,1.3873617,1.381717
1.3920240000000128,1.38054531,1.38834517
1.44802400000003,1.37454107,1.39414983
1.504024000000001,1.36940835,1.39910167
1.560024000000018,1.3651229,1.40323055
1.6160240000000352,1.3616294,1.40659021
1.6720240000000062,1.35885596,1.40925215
1.7280240000000233,1.35672044,1.41129782
1.784023999999994,1.35513621,1.41281271
1.8400240000000112,1.35401707,1.41388144
1.8960240000000286,1.35328085,1.4145843
1.9520239999999993,1.35285194,1.41499492
1.600000001151099e-05,1.35267841,1.41516327
0.00561600000003639,1.35265907,1.41518278
0.016815999999993503,1.35262759,1.41521556
0.039216000000000376,1.35266465,1.41519228
0.08401600000001412,1.35346276,1.41450041
0.14001600000003128,1.35611825,1.41212453
0.19601600000000216,1.36061473,1.40798374
0.25201600000001934,1.36671428,1.40217088
0.2576159999999979,1.36742002,1.40148418
0.26881600000000133,1.36885339,1.40008454
0.2912160000000082,1.37179214,1.3971904
0.33601600000002196,1.37760297,1.39140567
0.3920159999999928,1.384317,1.38465663
0.44801600000000996,1.39020046,1.37871121
0.5040160000000271,1.39522111,1.37362594
0.560015999999998,1.39940661,1.36937507
0.6160160000000152,1.40281181,1.36590563
0.6720160000000324,1.40550933,1.36314737
0.7280160000000032,1.4075813,1.36101919
0.7840160000000204,1.40911426,1.3594358
0.8400160000000376,1.41019369,1.35831208
0.8960160000000085,1.41090096,1.35756698
0.9520160000000256,1.41131067,1.35712577
1.0000079999999916,1.41147471,1.35693963
1.0056080000000163,1.41149349,1.3569187
1.0168080000000197,1.41152467,1.35688402
1.0392080000000266,1.4114973,1.35691484
1.084007999999994,1.41079096,1.35769936
1.1400080000000112,1.40838157,1.36032976
1.1960080000000284,1.40419015,1.36478656
1.2520079999999993,1.39831344,1.37082985
1.2576080000000243,1.39761976,1.37152899
1.2688080000000277,1.39620601,1.37294886
1.2912080000000346,1.3932827,1.37585903
1.3360080000000019,1.38743791,1.3816099
1.392008000000019,1.38061637,1.38825125
1.4480080000000362,1.37460569,1.39406908
1.5040080000000071,1.36946596,1.39903352
1.5600080000000243,1.3651734,1.40317407
1.6160079999999952,1.36167305,1.40654421
1.6720080000000124,1.35889327,1.40921535
1.7280080000000295,1.35675206,1.41126887
1.7840080000000003,1.35516284,1.41279033
1.8400080000000176,1.35403945,1.41386439
1.8960080000000348,1.35329969,1.41457148
1.9520080000000055,1.3528679,1.41498533
0.008008000000022737,1.35267629,1.41517177
0.0640079999999936,1.35266575,1.41518791
0.12000800000001077,1.352786,1.41508216
0.17600800000002795,1.35299534,1.4148945
0.2320079999999988,1.3532599,1.41465716
0.288008000000016,1.353553,1.41439539
0.3440080000000332,1.35385421,1.4141283
0.400008000000004,1.35414855,1.41386976
0.4560080000000212,1.35442553,1.41362931
0.512007999999992,1.35467839,1.4134129
0.5680080000000093,1.35490328,1.41322374
0.6240080000000264,1.35509867,1.41306282
0.6800079999999973,1.35526469,1.41292962
0.7360080000000144,1.3554027,1.41282246
0.7920080000000316,1.35551488,1.41273899
0.8480080000000024,1.35560389,1.41267642
0.9040080000000197,1.3556726,1.41263182
0.9600080000000368,1.35572395,1.41260224
1.0160080000000078,1.35576077,1.41258492
1.072008000000025,1.35578571,1.41257728
1.1280079999999957,1.35580115,1.41257705
1.1840080000000128,1.35580921,1.41258224
1.24000800000003,1.3558117,1.41259119
1.296008000000001,1.35581016,1.4126025
1.352008000000018,1.35580583,1.41261509
1.4080080000000352,1.35579973,1.41262808
1.4640080000000062,1.35579266,1.41264085
1.5200080000000233,1.35578521,1.41265292
1.576007999999994,1.35577781,1.412664
1.6320080000000114,1.35577078,1.41267391
1.6880080000000286,1.35576432,1.41268257
1.7440079999999993,1.35575853,1.41268996
1.8000080000000165,1.35575346,1.41269615
1.8560080000000339,1.35574912,1.41270121
1.9120080000000046,1.35574546,1.41270526
1.9680080000000217,1.35574244,1.41270842
0.024007999999992646,1.35573999,1.41271081
0.08000800000000982,1.35573802,1.41271256
0.136008000000027,1.35573646,1.41271379
0.19200799999999785,1.35573526,1.41271459
0.24800800000001502,1.35573432,1.41271508
0.3040080000000322,1.3557336,1.41271533
0.36000800000000305,1.35573305,1.41271541
0.41600800000002025,1.35573262,1.41271538
0.47200800000003745,1.35573228,1.41271529
0.5280080000000082,1.35573199,1.41271517
0.5840080000000255,1.35573174,1.41271505
0.6400079999999964,1.3557315,1.41271496
0.6960080000000135,1.35573127,1.41271491
0.7520080000000307,1.35573103,1.41271491
0.8080080000000015,1.35573078,1.41271496
0.8640080000000188,1.35573052,1.41271506
0.9200080000000359,1.35573025,1.41271522
0.9760080000000068,1.35572996,1.41271543
1.032008000000024,1.35572965,1.41271568
1.0880079999999948,1.35572934,1.41271598
1.144008000000012,1.35572901,1.41271631
1.200008000000029,1.35572868,1.41271668
1.256008,1.35572833,1.41271707
1.3120080000000172,1.35572799,1.41271749
1.3680080000000343,1.35572764,1.41271793
1.4240080000000053,1.35572729,1.41271838
1.4800080000000224,1.35572694,1.41271884
1.5360079999999932,1.35572659,1.41271932
1.5920080000000105,1.35572624,1.4127198
1.6480080000000277,1.35572589,1.41272028
1.7040079999999984,1.35572554,1.41272077
1.7600080000000156,1.35572519,1.41272126
1.8160080000000327,1.35572485,1.41272175
1.8720080000000037,1.35572451,1.41272224
1.9280080000000208,1.35572416,1.41272273
1.9840079999999918,1.35572382,1.41272322
2.400000000170515e-05,1.35572373,1.41272336
0.005624000000026584,1.35571372,1.41273354
0.01682400000003002,1.35569742,1.41275093
0.03922400000003689,1.3557451,1.41271547
0.08402400000000432,1.35649711,1.4120624
0.1400240000000215,1.35899577,1.40982701
0.19602399999999234,1.36325904,1.40589606
0.2520240000000095,1.36908014,1.40033266
0.2576240000000344,1.36975629,1.39967237
0.2688239999999915,1.37113016,1.39832577
0.2912239999999984,1.37394853,1.39553863
0.33602400000001215,1.37951708,1.38996797
0.3920240000000293,1.38593428,1.38347886
0.44802400000000014,1.39153725,1.37777633
0.5040240000000173,1.39630104,1.37291055
0.5600240000000345,1.40025745,1.3688523
0.6160240000000053,1.40346313,1.36554733
0.6720240000000226,1.40599072,1.36292577
0.7280239999999935,1.40792107,1.36090802
0.7840240000000106,1.40933862,1.35941112
0.8400240000000277,1.4103262,1.35835265
0.8960239999999986,1.41096232,1.35765451
0.9520240000000159,1.4113186,1.35724489
1.000016000000028,1.41144882,1.35707566
1.0056160000000065,1.41146436,1.35705611
1.01681600000001,1.4114893,1.35702402
1.0392160000000168,1.41145083,1.35705888
1.0840160000000305,1.41072722,1.35784757
1.1400160000000015,1.40830406,1.36047712
1.1960160000000186,1.40410571,1.36492795
1.2520160000000358,1.39822717,1.37096176
1.2576160000000143,1.39753355,1.37165978
1.2688160000000177,1.39612001,1.37307739
1.2912160000000246,1.39319746,1.37598285
1.336015999999992,1.38735543,1.38172373
1.3920160000000092,1.38053901,1.38835214
1.4480160000000264,1.37453464,1.39415715
1.5040159999999974,1.36940176,1.39910941
1.5600160000000145,1.36511612,1.40323877
1.6160160000000316,1.36162243,1.40659891
1.6720160000000026,1.35884881,1.40926133
1.7280160000000198,1.35671314,1.41130745
1.784016000000037,1.35512878,1.41282278
1.8400160000000076,1.35400952,1.41389189
1.8960160000000248,1.35327323,1.4145951
1.9520159999999958,1.35284427,1.41500603
8.000000007926844e-06,1.35267072,1.4151746
0.0056080000000328055,1.35265138,1.41519415
0.016808000000036242,1.35261989,1.41522697
0.039207999999996794,1.35265695,1.41520379
0.08400800000001053,1.35345506,1.4145121
0.14000800000002772,1.35611057,1.41213648
0.19600799999999857,1.3606071,1.40799596
0.2520080000000157,1.36670675,1.40218337
0.2576079999999943,1.3674125,1.4014967
0.2688079999999977,1.36884589,1.40009712
0.29120800000000463,1.3717847,1.39720309
0.33600800000001835,1.37759565,1.39141858
0.39200800000003555,1.38430983,1.38466979
0.4480080000000064,1.39019342,1.37872457
0.5040080000000235,1.39521418,1.37363946
0.5600079999999944,1.39939977,1.36938871
0.6160080000000115,1.40280505,1.36591935
0.6720080000000288,1.40550262,1.36316115
0.7280079999999997,1.40757462,1.36103298
0.7840080000000168,1.4091076,1.35944959
0.840008000000034,1.41018703,1.35832585
0.8960080000000048,1.41089429,1.35758072
0.9520080000000221,1.41130398,1.35713946
1.0000000000000342,1.411468,1.35695327
1.0056000000000127,1.41148677,1.35693233
1.0168000000000161,1.41151794,1.35689765
1.039200000000023,1.41149055,1.35692844
1.0840000000000367,1.41078417,1.35771291
1.1400000000000077,1.40837471,1.36034322
1.1960000000000248,1.40418317,1.36479987
1.2519999999999958,1.39830632,1.37084298
1.2576000000000205,1.39761262,1.37154209
1.268800000000024,1.39619885,1.37296191
1.291200000000031,1.39327546,1.37587199
1.3359999999999983,1.38743055,1.38162266
1.3920000000000154,1.38060884,1.38826378
1.4480000000000326,1.37459803,1.3940814
1.5040000000000036,1.36945818,1.39904566
1.5600000000000207,1.36516552,1.40318606
1.6159999999999914,1.3616651,1.40655608
1.6720000000000088,1.35888526,1.40922712
1.728000000000026,1.35674402,1.41128057
1.7839999999999967,1.35515478,1.41280198
1.8400000000000138,1.35403138,1.41387601
1.8960000000000312,1.35329162,1.41458308
1.952000000000002,1.35285985,1.41499693
1.9999920000000142,1.35268433,1.41516736
0.005591999999992705,1.3526648,1.41518708
0.01679199999999614,1.35263292,1.41522024
0.03919200000000301,1.35266926,1.41519766
0.08399200000001676,1.35346614,1.41450689
0.13999200000003392,1.35612046,1.41213191
0.1959920000000048,1.3606161,1.40799156
0.251992000000022,1.3667151,1.40217882
0.25759200000000054,1.36742079,1.40149211
0.26879200000000397,1.36885408,1.40009246
0.29119200000001083,1.3717927,1.39719826
0.33599200000002455,1.37760333,1.39141332
0.39199199999999546,1.38431724,1.38466389
0.4479920000000126,1.39020068,1.37871797
0.5039920000000297,1.39522137,1.37363215
0.5599920000000006,1.39940696,1.36938071
0.6159920000000179,1.40281227,1.3659107
0.671992000000035,1.40550991,1.3631519
0.7279920000000059,1.40758199,1.36102321
0.783992000000023,1.40911505,1.35943936
0.8399919999999939,1.41019456,1.35831524
0.8959920000000111,1.41090191,1.35756978
0.9519920000000283,1.41131167,1.35712826
0.9999839999999941,1.41147574,1.35694189
1.005584000000019,1.41149452,1.35692094
1.0167840000000223,1.4115257,1.35688622
1.0391840000000292,1.41149834,1.35691695
1.0839839999999967,1.41079202,1.35770131
1.1399840000000139,1.40838265,1.36033153
1.195984000000031,1.40419124,1.36478819
1.251984000000002,1.39831453,1.37083136
1.257584000000027,1.39762085,1.37153049
1.2687840000000303,1.3962071,1.37295033
1.2911840000000372,1.39328378,1.37586046
1.3359840000000045,1.387439,1.38161126
1.3919840000000216,1.38061745,1.38825255
1.4479839999999926,1.37460677,1.39407033
1.5039840000000098,1.36946702,1.39903473
1.559984000000027,1.36517445,1.40317526
1.6159839999999979,1.36167409,1.40654538
1.671984000000015,1.35889429,1.40921651
1.7279840000000322,1.35675307,1.41127003
1.783984000000003,1.35516384,1.41279149
1.8399840000000203,1.35404044,1.41386556
1.8959840000000374,1.35330067,1.41457266
1.9519840000000082,1.35286887,1.41498652
1.9999760000000204,1.35269334,1.41515695
0.005575999999998927,1.35267379,1.41517667
0.016776000000002362,1.35264191,1.41520983
0.03917600000000923,1.35267824,1.41518724
0.08397600000002298,1.3534751,1.41449644
0.13997599999999383,1.35612937,1.41212138
0.195976000000011,1.36062493,1.40798092
0.2519760000000282,1.36672381,1.40216802
0.25757600000000674,1.3674295,1.40148129
0.2687760000000102,1.36886275,1.40008161
0.29117600000001703,1.37180131,1.39718733
0.3359760000000308,1.37761181,1.39140224
0.39197600000000166,1.38432557,1.38465263
0.4479760000000188,1.39020887,1.37870656
0.5039760000000361,1.39522946,1.3736206
0.5599760000000069,1.39941495,1.36936906
0.6159760000000241,1.40282019,1.36589898
0.6719759999999949,1.40551778,1.36314013
0.7279760000000121,1.40758983,1.36101141
0.7839760000000292,1.40912287,1.35942754
0.8399760000000002,1.41020238,1.35830342
0.8959760000000173,1.41090973,1.35755798
0.9519760000000345,1.41131951,1.35711649
1.0000240000000182,1.41148372,1.35693001
1.0056239999999967,1.41150249,1.35690908
1.0168240000000002,1.41153364,1.3568744
1.039224000000007,1.41150623,1.35690521
1.0840240000000207,1.41079985,1.35768971
1.1400239999999917,1.40839047,1.3603201
1.1960240000000089,1.40419913,1.36477692
1.252024000000026,1.39832254,1.37082028
1.2576240000000045,1.39762887,1.37151943
1.268824000000008,1.39621516,1.37293931
1.2912240000000148,1.3932919,1.37584953
1.3360240000000285,1.38744726,1.38160049
1.3920239999999995,1.38062589,1.38824196
1.4480240000000166,1.37461537,1.3940599
1.5040240000000338,1.36947577,1.39902443
1.5600240000000047,1.36518332,1.40316505
1.6160240000000219,1.36168306,1.40653525
1.6720239999999926,1.35890335,1.40920643
1.7280240000000098,1.35676218,1.41125998
1.7840240000000271,1.35517299,1.41278145
1.8400239999999979,1.35404961,1.41385552
1.896024000000015,1.35330985,1.4145626
1.9520240000000322,1.35287805,1.41497645
1.5999999998121006e-05,1.3527025,1.41514686
0.005616000000023,1.35268296,1.41516657
0.016816000000026435,1.35265107,1.41519973
0.03921600000003331,1.35268739,1.41517713
0.08401600000000073,1.35348423,1.41448628
0.1400160000000179,1.35613846,1.41211113
0.19601600000003508,1.36063394,1.40797054
0.25201600000000596,1.3667327,1.40215746
0.2576160000000308,1.36743837,1.40147072
0.26881600000003425,1.3688716,1.400071
0.2912159999999948,1.3718101,1.39717664
0.33601600000000853,1.37762047,1.3913914
0.39201600000002573,1.38433407,1.3846416
0.4480159999999966,1.39021723,1.37869537
0.5040160000000138,1.39523769,1.37360928
0.5600160000000309,1.39942309,1.36935763
0.6160160000000018,1.40282825,1.36588747
0.6720160000000189,1.40552578,1.36312857
0.7280160000000362,1.4075978,1.36099982
0.784016000000007,1.40913082,1.35941594
0.8400160000000242,1.41021032,1.35829182
0.896015999999995,1.41091768,1.3575464
0.9520160000000122,1.41132747,1.35710494
1.0080160000000293,1.41150634,1.35690058
1.0640160000000003,1.41151212,1.35687503
1.1200160000000174,1.41139392,1.3569787
1.1760160000000346,1.41119236,1.3571704
1.2320160000000056,1.41094021,1.35741679
1.2880160000000227,1.41066314,1.35769159
1.3440159999999934,1.41038068,1.35797474
1.4000160000000106,1.410107,1.35825152
1.456016000000028,1.40985188,1.35851167
1.5120159999999987,1.40962147,1.35874857
1.5680160000000158,1.40941912,1.3589585
1.624016000000033,1.40924594,1.35914
1.680016000000004,1.40910145,1.35929323
1.736016000000021,1.40898401,1.35941958
1.792015999999992,1.40889129,1.35952119
1.8480160000000092,1.40882047,1.35960069
1.9040160000000264,1.40876858,1.35966092
1.960015999999997,1.40873265,1.35970475
0.016016000000014352,1.40870985,1.35973496
0.07201600000003153,1.40869753,1.35975411
0.12801600000000238,1.40869337,1.35976452
0.18401600000001955,1.40869531,1.35976825
0.24001600000003676,1.40870162,1.35976701
0.2960160000000076,1.40871084,1.35976229
0.35201600000002475,1.40872182,1.35975527
0.40801599999999566,1.40873362,1.35974691
0.4640160000000128,1.40874557,1.35973793
0.52001600000003,1.40875713,1.35972889
0.5760160000000009,1.40876798,1.35972017
0.632016000000018,1.40877787,1.35971204
0.6880160000000352,1.4087867,1.35970465
0.744016000000006,1.40879441,1.3596981
0.8000160000000233,1.40880104,1.35969238
0.8560159999999941,1.40880664,1.35968748
0.9120160000000113,1.4088113,1.35968334
0.9680160000000284,1.40881512,1.35967988
1.0240159999999994,1.40881821,1.35967703
1.0800160000000165,1.40882068,1.35967469
1.1360160000000337,1.40882264,1.35967277
1.1920160000000046,1.40882418,1.35967121
1.2480160000000218,1.40882541,1.35966991
1.3040159999999925,1.40882638,1.35966882
1.3600160000000097,1.40882717,1.35966789
1.4160160000000268,1.40882784,1.35966706
1.4720159999999978,1.40882843,1.3596663
1.528016000000015,1.40882897,1.35966558
1.584016000000032,1.4088295,1.35966488
1.640016000000003,1.40883004,1.35966417
1.6960160000000202,1.40883059,1.35966345
1.7520160000000373,1.40883118,1.35966271
1.8080160000000083,1.4088318,1.35966194
1.8640160000000254,1.40883247,1.35966115
1.9200159999999962,1.40883317,1.35966032
1.9760160000000133,1.40883391,1.35965947
0.03201600000003058,1.40883468,1.3596586
0.08801600000000144,1.40883549,1.3596577
0.14401600000001863,1.40883633,1.35965679
0.2000160000000358,1.40883719,1.35965586
0.2560160000000066,1.40883808,1.35965491
0.31201600000002383,1.40883898,1.35965396
0.3680159999999947,1.4088399,1.359653
0.4240160000000119,1.40884083,1.35965204
0.48001600000002903,1.40884177,1.35965107
0.5360159999999999,1.40884271,1.3596501
0.5920160000000171,1.40884366,1.35964912
0.6480160000000342,1.40884462,1.35964815
0.7040160000000051,1.40884557,1.35964718
0.7600160000000223,1.40884653,1.35964621
0.8160159999999932,1.40884749,1.35964525
0.8720160000000103,1.40884845,1.35964428
0.9280160000000275,1.4088494,1.35964332
0.9840159999999983,1.40885036,1.35964235
1.0400160000000156,1.40885132,1.35964139
1.0960160000000327,1.40885227,1.35964043
1.1520160000000035,1.40885323,1.35963948
1.2080160000000209,1.40885418,1.35963852
1.2640159999999916,1.40885514,1.35963756
1.3200160000000087,1.40885609,1.35963661
1.3760160000000259,1.40885704,1.35963565
1.4320159999999968,1.40885799,1.3596347
1.488016000000014,1.40885894,1.35963375
1.5440160000000311,1.40885989,1.35963279
1.600016000000002,1.40886084,1.35963184
1.6560160000000193,1.40886179,1.35963089
1.7120160000000364,1.40886274,1.35962993
1.7680160000000071,1.40886368,1.35962898
1.8240160000000245,1.40886463,1.35962803
1.8800159999999952,1.40886558,1.35962708
1.9360160000000124,1.40886653,1.35962612
1.9920160000000295,1.40886747,1.35962517
2.400000003463728e-05,1.40886761,1.35962503
0.005624000000013194,1.40887781,1.35961495
0.01682400000001663,1.40889519,1.35959853
0.039224000000023504,1.4088592,1.35964629
0.08402400000003725,1.40820018,1.36039802
0.1400240000000081,1.40594412,1.36288938
0.1960240000000253,1.40197727,1.3671318
0.25202399999999614,1.39636604,1.37291611
0.257624000000021,1.39570043,1.37358762
0.26882400000002443,1.39434305,1.37495193
0.29122400000003135,1.39153346,1.3777496
0.33602399999999877,1.38591636,1.3832738
0.3920240000000159,1.37937173,1.38963714
0.4480240000000331,1.37362053,1.39519226
0.5040240000000039,1.36871618,1.39991637
0.5600240000000212,1.36463121,1.40384305
0.616023999999992,1.36130928,1.40702756
0.6720240000000092,1.35867901,1.40954131
0.7280240000000263,1.3566599,1.41146445
0.7840239999999972,1.35516766,1.41288048
0.8400240000000144,1.35411885,1.41387149
0.8960240000000316,1.35343426,1.41451509
0.9520240000000024,1.35304122,1.41488215
1.0000160000000147,1.35288795,1.41502368
1.0056159999999932,1.35287037,1.41504069
1.0168159999999966,1.3528422,1.41506865
1.0392160000000035,1.35288473,1.41503692
1.0840160000000172,1.35368968,1.41433224
1.1400160000000343,1.35634714,1.41194667
1.1960160000000053,1.36083979,1.40780152
1.2520160000000224,1.36693127,1.40198815
1.257616000000001,1.36763599,1.40130159
1.2688160000000044,1.36906729,1.39990227
1.2912160000000112,1.37200161,1.39700903
1.336016000000025,1.37780278,1.39122697
1.392015999999996,1.38450403,1.38448253
1.448016000000013,1.39037469,1.37854266
1.5040160000000302,1.39538313,1.3734634
1.5600160000000012,1.39955736,1.3692186
1.6160160000000183,1.40295247,1.36575501
1.6720160000000355,1.4056412,1.36300218
1.7280160000000062,1.40770568,1.36087889
1.7840160000000236,1.40923243,1.35929981
1.8400159999999943,1.41030686,1.35817981
1.8960160000000115,1.41101022,1.35743784
1.9520160000000286,1.411417,1.35699922
7.999999994536857e-06,1.4115792,1.35681491
0.005608000000019416,1.4115978,1.35679417
0.01680800000002285,1.41162864,1.35675987
0.039208000000029726,1.41160071,1.35679138
0.08400799999999714,1.41089366,1.35757711
0.14000800000001432,1.40848425,1.36020894
0.1960080000000315,1.40429366,1.3646673
0.25200800000000234,1.39841845,1.37071242
0.25760800000002726,1.39772495,1.37141176
0.2688080000000307,1.39631158,1.37283203
0.29120800000003755,1.39338906,1.37574304
0.33600800000000497,1.387546,1.3814956
0.3920080000000221,1.38072666,1.38813893
0.448007999999993,1.37471805,1.39395845
0.5040080000000102,1.36958013,1.39892425
0.5600080000000274,1.36528909,1.40306585
0.6160079999999982,1.36178998,1.40643678
0.6720080000000154,1.35901116,1.40910846
0.7280080000000325,1.35687066,1.41116232
0.7840080000000034,1.35528193,1.41268394
0.8400080000000206,1.35415881,1.41375801
0.8960080000000378,1.35341915,1.41446498
0.9520080000000086,1.35298731,1.41487863
1.0000000000000209,1.35281163,1.41504881
1.0055999999999994,1.35279207,1.41506849
1.0168000000000028,1.35276014,1.41510159
1.0392000000000097,1.35279638,1.41507884
1.0840000000000234,1.35359301,1.41438754
1.1399999999999944,1.35624675,1.41201144
1.1960000000000115,1.36074134,1.40786944
1.2520000000000286,1.36683875,1.40205464
1.2576000000000072,1.36754426,1.40136771
1.2688000000000106,1.36897716,1.3999676
1.2912000000000174,1.37191496,1.39707246
1.3360000000000312,1.37772384,1.39128561
1.3920000000000021,1.38443561,1.38453389
1.4480000000000193,1.39031714,1.37858597
1.5040000000000364,1.39533622,1.3734985
1.5600000000000074,1.39952049,1.36924577
1.6160000000000245,1.40292476,1.3657748
1.6719999999999953,1.40562162,1.36301534
1.7280000000000124,1.40769316,1.36088625
1.7840000000000298,1.4092259,1.35930223
1.8400000000000005,1.41030526,1.35817812
1.8960000000000177,1.41101262,1.35743284
1.9520000000000348,1.41142253,1.35699163
0.008000000000005763,1.4116016,1.35678761
0.06400000000002294,1.41160765,1.35676246
0.11999999999999379,1.41148979,1.35686656
0.17600000000001098,1.41128858,1.35705874
0.23200000000002816,1.41103682,1.35730561
0.28799999999999903,1.41076016,1.35758089
0.3440000000000162,1.4104781,1.35786452
0.4000000000000334,1.41020482,1.35814177
0.45600000000000424,1.40995008,1.35840237
0.5120000000000214,1.40972005,1.3586397
0.5679999999999923,1.40951805,1.35885003
0.6240000000000094,1.40934519,1.3590319
0.6800000000000266,1.409201,1.35918547
0.7359999999999974,1.40908384,1.35931213
0.7920000000000147,1.40899136,1.35941402
0.8480000000000318,1.40892076,1.35949378
0.9040000000000027,1.40886907,1.35955424
0.9600000000000198,1.40883332,1.35959827
0.9999840000000271,1.40881603,1.35962113
1.0055840000000056,1.40882425,1.35961379
1.016784000000009,1.40883789,1.3596026
1.0391840000000159,1.40879565,1.35965956
1.0839840000000296,1.40812846,1.36042507
1.1399840000000006,1.40586902,1.36292648
1.1959840000000177,1.40190461,1.36717276
1.2519840000000348,1.39629993,1.37295642
1.2575840000000134,1.39563516,1.37362765
1.2687840000000168,1.39427952,1.37499135
1.2911840000000236,1.39147367,1.37778748
1.3359840000000374,1.38586481,1.38330758
1.3919840000000083,1.37933133,1.38966441
1.4479840000000255,1.37359152,1.39521213
1.5039839999999964,1.36869822,1.39992854
1.5599840000000136,1.36462359,1.40384766
1.6159840000000307,1.36131102,1.40702505
1.6719840000000015,1.358689,1.4095323
1.7279840000000188,1.35667698,1.41144971
1.783984000000036,1.35519068,1.41286077
1.8399840000000067,1.35414673,1.4138476
1.8959840000000239,1.353466,1.41448775
1.9519839999999948,1.35307591,1.41485204
1.999976000000007,1.35292455,1.41499169
0.005576000000031859,1.35290716,1.4150085
0.016776000000035294,1.35287934,1.41503609
0.039175999999995846,1.35292251,1.41500366
0.08397600000000958,1.35372846,1.41429778
0.13997600000002677,1.35638667,1.41191093
0.19597599999999762,1.36087953,1.4077647
0.2519760000000148,1.36697077,1.4019504
0.25757599999999337,1.36767544,1.40126375
0.2687759999999968,1.36910663,1.39986426
0.29117600000000365,1.37204071,1.3969707
0.3359760000000174,1.37784128,1.39118806
0.3919760000000346,1.38454165,1.38444304
0.4479760000000054,1.39041142,1.37850275
0.5039760000000226,1.39541899,1.37342323
0.5599759999999935,1.39959243,1.36917829
0.6159760000000106,1.40298682,1.36571467
0.6719760000000279,1.40567491,1.36296189
0.7279759999999987,1.40773886,1.36083871
0.7839760000000159,1.40926518,1.35925978
0.839976000000033,1.41033925,1.35813994
0.8959760000000039,1.41104236,1.35739817
0.951976000000021,1.41144895,1.35695976
1.0000240000000047,1.41161116,1.35677549
1.0056240000000296,1.41162974,1.35675479
1.016824000000033,1.41166053,1.35672057
1.0392239999999937,1.41163251,1.35675222
1.0840240000000074,1.4109254,1.35753822
1.1400240000000246,1.40851608,1.36017041
1.1960239999999953,1.40432579,1.36462922
1.2520240000000127,1.39845103,1.37067491
1.2576240000000374,1.39775758,1.37137431
1.2688239999999946,1.39634432,1.37279471
1.2912240000000015,1.39342202,1.37570599
1.3360240000000152,1.38757945,1.38145911
1.3920240000000323,1.38076072,1.38810309
1.4480240000000033,1.37475266,1.39392318
1.5040240000000205,1.36961519,1.39888946
1.5600240000000376,1.36532453,1.40303144
1.6160240000000083,1.36182572,1.40640266
1.6720240000000257,1.35904711,1.40907455
1.7280239999999965,1.35690675,1.41112856
1.7840240000000136,1.3553181,1.41265026
1.8400240000000307,1.35419501,1.41372436
1.8960240000000017,1.35345533,1.41443132
1.9520240000000189,1.35302344,1.41484491
1.6000000031053132e-05,1.35284769,1.41501503
0.00561600000000961,1.35282812,1.41503471
0.016816000000013046,1.35279617,1.41506778
0.039216000000019915,1.35283236,1.41504499
0.08401600000003366,1.35362891,1.41435355
0.14001600000000453,1.35628246,1.41197713
0.1960160000000217,1.36077673,1.40783467
0.2520159999999925,1.36687369,1.40201927
0.25761600000001744,1.36757914,1.40133228
0.26881600000002087,1.36901193,1.39993205
0.29121600000002773,1.37194948,1.39703664
0.33601599999999515,1.37775787,1.39124925
0.39201600000001235,1.38446903,1.38449687
0.4480160000000295,1.39035001,1.37854838
0.5040160000000004,1.39536869,1.37346037
0.5600160000000175,1.3995527,1.36920709
0.6160160000000348,1.40295675,1.36573573
0.6720160000000056,1.40565338,1.3629761
0.7280160000000228,1.40772474,1.36084693
0.7840159999999936,1.40925735,1.3592629
0.8400160000000108,1.41033666,1.35813884
0.896016000000028,1.41104399,1.35739366
0.9520159999999989,1.41145392,1.35695257
1.000008000000011,1.41161824,1.35676667
1.0056080000000358,1.41163706,1.35674577
1.016807999999993,1.41166832,1.35671118
1.039208,1.41164115,1.35674215
1.0840080000000136,1.41093542,1.35752705
1.1400080000000308,1.40852738,1.36015831
1.1960080000000017,1.40433793,1.36461661
1.2520080000000189,1.39846367,1.37066211
1.2576079999999974,1.39777026,1.37136151
1.2688080000000008,1.39635705,1.37278192
1.2912080000000077,1.39343485,1.37569323
1.3360080000000214,1.38759237,1.38144652
1.3920079999999924,1.3807736,1.38809082
1.4480080000000095,1.37476536,1.3939113
1.5040080000000267,1.36962762,1.398878
1.5600079999999974,1.36533662,1.40302041
1.6160080000000148,1.36183744,1.40639203
1.672008000000032,1.35905845,1.40906429
1.7280080000000027,1.35691773,1.41111862
1.7840080000000198,1.35532873,1.41264059
1.8400080000000372,1.35420531,1.41371493
1.896008000000008,1.35346534,1.41442207
1.952008000000025,1.35303318,1.4148358
0.008007999999995958,1.35284111,1.41502195
0.06400800000001314,1.35283006,1.41503767
0.12000800000003031,1.35294971,1.41493144
0.17600800000000116,1.35315835,1.41474326
0.23200800000001834,1.35342218,1.41450537
0.2880080000000355,1.35371454,1.41424302
0.34400800000000636,1.35401503,1.41397536
0.40000800000002357,1.35430867,1.41371625
0.4560079999999944,1.35458498,1.41347524
0.5120080000000116,1.3548372,1.41325831
0.5680080000000288,1.35506149,1.41306863
0.6240079999999997,1.35525633,1.41290725
0.6800080000000168,1.35542184,1.41277361
0.736008000000034,1.3555594,1.41266607
0.7920080000000048,1.35567116,1.41258224
0.848008000000022,1.3557598,1.41251936
0.9040079999999929,1.35582818,1.41247448
0.9600080000000101,1.35587924,1.41244466
1.0160080000000273,1.35591581,1.41242713
1.072007999999998,1.35594053,1.41241932
1.1280080000000152,1.35595578,1.41241894
1.1840080000000324,1.35596368,1.41242401
1.2400080000000033,1.35596603,1.41243286
1.2960080000000205,1.35596438,1.4124441
1.3520080000000376,1.35595995,1.41245663
1.4080080000000086,1.35595378,1.41246959
1.4640080000000257,1.35594664,1.41248233
1.5200079999999965,1.35593914,1.4124944
1.5760080000000136,1.3559317,1.41250548
1.632008000000031,1.35592464,1.4125154
1.6880080000000017,1.35591815,1.41252407
1.7440080000000189,1.35591235,1.41253149
1.800008000000036,1.35590727,1.41253771
1.856008000000007,1.35590291,1.4125428
1.9120080000000241,1.35589925,1.41254689
1.968007999999995,1.35589622,1.41255008
0.024008000000012186,1.35589376,1.41255251
0.08000800000002936,1.35589179,1.4125543
0.1360080000000002,1.35589024,1.41255557
0.1920080000000174,1.35588903,1.41255641
0.2480080000000346,1.35588809,1.41255694
0.30400800000000544,1.35588737,1.41255723
0.3600080000000226,1.35588681,1.41255735
0.4160079999999935,1.35588638,1.41255735
0.47200800000001064,1.35588603,1.4125573
0.5280080000000278,1.35588574,1.41255722
0.5840079999999986,1.35588548,1.41255714
0.6400080000000159,1.35588524,1.41255709
0.696008000000033,1.355885,1.41255707
0.7520080000000039,1.35588475,1.4125571
0.808008000000021,1.35588449,1.41255719
0.8640079999999919,1.35588422,1.41255732
0.9200080000000092,1.35588394,1.41255751
0.9760080000000263,1.35588363,1.41255775
0.9999760000000234,1.3558835,1.41255787
1.005576000000002,1.3558735,1.41256803
1.0167760000000055,1.3558572,1.41258537
1.0391760000000123,1.35590491,1.41254981
1.083976000000026,1.35665696,1.41189632
1.139975999999997,1.35915538,1.40965986
1.1959760000000141,1.36341784,1.40572722
1.2519760000000313,1.36923748,1.40016164
1.2575760000000098,1.36991344,1.3995011
1.2687760000000132,1.37128693,1.39815401
1.29117600000002,1.37410446,1.39536586
1.3359760000000338,1.37967122,1.38979313
1.3919760000000048,1.38608622,1.38330158
1.447976000000022,1.39168729,1.37759698
1.5039759999999927,1.39644953,1.37272959
1.55997600000001,1.40040475,1.36867018
1.6159760000000272,1.40360959,1.36536446
1.671975999999998,1.40613663,1.3627425
1.727976000000015,1.40806671,1.36072468
1.7839760000000324,1.40948423,1.35922795
1.8399760000000032,1.41047199,1.35816989
1.8959760000000203,1.41110845,1.35747232
1.9519760000000375,1.4114652,1.3570634
0.0079760000000084,1.41160599,1.35687904
0.06397600000002558,1.41158595,1.35686353
0.11997599999999643,1.41145175,1.35696956
0.17597600000001362,1.41124181,1.35715795
0.2319760000000308,1.41098705,1.35739704
0.2879760000000017,1.41071155,1.35766198
0.3439760000000188,1.41043353,1.35793382
0.399976000000036,1.41016612,1.35819874
0.4559760000000069,1.40991828,1.35844713
0.5119760000000241,1.40969554,1.35867287
0.5679759999999949,1.40950078,1.35887253
0.6239760000000121,1.40933479,1.35904487
0.6799760000000292,1.40919689,1.35919013
0.7359760000000001,1.40908532,1.35930973
0.7919760000000173,1.4089977,1.35940576
0.8479760000000345,1.4089312,1.35948078
0.9039760000000053,1.40888291,1.35953752
0.9599760000000225,1.40884989,1.35957875
1.0000160000000011,1.40883419,1.35960011
1.005616000000026,1.4088426,1.35959258
1.0168160000000295,1.40885663,1.35958105
1.0392160000000363,1.40881511,1.35963738
1.0840160000000039,1.40814917,1.36040192
1.140016000000021,1.40589099,1.3629026
1.1960159999999918,1.40192759,1.36714862
1.2520160000000091,1.39632372,1.37293243
1.2576160000000338,1.39565903,1.3736037
1.2688160000000372,1.39430352,1.37496747
1.291215999999998,1.39149793,1.37776378
1.3360160000000116,1.3858895,1.38328434
1.3920160000000288,1.37935643,1.38964186
1.4480159999999997,1.37361689,1.39519032
1.504016000000017,1.36872373,1.39990747
1.560016000000034,1.36464915,1.4038273
1.6160160000000048,1.36133655,1.40700534
1.6720160000000222,1.35871445,1.40951318
1.728015999999993,1.35670231,1.41143109
1.78401600000001,1.35521588,1.41284259
1.8400160000000272,1.35417177,1.41382978
1.8960159999999981,1.35349088,1.41447022
1.9520160000000153,1.35310064,1.41483472
8.000000027468987e-06,1.35294914,1.41497451
0.005608000000006026,1.35293173,1.41499134
0.01680800000000946,1.35290388,1.41501895
0.039208000000016334,1.352947,1.41498657
0.08400800000003007,1.35375283,1.41428072
0.14000800000000094,1.35641086,1.41189383
0.1960080000000181,1.36090347,1.40774743
0.2520080000000353,1.36699437,1.40193288
0.2576080000000138,1.36769901,1.4012462
0.26880800000001726,1.36913012,1.39984666
0.29120800000002417,1.37206403,1.39695297
0.3360080000000379,1.37786426,1.39117007
0.39200800000000874,1.38456423,1.38442472
0.44800800000002594,1.39043364,1.37848413
0.5040079999999968,1.39544096,1.37340428
0.5600080000000139,1.39961428,1.36915896
0.6160080000000311,1.40300855,1.36569506
0.672008000000002,1.40569647,1.36294217
0.7280080000000192,1.40776029,1.36081895
0.7840080000000363,1.40928651,1.35924001
0.8400080000000072,1.41036053,1.35812021
0.8960080000000243,1.4110636,1.35737848
0.9520079999999952,1.41147018,1.35694013
1.0000000000000073,1.41163228,1.35675607
1.0056000000000322,1.41165088,1.35673536
1.0168000000000357,1.41168171,1.35670111
1.0391999999999963,1.41165377,1.35673273
1.08400000000001,1.41094682,1.3575187
1.1400000000000272,1.40853775,1.36015092
1.195999999999998,1.40434777,1.36460986
1.2520000000000153,1.39847337,1.37065578
1.2575999999999938,1.39777996,1.37135521
1.2687999999999973,1.39636677,1.37277567
1.2912000000000041,1.39344463,1.37568707
1.3360000000000178,1.38760237,1.38144048
1.392000000000035,1.38078399,1.38808482
1.448000000000006,1.37477624,1.39390523
1.504000000000023,1.36963902,1.39887179
1.5599999999999938,1.36534854,1.40301401
1.616000000000011,1.36184985,1.40638542
1.6720000000000284,1.35907132,1.40905746
1.727999999999999,1.356931,1.41111157
1.7840000000000162,1.35534235,1.41263334
1.8400000000000334,1.35421923,1.41370748
1.8960000000000043,1.3534795,1.41441445
1.9520000000000215,1.35304753,1.41482803
0.007999999999992373,1.3528556,1.41501404
0.06400000000000955,1.35284466,1.41502964
0.12000000000002672,1.35296438,1.41492331
0.17599999999999758,1.35317306,1.41473504
0.23200000000001475,1.3534369,1.41449709
0.28800000000003195,1.35372925,1.41423468
0.3440000000000028,1.35402972,1.41396696
0.40000000000001995,1.35432332,1.41370781
0.45600000000003715,1.35459959,1.41346676
0.512000000000008,1.35485176,1.41324979
0.5680000000000252,1.355076,1.41306009
0.623999999999996,1.35527079,1.41289867
0.6800000000000133,1.35543625,1.41276502
0.7360000000000304,1.35557375,1.41265744
0.7920000000000013,1.35568547,1.4125736
0.8480000000000184,1.35577406,1.41251069
0.9040000000000357,1.3558424,1.41246579
0.9600000000000065,1.35589342,1.41243596
1.0160000000000236,1.35592995,1.41241841
1.0719999999999945,1.35595464,1.41241057
1.1280000000000117,1.35596986,1.41241018
1.1840000000000288,1.35597773,1.41241523
1.2399999999999998,1.35598006,1.41242407
1.296000000000017,1.35597838,1.4124353
1.352000000000034,1.35597393,1.41244781
1.408000000000005,1.35596774,1.41246076
1.4640000000000222,1.35596058,1.41247349
1.519999999999993,1.35595307,1.41248554
1.57600000000001,1.35594561,1.41249661
1.6320000000000274,1.35593854,1.41250651
1.6879999999999982,1.35593204,1.41251518
1.7440000000000153,1.35592622,1.41252259
1.8000000000000325,1.35592113,1.4125288
1.8560000000000034,1.35591676,1.41253388
1.9120000000000206,1.35591309,1.41253796
1.9680000000000377,1.35591005,1.41254114
1.9999759999999935,1.35590858,1.41254261
0.005576000000018469,1.35589837,1.41255297
0.016776000000021905,1.35588167,1.4125707
0.03917600000002878,1.35592864,1.41253582
0.08397599999999619,1.35667943,1.41188338
0.13997600000001337,1.35917662,1.40964769
0.19597600000003054,1.36343813,1.40571529
0.2519760000000014,1.369257,1.40014955
0.2575760000000263,1.36993289,1.39948898
0.2687760000000297,1.37130625,1.39814182
0.29117600000003657,1.37412354,1.39535348
0.335976000000004,1.37968988,1.38978029
0.3919760000000212,1.38610449,1.38328804
0.44797599999999205,1.39170529,1.37758268
0.5039760000000092,1.39646738,1.37271455
0.5599760000000265,1.40042254,1.36865441
0.6159759999999973,1.40362737,1.36534802
0.6719760000000145,1.40615446,1.36272547
0.7279760000000316,1.40808462,1.36070712
0.7839760000000024,1.40950223,1.35920995
0.8399760000000197,1.41049009,1.35815152
0.8959760000000369,1.41112665,1.35745365
0.9519760000000077,1.41148351,1.35704449
1.0000240000000378,1.4116144,1.35687567
1.0056240000000163,1.41162999,1.35685621
1.0168240000000197,1.41165505,1.35682429
1.0392240000000266,1.41161686,1.35685949
1.084023999999994,1.41089406,1.35764891
1.1400240000000113,1.40847258,1.36027973
1.1960240000000284,1.40427664,1.36473252
1.2520240000000455,1.39840107,1.37076904
1.2576239999999779,1.39770778,1.37146738
1.2688240000000275,1.39629489,1.37288564
1.2912240000000343,1.39337368,1.37579247
1.336024000000048,1.38753441,1.38153621
1.392024000000019,1.3807213,1.38816809
1.4480239999999898,1.37471985,1.3939762
1.5040240000000533,1.36958936,1.39893108
1.5600240000000243,1.3653056,1.40306258
1.616023999999995,1.36181332,1.40642443
1.6720240000000586,1.35904067,1.40908813
1.7280240000000293,1.3569056,1.41113517
1.7840240000000003,1.35532151,1.41265106
1.8400239999999712,1.35420226,1.41372046
1.8960240000000346,1.35346573,1.41442371
1.9520240000000055,1.35303635,1.41483448
0.008023999999976345,1.35284647,1.41501845
0.06402400000003984,1.35283709,1.41503267
0.1200240000000107,1.35295798,1.4149255
0.17602399999998156,1.35316749,1.41473682
0.23202400000004506,1.3534319,1.41449879
0.28802400000001593,1.35372461,1.41423655
0.3440239999999868,1.35402527,1.41396918
0.4000240000000503,1.35431896,1.4137105
0.45602400000002113,1.35459522,1.41347
0.5120239999999919,1.35484734,1.4132536
0.5680240000000555,1.35507149,1.41306448
0.6240240000000263,1.35526617,1.41290363
0.6800239999999972,1.35543153,1.41277049
0.7360240000000607,1.35556894,1.4126634
0.7920240000000316,1.35568056,1.41257998
0.8480240000000024,1.35576908,1.41251745
0.9040239999999733,1.35583735,1.41247288
0.9600240000000367,1.35588833,1.41244332
1.0160240000000076,1.35592483,1.412426
1.0720239999999785,1.3559495,1.41241835
1.1280240000000419,1.35596471,1.41241811
1.1840240000000128,1.35597258,1.41242328
1.2400239999999836,1.35597491,1.4124322
1.2960240000000471,1.35597324,1.41244349
1.352024000000018,1.35596881,1.41245605
1.4080239999999888,1.35596263,1.41246902
1.4640240000000524,1.35595548,1.41248176
1.5200240000000234,1.35594797,1.41249381
1.576023999999994,1.35594053,1.41250488
1.6320240000000577,1.35593347,1.41251478
1.6880240000000284,1.35592697,1.41252343
1.7440239999999994,1.35592115,1.41253082
1.80002399999997,1.35591606,1.41253701
1.8560240000000336,1.3559117,1.41254208
1.9120240000000046,1.35590802,1.41254613
1.9680239999999753,1.35590498,1.4125493
1.9999999999999776,1.3559035,1.41255075
0.005600000000002442,1.35589329,1.41256111
0.0168000000000522,1.35587659,1.41257884
0.03920000000005907,1.35592356,1.41254395
0.08399999999998017,1.35667434,1.41189151
0.14000000000004367,1.35917153,1.40965585
0.19600000000001452,1.36343305,1.40572351
0.2519999999999854,1.36925196,1.40015786
0.25760000000001027,1.36992786,1.3994973
0.26880000000006,1.37130123,1.39815016
0.29119999999997426,1.37411854,1.39536187
0.335999999999988,1.37968493,1.38978876
0.3920000000000515,1.3860996,1.38329661
0.4480000000000223,1.39170046,1.37759135
0.5039999999999932,1.39646259,1.37272327
0.5600000000000567,1.40041778,1.36866319
0.6160000000000275,1.40362263,1.36535683
0.6719999999999984,1.40614972,1.36273429
0.7279999999999692,1.40807988,1.36071594
0.7840000000000328,1.40949748,1.35921876
0.8400000000000036,1.41048532,1.35816031
0.8959999999999745,1.41112186,1.35746241
0.952000000000038,1.41147869,1.35705322
1.0080000000000089,1.41161956,1.35686866
1.0639999999999796,1.41159959,1.35685299
1.1200000000000432,1.41146544,1.3569589
1.1760000000000141,1.41125555,1.35714721
1.2319999999999849,1.41100083,1.35738626
1.2880000000000484,1.41072537,1.35765117
1.3440000000000192,1.41044739,1.35792301
1.3999999999999901,1.41018001,1.35818794
1.4560000000000537,1.40993219,1.35843635
1.5120000000000244,1.40970947,1.35866212
1.5679999999999954,1.40951473,1.35886182
1.6240000000000587,1.40934876,1.35903419
1.6800000000000297,1.40921087,1.3591795
1.7360000000000007,1.40909933,1.35929913
1.7919999999999714,1.40901171,1.3593952
1.848000000000035,1.40894523,1.35947026
1.9040000000000057,1.40889695,1.35952703
1.9599999999999766,1.40886394,1.35956828
0.016000000000040114,1.40884345,1.35959665
0.07200000000001097,1.40883292,1.3596146
0.12799999999998182,1.40883009,1.35962432
0.18400000000004532,1.40883299,1.35962776
0.24000000000001617,1.40883996,1.35962656
0.29599999999998705,1.4088496,1.3596221
0.35200000000005055,1.40886081,1.35961551
0.4080000000000214,1.40887271,1.35960768
0.46399999999999225,1.40888465,1.35959929
0.5200000000000558,1.40889614,1.35959086
0.5760000000000266,1.40890688,1.35958274
0.6319999999999975,1.40891663,1.35957519
0.688000000000061,1.40892532,1.35956835
0.7440000000000319,1.4089329,1.35956228
0.8000000000000027,1.4089394,1.359557
0.8559999999999736,1.40894488,1.35955248
0.912000000000037,1.40894943,1.35954866
0.9680000000000079,1.40895316,1.35954548
1.0239999999999787,1.40895617,1.35954286
1.0800000000000423,1.40895858,1.3595407
1.136000000000013,1.40896049,1.35953894
1.191999999999984,1.40896199,1.35953748
1.2480000000000475,1.40896318,1.35953627
1.3040000000000183,1.40896413,1.35953525
1.3599999999999892,1.40896489,1.35953436
1.4160000000000528,1.40896554,1.35953357
1.4720000000000235,1.40896611,1.35953283
1.5279999999999945,1.40896663,1.35953212
1.5840000000000578,1.40896714,1.35953142
1.6400000000000288,1.40896766,1.35953071
1.6959999999999995,1.40896819,1.35952998
1.7519999999999705,1.40896875,1.35952924
1.808000000000034,1.40896935,1.35952846
1.8640000000000048,1.40896999,1.35952766
1.9199999999999757,1.40897066,1.35952683
1.976000000000039,1.40897138,1.35952597
0.03200000000001002,1.40897212,1.35952509
0.08799999999998089,1.4089729,1.3595242
0.14400000000004437,1.40897371,1.35952328
0.20000000000001525,1.40897454,1.35952235
0.25599999999998607,1.4089754,1.35952141
0.31200000000004957,1.40897627,1.35952046
0.3680000000000204,1.40897715,1.3595195
0.42399999999999133,1.40897805,1.35951854
0.4800000000000548,1.40897896,1.35951758
0.5360000000000257,1.40897988,1.35951661
0.5919999999999965,1.4089808,1.35951565
0.64800000000006,1.40898172,1.35951469
0.7040000000000308,1.40898265,1.35951372
0.7600000000000018,1.40898357,1.35951276
0.8159999999999726,1.4089845,1.3595118
0.8720000000000361,1.40898543,1.35951085
0.9280000000000069,1.40898636,1.35950989
0.9839999999999778,1.40898729,1.35950894
1.0400000000000413,1.40898822,1.35950799
1.096000000000012,1.40898915,1.35950704
1.151999999999983,1.40899008,1.35950609
1.2080000000000466,1.408991,1.35950515
1.2640000000000173,1.40899193,1.3595042
1.3199999999999883,1.40899286,1.35950326
1.3760000000000516,1.40899378,1.35950231
1.4320000000000226,1.40899471,1.35950137
1.4879999999999933,1.40899563,1.35950043
1.5440000000000569,1.40899655,1.35949949
1.6000000000000278,1.40899748,1.35949854
1.6559999999999986,1.4089984,1.3594976
1.7119999999999695,1.40899932,1.35949666
1.768000000000033,1.40900024,1.35949572
1.8240000000000038,1.40900117,1.35949478
1.8799999999999748,1.40900209,1.35949383
1.9360000000000381,1.40900301,1.35949289
1.992000000000009,1.40900393,1.35949195
8.000000060401114e-06,1.40900406,1.35949182
0.005607999999992635,1.40901426,1.35948174
0.016808000000042393,1.40903164,1.35946531
0.039208000000049266,1.40899566,1.35951307
0.08400799999997036,1.40833684,1.3602648
0.14000800000003386,1.40608148,1.36275641
0.1960080000000047,1.40211586,1.36699955
0.2520079999999756,1.39650627,1.37278512
0.25760800000000045,1.39584084,1.37345679
0.26880800000005023,1.39448383,1.37482144
0.2912080000000571,1.39167501,1.37761982
0.33600799999997816,1.3860595,1.38314555
0.39200800000004166,1.37951677,1.38951076
0.44800800000001256,1.37376719,1.39506752
0.5040079999999834,1.36886409,1.39979296
0.5600080000000469,1.36478003,1.40372068
0.6160080000000178,1.36145867,1.40690594
0.6720079999999886,1.35882868,1.40942018
0.7280080000000521,1.35680962,1.41134358
0.7840080000000229,1.35531721,1.41275967
0.8400079999999939,1.35426807,1.41375057
0.8960080000000573,1.35358302,1.41439391
0.9520080000000282,1.3531894,1.41476059
1.0080079999999991,1.35302235,1.41491366
1.0640079999999699,1.35302548,1.41490766
1.1200080000000334,1.35315083,1.41478873
1.1760080000000042,1.3533588,1.41459478
1.2320079999999751,1.35361737,1.41435629
1.2880080000000387,1.35390137,1.414097
1.3440080000000094,1.3541916,1.41383482
1.4000079999999804,1.35447405,1.41358267
1.4560080000000437,1.35473896,1.41334932
1.5120080000000147,1.35498011,1.41314017
1.5680079999999856,1.35519403,1.41295802
1.624008000000049,1.35537944,1.41280361
1.68000800000002,1.3555366,1.41267623
1.7360079999999907,1.35566693,1.41257413
1.7920080000000542,1.35577258,1.41249494
1.8480080000000252,1.35585616,1.41243587
1.904007999999996,1.35592047,1.41239406
1.9600080000000595,1.35596833,1.41236664
0.01600800000003031,1.35600246,1.41235091
0.07200800000000117,1.3560254,1.41234438
0.12800799999997203,1.35603942,1.41234487
0.18400800000003553,1.35604652,1.41235047
0.24000800000000638,1.35604844,1.41235958
0.29600799999997723,1.35604661,1.41237088
0.35200800000004073,1.35604222,1.41238333
0.4080080000000116,1.35603623,1.41239609
0.46400799999998243,1.35602936,1.41240858
0.520008000000046,1.35602219,1.41242036
0.5760080000000168,1.35601511,1.41243115
0.6320079999999877,1.35600842,1.41244078
0.6880080000000511,1.35600228,1.41244919
0.744008000000022,1.3559968,1.41245637
0.8000079999999928,1.35599201,1.41246237
0.8560080000000564,1.35598792,1.41246729
0.9120080000000272,1.35598448,1.41247122
0.9680079999999981,1.35598164,1.41247429
0.9999840000000002,1.35598026,1.41247571
1.0055840000000251,1.35597007,1.41248606
1.0167839999999821,1.35595339,1.41250377
1.039183999999989,1.35600043,1.41246885
1.083984000000003,1.35675133,1.41181625
1.1399839999999737,1.35924851,1.40958013
1.1959840000000372,1.36350974,1.40564704
1.251984000000008,1.36932802,1.40008042
1.257584000000033,1.37000384,1.39941975
1.2687839999999901,1.37137704,1.39807239
1.291183999999997,1.37419397,1.39528365
1.3359840000000107,1.37975954,1.38970962
1.3919839999999815,1.3861732,1.38321638
1.447984000000045,1.39177317,1.37751018
1.503984000000016,1.39653458,1.37264139
1.5599839999999867,1.4004892,1.36858079
1.6159840000000503,1.40369365,1.3652741
1.671984000000021,1.40622047,1.3626514
1.727983999999992,1.40815049,1.36063302
1.7839840000000555,1.40956806,1.35913593
1.8399840000000263,1.41055597,1.35807767
1.8959839999999972,1.41119265,1.35738004
1.9519840000000606,1.41154969,1.35697117
0.007984000000031527,1.41169081,1.35678698
0.06398400000000239,1.41167113,1.3567717
0.11998399999997324,1.41153731,1.35687802
0.17598400000003675,1.41132775,1.35706675
0.2319840000000076,1.41107337,1.3573062
0.2879839999999784,1.41079825,1.35757152
0.343984000000042,1.41052059,1.35784375
0.39998400000001283,1.41025353,1.35810906
0.4559839999999837,1.41000602,1.35835782
0.5119840000000472,1.40978359,1.35858391
0.567984000000018,1.40958911,1.35878391
0.6239839999999889,1.40942338,1.35895656
0.6799840000000523,1.40928571,1.35910211
0.7359840000000233,1.40917437,1.35922197
0.7919839999999941,1.40908693,1.35931824
0.8479840000000576,1.4090206,1.35939348
0.9039840000000284,1.40897245,1.3594504
0.9599839999999993,1.40893956,1.35949179
1.000023999999978,1.40892393,1.35951326
1.005624000000003,1.40893236,1.35950575
1.0168240000000526,1.40894641,1.35949424
1.0392240000000594,1.40890494,1.35955061
1.0840239999999806,1.40823921,1.36031525
1.1400240000000441,1.40598159,1.36281619
1.196024000000015,1.40201907,1.36706276
1.2520239999999858,1.39641633,1.37284745
1.2576240000000107,1.39575176,1.37351883
1.2688240000000603,1.39439651,1.37488283
1.2912239999999746,1.39159144,1.37767963
1.3360239999999883,1.3859841,1.38320122
1.3920240000000519,1.37945231,1.38956
1.4480240000000228,1.37371386,1.39510955
1.5040239999999936,1.36882155,1.39982759
1.5600240000000571,1.36474757,1.4037481
1.616024000000028,1.36143536,1.40692664
1.6720239999999988,1.35881345,1.4094348
1.7280239999999698,1.35680135,1.41135288
1.7840240000000331,1.35531481,1.41276442
1.840024000000004,1.35427048,1.41375152
1.8960239999999748,1.35358928,1.41439178
1.9520240000000384,1.35319865,1.41475604
0.008024000000009277,1.35303385,1.41490725
0.06402399999998014,1.35303858,1.41489987
0.12002400000004364,1.353165,1.41477998
0.1760240000000145,1.3533736,1.4145854
0.23202399999998535,1.35363247,1.41434655
0.28802400000004885,1.3539165,1.41408709
0.3440240000000197,1.35420657,1.4138249
0.40002399999999055,1.35448873,1.41357283
0.45602400000005405,1.35475325,1.41333964
0.5120240000000249,1.35499396,1.41313069
0.5680239999999958,1.35520744,1.41294875
0.6240240000000593,1.35539239,1.41279454
0.6800240000000302,1.35554911,1.41266736
0.736024000000001,1.35567904,1.41256545
0.7920239999999719,1.35578433,1.41248641
0.8480240000000353,1.35586758,1.41242747
0.9040240000000062,1.3559316,1.41238577
0.960023999999977,1.35597922,1.41235842
1.0160240000000405,1.35601315,1.41234275
1.0720240000000114,1.35603591,1.41233626
1.1280239999999824,1.35604979,1.41233678
1.1840240000000457,1.35605678,1.41234239
1.2400239999999703,1.3560586,1.4123515
1.2960239999999412,1.35605671,1.41236279
1.3520240000000046,1.35605227,1.41237522
1.4080239999999755,1.35604623,1.41238797
1.4640239999999465,1.35603934,1.41240044
1.5200240000000098,1.35603215,1.41241219
1.5760239999999808,1.35602506,1.41242296
1.6320239999999515,1.35601836,1.41243257
1.688024000000015,1.35601222,1.41244096
1.744023999999986,1.35600674,1.41244812
1.8000239999999568,1.35600195,1.41245411
1.8560239999999277,1.35599786,1.41245901
1.912023999999991,1.35599442,1.41246294
1.968023999999962,1.35599158,1.41246601
1.9999999999999643,1.35599021,1.41246742
0.005599999999989051,1.35598001,1.41247776
0.016799999999946164,1.35596334,1.41249548
0.039199999999953036,1.35601038,1.41246055
0.08399999999996678,1.35676129,1.41180793
0.13999999999993765,1.35925845,1.40957176
0.19600000000000115,1.36351963,1.40563859
0.25199999999997197,1.36933782,1.40007186
0.2575999999999969,1.37001362,1.39941118
0.26879999999995396,1.3713868,1.39806379
0.2911999999999609,1.37420369,1.395275
0.3359999999999746,1.37976915,1.38970086
0.39199999999994545,1.38618267,1.38320749
0.44800000000000895,1.39178253,1.37750119
0.5039999999999798,1.39654383,1.37263232
0.5599999999999506,1.40049839,1.36857166
0.6160000000000142,1.40370278,1.36526493
0.671999999999985,1.40622957,1.3626422
0.7279999999999559,1.40815956,1.36062383
0.7839999999999268,1.40957713,1.35912675
0.8399999999999902,1.41056504,1.35806851
0.895999999999961,1.41120174,1.3573709
0.9519999999999319,1.4115588,1.35696207
0.9999919999999441,1.41168982,1.35679369
1.005591999999969,1.41170546,1.35677425
1.0167919999999262,1.41173061,1.35674238
1.039191999999933,1.41169261,1.35677767
1.0839919999999468,1.41097027,1.35756731
1.1399920000000103,1.40854962,1.3601986
1.195991999999981,1.40435479,1.36465216
1.251991999999952,1.39848056,1.37068981
1.2575919999999767,1.39778741,1.37138829
1.268791999999934,1.39637481,1.37280681
1.2911919999999408,1.39345419,1.37571421
1.3359919999999545,1.38761612,1.38145916
1.3919919999999255,1.38080446,1.38809251
1.4479919999999888,1.37480424,1.39390193
1.5039919999999598,1.36967477,1.39885794
1.5599919999999305,1.3653918,1.40299036
1.615991999999994,1.36190009,1.40635293
1.671991999999965,1.35912783,1.40901719
1.7279919999999358,1.35699298,1.41106462
1.7839919999999994,1.35540897,1.41258076
1.83999199999997,1.35428968,1.41365028
1.895991999999941,1.35355301,1.41435354
1.9519920000000046,1.35312343,1.41476423
1.999983999999924,1.35294915,1.41493241
0.005583999999948951,1.35292972,1.41495189
0.01678399999999871,1.35289805,1.41498459
0.03918400000000558,1.35293474,1.4149611
0.08398399999992667,1.35373204,1.41426839
0.13998399999999017,1.356386,1.41189048
0.19598399999996102,1.36088001,1.40774655
0.2519839999999319,1.36697606,1.40192969
0.2575839999999568,1.36768139,1.40124255
0.2687840000000065,1.36911392,1.39984202
0.2911840000000134,1.37205088,1.39694605
0.3359839999999345,1.37785795,1.39115754
0.391983999999998,1.38456742,1.38440395
0.44798399999996885,1.39044681,1.37845452
0.5039839999999397,1.39546407,1.37336586
0.5599840000000033,1.39964689,1.36911219
0.6159839999999741,1.40304995,1.36564066
0.671983999999945,1.4057458,1.36288104
0.7279840000000084,1.40781658,1.36075203
0.7839839999999793,1.40934879,1.35916827
0.8399839999999501,1.41042785,1.35804457
0.8959840000000137,1.41113509,1.35729981
0.9519839999999845,1.41154503,1.35685919
1.0079839999999554,1.41172427,1.3566558
1.063983999999926,1.41173059,1.35663133
1.1199839999999897,1.41161308,1.35673612
1.1759839999999606,1.41141228,1.35692898
1.2319839999999314,1.41116097,1.35717651
1.287983999999995,1.41088478,1.35745245
1.3439839999999659,1.41060321,1.35773669
1.3999839999999366,1.41033041,1.35801453
1.4559840000000002,1.41007614,1.35827567
1.511983999999971,1.40984655,1.3585135
1.5679839999999419,1.40964497,1.3587243
1.6239840000000054,1.4094725,1.35890659
1.6799839999999762,1.40932866,1.35906054
1.7359839999999471,1.40921183,1.35918755
1.7919840000000105,1.40911964,1.35928975
1.8479839999999814,1.40904929,1.35936978
1.9039839999999522,1.40899782,1.35943047
1.9599839999999231,1.40896226,1.35947472
2.399999999446732e-05,1.40894507,1.35949774
0.005623999999926702,1.40895331,1.35949041
0.01682399999997646,1.40896698,1.35947926
0.03922399999998333,1.40892482,1.35953626
0.08402399999999707,1.40825795,1.36030188
0.14002399999996792,1.40599931,1.36280362
0.19602399999993877,1.40203617,1.36705064
0.2520240000000023,1.39643313,1.37283555
0.2576239999999345,1.39576855,1.37350694
0.2688239999999843,1.39441327,1.37487096
0.29122399999999116,1.39160818,1.37766777
0.3360240000000049,1.38600088,1.38318933
0.3920239999999757,1.37946925,1.38954793
0.44802399999994663,1.373731,1.3950972
0.5040240000000101,1.36883892,1.39981486
0.560023999999981,1.36476516,1.40373495
0.6160239999999518,1.36145314,1.40691304
0.6720240000000153,1.35883139,1.40942075
0.7280239999999861,1.35681942,1.41133838
0.784023999999957,1.35533296,1.41274949
0.8400239999999279,1.35428869,1.4137362
0.8960239999999914,1.3536075,1.41437609
0.9520239999999622,1.35321687,1.41474002
1.0000159999999745,1.35306497,1.41487929
1.0056159999999994,1.35304751,1.41489605
1.0168159999999564,1.35301956,1.41492354
1.0392159999999633,1.35306247,1.41489089
1.084015999999977,1.35386788,1.41418438
1.140015999999948,1.35652516,1.4117963
1.1960160000000113,1.36101664,1.40764831
1.2520159999999823,1.36710597,1.40183187
1.2576160000000072,1.36781042,1.40114499
1.2688159999999642,1.36924116,1.39974504
1.291215999999971,1.37217428,1.39685052
1.3360159999999848,1.37797285,1.39106592
1.3920159999999557,1.38467082,1.38431855
1.4480159999999265,1.39053844,1.37837621
1.50401599999999,1.39554425,1.37329491
1.560015999999961,1.39971632,1.36904846
1.6160159999999317,1.40310962,1.36558372
1.6720159999999953,1.40579681,1.36283026
1.728015999999966,1.40786011,1.36070668
1.784015999999937,1.40938601,1.35912758
1.8400160000000005,1.41045987,1.35800778
1.8960159999999713,1.41116294,1.3572662
1.9520159999999422,1.41156962,1.35682811
0.008016000000005694,1.4117464,1.35662668
0.06401599999997655,1.41175096,1.35660365
0.1200159999999474,1.41163225,1.35670948
0.1760160000000109,1.41143074,1.35690303
0.23201599999998176,1.41117907,1.35715099
0.28801599999995264,1.41090282,1.35742714
0.3440159999999235,1.41062139,1.35771144
0.400015999999987,1.41034888,1.35798923
0.45601599999995784,1.41009501,1.35825025
0.5120159999999286,1.40986588,1.35848792
0.5680159999999922,1.40966477,1.35869854
0.624015999999963,1.40949278,1.35888065
0.6800159999999339,1.40934942,1.35903443
0.7360159999999975,1.40923302,1.35916128
0.7920159999999683,1.40914122,1.35926335
0.8480159999999392,1.40907123,1.35934327
0.9040160000000026,1.40902008,1.35940388
0.9600159999999734,1.40898478,1.35944807
0.9999999999999343,1.40896778,1.35947103
1.0055999999999592,1.40897604,1.3594637
1.016800000000009,1.40898976,1.35945254
1.039199999999923,1.40894767,1.35950954
1.083999999999937,1.40828098,1.36027515
1.1400000000000003,1.40602261,1.36277695
1.1959999999999713,1.4020598,1.36702413
1.251999999999942,1.39645715,1.37280931
1.257599999999967,1.3957926,1.37348073
1.2687999999999242,1.39443741,1.37484482
1.291199999999931,1.39163248,1.37764178
1.3359999999999448,1.38602551,1.38316366
1.3920000000000083,1.37949426,1.38952266
1.447999999999979,1.37375634,1.39507228
1.50399999999995,1.3688645,1.39979023
1.5600000000000134,1.36479092,1.40371056
1.6159999999999843,1.36147901,1.40688882
1.671999999999955,1.35885732,1.40939665
1.727999999999926,1.35684535,1.41131437
1.7839999999999896,1.35535887,1.41272551
1.8399999999999603,1.35431453,1.41371222
1.8959999999999313,1.35363326,1.41435209
1.9519999999999946,1.35324252,1.41471596
0.007999999999965594,1.35307755,1.4148668
0.06399999999993645,1.35308209,1.41485908
0.11999999999999995,1.3532083,1.41473885
0.17599999999997082,1.35341668,1.41454398
0.23199999999994167,1.35367532,1.41430485
0.28800000000000514,1.35395912,1.41404513
0.343999999999976,1.35424896,1.41378271
0.3999999999999469,1.3545309,1.41353044
0.4560000000000104,1.35479522,1.41329705
0.5119999999999812,1.35503574,1.41308794
0.5679999999999521,1.35524903,1.41290585
0.623999999999923,1.35543382,1.41275152
0.6799999999999864,1.3555904,1.41262423
0.7359999999999574,1.35572019,1.41252221
0.7919999999999282,1.35582536,1.41244309
0.8479999999999916,1.35590852,1.41238408
0.9039999999999625,1.35597245,1.41234232
0.9599999999999334,1.35601999,1.41231493
1.015999999999997,1.35605386,1.41229921
1.0719999999999676,1.35607657,1.4122927
1.1279999999999386,1.3560904,1.41229319
1.1840000000000022,1.35609736,1.41229878
1.239999999999973,1.35609916,1.41230788
1.2959999999999439,1.35609724,1.41231916
1.3520000000000072,1.35609278,1.41233159
1.4079999999999782,1.35608674,1.41234434
1.463999999999949,1.35607984,1.41235681
1.5200000000000125,1.35607264,1.41236857
1.5759999999999834,1.35606555,1.41237935
1.6319999999999542,1.35605885,1.41238897
1.6879999999999251,1.35605271,1.41239737
1.7439999999999887,1.35604723,1.41240454
1.7999999999999594,1.35604245,1.41241055
1.8559999999999304,1.35603836,1.41241546
1.9119999999999937,1.35603493,1.4124194
1.9679999999999647,1.35603209,1.41242248
0.0239999999999355,1.35602979,1.41242483
0.079999999999999,1.35602794,1.41242656
0.13599999999996987,1.35602648,1.41242779
0.19199999999994072,1.35602534,1.41242862
0.24800000000000422,1.35602445,1.41242914
0.30399999999997507,1.35602376,1.41242943
0.3599999999999459,1.35602322,1.41242956
0.4160000000000094,1.35602278,1.41242959
0.47199999999998027,1.35602242,1.41242956
0.5279999999999512,1.35602211,1.4124295
0.5840000000000146,1.35602182,1.41242945
0.6399999999999855,1.35602154,1.41242942
0.6959999999999563,1.35602127,1.41242943
0.7519999999999272,1.35602098,1.41242948
0.8079999999999907,1.35602069,1.41242958
0.8639999999999616,1.35602038,1.41242973
0.9199999999999324,1.35602005,1.41242994
0.9759999999999959,1.35601971,1.41243019
1.0000239999999647,1.35601956,1.41243031
1.0056239999999894,1.35600955,1.41244047
1.0168239999999467,1.35599324,1.41245782
1.0392239999999535,1.35604095,1.41242223
1.0840239999999672,1.35679299,1.41176852
1.140023999999938,1.35929116,1.40953134
1.1960240000000015,1.36355291,1.40559746
1.2520239999999725,1.36937128,1.40003023
1.2576239999999974,1.37004708,1.39936951
1.2688239999999544,1.37142024,1.39802205
1.2912239999999613,1.37423707,1.39523313
1.336023999999975,1.37980231,1.3896588
1.392023999999946,1.38621546,1.38316535
1.4480240000000093,1.3918149,1.37745913
1.5040239999999803,1.39657582,1.37259048
1.560023999999951,1.40053003,1.36853015
1.6160240000000146,1.40373412,1.36522383
1.6720239999999855,1.40626068,1.36260155
1.7280239999999563,1.40819051,1.36058365
1.7840239999999272,1.40960796,1.35908705
1.8400239999999908,1.41059583,1.35802929
1.8960239999999615,1.41123253,1.35733214
1.9520239999999325,1.41158964,1.35692375
1.599999994456106e-05,1.41172074,1.35675573
0.00561599999996944,1.41173639,1.35673633
0.016815999999926553,1.41176156,1.35670453
0.03921599999993342,1.4117236,1.35673997
0.08401599999994716,1.41100142,1.35752991
0.14001600000001066,1.40858109,1.3601616
0.1960159999999815,1.40438673,1.36461565
0.2520159999999524,1.39851307,1.37065391
0.25761599999997725,1.39781998,1.37135245
0.2688159999999344,1.3964075,1.37277112
0.29121599999994124,1.39348715,1.3756788
0.33601599999995496,1.38764961,1.38142433
0.39201599999992587,1.38083858,1.38805837
0.44801599999998937,1.37483893,1.3938684
0.5040159999999602,1.36970993,1.39882492
0.560015999999931,1.36542732,1.40295775
0.6160159999999946,1.36193588,1.40632064
0.6720159999999654,1.35916382,1.40898514
0.7280159999999363,1.35702909,1.41103273
0.7840159999999997,1.35544514,1.41254897
0.8400159999999707,1.35432585,1.41361853
0.8960159999999415,1.35358914,1.41432179
0.952016000000005,1.35315947,1.41473243
1.0000079999999245,1.35298511,1.41490055
1.0056079999999494,1.35296567,1.41492002
1.016807999999999,1.35293397,1.4149527
1.0392080000000061,1.35297061,1.41492916
1.084007999999927,1.35376781,1.41423631
1.1400079999999906,1.35642157,1.4118581
1.1960079999999615,1.36091525,1.4077137
1.2520079999999323,1.36701083,1.40189628
1.2576079999999572,1.3677161,1.40120908
1.268808000000007,1.36914851,1.39980843
1.291208000000014,1.37208524,1.3969122
1.336007999999935,1.3778918,1.39112316
1.3920079999999984,1.38460065,1.38436894
1.4480079999999693,1.3904795,1.37841895
1.50400799999994,1.3954963,1.37332984
1.5600080000000036,1.39967873,1.36907581
1.6160079999999746,1.40308149,1.36560401
1.6720079999999453,1.40577711,1.3628442
1.7280080000000089,1.40784774,1.36071508
1.7840079999999796,1.40937985,1.35913126
1.8400079999999506,1.41045887,1.35800756
1.8960080000000141,1.41116611,1.35726284
1.9520079999999849,1.41157608,1.35682229
1.9999999999999971,1.41174056,1.3566369
0.0055999999999293395,1.4117594,1.35661607
0.0167999999999791,1.41179071,1.3565816
0.03919999999998597,1.41176367,1.35661281
0.08399999999999971,1.41105841,1.35739822
0.13999999999997056,1.40865143,1.36003034
0.19599999999994142,1.40446359,1.36448993
0.25200000000000494,1.39859137,1.37053723
0.25759999999993716,1.39789818,1.37123684
0.26879999999998694,1.39648542,1.37265767
0.2911999999999938,1.39356415,1.37556989
0.3360000000000075,1.38772358,1.38132505
0.39199999999997837,1.38090709,1.38797164
0.4479999999999492,1.37490087,1.39379414
0.5040000000000128,1.3697648,1.39876255
0.5599999999999836,1.3654751,1.40290634
0.6159999999999545,1.36197688,1.40627906
0.6719999999999253,1.35919856,1.40895213
0.7279999999999888,1.35705823,1.41100702
0.7839999999999596,1.3554694,1.41252933
0.8399999999999305,1.35434596,1.41360381
0.895999999999994,1.35360581,1.41431093
0.9519999999999649,1.35317333,1.41472451
1.0079999999999358,1.35298084,1.4149104
1.0639999999999992,1.3529693,1.41492577
1.1199999999999701,1.3530884,1.41481912
1.1759999999999409,1.35329645,1.41463049
1.2320000000000044,1.35355967,1.41439212
1.2879999999999754,1.35385141,1.41412927
1.3439999999999461,1.3541513,1.4138611
1.4000000000000097,1.35444435,1.41360149
1.4559999999999804,1.35472009,1.41336
1.5119999999999514,1.35497177,1.41314261
1.568000000000015,1.35519556,1.4129525
1.6239999999999857,1.35538993,1.4127907
1.6799999999999566,1.35555501,1.41265669
1.7359999999999274,1.35569217,1.4125488
1.791999999999991,1.35580357,1.41246466
1.847999999999962,1.35589188,1.41240149
1.9039999999999326,1.35595997,1.41235636
1.9599999999999962,1.35601077,1.41232633
0.015999999999967013,1.3560471,1.4123086
0.07199999999993786,1.35607161,1.41230062
0.12800000000000136,1.35608669,1.4123001
0.1839999999999722,1.35609443,1.41230504
0.2399999999999431,1.35609664,1.41231379
0.2960000000000066,1.35609486,1.41232495
0.35199999999997744,1.35609033,1.41233741
0.4079999999999483,1.35608407,1.41235031
0.4640000000000118,1.35607684,1.41236301
0.5199999999999827,1.35606927,1.41237504
0.5759999999999535,1.35606177,1.41238609
0.6319999999999244,1.35605466,1.41239599
0.6879999999999878,1.35604812,1.41240465
0.7439999999999587,1.35604227,1.41241207
0.7999999999999295,1.35603715,1.41241828
0.8559999999999931,1.35603276,1.41242337
0.911999999999964,1.35602906,1.41242746
0.9679999999999348,1.35602601,1.41243066
0.9999759999999369,1.35602452,1.41243213
1.0055759999999618,1.35601431,1.41244249
1.0167760000000117,1.3559976,1.41246022
1.0391759999999257,1.35604458,1.41242532
1.0839759999999397,1.35679537,1.4117727
1.139976000000003,1.35929236,1.40953639
1.195975999999974,1.36355327,1.40560293
1.2519759999999447,1.36937108,1.40003578
1.2575759999999696,1.37004684,1.39937505
1.2687759999999269,1.37141992,1.39802757
1.2911759999999337,1.37423661,1.39523857
1.3359759999999474,1.37980165,1.38966401
1.391976000000011,1.38621469,1.38317014
1.4479759999999817,1.39181412,1.3774634
1.5039759999999527,1.39657509,1.37259418
1.5599759999999234,1.40052939,1.36853326
1.615975999999987,1.4037336,1.36522636
1.6719759999999577,1.40626028,1.36260354
1.7279759999999287,1.40819023,1.36058513
1.7839759999999922,1.40960779,1.35908807
1.839975999999963,1.41059575,1.3580299
1.895975999999934,1.41123253,1.3573324
1.9519759999999973,1.4115897,1.35692371
2.399999993475522e-05,1.41172092,1.35675535
0.005623999999959634,1.41173655,1.35673594
0.01682400000000939,1.4117617,1.35670413
0.03922399999992362,1.4117237,1.35673955
0.08402399999993736,1.41100145,1.35752943
0.14002400000000087,1.40858105,1.36016106
0.19602399999997172,1.40438665,1.36461505
0.25202399999994257,1.39851297,1.37065325
0.25762399999996743,1.39781989,1.37135179
0.26882399999992457,1.39640741,1.37277044
0.2912239999999314,1.39348705,1.37567811
0.3360239999999452,1.38764951,1.3814236
0.3920240000000087,1.38083849,1.3880576
0.44802399999997955,1.37483886,1.3938676
0.5040239999999504,1.36970987,1.39882409
0.5600240000000138,1.36542728,1.4029569
0.6160239999999847,1.36193586,1.40631977
0.6720239999999557,1.35916381,1.40898426
0.7280239999999265,1.3570291,1.41103183
0.78402399999999,1.35544516,1.41254806
0.8400239999999608,1.35432589,1.41361762
0.8960239999999317,1.35358919,1.41432088
0.9520239999999952,1.35315954,1.41473152
1.0000160000000073,1.35298518,1.41489964
1.0056159999999397,1.35296574,1.41491911
1.0168159999999893,1.35293405,1.41495179
1.0392159999999961,1.35297069,1.41492826
1.0840160000000099,1.35376789,1.41423541
1.1400159999999808,1.35642166,1.41185719
1.1960159999999516,1.36091534,1.4077128
1.2520160000000151,1.36701092,1.40189538
1.2576159999999474,1.36771619,1.40120818
1.268815999999997,1.3691486,1.39980753
1.2912160000000041,1.37208533,1.39691129
1.336015999999925,1.37789189,1.39112226
1.3920159999999886,1.38460074,1.38436803
1.4480159999999596,1.39047958,1.37841804
1.5040159999999303,1.39549638,1.37332892
1.5600159999999939,1.39967881,1.36907489
1.6160159999999646,1.40308158,1.36560309
1.6720159999999356,1.4057772,1.36284328
1.728015999999999,1.40784782,1.36071416
1.7840159999999698,1.40937994,1.35913035
1.8400159999999408,1.41045896,1.35800665
1.8960160000000044,1.4111662,1.35726193
1.952015999999975,1.41157618,1.35682139
7.999999987299029e-06,1.41174065,1.35663601
0.005608000000012178,1.4117595,1.35661517
0.016807999999969292,1.41179081,1.3565807
0.039207999999976165,1.41176377,1.35661192
0.08400799999998991,1.41105852,1.35739733
0.14000799999996077,1.40865154,1.36002945
0.19600799999993163,1.40446371,1.36448905
0.2520079999999951,1.3985915,1.37053635
0.25760799999992734,1.39789831,1.37123596
0.2688079999999771,1.39648555,1.3726568
0.291207999999984,1.39356429,1.37556902
0.3360079999999977,1.38772372,1.38132419
0.3920079999999686,1.38090725,1.38797078
0.44800799999993945,1.37490104,1.3937933
0.5040080000000029,1.36976497,1.39876171
0.5600079999999737,1.36547528,1.40290552
0.6160079999999446,1.36197706,1.40627824
0.6720080000000082,1.35919874,1.40895132
0.728007999999979,1.35705842,1.41100621
0.7840079999999499,1.35546959,1.41252853
0.8400080000000134,1.35434615,1.41360301
0.8960079999999843,1.353606,1.41431013
0.9520079999999551,1.35317352,1.41472371
0.9999999999999672,1.35299722,1.4148937
1.005599999999992,1.35297758,1.41491335
1.0167999999999493,1.3529455,1.41494638
1.0391999999999562,1.35298143,1.41492345
1.0839999999999699,1.35377742,1.41423153
1.1399999999999406,1.35643001,1.41185398
1.1960000000000042,1.36092283,1.40770981
1.2519999999999751,1.36701778,1.40189226
1.2576,1.367723,1.40120503
1.268799999999957,1.36915531,1.39980431
1.291199999999964,1.37209186,1.39690792
1.3359999999999776,1.37789814,1.3911185
1.3919999999999486,1.38460676,1.38436367
1.448000000000012,1.39048548,1.37841302
1.503999999999983,1.39550224,1.37332322
1.5599999999999536,1.3996847,1.36906852
1.6159999999999246,1.40308751,1.3655961
1.6719999999999882,1.40578322,1.36283571
1.727999999999959,1.40785393,1.36070608
1.7839999999999299,1.40938614,1.35912182
1.8399999999999934,1.41046525,1.35799774
1.8959999999999642,1.41117258,1.3572527
1.9519999999999351,1.41158263,1.3568119
0.007999999999998526,1.411762,1.35660842
0.06399999999996939,1.41176848,1.35658391
0.11999999999994024,1.41165112,1.35668873
0.17600000000000374,1.4114505,1.35688167
0.2319999999999746,1.41119935,1.35712931
0.28799999999994547,1.41092333,1.35740539
0.34400000000000897,1.41064192,1.35768979
0.3999999999999798,1.41036927,1.35796779
0.45599999999995067,1.41011516,1.3582291
0.5120000000000141,1.40988571,1.3584671
0.5679999999999851,1.40968427,1.35867807
0.6239999999999559,1.40951192,1.35886052
0.6799999999999268,1.40936821,1.35901464
0.7359999999999902,1.40925148,1.35914179
0.7919999999999611,1.40915939,1.35924412
0.8479999999999319,1.40908914,1.35932428
0.9039999999999955,1.40903775,1.35938509
0.9599999999999663,1.40900226,1.35942944
1.0159999999999372,1.40897983,1.35946009
1.0720000000000007,1.40896783,1.35947964
1.1279999999999715,1.40896394,1.35949039
1.1839999999999424,1.4089661,1.35949441
1.2400000000000058,1.40897259,1.35949343
1.2959999999999767,1.40898195,1.35948892
1.3519999999999477,1.40899304,1.35948208
1.408000000000011,1.40900492,1.35947387
1.463999999999982,1.40901691,1.35946502
1.5199999999999527,1.40902851,1.35945608
1.5759999999999237,1.40903936,1.35944744
1.6319999999999872,1.40904925,1.35943939
1.687999999999958,1.40905806,1.35943206
1.743999999999929,1.40906575,1.35942555
1.7999999999999923,1.40907235,1.35941987
1.8559999999999632,1.40907791,1.35941501
1.911999999999934,1.40908252,1.35941089
1.9679999999999975,1.40908628,1.35940746
1.9999759999999998,1.4090881,1.35940578
0.005575999999931977,1.40909849,1.35939553
0.016775999999981736,1.40911625,1.35937876
0.03917599999998861,1.40908099,1.35942589
0.08397600000000235,1.40842341,1.36017658
0.1399759999999732,1.40616946,1.36266742
0.19597599999994406,1.40220516,1.36691043
0.2519760000000076,1.39659684,1.3726965
0.2575759999999398,1.39593153,1.37336826
0.2687759999999896,1.39457476,1.37473309
0.29117599999999644,1.39176642,1.37753189
0.33597600000001016,1.38615182,1.3830586
0.391975999999981,1.37961004,1.38942511
0.44797599999995186,1.37386112,1.3949831
0.5039760000000154,1.36895841,1.39970964
0.5599759999999863,1.36487449,1.40363828
0.6159759999999571,1.36155306,1.40682429
0.671975999999928,1.35892285,1.4093391
0.7279759999999914,1.35690342,1.41126291
0.7839759999999623,1.35541057,1.41267924
0.8399759999999331,1.35436092,1.41367025
0.8959759999999967,1.3536753,1.41431359
0.9519759999999675,1.35328109,1.41468016
1.0000239999999976,1.35312665,1.41482125
1.0056239999999297,1.35310896,1.41483816
1.0168239999999795,1.35308056,1.41486594
1.0392239999999864,1.35312266,1.4148338
1.084024,1.35392668,1.41412801
1.140023999999971,1.35658255,1.41174025
1.1960239999999418,1.36107282,1.40759202
1.2520240000000054,1.36716101,1.4017749
1.2576239999999377,1.36786536,1.40108793
1.2688239999999873,1.36929587,1.39968779
1.2912239999999942,1.37222855,1.39679286
1.3360240000000079,1.3780263,1.39100736
1.3920239999999788,1.38472339,1.38425881
1.4480239999999496,1.39059037,1.37831533
1.5040240000000131,1.39559574,1.37323304
1.560023999999984,1.39976755,1.36898573
1.6160239999999548,1.40316073,1.36552029
1.6720239999999258,1.40584794,1.36276628
1.7280239999999893,1.40791135,1.36064229
1.78402399999996,1.40943743,1.35906292
1.840023999999931,1.41051152,1.35794297
1.8960239999999944,1.41121485,1.35720133
1.9520239999999653,1.41162183,1.35676328
0.008023999999936176,1.41179893,1.35656195
0.06402399999999968,1.41180381,1.35653909
0.12002399999997053,1.41168542,1.35664513
0.1760239999999414,1.41148422,1.35683892
0.2320240000000049,1.41123287,1.35708714
0.28802399999997574,1.41095691,1.35736357
0.3440239999999466,1.41067576,1.35764816
0.4000240000000101,1.41040351,1.35792622
0.45602399999998094,1.41014989,1.35818751
0.5120239999999519,1.40992098,1.35842545
0.5680240000000153,1.40972008,1.35863631
0.6240239999999861,1.40954829,1.35881865
0.680023999999957,1.40940509,1.35897265
0.7360239999999278,1.40928884,1.3590997
0.7920239999999914,1.40919719,1.35920194
0.8480239999999623,1.40912732,1.35928202
0.9040239999999331,1.40907627,1.35934278
0.9600239999999965,1.40904107,1.35938709
1.0000079999999574,1.40902413,1.35941013
1.0056079999999823,1.40903239,1.35940281
1.0168079999999395,1.40904613,1.35939167
1.0392079999999464,1.40900409,1.35944871
1.0840079999999601,1.40833753,1.36021439
1.1400079999999309,1.40607953,1.36271638
1.1960079999999944,1.4021173,1.36696394
1.2520079999999654,1.39651539,1.37274974
1.25760799999999,1.39585093,1.37342124
1.2688079999999473,1.3944959,1.37478549
1.2912079999999542,1.39169131,1.37758279
1.3360079999999679,1.38608505,1.38310539
1.3920079999999386,1.37955464,1.38946525
1.4480080000000022,1.37381743,1.39501563
1.5040079999999731,1.36892615,1.39973421
1.5600079999999439,1.36485296,1.40365501
1.6160080000000074,1.3615413,1.40683363
1.6720079999999784,1.35891975,1.4093417
1.7280079999999491,1.35690781,1.41125954
1.7840080000000127,1.35542126,1.41267073
1.8400079999999834,1.35437678,1.4136574
1.8960079999999544,1.35369531,1.41429716
1.9520079999999251,1.35330432,1.41466088
1.9999999999999374,1.35315209,1.41479992
0.0055999999999622714,1.35313458,1.41481666
0.01680000000001203,1.35310655,1.41484408
0.03919999999992626,1.3531493,1.4148113
0.08399999999994,1.35395437,1.41410438
0.1400000000000035,1.35661107,1.41171548
0.19599999999997436,1.36110168,1.40756633
0.2519999999999452,1.3671898,1.40174846
0.2575999999999701,1.36789412,1.40106142
0.2687999999999272,1.36932457,1.39966116
0.29119999999993407,1.37225709,1.39676599
0.33599999999994784,1.37805441,1.39098006
0.39200000000001134,1.38475085,1.38423111
0.4479999999999822,1.39061712,1.37828738
0.503999999999953,1.39562179,1.37320495
0.5599999999999239,1.39979294,1.3689576
0.6159999999999873,1.40318551,1.36549219
0.6719999999999583,1.40587216,1.36273826
0.7279999999999291,1.40793509,1.3606144
0.7839999999999926,1.40946077,1.35903517
0.8399999999999634,1.41053453,1.35791537
0.8959999999999343,1.41123761,1.3571739
0.9519999999999978,1.41164439,1.35673601
1.0079999999999687,1.41182135,1.35653485
1.0639999999999394,1.41182614,1.35651215
1.120000000000003,1.41170771,1.35661833
1.175999999999974,1.4115065,1.35681226
1.2319999999999447,1.41125516,1.35706062
1.2880000000000082,1.41097924,1.35733717
1.343999999999979,1.41069815,1.35762187
1.39999999999995,1.41042597,1.35790004
1.4560000000000135,1.41017242,1.35816143
1.5119999999999842,1.40994359,1.35839945
1.5679999999999552,1.40974278,1.3586104
1.623999999999926,1.40957106,1.35879281
1.6799999999999895,1.40942794,1.35894688
1.7359999999999605,1.40931176,1.35907399
1.7919999999999312,1.40922018,1.35917629
1.8479999999999948,1.40915037,1.35925643
1.9039999999999655,1.40909938,1.35931723
1.9599999999999365,1.40906422,1.35936158
0.015999999999999945,1.40904208,1.35939226
0.0719999999999708,1.40903032,1.35941183
0.12799999999994166,1.40902663,1.35942263
0.18400000000000516,1.40902895,1.35942669
0.239999999999976,1.40903556,1.35942576
0.29599999999994686,1.40904502,1.3594213
0.35200000000001036,1.40905618,1.35941452
0.4079999999999812,1.40906811,1.35940636
0.46399999999995206,1.40908015,1.35939755
0.5200000000000156,1.40909177,1.35938866
0.5759999999999864,1.40910263,1.35938007
0.6319999999999573,1.40911253,1.35937206
0.6879999999999281,1.40912134,1.35936477
0.7439999999999917,1.40912902,1.35935829
0.7999999999999625,1.40913561,1.35935264
0.8559999999999334,1.40914115,1.3593478
0.9119999999999968,1.40914575,1.35934372
0.9679999999999678,1.40914951,1.35934031
1.0239999999999385,1.40915253,1.35933749
1.080000000000002,1.40915494,1.35933519
1.135999999999973,1.40915683,1.35933331
1.1919999999999438,1.40915831,1.35933178
1.2480000000000073,1.40915946,1.35933052
1.303999999999978,1.40916037,1.35932947
1.359999999999949,1.4091611,1.35932857
1.4160000000000126,1.40916171,1.35932778
1.4719999999999833,1.40916224,1.35932705
1.5279999999999543,1.40916273,1.35932637
1.583999999999925,1.4091632,1.35932571
1.6399999999999886,1.40916368,1.35932504
1.6959999999999593,1.40916419,1.35932436
1.7519999999999303,1.40916472,1.35932366
1.8079999999999938,1.4091653,1.35932294
1.8639999999999646,1.40916591,1.35932219
1.9199999999999355,1.40916657,1.35932142
1.975999999999999,1.40916727,1.35932061
2.3999999967687347e-05,1.40916758,1.35932025
0.005623999999992566,1.40917777,1.35931018
0.01682399999994968,1.40919512,1.35929377
0.03922399999995655,1.40915911,1.35934154
0.08402399999997029,1.40850043,1.36009333
0.14002399999994114,1.40624583,1.36258533
0.19602400000000464,1.40228161,1.36682944
0.2520239999999755,1.39667395,1.37261668
0.2576240000000004,1.39600874,1.37328856
0.2688239999999575,1.39465217,1.37465363
0.29122399999996434,1.39184427,1.37745294
0.3360239999999781,1.38623067,1.38298064
0.39202399999994897,1.37969023,1.38934826
0.44802400000001247,1.3739426,1.39490711
0.5040239999999834,1.36904103,1.39963427
0.5600239999999542,1.36495806,1.40356332
0.6160239999999251,1.36163741,1.40674955
0.6720239999999885,1.35900779,1.40926444
0.7280239999999594,1.35698879,1.4111882
0.7840239999999302,1.3554962,1.41260438
0.8400239999999938,1.35444667,1.41359516
0.8960239999999646,1.35376106,1.41423821
0.9520239999999355,1.35336676,1.41460445
1.008023999999999,1.35319894,1.41475697
1.0640239999999699,1.35320125,1.41475032
1.1200239999999406,1.35332581,1.41463064
1.1760240000000042,1.35353293,1.41443594
1.2320239999999751,1.35379059,1.41419673
1.2880239999999459,1.35407369,1.41393671
1.3440240000000094,1.35436306,1.41367383
1.4000239999999802,1.35464468,1.413421
1.4560239999999511,1.35490881,1.413187
1.5120240000000147,1.35514923,1.41297725
1.5680239999999854,1.35536248,1.41279454
1.6240239999999564,1.35554728,1.4126396
1.6800239999999271,1.35570388,1.41251175
1.7360239999999907,1.3558337,1.41240923
1.7920239999999614,1.35593891,1.41232966
1.8480239999999324,1.3560221,1.41227026
1.904023999999996,1.35608605,1.41222816
1.9600239999999667,1.35613361,1.41220049
7.999999927586928e-06,1.35615897,1.41218813
0.005607999999952466,1.35615198,1.412197
0.016808000000002224,1.35614148,1.41221197
0.0392080000000091,1.35619953,1.41217267
0.0840079999999302,1.35696759,1.4115151
0.1400079999999937,1.35947821,1.40927836
0.19600799999996454,1.36374549,1.40534911
0.2520079999999354,1.36956404,1.39978929
0.25760799999996026,1.37023959,1.39912944
0.26880800000001004,1.37161217,1.39778374
0.29120799999992425,1.37442744,1.39499848
0.336007999999938,1.37998831,1.3894319
0.3920080000000015,1.38639446,1.38294865
0.4480079999999724,1.39198608,1.3772528
0.5040079999999433,1.39673901,1.37239431
0.5600080000000067,1.40068551,1.36834357
0.6160079999999776,1.40388248,1.36504607
0.6720079999999484,1.40640269,1.3624317
0.728008000000012,1.40832701,1.36042074
0.7840079999999828,1.40973986,1.3589301
0.8400079999999537,1.41072396,1.35787735
0.8960079999999245,1.41135771,1.35718436
0.952007999999988,1.41171259,1.35677934
1.008007999999959,1.41185222,1.35659827
1.0640079999999297,1.41183164,1.3565855
1.1200079999999932,1.41169738,1.35669379
1.176007999999964,1.41148777,1.35688405
1.232007999999935,1.41123362,1.35712467
1.2880079999999985,1.41095895,1.35739086
1.3440079999999692,1.41068189,1.35766372
1.4000079999999402,1.41041552,1.35792947
1.4560080000000037,1.41016875,1.35817855
1.5120079999999745,1.40994706,1.35840486
1.5680079999999454,1.40975332,1.35860501
1.6240080000000088,1.40958828,1.35877776
1.6800079999999797,1.40945126,1.35892338
1.7360079999999505,1.4093405,1.3590433
1.792008000000014,1.40925358,1.35913961
1.848007999999985,1.40918771,1.35921489
1.9040079999999557,1.40913996,1.35927186
1.9600079999999267,1.4091074,1.3593133
1.9999919999999802,1.40909199,1.35933478
0.00559200000000501,1.40910045,1.35932727
0.016791999999962122,1.40911455,1.35931578
0.039191999999968995,1.4090732,1.35937216
0.08399199999998273,1.40840791,1.36013685
0.1399919999999536,1.40615136,1.36263817
0.19599199999992445,1.40219054,1.36688575
0.25199199999998795,1.39658998,1.37267218
0.2575920000000128,1.39592565,1.37334378
0.26879199999996994,1.39457089,1.37470823
0.2911919999999768,1.39176682,1.377506
0.3359919999999906,1.38616155,1.38302966
0.3919919999999614,1.37963222,1.38939096
0.4479919999999323,1.37389585,1.39494272
0.5039919999999958,1.36900515,1.39966257
0.5599919999999666,1.36493233,1.4035845
0.6159919999999375,1.36162085,1.40676408
0.671992000000001,1.35899931,1.40927294
0.7279919999999719,1.35698726,1.4111914
0.7839919999999427,1.35550052,1.41260306
0.8399920000000062,1.35445577,1.41359005
0.895991999999977,1.35377397,1.41423002
0.9519919999999479,1.35338261,1.41459382
1.0079920000000113,1.35321698,1.41474446
1.0639919999999823,1.35322084,1.41473642
1.119991999999953,1.35334642,1.41461575
1.175991999999924,1.35355412,1.4144204
1.2319919999999875,1.35381203,1.41418078
1.2879919999999583,1.35409512,1.41392057
1.3439919999999292,1.35438429,1.41365764
1.3999919999999928,1.35466557,1.41340486
1.4559919999999635,1.35492928,1.41317099
1.5119919999999345,1.35516923,1.41296141
1.5679919999999978,1.355382,1.41277888
1.6239919999999688,1.35556632,1.41262413
1.6799919999999395,1.35572246,1.41249646
1.735992000000003,1.35585187,1.41239409
1.791991999999974,1.35595669,1.41231466
1.8479919999999448,1.35603953,1.41225537
1.9039920000000083,1.35610319,1.41221337
1.959991999999979,1.35615049,1.41218576
0.01599199999995004,1.35618414,1.41216987
0.07199200000001355,1.35620667,1.41216319
0.1279919999999844,1.35622034,1.41216356
0.18399199999995525,1.35622717,1.41216904
0.2399919999999261,1.35622885,1.41217806
0.2959919999999896,1.35622684,1.41218928
0.35199199999996045,1.3562223,1.41220165
0.4079919999999313,1.35621619,1.41221437
0.4639919999999948,1.35620923,1.41222682
0.5199919999999657,1.35620199,1.41223857
0.5759919999999366,1.35619487,1.41224935
0.631992,1.35618813,1.41225897
0.6879919999999708,1.35618197,1.41226738
0.7439919999999417,1.35617647,1.41227457
0.7999920000000053,1.35617167,1.4122806
0.8559919999999761,1.35616757,1.41228554
0.911991999999947,1.35616413,1.4122895
0.9679920000000105,1.35616128,1.41229261
1.0000239999999379,1.3561599,1.41229405
1.0056239999999628,1.35614971,1.4123044
1.0168240000000124,1.35613304,1.41232212
1.0392239999999267,1.3561801,1.41228717
1.0840239999999404,1.35693103,1.41163429
1.140024000000004,1.35942792,1.40939718
1.1960239999999749,1.36368825,1.40546238
1.2520239999999456,1.3695049,1.39989348
1.2576239999999705,1.3701805,1.39923256
1.2688239999999276,1.37155327,1.39788469
1.2912239999999344,1.37436928,1.39509487
1.3360239999999484,1.37993285,1.38951863
1.3920240000000117,1.38634407,1.38302276
1.4480239999999827,1.39194191,1.37731433
1.5040239999999534,1.39670159,1.3724438
1.5600239999999244,1.4006549,1.36838194
1.616023999999988,1.4038584,1.36507444
1.6720239999999587,1.40638462,1.3624513
1.7280239999999296,1.40831433,1.36043284
1.784023999999993,1.40973186,1.35893594
1.840023999999964,1.41071996,1.35787811
1.8960239999999347,1.41135701,1.35718109
1.9520239999999982,1.41171457,1.35677299
0.008023999999969108,1.41185633,1.35658966
0.06402399999993996,1.41183737,1.35657532
0.12002400000000346,1.41170433,1.35668261
0.1760239999999743,1.41149558,1.35687234
0.23202399999994516,1.41124202,1.35711279
0.28802400000000866,1.41096772,1.35737908
0.3440239999999795,1.41069088,1.35765225
0.40002399999995036,1.41042459,1.35791845
0.45602400000001386,1.41017781,1.35816805
0.5120239999999847,1.40995607,1.35839493
0.5680239999999556,1.40976223,1.35859566
0.6240239999999264,1.40959709,1.35876898
0.68002399999999,1.40945996,1.35891514
0.7360239999999608,1.40934909,1.35903555
0.7920239999999317,1.40926209,1.35913232
0.8480239999999952,1.40919614,1.35920799
0.9040239999999661,1.40914833,1.35926531
0.9600239999999369,1.40911572,1.35930705
1.0160240000000005,1.40909558,1.35933583
1.0720239999999712,1.40908534,1.35935414
1.1280239999999422,1.40908276,1.35936418
1.1840240000000055,1.40908586,1.35936789
1.2400239999999765,1.40909298,1.35936691
1.2960239999999472,1.40910274,1.35936265
1.3520240000000108,1.40911405,1.35935622
1.4080239999999817,1.40912601,1.35934853
1.4640239999999525,1.409138,1.35934025
1.5200239999999234,1.40914952,1.35933191
1.5760239999999868,1.40916026,1.35932388
1.6320239999999577,1.40917001,1.3593164
1.6880239999999287,1.40917868,1.3593096
1.744023999999992,1.40918624,1.35930358
1.800023999999963,1.4091927,1.35929834
1.8560239999999337,1.40919815,1.35929386
1.9120239999999973,1.40920266,1.35929007
1.9680239999999682,1.40920634,1.35928692
0.024023999999939014,1.40920931,1.35928432
0.08002400000000251,1.40921167,1.35928219
0.13602399999997336,1.40921354,1.35928045
0.19202399999994424,1.40921499,1.35927903
0.24802400000000774,1.40921614,1.35927784
0.3040239999999786,1.40921704,1.35927685
0.36002399999994944,1.40921776,1.35927599
0.41602400000001294,1.40921836,1.35927522
0.4720239999999838,1.40921889,1.35927451
0.5280239999999546,1.40921938,1.35927384
0.5840239999999255,1.40921985,1.35927317
0.640023999999989,1.40922033,1.3592725
0.6960239999999599,1.40922083,1.35927181
0.7520239999999307,1.40922135,1.3592711
0.8080239999999942,1.40922192,1.35927036
0.864023999999965,1.40922252,1.3592696
0.9200239999999359,1.40922317,1.35926881
0.9760239999999994,1.40922385,1.35926799
0.9999919999999503,1.40922416,1.35926763
1.0055919999999752,1.40923434,1.35925756
1.0167919999999322,1.40925169,1.35924114
1.039191999999939,1.40921569,1.35928891
1.0839919999999528,1.40855709,1.36004069
1.1399919999999237,1.40630276,1.36253277
1.1959919999999873,1.40233904,1.36677715
1.251991999999958,1.39673205,1.37256488
1.257591999999983,1.39606691,1.37323682
1.2687919999999402,1.39471049,1.37460202
1.291191999999947,1.3919029,1.37740161
1.3359919999999608,1.38628995,1.38292992
1.3919919999999315,1.37975029,1.38929827
1.447991999999995,1.37400332,1.39485777
1.503991999999966,1.36910225,1.39958545
1.5599919999999368,1.36501965,1.4035149
1.6159920000000003,1.36169926,1.4067014
1.671991999999971,1.35906984,1.4092164
1.727991999999942,1.35705092,1.41114022
1.7839920000000056,1.35555825,1.41255642
1.8399919999999763,1.35450856,1.41354716
1.8959919999999473,1.35382273,1.41419011
1.9519920000000106,1.35342817,1.41455622
1.9999839999999303,1.35327344,1.41469675
0.005583999999955103,1.35325568,1.41471362
0.01678400000000486,1.35322714,1.41474131
0.03918400000001173,1.35326897,1.41470897
0.08398399999993283,1.35407244,1.41400257
0.13998399999999633,1.35672738,1.41161353
0.19598399999996718,1.36121623,1.40746344
0.25198399999993804,1.36730247,1.40164402
0.2575839999999629,1.36800659,1.4009568
0.2687840000000127,1.36943664,1.39955616
0.2911839999999269,1.37236833,1.39666019
0.33598399999994066,1.37816402,1.39087255
0.39198400000000416,1.38485862,1.38412146
0.447983999999975,1.39072338,1.37817575
0.5039839999999458,1.39572688,1.37309161
0.5599840000000094,1.39989717,1.36884285
0.6159839999999802,1.40328916,1.36537632
0.6719839999999511,1.40597548,1.36262155
0.7279840000000146,1.40803827,1.36049709
0.7839839999999855,1.40956397,1.3589175
0.8399839999999563,1.4106379,1.35779753
0.8959839999999272,1.41134124,1.35705607
0.9519839999999906,1.41174838,1.35661832
0.9999760000000029,1.41191115,1.35643499
1.005575999999935,1.41192983,1.35641437
1.0167759999999848,1.41196086,1.35638033
1.0391759999999917,1.41193334,1.35641235
1.0839760000000054,1.41122768,1.35719922
1.1399759999999763,1.40882132,1.35983324
1.195975999999947,1.40463524,1.36429515
1.2519760000000106,1.39876568,1.37034532
1.257575999999943,1.3980728,1.37104525
1.2687759999999926,1.39666067,1.37246674
1.2911759999999994,1.39374073,1.37538032
1.3359760000000132,1.38790297,1.3811383
1.3919759999999841,1.38109,1.38778821
1.4479759999999549,1.37508698,1.3936136
1.5039759999999258,1.36995366,1.39858439
1.5599759999999894,1.36566623,1.40273009
1.61597599999996,1.36216981,1.40610425
1.671975999999931,1.35939284,1.40877838
1.7279759999999946,1.35725346,1.41083396
1.7839759999999654,1.35566523,1.41235666
1.8399759999999363,1.35454207,1.41343126
1.8959759999999997,1.35380193,1.4141383
1.9519759999999706,1.35336925,1.4145516
0.00797599999994145,1.35317637,1.41473707
0.06397600000000495,1.35316432,1.4147519
0.11997599999997581,1.35328285,1.4146446
0.17597599999994668,1.35349023,1.41445528
0.23197600000001017,1.35375267,1.41421623
0.287975999999981,1.3540436,1.4139527
0.3439759999999519,1.35434266,1.41368384
0.3999760000000154,1.3546349,1.41342356
0.4559759999999862,1.35490986,1.41318142
0.5119759999999571,1.35516079,1.4129634
0.567975999999928,1.35538388,1.41277271
0.6239759999999914,1.35557758,1.41261038
0.6799759999999623,1.35574205,1.41247587
0.7359759999999331,1.35587865,1.41236752
0.7919759999999967,1.35598955,1.41228297
0.8479759999999675,1.3560774,1.41221943
0.9039759999999384,1.35614508,1.41217398
0.9599760000000018,1.35619552,1.41214366
1.0159759999999727,1.35623154,1.41212569
1.0719759999999436,1.35625578,1.41211749
1.127976000000007,1.35627062,1.41211679
1.183975999999978,1.35627816,1.41212159
1.239975999999949,1.3562802,1.41213022
1.2959760000000122,1.3562783,1.41214126
1.3519759999999832,1.35627373,1.4121536
1.407975999999954,1.35626746,1.41216639
1.463975999999925,1.35626023,1.41217901
1.5199759999999884,1.35625262,1.41219099
1.5759759999999592,1.35624504,1.41220206
1.6319759999999301,1.35623784,1.41221199
1.6879759999999935,1.35623123,1.41222068
1.7439759999999644,1.35622531,1.41222813
1.7999759999999352,1.35622013,1.41223439
1.8559759999999987,1.35621569,1.41223953
1.9119759999999697,1.35621194,1.41224367
1.9679759999999404,1.35620885,1.41224691
0.023976000000004,1.35620632,1.4122494
0.07997599999997486,1.35620429,1.41225124
0.13597599999994572,1.35620268,1.41225255
0.19197600000000922,1.35620142,1.41225345
0.24797599999998007,1.35620043,1.41225403
0.30397599999995095,1.35619966,1.41225436
0.35997600000001445,1.35619906,1.41225453
0.4159759999999853,1.35619858,1.41225458
0.47197599999995615,1.35619818,1.41225457
0.527975999999927,1.35619784,1.41225453
0.5839759999999905,1.35619754,1.41225449
0.6399759999999614,1.35619724,1.41225447
0.6959759999999322,1.35619695,1.41225449
0.7519759999999958,1.35619666,1.41225455
0.8079759999999666,1.35619635,1.41225467
0.8639759999999375,1.35619602,1.41225484
0.9199760000000009,1.35619568,1.41225506
0.9759759999999718,1.35619533,1.41225533
0.9999999999999405,1.35619517,1.41225546
1.0055999999999654,1.35618516,1.41226562
1.016800000000015,1.35616885,1.41228296
1.0391999999999293,1.35621657,1.41224734
1.083999999999943,1.35696862,1.41159335
1.1400000000000066,1.3594665,1.4093552
1.1959999999999775,1.36372736,1.40541965
1.2519999999999483,1.36954412,1.39985019
1.2575999999999732,1.37021972,1.39918923
1.2687999999999302,1.37159246,1.39784127
1.291199999999937,1.37440837,1.39505131
1.335999999999951,1.37997165,1.38947484
1.3920000000000143,1.3863824,1.38297883
1.4479999999999853,1.39197977,1.37727044
1.503999999999956,1.39673899,1.3724001
1.559999999999927,1.40069189,1.36833854
1.6159999999999906,1.40389505,1.36503142
1.6719999999999613,1.40642101,1.36240872
1.7279999999999323,1.40835053,1.36039073
1.7839999999999956,1.40976794,1.35889431
1.8399999999999666,1.41075597,1.35783695
1.8959999999999373,1.41139302,1.3571404
1.9520000000000008,1.41175063,1.35673274
1.999992000000013,1.41188224,1.35656542
0.005591999999945298,1.41189796,1.35654611
0.016791999999995054,1.41192326,1.35651449
0.03919200000000193,1.41188562,1.35655028
0.08399200000001567,1.41116429,1.35734094
0.13999199999998652,1.40874564,1.3599739
0.1959919999999574,1.40455365,1.36442987
0.2519919999999282,1.39868289,1.37047076
0.25759199999995314,1.39799012,1.37116961
0.26879200000000286,1.39657828,1.3725889
0.2911920000000097,1.39365923,1.37549791
0.33599199999993085,1.38782436,1.3812462
0.39199199999999434,1.38101654,1.38788358
0.4479919999999652,1.3750197,1.39369659
0.503991999999936,1.369893,1.39865563
0.5599919999999996,1.3656122,1.40279053
0.6159919999999705,1.3621221,1.40615505
0.6719919999999413,1.35935096,1.40882078
0.7279920000000047,1.35721679,1.41086923
0.7839919999999756,1.35563308,1.41238601
0.8399919999999464,1.35451377,1.41345584
0.89599200000001,1.35377682,1.41415912
0.9519919999999809,1.35334673,1.4145696
1.0079919999999516,1.3531559,1.41475302
1.0639920000000151,1.35314544,1.41476646
1.119991999999986,1.35326517,1.41465832
1.1759919999999568,1.3534734,1.4144686
1.2319919999999278,1.35373643,1.41422949
1.2879919999999914,1.35402775,1.41396614
1.343991999999962,1.35432704,1.41369765
1.399991999999933,1.35461939,1.41343787
1.4559919999999964,1.35489437,1.41319629
1.5119919999999674,1.35514527,1.41297887
1.567991999999938,1.3553683,1.41278878
1.6239920000000017,1.35556192,1.41262702
1.6799919999999726,1.35572631,1.41249305
1.7359919999999434,1.35586284,1.4123852
1.791992000000007,1.35597367,1.4123011
1.8479919999999777,1.35606146,1.41223796
1.9039919999999486,1.3561291,1.41219284
1.9599920000000122,1.35617951,1.4121628
1.9999759999999729,1.35620645,1.41214912
0.005575999999997841,1.35619965,1.41215783
0.016775999999954955,1.35618953,1.41217248
0.039175999999961825,1.35624825,1.41213261
0.08397599999997557,1.35701739,1.41147405
0.13997599999994642,1.35952886,1.40923626
0.19597600000000992,1.36379643,1.40530611
0.25197599999998077,1.36961476,1.39974552
0.25757600000000563,1.37029026,1.39908559
0.26877599999996277,1.37166274,1.39773975
0.2911759999999696,1.37447776,1.39495421
0.3359759999999834,1.38003802,1.38938714
0.39197599999995425,1.3864433,1.3829034
0.4479759999999251,1.39203403,1.37720722
0.5039759999999887,1.39678611,1.37234855
0.5599759999999595,1.40073185,1.36829777
0.6159759999999304,1.40392815,1.36500033
0.6719759999999938,1.40644779,1.3623861
0.7279759999999647,1.40837165,1.36037532
0.7839759999999355,1.40978412,1.35888492
0.8399759999999991,1.41076795,1.35783243
0.8959759999999699,1.41140151,1.35713971
0.9519759999999408,1.41175628,1.35673497
1.0000239999999707,1.41188601,1.3565694
1.0056239999999956,1.41190151,1.35655028
1.0168239999999527,1.41192639,1.35651904
1.0392239999999597,1.41188796,1.3565555
1.0840239999999735,1.41116532,1.35734721
1.1400239999999442,1.40874541,1.35998098
1.1960240000000077,1.40455253,1.36443732
1.2520239999999785,1.39868118,1.37047824
1.2576240000000034,1.39798836,1.37117707
1.2688239999999606,1.39657643,1.37259633
1.2912239999999675,1.39365724,1.37550524
1.3360239999999812,1.38782217,1.38125325
1.392023999999952,1.38101421,1.38789016
1.4480240000000155,1.37501735,1.3937026
1.5040239999999865,1.36989071,1.39866103
1.5600239999999572,1.36561001,1.40279531
1.6160239999999282,1.36212003,1.40615923
1.6720239999999915,1.35934902,1.40882439
1.7280239999999625,1.35721499,1.41087232
1.7840239999999332,1.3556314,1.41238863
1.8400239999999968,1.3545122,1.41345804
1.8960239999999677,1.35377534,1.41416097
1.9520239999999385,1.35334532,1.41457115
0.00802400000000204,1.35315455,1.41475432
0.0640239999999729,1.35314413,1.41476756
0.12002399999994375,1.35326388,1.41465926
0.17602400000000726,1.35347214,1.4144694
0.2320239999999781,1.35373518,1.4142302
0.288023999999949,1.3540265,1.41396678
0.3440240000000125,1.35432578,1.41369825
0.40002399999998334,1.35461812,1.41343843
0.4560239999999542,1.35489309,1.41319684
0.512023999999925,1.35514399,1.41297941
0.5680239999999885,1.355367,1.41278932
0.6240239999999594,1.35556062,1.41262757
0.6800239999999302,1.355725,1.41249362
0.7360239999999938,1.35586152,1.41238578
0.7920239999999646,1.35597235,1.4123017
0.8480239999999355,1.35606014,1.41223857
0.9040239999999989,1.35612778,1.41219347
0.9600239999999698,1.35617819,1.41216345
1.0000079999999307,1.35620513,1.41214978
1.0056079999999556,1.35619834,1.41215849
1.0168080000000053,1.35618821,1.41217315
1.0392080000000121,1.35624693,1.41213328
1.0840079999999332,1.35701608,1.41147473
1.1400079999999968,1.35952755,1.40923697
1.1960079999999675,1.36379513,1.40530684
1.2520079999999385,1.36961347,1.39974626
1.2576079999999634,1.37028898,1.39908634
1.268808000000013,1.37166146,1.39774051
1.2912079999999273,1.37447649,1.39495498
1.336007999999941,1.38003676,1.38938793
1.3920080000000046,1.38644206,1.3829042
1.4480079999999755,1.39203281,1.37720804
1.5040079999999463,1.39678491,1.37234939
1.5600080000000098,1.40073066,1.36829862
1.6160079999999806,1.40392697,1.36500118
1.6720079999999515,1.40644661,1.36238695
1.728008000000015,1.40837048,1.36037618
1.7840079999999858,1.40978296,1.35888578
1.8400079999999568,1.41076679,1.35783329
1.8960079999999275,1.41140035,1.35714057
1.952007999999991,1.41175512,1.35673583
0.00800799999996194,1.41189471,1.35655504
0.0640079999999328,1.41187412,1.35654253
0.1200079999999963,1.41173992,1.35665109
0.17600799999996716,1.41153038,1.35684159
0.232007999999938,1.41127635,1.35708245
0.2880080000000015,1.4110018,1.35734885
0.3440079999999724,1.41072489,1.35762192
0.40000799999994324,1.41045866,1.35788786
0.45600800000000674,1.41021203,1.35813711
0.5120079999999776,1.40999049,1.35836357
0.5680079999999484,1.40979688,1.35856387
0.6240080000000119,1.40963197,1.35873674
0.6800079999999827,1.40949507,1.35888248
0.7360079999999537,1.40938441,1.3590025
0.7920079999999246,1.4092976,1.35909891
0.848007999999988,1.40923181,1.35917427
0.9040079999999588,1.40918413,1.35923131
0.9600079999999297,1.40915164,1.35927281
0.9999919999999832,1.40913627,1.35929432
1.005592000000008,1.40914473,1.35928683
1.0167919999999653,1.40915885,1.35927534
1.0391919999999721,1.40911753,1.35933174
1.0839919999999859,1.40845234,1.36009646
1.1399919999999566,1.40619606,1.36259788
1.1959919999999276,1.40223567,1.3668457
1.2519919999999911,1.39663568,1.37263254
1.2575920000000158,1.39597141,1.37330419
1.268791999999973,1.39461677,1.37466874
1.29119199999998,1.39181296,1.37746673
1.3359919999999936,1.38620823,1.38299087
1.3919919999999646,1.37967953,1.38935275
1.4479919999999353,1.37394369,1.39490502
1.5039919999999989,1.36905341,1.39962527
1.5599919999999696,1.36498088,1.40354751
1.6159919999999406,1.36166963,1.40672728
1.6719920000000041,1.35904827,1.40923622
1.7279919999999749,1.3570363,1.41115472
1.7839919999999458,1.35554949,1.41256639
1.8399920000000092,1.3545046,1.41355336
1.8959919999999801,1.35382263,1.41419325
1.9519919999999509,1.35343106,1.41455694
0.007992000000014482,1.3532652,1.41470744
0.06399199999998534,1.35326881,1.41469923
0.11999199999995619,1.35339413,1.41457839
0.17599199999992704,1.35360157,1.41438285
0.23199199999999054,1.35385922,1.41414305
0.2879919999999614,1.35414206,1.41388264
0.34399199999993224,1.35443098,1.41361953
0.39999199999999574,1.35471204,1.41336656
0.45599199999996665,1.35497553,1.41313252
0.5119919999999375,1.35521528,1.41292277
0.5679920000000009,1.35542787,1.41274008
0.6239919999999718,1.35561201,1.41258519
0.6799919999999426,1.355768,1.41245738
0.7359920000000062,1.35589727,1.4123549
0.791991999999977,1.35600196,1.41227536
0.8479919999999479,1.35608469,1.41221598
0.9039920000000115,1.35614825,1.41217388
0.9599919999999823,1.35619546,1.4121462
0.9999759999999431,1.3562206,1.41213383
1.005575999999968,1.35621359,1.4121427
1.016775999999925,1.35620303,1.41215766
1.039175999999932,1.35626098,1.41211834
1.0839759999999456,1.35702887,1.41146066
1.1399760000000092,1.35953919,1.40922358
1.1959759999999802,1.363806,1.40529376
1.251975999999951,1.36962386,1.39973319
1.2575759999999758,1.37029933,1.39907326
1.2687759999999328,1.37167175,1.39772739
1.2911759999999397,1.37448666,1.39494178
1.3359759999999534,1.38004679,1.38937449
1.3919759999999244,1.38645205,1.38289039
1.447975999999988,1.39204291,1.37719381
1.5039759999999587,1.39679522,1.37233474
1.5599759999999296,1.40074124,1.36828359
1.6159759999999932,1.40393788,1.36498581
1.671975999999964,1.40645786,1.36237128
1.727975999999935,1.40838206,1.36036026
1.7839759999999982,1.40979488,1.35886967
1.8399759999999692,1.41077903,1.35781704
1.89597599999994,1.41141289,1.35712423
1.9519760000000035,1.41176793,1.35671943
2.3999999940907374e-05,1.41189787,1.35655384
0.005623999999965787,1.4119134,1.35653473
0.016824000000015545,1.41193833,1.35650348
0.03922399999992977,1.41189999,1.35653994
0.08402399999994352,1.41117754,1.35733167
0.140024000000007,1.40875789,1.35996551
0.19602399999997788,1.4045653,1.36442198
0.25202399999994873,1.39869425,1.37046311
0.2576239999999736,1.39800147,1.37116197
0.26882399999993073,1.3965896,1.37258127
0.2912239999999376,1.39367053,1.37549029
0.3360239999999513,1.38783571,1.38123853
0.39202400000001486,1.38102805,1.38787572
0.4480239999999857,1.37503144,1.39368842
0.5040239999999565,1.36990499,1.39864708
0.5600239999999274,1.36562444,1.40278154
0.6160239999999909,1.36213458,1.40614562
0.6720239999999618,1.35936365,1.4088109
0.7280239999999326,1.35722965,1.41085891
0.7840239999999962,1.35564609,1.41237529
0.840023999999967,1.35452688,1.41344473
0.8960239999999379,1.35378999,1.41414768
0.9520240000000013,1.35335994,1.41455785
1.0000160000000136,1.35318513,1.41472544
1.0056159999999457,1.35316563,1.41474485
1.0168159999999955,1.35313382,1.41477738
1.0392160000000024,1.35317023,1.41475353
1.084016000000016,1.35396687,1.41405978
1.140015999999987,1.35661952,1.41167976
1.1960159999999578,1.36111139,1.4075328
1.2520159999999287,1.36720436,1.4017122
1.2576159999999537,1.36790932,1.40102466
1.2688160000000033,1.3693411,1.39962332
1.2912160000000101,1.37227649,1.39672565
1.3360159999999313,1.37808025,1.3909337
1.3920159999999948,1.38478568,1.38417598
1.4480159999999656,1.39066147,1.37822294
1.5040159999999365,1.39567568,1.3731313
1.560016,1.399856,1.3688753
1.6160159999999708,1.40325709,1.36540203
1.6720159999999418,1.40595147,1.3626412
1.728016000000005,1.40802122,1.36051145
1.784015999999976,1.40955279,1.35892736
1.840015999999947,1.41063155,1.35780367
1.8960160000000104,1.41133878,1.3570592
1.9520159999999813,1.41174896,1.3566191
0.008015999999952133,1.41192862,1.35641643
0.06401600000001563,1.41193553,1.35639279
0.1200159999999865,1.41181872,1.35649852
0.17601599999995735,1.41161871,1.35669237
0.2320159999999282,1.41136823,1.35694093
0.2880159999999917,1.41109291,1.3572179
0.3440159999999626,1.4108122,1.35750317
0.4000159999999334,1.41054025,1.357782
0.4560159999999969,1.41028681,1.3580441
0.5120159999999677,1.41005801,1.35828283
0.5680159999999387,1.40985718,1.35849448
0.6240160000000021,1.4096854,1.35867756
0.680015999999973,1.40954221,1.35883224
0.7360159999999438,1.40942596,1.35895991
0.7920160000000074,1.40933429,1.35906271
0.8480159999999782,1.40926442,1.35914328
0.9040159999999491,1.40921337,1.35920446
0.9600160000000125,1.40917816,1.35924914
1.0160159999999834,1.40915598,1.35928008
1.0720159999999543,1.4091442,1.35929987
1.128015999999925,1.40914048,1.35931085
1.1840159999999886,1.40914279,1.35931505
1.2400159999999594,1.40914939,1.35931423
1.2960159999999303,1.40915884,1.35930986
1.352015999999994,1.40916999,1.35930313
1.4080159999999646,1.40918192,1.35929502
1.4640159999999356,1.40919395,1.35928624
1.5200159999999991,1.40920557,1.35927737
1.5760159999999699,1.40921643,1.35926879
1.6320159999999408,1.40922631,1.35926078
1.6880160000000042,1.40923511,1.35925349
1.7440159999999751,1.40924278,1.35924701
1.8000159999999459,1.40924935,1.35924136
1.8560160000000094,1.40925488,1.35923652
1.9120159999999804,1.40925946,1.35923243
1.9680159999999511,1.4092632,1.35922901
0.024016000000014685,1.4092662,1.3592262
0.08001599999998554,1.40926858,1.35922389
0.1360159999999564,1.40927045,1.35922201
0.19201599999992724,1.40927191,1.35922048
0.24801599999999074,1.40927304,1.35921922
0.3040159999999616,1.40927392,1.35921817
0.36001599999993245,1.40927463,1.35921727
0.41601599999999594,1.40927521,1.35921649
0.4720159999999668,1.40927571,1.35921577
0.5280159999999376,1.40927617,1.35921509
0.5840160000000012,1.40927663,1.35921443
0.640015999999972,1.40927708,1.35921378
0.6960159999999429,1.40927756,1.35921311
0.7520160000000063,1.40927808,1.35921242
0.8080159999999772,1.40927863,1.3592117
0.8640159999999482,1.40927922,1.35921096
0.9200160000000116,1.40927986,1.3592102
0.9760159999999825,1.40928053,1.3592094
0.9999839999999333,1.40928084,1.35920905
1.0055839999999583,1.40929102,1.35919898
1.016784000000008,1.40930837,1.35918257
1.0391840000000148,1.40927238,1.35923034
1.0839839999999359,1.40861386,1.35998213
1.1399839999999994,1.40635984,1.36247433
1.1959839999999702,1.40239665,1.36671904
1.2519839999999411,1.39679036,1.37250733
1.257583999999966,1.39612529,1.37317934
1.2687840000000157,1.39476903,1.37454469
1.29118399999993,1.39196177,1.3773446
1.3359839999999437,1.3863495,1.38287358
1.3919840000000072,1.37981066,1.38924275
1.4479839999999782,1.37406437,1.39480296
1.503983999999949,1.36916385,1.39953123
1.5599840000000125,1.36508163,1.40346114
1.6159839999999832,1.36176149,1.40664797
1.6719839999999542,1.3591322,1.4091632
1.727983999999925,1.3571133,1.41108714
1.7839839999999885,1.35562057,1.41250338
1.8399839999999594,1.35457075,1.41349408
1.8959839999999302,1.35388472,1.41413692
1.9519839999999937,1.35348992,1.41450288
0.007983999999964577,1.35332154,1.41465502
0.06398399999993544,1.35332325,1.41464795
0.11998399999999894,1.35344718,1.41452781
0.17598399999996978,1.35365366,1.41433263
0.23198399999994065,1.35391068,1.41409291
0.2879840000000041,1.35419317,1.4138324
0.343983999999975,1.35448193,1.41356903
0.3999839999999459,1.35476299,1.41331573
0.4559840000000094,1.35502658,1.41308128
0.5119839999999802,1.3552665,1.41287111
0.5679839999999511,1.3554793,1.41268799
0.6239840000000145,1.35566367,1.4125327
0.6799839999999854,1.35581988,1.41240452
0.7359839999999562,1.35594937,1.41230169
0.7919839999999272,1.35605426,1.41222185
0.8479839999999906,1.35613717,1.41216221
0.9039839999999615,1.35620088,1.4121199
0.9599839999999323,1.35624823,1.41209205
1.0159839999999958,1.35628191,1.41207594
1.0719839999999667,1.35630449,1.41206909
1.1279839999999375,1.35631825,1.41206927
1.183984000000001,1.35632517,1.4120746
1.239983999999972,1.35632692,1.4120835
1.2959839999999427,1.35632496,1.41209463
1.3519840000000063,1.35632046,1.41210694
1.407983999999977,1.35631438,1.41211961
1.463983999999948,1.35630744,1.41213203
1.5199840000000115,1.3563002,1.41214377
1.5759839999999823,1.35629308,1.41215454
1.6319839999999532,1.35628634,1.41216418
1.687983999999924,1.35628016,1.4121726
1.7439839999999875,1.35627464,1.4121798
1.7999839999999585,1.35626983,1.41218585
1.8559839999999292,1.35626571,1.41219081
1.9119839999999928,1.35626224,1.41219479
1.9679839999999635,1.35625938,1.41219792
1.5999999983645345e-05,1.35625798,1.41219937
0.005616000000008524,1.35624779,1.41220972
0.016815999999965636,1.35623111,1.41222744
0.03921599999997251,1.35627815,1.4121925
0.08401599999998625,1.35702901,1.4115395
0.14001599999995712,1.35952565,1.40930193
0.19601599999992797,1.36378538,1.40536629
0.25201599999999147,1.36960105,1.39979624
0.25761600000001633,1.37027653,1.39913518
0.26881599999997347,1.37164905,1.39778705
0.2912159999999803,1.37446452,1.39499669
0.3360159999999941,1.38002695,1.38941932
0.39201599999996495,1.38643679,1.3829221
0.4480159999999358,1.39203343,1.37721252
0.5040159999999992,1.39679213,1.37234109
0.5600159999999701,1.40074468,1.36827858
0.6160159999999409,1.40394763,1.36497065
0.6720160000000045,1.4064735,1.36234729
0.7280159999999753,1.40840302,1.36032878
0.7840159999999462,1.40982052,1.35883199
0.8400160000000098,1.41080869,1.35777438
0.8960159999999806,1.41144593,1.35707768
0.9520159999999515,1.41180376,1.35666997
1.0000079999999636,1.41193558,1.35650267
1.0056079999999885,1.41195132,1.35648337
1.0168079999999455,1.41197668,1.35645176
1.0392079999999524,1.41193914,1.35648758
1.084007999999966,1.41121812,1.35727834
1.140007999999937,1.40880004,1.35991156
1.1960080000000006,1.40460884,1.36436804
1.2520079999999714,1.39873904,1.37040972
1.2576079999999963,1.39804637,1.37110866
1.2688079999999533,1.39663474,1.37252814
1.2912079999999604,1.39371612,1.37543756
1.336007999999974,1.38788214,1.38118672
1.3920079999999448,1.38107536,1.38782518
1.4480080000000084,1.37507944,1.39363915
1.5040079999999791,1.36995349,1.39859901
1.56000799999995,1.36567327,1.40273459
1.6160080000000137,1.36218361,1.40609966
1.6720079999999844,1.35941276,1.4087658
1.7280079999999554,1.35727877,1.41081455
1.784007999999926,1.35569514,1.41233152
1.8400079999999897,1.35457581,1.41340144
1.8960079999999606,1.35383878,1.41410475
1.9520079999999314,1.35340855,1.41451518
0.008007999999994872,1.35321753,1.41469851
0.06400799999996573,1.35320685,1.41471181
0.12000799999993658,1.35332633,1.4146035
0.17600800000000008,1.35353431,1.41441359
0.23200799999997093,1.35379707,1.41417427
0.2880079999999418,1.35408812,1.4139107
0.3440080000000053,1.35438714,1.413642
0.40000799999997616,1.35467923,1.41338199
0.456007999999947,1.35495396,1.41314021
0.5120080000000105,1.35520463,1.41292258
0.5680079999999814,1.35542744,1.4127323
0.6240079999999523,1.35562086,1.41257037
0.6800080000000157,1.35578506,1.41243624
0.7360079999999866,1.35592142,1.41232823
0.7920079999999574,1.35603209,1.412244
0.8480079999999283,1.35611975,1.41218074
0.9040079999999918,1.35618726,1.41213551
0.9600079999999627,1.35623757,1.41210539
1.0160079999999334,1.35627347,1.41208757
1.072007999999997,1.35629765,1.41207949
1.128007999999968,1.3563125,1.41207883
1.1840079999999387,1.35632007,1.41208365
1.2400080000000022,1.35632215,1.41209229
1.2960079999999732,1.35632026,1.41210334
1.352007999999944,1.35631565,1.41211572
1.4080080000000075,1.35630931,1.41212855
1.4640079999999782,1.35630204,1.41214119
1.5200079999999492,1.35629442,1.41215317
1.5760080000000127,1.35628688,1.4121642
1.6320079999999835,1.35627974,1.41217408
1.6880079999999544,1.35627317,1.41218273
1.7440079999999252,1.35626729,1.41219015
1.8000079999999887,1.35626214,1.41219637
1.8560079999999595,1.35625773,1.41220147
1.9120079999999304,1.35625401,1.41220558
1.968007999999994,1.35625089,1.41220882
0.02400799999996478,1.35624828,1.41221134
0.08000799999993563,1.35624616,1.41221322
0.13600799999999913,1.35624447,1.41221457
0.19200799999996998,1.35624313,1.4122155
0.24800799999994086,1.35624207,1.4122161
0.30400800000000433,1.35624125,1.41221646
0.3600079999999752,1.35624059,1.41221664
0.4160079999999461,1.35624006,1.41221671
0.4720080000000096,1.35623962,1.4122167
0.5280079999999804,1.35623924,1.41221667
0.5840079999999512,1.35623891,1.41221664
0.6400080000000148,1.35623859,1.41221662
0.6960079999999856,1.35623827,1.41221665
0.7520079999999565,1.35623796,1.41221671
0.8080079999999273,1.35623763,1.41221683
0.8640079999999909,1.35623729,1.41221699
0.9200079999999617,1.35623694,1.41221721
0.9760079999999326,1.35623657,1.41221748
0.999975999999976,1.35623641,1.41221761
1.005576000000001,1.3562264,1.41222776
1.016775999999958,1.35621009,1.41224511
1.0391759999999648,1.35625781,1.41220948
1.0839759999999787,1.35700985,1.41155542
1.1399759999999495,1.35950766,1.40931706
1.195976000000013,1.3637683,1.40538114
1.2519759999999838,1.36958467,1.3998112
1.2575760000000087,1.37026022,1.39915018
1.268775999999966,1.37163286,1.39780211
1.2911759999999728,1.37444855,1.39501192
1.3359759999999865,1.38001136,1.38943498
1.3919759999999572,1.38642156,1.38293842
1.4479759999999282,1.39201843,1.37722955
1.5039759999999918,1.39677725,1.37235883
1.5599759999999625,1.40072984,1.368297
1.6159759999999335,1.40393277,1.3649897
1.6719759999999968,1.40645858,1.36236691
1.7279759999999678,1.40838802,1.3603489
1.7839759999999385,1.40980541,1.35885252
1.839976000000002,1.41079347,1.35779525
1.895975999999973,1.41143059,1.35709883
1.9519759999999438,1.4117883,1.35669133
0.007976000000007314,1.41193028,1.3565086
0.06397599999997818,1.41191159,1.35649484
0.11997599999994903,1.41177885,1.35660271
0.17597600000001254,1.41157044,1.35679297
0.2319759999999834,1.41131723,1.35703393
0.2879759999999542,1.41104328,1.3573007
0.3439759999999251,1.41076678,1.35757431
0.3999759999999886,1.41050083,1.35784091
0.45597599999995947,1.41025437,1.35809088
0.5119759999999303,1.41003293,1.3583181
0.5679759999999938,1.40983937,1.35851913
0.6239759999999647,1.40967448,1.35869272
0.6799759999999355,1.40953759,1.35883912
0.7359759999999991,1.40942693,1.35895974
0.7919759999999699,1.4093401,1.35905669
0.8479759999999408,1.40927431,1.35913253
0.9039760000000042,1.40922663,1.35918999
0.9599759999999751,1.40919414,1.35923184
1.015975999999946,1.40917409,1.35926073
1.0719760000000094,1.40916393,1.35927913
1.1279759999999803,1.40916141,1.35928924
1.183975999999951,1.40916456,1.35929301
1.2399760000000146,1.40917171,1.35929208
1.2959759999999856,1.4091815,1.35928786
1.3519759999999563,1.40919281,1.35928146
1.4079759999999273,1.40920479,1.35927379
1.4639759999999906,1.40921677,1.35926553
1.5199759999999616,1.40922828,1.35925721
1.5759759999999325,1.40923901,1.35924918
1.6319759999999959,1.40924875,1.3592417
1.6879759999999668,1.4092574,1.35923491
1.7439759999999376,1.40926493,1.35922889
1.7999760000000011,1.40927138,1.35922365
1.855975999999972,1.4092768,1.35921916
1.9119759999999428,1.40928129,1.35921538
1.9679760000000064,1.40928494,1.35921222
0.023975999999977224,1.40928789,1.35920962
0.07997599999994807,1.40929023,1.35920749
0.1359760000000116,1.40929206,1.35920574
0.19197599999998244,1.4092935,1.35920431
0.2479759999999533,1.40929461,1.35920312
0.30397599999992414,1.40929549,1.35920213
0.35997599999998764,1.40929619,1.35920126
0.4159759999999585,1.40929677,1.3592005
0.47197599999992934,1.40929728,1.35919979
0.5279759999999929,1.40929774,1.35919911
0.5839759999999637,1.40929819,1.35919844
0.6399759999999346,1.40929864,1.35919777
0.695975999999998,1.40929912,1.35919708
0.7519759999999689,1.40929963,1.35919637
0.8079759999999397,1.40930018,1.35919563
0.8639760000000033,1.40930076,1.35919487
0.9199759999999741,1.40930139,1.35919408
0.975975999999945,1.40930205,1.35919327
1.0000000000000064,1.40930235,1.3591929
