t_ui,vod_mV
0.015999999999999945,-62.713889999999935
0.07199999999999976,-62.03376999999999
0.12799999999999956,-61.40586000000003
0.18399999999999936,-60.8261000000001
0.2399999999999992,-60.290829999999794
0.295999999999999,-59.79661999999997
0.3520000000000017,-59.34032999999994
0.4080000000000015,-58.919040000000145
0.4640000000000013,-58.530109999999965
0.5200000000000011,-58.17099000000003
0.576000000000001,-57.83945000000013
0.6320000000000007,-57.53333000000005
0.6880000000000005,-57.250729999999805
0.7440000000000003,-56.989789999999815
0.8000000000000002,-56.74891000000004
0.856,-56.52650000000015
0.9119999999999998,-56.321170000000144
0.9679999999999995,-56.131590000000116
1.0239999999999994,-55.956569999999985
1.0799999999999992,-55.7949900000001
1.135999999999999,-55.64582000000007
1.1920000000000017,-55.50809000000001
1.2480000000000016,-55.380940000000045
1.3040000000000014,-55.26353999999989
1.3600000000000012,-55.15517999999986
1.4160000000000008,-55.05512000000002
1.4720000000000006,-54.96276
1.5280000000000005,-54.877470000000095
1.5840000000000003,-54.798750000000005
1.6400000000000001,-54.72605999999991
1.696,-54.658969999999975
1.7519999999999998,-54.59701999999989
1.8079999999999996,-54.53984000000012
1.8639999999999994,-54.48704000000015
1.9199999999999993,-54.43829
1.975999999999999,-54.39329999999987
1.6000000010787207e-06,-54.37510000000012
0.005601599999999901,-54.433359999999986
0.01680160000000044,-54.53585000000017
0.03920160000000152,-54.23430000000007
0.08400160000000079,-49.10028999999994
0.1400016000000006,-32.32987000000009
0.19600160000000041,-5.554049999999977
0.2520016000000002,27.561200000000063
0.25760159999999904,31.183010000000124
0.2688015999999996,38.459580000000045
0.29120160000000067,52.745480000000015
0.3360015999999999,77.40779000000009
0.39200159999999973,98.39386000000006
0.44800159999999956,109.23938
0.5040015999999994,113.06610999999988
0.5600015999999991,112.77226000000007
0.6160015999999989,110.31542000000005
0.6720016000000016,106.85552999999982
0.7280016000000015,103.03051000000019
0.7840016000000013,99.17171999999997
0.8400016000000011,95.44091999999993
0.8960016000000008,91.91094
0.9520016000000007,88.60892999999992
0.9999992000000002,85.96422999999986
1.005599199999999,85.73038
1.0167991999999995,85.25353000000013
1.0391992000000005,83.82381999999988
1.0839991999999998,76.55292999999985
1.1399991999999997,57.303099999999944
1.1959991999999995,28.20981999999983
1.2519991999999993,-7.092450000000028
1.2575992000000011,-10.925230000000008
1.2687992000000017,-18.620649999999905
1.2911991999999997,-33.72401000000003
1.335999199999999,-59.9337900000001
1.3919992000000017,-82.69625000000013
1.4479992000000015,-95.16462999999997
1.5039992000000013,-100.4846399999999
1.5599992000000011,-101.57054999999993
1.615999200000001,-100.39032999999998
1.6719992000000008,-98.11132000000012
1.7279992000000006,-95.37762000000005
1.7839992000000005,-92.52685999999999
1.8399992000000003,-89.72740000000013
1.8959992,-87.05805999999994
1.9519991999999997,-84.55090999999993
0.007999199999999615,-82.21486000000012
0.06399919999999942,-80.04743999999997
0.11999919999999922,-78.04119999999992
0.17599919999999902,-76.18638
0.23199920000000174,-74.47277000000008
0.28799920000000157,-72.89008000000008
0.34399920000000134,-71.42864999999988
0.39999920000000116,-70.07923999999987
0.455999200000001,-68.83338000000006
0.5119992000000008,-67.68309000000005
0.5679992000000006,-66.62108999999994
0.6239992000000004,-65.64057000000001
0.6799992000000002,-64.7353100000001
0.7359992,-63.89946999999996
0.7919991999999998,-63.12780000000018
0.8479991999999996,-62.415310000000005
0.9039991999999994,-61.757520000000014
0.9599991999999993,-61.15015999999996
1.015999199999999,-60.58943000000006
1.0719992000000018,-60.07169999999995
1.1279992000000016,-59.59371000000013
1.1839992000000013,-59.15238999999994
1.239999200000001,-58.74493999999997
1.295999200000001,-58.36873999999992
1.3519992000000007,-58.02142999999993
1.4079992000000006,-57.70075000000019
1.4639992000000004,-57.40469999999998
1.5199992000000002,-57.13136000000007
1.5759992,-56.878999999999905
1.6319991999999999,-56.64599999999997
1.6879991999999997,-56.430900000000065
1.7439991999999995,-56.23230000000001
1.7999991999999991,-56.04896000000004
1.855999199999999,-55.87966999999993
1.9119992000000017,-55.72339999999998
1.9679992000000015,-55.57911000000004
0.02399920000000137,-55.445909999999984
0.07999920000000117,-55.32292000000005
0.13599920000000099,-55.209390000000134
0.19199920000000079,-55.10456999999991
0.24799920000000059,-55.007790000000114
0.3039992000000004,-54.91844000000001
0.3599992000000002,-54.83597000000007
0.4159992,-54.759819999999905
0.47199919999999984,-54.6895300000001
0.5279991999999997,-54.624620000000014
0.5839991999999995,-54.56470999999996
0.6399991999999992,-54.50938999999999
0.695999199999999,-54.45831999999995
0.7519992000000018,-54.41118
0.8079992000000016,-54.36766000000004
0.8639992000000014,-54.32747000000005
0.9199992000000012,-54.29037999999986
0.975999200000001,-54.256129999999956
1.031999200000001,-54.22450999999984
1.0879992000000005,-54.195320000000045
1.1439992000000003,-54.16838000000013
1.1999992000000002,-54.143499999999904
1.2559992,-54.12053999999999
1.3119991999999998,-54.099340000000055
1.3679991999999996,-54.079779999999914
1.4239991999999995,-54.0617000000001
1.4799991999999993,-54.04503999999988
1.5359991999999991,-54.029630000000054
1.5919992000000018,-54.015429999999974
1.6479992000000017,-54.002299999999835
1.7039992000000015,-53.99019000000016
1.759999200000001,-53.979
1.815999200000001,-53.968680000000106
1.8719992000000008,-53.959150000000065
1.9279992000000006,-53.950359999999975
1.9839992000000004,-53.94224000000003
1.9999983999999993,-53.940029999999915
0.005598400000001001,-54.00168999999999
0.016798400000001542,-54.110890000000026
0.03919839999999973,-53.822379999999946
0.08399839999999899,-48.71300999999995
0.1399984000000017,-31.971159999999887
0.19599840000000152,-5.222229999999994
0.2519984000000013,27.8673599999999
0.2575984000000001,31.48667999999999
0.26879840000000066,38.758309999999966
0.29119840000000174,53.034579999999835
0.33599840000000103,77.67873999999986
0.39199840000000086,98.6442299999999
0.44799840000000063,109.47114999999985
0.5039984000000004,113.28084999999999
0.5599984000000002,112.97129999999989
0.6159984000000001,110.49991000000014
0.6719983999999999,107.02651000000007
0.7279983999999997,103.18899999999998
0.7839983999999994,99.31862999999996
0.8399983999999993,95.57713999999984
0.8959983999999991,92.03726999999984
0.9519984000000018,88.72614000000011
1.0079984000000015,85.64825999999992
1.0639984000000013,82.7965100000001
1.1199984000000012,80.15891999999991
1.175998400000001,77.7215200000001
1.2319984000000008,75.47024000000002
1.2879984000000007,73.39147000000001
1.3439984000000005,71.47236000000001
1.3999984000000003,69.70043999999986
1.4559984000000001,68.06441000000008
1.5119984,66.55367999999994
1.5679983999999998,65.15864000000016
1.6239983999999994,63.870619999999874
1.6799983999999992,62.68155999999991
1.735998399999999,61.58378000000009
1.7919984000000018,60.570320000000066
1.8479984000000016,59.634640000000076
1.9039984000000014,58.77080000000001
1.9599984000000013,57.973239999999926
0.015998400000001037,57.236929999999965
0.07199840000000085,56.557130000000065
0.12799840000000065,55.92952000000007
0.18399840000000045,55.35008000000019
0.23999840000000028,54.81515999999998
0.29599840000000005,54.32128000000014
0.3519983999999999,53.86536000000008
0.4079983999999997,53.444449999999975
0.4639983999999995,53.05588999999999
0.5199983999999993,52.69714999999997
0.5759983999999991,52.366010000000074
0.631998399999999,52.06031000000011
0.6879983999999987,51.7781100000001
0.7439983999999985,51.517599999999945
0.7999983999999983,51.27714000000005
0.8559983999999982,51.05515000000005
0.911998399999998,50.850260000000034
0.9679983999999978,50.661120000000004
1.000002400000003,50.55968000000011
1.005602399999999,50.604850000000035
1.0168024000000024,50.68121999999997
1.0392023999999978,50.327530000000124
1.0840024,45.08968000000002
1.1400023999999997,28.197760000000073
1.1960023999999996,1.3228100000000076
1.2520023999999994,-31.86328000000005
1.257602400000001,-35.49070999999992
1.2688023999999987,-42.778340000000135
1.2912023999999998,-57.0863399999999
1.336002400000002,-81.79777999999982
1.3920024000000017,-102.85724000000008
1.4480024000000016,-113.78413999999992
1.5040024000000014,-117.69173999999994
1.5600024000000012,-117.4731
1.6160024000000008,-115.08397999999987
1.6720024000000007,-111.68414000000016
1.7280024000000005,-107.91167000000002
1.7840024000000003,-104.09895000000003
1.8400024000000001,-100.40956000000011
1.8960024,-96.91757999999994
1.9520023999999998,-93.65047000000004
2.1713491079516976e-15,-91.03312000000008
0.005599999999998099,-90.80235000000015
0.016800000000001536,-90.33176999999992
0.039200000000002615,-88.91592999999997
0.08399999999999899,-81.67856000000006
0.1399999999999988,-62.473450000000156
0.1959999999999986,-33.41032999999993
0.2519999999999984,1.8897100000001554
0.2576000000000001,5.7239200000001045
0.26879999999999776,13.422430000000096
0.29119999999999885,28.53214999999998
0.336000000000001,54.748940000000076
0.39200000000000085,77.5047000000002
0.4480000000000006,89.95299000000001
0.5040000000000004,95.24766000000007
0.5600000000000003,96.30853999999988
0.6160000000000001,95.10613000000001
0.6719999999999998,92.8085300000001
0.7279999999999996,90.05960999999996
0.7839999999999995,87.1964300000001
0.8399999999999993,84.38666000000006
0.8959999999999991,81.70843999999988
0.9519999999999988,79.19349999999991
0.9999976000000013,77.17498999999984
1.005597600000003,77.01106999999996
1.0167976000000007,76.67281000000004
1.0391976000000018,75.51229000000004
1.083997599999998,68.74848
1.1399975999999978,50.08434999999989
1.1959975999999977,21.540829999999957
1.2519976000000033,-13.236309999999918
1.2575975999999993,-17.018030000000017
1.2687976000000027,-24.612040000000057
1.291197599999998,-39.517419999999916
1.3359976000000002,-65.35362
1.3919975999999998,-87.69078000000019
1.4479975999999997,-99.77405000000017
1.5039975999999995,-104.74139000000005
1.5599975999999993,-105.50185999999995
1.6159975999999991,-104.02025999999998
1.671997599999999,-101.46203999999992
1.7279975999999988,-98.46986000000003
1.7839975999999986,-95.37987000000014
1.8399975999999985,-92.35884999999988
1.8959975999999983,-89.48442000000001
1.9519975999999981,-86.78782000000007
0.007997599999997811,-84.27712999999981
0.06399759999999761,-81.9487000000001
0.11999760000000322,-79.79391999999996
0.17599760000000303,-77.80197999999983
0.23199760000000283,-75.96179999999997
0.28799760000000263,-74.26226999999996
0.34399760000000246,-72.69300999999983
0.39999760000000223,-71.24405
0.45599760000000206,-69.90629999999997
0.5119976000000018,-68.67118000000016
0.5679976000000017,-67.53086999999991
0.6239976000000015,-66.47804999999995
0.6799976000000013,-65.50604000000004
0.7359976000000011,-64.6085799999998
0.7919976000000009,-63.78002999999999
0.8479976000000007,-63.01500999999998
0.9039976000000005,-62.30871999999987
0.9599976000000003,-61.65659000000012
1.0159976000000002,-61.05452999999983
1.0719976,-60.498629999999885
1.1279975999999998,-59.9854099999999
1.1839975999999997,-59.51154999999986
1.2399975999999993,-59.074069999999864
1.295997599999999,-58.67012999999987
1.351997599999999,-58.29720999999988
1.4079975999999987,-57.952899999999865
1.4639975999999986,-57.63501999999998
1.5199975999999984,-57.34152000000003
1.5759975999999982,-57.070570000000046
1.631997599999998,-56.820400000000106
1.6879975999999979,-56.58943999999999
1.7439975999999977,-56.37618999999994
1.7999976000000033,-56.17934000000013
1.8559976000000031,-55.99757999999988
1.9119976000000027,-55.82978000000005
1.9679976000000026,-55.67484999999994
1.6000000021643953e-06,-55.59175000000005
0.005601599999998092,-55.64007000000015
0.016801600000001526,-55.72282999999989
0.039201600000002605,-55.3828999999999
0.08400159999999898,-50.17637999999991
0.14000159999999878,-33.32199999999985
0.19600159999999858,-6.467519999999949
0.2520015999999984,26.722330000000127
0.2576016000000001,30.35134999999989
0.26880159999999775,37.64224000000005
0.29120159999999884,51.95607000000013
0.336001600000001,76.67098999999999
0.39200160000000084,97.71700000000006
0.4480016000000006,108.61699999999996
0.5040016000000004,112.49382000000008
0.5600016000000002,112.24634
0.6160016,109.83251000000016
0.6720015999999999,106.4124999999998
0.7280015999999997,102.62444999999998
0.7840015999999995,98.79966000000007
0.8400015999999992,95.09997999999986
0.8960015999999991,91.59896
0.9520015999999989,88.32414000000011
1.0080015999999987,85.27986999999993
1.0640015999999985,82.45904999999998
1.1200015999999984,79.84996999999994
1.1760015999999982,77.43881000000007
1.232001599999998,75.21174000000008
1.2880015999999976,73.1552900000001
1.3440016000000032,71.25676999999997
1.400001600000003,69.5038400000001
1.456001600000003,67.88534999999985
1.5120016000000027,66.39082000000008
1.5680016000000025,65.01073000000002
1.6240016000000024,63.736499999999864
1.6800016000000022,62.56017000000003
1.736001600000002,61.47415999999994
1.7920016000000019,60.47154999999993
1.8480016000000017,59.54588999999988
1.9040016000000015,58.691310000000165
1.9600016000000011,57.902300000000075
2.4000000021609186e-06,57.37622000000009
0.005602399999998089,57.36762999999989
0.016802400000001525,57.33743999999996
0.03920240000000261,56.776519999999884
0.08400239999999898,51.14704000000003
0.14000239999999878,33.80059999999996
0.1960023999999986,6.498300000000068
0.2520023999999984,-27.094099999999788
0.2576024000000001,-30.76085000000006
0.2688023999999978,-38.12656000000003
0.29120239999999886,-52.58667000000017
0.336002400000001,-77.58418000000012
0.3920024000000008,-98.96836999999992
0.44800240000000063,-110.18930000000005
0.5040024000000004,-114.36665000000002
0.5600024000000002,-114.39752999999997
0.6160024000000001,-112.23994000000003
0.6720023999999999,-109.05497000000008
0.7280023999999996,-105.48175000000003
0.7840023999999994,-101.85354000000002
0.8400023999999993,-98.33479999999994
0.8960023999999991,-95.00046000000006
0.9520023999999989,-91.87879999999993
1.0080023999999987,-88.97544000000002
1.0640023999999986,-86.28465000000007
1.1200023999999984,-83.79558000000009
1.1760023999999982,-81.49519000000005
1.2320023999999978,-79.37033000000015
1.2880023999999977,-77.4080399999999
1.3440024000000033,-75.59621000000006
1.400002400000003,-73.9233399999999
1.456002400000003,-72.37888000000004
1.5120024000000027,-70.95292000000009
1.5680024000000026,-69.63641999999992
1.6240024000000024,-68.42090999999995
1.6800024000000022,-67.29870000000004
1.736002400000002,-66.26257000000012
1.7920024000000019,-65.30596000000011
1.8480024000000015,-64.42270999999988
1.9040024000000013,-63.60724000000006
1.9600024000000011,-62.854319999999795
1.9999976000000004,-62.35235000000006
0.00559760000000209,-62.34703999999991
0.016797599999999736,-62.323499999999974
0.03919760000000082,-61.77693999999989
0.08399760000000298,-56.18025999999987
0.13999760000000278,-38.87405
0.1959976000000026,-11.595369999999994
0.2519976000000024,21.99857999999999
0.2575975999999983,25.66679000000005
0.26879760000000175,33.03547999999989
0.29119760000000283,47.501070000000034
0.33599759999999923,72.50182999999998
0.391997599999999,93.87295000000017
0.44799759999999883,105.06755999999994
0.5039975999999986,109.21461999999993
0.5599975999999984,109.21691
0.6159975999999983,107.03460999999992
0.6719975999999981,103.8292999999999
0.7279975999999979,100.23998
0.7839975999999976,96.59879000000005
0.8399976000000032,93.0690999999999
0.8959976000000031,89.72559999999996
0.9519976000000029,86.59630999999979
1.0079976000000026,83.68628999999994
1.0639976000000024,80.98932000000003
1.1199976000000023,78.49445
1.175997600000002,76.18868999999995
1.231997600000002,74.05901999999998
1.2879976000000017,72.09267999999992
1.3439976000000016,70.27717
1.3999976000000014,68.60052000000016
1.4559976000000012,67.05237000000008
1.511997600000001,65.62281000000003
1.5679976000000009,64.30276999999984
1.6239976000000005,63.08401000000008
1.6799976000000003,61.95893000000008
1.7359976000000001,60.92023000000002
1.7919976,59.961319999999986
1.8479975999999998,59.07601000000007
1.9039975999999996,58.258680000000005
1.9599975999999995,57.50407000000002
1.9999984000000004,57.00093000000006
0.005598400000002087,56.995430000000184
0.01679839999999973,56.97138000000002
0.03919840000000081,56.4223800000001
0.08399840000000297,50.81547000000008
0.13999840000000277,33.495219999999826
0.1959984000000026,6.217519999999865
0.2519984000000024,-27.35152999999979
0.25759839999999834,-31.016009999999874
0.26879840000000177,-38.37723000000004
0.29119840000000285,-52.82858999999984
0.3359983999999992,-77.80960999999986
0.391998399999999,-99.17502000000012
0.44799839999999885,-110.37890000000017
0.5039983999999986,-114.54063000000004
0.5599983999999985,-114.5570800000002
0.6159983999999983,-112.38612000000003
0.6719983999999981,-109.1887600000001
0.7279983999999978,-105.60407999999998
0.7839984000000034,-101.96526000000006
0.8399984000000033,-98.43672000000004
0.8959984000000031,-95.09330999999999
0.9519984000000029,-91.96329999999998
1.0000016000000012,-89.45482999999999
1.005601600000003,-89.23627
1.0168016000000006,-88.78988999999993
1.0392016000000017,-87.42102000000007
1.0840015999999981,-80.27191
1.140001599999998,-61.16849999999996
1.1960016000000036,-32.20083000000007
1.2520016000000034,3.0076999999999465
1.2576015999999992,6.832989999999928
1.2688016000000026,14.513739999999942
1.291201599999998,29.588710000000074
1.3360016000000001,55.7398
1.3920016,78.42072999999993
1.4480015999999998,90.8013700000001
1.5040015999999996,96.03424999999999
1.5600015999999994,97.03822999999988
1.616001599999999,95.78321000000001
1.6720015999999989,93.43690999999987
1.7280015999999987,90.64289000000004
1.7840015999999985,87.73799000000015
1.8400015999999983,84.8896400000001
1.8960015999999982,82.17578999999998
1.952001599999998,79.62793000000002
0.008001599999997795,77.2546300000001
0.06400160000000339,75.05303000000008
0.1200016000000032,73.01535000000014
0.176001600000003,71.13169000000008
0.2320016000000028,69.39170000000017
0.28800160000000263,67.78448000000003
0.3440016000000024,66.30004999999994
0.40000160000000223,64.92933000000001
0.45600160000000206,63.66383999999981
0.5120016000000018,62.49547
0.5680016000000017,61.416829999999976
0.6240016000000015,60.42093999999998
0.6800016000000013,59.50154000000008
0.736001600000001,58.65266999999985
0.7920016000000009,57.86899999999995
0.8480016000000007,57.14545999999987
0.9040016000000005,56.47746999999992
0.9600016000000003,55.8607499999999
1.0160016,55.29139000000005
1.0720015999999999,54.765739999999894
1.1280015999999997,54.280480000000075
1.1840015999999995,53.83245000000003
1.2400015999999994,53.418870000000005
1.2960015999999992,53.037030000000044
1.352001599999999,52.684560000000104
1.4080015999999989,52.35915000000002
1.4640015999999987,52.05875999999998
1.5200015999999983,51.781460000000166
1.5760015999999981,51.525480000000016
1.632001599999998,51.28917
1.6880015999999978,51.071059999999946
1.7440016000000034,50.869700000000016
1.8000016000000032,50.68384999999998
1.856001600000003,50.51228999999991
1.9120016000000029,50.35394999999987
1.9680016000000027,50.207799999999914
0.024001600000002444,50.072899999999976
0.08000160000000514,49.94840000000011
0.13600159999999917,49.833499999999866
0.19200160000000477,49.727440000000065
0.24800159999999877,49.629570000000015
0.30400160000000437,49.53925000000004
0.36000159999999837,49.455910000000046
0.41600160000000397,49.3789899999999
0.472001599999998,49.308020000000006
0.5280016000000036,49.242540000000055
0.5840015999999977,49.18211000000006
0.6400016000000032,49.12636999999997
0.6960015999999972,49.07494999999984
0.7520016000000028,49.0275
0.8080015999999969,48.98374000000017
0.8640016000000025,48.94337999999987
0.9200015999999964,48.90614999999987
0.976001600000002,48.87181000000007
1.032001599999996,48.84014999999997
1.0880016000000017,48.81095000000002
1.1440015999999957,48.78403999999992
1.2000016000000013,48.75922000000021
1.2560015999999954,48.73634999999999
1.312001600000001,48.715259999999816
1.3680015999999948,48.69583999999993
1.4240016000000004,48.67794000000014
1.480001600000006,48.661449999999995
1.5360016,48.64625999999994
1.5920016000000057,48.63228000000008
1.6480015999999997,48.61939999999998
1.7040016000000053,48.60754999999983
1.7600015999999994,48.59664000000019
1.816001600000005,48.586620000000025
1.872001599999999,48.577380000000005
1.9280016000000046,48.56890000000003
1.9840015999999987,48.56110999999985
8.000000032535468e-07,48.55900000000002
0.005600800000004971,48.62065999999987
0.016800799999996827,48.72969000000005
0.0392008000000037,48.43956000000005
0.08400080000000586,43.32199000000014
0.14000079999999987,26.569819999999964
0.19600080000000547,-0.17384000000020272
0.25200079999999947,-33.23553000000001
0.2576008000000012,-36.85093000000017
0.26880080000000467,-44.11471999999983
0.2912007999999999,-58.376219999999975
0.3360008000000021,-83.00014
0.3920007999999961,-103.96004000000003
0.4480008000000017,-114.79665999999989
0.5040007999999957,-118.62138000000022
0.5600008000000013,-118.32613999999997
0.6160007999999954,-115.86602000000012
0.672000800000001,-112.40034999999993
0.728000799999995,-108.56690999999996
0.7840008000000006,-104.69777000000002
0.8400008000000062,-100.95622000000004
0.8960008000000002,-97.41606000000003
0.9520008000000058,-94.10446999999999
0.9999983999999966,-91.45173999999989
1.0055983999999982,-91.21700999999982
1.0167984000000017,-90.73858999999996
1.039198399999997,-89.30751999999997
1.0839983999999991,-82.04138999999988
1.1399984000000047,-62.80306999999996
1.1959983999999988,-33.70910000000005
1.2519984000000044,1.6199800000000764
1.257598400000006,5.457009999999984
1.2687983999999979,13.161069999999997
1.2911984000000047,28.281669999999927
1.3359983999999954,54.519079999999946
1.391998400000001,77.2986
1.447998399999995,89.76867
1.5039984000000006,95.0834399999998
1.5599984000000062,96.16290999999988
1.6159984000000003,94.97771000000022
1.6719984000000059,92.69605000000003
1.7279984,89.96188000000016
1.7839984000000055,87.11233000000007
1.8399983999999994,84.31513999999996
1.895998400000005,81.64854
1.951998399999999,79.14431999999994
0.007998400000004685,76.81132000000002
0.0639983999999987,74.64705999999998
0.1199984000000043,72.64407999999989
0.1759983999999983,70.79228000000003
0.2319984000000039,69.08132999999994
0.28799839999999793,67.50085999999999
0.34399840000000353,66.04118000000003
0.39999839999999753,64.69334000000005
0.45599840000000313,63.44902000000019
0.5119983999999972,62.30020000000014
0.5679984000000028,61.239609999999885
0.6239983999999967,60.26041999999987
0.6799984000000023,59.35642000000008
0.7359983999999964,58.52178999999991
0.791998400000002,57.75123999999998
0.847998399999996,57.03981999999996
0.9039984000000016,56.38302999999989
0.9599983999999956,55.77663
0.9999991999999965,55.37234000000013
1.0055991999999983,55.380170000000064
1.0167992000000017,55.38254000000009
1.039199199999997,54.88494999999993
1.0839991999999992,49.37521
1.1399992000000048,32.16769000000008
1.1959991999999988,4.995769999999844
1.2519992000000044,-28.47289999999991
1.257599200000006,-32.127679999999884
1.268799199999998,-39.469629999999924
1.2911992000000048,-53.883429999999954
1.3359991999999954,-78.79371000000002
1.391999200000001,-100.07857999999992
1.447999199999995,-111.20935999999992
1.5039992000000006,-115.30393000000005
1.5599992000000062,-115.25826000000006
1.6159992000000003,-113.02968999999985
1.671999200000006,-109.77892000000011
1.7279992,-106.1447499999999
1.7839992000000056,-102.46013000000009
1.8399991999999994,-98.88923999999987
1.895999200000005,-95.50678000000002
1.951999199999999,-92.34082999999993
2.400000003246593e-06,-89.80367
0.005602400000004964,-89.58188999999983
0.01680239999999682,-89.12912999999989
0.03920240000000369,-87.74782999999987
0.08400240000000585,-80.57528999999985
0.14000239999999986,-61.444849999999995
0.19600240000000546,-32.45195999999994
0.25200239999999946,2.780389999999855
0.25760240000000123,6.6079699999999075
0.26880240000000466,14.293279999999964
0.2912023999999999,29.3772000000001
0.3360024000000021,55.54523000000011
0.3920023999999961,78.24563000000006
0.4480024000000017,90.64402999999999
0.5040023999999957,95.89323999999988
0.5600024000000013,96.91229000000013
0.6160023999999953,95.67120999999989
0.6720024000000009,93.33777999999992
0.7280024000000065,90.55566999999986
0.7840024000000005,87.66177000000019
0.8400024000000061,84.82358000000012
0.8960024000000002,82.11910000000012
0.9520024000000058,79.57989999999992
0.9999999999999966,77.54209000000012
1.0055999999999983,77.37601999999998
1.0168000000000017,77.03349000000004
1.039199999999997,75.8646999999999
1.0839999999999992,69.08543000000012
1.1400000000000048,50.40354999999997
1.1959999999999988,21.843220000000052
1.2520000000000044,-12.95036000000005
1.257600000000006,-16.733710000000013
1.268799999999998,-24.330940000000023
1.2912000000000048,-39.242589999999964
1.3359999999999954,-65.09049
1.392000000000001,-87.44068999999999
1.447999999999995,-99.53554999999992
1.5040000000000007,-104.51345999999995
1.5600000000000063,-105.28369999999998
1.6160000000000003,-103.81123000000004
1.672000000000006,-101.26142000000016
1.7279999999999998,-98.27695999999997
1.7840000000000054,-95.19423999999988
1.8399999999999994,-92.18019000000011
1.896000000000005,-89.31224000000016
1.951999999999999,-86.62163000000001
1.9999976000000015,-84.4632700000001
0.005597600000003176,-84.28378000000004
0.01679759999999503,-83.91484000000004
0.0391976000000019,-82.69623999999997
0.08399760000000406,-75.82972999999993
0.13999759999999808,-57.05205999999996
0.19599760000000369,-28.389790000000083
0.2519975999999977,6.526459999999901
0.2575975999999994,10.323250000000117
0.26879760000000286,17.947370000000127
0.2911975999999981,32.91164000000002
0.3359976000000003,58.85347000000007
0.3919976000000059,81.29586999999994
0.44799759999999994,93.46051000000011
0.5039976000000055,98.49573999999994
0.5599975999999995,99.31747999999985
0.6159976000000051,97.89383000000007
0.6719975999999992,95.39131000000012
0.7279976000000048,92.45261999999998
0.7839975999999987,89.41381999999987
0.8399976000000043,86.44166999999992
0.8959975999999984,83.61342000000005
0.951997600000004,80.95991999999997
1.007997599999998,78.48909000000015
1.0639976000000035,76.19746999999988
1.1199975999999976,74.07687000000007
1.1759976000000032,72.11692000000002
1.2319975999999973,70.30636000000001
1.2879976000000029,68.63379999999997
1.343997599999997,67.08921999999995
1.3999976000000025,65.66287999999987
1.4559975999999966,64.34576000000014
1.511997600000002,63.12969999999996
1.567997599999996,62.00709999999998
1.6239976000000016,60.97069999999994
1.6799975999999956,60.013929999999995
1.7359976000000013,59.13060000000003
1.7919975999999953,58.31508999999979
1.847997600000001,57.562179999999906
1.9039976000000065,56.8670899999999
1.9599976000000006,56.225329999999964
1.9999984000000015,55.797450000000026
0.005598400000003173,55.80209999999997
0.016798399999995026,55.79817000000009
0.039198400000001896,55.288329999999995
0.08399840000000407,49.755460000000085
0.13999839999999808,32.52114000000006
0.19599840000000368,5.324020000000207
0.2519983999999977,-28.16867000000012
0.2575983999999994,-31.825789999999856
0.2687984000000028,-39.17236999999996
0.29119839999999814,-53.59518000000008
0.3359984000000003,-78.52236999999995
0.3919983999999943,-99.8263800000001
0.4479983999999999,-110.9744399999999
0.503998399999994,-115.08488000000017
0.5599983999999996,-115.05390999999987
0.6159983999999935,-112.83902
0.6719983999999991,-109.60094999999993
0.7279983999999932,-105.97856999999999
0.7839983999999988,-102.30487999999993
0.8399983999999928,-98.7441200000001
0.8959983999999984,-95.37103000000013
0.9519983999999924,-92.21370999999978
1.007998399999998,-89.2773
1.0639984000000036,-86.55578000000008
1.1199983999999976,-84.03838999999991
1.1759984000000032,-81.71202000000011
1.2319983999999973,-79.56322000000004
1.2879984000000029,-77.57883999999993
1.343998399999997,-75.74660999999993
1.3999984000000025,-74.05489999999992
1.4559983999999964,-72.49305000000005
1.511998400000002,-71.05102000000008
1.567998399999996,-69.71968999999989
1.6239984000000016,-68.49048999999985
1.6799983999999957,-67.3556500000001
1.7359984000000013,-66.3078399999999
1.7919983999999953,-65.34044999999989
1.847998400000001,-64.44726000000011
1.903998399999995,-63.62260999999991
1.9599984000000006,-62.861200000000174
0.015998399999994525,-62.15821999999993
0.07199840000000012,-61.50916000000017
0.12799839999999413,-60.909910000000124
0.18399839999999973,-60.35660999999992
0.23999839999999376,-59.84579000000001
0.29599839999999933,-59.374140000000075
0.3519983999999934,-58.9386999999999
0.407998399999999,-58.53665000000019
0.463998399999993,-58.16546999999983
0.5199983999999985,-57.82275999999986
0.5759983999999926,-57.506360000000086
0.6319983999999982,-57.21423000000003
0.6879983999999922,-56.94454000000015
0.7439983999999978,-56.69553000000005
0.7999984000000034,-56.46565000000003
0.8559983999999974,-56.25341000000006
0.911998400000003,-56.05745999999989
0.967998399999997,-55.87655000000002
1.0000023999999965,-55.77951000000003
1.0056023999999983,-55.825470000000045
1.0168024000000018,-55.903530000000146
1.039202399999997,-55.55445999999997
1.0840023999999993,-50.330549999999974
1.140002399999993,-33.45600999999987
1.1960023999999987,-6.582979999999905
1.2520023999999927,26.623960000000004
1.2576023999999946,30.25461000000007
1.268802399999998,37.54873000000014
1.2912023999999933,51.86885000000019
1.3360023999999955,76.59572000000003
1.392002400000001,97.65568999999985
1.448002399999995,108.56866999999993
1.5040024000000005,112.45757999999984
1.5600023999999946,112.22135999999993
1.6160024000000002,109.81795000000005
1.6720023999999942,106.40759000000011
1.7280023999999998,102.62841999999983
1.7840023999999939,98.81181999999988
1.8400023999999995,95.11971000000008
1.8960023999999935,91.62566999999999
1.9520023999999991,88.35728000000009
1.4475660719677984e-15,85.7394199999999
0.005600000000003166,85.50856000000007
0.01679999999999502,85.03762999999998
0.03920000000000189,83.61949000000001
0.08399999999999247,76.37055999999998
0.13999999999999807,57.14627999999999
0.19600000000000367,28.076780000000134
0.25199999999999767,-7.2033799999999815
0.2575999999999994,-11.034049999999906
0.2688000000000028,-18.725270000000016
0.2911999999999981,-33.82041999999985
0.3360000000000003,-60.01452000000018
0.3919999999999943,-82.75872999999989
0.4479999999999999,-95.21033000000001
0.5039999999999939,-100.51492000000017
0.5599999999999995,-101.5866700000001
0.6159999999999936,-100.39343000000001
0.6719999999999992,-98.10249000000005
0.7279999999999932,-95.3578100000001
0.7839999999999987,-92.49696000000007
0.8399999999999928,-89.68821999999999
0.8959999999999984,-87.01033999999996
0.9519999999999924,-84.49532000000004
1.007999999999998,-82.15203999999999
1.0640000000000036,-79.97792999999986
1.1199999999999977,-77.96550999999985
1.1760000000000033,-76.10498999999993
1.2319999999999973,-74.38611000000006
1.288000000000003,-72.79855000000013
1.3439999999999968,-71.33263999999984
1.4000000000000024,-69.9790800000002
1.4559999999999964,-68.7293899999999
1.512000000000002,-67.57555999999987
1.567999999999996,-66.51031000000019
1.6240000000000017,-65.52676000000002
1.6799999999999957,-64.61870999999996
1.7360000000000013,-63.780309999999844
1.7919999999999954,-63.00627000000003
1.848000000000001,-62.29159000000006
1.9039999999999948,-61.631769999999975
1.9600000000000004,-61.022549999999896
1.999983999999996,-60.61651000000001
0.005583999999997807,-60.62412999999989
0.016784000000001242,-60.6262099999999
0.039183999999996534,-60.12939999999989
0.0839839999999987,-54.62652999999995
0.13998399999999273,-37.428849999999954
0.1959839999999983,-10.25235999999996
0.2519839999999923,23.24364999999995
0.25758399999999404,26.902340000000137
0.26878399999999747,34.252109999999945
0.2911839999999928,48.68074999999994
0.33598399999999495,73.61204
0.39198400000000055,94.90441000000006
0.44798399999999455,106.02796000000004
0.5039840000000001,110.10999999999993
0.5599839999999942,110.05222999999998
0.6159839999999998,107.81426000000005
0.6719839999999938,104.55730000000018
0.7279839999999994,100.92009000000002
0.7839839999999934,97.23452999999994
0.839983999999999,93.66381000000001
0.895983999999993,90.28239999999998
0.9519839999999986,87.11809999999987
0.9999759999999992,84.58326999999998
1.005576000000001,84.36164000000002
1.0167759999999928,83.90902000000011
1.0391759999999997,82.52641000000006
1.0839760000000018,75.34437999999999
1.1399759999999959,56.197289999999846
1.1959760000000015,27.20020000000001
1.2519759999999955,-8.010779999999995
1.2575759999999971,-11.834719999999965
1.2687760000000006,-19.51257000000006
1.2911759999999959,-34.58161999999998
1.335975999999998,-60.72642999999989
1.3919760000000037,-83.41449999999995
1.4479759999999977,-95.81523999999986
1.5039760000000033,-101.07326999999988
1.5599759999999974,-102.10204999999983
1.615976000000003,-100.86907000000012
1.6719759999999968,-98.54125999999997
1.7279760000000024,-95.76245000000006
1.7839759999999965,-92.87
1.839976000000002,-90.03205999999997
1.895975999999996,-87.32719999999983
1.9519760000000017,-84.78725999999992
2.3999999997000562e-05,-82.74651
0.0056239999999987186,-82.58039999999988
0.016824000000002153,-82.2379499999999
0.03922399999999744,-81.07076999999995
0.08402399999999961,-74.30103
0.14002399999999363,-55.635000000000105
0.19602399999999923,-27.077559999999945
0.25202399999999325,7.738310000000137
0.25762399999999497,11.525320000000061
0.2688239999999984,19.12998999999993
0.2912239999999937,34.05625999999984
0.3360239999999958,59.92629999999988
0.3920240000000014,82.28696999999995
0.4480239999999955,94.37766000000013
0.504024000000001,99.34527999999987
0.5600239999999951,100.10470999999987
0.6160240000000007,98.62340000000015
0.6720239999999947,96.06747999999988
0.7280240000000003,93.07933000000013
0.7840239999999943,89.99475000000001
0.8400239999999999,86.98027999999991
0.8960239999999939,84.11292999999986
0.9520239999999995,81.42331999999985
1.0080239999999936,78.91914999999995
1.0640239999999992,76.59676000000016
1.1200239999999932,74.44758999999989
1.1760239999999988,72.46105000000003
1.2320239999999927,70.62610000000014
1.2880239999999983,68.93137999999999
1.3440239999999923,67.36642000000015
1.400023999999998,65.92120000000001
1.4560240000000035,64.58662000000004
1.5120239999999976,63.35441000000009
1.5680240000000032,62.21687000000009
1.6240239999999972,61.16666999999998
1.6800240000000028,60.197150000000036
1.736023999999997,59.30203
1.7920240000000025,58.47566999999998
1.8480239999999963,57.712710000000115
1.904024000000002,57.008339999999876
1.960023999999996,56.35802000000001
0.01602400000000165,55.757660000000044
0.07202399999999566,55.203380000000024
0.12802400000000128,54.691669999999974
0.18402399999999527,54.21923999999989
0.24002400000000088,53.783119999999855
0.2960239999999949,53.380480000000176
0.3520240000000005,53.008790000000026
0.4080239999999945,52.66562999999991
0.4640240000000001,52.348879999999824
0.5200239999999942,52.056440000000094
0.5760239999999998,51.78649999999996
0.6320239999999937,51.537300000000116
0.6880239999999993,51.30727999999984
0.7440239999999934,51.09494000000004
0.800023999999999,50.89895000000011
0.856023999999993,50.71801999999992
0.9120239999999986,50.55103999999999
0.9680239999999926,50.39689000000003
0.9999999999999948,50.314300000000145
1.0055999999999965,50.362649999999846
1.0168,50.44532999999984
1.0391999999999952,50.10396000000017
1.0839999999999974,44.8895600000001
1.140000000000003,28.024959999999986
1.195999999999997,1.1754100000000989
1.2520000000000027,-31.987079999999946
1.2575999999999927,-35.61224000000007
1.2687999999999962,-42.89538999999998
1.291200000000003,-57.19461999999997
1.3359999999999936,-81.88934000000003
1.3919999999999992,-102.9293
1.4479999999999933,-113.83823000000004
1.503999999999999,-117.72926000000017
1.5599999999999927,-117.49538000000004
1.6159999999999983,-115.09226000000017
1.6719999999999924,-111.67956000000001
1.727999999999998,-107.89528999999986
1.7840000000000036,-104.0717299999998
1.8399999999999976,-100.37234000000007
1.8960000000000032,-96.87117
1.9519999999999973,-93.59557000000018
0.008000000000002868,-90.54998999999997
0.06399999999999688,-87.72771000000002
0.12000000000000248,-85.11735999999992
0.1759999999999965,-82.70519999999992
0.2320000000000021,-80.47724000000001
0.2879999999999961,-78.41980000000004
0.3440000000000017,-76.52013000000002
0.39999999999999575,-74.76616999999996
0.45600000000000135,-73.14685999999982
0.5119999999999953,-71.65178999999999
0.568000000000001,-70.27150000000005
0.623999999999995,-68.99707999999993
0.6800000000000006,-67.8204899999999
0.7359999999999945,-66.73413999999988
0.7920000000000001,-65.73116999999984
0.8479999999999942,-64.80511999999993
0.9039999999999998,-63.950119999999885
0.9599999999999939,-63.16071000000001
1.0159999999999993,-62.43186999999995
1.0719999999999934,-61.75892000000016
1.127999999999999,-61.137620000000005
1.183999999999993,-60.563970000000026
1.2399999999999987,-60.03433999999985
1.2959999999999927,-59.54532999999995
1.3519999999999983,-59.09385999999994
1.408000000000004,-58.67701999999997
1.463999999999998,-58.29218000000003
1.5200000000000036,-57.93684999999993
1.5759999999999974,-57.60882000000001
1.632000000000003,-57.30594
1.687999999999997,-57.02632000000008
1.7440000000000027,-56.76813999999997
1.7999999999999967,-56.52979999999985
1.8560000000000023,-56.30975000000005
1.9119999999999964,-56.106589999999954
1.968000000000002,-55.91901999999993
0.023999999999995938,-55.745869999999975
0.08000000000000153,-55.585990000000194
0.13599999999999554,-55.43840000000011
0.19200000000000114,-55.30214
0.24799999999999517,-55.176340000000046
0.30400000000000077,-55.06020999999994
0.35999999999999477,-54.95298999999987
0.41600000000000037,-54.85399999999996
0.4719999999999944,-54.762610000000045
0.528,-54.67823000000016
0.583999999999994,-54.60034000000014
0.6399999999999996,-54.528420000000025
0.6959999999999936,-54.46204999999993
0.7519999999999992,-54.40075999999983
0.8079999999999933,-54.344189999999905
0.8639999999999989,-54.291969999999964
0.9199999999999928,-54.24376000000009
0.9759999999999984,-54.19923999999998
1.0000240000000018,-54.18123000000019
1.0056240000000036,-54.23953999999998
1.0168239999999955,-54.34210999999989
1.0392240000000024,-54.04067000000001
1.084023999999993,-48.90668999999992
1.1400239999999986,-32.13632999999994
1.1960239999999924,-5.361249999999984
1.252023999999998,27.75231999999983
1.2576239999999999,31.373910000000116
1.2688240000000033,38.650030000000115
1.2912239999999986,52.935079999999914
1.3360240000000008,77.5959799999999
1.3920239999999948,98.58107000000005
1.4480240000000004,109.42630999999992
1.5040239999999943,113.25311999999998
1.5600239999999999,112.95950999999982
1.616023999999994,110.50287000000014
1.6720239999999995,107.04311999999993
1.7280239999999936,103.21817999999982
1.7840239999999992,99.3594
1.8400239999999932,95.62859000000002
1.8960239999999988,92.09858000000004
1.9520239999999929,88.79655000000008
0.008023999999998421,85.72705999999997
0.06402399999999243,82.8830399999998
0.12002399999999804,80.25258000000002
0.17602400000000362,77.82176000000018
0.23202399999999765,75.57656000000001
0.2880240000000032,73.50338
0.3440239999999973,71.5894399999999
0.4000240000000029,69.82229000000007
0.4560239999999969,68.19065999999995
0.5120240000000025,66.68399000000002
0.5680239999999965,65.29271999999997
0.6240240000000021,64.00816999999992
0.6800239999999961,62.82231999999999
0.7360240000000017,61.72748000000006
0.7920239999999957,60.71674999999988
0.8480240000000013,59.783579999999944
0.9040239999999954,58.922069999999934
0.960024000000001,58.12664999999995
1.0000079999999965,57.596520000000154
1.0056079999999983,57.58735999999986
1.0168080000000017,57.55602999999998
1.039207999999997,56.99292000000011
1.0840079999999992,51.35946999999996
1.1400079999999932,34.00847000000007
1.1960079999999988,6.701540000000117
1.2520079999999927,-26.895840000000113
1.2576079999999945,-30.563109999999895
1.268807999999998,-37.929830000000166
1.2912079999999933,-52.391900000000156
1.3360079999999954,-77.39289000000005
1.392008000000001,-98.78054000000014
1.448007999999995,-110.00422999999992
1.5040080000000007,-114.18400000000007
1.5600079999999945,-114.21713999999983
1.6160080000000001,-112.06174000000013
1.6720079999999942,-108.87890999999983
1.7280079999999998,-105.30777000000002
1.7840079999999938,-101.68153999999996
1.8400079999999994,-98.16468999999995
1.8960079999999935,-94.83208999999992
1.952007999999999,-91.7120600000001
0.008007999999993062,-88.81021999999983
0.06400799999999866,-86.12083000000004
0.12000799999999268,-83.63307000000009
0.17600799999999828,-81.33389999999996
0.23200800000000388,-79.21013999999983
0.2880079999999979,-77.2488600000001
0.3440080000000035,-75.43796999999985
0.4000079999999975,-73.76596999999995
0.4560080000000031,-72.22229000000002
0.5120079999999971,-70.79706000000007
0.5680080000000027,-69.48124
0.6240079999999968,-68.2663499999998
0.6800080000000023,-67.1447300000001
0.7360079999999963,-66.10910999999997
0.7920080000000019,-65.15300000000002
0.848007999999996,-64.27019999999995
0.9040080000000016,-63.45515000000002
0.9600079999999955,-62.70260999999988
1.0160080000000011,-62.007829999999984
1.0720079999999952,-61.366330000000026
1.1280080000000008,-60.774050000000024
1.1840079999999948,-60.227199999999925
1.2400080000000004,-59.72233000000004
1.2960079999999945,-59.25617999999999
1.352008,-58.82580999999987
1.408007999999994,-58.42844000000014
1.4640079999999995,-58.06159000000011
1.5200079999999936,-57.72287000000009
1.5760079999999992,-57.410170000000036
1.6320079999999932,-57.121439999999964
1.6880079999999988,-56.85490000000004
1.744007999999993,-56.608800000000016
1.8000079999999985,-56.38160000000014
1.8560079999999926,-56.171830000000035
1.9120079999999982,-55.978169999999935
1.9680080000000038,-55.799370000000124
0.02400799999999771,-55.63431000000008
0.08000800000000331,-55.481910000000134
0.13600799999999733,-55.34123000000002
0.19200800000000293,-55.21133000000012
0.24800799999999695,-55.09143000000005
0.30400800000000255,-54.98070999999993
0.36000799999999655,-54.87850999999999
0.41600800000000215,-54.78413000000004
0.47200799999999615,-54.697010000000155
0.5280080000000018,-54.61658000000003
0.5840079999999958,-54.542340000000024
0.6400080000000014,-54.47380000000002
0.6960079999999954,-54.41052999999996
0.752008000000001,-54.352110000000174
0.8080079999999951,-54.29820000000007
0.8640080000000007,-54.24841000000002
0.9200079999999946,-54.20245999999995
0.9760080000000002,-54.16003000000003
1.0320079999999943,-54.12084999999989
1.0880079999999999,-54.084690000000045
1.144007999999994,-54.051309999999965
1.2000079999999995,-54.02049000000009
1.2560079999999936,-53.992049999999956
1.3120079999999992,-53.9657899999999
1.368007999999993,-53.941560000000166
1.4240079999999986,-53.91917999999984
1.4800079999999927,-53.89853000000011
1.5360079999999983,-53.87947000000004
1.5920080000000039,-53.86186999999998
1.648007999999998,-53.845629999999865
1.7040080000000035,-53.83063999999993
1.7600079999999976,-53.81679000000017
1.8160080000000032,-53.804009999999906
1.8720079999999972,-53.792229999999996
1.9280080000000028,-53.781340000000014
1.9840079999999967,-53.77129000000003
2.3999999995191103e-05,-53.768569999999904
0.005623999999996909,-53.830040000000025
0.016824000000000346,-53.93886999999986
0.03922399999999564,-53.64961000000012
0.0840239999999978,-48.538610000000034
0.1400240000000034,-31.79485000000004
0.19602399999999742,-5.0447600000000925
0.252024000000003,28.044979999999995
0.25762399999999314,31.66425999999989
0.26882399999999657,38.935800000000185
0.2912240000000035,53.21192000000008
0.33602399999999405,77.8560199999998
0.39202399999999965,98.82203999999994
0.44802399999999365,109.65002000000013
0.5040239999999993,113.46100999999997
0.5600239999999933,113.15273000000015
0.6160239999999989,110.68250000000002
0.6720239999999928,107.21011999999996
0.7280239999999985,103.37348000000013
0.7840239999999925,99.5038399999999
0.8400239999999981,95.76300000000005
0.8960240000000037,92.22372000000001
0.9520239999999978,88.91312000000018
1.0080240000000034,85.83574000000004
1.0640239999999974,82.98443
1.120024000000003,80.34724000000004
1.1760239999999968,77.91020999999998
1.2320240000000025,75.65928
1.2880239999999965,73.58081999999987
1.344024000000002,71.66198999999995
1.4000239999999962,69.89033
1.4560240000000018,68.25455000000002
1.5120239999999958,66.74405000000006
1.5680240000000014,65.34923000000003
1.6240239999999955,64.06139999999994
1.680024000000001,62.872540000000086
1.736023999999995,61.77492000000018
1.7920240000000005,60.76162000000007
1.8480239999999946,59.82606000000001
1.9040240000000002,58.96236000000022
1.9600239999999942,58.16490999999991
8.000000001412796e-06,57.633440000000036
0.0056080000000031304,57.62409000000002
0.016807999999994987,57.59239999999988
0.03920800000000186,57.028590000000044
0.08400800000000402,51.39383000000009
0.14000799999999802,34.041290000000004
0.19600800000000362,6.732829999999801
0.2520079999999977,-26.866089999999954
0.2576079999999994,-30.53349999999999
0.2688080000000028,-37.90052999999993
0.2912079999999981,-52.36319000000012
0.33600800000000025,-77.36527000000004
0.39200799999999425,-98.75409999999985
0.44800799999999985,-109.97878999999999
0.5040079999999939,-114.15946
0.5600079999999995,-114.1934
0.6160079999999934,-112.03874000000002
0.672007999999999,-108.8566099999999
0.7280079999999931,-105.28611
0.7840079999999987,-101.66048000000005
0.8400079999999928,-98.14418999999997
0.8960079999999984,-94.81210999999989
0.952008000000004,-91.69256000000003
1.008007999999998,-88.79115000000004
1.0640080000000036,-86.10216999999997
1.1200079999999977,-83.6148000000001
1.176008000000003,-81.31595999999996
1.232007999999997,-79.19253000000003
1.2880080000000027,-77.23155000000004
1.3440079999999968,-75.42093999999989
1.4000080000000024,-73.74917999999985
1.4560079999999964,-72.20574000000002
1.512008000000002,-70.78073000000006
1.568007999999996,-69.46510000000016
1.6240080000000017,-68.25039999999993
1.6800079999999957,-67.12893999999991
1.7360080000000013,-66.09350000000003
1.7920079999999952,-65.13751999999995
1.8480080000000008,-64.25486000000014
1.9040079999999948,-63.439939999999865
1.9600080000000004,-62.687509999999946
1.999991999999996,-62.18601000000001
0.0055919999999977715,-62.18075
0.01679200000000121,-62.15729000000003
0.0391919999999965,-61.61084000000017
0.08399199999999866,-56.014160000000146
0.13999199999999268,-38.707849999999986
0.19599199999999828,-11.42947999999988
0.2519920000000039,22.163380000000068
0.257591999999994,25.83143999999993
0.2687919999999974,33.19983999999998
0.29119199999999273,47.664830000000215
0.3359919999999949,72.66466999999999
0.3919920000000005,94.03517999999988
0.4479919999999945,105.22967999999989
0.5039920000000001,109.37684000000014
0.5599919999999942,109.37926000000009
0.6159919999999998,107.19703999999996
0.6719919999999937,103.99176999999993
0.7279919999999993,100.40238999999995
0.7839919999999934,96.76109
0.839991999999999,93.23130000000002
0.895991999999993,89.88766999999997
0.9519919999999986,86.75826000000009
0.9999839999999992,84.25117000000016
1.005584000000001,84.03263999999999
1.0167839999999928,83.58617000000001
1.0391839999999997,82.21549999999999
1.0839840000000018,75.05601999999989
1.139983999999996,55.935000000000066
1.1959840000000015,26.962190000000106
1.2519839999999953,-8.225900000000008
1.2575839999999971,-12.047630000000087
1.2687840000000006,-19.721089999999997
1.291183999999996,-34.78157000000004
1.335983999999998,-60.910149999999994
1.3919840000000037,-83.57954000000012
1.4479839999999977,-95.96318999999997
1.5039840000000033,-101.20545999999986
1.5599839999999972,-102.21967999999993
1.6159840000000028,-100.97321000000004
1.6719839999999968,-98.63292999999996
1.7279840000000024,-95.84258000000001
1.7839839999999965,-92.93946999999991
1.839984000000002,-90.09161999999992
1.8959839999999961,-87.37751999999999
1.9519840000000017,-84.82911000000004
0.0079839999999957,-82.45513000000004
0.0639840000000013,-80.25273
0.11998399999999532,-78.21418999999996
0.17598400000000092,-76.3295300000002
0.23198399999999492,-74.58836999999986
0.2879840000000005,-72.98024000000014
0.34398399999999457,-71.49533000000008
0.3999840000000001,-70.12423000000001
0.45598399999999417,-68.85835999999989
0.5119839999999998,-67.68957999999992
0.5679839999999938,-66.61052999999994
0.6239839999999993,-65.6142500000001
0.6799839999999934,-64.69444000000001
0.735983999999999,-63.84518999999989
0.791983999999993,-63.061119999999974
0.8479839999999986,-62.33719000000004
0.9039839999999926,-61.66883000000012
0.9599839999999982,-61.05172999999997
1.000024,-60.63986999999993
1.0056240000000018,-60.64678000000012
1.0168239999999937,-60.64746999999993
1.0392240000000006,-60.147920000000134
1.0840240000000028,-54.63978000000003
1.1400239999999966,-37.435939999999945
1.1960240000000022,-10.25381000000003
1.2520239999999963,23.247280000000092
1.257623999999998,26.906429999999926
1.2688240000000015,34.25714999999996
1.2912239999999968,48.68764000000003
1.336023999999999,73.62246000000016
1.392023999999993,94.91903999999995
1.4480239999999986,106.04655000000007
1.504024000000004,110.13227000000003
1.560023999999998,110.0779300000001
1.6160240000000037,107.84309999999996
1.6720239999999977,104.58903000000008
1.7280240000000033,100.95445000000014
1.7840239999999974,97.27131999999995
1.840024000000003,93.70283999999995
1.896023999999997,90.32346999999996
1.9520240000000026,87.16106000000012
0.008023999999996612,84.22046999999999
0.0640240000000022,81.49527
0.12002399999999623,78.9743599999999
0.17602400000000182,76.64456000000008
0.23202399999999584,74.49271000000013
0.28802400000000145,72.50591000000006
0.34402399999999544,70.67149000000006
0.40002400000000105,68.97739999999986
0.45602399999999504,67.41315999999986
0.5120240000000007,65.96876000000007
0.5680239999999946,64.63500999999994
0.6240240000000002,63.403599999999784
0.6800239999999943,62.26683
0.7360239999999999,61.21732999999985
0.792023999999994,60.248469999999884
0.8480239999999996,59.35394999999999
0.9040239999999935,58.52812000000007
0.9600239999999991,57.76566999999999
1.0160239999999932,57.06176000000007
1.0720239999999988,56.41185999999987
1.1280239999999928,55.81187999999982
1.1840239999999984,55.25793999999995
1.240024000000004,54.74657000000005
1.296023999999998,54.27442999999998
1.3520240000000037,53.83857999999986
1.4080239999999975,53.436189999999996
1.464024000000003,53.064730000000004
1.5200239999999972,52.72178999999988
1.5760240000000028,52.40522999999997
1.6320239999999968,52.11297999999998
1.6880240000000024,51.84321000000014
1.7440239999999965,51.59416000000006
1.800024000000002,51.36428999999998
1.8560239999999961,51.15208000000004
1.9120240000000017,50.956200000000116
1.9680239999999956,50.775400000000026
1.9999999999999978,50.67850000000007
0.005599999999999546,50.72443999999998
0.016800000000002983,50.80229999999997
0.03919999999999827,50.45158999999999
0.08400000000000044,45.21957999999992
0.13999999999999446,28.334489999999988
0.19600000000000006,1.4654700000000798
0.25199999999999406,-31.715750000000043
0.2575999999999958,-35.34274999999987
0.2687999999999992,-42.62953000000014
0.2911999999999945,-56.93580999999992
0.3359999999999967,-81.64369000000016
0.3920000000000023,-102.69839000000003
0.4479999999999963,-113.62047000000008
0.5040000000000019,-117.52348
0.559999999999996,-117.30068000000004
0.6160000000000015,-114.90785000000004
0.6719999999999955,-111.50472999999982
0.7280000000000011,-107.72938000000009
0.7839999999999951,-103.91409000000019
0.8400000000000007,-100.22237000000001
0.8959999999999948,-96.72828999999994
0.9520000000000004,-93.45925999999993
0.999992000000001,-90.84067999999989
1.0055920000000027,-90.60972999999994
1.0167919999999946,-90.13880000000007
1.0391920000000014,-88.72218999999993
1.0839920000000036,-81.48307
1.1399919999999977,-62.27575000000019
1.195992000000003,-33.2111100000001
1.251991999999997,2.089239999999881
1.257591999999999,5.923420000000013
1.2687920000000024,13.621820000000007
1.2911919999999977,28.731309999999954
1.3359919999999998,54.9478000000001
1.391991999999994,77.7037599999999
1.4479919999999995,90.15284999999994
1.5039919999999933,95.44860999999982
1.559991999999999,96.51063999999998
1.615991999999993,95.30930999999998
1.6719919999999986,93.01270000000005
1.7279919999999926,90.26464000000001
1.7839919999999982,87.40220999999981
1.8399920000000038,84.59309000000003
1.895991999999998,81.91546999999998
1.9519920000000035,79.40104999999997
1.999984000000004,77.38318
0.005583999999994187,77.21931000000004
0.016783999999997624,76.88114999999995
0.03918399999999291,75.72086000000012
0.08398399999999508,68.95776999999993
0.13998400000000066,50.29468000000015
0.1959839999999947,21.751700000000042
0.25198400000000026,-13.025829999999905
0.25758400000000203,-16.8076399999999
0.26878399999999386,-24.40184000000012
0.2911840000000007,-39.30757000000007
0.3359840000000029,-65.14415000000007
0.3919839999999969,-87.48107999999988
0.4479840000000025,-99.56363000000002
0.5039839999999965,-104.53014000000005
0.5599840000000021,-105.28985000000013
0.6159839999999961,-103.8076699999999
0.6719840000000017,-101.24892000000018
0.7279839999999957,-98.25616000000004
0.7839840000000013,-95.16568000000004
0.8399839999999954,-92.14455999999993
0.895984000000001,-89.27028999999997
0.951983999999995,-86.57387000000006
0.9999759999999955,-84.41113000000011
1.0055759999999974,-84.2311200000001
1.0167760000000008,-83.86114
1.039175999999996,-82.64048000000001
1.0839759999999983,-75.76991999999993
1.1399760000000039,-56.98741000000007
1.1959759999999977,-28.320880000000102
1.2519760000000033,6.598849999999823
1.2575759999999936,10.395939999999992
1.268775999999997,18.02065999999991
1.2911760000000039,32.98608000000014
1.3359759999999945,58.930170000000004
1.391976,81.37543000000002
1.447975999999994,93.54298000000006
1.5039759999999995,98.58102999999984
1.5599759999999936,99.40543000000002
1.6159759999999992,97.98423000000001
1.6719759999999932,95.48394999999998
1.7279759999999988,92.54728999999995
1.783975999999993,89.51035000000007
1.8399759999999985,86.53989000000007
1.895976000000004,83.71320000000004
1.9519759999999982,81.06111999999999
2.3999999993381644e-05,78.93134000000002
0.005623999999995099,78.75524999999995
0.016823999999998535,78.39287999999999
0.039223999999993826,77.18555999999998
0.08402399999999599,70.33386000000009
0.1400240000000016,51.56833999999999
0.1960239999999956,22.929179999999995
0.2520240000000012,-11.940239999999935
0.2576240000000029,-15.73099
0.2688239999999948,-23.342930000000095
0.29122400000000165,-38.28326999999998
0.3360240000000038,-64.18511999999987
0.3920239999999978,-86.59628000000019
0.4480240000000034,-98.74599000000006
0.5040239999999975,-103.77397999999994
0.5600240000000031,-104.59044999999989
0.616023999999997,-103.16084000000015
0.6720240000000026,-100.65082000000002
0.7280239999999967,-97.70322000000009
0.7840240000000023,-94.65455
0.8400239999999963,-91.6721100000002
0.8960240000000019,-88.83357000000002
0.9520239999999959,-86.17016999999993
1.0000159999999965,-84.03368999999982
1.0056159999999983,-83.85661
1.0168160000000017,-83.49245000000005
1.039215999999997,-82.2830699999999
1.0840159999999992,-75.43374999999996
1.140015999999993,-56.675750000000136
1.1960159999999986,-28.03222999999999
1.2520159999999927,6.865470000000151
1.2576159999999945,10.660399999999903
1.268815999999998,18.280850000000015
1.2912159999999933,33.23791999999992
1.3360159999999954,59.166239999999924
1.392016000000001,81.5935499999998
1.4480159999999949,93.74487000000009
1.5040160000000005,98.76807999999993
1.5600159999999945,99.57880000000019
1.6160160000000001,98.14495999999994
1.6720159999999942,95.63297999999998
1.7280159999999998,92.6854800000001
1.7840159999999938,89.63849999999995
1.8400159999999994,86.65875999999994
1.8960159999999935,83.82350000000005
1.952015999999999,81.16350000000017
0.008015999999993027,78.68668000000012
0.06401599999999863,76.38952999999992
0.12001600000000422,74.26381999999987
0.17601599999999823,72.29913999999992
0.23201600000000383,70.48421000000005
0.28801599999999783,68.80763999999995
0.34401600000000343,67.25934000000011
0.4000159999999975,65.82958000000016
0.4560160000000031,64.50931999999997
0.512015999999997,63.29034
0.5680160000000026,62.16505999999988
0.6240159999999967,61.12617000000009
0.6800160000000023,60.16710999999986
0.7360159999999963,59.28164999999996
0.7920160000000019,58.46419000000003
0.8480159999999959,57.70947000000004
0.9040160000000015,57.012700000000024
0.9600159999999955,56.369410000000066
1.0000000000000027,55.940669999999805
1.005599999999993,55.94518999999987
1.0167999999999964,55.94098000000014
1.0392000000000032,55.430639999999975
1.0839999999999936,49.89692000000012
1.1399999999999992,32.661649999999874
1.1959999999999933,5.463319999999827
1.251999999999999,-28.031059999999997
1.2576000000000007,-31.68835999999997
1.2688000000000041,-39.035310000000045
1.2911999999999995,-53.45883000000007
1.3360000000000016,-78.3871599999999
1.3919999999999957,-99.69201999999999
1.448000000000001,-110.84052
1.5039999999999951,-114.95126
1.5600000000000007,-114.92055999999984
1.6159999999999948,-112.70599000000003
1.6720000000000004,-109.46831999999995
1.7279999999999944,-105.84638000000001
1.784,-102.17315999999998
1.839999999999994,-98.6128599999998
1.8959999999999997,-95.2401300000001
1.9519999999999937,-92.08305999999999
1.9999919999999942,-89.5535999999999
0.005591999999995962,-89.33261000000003
0.016791999999999398,-88.88143000000004
0.03919199999999469,-87.50316999999997
0.08399199999999685,-80.33617000000004
0.13999200000000245,-61.211930000000024
0.19599199999999647,-32.22522999999988
0.25199200000000205,3.000439999999882
0.25759200000000376,6.827330000000131
0.26879199999999565,14.511240000000036
0.2911920000000025,29.592400000000076
0.3359919999999931,55.755320000000054
0.3919919999999987,78.45024999999994
0.4479920000000043,90.84412000000009
0.5039919999999983,96.0894200000002
0.5599920000000039,97.10496000000002
0.6159919999999979,95.86066000000004
0.6719920000000035,93.52421999999993
0.7279919999999975,90.73930000000007
0.7839920000000031,87.84275000000008
0.8399919999999972,85.00208999999992
0.8959920000000028,82.29532000000006
0.9519919999999967,79.75398
1.0079920000000024,77.38669999999992
1.0639919999999963,75.1907999999999
1.1199920000000019,73.15862000000007
1.175991999999996,71.27987999999985
1.2319920000000015,69.5440599999999
1.2879919999999956,67.94063000000006
1.3439920000000012,66.45977000000003
1.3999919999999952,65.09239
1.4559920000000008,63.83003000000009
1.511991999999995,62.66454999999982
1.5679920000000005,61.588599999999886
1.6239919999999946,60.59520000000007
1.6799920000000002,59.67809000000002
1.735991999999994,58.83134000000001
1.7919919999999996,58.049620000000026
1.8479919999999936,57.32788000000011
1.9039919999999992,56.66157000000016
1.9599919999999933,56.046390000000116
0.015991999999998893,55.478450000000066
0.07199199999999291,54.95410999999994
0.1279919999999985,54.47005000000016
0.1839920000000041,54.02313999999997
0.23999199999999812,53.610570000000024
0.2959920000000037,53.22969
0.35199199999999775,52.87807999999994
0.40799200000000335,52.553459999999944
0.46399199999999735,52.253820000000005
0.5199920000000029,51.97719000000012
0.575991999999997,51.72185000000007
0.6319920000000026,51.48612000000008
0.6879919999999966,51.26852999999998
0.7439920000000022,51.0676699999999
0.7999919999999962,50.882270000000005
0.8559920000000018,50.71112000000011
0.9119919999999958,50.55316999999992
0.9679920000000014,50.4073599999999
1.0000239999999982,50.329099999999904
1.005624,50.37821000000009
1.0168240000000035,50.462409999999956
1.0392239999999988,50.12400000000006
1.0840240000000008,44.91528000000011
1.1400239999999948,28.05725000000003
1.1960240000000004,1.2135900000000976
1.2520239999999945,-31.943759999999877
1.2576239999999963,-35.56844999999997
1.2688239999999997,-42.85066999999998
1.291223999999995,-57.14806000000006
1.3360239999999972,-81.83910000000006
1.3920240000000028,-102.87455000000011
1.4480239999999966,-113.77905
1.5040240000000022,-117.6659
1.5600239999999963,-117.42816
1.616024000000002,-115.02151999999998
1.672023999999996,-111.6056299999999
1.7280240000000016,-107.81847
1.7840239999999956,-103.99225999999983
1.8400240000000012,-100.29047000000003
1.8960239999999953,-96.78709000000008
1.9520240000000009,-93.50946999999988
0.008023999999994801,-90.46200999999998
0.0640240000000004,-87.63801000000004
0.12002399999999441,-85.02606999999985
0.176024,-82.61246
0.23202399999999404,-80.38316
0.2880239999999996,-78.32447000000009
0.34402399999999367,-76.42366000000011
0.40002399999999927,-74.66863999999984
0.45602399999999327,-73.04833999999994
0.5120239999999988,-71.55235999999987
0.5680239999999929,-70.17122999999992
0.6240239999999985,-68.89604000000004
0.6800240000000041,-67.71872999999995
0.7360239999999981,-66.63173000000012
0.7920240000000037,-65.62814999999999
0.8480239999999977,-64.70153
0.9040240000000033,-63.846029999999885
0.9600239999999973,-63.056119999999936
1.016024000000003,-62.32685000000004
1.072023999999997,-61.65350000000003
1.1280240000000026,-61.03182000000018
1.1840239999999966,-60.457820000000105
1.2400240000000022,-59.927880000000044
1.296023999999996,-59.43857999999991
1.3520240000000017,-58.98683999999999
1.4080239999999957,-58.56974999999998
1.4640240000000013,-58.1846800000001
1.5200239999999954,-57.829150000000105
1.576024000000001,-57.500920000000065
1.632023999999995,-57.19786000000005
1.6880240000000006,-56.91807999999998
1.7440239999999947,-56.659749999999896
1.8000240000000003,-56.421269999999964
1.8560239999999943,-56.201090000000065
1.912024,-55.997819999999976
1.9680239999999938,-55.810139999999954
1.999999999999996,-55.7095700000001
0.005599999999997737,-55.75490000000016
0.01680000000000117,-55.83174000000013
0.03919999999999647,-55.480230000000134
0.08399999999999863,-50.25155999999997
0.14000000000000423,-33.37140000000005
0.19599999999999823,-6.493489999999991
0.25200000000000383,26.717430000000153
0.257599999999994,30.348419999999933
0.26879999999999743,37.643220000000085
0.2912000000000043,51.964689999999926
0.33599999999999486,76.69426000000001
0.39200000000000046,97.75771
0.44799999999999446,108.6742300000001
0.5040000000000001,112.56656999999981
0.5599999999999941,112.33354000000007
0.6159999999999997,109.93304999999998
0.6719999999999937,106.5253300000002
0.7279999999999993,102.74855000000005
0.7839999999999934,98.93410000000014
0.839999999999999,95.24395000000018
0.8959999999999929,91.75171000000005
0.9519999999999985,88.48498000000005
1.0080000000000042,85.4481600000001
1.063999999999998,82.63421999999987
1.1200000000000037,80.03145000000012
1.1759999999999977,77.62614999999995
1.2320000000000033,75.40447999999999
1.2879999999999974,73.35298999999983
1.344000000000003,71.45905000000008
1.399999999999997,69.71036999999991
1.4560000000000026,68.09579000000011
1.5119999999999967,66.60485999999999
1.5680000000000023,65.22812
1.6239999999999963,63.956980000000165
1.6800000000000017,62.78351000000004
1.7359999999999958,61.70012000000003
1.7920000000000014,60.69994999999984
1.8479999999999954,59.77652
1.904000000000001,58.92399999999998
1.959999999999995,58.13687999999995
0.01600000000000067,57.41022000000018
0.07199999999999468,56.73930000000005
0.12800000000000028,56.119920000000214
0.1839999999999943,55.54806000000001
0.2399999999999999,55.020139999999884
0.29599999999999393,54.53271999999987
0.35199999999999954,54.08276000000001
0.40799999999999353,53.66735
0.46399999999999914,53.28387000000001
0.5199999999999931,52.92982000000013
0.5759999999999987,52.6030099999999
0.6320000000000043,52.301289999999945
0.6879999999999984,52.022780000000154
0.744000000000004,51.76566000000005
0.7999999999999979,51.52833000000001
0.8560000000000035,51.309229999999985
0.9119999999999976,51.10700999999995
0.9680000000000032,50.92034000000001
0.9999759999999938,50.82030000000004
1.0055759999999956,50.865700000000125
1.016775999999999,50.94251999999999
1.0391759999999943,50.58976999999998
1.0839759999999963,45.353960000000136
1.1399760000000019,28.464470000000077
1.195975999999996,1.5911100000001177
1.2519760000000015,-31.594550000000112
1.2575760000000034,-35.22197999999999
1.2687759999999952,-42.50964000000002
1.291176000000002,-56.817630000000065
1.3359760000000043,-81.52861000000011
1.391975999999998,-102.58655999999999
1.4479760000000037,-113.51136999999989
1.5039759999999978,-117.41680999999993
1.5599760000000034,-117.19624999999989
1.6159759999999974,-114.80555000000004
1.671976000000003,-111.40445999999993
1.727975999999997,-107.63102999999985
1.7839760000000027,-103.81753999999988
1.8399759999999967,-100.12752999999996
1.8959760000000023,-96.63501999999991
1.9519759999999964,-93.36746000000007
0.007976000000001886,-90.32927999999995
0.0639759999999959,-87.51382000000008
0.1199760000000015,-84.90978999999999
0.17597599999999552,-82.50345999999986
0.23197600000000113,-80.28087999999988
0.2879759999999951,-78.22839999999998
0.3439760000000007,-76.33332000000004
0.3999759999999947,-74.58359000000003
0.4559760000000003,-72.96817
0.5119759999999943,-71.4766899999999
0.5679759999999999,-70.09971000000004
0.623975999999994,-68.82835999999992
0.6799759999999996,-67.65461000000018
0.7359759999999936,-66.57087000000006
0.7919759999999992,-65.57031000000002
0.8479759999999932,-64.64649000000011
0.9039759999999988,-63.793559999999914
0.9599760000000044,-63.00603999999987
1.0000159999999947,-62.48042999999992
1.0056159999999963,-62.472020000000185
1.016816,-62.44231
1.039215999999995,-61.88368999999994
1.0840159999999972,-56.263890000000096
1.1400160000000028,-38.93075999999995
1.1960159999999969,-11.627520000000002
1.2520160000000025,21.988550000000107
1.2576160000000043,25.658839999999962
1.2688159999999962,33.03164999999986
1.291216000000003,47.50524999999995
1.3360159999999934,72.52142999999988
1.392015999999999,93.91083
1.448015999999993,105.1227400000001
1.5040159999999987,109.286
1.5600160000000043,109.30334000000008
1.6160159999999983,107.13492999999997
1.672016000000004,103.94241000000015
1.728015999999998,100.36482000000002
1.7840160000000036,96.73440999999983
1.8400159999999977,93.21464999999995
1.8960160000000033,89.88028999999997
1.9520159999999973,86.75942000000015
7.999999997793882e-06,84.2591199999998
0.005607999999999512,84.04134999999991
0.01680800000000295,83.59639000000007
0.03920799999999824,82.22867999999983
0.0840080000000004,75.07489000000001
0.14000799999999441,55.96053999999984
0.19600800000000002,26.993759999999867
0.252007999999994,-8.18903999999998
0.25760799999999573,-12.01028000000015
0.26880799999999916,-19.68279000000006
0.29120799999999447,-34.74138999999998
0.33600799999999664,-60.86629999999982
0.39200799999999064,-83.53120000000014
0.44800800000000784,-95.91051000000017
0.5040080000000019,-101.14869999999998
0.5600079999999958,-102.15915000000008
0.6160079999999899,-100.9092199999999
0.672008000000007,-98.56578000000016
0.7280080000000011,-95.7725599999999
0.7840079999999952,-92.86682999999995
0.8400079999999891,-90.0165799999999
0.8960080000000062,-87.30028000000001
0.9520080000000003,-84.74986000000007
1.0080079999999942,-82.37402999999999
1.0640079999999883,-80.16993000000005
1.1200080000000054,-78.12982000000002
1.1760079999999995,-76.24370000000002
1.2320079999999936,-74.50120000000004
1.2880079999999876,-72.89182000000017
1.3440080000000048,-71.40575999999999
1.4000079999999988,-70.03361000000008
1.4560079999999929,-68.76675999999992
1.51200800000001,-67.59707000000014
1.568008000000004,-66.51719000000011
1.624007999999998,-65.5201299999999
1.680007999999992,-64.59962000000007
1.736008000000009,-63.74971000000018
1.7920080000000032,-62.96504000000014
1.8480079999999972,-62.24054999999984
1.9040079999999913,-61.57168000000013
1.9600080000000084,-60.95410000000001
1.9999919999999924,-60.54249
0.005591999999994153,-60.549340000000115
0.01679199999999759,-60.54992999999986
0.03919200000000446,-60.050170000000016
0.08399199999999504,-54.54146999999998
0.13999199999998907,-37.3369400000001
0.19599200000000624,-10.154439999999987
0.25199200000000027,23.346509999999874
0.257592000000002,27.00561999999995
0.2687920000000054,34.35626000000003
0.2911919999999891,48.78658999999996
0.33599200000000284,73.72121999999992
0.3919919999999969,95.01786999999995
0.4479919999999909,106.14572999999994
0.5039920000000081,110.23190000000005
0.559992000000002,110.17799999999988
0.6159919999999961,107.94355000000012
0.6719919999999902,104.68980000000005
0.7279920000000073,101.05546999999993
0.7839920000000014,97.37255
0.8399919999999953,93.80424000000009
0.8959919999999894,90.42500999999992
0.9519920000000065,87.26272999999995
0.9999839999999955,84.72948999999997
1.0055839999999974,84.50802999999985
1.0167840000000008,84.05578000000014
1.0391840000000077,82.67391000000002
1.083983999999998,75.49347000000006
1.1399839999999921,56.34837000000004
1.1959840000000093,27.352739999999987
1.2519840000000033,-7.8576599999999885
1.2575840000000051,-11.68159000000002
1.2687840000000086,-19.359429999999954
1.2911839999999923,-34.428459999999994
1.335984000000006,-60.573019999999865
1.3919839999999999,-83.26029000000013
1.447983999999994,-95.6598500000001
1.503983999999988,-100.91656999999987
1.5599840000000051,-101.94411999999997
1.6159839999999992,-100.71001999999996
1.6719839999999933,-98.38128000000013
1.7279839999999873,-95.60166000000004
1.7839840000000045,-92.7085299999999
1.8399839999999985,-89.86994000000004
1.8959839999999926,-87.16440999999998
1.9519840000000097,-84.62393999999995
1.9999759999999986,-82.58521999999991
0.005576000000000375,-82.4190600000001
0.01677600000000381,-82.07649999999988
0.03917599999998752,-80.90906999999991
0.08397600000000126,-74.1385699999999
0.13997599999999527,-55.471449999999976
0.1959759999999893,-26.91332999999996
0.2519760000000065,7.902370000000047
0.2575760000000082,11.689300000000014
0.26877599999998847,19.293840000000007
0.2911759999999953,34.21982000000013
0.3359760000000091,60.089449999999985
0.3919760000000031,82.45005000000005
0.4479759999999971,94.54111999999992
0.5039759999999911,99.50929000000008
0.5599760000000084,100.26928000000001
0.6159760000000023,98.78848000000006
0.6719759999999964,96.23296000000003
0.7279759999999904,93.24515
0.7839760000000076,90.16083000000008
0.8399760000000016,87.14654999999993
0.8959759999999956,84.27936999999997
0.9519759999999896,81.5899
1.0000239999999965,79.43031999999994
1.005623999999998,79.25092000000001
1.0168240000000015,78.88196000000013
1.0392240000000086,77.66187999999997
1.084023999999999,70.78618999999998
1.140023999999993,51.993049999999876
1.1960240000000102,23.3277500000002
1.2520240000000042,-11.567010000000044
1.257624000000006,-15.360240000000136
1.2688240000000095,-22.977110000000025
1.291223999999993,-37.92708999999994
1.336024000000007,-63.84697999999989
1.3920240000000008,-86.27843999999985
1.4480239999999949,-98.44631999999987
1.504023999999989,-103.49085000000002
1.560024000000006,-104.32256000000018
1.6160240000000001,-102.90710999999986
1.6720239999999942,-100.41025999999987
1.7280239999999882,-97.4748900000002
1.7840240000000054,-94.43758000000014
1.8400239999999994,-91.46564999999995
1.8960239999999933,-88.63685999999981
1.9520239999999873,-85.98246000000009
1.599999999956857e-05,-83.85314000000021
0.005616000000001287,-83.67685999999996
0.016816000000004723,-83.31428000000018
0.039215999999988434,-82.10794999999993
0.08401600000000217,-75.26425000000003
0.1400159999999962,-56.512640000000005
0.1960159999999902,-27.875289999999886
0.2520160000000074,7.01609999999997
0.2576160000000091,10.810420000000098
0.2688159999999894,18.429579999999834
0.29121599999999626,33.384159999999994
0.33601600000001,59.30782999999984
0.39201600000000403,81.73005
0.448015999999998,93.8769399999999
0.504015999999992,98.89621999999987
0.5600160000000092,99.70334999999997
0.6160160000000032,98.26619000000014
0.6720159999999973,95.75109000000003
0.7280159999999912,92.80069000000002
0.7840160000000085,89.75101000000008
0.8400160000000024,86.76876
0.8960159999999965,83.93116000000012
0.9520159999999905,81.26900000000003
1.0000080000000027,79.1335999999998
1.0056080000000045,78.95659999999994
1.016808000000008,78.59243000000005
1.0392079999999915,77.38161999999993
1.0840080000000052,70.52342
1.1400079999999992,51.75050999999997
1.1960079999999933,23.10421000000007
1.2520079999999874,-11.772440000000106
1.257607999999989,-15.563909999999792
1.2688079999999924,-23.177290000000017
1.2912079999999995,-38.120439999999924
1.3360079999999899,-64.02746999999987
1.392008000000007,-86.44425999999994
1.448008000000001,-98.59883999999997
1.5040079999999951,-103.63120999999987
1.5600079999999892,-104.45170999999998
1.6160080000000063,-103.02586000000002
1.6720080000000004,-100.51940000000003
1.7280079999999944,-97.5751199999999
1.7840079999999885,-94.52956999999995
1.8400080000000056,-91.55002999999984
1.8960079999999997,-88.71419999999985
1.9520079999999935,-86.0532999999999
0.008007999999987633,-83.57555000000016
0.06400800000000481,-81.27749999999989
0.12000799999999882,-79.1507199999999
0.17600799999999284,-77.18460000000005
0.23200800000001,-75.36823000000004
0.28800800000000404,-73.6906799999999
0.34400799999999804,-72.1416800000001
0.4000079999999921,-70.7114299999998
0.45600800000000924,-69.39095000000006
0.5120080000000032,-68.17175000000009
0.5680079999999973,-67.04615999999986
0.6240079999999913,-66.0069099999998
0.6800080000000085,-65.04743000000013
0.7360080000000025,-64.16155999999984
0.7920079999999965,-63.34368000000001
0.8480079999999905,-62.58852999999998
0.9040080000000077,-61.89135000000001
0.9600080000000017,-61.24763
1.0160079999999958,-60.65333000000006
1.0720079999999899,-60.10462000000017
1.128008000000007,-59.59801999999992
1.184008000000001,-59.13027000000004
1.240007999999995,-58.69844000000013
1.296007999999989,-58.29972999999988
1.352008000000006,-57.9316299999999
1.4080080000000001,-57.59177000000015
1.4640079999999942,-57.27799999999994
1.5200079999999883,-56.988299999999995
1.5760080000000054,-56.72085999999999
1.6320079999999995,-56.47393000000012
1.6880079999999935,-56.24596999999998
1.7440079999999873,-56.03548999999997
1.8000080000000047,-55.84118999999998
1.8560079999999985,-55.661790000000046
1.9120079999999926,-55.496159999999904
1.9680080000000097,-55.34323000000008
1.9999839999999889,-55.26126999999992
0.005583999999990569,-55.309759999999876
0.016783999999994005,-55.392859999999985
0.03918400000000088,-55.05352999999991
0.08398399999999145,-49.84779000000006
0.13998400000000863,-32.994210000000024
0.19598400000000266,-6.141409999999903
0.25198399999999666,27.045360000000016
0.25758399999999837,30.67401000000003
0.2687840000000018,37.96413999999992
0.2911840000000087,52.27647999999996
0.3359839999999993,76.98896999999994
0.3919839999999933,98.03313000000014
0.44798399999998734,108.93232000000009
0.5039840000000045,112.80884000000002
0.5599839999999985,112.56118999999987
0.6159839999999925,110.14715999999991
0.6719840000000097,106.72685000000004
0.7279840000000037,102.93839999999999
0.7839839999999977,99.11332000000006
0.8399839999999917,95.41366000000018
0.8959840000000089,91.91241000000016
0.9519840000000029,88.63693000000006
1.0079839999999969,85.59194000000004
1.063983999999991,82.77053000000012
1.119984000000008,80.16091999999998
1.1759840000000021,77.74934
1.2319839999999962,75.52190999999996
1.2879839999999902,73.46511999999983
1.3439840000000074,71.56644999999995
1.3999840000000014,69.81361999999991
1.4559839999999955,68.19507000000003
1.5119839999999893,66.70014999999995
1.5679840000000067,65.31964999999995
1.6239840000000005,64.04509999999996
1.6799839999999946,62.868519999999876
1.7359839999999886,61.78229000000002
1.7919840000000058,60.77951999999986
1.8479839999999998,59.8536999999999
1.903983999999994,58.998990000000084
1.959983999999988,58.20983999999996
0.01598400000000508,57.48131000000001
0.0719839999999991,56.80865999999995
0.1279839999999931,56.18769000000001
0.1839840000000103,55.614349999999924
0.2399840000000043,55.08507000000007
0.2959839999999983,54.59640999999982
0.35198399999999236,54.1452899999999
0.4079840000000095,53.72880000000002
0.46398400000000356,53.34433000000005
0.5199839999999976,52.98937999999986
0.5759839999999916,52.66170999999997
0.6319840000000088,52.359219999999816
0.6879840000000028,52.07998000000003
0.7439839999999968,51.82220000000015
0.7999839999999908,51.58426000000005
0.855984000000008,51.364600000000095
0.911984000000002,51.16184999999995
0.9679839999999961,50.9746900000001
1.000015999999993,50.87423000000002
1.0056159999999945,50.91958000000019
1.016815999999998,50.9963200000001
1.0392160000000048,50.643409999999946
1.0840159999999954,45.40736000000001
1.1400159999999895,28.51758999999987
1.1960160000000066,1.643840000000063
1.2520160000000007,-31.54235999999999
1.2576160000000025,-35.16984999999995
1.268816000000006,-42.457639999999856
1.2912159999999895,-56.76586000000006
1.3360160000000032,-81.47718999999998
1.3920159999999973,-102.53537999999995
1.4480159999999913,-113.46027999999997
1.5040160000000085,-117.36575999999998
1.5600160000000025,-117.14523999999993
1.6160159999999966,-114.75462000000003
1.6720159999999906,-111.35362999999998
1.7280160000000078,-107.58033
1.7840160000000018,-103.76699
1.8400159999999959,-100.07711999999991
1.8960159999999897,-96.58475999999982
1.952016000000007,-93.31732999999987
7.999999995984425e-06,-90.70003000000004
0.0056079999999977025,-90.46920999999996
0.016808000000001138,-89.99855000000001
0.03920800000000801,-88.58244000000015
0.0840079999999986,-81.34405999999994
0.1400079999999926,-62.13742
0.19600800000000979,-33.073700000000095
0.2520080000000038,2.2251299999997975
0.2576080000000055,6.0591200000001955
0.268808000000009,13.757140000000057
0.2912079999999927,28.86588000000012
0.3360080000000064,55.0810100000001
0.3920080000000004,77.8357300000001
0.44800799999999447,90.28399000000009
0.5040079999999885,95.57917999999988
0.5600080000000056,96.64074000000001
0.6160079999999997,95.43897999999996
0.6720079999999937,93.1419200000001
0.7280079999999877,90.39343
0.7840080000000049,87.53058000000013
0.8400079999999989,84.72103000000008
0.8960079999999929,82.04300000000009
0.9520080000000101,79.52820999999987
1.008008000000004,77.18541999999995
1.064007999999998,75.01212000000001
1.1200079999999921,73.00094999999996
1.1760080000000093,71.14182999999996
1.2320080000000033,69.42397000000011
1.2880079999999974,67.83691999999996
1.3440079999999914,66.37132999999994
1.4000080000000086,65.01794999999989
1.4560080000000026,63.76822999999998
1.5120079999999965,62.61439999999996
1.5680079999999905,61.54926999999999
1.6240080000000077,60.5659300000001
1.6800080000000017,59.658140000000024
1.7360079999999958,58.82001999999997
1.7920079999999898,58.04626000000002
1.848008000000007,57.331889999999945
1.904008000000001,56.67237999999997
1.960007999999995,56.06347
1.9999920000000022,55.65766000000005
0.005592000000003924,55.66528000000015
0.01679200000000736,55.66720000000003
0.03919199999999107,55.168810000000065
0.08399200000000481,49.65778000000021
0.13999199999999884,32.448799999999835
0.19599199999999284,5.274859999999881
0.25199200000001004,-28.196769999999873
0.2575919999999886,-31.851889999999994
0.26879199999999204,-39.1945199999999
0.2911919999999989,-53.60960999999986
0.33599200000000107,-78.52190999999986
0.3919920000000182,-99.80819000000008
0.44799200000001227,-110.93955000000011
0.5039920000000062,-115.03440000000009
0.5599920000000003,-114.98903000000004
0.6159920000000174,-112.76087999999996
0.6719920000000115,-109.51068000000008
0.7279920000000055,-105.87718000000001
0.7839919999999995,-102.19329999999994
0.8399920000000167,-98.62316999999999
0.8959920000000107,-95.24138000000005
0.9519920000000047,-92.07593000000003
1.007992000000022,-89.13210999999998
1.0639920000000158,-86.40390000000009
1.1199920000000099,-83.88039999999997
1.175992000000004,-81.54836999999992
1.231992000000021,-79.39432999999995
1.2879920000000151,-77.40509000000006
1.3439920000000092,-75.56836000000011
1.3999920000000032,-73.87248999999984
1.4559920000000204,-72.30679000000006
1.5119920000000144,-70.8612099999999
1.5679920000000085,-69.52659999999989
1.6239920000000023,-68.29437000000004
1.6799920000000197,-67.15673
1.7359920000000135,-66.10632999999999
1.7919920000000076,-65.13655999999979
1.8479920000000016,-64.24116000000014
1.9039920000000188,-63.41448999999999
1.9599920000000128,-62.65121000000007
1.99997600000002,-62.142469999999946
0.005576000000021726,-62.136229999999905
0.016776000000002,-62.11082999999995
0.03917600000000887,-61.56055000000005
0.08397599999999945,-55.95643999999989
0.13997600000001664,-38.64142000000004
0.19597600000001064,-11.355360000000037
0.25197600000000464,22.24402999999997
0.2575760000000064,25.912670000000084
0.26877600000000984,33.28224000000013
0.2911760000000167,47.74949999999989
0.33597600000000727,72.75377999999999
0.39197600000000127,94.12984000000013
0.44797600000001847,105.3298100000002
0.5039760000000125,109.48220999999991
0.5599760000000065,109.48953999999999
0.6159760000000005,107.31183999999993
0.6719760000000177,104.11068000000002
0.7279760000000117,100.52506000000005
0.7839760000000058,96.88720000000006
0.8399759999999997,93.36054999999988
0.895976000000017,90.01981000000004
0.9519760000000109,86.89305000000003
1.0079760000000049,83.98535000000007
1.0639760000000222,81.29049999999994
1.119976000000016,78.7975900000002
1.1759760000000101,76.49361999999994
1.2319760000000042,74.3656199999998
1.2879760000000213,72.40080000000005
1.3439760000000154,70.58668999999983
1.3999760000000094,68.9113400000001
1.4559760000000035,67.36441000000015
1.5119760000000206,65.93599000000006
1.5679760000000147,64.61700000000015
1.6239760000000085,63.39921000000004
1.6799760000000026,62.27503000000012
1.7359760000000197,61.237140000000025
1.7919760000000138,60.27898000000009
1.8479760000000078,59.39437000000014
1.903976000000002,58.577670000000026
1.959976000000019,57.82363999999984
0.015976000000013077,57.127520000000096
0.07197600000000709,56.48481000000017
0.12797600000000112,55.89146
0.1839760000000183,55.34364000000003
0.23997600000001232,54.83791000000004
0.29597600000000635,54.370999999999945
0.35197600000000034,53.93997000000006
0.40797600000001755,53.54201999999986
0.46397600000001155,53.17466999999998
0.5199760000000055,52.83550999999997
0.5759759999999996,52.522440000000174
0.6319760000000167,52.23342000000009
0.6879760000000108,51.9666299999999
0.7439760000000047,51.72032999999998
0.799976000000022,51.49298999999985
0.855976000000016,51.283119999999904
0.91197600000001,51.08940999999989
0.967976000000004,50.91058000000004
1.000008000000001,50.81460000000004
1.0056080000000025,50.86071000000003
1.016808000000006,50.93896000000009
1.0392080000000128,50.58899000000005
1.0840080000000034,45.358519999999956
1.1400080000000206,28.475209999999862
1.1960080000000146,1.6074399999999045
1.2520080000000087,-31.573250000000108
1.2576080000000105,-35.200219999999895
1.268808000000014,-42.48695999999996
1.2912080000000208,-56.79314999999985
1.3360080000000112,-81.5005900000001
1.3920080000000052,-102.55423999999991
1.4480079999999993,-113.47492000000004
1.5040080000000164,-117.3764799999999
1.5600080000000105,-117.15232999999992
1.6160080000000046,-114.75835999999995
1.6720080000000217,-111.35429000000019
1.7280080000000158,-107.57814999999992
1.7840080000000098,-103.76219000000009
1.8400080000000039,-100.06989999999982
1.896008000000021,-96.57532000000013
1.952008000000015,-93.30584000000019
3.980806697911446e-15,-90.68691000000007
0.0056000000000056985,-90.45590999999997
0.016800000000009134,-89.98488999999998
0.03920000000001601,-88.56807
0.08400000000000658,-81.32826999999997
0.1400000000000006,-62.11996999999991
0.19600000000001777,-33.05475000000002
0.2520000000000118,2.245360000000085
0.25760000000001354,6.079450000000097
0.26880000000001697,13.777700000000115
0.2912000000000007,28.88686000000007
0.3360000000000144,55.10283000000005
0.3920000000000084,77.85858000000002
0.44800000000000245,90.30785999999979
0.5040000000000197,95.60402000000012
0.5600000000000136,96.6664799999999
0.6160000000000077,95.46556000000007
0.6720000000000017,93.16926000000004
0.7280000000000189,90.42147000000011
0.7840000000000129,87.55924000000005
0.8400000000000069,84.75027999999996
0.8960000000000009,82.0727699999999
0.952000000000018,79.55844999999995
1.008000000000012,77.21611000000017
1.064000000000006,75.04322999999991
1.12,73.03242999999982
1.1760000000000173,71.17364999999998
1.2320000000000113,69.45610000000002
1.2880000000000054,67.86935000000005
1.3439999999999994,66.40403999999988
1.4000000000000166,65.05090999999985
1.4560000000000106,63.801439999999985
1.5120000000000047,62.647829999999956
1.5680000000000218,61.58289999999988
1.6240000000000159,60.59973999999979
1.6800000000000097,59.69212000000002
1.7360000000000038,58.85414999999994
1.792000000000021,58.080549999999896
1.848000000000015,57.36630999999992
1.904000000000009,56.7069200000001
1.960000000000003,56.098140000000015
0.01600000000002021,55.53610000000009
0.07200000000001423,55.01721000000015
0.12800000000000825,54.53817999999999
0.18400000000000227,54.095919999999964
0.24000000000001945,53.68764999999986
0.2960000000000135,53.31072000000003
0.3520000000000075,52.962759999999996
0.4080000000000015,52.641530000000046
0.4640000000000187,52.344999999999864
0.5200000000000127,52.071240000000074
0.5760000000000067,51.81853999999997
0.6320000000000007,51.58527000000013
0.6880000000000179,51.36994000000006
0.7440000000000119,51.17115999999999
0.8000000000000059,50.98767999999998
0.856,50.81831999999986
0.9120000000000171,50.661999999999985
0.9680000000000112,50.51771000000005
0.9999760000000133,50.440389999999894
1.0055760000000151,50.489630000000176
1.0167760000000186,50.57410999999989
1.039176000000002,50.236249999999984
1.0839760000000158,45.0286900000001
1.1399760000000099,28.171970000000044
1.195976000000004,1.329140000000173
1.251976000000021,-31.82796999999993
1.2575759999999996,-35.45266000000002
1.2687760000000032,-42.734879999999805
1.29117600000001,-57.03226999999988
1.3359760000000005,-81.72313000000008
1.3919760000000179,-102.75787999999997
1.4479760000000117,-113.66136999999998
1.5039760000000058,-117.54712999999994
1.5599759999999998,-117.30836999999994
1.615976000000017,-114.90084
1.671976000000011,-111.48420000000003
1.727976000000005,-107.69640000000003
1.7839760000000222,-103.86967000000014
1.8399760000000163,-100.16742999999994
1.8959760000000103,-96.66364999999999
1.9519760000000042,-93.38566999999998
2.400000001111433e-05,-90.75700999999992
0.005624000000012832,-90.52528999999998
0.016824000000016267,-90.05280999999998
0.03922399999999998,-88.6331600000001
0.08402400000001373,-81.38802000000011
0.14002400000000773,-62.17351999999998
0.19602400000000175,-33.10253000000007
0.25202400000001896,2.2029900000000158
0.25762400000002067,6.0376099999999155
0.26882400000000095,13.736879999999951
0.2912240000000078,28.84805999999984
0.3360240000000215,55.06787000000002
0.3920240000000156,77.82805999999987
0.4480240000000096,90.28139999999985
0.5040240000000036,95.58130000000008
0.5600240000000207,96.64721999999992
0.6160240000000148,95.44948000000008
0.6720240000000088,93.15611999999996
0.7280240000000028,90.41104
0.78402400000002,87.55131999999999
0.840024000000014,84.74464999999998
0.896024000000008,82.06929000000018
0.9520240000000021,79.55693000000008
1.0080240000000191,77.21639999999996
1.0640240000000132,75.04519999999992
1.1200240000000072,73.03594000000002
1.1760240000000013,71.17858
1.2320240000000184,69.46234000000007
1.2880240000000125,67.87681
1.3440240000000065,66.41261999999992
1.4000240000000006,65.06053
1.4560240000000177,63.81199999999998
1.5120240000000118,62.659290000000034
1.5680240000000056,61.595169999999925
1.6240239999999997,60.61275999999993
1.6800240000000168,59.7058199999998
1.736024000000011,58.86849999999999
1.792024000000005,58.09549000000014
1.848024000000022,57.38178999999999
1.9040240000000161,56.722909999999956
1.9600240000000102,56.114589999999964
0.016024000000004184,55.5529899999998
0.07202400000002136,55.03449000000016
0.12802400000001538,54.55583000000019
0.1840240000000094,54.11389999999994
0.2400240000000034,53.705939999999956
0.2960240000000206,53.32929999999991
0.3520240000000146,52.98161999999995
0.4080240000000086,52.6606300000001
0.46402400000000266,52.36430999999997
0.5200240000000198,52.09076999999995
0.5760240000000139,51.83826000000003
0.6320240000000078,51.60516000000004
0.6880240000000019,51.38999000000011
0.744024000000019,51.19136999999996
0.8000240000000131,51.00804000000014
0.8560240000000071,50.838790000000024
0.9120240000000011,50.68258999999986
0.9680240000000183,50.53839999999998
1.0240240000000123,50.40533000000003
1.0800240000000063,50.28249000000007
1.1360240000000004,50.16913999999994
1.1920240000000175,50.06451000000012
1.2480240000000116,49.96796000000003
1.3040240000000056,49.87883999999987
1.3600239999999995,49.796610000000015
1.4160240000000168,49.72072000000005
1.4720240000000107,49.65070000000016
1.5280240000000047,49.58608000000009
1.5840240000000219,49.52647000000021
1.640024000000016,49.471449999999976
1.69602400000001,49.42071000000014
1.752024000000004,49.37389000000003
1.8080240000000212,49.330700000000064
1.8640240000000152,49.29085
1.9200240000000093,49.254119999999844
1.9760240000000033,49.22022000000004
0.03202400000002041,49.188969999999884
0.08802400000001442,49.160149999999845
0.14402400000000845,49.133570000000184
0.20002400000000248,49.10906999999987
0.2560240000000196,49.08648999999987
0.3120240000000137,49.06566999999984
0.3680240000000077,49.046490000000055
0.4240240000000017,49.028810000000036
0.4800240000000189,49.01252
0.5360240000000129,48.99752000000013
0.5920240000000069,48.9837099999999
0.6480240000000009,48.97098
0.7040240000000181,48.95927000000011
0.7600240000000121,48.94848000000018
0.8160240000000062,48.938560000000074
0.8720240000000001,48.92944999999993
0.9280240000000173,48.921050000000136
0.9840240000000113,48.91333999999992
1.0400240000000054,48.90625000000015
1.0960239999999994,48.899739999999966
1.1520240000000166,48.89376999999983
1.2080240000000106,48.888290000000055
1.2640240000000047,48.88325000000005
1.3200240000000218,48.87864000000008
1.376024000000016,48.87441999999997
1.4320240000000097,48.87055000000018
1.4880240000000038,48.86701000000016
1.544024000000021,48.86377000000009
1.600024000000015,48.860829999999964
1.656024000000009,48.858130000000166
1.712024000000003,48.855689999999896
1.7680240000000202,48.85344999999997
1.8240240000000143,48.85143000000003
1.8800240000000084,48.849590000000106
1.9360240000000022,48.847919999999824
1.9920240000000196,48.84640999999989
0.04802400000001348,48.84507000000005
0.1040240000000075,48.84383999999997
0.16002400000000153,48.84274999999994
0.2160240000000187,48.84177000000012
0.2720240000000127,48.840910000000015
0.32802400000000675,48.840140000000034
0.38402400000000075,48.839470000000105
0.4400240000000179,48.8388700000002
0.49602400000001196,48.838359999999966
0.552024000000006,48.837909999999816
0.608024,48.83753999999985
0.6640240000000172,48.837220000000016
0.7200240000000112,48.83696999999998
0.7760240000000052,48.83676999999986
0.8320239999999992,48.83660999999995
0.8880240000000164,48.83649999999995
0.9440240000000104,48.83642999999993
1.0000240000000045,48.83638999999995
1.0560240000000216,48.83638999999995
1.1120240000000157,48.83643999999987
1.1680240000000097,48.83649000000001
1.2240240000000036,48.836600000000004
1.280024000000021,48.836710000000004
1.3360240000000148,48.83685000000004
1.3920240000000088,48.83702000000012
1.4480240000000029,48.83720000000014
1.50402400000002,48.83740000000003
1.560024000000014,48.83762000000003
1.6160240000000081,48.8378599999999
1.6720240000000022,48.8381
1.7280240000000193,48.83836999999991
1.7840240000000134,48.83864999999999
1.8400240000000074,48.83893000000006
1.8960240000000013,48.83922000000007
1.9520240000000184,48.83953000000019
1.6000000007530183e-05,48.839799999999876
0.005616000000009248,48.90221000000005
0.016816000000012685,49.01275999999988
0.039216000000019555,48.72564000000001
0.08401600000001014,43.61404000000002
0.14001600000000416,26.868739999999836
0.19601600000002134,0.13038000000009653
0.25201600000001534,-32.92783000000021
0.25761600000001705,-36.542970000000174
0.2688160000000205,-43.80625999999999
0.2912160000000042,-58.06672000000002
0.33601600000001797,-82.68809999999993
0.39201600000001197,-103.64377000000013
0.44801600000000597,-114.47544000000009
0.504016,-118.29515999999995
0.5600160000000172,-117.99526999999999
0.6160160000000112,-115.53101999999993
0.6720160000000052,-112.06175000000007
0.7280159999999992,-108.22518999999997
0.7840160000000164,-104.35331000000004
0.8400160000000104,-100.60932
0.8960160000000045,-97.06696999999997
0.9520160000000216,-93.75339000000005
1.0000080000000107,-91.09938000000017
1.0056080000000123,-90.86446999999987
1.0168080000000157,-90.38567000000009
1.0392079999999995,-88.95374000000001
1.0840080000000132,-81.68539000000008
1.1400080000000072,-62.44399000000001
1.1960080000000013,-33.34783000000008
1.2520080000000184,1.9815400000000594
1.2576080000000203,5.818469999999909
1.2688080000000004,13.522339999999966
1.2912080000000072,28.642489999999967
1.336008000000021,54.8793299999999
1.392008000000015,77.65906
1.448008000000009,90.13019
1.5040080000000031,95.44638000000005
1.5600080000000203,96.52728999999982
1.6160080000000143,95.34337000000015
1.6720080000000084,93.06278000000012
1.7280080000000024,90.32947000000013
1.7840080000000196,87.48062000000002
1.8400080000000136,84.68400999999992
1.8960080000000075,82.01789000000015
1.9520080000000015,79.51408999999998
0.008008000000018755,77.18143999999994
0.06400800000001278,75.01749999999996
0.12000800000000679,73.01495000000014
0.1760080000000008,71.16378
0.23200800000001798,69.45327000000012
0.288008000000012,67.87301000000001
0.34400800000000603,66.41370000000002
0.40000800000000003,65.06611000000007
0.45600800000001723,63.82173999999985
0.5120080000000112,62.67285999999994
0.5680080000000053,61.612290000000016
0.6240079999999992,60.633150000000136
0.6800080000000165,59.72924000000002
0.7360080000000104,58.894699999999965
0.7920080000000045,58.124260000000035
0.8480080000000216,57.41294000000008
0.9040080000000157,56.756250000000065
0.9600080000000097,56.149950000000004
1.0160080000000038,55.59022000000002
1.072008000000021,55.07343999999992
1.128008000000015,54.59636999999984
1.1840080000000088,54.15592000000014
1.2400080000000029,53.74931999999988
1.29600800000002,53.373920000000076
1.352008000000014,53.02739000000001
1.4080080000000081,52.707469999999866
1.4640080000000022,52.41214999999988
1.5200080000000193,52.139510000000165
1.5760080000000134,51.88784999999996
1.6320080000000075,51.655510000000014
1.6880080000000015,51.44106999999987
1.7440080000000187,51.243090000000045
1.8000080000000125,51.06035999999992
1.8560080000000065,50.89169000000005
1.9120080000000006,50.73600000000012
1.9680080000000177,50.592289999999984
0.024008000000011825,50.45965999999979
0.08000800000000584,50.33723999999995
0.13600799999999985,50.22425000000008
0.19200800000001703,50.1199699999999
0.24800800000001105,50.02372999999993
0.30400800000000505,49.934909999999945
0.36000800000002225,49.85294000000007
0.41600800000001625,49.77731000000007
0.4720080000000103,49.70750999999996
0.5280080000000043,49.6431100000001
0.5840080000000215,49.58369000000018
0.6400080000000155,49.528850000000176
0.6960080000000095,49.478279999999984
0.7520080000000036,49.43159999999991
0.8080080000000207,49.38855999999991
0.8640080000000148,49.348849999999885
0.9200080000000087,49.31222000000002
0.9760080000000028,49.278440000000145
0.999976,49.264799999999994
1.0055760000000016,49.32406999999994
1.016776000000005,49.42840000000004
1.0391760000000119,49.12919000000016
1.0839760000000025,43.994769999999846
1.1399760000000196,27.222929999999977
1.1959760000000137,0.45954000000003603
1.2519760000000077,-32.62254999999992
1.2575760000000094,-36.24000999999999
1.268776000000013,-43.50788999999988
1.2911760000000199,-57.777310000000085
1.3359760000000103,-82.41546
1.3919760000000043,-103.39007999999983
1.4479760000000215,-114.23881000000003
1.5039760000000155,-118.0741700000001
1.5599760000000096,-117.78870999999991
1.6159760000000036,-115.33788
1.6719760000000208,-111.88108000000008
1.7279760000000148,-108.0560799999999
1.7839760000000089,-104.19493999999996
1.8399760000000027,-100.46087000000003
1.89597600000002,-96.9277100000001
1.951976000000014,-93.62260999999994
2.40000000208854e-05,-90.97234999999992
0.005623999999999442,-90.73820999999982
0.01682400000000288,-90.26095000000001
0.03922400000000975,-88.83199000000008
0.08402400000000033,-81.5691999999999
0.1400240000000175,-62.334160000000026
0.19602400000001152,-33.24401999999993
0.2520240000000055,2.079460000000033
0.25762400000000724,5.915799999999916
0.2688240000000107,13.61851000000014
0.2912240000000176,28.736380000000004
0.33602400000000815,54.96893999999997
0.39202400000000215,77.74383999999989
0.44802400000001935,90.21070000000009
0.5040240000000134,95.52300000000002
0.5600240000000074,96.60030999999991
0.6160240000000013,95.41308999999987
0.6720240000000186,93.12941000000019
0.7280240000000125,90.39324000000005
0.7840240000000066,87.5417300000001
0.8400240000000007,84.74265000000014
0.8960240000000178,82.07425999999995
0.9520240000000119,79.5683599999999
1.0080240000000058,77.23375999999993
1.0640239999999999,75.06802999999995
1.120024000000017,73.06382999999994
1.176024000000011,71.21112000000008
1.2320240000000051,69.49918999999993
1.2880240000000223,67.91764999999982
1.3440240000000163,66.45712999999986
1.4000240000000104,65.10844000000016
1.4560240000000042,63.86304999999992
1.5120240000000216,62.713220000000014
1.5680240000000154,61.651780000000045
1.6240240000000095,60.671829999999986
1.6800240000000035,59.76718000000014
1.7360240000000207,58.931950000000064
1.7920240000000147,58.16089000000013
1.8480240000000088,57.448970000000045
1.9040240000000028,56.791739999999976
1.96002400000002,56.18493999999985
0.016024000000013954,55.62475
0.07202400000000797,55.10755
0.128024000000002,54.630090000000074
0.18402400000001917,54.18927000000018
0.24002400000001317,53.78232999999999
0.2960240000000072,53.40663000000001
0.3520240000000012,53.05980999999993
0.40802400000001837,52.739619999999874
0.4640240000000124,52.444050000000075
0.5200240000000065,52.171190000000145
0.5760240000000004,51.91931999999988
0.6320240000000176,51.68679999999992
0.6880240000000116,51.47217000000004
0.7440240000000057,51.27402999999986
0.8000239999999996,51.09115999999992
0.8560240000000169,50.92234000000006
0.9120240000000108,50.766519999999815
0.9680240000000049,50.62269000000019
1.000000000000007,50.54562000000007
1.0056000000000087,50.59491000000005
1.0168000000000121,50.679460000000006
1.039200000000019,50.34181000000015
1.0840000000000096,45.134700000000194
1.1400000000000037,28.278440000000018
1.1960000000000208,1.435630000000021
1.2520000000000149,-31.721979999999927
1.2576000000000167,-35.34675999999992
1.2688000000000201,-42.629130000000124
1.2912000000000037,-56.926819999999935
1.3360000000000174,-81.61806999999999
1.3920000000000115,-102.65287000000001
1.4480000000000055,-113.55603000000004
1.5039999999999996,-117.44129999999986
1.5600000000000167,-117.20202000000013
1.6160000000000108,-114.79404000000004
1.6720000000000048,-111.37702000000016
1.728000000000022,-107.58892999999992
1.784000000000016,-103.76194999999998
1.8400000000000098,-100.05949999999997
1.896000000000004,-96.55554999999994
1.952000000000021,-93.27742999999988
0.008000000000015172,-90.22951000000012
0.06400000000000919,-87.40506999999997
0.1200000000000032,-84.79276000000002
0.1760000000000204,-82.37881000000003
0.2320000000000144,-80.14920000000015
0.2880000000000084,-78.09021000000004
0.3440000000000024,-76.18913999999988
0.4000000000000196,-74.43386000000007
0.4560000000000136,-72.81333000000001
0.5120000000000077,-71.31712000000002
0.5680000000000016,-69.93578999999994
0.6240000000000189,-68.66041000000011
0.6800000000000128,-67.48292999999994
0.7360000000000069,-66.39576999999997
0.7920000000000009,-65.39205000000004
0.8480000000000181,-64.46529999999994
0.9040000000000121,-63.60968000000011
0.9600000000000061,-62.8196700000001
0.9999840000000133,-62.293110000000155
1.005584000000015,-62.284470000000034
1.0167840000000183,-62.254299999999986
1.039184000000002,-61.694700000000104
1.0839840000000158,-56.07279999999992
1.1399840000000099,-38.7370199999999
1.195984000000004,-11.431740000000135
1.251984000000021,22.185340000000053
1.2575839999999996,25.85567000000011
1.268784000000003,33.228580000000065
1.2911840000000099,47.70235
1.3359840000000005,72.71910000000004
1.3919840000000177,94.1097500000001
1.4479840000000117,105.32329000000007
1.5039840000000058,109.48822999999996
1.5599839999999998,109.50711999999996
1.615984000000017,107.3400499999999
1.671984000000011,104.14864999999995
1.727984000000005,100.57199000000017
1.7839840000000222,96.9423599999999
1.8399840000000163,93.42329999999998
1.89598400000001,90.08952999999997
1.9519840000000042,86.96920000000019
0.007984000000021394,84.06742
0.06398400000001542,81.37803999999993
0.11998400000000943,78.89016999999998
0.17598400000000344,76.5908500000001
0.23198400000002062,74.46713999999987
0.2879840000000146,72.50628000000003
0.34398400000000867,70.69582999999979
0.39998400000000267,69.02385
0.4559840000000199,67.48003999999996
0.5119840000000139,66.05451000000006
0.5679840000000079,64.73818999999992
0.6239840000000019,63.52287000000012
0.6799840000000191,62.40096000000017
0.7359840000000131,61.36517999999991
0.7919840000000071,60.40895999999996
0.8479840000000012,59.52612000000013
0.9039840000000183,58.71106999999998
0.9599840000000124,57.95855999999988
1.0159840000000064,57.263850000000005
1.0719840000000003,56.62243
1.1279840000000176,56.0302800000001
1.1839840000000115,55.483569999999816
1.2399840000000055,54.97884999999991
1.2959839999999996,54.512880000000095
1.3519840000000167,54.08271000000009
1.4079840000000108,53.68555999999991
1.4639840000000048,53.31894000000004
1.519984000000022,52.98046000000012
1.575984000000016,52.66802000000004
1.63198400000001,52.37957999999998
1.6879840000000041,52.11330999999997
1.7439840000000213,51.867509999999896
1.7999840000000151,51.64062000000014
1.8559840000000092,51.43116999999986
1.9119840000000032,51.23783000000004
1.9679840000000204,51.05936
0.023984000000014463,50.89463999999988
0.07998400000000848,50.742590000000035
0.1359840000000025,50.60223999999991
0.19198400000001967,50.47270999999998
0.2479840000000137,50.35316000000001
0.3039840000000077,50.24282000000002
0.35998400000000175,50.14098999999983
0.4159840000000189,50.046990000000015
0.47198400000001295,49.960269999999916
0.5279840000000069,49.88022000000014
0.583984000000001,49.80636000000005
0.6399840000000181,49.73820000000018
0.6959840000000121,49.675310000000025
0.7519840000000062,49.61729000000004
0.8079840000000001,49.56374999999991
0.8639840000000174,49.51434999999993
0.9199840000000113,49.46877999999999
0.9759840000000054,49.426749999999856
1.0000080000000204,49.40973999999998
1.005608000000022,49.468249999999884
1.0168080000000024,49.57107999999999
1.0392080000000092,49.26895999999981
1.0840079999999999,44.129080000000044
1.140008000000017,27.350900000000067
1.196008000000011,0.5814299999999939
1.2520080000000051,-32.50661999999993
1.2576080000000067,-36.124669999999966
1.2688080000000101,-43.39371000000014
1.291208000000017,-57.665379999999985
1.3360080000000076,-82.30770999999982
1.3920080000000017,-103.28691
1.4480080000000188,-114.13963999999987
1.504008000000013,-117.97863000000008
1.560008000000007,-117.69655000000002
1.616008000000001,-115.24887000000005
1.6720080000000181,-111.79504000000007
1.7280080000000122,-107.97283000000002
1.784008000000006,-104.1142799999999
1.840008,-100.38262999999992
1.8960080000000172,-96.85169999999998
1.9520080000000113,-93.54867000000012
3.618915179919496e-16,-90.90304999999988
0.00560000000000208,-90.6690699999999
0.016800000000005515,-90.19212999999992
0.039200000000012385,-88.76377000000014
0.08400000000000298,-81.50201999999985
0.14000000000002014,-62.26814000000003
0.19600000000001416,-33.179209999999905
0.25200000000000816,2.142869999999908
0.2576000000000099,5.979060000000036
0.26880000000001336,13.681459999999923
0.2912000000000202,28.798730000000106
0.3360000000000108,55.03018000000015
0.3920000000000048,77.80395000000007
0.448000000000022,90.2699
0.504000000000016,95.5814399999999
0.56000000000001,96.65809999999996
0.616000000000004,95.47026000000014
0.6720000000000212,93.18601000000015
0.7280000000000152,90.44929000000002
0.7840000000000092,87.59726000000012
0.8400000000000033,84.79769000000003
0.8960000000000204,82.12883999999998
0.9520000000000145,79.62249999999993
1.0080000000000084,77.2875099999999
1.0640000000000025,75.12140999999994
1.1200000000000196,73.11687
1.1760000000000137,71.26384000000007
1.2320000000000078,69.55161999999993
1.2880000000000018,67.96980999999991
1.344000000000019,66.50905000000007
1.400000000000013,65.16013000000021
1.4560000000000068,63.91453999999985
1.512000000000001,62.76451999999999
1.568000000000018,61.70290000000001
1.624000000000012,60.722790000000025
1.6800000000000062,59.81797999999983
1.7360000000000002,58.9826200000001
1.7920000000000174,58.211420000000125
1.8480000000000114,57.499379999999874
1.9040000000000055,56.84204000000004
1.9600000000000226,56.23513999999985
1.9999840000000066,55.83066000000003
0.005584000000008301,55.83844999999998
0.016784000000011737,55.84073999999983
0.03918400000001861,55.34309999999998
0.08398400000000919,49.83366
0.13998400000000322,32.626480000000015
0.1959840000000204,5.453609999999998
0.2519840000000144,-28.017930000000078
0.25758400000001613,-31.6730999999999
0.26878400000001956,-39.01580000000004
0.2911840000000033,-53.43103000000005
0.335984000000017,-78.34330999999995
0.39198400000001105,-99.6288999999999
0.44798400000000504,-110.75901999999994
0.5039840000000222,-114.85244999999989
0.5599840000000162,-114.80568000000014
0.6159840000000103,-112.57632000000007
0.6719840000000042,-109.32506999999991
0.7279840000000215,-105.6907100000002
0.7839840000000154,-102.00609000000016
0.8399840000000095,-98.4353200000001
0.8959840000000036,-95.05296000000007
0.9519840000000207,-91.88700999999999
1.0079840000000146,-88.94270999999998
1.0639840000000087,-86.21407999999997
1.1199840000000028,-83.69019999999993
1.17598400000002,-81.35784000000012
1.231984000000014,-79.20349000000004
1.287984000000008,-77.21394999999998
1.343984000000002,-75.37695000000011
1.3999840000000192,-73.68083000000003
1.4559840000000133,-72.11488
1.511984000000007,-70.66908999999998
1.5679840000000012,-69.33426999999992
1.6239840000000183,-68.10185999999985
1.6799840000000124,-66.96404
1.7359840000000064,-65.91349999999996
1.7919840000000005,-64.94358
1.8479840000000176,-64.04805000000002
1.9039840000000117,-63.221239999999845
1.9599840000000057,-62.45785000000015
0.01598399999999965,-61.75305000000009
0.07198400000001683,-61.10229999999994
0.12798400000001084,-60.50149000000005
0.18398400000000487,-59.946770000000036
0.23998400000002204,-59.434619999999995
0.29598400000001607,-58.96176000000008
0.35198400000001007,-58.525200000000055
0.4079840000000041,-58.122110000000006
0.46398400000002127,-57.749990000000025
0.5199840000000153,-57.40641000000002
0.5759840000000093,-57.08921
0.6319840000000033,-56.79634
0.6879840000000205,-56.52597000000004
0.7439840000000145,-56.27633999999993
0.7999840000000086,-56.04587999999988
0.8559840000000025,-55.83305000000016
0.9119840000000198,-55.63659000000021
0.9679840000000137,-55.455220000000025
1.0000160000000107,-55.35785000000004
1.0056160000000123,-55.40375999999991
1.0168160000000157,-55.48171999999995
1.0392160000000226,-55.13235000000005
1.0840160000000132,-49.907369999999894
1.1400160000000072,-33.03129000000005
1.1960160000000013,-6.157849999999909
1.2520160000000184,27.04762999999999
1.25761600000002,30.67803000000002
1.2688160000000004,37.971659999999964
1.2912160000000072,52.290830000000014
1.336016000000021,77.0164499999999
1.392016000000015,98.07621999999982
1.448016000000009,108.99006999999995
1.5040160000000031,112.88023000000003
1.5600160000000203,112.64516999999996
1.6160160000000143,110.24268000000004
1.6720160000000084,106.83293999999988
1.7280160000000022,103.05414999999995
1.7840160000000196,99.23792999999992
1.8400160000000134,95.54639999999992
1.8960160000000075,92.05264999999984
1.9520160000000015,88.78406999999999
0.008016000000018722,85.74544999999989
0.06401600000001274,82.92990000000012
0.12001600000000676,80.32569999999994
0.17601600000000078,77.91912999999995
0.23201600000001796,75.69629
0.288016000000012,73.64376000000017
0.344016000000006,71.74900000000007
0.400016,69.9997699999999
0.4560160000000172,68.38455999999992
0.5120160000000112,66.89287999999993
0.5680160000000052,65.51558999999996
0.6240160000000224,64.24386000000015
0.6800160000000164,63.069569999999906
0.7360160000000104,61.98540999999991
0.7920160000000045,60.98457999999995
0.8480160000000216,60.06059999999991
0.9040160000000157,59.207610000000074
0.9600160000000096,58.42007999999987
1.0000000000000169,57.895209999999864
1.0056000000000185,57.886759999999924
1.016800000000022,57.85685000000007
1.0392000000000057,57.29660000000014
1.0840000000000194,51.66890000000013
1.1400000000000134,34.32458000000005
1.1960000000000075,7.022799999999885
1.2520000000000016,-26.57139999999991
1.2576000000000032,-30.23845000000014
1.2688000000000066,-37.604739999999914
1.2912000000000134,-52.06594000000009
1.336000000000004,-77.06471000000015
1.3920000000000212,-98.44852000000004
1.4480000000000153,-109.66759000000015
1.5040000000000093,-113.8426400000001
1.5600000000000034,-113.8713600000001
1.6160000000000205,-111.71202999999986
1.6720000000000146,-108.52576999999997
1.7280000000000086,-104.95166999999994
1.7840000000000025,-101.32285000000007
1.8400000000000196,-97.80367999999994
1.8960000000000137,-94.46901000000008
1.9520000000000077,-91.34709000000018
1.99999200000002,-88.84559000000003
0.005592000000021657,-88.62772000000008
0.01679200000000193,-88.18271000000011
0.0391920000000088,-86.81633999999994
0.08399200000002255,-79.67119
0.13999200000001658,-60.57169999999989
0.19599200000001057,-31.608740000000026
0.2519920000000046,3.592770000000023
0.2575920000000063,7.417199999999902
0.26879200000000975,15.096229999999933
0.2911920000000166,30.167819999999956
0.33599200000000723,56.31286000000002
0.39199200000000123,78.9881400000001
0.4479920000000184,91.36491000000002
0.5039920000000124,96.59490999999987
0.5599920000000065,97.59640999999996
0.6159920000000004,96.33903999999993
0.6719920000000176,93.99038999999986
0.7279920000000116,91.19403999999997
0.7839920000000057,88.28683999999987
0.8399919999999996,85.43624999999989
0.8959920000000169,82.7202600000001
0.9519920000000108,80.17040000000009
0.9999839999999999,78.12431999999991
1.0055840000000016,77.9573
1.016784000000005,77.61291000000003
1.0391840000000119,76.44061000000013
1.0839840000000025,69.65526
1.1399840000000196,50.96663000000001
1.1959840000000137,22.398800000000165
1.2519840000000078,-12.404159999999997
1.2575840000000094,-16.188539999999918
1.2687840000000128,-23.787840000000003
1.2911840000000196,-38.70353000000004
1.3359840000000103,-64.5584400000001
1.3919840000000043,-86.91516999999993
1.4479840000000215,-99.01464000000004
1.5039840000000155,-103.99618999999993
1.5599840000000096,-104.76969000000014
1.6159840000000036,-103.30035000000004
1.6719840000000208,-100.75367000000001
1.7279840000000148,-97.77223000000012
1.7839840000000087,-94.69235999999981
1.8399840000000027,-91.68111999999984
1.8959840000000199,-88.81606000000008
1.951984000000014,-86.12818999999993
1.999976000000003,-83.97226999999985
0.005576000000004717,-83.79302000000011
0.016776000000008152,-83.42454
0.039176000000015025,-82.20665999999999
0.0839760000000056,-75.34083000000003
0.13997599999999963,-56.563330000000136
0.1959760000000168,-27.902190000000047
0.2519760000000108,7.010739999999904
0.2575760000000125,10.80707000000003
0.26877600000001595,18.43024000000004
0.29117599999999966,33.39265000000013
0.33597600000001343,59.33129000000004
0.39197600000000743,81.7712100000001
0.4479760000000015,93.93474999999984
0.5039760000000186,98.96952999999998
0.5599760000000127,99.79099999999997
0.6159760000000066,98.36703999999985
0.6719760000000007,95.86406999999997
0.7279760000000178,92.92480999999997
0.7839760000000119,89.88536000000002
0.8399760000000059,86.91250000000016
0.8959759999999999,84.08355000000012
0.9519760000000171,81.42935000000007
1.0000240000000007,79.29786000000006
1.0056240000000025,79.12158999999997
1.016824000000006,78.75886999999993
1.0392240000000128,77.55094000000007
1.0840240000000034,70.69847000000019
1.1400240000000206,51.93230999999998
1.1960240000000146,23.291650000000217
1.2520240000000087,-11.580870000000187
1.2576240000000103,-15.372020000000042
1.2688240000000137,-22.98475
1.2912240000000206,-37.92665000000017
1.3360240000000112,-63.830999999999975
1.3920240000000053,-86.24394000000012
1.4480240000000224,-98.39430999999999
1.5040240000000165,-103.4224399999999
1.5600240000000105,-104.23892999999995
1.6160240000000046,-102.80944999999986
1.6720240000000217,-100.29968999999994
1.7280240000000158,-97.35245999999998
1.7840240000000096,-94.30428000000002
1.8400240000000037,-91.32235
1.8960240000000208,-88.48436000000004
1.9520240000000149,-85.8215
1.600000000391127e-05,-83.68549000000014
0.0056160000000056295,-83.50845000000007
0.016816000000009063,-83.14436999999985
0.03921600000001594,-81.93505
0.08401600000000652,-75.0853199999999
0.14001600000000053,-56.326390000000174
0.1960160000000177,-27.68271000000011
0.25201600000001173,7.2134899999998225
0.25761600000001345,11.008190000000084
0.2688160000000169,18.628120000000024
0.2912160000000006,33.584190000000014
0.33601600000001436,59.51086000000005
0.39201600000000836,81.93717999999994
0.44801600000000236,94.08839999999996
0.5040160000000196,99.11194
0.5600160000000136,99.92305000000013
0.6160160000000076,98.48951000000005
0.6720160000000016,95.97768000000006
0.7280160000000188,93.03021
0.7840160000000128,89.98316000000005
0.8400160000000069,87.00328000000002
0.8960160000000008,84.16782999999994
0.952016000000018,81.50765000000004
1.0000080000000071,79.37379999999993
1.0056080000000087,79.19697999999985
1.0168080000000121,78.83315000000013
1.039208000000019,77.62311
1.0840080000000096,70.76665999999987
1.1400080000000037,51.99590000000009
1.1960080000000208,23.350950000000203
1.2520080000000149,-11.525700000000194
1.2576080000000165,-15.317249999999838
1.26880800000002,-22.93078999999998
1.2912080000000037,-37.87423999999984
1.3360080000000174,-63.781529999999975
1.3920080000000115,-86.19778999999994
1.4480080000000055,-98.35114999999983
1.5040080000000227,-103.38203000000013
1.5600080000000167,-104.20109000000011
1.6160080000000108,-102.77396999999988
1.6720080000000046,-100.26640999999992
1.728008000000022,-97.32123999999986
1.7840080000000158,-94.27494999999996
1.8400080000000099,-91.29478999999985
1.896008000000004,-88.45841999999982
1.952008000000021,-85.79707000000015
0.008008000000015137,-83.31891999999996
0.06400800000000915,-81.02052999999998
0.12000800000000317,-78.89342999999994
0.17600800000002034,-76.92699999999996
0.23200800000001437,-75.1103500000001
0.28800800000000837,-73.43252999999983
0.3440080000000024,-71.88328
0.40000800000001957,-70.45279000000005
0.4560080000000136,-69.13208999999986
0.5120080000000076,-67.91269999999994
0.5680080000000016,-66.7869200000002
0.6240080000000188,-65.74749999999985
0.6800080000000128,-64.7878700000002
0.7360080000000069,-63.901839999999986
0.7920080000000008,-63.08384
0.8480080000000181,-62.32857000000003
0.904008000000012,-61.6312699999999
0.9600080000000061,-60.98746999999993
0.9999920000000132,-60.55835999999992
1.005592000000015,-60.562869999999826
1.0167920000000183,-60.558759999999936
1.0391920000000021,-60.0497900000001
1.0839920000000158,-54.52340999999983
1.1399920000000099,-37.298179999999846
1.195992000000004,-10.096939999999943
1.251992000000021,23.420549999999984
1.2575920000000227,27.081200000000027
1.268792000000003,34.43487000000012
1.2911920000000099,48.87112999999999
1.3359920000000005,73.81726999999994
1.3919920000000177,95.12780999999993
1.4479920000000117,106.26897999999984
1.5039920000000058,110.36767999999996
1.5599919999999998,110.3253999999998
1.615992000000017,108.10165000000005
1.671992000000011,104.85765999999997
1.7279920000000049,101.23247000000002
1.7839920000000222,97.5582199999998
1.839992000000016,93.9976600000001
1.8959920000000101,90.62513000000006
1.9519920000000042,87.46891000000012
0.007992000000021359,84.5340699999999
0.06399200000001537,81.81422999999998
0.1199920000000094,79.29829999999983
0.17599200000000342,76.97313000000005
0.2319920000000206,74.82557000000001
0.2879920000000146,72.84268000000016
0.3439920000000086,71.01206000000016
0.3999920000000026,69.32170000000015
0.4559920000000198,67.76077000000002
0.5119920000000139,66.31911000000001
0.5679920000000078,64.98786000000001
0.6239920000000019,63.75878999999984
0.679992000000019,62.62422999999995
0.7359920000000131,61.57678999999994
0.7919920000000071,60.60983999999991
0.8479920000000011,59.71709999999986
0.9039920000000182,58.892909999999965
0.9599920000000123,58.13197000000003
1.0159920000000062,57.42946000000004
1.0719920000000003,56.78085999999993
1.1279920000000174,56.182079999999914
1.1839920000000115,55.629229999999865
1.2399920000000055,55.118860000000105
1.2959920000000227,54.647659999999874
1.3519920000000167,54.212659999999914
1.4079920000000108,53.81104999999997
1.4639920000000048,53.440319999999986
1.519992000000022,53.09805000000001
1.575992000000016,52.78209999999994
1.6319920000000099,52.4904100000001
1.687992000000004,52.22115000000005
1.743992000000021,51.972589999999876
1.7999920000000151,51.74313999999991
1.8559920000000092,51.53132999999998
1.9119920000000032,51.33582999999997
1.9679920000000204,51.155349999999935
0.02399200000001443,50.98877000000002
0.07999200000000845,50.835009999999905
0.13599200000000247,50.69309
0.19199200000001965,50.56209000000011
0.24799200000001365,50.441189999999914
0.3039920000000077,50.32959000000004
0.3599920000000017,50.22660999999995
0.41599200000001885,50.13156000000008
0.4719920000000129,50.04385
0.5279920000000069,49.96289999999992
0.583992000000001,49.88820000000005
0.6399920000000181,49.819269999999975
0.6959920000000122,49.75567000000014
0.7519920000000061,49.696970000000064
0.8079920000000002,49.642830000000025
0.8639920000000173,49.5928699999999
0.9199920000000114,49.54678999999995
0.9759920000000054,49.504269999999906
1.0000160000000204,49.487070000000074
1.005616000000022,49.545529999999836
1.0168160000000024,49.648279999999986
1.0392160000000092,49.34601000000005
1.0840159999999999,44.20590000000013
1.140016000000017,27.427519999999816
1.196016000000011,0.6577099999998115
1.2520160000000051,-32.43088999999988
1.2576160000000067,-36.04900999999994
1.2688160000000102,-43.31818999999992
1.291216000000017,-57.590110000000024
1.3360160000000076,-82.23277000000007
1.3920160000000017,-103.21209999999992
1.4480160000000188,-114.06482000000007
1.504016000000013,-117.90374999999997
1.560016000000007,-117.62165999999996
1.6160160000000008,-115.17401999999998
1.6720160000000182,-111.72028999999984
1.728016000000012,-107.89823999999993
1.784016000000006,-104.03985000000016
1.840016,-100.30839000000013
1.8960160000000172,-96.77763999999999
1.9520160000000113,-93.47478999999991
0.008016000000005331,-90.40403999999991
0.06401600000002251,-87.55851999999997
0.12001600000001653,-84.9267800000002
0.17601600000001055,-82.49490000000014
0.23201600000000455,-80.24874999999997
0.28801600000002175,-78.17450000000004
0.34401600000001575,-76.2593199999999
0.40001600000000975,-74.49101999999996
0.4560160000000038,-72.85847999999984
0.512016000000021,-71.35117999999996
0.568016000000015,-69.95960000000001
0.624016000000009,-68.67477000000011
0.6800160000000031,-67.48856000000015
0.7360160000000202,-66.39332999999992
0.7920160000000143,-65.38215999999997
0.8480160000000082,-64.44855000000005
0.9040160000000023,-63.58657000000001
0.9600160000000194,-62.790710000000026
1.0000000000000033,-62.26025000000001
1.0056000000000052,-62.251080000000016
1.0168000000000086,-62.219870000000064
1.0392000000000154,-61.65818999999995
1.084000000000006,-56.032279999999936
1.1400000000000001,-38.69180999999999
1.1960000000000173,-11.382439999999994
1.2520000000000113,22.23802000000008
1.257600000000013,25.908650000000087
1.2688000000000164,33.28215000000001
1.2912000000000001,47.75708000000001
1.3360000000000138,72.77611999999989
1.392000000000008,94.16966999999987
1.448000000000002,105.38612000000013
1.504000000000019,109.55391000000003
1.5600000000000132,109.57546000000006
1.6160000000000072,107.41086000000011
1.672000000000001,104.22171999999996
1.7280000000000184,100.64712000000009
1.7840000000000122,97.0193800000001
1.8400000000000063,93.50202000000007
1.8960000000000004,90.16983999999995
1.9520000000000175,87.05096
1.9999920000000067,84.55221999999995
0.005592000000008267,84.33462999999986
0.016792000000011704,83.89002000000012
0.03919200000001857,82.5231099999999
0.08399200000000916,75.37116999999994
0.13999200000000317,56.259229999999995
0.19599200000002034,27.29395000000001
0.25199200000001437,-7.888979999999934
0.2575920000000161,-11.71032999999988
0.2687920000000195,-19.38303999999991
0.2911920000000032,-34.4420700000001
0.335992000000017,-60.56741999999993
0.391992000000011,-83.2318700000001
0.447992000000005,-95.60991000000007
0.5039920000000222,-100.84651
0.5599920000000163,-101.85540000000005
0.6159920000000102,-100.6041000000002
0.6719920000000043,-98.25952000000004
0.7279920000000214,-95.46537999999983
0.7839920000000155,-92.5589
0.8399920000000094,-89.7080400000001
0.8959920000000035,-86.99122999999997
0.9519920000000206,-84.44038999999992
1.0079920000000147,-82.06420000000003
1.0639920000000087,-79.85976000000016
1.1199920000000028,-77.81935000000017
1.17599200000002,-75.93294000000017
1.231992000000014,-74.19016000000012
1.287992000000008,-72.58051999999981
1.3439920000000019,-71.09421999999998
1.399992000000019,-69.72183999999993
1.455992000000013,-68.4547900000001
1.511992000000007,-67.28490999999993
1.5679920000000012,-66.20485000000009
1.6239920000000183,-65.20764000000013
1.6799920000000124,-64.28697000000017
1.7359920000000064,-63.43692000000001
1.7919920000000005,-62.65213000000003
1.8479920000000176,-61.927529999999955
1.9039920000000117,-61.25854000000008
1.9599920000000055,-60.64087000000007
0.01599200000002278,-60.070620000000076
0.07199200000001679,-59.5441000000001
0.12799200000001082,-59.057999999999836
0.18399200000000482,-58.60919000000009
0.23999200000002202,-58.194840000000085
0.295992000000016,-57.81225999999995
0.35199200000001,-57.45906999999995
0.4079920000000041,-57.13297000000006
0.4639920000000212,-56.83190999999987
0.5199920000000152,-56.55396000000002
0.5759920000000093,-56.2973200000001
0.6319920000000033,-56.06035000000009
0.6879920000000205,-55.84157999999984
0.7439920000000145,-55.63962
0.7999920000000085,-55.45317999999999
0.8559920000000025,-55.28106
0.9119920000000197,-55.12216000000003
0.9679920000000137,-54.975449999999924
1.0239920000000078,-54.83999000000006
1.0799920000000018,-54.71491999999989
1.135992000000019,-54.599480000000035
1.191992000000013,-54.49291999999994
1.2479920000000069,-54.39455000000004
1.303992000000001,-54.303729999999995
1.359992000000018,-54.219899999999875
1.4159920000000121,-54.14250999999992
1.4719920000000062,-54.07107
1.5279920000000002,-54.00512000000002
1.5839920000000174,-53.944239999999866
1.6399920000000114,-53.88803999999992
1.6959920000000055,-53.83615999999991
1.7519920000000226,-53.78827000000008
1.8079920000000167,-53.74405999999987
1.8639920000000105,-53.70323999999993
1.9199920000000046,-53.665580000000105
1.9759920000000217,-53.630810000000025
1.600000001368234e-05,-53.61672999999989
0.0056160000000154,-53.675939999999976
0.016816000000018837,-53.78025999999991
0.03921600000000255,-53.48206000000011
0.08401600000001629,-48.353689999999894
0.1400160000000103,-31.589700000000054
0.19601600000000433,-4.821809999999926
0.2520160000000215,28.28293999999998
0.25761600000000007,31.903559999999942
0.2688160000000035,39.17777999999994
0.29121600000001036,53.45913000000002
0.3360160000000009,78.11360999999994
0.3920160000000181,99.0927199999998
0.4480160000000121,109.93371999999991
0.5040160000000061,113.7571300000002
0.5600160000000002,113.46040000000013
0.6160160000000173,111.00072999999999
0.6720160000000114,107.53794000000005
0.7280160000000054,103.70994000000012
0.7840160000000226,99.84817000000001
0.8400160000000166,96.1145000000001
0.8960160000000106,92.58181999999992
0.9520160000000046,89.2773
1.0000080000000169,86.63088999999991
1.0056080000000185,86.39680999999987
1.016808000000022,85.9195300000002
1.0392080000000057,84.48917999999983
1.0840080000000194,77.21787000000013
1.1400080000000135,57.96821000000008
1.1960080000000075,28.87375999999997
1.2520080000000013,-6.4326400000001005
1.2576080000000032,-10.265989999999947
1.2688080000000066,-17.96257999999984
1.2912080000000135,-33.06823000000003
1.336008000000004,-59.28157999999995
1.3920080000000212,-82.0462500000001
1.4480080000000153,-94.51501000000006
1.5040080000000093,-99.83465000000002
1.5600080000000034,-100.92014000000016
1.6160080000000205,-99.73975000000013
1.6720080000000146,-97.46089000000002
1.7280080000000084,-94.72763000000018
1.7840080000000025,-91.87749000000012
1.8400080000000196,-89.07873000000022
1.8960080000000137,-86.41005999999996
1.9520080000000077,-83.90367999999992
1.990403348955723e-14,-81.89210000000014
0.0056000000000216215,-81.72897000000012
0.016800000000001897,-81.39240000000014
0.03920000000000877,-80.23649999999982
0.08400000000002251,-73.48726000000005
0.14000000000001653,-54.84426000000009
0.19600000000001055,-26.309380000000047
0.25200000000000455,8.482629999999824
0.25760000000000627,12.267169999999883
0.2688000000000097,19.86693000000006
0.2912000000000166,34.78356000000016
0.3360000000000072,60.63579000000008
0.3920000000000012,82.97734999999994
0.4480000000000184,95.0519299999999
0.5040000000000123,100.00534999999999
0.5600000000000064,100.75179999999983
0.6160000000000004,99.25841000000003
0.6720000000000176,96.69111000000008
0.7280000000000116,93.69226000000009
0.7840000000000056,90.59765000000009
0.8400000000000228,87.57377999999983
0.8960000000000168,84.69768999999982
0.9520000000000108,81.99997000000003
1.008000000000005,79.4883099999999
1.064000000000022,77.15897000000015
1.120000000000016,75.00354999999992
1.1760000000000101,73.01145000000008
1.232000000000004,71.17118999999983
1.2880000000000214,69.47126999999998
1.3440000000000152,67.90144999999993
1.4000000000000092,66.45181
1.4560000000000033,65.11321000000004
1.5120000000000204,63.87732000000001
1.5680000000000145,62.7364199999998
1.6240000000000085,61.68309999999999
1.6800000000000026,60.71070999999995
1.7360000000000197,59.81294000000004
1.7920000000000138,58.98413000000002
1.8480000000000079,58.2189099999999
1.9040000000000017,57.51244
1.960000000000019,56.86020000000003
1.9999840000000029,56.42549000000008
0.0055840000000046824,56.4292099999999
0.01678400000000812,56.42342
0.03918400000001499,55.910080000000086
0.08398400000000557,50.37106000000002
0.13998400000002276,33.129619999999974
0.19598400000001676,5.924360000000073
0.2519840000000108,-27.578280000000177
0.2575840000000125,-31.23647000000007
0.26878400000001595,-38.58519000000005
0.2911840000000228,-53.01211000000006
0.3359840000000134,-77.94629000000009
0.3919840000000074,-99.25645999999988
0.44798400000000144,-110.40866000000005
0.5039840000000186,-114.52229999999997
0.5599840000000126,-114.49425000000014
0.6159840000000066,-112.28229
0.6719840000000007,-109.0472600000001
0.7279840000000178,-105.42797999999998
0.7839840000000119,-101.7573599999999
0.8399840000000058,-98.19958000000017
0.8959840000000231,-94.82922000000005
0.951984000000017,-91.67434000000019
1.007984000000011,-88.74026999999995
1.0639840000000051,-86.0210899999998
1.1199840000000223,-83.50594
1.1759840000000163,-81.18161999999995
1.2319840000000104,-79.03470999999995
1.2879840000000042,-77.05202999999995
1.3439840000000216,-75.22135000000007
1.3999840000000154,-73.53105999999987
1.4559840000000095,-71.9705100000001
1.5119840000000035,-70.52967999999993
1.5679840000000207,-69.19945999999987
1.6239840000000147,-67.97126999999992
1.6799840000000088,-66.83735999999985
1.7359840000000029,-65.79042999999984
1.79198400000002,-64.8238499999998
1.847984000000014,-63.93138999999981
1.903984000000008,-63.10742999999985
1.959984000000002,-62.34666
2.40000000038765e-05,-61.838909999999856
0.005624000000005594,-61.83289999999997
0.01682400000000903,-61.80795000000017
0.0392240000000159,-61.25844999999997
0.08402400000000648,-55.655489999999915
0.1400240000000005,-38.34157000000005
0.19602400000001768,-11.05716999999995
0.2520240000000117,22.539379999999998
0.2576240000000134,26.207680000000178
0.2688240000000168,33.57655000000004
0.29122400000000054,48.04246999999995
0.3360240000000143,73.04453999999994
0.3920240000000083,94.41884999999984
0.4480240000000023,105.61792000000003
0.5040240000000196,109.76978000000015
0.5600240000000135,109.77663999999999
0.6160240000000076,107.5984000000001
0.6720240000000016,104.39661
0.7280240000000188,100.81027999999992
0.7840240000000127,97.17167000000005
0.8400240000000068,93.64428000000014
0.8960240000000008,90.30280999999985
0.952024000000018,87.1753500000001
1.000016000000007,84.66979000000019
1.0056160000000087,84.45144999999998
1.0168160000000122,84.00532999999987
1.039216000000019,82.63547999999999
1.0840160000000096,75.47806999999995
1.1400160000000037,56.35983000000011
1.1960160000000208,27.388579999999997
1.252016000000015,-7.8001400000000665
1.2576160000000165,-11.6220600000001
1.26881600000002,-19.29590999999986
1.2912160000000037,-34.35715000000017
1.3360160000000174,-60.48664000000015
1.3920160000000115,-83.15574999999997
1.4480160000000055,-95.53792999999988
1.5040160000000227,-100.77831000000015
1.5600160000000167,-101.79070000000002
1.6160160000000106,-100.54262999999986
1.6720160000000046,-98.20107999999993
1.7280160000000218,-95.40972999999985
1.7840160000000158,-92.50585
1.8400160000000099,-89.65740000000011
1.896016000000004,-86.94282999999992
1.952016000000021,-84.39405
0.008016000000015103,-82.01977999999998
0.06401600000000912,-79.81710000000008
0.12001600000000313,-77.77830000000007
0.17601600000002032,-75.8934
0.23201600000001432,-74.152
0.2880160000000084,-72.54365000000007
0.3440160000000024,-71.05852999999995
0.4000160000000195,-69.68724000000014
0.4560160000000136,-68.42117999999986
0.5120160000000076,-67.25223000000003
0.5680160000000016,-66.17303000000008
0.6240160000000188,-65.17660000000004
0.6800160000000128,-64.25666000000008
0.7360160000000068,-63.40729
0.7920160000000008,-62.62312000000003
0.848016000000018,-61.899090000000044
0.904016000000012,-61.23064
0.9600160000000061,-60.61346000000012
1.016016,-60.04364999999989
1.0720160000000172,-59.51755000000003
1.1280160000000112,-59.03184000000006
1.1840160000000053,-58.58337999999996
1.2400160000000224,-58.16936000000017
1.2960160000000165,-57.78709000000015
1.3520160000000105,-57.43416999999984
1.4080160000000046,-57.10832999999993
1.4640160000000217,-56.80752
1.5200160000000158,-56.529779999999974
1.5760160000000096,-56.273360000000054
1.6320160000000037,-56.03656999999984
1.6880160000000208,-55.81797999999982
1.7440160000000149,-55.6161799999999
1.800016000000009,-55.42987999999993
1.856016000000003,-55.25789999999997
1.9120160000000201,-55.09913000000011
1.9680160000000142,-54.95253999999994
1.9999920000000164,-54.87394999999995
0.005592000000018037,-54.92300999999999
0.016792000000021474,-55.00724999999984
0.03919200000000518,-54.670009999999934
0.08399200000001893,-49.46790999999995
0.13999200000001294,-32.61833000000003
0.19599200000000697,-5.77005999999991
0.251992000000001,27.41105999999993
0.2575920000000027,31.03908
0.26879200000000614,38.32798000000004
0.291192000000013,52.63792000000001
0.33599200000000357,77.34626000000011
0.39199200000002077,98.38663999999997
0.44799200000001477,109.28318999999998
0.5039920000000088,113.15758999999991
0.5599920000000028,112.90801999999988
0.61599200000002,110.49206000000011
0.671992000000014,107.06981000000005
0.7279920000000081,103.27938000000003
0.783992000000002,99.45237000000007
0.8399920000000192,95.75084000000001
0.8959920000000132,92.24784999999991
0.9519920000000073,88.97074000000016
1.0079920000000013,85.92425000000014
1.0639920000000185,83.10142999999992
1.1199920000000125,80.49050999999996
1.1759920000000066,78.07773999999989
1.2319920000000004,75.84919000000001
1.2879920000000178,73.79137999999985
1.3439920000000116,71.89175000000003
1.3999920000000057,70.13802000000014
1.4559920000000228,68.51865000000012
1.5119920000000169,67.02313999999987
1.567992000000011,65.64232000000003
1.623992000000005,64.36732999999984
1.6799920000000221,63.19003000000012
1.7359920000000162,62.10307999999998
1.7919920000000102,61.09969000000004
1.847992000000004,60.17334000000019
1.9039920000000214,59.3181599999999
1.9599920000000153,58.5285900000001
1.9999760000000226,58.00238000000002
0.005576000000001098,57.99375000000006
0.016776000000004534,57.963479999999954
0.0391760000000114,57.40254999999994
0.083976000000002,51.77363999999996
0.13997600000001917,34.42798000000003
0.1959760000000132,7.1247299999999125
0.2519760000000072,-26.471189999999865
0.2575760000000089,-30.13842000000011
0.26877600000001234,-37.50509000000002
0.2911760000000192,-51.96699000000016
0.3359760000000098,-76.96694000000015
0.3919760000000038,-98.35181999999998
0.447976000000021,-109.57163999999997
0.503976000000015,-113.74731000000016
0.559976000000009,-113.77664000000021
0.6159760000000031,-111.61792000000004
0.6719760000000202,-108.43229999999981
0.7279760000000143,-104.85882999999995
0.7839760000000082,-101.23064000000004
0.8399760000000023,-97.71207999999999
0.8959760000000194,-94.37799000000014
0.9519760000000135,-91.25658999999997
1.0000240000000205,-88.75268999999997
1.005624000000022,-88.53489000000003
1.0168240000000024,-88.0900200000001
1.0392240000000093,-86.72387000000015
1.084024000000023,-79.57902999999989
1.140024000000017,-60.479810000000136
1.196024000000011,-31.51730999999991
1.252024000000005,3.6832899999998947
1.2576240000000067,7.507609999999998
1.2688240000000102,15.186410000000095
1.291224000000017,30.25752000000015
1.3360240000000076,56.40172999999993
1.3920240000000017,79.07627000000006
1.4480240000000189,91.45260999999994
1.504024000000013,96.68232999999992
1.5600240000000067,97.68364000000007
1.6160240000000008,96.42609999999996
1.672024000000018,94.07727999999982
1.728024000000012,91.28075999999984
1.784024000000006,88.3733499999999
1.840024,85.52259000000006
1.8960240000000173,82.80642999999999
1.9520240000000113,80.25638000000002
0.008024000000005296,77.88105
0.06402400000002248,75.67769999999996
0.12002400000001649,73.63878999999996
0.1760240000000105,71.75402999999991
0.23202400000000453,70.01254000000002
0.2880240000000217,68.40369999999996
0.3440240000000157,66.91799999999981
0.40002400000000976,65.5460699999999
0.45602400000000376,64.27923000000013
0.5120240000000209,63.109609999999925
0.568024000000015,62.02989000000003
0.624024000000009,61.03305999999997
0.680024000000003,60.11283
0.7360240000000202,59.2632099999999
0.7920240000000142,58.47885999999991
0.8480240000000082,57.75467999999995
0.9040240000000023,57.08611999999991
0.9600240000000194,56.46886000000006
1.0160240000000134,55.89901000000008
1.0720240000000074,55.37289999999984
1.1280240000000015,54.88720000000002
1.1840240000000186,54.43877999999991
1.2400240000000127,54.02481000000003
1.2960240000000067,53.64262999999991
1.3520240000000008,53.28982999999998
1.408024000000018,52.96411999999995
1.4640240000000118,52.663439999999895
1.5200240000000058,52.38587000000017
1.576024000000023,52.12963999999998
1.632024000000017,51.893090000000086
1.688024000000011,51.67474999999988
1.7440240000000051,51.47319000000006
1.8000240000000223,51.28714999999984
1.8560240000000163,51.11539999999981
1.9120240000000104,50.956879999999984
1.9680240000000044,50.81056000000017
6.514047323855093e-15,50.732160000000135
0.005600000000008232,50.7812299999999
0.016800000000011667,50.86532999999993
0.03920000000001854,50.52684000000007
0.08400000000000912,45.31829999999992
0.14000000000000315,28.460420000000042
0.19600000000002032,1.6156899999999474
0.2520000000000143,-31.54432999999979
0.25760000000001604,-35.16936000000004
0.26880000000001947,-42.45225999999991
0.2912000000000032,-56.750929999999975
0.33600000000001695,-81.44379000000002
0.39200000000001095,-102.47987999999997
0.44800000000000495,-113.38380000000004
0.5040000000000221,-117.2696499999999
0.5600000000000162,-117.03094000000003
0.6160000000000102,-114.62358000000017
0.6720000000000041,-111.20727999999991
0.7280000000000214,-107.41994999999993
0.7840000000000154,-103.59374999999993
0.8400000000000094,-99.89208000000005
0.8960000000000035,-96.38884999999986
0.9520000000000206,-93.11143
0.9999920000000097,-90.48615999999998
1.0055920000000114,-90.25446000000015
1.0167920000000148,-89.7820199999999
1.0391920000000217,-88.36233999999999
1.0839920000000123,-81.11675000000007
1.1399920000000063,-61.90136000000002
1.1959920000000002,-32.830059999999996
1.2519920000000175,2.474450000000017
1.2575920000000191,6.3088900000001225
1.2687920000000226,14.007800000000126
1.2911920000000063,29.118210000000033
1.33599200000002,55.3367600000001
1.391992000000014,78.09614999999992
1.4479920000000082,90.54942999999982
1.503992000000002,95.84959000000003
1.5599920000000194,96.91583000000014
1.6159920000000132,95.71836999999994
1.6719920000000073,93.42517999999988
1.7279920000000013,90.68016000000001
1.7839920000000185,87.82043000000006
1.8399920000000125,85.01371000000013
1.8959920000000066,82.33824000000011
1.9519920000000006,79.82577999999995
1.9999840000000126,77.80944999999994
0.005584000000014453,77.64576000000001
0.01678400000001789,77.3079699999999
0.0391840000000016,76.14849999999996
0.08398400000001534,69.38743999999986
0.13998400000000935,50.72699999999997
0.19598400000000338,22.18538999999997
0.2519840000000206,-12.592979999999976
0.2575840000000223,-16.375010000000188
0.2687840000000025,-23.969630000000073
0.29118400000000944,-38.87616000000005
0.33598400000002315,-64.71367000000016
0.39198400000001715,-87.05030000000002
0.4479840000000112,-99.13129000000009
0.5039840000000052,-104.09581000000001
0.5599840000000224,-104.85359999999999
0.6159840000000164,-103.36977000000003
0.6719840000000105,-100.80968999999995
0.7279840000000044,-97.81587999999996
0.7839840000000217,-94.7246100000001
0.8399840000000156,-91.70286999999999
0.8959840000000097,-88.82810999999991
0.9519840000000037,-86.13128999999998
0.9999760000000159,-83.96828000000012
1.0055760000000176,-83.78822999999991
1.016776000000021,-83.41817000000007
1.0391760000000048,-82.19719999999997
1.0839760000000185,-75.32538
1.1399760000000125,-56.54085999999992
1.1959760000000066,-27.87336000000007
1.2519760000000004,7.045100000000026
1.2575760000000022,10.841939999999939
1.2687760000000057,18.466120000000032
1.2911760000000125,33.43045999999994
1.3359760000000032,59.37286000000008
1.3919760000000203,81.81731999999985
1.4479760000000144,93.98524000000008
1.5039760000000084,99.02418000000002
1.5599760000000022,99.84953000000019
1.6159760000000196,98.42915000000008
1.6719760000000135,95.92948999999984
1.7279760000000075,92.99325999999985
1.7839760000000016,89.95657000000001
1.8399760000000187,86.98625999999999
1.8959760000000128,84.15963999999998
1.9519760000000068,81.5075999999999
0.0079760000000008,79.03809000000007
0.06397600000001798,76.74768999999992
0.11997600000001199,74.62817999999993
0.17597600000000602,72.6692200000001
0.2319760000000232,70.85956000000016
0.2879760000000172,69.18787000000015
0.3439760000000112,67.64411999999997
0.3999760000000052,66.21854000000016
0.4559760000000224,64.90215999999992
0.5119760000000164,63.686769999999896
0.5679760000000105,62.564789999999924
0.6239760000000045,61.528939999999864
0.6799760000000217,60.572689999999874
0.7359760000000156,59.689809999999845
0.7919760000000097,58.87474999999998
0.8479760000000037,58.12221000000007
0.9039760000000209,57.42747999999986
0.9599760000000149,56.786050000000145
1.0159760000000089,56.19389000000008
1.071976000000003,55.64716999999986
1.12797600000002,55.142449999999954
1.1839760000000141,54.676460000000034
1.2399760000000082,54.24628000000009
1.2959760000000022,53.84912999999991
1.3519760000000194,53.48250999999982
1.4079760000000134,53.144019999999955
1.4639760000000073,52.83157000000016
1.5199760000000013,52.543110000000006
1.5759760000000185,52.27683999999999
1.6319760000000125,52.03102000000004
1.6879760000000066,51.80412000000012
1.7439760000000006,51.594650000000186
1.7999760000000178,51.401309999999924
1.8559760000000118,51.222829999999945
1.911976000000006,51.05808999999994
1.967976000000023,50.90601000000006
0.023976000000017032,50.76565999999993
0.07997600000001105,50.6361099999999
0.13597600000000507,50.516540000000056
0.19197600000002224,50.406179999999964
0.24797600000001627,50.30434000000006
0.3039760000000103,50.210330000000084
0.3599760000000043,50.123589999999886
0.4159760000000215,50.04352000000001
0.4719760000000155,49.96964999999997
0.5279760000000095,49.90147
0.5839760000000035,49.83858000000008
0.6399760000000208,49.78051999999988
0.6959760000000147,49.726979999999976
0.7519760000000087,49.67756000000012
0.8079760000000028,49.63198999999996
0.86397600000002,49.58991999999984
0.919976000000014,49.55113999999994
0.975976000000008,49.51536000000001
1.0000000000000229,49.50089000000002
1.0056000000000016,49.55997000000001
1.016800000000005,49.663950000000014
1.039200000000012,49.36409000000008
1.0840000000000025,44.2286300000001
1.1400000000000197,27.455610000000075
1.1960000000000137,0.690570000000168
1.2520000000000076,-32.39390999999991
1.2576000000000094,-36.01164000000012
1.2688000000000128,-43.28006000000006
1.2912000000000197,-57.550500000000056
1.3360000000000103,-82.19021999999998
1.3920000000000043,-103.16590000000004
1.4480000000000215,-114.01502000000008
1.5040000000000155,-117.85055999999994
1.5600000000000094,-117.56531000000004
1.6160000000000034,-115.1147899999998
1.6720000000000206,-111.65844000000003
1.7280000000000146,-107.83401000000015
1.7840000000000087,-103.9734699999999
1.8400000000000027,-100.24002999999992
1.89600000000002,-96.7074699999999
1.952000000000014,-93.4029500000002
1.9999920000000029,-90.75615000000003
0.005592000000004648,-90.52203999999998
0.01679200000000808,-90.04482999999985
0.03919200000001496,-88.61587999999986
0.08399200000000553,-81.35278999999996
0.1399920000000227,-62.11719000000016
0.19599200000001674,-33.027010000000075
0.25199200000001076,2.2953999999999475
0.2575920000000125,6.131569999999975
0.2687920000000159,13.833920000000166
0.29119200000002277,28.951069999999966
0.33599200000001334,55.182379999999974
0.3919920000000074,77.95642000000002
0.4479920000000014,90.42303000000018
0.5039920000000185,95.7354399999999
0.5599920000000126,96.81297999999994
0.6159920000000066,95.62596
0.6719920000000006,93.34242999999987
0.7279920000000178,90.6063399999999
0.7839920000000118,87.75486
0.8399920000000058,84.9557700000001
0.895992000000023,82.28733999999993
0.951992000000017,79.78137000000007
0.9999840000000061,77.77020000000002
1.0055840000000078,77.60707999999994
1.0167840000000112,77.27043
1.039184000000018,76.11319999999999
1.0839840000000087,69.35637999999989
1.1399840000000028,50.70086000000007
1.19598400000002,22.163790000000017
1.2519840000000138,-12.61044
1.2575840000000156,-16.392069999999983
1.268784000000019,-23.985909999999944
1.2911840000000028,-38.89091000000011
1.3359840000000165,-64.72551999999988
1.3919840000000105,-87.05872000000015
1.4479840000000046,-99.13653
1.5039840000000217,-104.0980600000001
1.5599840000000158,-104.85307999999982
1.6159840000000096,-103.36668999999988
1.6719840000000037,-100.80426000000008
1.7279840000000208,-97.80829999999985
1.783984000000015,-94.71501999999998
1.839984000000009,-91.69144999999989
1.895984000000003,-88.81498999999992
1.9519840000000201,-86.11660999999992
1.999976000000009,-83.95236000000006
0.005576000000010869,-83.77217999999998
0.016776000000014304,-83.40183000000012
0.03917600000002117,-82.18031000000003
0.08397600000001176,-75.30742000000012
0.13997600000000576,-56.52160000000017
0.19597600000002297,-27.85296000000015
0.25197600000001696,7.066470000000047
0.2575760000000187,10.86339000000014
0.2687760000000221,18.48772000000021
0.2911760000000058,33.45237999999995
0.3359760000000196,59.39541000000004
0.3919760000000136,81.84067000000006
0.4479760000000076,94.00939000000008
0.5039760000000016,99.04909000000006
0.5599760000000188,99.87516000000008
0.6159760000000128,98.45543
0.6719760000000068,95.95635000000003
0.7279760000000008,93.02063999999999
0.783976000000018,89.98443999999984
0.839976000000012,87.01456000000007
0.8959760000000061,84.18833000000015
0.9519760000000232,81.5366500000001
1.000024000000007,79.40715999999992
1.0056240000000087,79.23111000000004
1.0168240000000122,78.86883
1.039224000000019,77.6618200000001
1.0840240000000096,70.81120000000007
1.1400240000000035,52.04728999999997
1.1960240000000208,23.408419999999985
1.2520240000000147,-11.46303999999998
1.2576240000000165,-15.254119999999816
1.26882400000002,-22.866739999999997
1.2912240000000037,-37.8083800000002
1.3360240000000174,-63.71209000000011
1.3920240000000115,-86.12388000000016
1.4480240000000053,-98.27282000000004
1.5040240000000227,-103.29947000000006
1.5600240000000165,-104.11459
1.6160240000000106,-102.6838699999999
1.6720240000000046,-100.17302999999988
1.7280240000000218,-97.22487000000002
1.7840240000000158,-94.17586999999995
1.8400240000000099,-91.19323000000001
1.896024000000004,-88.35459000000002
1.952024000000021,-85.69115999999988
0.008024000000015068,-83.21112000000008
0.06402400000000909,-80.91096999999992
0.1200240000000031,-78.78224999999995
0.17602400000002028,-76.81434000000009
0.2320240000000143,-74.99630000000002
0.28802400000000833,-73.3172099999999
0.34402400000000233,-71.76677999999993
0.40002400000001953,-70.33519
0.45602400000001353,-69.01347999999996
0.5120240000000076,-67.79316000000013
0.5680240000000015,-66.66653
0.6240239999999956,-65.62631000000007
0.6800240000000127,-64.6659500000002
0.73602400000003,-63.77925000000006
0.7920240000000008,-62.960620000000134
0.848024000000018,-62.20478000000007
0.9040239999999888,-61.50696
0.960024000000006,-60.862659999999956
1.000008000000013,-60.433229999999895
1.0056079999999918,-60.437679999999936
1.0168079999999953,-60.433489999999864
1.0392080000000021,-59.924300000000045
1.0840080000000158,-54.397330000000025
1.140008000000033,-37.17132000000012
1.1960080000000037,-9.96967999999998
1.252008000000021,23.547610000000052
1.2576079999999996,27.208200000000016
1.268808000000003,34.561770000000045
1.29120800000001,48.99782000000008
1.3360080000000236,73.94370000000006
1.3920079999999944,95.2543400000001
1.4480080000000117,106.39590999999982
1.5040080000000289,110.49512000000017
1.5600079999999996,110.45333999999984
1.6160080000000168,108.22997999999995
1.6720080000000341,104.98632000000008
1.7280080000000049,101.36136000000006
1.784008000000022,97.68728000000016
1.840007999999993,94.12686000000004
1.8960080000000101,90.75443999999999
1.9520080000000273,87.5983199999999
1.9999999999999931,85.07000999999991
0.005600000000018003,84.84911999999989
0.01680000000002144,84.39797000000016
0.03920000000002831,83.01840000000004
0.08399999999999573,75.84279000000005
0.14000000000001292,56.703649999999996
0.1960000000000301,27.712630000000125
0.25200000000000095,-7.495350000000123
0.2576000000000258,-11.319169999999934
0.26880000000002924,-18.996790000000097
0.2911999999999898,-34.065390000000086
0.3360000000000036,-60.20868999999984
0.3920000000000207,-82.89326000000008
0.44799999999999157,-95.28925
0.5040000000000088,-100.54216000000005
0.5600000000000259,-101.56608999999995
0.6159999999999968,-100.32873999999991
0.6720000000000139,-97.99715000000009
0.7280000000000312,-95.21507000000007
0.784000000000002,-92.31979999999984
0.8400000000000192,-89.47932999999986
0.89599999999999,-86.77215999999999
0.9520000000000072,-84.23022000000002
0.9999920000000194,-82.19034999999985
1.005591999999998,-82.02405999999995
1.0167920000000015,-81.68123000000006
1.0391920000000083,-80.51311999999999
1.083992000000022,-73.7407699999999
1.1399919999999928,-55.07097999999999
1.19599200000001,-26.511239999999823
1.2519920000000273,8.304019999999968
1.2575920000000058,12.090790000000018
1.2687920000000092,19.694959999999817
1.291192000000016,34.62023999999997
1.3359920000000298,60.488859999999974
1.3919920000000008,82.8493600000002
1.447992000000018,94.94135999999997
1.503992000000035,99.9108700000002
1.5599920000000058,100.67223000000003
1.615992000000023,99.1926299999999
1.671991999999994,96.63807999999996
1.727992000000011,93.65102000000003
1.7839920000000282,90.56727999999991
1.8399919999999992,87.55346000000009
1.8959920000000163,84.68662999999998
1.9519920000000335,81.99745000000003
0.00799200000000435,79.49366999999997
0.06399200000002153,77.17161000000017
0.11999199999999238,75.0229
0.17599200000000956,73.03697999999991
0.23199200000002673,71.20258999999996
0.2879919999999976,69.50827999999998
0.3439920000000148,67.94351000000009
0.39999200000003193,66.49835000000004
0.4559920000000028,65.16403000000004
0.51199200000002,63.93198999999994
0.5679919999999908,62.794389999999865
0.623992000000008,61.74411000000002
0.6799920000000252,60.774579999999915
0.7359919999999961,59.879510000000025
0.7919920000000132,59.05321000000008
0.8479920000000304,58.29032999999995
0.9039920000000012,57.586059999999996
0.9599920000000185,56.93582000000008
0.9999760000000256,56.50245999999992
1.0055760000000042,56.50635999999998
1.0167760000000077,56.50093999999983
1.0391760000000145,55.98833000000014
1.0839760000000283,50.45077999999981
1.139975999999999,33.21108000000006
1.1959760000000164,6.0072099999999296
1.2519760000000335,-27.494499999999977
1.257576000000012,-31.152620000000077
1.2687760000000154,-38.50120999999995
1.2911760000000223,-52.927850000000106
1.3359759999999896,-77.86134000000011
1.391976000000007,-99.17041999999987
1.4479760000000241,-110.32137000000009
1.5039759999999949,-114.43376000000005
1.559976000000012,-114.40457999999998
1.6159760000000294,-112.19162000000016
1.6719760000000001,-108.95575000000002
1.7279760000000173,-105.33574000000013
1.7839760000000344,-101.66449000000011
1.8399760000000054,-98.10614000000007
1.8959760000000225,-94.73527999999986
1.9519759999999935,-91.57996000000001
0.007976000000010572,-88.64548000000005
0.06397600000002775,-85.92590999999983
0.11997599999999861,-83.41040999999993
0.1759760000000158,-81.08579000000016
0.23197600000003296,-78.93857000000004
0.28797600000000384,-76.9556199999999
0.343976000000021,-75.12468999999999
0.39997599999999184,-73.43416000000013
0.45597600000000904,-71.87339000000014
0.5119760000000262,-70.43236000000009
0.567975999999997,-69.10195000000007
0.6239760000000143,-67.87359000000004
0.6799760000000314,-66.73952999999999
0.7359760000000023,-65.69243999999985
0.7919760000000194,-64.72571999999998
0.8479759999999903,-63.833140000000064
0.9039760000000074,-63.00905999999995
0.9599760000000247,-62.24819000000004
1.0159759999999955,-61.545709999999865
1.0719760000000127,-60.89710999999998
1.1279760000000298,-60.29828999999998
1.1839760000000008,-59.74539000000001
1.239976000000018,-59.23495000000001
1.295976000000035,-58.76364000000001
1.351976000000006,-58.328519999999884
1.4079760000000232,-57.926779999999845
1.463975999999994,-57.55588999999994
1.519976000000011,-57.21343999999995
1.5759760000000282,-56.89729999999993
1.6319759999999992,-56.605409999999964
1.6879760000000164,-56.33592999999992
1.7439760000000335,-56.08707000000002
1.7999760000000045,-55.85733999999998
1.8559760000000216,-55.645249999999976
1.9119759999999923,-55.44947000000011
1.9679760000000097,-55.26870000000006
0.023976000000026802,-55.10181000000003
0.07997599999999766,-54.94770999999999
0.13597600000001484,-54.80547999999996
0.191976000000032,-54.67416999999997
0.24797600000000286,-54.55297999999998
0.30397600000002006,-54.44107999999992
0.3599759999999909,-54.33779999999988
0.41597600000000806,-54.24243999999989
0.47197600000002526,-54.154419999999924
0.5279759999999961,-54.07315999999995
0.5839760000000133,-53.99814999999997
0.6399760000000305,-53.928889999999896
0.6959760000000014,-53.864970000000014
0.7519760000000185,-53.80596000000004
0.8079759999999894,-53.75149000000001
0.8639760000000065,-53.70121000000005
0.9199760000000238,-53.654790000000176
0.9759759999999946,-53.61193999999991
1.0319760000000118,-53.57239000000003
1.087976000000029,-53.53589000000003
1.1439759999999999,-53.50219000000011
1.199976000000017,-53.47108
1.2559760000000342,-53.44238000000012
1.311976000000005,-53.41587999999997
1.3679760000000223,-53.39142000000008
1.423975999999993,-53.368840000000084
1.4799760000000102,-53.34800999999989
1.5359760000000273,-53.328790000000126
1.5919759999999983,-53.31104000000009
1.6479760000000154,-53.294659999999936
1.7039760000000326,-53.279549999999844
1.7599760000000035,-53.26559000000009
1.8159760000000207,-53.25272999999986
1.8719759999999914,-53.240849999999895
1.9279760000000086,-53.22988999999989
1.983976000000026,-53.21978000000005
0.03997599999999671,-53.21046000000007
0.09597600000001388,-53.201840000000054
0.15197600000003106,-53.19389999999991
0.2079760000000019,-53.186579999999985
0.2639760000000191,-53.179829999999924
0.31997599999998994,-53.173589999999884
0.37597600000000714,-53.16784000000019
0.43197600000002434,-53.16253999999998
0.4879759999999952,-53.15765000000017
0.5439760000000123,-53.15314000000004
0.5999760000000295,-53.148989999999955
0.6559760000000003,-53.14514999999997
0.7119760000000176,-53.14161999999989
0.7679760000000347,-53.13835999999994
0.8239760000000056,-53.13537000000012
0.8799760000000227,-53.13259999999986
0.9359759999999936,-53.13005000000004
0.9919760000000108,-53.12771000000005
0.9999840000000159,-53.12739
1.0055839999999943,-53.18957999999996
1.016783999999998,-53.29979000000007
1.0391840000000048,-53.013039999999954
1.0839840000000185,-47.90614000000004
1.1399839999999892,-31.166990000000006
1.1959840000000064,-4.422689999999951
1.2519840000000235,28.659129999999866
1.2575840000000023,32.27749999999996
1.2687840000000057,39.54724999999981
1.2911840000000125,53.81988999999998
1.3359840000000263,78.45813999999996
1.391983999999997,99.41914000000018
1.4479840000000144,110.24400000000001
1.5039840000000315,114.05272000000011
1.5599840000000023,113.74243000000006
1.6159840000000194,111.27013000000008
1.6719839999999904,107.79556000000001
1.7279840000000075,103.95661000000001
1.7839840000000247,100.08463999999995
1.8399839999999956,96.34153000000012
1.8959840000000128,92.80010000000006
1.95198400000003,89.4875100000001
1.9999759999999958,86.83467
0.005576000000020641,86.59986999999991
0.016776000000024077,86.12116999999996
0.03917600000003095,84.68809999999993
0.08397599999999837,77.41181000000009
0.13997600000001553,58.156480000000066
0.19597600000003274,29.05641000000014
0.2519760000000036,-6.255920000000081
0.25757600000002845,-10.089890000000157
0.2687760000000319,-17.787699999999962
0.29117599999999244,-32.89571999999996
0.3359760000000062,-59.11344000000018
0.39197600000002336,-81.88272000000008
0.4479759999999942,-94.35534999999985
0.5039760000000114,-99.6783699999999
0.5599760000000286,-100.76693999999998
0.6159759999999994,-99.58942000000005
0.6719760000000166,-97.31327000000012
0.7279760000000338,-94.58254
0.7839760000000047,-91.73480999999994
0.8399760000000218,-88.93829999999991
0.8959759999999927,-86.27172000000004
0.9519760000000098,-83.76728
1.007976000000027,-81.4339500000001
1.0639759999999978,-79.26907000000006
1.1199760000000152,-77.26515999999984
1.1759760000000323,-75.41245000000019
1.231976000000003,-73.70074999999999
1.2879760000000202,-72.11980000000007
1.3439759999999912,-70.65999000000001
1.3999760000000083,-69.31204000000002
1.4559760000000255,-68.06756000000003
1.5119759999999964,-66.91850999999983
1.5679760000000136,-65.85766999999998
1.6239760000000307,-64.8782000000001
1.6799760000000015,-63.97392000000002
1.7359760000000188,-63.13900000000005
1.7919759999999896,-62.368169999999836
1.8479760000000067,-61.656460000000024
1.9039760000000239,-60.9993900000001
1.9599759999999948,-60.39270999999991
1.6000000019834495e-05,-59.987809999999975
0.005615999999998391,-59.99565000000007
0.016816000000001826,-59.998160000000134
0.039216000000008695,-59.502020000000044
0.08401600000002245,-53.99965999999989
0.14001599999999328,-36.80207000000002
0.1960160000000105,-9.627119999999989
0.25201600000002766,23.86471000000001
0.25761600000000623,27.52283000000011
0.26881600000000966,34.87148999999978
0.2912160000000165,49.29797000000002
0.33601600000003023,74.22583999999999
0.39201600000000114,95.51602000000004
0.4480160000000183,106.63906999999995
0.5040159999999891,110.72126999999998
0.5600160000000063,110.66372999999996
0.6160160000000235,108.42576999999997
0.6720159999999944,105.16853999999998
0.7280160000000115,101.53097999999994
0.7840160000000287,97.84524000000006
0.8400159999999995,94.27403000000001
0.8960160000000168,90.89163999999994
0.952016000000034,87.72629999999992
1.0080160000000047,84.78304000000003
1.064016000000022,82.05543000000004
1.1200159999999928,79.53232999999993
1.17601600000001,77.20053999999999
1.232016000000027,75.04686000000005
1.288015999999998,73.05835000000016
1.3440160000000152,71.2225099999999
1.4000160000000323,69.52734000000005
1.4560160000000033,67.9619800000002
1.5120160000000205,66.51637
1.5680159999999912,65.18166999999985
1.6240160000000086,63.94929999999999
1.6800160000000257,62.811380000000085
1.7360159999999965,61.76079000000012
1.7920160000000136,60.79097
1.8480160000000307,59.895619999999816
1.9040160000000017,59.06906000000012
1.9600160000000189,58.305930000000174
2.6056189295420372e-14,57.79732999999987
0.005600000000004613,57.79108000000011
0.016800000000008048,57.765530000000176
0.03920000000001492,57.213790000000046
0.08400000000002866,51.60231999999998
0.1399999999999995,34.27687000000002
0.1960000000000167,6.99232999999988
0.25200000000003386,-26.586229999999933
0.25760000000001243,-30.251800000000053
0.26880000000001586,-37.61517999999997
0.2912000000000227,-52.07065000000011
0.33599999999999014,-77.0583600000001
0.39200000000000734,-98.4290000000001
0.4480000000000245,-109.63561999999993
0.5039999999999953,-113.79907
0.5600000000000126,-113.81706999999986
0.6160000000000297,-111.6478700000001
0.6720000000000006,-108.45258000000003
0.7280000000000177,-104.87020000000014
0.7840000000000349,-101.23378999999998
0.8400000000000057,-97.70764999999982
0.896000000000023,-94.36657000000004
0.9519999999999939,-91.23872999999993
0.999992000000006,-88.73252999999993
1.005592000000031,-88.51413000000008
1.0167920000000343,-88.06808
1.0391919999999948,-86.69960999999992
1.0839920000000085,-79.5502400000001
1.1399920000000259,-60.44565000000013
1.1959919999999966,-31.47830000000007
1.2519920000000138,3.726510000000127
1.2575919999999923,7.551210000000141
1.268791999999996,15.230759999999899
1.2911920000000028,30.30332999999996
1.3359920000000165,56.450369999999864
1.3919920000000336,79.12834999999995
1.4479920000000044,91.50802000000002
1.5039920000000215,96.74089999999991
1.5599919999999925,97.74514
1.6159920000000096,96.49028000000004
1.6719920000000268,94.14392000000005
1.7279919999999978,91.34964000000001
1.783992000000015,88.44430000000014
1.839992000000032,85.5954000000001
1.895992000000003,82.88096
1.9519920000000202,80.33248999999998
0.00799199999999096,77.95861000000004
0.06399200000000814,75.75661
0.11999200000002531,73.71890999999997
0.17599199999999618,71.83530000000005
0.23199200000001335,70.09485000000004
0.28799200000003056,68.48697999999986
0.3439920000000014,67.00218999999996
0.39999200000001855,65.63109000000011
0.4559919999999894,64.36503000000005
0.5119920000000066,63.196119999999965
0.5679920000000238,62.11703999999996
0.6239919999999947,61.120819999999966
0.6799920000000118,60.20113999999999
0.735992000000029,59.35204999999999
0.7919919999999998,58.56815999999987
0.8479920000000171,57.8444199999999
0.9039920000000342,57.17627000000003
0.9599920000000051,56.55937999999993
0.9999760000000122,56.14823999999996
1.0055759999999907,56.15513999999999
1.0167759999999941,56.15565999999994
1.039176000000001,55.65461999999988
1.083976000000015,50.13892999999992
1.139976000000032,32.92454
1.1959760000000028,5.744370000000165
1.25197600000002,-27.734950000000147
1.2575759999999987,-31.390910000000048
1.2687760000000021,-38.73519999999986
1.291176000000009,-53.15348999999991
1.3359760000000227,-78.07119999999989
1.3919759999999934,-99.36227000000008
1.4479760000000106,-110.49679999999995
1.503976000000028,-114.59406999999987
1.5599759999999987,-114.55089000000007
1.6159760000000158,-112.32493
1.671976000000033,-109.07701000000003
1.727976000000004,-105.44584000000002
1.783976000000021,-101.76425999999994
1.839975999999992,-98.19637000000014
1.8959760000000092,-94.81669000000004
1.9519760000000264,-91.65323000000014
2.4000000010028654e-05,-89.11581999999996
0.0056240000000349075,-88.89429000000004
0.016823999999992022,-88.44201000000007
0.03922399999999889,-87.06142999999989
0.08402400000001263,-79.88927999999996
0.14002400000002982,-60.75843000000014
0.19602400000000067,-31.76650000000003
0.25202400000001784,3.4617200000000015
0.2576239999999964,7.288700000000148
0.26882399999999984,14.972769999999969
0.2912240000000067,30.05418000000004
0.3360240000000205,56.21794000000002
0.3920239999999913,78.91504999999998
0.44802400000000847,91.3120799999998
0.5040240000000257,96.5608699999998
0.5600239999999965,97.57978999999995
0.6160240000000137,96.33851000000004
0.6720240000000309,94.00474000000014
0.7280240000000018,91.22208999999981
0.7840240000000189,88.32752999999994
0.8400239999999898,85.48858999999997
0.8960240000000069,82.78333999999998
0.9520240000000241,80.24337999999997
1.008023999999995,77.87734000000013
1.064024000000012,75.6825699999999
1.1200240000000294,73.6515499999999
1.1760240000000002,71.77409000000013
1.2320240000000173,70.0393399999999
1.2880240000000345,68.43672000000001
1.3440240000000054,66.95677
1.4000240000000226,65.59014000000008
1.4560239999999935,64.32821
1.5120240000000107,63.163110000000074
1.5680240000000278,62.08755999999993
1.6240239999999986,61.09458999999995
1.6800240000000157,60.17790999999995
1.736024000000033,59.33158000000005
1.7920240000000038,58.55026000000008
1.848024000000021,57.82886999999981
1.904023999999992,57.162890000000075
1.960024000000009,56.548009999999984
8.000000016250349e-06,56.13822999999996
0.005607999999994807,56.14530000000006
0.016807999999998244,56.14617999999982
0.039208000000005114,55.64583999999995
0.08400800000001886,50.131490000000056
0.14000799999998972,32.91865999999999
0.1960080000000069,5.7399200000001205
0.25200800000002405,-27.738070000000057
0.2576080000000026,-31.393899999999864
0.26880800000000604,-38.73794000000008
0.29120800000001296,-53.15574999999995
0.3360080000000267,-78.07252000000008
0.3920079999999975,-99.36249000000008
0.44800800000001473,-110.49596999999989
0.5040080000000319,-114.59229999999998
0.5600080000000027,-114.54823000000003
0.6160080000000199,-112.32148000000008
0.6720079999999907,-109.07282000000018
0.728008000000008,-105.44097000000008
0.7840080000000251,-101.7587900000001
0.840007999999996,-98.19031999999983
0.8960080000000131,-94.81012
0.9520080000000304,-91.64617999999992
0.9999999999999962,-89.11125999999992
1.0056000000000211,-88.88965000000005
1.0168000000000246,-88.43723999999997
1.0392000000000314,-87.05640999999997
1.0839999999999987,-79.88377000000013
1.140000000000016,-60.752340000000075
1.1960000000000333,-31.759890000000013
1.252000000000004,3.4687599999998486
1.257600000000029,7.295770000000035
1.2688000000000323,14.979920000000035
1.2911999999999928,30.06146999999992
1.3360000000000065,56.22550000000004
1.3920000000000239,78.92295000000016
1.4479999999999946,91.32033000000006
1.5040000000000118,96.56945999999999
1.560000000000029,97.5887099999999
1.6159999999999999,96.3477399999999
1.672000000000017,94.01424999999986
1.7280000000000342,91.2318700000001
1.7840000000000051,88.33753
1.8400000000000223,85.49881999999998
1.895999999999993,82.79375999999993
1.9520000000000104,80.25397999999994
1.9999920000000224,78.21591000000016
0.0055920000000010284,78.0497899999999
0.016792000000004463,77.70718
0.039192000000011336,76.53840000000001
0.08399200000002507,69.75989999999999
0.13999199999999593,51.07936000000013
0.1959920000000131,22.518629999999984
0.2519920000000303,-12.278470000000041
0.25759200000000887,-16.062339999999953
0.2687920000000123,-23.660629999999962
0.29119200000001916,-38.574329999999875
0.3359920000000329,-64.42521999999995
0.3919920000000037,-86.7767399999999
0.44799200000002093,-98.87095000000001
0.5039919999999918,-103.84744
0.5599920000000089,-104.61626000000001
0.6159920000000262,-103.14267
0.671991999999997,-100.59214999999999
0.7279920000000142,-97.60723000000016
0.7839920000000313,-94.52422999999999
0.8399920000000022,-91.51016999999983
0.8959920000000194,-88.64249999999996
0.9519919999999903,-85.95226999999994
1.0079920000000073,-83.44749000000019
1.0639920000000247,-81.12451999999992
1.1199919999999954,-78.97474000000004
1.1759920000000126,-76.98738000000004
1.2319920000000297,-75.15139999999998
1.2879920000000007,-73.45573000000005
1.3439920000000178,-71.8900199999999
1.399992000000035,-70.44432
1.455992000000006,-69.10959000000005
1.511992000000023,-67.87724000000006
1.5679919999999938,-66.73949000000002
1.6239920000000112,-65.68901999999999
1.6799920000000284,-64.71919999999986
1.735991999999999,-63.82376000000001
1.7919920000000162,-62.99706000000005
1.8479920000000334,-62.233769999999964
1.9039920000000043,-61.52908000000012
1.9599920000000215,-60.878439999999976
1.9999760000000286,-60.44476999999993
0.0055760000000072505,-60.44866000000005
0.016776000000010685,-60.44333000000002
0.03917600000001756,-59.93191999999992
0.0839760000000313,-54.400680000000094
0.13997600000000215,-37.16965999999999
0.19597600000001933,-9.963490000000075
0.2519759999999902,23.55784999999999
0.25757600000001507,27.218830000000025
0.2687760000000185,34.57313000000006
0.29117600000002536,49.01064999999982
0.3359759999999928,73.95934000000004
0.39197600000001,95.27334000000009
0.44797600000002713,106.4181099999999
0.503975999999998,110.52032999999994
0.5599760000000152,110.48132000000011
0.6159760000000324,108.26053999999985
0.6719760000000032,105.01924000000007
0.7279760000000204,101.39642000000015
0.7839759999999912,97.72430999999982
0.8399760000000084,94.16571000000017
0.8959760000000256,90.79496999999992
0.9519759999999965,87.64038000000008
1.0000240000000264,85.11043000000006
1.005624000000005,84.88969999999996
1.0168240000000084,84.43888
1.0392240000000155,83.05993000000012
1.0840240000000292,75.88558
1.140024,56.747930000000004
1.196024000000017,27.758190000000127
1.2520240000000342,-7.44887999999988
1.257624000000013,-11.272619999999955
1.2688240000000164,-18.950109999999796
1.2912240000000232,-34.01842999999993
1.3360239999999906,-60.16113000000001
1.3920240000000077,-82.84484999999987
1.4480240000000248,-95.23987999999983
1.5040239999999958,-100.49184000000011
1.560024000000013,-101.51487999999986
1.61602400000003,-100.2767200000001
1.672024000000001,-97.94442000000015
1.7280240000000182,-95.16170000000001
1.7840240000000354,-92.26584999999999
1.8400240000000063,-89.42486999999998
1.8960240000000235,-86.71722999999987
1.9520239999999942,-84.17487999999994
0.008024000000011449,-81.80653999999987
0.06402400000002863,-79.6093499999999
0.12002399999999948,-77.57561999999996
0.17602400000001667,-75.69537999999997
0.23202400000003384,-73.95828000000004
0.2880240000000047,-72.35389999999997
0.34402400000002187,-70.87244000000004
0.4000239999999927,-69.50453000000012
0.4560240000000099,-68.24158999999996
0.5120240000000271,-67.07552999999989
0.568023999999998,-65.99898000000005
0.6240240000000151,-65.00500999999991
0.6800240000000323,-64.0873500000001
0.7360240000000031,-63.24006000000004
0.7920240000000204,-62.45782000000011
0.8480239999999912,-61.73556999999996
0.9040240000000084,-61.06876999999989
0.9600240000000255,-60.45311000000009
1.0160239999999965,-59.884720000000115
1.0720240000000136,-59.35990999999996
1.1280240000000308,-58.8753999999998
1.1840240000000015,-58.42805000000006
1.2400240000000189,-58.015050000000066
1.2960239999999896,-57.63373000000005
1.3520240000000068,-57.28169000000016
1.408024000000024,-56.95665999999999
1.4640239999999949,-56.6565699999999
1.520024000000012,-56.37946000000005
1.5760240000000292,-56.12364000000003
1.6320240000000001,-55.88747000000005
1.6880240000000173,-55.66945000000012
1.7440240000000344,-55.468149999999824
1.8000240000000054,-55.28229000000007
1.8560240000000225,-55.11069000000002
1.9120239999999933,-54.952300000000065
1.9680240000000104,-54.80607999999987
0.02402400000002768,-54.671110000000134
0.08002399999999854,-54.54650000000005
0.13602400000001572,-54.43147000000015
0.1920240000000329,-54.32527000000009
0.24802400000000374,-54.22725000000006
0.30402400000002094,-54.13674999999984
0.3600239999999918,-54.053209999999964
0.41602400000000894,-53.9760800000002
0.47202400000002614,-53.904890000000094
0.5280239999999969,-53.839160000000106
0.5840240000000142,-53.77849999999995
0.6400240000000313,-53.72248000000002
0.6960240000000022,-53.67078999999997
0.7520240000000193,-53.62307
0.8080239999999902,-53.57902000000014
0.8640240000000075,-53.53835000000018
0.9200240000000246,-53.500820000000004
0.9760239999999955,-53.46616999999987
1.0320240000000127,-53.434199999999876
1.0880240000000299,-53.40468000000009
1.1440240000000006,-53.37743000000006
1.2000240000000177,-53.35229000000008
1.2560240000000351,-53.32908999999986
1.3120240000000059,-53.30765999999998
1.368024000000023,-53.287890000000004
1.424023999999994,-53.269650000000055
1.480024000000011,-53.25281000000004
1.5360240000000283,-53.237269999999896
1.5920239999999992,-53.222930000000005
1.6480240000000164,-53.209700000000026
1.7040240000000335,-53.19749000000007
1.7600240000000043,-53.18621999999995
1.8160240000000216,-53.17583000000003
1.8720239999999924,-53.166229999999985
1.9280240000000095,-53.15738999999997
1.9840240000000267,-53.149220000000106
0.04002399999999759,-53.14170000000007
0.09602400000001476,-53.1347499999999
0.15202400000003194,-53.128339999999994
0.2080240000000028,-53.122429999999945
0.26402400000001996,-53.116979999999984
0.3200239999999908,-53.11195999999985
0.376024000000008,-53.107319999999845
0.43202400000002517,-53.10305999999998
0.48802399999999607,-53.09911
0.5440240000000133,-53.09547999999986
0.6000240000000304,-53.09213999999996
0.6560240000000013,-53.08906000000002
0.7120240000000184,-53.08621999999996
0.7680239999999893,-53.08360000000012
0.8240240000000064,-53.08119000000011
0.8800240000000237,-53.078969999999835
0.9360239999999945,-53.07693000000002
0.9920240000000117,-53.075049999999905
0.9999759999999989,-53.07479999999987
1.0055760000000238,-53.13703000000003
1.0167760000000272,-53.247330000000034
1.039176000000034,-52.960730000000126
1.0839760000000014,-47.85405999999992
1.1399760000000185,-31.11514000000004
1.1959759999999895,-4.371160000000041
1.2519760000000066,28.71012999999989
1.2575760000000316,32.3284399999999
1.268776000000035,39.59806999999982
1.2911759999999954,53.87048000000006
1.3359760000000092,78.50833000000002
1.3919760000000265,99.46902000000013
1.4479759999999973,110.29372000000004
1.5039760000000144,114.10234000000008
1.5599760000000316,113.79193999999981
1.6159760000000025,111.31953999999999
1.6719760000000197,107.84485
1.7279759999999906,104.00575
1.7839760000000078,100.13364000000013
1.839976000000025,96.39036999999995
1.8959759999999957,92.84881999999995
1.951976000000013,89.53608999999996
0.007976000000030114,86.45670999999999
0.06397600000000098,83.60355000000008
0.11997600000001815,80.96463999999992
0.17597600000003533,78.52601999999997
0.23197600000000618,76.27362000000004
0.2879760000000234,74.19379000000004
0.34397599999999423,72.27383000000009
0.3999760000000114,70.50135000000002
0.4559760000000286,68.86466999999996
0.5119759999999994,67.35318000000001
0.5679760000000166,65.95760999999989
0.6239760000000338,64.66901000000003
0.6799760000000047,63.47915999999998
0.7359760000000218,62.38060999999995
0.7919759999999927,61.3665000000001
0.8479760000000098,60.43025999999996
0.903976000000027,59.56593999999993
0.9599759999999979,58.767940000000074
1.0000160000000229,58.23537999999995
1.0056160000000014,58.225999999999885
1.0168160000000048,58.19423999999995
1.0392160000000117,57.630449999999996
1.0840160000000256,51.99624999999997
1.1400159999999964,34.64442999999995
1.1960160000000135,7.3349599999998905
1.2520160000000307,-26.26751999999999
1.2576160000000094,-29.935420000000157
1.2688160000000128,-37.303410000000035
1.2912160000000197,-51.76789000000004
1.3360160000000334,-76.77249000000019
1.3920160000000041,-98.16215000000005
1.4480160000000213,-109.38588999999999
1.5040159999999922,-113.56495999999994
1.5600160000000094,-113.59739999999996
1.6160160000000265,-111.44160000000002
1.6720159999999975,-108.25878000000012
1.7280160000000147,-104.68796999999985
1.7840160000000318,-101.06228000000006
1.8400160000000028,-97.54607999999988
1.89601600000002,-94.21418000000004
1.9520159999999906,-91.09482000000013
8.000000002860364e-06,-88.59536000000001
0.005608000000027739,-88.37772
0.016808000000031176,-87.93315000000001
0.03920799999999172,-86.56755999999999
0.08400800000000547,-79.42354000000007
0.14000800000002264,-60.325040000000165
0.1960079999999935,-31.36346000000012
0.25200800000001067,3.8356500000000793
0.25760800000003553,7.659780000000005
0.26880799999999266,15.33820000000019
0.2912079999999995,30.408549999999977
0.3360080000000133,56.55143000000007
0.39200800000003044,79.22476
0.4480080000000013,91.60030000000008
0.5040080000000186,96.82943999999982
0.5600079999999894,97.83023000000001
0.6160080000000066,96.57217999999989
0.6720080000000237,94.2228399999998
0.7280079999999945,91.42576999999986
0.7840080000000117,88.51784000000018
0.840008000000029,85.66655
0.8960079999999998,82.94987999999992
0.952008000000017,80.39935999999992
1.0080080000000342,78.02359000000014
1.064008000000005,75.81982999999993
1.120008000000022,73.78050999999996
1.176007999999993,71.89539999999982
1.2320080000000102,70.15357
1.2880080000000274,68.54443999999992
1.3440079999999983,67.05847000000009
1.4000080000000155,65.68628999999993
1.4560080000000326,64.41922999999994
1.5120080000000033,63.24938999999996
1.5680080000000207,62.16948000000011
1.6240079999999915,61.17247999999997
1.6800080000000086,60.25208000000015
1.7360080000000258,59.40229999999991
1.7920079999999967,58.617800000000166
1.8480080000000139,57.89348999999988
1.904008000000031,57.224810000000126
1.960008000000002,56.60744000000007
1.999992000000009,56.195980000000034
0.005592000000033961,56.20283000000015
0.016791999999991074,56.20325999999998
0.039191999999997944,55.702069999999935
0.08399200000001168,50.18610999999984
0.13999200000002887,32.971399999999875
0.19599199999999972,5.790780000000106
0.2519920000000169,-27.68915000000005
0.25759199999999544,-31.345180000000195
0.2687919999999989,-38.689610000000044
0.2911920000000058,-53.10817000000001
0.3359920000000195,-78.02633000000014
0.39199199999999035,-99.31772999999988
0.44799200000000755,-110.45243000000005
0.5039920000000248,-114.54980999999998
0.5599919999999956,-114.50669000000002
0.6159920000000128,-112.28083
0.6719920000000299,-109.0330100000001
0.7279920000000007,-105.40195000000008
0.783992000000018,-101.7205000000001
0.8399920000000352,-98.15273000000002
0.895992000000006,-94.77318000000001
0.9519920000000232,-91.60981999999996
1.007991999999994,-88.66792999999996
1.0639920000000112,-85.94153000000016
1.1199920000000283,-83.41972999999992
1.1759919999999993,-81.08930000000014
1.2319920000000164,-78.93673000000013
1.2879920000000336,-76.94882999999986
1.3439920000000045,-75.11332999999998
1.3999920000000217,-73.41858
1.4559919999999924,-71.8539199999999
1.5119920000000098,-70.40928999999996
1.567992000000027,-69.07555999999992
1.6239919999999977,-67.84414999999998
1.6799920000000148,-66.70726000000005
1.7359920000000322,-65.65755000000007
1.791992000000003,-64.68842999999991
1.84799200000002,-63.79362
1.903991999999991,-62.967499999999845
1.9599920000000082,-62.20472999999993
1.9999760000000153,-61.69634000000013
0.00557599999999386,-61.690140000000056
0.016775999999997297,-61.6648099999999
0.039176000000004166,-61.11453999999994
0.08397600000001791,-55.50988000000001
0.1399760000000351,-38.19385000000008
0.19597600000000595,-10.907870000000042
0.2519760000000231,22.689449999999887
0.2575760000000017,26.357789999999824
0.2687760000000051,33.726719999999986
0.291176000000012,48.19276000000006
0.33597600000002575,73.19524
0.3919759999999966,94.57047000000007
0.44797600000001375,105.77075999999997
0.503976000000031,109.9239299999999
0.5599760000000018,109.93198999999998
0.615976000000019,107.75482000000002
0.6719759999999898,104.55393999999995
0.7279760000000071,100.96857999999997
0.7839760000000242,97.33112
0.8399759999999951,93.80454999999999
0.8959760000000122,90.46339000000003
0.9519760000000294,87.33612000000002
1.0000240000000131,84.82792999999988
1.0056239999999916,84.60961999999994
1.016823999999995,84.16362
1.039224000000002,82.7940100000002
1.0840240000000156,75.63727000000009
1.1400240000000328,56.51994999999999
1.1960240000000038,27.5491699999999
1.252024000000021,-7.639910000000194
1.2576239999999994,-11.461909999999964
1.2688240000000028,-19.135930000000023
1.2912240000000097,-34.197500000000105
1.3360240000000236,-60.32742000000013
1.3920239999999944,-82.99648000000003
1.4480240000000115,-95.3781600000001
1.5040240000000287,-100.61785000000012
1.5600239999999996,-101.62954000000002
1.6160240000000168,-100.38086999999996
1.672024000000034,-98.03880999999981
1.728024000000005,-95.24706999999988
1.784024000000022,-92.34289000000007
1.8400239999999928,-89.49420000000008
1.89602400000001,-86.77942000000004
1.9520240000000273,-84.23048999999993
1.5999999993054522e-05,-82.18507999999991
0.005616000000017933,-82.01817
0.01681600000002137,-81.67411000000003
0.03921600000002824,-80.50356999999985
0.08401599999999566,-73.72650000000003
0.14001600000001285,-55.051149999999936
0.19601600000003003,-26.486320000000063
0.25201600000000085,8.333389999999996
0.25761600000002577,12.120579999999936
0.2688160000000292,19.725570000000083
0.29121599999998976,34.65242000000002
0.3360160000000035,60.52409000000014
0.3920160000000207,82.88827999999992
0.44801599999999153,94.98377000000002
0.5040160000000087,99.95657000000003
0.5600160000000258,100.72097000000002
0.6160159999999967,99.24416000000002
0.6720160000000139,96.69216000000014
0.7280160000000311,93.70740999999994
0.7840160000000019,90.62581000000014
0.8400160000000191,87.61393000000007
0.8960159999999899,84.7488999999999
0.9520160000000072,82.06137000000014
1.0000080000000193,79.90575999999993
1.0056079999999978,79.72650000000003
1.0168080000000013,79.35786999999993
1.0392080000000081,78.13856000000018
1.0840080000000218,71.26484999999994
1.1400079999999928,52.474310000000024
1.19600800000001,23.810190000000063
1.252008000000027,-11.085849999999953
1.2576080000000056,-14.879340000000019
1.268808000000009,-22.496749999999956
1.291208000000016,-37.44776000000005
1.3360080000000298,-63.369020000000106
1.3920080000000006,-85.80045000000003
1.4480080000000177,-97.96691000000001
1.5040080000000349,-103.00949000000004
1.5600080000000058,-103.83928000000009
1.616008000000023,-102.42216000000015
1.672007999999994,-99.92398999999996
1.728008000000011,-96.98760000000006
1.7840080000000282,-93.94950999999985
1.840007999999999,-90.97699999999986
1.8960080000000163,-88.14774999999986
1.9520080000000335,-85.4929900000001
1.9999999999999993,-83.36342999999991
0.005600000000024155,-83.18713
0.01680000000002759,-82.82447000000003
0.039200000000034464,-81.61781999999995
0.08400000000000188,-74.77277000000004
0.14000000000001905,-56.018959999999836
0.1959999999999899,-27.38054999999995
0.2520000000000071,7.509460000000079
0.25760000000003197,11.303489999999972
0.2688000000000354,18.92207999999984
0.29119999999999596,33.87548000000007
0.3360000000000097,59.79731999999993
0.3920000000000269,82.21870000000008
0.44799999999999773,94.36601000000012
0.5040000000000149,99.38625999999995
0.5600000000000321,100.19442000000001
0.616000000000003,98.75811000000012
0.6720000000000201,96.24363999999997
0.727999999999991,93.29366000000006
0.7840000000000081,90.24421999999998
0.8400000000000254,87.26208000000013
0.8959999999999962,84.42450999999984
0.9520000000000134,81.76234999999998
1.0080000000000306,79.28351
1.0640000000000014,76.9844799999999
1.1200000000000185,74.85701000000012
1.1759999999999895,72.89069000000015
1.2320000000000066,71.07437999999999
1.2880000000000238,69.39677999999994
1.3439999999999948,67.84740000000001
1.400000000000012,66.41648
1.456000000000029,65.09531000000001
1.5119999999999998,63.87540999999985
1.568000000000017,62.749009999999885
1.6240000000000343,61.70907000000003
1.680000000000005,60.74908000000012
1.7360000000000222,59.862819999999985
1.7919999999999932,59.04466000000008
1.8480000000000103,58.28929000000005
1.9040000000000274,57.59194999999995
1.9599999999999984,56.94811999999993
1.9999840000000055,56.51903000000003
0.005584000000030377,56.52350000000017
0.016784000000033814,56.519210000000044
0.03918399999999436,56.00886000000016
0.08398400000000811,50.47560999999989
0.13998400000002528,33.24090000000002
0.19598399999999613,6.041449999999893
0.2519840000000133,-27.456450000000075
0.2575839999999919,-31.11423000000002
0.2687839999999953,-38.462119999999935
0.29118400000000216,-52.88741999999979
0.33598400000001594,-77.81821
0.3919840000000331,-99.12390999999987
0.44798400000000393,-110.2715299999999
0.5039840000000211,-114.38074999999981
0.559983999999992,-114.34863000000006
0.6159840000000092,-112.13299000000009
0.6719840000000263,-108.89466000000003
0.7279839999999972,-105.27244000000002
0.7839840000000143,-101.59918000000002
0.8399840000000316,-98.03898999999983
0.8959840000000024,-94.66645000000007
0.9519840000000196,-91.50956
1.0079839999999904,-88.57365000000006
1.0639840000000076,-85.85277000000002
1.1199840000000247,-83.33605999999993
1.1759839999999957,-81.01032000000008
1.2319840000000128,-78.86207999999995
1.28798400000003,-76.87818000000001
1.343984000000001,-75.04638000000008
1.399984000000018,-73.3550300000001
1.4559840000000353,-71.79351999999994
1.511984000000006,-70.35178999999991
1.5679840000000234,-69.02073000000009
1.623983999999994,-67.79179000000002
1.6799840000000112,-66.65717000000004
1.7359840000000284,-65.60958000000005
1.7919839999999994,-64.64239999999988
1.8479840000000165,-63.749400000000065
1.9039840000000336,-62.92491999999994
1.9599840000000046,-62.163680000000056
2.40000000295708e-05,-61.65562000000002
0.005624000000008128,-61.64956999999993
0.016824000000011562,-61.62451999999985
0.03922400000001843,-61.07479000000016
0.08402400000003218,-55.471140000000084
0.14002400000000303,-38.15627999999993
0.1960240000000202,-10.871480000000044
0.2520239999999911,22.724559999999894
0.25762400000001595,26.392760000000017
0.2688240000000194,33.76142999999998
0.29122400000002624,48.22696000000004
0.33602399999999366,73.22848999999998
0.39202400000001086,94.60271999999992
0.448024000000028,105.80219999999984
0.5040239999999989,109.95466000000009
0.5600240000000161,109.96209999999995
0.6160240000000332,107.78437000000008
0.6720240000000041,104.58295999999989
0.7280240000000213,100.99711
0.7840239999999922,97.35919000000015
0.8400240000000093,93.8321900000001
0.8960240000000265,90.49063000000012
0.9520239999999973,87.3630099999998
1.0080240000000145,84.45454000000008
1.0640240000000316,81.75902999999995
1.1200240000000026,79.26554000000019
1.1760240000000197,76.96107000000008
1.2320239999999907,74.83261000000007
1.2880240000000078,72.86734999999989
1.344024000000025,71.0529900000001
1.4000239999999957,69.37764000000013
1.456024000000013,67.83057999999986
1.5120240000000302,66.40186999999997
1.568024000000001,65.08277000000007
1.6240240000000181,63.864810000000105
1.6800240000000353,62.74018000000004
1.7360240000000062,61.70186999999983
1.7920240000000234,60.74339000000006
1.8480239999999943,59.858490000000096
1.9040240000000115,59.04160000000003
1.9600240000000286,58.28739999999999
7.999999989470377e-06,57.78474
0.005608000000014349,57.7792800000001
0.016808000000017784,57.755320000000054
0.039208000000024654,57.206709999999994
0.08400799999999208,51.601210000000066
0.14000800000000926,34.28271000000005
0.19600800000002644,7.004510000000019
0.2520079999999973,-26.568369999999895
0.25760800000002215,-30.233409999999907
0.2688080000000256,-37.595720000000114
0.2912080000000325,-52.04914000000005
0.3360079999999999,-77.03282000000011
0.39200800000001707,-98.39856999999985
0.44800800000003427,-109.60054999999991
0.5040080000000051,-113.75967000000009
0.5600080000000223,-113.77367000000005
0.6160079999999931,-111.60082000000004
0.6720080000000104,-108.40223000000005
0.7280080000000275,-104.81683000000008
0.7840079999999984,-101.17766000000006
0.8400080000000155,-97.64901999999998
0.8960080000000327,-94.30562000000009
0.9520080000000035,-91.17565000000005
1.0080080000000207,-88.26456000000005
1.0640079999999916,-85.56659999999994
1.1200080000000088,-83.0710400000001
1.176008000000026,-80.76483000000012
1.2320079999999969,-78.6346
1.288008000000014,-76.66731999999988
1.3440080000000312,-74.85084999999981
1.400008000000002,-73.17367000000007
1.4560080000000193,-71.62521999999983
1.51200799999999,-70.19555
1.5680080000000072,-68.87564000000013
1.6240080000000243,-67.65696999999982
1.6800079999999953,-66.53186
1.7360080000000124,-65.49303000000006
1.7920080000000296,-64.53393000000007
1.8480080000000005,-63.64839999999994
1.9040080000000177,-62.830830000000006
1.9600080000000348,-62.07594999999988
1.9999919999999958,-61.572820000000085
0.005592000000020571,-61.56733999999986
0.016792000000024006,-61.54341000000008
0.039192000000030876,-60.995869999999954
0.0839919999999983,-55.39632000000005
0.13999200000001547,-38.08619999999996
0.19599200000003267,-10.805889999999874
0.2519920000000035,22.785830000000118
0.2575920000000284,26.453610000000126
0.26879200000003184,33.82145000000003
0.2911919999999924,48.2853299999999
0.3359920000000061,73.28380000000001
0.3919920000000233,94.65455
0.4479919999999942,105.85091999999996
0.5039920000000113,110.00053999999993
0.5599920000000285,110.0053700000001
0.6159919999999993,107.82520000000018
0.6719920000000166,104.6215399999999
0.7279920000000337,101.03357000000001
0.7839920000000046,97.39370999999997
0.8399920000000217,93.86492000000013
0.8959919999999926,90.52170000000004
0.9519920000000098,87.39252000000009
1.0079920000000269,84.48264000000006
1.0639919999999978,81.7858199999999
1.119992000000015,79.2911300000001
1.1759920000000321,76.98555000000007
1.231992000000003,74.85604999999995
1.2879920000000202,72.88984999999992
1.343991999999991,71.07459999999999
1.3999920000000083,69.39844000000006
1.4559920000000255,67.85063000000014
1.5119919999999962,66.42124000000015
1.5679920000000134,65.10151000000009
1.6239920000000307,63.882949999999994
1.6799920000000015,62.757780000000096
1.7359920000000186,61.71897000000004
1.7919919999999896,60.760020000000026
1.8479920000000067,59.87470999999989
1.9039920000000239,59.05741000000009
1.9599919999999948,58.302840000000074
0.015992000000011924,57.60622000000004
0.0719920000000291,56.963059999999956
0.12799199999999997,56.369299999999846
0.18399200000001714,55.82109999999996
0.23999200000003432,55.315009999999944
0.2959920000000052,54.84775999999991
0.35199200000002234,54.41642000000013
0.4079919999999932,54.018180000000136
0.4639920000000104,53.65054999999997
0.5199920000000275,53.311139999999924
0.5759919999999984,52.99783999999996
0.6319920000000155,52.708590000000164
0.6879920000000328,52.44159000000015
0.7439920000000037,52.19510000000005
0.7999920000000208,51.96756999999997
0.8559919999999916,51.75752
0.9119920000000088,51.563650000000074
0.967992000000026,51.38467999999996
1.023991999999997,51.219490000000036
1.079992000000014,51.06699000000003
1.1359920000000312,50.92625000000006
1.1919920000000022,50.796339999999994
1.2479920000000193,50.676450000000095
1.30399199999999,50.56576999999996
1.3599920000000072,50.463640000000034
1.4159920000000246,50.36936999999986
1.4719919999999953,50.282380000000074
1.5279920000000125,50.20208999999998
1.5839920000000296,50.12801000000011
1.6399920000000006,50.05963999999996
1.6959920000000177,49.99655999999986
1.7519920000000349,49.93833999999997
1.8079920000000058,49.88464000000015
1.863992000000023,49.835079999999806
1.9199919999999937,49.789370000000055
1.975992000000011,49.74718
0.03199200000002815,49.70828999999988
0.087991999999999,49.67239999999995
0.1439920000000162,49.63929999999994
0.19999200000003337,49.60877000000008
0.2559920000000042,49.58062000000019
0.3119920000000214,49.554660000000084
0.36799199999999227,49.53073000000008
0.4239920000000094,49.50864999999993
0.4799920000000266,49.48832000000003
0.5359919999999975,49.469570000000076
0.5919920000000146,49.45230000000001
0.6479920000000319,49.43637000000001
0.7039920000000027,49.42170000000012
0.7599920000000199,49.408200000000015
0.8159919999999907,49.395760000000124
0.8719920000000079,49.384299999999826
0.927992000000025,49.37375999999993
0.983991999999996,49.36404999999988
1.0399920000000131,49.35511999999997
1.0959920000000303,49.34690999999991
1.1519920000000012,49.339360000000056
1.2079920000000184,49.33242000000004
1.2639920000000355,49.32603999999996
1.3199920000000063,49.320170000000104
1.3759920000000236,49.314800000000105
1.4319919999999944,49.30987000000009
1.4879920000000115,49.305339999999866
1.5439920000000287,49.30118999999999
1.5999919999999996,49.29738999999999
1.6559920000000168,49.29391999999999
1.711992000000034,49.29074
1.767992000000005,49.28783000000014
1.823992000000022,49.2851700000001
1.8799919999999928,49.282760000000096
1.93599200000001,49.280559999999916
1.9919920000000273,49.278550000000145
0.04799199999999806,49.2767300000001
0.10399200000001524,49.27509000000008
0.1599920000000324,49.27358999999987
0.21599200000000326,49.27224000000008
0.27199200000002044,49.2710300000001
0.3279919999999913,49.2699299999999
0.3839920000000085,49.26895999999981
0.43999200000002564,49.26808999999999
0.49599199999999655,49.267320000000005
0.5519920000000137,49.26662999999998
0.6079920000000308,49.26602000000013
0.6639920000000017,49.26549999999996
0.719992000000019,49.26505000000003
0.7759919999999898,49.26465000000002
0.831992000000007,49.264320000000026
0.8879920000000241,49.26403999999995
0.943991999999995,49.26381999999996
0.9999920000000122,49.263640000000166
1.0055919999999907,49.32601000000014
1.0167919999999941,49.43648
1.039192000000001,49.1492899999999
1.0839920000000147,44.037899999999965
1.1399920000000319,27.292780000000015
1.1959920000000028,0.5534000000000372
1.25199200000002,-32.5074700000001
1.2575919999999985,-36.12296000000015
1.268792000000002,-43.38691999999988
1.2911920000000088,-57.64865999999991
1.3359920000000225,-82.27177999999991
1.3919919999999935,-103.22794999999996
1.4479920000000106,-114.05886999999981
1.5039920000000278,-117.87745999999987
1.5599919999999987,-117.57651000000013
1.6159920000000159,-115.11148999999988
1.671992000000033,-111.64178999999996
1.727992000000004,-107.80506999999994
1.7839920000000211,-103.93322000000005
1.8399919999999919,-100.18937000000005
1.895992000000009,-96.64721999999992
1.9519920000000262,-93.33385000000006
0.007991999999997113,-90.25339999999993
0.06399200000001429,-87.39894000000015
0.11999200000003146,-84.75896000000004
0.1759920000000023,-82.31949000000016
0.23199200000001952,-80.0663399999999
0.28799199999999037,-77.98561000000004
0.3439920000000075,-76.06446
0.3999920000000247,-74.29065000000001
0.45599199999999557,-72.65300000000008
0.5119920000000128,-71.14098999999996
0.5679920000000299,-69.74507000000018
0.6239920000000008,-68.45623
0.6799920000000179,-67.26631999999988
0.7359920000000352,-66.16767999999995
0.791992000000006,-65.15335999999982
0.8479920000000232,-64.21683000000012
0.903991999999994,-63.35216999999993
0.9599920000000112,-62.55381999999998
0.9999760000000184,-62.021719999999945
1.005575999999997,-62.01232000000001
1.0167760000000003,-61.98064999999997
1.0391760000000072,-61.41800999999991
1.083976000000021,-55.789929999999984
1.1399759999999919,-38.446680000000065
1.195976000000009,-11.135290000000131
1.2519760000000262,22.48590000000017
1.2575760000000047,26.156540000000117
1.2687760000000081,33.53004000000004
1.291176000000015,48.004970000000036
1.3359760000000287,73.02433000000019
1.3919759999999997,94.41895999999983
1.4479760000000168,105.63701000000015
1.503976000000034,109.80652000000002
1.559976000000005,109.82968000000004
1.615976000000022,107.66647000000007
1.6719759999999928,104.47848000000005
1.7279760000000102,100.9050199999999
1.7839760000000273,97.27854000000002
1.839975999999998,93.7621099999999
1.8959760000000152,90.4303099999999
1.9519760000000326,87.31166999999984
0.007976000000003335,84.41151000000002
0.06397600000002052,81.72366999999991
0.11997599999999137,79.23725000000003
0.17597600000000854,76.93945000000002
0.23197600000002572,74.81735999999995
0.28797599999999657,72.85784000000018
0.34397600000001377,71.04843999999999
0.3999760000000309,69.37762000000004
0.45597600000000177,67.8347800000001
0.511976000000019,66.41002999999989
0.5679759999999898,65.09461000000005
0.623976000000007,63.880060000000014
0.6799760000000242,62.7586
0.7359759999999951,61.72322999999991
0.7919760000000122,60.76744999999995
0.8479760000000294,59.885069999999985
0.9039760000000002,59.070469999999986
0.9599760000000175,58.3184000000001
1.0159760000000346,57.62409000000002
1.0719760000000054,56.98304999999992
1.1279760000000227,56.39126000000005
1.1839759999999935,55.84486999999982
1.2399760000000106,55.340460000000036
1.2959760000000278,54.87474999999997
1.3519759999999987,54.444829999999996
1.4079760000000159,54.04790999999997
1.463976000000033,53.6815100000001
1.519976000000004,53.34323000000008
1.5759760000000211,53.03096000000007
1.6319759999999919,52.74266000000005
1.6879760000000092,52.476540000000014
1.7439760000000264,52.23087000000004
1.7999759999999971,52.00409000000006
1.8559760000000143,51.79474000000006
1.9119760000000314,51.60151000000002
1.9679760000000024,51.42311999999993
8.000000022402505e-06,51.32738000000003
0.0056080000000009594,51.37353
0.016808000000004396,51.45187000000018
0.03920800000001127,51.102200000000096
0.08400800000002501,45.8727000000001
0.14000799999999586,28.9904299999999
0.19600800000001303,2.122039999999936
0.2520080000000302,-31.06143000000006
0.2576080000000088,-34.68880000000007
0.2688080000000122,-41.976309999999906
0.29120800000001906,-56.283929999999984
0.33600800000003284,-80.99327999999994
0.3920080000000037,-102.04726999999991
0.4480080000000209,-112.96671000000002
0.5040079999999917,-116.86647999999988
0.5600080000000089,-116.64061000000015
0.6160080000000261,-114.2452599999999
0.6720079999999969,-110.84022000000004
0.7280080000000141,-107.06345999999999
0.7840080000000312,-103.24712999999997
0.8400080000000022,-99.55464000000003
0.8960080000000193,-96.0599499999999
0.9520079999999902,-92.79039999999993
1.0080080000000073,-89.75040000000001
1.0640080000000245,-86.93327000000006
1.1200079999999955,-84.32773000000005
1.1760080000000126,-81.92006000000008
1.2320080000000297,-79.69621999999998
1.2880080000000007,-77.64256999999985
1.3440080000000179,-75.74638999999993
1.400008000000035,-73.99564000000014
1.4560080000000057,-72.37927999999982
1.512008000000023,-70.88693000000012
1.5680079999999939,-69.50913000000014
1.624008000000011,-68.23704000000008
1.6800080000000281,-67.06260000000009
1.736007999999999,-65.97823000000002
1.7920080000000163,-64.97709000000017
1.8480080000000334,-64.05271999999984
1.9040080000000044,-63.19929999999996
1.9600080000000215,-62.411329999999985
1.9999920000000286,-61.88614000000015
0.005592000000007181,-61.87768000000005
0.016792000000010618,-61.84784999999992
0.03919200000001749,-61.28880999999997
0.08399200000003124,-55.667479999999884
0.1399920000000021,-38.33204000000001
0.19599200000001926,-11.028040000000017
0.2519919999999901,22.586019999999873
0.257592000000015,26.25596000000008
0.26879200000001846,33.62807999999995
0.2911920000000253,48.10031999999986
0.33599199999999274,73.11459000000009
0.3919920000000099,94.50352000000018
0.4479920000000271,105.71644000000013
0.5039919999999979,109.88127000000003
0.5599920000000151,109.90012999999999
0.6159920000000323,107.73290999999996
0.6719920000000031,104.54121000000005
0.7279920000000203,100.96430000000001
0.7839919999999911,97.33462000000004
0.8399920000000084,93.81522999999991
0.8959920000000255,90.48070000000008
0.9519919999999964,87.35954000000001
1.0079920000000135,84.45704999999992
1.0639920000000307,81.76704000000012
1.1199920000000017,79.27864000000007
1.1759920000000188,76.97901000000007
1.231992000000036,74.85521999999989
1.287992000000007,72.89414000000005
1.343992000000024,71.08329999999997
1.3999919999999948,69.41113999999993
1.455992000000012,67.86708000000007
1.5119920000000293,66.4412000000001
1.567992,65.12474000000013
1.6239920000000172,63.90921999999999
1.6799920000000343,62.78687999999999
1.7359920000000053,61.75068000000006
1.7919920000000225,60.79413999999983
1.8479919999999934,59.91104999999997
1.9039920000000106,59.09580999999986
1.9599920000000277,58.34314000000007
1.9999760000000348,57.84149999999988
0.005576000000013403,57.83618999999995
0.01677600000001684,57.81250999999998
0.03917600000002371,57.26445000000013
0.08397599999999113,51.660049999999956
0.13997600000000832,34.34280000000012
0.1959760000000255,7.065499999999947
0.25197599999999637,-26.5069
0.25757600000002123,-30.171919999999908
0.26877600000002466,-37.53417999999997
0.2911760000000315,-51.987489999999916
0.33597599999999894,-76.97087000000002
0.39197600000001614,-98.33602000000008
0.4479760000000333,-109.53721000000004
0.5039760000000042,-113.69544999999981
0.5599760000000213,-113.70861
0.6159759999999922,-111.53499999999994
0.6719760000000093,-108.33570000000003
0.7279760000000266,-104.74969
0.7839759999999975,-101.10998999999987
0.8399760000000146,-97.58084999999994
0.8959760000000317,-94.23700999999984
0.9519760000000026,-91.10663000000008
1.0000240000000327,-88.59557000000007
1.0056240000000112,-88.37697000000011
1.0168240000000146,-87.93049999999991
1.0392240000000215,-86.56117999999991
1.0840240000000352,-79.40994999999984
1.1400240000000061,-60.30301000000016
1.1960240000000233,-31.333749999999938
1.2520239999999943,3.872099999999934
1.257624000000019,7.696860000000028
1.2688240000000224,15.376499999999904
1.2912240000000292,30.449240000000046
1.3360239999999968,56.596709999999995
1.392024000000014,79.27558000000002
1.448024000000031,91.65643000000001
1.504024000000002,96.89057000000001
1.5600240000000192,97.89603000000002
1.61602399999999,96.64225999999987
1.6720240000000073,94.29686999999998
1.7280240000000244,91.50342
1.7840239999999952,88.59879999999998
1.8400240000000123,85.7505300000001
1.8960240000000295,83.0366600000001
1.9520240000000004,80.48869999999985
1.6000000012596663e-05,78.44412999999983
0.005615999999991153,78.27728999999994
0.01681599999999459,77.93325000000007
0.03921600000000146,76.76172000000014
0.0840160000000152,69.97818000000011
0.1400160000000324,51.291879999999956
0.19601600000000324,22.725359999999917
0.2520160000000204,-12.077960000000054
0.25761599999999896,-15.86247999999979
0.2688160000000024,-23.462050000000012
0.2912160000000093,-38.37824000000012
0.336016000000023,-64.23369000000001
0.39201599999999387,-86.58994000000008
0.44801600000001107,-98.68802999999993
0.5040160000000282,-103.66786000000006
0.5600159999999991,-104.43970999999985
0.6160160000000162,-102.96894999999995
0.6720160000000335,-100.42110000000015
0.7280160000000043,-97.43872999999992
0.7840160000000215,-94.35811999999987
0.8400159999999923,-91.34628999999994
0.8960160000000095,-88.48074000000005
0.9520160000000267,-85.79245999999996
1.0000079999999925,-83.63625000000008
1.0056080000000174,-83.45695999999991
1.0168080000000208,-83.0883899999999
1.0392080000000277,-81.87023999999998
1.0840079999999952,-75.00337999999984
1.1400080000000123,-56.224239999999924
1.1960080000000295,-27.562279999999937
1.2520080000000005,7.349770000000033
1.2576080000000252,11.145909999999981
1.2688080000000286,18.76868999999992
1.2912080000000357,33.73031000000015
1.336008000000003,59.66771999999998
1.3920080000000201,82.10709999999999
1.448007999999991,94.27095000000007
1.5040080000000082,99.30645000000004
1.5600080000000254,100.12867999999986
1.6160079999999961,98.70537000000002
1.6720080000000135,96.20289999999999
1.7280080000000306,93.26398999999985
1.7840080000000014,90.22476000000013
1.8400080000000185,87.25205000000003
1.8960080000000359,84.42317
1.9520080000000066,81.76902000000008
0.008008000000023822,79.29757999999998
0.06400799999999468,77.00551
0.12000800000001186,74.88468999999998
0.17600800000002903,72.92435000000009
0.23200799999999988,71.11324000000008
0.2880080000000171,69.44035999999998
0.34400800000003423,67.89544000000004
0.4000080000000051,66.46864000000008
0.4560080000000223,65.15132000000001
0.5120079999999931,63.934990000000134
0.5680080000000103,62.81190999999997
0.6240080000000275,61.77503000000017
0.6800079999999984,60.8178800000001
0.7360080000000155,59.93422000000015
0.7920080000000327,59.11847999999998
0.8480080000000035,58.36533999999993
0.9040080000000208,57.670049999999804
0.9600079999999916,57.028120000000015
1.0160080000000087,56.435490000000144
1.072008000000026,55.88833999999987
1.1280079999999968,55.38322000000018
1.184008000000014,54.91687
1.240008000000031,54.48635000000013
1.296008000000002,54.0888799999999
1.3520080000000192,53.72196000000007
1.4080079999999902,53.38319999999985
1.4640080000000073,53.070500000000024
1.5200080000000245,52.78179999999999
1.5760079999999952,52.515309999999985
1.6320080000000126,52.26929000000013
1.6880080000000297,52.04220000000004
1.7440080000000004,51.83254999999987
1.8000080000000176,51.639039999999966
1.8560080000000347,51.46041000000001
1.9120080000000057,51.29552999999998
1.9680080000000229,51.14331999999999
1.999984000000025,51.06177000000001
0.0055840000000035965,51.11029999999994
0.016784000000007033,51.19336000000008
0.0391840000000139,50.8528800000001
0.08398400000002765,45.64078999999999
0.1399839999999985,28.778750000000073
0.19598400000001567,1.9293300000000624
0.25198400000003285,-31.236249999999856
0.2575840000000114,-34.86188000000001
0.26878400000001484,-42.14596000000004
0.2911840000000217,-56.44689999999986
0.3359840000000355,-81.14361999999997
0.3919840000000063,-102.18316999999999
0.4479840000000235,-113.08945000000014
0.5039839999999943,-116.97713999999992
0.5599840000000116,-116.74012999999994
0.6159840000000287,-114.33446999999997
0.6719839999999996,-110.91990000000007
0.7279840000000167,-107.13433000000006
0.7839840000000339,-103.30985999999997
0.8399840000000047,-99.60984000000006
0.895984000000022,-96.10821000000014
0.9519839999999928,-92.83226
1.00798400000001,-89.78633999999985
1.0639840000000271,-86.96375999999995
1.119983999999998,-84.35317999999992
1.1759840000000152,-81.94086999999995
1.2319840000000324,-79.71275000000011
1.2879840000000033,-77.65514000000007
1.3439840000000205,-75.75531000000014
1.3999839999999912,-74.00118
1.4559840000000084,-72.38171999999987
1.5119840000000255,-70.88648999999991
1.5679839999999965,-69.50604999999999
1.6239840000000136,-68.2315
1.6799840000000308,-67.05479999999997
1.7359840000000017,-65.96834000000018
1.791984000000019,-64.96525999999992
1.847984000000036,-64.03912000000011
1.903984000000007,-63.18406999999993
1.9599840000000242,-62.39456999999993
2.4000000002790825e-05,-61.8676600000001
0.005624000000027669,-61.85907000000013
0.016824000000031106,-61.8289700000001
0.039223999999991654,-61.26942000000013
0.0840240000000054,-55.64707000000002
0.14002400000002257,-38.310459999999935
0.19602399999999343,-11.005490000000062
0.25202400000001063,22.609320000000153
0.2576240000000355,26.279329999999934
0.2688239999999926,33.651560000000025
0.2912239999999995,48.1240300000001
0.3360240000000132,73.13879000000001
0.3920240000000304,94.52837000000014
0.44802400000000125,105.74201000000016
0.5040240000000185,109.90754999999996
0.5600240000000356,109.92709
0.6160240000000065,107.76051000000008
0.6720240000000236,104.56938999999998
0.7280239999999945,100.99301000000006
0.7840240000000117,97.36381000000006
0.8400240000000289,93.84487000000009
0.8960239999999997,90.51074000000003
0.9520240000000169,87.38994999999994
1.000016000000029,84.88974999999988
1.0056160000000076,84.67198999999992
1.016816000000011,84.22708000000002
1.039216000000018,82.85966999999994
1.0840160000000316,75.70719000000014
1.1400160000000026,56.59487999999979
1.1960160000000197,27.628500000000056
1.2520159999999905,-7.557030000000076
1.2576160000000154,-11.378719999999953
1.2688160000000188,-19.052129999999945
1.2912160000000257,-34.11250999999993
1.3360159999999932,-60.24004999999999
1.3920160000000104,-82.90599999999992
1.4480160000000275,-95.2845
1.5040159999999985,-100.52109999999992
1.5600160000000156,-101.52991999999995
1.6160160000000328,-100.27861000000016
1.6720160000000035,-97.93417000000004
1.7280160000000209,-95.14028000000008
1.7840159999999916,-92.23413999999997
1.8400160000000088,-89.38367000000014
1.896016000000026,-86.66729000000007
1.9520159999999969,-84.11689999999994
8.000000009012518e-06,-82.07032999999986
0.005608000000033891,-81.90329000000007
0.016807999999991004,-81.55895999999996
0.039207999999997876,-80.38786999999981
0.08400800000001162,-73.60955999999996
0.1400080000000288,-54.932630000000145
0.19600799999999965,-26.36660000000002
0.25200800000001683,8.453640000000151
0.2576079999999954,12.24082999999987
0.2688079999999988,19.845839999999892
0.2912080000000057,34.77270999999993
0.33600800000001946,60.64453999999997
0.3920079999999903,83.00922000000011
0.44800800000000746,95.10551000000001
0.5040080000000247,100.07920000000014
0.5600079999999955,100.84445000000008
0.6160080000000127,99.36839999999991
0.6720080000000299,96.81706999999994
0.7280080000000008,93.8329
0.7840080000000179,90.75177999999995
0.8400080000000351,87.74031999999998
0.8960080000000059,84.87566999999996
0.9520080000000231,82.18847000000018
1.008007999999994,79.68650999999993
1.0640080000000112,77.36612999999993
1.1200080000000283,75.21895
1.1760079999999993,73.23444999999995
1.2320080000000164,71.40134999999992
1.2880080000000336,69.70823999999998
1.3440080000000043,68.14458
1.4000080000000217,66.70047000000001
1.4560079999999924,65.36713000000005
1.5120080000000096,64.13598000000009
1.5680080000000267,62.99922000000002
1.6240079999999977,61.94970999999994
1.6800080000000148,60.98088000000001
1.736008000000032,60.08645000000001
1.792008000000003,59.26074999999997
1.84800800000002,58.49842000000005
1.9040079999999908,57.79464999999995
1.960008000000008,57.144880000000065
1.9999920000000153,56.71183000000002
0.005591999999993791,56.715779999999995
0.016791999999997226,56.71043000000009
0.0391920000000041,56.19806000000005
0.08399200000001784,50.661109999999844
0.139992000000035,33.42208999999996
0.19599200000000588,6.218250000000092
0.25199200000002303,-27.284399999999877
0.2575920000000016,-30.94267000000017
0.268792000000005,-38.291529999999966
0.29119200000001194,-52.718709999999945
0.33599200000002566,-77.65286999999988
0.3919919999999965,-98.96195000000007
0.4479920000000137,-110.11227000000012
0.5039920000000309,-114.22380999999993
0.5599920000000017,-114.19381000000017
0.6159920000000189,-111.98019999999987
0.6719920000000361,-108.74381999999994
0.727992000000007,-105.12346999999988
0.7839920000000241,-101.45197999999999
0.839991999999995,-97.89347000000004
0.8959920000000121,-94.52250000000006
0.9519920000000294,-91.36707
0.9999839999999952,-88.83891999999993
1.00558400000002,-88.61808000000005
1.0167840000000234,-88.1671599999998
1.0391840000000303,-86.78917000000008
1.0839839999999978,-79.62159000000013
1.139984000000015,-60.49576000000001
1.1959840000000321,-31.508929999999992
1.251984000000003,3.7134800000000467
1.2575840000000278,7.539840000000186
1.2687840000000312,15.222660000000054
1.291183999999992,30.30160000000004
1.3359840000000056,56.460820000000076
1.3919840000000228,79.15321000000009
1.4479839999999937,91.54643999999989
1.5039840000000109,96.79199999999999
1.559984000000028,97.8079999999999
1.6159839999999988,96.56401999999997
1.6719840000000161,94.22766999999999
1.7279840000000333,91.44259
1.783984000000004,88.54571999999993
1.8399840000000212,85.70461000000007
1.8959839999999921,82.99732999999998
1.9519840000000093,80.45547999999991
1.9999760000000215,78.41576000000016
0.005576000000000012,78.24944999999994
0.016776000000003448,77.90648
0.03917600000001032,76.73704999999997
0.08397600000002406,69.95751999999999
0.1399759999999949,51.27590999999998
0.19597600000001208,22.71374000000015
0.2519760000000293,-12.08560000000003
0.25757600000000785,-15.869740000000077
0.2687760000000113,-23.468560000000195
0.29117600000001814,-38.38327999999991
0.33597600000003186,-64.23590999999985
0.3919760000000027,-86.58882999999994
0.4479760000000199,-98.68383000000014
0.5039759999999908,-103.66081999999999
0.5599760000000079,-104.43005000000016
0.6159760000000252,-102.95688999999997
0.671975999999996,-100.40684999999993
0.7279760000000132,-97.42246999999993
0.7839760000000303,-94.34001999999997
0.8399760000000012,-91.3265000000001
0.8959760000000184,-88.45939000000014
0.9519760000000356,-85.7696699999999
1.0079760000000064,-83.26539999999993
1.0639760000000236,-80.94289999999992
1.1199759999999945,-78.79356000000004
1.1759760000000117,-76.80660000000006
1.2319760000000288,-74.97098000000003
1.2879759999999996,-73.27565000000003
1.343976000000017,-71.71022999999988
1.399976000000034,-70.26482
1.4559760000000048,-68.93032999999993
1.511976000000022,-67.69822999999997
1.567975999999993,-66.56069999999991
1.62397600000001,-65.51042999999979
1.6799760000000272,-64.54080000000006
1.7359759999999982,-63.645530000000065
1.7919760000000153,-62.81899999999996
1.8479760000000325,-62.055850000000135
1.9039760000000032,-61.35129999999989
1.9599760000000206,-60.700779999999895
0.015975999999991365,-60.10019999999994
0.07197600000000855,-59.54568000000005
0.1279760000000257,-59.03374000000006
0.1839759999999966,-58.56105999999994
0.23997600000001376,-58.124680000000154
0.29597600000003094,-57.72178000000005
0.3519760000000018,-57.34978000000002
0.407976000000019,-57.0062699999998
0.46397600000003614,-56.6891599999999
0.519976000000007,-56.39638000000002
0.5759760000000241,-56.126129999999996
0.631975999999995,-55.87658000000006
0.6879760000000122,-55.6461800000001
0.7439760000000294,-55.43345999999993
0.7999760000000002,-55.23710999999998
0.8559760000000174,-55.05583000000014
0.9119760000000346,-54.88851000000005
0.9679760000000055,-54.734030000000104
1.0239760000000226,-54.59142999999989
1.0799759999999934,-54.45977000000002
1.1359760000000108,-54.33826000000019
1.191976000000028,-54.22605000000003
1.2479759999999986,-54.122489999999914
1.3039760000000158,-54.02686000000001
1.3599760000000332,-53.93859999999995
1.415976000000004,-53.85710999999982
1.471976000000021,-53.781909999999876
1.527975999999992,-53.71247000000001
1.5839760000000092,-53.64838000000005
1.6399760000000263,-53.589209999999945
1.6959759999999973,-53.53458999999994
1.7519760000000144,-53.48417999999988
1.8079760000000316,-53.437640000000066
1.8639760000000023,-53.39467999999981
1.9199760000000197,-53.35504000000002
1.9759759999999904,-53.31844000000019
0.031976000000007596,-53.284659999999874
0.08797600000002477,-53.25347999999997
0.14397599999999564,-53.224710000000066
0.1999760000000128,-53.198149999999835
0.25597600000002996,-53.1736399999998
0.31197600000000086,-53.151009999999886
0.367976000000018,-53.13013999999994
0.4239760000000352,-53.110859999999875
0.47997600000000606,-53.093090000000174
0.5359760000000232,-53.07667000000005
0.5919759999999941,-53.06153999999985
0.6479760000000113,-53.04755999999999
0.7039760000000285,-53.03466999999995
0.7599759999999993,-53.02277000000011
0.8159760000000165,-53.011810000000104
0.8719760000000336,-53.001679999999936
0.9279760000000045,-52.992340000000084
0.9839760000000217,-52.98372000000007
1.0399759999999925,-52.97578000000014
1.0959760000000098,-52.968440000000115
1.151976000000027,-52.96168999999984
1.2079759999999977,-52.95545999999995
1.2639760000000149,-52.94971000000004
1.319976000000032,-52.944410000000055
1.375976000000003,-52.939530000000175
1.4319760000000201,-52.93502000000005
1.487975999999991,-52.93086999999996
1.5439760000000082,-52.92703999999993
1.5999760000000254,-52.92352
1.6559759999999961,-52.920279999999934
1.7119760000000135,-52.917279999999955
1.7679760000000306,-52.91453000000001
1.8239760000000014,-52.91199999999985
1.8799760000000185,-52.90965999999986
1.935976000000036,-52.907510000000045
1.9919760000000066,-52.90553000000009
0.047976000000023826,-52.903719999999986
0.10397599999999468,-52.902050000000145
0.15997600000001186,-52.900509999999954
0.21597600000002903,-52.89909999999986
0.2719759999999999,-52.8978
0.3279760000000171,-52.89661000000012
0.38397600000003423,-52.89551999999986
0.4399760000000051,-52.89451999999994
0.4959760000000223,-52.893599999999985
0.5519759999999931,-52.89275999999998
0.6079760000000103,-52.89199
0.6639760000000275,-52.891280000000094
0.7199759999999984,-52.89063999999999
0.7759760000000155,-52.89005999999996
0.8319760000000327,-52.88952000000013
0.8879760000000035,-52.889039999999945
0.9439760000000208,-52.888600000000174
0.9999759999999916,-52.88819
1.0055760000000165,-52.95055000000004
1.0167760000000199,-53.06111999999996
1.0391760000000267,-52.77500000000002
1.0839759999999943,-47.66903
1.1399760000000114,-30.930820000000026
1.1959760000000286,-4.187940000000001
1.2519759999999993,28.891610000000068
1.2575760000000242,32.509719999999966
1.2687760000000277,39.77892999999999
1.2911760000000345,54.05053000000004
1.335976000000002,78.68708999999984
1.3919760000000192,99.64679999999993
1.4479760000000363,110.47101999999987
1.5039760000000073,114.27937999999993
1.5599760000000245,113.96872999999985
1.6159759999999952,111.49604000000002
1.6719760000000123,108.02098000000004
1.7279760000000297,104.18145999999994
1.7839760000000005,100.30888000000004
1.8399760000000176,96.56515999999993
1.8959760000000347,93.02316999999994
1.9519760000000057,89.71002999999999
2.4000000035722954e-05,87.0537600000001
0.00562400000001428,86.81894000000013
0.016824000000017714,86.34019999999998
0.039224000000024586,84.90710000000013
0.08402399999999201,77.6310200000001
0.1400240000000092,58.376100000000044
0.19602400000002637,29.275880000000143
0.2520239999999972,-6.037679999999934
0.2576240000000221,-9.871840000000187
0.26882400000002554,-17.570019999999964
0.2912240000000324,-32.67876999999997
0.3360239999999998,-58.89763999999986
0.392024000000017,-81.66754999999992
0.4480240000000342,-94.14012999999998
0.504024000000005,-99.46282000000006
0.5600240000000222,-100.55100000000006
0.616023999999993,-99.37316000000007
0.6720240000000103,-97.09681000000003
0.7280240000000274,-94.36595999999997
0.7840239999999983,-91.51818999999995
0.8400240000000154,-88.72169000000008
0.8960240000000327,-86.05518999999995
0.9520240000000035,-83.55084999999995
1.0000160000000158,-81.54090999999997
1.0056159999999943,-81.37797000000013
1.0168159999999977,-81.04175999999997
1.0392160000000046,-79.88641000000007
1.0840160000000183,-73.13772000000007
1.1400160000000354,-54.49490999999984
1.1960160000000064,-25.960879999999964
1.2520160000000236,8.82875999999988
1.257616000000002,12.612970000000168
1.2688160000000055,20.212059999999976
1.2912160000000124,35.12736999999988
1.336016000000026,60.977380000000196
1.392015999999997,83.31723000000002
1.4480160000000142,95.39102000000011
1.5040160000000313,100.34407999999995
1.560016000000002,101.09027999999998
1.6160160000000194,99.59658999999999
1.6720159999999902,97.02889999999998
1.7280160000000073,94.02955999999985
1.7840160000000245,90.93440000000008
1.8400159999999954,87.90996000000018
1.8960160000000126,85.03329000000015
1.9520160000000297,82.33500999999998
0.008016000000000627,79.8228099999998
0.06401600000001781,77.49297
0.12001600000003498,75.3370900000001
0.17601600000000583,73.34452999999996
0.232016000000023,71.50400000000002
0.2880159999999939,69.80403999999996
0.34401600000001104,68.23405999999999
0.40001600000002824,66.78410999999996
0.4560159999999991,65.44538000000011
0.5120160000000162,64.20927000000009
0.5680160000000335,63.067899999999845
0.6240160000000043,62.01415999999993
0.6800160000000215,61.041420000000016
0.7360159999999923,60.14337000000003
0.7920160000000095,59.31434000000002
0.8480160000000266,58.54892999999994
0.9040159999999976,57.84232
0.9600160000000147,57.189930000000054
1.016016000000032,56.58763999999983
1.0720160000000027,56.03157000000003
1.12801600000002,55.51821999999995
1.1840159999999909,55.044279999999944
1.240016000000008,54.606739999999874
1.2960160000000251,54.20278999999994
1.352015999999996,53.82989000000005
1.4080160000000133,53.48560999999985
1.4640160000000304,53.167799999999986
1.5200160000000011,52.8744000000001
1.5760160000000183,52.60357000000005
1.6320160000000357,52.35352999999998
1.6880160000000064,52.122729999999784
1.7440160000000235,51.90965999999997
1.8000159999999945,51.712999999999894
1.8560160000000117,51.53144999999992
1.9120160000000288,51.36387000000009
1.9680159999999998,51.209179999999854
1.9999920000000018,51.12629000000002
0.005592000000026723,51.17460000000018
0.016792000000030158,51.257209999999944
0.039191999999990706,50.91587000000008
0.08399200000000445,45.70216999999999
0.13999200000002163,28.838229999999854
0.19599199999999248,1.986870000000085
0.25199200000000965,-31.18070999999989
0.2575920000000345,-34.80653999999994
0.26879199999999165,-42.09103999999986
0.2911919999999985,-56.39275999999982
0.3359920000000123,-81.09089999999996
0.39199200000002943,-102.13192999999987
0.4479920000000003,-113.03942
0.5039920000000175,-116.92815999999983
0.5599920000000347,-116.69207999999998
0.6159920000000055,-114.28729999999999
0.6719920000000227,-110.87355
0.7279919999999935,-107.08876000000012
0.7839920000000107,-103.26502999999998
0.8399920000000279,-99.56570000000009
0.8959919999999988,-96.06471000000005
0.9519920000000159,-92.78936000000004
0.9999840000000281,-90.16576000000009
1.0055840000000067,-89.93423000000011
1.0167840000000101,-89.46213999999996
1.039184000000017,-88.04302999999992
1.0839840000000307,-80.79805000000006
1.1399840000000017,-61.58291999999999
1.1959840000000188,-32.512399999999886
1.251984000000036,2.7899399999999908
1.2575840000000145,6.624079999999921
1.268784000000018,14.322369999999918
1.2911840000000248,29.431540000000034
1.3359839999999923,55.64795
1.3919840000000094,78.40559000000002
1.4479840000000266,90.85795000000019
1.5039839999999973,96.15762000000005
1.5599840000000147,97.22348000000002
1.6159840000000318,96.0256100000001
1.6719840000000026,93.73195000000001
1.7279840000000197,90.98639000000009
1.7839839999999907,88.12606999999994
1.8399840000000078,85.31874999999988
1.895984000000025,82.64268000000018
1.951983999999996,80.12964999999994
1.999976000000008,78.11285000000012
0.005576000000032945,77.94911000000005
0.01677600000003638,77.61121999999988
0.03917599999999693,76.45166000000003
0.08397600000001067,69.69073000000003
0.13997600000002786,51.030599999999815
0.1959759999999987,22.48848999999997
0.2519760000000159,-12.291839999999832
0.2575759999999944,-16.074139999999957
0.26877599999999785,-23.669309999999832
0.29117600000000476,-38.57690000000002
0.3359760000000185,-64.41605999999989
0.3919760000000357,-86.75356999999994
0.44797600000000654,-98.83453999999992
0.5039760000000237,-103.79859999999996
0.5599759999999946,-104.55587
0.6159760000000117,-103.07162999999986
0.6719760000000289,-100.51129999999998
0.7279759999999997,-97.51738999999992
0.783976000000017,-94.42613
0.8399760000000341,-91.40447000000007
0.895976000000005,-88.52983000000015
0.9519760000000221,-85.83315999999996
1.007975999999993,-83.32246999999992
1.0639760000000102,-80.99405999999986
1.1199760000000274,-78.83925000000013
1.1759759999999981,-76.84725000000014
1.2319760000000155,-75.00697999999994
1.2879760000000327,-73.30736000000005
1.3439760000000034,-71.73797000000005
1.3999760000000205,-70.28889999999998
1.4559759999999915,-68.95103999999996
1.5119760000000086,-67.7158200000001
1.5679760000000258,-66.57541
1.6239759999999968,-65.52248999999999
1.679976000000014,-64.55041000000006
1.735976000000031,-63.652880000000025
1.791976000000002,-62.82425000000003
1.8479760000000192,-62.059179999999884
1.9039760000000363,-61.35284999999979
1.959976000000007,-60.70068000000006
1.6000000032138808e-05,-60.265430000000066
0.005616000000010696,-60.26918000000015
0.016816000000014132,-60.26357999999998
0.039216000000021005,-59.75157999999992
0.08401600000003474,-54.21897999999992
0.1400160000000056,-36.98623000000012
0.19601600000002278,-9.778829999999905
0.25201599999999363,23.742810000000112
0.2576160000000185,27.403759999999888
0.2688160000000219,34.758029999999884
0.29121600000002884,49.19545999999997
0.33601599999999626,74.14424000000008
0.3920160000000134,95.45885999999993
0.4480160000000306,106.60466000000012
0.5040160000000015,110.70800999999997
0.5600160000000186,110.67004999999996
0.6160160000000358,108.45015999999985
0.6720160000000067,105.20956999999997
0.7280160000000239,101.58732000000015
0.7840159999999947,97.91567000000012
0.8400160000000119,94.35745000000017
0.896016000000029,90.98704000000014
0.9520159999999999,87.83274000000007
1.0080160000000171,84.89966000000004
1.0640160000000343,82.18142999999989
1.1200160000000052,79.66699
1.1760160000000224,77.34318000000017
1.2320159999999931,75.19687000000008
1.2880160000000103,73.21513999999985
1.3440160000000274,71.38555999999996
1.4000159999999984,69.69617000000005
1.4560160000000155,68.13615999999989
1.5120160000000327,66.69551000000018
1.5680160000000036,65.3653799999998
1.6240160000000208,64.13723000000005
1.6800159999999915,63.003219999999914
1.7360160000000089,61.956239999999994
1.792016000000026,60.989739999999905
1.8480159999999968,60.097449999999995
1.904016000000014,59.27371000000004
1.9600160000000313,58.513189999999994
0.016016000000002046,57.81109000000018
0.07201600000001923,57.1628500000001
0.1280160000000364,56.56440000000007
0.18401600000000726,56.01188000000001
0.24001600000002443,55.501800000000046
0.2960159999999953,55.03086999999995
0.3520160000000125,54.59611000000009
0.40801600000002963,54.19473000000008
0.4640160000000005,53.82419999999999
0.5200160000000177,53.48210000000009
0.5760160000000348,53.16631999999988
0.6320160000000057,52.87478999999995
0.6880160000000229,52.60566999999994
0.7440159999999938,52.357219999999984
0.8000160000000109,52.12789000000018
0.8560160000000281,51.91616999999993
0.9120159999999989,51.720760000000034
0.9680160000000162,51.54036999999989
0.9999920000000183,51.44370000000009
1.005591999999997,51.48966999999982
1.0167920000000004,51.567649999999965
1.0391920000000072,51.217290000000084
1.083992000000021,45.98657999999989
1.1399919999999917,29.10290999999998
1.195992000000009,2.2329699999998898
1.2519920000000262,-30.952360000000123
1.2575920000000047,-34.579909999999934
1.2687920000000081,-41.86782
1.291192000000015,-56.17618999999996
1.3359920000000287,-80.88680000000004
1.3919919999999997,-101.94190999999987
1.4479920000000168,-112.86211000000002
1.503992000000034,-116.76248
1.5599920000000047,-116.53719000000007
1.615992000000022,-114.14243999999995
1.6719919999999928,-110.73801000000016
1.72799200000001,-106.96187000000012
1.7839920000000271,-103.14617000000004
1.839991999999998,-99.45427000000007
1.8959920000000152,-95.96014000000008
1.9519920000000324,-92.69114000000012
0.007992000000003264,-89.65161999999994
0.06399200000002045,-86.83493999999992
0.1199919999999913,-84.22982999999995
0.17599200000000847,-81.82255000000005
0.23199200000002565,-79.59908999999988
0.28799199999999653,-77.54576999999996
0.3439920000000137,-75.64989999999993
0.3999920000000309,-73.89943
0.45599200000000173,-72.28332000000015
0.5119920000000189,-70.79120999999988
0.5679920000000361,-69.41364000000006
0.623992000000007,-68.14175000000012
0.6799920000000241,-66.96748999999991
0.735991999999995,-65.88328999999993
0.7919920000000121,-64.88231
0.8479920000000293,-63.958100000000016
0.9039920000000001,-63.104810000000015
0.9599920000000174,-62.31696999999991
1.0159920000000346,-61.58960000000002
1.0719920000000054,-60.91800000000003
1.1279920000000225,-60.29797000000015
1.1839919999999935,-59.72548
1.2399920000000106,-59.19693000000015
1.2959920000000278,-58.7089300000001
1.3519919999999988,-58.25840000000015
1.407992000000016,-57.84242000000006
1.463992000000033,-57.45835999999982
1.5199920000000038,-57.10371000000003
1.575992000000021,-56.77630000000011
1.631991999999992,-56.47403999999989
1.687992000000009,-56.19499999999999
1.7439920000000262,-55.937359999999934
1.7999919999999971,-55.699480000000136
1.8559920000000143,-55.47985999999994
1.9119920000000314,-55.27714000000006
1.9679920000000024,-55.08997999999998
2.4000000022332966e-05,-54.9895199999999
0.00562400000000089,-55.03490000000011
0.016824000000004325,-55.11179999999993
0.039224000000011194,-54.760260000000116
0.08402400000002494,-49.53068999999988
0.1400239999999958,-32.649060000000006
0.19602400000001297,-5.771490000000101
0.25202400000003017,27.435989999999855
0.25762400000000873,31.066489999999945
0.26882400000001216,38.360270000000085
0.291224000000019,52.67979999999994
0.33602400000003274,77.40656999999996
0.3920240000000036,98.46891999999995
0.4480240000000208,109.38623000000014
0.5040239999999917,113.28004000000003
0.5600240000000088,113.04840999999999
0.616024000000026,110.64897000000018
0.6720239999999968,107.24186000000002
0.728024000000014,103.46527999999999
0.7840240000000313,99.65093999999985
0.8400240000000021,95.96107999999992
0.8960240000000192,92.46883000000005
0.9520240000000364,89.20162999999981
1.0000160000000022,86.58488999999992
1.0056160000000272,86.35412999999991
1.0168160000000306,85.88342999999998
1.039215999999991,84.46598000000006
1.084016000000005,77.21935999999997
1.1400160000000221,57.99851
1.1960159999999929,28.930160000000036
1.25201600000001,-6.353110000000051
1.257616000000035,-10.184320000000024
1.2688159999999922,-17.876669999999926
1.291215999999999,-32.97402999999988
1.3360160000000127,-59.171319999999916
1.39201600000003,-81.91653999999993
1.4480160000000006,-94.36666000000015
1.504016000000018,-99.66874999999997
1.5600160000000352,-100.73792999999998
1.616016000000006,-99.54253000000013
1.672016000000023,-97.24991000000016
1.728015999999994,-94.50404000000012
1.7840160000000111,-91.64236999999997
1.8400160000000283,-88.83304000000014
1.8960159999999993,-86.15466999999998
1.9520160000000164,-83.63940000000002
8.000000028554661e-06,-81.62077000000001
0.005608000000007112,-81.45683999999997
0.016808000000010547,-81.11869999999999
0.039208000000017416,-79.95958999999986
0.08400800000003115,-73.20378000000005
0.14000800000000202,-54.5526999999999
0.1960080000000192,-26.011030000000048
0.25200800000003637,8.785660000000028
0.25760800000001494,12.570549999999958
0.26880800000001837,20.170969999999897
0.2912080000000252,35.08888999999993
0.33600799999999265,60.94384999999991
0.39200800000000985,83.28944999999987
0.448008000000027,95.36858000000015
0.5040079999999979,100.32660999999999
0.560008000000015,101.07741999999998
0.6160080000000322,99.58799000000008
0.672008000000003,97.02424000000009
0.7280080000000203,94.02854000000005
0.7840079999999912,90.93675000000002
0.8400080000000083,87.91540999999992
0.8960080000000255,85.04160999999999
0.9520079999999963,82.34597
1.0000000000000084,80.18389000000003
1.0056000000000334,80.00392000000001
1.0167999999999906,79.63385999999994
1.0391999999999975,78.41183000000007
1.0840000000000112,71.53322000000006
1.1400000000000283,52.73712999999991
1.195999999999999,24.067330000000055
1.2520000000000164,-10.835080000000108
1.257599999999995,-14.629250000000038
1.2687999999999984,-22.247999999999823
1.2912000000000052,-37.20162999999999
1.336000000000019,-63.12757999999996
1.392000000000036,-85.56378999999991
1.448000000000007,-97.73401999999987
1.5040000000000242,-102.77979999999998
1.559999999999995,-103.61248
1.616000000000012,-102.19808999999991
1.6720000000000295,-99.70251999999991
1.7280000000000002,-96.76861999999997
1.7840000000000173,-93.7329200000001
1.8400000000000345,-90.76263999999989
1.8960000000000055,-87.93547999999984
1.9520000000000226,-85.28268000000017
0.007999999999993459,-82.81248000000008
0.06400000000001063,-80.52143000000012
0.12000000000002782,-78.40111999999988
0.17599999999999866,-76.44094000000013
0.23200000000001586,-74.6300499999999
0.288000000000033,-72.95754
0.34400000000000386,-71.41317999999997
0.40000000000002106,-69.98721000000008
0.4559999999999919,-68.67067999999988
0.5120000000000091,-67.45513000000014
0.5680000000000263,-66.33290999999986
0.6239999999999971,-65.29676000000006
0.6800000000000143,-64.34015999999998
0.7360000000000315,-63.45693000000008
0.7920000000000024,-62.641500000000015
0.8480000000000195,-61.888620000000174
0.9039999999999904,-61.1935400000001
0.9600000000000075,-60.551759999999845
0.9999840000000147,-60.124020000000165
1.0055839999999934,-60.128700000000144
1.0167839999999968,-60.124929999999964
1.0391840000000037,-59.61651999999984
1.0839840000000174,-54.09064000000008
1.1399840000000345,-36.86565999999991
1.1959840000000053,-9.665649999999859
1.2519840000000226,23.848829999999932
1.2575840000000011,27.509079999999962
1.2687840000000046,34.86195999999997
1.2911840000000114,49.296669999999935
1.3359840000000252,74.2403599999999
1.3919839999999961,95.54926000000007
1.4479840000000133,106.68995999999997
1.5039840000000304,110.78865000000016
1.5599840000000011,110.74640999999997
1.6159840000000183,108.52255
1.6719840000000357,105.27828000000005
1.7279840000000064,101.65260999999992
1.7839840000000236,97.97777999999991
1.8399839999999945,94.41663
1.8959840000000117,91.04349999999984
1.9519840000000288,87.88668999999993
0.00798399999999968,84.95129999999995
0.06398400000001686,82.23092999999993
0.11998400000003404,79.71451000000008
0.1759840000000049,77.38902999999996
0.23198400000002206,75.24138999999997
0.2879839999999929,73.25828000000013
0.3439840000000101,71.4271099999999
0.39998400000002726,69.73619999999991
0.4559839999999981,68.17481999999985
0.5119840000000153,66.73296000000018
0.5679840000000325,65.40174999999992
0.6239840000000033,64.17260999999996
0.6799840000000206,63.03769999999997
0.7359839999999914,61.98988999999999
0.7919840000000086,61.02264000000002
0.8479840000000257,60.12964999999993
0.9039839999999966,59.30528000000002
0.9599840000000138,58.54416000000007
1.0000239999999925,58.03620999999981
1.0056240000000174,58.030150000000006
1.0168240000000208,58.00497000000004
1.0392240000000277,57.45403999999987
1.084023999999995,51.844300000000175
1.1400240000000124,34.52091000000013
1.1960240000000295,7.237579999999966
1.2520240000000002,-26.34094000000009
1.2576240000000252,-30.006580000000007
1.2688240000000286,-37.37007000000014
1.2912240000000355,-51.82573999999995
1.336024000000003,-76.81343000000007
1.3920240000000201,-98.18313
1.4480239999999909,-109.38819
1.504024000000008,-113.54989999999998
1.5600240000000254,-113.5662799999999
1.6160239999999961,-111.39570000000009
1.6720240000000133,-108.19931000000005
1.7280240000000304,-104.61604000000003
1.7840240000000014,-100.97891000000003
1.8400240000000185,-97.45219000000004
1.8960240000000357,-94.1105900000001
1.9520240000000066,-90.98230000000007
1.600000001874882e-05,-88.47573000000008
0.0056159999999973054,-88.25729999999999
0.01681600000000074,-87.81115000000005
0.03921600000000761,-86.44239999999992
0.08401600000002135,-79.29213000000001
0.1400159999999922,-60.186179999999865
0.19601600000000938,-31.218069999999987
0.25201600000002655,3.9861399999998604
0.2576160000000051,7.8107099999999985
0.26881600000000855,15.489969999999964
0.2912160000000154,30.56194000000012
0.3360160000000292,56.70803999999996
0.39201600000000003,79.38559000000001
0.44801600000001723,91.76550999999988
0.5040160000000344,96.99895999999985
0.5600160000000053,98.00381000000003
0.6160160000000224,96.74950999999999
0.6720159999999933,94.40358000000005
0.7280160000000104,91.60960999999989
0.7840160000000276,88.70449000000002
0.8400159999999985,85.8557499999999
0.8960160000000157,83.14140999999987
0.9520160000000328,80.59302999999996
1.0000079999999987,78.54811000000007
1.0056080000000236,78.38122999999997
1.016808000000027,78.03712000000007
1.0392080000000339,76.86548000000015
1.0840080000000014,70.08183999999984
1.1400080000000186,51.39549999999993
1.1960080000000357,22.828740000000014
1.2520080000000064,-11.975259999999821
1.2576080000000314,-15.759869999999898
1.2688080000000348,-23.359620000000135
1.2912079999999955,-38.27617000000005
1.3360080000000092,-64.13216999999993
1.3920080000000263,-86.4887299999999
1.448007999999997,-98.58683999999984
1.5040080000000144,-103.56659999999995
1.5600080000000316,-104.33837999999996
1.6160080000000023,-102.86759999999995
1.6720080000000195,-100.31977000000003
1.7280080000000366,-97.33747999999997
1.7840080000000076,-94.25697999999994
1.8400080000000247,-91.24528999999981
1.8960079999999957,-88.37987000000003
1.9520080000000128,-85.69172000000003
0.008008000000029976,-83.18890000000012
0.06400800000000083,-80.86775000000013
0.120008000000018,-78.71965000000003
0.1760080000000352,-76.73383
0.23200800000000604,-74.89927000000019
0.28800800000002325,-73.20492
0.3440079999999941,-71.64039999999994
0.40000800000001124,-70.1957999999998
0.45600800000002845,-68.86208999999988
0.5120079999999992,-67.63068999999989
0.5680080000000165,-66.4938100000001
0.6240080000000336,-65.44415000000004
0.6800080000000045,-64.47506000000014
0.7360080000000216,-63.58032000000002
0.7920079999999925,-62.75425999999995
0.8480080000000098,-61.9915499999999
0.9040080000000269,-61.287389999999945
0.9600079999999978,-60.63724999999987
0.9999920000000049,-60.20392999999991
1.0055920000000298,-60.207860000000004
1.0167920000000332,-60.202610000000156
1.0391919999999937,-59.69128000000001
1.0839920000000076,-54.15988999999999
1.1399920000000248,-36.92854000000012
1.1959919999999955,-9.722620000000015
1.2519920000000127,23.79741000000002
1.2575919999999914,27.458199999999877
1.2687919999999948,34.8121400000001
1.2911920000000017,49.24890999999998
1.3359920000000154,74.1965
1.3919920000000325,95.50989999999993
1.4479920000000033,106.65471000000015
1.5039920000000206,110.75721999999999
1.5599919999999914,110.71851000000011
1.6159920000000085,108.4979399999999
1.6719920000000257,105.25671000000014
1.7279919999999966,101.63385000000002
1.7839920000000138,97.96163000000013
1.839992000000031,94.4028899999998
1.895992000000002,91.03198000000012
1.951992000000019,87.87722999999991
0.007992000000036196,84.94372000000006
0.06399200000000706,82.22510000000005
0.11999200000002423,79.71028999999996
0.1759919999999951,77.38628999999997
0.23199200000001227,75.24002000000007
0.28799200000002945,73.25818000000007
0.3439920000000003,71.42816999999991
0.3999920000000175,69.73834000000001
0.45599200000003465,68.1779600000001
0.5119920000000056,66.73701999999993
0.5679920000000227,65.40665000000013
0.6239919999999936,64.17830000000002
0.6799920000000107,63.044109999999876
0.735992000000028,61.99697000000004
0.7919919999999988,61.03032999999991
0.847992000000016,60.137919999999845
0.9039920000000331,59.31405999999995
0.959992000000004,58.553429999999906
0.9999760000000112,58.04648999999995
1.005576000000036,58.04047000000012
1.0167759999999932,58.0153699999999
1.039176,57.46459000000015
1.0839760000000138,51.855160000000126
1.139976000000031,34.53211999999994
1.1959760000000017,7.249119999999998
1.2519760000000189,-26.329159999999963
1.2575759999999976,-29.99477000000006
1.268776000000001,-37.35821000000006
1.2911760000000079,-51.81378999999997
1.3359760000000216,-76.80128999999991
1.3919759999999923,-98.17074000000004
1.4479760000000097,-109.37553000000011
1.5039760000000268,-113.53698999999983
1.5599759999999976,-113.55314999999999
1.6159760000000147,-111.38238
1.671976000000032,-108.18583000000004
1.7279760000000028,-104.60241000000003
1.78397600000002,-100.96517000000004
1.839975999999991,-97.43832999999991
1.895976000000008,-94.09665000000001
1.9519760000000252,-90.96825999999992
0.007975999999996096,-88.05863000000014
0.06397600000001327,-85.36204000000014
0.11997600000003045,-82.86776000000006
0.1759760000000013,-80.56273000000003
0.2319760000000185,-78.43358999999994
0.28797600000003565,-76.46730999999996
0.3439760000000065,-74.65175999999984
0.3999760000000237,-72.97543000000006
0.45597599999999455,-71.42775000000002
0.5119760000000118,-69.99880000000003
0.5679760000000289,-68.67954999999992
0.6239759999999998,-67.46150000000006
0.6799760000000169,-66.33694000000001
0.7359760000000342,-65.29863999999996
0.791976000000005,-64.34001999999994
0.8479760000000222,-63.45493000000002
0.903975999999993,-62.63777999999998
0.9599760000000102,-61.883289999999924
1.0159760000000273,-61.18670999999986
1.0719759999999983,-60.54355
1.1279760000000154,-59.949760000000076
1.1839760000000326,-59.401519999999984
1.2399760000000035,-58.895350000000015
1.2959760000000207,-58.428020000000025
1.3519759999999914,-57.99657000000003
1.4079760000000086,-57.598210000000094
1.463976000000026,-57.23042
1.5199759999999967,-56.89078999999997
1.5759760000000138,-56.577250000000134
1.631976000000031,-56.28778999999984
1.687976000000002,-56.02057999999999
1.743976000000019,-55.77385000000001
1.7999760000000362,-55.546040000000076
1.8559760000000072,-55.33571999999998
1.9119760000000243,-55.14159000000007
1.967975999999995,-54.96237999999987
0.023976000000012328,-54.79693999999991
0.07997600000002951,-54.64420000000003
0.13597600000000037,-54.50321999999996
0.19197600000001755,-54.37305999999986
0.24797600000003472,-54.252909999999986
0.3039760000000056,-54.14198999999997
0.3599760000000228,-54.03959000000014
0.41597599999999363,-53.94505999999999
0.4719760000000108,-53.85780000000007
0.527976000000028,-53.777249999999995
0.5839759999999988,-53.7029
0.639976000000016,-53.634240000000055
0.6959760000000331,-53.5708800000001
0.7519760000000041,-53.512389999999854
0.8079760000000212,-53.45840000000002
0.8639759999999921,-53.408559999999824
0.9199760000000092,-53.36256000000006
0.9759760000000264,-53.32009999999987
0.9999999999999951,-53.302900000000044
1.00560000000002,-53.36139999999978
1.0168000000000235,-53.46430000000013
1.0392000000000303,-53.163239999999945
1.0839999999999976,-48.02898
1.140000000000015,-31.25796000000003
1.1960000000000321,-4.484500000000002
1.2520000000000029,28.62377000000005
1.2576000000000278,32.24464000000005
1.2688000000000312,39.519329999999854
1.2911999999999917,53.80161999999999
1.3360000000000056,78.45836999999989
1.3920000000000228,99.44124
1.4479999999999935,110.2866600000001
1.5040000000000107,114.11457999999985
1.560000000000028,113.82206999999988
1.6159999999999988,111.36617999999987
1.672000000000016,107.90669000000008
1.728000000000033,104.08157999999989
1.784000000000004,100.22229999999999
1.8400000000000212,96.49087
1.8959999999999921,92.96023000000008
1.9520000000000093,89.65756999999996
0.00800000000002639,86.58747
0.06399999999999725,83.74286000000009
0.12000000000001443,81.11183999999993
0.1760000000000316,78.68048999999999
0.23200000000000245,76.43495000000011
0.28800000000001963,74.36165999999989
0.34400000000003683,72.44759000000012
0.4000000000000077,70.68021000000013
0.45600000000002483,69.04832999999999
0.5119999999999957,67.54152999999997
0.5680000000000129,66.15020000000004
0.6240000000000301,64.86526000000015
0.6800000000000009,63.67875000000001
0.7360000000000181,62.58335000000015
0.7920000000000352,61.572189999999914
0.8480000000000061,60.63869
0.9040000000000233,59.77691000000007
0.9599999999999942,58.981289999999966
1.0160000000000113,58.246770000000005
1.0720000000000285,57.56862000000007
1.1279999999999994,56.94254000000009
1.1840000000000166,56.36449999999993
1.2400000000000337,55.83086999999986
1.2960000000000045,55.3381799999999
1.3520000000000219,54.88335000000011
1.4079999999999926,54.463419999999815
1.4640000000000097,54.075780000000016
1.5200000000000269,53.717879999999994
1.5759999999999978,53.38749999999992
1.632000000000015,53.08248999999998
1.6880000000000321,52.80093000000008
1.744000000000003,52.54099999999995
1.8000000000000203,52.30106999999995
1.855999999999991,52.079560000000136
1.9120000000000084,51.87510999999989
1.9680000000000255,51.68636000000015
1.9999760000000275,51.585229999999925
0.005576000000006165,51.63043000000012
0.0167760000000096,51.70690999999983
0.03917600000001647,51.35365000000003
0.08397600000003022,46.11744999999989
0.13997600000000107,29.227420000000002
0.19597600000001825,2.3513699999999638
0.25197600000003545,-30.8399399999999
0.25757600000001396,-34.46809000000006
0.26877600000001745,-41.757159999999956
0.2911760000000243,-56.06781000000005
0.3359759999999917,-80.78260999999998
0.3919760000000089,-101.84232000000004
0.4479760000000261,-112.76655999999986
0.5039759999999969,-116.67059000000002
0.5599760000000141,-116.44867999999997
0.6159760000000313,-114.05708000000003
0.6719760000000021,-110.65561999999996
0.7279760000000193,-106.88225999999989
0.7839760000000365,-103.06913999999989
0.8399760000000074,-99.37966000000009
0.8959760000000245,-95.8877600000001
0.9519759999999954,-92.62082000000005
1.0079760000000126,-89.58321999999997
1.0639760000000298,-86.76829999999991
1.1199760000000005,-84.16480999999987
1.1759760000000177,-81.75903000000018
1.231976000000035,-79.53695000000005
1.2879760000000058,-77.4849099999999
1.343976000000023,-75.59022999999998
1.399975999999994,-73.84082999999997
1.455976000000011,-72.22573999999993
1.5119760000000282,-70.73455000000007
1.5679759999999991,-69.35783000000018
1.6239760000000163,-68.08672999999987
1.6799760000000334,-66.91318999999996
1.7359760000000042,-65.82968
1.7919760000000216,-64.82931000000013
1.8479759999999923,-63.90567000000003
1.9039760000000094,-63.05292000000007
1.9599760000000266,-62.26556999999988
0.015975999999997516,-61.53864999999992
0.0719760000000147,-60.86747000000003
0.12797600000003187,-60.24782000000006
0.18397600000000272,-59.675689999999946
0.2399760000000199,-59.14747000000009
0.29597599999999075,-58.65977
0.35197600000000795,-58.209530000000065
0.4079760000000251,-57.793800000000005
0.463975999999996,-57.40999000000002
0.5199760000000132,-57.05556000000001
0.5759760000000304,-56.728349999999985
0.6319760000000012,-56.42628000000016
0.6879760000000184,-56.14741999999984
0.7439760000000355,-55.88992999999998
0.7999760000000063,-55.65221000000009
0.8559760000000236,-55.43271999999999
0.9119759999999945,-55.23012000000005
0.9679760000000116,-55.04309000000007
1.0239760000000289,-54.870449999999906
1.0799759999999996,-54.71106000000003
1.1359760000000168,-54.563919999999875
1.191976000000034,-54.42809000000004
1.2479760000000049,-54.30269999999982
1.303976000000022,-54.18692999999997
1.359975999999993,-54.08006999999992
1.4159760000000101,-53.98142000000017
1.4719760000000273,-53.89036000000003
1.527975999999998,-53.80628000000009
1.5839760000000154,-53.72868000000008
1.6399760000000325,-53.657040000000045
1.6959760000000033,-53.59091999999998
1.7519760000000204,-53.52986999999998
1.8079759999999914,-53.47351999999983
1.8639760000000085,-53.42151000000017
1.9199760000000257,-53.373499999999964
1.9759759999999966,-53.32917999999998
0.03197600000001374,-53.28827000000014
0.08797600000003092,-53.250519999999966
0.14397600000000177,-53.21566999999994
0.19997600000001897,-53.18350999999999
0.2559760000000361,-53.15382000000013
0.31197600000000697,-53.1264199999999
0.3679760000000242,-53.10112999999994
0.423975999999995,-53.0777899999999
0.4799760000000122,-53.056259999999966
0.5359760000000294,-53.036379999999994
0.5919760000000003,-53.018039999999985
0.6479760000000174,-53.001110000000075
0.7039760000000346,-52.98550000000013
0.7599760000000054,-52.97109
0.8159760000000227,-52.95779
0.8719759999999935,-52.945519999999966
0.9279760000000107,-52.93421000000009
0.9839760000000278,-52.9237600000001
0.9999919999999916,-52.9209300000002
1.0055920000000165,-52.98235999999989
1.01679200000002,-53.091070000000016
1.0391920000000268,-52.80131999999993
1.083991999999994,-47.688409999999905
1.1399920000000112,-30.942090000000142
1.1959920000000286,-4.191800000000079
1.2519919999999993,28.894399999999987
1.2575920000000242,32.51313999999983
1.2687920000000277,39.78358000000015
1.2911920000000345,54.05762000000003
1.3359920000000018,78.69883
1.3919920000000192,99.66405999999984
1.4479920000000364,110.49351000000019
1.503992000000007,114.30675000000012
1.5599920000000242,114.00063999999999
1.6159919999999952,111.53210999999996
1.6719920000000124,108.06088000000003
1.7279920000000295,104.22487000000014
1.7839920000000005,100.35550999999998
1.8399920000000176,96.61474000000014
1.8959920000000348,93.07546999999983
1.9519920000000057,89.76483999999996
1.9999840000000177,87.11355999999992
0.005583999999996359,86.87894000000007
0.016783999999999796,86.40060000000017
0.039184000000006665,84.96829999999989
0.0839840000000204,77.69381999999992
0.13998399999999125,58.44081000000001
0.19598400000000843,29.342179999999995
0.25198400000002563,-5.970260000000005
0.2575840000000042,-9.804340000000078
0.26878400000000763,-17.50235
0.2911840000000145,-32.610800000000054
0.3359840000000282,-58.82895999999982
0.3919839999999991,-81.59782999999999
0.44798400000001626,-94.06921999999996
0.5039840000000334,-99.39071
0.5599840000000043,-100.47775999999998
0.6159840000000215,-99.29889999999997
0.6719839999999924,-97.02162000000003
0.7279840000000095,-94.28997999999989
0.7839840000000267,-91.44149000000002
0.8399839999999975,-88.64435000000003
0.8959840000000148,-85.97726999999989
0.9519840000000319,-83.47241000000017
1.0079840000000027,-81.13870000000011
1.06398400000002,-78.97347999999992
1.1199839999999908,-76.96924999999987
1.175984000000008,-75.11623000000012
1.231984000000025,-73.40426
1.287983999999996,-71.82306000000005
1.3439840000000132,-70.36299000000001
1.3999840000000303,-69.01482999999998
1.4559840000000013,-67.77012000000005
1.5119840000000184,-66.62089000000005
1.5679840000000356,-65.55986999999996
1.6239840000000065,-64.58023000000001
1.6799840000000237,-63.67579999999995
1.7359839999999944,-62.840739999999954
1.7919840000000116,-62.06977999999985
1.8479840000000287,-61.35794999999988
1.9039839999999997,-60.70076999999996
1.9599840000000168,-60.094000000000094
0.015984000000034033,-59.53381000000002
0.07198400000000489,-59.01658999999992
0.12798400000002208,-58.53907000000014
0.18398399999999293,-58.09818
0.2399840000000101,-57.69111999999987
0.2959840000000273,-57.3152400000001
0.35198399999999813,-56.96822000000012
0.40798400000001533,-56.647840000000116
0.4639840000000325,-56.352100000000014
0.5199840000000033,-56.07901999999987
0.5759840000000205,-55.82688999999985
0.6319839999999913,-55.59411000000014
0.6879840000000086,-55.37923999999994
0.7439840000000257,-55.18086999999983
0.7999839999999966,-54.99776000000001
0.8559840000000137,-54.82870000000006
0.911984000000031,-54.67263999999994
0.9679840000000018,-54.52857
1.0000160000000218,-54.45122999999996
1.0056160000000003,-54.500530000000104
1.0168160000000037,-54.58519000000006
1.0392160000000108,-54.24872000000014
1.0840160000000245,-49.04758000000009
1.1400159999999953,-32.19883999999995
1.1960160000000124,-5.352259999999998
1.2520160000000295,27.825570000000077
1.2576160000000083,31.45318000000019
1.2688160000000117,38.74124000000001
1.2912160000000186,53.04960999999997
1.3360160000000323,77.75544000000001
1.392016000000003,98.79408000000001
1.4480160000000202,109.69001999999995
1.5040159999999911,113.5642400000001
1.5600160000000083,113.31449999999998
1.6160160000000254,110.8982500000002
1.6720159999999964,107.47551
1.7280160000000135,103.68442999999994
1.7840160000000307,99.85664999999999
1.8400160000000017,96.15434
1.8960160000000188,92.65060999999997
1.952016000000036,89.37278999999987
8.000000001774688e-06,86.74760999999998
0.005608000000026653,86.51589999999997
0.01680800000003009,86.04334000000003
0.03920800000003696,84.62227000000011
0.08400800000000438,77.36889000000002
0.14000800000002156,58.140250000000115
0.1960079999999924,29.064460000000068
0.2520080000000096,-6.22613999999988
0.2576080000000345,-10.05808000000008
0.2688079999999916,-17.75187999999983
0.29120799999999847,-32.8520699999999
0.3360080000000122,-59.05464000000005
0.3920080000000294,-81.80575000000002
0.44800800000000024,-94.26104999999984
0.5040080000000174,-99.56780999999992
0.5600080000000346,-100.64126999999989
0.6160080000000054,-99.44984000000012
0.6720080000000226,-97.16090999999993
0.7280079999999934,-94.41846999999993
0.7840080000000107,-91.55999999999986
0.8400080000000278,-88.75363000000003
0.8960079999999987,-86.07800999999982
0.9520080000000158,-83.56526000000008
1.000000000000028,-81.54866999999987
1.0056000000000067,-81.38495999999984
1.0168000000000101,-81.04727
1.039200000000017,-79.88901999999997
1.0840000000000307,-73.13471999999987
1.1400000000000015,-54.48532999999989
1.1960000000000186,-25.94531
1.252000000000036,8.849609999999952
1.2576000000000145,12.634320000000088
1.268800000000018,20.234379999999994
1.2912000000000248,35.15155999999986
1.335999999999992,61.005199999999874
1.3920000000000092,83.34937000000009
1.4480000000000266,95.4273000000001
1.5039999999999973,100.38426
1.5600000000000145,101.13410000000012
1.6160000000000316,99.64375000000003
1.6720000000000026,97.07913000000002
1.7280000000000197,94.0825999999999
1.784000000000037,90.99003000000016
1.8400000000000079,87.96796000000006
1.896000000000025,85.09348000000006
1.9519999999999957,82.39719999999994
0.008000000000013,79.88685000000007
0.06400000000003019,77.55873000000003
0.12000000000000104,75.40441999999992
0.17600000000001823,73.41330000000012
0.2320000000000354,71.57410000000009
0.28800000000000625,69.87538000000004
0.34400000000002345,68.30654000000003
0.3999999999999943,66.85764999999999
0.45600000000001145,65.51989000000003
0.5120000000000287,64.28467999999987
0.5679999999999995,63.14416000000001
0.6240000000000167,62.09116999999998
0.6800000000000338,61.11915000000012
0.7360000000000048,60.22177000000006
0.7920000000000219,59.39333000000002
0.8479999999999928,58.628480000000096
0.9040000000000099,57.92237
0.960000000000027,57.27044999999986
1.015999999999998,56.66860000000007
1.0720000000000152,56.11294
1.1280000000000323,55.599970000000056
1.1840000000000033,55.12634999999988
1.2400000000000204,54.689129999999864
1.2959999999999912,54.28546999999995
1.3520000000000083,53.91283000000002
1.4080000000000255,53.56881000000002
1.4639999999999964,53.25123000000009
1.5200000000000136,52.95802999999988
1.5760000000000307,52.68739
1.6320000000000017,52.43753000000018
1.6880000000000188,52.206900000000054
1.744000000000036,51.993969999999834
1.800000000000007,51.797450000000026
1.856000000000024,51.616019999999985
1.9119999999999948,51.448559999999866
1.968000000000012,51.29397999999985
0.02400000000002923,51.1512999999999
0.08000000000000008,51.01959999999983
0.13600000000001727,50.898059999999965
0.19200000000003445,50.78585999999996
0.2480000000000053,50.68231000000001
0.3040000000000225,50.58673999999996
0.3599999999999933,50.49853999999998
0.41600000000001053,50.417140000000195
0.4720000000000277,50.34203000000015
0.5279999999999986,50.27270000000006
0.5840000000000157,50.20873999999998
0.6400000000000329,50.1497099999999
0.6960000000000037,50.095250000000036
0.752000000000021,50.045000000000115
0.8079999999999918,49.998639999999874
0.864000000000009,49.95585999999985
0.9200000000000261,49.9164099999998
0.975999999999997,49.880009999999864
1.0320000000000142,49.846440000000044
1.0880000000000314,49.815469999999976
1.1440000000000021,49.78690999999991
1.2000000000000195,49.760570000000115
1.2560000000000366,49.73629000000002
1.3120000000000074,49.71389999999998
1.3680000000000245,49.69325999999996
1.4239999999999955,49.67422999999993
1.4800000000000126,49.65670000000011
1.5360000000000298,49.64054000000018
1.5920000000000007,49.62565000000008
1.648000000000018,49.61192999999997
1.704000000000035,49.5992999999999
1.7600000000000058,49.587660000000035
1.8160000000000232,49.57695000000007
1.871999999999994,49.567090000000036
1.928000000000011,49.55801999999987
1.9840000000000282,49.54966999999999
1.599999999196885e-05,49.54740999999996
0.005616000000016848,49.609009999999955
0.016816000000020283,49.717980000000054
0.03921600000002715,49.42792000000007
0.08401599999999458,44.31124000000008
0.14001600000001174,27.55992000000007
0.19601600000002894,0.8141600000000082
0.2520159999999998,-32.253560000000014
0.25761600000002466,-35.86975000000003
0.2688160000000281,-43.13511999999986
0.29121600000003495,-57.39955999999991
0.33601600000000237,-82.02741999999996
0.39201600000001957,-102.98834000000001
0.4480160000000368,-113.82300000000001
0.5040160000000076,-117.64478
0.5600160000000248,-117.34676999999994
0.6160159999999957,-114.88456999999985
0.6720160000000128,-111.41760999999994
0.72801600000003,-107.5835300000001
0.7840160000000008,-103.71419000000004
0.8400160000000181,-99.97272000000001
0.8960160000000352,-96.43281000000003
0.9520160000000061,-93.12151999999996
1.0080160000000233,-90.04298
1.064015999999994,-87.19020999999994
1.1200160000000112,-84.55168000000013
1.1760160000000284,-82.11363999999999
1.2320159999999993,-79.86196999999984
1.2880160000000165,-77.78265000000006
1.3440160000000336,-75.86274999999998
1.4000160000000046,-74.0900900000001
1.4560160000000217,-72.45349000000002
1.5120159999999925,-70.94243000000012
1.5680160000000098,-69.54737
1.624016000000027,-68.25932999999984
1.6800159999999977,-67.0701600000001
1.7360160000000149,-65.9721900000001
1.792016000000032,-64.95848999999998
1.848016000000003,-64.02254000000008
1.9040160000000201,-63.158430000000095
1.960015999999991,-62.36057000000006
1.9999999999999982,-61.828800000000015
0.005600000000023069,-61.819449999999996
0.016800000000026506,-61.7878500000002
0.039200000000033375,-61.22532000000014
0.0840000000000008,-55.59718000000014
0.14000000000001797,-38.25370000000006
0.19600000000003515,-10.942549999999995
0.252000000000006,22.677570000000145
0.2576000000000309,26.348059999999897
0.26880000000003434,33.72124999999993
0.29119999999999485,48.19559999999989
0.3360000000000086,73.21402999999992
0.3920000000000258,94.60814000000006
0.4479999999999966,105.82618000000022
0.5040000000000139,109.99587000000011
0.560000000000031,110.0192299999998
0.6160000000000019,107.85611999999989
0.672000000000019,104.6681599999999
0.7280000000000362,101.09462999999997
0.784000000000007,97.46802
0.8400000000000243,93.95143999999989
0.8959999999999951,90.61947999999998
0.9520000000000123,87.50069000000016
0.9999920000000244,85.0020600000001
1.005592000000003,84.78448999999988
1.0167920000000064,84.33993000000007
1.0391920000000132,82.97325
1.0839920000000272,75.82226999999997
1.139991999999998,56.711780000000104
1.195992000000015,27.74671999999989
1.2519920000000322,-7.438250000000091
1.257592000000011,-11.259930000000029
1.2687920000000144,-18.933320000000144
1.2911920000000212,-33.99366999999987
1.335992000000035,-60.12095999999989
1.3919920000000057,-82.7862199999998
1.4479920000000228,-95.16366999999981
1.5039919999999938,-100.39911000000012
1.559992000000011,-101.40676999999987
1.615992000000028,-100.15441999999996
1.671991999999999,-97.80906000000012
1.7279920000000162,-95.01435000000002
1.7839920000000333,-92.10750000000002
1.8399920000000043,-89.25642000000012
1.8959920000000214,-86.53939999999993
1.9519919999999922,-83.98832999999995
1.9999840000000044,-81.94128999999984
0.005584000000029291,-81.77418999999998
0.016784000000032728,-81.42978000000012
0.03918399999999327,-80.25849999999978
0.08398400000000703,-73.47963999999996
0.1399840000000242,-54.8018400000001
0.19598399999999505,-26.235220000000005
0.25198400000001225,8.584970000000025
0.2575840000000371,12.372119999999986
0.26878399999999425,19.977049999999828
0.2911840000000011,34.90375000000001
0.3359840000000148,60.775369999999995
0.39198400000003203,83.14014000000003
0.4479840000000029,95.2367999999999
0.5039840000000201,100.21095000000014
0.5599840000000372,100.97664000000006
0.6159840000000081,99.50096000000008
0.6719840000000252,96.94990999999997
0.7279839999999961,93.96594999999985
0.7839840000000133,90.88498
0.8399840000000305,87.87363999999998
0.8959840000000013,85.00906999999991
0.9519840000000185,82.32194000000015
0.9999760000000307,80.16664000000007
1.0055760000000094,79.98742000000014
1.0167760000000128,79.61887000000002
1.0391760000000196,78.39978000000004
1.0839760000000334,71.5267799999999
1.139976000000004,52.73721000000009
1.1959760000000212,24.073319999999843
1.2519759999999922,-10.823840000000029
1.2575760000000171,-14.61752000000005
1.2687760000000206,-22.2353099999999
1.2911760000000274,-37.18706000000016
1.3359759999999947,-63.10934999999995
1.3919760000000119,-85.54114999999985
1.4479760000000292,-97.7071599999999
1.503976,-102.74894999999984
1.5599760000000171,-103.57791999999999
1.6159760000000343,-102.16008999999993
1.6719760000000052,-99.66136999999998
1.7279760000000224,-96.72457999999983
1.7839759999999933,-93.6862300000001
1.8399760000000105,-90.71353000000015
1.8959760000000276,-87.88415000000005
1.9519759999999984,-85.22929000000002
0.007976000000015639,-82.75720000000008
0.06397600000003281,-80.46442999999992
0.11997600000000368,-78.34251000000015
0.17597600000002084,-76.38086
0.23197599999999172,-74.56860000000009
0.2879760000000089,-72.89483000000007
0.34397600000002604,-71.34929999999984
0.39997599999999695,-69.92225000000008
0.4559760000000141,-68.60473000000012
0.5119760000000313,-67.3882600000002
0.5679760000000021,-66.2651700000001
0.6239760000000193,-65.22824999999987
0.6799760000000364,-64.27092999999995
0.7359760000000073,-63.38704000000006
0.7919760000000245,-62.570999999999934
0.8479759999999954,-61.81754000000006
0.9039760000000125,-61.12194000000004
0.9599760000000297,-60.47968000000004
1.0000160000000085,-60.05103000000012
1.0056160000000334,-60.05568000000005
1.0168160000000368,-60.05184000000008
1.0392159999999973,-59.54324
1.084016000000011,-54.01692000000003
1.1400160000000281,-36.79133999999995
1.196015999999999,-9.590949999999987
1.2520160000000162,23.923549999999906
1.2576159999999947,27.583789999999997
1.2688159999999982,34.9366299999998
1.291216000000005,49.371279999999906
1.336016000000019,74.31493999999984
1.3920160000000361,95.6240199999998
1.4480160000000069,106.76503999999997
1.504016000000024,110.86412000000001
1.560015999999995,110.8222299999999
1.616016000000012,108.59866000000018
1.6720160000000293,105.35461999999995
1.7280160000000002,101.72912000000012
1.7840160000000174,98.05441999999998
1.8400160000000345,94.49336999999991
1.8960160000000053,91.12034000000003
1.9520160000000226,87.96362000000002
8.000000034706817e-06,85.43480999999997
0.005608000000013264,85.21387999999996
0.0168080000000167,84.76263999999989
0.03920800000002357,83.3829800000001
0.08400799999999099,76.20761999999992
0.14000800000000818,57.06902000000014
0.19600800000002536,28.0776100000002
0.2520079999999962,-7.132530000000026
0.2576080000000211,-10.956670000000113
0.2688080000000245,-18.63493000000016
0.2912080000000314,-33.70477999999988
0.3360079999999988,-59.85002000000006
0.392008000000016,-82.53570999999992
0.44800800000003316,-94.93167000000003
0.504008000000004,-100.18404999999997
0.5600080000000212,-101.20737999999996
0.616007999999992,-99.96954999999997
0.6720080000000093,-97.63765999999995
0.7280080000000264,-94.85543000000018
0.7840079999999973,-91.96015999999996
0.8400080000000144,-89.11977000000016
0.8960080000000317,-86.41264999999999
0.9520080000000025,-83.87069999999986
1.0080080000000196,-81.50283999999996
1.064008000000037,-79.30627000000001
1.1200080000000077,-77.2731299999998
1.1760080000000248,-75.39342000000016
1.2320079999999958,-73.65678000000008
1.288008000000013,-72.0527999999998
1.34400800000003,-70.57171000000007
1.400008000000001,-69.20411999999997
1.4560080000000182,-67.94148
1.5120080000000353,-66.77569000000005
1.568008000000006,-65.69939000000002
1.6240080000000234,-64.70565000000006
1.6800079999999942,-63.788190000000135
1.7360080000000113,-62.94109999999997
1.7920080000000285,-62.15904999999999
1.8480079999999994,-61.436969999999924
1.9040080000000166,-60.77032999999999
1.9600080000000337,-60.154819999999944
1.9999919999999947,-59.74458000000005
0.005592000000019485,-59.751630000000056
0.01679200000002292,-59.752540000000074
0.03919200000002979,-59.253190000000174
0.08399199999999721,-53.744339999999944
0.13999200000001438,-36.538979999999995
0.19599200000003156,-9.357619999999844
0.25199200000000244,24.138749999999874
0.2575920000000273,27.797220000000067
0.26879200000003073,35.14656999999999
0.2911919999999913,49.57440000000002
0.335992000000005,74.5052100000001
0.3919920000000222,95.79969999999993
0.44799199999999306,106.92751999999994
0.5039920000000102,111.01450999999996
0.5599920000000275,110.96142999999992
0.6159919999999983,108.72751000000002
0.6719920000000155,105.47386999999998
0.7279920000000326,101.83947999999998
0.7839920000000035,98.15653999999996
0.8399920000000207,94.58789000000012
0.8959919999999916,91.20781999999994
0.9519920000000087,88.04459999999992
0.9999840000000209,85.51062999999992
1.0055839999999994,85.28910999999995
1.0167840000000028,84.83673999999985
1.0391840000000097,83.45486999999996
1.0839840000000236,76.27533000000008
1.1399839999999943,57.13192
1.1959840000000115,28.136020000000038
1.2519840000000286,-7.078429999999969
1.2575840000000074,-10.902980000000007
1.2687840000000108,-18.582089999999994
1.2911840000000177,-33.65357000000002
1.3359840000000314,-59.80187000000004
1.391984000000002,-82.49102999999991
1.4479840000000193,-94.89015000000012
1.5039840000000366,-100.14543999999992
1.5599840000000074,-101.17143999999989
1.6159840000000245,-99.93608999999992
1.6719839999999955,-97.60651000000009
1.7279840000000126,-94.82641999999997
1.7839840000000298,-91.93312999999992
1.8399840000000007,-89.09458000000004
1.8959840000000179,-86.38915999999996
1.951984000000035,-83.84877999999985
0.007984000000005832,-81.48237000000003
0.06398400000002301,-79.28712999999999
0.11998399999999387,-77.25523000000001
0.17598400000001105,-75.37664999999993
0.23198400000002822,-73.64106000000015
0.2879839999999991,-72.03806000000013
0.3439840000000163,-70.55785000000014
0.3999840000000334,-69.19109000000012
0.4559840000000043,-67.92920999999996
0.5119840000000214,-66.76411999999998
0.5679839999999923,-65.68847
0.6239840000000095,-64.69533000000015
0.6799840000000267,-63.77842999999994
0.7359839999999975,-62.93185999999995
0.7919840000000147,-62.15027000000006
0.8479840000000319,-61.428620000000045
0.9039840000000028,-60.76239000000005
0.9599840000000199,-60.147240000000046
1.015984000000037,-59.57933000000004
1.071984000000008,-59.05497999999998
1.1279840000000252,-58.57087999999999
1.183983999999996,-58.123909999999945
1.239984000000013,-57.71123999999994
1.2959840000000304,-57.33016999999996
1.3519840000000012,-56.97836999999994
1.4079840000000183,-56.65358000000009
1.4639840000000355,-56.35374999999998
1.5199840000000064,-56.076910000000034
1.5759840000000236,-55.82130000000007
1.6319839999999946,-55.58532000000005
1.6879840000000117,-55.367479999999915
1.7439840000000288,-55.16637999999996
1.7999839999999996,-54.980750000000135
1.855984000000017,-54.80937000000008
1.911984000000034,-54.65115999999992
1.9679840000000048,-54.505100000000084
1.6000000024900976e-05,-54.42668999999989
0.005616000000003458,-54.47580000000008
0.016816000000006895,-54.5601200000001
0.03921600000001377,-54.22293999999983
0.08401600000002751,-49.02041000000001
0.14001599999999836,-32.17006000000011
0.19601600000001554,-5.3221500000000255
0.2520160000000327,27.856710000000007
0.2576160000000113,31.48440000000008
0.2688160000000147,38.77262999999998
0.29121600000002157,53.08134000000009
0.33601600000003534,77.78783000000011
0.3920160000000062,98.82740000000001
0.44801600000002334,109.7243200000002
0.5040159999999942,113.59952999999989
0.5600160000000114,113.35074
0.6160160000000285,110.93536000000003
0.6720159999999994,107.51342000000008
0.7280160000000166,103.72307999999997
0.7840160000000338,99.89596
0.8400160000000046,96.19426000000009
0.8960160000000218,92.69108000000004
0.9520159999999926,89.41376999999994
1.000008000000005,86.78897999999991
1.0056080000000298,86.55733
1.0168080000000332,86.08485999999994
1.0392079999999937,84.66397000000003
1.0840080000000074,77.41102
1.1400080000000246,58.182940000000016
1.1960079999999955,29.10762
1.2520080000000127,-6.182729999999914
1.2576079999999912,-10.014670000000114
1.2688079999999946,-17.708440000000046
1.2912080000000015,-32.80857999999998
1.3360080000000152,-59.01102000000002
1.3920080000000326,-81.76183999999998
1.4480080000000033,-94.21678
1.5040080000000204,-99.52318000000004
1.5600079999999914,-100.59631999999996
1.6160080000000085,-99.40462000000005
1.6720080000000257,-97.11548000000003
1.7280079999999967,-94.37286999999995
1.7840080000000138,-91.51425000000013
1.840008000000031,-88.70775999999991
1.8960080000000017,-86.03205000000003
1.9520080000000188,-83.51923000000005
0.008008000000036127,-81.17817999999998
0.06400800000000699,-79.00618000000014
0.12000800000002416,-76.99568999999995
0.17600799999999503,-75.13691000000011
0.2320080000000122,-73.41960000000003
0.28800800000002935,-71.83348000000001
0.3440080000000002,-70.36885999999987
0.4000080000000174,-69.01650999999998
0.4560080000000346,-67.76793000000004
0.5120080000000055,-66.61512000000003
0.5680080000000226,-65.55080000000002
0.6240079999999935,-64.56810999999996
0.6800080000000106,-63.66087999999981
0.7360080000000279,-62.82321999999985
0.7920079999999987,-62.04986999999984
0.8480080000000159,-61.33582999999998
0.904008000000033,-60.67661000000002
0.9600080000000039,-60.06794000000015
0.9999920000000111,-59.66227999999995
1.005592000000036,-59.66994000000003
1.016791999999993,-59.67208000000013
1.039192,-59.17508999999988
1.0839920000000136,-53.670710000000014
1.1399920000000308,-36.47054000000005
1.1959920000000017,-9.294050000000054
1.2519920000000189,24.19766000000001
1.2575919999999974,27.85568000000005
1.2687920000000008,35.204119999999946
1.2911920000000077,49.63019000000002
1.3359920000000216,74.55769000000001
1.3919919999999923,95.84842999999998
1.4479920000000095,106.97285000000001
1.5039920000000266,111.05672999999983
1.5599919999999976,111.00080999999994
1.6159920000000147,108.76422000000008
1.671992000000032,105.50812000000009
1.7279920000000029,101.87144999999998
1.78399200000002,98.18641000000005
1.8399920000000372,94.61580000000014
1.895992000000008,91.23393000000002
1.9519920000000253,88.06903999999993
0.007991999999996027,85.12618000000005
0.0639920000000132,82.39891999999993
0.11999200000003038,79.87614000000009
0.17599200000000123,77.54478999999992
0.2319920000000184,75.39172000000005
0.2879920000000356,73.40362000000012
0.34399200000000646,71.56783999999993
0.3999920000000236,69.87267000000008
0.4559919999999945,68.30737000000009
0.5119920000000117,66.86188000000004
0.5679920000000288,65.5273300000001
0.6239919999999997,64.29511
0.6799920000000169,63.15735
0.7359920000000341,62.10691999999995
0.7919920000000049,61.13724000000009
0.8479920000000221,60.242009999999844
0.9039919999999929,59.41554999999998
0.9599920000000102,58.652530000000034
1.0159920000000273,57.94810000000017
1.071991999999998,57.29772
1.1279920000000154,56.69730000000017
1.1839920000000326,56.142949999999914
1.2399920000000033,55.63118
1.2959920000000205,55.158690000000064
1.3519919999999914,54.722489999999844
1.4079920000000086,54.31977999999993
1.4639920000000257,53.948019999999985
1.5199919999999967,53.60480000000001
1.5759920000000138,53.28796000000003
1.631992000000031,52.995459999999994
1.687992000000002,52.725450000000066
1.743992000000019,52.476179999999985
1.7999920000000362,52.24607999999997
1.855992000000007,52.03365999999998
1.9119920000000241,51.83760000000004
1.967991999999995,51.65659999999983
0.023992000000012257,51.48953
0.07999200000002943,51.33531000000002
0.13599200000000028,51.19296999999978
0.19199200000001748,51.06158000000005
0.24799200000003466,50.940310000000096
0.3039920000000055,50.82838000000001
0.3599920000000227,50.72507999999986
0.41599199999999353,50.62973000000004
0.47199200000001074,50.54175000000005
0.5279920000000279,50.46053000000006
0.5839919999999987,50.38559000000009
0.6399920000000159,50.31643000000008
0.6959920000000331,50.25261999999997
0.751992000000004,50.19372999999994
0.8079920000000211,50.139399999999945
0.863991999999992,50.08926999999996
0.9199920000000091,50.043009999999995
0.9759920000000264,50.00032999999981
1.0319919999999971,49.9609700000001
1.0879920000000143,49.9246499999999
1.1439920000000317,49.89116999999999
1.1999920000000024,49.86026999999993
1.2559920000000195,49.8317800000001
1.3119920000000367,49.805499999999945
1.3679920000000076,49.78127000000021
1.4239920000000248,49.75893000000009
1.4799919999999958,49.73834999999993
1.535992000000013,49.71934999999994
1.59199200000003,49.701859999999876
1.6479920000000008,49.685739999999925
1.7039920000000182,49.67088000000008
1.7599920000000353,49.65719999999996
1.815992000000006,49.64458999999999
1.8719920000000232,49.63297999999994
1.9279919999999942,49.62229000000007
1.9839920000000113,49.61244999999992
8.00000002131683e-06,49.609789999999876
0.0056079999999998735,49.67125000000006
0.01680800000000331,49.779950000000014
0.03920800000001018,49.48935999999993
0.08400800000002392,44.3717400000001
0.14000799999999478,27.619330000000055
0.19600800000001195,0.8724300000000351
0.25200800000002915,-32.19653
0.2576080000000077,-35.81283999999996
0.26880800000001115,-43.07846000000004
0.291208000000018,-57.34338999999999
0.3360080000000317,-81.97210000000021
0.3920080000000026,-102.93382000000007
0.4480080000000198,-113.76910000000007
0.504008000000037,-117.59140999999995
0.5600080000000078,-117.29389999999995
0.616008000000025,-114.83219999999994
0.6720079999999958,-111.36572999999994
0.728008000000013,-107.53214
0.7840080000000302,-103.66327999999992
0.8400080000000011,-99.92226999999998
0.8960080000000182,-96.38278999999983
0.9520080000000354,-93.07189999999999
1.0000000000000013,-90.42002000000005
1.0056000000000263,-90.18532999999995
1.0168000000000297,-89.70697999999987
1.0392000000000365,-88.27566000000009
1.0840000000000038,-81.00746999999986
1.140000000000021,-61.76539000000014
1.195999999999992,-32.66992000000002
1.252000000000009,2.655590000000041
1.257600000000034,6.491929999999924
1.2688000000000375,14.194610000000107
1.291199999999998,29.31234000000016
1.3360000000000116,55.545039999999936
1.3920000000000288,78.32159999999999
1.4479999999999997,90.79145
1.5040000000000169,96.1072999999999
1.560000000000034,97.18814000000009
1.616000000000005,96.00410000000004
1.6720000000000221,93.72322
1.7279999999999929,90.98943000000004
1.7840000000000102,88.13997000000006
1.8400000000000274,85.34266999999996
1.8959999999999981,82.67585
1.9520000000000153,80.17132000000005
1.9999920000000275,78.16128999999994
0.005592000000006096,77.99829999999997
0.016792000000009532,77.66191999999994
0.0391920000000164,76.5053200000001
0.08399200000003014,69.75012000000014
0.139992000000001,51.0967
0.19599200000001818,22.560510000000143
0.25199200000003535,-12.214839999999949
0.2575920000000139,-15.996700000000086
0.26879200000001735,-23.590989999999977
0.2911920000000242,-38.4968699999999
0.33599199999999163,-64.33259999999996
0.39199200000000883,-86.66576999999998
0.447992000000026,-98.74238000000003
0.5039919999999969,-103.70226999999987
0.559992000000014,-104.45566999999988
0.6159920000000312,-102.96787000000008
0.671992000000002,-100.40431999999998
0.7279920000000193,-97.40748999999992
0.7839920000000364,-94.31356000000002
0.8399920000000073,-91.28947999999993
0.8959920000000244,-88.41262999999988
0.9519919999999953,-85.71394
1.0079920000000124,-83.20139000000015
1.0639920000000296,-80.87128999999993
1.1199920000000005,-78.71490999999997
1.1759920000000177,-76.72144999999998
1.2319920000000348,-74.87982999999998
1.2879920000000058,-73.17896000000013
1.343992000000023,-71.60842999999994
1.3999919999999937,-70.15828999999995
1.455992000000011,-68.81945999999984
1.5119920000000282,-67.58332
1.567991999999999,-66.44209000000001
1.623992000000016,-65.38839000000007
1.6799920000000332,-64.41559000000008
1.7359920000000042,-63.51741
1.7919920000000213,-62.688170000000156
1.8479919999999923,-61.92254000000008
1.9039920000000095,-61.215689999999825
1.9599920000000266,-60.56305000000006
1.9999760000000337,-60.12806999999998
0.005576000000012317,-60.13176999999992
0.016776000000015754,-60.12606999999992
0.03917600000002262,-59.61384000000014
0.08397600000003637,-54.08060000000003
0.13997600000000723,-36.84700000000007
0.1959760000000244,-9.639159999999869
0.25197599999999526,23.882249999999992
0.2575760000000201,27.54315000000007
0.26877600000002355,34.89728999999997
0.29117600000003047,49.33450000000006
0.3359759999999979,74.28300999999982
0.39197600000001503,95.5977400000001
0.44797600000003224,106.74397000000013
0.5039760000000031,110.8478799999999
0.5599760000000202,110.81043999999984
0.6159760000000374,108.59100000000011
0.6719760000000082,105.35074999999993
0.7279760000000255,101.72876000000008
0.7839759999999963,98.0572799999999
0.8399760000000135,94.49921999999988
0.8959760000000306,91.12893
0.9519760000000015,87.97473
1.0000240000000316,85.4450899999999
1.00562400000001,85.22439999999997
1.0168240000000135,84.77365000000003
1.0392240000000204,83.39496000000013
1.084024000000034,76.22145999999996
1.140024000000005,57.085040000000035
1.1960240000000222,28.09558000000001
1.2520239999999931,-7.112910000000028
1.2576240000000178,-10.936889999999977
1.2688240000000213,-18.61486000000001
1.2912240000000283,-33.684140000000085
1.3360239999999957,-59.828250000000025
1.3920240000000128,-82.51251000000015
1.44802400000003,-94.90707000000009
1.504024000000001,-100.15812000000012
1.560024000000018,-101.18019999999994
1.6160240000000352,-99.94122000000006
1.6720240000000062,-97.60826999999983
1.7280240000000233,-94.82508999999983
1.784023999999994,-91.92895000000001
1.8400240000000112,-89.08776999999989
1.8960240000000286,-86.37991999999994
1.9520239999999993,-83.83730999999983
1.600000001151099e-05,-81.7969999999999
0.00561600000003639,-81.63065999999985
0.016815999999993503,-81.28774000000006
0.039216000000000376,-80.11933000000005
0.08401600000001412,-73.34580999999996
0.14001600000003128,-54.67416000000003
0.19601600000000216,-26.11342999999988
0.25201600000001934,8.700849999999871
0.2576159999999979,12.487409999999866
0.26881600000000133,20.091159999999995
0.2912160000000082,35.015560000000164
0.33601600000002196,60.88285999999998
0.3920159999999928,83.24284999999998
0.44801600000000996,95.33532
0.5040160000000271,100.30573999999982
0.560015999999998,101.06800999999987
0.6160160000000152,99.58918000000017
0.6720160000000324,97.0352000000001
0.7280160000000032,94.04850999999992
0.7840160000000204,90.96500999999991
0.8400160000000376,87.95132000000017
0.8960160000000085,85.08457000000003
0.9520160000000256,82.39543000000005
1.0000079999999916,80.23851999999998
1.0056080000000163,80.05912000000004
1.0168080000000197,79.69021999999981
1.0392080000000266,78.47044999999997
1.084007999999994,71.5962499999998
1.1400080000000112,52.80535000000008
1.1960080000000284,24.14010000000011
1.2520079999999993,-10.758539999999872
1.2576080000000243,-14.55238999999997
1.2688080000000277,-22.17048999999993
1.2912080000000346,-37.12283999999988
1.3360080000000019,-63.046230000000094
1.392008000000019,-85.47912000000002
1.4480080000000362,-97.6459999999999
1.5040080000000071,-102.68855999999982
1.5600080000000243,-103.51822999999993
1.6160079999999952,-102.10110000000006
1.6720080000000124,-99.60305000000002
1.7280080000000295,-96.6669
1.7840080000000003,-93.6291600000001
1.8400080000000176,-90.65703999999997
1.8960080000000348,-87.82821000000007
1.9520080000000055,-85.17386000000005
0.008008000000022737,-82.70225000000009
0.0640079999999936,-80.40992000000014
0.12000800000001077,-78.28842000000003
0.17600800000002795,-76.32714000000007
0.2320079999999988,-74.51523000000005
0.288008000000016,-72.84178000000009
0.3440080000000332,-71.29655000000001
0.400008000000004,-69.86977000000016
0.4560080000000212,-68.55249000000008
0.512007999999992,-67.33625000000009
0.5680080000000093,-66.21339000000015
0.6240080000000264,-65.17665999999988
0.6800079999999973,-64.21951000000004
0.7360080000000144,-63.335780000000064
0.7920080000000316,-62.51990000000007
0.8480080000000024,-61.76658999999995
0.9040080000000197,-61.07110999999988
0.9600080000000368,-60.42898000000019
1.0160080000000078,-59.836140000000036
1.072008000000025,-59.28876999999999
1.1280079999999957,-58.78342999999986
1.1840080000000128,-58.316849999999974
1.24000800000003,-57.886070000000124
1.296008000000001,-57.48828000000006
1.352008000000018,-57.12103999999996
1.4080080000000352,-56.78199999999989
1.4640080000000062,-56.46901000000004
1.5200080000000233,-56.18002
1.576007999999994,-55.91319000000006
1.6320080000000114,-55.66683999999999
1.6880080000000286,-55.43946000000011
1.7440079999999993,-55.22953000000008
1.8000080000000165,-55.03575000000005
1.8560080000000339,-54.85684000000002
1.9120080000000046,-54.69169000000007
1.9680080000000217,-54.539220000000114
0.024007999999992646,-54.398479999999914
0.08000800000000982,-54.26853000000009
0.136008000000027,-54.14858999999983
0.19200799999999785,-54.037850000000056
0.24800800000001502,-53.93563000000001
0.3040080000000322,-53.84124999999984
0.36000800000000305,-53.75413999999989
0.41600800000002025,-53.673729999999864
0.47200800000003745,-53.59949000000008
0.5280080000000082,-53.530960000000015
0.5840080000000255,-53.46772
0.6400079999999964,-53.40931999999987
0.6960080000000135,-53.35542999999987
0.7520080000000307,-53.305669999999864
0.8080080000000015,-53.259759999999986
0.8640080000000188,-53.217370000000045
0.9200080000000359,-53.178249999999984
0.9760080000000068,-53.142129999999895
1.032008000000024,-53.10881000000012
1.0880079999999948,-53.07804000000016
1.144008000000012,-53.04964999999995
1.200008000000029,-53.02344999999997
1.256008,-52.99926999999993
1.3120080000000172,-52.97695000000013
1.3680080000000343,-52.95636000000003
1.4240080000000053,-52.93734999999988
1.4800080000000224,-52.91982000000006
1.5360079999999932,-52.903629999999865
1.5920080000000105,-52.888700000000014
1.6480080000000277,-52.874920000000046
1.7040079999999984,-52.86221999999996
1.7600080000000156,-52.85050000000013
1.8160080000000327,-52.839679999999944
1.8720080000000037,-52.82969999999998
1.9280080000000208,-52.82049999999994
1.9840079999999918,-52.8120099999998
2.400000000170515e-05,-52.80970000000007
0.005624000000026584,-52.87131000000001
0.01682400000003002,-52.98038999999988
0.03922400000003689,-52.6913
0.08402400000000432,-47.579549999999806
0.1400240000000215,-30.834559999999954
0.19602399999999234,-4.08576000000016
0.2520240000000095,28.998640000000186
0.2576240000000344,32.61716999999997
0.2688239999999915,39.88723000000016
0.2912239999999984,54.160500000000056
0.33602400000001215,78.80038000000012
0.3920240000000293,99.76436999999993
0.44802400000000014,110.5929200000002
0.5040240000000173,114.40545999999996
0.5600240000000345,114.0987
0.6160240000000053,111.62956000000013
0.6720240000000226,108.1577199999999
0.7280239999999935,104.32109999999994
0.7840240000000106,100.45115000000004
0.8400240000000277,96.70981000000012
0.8960239999999986,93.17001000000013
0.9520240000000159,89.85888999999992
1.000016000000028,87.20721000000009
1.0056160000000065,86.97255000000004
1.01681600000001,86.49412000000001
1.0392160000000168,85.0616999999998
1.0840160000000305,77.78705999999991
1.1400160000000015,58.53396000000011
1.1960160000000186,29.435050000000018
1.2520160000000358,-5.8780700000000685
1.2576160000000143,-9.712240000000039
1.2688160000000177,-17.410439999999916
1.2912160000000246,-32.51925
1.336015999999992,-58.73799000000002
1.3920160000000092,-81.50725999999997
1.4480160000000264,-93.97880000000013
1.5040159999999974,-99.30029000000017
1.5600160000000145,-100.3873500000001
1.6160160000000316,-99.20851999999991
1.6720160000000026,-96.93131
1.7280160000000198,-94.1997699999999
1.784016000000037,-91.35139999999997
1.8400160000000076,-88.55440000000003
1.8960160000000248,-85.88744999999997
1.9520159999999958,-83.38274999999994
8.000000007926844e-06,-81.37253000000011
0.0056080000000328055,-81.20953999999992
0.016808000000036242,-80.87325000000001
0.039207999999996794,-79.71770999999994
0.08400800000001053,-72.96839
0.14000800000002772,-54.324640000000144
0.19600799999999857,-25.790100000000038
0.2520080000000157,8.999149999999956
0.2576079999999943,12.783270000000124
0.2688079999999977,20.382169999999977
0.29120800000000463,35.29710999999991
0.33600800000001835,61.14655000000013
0.39200800000003555,83.48618999999991
0.4480080000000064,95.56021000000014
0.5040080000000235,100.51370999999997
0.5600079999999944,101.26038999999997
0.6160080000000115,99.76710999999993
0.6720080000000288,97.19973999999998
0.7280079999999997,94.20063999999995
0.7840080000000168,91.10565999999997
0.840008000000034,88.08134999999994
0.8960080000000048,85.2047800000002
0.9520080000000221,82.50658
1.0000000000000342,80.34246
1.0056000000000127,80.16226000000005
1.0168000000000161,79.79175999999998
1.039200000000023,78.56889000000011
1.0840000000000367,71.68885000000014
1.1400000000000077,52.891179999999814
1.1960000000000248,24.219549999999977
1.2519999999999958,-10.68522000000005
1.2576000000000205,-14.479660000000116
1.268800000000024,-22.098940000000013
1.291200000000031,-37.05362000000001
1.3359999999999983,-62.98137000000015
1.3920000000000154,-85.41921999999991
1.4480000000000326,-97.59056999999993
1.5040000000000036,-102.63717999999989
1.5600000000000207,-103.47059999999986
1.6159999999999914,-102.05690999999995
1.6720000000000088,-99.56205000000007
1.728000000000026,-96.62886999999998
1.7839999999999967,-93.59388000000001
1.8400000000000138,-90.62429000000006
1.8960000000000312,-87.79778000000005
1.952000000000002,-85.14561000000009
1.9999920000000142,-83.01814000000007
0.005591999999992705,-82.84205999999995
0.01679199999999614,-82.47983999999997
0.03919200000000301,-81.27396000000009
0.08399200000001676,-74.42985999999996
0.13999200000003392,-55.676709999999964
0.1959920000000048,-27.039550000000023
0.251992000000022,7.847769999999921
0.25759200000000054,11.641429999999842
0.26879200000000397,19.25928999999993
0.29119200000001083,34.21126999999991
0.33599200000002455,60.13065000000006
0.39199199999999546,82.54998999999997
0.4479920000000126,94.69620999999995
0.5039920000000297,99.7158199999999
0.5599920000000006,100.52347999999989
0.6159920000000179,99.08664000000012
0.671992000000035,96.57155999999989
0.7279920000000059,93.62090000000012
0.783992000000023,90.57073999999999
0.8399919999999939,87.58787000000012
0.8959920000000111,84.74958
0.9519920000000283,82.08672999999989
0.9999839999999941,79.95074999999984
1.005584000000019,79.77369000000012
1.0167840000000223,79.40941999999995
1.0391840000000292,78.19865999999998
1.0839839999999967,71.34142000000021
1.1399840000000139,52.57011
1.195984000000031,23.923249999999953
1.251984000000002,-10.957890000000026
1.257584000000027,-14.75003000000008
1.2687840000000303,-22.364739999999994
1.2911840000000372,-37.310499999999806
1.3359840000000045,-63.22143999999996
1.3919840000000216,-85.6401200000001
1.4479839999999926,-97.79413000000004
1.5039840000000098,-102.82487000000006
1.559984000000027,-103.64366000000014
1.6159839999999979,-102.21643000000013
1.671984000000015,-99.70902000000015
1.7279840000000322,-96.76421999999985
1.783984000000003,-93.71847999999994
1.8399840000000203,-90.73894999999999
1.8959840000000374,-87.9032700000002
1.9519840000000082,-85.24260999999989
1.9999760000000204,-83.10839999999997
0.005575999999998927,-82.9315799999999
0.016776000000002362,-82.56785999999994
0.03917600000000923,-81.35908999999985
0.08397600000002298,-74.50950999999995
0.13997599999999383,-55.75006000000005
0.195976000000011,-27.10702000000009
0.2519760000000282,7.7858699999999725
0.25757600000000674,11.580080000000104
0.2687760000000102,19.19902000000007
0.29117600000001703,34.15309
0.3359760000000308,60.076440000000005
0.39197600000000166,82.50032000000007
0.4479760000000188,94.65067000000005
0.5039760000000361,99.67408
0.5599760000000069,100.48525999999991
0.6159760000000241,99.05168000000009
0.6719759999999949,96.5396300000001
0.7279760000000121,93.59178000000013
0.7839760000000292,90.54421000000002
0.8399760000000002,87.56374
0.8959760000000173,84.72767000000015
0.9519760000000345,82.06687000000001
1.0000240000000182,79.93010000000011
1.0056239999999967,79.75323999999983
1.0168240000000002,79.38937000000013
1.039224000000007,78.17936999999998
1.0840240000000207,71.32360999999987
1.1400239999999917,52.55400999999993
1.1960240000000089,23.908760000000086
1.252024000000026,-10.970839999999926
1.2576240000000045,-14.762830000000005
1.268824000000008,-22.377249999999904
1.2912240000000148,-37.32244000000007
1.3360240000000285,-63.23227000000009
1.3920239999999995,-85.64970000000005
1.4480240000000166,-97.8025600000001
1.5040240000000338,-102.83226999999995
1.5600240000000047,-103.65011000000001
1.6160240000000219,-102.22200999999997
1.6720239999999926,-99.71380999999991
1.7280240000000098,-96.76827999999982
1.7840240000000271,-93.7218500000001
1.8400239999999979,-90.74170000000015
1.896024000000015,-87.90544999999983
1.9520240000000322,-85.24425999999985
1.5999999998121006e-05,-83.10961999999988
0.005616000000023,-82.93275000000011
0.016816000000026435,-82.56894999999997
0.03921600000003331,-81.35998
0.08401600000000073,-74.51005999999994
0.1400160000000179,-55.750210000000024
0.19601600000003508,-27.106819999999978
0.25201600000000596,7.786370000000042
0.2576160000000308,11.58059999999983
0.26881600000003425,19.199589999999933
0.2912159999999948,34.1537500000002
0.33601600000000853,60.07728999999995
0.39201600000002573,82.50140999999988
0.4480159999999966,94.65199999999996
0.5040160000000138,99.67565999999994
0.5600160000000309,100.48705999999984
0.6160160000000018,99.0536999999998
0.6720160000000189,96.54186000000009
0.7280160000000362,93.59419000000014
0.784016000000007,90.5467900000001
0.8400160000000242,87.56648999999994
0.896015999999995,84.73057000000006
0.9520160000000122,82.0698999999998
1.0080160000000293,79.59242999999994
1.0640160000000003,77.29479000000006
1.1200160000000174,75.1688100000001
1.1760160000000346,73.20371000000003
1.2320160000000056,71.3881999999999
1.2880160000000227,69.71126999999998
1.3440159999999934,68.16261000000013
1.4000160000000106,66.73238999999987
1.456016000000028,65.41191000000013
1.5120159999999987,64.19266000000002
1.5680160000000158,63.06688999999999
1.624016000000033,62.02753000000016
1.680016000000004,61.06808000000008
1.736016000000021,60.18230999999985
1.792015999999992,59.364589999999936
1.8480160000000092,58.60963000000008
1.9040160000000264,57.91266999999989
1.960015999999997,57.269180000000034
0.016016000000014352,56.675119999999964
0.07201600000003153,56.12663000000006
0.12801600000000238,55.62029000000002
0.18401600000001955,55.15281000000005
0.24001600000003676,54.721239999999895
0.2960160000000076,54.3228
0.35201600000002475,53.9549800000001
0.40801599999999566,53.61539999999998
0.4640160000000128,53.30192
0.52001600000003,53.01252000000001
0.5760160000000009,52.745370000000015
0.632016000000018,52.49873999999988
0.6880160000000352,52.27109000000007
0.744016000000006,52.06093000000011
0.8000160000000233,51.86692999999987
0.8560159999999941,51.68784999999998
0.9120160000000113,51.52256
0.9680160000000284,51.369970000000095
1.0240159999999994,51.22914000000001
1.0800160000000165,51.09914000000004
1.1360160000000337,50.97915000000008
1.1920160000000046,50.86841000000008
1.2480160000000218,50.766190000000044
1.3040159999999925,50.67186000000001
1.3600160000000097,50.58479999999999
1.4160160000000268,50.504450000000034
1.4720159999999978,50.43029999999993
1.528016000000015,50.361880000000085
1.584016000000032,50.298729999999956
1.640016000000003,50.24045999999993
1.6960160000000202,50.18670999999997
1.7520160000000373,50.13710000000016
1.8080160000000083,50.09132999999988
1.8640160000000254,50.049110000000006
1.9200159999999962,50.01016000000003
1.9760160000000133,49.97421999999996
0.03201600000003058,49.94109000000013
0.08801600000000144,49.91050999999991
0.14401600000001863,49.882330000000195
0.2000160000000358,49.856319999999954
0.2560160000000066,49.83234999999997
0.31201600000002383,49.81024000000001
0.3680159999999947,49.78987000000012
0.4240160000000119,49.77107999999997
0.48001600000002903,49.75376999999992
0.5360159999999999,49.73782000000004
0.5920160000000171,49.72312000000012
0.6480160000000342,49.70958000000003
0.7040160000000051,49.697099999999935
0.7600160000000223,49.685619999999986
0.8160159999999932,49.675039999999896
0.8720160000000103,49.66530999999996
0.9280160000000275,49.65635000000002
0.9840159999999983,49.64809999999997
1.0400160000000156,49.64052000000008
1.0960160000000327,49.63355000000003
1.1520160000000035,49.627139999999905
1.2080160000000209,49.62124999999995
1.2640159999999916,49.61585000000013
1.3200160000000087,49.610890000000076
1.3760160000000259,49.606339999999975
1.4320159999999968,49.6021499999999
1.488016000000014,49.598330000000026
1.5440160000000311,49.59482999999998
1.600016000000002,49.59161999999995
1.6560160000000193,49.588679999999826
1.7120160000000364,49.586009999999845
1.7680160000000071,49.583560000000084
1.8240160000000245,49.581330000000094
1.8800159999999952,49.57929999999999
1.9360160000000124,49.577450000000134
1.9920160000000295,49.575780000000066
2.400000003463728e-05,49.575549999999915
0.005624000000013194,49.63778000000008
0.01682400000001663,49.74798000000003
0.039224000000023504,49.46033999999999
0.08402400000003725,44.34830999999995
0.1400240000000081,27.602400000000138
0.1960240000000253,0.8614300000000519
0.25202399999999614,-32.20215000000004
0.257624000000021,-35.81795999999993
0.26882400000002443,-43.082559999999994
0.29122400000003135,-57.34552999999987
0.33602399999999877,-81.97045000000003
0.3920240000000159,-102.92765000000004
0.4480240000000331,-113.75865000000007
0.5040240000000039,-117.57697
0.5600240000000212,-117.27577
0.616023999999992,-114.81068000000016
0.6720240000000092,-111.34109999999997
0.7280240000000263,-107.5046599999998
0.7840239999999972,-103.63318999999981
0.8400240000000144,-99.8897700000001
0.8960240000000316,-96.34807000000012
0.9520240000000024,-93.03514999999996
1.0000160000000147,-90.38165000000009
1.0056159999999932,-90.14678999999992
1.0168159999999966,-89.66805999999994
1.0392160000000035,-88.23601000000014
1.0840160000000172,-80.96638
1.1400160000000343,-61.7225400000001
1.1960160000000053,-32.62553999999995
1.2520160000000224,2.7011300000001626
1.257616000000001,6.5375699999998815
1.2688160000000044,14.24041999999992
1.2912160000000112,29.35851999999994
1.336016000000025,55.59193000000007
1.392015999999996,78.3694399999999
1.448016000000013,90.84031000000014
1.5040160000000302,96.15716999999991
1.5600160000000012,97.23895999999988
1.6160160000000183,96.05577999999993
1.6720160000000355,93.77568000000002
1.7280160000000062,91.04260999999991
1.7840160000000236,88.19377999999989
1.8400159999999943,85.3970599999998
1.8960160000000115,82.73075000000007
1.9520160000000286,80.22671000000004
7.999999994536857e-06,78.21706000000006
0.005608000000019416,78.05411000000007
0.01680800000002285,77.71782000000016
0.039208000000029726,76.5614000000001
0.08400799999999714,69.80661999999982
0.14000800000001432,51.15371000000013
0.1960080000000315,22.61786999999993
0.25200800000000234,-12.157459999999842
0.25760800000002726,-15.93933000000014
0.2688080000000307,-23.533650000000073
0.29120800000003755,-38.43959000000008
0.33600800000000497,-64.27534999999995
0.3920080000000221,-86.60837
0.448007999999993,-98.68469000000002
0.5040080000000102,-103.64422000000006
0.5600080000000274,-104.39726999999999
0.6160079999999982,-102.90916999999999
0.6720080000000154,-100.34535
0.7280080000000325,-97.34832000000004
0.7840080000000034,-94.25421999999983
0.8400080000000206,-91.22998000000004
0.8960080000000378,-88.35300999999984
0.9520080000000086,-85.65420999999995
1.0000000000000209,-83.48967000000007
1.0055999999999994,-83.30945000000001
1.0168000000000028,-82.93903000000013
1.0392000000000097,-81.71717000000012
1.0840000000000234,-74.84293999999991
1.1399999999999944,-56.05495000000005
1.1960000000000115,-27.38520000000011
1.2520000000000286,7.53301999999989
1.2576000000000072,11.329680000000009
1.2688000000000106,18.95349000000013
1.2912000000000174,33.917079999999935
1.3360000000000312,59.8584499999999
1.3920000000000021,82.30296999999997
1.4480000000000193,94.47212999999999
1.5040000000000364,99.51277000000003
1.5600000000000074,100.33984000000018
1.6160000000000245,98.92095000000012
1.6719999999999953,96.42247999999998
1.7280000000000124,93.48716000000002
1.7840000000000298,90.45120000000017
1.8400000000000005,87.48144000000013
1.8960000000000177,84.65526000000013
1.9520000000000348,82.00358000000007
0.008000000000005763,79.53440999999995
0.06400000000002294,77.24441999999998
0.11999999999999379,75.12549999999996
0.17600000000001098,73.1669199999998
0.23200000000002816,71.35743999999988
0.28799999999999903,69.68606
0.3440000000000162,68.14253999999997
0.4000000000000334,66.71705000000006
0.45600000000000424,65.40093000000002
0.5120000000000214,64.18572999999994
0.5679999999999923,63.063679999999955
0.6240000000000094,62.02775999999987
0.6800000000000266,61.071490000000004
0.7359999999999974,60.18864999999995
0.7920000000000147,59.37364000000001
0.8480000000000318,58.621179999999825
0.9040000000000027,57.926520000000096
0.9600000000000198,57.28515999999995
0.9999840000000271,56.85772
1.0055840000000056,56.86241999999986
1.016784000000009,56.85857999999988
1.0391840000000159,56.349189999999936
1.0839840000000296,50.81809000000015
1.1399840000000006,33.585839999999976
1.1959840000000177,6.387649999999967
1.2519840000000348,-27.110700000000154
1.2575840000000134,-30.768609999999974
1.2687840000000168,-38.116770000000024
1.2911840000000236,-52.54252000000004
1.3359840000000374,-77.47364999999995
1.3919840000000083,-98.77846000000012
1.4479840000000255,-109.92418999999987
1.5039839999999964,-114.03121999999999
1.5599840000000136,-113.99701000000006
1.6159840000000307,-111.77959000000004
1.6719840000000015,-108.53983000000001
1.7279840000000188,-104.91645999999987
1.783984000000036,-101.24226999999996
1.8399840000000067,-97.68131999999996
1.8959840000000239,-94.30812
1.9519839999999948,-91.15066000000004
1.999976000000007,-88.6209
0.005576000000031859,-88.39986999999994
0.016776000000035294,-87.94857999999994
0.039175999999995846,-86.56978000000004
0.08397600000000958,-79.40032999999991
0.13997600000002677,-60.271989999999946
0.19597599999999762,-31.283259999999924
0.2519760000000148,3.9398200000000383
0.25757599999999337,7.7661600000000774
0.2687759999999968,15.448950000000128
0.29117600000000365,30.52780999999993
0.3359760000000174,56.68705000000007
0.3919760000000346,79.3800200000001
0.4479760000000054,91.77433000000002
0.5039760000000226,97.02115999999994
0.5599759999999935,98.03840000000008
0.6159760000000106,96.79551999999991
0.6719760000000279,94.46011999999993
0.7279759999999987,91.67582000000007
0.7839760000000159,88.77961
0.839976000000033,85.93905999999984
0.8959760000000039,83.23228000000005
0.951976000000021,80.6908500000001
1.0000240000000047,78.64915999999988
1.0056240000000296,78.48290999999996
1.016824000000033,78.1400699999999
1.0392239999999937,76.97093000000011
1.0840240000000074,70.19221000000009
1.1400240000000246,51.51168000000017
1.1960239999999953,22.949889999999805
1.2520240000000127,-11.85025999999989
1.2576240000000374,-15.634539999999975
1.2688239999999946,-23.233660000000043
1.2912240000000015,-38.14896999999995
1.3360240000000152,-64.00237000000008
1.3920240000000323,-86.35542999999979
1.4480240000000033,-98.44984000000001
1.5040240000000205,-103.42596000000003
1.5600240000000376,-104.1943299999999
1.6160240000000083,-102.72042999999998
1.6720240000000257,-100.16979999999998
1.7280239999999965,-97.18497999999998
1.7840240000000136,-94.10220000000002
1.8400240000000307,-91.08844000000005
1.8960240000000017,-88.22115000000008
1.9520240000000189,-85.53129999999997
1.6000000031053132e-05,-83.37387000000018
0.00561600000000961,-83.19445000000015
0.016816000000013046,-82.82560000000005
0.039216000000019915,-81.60681000000002
0.08401600000003366,-74.73829999999992
0.14001600000000453,-55.956930000000014
0.1960160000000217,-27.293459999999882
0.2520159999999925,7.61866000000011
0.25761600000001744,11.4147200000001
0.26881600000002087,19.037340000000125
0.29121600000002773,33.99859000000016
0.33601599999999515,59.93556999999994
0.39201600000001235,82.37513000000018
0.4480160000000295,94.53985000000009
0.5040160000000004,99.57649000000002
0.5600160000000175,100.39988000000011
0.6160160000000348,98.97759000000006
0.6720160000000056,96.47598000000013
0.7280160000000228,93.53776000000002
0.7840159999999936,90.49909999999994
0.8400160000000108,87.5268600000001
0.896016000000028,84.69836999999991
0.9520159999999989,82.04457000000009
1.000008000000011,79.91577999999988
1.0056080000000358,79.73951999999996
1.016807999999993,79.37686
1.039208,78.16920000000005
1.0840080000000136,71.31792000000003
1.1400080000000308,52.55356999999994
1.1960080000000017,23.91306999999987
1.2520080000000189,-10.962279999999991
1.2576079999999974,-14.753870000000058
1.2688080000000008,-22.367519999999974
1.2912080000000077,-37.311170000000175
1.3360080000000214,-63.21804999999991
1.3920079999999924,-85.63192999999991
1.4480080000000095,-97.78141000000006
1.5040080000000267,-102.80793999999993
1.5600079999999974,-103.62282999999994
1.6160080000000148,-102.19202999999987
1.672008000000032,-99.6813299999999
1.7280080000000027,-96.73350999999997
1.7840080000000198,-93.68500000000002
1.8400080000000372,-90.70292000000002
1.896008000000008,-87.8649199999999
1.952008000000025,-85.20209999999983
0.008007999999995958,-82.72268999999999
0.06400800000001314,-80.42316000000005
0.12000800000003031,-78.295
0.17600800000000116,-76.32759
0.23200800000001834,-74.51001000000002
0.2880080000000355,-72.83131999999992
0.34400800000000636,-71.28126000000012
0.40000800000002357,-69.85002000000007
0.4560079999999944,-68.52863000000009
0.5120080000000116,-67.30860000000006
0.5680080000000288,-66.18221999999996
0.6240079999999997,-65.14224999999985
0.6800080000000168,-64.1821199999999
0.736008000000034,-63.295639999999985
0.7920080000000048,-62.47720000000001
0.848008000000022,-61.72153999999996
0.9040079999999929,-61.023889999999966
0.9600080000000101,-60.379749999999845
1.0160080000000273,-59.78506000000006
1.072007999999998,-59.23600000000007
1.1280080000000152,-58.72907999999999
1.1840080000000324,-58.26103999999987
1.2400080000000033,-57.82891000000001
1.2960080000000205,-57.42987999999993
1.3520080000000376,-57.061499999999874
1.4080080000000086,-56.72138999999987
1.4640080000000257,-56.407440000000086
1.5200079999999965,-56.11754999999996
1.5760080000000136,-55.84989000000018
1.632008000000031,-55.602770000000135
1.6880080000000017,-55.37466999999996
1.7440080000000189,-55.16408999999989
1.800008000000036,-54.96970999999995
1.856008000000007,-54.79024999999993
1.9120080000000241,-54.62458999999997
1.968007999999995,-54.47164999999998
0.024008000000012186,-54.33047000000002
0.08000800000002936,-54.20011999999996
0.1360080000000002,-54.07981000000017
0.1920080000000174,-53.96873000000002
0.2480080000000346,-53.866189999999925
0.30400800000000544,-53.771530000000126
0.3600080000000226,-53.68415999999998
0.4160079999999935,-53.60348999999998
0.47200800000001064,-53.52904000000014
0.5280080000000278,-53.46030000000002
0.5840079999999986,-53.3968600000001
0.6400080000000159,-53.33829000000012
0.696008000000033,-53.28423000000004
0.7520080000000039,-53.23433
0.808008000000021,-53.188279999999864
0.8640079999999919,-53.14576000000004
0.9200080000000092,-53.106520000000046
0.9760080000000263,-53.070299999999904
0.9999760000000234,-53.05567
1.005576000000002,-53.11473999999983
1.0167760000000055,-53.21876999999997
1.0391760000000123,-52.91986000000004
1.083976000000026,-47.78946999999989
1.139975999999997,-31.022839999999885
1.1959760000000141,-4.253950000000062
1.2519760000000313,28.849200000000017
1.2575760000000098,32.46953999999991
1.2687760000000132,39.743169999999935
1.29117600000002,54.023390000000006
1.3359760000000338,78.67647
1.3919760000000048,99.65567999999992
1.447976000000022,110.49823000000015
1.5039759999999927,114.32370000000014
1.55997600000001,114.02893000000014
1.6159760000000272,111.57088999999986
1.671975999999998,108.10930999999991
1.727976000000015,104.28217000000006
1.7839760000000324,100.42094999999995
1.8399760000000032,96.68768999999999
1.8959760000000203,93.15534000000002
1.9519760000000375,89.85109999999996
0.0079760000000084,86.77953999999998
0.06397600000002558,83.93357000000012
0.11997599999999643,81.30129000000008
0.17597600000001362,78.86877999999986
0.2319760000000308,76.62215999999988
0.2879760000000017,74.54788000000012
0.3439760000000188,72.63287000000007
0.399976000000036,70.86465000000008
0.4559760000000069,69.23199000000002
0.5119760000000241,67.72446999999993
0.5679759999999949,66.33248999999996
0.6239760000000121,65.04706000000016
0.6799760000000292,63.86029999999998
0.7359760000000001,62.76455000000003
0.7919760000000173,61.75277000000001
0.8479760000000345,60.81866000000002
0.9039760000000053,59.95636999999987
0.9599760000000225,59.160299999999836
1.0000160000000011,58.629030000000085
1.005616000000026,58.619820000000104
1.0168160000000295,58.58844000000008
1.0392160000000363,58.02554000000004
1.0840160000000039,52.393460000000005
1.140016000000021,35.04393000000006
1.1960159999999918,7.73536000000008
1.2520160000000091,-25.86804999999992
1.2576160000000338,-29.536129999999883
1.2688160000000372,-36.9044999999999
1.291215999999998,-51.36965000000004
1.3360160000000116,-76.37489000000008
1.3920160000000288,-97.76384999999999
1.4480159999999997,-108.98577000000009
1.504016000000017,-113.16269000000001
1.560016000000034,-113.1931100000001
1.6160160000000048,-111.03563999999989
1.6720160000000222,-107.85151999999987
1.728015999999993,-104.27973000000001
1.78401600000001,-100.65330000000006
1.8400160000000272,-97.13652000000006
1.8960159999999981,-93.80414000000003
1.9520160000000153,-90.68436000000003
8.000000027468987e-06,-88.18455999999996
0.005608000000006026,-87.96689000000013
0.01680800000000946,-87.52223000000004
0.039208000000016334,-86.15631000000002
0.08400800000003007,-79.01104999999986
0.14000800000000094,-59.91059999999982
0.1960080000000181,-30.948050000000116
0.2520080000000353,4.249929999999846
0.2576080000000138,8.07383000000006
0.26880800000001726,15.751749999999953
0.29120800000002417,30.821100000000044
0.3360080000000379,56.96235999999999
0.39200800000000874,79.63485999999986
0.44800800000002594,92.01066000000013
0.5040079999999968,97.24058000000002
0.5600080000000139,98.24222999999988
0.6160080000000311,96.98492999999986
0.672008000000002,94.63615000000014
0.7280080000000192,91.83950000000007
0.7840080000000363,88.93181999999999
0.8400080000000072,86.08068999999996
0.8960080000000243,83.36410000000005
0.9520079999999952,80.81362999999997
1.0000000000000073,78.76705999999989
1.0056000000000322,78.5999799999999
1.0168000000000357,78.25550999999997
1.0391999999999963,77.08322000000001
1.08400000000001,70.29857000000005
1.1400000000000272,51.61117999999987
1.195999999999998,23.042919999999967
1.2520000000000153,-11.763469999999998
1.2575999999999938,-15.54836000000015
1.2687999999999973,-23.148689999999974
1.2912000000000041,-38.06635999999997
1.3360000000000178,-63.924209999999924
1.392000000000035,-86.28228000000004
1.448000000000006,-98.38119
1.504000000000023,-103.36141999999992
1.5599999999999938,-104.13356999999989
1.616000000000011,-102.66317999999997
1.6720000000000284,-100.11581000000014
1.727999999999999,-97.13401999999994
1.7840000000000162,-94.05405
1.8400000000000334,-91.04288999999999
1.8960000000000043,-88.17801000000003
1.9520000000000215,-85.49037999999997
0.007999999999992373,-82.98805999999992
0.06400000000000955,-80.66737999999995
0.12000000000002672,-78.51971999999985
0.17599999999999758,-76.53429000000011
0.23200000000001475,-74.7000900000001
0.28800000000003195,-73.00605999999999
0.3440000000000028,-71.44184000000008
0.40000000000001995,-69.99752999999997
0.45600000000003715,-68.66407000000008
0.512000000000008,-67.43290000000002
0.5680000000000252,-66.29624000000001
0.623999999999996,-65.24678000000006
0.6800000000000133,-64.2778799999999
0.7360000000000304,-63.38330999999986
0.7920000000000013,-62.557409999999926
0.8480000000000184,-61.79485000000007
0.9040000000000357,-61.09084000000009
0.9600000000000065,-60.440809999999786
1.0160000000000236,-59.84070000000008
1.0719999999999945,-59.28661000000002
1.1280000000000117,-58.77507000000004
1.1840000000000288,-58.30277000000006
1.2399999999999998,-57.86669999999994
1.296000000000017,-57.46402000000006
1.352000000000034,-57.09226000000012
1.408000000000005,-56.74906999999996
1.4640000000000222,-56.432240000000135
1.519999999999993,-56.139709999999845
1.57600000000001,-55.86959999999985
1.6320000000000274,-55.620229999999935
1.6879999999999982,-55.39004999999997
1.7440000000000153,-55.17755000000002
1.8000000000000325,-54.98139000000002
1.8560000000000034,-54.800290000000196
1.9120000000000206,-54.63312000000009
1.9680000000000377,-54.47878000000017
1.9999759999999935,-54.39606999999991
0.005576000000018469,-54.44444000000015
0.016776000000021905,-54.52725000000002
0.03917600000002878,-54.18711999999992
0.08397599999999619,-48.97887000000001
0.13997600000001337,-32.12183999999985
0.19597600000003054,-5.2679600000000715
0.2519760000000014,27.916009999999993
0.2575760000000263,31.544170000000094
0.2687760000000297,38.83332999999989
0.29117600000003657,53.14383
0.335976000000004,77.85386999999999
0.3919760000000212,98.89784000000002
0.44797599999999205,109.79907
0.5039760000000092,113.67838000000008
0.5599760000000265,113.43340000000013
0.6159759999999973,111.02149999999989
0.6719760000000145,107.60272999999998
0.7279760000000316,103.81524000000009
0.7839760000000024,99.99073999999996
0.8399760000000197,96.29142000000002
0.8959760000000369,92.79042999999999
0.9519760000000077,89.51514999999999
1.0000240000000378,86.88901000000016
1.0056240000000163,86.65756000000013
1.0168240000000197,86.18550000000002
1.0392240000000266,84.76543000000004
1.084023999999994,77.51419000000004
1.1400240000000113,58.28818000000013
1.1960240000000284,29.214510000000082
1.2520240000000455,-6.0748699999999545
1.2576239999999779,-9.906750000000075
1.2688240000000275,-17.60041000000001
1.2912240000000343,-32.700340000000104
1.336024000000048,-58.902240000000106
1.392024000000019,-81.65206000000013
1.4480239999999898,-94.10577000000009
1.5040240000000533,-99.41085999999987
1.5600240000000243,-100.48277999999988
1.616023999999995,-99.28997000000007
1.6720240000000586,-96.99985
1.7280240000000293,-94.25638000000004
1.7840240000000003,-91.39701000000011
1.8400239999999712,-88.5898599999999
1.8960240000000346,-85.91356000000006
1.9520240000000055,-83.40021999999992
0.008023999999976345,-81.05869999999982
0.06402400000003984,-78.88627000000015
0.1200240000000107,-76.87537999999994
0.17602399999998156,-75.0162099999998
0.23202400000004506,-73.29856000000001
0.28802400000001593,-71.71211
0.3440239999999868,-70.24721000000001
0.4000240000000503,-68.89456999999987
0.45602400000002113,-67.64574000000012
0.5120239999999919,-66.49269000000002
0.5680240000000555,-65.42815999999996
0.6240240000000263,-64.44527
0.6800239999999972,-63.53785000000012
0.7360240000000607,-62.70002000000008
0.7920240000000316,-61.926509999999936
0.8480240000000024,-61.21231999999988
0.9040239999999733,-60.55297000000004
0.9600240000000367,-59.94418999999995
1.0160240000000076,-59.382150000000024
1.0720239999999785,-58.863209999999945
1.1280240000000419,-58.38408999999989
1.1840240000000128,-57.94165000000007
1.2400239999999836,-57.53320000000017
1.2960240000000471,-57.156109999999984
1.352024000000018,-56.80799000000003
1.4080239999999888,-56.48655999999996
1.4640240000000524,-56.18977999999997
1.5200240000000234,-55.915779999999856
1.576023999999994,-55.66285000000004
1.6320240000000577,-55.42934999999982
1.6880240000000284,-55.213819999999856
1.7440239999999994,-55.01482000000002
1.80002399999997,-54.83112000000001
1.8560240000000336,-54.66152000000002
1.9120240000000046,-54.50496000000005
1.9680239999999753,-54.360420000000076
1.9999999999999776,-54.28295999999988
0.005600000000002442,-54.33221999999982
0.0168000000000522,-54.416780000000166
0.03920000000005907,-54.080029999999944
0.08399999999998017,-48.878149999999955
0.14000000000004367,-32.028610000000015
0.19600000000001452,-5.181839999999882
0.2519999999999854,27.995369999999966
0.25760000000001027,31.62288000000002
0.26880000000006,38.91073
0.29119999999997426,53.21870999999989
0.335999999999988,77.92399999999988
0.3920000000000515,98.96258999999996
0.4480000000000223,109.85893000000013
0.5039999999999932,113.73377000000006
0.5600000000000567,113.48464000000003
0.6160000000000275,111.06889000000008
0.6719999999999984,107.64655000000012
0.7279999999999692,103.85576000000007
0.7840000000000328,100.0281999999999
0.8400000000000036,96.32605000000005
0.8959999999999745,92.82244999999989
0.952000000000038,89.54474999999995
1.0080000000000089,86.49767999999992
1.0639999999999796,83.67430999999992
1.1200000000000432,81.06289000000011
1.1760000000000141,78.64963000000014
1.2319999999999849,76.42079000000001
1.2880000000000484,74.3628999999999
1.3440000000000192,72.46302999999999
1.3999999999999901,70.70876000000004
1.4560000000000537,69.08899000000002
1.5120000000000244,67.59337999999993
1.5679999999999954,66.21239000000001
1.6240000000000587,64.93711000000002
1.6800000000000297,63.759719999999966
1.7360000000000007,62.67260000000019
1.7919999999999714,61.66883000000012
1.848000000000035,60.74209000000019
1.9040000000000057,59.886610000000175
1.9599999999999766,59.09681999999994
0.016000000000040114,58.36770999999996
0.07200000000001097,57.69456000000006
0.12799999999998182,57.07312000000009
0.18400000000004532,56.49937000000005
0.24000000000001617,55.96968999999996
0.29599999999998705,55.48065999999996
0.35200000000005055,55.02920000000011
0.4080000000000214,54.612380000000016
0.46399999999999225,54.22759999999993
0.5200000000000558,53.87235999999995
0.5760000000000266,53.544420000000144
0.6319999999999975,53.24167000000002
0.688000000000061,52.96219999999985
0.7440000000000319,52.70419000000004
0.8000000000000027,52.46603000000016
0.8559999999999736,52.24615999999993
0.912000000000037,52.043220000000055
0.9680000000000079,51.855859999999865
1.0239999999999787,51.682940000000066
1.0800000000000423,51.523299999999935
1.136000000000013,51.375959999999885
1.191999999999984,51.239950000000036
1.2480000000000475,51.114419999999996
1.3040000000000183,50.99855000000009
1.3599999999999892,50.891620000000025
1.4160000000000528,50.79290999999997
1.4720000000000235,50.70182000000001
1.5279999999999945,50.617750000000015
1.5840000000000578,50.54016999999988
1.6400000000000288,50.46855999999988
1.6959999999999995,50.402490000000185
1.7519999999999705,50.34153000000008
1.808000000000034,50.28526000000011
1.8640000000000048,50.233350000000065
1.9199999999999757,50.18546000000001
1.976000000000039,50.141269999999906
0.03200000000001002,50.10050999999982
0.08799999999998089,50.06288999999997
0.14400000000004437,50.028210000000016
0.20000000000001525,49.996209999999984
0.25599999999998607,49.96669999999992
0.31200000000004957,49.939479999999925
0.3680000000000204,49.91437999999992
0.42399999999999133,49.89124
0.4800000000000548,49.86990999999996
0.5360000000000257,49.85022999999988
0.5919999999999965,49.83209999999993
0.64800000000006,49.815390000000015
0.7040000000000308,49.79998999999991
0.7600000000000018,49.785799999999995
0.8159999999999726,49.77274000000009
0.8720000000000361,49.76069999999999
0.9280000000000069,49.74960999999989
0.9839999999999778,49.73940999999993
1.0400000000000413,49.73000999999999
1.096000000000012,49.72136999999988
1.151999999999983,49.71341000000007
1.2080000000000466,49.706099999999864
1.2640000000000173,49.69937000000013
1.3199999999999883,49.693189999999944
1.3760000000000516,49.687509999999826
1.4320000000000226,49.68230000000018
1.4879999999999933,49.677519999999916
1.5440000000000569,49.67311999999979
1.6000000000000278,49.66910000000002
1.6559999999999986,49.66541000000002
1.7119999999999695,49.662040000000076
1.768000000000033,49.658940000000044
1.8240000000000038,49.65612000000008
1.8799999999999748,49.65353999999999
1.9360000000000381,49.65118999999984
1.992000000000009,49.649040000000035
8.000000060401114e-06,49.64875000000002
0.005607999999992635,49.71093000000004
0.016808000000042393,49.82103999999987
0.039208000000049266,49.53324000000015
0.08400799999997036,44.420980000000164
0.14000800000003386,27.67476000000002
0.1960080000000047,0.9332899999998645
0.2520079999999756,-32.13109000000003
0.25760800000000045,-35.74698999999981
0.26880800000005023,-43.01178000000006
0.2912080000000571,-57.27510000000002
0.33600799999997816,-81.90057999999989
0.39200800000004166,-102.8581500000001
0.44800800000001256,-113.6893000000001
0.5040079999999834,-117.50763999999991
0.5600080000000469,-117.20645000000007
0.6160080000000178,-114.74138000000012
0.6720079999999886,-111.27185000000006
0.7280080000000521,-107.43550999999995
0.7840080000000229,-103.56414000000002
0.8400079999999939,-99.82084000000002
0.8960080000000573,-96.27925999999998
0.9520080000000282,-92.96643999999988
1.0080079999999991,-89.88648999999982
1.0640079999999699,-87.03241999999989
1.1200080000000334,-84.39269999999999
1.1760080000000042,-81.95356999999981
1.2320079999999751,-79.70090999999991
1.2880080000000387,-77.62066999999995
1.3440080000000094,-75.69991999999992
1.4000079999999804,-73.92646000000002
1.4560080000000437,-72.28911000000005
1.5120080000000147,-70.77738
1.5680079999999856,-69.38168999999994
1.624008000000049,-68.09306999999998
1.68000800000002,-66.90335999999996
1.7360079999999907,-65.80489999999983
1.7920080000000542,-64.79074000000007
1.8480080000000252,-63.854370000000046
1.904007999999996,-62.989860000000064
1.9600080000000595,-62.19165999999987
0.01600800000003031,-61.45471000000002
0.07200800000000117,-60.774289999999894
0.12800799999997203,-60.14609000000015
0.18400800000003553,-59.566070000000025
0.24000800000000638,-59.03060000000004
0.29600799999997723,-58.53618000000016
0.35200800000004073,-58.07968000000008
0.4080080000000116,-57.65816000000012
0.46400799999998243,-57.26900000000001
0.520008000000046,-56.90972999999988
0.5760080000000168,-56.57806000000009
0.6320079999999877,-56.27183000000002
0.6880080000000511,-55.98906999999986
0.744008000000022,-55.7280200000001
0.8000079999999928,-55.48704999999998
0.8560080000000564,-55.26459000000017
0.9120080000000272,-55.059250000000006
0.9680079999999981,-54.869669999999985
0.9999840000000002,-54.76808000000011
1.0055840000000251,-54.81322999999993
1.0167839999999821,-54.88968999999999
1.039183999999989,-54.53719000000001
1.083984000000003,-49.30553999999998
1.1399839999999737,-32.42128999999983
1.1959840000000372,-5.54187000000006
1.251984000000008,27.66632000000002
1.257584000000033,31.29681999999989
1.2687839999999901,38.59063000000007
1.291183999999997,52.91021000000007
1.3359840000000107,77.63736999999993
1.3919839999999815,98.70087999999998
1.447984000000045,109.61984000000014
1.503984000000016,113.51539999999983
1.5599839999999867,113.28538999999994
1.6159840000000503,110.88734000000011
1.671984000000021,107.48139
1.727983999999992,103.70575999999998
1.7839840000000555,99.89220999999992
1.8399840000000263,96.20300000000003
1.8959839999999972,92.71136000000001
1.9519840000000606,89.44469999999983
0.007984000000031527,86.40781000000008
0.06398400000000239,83.59384000000003
0.11998399999997324,80.99108999999993
0.17598400000003675,78.58582999999997
0.2319840000000076,76.36438000000001
0.2879839999999784,74.31328999999987
0.343984000000042,72.41971000000014
0.39998400000001283,70.67124999999996
0.4559839999999837,69.05684000000001
0.5119840000000472,67.56618000000003
0.567984000000018,66.18974999999993
0.6239839999999889,64.9187
0.6799840000000523,63.74521
0.7359840000000233,62.66169000000011
0.7919839999999941,61.661239999999836
0.8479840000000576,60.73755999999997
0.9039840000000284,59.88491000000007
0.9599839999999993,59.09774000000012
1.000023999999978,58.57241000000002
1.005624000000003,58.564009999999996
1.0168240000000526,58.534210000000144
1.0392240000000594,57.97441999999986
1.0840239999999806,52.348199999999956
1.1400240000000441,35.00546000000004
1.196024000000015,7.7030899999999125
1.2520239999999858,-25.89467000000001
1.2576240000000107,-29.562210000000142
1.2688240000000603,-36.92952000000016
1.2912239999999746,-51.39260000000001
1.3360239999999883,-76.39386999999998
1.3920240000000519,-97.77817
1.4480240000000228,-108.9956900000002
1.5040239999999936,-113.16849000000006
1.5600240000000571,-113.19506999999996
1.616024000000028,-111.03403000000012
1.6720239999999988,-107.84660000000001
1.7280239999999698,-104.2717700000002
1.7840240000000331,-100.64253999999994
1.840024000000004,-97.12318000000009
1.8960239999999748,-93.78842000000009
1.9520240000000384,-90.66642999999996
0.008024000000009277,-87.76273000000012
0.06402399999998014,-85.07160000000002
0.12002400000004364,-82.58239999999995
0.1760240000000145,-80.28205000000011
0.23202399999998535,-78.1572399999999
0.28802400000004885,-76.19494000000016
0.3440240000000197,-74.38305999999994
0.40002399999999055,-72.71011999999999
0.45602400000005405,-71.16557000000002
0.5120240000000249,-69.73950000000006
0.5680239999999958,-68.42291
0.6240240000000593,-67.20730999999991
0.6800240000000302,-66.08502000000004
0.736024000000001,-65.04881999999989
0.7920239999999719,-64.09215000000002
0.8480240000000353,-63.2088500000001
0.9040240000000062,-62.39334000000007
0.960023999999977,-61.64038000000005
1.0160240000000405,-60.94521000000008
1.0720240000000114,-60.303360000000026
1.1280239999999824,-59.71078000000007
1.1840240000000457,-59.163650000000125
1.2400239999999703,-58.658529999999985
1.2960239999999412,-58.19215
1.3520240000000046,-57.76154
1.4080239999999755,-57.363910000000075
1.4640239999999465,-56.99681999999995
1.5200240000000098,-56.657879999999935
1.5760239999999808,-56.34494000000001
1.6320239999999515,-56.05602999999992
1.688024000000015,-55.789349999999956
1.744023999999986,-55.543160000000036
1.8000239999999568,-55.315889999999925
1.8560239999999277,-55.10609000000022
1.912023999999991,-54.91239999999986
1.968023999999962,-54.73357999999995
1.9999999999999643,-54.63775000000015
0.005599999999989051,-54.683889999999955
0.016799999999946164,-54.762280000000054
0.039199999999953036,-54.41354999999981
0.08399999999996678,-49.18903000000019
0.13999999999993765,-32.313030000000076
0.19600000000000115,-5.441390000000101
0.25199999999997197,27.759349999999962
0.2575999999999969,31.389129999999987
0.26879999999995396,38.681490000000096
0.2911999999999609,52.99826000000007
0.3359999999999746,77.72016000000015
0.39199999999994545,98.77769999999985
0.44800000000000895,109.69128000000006
0.5039999999999798,113.58193000000006
0.5599999999999506,113.34738
0.6160000000000142,110.94513999999988
0.671999999999985,107.53528999999995
0.7279999999999559,103.75604999999987
0.7839999999999268,99.93914000000004
0.8399999999999902,96.24685
0.895999999999961,92.75233999999988
0.9519999999999319,89.48305000000012
0.9999919999999441,86.86463
1.005591999999969,86.63368000000004
1.0167919999999262,86.16263000000002
1.039191999999933,84.7445400000002
1.0839919999999468,77.49703999999991
1.1399920000000103,58.275349999999946
1.195991999999981,29.205589999999894
1.251991999999952,-6.080309999999978
1.2575919999999767,-9.911860000000106
1.268791999999934,-17.604879999999934
1.2911919999999408,-32.703549999999915
1.3359919999999545,-58.903029999999966
1.3919919999999255,-81.64996999999997
1.4479919999999888,-94.10090999999987
1.5039919999999598,-99.40338000000004
1.5599919999999305,-100.47285000000005
1.615991999999994,-99.27774999999994
1.671991999999965,-96.98552000000005
1.7279919999999358,-94.24009
1.7839919999999994,-91.37894000000001
1.83999199999997,-88.57014000000008
1.895991999999941,-85.89223000000001
1.9519920000000046,-83.37727999999989
1.999983999999924,-81.35899000000002
0.005583999999948951,-81.1951099999999
0.01678399999999871,-80.85705999999982
0.03918400000000558,-79.69807000000006
0.08398399999992667,-72.94209000000018
0.13998399999999017,-54.29047999999992
0.19598399999996102,-25.748810000000066
0.2519839999999319,9.046679999999974
0.2575839999999568,12.831370000000009
0.2687840000000065,20.43141000000004
0.2911840000000134,35.348550000000145
0.3359839999999345,61.20226000000017
0.391983999999998,83.54708
0.44798399999996885,95.62612000000014
0.5039839999999397,100.58434999999987
0.5599840000000033,101.33542000000007
0.6159839999999741,99.84616000000001
0.671983999999945,97.28249
0.7279840000000084,94.28676000000013
0.7839839999999793,91.19484999999995
0.8399839999999501,88.17337000000003
0.8959840000000137,85.29939000000009
0.9519839999999845,82.60356000000013
1.0079839999999554,80.0936200000002
1.063983999999926,77.76599000000006
1.1199839999999897,75.6123500000001
1.1759839999999606,73.62171000000006
1.2319839999999314,71.78264000000011
1.287983999999995,70.08397
1.3439839999999659,68.51523999999998
1.3999839999999366,67.06650000000013
1.4559840000000002,65.72891999999997
1.511983999999971,64.49389000000005
1.5679839999999419,63.353559999999916
1.6239840000000054,62.30075999999984
1.6799839999999762,61.32888999999997
1.7359839999999471,60.43164999999995
1.7919840000000105,59.60335000000016
1.8479839999999814,58.83861999999995
1.9039839999999522,58.13263000000002
1.9599839999999231,57.480809999999934
2.399999999446732e-05,57.045800000000035
0.005623999999926702,57.04955999999983
0.01682399999997646,57.04387999999994
0.03922399999998333,56.53090000000005
0.08402399999999707,50.9930799999998
0.14002399999996792,33.75302000000002
0.19602399999993877,6.547289999999872
0.2520240000000023,-26.958559999999963
0.2576239999999345,-30.61720999999995
0.2688239999999843,-37.96683000000001
0.29122399999999116,-52.39547
0.3360240000000049,-77.33190000000012
0.3920239999999757,-98.64246999999993
0.44802399999994663,-109.79321000000009
0.5040240000000101,-113.9047500000001
0.560023999999981,-113.87469000000006
0.6160239999999518,-111.66112999999989
0.6720240000000153,-108.42500999999993
0.7280239999999861,-104.80505000000018
0.784023999999957,-101.13404000000004
0.8400239999999279,-97.57604000000009
0.8960239999999914,-94.20559000000006
0.9520239999999622,-91.0506499999999
1.0000159999999745,-88.52291000000001
1.0056159999999994,-88.30210999999989
1.0168159999999564,-87.8512600000001
1.0392159999999633,-86.47328999999982
1.084015999999977,-79.30529999999992
1.140015999999948,-60.17854000000011
1.1960160000000113,-31.191430000000018
1.2520159999999823,4.029789999999922
1.2576160000000072,7.8559300000000665
1.2688159999999642,15.538309999999944
1.291215999999971,30.61638000000011
1.3360159999999848,56.77415000000008
1.3920159999999557,79.46562000000013
1.4480159999999265,91.85872000000006
1.50401599999999,97.10452000000002
1.560015999999961,98.12081999999988
1.6160159999999317,96.8770699999999
1.6720159999999953,94.54081999999997
1.728015999999966,91.75573000000003
1.784015999999937,88.85874999999999
1.8400160000000005,86.01747999999998
1.8960159999999713,83.3100200000001
1.9520159999999422,80.7679699999999
0.008016000000005694,78.39997999999993
0.06401599999997655,76.20338999999987
0.1200159999999474,74.17066000000005
0.1760160000000109,72.29161000000018
0.23201599999998176,70.55553000000003
0.28801599999995264,68.9519300000001
0.3440159999999235,67.47093999999998
0.400015999999987,66.10321000000008
0.45601599999995784,64.8403999999998
0.5120159999999286,63.67440000000002
0.5680159999999922,62.59778000000016
0.624015999999963,61.60379999999988
0.6800159999999339,60.68624000000011
0.7360159999999975,59.839140000000015
0.7920159999999683,59.057130000000015
0.8480159999999392,58.33514000000007
0.9040160000000026,57.66861000000012
0.9600159999999734,57.05320999999985
0.9999999999999343,56.643070000000016
1.0055999999999592,56.65010999999986
1.016800000000009,56.65091999999983
1.039199999999923,56.15055000000013
1.083999999999937,50.63656000000005
1.1400000000000003,33.424179999999915
1.1959999999999713,6.244410000000089
1.251999999999942,-27.236760000000082
1.257599999999967,-30.893009999999997
1.2687999999999242,-38.23788999999999
1.291199999999931,-52.65728000000003
1.3359999999999448,-77.57628999999989
1.3920000000000083,-98.86706000000012
1.447999999999979,-109.99983000000002
1.50399999999995,-114.09488000000012
1.5600000000000134,-114.04957999999988
1.6159999999999843,-111.82190999999997
1.671999999999955,-108.57268999999991
1.727999999999926,-104.94059999999993
1.7839999999999896,-101.25837000000004
1.8399999999999603,-97.69000000000005
1.8959999999999313,-94.30995999999992
1.9519999999999946,-91.1461699999998
0.007999999999965594,-88.20389999999989
0.06399999999993645,-85.4771700000001
0.11999999999999995,-82.95510999999989
0.17599999999997082,-80.62444999999995
0.23199999999994167,-78.47166999999988
0.28800000000000514,-76.48354999999984
0.343999999999976,-74.64785000000008
0.3999999999999469,-72.95290999999993
0.4560000000000104,-71.38805000000015
0.5119999999999812,-69.94325999999984
0.5679999999999521,-68.60937000000011
0.623999999999923,-67.37780000000004
0.6799999999999864,-66.2407599999999
0.7359999999999574,-65.19093999999993
0.7919999999999282,-64.22169999999983
0.8479999999999916,-63.32680000000002
0.9039999999999625,-62.50058000000003
0.9599999999999334,-61.737719999999996
1.015999999999997,-61.03342000000001
1.0719999999999676,-60.38313999999989
1.1279999999999386,-59.782760000000046
1.1840000000000022,-59.22844999999999
1.239999999999973,-58.716690000000014
1.2959999999999439,-58.24417000000004
1.3520000000000072,-57.807909999999964
1.4079999999999782,-57.40504999999985
1.463999999999949,-57.033139999999925
1.5200000000000125,-56.689750000000096
1.5759999999999834,-56.37270000000005
1.6319999999999542,-56.07998999999997
1.6879999999999251,-55.809809999999956
1.7439999999999887,-55.56037999999997
1.7999999999999594,-55.330129999999976
1.8559999999999304,-55.11755000000007
1.9119999999999937,-54.92132000000005
1.9679999999999647,-54.740159999999925
0.0239999999999355,-54.572920000000025
0.079999999999999,-54.41852000000003
0.13599999999996987,-54.27598999999983
0.19199999999994072,-54.14439999999998
0.24800000000000422,-54.02293999999985
0.30399999999997507,-53.910799999999924
0.3599999999999459,-53.80729999999989
0.4160000000000094,-53.71173000000007
0.47199999999998027,-53.62352000000015
0.5279999999999512,-53.5420900000001
0.5840000000000146,-53.46692999999991
0.6399999999999855,-53.397539999999964
0.6959999999999563,-53.33348999999998
0.7519999999999272,-53.27437000000002
0.8079999999999907,-53.21979999999993
0.8639999999999616,-53.16942000000013
0.9199999999999324,-53.12293999999995
0.9759999999999959,-53.08002000000012
1.0000239999999647,-53.06264999999999
1.0056239999999894,-53.121100000000034
1.0168239999999467,-53.22389999999988
1.0392239999999535,-52.922600000000045
1.0840239999999672,-47.787589999999994
1.140023999999938,-31.015550000000005
1.1960240000000015,-4.241730000000166
1.2520239999999725,28.86582999999998
1.2576239999999974,32.48658999999998
1.2688239999999544,39.76102000000004
1.2912239999999613,54.04283999999993
1.336023999999975,78.69900000000007
1.392023999999946,99.68192000000009
1.4480240000000093,110.52799000000002
1.5040239999999803,114.35675
1.560023999999951,114.06501000000003
1.6160240000000146,111.60972999999986
1.6720239999999855,108.15068000000005
1.7280239999999563,104.32584999999995
1.7840239999999272,100.46672999999996
1.8400239999999908,96.73540000000003
1.8960239999999615,93.2048299999999
1.9520239999999325,89.90223000000009
1.599999994456106e-05,87.25732999999991
0.00561599999996944,87.02341999999996
0.016815999999926553,86.54650000000008
0.03921599999993342,85.11702999999993
0.08401599999994716,77.84814999999989
0.14001600000001066,58.601799999999926
0.1960159999999815,29.508909999999887
0.2520159999999524,-5.799179999999904
0.25761599999997725,-9.632909999999884
0.2688159999999344,-17.33021999999984
0.29121599999994124,-32.43730999999994
0.33601599999995496,-58.652640000000034
0.39201599999992587,-81.41759000000005
0.44801599999998937,-93.88481999999998
0.5040159999999602,-99.20218999999997
0.560015999999931,-100.28539000000004
0.6160159999999946,-99.10302999999998
0.6720159999999654,-96.82260999999981
0.7280159999999363,-94.08813999999998
0.7840159999999997,-91.23711999999995
0.8400159999999707,-88.43770000000006
0.8960159999999415,-85.76855000000006
0.952016000000005,-83.26182999999988
1.0000079999999245,-81.25001999999992
1.0056079999999494,-81.08684999999993
1.016807999999999,-80.75019999999999
1.0392080000000061,-79.59391000000005
1.084007999999927,-72.84297000000018
1.1400079999999906,-54.19716999999991
1.1960079999999615,-25.661020000000036
1.2520079999999323,9.12904999999986
1.2576079999999572,12.913210000000008
1.268808000000007,20.51217999999988
1.291208000000014,35.4272400000002
1.336007999999935,61.27703000000007
1.3920079999999984,83.61744999999998
1.4480079999999693,95.69253999999994
1.50400799999994,100.64720000000005
1.5600080000000036,101.39499000000018
1.6160079999999746,99.9026999999999
1.6720079999999453,97.33619999999999
1.7280080000000089,94.3378800000001
1.7840079999999796,91.24356000000012
1.8400079999999506,88.21981999999994
1.8960080000000141,85.34377999999987
1.9520079999999849,82.64603000000004
1.9999999999999971,80.48228000000002
0.0055999999999293395,80.30212000000003
0.0167999999999791,79.9317100000001
0.03919999999998597,78.70905000000006
0.08399999999999971,71.82956000000007
0.13999999999997056,53.03265000000002
0.19599999999994142,24.36137000000005
0.25200000000000494,-10.543760000000013
0.25759999999993716,-14.338280000000037
0.26879999999998694,-21.95772000000007
0.2911999999999938,-36.91270000000002
0.3360000000000075,-62.840849999999946
0.39199999999997837,-85.27868999999998
0.4479999999999492,-97.44964
0.5040000000000128,-102.49569999999997
0.5599999999999836,-103.32858000000012
0.6159999999999545,-101.91443999999983
0.6719999999999253,-99.41920999999998
0.7279999999999888,-96.48575000000004
0.7839999999999596,-93.45055000000002
0.8399999999999305,-90.48081000000008
0.895999999999994,-87.65420000000002
0.9519999999999649,-85.00193
1.0079999999999358,-82.53225000000009
1.0639999999999992,-80.24170999999991
1.1199999999999701,-78.12185000000005
1.1759999999999409,-76.16208999999996
1.2320000000000044,-74.35158000000008
1.2879999999999754,-72.6794100000001
1.3439999999999461,-71.13535999999998
1.4000000000000097,-69.70969000000005
1.4559999999999804,-68.39340999999988
1.5119999999999514,-67.17810999999996
1.568000000000015,-66.05610999999989
1.6239999999999857,-65.02016999999994
1.6799999999999566,-64.06376000000003
1.7359999999999274,-63.18070999999992
1.791999999999991,-62.36544999999993
1.847999999999962,-61.61272000000007
1.9039999999999326,-60.917780000000036
1.9599999999999962,-60.276140000000034
0.015999999999967013,-59.68375999999998
0.07199999999993786,-59.13681999999998
0.12800000000000136,-58.63182999999994
0.1839999999999722,-58.16551999999997
0.2399999999999431,-57.73501999999997
0.2960000000000066,-57.337570000000056
0.35199999999997744,-56.97067000000011
0.4079999999999483,-56.63189000000002
0.4640000000000118,-56.3190899999999
0.5199999999999827,-56.030299999999976
0.5759999999999535,-55.76373000000001
0.6319999999999244,-55.51761999999982
0.6879999999999878,-55.29044000000005
0.7439999999999587,-55.080710000000145
0.7999999999999295,-54.88709999999997
0.8559999999999931,-54.708349999999854
0.911999999999964,-54.543339999999944
0.9679999999999348,-54.391000000000076
0.9999759999999369,-54.30935999999997
1.0055759999999618,-54.35790000000007
1.0167760000000117,-54.44105999999982
1.0391759999999257,-54.101549999999946
1.0839759999999397,-48.894379999999906
1.139976000000003,-32.03867000000016
1.195975999999974,-5.186270000000048
1.2519759999999447,27.99603000000017
1.2575759999999696,31.624010000000034
1.2687759999999269,38.9128299999999
1.2911759999999337,53.22265999999986
1.3359759999999474,77.93153000000008
1.391976000000011,98.97434999999999
1.4479759999999817,109.87469000000006
1.5039759999999527,113.75325000000002
1.5599759999999234,113.50755999999996
1.615975999999987,111.09499000000001
1.6719759999999577,107.67555999999989
1.7279759999999287,103.88743999999983
1.7839759999999922,100.06230000000005
1.839975999999963,96.36239999999985
1.895975999999934,92.86086000000005
1.9519759999999973,89.58507000000004
2.399999993475522e-05,86.95852000000004
0.005623999999959634,86.7270200000001
0.01682400000000939,86.25485999999994
0.03922399999992362,84.83466000000006
0.08402399999993736,77.58320000000008
0.14002400000000087,58.356980000000114
0.19602399999997172,29.282959999999967
0.25202399999994257,-6.007089999999993
0.25762399999996743,-9.839050000000071
0.26882399999992457,-17.532880000000084
0.2912239999999314,-32.63314999999989
0.3360239999999452,-58.8356000000001
0.3920240000000087,-81.58587000000006
0.44802399999997955,-94.03978000000012
0.5040239999999504,-99.34497999999992
0.5600240000000138,-100.41696
0.6160239999999847,-99.22421999999997
0.6720239999999557,-96.93417999999987
0.7280239999999265,-94.19082000000012
0.78402399999999,-91.33156999999991
0.8400239999999608,-88.5245400000001
0.8960239999999317,-85.84828
0.9520239999999952,-83.33484999999996
1.0000160000000073,-81.31778
1.0056159999999397,-81.15404000000015
1.0168159999999893,-80.8162600000002
1.0392159999999961,-79.65778000000002
1.0840160000000099,-72.90273000000002
1.1400159999999808,-54.25220000000009
1.1960159999999516,-25.711620000000046
1.2520160000000151,9.082679999999899
1.2576159999999474,12.867249999999997
1.268815999999997,20.46703999999999
1.2912160000000041,35.383689999999966
1.336015999999925,61.236499999999914
1.3920159999999886,83.58036000000001
1.4480159999999596,95.65860000000015
1.5040159999999303,100.61617000000011
1.5600159999999939,101.36663999999995
1.6160159999999646,99.87685000000002
1.6720159999999356,97.31268000000016
1.728015999999999,94.31649999999992
1.7840159999999698,91.22416000000011
1.8400159999999408,88.20227000000003
1.8960160000000044,85.32791999999989
1.952015999999975,82.63175000000001
7.999999987299029e-06,80.46924
0.005608000000012178,80.28922000000006
0.016807999999969292,79.9190900000002
0.039207999999976165,78.69696999999998
0.08400799999998991,71.81851000000017
0.14000799999996077,53.02277999999983
0.19600799999993163,24.352640000000036
0.2520079999999951,-10.551429999999806
0.25760799999992734,-14.345840000000054
0.2688079999999771,-21.965079999999972
0.291207999999984,-36.919660000000135
0.3360079999999977,-62.84702999999992
0.3920079999999686,-85.28401000000008
0.44800799999993945,-97.45413999999997
0.5040080000000029,-102.49949000000002
0.5600079999999737,-103.33171000000019
0.6160079999999446,-101.9169499999999
0.6720080000000082,-99.42117999999999
0.728007999999979,-96.48720999999982
0.7840079999999499,-93.45154
0.8400080000000134,-90.48137
0.8960079999999843,-87.65435999999993
0.9520079999999551,-85.00172000000018
0.9999999999999672,-82.87391
1.005599999999992,-82.69780000000004
1.0167999999999493,-82.33549000000018
1.0391999999999562,-81.12940000000002
1.0839999999999699,-74.28466999999995
1.1399999999999406,-55.530620000000084
1.1960000000000042,-26.892970000000016
1.2519999999999751,7.9940800000000145
1.2576,11.787679999999856
1.268799999999957,19.405400000000128
1.291199999999964,34.35706999999999
1.3359999999999776,60.276010000000156
1.3919999999999486,82.6952299999999
1.448000000000012,94.84171000000008
1.503999999999983,99.86177000000018
1.5599999999999536,100.66989000000004
1.6159999999999246,99.23344999999983
1.6719999999999882,96.71870000000004
1.727999999999959,93.76828999999987
1.7839999999999299,90.71832999999985
1.8399999999999934,87.73560999999997
1.8959999999999642,84.89744999999994
1.9519999999999351,82.23469999999989
0.007999999999998526,79.75527999999987
0.06399999999996939,77.45586000000016
0.11999999999994024,75.32821999999983
0.17600000000000374,73.36158000000003
0.2319999999999746,71.54465999999982
0.28799999999994547,69.86643999999997
0.34400000000000897,68.31657999999985
0.3999999999999798,66.88526999999999
0.45599999999995067,65.56377000000002
0.5120000000000141,64.34359999999995
0.5679999999999851,63.21697000000004
0.6239999999999559,62.17681999999991
0.6799999999999268,61.21663000000011
0.7359999999999902,60.33018000000001
0.7919999999999611,59.51182999999993
0.8479999999999319,58.75629000000004
0.9039999999999955,58.05879000000003
0.9599999999999663,57.41480999999982
1.0159999999999372,56.82027999999995
1.0720000000000007,56.27138000000009
1.1279999999999715,55.76464000000003
1.1839999999999424,55.296779999999934
1.2400000000000058,54.864889999999946
1.2959999999999767,54.46613
1.3519999999999477,54.098020000000076
1.408000000000011,53.75817000000005
1.463999999999982,53.444449999999975
1.5199999999999527,53.15482000000004
1.5759999999999237,52.88746
1.6319999999999872,52.640630000000186
1.687999999999958,52.41278999999999
1.743999999999929,52.20245000000001
1.7999999999999923,52.008300000000006
1.8559999999999632,51.82907999999986
1.911999999999934,51.6636399999999
1.9679999999999975,51.510919999999906
1.9999759999999998,51.429100000000005
0.005575999999931977,51.477589999999964
0.016775999999981736,51.56057000000014
0.03917599999998861,51.22000999999998
0.08397600000000235,46.00804999999997
0.1399759999999732,29.14613999999993
0.19597599999994406,2.2957900000000198
0.2519760000000076,-30.87216000000015
0.2575759999999398,-34.49809999999998
0.2687759999999896,-41.78281000000017
0.29117599999999644,-56.084889999999945
0.33597600000001016,-80.78319999999994
0.391975999999981,-101.82326999999991
0.44797599999995186,-112.72899999999986
0.5039760000000154,-116.61575999999995
0.5599759999999863,-116.37787999999993
0.6159759999999571,-113.97159
0.671975999999928,-110.55666000000008
0.7279759999999914,-106.77097000000013
0.7839759999999623,-102.94654000000003
0.8399759999999331,-99.24664999999999
0.8959759999999967,-95.74509000000009
0.9519759999999675,-92.46908999999981
1.0000239999999976,-89.84206999999999
1.0056239999999297,-89.61052999999986
1.0168239999999795,-89.1384100000001
1.0392239999999864,-87.71913999999992
1.084024,-80.47337999999993
1.140023999999971,-61.256959999999914
1.1960239999999418,-32.18589000000005
1.2520240000000054,3.115380000000112
1.2576239999999377,6.949300000000047
1.2688239999999873,14.647159999999992
1.2912239999999942,29.755450000000128
1.3360240000000079,55.97044000000007
1.3920239999999788,78.72725000000003
1.4480239999999496,91.17966000000011
1.5040240000000131,96.47983000000005
1.560023999999984,97.54627999999998
1.6160239999999548,96.34893
1.6720239999999258,94.05566999999992
1.7280239999999893,91.31038000000014
1.78402399999996,88.45021999999992
1.840023999999931,85.64298999999997
1.8960239999999944,82.96699000000007
1.9520239999999653,80.45396000000005
0.008023999999936176,78.11276999999994
0.06402399999999968,75.94091000000014
0.12002399999997053,73.93101000000013
0.1760239999999414,72.07302999999987
0.2320240000000049,70.35638999999993
0.28802399999997574,68.77071999999984
0.3440239999999466,67.30630000000004
0.4000240000000101,65.95384999999987
0.45602399999998094,64.70514999999999
0.5120239999999519,63.55219000000001
0.5680240000000153,62.487610000000025
0.6240239999999861,61.50473000000001
0.680023999999957,60.5974199999999
0.7360239999999278,59.75977999999982
0.7920239999999914,58.986509999999996
0.8480239999999623,58.27258000000013
0.9040239999999331,57.61349000000004
0.9600239999999965,57.004979999999875
1.0000079999999574,56.59942000000018
1.0056079999999823,56.60706999999987
1.0168079999999395,56.60909999999997
1.0392079999999464,56.111129999999896
1.0840079999999601,50.60168999999992
1.1400079999999309,33.394599999999826
1.1960079999999944,6.219729999999979
1.2520079999999654,-27.25690000000003
1.25760799999999,-30.912720000000114
1.2688079999999473,-38.256760000000114
1.2912079999999542,-52.674469999999914
1.3360079999999679,-77.59027000000019
1.3920079999999386,-98.87727999999996
1.4480080000000022,-110.00655000000003
1.5040079999999731,-114.09837999999995
1.5600079999999439,-114.05011999999992
1.6160080000000074,-111.81971000000001
1.6720079999999784,-108.56797999999989
1.7280079999999491,-104.93359000000014
1.7840080000000127,-101.24923000000008
1.8400079999999834,-97.67890999999995
1.8960079999999544,-94.29708999999997
1.9520079999999251,-91.13164000000017
1.9999999999999374,-88.5955399999998
0.0055999999999622714,-88.37380999999999
0.01680000000001203,-87.92109999999997
0.03919999999992626,-86.53953000000003
0.08399999999994,-79.36469000000001
0.1400000000000035,-60.229990000000065
0.19599999999997436,-31.23554999999989
0.2519999999999452,3.992400000000007
0.2575999999999701,7.819180000000037
0.2687999999999272,15.502839999999907
0.29119999999993407,30.58338000000016
0.33599999999994784,56.7458799999998
0.39200000000001134,79.44284999999995
0.4479999999999822,91.84106999999986
0.503999999999953,97.09163000000021
0.5599999999999239,98.11237000000017
0.6159999999999873,96.87270999999997
0.6719999999999583,94.54026999999998
0.7279999999999291,91.75867000000015
0.7839999999999926,88.86492999999996
0.8399999999999634,86.02664999999999
0.8959999999999343,83.32191999999993
0.9519999999999978,80.78240999999986
1.0079999999999687,78.41676000000008
1.0639999999999394,76.22234000000017
1.120000000000003,74.19158999999986
1.175999999999974,72.3143799999999
1.2319999999999447,70.57999999999987
1.2880000000000082,68.97795000000006
1.343999999999979,67.49841
1.39999999999995,66.13201000000002
1.4560000000000135,64.87041999999987
1.5119999999999842,63.70557000000021
1.5679999999999552,62.63001000000013
1.623999999999926,61.636999999999944
1.6799999999999895,60.720340000000036
1.7359999999999605,59.874060000000064
1.7919999999999312,59.09281000000011
1.8479999999999948,58.37152000000012
1.9039999999999655,57.70563000000006
1.9599999999999365,57.090839999999865
0.015999999999999945,56.52327000000001
0.0719999999999708,55.99924999999995
0.12799999999994166,55.515489999999886
0.18400000000000516,55.068850000000054
0.239999999999976,54.656540000000085
0.29599999999994686,54.27585999999995
0.35200000000001036,53.924450000000014
0.4079999999999812,53.60001000000003
0.46399999999995206,53.30052000000008
0.5200000000000156,53.024020000000064
0.5759999999999864,52.76879000000001
0.6319999999999573,52.53316000000008
0.6879999999999281,52.31565999999987
0.7439999999999917,52.11487000000004
0.7999999999999625,51.92953
0.8559999999999334,51.75843000000002
0.9119999999999968,51.6005100000001
0.9679999999999678,51.45472999999989
1.0239999999999385,51.32018000000005
1.080000000000002,51.19598000000014
1.135999999999973,51.08135000000003
1.1919999999999438,50.975530000000106
1.2480000000000073,50.87788999999998
1.303999999999978,50.78775999999996
1.359999999999949,50.704579999999886
1.4160000000000126,50.6278200000001
1.4719999999999833,50.55698000000008
1.5279999999999543,50.49159999999997
1.583999999999925,50.431279999999965
1.6399999999999886,50.3756099999999
1.6959999999999593,50.32425000000007
1.7519999999999303,50.27685999999987
1.8079999999999938,50.233140000000006
1.8639999999999646,50.1927900000001
1.9199999999999355,50.15557999999998
1.975999999999999,50.12125000000012
2.3999999967687347e-05,50.107369999999875
0.005623999999992566,50.1665899999999
0.01682399999994968,50.27084999999998
0.03922399999995655,49.97169000000001
0.08402399999997029,44.83800000000016
0.14002399999994114,28.066939999999985
0.19602400000000464,1.301899999999856
0.2520239999999755,-31.78515999999987
0.2576240000000004,-35.403279999999924
0.2688239999999575,-42.672459999999916
0.29122399999996434,-56.944300000000055
0.3360239999999781,-81.58568999999983
0.39202399999994897,-102.56103999999988
0.44802400000001247,-113.40805000000009
0.5040239999999834,-117.24091000000003
0.5600239999999542,-116.95315000000006
0.6160239999999251,-114.50059999999995
0.6720239999999885,-111.04276999999985
0.7280239999999594,-107.21732000000017
0.7840239999999302,-103.35607999999996
0.8400239999999938,-99.62217000000018
0.8960239999999646,-96.08927
0.9520239999999355,-92.78448999999989
1.008023999999999,-89.71194999999987
1.0640239999999699,-86.86473000000005
1.1200239999999406,-84.23132
1.1760240000000042,-81.79803000000008
1.2320239999999751,-79.55073999999995
1.2880239999999459,-77.47546000000006
1.3440240000000094,-75.55931000000004
1.4000239999999802,-73.79006999999982
1.4560239999999511,-72.15663000000005
1.5120240000000147,-70.64848999999995
1.5680239999999854,-69.25613000000008
1.6240239999999564,-67.97056999999995
1.6800239999999271,-66.78368999999984
1.7360239999999907,-65.68783999999982
1.7920239999999614,-64.67610999999995
1.8480239999999324,-63.741959999999985
1.904023999999996,-62.87951000000014
1.9600239999999667,-62.083209999999944
7.999999927586928e-06,-61.55246000000014
0.005607999999952466,-61.54324999999994
0.016808000000002224,-61.51192000000005
0.0392080000000091,-60.94981999999982
0.0840079999999302,-55.32216999999995
0.1400079999999937,-37.979120000000144
0.19600799999996454,-10.669040000000019
0.2520079999999354,22.94885000000013
0.25760799999996026,26.619049999999866
0.26880800000001004,33.99166999999981
0.29120799999992425,48.46491000000008
0.336007999999938,73.48152000000007
0.3920080000000015,94.87431000000002
0.4480079999999724,106.09183
0.5040079999999433,110.26136999999991
0.5600080000000067,110.28463999999994
0.6160079999999776,108.12140000000015
0.6720079999999484,104.93317999999996
0.728008000000012,101.35930999999987
0.7840079999999828,97.73229999999988
0.8400079999999537,94.21531000000004
0.8960079999999245,90.88294999999991
0.952007999999988,87.76377000000002
1.008007999999959,84.86305999999999
1.0640079999999297,82.17471000000009
1.1200079999999932,79.68781999999996
1.176007999999964,77.38957000000002
1.232007999999935,75.2670499999999
1.2880079999999985,73.30711999999994
1.3440079999999692,71.49735999999996
1.4000079999999402,69.82619999999984
1.4560080000000037,68.28308999999999
1.5120079999999745,66.85809999999992
1.5680079999999454,65.54245999999986
1.6240080000000088,64.32770999999993
1.6800079999999797,63.20608000000006
1.7360079999999505,62.17055000000005
1.792008000000014,61.21460999999995
1.848007999999985,60.33206000000013
1.9040079999999557,59.51731000000016
1.9600079999999267,58.76509000000007
1.9999919999999802,58.26376
0.00559200000000501,58.25849000000005
0.016791999999962122,58.234909999999914
0.039191999999968995,57.68722000000004
0.08399199999998273,52.0839500000001
0.1399919999999536,34.76785000000015
0.19599199999992445,7.490310000000111
0.25199199999998795,-26.084159999999912
0.2575920000000128,-29.74946999999983
0.26879199999996994,-37.11233999999997
0.2911919999999768,-51.566740000000166
0.3359919999999906,-76.55155000000002
0.3919919999999614,-97.91686
0.4479919999999323,-109.11697999999981
0.5039919999999958,-113.27372999999996
0.5599919999999666,-113.28550000000016
0.6159919999999375,-111.11075999999986
0.671992000000001,-107.91071000000008
0.7279919999999719,-104.32423000000001
0.7839919999999427,-100.68425999999997
0.8399920000000062,-97.15497000000006
0.895991999999977,-93.81105999999994
0.9519919999999479,-90.68063000000004
1.0079920000000113,-87.7691399999998
1.0639919999999823,-85.07083000000004
1.119991999999953,-82.57500000000006
1.175991999999924,-80.26854999999999
1.2319919999999875,-78.13808999999993
1.2879919999999583,-76.17059000000003
1.3439919999999292,-74.35390999999991
1.3999919999999928,-72.67651999999991
1.4559919999999635,-71.12786999999999
1.5119919999999345,-69.69802999999986
1.5679919999999978,-68.37795000000013
1.6239919999999688,-67.15912999999985
1.6799919999999395,-66.03385999999989
1.735992000000003,-64.99490999999979
1.791991999999974,-64.03569000000009
1.8479919999999448,-63.15004999999996
1.9039920000000083,-62.332379999999965
1.959991999999979,-61.57741999999988
0.01599199999995004,-60.88042000000016
0.07199200000001355,-60.23686000000006
0.1279919999999844,-59.64270999999988
0.18399199999995525,-59.09413000000008
0.2399919999999261,-58.58762999999989
0.2959919999999896,-58.11991999999999
0.35199199999996045,-57.6881199999999
0.4079919999999313,-57.28947999999989
0.4639919999999948,-56.92146999999981
0.5199919999999657,-56.58166999999992
0.5759919999999366,-56.267929999999964
0.631992,-55.978259999999835
0.6879919999999708,-55.71088999999985
0.7439919999999417,-55.46404999999987
0.7999920000000053,-55.236180000000076
0.8559919999999761,-55.02582
0.911991999999947,-54.83163000000002
0.9679920000000105,-54.65234000000008
1.0000239999999379,-54.55610000000011
1.0056239999999628,-54.602180000000054
1.0168240000000124,-54.68049999999991
1.0392239999999267,-54.33158999999988
1.0840239999999404,-49.10660999999994
1.140024000000004,-32.23007999999994
1.1960239999999749,-5.358190000000151
1.2520239999999456,27.842359999999957
1.2576239999999705,31.472109999999944
1.2688239999999276,38.76438999999987
1.2912239999999344,53.08099999999993
1.3360239999999484,77.80270000000012
1.3920240000000117,98.86028000000002
1.4480239999999827,109.77415999999995
1.5040239999999534,113.66519000000008
1.5600239999999244,113.43104000000004
1.616023999999988,111.02915000000002
1.6720239999999587,107.61958999999987
1.7280239999999296,103.84058000000019
1.784023999999993,100.02387000000002
1.840023999999964,96.33172
1.8960239999999347,92.83735999999988
1.9520239999999982,89.56819000000004
0.008023999999969108,86.52897999999998
0.06402399999993996,83.71285999999989
0.12002400000000346,81.10812000000011
0.1760239999999743,78.7010400000001
0.23202399999994516,76.47788999999983
0.28802400000000866,74.42524000000006
0.3440239999999795,72.53021000000004
0.40002399999995036,70.78041000000002
0.45602400000001386,69.1647700000002
0.5120239999999847,67.67297000000005
0.5680239999999556,66.29551000000001
0.6240239999999264,65.02348999999997
0.68002399999999,63.84911000000004
0.7360239999999608,62.764779999999966
0.7920239999999317,61.76355999999994
0.8480239999999952,60.839190000000045
0.9040239999999661,59.985900000000036
0.9600239999999369,59.19812000000002
1.0160240000000005,58.47088
1.0720239999999712,57.799439999999926
1.1280239999999422,57.17959000000006
1.1840240000000055,56.60729000000009
1.2400239999999765,56.07896000000001
1.2960239999999472,55.59117000000002
1.3520240000000108,55.14085999999985
1.4080239999999817,54.72510999999991
1.4640239999999525,54.341299999999926
1.5200239999999234,53.986960000000025
1.5760239999999868,53.65986
1.6320239999999577,53.35787000000014
1.6880239999999287,53.07909999999993
1.744023999999992,52.82174999999989
1.800023999999963,52.58417999999998
1.8560239999999337,52.36487000000012
1.9120239999999973,52.16243000000009
1.9680239999999682,51.97553999999993
0.024023999999939014,51.803050000000184
0.08002400000000251,51.643810000000066
0.13602399999997336,51.496849999999924
0.19202399999994424,51.361170000000065
0.24802400000000774,51.23594999999992
0.3040239999999786,51.12037000000002
0.36002399999994944,51.01369999999994
0.41602400000001294,50.91522999999998
0.4720239999999838,50.82436999999995
0.5280239999999546,50.740500000000075
0.5840239999999255,50.663110000000124
0.640023999999989,50.59168000000014
0.6960239999999599,50.525770000000136
0.7520239999999307,50.4649399999999
0.8080239999999942,50.408819999999906
0.864023999999965,50.35703000000002
0.9200239999999359,50.30924999999997
0.9760239999999994,50.265169999999856
0.9999919999999503,50.247370000000124
1.0055919999999752,50.30569000000007
1.0167919999999322,50.408170000000084
1.039191999999939,50.10555000000005
1.0839919999999528,44.965350000000015
1.1399919999999237,28.18671000000017
1.1959919999999873,1.4144400000000168
1.251991999999958,-31.679610000000082
1.257591999999983,-35.298420000000164
1.2687919999999402,-42.568960000000104
1.291191999999947,-56.843449999999905
1.3359919999999608,-81.48977000000014
1.3919919999999315,-102.47061999999984
1.447991999999995,-113.32250999999994
1.503991999999966,-117.1597900000001
1.5599919999999368,-116.87613000000007
1.6159920000000003,-114.42737999999997
1.671991999999971,-110.97307
1.727991999999942,-107.15090999999988
1.7839920000000056,-103.29270999999984
1.8399919999999763,-99.56163000000018
1.8959919999999473,-96.03125000000001
1.9519920000000106,-92.7286300000001
1.9999839999999303,-90.08341000000009
0.005583999999955103,-89.84948000000004
0.01678400000000486,-89.37262000000001
0.03918400000001173,-87.94414000000006
0.08398399999993283,-80.68096999999996
0.13998399999999633,-61.44433999999998
0.19598399999996718,-32.35443999999998
0.25198399999993804,2.9645899999999337
0.2575839999999629,6.800240000000013
0.2687840000000127,14.501499999999945
0.2911839999999269,29.616450000000015
0.33598399999994066,55.844059999999864
0.39198400000000416,78.6153999999999
0.447983999999975,91.08109999999981
0.5039839999999458,96.39346000000005
0.5599840000000094,97.47116
0.6159839999999802,96.28419999999993
0.6719839999999511,94.00052999999997
0.7279840000000146,91.26409000000012
0.7839839999999855,88.4121
0.8399839999999563,85.61241999999991
0.8959839999999272,82.94335000000008
0.9519839999999906,80.43675000000006
0.9999760000000029,78.4251600000001
1.005575999999935,78.26200999999999
1.0167759999999848,77.92532000000007
1.0391759999999917,76.76815999999987
1.0839760000000054,70.01206999999998
1.1399759999999763,51.35766000000008
1.195975999999947,22.81994999999992
1.2519760000000106,-11.957999999999913
1.257575999999943,-15.740170000000164
1.2687759999999926,-23.33509999999994
1.2911759999999994,-38.24220999999994
1.3359760000000132,-64.07998000000003
1.3919759999999841,-86.41469000000002
1.4479759999999549,-98.49203000000006
1.5039759999999258,-103.45227000000001
1.5599759999999894,-104.20594000000017
1.61597599999996,-102.7184699999999
1.671975999999931,-100.15530999999989
1.7279759999999946,-97.15895000000008
1.7839759999999654,-94.06555000000006
1.8399759999999363,-91.04201999999995
1.8959759999999997,-88.16571000000017
1.9519759999999706,-85.4675600000001
0.00797599999994145,-82.95553
0.06397600000000495,-80.62590000000003
0.11997599999997581,-78.46997999999994
0.17597599999994668,-76.47693000000011
0.23197600000001017,-74.63569000000004
0.287975999999981,-72.93516000000011
0.3439759999999519,-71.36494000000005
0.3999760000000154,-69.91509000000006
0.4559759999999862,-68.57651999999992
0.5119759999999571,-67.3406299999999
0.567975999999928,-66.19960999999996
0.6239759999999914,-65.14611999999987
0.6799759999999623,-64.17350999999982
0.7359759999999331,-63.27550000000004
0.7919759999999967,-62.446439999999996
0.8479759999999675,-61.6809599999999
0.9039759999999384,-60.9742499999999
0.9599760000000018,-60.32174000000001
1.0159759999999727,-59.71934000000001
1.0719759999999436,-59.16313000000017
1.127976000000007,-58.64958999999992
1.183975999999978,-58.17538
1.239975999999949,-57.73759000000012
1.2959760000000122,-57.33340999999981
1.3519759999999832,-56.960300000000075
1.407975999999954,-56.61578999999995
1.463975999999925,-56.29769000000007
1.5199759999999884,-56.00400999999988
1.5759759999999592,-55.73292000000008
1.6319759999999301,-55.48265000000008
1.6879759999999935,-55.251629999999885
1.7439759999999644,-55.038340000000076
1.7999759999999352,-54.841450000000066
1.8559759999999987,-54.6596800000001
1.9119759999999697,-54.491889999999984
1.9679759999999404,-54.336960000000104
0.023976000000004,-54.193970000000036
0.07997599999997486,-54.06193999999998
0.13597599999994572,-53.94006999999989
0.19197600000000922,-53.82755000000006
0.24797599999998007,-53.72370000000015
0.30397599999995095,-53.62781999999999
0.35997600000001445,-53.539309999999894
0.4159759999999853,-53.45760999999993
0.47197599999995615,-53.3822100000001
0.527975999999927,-53.312580000000054
0.5839759999999905,-53.24832999999995
0.6399759999999614,-53.189010000000096
0.6959759999999322,-53.13427000000015
0.7519759999999958,-53.083729999999996
0.8079759999999666,-53.03707999999996
0.8639759999999375,-52.99403000000002
0.9199760000000009,-52.95428999999996
0.9759759999999718,-52.91760999999995
0.9999999999999405,-52.90276999999999
1.0055999999999654,-52.961789999999894
1.016800000000015,-53.065730000000144
1.0391999999999293,-52.7666
1.083999999999943,-47.63560999999994
1.1400000000000066,-30.868190000000073
1.1959999999999775,-4.098930000000056
1.2519999999999483,29.00395000000011
1.2575999999999732,32.62421000000004
1.2687999999999302,39.897709999999975
1.291199999999937,54.17769999999989
1.335999999999951,78.83050999999996
1.3920000000000143,99.80988000000002
1.4479999999999853,110.65296000000014
1.503999999999956,114.47907000000002
1.559999999999927,114.1848700000001
1.6159999999999906,111.72728999999993
1.6719999999999613,108.2660499999999
1.7279999999999323,104.43913000000005
1.7839999999999956,100.57805999999991
1.8399999999999666,96.84490000000001
1.8959999999999373,93.31262000000007
1.9520000000000008,90.00845999999996
1.999992000000013,87.36230000000012
0.005591999999945298,87.12824999999991
0.016791999999995054,86.65106000000011
0.03919200000000193,85.22109000000012
0.08399200000001567,77.95134999999998
0.13999199999998652,58.704109999999865
0.1959919999999574,29.61013999999995
0.2519919999999282,-5.699409999999849
0.25759199999995314,-9.533309999999906
0.26879200000000286,-17.230960000000017
0.2911920000000097,-32.33870999999988
0.33599199999993085,-58.55518999999987
0.39199199999999434,-81.32119999999988
0.4479919999999652,-93.78913
0.503991999999936,-99.10702999999987
0.5599919999999996,-100.19069000000003
0.6159919999999705,-99.00876000000002
0.6719919999999413,-96.72876999999991
0.7279920000000047,-93.99475000000001
0.7839919999999756,-91.14416000000003
0.8399919999999464,-88.34516000000004
0.89599200000001,-85.67634000000001
0.9519919999999809,-83.16977999999997
1.0079919999999516,-80.83464000000018
1.0639920000000151,-78.66826000000016
1.119991999999986,-76.66299999999993
1.1759919999999568,-74.8089999999999
1.2319919999999278,-73.09608999999995
1.2879919999999914,-71.51401000000001
1.343991999999962,-70.05310999999992
1.399991999999933,-68.7041799999999
1.4559919999999964,-67.45875000000012
1.5119919999999674,-66.30884999999998
1.567991999999938,-65.24720999999988
1.6239920000000017,-64.26701000000001
1.6799919999999726,-63.36206
1.7359919999999434,-62.52650999999987
1.791992000000007,-61.75511
1.8479919999999777,-61.042880000000025
1.9039919999999486,-60.385320000000185
1.9599920000000122,-59.778200000000005
1.9999759999999729,-59.37355999999983
0.005575999999997841,-59.38135999999994
0.016775999999954955,-59.38375000000007
0.039175999999961825,-58.88720999999997
0.08397599999997557,-53.383289999999974
0.13997599999994642,-36.18345000000001
0.19597600000000992,-9.007899999999847
0.25197599999998077,24.48169999999994
0.25757600000000563,28.139439999999905
0.26877599999996277,35.487339999999975
0.2911759999999696,49.912369999999925
0.3359759999999834,74.83821999999995
0.39197599999995425,96.12783000000013
0.4479759999999251,107.25191000000001
0.5039759999999887,111.3357399999999
0.5599759999999595,111.27978000000004
0.6159759999999304,109.04307000000001
0.6719759999999938,105.7866999999999
0.7279759999999647,102.14964000000015
0.7839759999999355,98.46414999999986
0.8399759999999991,94.89306999999991
0.8959759999999699,91.51074000000014
0.9519759999999408,88.34542
1.0000239999999707,85.80688999999997
1.0056239999999956,85.58519999999992
1.0168239999999527,85.13251
1.0392239999999597,83.75009999999983
1.0840239999999735,76.56987000000015
1.1400239999999442,57.42586000000016
1.1960240000000077,28.428710000000024
1.2520239999999785,-6.788299999999969
1.2576240000000034,-10.61318
1.2688239999999606,-18.292940000000037
1.2912239999999675,-33.36572999999987
1.3360239999999812,-59.51619000000008
1.392023999999952,-82.2069700000001
1.4480240000000155,-94.60677999999989
1.5040239999999865,-99.86231000000001
1.5600239999999572,-100.88844000000007
1.6160239999999282,-99.65325999999996
1.6720239999999915,-97.32393999999988
1.7280239999999625,-94.5442299999999
1.7840239999999332,-91.65135000000002
1.8400239999999968,-88.81324999999984
1.8960239999999677,-86.10829000000008
1.9520239999999385,-83.56837999999999
0.00802400000000204,-81.2024200000001
0.0640239999999729,-79.00762000000006
0.12002399999994375,-76.9761200000001
0.17602400000000726,-75.09790000000005
0.2320239999999781,-73.36264999999997
0.288023999999949,-71.75993999999997
0.3440240000000125,-70.28001000000006
0.40002399999998334,-68.91350000000007
0.4560239999999542,-67.65185000000007
0.512023999999925,-66.48696999999993
0.5680239999999885,-65.41152000000005
0.6240239999999594,-64.41855000000007
0.6800239999999302,-63.50182000000015
0.7360239999999938,-62.655410000000074
0.7920239999999646,-61.873960000000004
0.8480239999999355,-61.15245999999996
0.9040239999999989,-60.48635000000013
0.9600239999999698,-59.87132000000006
1.0000079999999307,-59.461419999999876
1.0056079999999556,-59.46850000000015
1.0168080000000053,-59.4694899999999
1.0392080000000121,-58.97019999999986
1.0840079999999332,-53.461120000000136
1.1400079999999968,-36.25529999999988
1.1960079999999675,-9.074159999999942
1.2520079999999385,24.42074999999999
1.2576079999999634,28.079009999999904
1.268808000000013,35.42792000000006
1.2912079999999273,49.8549399999999
1.336007999999941,74.78451999999992
1.3920080000000046,96.0783999999999
1.4480079999999755,107.20635999999995
1.5040079999999463,111.29376000000013
1.5600080000000098,111.24109999999999
1.6160079999999806,109.00746999999988
1.6720079999999515,105.75395999999992
1.728008000000015,102.11955000000006
1.7840079999999858,98.43650999999997
1.8400079999999568,94.86768999999984
1.8960079999999275,91.48745999999997
1.952007999999991,88.32405999999993
0.00800799999996194,85.38256
0.0640079999999328,82.65655000000005
0.1200079999999963,80.13492000000011
0.17600799999996716,77.80461999999999
0.232007999999938,75.65252
0.2880080000000015,73.66528999999989
0.3440079999999724,71.83032000000011
0.40000799999994324,70.13592000000001
0.45600800000000674,68.57146000000003
0.5120079999999776,67.12693999999986
0.5680079999999484,65.79316000000013
0.6240080000000119,64.56149999999994
0.6800079999999827,63.424389999999995
0.7360079999999537,62.37446999999996
0.7920079999999246,61.405039999999914
0.848007999999988,60.51001999999994
0.9040079999999588,59.683810000000115
0.9600079999999297,58.92104999999992
0.9999919999999832,58.41271000000003
1.005592000000008,58.40649999999981
1.0167919999999653,58.38104999999993
1.0391919999999721,57.82972999999991
1.0839919999999859,52.219640000000126
1.1399919999999566,34.89564000000001
1.1959919999999276,7.610609999999962
1.2519919999999911,-25.971130000000066
1.2575920000000158,-29.63716000000005
1.268791999999973,-37.00141999999995
1.29119199999998,-51.45858000000003
1.3359919999999936,-76.44852000000002
1.3919919999999646,-97.81954999999986
1.4479919999999353,-109.02476000000006
1.5039919999999989,-113.18615999999993
1.5599919999999696,-113.20219999999992
1.6159919999999406,-111.03147000000013
1.6719920000000041,-107.83513999999994
1.7279919999999749,-104.25211999999995
1.7839919999999458,-100.61536000000015
1.8399920000000092,-97.08906000000006
1.8959919999999801,-93.74791999999998
1.9519919999999509,-90.62004000000013
0.007992000000014482,-87.71090000000004
0.06399199999998534,-85.01476999999991
0.11999199999995619,-82.52094999999993
0.17599199999992704,-80.21634999999993
0.23199199999999054,-78.08761000000008
0.2879919999999614,-76.12169000000013
0.34399199999993224,-74.30645999999984
0.39999199999999574,-72.63042000000009
0.45599199999996665,-71.08300999999994
0.5119919999999375,-69.65431
0.5679920000000009,-68.33529000000004
0.6239919999999718,-67.11742999999993
0.6799919999999426,-65.99306999999999
0.7359920000000062,-64.95494999999995
0.791991999999977,-63.99650999999995
0.8479919999999479,-63.11157000000001
0.9039920000000115,-62.29456
0.9599919999999823,-61.54020000000004
0.9999759999999431,-61.03742000000012
1.005575999999968,-61.031979999999876
1.016775999999925,-61.00813000000005
1.039175999999932,-60.46054999999995
1.0839759999999456,-54.86027999999998
1.1399760000000092,-37.54888000000012
1.1959759999999802,-10.26861999999995
1.251975999999951,23.32063999999989
1.2575759999999758,26.98805000000015
1.2687759999999328,34.355140000000176
1.2911759999999397,48.817580000000135
1.3359759999999534,73.81390999999992
1.3919759999999244,95.18371999999987
1.447975999999988,106.38053000000002
1.5039759999999587,110.53110999999993
1.5599759999999296,110.53687000000001
1.6159759999999932,108.35738999999988
1.671975999999964,105.1540999999998
1.727975999999935,101.56623999999992
1.7839759999999982,97.92628000000003
1.8399759999999692,94.39730000000002
1.89597599999994,91.05386999999988
1.9519760000000035,87.92445000000004
2.3999999940907374e-05,85.41452999999998
0.005623999999965787,85.19603999999981
0.016824000000015545,84.74965999999995
0.03922399999992977,83.37952999999997
0.08402399999994352,76.22243000000006
0.140024000000007,57.10514
0.19602399999997788,28.133060000000043
0.25202399999994873,-7.0600100000000054
0.2576239999999736,-10.882569999999925
0.26882399999993073,-18.55771000000006
0.2912239999999376,-33.62145999999999
0.3360239999999513,-59.75483999999987
0.39202400000001486,-82.42616000000002
0.4480239999999857,-94.80831999999984
0.5040239999999565,-100.04771000000012
0.5600239999999274,-101.05896999999997
0.6160239999999909,-99.81003
0.6720239999999618,-97.46798000000001
0.7280239999999326,-94.67647000000001
0.7840239999999962,-91.77268999999998
0.840023999999967,-88.92451000000001
0.8960239999999379,-86.21023000000005
0.9520240000000013,-83.66172000000005
1.0000160000000136,-81.61674000000008
1.0056159999999457,-81.44986999999992
1.0168159999999955,-81.10592000000017
1.0392160000000024,-79.93539000000015
1.084016000000016,-73.15753999999997
1.140015999999987,-54.48056000000001
1.1960159999999578,-25.915400000000144
1.2520159999999287,8.901929999999947
1.2576159999999537,12.688709999999936
1.2688160000000033,20.292879999999958
1.2912160000000101,35.21810000000003
1.3360159999999313,61.087160000000026
1.3920159999999948,83.44978999999996
1.4480159999999656,95.54526000000018
1.5040159999999365,100.51871999999995
1.560016,101.28388999999993
1.6160159999999708,99.80769999999994
1.6720159999999418,97.25609000000013
1.728016000000005,94.27151
1.784015999999976,91.18988000000017
1.840015999999947,88.17789000000009
1.8960160000000104,85.31264999999988
1.9520159999999813,82.62488999999995
0.008015999999952133,80.12238999999988
0.06401600000001563,77.80163999999989
0.1200159999999865,75.65431999999994
0.17601599999995735,73.66951999999993
0.2320159999999282,71.83582999999993
0.2880159999999917,70.14213999999997
0.3440159999999626,68.57801000000019
0.4000159999999334,67.13353
0.4560159999999969,65.7998700000002
0.5120159999999677,64.56857999999998
0.5680159999999387,63.43187000000006
0.6240160000000021,62.382289999999955
0.680015999999973,61.41313999999998
0.7360159999999438,60.51837000000005
0.7920160000000074,59.69238999999993
0.8480159999999782,58.929820000000134
0.9040159999999491,58.225859999999855
0.9600160000000125,57.57593000000006
1.0160159999999834,56.97593000000012
1.0720159999999543,56.42197000000016
1.128015999999925,55.91056000000005
1.1840159999999886,55.43839999999989
1.2400159999999594,55.00251
1.2960159999999303,54.60007999999994
1.352015999999994,54.22858999999991
1.4080159999999646,53.88561000000003
1.4640159999999356,53.56899000000004
1.5200159999999991,53.27667999999996
1.5760159999999699,53.00685999999999
1.6320159999999408,52.757749999999824
1.6880160000000042,52.52780000000001
1.7440159999999751,52.315529999999995
1.8000159999999459,52.119580000000056
1.8560160000000094,51.938690000000065
1.9120159999999804,51.77173999999995
1.9680159999999511,51.61760000000015
0.024016000000014685,51.475350000000034
0.08001599999998554,51.344030000000096
0.1360159999999564,51.222829999999945
0.19201599999992724,51.11095999999993
0.24801599999999074,51.00771000000015
0.3040159999999616,50.91241000000002
0.36001599999993245,50.82444999999991
0.41601599999999594,50.743289999999995
0.4720159999999668,50.66837000000013
0.5280159999999376,50.59923999999994
0.5840160000000012,50.535449999999926
0.640015999999972,50.47657999999999
0.6960159999999429,50.422270000000104
0.7520160000000063,50.372129999999956
0.8080159999999772,50.32590000000003
0.8640159999999482,50.28323000000001
0.9200160000000116,50.24386000000014
0.9760159999999825,50.20754999999988
0.9999839999999333,50.192889999999935
1.0055839999999583,50.251940000000104
1.016784000000008,50.35582999999999
1.0391840000000148,50.05598
1.0839839999999359,44.92103999999997
1.1399839999999994,28.148520000000012
1.1959839999999702,1.3819299999999757
1.2519839999999411,-31.706860000000113
1.257583999999966,-35.32516999999991
1.2687840000000157,-42.59469999999999
1.29118399999993,-56.867250000000034
1.3359839999999437,-81.50984000000005
1.3919840000000072,-102.48634999999994
1.4479839999999782,-113.3342100000001
1.503983999999949,-117.16778000000016
1.5599840000000125,-116.88067999999996
1.6159839999999832,-114.4287799999999
1.6719839999999542,-110.97158999999989
1.727983999999925,-107.14675000000007
1.7839839999999885,-103.28612000000015
1.8399839999999594,-99.55278000000001
1.8959839999999302,-96.02032999999999
1.9519839999999937,-92.7157999999999
0.007983999999964577,-89.64358999999989
0.06398399999993544,-86.79689000000002
0.11998399999999894,-84.16402000000001
0.17598399999996978,-81.73119999999989
0.23198399999994065,-79.48431999999994
0.2879840000000041,-77.40939999999985
0.343983999999975,-75.49355000000003
0.3999839999999459,-73.72458999999986
0.4559840000000094,-72.09140000000014
0.5119839999999802,-70.58348999999997
0.5679839999999511,-69.19133
0.6239840000000145,-67.90596999999998
0.6799839999999854,-66.71928000000005
0.7359839999999562,-65.6235999999999
0.7919839999999272,-64.61201000000005
0.8479839999999906,-63.678009999999844
0.9039839999999615,-62.81569000000009
0.9599839999999323,-62.019500000000114
1.0159839999999958,-61.284429999999944
1.0719839999999667,-60.60573000000002
1.1279839999999375,-59.979130000000104
1.183984000000001,-59.40058000000015
1.239983999999972,-58.86641000000004
1.2959839999999427,-58.37315999999993
1.3519840000000063,-57.9177700000002
1.407983999999977,-57.497350000000004
1.463983999999948,-57.10923999999995
1.5199840000000115,-56.75087000000012
1.5759839999999823,-56.41998999999998
1.6319839999999532,-56.11450000000006
1.687983999999924,-55.83251000000011
1.7439839999999875,-55.572179999999975
1.7999839999999585,-55.33188
1.8559839999999292,-55.11001000000015
1.9119839999999928,-54.90521000000004
1.9679839999999635,-54.716130000000085
1.5999999983645345e-05,-54.61462000000017
0.005616000000008524,-54.65981999999991
0.016815999999965636,-54.73635999999993
0.03921599999997251,-54.38400000000021
0.08401599999998625,-49.15241000000003
0.14001599999995712,-32.2682099999998
0.19601599999992797,-5.389249999999901
0.25201599999999147,27.817830000000043
0.25761600000001633,31.448179999999937
0.26881599999997347,38.7417000000001
0.2912159999999803,53.060710000000014
0.3360159999999941,77.78699000000012
0.39201599999996495,98.84992999999986
0.4480159999999358,109.76878
0.5040159999999992,113.66443999999998
0.5600159999999701,113.43455999999996
0.6160159999999409,111.0365900000001
0.6720160000000045,107.63065999999988
0.7280159999999753,103.85497
0.7840159999999462,100.04130999999994
0.8400160000000098,96.35199999999999
0.8960159999999806,92.8602300000001
0.9520159999999515,89.59344999999996
1.0000079999999636,86.9770299999999
1.0056079999999885,86.74631000000011
1.0168079999999455,86.27570000000007
1.0392079999999524,84.85852000000006
1.084007999999966,77.61291000000003
1.140007999999937,58.393539999999966
1.1960080000000006,29.325640000000153
1.2520079999999714,-5.959119999999984
1.2576079999999963,-9.790610000000033
1.2688079999999533,-17.483490000000046
1.2912079999999604,-32.58192000000015
1.336007999999974,-58.78074999999994
1.3920079999999448,-81.52654000000004
1.4480080000000084,-93.97608000000002
1.5040079999999791,-99.27711000000005
1.56000799999995,-100.34520999999997
1.6160080000000137,-99.1489000000001
1.6720079999999844,-96.85558999999988
1.7280079999999554,-94.10925000000003
1.784007999999926,-91.24728999999986
1.8400079999999897,-88.43777000000009
1.8960079999999606,-85.75924000000002
1.9520079999999314,-83.24372000000002
0.008007999999994872,-80.90029999999993
0.06400799999996573,-78.72629000000009
0.12000799999993658,-76.71397999999985
0.17600800000000008,-74.85348999999997
0.23200799999997093,-73.13457000000012
0.2880079999999418,-71.54694999999988
0.3440080000000053,-70.08095000000014
0.40000799999997616,-68.72729
0.456007999999947,-67.47749999999985
0.5120080000000105,-66.32357
0.5680079999999814,-65.25822999999997
0.6240079999999523,-64.27459999999985
0.6800080000000157,-63.36648
0.7360079999999866,-62.52802000000002
0.7920079999999574,-61.75392000000013
0.8480079999999283,-61.03920000000018
0.9040079999999918,-60.37934000000011
0.9600079999999627,-59.770089999999996
1.0160079999999334,-59.207579999999815
1.072007999999997,-58.68815000000005
1.128007999999968,-58.20860999999988
1.1840079999999387,-57.765889999999985
1.2400080000000022,-57.3571799999999
1.2960079999999732,-56.97979999999991
1.352007999999944,-56.63136999999985
1.4080080000000075,-56.30966000000015
1.4640079999999782,-56.012709999999856
1.5200079999999492,-55.73854999999983
1.5760080000000127,-55.48548999999991
1.6320079999999835,-55.251839999999945
1.6880079999999544,-55.03615000000006
1.7440079999999252,-54.8370199999999
1.8000079999999887,-54.653209999999895
1.8560079999999595,-54.48348999999997
1.9120079999999304,-54.32682999999994
1.968007999999994,-54.182189999999906
0.02400799999996478,-54.04867999999996
0.08000799999993563,-53.92540999999995
0.13600799999999913,-53.81163999999994
0.19200799999996998,-53.70659
0.24800799999994086,-53.60962999999997
0.30400800000000433,-53.52012000000017
0.3600079999999752,-53.43750000000003
0.4160079999999461,-53.36121000000005
0.4720080000000096,-53.29081999999996
0.5280079999999804,-53.22581999999998
0.5840079999999512,-53.16582999999997
0.6400080000000148,-53.11045999999986
0.6960079999999856,-53.05935000000006
0.7520079999999565,-53.01216999999991
0.8080079999999273,-52.968630000000076
0.8640079999999909,-52.92844000000008
0.9200079999999617,-52.89134999999989
0.9760079999999326,-52.85710999999993
0.999975999999976,-52.84328999999999
1.005576000000001,-52.90253999999983
1.016775999999958,-53.006909999999905
1.0391759999999648,-52.70864000000009
1.0839759999999787,-47.579229999999974
1.1399759999999495,-30.813619999999986
1.195976000000013,-4.046140000000031
1.2519759999999838,29.054909999999936
1.2575760000000087,32.67498999999985
1.268775999999966,39.94812000000003
1.2911759999999728,54.22740000000004
1.3359759999999865,78.87888999999993
1.3919759999999572,99.85687999999993
1.4479759999999282,110.69876999999994
1.5039759999999918,114.52381000000011
1.5599759999999625,114.2286400000001
1.6159759999999335,111.77013999999997
1.6719759999999968,108.30805
1.7279759999999678,104.48031999999996
1.7839759999999385,100.61847999999985
1.839976000000002,96.88461000000004
1.895975999999973,93.35168999999999
1.9519759999999438,90.04689999999994
0.007976000000007314,86.97482000000001
0.06397599999997818,84.12836000000001
0.11997599999994903,81.49563999999998
0.17597600000001254,79.06272999999997
0.2319759999999834,76.81574000000002
0.2879759999999542,74.7411
0.3439759999999251,72.82575000000003
0.3999759999999886,71.05723000000009
0.45597599999995947,69.42428000000001
0.5119759999999303,67.91652000000003
0.5679759999999938,66.52430999999991
0.6239759999999647,65.23868999999993
0.6799759999999355,64.05174999999997
0.7359759999999991,62.95581000000006
0.7919759999999699,61.94389
0.8479759999999408,61.009639999999976
0.9039760000000042,60.14721000000001
0.9599759999999751,59.351010000000095
1.015975999999946,58.61598000000012
1.0719760000000094,57.937349999999995
1.1279759999999803,57.31085000000014
1.183975999999951,56.73243000000006
1.2399760000000146,56.19843999999996
1.2959759999999856,55.705420000000004
1.3519759999999563,55.250290000000035
1.4079759999999273,54.830079999999896
1.4639759999999906,54.442170000000175
1.5199759999999616,54.084019999999896
1.5759759999999325,53.75340999999989
1.6319759999999959,53.4481899999999
1.6879759999999668,53.1664300000001
1.7439759999999376,52.90630000000007
1.7999760000000011,52.66619000000006
1.855975999999972,52.44453000000004
1.9119759999999428,52.239919999999884
1.9679760000000064,52.05101999999995
0.023975999999977224,51.87666999999996
0.07997599999994807,51.71572999999996
0.1359760000000116,51.56717
0.19197599999998244,51.43003999999984
0.2479759999999533,51.303480000000064
0.30397599999992414,51.18665
0.35997599999998764,51.07883000000002
0.4159759999999585,50.97930000000006
0.47197599999992934,50.88746
0.5279759999999929,50.802689999999814
0.5839759999999637,50.72444999999992
0.6399759999999346,50.65224999999995
0.695975999999998,50.58563000000005
0.7519759999999689,50.52414000000005
0.8079759999999397,50.46740999999999
0.8639760000000033,50.41506000000018
0.9199759999999741,50.36676000000018
0.975975999999945,50.322200000000095
1.0000000000000064,50.30416000000004
