# Logfile created on 2026-08-20 08:55:40 +0000 by logger.rb/v1.5.3
2026-08-20 08:55:40 +0000: Memory Usage (128628K) : Starting running SG13G2 Klayout LVS runset on /workspace/layout/blocks/out/term_stage/_bisect/full.gds
2026-08-20 08:55:40 +0000: Memory Usage (128628K) : Ruby Version for klayout: 3.2.3
2026-08-20 08:55:40 +0000: Memory Usage (129584K) : Loading database to memory is complete.
2026-08-20 08:55:40 +0000: Memory Usage (129584K) : SG13G2 Klayout LVS runset output at: /workspace/layout/blocks/out/term_stage/_bisect/full/full.lvsdb
2026-08-20 08:55:40 +0000: Memory Usage (129584K) : Evaluate switches.
2026-08-20 08:55:40 +0000: Memory Usage (129584K) : Extracted netlist with net names: true
2026-08-20 08:55:40 +0000: Memory Usage (129584K) : Extracted netlist with comments in details: false
2026-08-20 08:55:40 +0000: Memory Usage (129584K) : Selected NET_ONLY option: false
2026-08-20 08:55:40 +0000: Memory Usage (129584K) : Selected LAYOUT_NETLIST option: (none)
2026-08-20 08:55:40 +0000: Memory Usage (129584K) : Selected IGNORE_TOP_PORTS_MISMATCH option: true
2026-08-20 08:55:40 +0000: Memory Usage (129584K) : Selected IMPLICIT_NETS option: sub,sub!
2026-08-20 08:55:40 +0000: Memory Usage (129584K) : Selected TOP_LVL_PINS option: false
2026-08-20 08:55:40 +0000: Memory Usage (129584K) : Selected COMBINE DEVICES option: false
2026-08-20 08:55:40 +0000: Memory Usage (129584K) : Selected PURGE option: false
2026-08-20 08:55:40 +0000: Memory Usage (129584K) : Selected PURGE_NETS option: false
2026-08-20 08:55:40 +0000: Memory Usage (129584K) : Selected SIMPLIFY option: true
2026-08-20 08:55:40 +0000: Memory Usage (129584K) : Selected SERIES_RES option: true
2026-08-20 08:55:40 +0000: Memory Usage (129584K) : Selected PARALLEL_RES option: true
2026-08-20 08:55:40 +0000: Memory Usage (129584K) : Selected DISABLE_TAP_EXTRACTION option: true
2026-08-20 08:55:40 +0000: Memory Usage (129584K) : deep  mode is enabled.
2026-08-20 08:55:40 +0000: Memory Usage (129584K) : Applying implicit connections (case-sensitive, pattern supported) for nets: sub, sub!
2026-08-20 08:55:40 +0000: Memory Usage (130780K) : Netlist file: /workspace/layout/blocks/out/term_stage/_bisect/full.cdl
2026-08-20 08:55:40 +0000: Memory Usage (130780K) : LVS extracted netlist at: /workspace/layout/blocks/out/term_stage/_bisect/full/full_extracted.cir
2026-08-20 08:55:40 +0000: Memory Usage (130780K) : Applying SRAM integration support.
2026-08-20 08:55:40 +0000: Memory Usage (130780K) : Starting SG13G2 LVS runset
2026-08-20 08:55:40 +0000: Memory Usage (130780K) : Read in polygons from layers.
2026-08-20 08:55:40 +0000: Memory Usage (132096K) : activ_drw has 130 polygons
2026-08-20 08:55:40 +0000: Memory Usage (132096K) : activ_filler has 0 polygons
2026-08-20 08:55:40 +0000: Memory Usage (132096K) : activ has 130 polygons
2026-08-20 08:55:40 +0000: Memory Usage (132096K) : activ_pin has 0 polygons
2026-08-20 08:55:40 +0000: Memory Usage (132096K) : activ_mask has 0 polygons
2026-08-20 08:55:40 +0000: Memory Usage (132096K) : activ_nofill has 0 polygons
2026-08-20 08:55:40 +0000: Memory Usage (132184K) : activ_OPC has 0 polygons
2026-08-20 08:55:40 +0000: Memory Usage (132696K) : activ_iOPC has 0 polygons
2026-08-20 08:55:40 +0000: Memory Usage (132696K) : activ_noqrc has 0 polygons
2026-08-20 08:55:40 +0000: Memory Usage (132696K) : biwind_drw has 0 polygons
2026-08-20 08:55:40 +0000: Memory Usage (132696K) : biwind_OPC has 0 polygons
2026-08-20 08:55:40 +0000: Memory Usage (132696K) : gatpoly_drw has 25 polygons
2026-08-20 08:55:40 +0000: Memory Usage (132696K) : gatpoly_filler has 0 polygons
2026-08-20 08:55:40 +0000: Memory Usage (132696K) : gatpoly has 25 polygons
2026-08-20 08:55:40 +0000: Memory Usage (132696K) : gatpoly_pin has 0 polygons
2026-08-20 08:55:40 +0000: Memory Usage (132696K) : gatpoly_nofill has 0 polygons
2026-08-20 08:55:40 +0000: Memory Usage (132696K) : gatpoly_OPC has 0 polygons
2026-08-20 08:55:40 +0000: Memory Usage (132696K) : gatpoly_iOPC has 0 polygons
2026-08-20 08:55:40 +0000: Memory Usage (132696K) : gatpoly_noqrc has 0 polygons
2026-08-20 08:55:40 +0000: Memory Usage (132824K) : cont_drw has 6147 polygons
2026-08-20 08:55:40 +0000: Memory Usage (132824K) : cont_OPC has 0 polygons
2026-08-20 08:55:40 +0000: Memory Usage (132824K) : nsd_drw has 0 polygons
2026-08-20 08:55:40 +0000: Memory Usage (132824K) : nsd_block has 0 polygons
2026-08-20 08:55:40 +0000: Memory Usage (132824K) : metal1_drw has 268 polygons
2026-08-20 08:55:40 +0000: Memory Usage (132824K) : metal1_filler has 0 polygons
2026-08-20 08:55:40 +0000: Memory Usage (132824K) : metal1_slit has 0 polygons
2026-08-20 08:55:40 +0000: Memory Usage (132952K) : metal1 has 268 polygons
2026-08-20 08:55:40 +0000: Memory Usage (132952K) : metal1_pin has 112 polygons
2026-08-20 08:55:40 +0000: Memory Usage (133080K) : metal1_mask has 0 polygons
2026-08-20 08:55:40 +0000: Memory Usage (133080K) : metal1_nofill has 0 polygons
2026-08-20 08:55:40 +0000: Memory Usage (133336K) : metal1_text has 4 polygons
2026-08-20 08:55:40 +0000: Memory Usage (133464K) : metal1_OPC has 0 polygons
2026-08-20 08:55:40 +0000: Memory Usage (133464K) : metal1_noqrc has 0 polygons
2026-08-20 08:55:40 +0000: Memory Usage (133464K) : metal1_res has 0 polygons
2026-08-20 08:55:40 +0000: Memory Usage (133592K) : metal1_iprobe has 0 polygons
2026-08-20 08:55:40 +0000: Memory Usage (133592K) : metal1_diffprb has 0 polygons
2026-08-20 08:55:40 +0000: Memory Usage (133592K) : passiv_drw has 2 polygons
2026-08-20 08:55:40 +0000: Memory Usage (133720K) : passiv_pin has 0 polygons
2026-08-20 08:55:40 +0000: Memory Usage (133720K) : passiv_sbump has 0 polygons
2026-08-20 08:55:40 +0000: Memory Usage (133720K) : passiv_pillar has 0 polygons
2026-08-20 08:55:40 +0000: Memory Usage (133848K) : passiv_pdl has 0 polygons
2026-08-20 08:55:40 +0000: Memory Usage (133848K) : metal2_drw has 72 polygons
2026-08-20 08:55:40 +0000: Memory Usage (133848K) : metal2_filler has 0 polygons
2026-08-20 08:55:40 +0000: Memory Usage (133976K) : metal2_slit has 0 polygons
2026-08-20 08:55:40 +0000: Memory Usage (133976K) : metal2 has 72 polygons
2026-08-20 08:55:40 +0000: Memory Usage (133976K) : metal2_pin has 8 polygons
2026-08-20 08:55:40 +0000: Memory Usage (133976K) : metal2_mask has 0 polygons
2026-08-20 08:55:40 +0000: Memory Usage (134104K) : metal2_nofill has 0 polygons
2026-08-20 08:55:40 +0000: Memory Usage (134104K) : metal2_text has 0 polygons
2026-08-20 08:55:40 +0000: Memory Usage (134104K) : metal2_OPC has 0 polygons
2026-08-20 08:55:40 +0000: Memory Usage (134104K) : metal2_noqrc has 0 polygons
2026-08-20 08:55:40 +0000: Memory Usage (134232K) : metal2_res has 0 polygons
2026-08-20 08:55:40 +0000: Memory Usage (134232K) : metal2_iprobe has 0 polygons
2026-08-20 08:55:40 +0000: Memory Usage (134232K) : metal2_diffprb has 0 polygons
2026-08-20 08:55:40 +0000: Memory Usage (134232K) : baspoly_drw has 0 polygons
2026-08-20 08:55:40 +0000: Memory Usage (134360K) : baspoly_pin has 0 polygons
2026-08-20 08:55:40 +0000: Memory Usage (134360K) : psd_drw has 119 polygons
2026-08-20 08:55:40 +0000: Memory Usage (134360K) : nldb_drw has 0 polygons
2026-08-20 08:55:40 +0000: Memory Usage (134360K) : digibnd_drw has 0 polygons
2026-08-20 08:55:40 +0000: Memory Usage (134488K) : via1_drw has 1907 polygons
2026-08-20 08:55:40 +0000: Memory Usage (134488K) : backmetal1_drw has 0 polygons
2026-08-20 08:55:40 +0000: Memory Usage (134488K) : backmetal1_pin has 0 polygons
2026-08-20 08:55:40 +0000: Memory Usage (134616K) : backmetal1_mask has 0 polygons
2026-08-20 08:55:40 +0000: Memory Usage (134616K) : backmetal1_filler has 0 polygons
2026-08-20 08:55:40 +0000: Memory Usage (134616K) : backmetal1_nofill has 0 polygons
2026-08-20 08:55:40 +0000: Memory Usage (134616K) : backmetal1_slit has 0 polygons
2026-08-20 08:55:40 +0000: Memory Usage (134744K) : backmetal1_text has 0 polygons
2026-08-20 08:55:40 +0000: Memory Usage (134744K) : backmetal1_OPC has 0 polygons
2026-08-20 08:55:40 +0000: Memory Usage (134744K) : backmetal1_noqrc has 0 polygons
2026-08-20 08:55:40 +0000: Memory Usage (134744K) : backmetal1_res has 0 polygons
2026-08-20 08:55:40 +0000: Memory Usage (134872K) : backmetal1_iprobe has 0 polygons
2026-08-20 08:55:40 +0000: Memory Usage (134872K) : backmetal1_diffprb has 0 polygons
2026-08-20 08:55:40 +0000: Memory Usage (134872K) : backpassiv_drw has 0 polygons
2026-08-20 08:55:40 +0000: Memory Usage (134872K) : res_drw has 2 polygons
2026-08-20 08:55:40 +0000: Memory Usage (135000K) : sram_drw has 0 polygons
2026-08-20 08:55:40 +0000: Memory Usage (135000K) : trans_drw has 0 polygons
2026-08-20 08:55:40 +0000: Memory Usage (135000K) : ind_drw has 0 polygons
2026-08-20 08:55:40 +0000: Memory Usage (135000K) : ind_pin has 0 polygons
2026-08-20 08:55:40 +0000: Memory Usage (135128K) : ind_text has 0 polygons
2026-08-20 08:55:40 +0000: Memory Usage (135128K) : salblock_drw has 14 polygons
2026-08-20 08:55:40 +0000: Memory Usage (135128K) : via2_drw has 858 polygons
2026-08-20 08:55:40 +0000: Memory Usage (135256K) : metal3_drw has 65 polygons
2026-08-20 08:55:40 +0000: Memory Usage (135256K) : metal3_filler has 0 polygons
2026-08-20 08:55:40 +0000: Memory Usage (135256K) : metal3_slit has 0 polygons
2026-08-20 08:55:40 +0000: Memory Usage (135256K) : metal3 has 65 polygons
2026-08-20 08:55:40 +0000: Memory Usage (135256K) : metal3_pin has 2 polygons
2026-08-20 08:55:40 +0000: Memory Usage (135256K) : metal3_mask has 0 polygons
2026-08-20 08:55:40 +0000: Memory Usage (135256K) : metal3_nofill has 0 polygons
2026-08-20 08:55:40 +0000: Memory Usage (135256K) : metal3_text has 0 polygons
2026-08-20 08:55:40 +0000: Memory Usage (135256K) : metal3_OPC has 0 polygons
2026-08-20 08:55:40 +0000: Memory Usage (135256K) : metal3_noqrc has 0 polygons
2026-08-20 08:55:40 +0000: Memory Usage (135256K) : metal3_res has 0 polygons
2026-08-20 08:55:40 +0000: Memory Usage (135256K) : metal3_iprobe has 0 polygons
2026-08-20 08:55:40 +0000: Memory Usage (135256K) : metal3_diffprb has 0 polygons
2026-08-20 08:55:40 +0000: Memory Usage (135256K) : nwell_drw has 14 polygons
2026-08-20 08:55:40 +0000: Memory Usage (135256K) : nwell_pin has 0 polygons
2026-08-20 08:55:40 +0000: Memory Usage (135384K) : nwell_text has 0 polygons
2026-08-20 08:55:40 +0000: Memory Usage (135384K) : nbulay_drw has 1 polygons
2026-08-20 08:55:40 +0000: Memory Usage (135384K) : nbulay_pin has 0 polygons
2026-08-20 08:55:40 +0000: Memory Usage (135384K) : nbulay_block has 0 polygons
2026-08-20 08:55:40 +0000: Memory Usage (135384K) : emwind_drw has 0 polygons
2026-08-20 08:55:40 +0000: Memory Usage (135384K) : emwind_OPC has 0 polygons
2026-08-20 08:55:40 +0000: Memory Usage (135512K) : deepco_drw has 0 polygons
2026-08-20 08:55:40 +0000: Memory Usage (135512K) : mim_drw has 1 polygons
2026-08-20 08:55:40 +0000: Memory Usage (135512K) : edgeseal_drw has 0 polygons
2026-08-20 08:55:40 +0000: Memory Usage (135512K) : substrate_drw has 100 polygons
2026-08-20 08:55:40 +0000: Memory Usage (135512K) : substrate_text has 0 polygons
2026-08-20 08:55:40 +0000: Memory Usage (135512K) : dfpad_drw has 2 polygons
2026-08-20 08:55:40 +0000: Memory Usage (135640K) : dfpad_pillar has 0 polygons
2026-08-20 08:55:40 +0000: Memory Usage (135640K) : dfpad_sbump has 0 polygons
2026-08-20 08:55:40 +0000: Memory Usage (135640K) : thickgateox_drw has 1 polygons
2026-08-20 08:55:40 +0000: Memory Usage (135640K) : pldb_drw has 0 polygons
2026-08-20 08:55:40 +0000: Memory Usage (135640K) : pwell_drw has 0 polygons
2026-08-20 08:55:40 +0000: Memory Usage (135768K) : pwell_pin has 0 polygons
2026-08-20 08:55:40 +0000: Memory Usage (135768K) : pwell_block has 0 polygons
2026-08-20 08:55:40 +0000: Memory Usage (135768K) : ic_drw has 0 polygons
2026-08-20 08:55:40 +0000: Memory Usage (135768K) : via3_drw has 1066 polygons
2026-08-20 08:55:40 +0000: Memory Usage (135768K) : metal4_drw has 40 polygons
2026-08-20 08:55:40 +0000: Memory Usage (135768K) : metal4_filler has 0 polygons
2026-08-20 08:55:40 +0000: Memory Usage (135896K) : metal4_slit has 0 polygons
2026-08-20 08:55:40 +0000: Memory Usage (135896K) : metal4 has 40 polygons
2026-08-20 08:55:40 +0000: Memory Usage (135896K) : metal4_pin has 0 polygons
2026-08-20 08:55:40 +0000: Memory Usage (135896K) : metal4_mask has 0 polygons
2026-08-20 08:55:40 +0000: Memory Usage (135896K) : metal4_nofill has 0 polygons
2026-08-20 08:55:40 +0000: Memory Usage (135896K) : metal4_text has 4 polygons
2026-08-20 08:55:40 +0000: Memory Usage (136024K) : metal4_OPC has 0 polygons
2026-08-20 08:55:40 +0000: Memory Usage (136024K) : metal4_noqrc has 0 polygons
2026-08-20 08:55:40 +0000: Memory Usage (136024K) : metal4_res has 0 polygons
2026-08-20 08:55:40 +0000: Memory Usage (136024K) : metal4_iprobe has 0 polygons
2026-08-20 08:55:40 +0000: Memory Usage (136024K) : metal4_diffprb has 0 polygons
2026-08-20 08:55:40 +0000: Memory Usage (136152K) : heattrans_drw has 0 polygons
2026-08-20 08:55:40 +0000: Memory Usage (136152K) : heatres_drw has 4 polygons
2026-08-20 08:55:40 +0000: Memory Usage (136152K) : fbe_drw has 0 polygons
2026-08-20 08:55:40 +0000: Memory Usage (136152K) : empoly_drw has 0 polygons
2026-08-20 08:55:40 +0000: Memory Usage (136152K) : digisub_drw has 0 polygons
2026-08-20 08:55:40 +0000: Memory Usage (136152K) : text_drw has 126 polygons
2026-08-20 08:55:40 +0000: Memory Usage (136280K) : via4_drw has 1042 polygons
2026-08-20 08:55:40 +0000: Memory Usage (136280K) : metal5_drw has 39 polygons
2026-08-20 08:55:40 +0000: Memory Usage (136280K) : metal5_filler has 0 polygons
2026-08-20 08:55:40 +0000: Memory Usage (136280K) : metal5_slit has 0 polygons
2026-08-20 08:55:40 +0000: Memory Usage (136280K) : metal5 has 39 polygons
2026-08-20 08:55:40 +0000: Memory Usage (136280K) : metal5_pin has 0 polygons
2026-08-20 08:55:40 +0000: Memory Usage (136408K) : metal5_mask has 0 polygons
2026-08-20 08:55:40 +0000: Memory Usage (136408K) : metal5_nofill has 0 polygons
2026-08-20 08:55:40 +0000: Memory Usage (136408K) : metal5_text has 0 polygons
2026-08-20 08:55:40 +0000: Memory Usage (136408K) : metal5_OPC has 0 polygons
2026-08-20 08:55:40 +0000: Memory Usage (136408K) : metal5_noqrc has 0 polygons
2026-08-20 08:55:40 +0000: Memory Usage (136408K) : metal5_res has 0 polygons
2026-08-20 08:55:40 +0000: Memory Usage (136536K) : metal5_iprobe has 0 polygons
2026-08-20 08:55:40 +0000: Memory Usage (136536K) : metal5_diffprb has 0 polygons
2026-08-20 08:55:40 +0000: Memory Usage (136536K) : radhard_drw has 0 polygons
2026-08-20 08:55:40 +0000: Memory Usage (136536K) : memcap_drw has 0 polygons
2026-08-20 08:55:40 +0000: Memory Usage (136664K) : varicap_drw has 0 polygons
2026-08-20 08:55:40 +0000: Memory Usage (136664K) : intbondvia_drw has 0 polygons
2026-08-20 08:55:40 +0000: Memory Usage (136664K) : intbondmet_drw has 0 polygons
2026-08-20 08:55:40 +0000: Memory Usage (136664K) : devbondvia_drw has 0 polygons
2026-08-20 08:55:40 +0000: Memory Usage (136664K) : devbondmet_drw has 0 polygons
2026-08-20 08:55:40 +0000: Memory Usage (136792K) : devtrench_drw has 0 polygons
2026-08-20 08:55:40 +0000: Memory Usage (136792K) : redist_drw has 0 polygons
2026-08-20 08:55:40 +0000: Memory Usage (136792K) : graphbot_drw has 0 polygons
2026-08-20 08:55:40 +0000: Memory Usage (136792K) : graphtop_drw has 0 polygons
2026-08-20 08:55:40 +0000: Memory Usage (136792K) : antvia1_drw has 0 polygons
2026-08-20 08:55:40 +0000: Memory Usage (136920K) : antmetal2_drw has 0 polygons
2026-08-20 08:55:40 +0000: Memory Usage (136920K) : graphcont_drw has 0 polygons
2026-08-20 08:55:40 +0000: Memory Usage (136920K) : siwg_drw has 0 polygons
2026-08-20 08:55:40 +0000: Memory Usage (136920K) : siwg_filler has 0 polygons
2026-08-20 08:55:40 +0000: Memory Usage (136920K) : siwg_nofill has 0 polygons
2026-08-20 08:55:40 +0000: Memory Usage (136920K) : sigrating_drw has 0 polygons
2026-08-20 08:55:40 +0000: Memory Usage (137048K) : singrating_drw has 0 polygons
2026-08-20 08:55:40 +0000: Memory Usage (137048K) : graphpas_drw has 0 polygons
2026-08-20 08:55:40 +0000: Memory Usage (137048K) : emwind3_drw has 0 polygons
2026-08-20 08:55:40 +0000: Memory Usage (137048K) : emwihv3_drw has 0 polygons
2026-08-20 08:55:40 +0000: Memory Usage (137048K) : redbulay_drw has 0 polygons
2026-08-20 08:55:40 +0000: Memory Usage (137176K) : smos_drw has 0 polygons
2026-08-20 08:55:40 +0000: Memory Usage (137176K) : graphpad_drw has 0 polygons
2026-08-20 08:55:40 +0000: Memory Usage (137176K) : polimide_drw has 0 polygons
2026-08-20 08:55:40 +0000: Memory Usage (137176K) : polimide_pin has 0 polygons
2026-08-20 08:55:40 +0000: Memory Usage (137176K) : recog_drw has 1 polygons
2026-08-20 08:55:40 +0000: Memory Usage (137304K) : recog_pin has 0 polygons
2026-08-20 08:55:40 +0000: Memory Usage (137304K) : recog_esd has 5 polygons
2026-08-20 08:55:40 +0000: Memory Usage (137304K) : recog_diode has 0 polygons
2026-08-20 08:55:40 +0000: Memory Usage (137304K) : recog_tsv has 0 polygons
2026-08-20 08:55:40 +0000: Memory Usage (137432K) : recog_iprobe has 0 polygons
2026-08-20 08:55:40 +0000: Memory Usage (137432K) : recog_diffprb has 0 polygons
2026-08-20 08:55:40 +0000: Memory Usage (137432K) : recog_pillar has 0 polygons
2026-08-20 08:55:40 +0000: Memory Usage (137432K) : recog_sbump has 0 polygons
2026-08-20 08:55:40 +0000: Memory Usage (137560K) : recog_otp has 0 polygons
2026-08-20 08:55:40 +0000: Memory Usage (137560K) : recog_pdiode has 0 polygons
2026-08-20 08:55:40 +0000: Memory Usage (137560K) : recog_mom has 0 polygons
2026-08-20 08:55:40 +0000: Memory Usage (137560K) : recog_momf has 0 polygons
2026-08-20 08:55:40 +0000: Memory Usage (137688K) : recog_pcm has 0 polygons
2026-08-20 08:55:40 +0000: Memory Usage (137688K) : colopen_drw has 0 polygons
2026-08-20 08:55:40 +0000: Memory Usage (137688K) : graphmetal1_drw has 0 polygons
2026-08-20 08:55:40 +0000: Memory Usage (137688K) : graphmetal1_filler has 0 polygons
2026-08-20 08:55:40 +0000: Memory Usage (137816K) : graphmetal1_nofill has 0 polygons
2026-08-20 08:55:40 +0000: Memory Usage (137816K) : graphmetal1_slit has 0 polygons
2026-08-20 08:55:40 +0000: Memory Usage (137816K) : graphmetal1_OPC has 0 polygons
2026-08-20 08:55:40 +0000: Memory Usage (137816K) : graphmet1l_drw has 0 polygons
2026-08-20 08:55:40 +0000: Memory Usage (137944K) : graphmet1l_filler has 0 polygons
2026-08-20 08:55:40 +0000: Memory Usage (137944K) : graphmet1l_nofill has 0 polygons
2026-08-20 08:55:40 +0000: Memory Usage (137944K) : graphmet1l_slit has 0 polygons
2026-08-20 08:55:40 +0000: Memory Usage (137944K) : graphmet1l_OPC has 0 polygons
2026-08-20 08:55:40 +0000: Memory Usage (138072K) : extblock_drw has 12 polygons
2026-08-20 08:55:40 +0000: Memory Usage (138072K) : nldd_drw has 0 polygons
2026-08-20 08:55:40 +0000: Memory Usage (138072K) : pldd_drw has 0 polygons
2026-08-20 08:55:40 +0000: Memory Usage (138072K) : next_drw has 0 polygons
2026-08-20 08:55:40 +0000: Memory Usage (138072K) : pext_drw has 0 polygons
2026-08-20 08:55:40 +0000: Memory Usage (138200K) : nexthv_drw has 0 polygons
2026-08-20 08:55:40 +0000: Memory Usage (138200K) : pexthv_drw has 0 polygons
2026-08-20 08:55:40 +0000: Memory Usage (138200K) : graphgate_drw has 0 polygons
2026-08-20 08:55:40 +0000: Memory Usage (138200K) : sinwg_drw has 0 polygons
2026-08-20 08:55:40 +0000: Memory Usage (138200K) : sinwg_filler has 0 polygons
2026-08-20 08:55:40 +0000: Memory Usage (138328K) : sinwg_nofill has 0 polygons
2026-08-20 08:55:40 +0000: Memory Usage (138328K) : mempad_drw has 0 polygons
2026-08-20 08:55:40 +0000: Memory Usage (138328K) : topvia1_drw has 483 polygons
2026-08-20 08:55:40 +0000: Memory Usage (138328K) : topmetal1_drw has 32 polygons
2026-08-20 08:55:40 +0000: Memory Usage (138328K) : topmetal1_filler has 0 polygons
2026-08-20 08:55:40 +0000: Memory Usage (138456K) : topmetal1_slit has 0 polygons
2026-08-20 08:55:40 +0000: Memory Usage (138456K) : topmetal1 has 32 polygons
2026-08-20 08:55:40 +0000: Memory Usage (138456K) : topmetal1_pin has 0 polygons
2026-08-20 08:55:40 +0000: Memory Usage (138456K) : topmetal1_mask has 0 polygons
2026-08-20 08:55:40 +0000: Memory Usage (138456K) : topmetal1_nofill has 0 polygons
2026-08-20 08:55:40 +0000: Memory Usage (138456K) : topmetal1_text has 0 polygons
2026-08-20 08:55:40 +0000: Memory Usage (138584K) : topmetal1_noqrc has 0 polygons
2026-08-20 08:55:40 +0000: Memory Usage (138584K) : topmetal1_res has 0 polygons
2026-08-20 08:55:40 +0000: Memory Usage (138584K) : topmetal1_iprobe has 0 polygons
2026-08-20 08:55:40 +0000: Memory Usage (138584K) : topmetal1_diffprb has 0 polygons
2026-08-20 08:55:40 +0000: Memory Usage (138712K) : inldpwl_drw has 0 polygons
2026-08-20 08:55:40 +0000: Memory Usage (138712K) : polyres_drw has 4 polygons
2026-08-20 08:55:40 +0000: Memory Usage (138712K) : polyres_pin has 0 polygons
2026-08-20 08:55:40 +0000: Memory Usage (138712K) : vmim_drw has 225 polygons
2026-08-20 08:55:40 +0000: Memory Usage (138840K) : nbulaycut_drw has 0 polygons
2026-08-20 08:55:40 +0000: Memory Usage (138840K) : antmetal1_drw has 0 polygons
2026-08-20 08:55:40 +0000: Memory Usage (138840K) : topvia2_drw has 206 polygons
2026-08-20 08:55:40 +0000: Memory Usage (138968K) : topmetal2_drw has 20 polygons
2026-08-20 08:55:40 +0000: Memory Usage (138968K) : topmetal2_filler has 0 polygons
2026-08-20 08:55:40 +0000: Memory Usage (138968K) : topmetal2_slit has 0 polygons
2026-08-20 08:55:40 +0000: Memory Usage (139096K) : topmetal2 has 20 polygons
2026-08-20 08:55:40 +0000: Memory Usage (139096K) : topmetal2_pin has 0 polygons
2026-08-20 08:55:40 +0000: Memory Usage (139096K) : topmetal2_mask has 0 polygons
2026-08-20 08:55:40 +0000: Memory Usage (139096K) : topmetal2_nofill has 0 polygons
2026-08-20 08:55:40 +0000: Memory Usage (139224K) : topmetal2_text has 4 polygons
2026-08-20 08:55:40 +0000: Memory Usage (139224K) : topmetal2_noqrc has 0 polygons
2026-08-20 08:55:40 +0000: Memory Usage (139224K) : topmetal2_res has 0 polygons
2026-08-20 08:55:40 +0000: Memory Usage (139224K) : topmetal2_iprobe has 0 polygons
2026-08-20 08:55:40 +0000: Memory Usage (139352K) : topmetal2_diffprb has 0 polygons
2026-08-20 08:55:40 +0000: Memory Usage (139352K) : snsring_drw has 0 polygons
2026-08-20 08:55:40 +0000: Memory Usage (139352K) : sensor_drw has 0 polygons
2026-08-20 08:55:40 +0000: Memory Usage (139480K) : snsarms_drw has 0 polygons
2026-08-20 08:55:40 +0000: Memory Usage (139480K) : snscmosvia_drw has 0 polygons
2026-08-20 08:55:40 +0000: Memory Usage (139480K) : colwind_drw has 0 polygons
2026-08-20 08:55:40 +0000: Memory Usage (139608K) : flm_drw has 0 polygons
2026-08-20 08:55:40 +0000: Memory Usage (139608K) : hafniumox_drw has 0 polygons
2026-08-20 08:55:40 +0000: Memory Usage (139736K) : memvia_drw has 0 polygons
2026-08-20 08:55:40 +0000: Memory Usage (139736K) : thinfilmres_drw has 0 polygons
2026-08-20 08:55:40 +0000: Memory Usage (139736K) : rfmem_drw has 0 polygons
2026-08-20 08:55:40 +0000: Memory Usage (139736K) : norcx_drw has 0 polygons
2026-08-20 08:55:40 +0000: Memory Usage (139736K) : norcx_m2m3 has 0 polygons
2026-08-20 08:55:40 +0000: Memory Usage (139736K) : norcx_m2m4 has 0 polygons
2026-08-20 08:55:40 +0000: Memory Usage (139736K) : norcx_m2m5 has 0 polygons
2026-08-20 08:55:40 +0000: Memory Usage (139736K) : norcx_m2tm1 has 0 polygons
2026-08-20 08:55:40 +0000: Memory Usage (139736K) : norcx_m2tm2 has 0 polygons
2026-08-20 08:55:40 +0000: Memory Usage (139736K) : norcx_m3m4 has 0 polygons
2026-08-20 08:55:40 +0000: Memory Usage (139736K) : norcx_m3m5 has 0 polygons
2026-08-20 08:55:40 +0000: Memory Usage (139736K) : norcx_m3tm1 has 0 polygons
2026-08-20 08:55:40 +0000: Memory Usage (139736K) : norcx_m3tm2 has 0 polygons
2026-08-20 08:55:40 +0000: Memory Usage (139736K) : norcx_m4m5 has 0 polygons
2026-08-20 08:55:40 +0000: Memory Usage (139736K) : norcx_m4tm1 has 0 polygons
2026-08-20 08:55:40 +0000: Memory Usage (139736K) : norcx_m4tm2 has 0 polygons
2026-08-20 08:55:40 +0000: Memory Usage (139736K) : norcx_m5tm1 has 0 polygons
2026-08-20 08:55:40 +0000: Memory Usage (139736K) : norcx_m5tm2 has 0 polygons
2026-08-20 08:55:40 +0000: Memory Usage (139736K) : norcx_tm1tm2 has 0 polygons
2026-08-20 08:55:40 +0000: Memory Usage (139736K) : norcx_m1sub has 0 polygons
2026-08-20 08:55:40 +0000: Memory Usage (139736K) : norcx_m2sub has 0 polygons
2026-08-20 08:55:40 +0000: Memory Usage (139736K) : norcx_m3sub has 0 polygons
2026-08-20 08:55:40 +0000: Memory Usage (139736K) : norcx_m4sub has 0 polygons
2026-08-20 08:55:40 +0000: Memory Usage (139736K) : norcx_m5sub has 0 polygons
2026-08-20 08:55:40 +0000: Memory Usage (139736K) : norcx_tm1sub has 0 polygons
2026-08-20 08:55:40 +0000: Memory Usage (139736K) : norcx_tm2sub has 0 polygons
2026-08-20 08:55:40 +0000: Memory Usage (139736K) : snsbotvia_drw has 0 polygons
2026-08-20 08:55:40 +0000: Memory Usage (139736K) : snstopvia_drw has 0 polygons
2026-08-20 08:55:40 +0000: Memory Usage (139736K) : deepvia_drw has 0 polygons
2026-08-20 08:55:40 +0000: Memory Usage (139736K) : fgetch_drw has 0 polygons
2026-08-20 08:55:40 +0000: Memory Usage (139736K) : ctrgat_drw has 0 polygons
2026-08-20 08:55:40 +0000: Memory Usage (139736K) : fgimp_drw has 0 polygons
2026-08-20 08:55:40 +0000: Memory Usage (139736K) : emwihv_drw has 0 polygons
2026-08-20 08:55:40 +0000: Memory Usage (139736K) : lbe_drw has 0 polygons
2026-08-20 08:55:40 +0000: Memory Usage (139736K) : alcustop_drw has 0 polygons
2026-08-20 08:55:40 +0000: Memory Usage (139736K) : nometfiller_drw has 0 polygons
2026-08-20 08:55:40 +0000: Memory Usage (139736K) : prboundary_drw has 0 polygons
2026-08-20 08:55:40 +0000: Memory Usage (139736K) : exchange0_drw has 0 polygons
2026-08-20 08:55:40 +0000: Memory Usage (139736K) : exchange0_pin has 0 polygons
2026-08-20 08:55:40 +0000: Memory Usage (139736K) : exchange0_text has 0 polygons
2026-08-20 08:55:40 +0000: Memory Usage (139736K) : exchange1_drw has 0 polygons
2026-08-20 08:55:40 +0000: Memory Usage (139736K) : exchange1_pin has 0 polygons
2026-08-20 08:55:40 +0000: Memory Usage (139736K) : exchange1_text has 0 polygons
2026-08-20 08:55:40 +0000: Memory Usage (139736K) : exchange2_drw has 0 polygons
2026-08-20 08:55:40 +0000: Memory Usage (139736K) : exchange2_pin has 0 polygons
2026-08-20 08:55:40 +0000: Memory Usage (139736K) : exchange2_text has 0 polygons
2026-08-20 08:55:40 +0000: Memory Usage (139736K) : exchange3_drw has 0 polygons
2026-08-20 08:55:40 +0000: Memory Usage (139736K) : exchange3_pin has 0 polygons
2026-08-20 08:55:40 +0000: Memory Usage (139736K) : exchange3_text has 0 polygons
2026-08-20 08:55:40 +0000: Memory Usage (139736K) : exchange4_drw has 0 polygons
2026-08-20 08:55:40 +0000: Memory Usage (139736K) : exchange4_pin has 0 polygons
2026-08-20 08:55:40 +0000: Memory Usage (139736K) : exchange4_text has 0 polygons
2026-08-20 08:55:40 +0000: Memory Usage (139736K) : isonwell_drw has 0 polygons
2026-08-20 08:55:40 +0000: Memory Usage (139736K) : Total no. of polygons in the design is 13167
2026-08-20 08:55:40 +0000: Memory Usage (139736K) : Starting base layers derivations
2026-08-20 08:55:40 +0000: Memory Usage (139736K) : Starting general LVS derivations
2026-08-20 08:55:40 +0000: Memory Usage (143588K) : Starting MOSFET DERIVATIONS
2026-08-20 08:55:40 +0000: Memory Usage (144356K) : Starting NMOS DERIVATIONS
2026-08-20 08:55:40 +0000: Memory Usage (144356K) : Starting PMOS DERIVATIONS
2026-08-20 08:55:40 +0000: Memory Usage (144356K) : Starting RF-MOSFET DERIVATIONS
2026-08-20 08:55:40 +0000: Memory Usage (144356K) : Starting RF-NMOS DERIVATIONS
2026-08-20 08:55:40 +0000: Memory Usage (144356K) : Starting RF-PMOS DERIVATIONS
2026-08-20 08:55:40 +0000: Memory Usage (144356K) : Starting BJT DERIVATIONS
2026-08-20 08:55:40 +0000: Memory Usage (144356K) : Starting NPN-BJT DERIVATIONS
2026-08-20 08:55:40 +0000: Memory Usage (144356K) : Starting PNP-BJT DERIVATIONS
2026-08-20 08:55:40 +0000: Memory Usage (144356K) : Starting DIODE DERIVATIONS
2026-08-20 08:55:40 +0000: Memory Usage (144356K) : Starting RESISTOR DERIVATIONS
2026-08-20 08:55:40 +0000: Memory Usage (144612K) : Starting CAP DERIVATIONS
2026-08-20 08:55:41 +0000: Memory Usage (144612K) : Starting CAP_CMOM DERIVATIONS
2026-08-20 08:55:41 +0000: Memory Usage (144612K) : Starting CAP_CMOMF DERIVATIONS
2026-08-20 08:55:41 +0000: Memory Usage (144612K) : Starting ESD DERIVATIONS
2026-08-20 08:55:41 +0000: Memory Usage (144996K) : Starting Inductor DERIVATIONS
2026-08-20 08:55:41 +0000: Memory Usage (144996K) : Starting Taps DERIVATIONS
2026-08-20 08:55:41 +0000: Memory Usage (144996K) : Starting SG13G2 LVS connectivity setup
2026-08-20 08:55:41 +0000: Memory Usage (144996K) : Starting SG13G2 LVS connectivity setup (Inter-layer)
2026-08-20 08:55:41 +0000: Memory Usage (145124K) : Starting SG13G2 LVS connectivity setup (Global)
2026-08-20 08:55:41 +0000: Memory Usage (145124K) : Starting LVS MOSFET CONNECTIONS
2026-08-20 08:55:41 +0000: Memory Usage (145124K) : Starting LVS RF-MOSFET CONNECTIONS
2026-08-20 08:55:41 +0000: Memory Usage (145124K) : Starting LVS BJT CONNECTIONS
2026-08-20 08:55:41 +0000: Memory Usage (145124K) : Starting LVS DIODE CONNECTIONS
2026-08-20 08:55:41 +0000: Memory Usage (145124K) : Starting RESISTOR CONNECTIONS
2026-08-20 08:55:41 +0000: Memory Usage (145124K) : Starting LVS CAP CONNECTIONS
2026-08-20 08:55:41 +0000: Memory Usage (145124K) : Starting CAP_CMOM CONNECTIONS
2026-08-20 08:55:41 +0000: Memory Usage (145124K) : Starting CAP_CMOMF CONNECTIONS
2026-08-20 08:55:41 +0000: Memory Usage (145124K) : Starting ESD CONNECTIONS
2026-08-20 08:55:41 +0000: Memory Usage (145124K) : Starting Inductor CONNECTIONS
2026-08-20 08:55:41 +0000: Memory Usage (145124K) : Starting LVS Taps CONNECTIONS
2026-08-20 08:55:41 +0000: Memory Usage (145124K) : Starting SG13G2 LVS DEVICES EXTRACTION
2026-08-20 08:55:41 +0000: Memory Usage (145124K) : Starting MOSFET EXTRACTION
2026-08-20 08:55:41 +0000: Memory Usage (145124K) : Starting NMOS EXTRACTION
2026-08-20 08:55:41 +0000: Memory Usage (145124K) : Extraction of NMOS-LV transistor
2026-08-20 08:55:41 +0000: Memory Usage (145252K) : Extraction of NMOS-HV transistor
2026-08-20 08:55:41 +0000: Memory Usage (145252K) : Starting PMOS EXTRACTION
2026-08-20 08:55:41 +0000: Memory Usage (145252K) : Extraction of PMOS-LV transistor
2026-08-20 08:55:41 +0000: Memory Usage (145252K) : Extraction of PMOS-HV transistor
2026-08-20 08:55:41 +0000: Memory Usage (145252K) : Starting RF-MOSFET EXTRACTION
2026-08-20 08:55:41 +0000: Memory Usage (145252K) : Extraction of RF-NMOS-LV transistor
2026-08-20 08:55:41 +0000: Memory Usage (145252K) : Extraction of RF-NMOS-HV transistor
2026-08-20 08:55:41 +0000: Memory Usage (145252K) : Extraction of RF-PMOS-LV transistor
2026-08-20 08:55:41 +0000: Memory Usage (145252K) : Extraction of RF-PMOS-HV transistor
2026-08-20 08:55:41 +0000: Memory Usage (145252K) : Starting BJT EXTRACTION
2026-08-20 08:55:41 +0000: Memory Usage (145252K) : Starting NPN-BJT EXTRACTION
2026-08-20 08:55:41 +0000: Memory Usage (145252K) : Extraction of npn13G2 BJT transistor
2026-08-20 08:55:41 +0000: Memory Usage (145252K) : Extraction of npn13G2L BJT transistor
2026-08-20 08:55:41 +0000: Memory Usage (145252K) : Extraction of npn13G2V BJT transistor
2026-08-20 08:55:41 +0000: Memory Usage (145252K) : Starting PNP-BJT EXTRACTION
2026-08-20 08:55:41 +0000: Memory Usage (145252K) : Extracting pnpMPA BJT
2026-08-20 08:55:41 +0000: Memory Usage (145252K) : Starting DIODE EXTRACTION
2026-08-20 08:55:41 +0000: Memory Usage (145252K) : Extracting dantenna diode
2026-08-20 08:55:41 +0000: Memory Usage (145252K) : Extracting dpantenna diode
2026-08-20 08:55:41 +0000: Memory Usage (145252K) : Extracting schottky_nbl1 diode
2026-08-20 08:55:41 +0000: Memory Usage (145252K) : Extracting isolbox diode
2026-08-20 08:55:41 +0000: Memory Usage (145252K) : Starting RESISTOR EXTRACTION
2026-08-20 08:55:41 +0000: Memory Usage (145252K) : Extracting rsil resistor
2026-08-20 08:55:41 +0000: Memory Usage (145252K) : Extracting rppd resistor
2026-08-20 08:55:41 +0000: Memory Usage (145252K) : Extracting rhigh resistor
2026-08-20 08:55:41 +0000: Memory Usage (145252K) : Extracting res_metal1 resistor
2026-08-20 08:55:41 +0000: Memory Usage (145380K) : Extracting res_metal2 resistor
2026-08-20 08:55:41 +0000: Memory Usage (145380K) : Extracting res_metal3 resistor
2026-08-20 08:55:41 +0000: Memory Usage (145380K) : Extracting res_metal4 resistor
2026-08-20 08:55:41 +0000: Memory Usage (145380K) : Extracting res_metal5 resistor
2026-08-20 08:55:41 +0000: Memory Usage (145380K) : Extracting res_topmetal1 resistor
2026-08-20 08:55:41 +0000: Memory Usage (145380K) : Extracting res_topmetal2 resistor
2026-08-20 08:55:41 +0000: Memory Usage (145380K) : Starting CAP EXTRACTION
2026-08-20 08:55:41 +0000: Memory Usage (145380K) : Extracting cap_cmim device
2026-08-20 08:55:41 +0000: Memory Usage (145380K) : Extracting rfcmim device
2026-08-20 08:55:41 +0000: Memory Usage (145380K) : Extracting sg13_hv_svaricap varactor
2026-08-20 08:55:41 +0000: Memory Usage (145380K) : Extracting cap_cmomi device
2026-08-20 08:55:41 +0000: Memory Usage (145380K) : Extracting cap_cmomf device
2026-08-20 08:55:41 +0000: Memory Usage (145380K) : Extracting sg13_moscap_n capacitor
2026-08-20 08:55:41 +0000: Memory Usage (145380K) : Extracting sg13_moscap_p capacitor
2026-08-20 08:55:41 +0000: Memory Usage (145380K) : Starting ESD EXTRACTION
2026-08-20 08:55:41 +0000: Memory Usage (145380K) : Extracting diodevdd_2kv ESD device
2026-08-20 08:55:41 +0000: Memory Usage (145380K) : Extracting diodevdd_4kv ESD device
2026-08-20 08:55:41 +0000: Memory Usage (145380K) : Extracting diodevss_2kv ESD device
2026-08-20 08:55:41 +0000: Memory Usage (145380K) : Extracting diodevss_4kv ESD device
2026-08-20 08:55:41 +0000: Memory Usage (145380K) : Extracting idiodevdd_2kv ESD device
2026-08-20 08:55:41 +0000: Memory Usage (145380K) : Extracting idiodevdd_4kv ESD device
2026-08-20 08:55:41 +0000: Memory Usage (145380K) : Extracting idiodevss_2kv ESD device
2026-08-20 08:55:41 +0000: Memory Usage (145380K) : Extracting idiodevss_4kv ESD device
2026-08-20 08:55:41 +0000: Memory Usage (145380K) : Extracting nmoscl_2 ESD device
2026-08-20 08:55:41 +0000: Memory Usage (145380K) : Extracting nmoscl_4 ESD device
2026-08-20 08:55:41 +0000: Memory Usage (145380K) : Starting Inductor EXTRACTION
2026-08-20 08:55:41 +0000: Memory Usage (145380K) : Extracting Inductor2 device
2026-08-20 08:55:41 +0000: Memory Usage (145380K) : Extracting Inductor3 device
2026-08-20 08:55:41 +0000: Memory Usage (145380K) : Starting Taps EXTRACTION
2026-08-20 08:55:41 +0000: Memory Usage (145380K) : DISABLE_TAP_EXTRACTION is enabled: skipping ntap1/ptap1 device extraction.
2026-08-20 08:55:41 +0000: Memory Usage (145380K) : Starting SG13G2 LVS RF MOS Model Mapping
2026-08-20 08:55:42 +0000: Memory Usage (145380K) : [layout_netlist] Apply RF MOS model mapping and rfmode parameter.
2026-08-20 08:55:42 +0000: Memory Usage (145380K) : Starting SG13G2 LVS Options Preparations
2026-08-20 08:55:42 +0000: Memory Usage (145380K) : SG13G2 LVS flow: extraction -> alignment -> option preparation -> comparison.
2026-08-20 08:55:42 +0000: Memory Usage (145380K) : Starting SG13G2 LVS Alignment
2026-08-20 08:55:42 +0000: Memory Usage (145508K) : Starting SG13G2 LVS Simplification
2026-08-20 08:55:42 +0000: Memory Usage (145508K) : [layout_netlist] simplify: ENABLED
2026-08-20 08:55:42 +0000: Memory Usage (145508K) : [layout_netlist] make_top_level_pins: SKIPPED
2026-08-20 08:55:42 +0000: Memory Usage (145508K) : [layout_netlist] combine_devices: SKIPPED
2026-08-20 08:55:42 +0000: Memory Usage (145508K) : [layout_netlist] purge: SKIPPED
2026-08-20 08:55:42 +0000: Memory Usage (145508K) : [layout_netlist] purge_nets: SKIPPED
2026-08-20 08:55:42 +0000: Memory Usage (145508K) : [schematic_netlist] simplify: ENABLED
2026-08-20 08:55:42 +0000: Memory Usage (145508K) : [schematic_netlist] make_top_level_pins: SKIPPED
2026-08-20 08:55:42 +0000: Memory Usage (145508K) : [schematic_netlist] combine_devices: SKIPPED
2026-08-20 08:55:42 +0000: Memory Usage (145508K) : [schematic_netlist] purge: SKIPPED
2026-08-20 08:55:42 +0000: Memory Usage (145508K) : [schematic_netlist] purge_nets: SKIPPED
2026-08-20 08:55:42 +0000: Memory Usage (145508K) : Starting SG13G2 LVS Comparison
2026-08-20 08:55:42 +0000: Memory Usage (145636K) : xxxxxxxxxxxxxxxxxxxxxxxxxxxxxxxxxxxxxxxxxx
2026-08-20 08:55:42 +0000: Memory Usage (145636K) : ERROR : Netlists don't match
2026-08-20 08:55:42 +0000: Memory Usage (145636K) : xxxxxxxxxxxxxxxxxxxxxxxxxxxxxxxxxxxxxxxxxx
2026-08-20 08:55:42 +0000: Memory Usage (145636K) : LVS Total Run time 1.759146 seconds
2026-08-20 09:00:23 +0000: Memory Usage (128576K) : Starting running SG13G2 Klayout LVS runset on /workspace/layout/blocks/out/term_stage/_bisect/full.gds
2026-08-20 09:00:23 +0000: Memory Usage (128576K) : Ruby Version for klayout: 3.2.3
2026-08-20 09:00:23 +0000: Memory Usage (129788K) : Loading database to memory is complete.
2026-08-20 09:00:23 +0000: Memory Usage (129788K) : SG13G2 Klayout LVS runset output at: /workspace/layout/blocks/out/term_stage/_bisect/full/full.lvsdb
2026-08-20 09:00:23 +0000: Memory Usage (129788K) : Evaluate switches.
2026-08-20 09:00:23 +0000: Memory Usage (129788K) : Extracted netlist with net names: true
2026-08-20 09:00:23 +0000: Memory Usage (129788K) : Extracted netlist with comments in details: false
2026-08-20 09:00:23 +0000: Memory Usage (129788K) : Selected NET_ONLY option: false
2026-08-20 09:00:23 +0000: Memory Usage (129788K) : Selected LAYOUT_NETLIST option: (none)
2026-08-20 09:00:23 +0000: Memory Usage (129788K) : Selected IGNORE_TOP_PORTS_MISMATCH option: true
2026-08-20 09:00:23 +0000: Memory Usage (129788K) : Selected IMPLICIT_NETS option: sub,sub!
2026-08-20 09:00:23 +0000: Memory Usage (129788K) : Selected TOP_LVL_PINS option: false
2026-08-20 09:00:23 +0000: Memory Usage (129788K) : Selected COMBINE DEVICES option: false
2026-08-20 09:00:23 +0000: Memory Usage (129788K) : Selected PURGE option: false
2026-08-20 09:00:23 +0000: Memory Usage (129788K) : Selected PURGE_NETS option: false
2026-08-20 09:00:23 +0000: Memory Usage (129788K) : Selected SIMPLIFY option: true
2026-08-20 09:00:23 +0000: Memory Usage (129788K) : Selected SERIES_RES option: true
2026-08-20 09:00:23 +0000: Memory Usage (129788K) : Selected PARALLEL_RES option: true
2026-08-20 09:00:23 +0000: Memory Usage (129788K) : Selected DISABLE_TAP_EXTRACTION option: true
2026-08-20 09:00:23 +0000: Memory Usage (129788K) : deep  mode is enabled.
2026-08-20 09:00:23 +0000: Memory Usage (129788K) : Applying implicit connections (case-sensitive, pattern supported) for nets: sub, sub!
2026-08-20 09:00:23 +0000: Memory Usage (130872K) : Netlist file: /workspace/layout/blocks/out/term_stage/_bisect/full.cdl
2026-08-20 09:00:23 +0000: Memory Usage (130872K) : LVS extracted netlist at: /workspace/layout/blocks/out/term_stage/_bisect/full/full_extracted.cir
2026-08-20 09:00:23 +0000: Memory Usage (130872K) : Applying SRAM integration support.
2026-08-20 09:00:23 +0000: Memory Usage (130872K) : Starting SG13G2 LVS runset
2026-08-20 09:00:23 +0000: Memory Usage (130872K) : Read in polygons from layers.
2026-08-20 09:00:23 +0000: Memory Usage (132096K) : activ_drw has 130 polygons
2026-08-20 09:00:23 +0000: Memory Usage (132096K) : activ_filler has 0 polygons
2026-08-20 09:00:23 +0000: Memory Usage (132224K) : activ has 130 polygons
2026-08-20 09:00:23 +0000: Memory Usage (132224K) : activ_pin has 0 polygons
2026-08-20 09:00:23 +0000: Memory Usage (132224K) : activ_mask has 0 polygons
2026-08-20 09:00:23 +0000: Memory Usage (132224K) : activ_nofill has 0 polygons
2026-08-20 09:00:23 +0000: Memory Usage (132224K) : activ_OPC has 0 polygons
2026-08-20 09:00:23 +0000: Memory Usage (132316K) : activ_iOPC has 0 polygons
2026-08-20 09:00:23 +0000: Memory Usage (132828K) : activ_noqrc has 0 polygons
2026-08-20 09:00:23 +0000: Memory Usage (132828K) : biwind_drw has 0 polygons
2026-08-20 09:00:23 +0000: Memory Usage (132828K) : biwind_OPC has 0 polygons
2026-08-20 09:00:23 +0000: Memory Usage (132828K) : gatpoly_drw has 25 polygons
2026-08-20 09:00:23 +0000: Memory Usage (132828K) : gatpoly_filler has 0 polygons
2026-08-20 09:00:23 +0000: Memory Usage (132828K) : gatpoly has 25 polygons
2026-08-20 09:00:23 +0000: Memory Usage (132828K) : gatpoly_pin has 0 polygons
2026-08-20 09:00:23 +0000: Memory Usage (132828K) : gatpoly_nofill has 0 polygons
2026-08-20 09:00:23 +0000: Memory Usage (132828K) : gatpoly_OPC has 0 polygons
2026-08-20 09:00:23 +0000: Memory Usage (132828K) : gatpoly_iOPC has 0 polygons
2026-08-20 09:00:23 +0000: Memory Usage (132828K) : gatpoly_noqrc has 0 polygons
2026-08-20 09:00:23 +0000: Memory Usage (132828K) : cont_drw has 6147 polygons
2026-08-20 09:00:23 +0000: Memory Usage (132828K) : cont_OPC has 0 polygons
2026-08-20 09:00:23 +0000: Memory Usage (132828K) : nsd_drw has 0 polygons
2026-08-20 09:00:23 +0000: Memory Usage (132828K) : nsd_block has 0 polygons
2026-08-20 09:00:23 +0000: Memory Usage (132828K) : metal1_drw has 268 polygons
2026-08-20 09:00:23 +0000: Memory Usage (132828K) : metal1_filler has 0 polygons
2026-08-20 09:00:23 +0000: Memory Usage (132828K) : metal1_slit has 0 polygons
2026-08-20 09:00:23 +0000: Memory Usage (132956K) : metal1 has 268 polygons
2026-08-20 09:00:23 +0000: Memory Usage (133084K) : metal1_pin has 112 polygons
2026-08-20 09:00:23 +0000: Memory Usage (133084K) : metal1_mask has 0 polygons
2026-08-20 09:00:23 +0000: Memory Usage (133212K) : metal1_nofill has 0 polygons
2026-08-20 09:00:23 +0000: Memory Usage (133340K) : metal1_text has 4 polygons
2026-08-20 09:00:23 +0000: Memory Usage (133340K) : metal1_OPC has 0 polygons
2026-08-20 09:00:23 +0000: Memory Usage (133468K) : metal1_noqrc has 0 polygons
2026-08-20 09:00:23 +0000: Memory Usage (133468K) : metal1_res has 0 polygons
2026-08-20 09:00:23 +0000: Memory Usage (133596K) : metal1_iprobe has 0 polygons
2026-08-20 09:00:23 +0000: Memory Usage (133596K) : metal1_diffprb has 0 polygons
2026-08-20 09:00:23 +0000: Memory Usage (133596K) : passiv_drw has 2 polygons
2026-08-20 09:00:23 +0000: Memory Usage (133724K) : passiv_pin has 0 polygons
2026-08-20 09:00:23 +0000: Memory Usage (133724K) : passiv_sbump has 0 polygons
2026-08-20 09:00:23 +0000: Memory Usage (133724K) : passiv_pillar has 0 polygons
2026-08-20 09:00:23 +0000: Memory Usage (133852K) : passiv_pdl has 0 polygons
2026-08-20 09:00:23 +0000: Memory Usage (133852K) : metal2_drw has 65 polygons
2026-08-20 09:00:23 +0000: Memory Usage (133852K) : metal2_filler has 0 polygons
2026-08-20 09:00:23 +0000: Memory Usage (133852K) : metal2_slit has 0 polygons
2026-08-20 09:00:23 +0000: Memory Usage (133980K) : metal2 has 65 polygons
2026-08-20 09:00:23 +0000: Memory Usage (133980K) : metal2_pin has 8 polygons
2026-08-20 09:00:23 +0000: Memory Usage (133980K) : metal2_mask has 0 polygons
2026-08-20 09:00:23 +0000: Memory Usage (133980K) : metal2_nofill has 0 polygons
2026-08-20 09:00:23 +0000: Memory Usage (134108K) : metal2_text has 0 polygons
2026-08-20 09:00:23 +0000: Memory Usage (134108K) : metal2_OPC has 0 polygons
2026-08-20 09:00:23 +0000: Memory Usage (134108K) : metal2_noqrc has 0 polygons
2026-08-20 09:00:23 +0000: Memory Usage (134108K) : metal2_res has 0 polygons
2026-08-20 09:00:23 +0000: Memory Usage (134236K) : metal2_iprobe has 0 polygons
2026-08-20 09:00:23 +0000: Memory Usage (134236K) : metal2_diffprb has 0 polygons
2026-08-20 09:00:23 +0000: Memory Usage (134236K) : baspoly_drw has 0 polygons
2026-08-20 09:00:23 +0000: Memory Usage (134236K) : baspoly_pin has 0 polygons
2026-08-20 09:00:23 +0000: Memory Usage (134364K) : psd_drw has 119 polygons
2026-08-20 09:00:23 +0000: Memory Usage (134364K) : nldb_drw has 0 polygons
2026-08-20 09:00:23 +0000: Memory Usage (134364K) : digibnd_drw has 0 polygons
2026-08-20 09:00:23 +0000: Memory Usage (134492K) : via1_drw has 1907 polygons
2026-08-20 09:00:23 +0000: Memory Usage (134492K) : backmetal1_drw has 0 polygons
2026-08-20 09:00:23 +0000: Memory Usage (134492K) : backmetal1_pin has 0 polygons
2026-08-20 09:00:23 +0000: Memory Usage (134492K) : backmetal1_mask has 0 polygons
2026-08-20 09:00:23 +0000: Memory Usage (134620K) : backmetal1_filler has 0 polygons
2026-08-20 09:00:23 +0000: Memory Usage (134620K) : backmetal1_nofill has 0 polygons
2026-08-20 09:00:23 +0000: Memory Usage (134620K) : backmetal1_slit has 0 polygons
2026-08-20 09:00:23 +0000: Memory Usage (134620K) : backmetal1_text has 0 polygons
2026-08-20 09:00:23 +0000: Memory Usage (134748K) : backmetal1_OPC has 0 polygons
2026-08-20 09:00:23 +0000: Memory Usage (134748K) : backmetal1_noqrc has 0 polygons
2026-08-20 09:00:23 +0000: Memory Usage (134748K) : backmetal1_res has 0 polygons
2026-08-20 09:00:23 +0000: Memory Usage (134748K) : backmetal1_iprobe has 0 polygons
2026-08-20 09:00:23 +0000: Memory Usage (134876K) : backmetal1_diffprb has 0 polygons
2026-08-20 09:00:23 +0000: Memory Usage (134876K) : backpassiv_drw has 0 polygons
2026-08-20 09:00:23 +0000: Memory Usage (134876K) : res_drw has 2 polygons
2026-08-20 09:00:23 +0000: Memory Usage (134876K) : sram_drw has 0 polygons
2026-08-20 09:00:23 +0000: Memory Usage (135004K) : trans_drw has 0 polygons
2026-08-20 09:00:23 +0000: Memory Usage (135004K) : ind_drw has 0 polygons
2026-08-20 09:00:23 +0000: Memory Usage (135004K) : ind_pin has 0 polygons
2026-08-20 09:00:23 +0000: Memory Usage (135132K) : ind_text has 0 polygons
2026-08-20 09:00:23 +0000: Memory Usage (135132K) : salblock_drw has 14 polygons
2026-08-20 09:00:23 +0000: Memory Usage (135132K) : via2_drw has 842 polygons
2026-08-20 09:00:23 +0000: Memory Usage (135260K) : metal3_drw has 57 polygons
2026-08-20 09:00:23 +0000: Memory Usage (135260K) : metal3_filler has 0 polygons
2026-08-20 09:00:23 +0000: Memory Usage (135260K) : metal3_slit has 0 polygons
2026-08-20 09:00:23 +0000: Memory Usage (135260K) : metal3 has 57 polygons
2026-08-20 09:00:23 +0000: Memory Usage (135260K) : metal3_pin has 2 polygons
2026-08-20 09:00:23 +0000: Memory Usage (135260K) : metal3_mask has 0 polygons
2026-08-20 09:00:23 +0000: Memory Usage (135260K) : metal3_nofill has 0 polygons
2026-08-20 09:00:23 +0000: Memory Usage (135260K) : metal3_text has 0 polygons
2026-08-20 09:00:23 +0000: Memory Usage (135260K) : metal3_OPC has 0 polygons
2026-08-20 09:00:23 +0000: Memory Usage (135260K) : metal3_noqrc has 0 polygons
2026-08-20 09:00:23 +0000: Memory Usage (135260K) : metal3_res has 0 polygons
2026-08-20 09:00:23 +0000: Memory Usage (135260K) : metal3_iprobe has 0 polygons
2026-08-20 09:00:23 +0000: Memory Usage (135260K) : metal3_diffprb has 0 polygons
2026-08-20 09:00:23 +0000: Memory Usage (135260K) : nwell_drw has 14 polygons
2026-08-20 09:00:23 +0000: Memory Usage (135260K) : nwell_pin has 0 polygons
2026-08-20 09:00:23 +0000: Memory Usage (135260K) : nwell_text has 0 polygons
2026-08-20 09:00:23 +0000: Memory Usage (135388K) : nbulay_drw has 1 polygons
2026-08-20 09:00:23 +0000: Memory Usage (135388K) : nbulay_pin has 0 polygons
2026-08-20 09:00:23 +0000: Memory Usage (135388K) : nbulay_block has 0 polygons
2026-08-20 09:00:23 +0000: Memory Usage (135388K) : emwind_drw has 0 polygons
2026-08-20 09:00:23 +0000: Memory Usage (135388K) : emwind_OPC has 0 polygons
2026-08-20 09:00:23 +0000: Memory Usage (135516K) : deepco_drw has 0 polygons
2026-08-20 09:00:23 +0000: Memory Usage (135516K) : mim_drw has 1 polygons
2026-08-20 09:00:23 +0000: Memory Usage (135516K) : edgeseal_drw has 0 polygons
2026-08-20 09:00:23 +0000: Memory Usage (135516K) : substrate_drw has 100 polygons
2026-08-20 09:00:23 +0000: Memory Usage (135516K) : substrate_text has 0 polygons
2026-08-20 09:00:23 +0000: Memory Usage (135516K) : dfpad_drw has 2 polygons
2026-08-20 09:00:23 +0000: Memory Usage (135644K) : dfpad_pillar has 0 polygons
2026-08-20 09:00:23 +0000: Memory Usage (135644K) : dfpad_sbump has 0 polygons
2026-08-20 09:00:23 +0000: Memory Usage (135644K) : thickgateox_drw has 1 polygons
2026-08-20 09:00:23 +0000: Memory Usage (135644K) : pldb_drw has 0 polygons
2026-08-20 09:00:23 +0000: Memory Usage (135644K) : pwell_drw has 0 polygons
2026-08-20 09:00:23 +0000: Memory Usage (135772K) : pwell_pin has 0 polygons
2026-08-20 09:00:23 +0000: Memory Usage (135772K) : pwell_block has 0 polygons
2026-08-20 09:00:23 +0000: Memory Usage (135772K) : ic_drw has 0 polygons
2026-08-20 09:00:23 +0000: Memory Usage (135772K) : via3_drw has 1046 polygons
2026-08-20 09:00:23 +0000: Memory Usage (135772K) : metal4_drw has 27 polygons
2026-08-20 09:00:23 +0000: Memory Usage (135772K) : metal4_filler has 0 polygons
2026-08-20 09:00:23 +0000: Memory Usage (135900K) : metal4_slit has 0 polygons
2026-08-20 09:00:23 +0000: Memory Usage (135900K) : metal4 has 27 polygons
2026-08-20 09:00:23 +0000: Memory Usage (135900K) : metal4_pin has 0 polygons
2026-08-20 09:00:23 +0000: Memory Usage (135900K) : metal4_mask has 0 polygons
2026-08-20 09:00:23 +0000: Memory Usage (135900K) : metal4_nofill has 0 polygons
2026-08-20 09:00:23 +0000: Memory Usage (135900K) : metal4_text has 4 polygons
2026-08-20 09:00:23 +0000: Memory Usage (136028K) : metal4_OPC has 0 polygons
2026-08-20 09:00:23 +0000: Memory Usage (136028K) : metal4_noqrc has 0 polygons
2026-08-20 09:00:23 +0000: Memory Usage (136028K) : metal4_res has 0 polygons
2026-08-20 09:00:23 +0000: Memory Usage (136028K) : metal4_iprobe has 0 polygons
2026-08-20 09:00:23 +0000: Memory Usage (136028K) : metal4_diffprb has 0 polygons
2026-08-20 09:00:23 +0000: Memory Usage (136028K) : heattrans_drw has 0 polygons
2026-08-20 09:00:23 +0000: Memory Usage (136028K) : heatres_drw has 4 polygons
2026-08-20 09:00:23 +0000: Memory Usage (136156K) : fbe_drw has 0 polygons
2026-08-20 09:00:23 +0000: Memory Usage (136156K) : empoly_drw has 0 polygons
2026-08-20 09:00:23 +0000: Memory Usage (136156K) : digisub_drw has 0 polygons
2026-08-20 09:00:23 +0000: Memory Usage (136156K) : text_drw has 126 polygons
2026-08-20 09:00:23 +0000: Memory Usage (136156K) : via4_drw has 1038 polygons
2026-08-20 09:00:24 +0000: Memory Usage (136156K) : metal5_drw has 42 polygons
2026-08-20 09:00:24 +0000: Memory Usage (136284K) : metal5_filler has 0 polygons
2026-08-20 09:00:24 +0000: Memory Usage (136284K) : metal5_slit has 0 polygons
2026-08-20 09:00:24 +0000: Memory Usage (136284K) : metal5 has 42 polygons
2026-08-20 09:00:24 +0000: Memory Usage (136284K) : metal5_pin has 0 polygons
2026-08-20 09:00:24 +0000: Memory Usage (136284K) : metal5_mask has 0 polygons
2026-08-20 09:00:24 +0000: Memory Usage (136284K) : metal5_nofill has 0 polygons
2026-08-20 09:00:24 +0000: Memory Usage (136412K) : metal5_text has 0 polygons
2026-08-20 09:00:24 +0000: Memory Usage (136412K) : metal5_OPC has 0 polygons
2026-08-20 09:00:24 +0000: Memory Usage (136412K) : metal5_noqrc has 0 polygons
2026-08-20 09:00:24 +0000: Memory Usage (136412K) : metal5_res has 0 polygons
2026-08-20 09:00:24 +0000: Memory Usage (136412K) : metal5_iprobe has 0 polygons
2026-08-20 09:00:24 +0000: Memory Usage (136412K) : metal5_diffprb has 0 polygons
2026-08-20 09:00:24 +0000: Memory Usage (136540K) : radhard_drw has 0 polygons
2026-08-20 09:00:24 +0000: Memory Usage (136540K) : memcap_drw has 0 polygons
2026-08-20 09:00:24 +0000: Memory Usage (136540K) : varicap_drw has 0 polygons
2026-08-20 09:00:24 +0000: Memory Usage (136540K) : intbondvia_drw has 0 polygons
2026-08-20 09:00:24 +0000: Memory Usage (136668K) : intbondmet_drw has 0 polygons
2026-08-20 09:00:24 +0000: Memory Usage (136668K) : devbondvia_drw has 0 polygons
2026-08-20 09:00:24 +0000: Memory Usage (136668K) : devbondmet_drw has 0 polygons
2026-08-20 09:00:24 +0000: Memory Usage (136668K) : devtrench_drw has 0 polygons
2026-08-20 09:00:24 +0000: Memory Usage (136796K) : redist_drw has 0 polygons
2026-08-20 09:00:24 +0000: Memory Usage (136796K) : graphbot_drw has 0 polygons
2026-08-20 09:00:24 +0000: Memory Usage (136796K) : graphtop_drw has 0 polygons
2026-08-20 09:00:24 +0000: Memory Usage (136796K) : antvia1_drw has 0 polygons
2026-08-20 09:00:24 +0000: Memory Usage (136796K) : antmetal2_drw has 0 polygons
2026-08-20 09:00:24 +0000: Memory Usage (136796K) : graphcont_drw has 0 polygons
2026-08-20 09:00:24 +0000: Memory Usage (136924K) : siwg_drw has 0 polygons
2026-08-20 09:00:24 +0000: Memory Usage (136924K) : siwg_filler has 0 polygons
2026-08-20 09:00:24 +0000: Memory Usage (136924K) : siwg_nofill has 0 polygons
2026-08-20 09:00:24 +0000: Memory Usage (136924K) : sigrating_drw has 0 polygons
2026-08-20 09:00:24 +0000: Memory Usage (136924K) : singrating_drw has 0 polygons
2026-08-20 09:00:24 +0000: Memory Usage (137052K) : graphpas_drw has 0 polygons
2026-08-20 09:00:24 +0000: Memory Usage (137052K) : emwind3_drw has 0 polygons
2026-08-20 09:00:24 +0000: Memory Usage (137052K) : emwihv3_drw has 0 polygons
2026-08-20 09:00:24 +0000: Memory Usage (137052K) : redbulay_drw has 0 polygons
2026-08-20 09:00:24 +0000: Memory Usage (137052K) : smos_drw has 0 polygons
2026-08-20 09:00:24 +0000: Memory Usage (137052K) : graphpad_drw has 0 polygons
2026-08-20 09:00:24 +0000: Memory Usage (137180K) : polimide_drw has 0 polygons
2026-08-20 09:00:24 +0000: Memory Usage (137180K) : polimide_pin has 0 polygons
2026-08-20 09:00:24 +0000: Memory Usage (137180K) : recog_drw has 1 polygons
2026-08-20 09:00:24 +0000: Memory Usage (137180K) : recog_pin has 0 polygons
2026-08-20 09:00:24 +0000: Memory Usage (137308K) : recog_esd has 5 polygons
2026-08-20 09:00:24 +0000: Memory Usage (137308K) : recog_diode has 0 polygons
2026-08-20 09:00:24 +0000: Memory Usage (137308K) : recog_tsv has 0 polygons
2026-08-20 09:00:24 +0000: Memory Usage (137308K) : recog_iprobe has 0 polygons
2026-08-20 09:00:24 +0000: Memory Usage (137436K) : recog_diffprb has 0 polygons
2026-08-20 09:00:24 +0000: Memory Usage (137436K) : recog_pillar has 0 polygons
2026-08-20 09:00:24 +0000: Memory Usage (137436K) : recog_sbump has 0 polygons
2026-08-20 09:00:24 +0000: Memory Usage (137436K) : recog_otp has 0 polygons
2026-08-20 09:00:24 +0000: Memory Usage (137564K) : recog_pdiode has 0 polygons
2026-08-20 09:00:24 +0000: Memory Usage (137564K) : recog_mom has 0 polygons
2026-08-20 09:00:24 +0000: Memory Usage (137564K) : recog_momf has 0 polygons
2026-08-20 09:00:24 +0000: Memory Usage (137564K) : recog_pcm has 0 polygons
2026-08-20 09:00:24 +0000: Memory Usage (137692K) : colopen_drw has 0 polygons
2026-08-20 09:00:24 +0000: Memory Usage (137692K) : graphmetal1_drw has 0 polygons
2026-08-20 09:00:24 +0000: Memory Usage (137692K) : graphmetal1_filler has 0 polygons
2026-08-20 09:00:24 +0000: Memory Usage (137692K) : graphmetal1_nofill has 0 polygons
2026-08-20 09:00:24 +0000: Memory Usage (137820K) : graphmetal1_slit has 0 polygons
2026-08-20 09:00:24 +0000: Memory Usage (137820K) : graphmetal1_OPC has 0 polygons
2026-08-20 09:00:24 +0000: Memory Usage (137820K) : graphmet1l_drw has 0 polygons
2026-08-20 09:00:24 +0000: Memory Usage (137820K) : graphmet1l_filler has 0 polygons
2026-08-20 09:00:24 +0000: Memory Usage (137948K) : graphmet1l_nofill has 0 polygons
2026-08-20 09:00:24 +0000: Memory Usage (137948K) : graphmet1l_slit has 0 polygons
2026-08-20 09:00:24 +0000: Memory Usage (137948K) : graphmet1l_OPC has 0 polygons
2026-08-20 09:00:24 +0000: Memory Usage (137948K) : extblock_drw has 12 polygons
2026-08-20 09:00:24 +0000: Memory Usage (138076K) : nldd_drw has 0 polygons
2026-08-20 09:00:24 +0000: Memory Usage (138076K) : pldd_drw has 0 polygons
2026-08-20 09:00:24 +0000: Memory Usage (138076K) : next_drw has 0 polygons
2026-08-20 09:00:24 +0000: Memory Usage (138076K) : pext_drw has 0 polygons
2026-08-20 09:00:24 +0000: Memory Usage (138076K) : nexthv_drw has 0 polygons
2026-08-20 09:00:24 +0000: Memory Usage (138076K) : pexthv_drw has 0 polygons
2026-08-20 09:00:24 +0000: Memory Usage (138204K) : graphgate_drw has 0 polygons
2026-08-20 09:00:24 +0000: Memory Usage (138204K) : sinwg_drw has 0 polygons
2026-08-20 09:00:24 +0000: Memory Usage (138204K) : sinwg_filler has 0 polygons
2026-08-20 09:00:24 +0000: Memory Usage (138204K) : sinwg_nofill has 0 polygons
2026-08-20 09:00:24 +0000: Memory Usage (138204K) : mempad_drw has 0 polygons
2026-08-20 09:00:24 +0000: Memory Usage (138332K) : topvia1_drw has 484 polygons
2026-08-20 09:00:24 +0000: Memory Usage (138332K) : topmetal1_drw has 33 polygons
2026-08-20 09:00:24 +0000: Memory Usage (138332K) : topmetal1_filler has 0 polygons
2026-08-20 09:00:24 +0000: Memory Usage (138332K) : topmetal1_slit has 0 polygons
2026-08-20 09:00:24 +0000: Memory Usage (138332K) : topmetal1 has 33 polygons
2026-08-20 09:00:24 +0000: Memory Usage (138460K) : topmetal1_pin has 0 polygons
2026-08-20 09:00:24 +0000: Memory Usage (138460K) : topmetal1_mask has 0 polygons
2026-08-20 09:00:24 +0000: Memory Usage (138460K) : topmetal1_nofill has 0 polygons
2026-08-20 09:00:24 +0000: Memory Usage (138460K) : topmetal1_text has 0 polygons
2026-08-20 09:00:24 +0000: Memory Usage (138460K) : topmetal1_noqrc has 0 polygons
2026-08-20 09:00:24 +0000: Memory Usage (138588K) : topmetal1_res has 0 polygons
2026-08-20 09:00:24 +0000: Memory Usage (138588K) : topmetal1_iprobe has 0 polygons
2026-08-20 09:00:24 +0000: Memory Usage (138588K) : topmetal1_diffprb has 0 polygons
2026-08-20 09:00:24 +0000: Memory Usage (138588K) : inldpwl_drw has 0 polygons
2026-08-20 09:00:24 +0000: Memory Usage (138716K) : polyres_drw has 4 polygons
2026-08-20 09:00:24 +0000: Memory Usage (138716K) : polyres_pin has 0 polygons
2026-08-20 09:00:24 +0000: Memory Usage (138716K) : vmim_drw has 225 polygons
2026-08-20 09:00:24 +0000: Memory Usage (138716K) : nbulaycut_drw has 0 polygons
2026-08-20 09:00:24 +0000: Memory Usage (138716K) : antmetal1_drw has 0 polygons
2026-08-20 09:00:24 +0000: Memory Usage (138844K) : topvia2_drw has 209 polygons
2026-08-20 09:00:24 +0000: Memory Usage (138844K) : topmetal2_drw has 23 polygons
2026-08-20 09:00:24 +0000: Memory Usage (138972K) : topmetal2_filler has 0 polygons
2026-08-20 09:00:24 +0000: Memory Usage (138972K) : topmetal2_slit has 0 polygons
2026-08-20 09:00:24 +0000: Memory Usage (138972K) : topmetal2 has 23 polygons
2026-08-20 09:00:24 +0000: Memory Usage (139100K) : topmetal2_pin has 0 polygons
2026-08-20 09:00:24 +0000: Memory Usage (139100K) : topmetal2_mask has 0 polygons
2026-08-20 09:00:24 +0000: Memory Usage (139100K) : topmetal2_nofill has 0 polygons
2026-08-20 09:00:24 +0000: Memory Usage (139100K) : topmetal2_text has 4 polygons
2026-08-20 09:00:24 +0000: Memory Usage (139228K) : topmetal2_noqrc has 0 polygons
2026-08-20 09:00:24 +0000: Memory Usage (139228K) : topmetal2_res has 0 polygons
2026-08-20 09:00:24 +0000: Memory Usage (139228K) : topmetal2_iprobe has 0 polygons
2026-08-20 09:00:24 +0000: Memory Usage (139228K) : topmetal2_diffprb has 0 polygons
2026-08-20 09:00:24 +0000: Memory Usage (139356K) : snsring_drw has 0 polygons
2026-08-20 09:00:24 +0000: Memory Usage (139356K) : sensor_drw has 0 polygons
2026-08-20 09:00:24 +0000: Memory Usage (139356K) : snsarms_drw has 0 polygons
2026-08-20 09:00:24 +0000: Memory Usage (139356K) : snscmosvia_drw has 0 polygons
2026-08-20 09:00:24 +0000: Memory Usage (139484K) : colwind_drw has 0 polygons
2026-08-20 09:00:24 +0000: Memory Usage (139612K) : flm_drw has 0 polygons
2026-08-20 09:00:24 +0000: Memory Usage (139612K) : hafniumox_drw has 0 polygons
2026-08-20 09:00:24 +0000: Memory Usage (139612K) : memvia_drw has 0 polygons
2026-08-20 09:00:24 +0000: Memory Usage (139612K) : thinfilmres_drw has 0 polygons
2026-08-20 09:00:24 +0000: Memory Usage (139740K) : rfmem_drw has 0 polygons
2026-08-20 09:00:24 +0000: Memory Usage (139740K) : norcx_drw has 0 polygons
2026-08-20 09:00:24 +0000: Memory Usage (139740K) : norcx_m2m3 has 0 polygons
2026-08-20 09:00:24 +0000: Memory Usage (139740K) : norcx_m2m4 has 0 polygons
2026-08-20 09:00:24 +0000: Memory Usage (139740K) : norcx_m2m5 has 0 polygons
2026-08-20 09:00:24 +0000: Memory Usage (139740K) : norcx_m2tm1 has 0 polygons
2026-08-20 09:00:24 +0000: Memory Usage (139740K) : norcx_m2tm2 has 0 polygons
2026-08-20 09:00:24 +0000: Memory Usage (139740K) : norcx_m3m4 has 0 polygons
2026-08-20 09:00:24 +0000: Memory Usage (139740K) : norcx_m3m5 has 0 polygons
2026-08-20 09:00:24 +0000: Memory Usage (139740K) : norcx_m3tm1 has 0 polygons
2026-08-20 09:00:24 +0000: Memory Usage (139740K) : norcx_m3tm2 has 0 polygons
2026-08-20 09:00:24 +0000: Memory Usage (139740K) : norcx_m4m5 has 0 polygons
2026-08-20 09:00:24 +0000: Memory Usage (139740K) : norcx_m4tm1 has 0 polygons
2026-08-20 09:00:24 +0000: Memory Usage (139740K) : norcx_m4tm2 has 0 polygons
2026-08-20 09:00:24 +0000: Memory Usage (139740K) : norcx_m5tm1 has 0 polygons
2026-08-20 09:00:24 +0000: Memory Usage (139740K) : norcx_m5tm2 has 0 polygons
2026-08-20 09:00:24 +0000: Memory Usage (139740K) : norcx_tm1tm2 has 0 polygons
2026-08-20 09:00:24 +0000: Memory Usage (139740K) : norcx_m1sub has 0 polygons
2026-08-20 09:00:24 +0000: Memory Usage (139740K) : norcx_m2sub has 0 polygons
2026-08-20 09:00:24 +0000: Memory Usage (139740K) : norcx_m3sub has 0 polygons
2026-08-20 09:00:24 +0000: Memory Usage (139740K) : norcx_m4sub has 0 polygons
2026-08-20 09:00:24 +0000: Memory Usage (139740K) : norcx_m5sub has 0 polygons
2026-08-20 09:00:24 +0000: Memory Usage (139740K) : norcx_tm1sub has 0 polygons
2026-08-20 09:00:24 +0000: Memory Usage (139740K) : norcx_tm2sub has 0 polygons
2026-08-20 09:00:24 +0000: Memory Usage (139740K) : snsbotvia_drw has 0 polygons
2026-08-20 09:00:24 +0000: Memory Usage (139740K) : snstopvia_drw has 0 polygons
2026-08-20 09:00:24 +0000: Memory Usage (139740K) : deepvia_drw has 0 polygons
2026-08-20 09:00:24 +0000: Memory Usage (139740K) : fgetch_drw has 0 polygons
2026-08-20 09:00:24 +0000: Memory Usage (139740K) : ctrgat_drw has 0 polygons
2026-08-20 09:00:24 +0000: Memory Usage (139740K) : fgimp_drw has 0 polygons
2026-08-20 09:00:24 +0000: Memory Usage (139740K) : emwihv_drw has 0 polygons
2026-08-20 09:00:24 +0000: Memory Usage (139740K) : lbe_drw has 0 polygons
2026-08-20 09:00:24 +0000: Memory Usage (139740K) : alcustop_drw has 0 polygons
2026-08-20 09:00:24 +0000: Memory Usage (139740K) : nometfiller_drw has 0 polygons
2026-08-20 09:00:24 +0000: Memory Usage (139740K) : prboundary_drw has 0 polygons
2026-08-20 09:00:24 +0000: Memory Usage (139740K) : exchange0_drw has 0 polygons
2026-08-20 09:00:24 +0000: Memory Usage (139740K) : exchange0_pin has 0 polygons
2026-08-20 09:00:24 +0000: Memory Usage (139740K) : exchange0_text has 0 polygons
2026-08-20 09:00:24 +0000: Memory Usage (139740K) : exchange1_drw has 0 polygons
2026-08-20 09:00:24 +0000: Memory Usage (139740K) : exchange1_pin has 0 polygons
2026-08-20 09:00:24 +0000: Memory Usage (139740K) : exchange1_text has 0 polygons
2026-08-20 09:00:24 +0000: Memory Usage (139740K) : exchange2_drw has 0 polygons
2026-08-20 09:00:24 +0000: Memory Usage (139740K) : exchange2_pin has 0 polygons
2026-08-20 09:00:24 +0000: Memory Usage (139740K) : exchange2_text has 0 polygons
2026-08-20 09:00:24 +0000: Memory Usage (139740K) : exchange3_drw has 0 polygons
2026-08-20 09:00:24 +0000: Memory Usage (139740K) : exchange3_pin has 0 polygons
2026-08-20 09:00:24 +0000: Memory Usage (139740K) : exchange3_text has 0 polygons
2026-08-20 09:00:24 +0000: Memory Usage (139740K) : exchange4_drw has 0 polygons
2026-08-20 09:00:24 +0000: Memory Usage (139740K) : exchange4_pin has 0 polygons
2026-08-20 09:00:24 +0000: Memory Usage (139740K) : exchange4_text has 0 polygons
2026-08-20 09:00:24 +0000: Memory Usage (139740K) : isonwell_drw has 0 polygons
2026-08-20 09:00:24 +0000: Memory Usage (139740K) : Total no. of polygons in the design is 13110
2026-08-20 09:00:24 +0000: Memory Usage (139740K) : Starting base layers derivations
2026-08-20 09:00:24 +0000: Memory Usage (139740K) : Starting general LVS derivations
2026-08-20 09:00:24 +0000: Memory Usage (143520K) : Starting MOSFET DERIVATIONS
2026-08-20 09:00:24 +0000: Memory Usage (144288K) : Starting NMOS DERIVATIONS
2026-08-20 09:00:24 +0000: Memory Usage (144288K) : Starting PMOS DERIVATIONS
2026-08-20 09:00:24 +0000: Memory Usage (144288K) : Starting RF-MOSFET DERIVATIONS
2026-08-20 09:00:24 +0000: Memory Usage (144288K) : Starting RF-NMOS DERIVATIONS
2026-08-20 09:00:24 +0000: Memory Usage (144288K) : Starting RF-PMOS DERIVATIONS
2026-08-20 09:00:24 +0000: Memory Usage (144288K) : Starting BJT DERIVATIONS
2026-08-20 09:00:24 +0000: Memory Usage (144288K) : Starting NPN-BJT DERIVATIONS
2026-08-20 09:00:24 +0000: Memory Usage (144288K) : Starting PNP-BJT DERIVATIONS
2026-08-20 09:00:24 +0000: Memory Usage (144288K) : Starting DIODE DERIVATIONS
2026-08-20 09:00:24 +0000: Memory Usage (144288K) : Starting RESISTOR DERIVATIONS
2026-08-20 09:00:24 +0000: Memory Usage (144544K) : Starting CAP DERIVATIONS
2026-08-20 09:00:24 +0000: Memory Usage (144544K) : Starting CAP_CMOM DERIVATIONS
2026-08-20 09:00:24 +0000: Memory Usage (144544K) : Starting CAP_CMOMF DERIVATIONS
2026-08-20 09:00:24 +0000: Memory Usage (144544K) : Starting ESD DERIVATIONS
2026-08-20 09:00:25 +0000: Memory Usage (144928K) : Starting Inductor DERIVATIONS
2026-08-20 09:00:25 +0000: Memory Usage (144928K) : Starting Taps DERIVATIONS
2026-08-20 09:00:25 +0000: Memory Usage (145568K) : Starting SG13G2 LVS connectivity setup
2026-08-20 09:00:25 +0000: Memory Usage (145568K) : Starting SG13G2 LVS connectivity setup (Inter-layer)
2026-08-20 09:00:25 +0000: Memory Usage (145696K) : Starting SG13G2 LVS connectivity setup (Global)
2026-08-20 09:00:25 +0000: Memory Usage (145696K) : Starting LVS MOSFET CONNECTIONS
2026-08-20 09:00:25 +0000: Memory Usage (145696K) : Starting LVS RF-MOSFET CONNECTIONS
2026-08-20 09:00:25 +0000: Memory Usage (145696K) : Starting LVS BJT CONNECTIONS
2026-08-20 09:00:25 +0000: Memory Usage (145696K) : Starting LVS DIODE CONNECTIONS
2026-08-20 09:00:25 +0000: Memory Usage (145696K) : Starting RESISTOR CONNECTIONS
2026-08-20 09:00:25 +0000: Memory Usage (145696K) : Starting LVS CAP CONNECTIONS
2026-08-20 09:00:25 +0000: Memory Usage (145696K) : Starting CAP_CMOM CONNECTIONS
2026-08-20 09:00:25 +0000: Memory Usage (145696K) : Starting CAP_CMOMF CONNECTIONS
2026-08-20 09:00:25 +0000: Memory Usage (145696K) : Starting ESD CONNECTIONS
2026-08-20 09:00:25 +0000: Memory Usage (145696K) : Starting Inductor CONNECTIONS
2026-08-20 09:00:25 +0000: Memory Usage (145696K) : Starting LVS Taps CONNECTIONS
2026-08-20 09:00:25 +0000: Memory Usage (145696K) : Starting SG13G2 LVS DEVICES EXTRACTION
2026-08-20 09:00:25 +0000: Memory Usage (145696K) : Starting MOSFET EXTRACTION
2026-08-20 09:00:25 +0000: Memory Usage (145696K) : Starting NMOS EXTRACTION
2026-08-20 09:00:25 +0000: Memory Usage (145696K) : Extraction of NMOS-LV transistor
2026-08-20 09:00:25 +0000: Memory Usage (145696K) : Extraction of NMOS-HV transistor
2026-08-20 09:00:25 +0000: Memory Usage (145696K) : Starting PMOS EXTRACTION
2026-08-20 09:00:25 +0000: Memory Usage (145696K) : Extraction of PMOS-LV transistor
2026-08-20 09:00:25 +0000: Memory Usage (145696K) : Extraction of PMOS-HV transistor
2026-08-20 09:00:25 +0000: Memory Usage (145696K) : Starting RF-MOSFET EXTRACTION
2026-08-20 09:00:25 +0000: Memory Usage (145696K) : Extraction of RF-NMOS-LV transistor
2026-08-20 09:00:25 +0000: Memory Usage (145696K) : Extraction of RF-NMOS-HV transistor
2026-08-20 09:00:25 +0000: Memory Usage (145696K) : Extraction of RF-PMOS-LV transistor
2026-08-20 09:00:25 +0000: Memory Usage (145696K) : Extraction of RF-PMOS-HV transistor
2026-08-20 09:00:25 +0000: Memory Usage (145696K) : Starting BJT EXTRACTION
2026-08-20 09:00:25 +0000: Memory Usage (145696K) : Starting NPN-BJT EXTRACTION
2026-08-20 09:00:25 +0000: Memory Usage (145696K) : Extraction of npn13G2 BJT transistor
2026-08-20 09:00:25 +0000: Memory Usage (145696K) : Extraction of npn13G2L BJT transistor
2026-08-20 09:00:25 +0000: Memory Usage (145696K) : Extraction of npn13G2V BJT transistor
2026-08-20 09:00:25 +0000: Memory Usage (145696K) : Starting PNP-BJT EXTRACTION
2026-08-20 09:00:25 +0000: Memory Usage (145696K) : Extracting pnpMPA BJT
2026-08-20 09:00:25 +0000: Memory Usage (145696K) : Starting DIODE EXTRACTION
2026-08-20 09:00:25 +0000: Memory Usage (145696K) : Extracting dantenna diode
2026-08-20 09:00:25 +0000: Memory Usage (145696K) : Extracting dpantenna diode
2026-08-20 09:00:25 +0000: Memory Usage (145696K) : Extracting schottky_nbl1 diode
2026-08-20 09:00:25 +0000: Memory Usage (145696K) : Extracting isolbox diode
2026-08-20 09:00:25 +0000: Memory Usage (145696K) : Starting RESISTOR EXTRACTION
2026-08-20 09:00:25 +0000: Memory Usage (145696K) : Extracting rsil resistor
2026-08-20 09:00:25 +0000: Memory Usage (145824K) : Extracting rppd resistor
2026-08-20 09:00:25 +0000: Memory Usage (145824K) : Extracting rhigh resistor
2026-08-20 09:00:25 +0000: Memory Usage (145824K) : Extracting res_metal1 resistor
2026-08-20 09:00:25 +0000: Memory Usage (145824K) : Extracting res_metal2 resistor
2026-08-20 09:00:25 +0000: Memory Usage (145824K) : Extracting res_metal3 resistor
2026-08-20 09:00:25 +0000: Memory Usage (145824K) : Extracting res_metal4 resistor
2026-08-20 09:00:25 +0000: Memory Usage (145824K) : Extracting res_metal5 resistor
2026-08-20 09:00:25 +0000: Memory Usage (145824K) : Extracting res_topmetal1 resistor
2026-08-20 09:00:25 +0000: Memory Usage (145824K) : Extracting res_topmetal2 resistor
2026-08-20 09:00:25 +0000: Memory Usage (145824K) : Starting CAP EXTRACTION
2026-08-20 09:00:25 +0000: Memory Usage (145824K) : Extracting cap_cmim device
2026-08-20 09:00:25 +0000: Memory Usage (145824K) : Extracting rfcmim device
2026-08-20 09:00:25 +0000: Memory Usage (145824K) : Extracting sg13_hv_svaricap varactor
2026-08-20 09:00:25 +0000: Memory Usage (145824K) : Extracting cap_cmomi device
2026-08-20 09:00:25 +0000: Memory Usage (145824K) : Extracting cap_cmomf device
2026-08-20 09:00:25 +0000: Memory Usage (145824K) : Extracting sg13_moscap_n capacitor
2026-08-20 09:00:25 +0000: Memory Usage (145824K) : Extracting sg13_moscap_p capacitor
2026-08-20 09:00:25 +0000: Memory Usage (145824K) : Starting ESD EXTRACTION
2026-08-20 09:00:25 +0000: Memory Usage (145824K) : Extracting diodevdd_2kv ESD device
2026-08-20 09:00:25 +0000: Memory Usage (145824K) : Extracting diodevdd_4kv ESD device
2026-08-20 09:00:25 +0000: Memory Usage (145824K) : Extracting diodevss_2kv ESD device
2026-08-20 09:00:25 +0000: Memory Usage (145824K) : Extracting diodevss_4kv ESD device
2026-08-20 09:00:25 +0000: Memory Usage (145824K) : Extracting idiodevdd_2kv ESD device
2026-08-20 09:00:25 +0000: Memory Usage (145824K) : Extracting idiodevdd_4kv ESD device
2026-08-20 09:00:25 +0000: Memory Usage (145824K) : Extracting idiodevss_2kv ESD device
2026-08-20 09:00:25 +0000: Memory Usage (145824K) : Extracting idiodevss_4kv ESD device
2026-08-20 09:00:25 +0000: Memory Usage (145824K) : Extracting nmoscl_2 ESD device
2026-08-20 09:00:25 +0000: Memory Usage (145824K) : Extracting nmoscl_4 ESD device
2026-08-20 09:00:25 +0000: Memory Usage (145824K) : Starting Inductor EXTRACTION
2026-08-20 09:00:25 +0000: Memory Usage (145824K) : Extracting Inductor2 device
2026-08-20 09:00:25 +0000: Memory Usage (145824K) : Extracting Inductor3 device
2026-08-20 09:00:25 +0000: Memory Usage (145824K) : Starting Taps EXTRACTION
2026-08-20 09:00:25 +0000: Memory Usage (145824K) : DISABLE_TAP_EXTRACTION is enabled: skipping ntap1/ptap1 device extraction.
2026-08-20 09:00:25 +0000: Memory Usage (145824K) : Starting SG13G2 LVS RF MOS Model Mapping
2026-08-20 09:00:25 +0000: Memory Usage (145952K) : [layout_netlist] Apply RF MOS model mapping and rfmode parameter.
2026-08-20 09:00:25 +0000: Memory Usage (145952K) : Starting SG13G2 LVS Options Preparations
2026-08-20 09:00:25 +0000: Memory Usage (145952K) : SG13G2 LVS flow: extraction -> alignment -> option preparation -> comparison.
2026-08-20 09:00:25 +0000: Memory Usage (145952K) : Starting SG13G2 LVS Alignment
2026-08-20 09:00:25 +0000: Memory Usage (146080K) : Starting SG13G2 LVS Simplification
2026-08-20 09:00:25 +0000: Memory Usage (146080K) : [layout_netlist] simplify: ENABLED
2026-08-20 09:00:25 +0000: Memory Usage (146080K) : [layout_netlist] make_top_level_pins: SKIPPED
2026-08-20 09:00:25 +0000: Memory Usage (146080K) : [layout_netlist] combine_devices: SKIPPED
2026-08-20 09:00:25 +0000: Memory Usage (146080K) : [layout_netlist] purge: SKIPPED
2026-08-20 09:00:25 +0000: Memory Usage (146080K) : [layout_netlist] purge_nets: SKIPPED
2026-08-20 09:00:25 +0000: Memory Usage (146080K) : [schematic_netlist] simplify: ENABLED
2026-08-20 09:00:25 +0000: Memory Usage (146080K) : [schematic_netlist] make_top_level_pins: SKIPPED
2026-08-20 09:00:25 +0000: Memory Usage (146080K) : [schematic_netlist] combine_devices: SKIPPED
2026-08-20 09:00:25 +0000: Memory Usage (146080K) : [schematic_netlist] purge: SKIPPED
2026-08-20 09:00:25 +0000: Memory Usage (146080K) : [schematic_netlist] purge_nets: SKIPPED
2026-08-20 09:00:25 +0000: Memory Usage (146080K) : Starting SG13G2 LVS Comparison
2026-08-20 09:00:25 +0000: Memory Usage (146208K) : xxxxxxxxxxxxxxxxxxxxxxxxxxxxxxxxxxxxxxxxxx
2026-08-20 09:00:25 +0000: Memory Usage (146208K) : ERROR : Netlists don't match
2026-08-20 09:00:25 +0000: Memory Usage (146208K) : xxxxxxxxxxxxxxxxxxxxxxxxxxxxxxxxxxxxxxxxxx
2026-08-20 09:00:25 +0000: Memory Usage (146208K) : LVS Total Run time 1.661005 seconds
2026-08-20 09:23:34 +0000: Memory Usage (128916K) : Starting running SG13G2 Klayout LVS runset on /workspace/layout/blocks/out/term_stage/_bisect/full.gds
2026-08-20 09:23:34 +0000: Memory Usage (128916K) : Ruby Version for klayout: 3.2.3
2026-08-20 09:23:34 +0000: Memory Usage (130012K) : Loading database to memory is complete.
2026-08-20 09:23:34 +0000: Memory Usage (130012K) : SG13G2 Klayout LVS runset output at: /workspace/layout/blocks/out/term_stage/_bisect/full/full.lvsdb
2026-08-20 09:23:34 +0000: Memory Usage (130012K) : Evaluate switches.
2026-08-20 09:23:34 +0000: Memory Usage (130012K) : Extracted netlist with net names: true
2026-08-20 09:23:34 +0000: Memory Usage (130012K) : Extracted netlist with comments in details: false
2026-08-20 09:23:34 +0000: Memory Usage (130012K) : Selected NET_ONLY option: false
2026-08-20 09:23:34 +0000: Memory Usage (130012K) : Selected LAYOUT_NETLIST option: (none)
2026-08-20 09:23:34 +0000: Memory Usage (130012K) : Selected IGNORE_TOP_PORTS_MISMATCH option: true
2026-08-20 09:23:34 +0000: Memory Usage (130012K) : Selected IMPLICIT_NETS option: sub,sub!
2026-08-20 09:23:34 +0000: Memory Usage (130012K) : Selected TOP_LVL_PINS option: false
2026-08-20 09:23:34 +0000: Memory Usage (130012K) : Selected COMBINE DEVICES option: false
2026-08-20 09:23:34 +0000: Memory Usage (130012K) : Selected PURGE option: false
2026-08-20 09:23:34 +0000: Memory Usage (130012K) : Selected PURGE_NETS option: false
2026-08-20 09:23:34 +0000: Memory Usage (130012K) : Selected SIMPLIFY option: true
2026-08-20 09:23:34 +0000: Memory Usage (130012K) : Selected SERIES_RES option: true
2026-08-20 09:23:34 +0000: Memory Usage (130012K) : Selected PARALLEL_RES option: true
2026-08-20 09:23:34 +0000: Memory Usage (130012K) : Selected DISABLE_TAP_EXTRACTION option: true
2026-08-20 09:23:34 +0000: Memory Usage (130012K) : deep  mode is enabled.
2026-08-20 09:23:34 +0000: Memory Usage (130012K) : Applying implicit connections (case-sensitive, pattern supported) for nets: sub, sub!
2026-08-20 09:23:34 +0000: Memory Usage (131264K) : Netlist file: /workspace/layout/blocks/out/term_stage/_bisect/full.cdl
2026-08-20 09:23:34 +0000: Memory Usage (131264K) : LVS extracted netlist at: /workspace/layout/blocks/out/term_stage/_bisect/full/full_extracted.cir
2026-08-20 09:23:34 +0000: Memory Usage (131264K) : Applying SRAM integration support.
2026-08-20 09:23:34 +0000: Memory Usage (131264K) : Starting SG13G2 LVS runset
2026-08-20 09:23:34 +0000: Memory Usage (131264K) : Read in polygons from layers.
2026-08-20 09:23:34 +0000: Memory Usage (132476K) : activ_drw has 130 polygons
2026-08-20 09:23:34 +0000: Memory Usage (132476K) : activ_filler has 0 polygons
2026-08-20 09:23:34 +0000: Memory Usage (132604K) : activ has 130 polygons
2026-08-20 09:23:34 +0000: Memory Usage (132604K) : activ_pin has 0 polygons
2026-08-20 09:23:34 +0000: Memory Usage (132604K) : activ_mask has 0 polygons
2026-08-20 09:23:34 +0000: Memory Usage (132604K) : activ_nofill has 0 polygons
2026-08-20 09:23:34 +0000: Memory Usage (132604K) : activ_OPC has 0 polygons
2026-08-20 09:23:34 +0000: Memory Usage (132696K) : activ_iOPC has 0 polygons
2026-08-20 09:23:34 +0000: Memory Usage (133208K) : activ_noqrc has 0 polygons
2026-08-20 09:23:34 +0000: Memory Usage (133208K) : biwind_drw has 0 polygons
2026-08-20 09:23:34 +0000: Memory Usage (133208K) : biwind_OPC has 0 polygons
2026-08-20 09:23:34 +0000: Memory Usage (133208K) : gatpoly_drw has 25 polygons
2026-08-20 09:23:34 +0000: Memory Usage (133208K) : gatpoly_filler has 0 polygons
2026-08-20 09:23:34 +0000: Memory Usage (133208K) : gatpoly has 25 polygons
2026-08-20 09:23:34 +0000: Memory Usage (133208K) : gatpoly_pin has 0 polygons
2026-08-20 09:23:34 +0000: Memory Usage (133208K) : gatpoly_nofill has 0 polygons
2026-08-20 09:23:34 +0000: Memory Usage (133208K) : gatpoly_OPC has 0 polygons
2026-08-20 09:23:34 +0000: Memory Usage (133208K) : gatpoly_iOPC has 0 polygons
2026-08-20 09:23:34 +0000: Memory Usage (133208K) : gatpoly_noqrc has 0 polygons
2026-08-20 09:23:34 +0000: Memory Usage (133336K) : cont_drw has 6147 polygons
2026-08-20 09:23:34 +0000: Memory Usage (133336K) : cont_OPC has 0 polygons
2026-08-20 09:23:34 +0000: Memory Usage (133336K) : nsd_drw has 0 polygons
2026-08-20 09:23:34 +0000: Memory Usage (133336K) : nsd_block has 0 polygons
2026-08-20 09:23:34 +0000: Memory Usage (133336K) : metal1_drw has 268 polygons
2026-08-20 09:23:34 +0000: Memory Usage (133336K) : metal1_filler has 0 polygons
2026-08-20 09:23:34 +0000: Memory Usage (133336K) : metal1_slit has 0 polygons
2026-08-20 09:23:34 +0000: Memory Usage (133336K) : metal1 has 268 polygons
2026-08-20 09:23:34 +0000: Memory Usage (133464K) : metal1_pin has 112 polygons
2026-08-20 09:23:34 +0000: Memory Usage (133464K) : metal1_mask has 0 polygons
2026-08-20 09:23:34 +0000: Memory Usage (133592K) : metal1_nofill has 0 polygons
2026-08-20 09:23:34 +0000: Memory Usage (133848K) : metal1_text has 4 polygons
2026-08-20 09:23:34 +0000: Memory Usage (133848K) : metal1_OPC has 0 polygons
2026-08-20 09:23:34 +0000: Memory Usage (133976K) : metal1_noqrc has 0 polygons
2026-08-20 09:23:34 +0000: Memory Usage (133976K) : metal1_res has 0 polygons
2026-08-20 09:23:34 +0000: Memory Usage (133976K) : metal1_iprobe has 0 polygons
2026-08-20 09:23:34 +0000: Memory Usage (134104K) : metal1_diffprb has 0 polygons
2026-08-20 09:23:34 +0000: Memory Usage (134104K) : passiv_drw has 2 polygons
2026-08-20 09:23:34 +0000: Memory Usage (134104K) : passiv_pin has 0 polygons
2026-08-20 09:23:34 +0000: Memory Usage (134232K) : passiv_sbump has 0 polygons
2026-08-20 09:23:34 +0000: Memory Usage (134232K) : passiv_pillar has 0 polygons
2026-08-20 09:23:34 +0000: Memory Usage (134232K) : passiv_pdl has 0 polygons
2026-08-20 09:23:34 +0000: Memory Usage (134360K) : metal2_drw has 63 polygons
2026-08-20 09:23:34 +0000: Memory Usage (134360K) : metal2_filler has 0 polygons
2026-08-20 09:23:34 +0000: Memory Usage (134360K) : metal2_slit has 0 polygons
2026-08-20 09:23:34 +0000: Memory Usage (134488K) : metal2 has 63 polygons
2026-08-20 09:23:34 +0000: Memory Usage (134488K) : metal2_pin has 8 polygons
2026-08-20 09:23:34 +0000: Memory Usage (134488K) : metal2_mask has 0 polygons
2026-08-20 09:23:34 +0000: Memory Usage (134488K) : metal2_nofill has 0 polygons
2026-08-20 09:23:34 +0000: Memory Usage (134616K) : metal2_text has 0 polygons
2026-08-20 09:23:34 +0000: Memory Usage (134616K) : metal2_OPC has 0 polygons
2026-08-20 09:23:34 +0000: Memory Usage (134616K) : metal2_noqrc has 0 polygons
2026-08-20 09:23:34 +0000: Memory Usage (134616K) : metal2_res has 0 polygons
2026-08-20 09:23:34 +0000: Memory Usage (134744K) : metal2_iprobe has 0 polygons
2026-08-20 09:23:34 +0000: Memory Usage (134744K) : metal2_diffprb has 0 polygons
2026-08-20 09:23:34 +0000: Memory Usage (134744K) : baspoly_drw has 0 polygons
2026-08-20 09:23:34 +0000: Memory Usage (134744K) : baspoly_pin has 0 polygons
2026-08-20 09:23:34 +0000: Memory Usage (134872K) : psd_drw has 119 polygons
2026-08-20 09:23:34 +0000: Memory Usage (134872K) : nldb_drw has 0 polygons
2026-08-20 09:23:34 +0000: Memory Usage (134872K) : digibnd_drw has 0 polygons
2026-08-20 09:23:34 +0000: Memory Usage (134872K) : via1_drw has 1907 polygons
2026-08-20 09:23:34 +0000: Memory Usage (135000K) : backmetal1_drw has 0 polygons
2026-08-20 09:23:34 +0000: Memory Usage (135000K) : backmetal1_pin has 0 polygons
2026-08-20 09:23:34 +0000: Memory Usage (135000K) : backmetal1_mask has 0 polygons
2026-08-20 09:23:34 +0000: Memory Usage (135128K) : backmetal1_filler has 0 polygons
2026-08-20 09:23:34 +0000: Memory Usage (135128K) : backmetal1_nofill has 0 polygons
2026-08-20 09:23:34 +0000: Memory Usage (135128K) : backmetal1_slit has 0 polygons
2026-08-20 09:23:34 +0000: Memory Usage (135128K) : backmetal1_text has 0 polygons
2026-08-20 09:23:34 +0000: Memory Usage (135256K) : backmetal1_OPC has 0 polygons
2026-08-20 09:23:34 +0000: Memory Usage (135256K) : backmetal1_noqrc has 0 polygons
2026-08-20 09:23:34 +0000: Memory Usage (135256K) : backmetal1_res has 0 polygons
2026-08-20 09:23:34 +0000: Memory Usage (135256K) : backmetal1_iprobe has 0 polygons
2026-08-20 09:23:34 +0000: Memory Usage (135384K) : backmetal1_diffprb has 0 polygons
2026-08-20 09:23:34 +0000: Memory Usage (135384K) : backpassiv_drw has 0 polygons
2026-08-20 09:23:34 +0000: Memory Usage (135384K) : res_drw has 2 polygons
2026-08-20 09:23:34 +0000: Memory Usage (135384K) : sram_drw has 0 polygons
2026-08-20 09:23:34 +0000: Memory Usage (135512K) : trans_drw has 0 polygons
2026-08-20 09:23:34 +0000: Memory Usage (135512K) : ind_drw has 0 polygons
2026-08-20 09:23:34 +0000: Memory Usage (135512K) : ind_pin has 0 polygons
2026-08-20 09:23:34 +0000: Memory Usage (135512K) : ind_text has 0 polygons
2026-08-20 09:23:34 +0000: Memory Usage (135640K) : salblock_drw has 14 polygons
2026-08-20 09:23:34 +0000: Memory Usage (135640K) : via2_drw has 834 polygons
2026-08-20 09:23:34 +0000: Memory Usage (135768K) : metal3_drw has 56 polygons
2026-08-20 09:23:34 +0000: Memory Usage (135768K) : metal3_filler has 0 polygons
2026-08-20 09:23:34 +0000: Memory Usage (135768K) : metal3_slit has 0 polygons
2026-08-20 09:23:34 +0000: Memory Usage (135768K) : metal3 has 56 polygons
2026-08-20 09:23:34 +0000: Memory Usage (135768K) : metal3_pin has 2 polygons
2026-08-20 09:23:34 +0000: Memory Usage (135768K) : metal3_mask has 0 polygons
2026-08-20 09:23:34 +0000: Memory Usage (135768K) : metal3_nofill has 0 polygons
2026-08-20 09:23:34 +0000: Memory Usage (135768K) : metal3_text has 0 polygons
2026-08-20 09:23:34 +0000: Memory Usage (135768K) : metal3_OPC has 0 polygons
2026-08-20 09:23:34 +0000: Memory Usage (135768K) : metal3_noqrc has 0 polygons
2026-08-20 09:23:34 +0000: Memory Usage (135768K) : metal3_res has 0 polygons
2026-08-20 09:23:34 +0000: Memory Usage (135768K) : metal3_iprobe has 0 polygons
2026-08-20 09:23:34 +0000: Memory Usage (135768K) : metal3_diffprb has 0 polygons
2026-08-20 09:23:34 +0000: Memory Usage (135768K) : nwell_drw has 14 polygons
2026-08-20 09:23:34 +0000: Memory Usage (135768K) : nwell_pin has 0 polygons
2026-08-20 09:23:34 +0000: Memory Usage (135896K) : nwell_text has 0 polygons
2026-08-20 09:23:34 +0000: Memory Usage (135896K) : nbulay_drw has 1 polygons
2026-08-20 09:23:34 +0000: Memory Usage (135896K) : nbulay_pin has 0 polygons
2026-08-20 09:23:34 +0000: Memory Usage (135896K) : nbulay_block has 0 polygons
2026-08-20 09:23:34 +0000: Memory Usage (135896K) : emwind_drw has 0 polygons
2026-08-20 09:23:34 +0000: Memory Usage (135896K) : emwind_OPC has 0 polygons
2026-08-20 09:23:34 +0000: Memory Usage (136024K) : deepco_drw has 0 polygons
2026-08-20 09:23:34 +0000: Memory Usage (136024K) : mim_drw has 1 polygons
2026-08-20 09:23:34 +0000: Memory Usage (136024K) : edgeseal_drw has 0 polygons
2026-08-20 09:23:34 +0000: Memory Usage (136024K) : substrate_drw has 100 polygons
2026-08-20 09:23:34 +0000: Memory Usage (136024K) : substrate_text has 0 polygons
2026-08-20 09:23:34 +0000: Memory Usage (136024K) : dfpad_drw has 2 polygons
2026-08-20 09:23:34 +0000: Memory Usage (136152K) : dfpad_pillar has 0 polygons
2026-08-20 09:23:34 +0000: Memory Usage (136152K) : dfpad_sbump has 0 polygons
2026-08-20 09:23:34 +0000: Memory Usage (136152K) : thickgateox_drw has 1 polygons
2026-08-20 09:23:34 +0000: Memory Usage (136152K) : pldb_drw has 0 polygons
2026-08-20 09:23:34 +0000: Memory Usage (136152K) : pwell_drw has 0 polygons
2026-08-20 09:23:34 +0000: Memory Usage (136280K) : pwell_pin has 0 polygons
2026-08-20 09:23:34 +0000: Memory Usage (136280K) : pwell_block has 0 polygons
2026-08-20 09:23:34 +0000: Memory Usage (136280K) : ic_drw has 0 polygons
2026-08-20 09:23:34 +0000: Memory Usage (136280K) : via3_drw has 1038 polygons
2026-08-20 09:23:34 +0000: Memory Usage (136280K) : metal4_drw has 25 polygons
2026-08-20 09:23:34 +0000: Memory Usage (136280K) : metal4_filler has 0 polygons
2026-08-20 09:23:34 +0000: Memory Usage (136408K) : metal4_slit has 0 polygons
2026-08-20 09:23:34 +0000: Memory Usage (136408K) : metal4 has 25 polygons
2026-08-20 09:23:34 +0000: Memory Usage (136408K) : metal4_pin has 0 polygons
2026-08-20 09:23:34 +0000: Memory Usage (136408K) : metal4_mask has 0 polygons
2026-08-20 09:23:34 +0000: Memory Usage (136408K) : metal4_nofill has 0 polygons
2026-08-20 09:23:34 +0000: Memory Usage (136408K) : metal4_text has 4 polygons
2026-08-20 09:23:34 +0000: Memory Usage (136536K) : metal4_OPC has 0 polygons
2026-08-20 09:23:34 +0000: Memory Usage (136536K) : metal4_noqrc has 0 polygons
2026-08-20 09:23:34 +0000: Memory Usage (136536K) : metal4_res has 0 polygons
2026-08-20 09:23:34 +0000: Memory Usage (136536K) : metal4_iprobe has 0 polygons
2026-08-20 09:23:34 +0000: Memory Usage (136536K) : metal4_diffprb has 0 polygons
2026-08-20 09:23:34 +0000: Memory Usage (136536K) : heattrans_drw has 0 polygons
2026-08-20 09:23:34 +0000: Memory Usage (136536K) : heatres_drw has 4 polygons
2026-08-20 09:23:34 +0000: Memory Usage (136664K) : fbe_drw has 0 polygons
2026-08-20 09:23:34 +0000: Memory Usage (136664K) : empoly_drw has 0 polygons
2026-08-20 09:23:34 +0000: Memory Usage (136664K) : digisub_drw has 0 polygons
2026-08-20 09:23:34 +0000: Memory Usage (136664K) : text_drw has 126 polygons
2026-08-20 09:23:34 +0000: Memory Usage (136664K) : via4_drw has 1030 polygons
2026-08-20 09:23:34 +0000: Memory Usage (136664K) : metal5_drw has 40 polygons
2026-08-20 09:23:34 +0000: Memory Usage (136792K) : metal5_filler has 0 polygons
2026-08-20 09:23:34 +0000: Memory Usage (136792K) : metal5_slit has 0 polygons
2026-08-20 09:23:34 +0000: Memory Usage (136792K) : metal5 has 40 polygons
2026-08-20 09:23:34 +0000: Memory Usage (136792K) : metal5_pin has 0 polygons
2026-08-20 09:23:34 +0000: Memory Usage (136792K) : metal5_mask has 0 polygons
2026-08-20 09:23:34 +0000: Memory Usage (136792K) : metal5_nofill has 0 polygons
2026-08-20 09:23:34 +0000: Memory Usage (136920K) : metal5_text has 0 polygons
2026-08-20 09:23:34 +0000: Memory Usage (136920K) : metal5_OPC has 0 polygons
2026-08-20 09:23:34 +0000: Memory Usage (136920K) : metal5_noqrc has 0 polygons
2026-08-20 09:23:34 +0000: Memory Usage (136920K) : metal5_res has 0 polygons
2026-08-20 09:23:34 +0000: Memory Usage (136920K) : metal5_iprobe has 0 polygons
2026-08-20 09:23:34 +0000: Memory Usage (136920K) : metal5_diffprb has 0 polygons
2026-08-20 09:23:34 +0000: Memory Usage (137048K) : radhard_drw has 0 polygons
2026-08-20 09:23:34 +0000: Memory Usage (137048K) : memcap_drw has 0 polygons
2026-08-20 09:23:34 +0000: Memory Usage (137048K) : varicap_drw has 0 polygons
2026-08-20 09:23:34 +0000: Memory Usage (137048K) : intbondvia_drw has 0 polygons
2026-08-20 09:23:34 +0000: Memory Usage (137176K) : intbondmet_drw has 0 polygons
2026-08-20 09:23:34 +0000: Memory Usage (137176K) : devbondvia_drw has 0 polygons
2026-08-20 09:23:34 +0000: Memory Usage (137176K) : devbondmet_drw has 0 polygons
2026-08-20 09:23:34 +0000: Memory Usage (137176K) : devtrench_drw has 0 polygons
2026-08-20 09:23:34 +0000: Memory Usage (137176K) : redist_drw has 0 polygons
2026-08-20 09:23:34 +0000: Memory Usage (137304K) : graphbot_drw has 0 polygons
2026-08-20 09:23:34 +0000: Memory Usage (137304K) : graphtop_drw has 0 polygons
2026-08-20 09:23:34 +0000: Memory Usage (137304K) : antvia1_drw has 0 polygons
2026-08-20 09:23:34 +0000: Memory Usage (137304K) : antmetal2_drw has 0 polygons
2026-08-20 09:23:34 +0000: Memory Usage (137304K) : graphcont_drw has 0 polygons
2026-08-20 09:23:34 +0000: Memory Usage (137304K) : siwg_drw has 0 polygons
2026-08-20 09:23:34 +0000: Memory Usage (137432K) : siwg_filler has 0 polygons
2026-08-20 09:23:34 +0000: Memory Usage (137432K) : siwg_nofill has 0 polygons
2026-08-20 09:23:34 +0000: Memory Usage (137432K) : sigrating_drw has 0 polygons
2026-08-20 09:23:34 +0000: Memory Usage (137432K) : singrating_drw has 0 polygons
2026-08-20 09:23:34 +0000: Memory Usage (137432K) : graphpas_drw has 0 polygons
2026-08-20 09:23:34 +0000: Memory Usage (137560K) : emwind3_drw has 0 polygons
2026-08-20 09:23:34 +0000: Memory Usage (137560K) : emwihv3_drw has 0 polygons
2026-08-20 09:23:34 +0000: Memory Usage (137560K) : redbulay_drw has 0 polygons
2026-08-20 09:23:34 +0000: Memory Usage (137560K) : smos_drw has 0 polygons
2026-08-20 09:23:34 +0000: Memory Usage (137560K) : graphpad_drw has 0 polygons
2026-08-20 09:23:34 +0000: Memory Usage (137688K) : polimide_drw has 0 polygons
2026-08-20 09:23:34 +0000: Memory Usage (137688K) : polimide_pin has 0 polygons
2026-08-20 09:23:34 +0000: Memory Usage (137688K) : recog_drw has 1 polygons
2026-08-20 09:23:34 +0000: Memory Usage (137688K) : recog_pin has 0 polygons
2026-08-20 09:23:34 +0000: Memory Usage (137816K) : recog_esd has 5 polygons
2026-08-20 09:23:34 +0000: Memory Usage (137816K) : recog_diode has 0 polygons
2026-08-20 09:23:34 +0000: Memory Usage (137816K) : recog_tsv has 0 polygons
2026-08-20 09:23:34 +0000: Memory Usage (137816K) : recog_iprobe has 0 polygons
2026-08-20 09:23:34 +0000: Memory Usage (137816K) : recog_diffprb has 0 polygons
2026-08-20 09:23:34 +0000: Memory Usage (137944K) : recog_pillar has 0 polygons
2026-08-20 09:23:34 +0000: Memory Usage (137944K) : recog_sbump has 0 polygons
2026-08-20 09:23:34 +0000: Memory Usage (137944K) : recog_otp has 0 polygons
2026-08-20 09:23:34 +0000: Memory Usage (137944K) : recog_pdiode has 0 polygons
2026-08-20 09:23:34 +0000: Memory Usage (138072K) : recog_mom has 0 polygons
2026-08-20 09:23:34 +0000: Memory Usage (138072K) : recog_momf has 0 polygons
2026-08-20 09:23:34 +0000: Memory Usage (138072K) : recog_pcm has 0 polygons
2026-08-20 09:23:34 +0000: Memory Usage (138072K) : colopen_drw has 0 polygons
2026-08-20 09:23:34 +0000: Memory Usage (138200K) : graphmetal1_drw has 0 polygons
2026-08-20 09:23:34 +0000: Memory Usage (138200K) : graphmetal1_filler has 0 polygons
2026-08-20 09:23:34 +0000: Memory Usage (138200K) : graphmetal1_nofill has 0 polygons
2026-08-20 09:23:34 +0000: Memory Usage (138328K) : graphmetal1_slit has 0 polygons
2026-08-20 09:23:34 +0000: Memory Usage (138328K) : graphmetal1_OPC has 0 polygons
2026-08-20 09:23:34 +0000: Memory Usage (138328K) : graphmet1l_drw has 0 polygons
2026-08-20 09:23:34 +0000: Memory Usage (138328K) : graphmet1l_filler has 0 polygons
2026-08-20 09:23:34 +0000: Memory Usage (138456K) : graphmet1l_nofill has 0 polygons
2026-08-20 09:23:34 +0000: Memory Usage (138456K) : graphmet1l_slit has 0 polygons
2026-08-20 09:23:34 +0000: Memory Usage (138456K) : graphmet1l_OPC has 0 polygons
2026-08-20 09:23:34 +0000: Memory Usage (138456K) : extblock_drw has 12 polygons
2026-08-20 09:23:34 +0000: Memory Usage (138456K) : nldd_drw has 0 polygons
2026-08-20 09:23:34 +0000: Memory Usage (138584K) : pldd_drw has 0 polygons
2026-08-20 09:23:34 +0000: Memory Usage (138584K) : next_drw has 0 polygons
2026-08-20 09:23:34 +0000: Memory Usage (138584K) : pext_drw has 0 polygons
2026-08-20 09:23:34 +0000: Memory Usage (138584K) : nexthv_drw has 0 polygons
2026-08-20 09:23:34 +0000: Memory Usage (138584K) : pexthv_drw has 0 polygons
2026-08-20 09:23:34 +0000: Memory Usage (138712K) : graphgate_drw has 0 polygons
2026-08-20 09:23:34 +0000: Memory Usage (138712K) : sinwg_drw has 0 polygons
2026-08-20 09:23:34 +0000: Memory Usage (138712K) : sinwg_filler has 0 polygons
2026-08-20 09:23:34 +0000: Memory Usage (138712K) : sinwg_nofill has 0 polygons
2026-08-20 09:23:34 +0000: Memory Usage (138712K) : mempad_drw has 0 polygons
2026-08-20 09:23:34 +0000: Memory Usage (138840K) : topvia1_drw has 482 polygons
2026-08-20 09:23:34 +0000: Memory Usage (138840K) : topmetal1_drw has 31 polygons
2026-08-20 09:23:34 +0000: Memory Usage (138840K) : topmetal1_filler has 0 polygons
2026-08-20 09:23:34 +0000: Memory Usage (138840K) : topmetal1_slit has 0 polygons
2026-08-20 09:23:34 +0000: Memory Usage (138840K) : topmetal1 has 31 polygons
2026-08-20 09:23:34 +0000: Memory Usage (138840K) : topmetal1_pin has 0 polygons
2026-08-20 09:23:34 +0000: Memory Usage (138968K) : topmetal1_mask has 0 polygons
2026-08-20 09:23:34 +0000: Memory Usage (138968K) : topmetal1_nofill has 0 polygons
2026-08-20 09:23:34 +0000: Memory Usage (138968K) : topmetal1_text has 0 polygons
2026-08-20 09:23:34 +0000: Memory Usage (138968K) : topmetal1_noqrc has 0 polygons
2026-08-20 09:23:34 +0000: Memory Usage (139096K) : topmetal1_res has 0 polygons
2026-08-20 09:23:34 +0000: Memory Usage (139096K) : topmetal1_iprobe has 0 polygons
2026-08-20 09:23:34 +0000: Memory Usage (139096K) : topmetal1_diffprb has 0 polygons
2026-08-20 09:23:34 +0000: Memory Usage (139096K) : inldpwl_drw has 0 polygons
2026-08-20 09:23:34 +0000: Memory Usage (139096K) : polyres_drw has 4 polygons
2026-08-20 09:23:34 +0000: Memory Usage (139224K) : polyres_pin has 0 polygons
2026-08-20 09:23:34 +0000: Memory Usage (139224K) : vmim_drw has 225 polygons
2026-08-20 09:23:34 +0000: Memory Usage (139224K) : nbulaycut_drw has 0 polygons
2026-08-20 09:23:34 +0000: Memory Usage (139224K) : antmetal1_drw has 0 polygons
2026-08-20 09:23:34 +0000: Memory Usage (139352K) : topvia2_drw has 211 polygons
2026-08-20 09:23:34 +0000: Memory Usage (139352K) : topmetal2_drw has 27 polygons
2026-08-20 09:23:34 +0000: Memory Usage (139480K) : topmetal2_filler has 0 polygons
2026-08-20 09:23:34 +0000: Memory Usage (139480K) : topmetal2_slit has 0 polygons
2026-08-20 09:23:34 +0000: Memory Usage (139480K) : topmetal2 has 27 polygons
2026-08-20 09:23:34 +0000: Memory Usage (139608K) : topmetal2_pin has 0 polygons
2026-08-20 09:23:34 +0000: Memory Usage (139608K) : topmetal2_mask has 0 polygons
2026-08-20 09:23:34 +0000: Memory Usage (139608K) : topmetal2_nofill has 0 polygons
2026-08-20 09:23:34 +0000: Memory Usage (139608K) : topmetal2_text has 4 polygons
2026-08-20 09:23:34 +0000: Memory Usage (139608K) : topmetal2_noqrc has 0 polygons
2026-08-20 09:23:34 +0000: Memory Usage (139736K) : topmetal2_res has 0 polygons
2026-08-20 09:23:34 +0000: Memory Usage (139736K) : topmetal2_iprobe has 0 polygons
2026-08-20 09:23:34 +0000: Memory Usage (139736K) : topmetal2_diffprb has 0 polygons
2026-08-20 09:23:34 +0000: Memory Usage (139736K) : snsring_drw has 0 polygons
2026-08-20 09:23:34 +0000: Memory Usage (139864K) : sensor_drw has 0 polygons
2026-08-20 09:23:34 +0000: Memory Usage (139864K) : snsarms_drw has 0 polygons
2026-08-20 09:23:34 +0000: Memory Usage (139864K) : snscmosvia_drw has 0 polygons
2026-08-20 09:23:34 +0000: Memory Usage (139992K) : colwind_drw has 0 polygons
2026-08-20 09:23:34 +0000: Memory Usage (140120K) : flm_drw has 0 polygons
2026-08-20 09:23:34 +0000: Memory Usage (140120K) : hafniumox_drw has 0 polygons
2026-08-20 09:23:34 +0000: Memory Usage (140120K) : memvia_drw has 0 polygons
2026-08-20 09:23:34 +0000: Memory Usage (140120K) : thinfilmres_drw has 0 polygons
2026-08-20 09:23:34 +0000: Memory Usage (140248K) : rfmem_drw has 0 polygons
2026-08-20 09:23:34 +0000: Memory Usage (140248K) : norcx_drw has 0 polygons
2026-08-20 09:23:34 +0000: Memory Usage (140248K) : norcx_m2m3 has 0 polygons
2026-08-20 09:23:34 +0000: Memory Usage (140248K) : norcx_m2m4 has 0 polygons
2026-08-20 09:23:34 +0000: Memory Usage (140248K) : norcx_m2m5 has 0 polygons
2026-08-20 09:23:34 +0000: Memory Usage (140248K) : norcx_m2tm1 has 0 polygons
2026-08-20 09:23:34 +0000: Memory Usage (140248K) : norcx_m2tm2 has 0 polygons
2026-08-20 09:23:34 +0000: Memory Usage (140248K) : norcx_m3m4 has 0 polygons
2026-08-20 09:23:34 +0000: Memory Usage (140248K) : norcx_m3m5 has 0 polygons
2026-08-20 09:23:34 +0000: Memory Usage (140248K) : norcx_m3tm1 has 0 polygons
2026-08-20 09:23:34 +0000: Memory Usage (140248K) : norcx_m3tm2 has 0 polygons
2026-08-20 09:23:34 +0000: Memory Usage (140248K) : norcx_m4m5 has 0 polygons
2026-08-20 09:23:34 +0000: Memory Usage (140248K) : norcx_m4tm1 has 0 polygons
2026-08-20 09:23:34 +0000: Memory Usage (140248K) : norcx_m4tm2 has 0 polygons
2026-08-20 09:23:34 +0000: Memory Usage (140248K) : norcx_m5tm1 has 0 polygons
2026-08-20 09:23:34 +0000: Memory Usage (140248K) : norcx_m5tm2 has 0 polygons
2026-08-20 09:23:34 +0000: Memory Usage (140248K) : norcx_tm1tm2 has 0 polygons
2026-08-20 09:23:34 +0000: Memory Usage (140248K) : norcx_m1sub has 0 polygons
2026-08-20 09:23:34 +0000: Memory Usage (140248K) : norcx_m2sub has 0 polygons
2026-08-20 09:23:34 +0000: Memory Usage (140248K) : norcx_m3sub has 0 polygons
2026-08-20 09:23:34 +0000: Memory Usage (140248K) : norcx_m4sub has 0 polygons
2026-08-20 09:23:34 +0000: Memory Usage (140248K) : norcx_m5sub has 0 polygons
2026-08-20 09:23:34 +0000: Memory Usage (140248K) : norcx_tm1sub has 0 polygons
2026-08-20 09:23:34 +0000: Memory Usage (140248K) : norcx_tm2sub has 0 polygons
2026-08-20 09:23:34 +0000: Memory Usage (140248K) : snsbotvia_drw has 0 polygons
2026-08-20 09:23:34 +0000: Memory Usage (140248K) : snstopvia_drw has 0 polygons
2026-08-20 09:23:34 +0000: Memory Usage (140248K) : deepvia_drw has 0 polygons
2026-08-20 09:23:34 +0000: Memory Usage (140248K) : fgetch_drw has 0 polygons
2026-08-20 09:23:34 +0000: Memory Usage (140248K) : ctrgat_drw has 0 polygons
2026-08-20 09:23:34 +0000: Memory Usage (140248K) : fgimp_drw has 0 polygons
2026-08-20 09:23:34 +0000: Memory Usage (140248K) : emwihv_drw has 0 polygons
2026-08-20 09:23:34 +0000: Memory Usage (140248K) : lbe_drw has 0 polygons
2026-08-20 09:23:34 +0000: Memory Usage (140248K) : alcustop_drw has 0 polygons
2026-08-20 09:23:34 +0000: Memory Usage (140248K) : nometfiller_drw has 0 polygons
2026-08-20 09:23:34 +0000: Memory Usage (140248K) : prboundary_drw has 0 polygons
2026-08-20 09:23:34 +0000: Memory Usage (140248K) : exchange0_drw has 0 polygons
2026-08-20 09:23:34 +0000: Memory Usage (140248K) : exchange0_pin has 0 polygons
2026-08-20 09:23:34 +0000: Memory Usage (140248K) : exchange0_text has 0 polygons
2026-08-20 09:23:34 +0000: Memory Usage (140248K) : exchange1_drw has 0 polygons
2026-08-20 09:23:34 +0000: Memory Usage (140248K) : exchange1_pin has 0 polygons
2026-08-20 09:23:34 +0000: Memory Usage (140248K) : exchange1_text has 0 polygons
2026-08-20 09:23:34 +0000: Memory Usage (140248K) : exchange2_drw has 0 polygons
2026-08-20 09:23:34 +0000: Memory Usage (140248K) : exchange2_pin has 0 polygons
2026-08-20 09:23:34 +0000: Memory Usage (140248K) : exchange2_text has 0 polygons
2026-08-20 09:23:34 +0000: Memory Usage (140248K) : exchange3_drw has 0 polygons
2026-08-20 09:23:34 +0000: Memory Usage (140248K) : exchange3_pin has 0 polygons
2026-08-20 09:23:34 +0000: Memory Usage (140248K) : exchange3_text has 0 polygons
2026-08-20 09:23:34 +0000: Memory Usage (140248K) : exchange4_drw has 0 polygons
2026-08-20 09:23:34 +0000: Memory Usage (140248K) : exchange4_pin has 0 polygons
2026-08-20 09:23:34 +0000: Memory Usage (140248K) : exchange4_text has 0 polygons
2026-08-20 09:23:34 +0000: Memory Usage (140248K) : isonwell_drw has 0 polygons
2026-08-20 09:23:34 +0000: Memory Usage (140248K) : Total no. of polygons in the design is 13081
2026-08-20 09:23:34 +0000: Memory Usage (140248K) : Starting base layers derivations
2026-08-20 09:23:34 +0000: Memory Usage (140248K) : Starting general LVS derivations
2026-08-20 09:23:34 +0000: Memory Usage (144428K) : Starting MOSFET DERIVATIONS
2026-08-20 09:23:34 +0000: Memory Usage (145196K) : Starting NMOS DERIVATIONS
2026-08-20 09:23:34 +0000: Memory Usage (145196K) : Starting PMOS DERIVATIONS
2026-08-20 09:23:34 +0000: Memory Usage (145196K) : Starting RF-MOSFET DERIVATIONS
2026-08-20 09:23:34 +0000: Memory Usage (145196K) : Starting RF-NMOS DERIVATIONS
2026-08-20 09:23:34 +0000: Memory Usage (145196K) : Starting RF-PMOS DERIVATIONS
2026-08-20 09:23:34 +0000: Memory Usage (145196K) : Starting BJT DERIVATIONS
2026-08-20 09:23:34 +0000: Memory Usage (145196K) : Starting NPN-BJT DERIVATIONS
2026-08-20 09:23:34 +0000: Memory Usage (145196K) : Starting PNP-BJT DERIVATIONS
2026-08-20 09:23:34 +0000: Memory Usage (145196K) : Starting DIODE DERIVATIONS
2026-08-20 09:23:34 +0000: Memory Usage (145196K) : Starting RESISTOR DERIVATIONS
2026-08-20 09:23:35 +0000: Memory Usage (145452K) : Starting CAP DERIVATIONS
2026-08-20 09:23:35 +0000: Memory Usage (145452K) : Starting CAP_CMOM DERIVATIONS
2026-08-20 09:23:35 +0000: Memory Usage (145452K) : Starting CAP_CMOMF DERIVATIONS
2026-08-20 09:23:35 +0000: Memory Usage (145452K) : Starting ESD DERIVATIONS
2026-08-20 09:23:35 +0000: Memory Usage (145708K) : Starting Inductor DERIVATIONS
2026-08-20 09:23:35 +0000: Memory Usage (145708K) : Starting Taps DERIVATIONS
2026-08-20 09:23:35 +0000: Memory Usage (145708K) : Starting SG13G2 LVS connectivity setup
2026-08-20 09:23:35 +0000: Memory Usage (145708K) : Starting SG13G2 LVS connectivity setup (Inter-layer)
2026-08-20 09:23:35 +0000: Memory Usage (145836K) : Starting SG13G2 LVS connectivity setup (Global)
2026-08-20 09:23:35 +0000: Memory Usage (145836K) : Starting LVS MOSFET CONNECTIONS
2026-08-20 09:23:35 +0000: Memory Usage (145836K) : Starting LVS RF-MOSFET CONNECTIONS
2026-08-20 09:23:35 +0000: Memory Usage (145836K) : Starting LVS BJT CONNECTIONS
2026-08-20 09:23:35 +0000: Memory Usage (145836K) : Starting LVS DIODE CONNECTIONS
2026-08-20 09:23:35 +0000: Memory Usage (145836K) : Starting RESISTOR CONNECTIONS
2026-08-20 09:23:35 +0000: Memory Usage (145836K) : Starting LVS CAP CONNECTIONS
2026-08-20 09:23:35 +0000: Memory Usage (145836K) : Starting CAP_CMOM CONNECTIONS
2026-08-20 09:23:35 +0000: Memory Usage (145836K) : Starting CAP_CMOMF CONNECTIONS
2026-08-20 09:23:35 +0000: Memory Usage (145836K) : Starting ESD CONNECTIONS
2026-08-20 09:23:35 +0000: Memory Usage (145836K) : Starting Inductor CONNECTIONS
2026-08-20 09:23:35 +0000: Memory Usage (145836K) : Starting LVS Taps CONNECTIONS
2026-08-20 09:23:35 +0000: Memory Usage (145836K) : Starting SG13G2 LVS DEVICES EXTRACTION
2026-08-20 09:23:35 +0000: Memory Usage (145836K) : Starting MOSFET EXTRACTION
2026-08-20 09:23:35 +0000: Memory Usage (145836K) : Starting NMOS EXTRACTION
2026-08-20 09:23:35 +0000: Memory Usage (145836K) : Extraction of NMOS-LV transistor
2026-08-20 09:23:35 +0000: Memory Usage (145836K) : Extraction of NMOS-HV transistor
2026-08-20 09:23:35 +0000: Memory Usage (145836K) : Starting PMOS EXTRACTION
2026-08-20 09:23:35 +0000: Memory Usage (145836K) : Extraction of PMOS-LV transistor
2026-08-20 09:23:35 +0000: Memory Usage (145836K) : Extraction of PMOS-HV transistor
2026-08-20 09:23:35 +0000: Memory Usage (145836K) : Starting RF-MOSFET EXTRACTION
2026-08-20 09:23:35 +0000: Memory Usage (145836K) : Extraction of RF-NMOS-LV transistor
2026-08-20 09:23:35 +0000: Memory Usage (145836K) : Extraction of RF-NMOS-HV transistor
2026-08-20 09:23:35 +0000: Memory Usage (145836K) : Extraction of RF-PMOS-LV transistor
2026-08-20 09:23:35 +0000: Memory Usage (145836K) : Extraction of RF-PMOS-HV transistor
2026-08-20 09:23:35 +0000: Memory Usage (145836K) : Starting BJT EXTRACTION
2026-08-20 09:23:35 +0000: Memory Usage (145836K) : Starting NPN-BJT EXTRACTION
2026-08-20 09:23:35 +0000: Memory Usage (145836K) : Extraction of npn13G2 BJT transistor
2026-08-20 09:23:35 +0000: Memory Usage (145836K) : Extraction of npn13G2L BJT transistor
2026-08-20 09:23:35 +0000: Memory Usage (145836K) : Extraction of npn13G2V BJT transistor
2026-08-20 09:23:35 +0000: Memory Usage (145836K) : Starting PNP-BJT EXTRACTION
2026-08-20 09:23:35 +0000: Memory Usage (145836K) : Extracting pnpMPA BJT
2026-08-20 09:23:35 +0000: Memory Usage (145836K) : Starting DIODE EXTRACTION
2026-08-20 09:23:35 +0000: Memory Usage (145836K) : Extracting dantenna diode
2026-08-20 09:23:35 +0000: Memory Usage (145836K) : Extracting dpantenna diode
2026-08-20 09:23:35 +0000: Memory Usage (145836K) : Extracting schottky_nbl1 diode
2026-08-20 09:23:35 +0000: Memory Usage (145836K) : Extracting isolbox diode
2026-08-20 09:23:35 +0000: Memory Usage (145836K) : Starting RESISTOR EXTRACTION
2026-08-20 09:23:35 +0000: Memory Usage (145836K) : Extracting rsil resistor
2026-08-20 09:23:35 +0000: Memory Usage (145964K) : Extracting rppd resistor
2026-08-20 09:23:35 +0000: Memory Usage (145964K) : Extracting rhigh resistor
2026-08-20 09:23:35 +0000: Memory Usage (145964K) : Extracting res_metal1 resistor
2026-08-20 09:23:35 +0000: Memory Usage (146092K) : Extracting res_metal2 resistor
2026-08-20 09:23:35 +0000: Memory Usage (146092K) : Extracting res_metal3 resistor
2026-08-20 09:23:35 +0000: Memory Usage (146092K) : Extracting res_metal4 resistor
2026-08-20 09:23:35 +0000: Memory Usage (146092K) : Extracting res_metal5 resistor
2026-08-20 09:23:35 +0000: Memory Usage (146092K) : Extracting res_topmetal1 resistor
2026-08-20 09:23:35 +0000: Memory Usage (146092K) : Extracting res_topmetal2 resistor
2026-08-20 09:23:35 +0000: Memory Usage (146092K) : Starting CAP EXTRACTION
2026-08-20 09:23:35 +0000: Memory Usage (146092K) : Extracting cap_cmim device
2026-08-20 09:23:35 +0000: Memory Usage (146092K) : Extracting rfcmim device
2026-08-20 09:23:35 +0000: Memory Usage (146092K) : Extracting sg13_hv_svaricap varactor
2026-08-20 09:23:35 +0000: Memory Usage (146092K) : Extracting cap_cmomi device
2026-08-20 09:23:35 +0000: Memory Usage (146092K) : Extracting cap_cmomf device
2026-08-20 09:23:35 +0000: Memory Usage (146092K) : Extracting sg13_moscap_n capacitor
2026-08-20 09:23:35 +0000: Memory Usage (146092K) : Extracting sg13_moscap_p capacitor
2026-08-20 09:23:35 +0000: Memory Usage (146092K) : Starting ESD EXTRACTION
2026-08-20 09:23:35 +0000: Memory Usage (146092K) : Extracting diodevdd_2kv ESD device
2026-08-20 09:23:35 +0000: Memory Usage (146092K) : Extracting diodevdd_4kv ESD device
2026-08-20 09:23:35 +0000: Memory Usage (146092K) : Extracting diodevss_2kv ESD device
2026-08-20 09:23:35 +0000: Memory Usage (146092K) : Extracting diodevss_4kv ESD device
2026-08-20 09:23:35 +0000: Memory Usage (146092K) : Extracting idiodevdd_2kv ESD device
2026-08-20 09:23:35 +0000: Memory Usage (146092K) : Extracting idiodevdd_4kv ESD device
2026-08-20 09:23:35 +0000: Memory Usage (146092K) : Extracting idiodevss_2kv ESD device
2026-08-20 09:23:35 +0000: Memory Usage (146092K) : Extracting idiodevss_4kv ESD device
2026-08-20 09:23:35 +0000: Memory Usage (146092K) : Extracting nmoscl_2 ESD device
2026-08-20 09:23:35 +0000: Memory Usage (146092K) : Extracting nmoscl_4 ESD device
2026-08-20 09:23:35 +0000: Memory Usage (146092K) : Starting Inductor EXTRACTION
2026-08-20 09:23:35 +0000: Memory Usage (146092K) : Extracting Inductor2 device
2026-08-20 09:23:35 +0000: Memory Usage (146092K) : Extracting Inductor3 device
2026-08-20 09:23:35 +0000: Memory Usage (146092K) : Starting Taps EXTRACTION
2026-08-20 09:23:35 +0000: Memory Usage (146092K) : DISABLE_TAP_EXTRACTION is enabled: skipping ntap1/ptap1 device extraction.
2026-08-20 09:23:35 +0000: Memory Usage (146092K) : Starting SG13G2 LVS RF MOS Model Mapping
2026-08-20 09:23:36 +0000: Memory Usage (146092K) : [layout_netlist] Apply RF MOS model mapping and rfmode parameter.
2026-08-20 09:23:36 +0000: Memory Usage (146092K) : Starting SG13G2 LVS Options Preparations
2026-08-20 09:23:36 +0000: Memory Usage (146092K) : SG13G2 LVS flow: extraction -> alignment -> option preparation -> comparison.
2026-08-20 09:23:36 +0000: Memory Usage (146092K) : Starting SG13G2 LVS Alignment
2026-08-20 09:23:36 +0000: Memory Usage (146092K) : Starting SG13G2 LVS Simplification
2026-08-20 09:23:36 +0000: Memory Usage (146092K) : [layout_netlist] simplify: ENABLED
2026-08-20 09:23:36 +0000: Memory Usage (146092K) : [layout_netlist] make_top_level_pins: SKIPPED
2026-08-20 09:23:36 +0000: Memory Usage (146092K) : [layout_netlist] combine_devices: SKIPPED
2026-08-20 09:23:36 +0000: Memory Usage (146092K) : [layout_netlist] purge: SKIPPED
2026-08-20 09:23:36 +0000: Memory Usage (146092K) : [layout_netlist] purge_nets: SKIPPED
2026-08-20 09:23:36 +0000: Memory Usage (146092K) : [schematic_netlist] simplify: ENABLED
2026-08-20 09:23:36 +0000: Memory Usage (146092K) : [schematic_netlist] make_top_level_pins: SKIPPED
2026-08-20 09:23:36 +0000: Memory Usage (146092K) : [schematic_netlist] combine_devices: SKIPPED
2026-08-20 09:23:36 +0000: Memory Usage (146092K) : [schematic_netlist] purge: SKIPPED
2026-08-20 09:23:36 +0000: Memory Usage (146092K) : [schematic_netlist] purge_nets: SKIPPED
2026-08-20 09:23:36 +0000: Memory Usage (146092K) : Starting SG13G2 LVS Comparison
2026-08-20 09:23:36 +0000: Memory Usage (146220K) : xxxxxxxxxxxxxxxxxxxxxxxxxxxxxxxxxxxxxxxxxx
2026-08-20 09:23:36 +0000: Memory Usage (146220K) : ERROR : Netlists don't match
2026-08-20 09:23:36 +0000: Memory Usage (146220K) : xxxxxxxxxxxxxxxxxxxxxxxxxxxxxxxxxxxxxxxxxx
2026-08-20 09:23:36 +0000: Memory Usage (146220K) : LVS Total Run time 1.602659 seconds
2026-08-20 09:28:40 +0000: Memory Usage (128536K) : Starting running SG13G2 Klayout LVS runset on /workspace/layout/blocks/out/term_stage/_bisect/full.gds
2026-08-20 09:28:40 +0000: Memory Usage (128536K) : Ruby Version for klayout: 3.2.3
2026-08-20 09:28:40 +0000: Memory Usage (129748K) : Loading database to memory is complete.
2026-08-20 09:28:40 +0000: Memory Usage (129748K) : SG13G2 Klayout LVS runset output at: /workspace/layout/blocks/out/term_stage/_bisect/full/full.lvsdb
2026-08-20 09:28:40 +0000: Memory Usage (129748K) : Evaluate switches.
2026-08-20 09:28:40 +0000: Memory Usage (129748K) : Extracted netlist with net names: true
2026-08-20 09:28:40 +0000: Memory Usage (129748K) : Extracted netlist with comments in details: false
2026-08-20 09:28:40 +0000: Memory Usage (129748K) : Selected NET_ONLY option: false
2026-08-20 09:28:40 +0000: Memory Usage (129748K) : Selected LAYOUT_NETLIST option: (none)
2026-08-20 09:28:40 +0000: Memory Usage (129748K) : Selected IGNORE_TOP_PORTS_MISMATCH option: true
2026-08-20 09:28:40 +0000: Memory Usage (129748K) : Selected IMPLICIT_NETS option: sub,sub!
2026-08-20 09:28:40 +0000: Memory Usage (129748K) : Selected TOP_LVL_PINS option: false
2026-08-20 09:28:40 +0000: Memory Usage (129748K) : Selected COMBINE DEVICES option: false
2026-08-20 09:28:40 +0000: Memory Usage (129748K) : Selected PURGE option: false
2026-08-20 09:28:40 +0000: Memory Usage (129748K) : Selected PURGE_NETS option: false
2026-08-20 09:28:40 +0000: Memory Usage (129748K) : Selected SIMPLIFY option: true
2026-08-20 09:28:40 +0000: Memory Usage (129748K) : Selected SERIES_RES option: true
2026-08-20 09:28:40 +0000: Memory Usage (129748K) : Selected PARALLEL_RES option: true
2026-08-20 09:28:40 +0000: Memory Usage (129748K) : Selected DISABLE_TAP_EXTRACTION option: true
2026-08-20 09:28:40 +0000: Memory Usage (129748K) : deep  mode is enabled.
2026-08-20 09:28:40 +0000: Memory Usage (129748K) : Applying implicit connections (case-sensitive, pattern supported) for nets: sub, sub!
2026-08-20 09:28:40 +0000: Memory Usage (130992K) : Netlist file: /workspace/layout/blocks/out/term_stage/_bisect/full.cdl
2026-08-20 09:28:40 +0000: Memory Usage (130992K) : LVS extracted netlist at: /workspace/layout/blocks/out/term_stage/_bisect/full/full_extracted.cir
2026-08-20 09:28:40 +0000: Memory Usage (130992K) : Applying SRAM integration support.
2026-08-20 09:28:40 +0000: Memory Usage (130992K) : Starting SG13G2 LVS runset
2026-08-20 09:28:40 +0000: Memory Usage (130992K) : Read in polygons from layers.
2026-08-20 09:28:40 +0000: Memory Usage (132196K) : activ_drw has 130 polygons
2026-08-20 09:28:40 +0000: Memory Usage (132196K) : activ_filler has 0 polygons
2026-08-20 09:28:40 +0000: Memory Usage (132324K) : activ has 130 polygons
2026-08-20 09:28:40 +0000: Memory Usage (132324K) : activ_pin has 0 polygons
2026-08-20 09:28:40 +0000: Memory Usage (132324K) : activ_mask has 0 polygons
2026-08-20 09:28:40 +0000: Memory Usage (132324K) : activ_nofill has 0 polygons
2026-08-20 09:28:40 +0000: Memory Usage (132412K) : activ_OPC has 0 polygons
2026-08-20 09:28:40 +0000: Memory Usage (132924K) : activ_iOPC has 0 polygons
2026-08-20 09:28:40 +0000: Memory Usage (132924K) : activ_noqrc has 0 polygons
2026-08-20 09:28:40 +0000: Memory Usage (132924K) : biwind_drw has 0 polygons
2026-08-20 09:28:40 +0000: Memory Usage (132924K) : biwind_OPC has 0 polygons
2026-08-20 09:28:40 +0000: Memory Usage (132924K) : gatpoly_drw has 25 polygons
2026-08-20 09:28:40 +0000: Memory Usage (132924K) : gatpoly_filler has 0 polygons
2026-08-20 09:28:40 +0000: Memory Usage (132924K) : gatpoly has 25 polygons
2026-08-20 09:28:40 +0000: Memory Usage (132924K) : gatpoly_pin has 0 polygons
2026-08-20 09:28:40 +0000: Memory Usage (132924K) : gatpoly_nofill has 0 polygons
2026-08-20 09:28:40 +0000: Memory Usage (132924K) : gatpoly_OPC has 0 polygons
2026-08-20 09:28:40 +0000: Memory Usage (132924K) : gatpoly_iOPC has 0 polygons
2026-08-20 09:28:40 +0000: Memory Usage (132924K) : gatpoly_noqrc has 0 polygons
2026-08-20 09:28:40 +0000: Memory Usage (132924K) : cont_drw has 6147 polygons
2026-08-20 09:28:40 +0000: Memory Usage (132924K) : cont_OPC has 0 polygons
2026-08-20 09:28:40 +0000: Memory Usage (132924K) : nsd_drw has 0 polygons
2026-08-20 09:28:40 +0000: Memory Usage (132924K) : nsd_block has 0 polygons
2026-08-20 09:28:40 +0000: Memory Usage (132924K) : metal1_drw has 268 polygons
2026-08-20 09:28:40 +0000: Memory Usage (132924K) : metal1_filler has 0 polygons
2026-08-20 09:28:40 +0000: Memory Usage (132924K) : metal1_slit has 0 polygons
2026-08-20 09:28:40 +0000: Memory Usage (133052K) : metal1 has 268 polygons
2026-08-20 09:28:40 +0000: Memory Usage (133052K) : metal1_pin has 112 polygons
2026-08-20 09:28:40 +0000: Memory Usage (133180K) : metal1_mask has 0 polygons
2026-08-20 09:28:40 +0000: Memory Usage (133180K) : metal1_nofill has 0 polygons
2026-08-20 09:28:40 +0000: Memory Usage (133436K) : metal1_text has 4 polygons
2026-08-20 09:28:40 +0000: Memory Usage (133564K) : metal1_OPC has 0 polygons
2026-08-20 09:28:40 +0000: Memory Usage (133564K) : metal1_noqrc has 0 polygons
2026-08-20 09:28:40 +0000: Memory Usage (133564K) : metal1_res has 0 polygons
2026-08-20 09:28:40 +0000: Memory Usage (133692K) : metal1_iprobe has 0 polygons
2026-08-20 09:28:40 +0000: Memory Usage (133692K) : metal1_diffprb has 0 polygons
2026-08-20 09:28:40 +0000: Memory Usage (133692K) : passiv_drw has 2 polygons
2026-08-20 09:28:40 +0000: Memory Usage (133820K) : passiv_pin has 0 polygons
2026-08-20 09:28:40 +0000: Memory Usage (133820K) : passiv_sbump has 0 polygons
2026-08-20 09:28:40 +0000: Memory Usage (133820K) : passiv_pillar has 0 polygons
2026-08-20 09:28:40 +0000: Memory Usage (133948K) : passiv_pdl has 0 polygons
2026-08-20 09:28:40 +0000: Memory Usage (133948K) : metal2_drw has 69 polygons
2026-08-20 09:28:40 +0000: Memory Usage (133948K) : metal2_filler has 0 polygons
2026-08-20 09:28:40 +0000: Memory Usage (134076K) : metal2_slit has 0 polygons
2026-08-20 09:28:40 +0000: Memory Usage (134076K) : metal2 has 69 polygons
2026-08-20 09:28:40 +0000: Memory Usage (134076K) : metal2_pin has 8 polygons
2026-08-20 09:28:40 +0000: Memory Usage (134076K) : metal2_mask has 0 polygons
2026-08-20 09:28:40 +0000: Memory Usage (134204K) : metal2_nofill has 0 polygons
2026-08-20 09:28:40 +0000: Memory Usage (134204K) : metal2_text has 4 polygons
2026-08-20 09:28:40 +0000: Memory Usage (134204K) : metal2_OPC has 0 polygons
2026-08-20 09:28:40 +0000: Memory Usage (134204K) : metal2_noqrc has 0 polygons
2026-08-20 09:28:40 +0000: Memory Usage (134332K) : metal2_res has 0 polygons
2026-08-20 09:28:40 +0000: Memory Usage (134332K) : metal2_iprobe has 0 polygons
2026-08-20 09:28:40 +0000: Memory Usage (134332K) : metal2_diffprb has 0 polygons
2026-08-20 09:28:40 +0000: Memory Usage (134332K) : baspoly_drw has 0 polygons
2026-08-20 09:28:40 +0000: Memory Usage (134460K) : baspoly_pin has 0 polygons
2026-08-20 09:28:40 +0000: Memory Usage (134460K) : psd_drw has 119 polygons
2026-08-20 09:28:40 +0000: Memory Usage (134460K) : nldb_drw has 0 polygons
2026-08-20 09:28:40 +0000: Memory Usage (134588K) : digibnd_drw has 0 polygons
2026-08-20 09:28:40 +0000: Memory Usage (134588K) : via1_drw has 1907 polygons
2026-08-20 09:28:40 +0000: Memory Usage (134588K) : backmetal1_drw has 0 polygons
2026-08-20 09:28:40 +0000: Memory Usage (134588K) : backmetal1_pin has 0 polygons
2026-08-20 09:28:40 +0000: Memory Usage (134716K) : backmetal1_mask has 0 polygons
2026-08-20 09:28:40 +0000: Memory Usage (134716K) : backmetal1_filler has 0 polygons
2026-08-20 09:28:40 +0000: Memory Usage (134716K) : backmetal1_nofill has 0 polygons
2026-08-20 09:28:40 +0000: Memory Usage (134716K) : backmetal1_slit has 0 polygons
2026-08-20 09:28:40 +0000: Memory Usage (134844K) : backmetal1_text has 0 polygons
2026-08-20 09:28:40 +0000: Memory Usage (134844K) : backmetal1_OPC has 0 polygons
2026-08-20 09:28:40 +0000: Memory Usage (134844K) : backmetal1_noqrc has 0 polygons
2026-08-20 09:28:40 +0000: Memory Usage (134844K) : backmetal1_res has 0 polygons
2026-08-20 09:28:40 +0000: Memory Usage (134972K) : backmetal1_iprobe has 0 polygons
2026-08-20 09:28:40 +0000: Memory Usage (134972K) : backmetal1_diffprb has 0 polygons
2026-08-20 09:28:40 +0000: Memory Usage (134972K) : backpassiv_drw has 0 polygons
2026-08-20 09:28:40 +0000: Memory Usage (134972K) : res_drw has 2 polygons
2026-08-20 09:28:40 +0000: Memory Usage (135100K) : sram_drw has 0 polygons
2026-08-20 09:28:40 +0000: Memory Usage (135100K) : trans_drw has 0 polygons
2026-08-20 09:28:40 +0000: Memory Usage (135100K) : ind_drw has 0 polygons
2026-08-20 09:28:40 +0000: Memory Usage (135228K) : ind_pin has 0 polygons
2026-08-20 09:28:40 +0000: Memory Usage (135228K) : ind_text has 0 polygons
2026-08-20 09:28:40 +0000: Memory Usage (135228K) : salblock_drw has 14 polygons
2026-08-20 09:28:40 +0000: Memory Usage (135228K) : via2_drw has 850 polygons
2026-08-20 09:28:40 +0000: Memory Usage (135356K) : metal3_drw has 61 polygons
2026-08-20 09:28:40 +0000: Memory Usage (135356K) : metal3_filler has 0 polygons
2026-08-20 09:28:40 +0000: Memory Usage (135356K) : metal3_slit has 0 polygons
2026-08-20 09:28:40 +0000: Memory Usage (135356K) : metal3 has 61 polygons
2026-08-20 09:28:40 +0000: Memory Usage (135356K) : metal3_pin has 2 polygons
2026-08-20 09:28:40 +0000: Memory Usage (135356K) : metal3_mask has 0 polygons
2026-08-20 09:28:40 +0000: Memory Usage (135356K) : metal3_nofill has 0 polygons
2026-08-20 09:28:40 +0000: Memory Usage (135356K) : metal3_text has 0 polygons
2026-08-20 09:28:40 +0000: Memory Usage (135356K) : metal3_OPC has 0 polygons
2026-08-20 09:28:40 +0000: Memory Usage (135356K) : metal3_noqrc has 0 polygons
2026-08-20 09:28:40 +0000: Memory Usage (135356K) : metal3_res has 0 polygons
2026-08-20 09:28:40 +0000: Memory Usage (135356K) : metal3_iprobe has 0 polygons
2026-08-20 09:28:40 +0000: Memory Usage (135356K) : metal3_diffprb has 0 polygons
2026-08-20 09:28:40 +0000: Memory Usage (135356K) : nwell_drw has 14 polygons
2026-08-20 09:28:40 +0000: Memory Usage (135484K) : nwell_pin has 0 polygons
2026-08-20 09:28:40 +0000: Memory Usage (135484K) : nwell_text has 0 polygons
2026-08-20 09:28:40 +0000: Memory Usage (135484K) : nbulay_drw has 1 polygons
2026-08-20 09:28:40 +0000: Memory Usage (135484K) : nbulay_pin has 0 polygons
2026-08-20 09:28:40 +0000: Memory Usage (135484K) : nbulay_block has 0 polygons
2026-08-20 09:28:40 +0000: Memory Usage (135484K) : emwind_drw has 0 polygons
2026-08-20 09:28:40 +0000: Memory Usage (135612K) : emwind_OPC has 0 polygons
2026-08-20 09:28:40 +0000: Memory Usage (135612K) : deepco_drw has 0 polygons
2026-08-20 09:28:40 +0000: Memory Usage (135612K) : mim_drw has 1 polygons
2026-08-20 09:28:40 +0000: Memory Usage (135612K) : edgeseal_drw has 0 polygons
2026-08-20 09:28:40 +0000: Memory Usage (135612K) : substrate_drw has 100 polygons
2026-08-20 09:28:40 +0000: Memory Usage (135612K) : substrate_text has 0 polygons
2026-08-20 09:28:40 +0000: Memory Usage (135740K) : dfpad_drw has 2 polygons
2026-08-20 09:28:40 +0000: Memory Usage (135740K) : dfpad_pillar has 0 polygons
2026-08-20 09:28:40 +0000: Memory Usage (135740K) : dfpad_sbump has 0 polygons
2026-08-20 09:28:40 +0000: Memory Usage (135740K) : thickgateox_drw has 1 polygons
2026-08-20 09:28:40 +0000: Memory Usage (135740K) : pldb_drw has 0 polygons
2026-08-20 09:28:40 +0000: Memory Usage (135868K) : pwell_drw has 0 polygons
2026-08-20 09:28:40 +0000: Memory Usage (135868K) : pwell_pin has 0 polygons
2026-08-20 09:28:40 +0000: Memory Usage (135868K) : pwell_block has 0 polygons
2026-08-20 09:28:40 +0000: Memory Usage (135868K) : ic_drw has 0 polygons
2026-08-20 09:28:40 +0000: Memory Usage (135868K) : via3_drw has 1058 polygons
2026-08-20 09:28:40 +0000: Memory Usage (135868K) : metal4_drw has 30 polygons
2026-08-20 09:28:40 +0000: Memory Usage (135996K) : metal4_filler has 0 polygons
2026-08-20 09:28:40 +0000: Memory Usage (135996K) : metal4_slit has 0 polygons
2026-08-20 09:28:40 +0000: Memory Usage (135996K) : metal4 has 30 polygons
2026-08-20 09:28:40 +0000: Memory Usage (135996K) : metal4_pin has 0 polygons
2026-08-20 09:28:40 +0000: Memory Usage (135996K) : metal4_mask has 0 polygons
2026-08-20 09:28:40 +0000: Memory Usage (135996K) : metal4_nofill has 0 polygons
2026-08-20 09:28:40 +0000: Memory Usage (136124K) : metal4_text has 4 polygons
2026-08-20 09:28:40 +0000: Memory Usage (136124K) : metal4_OPC has 0 polygons
2026-08-20 09:28:40 +0000: Memory Usage (136124K) : metal4_noqrc has 0 polygons
2026-08-20 09:28:40 +0000: Memory Usage (136124K) : metal4_res has 0 polygons
2026-08-20 09:28:40 +0000: Memory Usage (136124K) : metal4_iprobe has 0 polygons
2026-08-20 09:28:40 +0000: Memory Usage (136124K) : metal4_diffprb has 0 polygons
2026-08-20 09:28:40 +0000: Memory Usage (136252K) : heattrans_drw has 0 polygons
2026-08-20 09:28:40 +0000: Memory Usage (136252K) : heatres_drw has 4 polygons
2026-08-20 09:28:40 +0000: Memory Usage (136252K) : fbe_drw has 0 polygons
2026-08-20 09:28:40 +0000: Memory Usage (136252K) : empoly_drw has 0 polygons
2026-08-20 09:28:40 +0000: Memory Usage (136252K) : digisub_drw has 0 polygons
2026-08-20 09:28:40 +0000: Memory Usage (136252K) : text_drw has 126 polygons
2026-08-20 09:28:40 +0000: Memory Usage (136380K) : via4_drw has 1050 polygons
2026-08-20 09:28:40 +0000: Memory Usage (136380K) : metal5_drw has 51 polygons
2026-08-20 09:28:40 +0000: Memory Usage (136380K) : metal5_filler has 0 polygons
2026-08-20 09:28:40 +0000: Memory Usage (136380K) : metal5_slit has 0 polygons
2026-08-20 09:28:40 +0000: Memory Usage (136380K) : metal5 has 51 polygons
2026-08-20 09:28:40 +0000: Memory Usage (136380K) : metal5_pin has 0 polygons
2026-08-20 09:28:40 +0000: Memory Usage (136508K) : metal5_mask has 0 polygons
2026-08-20 09:28:40 +0000: Memory Usage (136508K) : metal5_nofill has 0 polygons
2026-08-20 09:28:40 +0000: Memory Usage (136508K) : metal5_text has 0 polygons
2026-08-20 09:28:40 +0000: Memory Usage (136508K) : metal5_OPC has 0 polygons
2026-08-20 09:28:40 +0000: Memory Usage (136508K) : metal5_noqrc has 0 polygons
2026-08-20 09:28:40 +0000: Memory Usage (136508K) : metal5_res has 0 polygons
2026-08-20 09:28:40 +0000: Memory Usage (136636K) : metal5_iprobe has 0 polygons
2026-08-20 09:28:40 +0000: Memory Usage (136636K) : metal5_diffprb has 0 polygons
2026-08-20 09:28:40 +0000: Memory Usage (136636K) : radhard_drw has 0 polygons
2026-08-20 09:28:40 +0000: Memory Usage (136636K) : memcap_drw has 0 polygons
2026-08-20 09:28:40 +0000: Memory Usage (136636K) : varicap_drw has 0 polygons
2026-08-20 09:28:40 +0000: Memory Usage (136764K) : intbondvia_drw has 0 polygons
2026-08-20 09:28:40 +0000: Memory Usage (136764K) : intbondmet_drw has 0 polygons
2026-08-20 09:28:40 +0000: Memory Usage (136764K) : devbondvia_drw has 0 polygons
2026-08-20 09:28:40 +0000: Memory Usage (136764K) : devbondmet_drw has 0 polygons
2026-08-20 09:28:40 +0000: Memory Usage (136764K) : devtrench_drw has 0 polygons
2026-08-20 09:28:40 +0000: Memory Usage (136892K) : redist_drw has 0 polygons
2026-08-20 09:28:40 +0000: Memory Usage (136892K) : graphbot_drw has 0 polygons
2026-08-20 09:28:40 +0000: Memory Usage (136892K) : graphtop_drw has 0 polygons
2026-08-20 09:28:40 +0000: Memory Usage (136892K) : antvia1_drw has 0 polygons
2026-08-20 09:28:40 +0000: Memory Usage (137020K) : antmetal2_drw has 0 polygons
2026-08-20 09:28:40 +0000: Memory Usage (137020K) : graphcont_drw has 0 polygons
2026-08-20 09:28:40 +0000: Memory Usage (137020K) : siwg_drw has 0 polygons
2026-08-20 09:28:40 +0000: Memory Usage (137020K) : siwg_filler has 0 polygons
2026-08-20 09:28:40 +0000: Memory Usage (137020K) : siwg_nofill has 0 polygons
2026-08-20 09:28:40 +0000: Memory Usage (137020K) : sigrating_drw has 0 polygons
2026-08-20 09:28:40 +0000: Memory Usage (137148K) : singrating_drw has 0 polygons
2026-08-20 09:28:40 +0000: Memory Usage (137148K) : graphpas_drw has 0 polygons
2026-08-20 09:28:40 +0000: Memory Usage (137148K) : emwind3_drw has 0 polygons
2026-08-20 09:28:40 +0000: Memory Usage (137148K) : emwihv3_drw has 0 polygons
2026-08-20 09:28:40 +0000: Memory Usage (137148K) : redbulay_drw has 0 polygons
2026-08-20 09:28:40 +0000: Memory Usage (137148K) : smos_drw has 0 polygons
2026-08-20 09:28:40 +0000: Memory Usage (137276K) : graphpad_drw has 0 polygons
2026-08-20 09:28:40 +0000: Memory Usage (137276K) : polimide_drw has 0 polygons
2026-08-20 09:28:40 +0000: Memory Usage (137276K) : polimide_pin has 0 polygons
2026-08-20 09:28:40 +0000: Memory Usage (137276K) : recog_drw has 1 polygons
2026-08-20 09:28:40 +0000: Memory Usage (137276K) : recog_pin has 0 polygons
2026-08-20 09:28:40 +0000: Memory Usage (137404K) : recog_esd has 5 polygons
2026-08-20 09:28:40 +0000: Memory Usage (137404K) : recog_diode has 0 polygons
2026-08-20 09:28:40 +0000: Memory Usage (137404K) : recog_tsv has 0 polygons
2026-08-20 09:28:40 +0000: Memory Usage (137404K) : recog_iprobe has 0 polygons
2026-08-20 09:28:40 +0000: Memory Usage (137532K) : recog_diffprb has 0 polygons
2026-08-20 09:28:40 +0000: Memory Usage (137532K) : recog_pillar has 0 polygons
2026-08-20 09:28:40 +0000: Memory Usage (137532K) : recog_sbump has 0 polygons
2026-08-20 09:28:40 +0000: Memory Usage (137532K) : recog_otp has 0 polygons
2026-08-20 09:28:40 +0000: Memory Usage (137660K) : recog_pdiode has 0 polygons
2026-08-20 09:28:40 +0000: Memory Usage (137660K) : recog_mom has 0 polygons
2026-08-20 09:28:40 +0000: Memory Usage (137660K) : recog_momf has 0 polygons
2026-08-20 09:28:40 +0000: Memory Usage (137660K) : recog_pcm has 0 polygons
2026-08-20 09:28:40 +0000: Memory Usage (137788K) : colopen_drw has 0 polygons
2026-08-20 09:28:40 +0000: Memory Usage (137788K) : graphmetal1_drw has 0 polygons
2026-08-20 09:28:40 +0000: Memory Usage (137788K) : graphmetal1_filler has 0 polygons
2026-08-20 09:28:40 +0000: Memory Usage (137788K) : graphmetal1_nofill has 0 polygons
2026-08-20 09:28:40 +0000: Memory Usage (137916K) : graphmetal1_slit has 0 polygons
2026-08-20 09:28:40 +0000: Memory Usage (137916K) : graphmetal1_OPC has 0 polygons
2026-08-20 09:28:40 +0000: Memory Usage (137916K) : graphmet1l_drw has 0 polygons
2026-08-20 09:28:40 +0000: Memory Usage (137916K) : graphmet1l_filler has 0 polygons
2026-08-20 09:28:40 +0000: Memory Usage (138044K) : graphmet1l_nofill has 0 polygons
2026-08-20 09:28:40 +0000: Memory Usage (138044K) : graphmet1l_slit has 0 polygons
2026-08-20 09:28:40 +0000: Memory Usage (138044K) : graphmet1l_OPC has 0 polygons
2026-08-20 09:28:40 +0000: Memory Usage (138044K) : extblock_drw has 12 polygons
2026-08-20 09:28:40 +0000: Memory Usage (138172K) : nldd_drw has 0 polygons
2026-08-20 09:28:40 +0000: Memory Usage (138172K) : pldd_drw has 0 polygons
2026-08-20 09:28:40 +0000: Memory Usage (138172K) : next_drw has 0 polygons
2026-08-20 09:28:40 +0000: Memory Usage (138172K) : pext_drw has 0 polygons
2026-08-20 09:28:40 +0000: Memory Usage (138172K) : nexthv_drw has 0 polygons
2026-08-20 09:28:40 +0000: Memory Usage (138300K) : pexthv_drw has 0 polygons
2026-08-20 09:28:40 +0000: Memory Usage (138300K) : graphgate_drw has 0 polygons
2026-08-20 09:28:40 +0000: Memory Usage (138300K) : sinwg_drw has 0 polygons
2026-08-20 09:28:40 +0000: Memory Usage (138300K) : sinwg_filler has 0 polygons
2026-08-20 09:28:40 +0000: Memory Usage (138300K) : sinwg_nofill has 0 polygons
2026-08-20 09:28:40 +0000: Memory Usage (138300K) : mempad_drw has 0 polygons
2026-08-20 09:28:40 +0000: Memory Usage (138428K) : topvia1_drw has 487 polygons
2026-08-20 09:28:40 +0000: Memory Usage (138428K) : topmetal1_drw has 36 polygons
2026-08-20 09:28:40 +0000: Memory Usage (138428K) : topmetal1_filler has 0 polygons
2026-08-20 09:28:40 +0000: Memory Usage (138428K) : topmetal1_slit has 0 polygons
2026-08-20 09:28:40 +0000: Memory Usage (138428K) : topmetal1 has 36 polygons
2026-08-20 09:28:40 +0000: Memory Usage (138556K) : topmetal1_pin has 0 polygons
2026-08-20 09:28:40 +0000: Memory Usage (138556K) : topmetal1_mask has 0 polygons
2026-08-20 09:28:40 +0000: Memory Usage (138556K) : topmetal1_nofill has 0 polygons
2026-08-20 09:28:40 +0000: Memory Usage (138556K) : topmetal1_text has 0 polygons
2026-08-20 09:28:40 +0000: Memory Usage (138556K) : topmetal1_noqrc has 0 polygons
2026-08-20 09:28:40 +0000: Memory Usage (138684K) : topmetal1_res has 0 polygons
2026-08-20 09:28:40 +0000: Memory Usage (138684K) : topmetal1_iprobe has 0 polygons
2026-08-20 09:28:40 +0000: Memory Usage (138684K) : topmetal1_diffprb has 0 polygons
2026-08-20 09:28:40 +0000: Memory Usage (138684K) : inldpwl_drw has 0 polygons
2026-08-20 09:28:40 +0000: Memory Usage (138812K) : polyres_drw has 4 polygons
2026-08-20 09:28:40 +0000: Memory Usage (138812K) : polyres_pin has 0 polygons
2026-08-20 09:28:40 +0000: Memory Usage (138812K) : vmim_drw has 225 polygons
2026-08-20 09:28:40 +0000: Memory Usage (138812K) : nbulaycut_drw has 0 polygons
2026-08-20 09:28:40 +0000: Memory Usage (138812K) : antmetal1_drw has 0 polygons
2026-08-20 09:28:40 +0000: Memory Usage (138940K) : topvia2_drw has 210 polygons
2026-08-20 09:28:40 +0000: Memory Usage (138940K) : topmetal2_drw has 24 polygons
2026-08-20 09:28:40 +0000: Memory Usage (139068K) : topmetal2_filler has 0 polygons
2026-08-20 09:28:40 +0000: Memory Usage (139068K) : topmetal2_slit has 0 polygons
2026-08-20 09:28:40 +0000: Memory Usage (139068K) : topmetal2 has 24 polygons
2026-08-20 09:28:40 +0000: Memory Usage (139196K) : topmetal2_pin has 0 polygons
2026-08-20 09:28:40 +0000: Memory Usage (139196K) : topmetal2_mask has 0 polygons
2026-08-20 09:28:40 +0000: Memory Usage (139196K) : topmetal2_nofill has 0 polygons
2026-08-20 09:28:40 +0000: Memory Usage (139196K) : topmetal2_text has 4 polygons
2026-08-20 09:28:40 +0000: Memory Usage (139324K) : topmetal2_noqrc has 0 polygons
2026-08-20 09:28:40 +0000: Memory Usage (139324K) : topmetal2_res has 0 polygons
2026-08-20 09:28:40 +0000: Memory Usage (139324K) : topmetal2_iprobe has 0 polygons
2026-08-20 09:28:40 +0000: Memory Usage (139324K) : topmetal2_diffprb has 0 polygons
2026-08-20 09:28:40 +0000: Memory Usage (139452K) : snsring_drw has 0 polygons
2026-08-20 09:28:40 +0000: Memory Usage (139452K) : sensor_drw has 0 polygons
2026-08-20 09:28:40 +0000: Memory Usage (139452K) : snsarms_drw has 0 polygons
2026-08-20 09:28:40 +0000: Memory Usage (139452K) : snscmosvia_drw has 0 polygons
2026-08-20 09:28:40 +0000: Memory Usage (139580K) : colwind_drw has 0 polygons
2026-08-20 09:28:40 +0000: Memory Usage (139580K) : flm_drw has 0 polygons
2026-08-20 09:28:40 +0000: Memory Usage (139708K) : hafniumox_drw has 0 polygons
2026-08-20 09:28:40 +0000: Memory Usage (139708K) : memvia_drw has 0 polygons
2026-08-20 09:28:40 +0000: Memory Usage (139708K) : thinfilmres_drw has 0 polygons
2026-08-20 09:28:40 +0000: Memory Usage (139836K) : rfmem_drw has 0 polygons
2026-08-20 09:28:40 +0000: Memory Usage (139836K) : norcx_drw has 0 polygons
2026-08-20 09:28:40 +0000: Memory Usage (139836K) : norcx_m2m3 has 0 polygons
2026-08-20 09:28:40 +0000: Memory Usage (139836K) : norcx_m2m4 has 0 polygons
2026-08-20 09:28:40 +0000: Memory Usage (139836K) : norcx_m2m5 has 0 polygons
2026-08-20 09:28:40 +0000: Memory Usage (139836K) : norcx_m2tm1 has 0 polygons
2026-08-20 09:28:40 +0000: Memory Usage (139836K) : norcx_m2tm2 has 0 polygons
2026-08-20 09:28:40 +0000: Memory Usage (139836K) : norcx_m3m4 has 0 polygons
2026-08-20 09:28:40 +0000: Memory Usage (139836K) : norcx_m3m5 has 0 polygons
2026-08-20 09:28:40 +0000: Memory Usage (139836K) : norcx_m3tm1 has 0 polygons
2026-08-20 09:28:40 +0000: Memory Usage (139836K) : norcx_m3tm2 has 0 polygons
2026-08-20 09:28:40 +0000: Memory Usage (139836K) : norcx_m4m5 has 0 polygons
2026-08-20 09:28:40 +0000: Memory Usage (139836K) : norcx_m4tm1 has 0 polygons
2026-08-20 09:28:40 +0000: Memory Usage (139836K) : norcx_m4tm2 has 0 polygons
2026-08-20 09:28:40 +0000: Memory Usage (139836K) : norcx_m5tm1 has 0 polygons
2026-08-20 09:28:40 +0000: Memory Usage (139836K) : norcx_m5tm2 has 0 polygons
2026-08-20 09:28:40 +0000: Memory Usage (139836K) : norcx_tm1tm2 has 0 polygons
2026-08-20 09:28:40 +0000: Memory Usage (139836K) : norcx_m1sub has 0 polygons
2026-08-20 09:28:40 +0000: Memory Usage (139836K) : norcx_m2sub has 0 polygons
2026-08-20 09:28:40 +0000: Memory Usage (139836K) : norcx_m3sub has 0 polygons
2026-08-20 09:28:40 +0000: Memory Usage (139836K) : norcx_m4sub has 0 polygons
2026-08-20 09:28:40 +0000: Memory Usage (139836K) : norcx_m5sub has 0 polygons
2026-08-20 09:28:40 +0000: Memory Usage (139836K) : norcx_tm1sub has 0 polygons
2026-08-20 09:28:40 +0000: Memory Usage (139836K) : norcx_tm2sub has 0 polygons
2026-08-20 09:28:40 +0000: Memory Usage (139836K) : snsbotvia_drw has 0 polygons
2026-08-20 09:28:40 +0000: Memory Usage (139836K) : snstopvia_drw has 0 polygons
2026-08-20 09:28:40 +0000: Memory Usage (139836K) : deepvia_drw has 0 polygons
2026-08-20 09:28:40 +0000: Memory Usage (139836K) : fgetch_drw has 0 polygons
2026-08-20 09:28:40 +0000: Memory Usage (139836K) : ctrgat_drw has 0 polygons
2026-08-20 09:28:40 +0000: Memory Usage (139836K) : fgimp_drw has 0 polygons
2026-08-20 09:28:40 +0000: Memory Usage (139836K) : emwihv_drw has 0 polygons
2026-08-20 09:28:40 +0000: Memory Usage (139836K) : lbe_drw has 0 polygons
2026-08-20 09:28:40 +0000: Memory Usage (139836K) : alcustop_drw has 0 polygons
2026-08-20 09:28:40 +0000: Memory Usage (139836K) : nometfiller_drw has 0 polygons
2026-08-20 09:28:40 +0000: Memory Usage (139836K) : prboundary_drw has 0 polygons
2026-08-20 09:28:40 +0000: Memory Usage (139836K) : exchange0_drw has 0 polygons
2026-08-20 09:28:40 +0000: Memory Usage (139836K) : exchange0_pin has 0 polygons
2026-08-20 09:28:40 +0000: Memory Usage (139836K) : exchange0_text has 0 polygons
2026-08-20 09:28:40 +0000: Memory Usage (139836K) : exchange1_drw has 0 polygons
2026-08-20 09:28:40 +0000: Memory Usage (139836K) : exchange1_pin has 0 polygons
2026-08-20 09:28:40 +0000: Memory Usage (139836K) : exchange1_text has 0 polygons
2026-08-20 09:28:40 +0000: Memory Usage (139836K) : exchange2_drw has 0 polygons
2026-08-20 09:28:40 +0000: Memory Usage (139836K) : exchange2_pin has 0 polygons
2026-08-20 09:28:40 +0000: Memory Usage (139836K) : exchange2_text has 0 polygons
2026-08-20 09:28:40 +0000: Memory Usage (139836K) : exchange3_drw has 0 polygons
2026-08-20 09:28:40 +0000: Memory Usage (139836K) : exchange3_pin has 0 polygons
2026-08-20 09:28:40 +0000: Memory Usage (139836K) : exchange3_text has 0 polygons
2026-08-20 09:28:40 +0000: Memory Usage (139836K) : exchange4_drw has 0 polygons
2026-08-20 09:28:40 +0000: Memory Usage (139836K) : exchange4_pin has 0 polygons
2026-08-20 09:28:40 +0000: Memory Usage (139836K) : exchange4_text has 0 polygons
2026-08-20 09:28:40 +0000: Memory Usage (139836K) : isonwell_drw has 0 polygons
2026-08-20 09:28:40 +0000: Memory Usage (139836K) : Total no. of polygons in the design is 13174
2026-08-20 09:28:40 +0000: Memory Usage (139836K) : Starting base layers derivations
2026-08-20 09:28:40 +0000: Memory Usage (139836K) : Starting general LVS derivations
2026-08-20 09:28:40 +0000: Memory Usage (143856K) : Starting MOSFET DERIVATIONS
2026-08-20 09:28:40 +0000: Memory Usage (144496K) : Starting NMOS DERIVATIONS
2026-08-20 09:28:40 +0000: Memory Usage (144496K) : Starting PMOS DERIVATIONS
2026-08-20 09:28:40 +0000: Memory Usage (144496K) : Starting RF-MOSFET DERIVATIONS
2026-08-20 09:28:40 +0000: Memory Usage (144496K) : Starting RF-NMOS DERIVATIONS
2026-08-20 09:28:40 +0000: Memory Usage (144496K) : Starting RF-PMOS DERIVATIONS
2026-08-20 09:28:40 +0000: Memory Usage (144496K) : Starting BJT DERIVATIONS
2026-08-20 09:28:40 +0000: Memory Usage (144496K) : Starting NPN-BJT DERIVATIONS
2026-08-20 09:28:40 +0000: Memory Usage (144496K) : Starting PNP-BJT DERIVATIONS
2026-08-20 09:28:40 +0000: Memory Usage (144496K) : Starting DIODE DERIVATIONS
2026-08-20 09:28:40 +0000: Memory Usage (144496K) : Starting RESISTOR DERIVATIONS
2026-08-20 09:28:41 +0000: Memory Usage (144624K) : Starting CAP DERIVATIONS
2026-08-20 09:28:41 +0000: Memory Usage (144624K) : Starting CAP_CMOM DERIVATIONS
2026-08-20 09:28:41 +0000: Memory Usage (144624K) : Starting CAP_CMOMF DERIVATIONS
2026-08-20 09:28:41 +0000: Memory Usage (144624K) : Starting ESD DERIVATIONS
2026-08-20 09:28:41 +0000: Memory Usage (145008K) : Starting Inductor DERIVATIONS
2026-08-20 09:28:41 +0000: Memory Usage (145136K) : Starting Taps DERIVATIONS
2026-08-20 09:28:41 +0000: Memory Usage (145392K) : Starting SG13G2 LVS connectivity setup
2026-08-20 09:28:41 +0000: Memory Usage (145392K) : Starting SG13G2 LVS connectivity setup (Inter-layer)
2026-08-20 09:28:41 +0000: Memory Usage (145392K) : Starting SG13G2 LVS connectivity setup (Global)
2026-08-20 09:28:41 +0000: Memory Usage (145392K) : Starting LVS MOSFET CONNECTIONS
2026-08-20 09:28:41 +0000: Memory Usage (145392K) : Starting LVS RF-MOSFET CONNECTIONS
2026-08-20 09:28:41 +0000: Memory Usage (145392K) : Starting LVS BJT CONNECTIONS
2026-08-20 09:28:41 +0000: Memory Usage (145392K) : Starting LVS DIODE CONNECTIONS
2026-08-20 09:28:41 +0000: Memory Usage (145392K) : Starting RESISTOR CONNECTIONS
2026-08-20 09:28:41 +0000: Memory Usage (145392K) : Starting LVS CAP CONNECTIONS
2026-08-20 09:28:41 +0000: Memory Usage (145392K) : Starting CAP_CMOM CONNECTIONS
2026-08-20 09:28:41 +0000: Memory Usage (145392K) : Starting CAP_CMOMF CONNECTIONS
2026-08-20 09:28:41 +0000: Memory Usage (145392K) : Starting ESD CONNECTIONS
2026-08-20 09:28:41 +0000: Memory Usage (145392K) : Starting Inductor CONNECTIONS
2026-08-20 09:28:41 +0000: Memory Usage (145392K) : Starting LVS Taps CONNECTIONS
2026-08-20 09:28:41 +0000: Memory Usage (145392K) : Starting SG13G2 LVS DEVICES EXTRACTION
2026-08-20 09:28:41 +0000: Memory Usage (145392K) : Starting MOSFET EXTRACTION
2026-08-20 09:28:41 +0000: Memory Usage (145392K) : Starting NMOS EXTRACTION
2026-08-20 09:28:41 +0000: Memory Usage (145392K) : Extraction of NMOS-LV transistor
2026-08-20 09:28:41 +0000: Memory Usage (145520K) : Extraction of NMOS-HV transistor
2026-08-20 09:28:41 +0000: Memory Usage (145520K) : Starting PMOS EXTRACTION
2026-08-20 09:28:41 +0000: Memory Usage (145520K) : Extraction of PMOS-LV transistor
2026-08-20 09:28:41 +0000: Memory Usage (145520K) : Extraction of PMOS-HV transistor
2026-08-20 09:28:41 +0000: Memory Usage (145520K) : Starting RF-MOSFET EXTRACTION
2026-08-20 09:28:41 +0000: Memory Usage (145520K) : Extraction of RF-NMOS-LV transistor
2026-08-20 09:28:41 +0000: Memory Usage (145520K) : Extraction of RF-NMOS-HV transistor
2026-08-20 09:28:41 +0000: Memory Usage (145520K) : Extraction of RF-PMOS-LV transistor
2026-08-20 09:28:41 +0000: Memory Usage (145520K) : Extraction of RF-PMOS-HV transistor
2026-08-20 09:28:41 +0000: Memory Usage (145520K) : Starting BJT EXTRACTION
2026-08-20 09:28:41 +0000: Memory Usage (145520K) : Starting NPN-BJT EXTRACTION
2026-08-20 09:28:41 +0000: Memory Usage (145520K) : Extraction of npn13G2 BJT transistor
2026-08-20 09:28:41 +0000: Memory Usage (145520K) : Extraction of npn13G2L BJT transistor
2026-08-20 09:28:41 +0000: Memory Usage (145520K) : Extraction of npn13G2V BJT transistor
2026-08-20 09:28:41 +0000: Memory Usage (145520K) : Starting PNP-BJT EXTRACTION
2026-08-20 09:28:41 +0000: Memory Usage (145520K) : Extracting pnpMPA BJT
2026-08-20 09:28:41 +0000: Memory Usage (145520K) : Starting DIODE EXTRACTION
2026-08-20 09:28:41 +0000: Memory Usage (145520K) : Extracting dantenna diode
2026-08-20 09:28:41 +0000: Memory Usage (145520K) : Extracting dpantenna diode
2026-08-20 09:28:41 +0000: Memory Usage (145520K) : Extracting schottky_nbl1 diode
2026-08-20 09:28:41 +0000: Memory Usage (145520K) : Extracting isolbox diode
2026-08-20 09:28:41 +0000: Memory Usage (145520K) : Starting RESISTOR EXTRACTION
2026-08-20 09:28:41 +0000: Memory Usage (145520K) : Extracting rsil resistor
2026-08-20 09:28:41 +0000: Memory Usage (145648K) : Extracting rppd resistor
2026-08-20 09:28:41 +0000: Memory Usage (145648K) : Extracting rhigh resistor
2026-08-20 09:28:41 +0000: Memory Usage (145648K) : Extracting res_metal1 resistor
2026-08-20 09:28:41 +0000: Memory Usage (145776K) : Extracting res_metal2 resistor
2026-08-20 09:28:41 +0000: Memory Usage (145776K) : Extracting res_metal3 resistor
2026-08-20 09:28:41 +0000: Memory Usage (145776K) : Extracting res_metal4 resistor
2026-08-20 09:28:41 +0000: Memory Usage (145776K) : Extracting res_metal5 resistor
2026-08-20 09:28:41 +0000: Memory Usage (145776K) : Extracting res_topmetal1 resistor
2026-08-20 09:28:41 +0000: Memory Usage (145776K) : Extracting res_topmetal2 resistor
2026-08-20 09:28:41 +0000: Memory Usage (145776K) : Starting CAP EXTRACTION
2026-08-20 09:28:41 +0000: Memory Usage (145776K) : Extracting cap_cmim device
2026-08-20 09:28:41 +0000: Memory Usage (145776K) : Extracting rfcmim device
2026-08-20 09:28:41 +0000: Memory Usage (145776K) : Extracting sg13_hv_svaricap varactor
2026-08-20 09:28:41 +0000: Memory Usage (145776K) : Extracting cap_cmomi device
2026-08-20 09:28:41 +0000: Memory Usage (145776K) : Extracting cap_cmomf device
2026-08-20 09:28:41 +0000: Memory Usage (145776K) : Extracting sg13_moscap_n capacitor
2026-08-20 09:28:41 +0000: Memory Usage (145776K) : Extracting sg13_moscap_p capacitor
2026-08-20 09:28:41 +0000: Memory Usage (145776K) : Starting ESD EXTRACTION
2026-08-20 09:28:41 +0000: Memory Usage (145776K) : Extracting diodevdd_2kv ESD device
2026-08-20 09:28:42 +0000: Memory Usage (145776K) : Extracting diodevdd_4kv ESD device
2026-08-20 09:28:42 +0000: Memory Usage (145776K) : Extracting diodevss_2kv ESD device
2026-08-20 09:28:42 +0000: Memory Usage (145776K) : Extracting diodevss_4kv ESD device
2026-08-20 09:28:42 +0000: Memory Usage (145776K) : Extracting idiodevdd_2kv ESD device
2026-08-20 09:28:42 +0000: Memory Usage (145776K) : Extracting idiodevdd_4kv ESD device
2026-08-20 09:28:42 +0000: Memory Usage (145776K) : Extracting idiodevss_2kv ESD device
2026-08-20 09:28:42 +0000: Memory Usage (145776K) : Extracting idiodevss_4kv ESD device
2026-08-20 09:28:42 +0000: Memory Usage (145776K) : Extracting nmoscl_2 ESD device
2026-08-20 09:28:42 +0000: Memory Usage (145776K) : Extracting nmoscl_4 ESD device
2026-08-20 09:28:42 +0000: Memory Usage (145776K) : Starting Inductor EXTRACTION
2026-08-20 09:28:42 +0000: Memory Usage (145776K) : Extracting Inductor2 device
2026-08-20 09:28:42 +0000: Memory Usage (145776K) : Extracting Inductor3 device
2026-08-20 09:28:42 +0000: Memory Usage (145776K) : Starting Taps EXTRACTION
2026-08-20 09:28:42 +0000: Memory Usage (145776K) : DISABLE_TAP_EXTRACTION is enabled: skipping ntap1/ptap1 device extraction.
2026-08-20 09:28:42 +0000: Memory Usage (145776K) : Starting SG13G2 LVS RF MOS Model Mapping
2026-08-20 09:28:42 +0000: Memory Usage (145776K) : [layout_netlist] Apply RF MOS model mapping and rfmode parameter.
2026-08-20 09:28:42 +0000: Memory Usage (145776K) : Starting SG13G2 LVS Options Preparations
2026-08-20 09:28:42 +0000: Memory Usage (145776K) : SG13G2 LVS flow: extraction -> alignment -> option preparation -> comparison.
2026-08-20 09:28:42 +0000: Memory Usage (145776K) : Starting SG13G2 LVS Alignment
2026-08-20 09:28:42 +0000: Memory Usage (145904K) : Starting SG13G2 LVS Simplification
2026-08-20 09:28:42 +0000: Memory Usage (145904K) : [layout_netlist] simplify: ENABLED
2026-08-20 09:28:42 +0000: Memory Usage (145904K) : [layout_netlist] make_top_level_pins: SKIPPED
2026-08-20 09:28:42 +0000: Memory Usage (145904K) : [layout_netlist] combine_devices: SKIPPED
2026-08-20 09:28:42 +0000: Memory Usage (145904K) : [layout_netlist] purge: SKIPPED
2026-08-20 09:28:42 +0000: Memory Usage (145904K) : [layout_netlist] purge_nets: SKIPPED
2026-08-20 09:28:42 +0000: Memory Usage (145904K) : [schematic_netlist] simplify: ENABLED
2026-08-20 09:28:42 +0000: Memory Usage (145904K) : [schematic_netlist] make_top_level_pins: SKIPPED
2026-08-20 09:28:42 +0000: Memory Usage (145904K) : [schematic_netlist] combine_devices: SKIPPED
2026-08-20 09:28:42 +0000: Memory Usage (145904K) : [schematic_netlist] purge: SKIPPED
2026-08-20 09:28:42 +0000: Memory Usage (145904K) : [schematic_netlist] purge_nets: SKIPPED
2026-08-20 09:28:42 +0000: Memory Usage (145904K) : Starting SG13G2 LVS Comparison
2026-08-20 09:28:42 +0000: Memory Usage (145904K) : xxxxxxxxxxxxxxxxxxxxxxxxxxxxxxxxxxxxxxxxxx
2026-08-20 09:28:42 +0000: Memory Usage (145904K) : ERROR : Netlists don't match
2026-08-20 09:28:42 +0000: Memory Usage (145904K) : xxxxxxxxxxxxxxxxxxxxxxxxxxxxxxxxxxxxxxxxxx
2026-08-20 09:28:42 +0000: Memory Usage (145904K) : LVS Total Run time 1.746471 seconds
2026-08-20 09:32:13 +0000: Memory Usage (128784K) : Starting running SG13G2 Klayout LVS runset on /workspace/layout/blocks/out/term_stage/_bisect/full.gds
2026-08-20 09:32:13 +0000: Memory Usage (128784K) : Ruby Version for klayout: 3.2.3
2026-08-20 09:32:13 +0000: Memory Usage (129880K) : Loading database to memory is complete.
2026-08-20 09:32:13 +0000: Memory Usage (129880K) : SG13G2 Klayout LVS runset output at: /workspace/layout/blocks/out/term_stage/_bisect/full/full.lvsdb
2026-08-20 09:32:13 +0000: Memory Usage (129880K) : Evaluate switches.
2026-08-20 09:32:13 +0000: Memory Usage (129880K) : Extracted netlist with net names: true
2026-08-20 09:32:13 +0000: Memory Usage (129880K) : Extracted netlist with comments in details: false
2026-08-20 09:32:13 +0000: Memory Usage (129880K) : Selected NET_ONLY option: false
2026-08-20 09:32:13 +0000: Memory Usage (129880K) : Selected LAYOUT_NETLIST option: (none)
2026-08-20 09:32:13 +0000: Memory Usage (129880K) : Selected IGNORE_TOP_PORTS_MISMATCH option: true
2026-08-20 09:32:13 +0000: Memory Usage (129880K) : Selected IMPLICIT_NETS option: sub,sub!
2026-08-20 09:32:13 +0000: Memory Usage (129880K) : Selected TOP_LVL_PINS option: false
2026-08-20 09:32:13 +0000: Memory Usage (129880K) : Selected COMBINE DEVICES option: false
2026-08-20 09:32:13 +0000: Memory Usage (129880K) : Selected PURGE option: false
2026-08-20 09:32:13 +0000: Memory Usage (129880K) : Selected PURGE_NETS option: false
2026-08-20 09:32:13 +0000: Memory Usage (129880K) : Selected SIMPLIFY option: true
2026-08-20 09:32:13 +0000: Memory Usage (129880K) : Selected SERIES_RES option: true
2026-08-20 09:32:13 +0000: Memory Usage (129880K) : Selected PARALLEL_RES option: true
2026-08-20 09:32:13 +0000: Memory Usage (129880K) : Selected DISABLE_TAP_EXTRACTION option: true
2026-08-20 09:32:13 +0000: Memory Usage (129880K) : deep  mode is enabled.
2026-08-20 09:32:13 +0000: Memory Usage (129880K) : Applying implicit connections (case-sensitive, pattern supported) for nets: sub, sub!
2026-08-20 09:32:13 +0000: Memory Usage (131120K) : Netlist file: /workspace/layout/blocks/out/term_stage/_bisect/full.cdl
2026-08-20 09:32:13 +0000: Memory Usage (131120K) : LVS extracted netlist at: /workspace/layout/blocks/out/term_stage/_bisect/full/full_extracted.cir
2026-08-20 09:32:13 +0000: Memory Usage (131120K) : Applying SRAM integration support.
2026-08-20 09:32:13 +0000: Memory Usage (131120K) : Starting SG13G2 LVS runset
2026-08-20 09:32:13 +0000: Memory Usage (131120K) : Read in polygons from layers.
2026-08-20 09:32:13 +0000: Memory Usage (132484K) : activ_drw has 130 polygons
2026-08-20 09:32:13 +0000: Memory Usage (132484K) : activ_filler has 0 polygons
2026-08-20 09:32:13 +0000: Memory Usage (132612K) : activ has 130 polygons
2026-08-20 09:32:13 +0000: Memory Usage (132612K) : activ_pin has 0 polygons
2026-08-20 09:32:13 +0000: Memory Usage (132612K) : activ_mask has 0 polygons
2026-08-20 09:32:13 +0000: Memory Usage (132612K) : activ_nofill has 0 polygons
2026-08-20 09:32:13 +0000: Memory Usage (132668K) : activ_OPC has 0 polygons
2026-08-20 09:32:13 +0000: Memory Usage (133180K) : activ_iOPC has 0 polygons
2026-08-20 09:32:13 +0000: Memory Usage (133180K) : activ_noqrc has 0 polygons
2026-08-20 09:32:13 +0000: Memory Usage (133180K) : biwind_drw has 0 polygons
2026-08-20 09:32:13 +0000: Memory Usage (133180K) : biwind_OPC has 0 polygons
2026-08-20 09:32:13 +0000: Memory Usage (133180K) : gatpoly_drw has 25 polygons
2026-08-20 09:32:13 +0000: Memory Usage (133180K) : gatpoly_filler has 0 polygons
2026-08-20 09:32:13 +0000: Memory Usage (133180K) : gatpoly has 25 polygons
2026-08-20 09:32:13 +0000: Memory Usage (133180K) : gatpoly_pin has 0 polygons
2026-08-20 09:32:13 +0000: Memory Usage (133180K) : gatpoly_nofill has 0 polygons
2026-08-20 09:32:13 +0000: Memory Usage (133180K) : gatpoly_OPC has 0 polygons
2026-08-20 09:32:13 +0000: Memory Usage (133180K) : gatpoly_iOPC has 0 polygons
2026-08-20 09:32:13 +0000: Memory Usage (133180K) : gatpoly_noqrc has 0 polygons
2026-08-20 09:32:13 +0000: Memory Usage (133180K) : cont_drw has 6147 polygons
2026-08-20 09:32:13 +0000: Memory Usage (133180K) : cont_OPC has 0 polygons
2026-08-20 09:32:13 +0000: Memory Usage (133180K) : nsd_drw has 0 polygons
2026-08-20 09:32:13 +0000: Memory Usage (133180K) : nsd_block has 0 polygons
2026-08-20 09:32:13 +0000: Memory Usage (133180K) : metal1_drw has 268 polygons
2026-08-20 09:32:13 +0000: Memory Usage (133180K) : metal1_filler has 0 polygons
2026-08-20 09:32:13 +0000: Memory Usage (133180K) : metal1_slit has 0 polygons
2026-08-20 09:32:13 +0000: Memory Usage (133436K) : metal1 has 268 polygons
2026-08-20 09:32:13 +0000: Memory Usage (133436K) : metal1_pin has 112 polygons
2026-08-20 09:32:13 +0000: Memory Usage (133564K) : metal1_mask has 0 polygons
2026-08-20 09:32:13 +0000: Memory Usage (133564K) : metal1_nofill has 0 polygons
2026-08-20 09:32:13 +0000: Memory Usage (133820K) : metal1_text has 4 polygons
2026-08-20 09:32:13 +0000: Memory Usage (133948K) : metal1_OPC has 0 polygons
2026-08-20 09:32:13 +0000: Memory Usage (133948K) : metal1_noqrc has 0 polygons
2026-08-20 09:32:13 +0000: Memory Usage (133948K) : metal1_res has 0 polygons
2026-08-20 09:32:13 +0000: Memory Usage (134076K) : metal1_iprobe has 0 polygons
2026-08-20 09:32:13 +0000: Memory Usage (134076K) : metal1_diffprb has 0 polygons
2026-08-20 09:32:13 +0000: Memory Usage (134076K) : passiv_drw has 2 polygons
2026-08-20 09:32:13 +0000: Memory Usage (134076K) : passiv_pin has 0 polygons
2026-08-20 09:32:13 +0000: Memory Usage (134204K) : passiv_sbump has 0 polygons
2026-08-20 09:32:13 +0000: Memory Usage (134204K) : passiv_pillar has 0 polygons
2026-08-20 09:32:13 +0000: Memory Usage (134204K) : passiv_pdl has 0 polygons
2026-08-20 09:32:13 +0000: Memory Usage (134204K) : metal2_drw has 69 polygons
2026-08-20 09:32:13 +0000: Memory Usage (134332K) : metal2_filler has 0 polygons
2026-08-20 09:32:13 +0000: Memory Usage (134332K) : metal2_slit has 0 polygons
2026-08-20 09:32:13 +0000: Memory Usage (134332K) : metal2 has 69 polygons
2026-08-20 09:32:13 +0000: Memory Usage (134332K) : metal2_pin has 8 polygons
2026-08-20 09:32:13 +0000: Memory Usage (134332K) : metal2_mask has 0 polygons
2026-08-20 09:32:13 +0000: Memory Usage (134460K) : metal2_nofill has 0 polygons
2026-08-20 09:32:13 +0000: Memory Usage (134460K) : metal2_text has 4 polygons
2026-08-20 09:32:13 +0000: Memory Usage (134460K) : metal2_OPC has 0 polygons
2026-08-20 09:32:13 +0000: Memory Usage (134460K) : metal2_noqrc has 0 polygons
2026-08-20 09:32:13 +0000: Memory Usage (134460K) : metal2_res has 0 polygons
2026-08-20 09:32:13 +0000: Memory Usage (134588K) : metal2_iprobe has 0 polygons
2026-08-20 09:32:13 +0000: Memory Usage (134588K) : metal2_diffprb has 0 polygons
2026-08-20 09:32:13 +0000: Memory Usage (134588K) : baspoly_drw has 0 polygons
2026-08-20 09:32:13 +0000: Memory Usage (134588K) : baspoly_pin has 0 polygons
2026-08-20 09:32:13 +0000: Memory Usage (134716K) : psd_drw has 119 polygons
2026-08-20 09:32:13 +0000: Memory Usage (134716K) : nldb_drw has 0 polygons
2026-08-20 09:32:13 +0000: Memory Usage (134716K) : digibnd_drw has 0 polygons
2026-08-20 09:32:13 +0000: Memory Usage (134716K) : via1_drw has 1907 polygons
2026-08-20 09:32:13 +0000: Memory Usage (134844K) : backmetal1_drw has 0 polygons
2026-08-20 09:32:13 +0000: Memory Usage (134844K) : backmetal1_pin has 0 polygons
2026-08-20 09:32:13 +0000: Memory Usage (134844K) : backmetal1_mask has 0 polygons
2026-08-20 09:32:13 +0000: Memory Usage (134972K) : backmetal1_filler has 0 polygons
2026-08-20 09:32:13 +0000: Memory Usage (134972K) : backmetal1_nofill has 0 polygons
2026-08-20 09:32:13 +0000: Memory Usage (134972K) : backmetal1_slit has 0 polygons
2026-08-20 09:32:13 +0000: Memory Usage (134972K) : backmetal1_text has 0 polygons
2026-08-20 09:32:13 +0000: Memory Usage (135100K) : backmetal1_OPC has 0 polygons
2026-08-20 09:32:13 +0000: Memory Usage (135100K) : backmetal1_noqrc has 0 polygons
2026-08-20 09:32:13 +0000: Memory Usage (135100K) : backmetal1_res has 0 polygons
2026-08-20 09:32:13 +0000: Memory Usage (135100K) : backmetal1_iprobe has 0 polygons
2026-08-20 09:32:13 +0000: Memory Usage (135228K) : backmetal1_diffprb has 0 polygons
2026-08-20 09:32:13 +0000: Memory Usage (135228K) : backpassiv_drw has 0 polygons
2026-08-20 09:32:13 +0000: Memory Usage (135228K) : res_drw has 2 polygons
2026-08-20 09:32:13 +0000: Memory Usage (135356K) : sram_drw has 0 polygons
2026-08-20 09:32:13 +0000: Memory Usage (135356K) : trans_drw has 0 polygons
2026-08-20 09:32:13 +0000: Memory Usage (135356K) : ind_drw has 0 polygons
2026-08-20 09:32:13 +0000: Memory Usage (135356K) : ind_pin has 0 polygons
2026-08-20 09:32:13 +0000: Memory Usage (135484K) : ind_text has 0 polygons
2026-08-20 09:32:13 +0000: Memory Usage (135484K) : salblock_drw has 14 polygons
2026-08-20 09:32:13 +0000: Memory Usage (135484K) : via2_drw has 850 polygons
2026-08-20 09:32:13 +0000: Memory Usage (135484K) : metal3_drw has 61 polygons
2026-08-20 09:32:13 +0000: Memory Usage (135484K) : metal3_filler has 0 polygons
2026-08-20 09:32:13 +0000: Memory Usage (135484K) : metal3_slit has 0 polygons
2026-08-20 09:32:13 +0000: Memory Usage (135484K) : metal3 has 61 polygons
2026-08-20 09:32:13 +0000: Memory Usage (135612K) : metal3_pin has 2 polygons
2026-08-20 09:32:13 +0000: Memory Usage (135612K) : metal3_mask has 0 polygons
2026-08-20 09:32:13 +0000: Memory Usage (135612K) : metal3_nofill has 0 polygons
2026-08-20 09:32:13 +0000: Memory Usage (135612K) : metal3_text has 0 polygons
2026-08-20 09:32:13 +0000: Memory Usage (135612K) : metal3_OPC has 0 polygons
2026-08-20 09:32:13 +0000: Memory Usage (135740K) : metal3_noqrc has 0 polygons
2026-08-20 09:32:13 +0000: Memory Usage (135740K) : metal3_res has 0 polygons
2026-08-20 09:32:13 +0000: Memory Usage (135740K) : metal3_iprobe has 0 polygons
2026-08-20 09:32:13 +0000: Memory Usage (135740K) : metal3_diffprb has 0 polygons
2026-08-20 09:32:13 +0000: Memory Usage (135740K) : nwell_drw has 14 polygons
2026-08-20 09:32:13 +0000: Memory Usage (135740K) : nwell_pin has 0 polygons
2026-08-20 09:32:13 +0000: Memory Usage (135868K) : nwell_text has 0 polygons
2026-08-20 09:32:13 +0000: Memory Usage (135868K) : nbulay_drw has 1 polygons
2026-08-20 09:32:13 +0000: Memory Usage (135868K) : nbulay_pin has 0 polygons
2026-08-20 09:32:13 +0000: Memory Usage (135868K) : nbulay_block has 0 polygons
2026-08-20 09:32:13 +0000: Memory Usage (135868K) : emwind_drw has 0 polygons
2026-08-20 09:32:13 +0000: Memory Usage (135868K) : emwind_OPC has 0 polygons
2026-08-20 09:32:13 +0000: Memory Usage (135996K) : deepco_drw has 0 polygons
2026-08-20 09:32:13 +0000: Memory Usage (135996K) : mim_drw has 1 polygons
2026-08-20 09:32:13 +0000: Memory Usage (135996K) : edgeseal_drw has 0 polygons
2026-08-20 09:32:13 +0000: Memory Usage (135996K) : substrate_drw has 100 polygons
2026-08-20 09:32:13 +0000: Memory Usage (135996K) : substrate_text has 0 polygons
2026-08-20 09:32:13 +0000: Memory Usage (135996K) : dfpad_drw has 2 polygons
2026-08-20 09:32:13 +0000: Memory Usage (135996K) : dfpad_pillar has 0 polygons
2026-08-20 09:32:13 +0000: Memory Usage (136124K) : dfpad_sbump has 0 polygons
2026-08-20 09:32:13 +0000: Memory Usage (136124K) : thickgateox_drw has 1 polygons
2026-08-20 09:32:13 +0000: Memory Usage (136124K) : pldb_drw has 0 polygons
2026-08-20 09:32:13 +0000: Memory Usage (136124K) : pwell_drw has 0 polygons
2026-08-20 09:32:13 +0000: Memory Usage (136252K) : pwell_pin has 0 polygons
2026-08-20 09:32:13 +0000: Memory Usage (136252K) : pwell_block has 0 polygons
2026-08-20 09:32:13 +0000: Memory Usage (136252K) : ic_drw has 0 polygons
2026-08-20 09:32:13 +0000: Memory Usage (136252K) : via3_drw has 1058 polygons
2026-08-20 09:32:13 +0000: Memory Usage (136380K) : metal4_drw has 30 polygons
2026-08-20 09:32:13 +0000: Memory Usage (136380K) : metal4_filler has 0 polygons
2026-08-20 09:32:13 +0000: Memory Usage (136380K) : metal4_slit has 0 polygons
2026-08-20 09:32:13 +0000: Memory Usage (136380K) : metal4 has 30 polygons
2026-08-20 09:32:13 +0000: Memory Usage (136380K) : metal4_pin has 0 polygons
2026-08-20 09:32:13 +0000: Memory Usage (136508K) : metal4_mask has 0 polygons
2026-08-20 09:32:13 +0000: Memory Usage (136508K) : metal4_nofill has 0 polygons
2026-08-20 09:32:13 +0000: Memory Usage (136508K) : metal4_text has 4 polygons
2026-08-20 09:32:13 +0000: Memory Usage (136508K) : metal4_OPC has 0 polygons
2026-08-20 09:32:13 +0000: Memory Usage (136508K) : metal4_noqrc has 0 polygons
2026-08-20 09:32:13 +0000: Memory Usage (136508K) : metal4_res has 0 polygons
2026-08-20 09:32:13 +0000: Memory Usage (136508K) : metal4_iprobe has 0 polygons
2026-08-20 09:32:13 +0000: Memory Usage (136636K) : metal4_diffprb has 0 polygons
2026-08-20 09:32:13 +0000: Memory Usage (136636K) : heattrans_drw has 0 polygons
2026-08-20 09:32:13 +0000: Memory Usage (136636K) : heatres_drw has 4 polygons
2026-08-20 09:32:13 +0000: Memory Usage (136636K) : fbe_drw has 0 polygons
2026-08-20 09:32:13 +0000: Memory Usage (136636K) : empoly_drw has 0 polygons
2026-08-20 09:32:13 +0000: Memory Usage (136764K) : digisub_drw has 0 polygons
2026-08-20 09:32:13 +0000: Memory Usage (136764K) : text_drw has 126 polygons
2026-08-20 09:32:13 +0000: Memory Usage (136764K) : via4_drw has 1050 polygons
2026-08-20 09:32:13 +0000: Memory Usage (136764K) : metal5_drw has 51 polygons
2026-08-20 09:32:13 +0000: Memory Usage (136764K) : metal5_filler has 0 polygons
2026-08-20 09:32:13 +0000: Memory Usage (136764K) : metal5_slit has 0 polygons
2026-08-20 09:32:13 +0000: Memory Usage (136892K) : metal5 has 51 polygons
2026-08-20 09:32:13 +0000: Memory Usage (136892K) : metal5_pin has 0 polygons
2026-08-20 09:32:13 +0000: Memory Usage (136892K) : metal5_mask has 0 polygons
2026-08-20 09:32:13 +0000: Memory Usage (136892K) : metal5_nofill has 0 polygons
2026-08-20 09:32:13 +0000: Memory Usage (136892K) : metal5_text has 0 polygons
2026-08-20 09:32:13 +0000: Memory Usage (136892K) : metal5_OPC has 0 polygons
2026-08-20 09:32:13 +0000: Memory Usage (137020K) : metal5_noqrc has 0 polygons
2026-08-20 09:32:13 +0000: Memory Usage (137020K) : metal5_res has 0 polygons
2026-08-20 09:32:13 +0000: Memory Usage (137020K) : metal5_iprobe has 0 polygons
2026-08-20 09:32:13 +0000: Memory Usage (137020K) : metal5_diffprb has 0 polygons
2026-08-20 09:32:13 +0000: Memory Usage (137020K) : radhard_drw has 0 polygons
2026-08-20 09:32:13 +0000: Memory Usage (137020K) : memcap_drw has 0 polygons
2026-08-20 09:32:13 +0000: Memory Usage (137148K) : varicap_drw has 0 polygons
2026-08-20 09:32:13 +0000: Memory Usage (137148K) : intbondvia_drw has 0 polygons
2026-08-20 09:32:13 +0000: Memory Usage (137148K) : intbondmet_drw has 0 polygons
2026-08-20 09:32:13 +0000: Memory Usage (137148K) : devbondvia_drw has 0 polygons
2026-08-20 09:32:13 +0000: Memory Usage (137148K) : devbondmet_drw has 0 polygons
2026-08-20 09:32:13 +0000: Memory Usage (137148K) : devtrench_drw has 0 polygons
2026-08-20 09:32:13 +0000: Memory Usage (137276K) : redist_drw has 0 polygons
2026-08-20 09:32:13 +0000: Memory Usage (137276K) : graphbot_drw has 0 polygons
2026-08-20 09:32:13 +0000: Memory Usage (137276K) : graphtop_drw has 0 polygons
2026-08-20 09:32:13 +0000: Memory Usage (137276K) : antvia1_drw has 0 polygons
2026-08-20 09:32:13 +0000: Memory Usage (137404K) : antmetal2_drw has 0 polygons
2026-08-20 09:32:13 +0000: Memory Usage (137404K) : graphcont_drw has 0 polygons
2026-08-20 09:32:13 +0000: Memory Usage (137404K) : siwg_drw has 0 polygons
2026-08-20 09:32:13 +0000: Memory Usage (137404K) : siwg_filler has 0 polygons
2026-08-20 09:32:13 +0000: Memory Usage (137404K) : siwg_nofill has 0 polygons
2026-08-20 09:32:13 +0000: Memory Usage (137404K) : sigrating_drw has 0 polygons
2026-08-20 09:32:13 +0000: Memory Usage (137404K) : singrating_drw has 0 polygons
2026-08-20 09:32:13 +0000: Memory Usage (137532K) : graphpas_drw has 0 polygons
2026-08-20 09:32:13 +0000: Memory Usage (137532K) : emwind3_drw has 0 polygons
2026-08-20 09:32:13 +0000: Memory Usage (137532K) : emwihv3_drw has 0 polygons
2026-08-20 09:32:13 +0000: Memory Usage (137532K) : redbulay_drw has 0 polygons
2026-08-20 09:32:13 +0000: Memory Usage (137532K) : smos_drw has 0 polygons
2026-08-20 09:32:13 +0000: Memory Usage (137532K) : graphpad_drw has 0 polygons
2026-08-20 09:32:13 +0000: Memory Usage (137660K) : polimide_drw has 0 polygons
2026-08-20 09:32:13 +0000: Memory Usage (137660K) : polimide_pin has 0 polygons
2026-08-20 09:32:13 +0000: Memory Usage (137660K) : recog_drw has 1 polygons
2026-08-20 09:32:13 +0000: Memory Usage (137660K) : recog_pin has 0 polygons
2026-08-20 09:32:13 +0000: Memory Usage (137660K) : recog_esd has 5 polygons
2026-08-20 09:32:13 +0000: Memory Usage (137788K) : recog_diode has 0 polygons
2026-08-20 09:32:13 +0000: Memory Usage (137788K) : recog_tsv has 0 polygons
2026-08-20 09:32:13 +0000: Memory Usage (137788K) : recog_iprobe has 0 polygons
2026-08-20 09:32:13 +0000: Memory Usage (137788K) : recog_diffprb has 0 polygons
2026-08-20 09:32:13 +0000: Memory Usage (137788K) : recog_pillar has 0 polygons
2026-08-20 09:32:13 +0000: Memory Usage (137916K) : recog_sbump has 0 polygons
2026-08-20 09:32:13 +0000: Memory Usage (137916K) : recog_otp has 0 polygons
2026-08-20 09:32:13 +0000: Memory Usage (137916K) : recog_pdiode has 0 polygons
2026-08-20 09:32:13 +0000: Memory Usage (137916K) : recog_mom has 0 polygons
2026-08-20 09:32:13 +0000: Memory Usage (138044K) : recog_momf has 0 polygons
2026-08-20 09:32:13 +0000: Memory Usage (138044K) : recog_pcm has 0 polygons
2026-08-20 09:32:13 +0000: Memory Usage (138044K) : colopen_drw has 0 polygons
2026-08-20 09:32:13 +0000: Memory Usage (138044K) : graphmetal1_drw has 0 polygons
2026-08-20 09:32:13 +0000: Memory Usage (138172K) : graphmetal1_filler has 0 polygons
2026-08-20 09:32:13 +0000: Memory Usage (138172K) : graphmetal1_nofill has 0 polygons
2026-08-20 09:32:13 +0000: Memory Usage (138172K) : graphmetal1_slit has 0 polygons
2026-08-20 09:32:13 +0000: Memory Usage (138172K) : graphmetal1_OPC has 0 polygons
2026-08-20 09:32:13 +0000: Memory Usage (138300K) : graphmet1l_drw has 0 polygons
2026-08-20 09:32:13 +0000: Memory Usage (138300K) : graphmet1l_filler has 0 polygons
2026-08-20 09:32:13 +0000: Memory Usage (138300K) : graphmet1l_nofill has 0 polygons
2026-08-20 09:32:13 +0000: Memory Usage (138300K) : graphmet1l_slit has 0 polygons
2026-08-20 09:32:13 +0000: Memory Usage (138428K) : graphmet1l_OPC has 0 polygons
2026-08-20 09:32:13 +0000: Memory Usage (138428K) : extblock_drw has 12 polygons
2026-08-20 09:32:13 +0000: Memory Usage (138428K) : nldd_drw has 0 polygons
2026-08-20 09:32:13 +0000: Memory Usage (138428K) : pldd_drw has 0 polygons
2026-08-20 09:32:13 +0000: Memory Usage (138556K) : next_drw has 0 polygons
2026-08-20 09:32:13 +0000: Memory Usage (138556K) : pext_drw has 0 polygons
2026-08-20 09:32:13 +0000: Memory Usage (138556K) : nexthv_drw has 0 polygons
2026-08-20 09:32:13 +0000: Memory Usage (138556K) : pexthv_drw has 0 polygons
2026-08-20 09:32:13 +0000: Memory Usage (138684K) : graphgate_drw has 0 polygons
2026-08-20 09:32:13 +0000: Memory Usage (138684K) : sinwg_drw has 0 polygons
2026-08-20 09:32:13 +0000: Memory Usage (138684K) : sinwg_filler has 0 polygons
2026-08-20 09:32:13 +0000: Memory Usage (138812K) : sinwg_nofill has 0 polygons
2026-08-20 09:32:13 +0000: Memory Usage (138812K) : mempad_drw has 0 polygons
2026-08-20 09:32:13 +0000: Memory Usage (138812K) : topvia1_drw has 487 polygons
2026-08-20 09:32:13 +0000: Memory Usage (138812K) : topmetal1_drw has 36 polygons
2026-08-20 09:32:13 +0000: Memory Usage (138940K) : topmetal1_filler has 0 polygons
2026-08-20 09:32:13 +0000: Memory Usage (138940K) : topmetal1_slit has 0 polygons
2026-08-20 09:32:13 +0000: Memory Usage (138940K) : topmetal1 has 36 polygons
2026-08-20 09:32:13 +0000: Memory Usage (138940K) : topmetal1_pin has 0 polygons
2026-08-20 09:32:13 +0000: Memory Usage (139068K) : topmetal1_mask has 0 polygons
2026-08-20 09:32:13 +0000: Memory Usage (139068K) : topmetal1_nofill has 0 polygons
2026-08-20 09:32:13 +0000: Memory Usage (139068K) : topmetal1_text has 0 polygons
2026-08-20 09:32:13 +0000: Memory Usage (139068K) : topmetal1_noqrc has 0 polygons
2026-08-20 09:32:13 +0000: Memory Usage (139196K) : topmetal1_res has 0 polygons
2026-08-20 09:32:13 +0000: Memory Usage (139196K) : topmetal1_iprobe has 0 polygons
2026-08-20 09:32:13 +0000: Memory Usage (139324K) : topmetal1_diffprb has 0 polygons
2026-08-20 09:32:13 +0000: Memory Usage (139324K) : inldpwl_drw has 0 polygons
2026-08-20 09:32:13 +0000: Memory Usage (139324K) : polyres_drw has 4 polygons
2026-08-20 09:32:13 +0000: Memory Usage (139452K) : polyres_pin has 0 polygons
2026-08-20 09:32:13 +0000: Memory Usage (139452K) : vmim_drw has 225 polygons
2026-08-20 09:32:13 +0000: Memory Usage (139452K) : nbulaycut_drw has 0 polygons
2026-08-20 09:32:13 +0000: Memory Usage (139452K) : antmetal1_drw has 0 polygons
2026-08-20 09:32:13 +0000: Memory Usage (139580K) : topvia2_drw has 210 polygons
2026-08-20 09:32:13 +0000: Memory Usage (139580K) : topmetal2_drw has 24 polygons
2026-08-20 09:32:13 +0000: Memory Usage (139580K) : topmetal2_filler has 0 polygons
2026-08-20 09:32:13 +0000: Memory Usage (139708K) : topmetal2_slit has 0 polygons
2026-08-20 09:32:13 +0000: Memory Usage (139708K) : topmetal2 has 24 polygons
2026-08-20 09:32:13 +0000: Memory Usage (139708K) : topmetal2_pin has 0 polygons
2026-08-20 09:32:13 +0000: Memory Usage (139836K) : topmetal2_mask has 0 polygons
2026-08-20 09:32:13 +0000: Memory Usage (139836K) : topmetal2_nofill has 0 polygons
2026-08-20 09:32:13 +0000: Memory Usage (139836K) : topmetal2_text has 4 polygons
2026-08-20 09:32:13 +0000: Memory Usage (139836K) : topmetal2_noqrc has 0 polygons
2026-08-20 09:32:13 +0000: Memory Usage (139964K) : topmetal2_res has 0 polygons
2026-08-20 09:32:13 +0000: Memory Usage (139964K) : topmetal2_iprobe has 0 polygons
2026-08-20 09:32:13 +0000: Memory Usage (140092K) : topmetal2_diffprb has 0 polygons
2026-08-20 09:32:13 +0000: Memory Usage (140092K) : snsring_drw has 0 polygons
2026-08-20 09:32:13 +0000: Memory Usage (140092K) : sensor_drw has 0 polygons
2026-08-20 09:32:13 +0000: Memory Usage (140220K) : snsarms_drw has 0 polygons
2026-08-20 09:32:13 +0000: Memory Usage (140220K) : snscmosvia_drw has 0 polygons
2026-08-20 09:32:13 +0000: Memory Usage (140220K) : colwind_drw has 0 polygons
2026-08-20 09:32:13 +0000: Memory Usage (140220K) : flm_drw has 0 polygons
2026-08-20 09:32:13 +0000: Memory Usage (140220K) : hafniumox_drw has 0 polygons
2026-08-20 09:32:13 +0000: Memory Usage (140220K) : memvia_drw has 0 polygons
2026-08-20 09:32:13 +0000: Memory Usage (140220K) : thinfilmres_drw has 0 polygons
2026-08-20 09:32:13 +0000: Memory Usage (140220K) : rfmem_drw has 0 polygons
2026-08-20 09:32:13 +0000: Memory Usage (140220K) : norcx_drw has 0 polygons
2026-08-20 09:32:13 +0000: Memory Usage (140220K) : norcx_m2m3 has 0 polygons
2026-08-20 09:32:13 +0000: Memory Usage (140220K) : norcx_m2m4 has 0 polygons
2026-08-20 09:32:13 +0000: Memory Usage (140220K) : norcx_m2m5 has 0 polygons
2026-08-20 09:32:13 +0000: Memory Usage (140220K) : norcx_m2tm1 has 0 polygons
2026-08-20 09:32:13 +0000: Memory Usage (140220K) : norcx_m2tm2 has 0 polygons
2026-08-20 09:32:13 +0000: Memory Usage (140220K) : norcx_m3m4 has 0 polygons
2026-08-20 09:32:13 +0000: Memory Usage (140220K) : norcx_m3m5 has 0 polygons
2026-08-20 09:32:13 +0000: Memory Usage (140220K) : norcx_m3tm1 has 0 polygons
2026-08-20 09:32:13 +0000: Memory Usage (140220K) : norcx_m3tm2 has 0 polygons
2026-08-20 09:32:13 +0000: Memory Usage (140220K) : norcx_m4m5 has 0 polygons
2026-08-20 09:32:13 +0000: Memory Usage (140220K) : norcx_m4tm1 has 0 polygons
2026-08-20 09:32:13 +0000: Memory Usage (140220K) : norcx_m4tm2 has 0 polygons
2026-08-20 09:32:13 +0000: Memory Usage (140220K) : norcx_m5tm1 has 0 polygons
2026-08-20 09:32:13 +0000: Memory Usage (140220K) : norcx_m5tm2 has 0 polygons
2026-08-20 09:32:13 +0000: Memory Usage (140220K) : norcx_tm1tm2 has 0 polygons
2026-08-20 09:32:13 +0000: Memory Usage (140220K) : norcx_m1sub has 0 polygons
2026-08-20 09:32:13 +0000: Memory Usage (140220K) : norcx_m2sub has 0 polygons
2026-08-20 09:32:13 +0000: Memory Usage (140220K) : norcx_m3sub has 0 polygons
2026-08-20 09:32:13 +0000: Memory Usage (140220K) : norcx_m4sub has 0 polygons
2026-08-20 09:32:13 +0000: Memory Usage (140220K) : norcx_m5sub has 0 polygons
2026-08-20 09:32:13 +0000: Memory Usage (140220K) : norcx_tm1sub has 0 polygons
2026-08-20 09:32:13 +0000: Memory Usage (140220K) : norcx_tm2sub has 0 polygons
2026-08-20 09:32:13 +0000: Memory Usage (140220K) : snsbotvia_drw has 0 polygons
2026-08-20 09:32:13 +0000: Memory Usage (140220K) : snstopvia_drw has 0 polygons
2026-08-20 09:32:13 +0000: Memory Usage (140220K) : deepvia_drw has 0 polygons
2026-08-20 09:32:13 +0000: Memory Usage (140220K) : fgetch_drw has 0 polygons
2026-08-20 09:32:13 +0000: Memory Usage (140220K) : ctrgat_drw has 0 polygons
2026-08-20 09:32:13 +0000: Memory Usage (140220K) : fgimp_drw has 0 polygons
2026-08-20 09:32:13 +0000: Memory Usage (140220K) : emwihv_drw has 0 polygons
2026-08-20 09:32:13 +0000: Memory Usage (140220K) : lbe_drw has 0 polygons
2026-08-20 09:32:13 +0000: Memory Usage (140220K) : alcustop_drw has 0 polygons
2026-08-20 09:32:13 +0000: Memory Usage (140220K) : nometfiller_drw has 0 polygons
2026-08-20 09:32:13 +0000: Memory Usage (140220K) : prboundary_drw has 0 polygons
2026-08-20 09:32:13 +0000: Memory Usage (140220K) : exchange0_drw has 0 polygons
2026-08-20 09:32:13 +0000: Memory Usage (140220K) : exchange0_pin has 0 polygons
2026-08-20 09:32:13 +0000: Memory Usage (140220K) : exchange0_text has 0 polygons
2026-08-20 09:32:13 +0000: Memory Usage (140220K) : exchange1_drw has 0 polygons
2026-08-20 09:32:13 +0000: Memory Usage (140220K) : exchange1_pin has 0 polygons
2026-08-20 09:32:13 +0000: Memory Usage (140220K) : exchange1_text has 0 polygons
2026-08-20 09:32:13 +0000: Memory Usage (140220K) : exchange2_drw has 0 polygons
2026-08-20 09:32:13 +0000: Memory Usage (140220K) : exchange2_pin has 0 polygons
2026-08-20 09:32:13 +0000: Memory Usage (140220K) : exchange2_text has 0 polygons
2026-08-20 09:32:13 +0000: Memory Usage (140220K) : exchange3_drw has 0 polygons
2026-08-20 09:32:13 +0000: Memory Usage (140220K) : exchange3_pin has 0 polygons
2026-08-20 09:32:13 +0000: Memory Usage (140220K) : exchange3_text has 0 polygons
2026-08-20 09:32:13 +0000: Memory Usage (140220K) : exchange4_drw has 0 polygons
2026-08-20 09:32:13 +0000: Memory Usage (140220K) : exchange4_pin has 0 polygons
2026-08-20 09:32:13 +0000: Memory Usage (140220K) : exchange4_text has 0 polygons
2026-08-20 09:32:13 +0000: Memory Usage (140220K) : isonwell_drw has 0 polygons
2026-08-20 09:32:13 +0000: Memory Usage (140220K) : Total no. of polygons in the design is 13174
2026-08-20 09:32:13 +0000: Memory Usage (140220K) : Starting base layers derivations
2026-08-20 09:32:13 +0000: Memory Usage (140220K) : Starting general LVS derivations
2026-08-20 09:32:13 +0000: Memory Usage (144272K) : Starting MOSFET DERIVATIONS
2026-08-20 09:32:13 +0000: Memory Usage (145168K) : Starting NMOS DERIVATIONS
2026-08-20 09:32:13 +0000: Memory Usage (145168K) : Starting PMOS DERIVATIONS
2026-08-20 09:32:13 +0000: Memory Usage (145168K) : Starting RF-MOSFET DERIVATIONS
2026-08-20 09:32:13 +0000: Memory Usage (145168K) : Starting RF-NMOS DERIVATIONS
2026-08-20 09:32:13 +0000: Memory Usage (145168K) : Starting RF-PMOS DERIVATIONS
2026-08-20 09:32:13 +0000: Memory Usage (145168K) : Starting BJT DERIVATIONS
2026-08-20 09:32:13 +0000: Memory Usage (145168K) : Starting NPN-BJT DERIVATIONS
2026-08-20 09:32:13 +0000: Memory Usage (145168K) : Starting PNP-BJT DERIVATIONS
2026-08-20 09:32:13 +0000: Memory Usage (145168K) : Starting DIODE DERIVATIONS
2026-08-20 09:32:13 +0000: Memory Usage (145168K) : Starting RESISTOR DERIVATIONS
2026-08-20 09:32:13 +0000: Memory Usage (145424K) : Starting CAP DERIVATIONS
2026-08-20 09:32:14 +0000: Memory Usage (145424K) : Starting CAP_CMOM DERIVATIONS
2026-08-20 09:32:14 +0000: Memory Usage (145424K) : Starting CAP_CMOMF DERIVATIONS
2026-08-20 09:32:14 +0000: Memory Usage (145424K) : Starting ESD DERIVATIONS
2026-08-20 09:32:14 +0000: Memory Usage (145424K) : Starting Inductor DERIVATIONS
2026-08-20 09:32:14 +0000: Memory Usage (145680K) : Starting Taps DERIVATIONS
2026-08-20 09:32:14 +0000: Memory Usage (145808K) : Starting SG13G2 LVS connectivity setup
2026-08-20 09:32:14 +0000: Memory Usage (145808K) : Starting SG13G2 LVS connectivity setup (Inter-layer)
2026-08-20 09:32:14 +0000: Memory Usage (145936K) : Starting SG13G2 LVS connectivity setup (Global)
2026-08-20 09:32:14 +0000: Memory Usage (145936K) : Starting LVS MOSFET CONNECTIONS
2026-08-20 09:32:14 +0000: Memory Usage (145936K) : Starting LVS RF-MOSFET CONNECTIONS
2026-08-20 09:32:14 +0000: Memory Usage (145936K) : Starting LVS BJT CONNECTIONS
2026-08-20 09:32:14 +0000: Memory Usage (145936K) : Starting LVS DIODE CONNECTIONS
2026-08-20 09:32:14 +0000: Memory Usage (145936K) : Starting RESISTOR CONNECTIONS
2026-08-20 09:32:14 +0000: Memory Usage (145936K) : Starting LVS CAP CONNECTIONS
2026-08-20 09:32:14 +0000: Memory Usage (145936K) : Starting CAP_CMOM CONNECTIONS
2026-08-20 09:32:14 +0000: Memory Usage (145936K) : Starting CAP_CMOMF CONNECTIONS
2026-08-20 09:32:14 +0000: Memory Usage (145936K) : Starting ESD CONNECTIONS
2026-08-20 09:32:14 +0000: Memory Usage (145936K) : Starting Inductor CONNECTIONS
2026-08-20 09:32:14 +0000: Memory Usage (145936K) : Starting LVS Taps CONNECTIONS
2026-08-20 09:32:14 +0000: Memory Usage (145936K) : Starting SG13G2 LVS DEVICES EXTRACTION
2026-08-20 09:32:14 +0000: Memory Usage (145936K) : Starting MOSFET EXTRACTION
2026-08-20 09:32:14 +0000: Memory Usage (145936K) : Starting NMOS EXTRACTION
2026-08-20 09:32:14 +0000: Memory Usage (145936K) : Extraction of NMOS-LV transistor
2026-08-20 09:32:14 +0000: Memory Usage (146064K) : Extraction of NMOS-HV transistor
2026-08-20 09:32:14 +0000: Memory Usage (146064K) : Starting PMOS EXTRACTION
2026-08-20 09:32:14 +0000: Memory Usage (146064K) : Extraction of PMOS-LV transistor
2026-08-20 09:32:14 +0000: Memory Usage (146064K) : Extraction of PMOS-HV transistor
2026-08-20 09:32:14 +0000: Memory Usage (146064K) : Starting RF-MOSFET EXTRACTION
2026-08-20 09:32:14 +0000: Memory Usage (146064K) : Extraction of RF-NMOS-LV transistor
2026-08-20 09:32:14 +0000: Memory Usage (146064K) : Extraction of RF-NMOS-HV transistor
2026-08-20 09:32:14 +0000: Memory Usage (146064K) : Extraction of RF-PMOS-LV transistor
2026-08-20 09:32:14 +0000: Memory Usage (146064K) : Extraction of RF-PMOS-HV transistor
2026-08-20 09:32:14 +0000: Memory Usage (146064K) : Starting BJT EXTRACTION
2026-08-20 09:32:14 +0000: Memory Usage (146064K) : Starting NPN-BJT EXTRACTION
2026-08-20 09:32:14 +0000: Memory Usage (146064K) : Extraction of npn13G2 BJT transistor
2026-08-20 09:32:14 +0000: Memory Usage (146064K) : Extraction of npn13G2L BJT transistor
2026-08-20 09:32:14 +0000: Memory Usage (146064K) : Extraction of npn13G2V BJT transistor
2026-08-20 09:32:14 +0000: Memory Usage (146064K) : Starting PNP-BJT EXTRACTION
2026-08-20 09:32:14 +0000: Memory Usage (146064K) : Extracting pnpMPA BJT
2026-08-20 09:32:14 +0000: Memory Usage (146064K) : Starting DIODE EXTRACTION
2026-08-20 09:32:14 +0000: Memory Usage (146064K) : Extracting dantenna diode
2026-08-20 09:32:14 +0000: Memory Usage (146064K) : Extracting dpantenna diode
2026-08-20 09:32:14 +0000: Memory Usage (146064K) : Extracting schottky_nbl1 diode
2026-08-20 09:32:14 +0000: Memory Usage (146064K) : Extracting isolbox diode
2026-08-20 09:32:14 +0000: Memory Usage (146064K) : Starting RESISTOR EXTRACTION
2026-08-20 09:32:14 +0000: Memory Usage (146064K) : Extracting rsil resistor
2026-08-20 09:32:14 +0000: Memory Usage (146192K) : Extracting rppd resistor
2026-08-20 09:32:14 +0000: Memory Usage (146192K) : Extracting rhigh resistor
2026-08-20 09:32:14 +0000: Memory Usage (146192K) : Extracting res_metal1 resistor
2026-08-20 09:32:14 +0000: Memory Usage (146192K) : Extracting res_metal2 resistor
2026-08-20 09:32:14 +0000: Memory Usage (146192K) : Extracting res_metal3 resistor
2026-08-20 09:32:14 +0000: Memory Usage (146192K) : Extracting res_metal4 resistor
2026-08-20 09:32:14 +0000: Memory Usage (146192K) : Extracting res_metal5 resistor
2026-08-20 09:32:14 +0000: Memory Usage (146192K) : Extracting res_topmetal1 resistor
2026-08-20 09:32:14 +0000: Memory Usage (146192K) : Extracting res_topmetal2 resistor
2026-08-20 09:32:14 +0000: Memory Usage (146192K) : Starting CAP EXTRACTION
2026-08-20 09:32:14 +0000: Memory Usage (146192K) : Extracting cap_cmim device
2026-08-20 09:32:14 +0000: Memory Usage (146192K) : Extracting rfcmim device
2026-08-20 09:32:14 +0000: Memory Usage (146192K) : Extracting sg13_hv_svaricap varactor
2026-08-20 09:32:14 +0000: Memory Usage (146192K) : Extracting cap_cmomi device
2026-08-20 09:32:14 +0000: Memory Usage (146192K) : Extracting cap_cmomf device
2026-08-20 09:32:14 +0000: Memory Usage (146192K) : Extracting sg13_moscap_n capacitor
2026-08-20 09:32:14 +0000: Memory Usage (146192K) : Extracting sg13_moscap_p capacitor
2026-08-20 09:32:14 +0000: Memory Usage (146192K) : Starting ESD EXTRACTION
2026-08-20 09:32:14 +0000: Memory Usage (146192K) : Extracting diodevdd_2kv ESD device
2026-08-20 09:32:14 +0000: Memory Usage (146192K) : Extracting diodevdd_4kv ESD device
2026-08-20 09:32:14 +0000: Memory Usage (146192K) : Extracting diodevss_2kv ESD device
2026-08-20 09:32:14 +0000: Memory Usage (146192K) : Extracting diodevss_4kv ESD device
2026-08-20 09:32:14 +0000: Memory Usage (146192K) : Extracting idiodevdd_2kv ESD device
2026-08-20 09:32:14 +0000: Memory Usage (146192K) : Extracting idiodevdd_4kv ESD device
2026-08-20 09:32:14 +0000: Memory Usage (146192K) : Extracting idiodevss_2kv ESD device
2026-08-20 09:32:14 +0000: Memory Usage (146192K) : Extracting idiodevss_4kv ESD device
2026-08-20 09:32:14 +0000: Memory Usage (146192K) : Extracting nmoscl_2 ESD device
2026-08-20 09:32:14 +0000: Memory Usage (146192K) : Extracting nmoscl_4 ESD device
2026-08-20 09:32:14 +0000: Memory Usage (146192K) : Starting Inductor EXTRACTION
2026-08-20 09:32:14 +0000: Memory Usage (146192K) : Extracting Inductor2 device
2026-08-20 09:32:14 +0000: Memory Usage (146192K) : Extracting Inductor3 device
2026-08-20 09:32:14 +0000: Memory Usage (146192K) : Starting Taps EXTRACTION
2026-08-20 09:32:14 +0000: Memory Usage (146192K) : DISABLE_TAP_EXTRACTION is enabled: skipping ntap1/ptap1 device extraction.
2026-08-20 09:32:14 +0000: Memory Usage (146192K) : Starting SG13G2 LVS RF MOS Model Mapping
2026-08-20 09:32:14 +0000: Memory Usage (146320K) : [layout_netlist] Apply RF MOS model mapping and rfmode parameter.
2026-08-20 09:32:14 +0000: Memory Usage (146320K) : Starting SG13G2 LVS Options Preparations
2026-08-20 09:32:14 +0000: Memory Usage (146320K) : SG13G2 LVS flow: extraction -> alignment -> option preparation -> comparison.
2026-08-20 09:32:14 +0000: Memory Usage (146320K) : Starting SG13G2 LVS Alignment
2026-08-20 09:32:14 +0000: Memory Usage (146320K) : Starting SG13G2 LVS Simplification
2026-08-20 09:32:14 +0000: Memory Usage (146320K) : [layout_netlist] simplify: ENABLED
2026-08-20 09:32:14 +0000: Memory Usage (146320K) : [layout_netlist] make_top_level_pins: SKIPPED
2026-08-20 09:32:14 +0000: Memory Usage (146320K) : [layout_netlist] combine_devices: SKIPPED
2026-08-20 09:32:14 +0000: Memory Usage (146320K) : [layout_netlist] purge: SKIPPED
2026-08-20 09:32:14 +0000: Memory Usage (146320K) : [layout_netlist] purge_nets: SKIPPED
2026-08-20 09:32:14 +0000: Memory Usage (146320K) : [schematic_netlist] simplify: ENABLED
2026-08-20 09:32:14 +0000: Memory Usage (146320K) : [schematic_netlist] make_top_level_pins: SKIPPED
2026-08-20 09:32:14 +0000: Memory Usage (146320K) : [schematic_netlist] combine_devices: SKIPPED
2026-08-20 09:32:14 +0000: Memory Usage (146320K) : [schematic_netlist] purge: SKIPPED
2026-08-20 09:32:14 +0000: Memory Usage (146320K) : [schematic_netlist] purge_nets: SKIPPED
2026-08-20 09:32:14 +0000: Memory Usage (146320K) : Starting SG13G2 LVS Comparison
2026-08-20 09:32:14 +0000: Memory Usage (146448K) : xxxxxxxxxxxxxxxxxxxxxxxxxxxxxxxxxxxxxxxxxx
2026-08-20 09:32:14 +0000: Memory Usage (146448K) : ERROR : Netlists don't match
2026-08-20 09:32:14 +0000: Memory Usage (146448K) : xxxxxxxxxxxxxxxxxxxxxxxxxxxxxxxxxxxxxxxxxx
2026-08-20 09:32:14 +0000: Memory Usage (146448K) : LVS Total Run time 1.759011 seconds
2026-08-20 11:01:21 +0000: Memory Usage (128732K) : Starting running SG13G2 Klayout LVS runset on /workspace/layout/blocks/out/term_stage/_bisect/full.gds
2026-08-20 11:01:21 +0000: Memory Usage (128732K) : Ruby Version for klayout: 3.2.3
2026-08-20 11:01:21 +0000: Memory Usage (129944K) : Loading database to memory is complete.
2026-08-20 11:01:21 +0000: Memory Usage (129944K) : SG13G2 Klayout LVS runset output at: /workspace/layout/blocks/out/term_stage/_bisect/full/full.lvsdb
2026-08-20 11:01:21 +0000: Memory Usage (129944K) : Evaluate switches.
2026-08-20 11:01:21 +0000: Memory Usage (129944K) : Extracted netlist with net names: true
2026-08-20 11:01:21 +0000: Memory Usage (129944K) : Extracted netlist with comments in details: false
2026-08-20 11:01:21 +0000: Memory Usage (129944K) : Selected NET_ONLY option: false
2026-08-20 11:01:21 +0000: Memory Usage (129944K) : Selected LAYOUT_NETLIST option: (none)
2026-08-20 11:01:21 +0000: Memory Usage (129944K) : Selected IGNORE_TOP_PORTS_MISMATCH option: true
2026-08-20 11:01:21 +0000: Memory Usage (129944K) : Selected IMPLICIT_NETS option: sub,sub!
2026-08-20 11:01:21 +0000: Memory Usage (129944K) : Selected TOP_LVL_PINS option: false
2026-08-20 11:01:21 +0000: Memory Usage (129944K) : Selected COMBINE DEVICES option: false
2026-08-20 11:01:21 +0000: Memory Usage (129944K) : Selected PURGE option: false
2026-08-20 11:01:21 +0000: Memory Usage (129944K) : Selected PURGE_NETS option: false
2026-08-20 11:01:21 +0000: Memory Usage (129944K) : Selected SIMPLIFY option: true
2026-08-20 11:01:21 +0000: Memory Usage (129944K) : Selected SERIES_RES option: true
2026-08-20 11:01:21 +0000: Memory Usage (129944K) : Selected PARALLEL_RES option: true
2026-08-20 11:01:21 +0000: Memory Usage (129944K) : Selected DISABLE_TAP_EXTRACTION option: true
2026-08-20 11:01:21 +0000: Memory Usage (129944K) : deep  mode is enabled.
2026-08-20 11:01:21 +0000: Memory Usage (129944K) : Applying implicit connections (case-sensitive, pattern supported) for nets: sub, sub!
2026-08-20 11:01:21 +0000: Memory Usage (131128K) : Netlist file: /workspace/layout/blocks/out/term_stage/_bisect/full.cdl
2026-08-20 11:01:21 +0000: Memory Usage (131128K) : LVS extracted netlist at: /workspace/layout/blocks/out/term_stage/_bisect/full/full_extracted.cir
2026-08-20 11:01:21 +0000: Memory Usage (131128K) : Applying SRAM integration support.
2026-08-20 11:01:21 +0000: Memory Usage (131128K) : Starting SG13G2 LVS runset
2026-08-20 11:01:21 +0000: Memory Usage (131128K) : Read in polygons from layers.
2026-08-20 11:01:21 +0000: Memory Usage (132360K) : activ_drw has 130 polygons
2026-08-20 11:01:21 +0000: Memory Usage (132872K) : activ_filler has 0 polygons
2026-08-20 11:01:21 +0000: Memory Usage (133000K) : activ has 130 polygons
2026-08-20 11:01:21 +0000: Memory Usage (133000K) : activ_pin has 0 polygons
2026-08-20 11:01:21 +0000: Memory Usage (133000K) : activ_mask has 0 polygons
2026-08-20 11:01:21 +0000: Memory Usage (133000K) : activ_nofill has 0 polygons
2026-08-20 11:01:21 +0000: Memory Usage (133000K) : activ_OPC has 0 polygons
2026-08-20 11:01:21 +0000: Memory Usage (133000K) : activ_iOPC has 0 polygons
2026-08-20 11:01:21 +0000: Memory Usage (133000K) : activ_noqrc has 0 polygons
2026-08-20 11:01:21 +0000: Memory Usage (133000K) : biwind_drw has 0 polygons
2026-08-20 11:01:21 +0000: Memory Usage (133000K) : biwind_OPC has 0 polygons
2026-08-20 11:01:21 +0000: Memory Usage (133000K) : gatpoly_drw has 25 polygons
2026-08-20 11:01:21 +0000: Memory Usage (133000K) : gatpoly_filler has 0 polygons
2026-08-20 11:01:21 +0000: Memory Usage (133000K) : gatpoly has 25 polygons
2026-08-20 11:01:21 +0000: Memory Usage (133000K) : gatpoly_pin has 0 polygons
2026-08-20 11:01:21 +0000: Memory Usage (133000K) : gatpoly_nofill has 0 polygons
2026-08-20 11:01:21 +0000: Memory Usage (133000K) : gatpoly_OPC has 0 polygons
2026-08-20 11:01:21 +0000: Memory Usage (133000K) : gatpoly_iOPC has 0 polygons
2026-08-20 11:01:21 +0000: Memory Usage (133000K) : gatpoly_noqrc has 0 polygons
2026-08-20 11:01:21 +0000: Memory Usage (133000K) : cont_drw has 6147 polygons
2026-08-20 11:01:21 +0000: Memory Usage (133000K) : cont_OPC has 0 polygons
2026-08-20 11:01:21 +0000: Memory Usage (133000K) : nsd_drw has 0 polygons
2026-08-20 11:01:21 +0000: Memory Usage (133000K) : nsd_block has 0 polygons
2026-08-20 11:01:21 +0000: Memory Usage (133000K) : metal1_drw has 280 polygons
2026-08-20 11:01:21 +0000: Memory Usage (133000K) : metal1_filler has 0 polygons
2026-08-20 11:01:21 +0000: Memory Usage (133128K) : metal1_slit has 0 polygons
2026-08-20 11:01:21 +0000: Memory Usage (133256K) : metal1 has 280 polygons
2026-08-20 11:01:21 +0000: Memory Usage (133384K) : metal1_pin has 112 polygons
2026-08-20 11:01:21 +0000: Memory Usage (133384K) : metal1_mask has 0 polygons
2026-08-20 11:01:21 +0000: Memory Usage (133512K) : metal1_nofill has 0 polygons
2026-08-20 11:01:21 +0000: Memory Usage (133640K) : metal1_text has 8 polygons
2026-08-20 11:01:21 +0000: Memory Usage (133640K) : metal1_OPC has 0 polygons
2026-08-20 11:01:21 +0000: Memory Usage (133768K) : metal1_noqrc has 0 polygons
2026-08-20 11:01:21 +0000: Memory Usage (133768K) : metal1_res has 0 polygons
2026-08-20 11:01:21 +0000: Memory Usage (133768K) : metal1_iprobe has 0 polygons
2026-08-20 11:01:21 +0000: Memory Usage (133768K) : metal1_diffprb has 0 polygons
2026-08-20 11:01:21 +0000: Memory Usage (133768K) : passiv_drw has 2 polygons
2026-08-20 11:01:21 +0000: Memory Usage (133896K) : passiv_pin has 0 polygons
2026-08-20 11:01:21 +0000: Memory Usage (133896K) : passiv_sbump has 0 polygons
2026-08-20 11:01:21 +0000: Memory Usage (133896K) : passiv_pillar has 0 polygons
2026-08-20 11:01:21 +0000: Memory Usage (133896K) : passiv_pdl has 0 polygons
2026-08-20 11:01:21 +0000: Memory Usage (134024K) : metal2_drw has 84 polygons
2026-08-20 11:01:21 +0000: Memory Usage (134024K) : metal2_filler has 0 polygons
2026-08-20 11:01:21 +0000: Memory Usage (134024K) : metal2_slit has 0 polygons
2026-08-20 11:01:21 +0000: Memory Usage (134152K) : metal2 has 84 polygons
2026-08-20 11:01:21 +0000: Memory Usage (134152K) : metal2_pin has 8 polygons
2026-08-20 11:01:21 +0000: Memory Usage (134152K) : metal2_mask has 0 polygons
2026-08-20 11:01:21 +0000: Memory Usage (134152K) : metal2_nofill has 0 polygons
2026-08-20 11:01:21 +0000: Memory Usage (134280K) : metal2_text has 8 polygons
2026-08-20 11:01:21 +0000: Memory Usage (134280K) : metal2_OPC has 0 polygons
2026-08-20 11:01:21 +0000: Memory Usage (134280K) : metal2_noqrc has 0 polygons
2026-08-20 11:01:21 +0000: Memory Usage (134280K) : metal2_res has 0 polygons
2026-08-20 11:01:21 +0000: Memory Usage (134408K) : metal2_iprobe has 0 polygons
2026-08-20 11:01:21 +0000: Memory Usage (134408K) : metal2_diffprb has 0 polygons
2026-08-20 11:01:21 +0000: Memory Usage (134408K) : baspoly_drw has 0 polygons
2026-08-20 11:01:21 +0000: Memory Usage (134408K) : baspoly_pin has 0 polygons
2026-08-20 11:01:21 +0000: Memory Usage (134536K) : psd_drw has 119 polygons
2026-08-20 11:01:21 +0000: Memory Usage (134536K) : nldb_drw has 0 polygons
2026-08-20 11:01:21 +0000: Memory Usage (134536K) : digibnd_drw has 0 polygons
2026-08-20 11:01:21 +0000: Memory Usage (134536K) : via1_drw has 1931 polygons
2026-08-20 11:01:21 +0000: Memory Usage (134664K) : backmetal1_drw has 0 polygons
2026-08-20 11:01:21 +0000: Memory Usage (134664K) : backmetal1_pin has 0 polygons
2026-08-20 11:01:21 +0000: Memory Usage (134664K) : backmetal1_mask has 0 polygons
2026-08-20 11:01:21 +0000: Memory Usage (134792K) : backmetal1_filler has 0 polygons
2026-08-20 11:01:21 +0000: Memory Usage (134792K) : backmetal1_nofill has 0 polygons
2026-08-20 11:01:21 +0000: Memory Usage (134792K) : backmetal1_slit has 0 polygons
2026-08-20 11:01:21 +0000: Memory Usage (134792K) : backmetal1_text has 0 polygons
2026-08-20 11:01:21 +0000: Memory Usage (134920K) : backmetal1_OPC has 0 polygons
2026-08-20 11:01:21 +0000: Memory Usage (134920K) : backmetal1_noqrc has 0 polygons
2026-08-20 11:01:21 +0000: Memory Usage (134920K) : backmetal1_res has 0 polygons
2026-08-20 11:01:21 +0000: Memory Usage (134920K) : backmetal1_iprobe has 0 polygons
2026-08-20 11:01:21 +0000: Memory Usage (135048K) : backmetal1_diffprb has 0 polygons
2026-08-20 11:01:21 +0000: Memory Usage (135048K) : backpassiv_drw has 0 polygons
2026-08-20 11:01:21 +0000: Memory Usage (135048K) : res_drw has 2 polygons
2026-08-20 11:01:21 +0000: Memory Usage (135176K) : sram_drw has 0 polygons
2026-08-20 11:01:21 +0000: Memory Usage (135176K) : trans_drw has 0 polygons
2026-08-20 11:01:21 +0000: Memory Usage (135176K) : ind_drw has 0 polygons
2026-08-20 11:01:21 +0000: Memory Usage (135176K) : ind_pin has 0 polygons
2026-08-20 11:01:21 +0000: Memory Usage (135176K) : ind_text has 0 polygons
2026-08-20 11:01:21 +0000: Memory Usage (135176K) : salblock_drw has 14 polygons
2026-08-20 11:01:21 +0000: Memory Usage (135304K) : via2_drw has 867 polygons
2026-08-20 11:01:21 +0000: Memory Usage (135304K) : metal3_drw has 72 polygons
2026-08-20 11:01:21 +0000: Memory Usage (135304K) : metal3_filler has 0 polygons
2026-08-20 11:01:21 +0000: Memory Usage (135304K) : metal3_slit has 0 polygons
2026-08-20 11:01:21 +0000: Memory Usage (135304K) : metal3 has 72 polygons
2026-08-20 11:01:21 +0000: Memory Usage (135432K) : metal3_pin has 2 polygons
2026-08-20 11:01:21 +0000: Memory Usage (135432K) : metal3_mask has 0 polygons
2026-08-20 11:01:21 +0000: Memory Usage (135432K) : metal3_nofill has 0 polygons
2026-08-20 11:01:21 +0000: Memory Usage (135432K) : metal3_text has 0 polygons
2026-08-20 11:01:21 +0000: Memory Usage (135432K) : metal3_OPC has 0 polygons
2026-08-20 11:01:21 +0000: Memory Usage (135432K) : metal3_noqrc has 0 polygons
2026-08-20 11:01:21 +0000: Memory Usage (135560K) : metal3_res has 0 polygons
2026-08-20 11:01:21 +0000: Memory Usage (135560K) : metal3_iprobe has 0 polygons
2026-08-20 11:01:21 +0000: Memory Usage (135560K) : metal3_diffprb has 0 polygons
2026-08-20 11:01:21 +0000: Memory Usage (135560K) : nwell_drw has 14 polygons
2026-08-20 11:01:21 +0000: Memory Usage (135560K) : nwell_pin has 0 polygons
2026-08-20 11:01:21 +0000: Memory Usage (135560K) : nwell_text has 0 polygons
2026-08-20 11:01:21 +0000: Memory Usage (135688K) : nbulay_drw has 1 polygons
2026-08-20 11:01:21 +0000: Memory Usage (135688K) : nbulay_pin has 0 polygons
2026-08-20 11:01:21 +0000: Memory Usage (135688K) : nbulay_block has 0 polygons
2026-08-20 11:01:21 +0000: Memory Usage (135688K) : emwind_drw has 0 polygons
2026-08-20 11:01:21 +0000: Memory Usage (135688K) : emwind_OPC has 0 polygons
2026-08-20 11:01:21 +0000: Memory Usage (135816K) : deepco_drw has 0 polygons
2026-08-20 11:01:21 +0000: Memory Usage (135816K) : mim_drw has 1 polygons
2026-08-20 11:01:21 +0000: Memory Usage (135816K) : edgeseal_drw has 0 polygons
2026-08-20 11:01:21 +0000: Memory Usage (135816K) : substrate_drw has 100 polygons
2026-08-20 11:01:21 +0000: Memory Usage (135816K) : substrate_text has 0 polygons
2026-08-20 11:01:21 +0000: Memory Usage (135816K) : dfpad_drw has 2 polygons
2026-08-20 11:01:21 +0000: Memory Usage (135816K) : dfpad_pillar has 0 polygons
2026-08-20 11:01:21 +0000: Memory Usage (135944K) : dfpad_sbump has 0 polygons
2026-08-20 11:01:21 +0000: Memory Usage (135944K) : thickgateox_drw has 1 polygons
2026-08-20 11:01:21 +0000: Memory Usage (135944K) : pldb_drw has 0 polygons
2026-08-20 11:01:21 +0000: Memory Usage (135944K) : pwell_drw has 0 polygons
2026-08-20 11:01:21 +0000: Memory Usage (136072K) : pwell_pin has 0 polygons
2026-08-20 11:01:21 +0000: Memory Usage (136072K) : pwell_block has 0 polygons
2026-08-20 11:01:21 +0000: Memory Usage (136072K) : ic_drw has 0 polygons
2026-08-20 11:01:21 +0000: Memory Usage (136072K) : via3_drw has 1067 polygons
2026-08-20 11:01:21 +0000: Memory Usage (136200K) : metal4_drw has 34 polygons
2026-08-20 11:01:21 +0000: Memory Usage (136200K) : metal4_filler has 0 polygons
2026-08-20 11:01:21 +0000: Memory Usage (136200K) : metal4_slit has 0 polygons
2026-08-20 11:01:21 +0000: Memory Usage (136200K) : metal4 has 34 polygons
2026-08-20 11:01:21 +0000: Memory Usage (136200K) : metal4_pin has 0 polygons
2026-08-20 11:01:21 +0000: Memory Usage (136200K) : metal4_mask has 0 polygons
2026-08-20 11:01:21 +0000: Memory Usage (136328K) : metal4_nofill has 0 polygons
2026-08-20 11:01:21 +0000: Memory Usage (136328K) : metal4_text has 4 polygons
2026-08-20 11:01:21 +0000: Memory Usage (136328K) : metal4_OPC has 0 polygons
2026-08-20 11:01:21 +0000: Memory Usage (136328K) : metal4_noqrc has 0 polygons
2026-08-20 11:01:21 +0000: Memory Usage (136328K) : metal4_res has 0 polygons
2026-08-20 11:01:21 +0000: Memory Usage (136456K) : metal4_iprobe has 0 polygons
2026-08-20 11:01:21 +0000: Memory Usage (136456K) : metal4_diffprb has 0 polygons
2026-08-20 11:01:21 +0000: Memory Usage (136456K) : heattrans_drw has 0 polygons
2026-08-20 11:01:21 +0000: Memory Usage (136456K) : heatres_drw has 4 polygons
2026-08-20 11:01:21 +0000: Memory Usage (136456K) : fbe_drw has 0 polygons
2026-08-20 11:01:21 +0000: Memory Usage (136456K) : empoly_drw has 0 polygons
2026-08-20 11:01:21 +0000: Memory Usage (136584K) : digisub_drw has 0 polygons
2026-08-20 11:01:21 +0000: Memory Usage (136584K) : text_drw has 126 polygons
2026-08-20 11:01:21 +0000: Memory Usage (136584K) : via4_drw has 1063 polygons
2026-08-20 11:01:21 +0000: Memory Usage (136584K) : metal5_drw has 61 polygons
2026-08-20 11:01:21 +0000: Memory Usage (136584K) : metal5_filler has 0 polygons
2026-08-20 11:01:21 +0000: Memory Usage (136584K) : metal5_slit has 0 polygons
2026-08-20 11:01:21 +0000: Memory Usage (136712K) : metal5 has 61 polygons
2026-08-20 11:01:21 +0000: Memory Usage (136712K) : metal5_pin has 0 polygons
2026-08-20 11:01:21 +0000: Memory Usage (136712K) : metal5_mask has 0 polygons
2026-08-20 11:01:21 +0000: Memory Usage (136712K) : metal5_nofill has 0 polygons
2026-08-20 11:01:21 +0000: Memory Usage (136712K) : metal5_text has 0 polygons
2026-08-20 11:01:21 +0000: Memory Usage (136712K) : metal5_OPC has 0 polygons
2026-08-20 11:01:21 +0000: Memory Usage (136840K) : metal5_noqrc has 0 polygons
2026-08-20 11:01:21 +0000: Memory Usage (136840K) : metal5_res has 0 polygons
2026-08-20 11:01:21 +0000: Memory Usage (136840K) : metal5_iprobe has 0 polygons
2026-08-20 11:01:21 +0000: Memory Usage (136840K) : metal5_diffprb has 0 polygons
2026-08-20 11:01:21 +0000: Memory Usage (136840K) : radhard_drw has 0 polygons
2026-08-20 11:01:21 +0000: Memory Usage (136840K) : memcap_drw has 0 polygons
2026-08-20 11:01:21 +0000: Memory Usage (136968K) : varicap_drw has 0 polygons
2026-08-20 11:01:21 +0000: Memory Usage (136968K) : intbondvia_drw has 0 polygons
2026-08-20 11:01:21 +0000: Memory Usage (136968K) : intbondmet_drw has 0 polygons
2026-08-20 11:01:21 +0000: Memory Usage (136968K) : devbondvia_drw has 0 polygons
2026-08-20 11:01:21 +0000: Memory Usage (136968K) : devbondmet_drw has 0 polygons
2026-08-20 11:01:21 +0000: Memory Usage (136968K) : devtrench_drw has 0 polygons
2026-08-20 11:01:21 +0000: Memory Usage (137096K) : redist_drw has 0 polygons
2026-08-20 11:01:21 +0000: Memory Usage (137096K) : graphbot_drw has 0 polygons
2026-08-20 11:01:21 +0000: Memory Usage (137096K) : graphtop_drw has 0 polygons
2026-08-20 11:01:21 +0000: Memory Usage (137096K) : antvia1_drw has 0 polygons
2026-08-20 11:01:21 +0000: Memory Usage (137224K) : antmetal2_drw has 0 polygons
2026-08-20 11:01:21 +0000: Memory Usage (137224K) : graphcont_drw has 0 polygons
2026-08-20 11:01:21 +0000: Memory Usage (137224K) : siwg_drw has 0 polygons
2026-08-20 11:01:21 +0000: Memory Usage (137224K) : siwg_filler has 0 polygons
2026-08-20 11:01:21 +0000: Memory Usage (137224K) : siwg_nofill has 0 polygons
2026-08-20 11:01:21 +0000: Memory Usage (137224K) : sigrating_drw has 0 polygons
2026-08-20 11:01:21 +0000: Memory Usage (137224K) : singrating_drw has 0 polygons
2026-08-20 11:01:21 +0000: Memory Usage (137352K) : graphpas_drw has 0 polygons
2026-08-20 11:01:21 +0000: Memory Usage (137352K) : emwind3_drw has 0 polygons
2026-08-20 11:01:21 +0000: Memory Usage (137352K) : emwihv3_drw has 0 polygons
2026-08-20 11:01:21 +0000: Memory Usage (137352K) : redbulay_drw has 0 polygons
2026-08-20 11:01:21 +0000: Memory Usage (137352K) : smos_drw has 0 polygons
2026-08-20 11:01:21 +0000: Memory Usage (137480K) : graphpad_drw has 0 polygons
2026-08-20 11:01:21 +0000: Memory Usage (137480K) : polimide_drw has 0 polygons
2026-08-20 11:01:21 +0000: Memory Usage (137480K) : polimide_pin has 0 polygons
2026-08-20 11:01:21 +0000: Memory Usage (137480K) : recog_drw has 1 polygons
2026-08-20 11:01:21 +0000: Memory Usage (137480K) : recog_pin has 0 polygons
2026-08-20 11:01:21 +0000: Memory Usage (137480K) : recog_esd has 5 polygons
2026-08-20 11:01:21 +0000: Memory Usage (137608K) : recog_diode has 0 polygons
2026-08-20 11:01:21 +0000: Memory Usage (137608K) : recog_tsv has 0 polygons
2026-08-20 11:01:21 +0000: Memory Usage (137608K) : recog_iprobe has 0 polygons
2026-08-20 11:01:21 +0000: Memory Usage (137608K) : recog_diffprb has 0 polygons
2026-08-20 11:01:21 +0000: Memory Usage (137736K) : recog_pillar has 0 polygons
2026-08-20 11:01:21 +0000: Memory Usage (137736K) : recog_sbump has 0 polygons
2026-08-20 11:01:21 +0000: Memory Usage (137736K) : recog_otp has 0 polygons
2026-08-20 11:01:21 +0000: Memory Usage (137736K) : recog_pdiode has 0 polygons
2026-08-20 11:01:21 +0000: Memory Usage (137864K) : recog_mom has 0 polygons
2026-08-20 11:01:21 +0000: Memory Usage (137864K) : recog_momf has 0 polygons
2026-08-20 11:01:21 +0000: Memory Usage (137864K) : recog_pcm has 0 polygons
2026-08-20 11:01:21 +0000: Memory Usage (137864K) : colopen_drw has 0 polygons
2026-08-20 11:01:21 +0000: Memory Usage (137992K) : graphmetal1_drw has 0 polygons
2026-08-20 11:01:21 +0000: Memory Usage (137992K) : graphmetal1_filler has 0 polygons
2026-08-20 11:01:21 +0000: Memory Usage (137992K) : graphmetal1_nofill has 0 polygons
2026-08-20 11:01:21 +0000: Memory Usage (137992K) : graphmetal1_slit has 0 polygons
2026-08-20 11:01:21 +0000: Memory Usage (138120K) : graphmetal1_OPC has 0 polygons
2026-08-20 11:01:21 +0000: Memory Usage (138120K) : graphmet1l_drw has 0 polygons
2026-08-20 11:01:21 +0000: Memory Usage (138120K) : graphmet1l_filler has 0 polygons
2026-08-20 11:01:21 +0000: Memory Usage (138120K) : graphmet1l_nofill has 0 polygons
2026-08-20 11:01:21 +0000: Memory Usage (138248K) : graphmet1l_slit has 0 polygons
2026-08-20 11:01:21 +0000: Memory Usage (138248K) : graphmet1l_OPC has 0 polygons
2026-08-20 11:01:21 +0000: Memory Usage (138248K) : extblock_drw has 12 polygons
2026-08-20 11:01:21 +0000: Memory Usage (138248K) : nldd_drw has 0 polygons
2026-08-20 11:01:21 +0000: Memory Usage (138376K) : pldd_drw has 0 polygons
2026-08-20 11:01:21 +0000: Memory Usage (138376K) : next_drw has 0 polygons
2026-08-20 11:01:21 +0000: Memory Usage (138376K) : pext_drw has 0 polygons
2026-08-20 11:01:21 +0000: Memory Usage (138376K) : nexthv_drw has 0 polygons
2026-08-20 11:01:21 +0000: Memory Usage (138504K) : pexthv_drw has 0 polygons
2026-08-20 11:01:21 +0000: Memory Usage (138504K) : graphgate_drw has 0 polygons
2026-08-20 11:01:21 +0000: Memory Usage (138504K) : sinwg_drw has 0 polygons
2026-08-20 11:01:21 +0000: Memory Usage (138504K) : sinwg_filler has 0 polygons
2026-08-20 11:01:21 +0000: Memory Usage (138632K) : sinwg_nofill has 0 polygons
2026-08-20 11:01:21 +0000: Memory Usage (138632K) : mempad_drw has 0 polygons
2026-08-20 11:01:21 +0000: Memory Usage (138632K) : topvia1_drw has 491 polygons
2026-08-20 11:01:21 +0000: Memory Usage (138632K) : topmetal1_drw has 43 polygons
2026-08-20 11:01:21 +0000: Memory Usage (138760K) : topmetal1_filler has 0 polygons
2026-08-20 11:01:21 +0000: Memory Usage (138760K) : topmetal1_slit has 0 polygons
2026-08-20 11:01:21 +0000: Memory Usage (138760K) : topmetal1 has 43 polygons
2026-08-20 11:01:21 +0000: Memory Usage (138888K) : topmetal1_pin has 0 polygons
2026-08-20 11:01:21 +0000: Memory Usage (138888K) : topmetal1_mask has 0 polygons
2026-08-20 11:01:21 +0000: Memory Usage (138888K) : topmetal1_nofill has 0 polygons
2026-08-20 11:01:21 +0000: Memory Usage (138888K) : topmetal1_text has 0 polygons
2026-08-20 11:01:21 +0000: Memory Usage (139016K) : topmetal1_noqrc has 0 polygons
2026-08-20 11:01:21 +0000: Memory Usage (139016K) : topmetal1_res has 0 polygons
2026-08-20 11:01:21 +0000: Memory Usage (139144K) : topmetal1_iprobe has 0 polygons
2026-08-20 11:01:21 +0000: Memory Usage (139144K) : topmetal1_diffprb has 0 polygons
2026-08-20 11:01:21 +0000: Memory Usage (139144K) : inldpwl_drw has 0 polygons
2026-08-20 11:01:21 +0000: Memory Usage (139144K) : polyres_drw has 4 polygons
2026-08-20 11:01:21 +0000: Memory Usage (139272K) : polyres_pin has 0 polygons
2026-08-20 11:01:21 +0000: Memory Usage (139272K) : vmim_drw has 225 polygons
2026-08-20 11:01:21 +0000: Memory Usage (139272K) : nbulaycut_drw has 0 polygons
2026-08-20 11:01:21 +0000: Memory Usage (139400K) : antmetal1_drw has 0 polygons
2026-08-20 11:01:21 +0000: Memory Usage (139400K) : topvia2_drw has 211 polygons
2026-08-20 11:01:21 +0000: Memory Usage (139400K) : topmetal2_drw has 29 polygons
2026-08-20 11:01:21 +0000: Memory Usage (139400K) : topmetal2_filler has 0 polygons
2026-08-20 11:01:21 +0000: Memory Usage (139528K) : topmetal2_slit has 0 polygons
2026-08-20 11:01:21 +0000: Memory Usage (139528K) : topmetal2 has 29 polygons
2026-08-20 11:01:21 +0000: Memory Usage (139528K) : topmetal2_pin has 0 polygons
2026-08-20 11:01:21 +0000: Memory Usage (139656K) : topmetal2_mask has 0 polygons
2026-08-20 11:01:21 +0000: Memory Usage (139656K) : topmetal2_nofill has 0 polygons
2026-08-20 11:01:21 +0000: Memory Usage (139784K) : topmetal2_text has 4 polygons
2026-08-20 11:01:21 +0000: Memory Usage (139784K) : topmetal2_noqrc has 0 polygons
2026-08-20 11:01:21 +0000: Memory Usage (139784K) : topmetal2_res has 0 polygons
2026-08-20 11:01:21 +0000: Memory Usage (139912K) : topmetal2_iprobe has 0 polygons
2026-08-20 11:01:21 +0000: Memory Usage (139912K) : topmetal2_diffprb has 0 polygons
2026-08-20 11:01:21 +0000: Memory Usage (139912K) : snsring_drw has 0 polygons
2026-08-20 11:01:21 +0000: Memory Usage (140040K) : sensor_drw has 0 polygons
2026-08-20 11:01:21 +0000: Memory Usage (140040K) : snsarms_drw has 0 polygons
2026-08-20 11:01:21 +0000: Memory Usage (140040K) : snscmosvia_drw has 0 polygons
2026-08-20 11:01:21 +0000: Memory Usage (140040K) : colwind_drw has 0 polygons
2026-08-20 11:01:21 +0000: Memory Usage (140040K) : flm_drw has 0 polygons
2026-08-20 11:01:21 +0000: Memory Usage (140040K) : hafniumox_drw has 0 polygons
2026-08-20 11:01:21 +0000: Memory Usage (140040K) : memvia_drw has 0 polygons
2026-08-20 11:01:21 +0000: Memory Usage (140040K) : thinfilmres_drw has 0 polygons
2026-08-20 11:01:21 +0000: Memory Usage (140040K) : rfmem_drw has 0 polygons
2026-08-20 11:01:21 +0000: Memory Usage (140040K) : norcx_drw has 0 polygons
2026-08-20 11:01:21 +0000: Memory Usage (140040K) : norcx_m2m3 has 0 polygons
2026-08-20 11:01:21 +0000: Memory Usage (140040K) : norcx_m2m4 has 0 polygons
2026-08-20 11:01:21 +0000: Memory Usage (140040K) : norcx_m2m5 has 0 polygons
2026-08-20 11:01:21 +0000: Memory Usage (140040K) : norcx_m2tm1 has 0 polygons
2026-08-20 11:01:21 +0000: Memory Usage (140040K) : norcx_m2tm2 has 0 polygons
2026-08-20 11:01:21 +0000: Memory Usage (140040K) : norcx_m3m4 has 0 polygons
2026-08-20 11:01:21 +0000: Memory Usage (140040K) : norcx_m3m5 has 0 polygons
2026-08-20 11:01:21 +0000: Memory Usage (140040K) : norcx_m3tm1 has 0 polygons
2026-08-20 11:01:21 +0000: Memory Usage (140040K) : norcx_m3tm2 has 0 polygons
2026-08-20 11:01:21 +0000: Memory Usage (140040K) : norcx_m4m5 has 0 polygons
2026-08-20 11:01:21 +0000: Memory Usage (140040K) : norcx_m4tm1 has 0 polygons
2026-08-20 11:01:21 +0000: Memory Usage (140040K) : norcx_m4tm2 has 0 polygons
2026-08-20 11:01:21 +0000: Memory Usage (140040K) : norcx_m5tm1 has 0 polygons
2026-08-20 11:01:21 +0000: Memory Usage (140040K) : norcx_m5tm2 has 0 polygons
2026-08-20 11:01:21 +0000: Memory Usage (140040K) : norcx_tm1tm2 has 0 polygons
2026-08-20 11:01:21 +0000: Memory Usage (140040K) : norcx_m1sub has 0 polygons
2026-08-20 11:01:21 +0000: Memory Usage (140040K) : norcx_m2sub has 0 polygons
2026-08-20 11:01:21 +0000: Memory Usage (140040K) : norcx_m3sub has 0 polygons
2026-08-20 11:01:21 +0000: Memory Usage (140040K) : norcx_m4sub has 0 polygons
2026-08-20 11:01:21 +0000: Memory Usage (140040K) : norcx_m5sub has 0 polygons
2026-08-20 11:01:21 +0000: Memory Usage (140040K) : norcx_tm1sub has 0 polygons
2026-08-20 11:01:21 +0000: Memory Usage (140040K) : norcx_tm2sub has 0 polygons
2026-08-20 11:01:21 +0000: Memory Usage (140040K) : snsbotvia_drw has 0 polygons
2026-08-20 11:01:21 +0000: Memory Usage (140040K) : snstopvia_drw has 0 polygons
2026-08-20 11:01:21 +0000: Memory Usage (140040K) : deepvia_drw has 0 polygons
2026-08-20 11:01:21 +0000: Memory Usage (140040K) : fgetch_drw has 0 polygons
2026-08-20 11:01:21 +0000: Memory Usage (140040K) : ctrgat_drw has 0 polygons
2026-08-20 11:01:21 +0000: Memory Usage (140040K) : fgimp_drw has 0 polygons
2026-08-20 11:01:21 +0000: Memory Usage (140040K) : emwihv_drw has 0 polygons
2026-08-20 11:01:21 +0000: Memory Usage (140040K) : lbe_drw has 0 polygons
2026-08-20 11:01:21 +0000: Memory Usage (140040K) : alcustop_drw has 0 polygons
2026-08-20 11:01:21 +0000: Memory Usage (140040K) : nometfiller_drw has 0 polygons
2026-08-20 11:01:21 +0000: Memory Usage (140040K) : prboundary_drw has 0 polygons
2026-08-20 11:01:21 +0000: Memory Usage (140040K) : exchange0_drw has 0 polygons
2026-08-20 11:01:21 +0000: Memory Usage (140040K) : exchange0_pin has 0 polygons
2026-08-20 11:01:21 +0000: Memory Usage (140040K) : exchange0_text has 0 polygons
2026-08-20 11:01:21 +0000: Memory Usage (140040K) : exchange1_drw has 0 polygons
2026-08-20 11:01:21 +0000: Memory Usage (140040K) : exchange1_pin has 0 polygons
2026-08-20 11:01:21 +0000: Memory Usage (140040K) : exchange1_text has 0 polygons
2026-08-20 11:01:21 +0000: Memory Usage (140040K) : exchange2_drw has 0 polygons
2026-08-20 11:01:21 +0000: Memory Usage (140040K) : exchange2_pin has 0 polygons
2026-08-20 11:01:21 +0000: Memory Usage (140040K) : exchange2_text has 0 polygons
2026-08-20 11:01:21 +0000: Memory Usage (140040K) : exchange3_drw has 0 polygons
2026-08-20 11:01:21 +0000: Memory Usage (140040K) : exchange3_pin has 0 polygons
2026-08-20 11:01:21 +0000: Memory Usage (140040K) : exchange3_text has 0 polygons
2026-08-20 11:01:21 +0000: Memory Usage (140040K) : exchange4_drw has 0 polygons
2026-08-20 11:01:21 +0000: Memory Usage (140040K) : exchange4_pin has 0 polygons
2026-08-20 11:01:21 +0000: Memory Usage (140040K) : exchange4_text has 0 polygons
2026-08-20 11:01:21 +0000: Memory Usage (140040K) : isonwell_drw has 0 polygons
2026-08-20 11:01:21 +0000: Memory Usage (140040K) : Total no. of polygons in the design is 13314
2026-08-20 11:01:21 +0000: Memory Usage (140040K) : Starting base layers derivations
2026-08-20 11:01:21 +0000: Memory Usage (140040K) : Starting general LVS derivations
2026-08-20 11:01:21 +0000: Memory Usage (144008K) : Starting MOSFET DERIVATIONS
2026-08-20 11:01:21 +0000: Memory Usage (144648K) : Starting NMOS DERIVATIONS
2026-08-20 11:01:21 +0000: Memory Usage (144648K) : Starting PMOS DERIVATIONS
2026-08-20 11:01:21 +0000: Memory Usage (144648K) : Starting RF-MOSFET DERIVATIONS
2026-08-20 11:01:21 +0000: Memory Usage (144648K) : Starting RF-NMOS DERIVATIONS
2026-08-20 11:01:21 +0000: Memory Usage (144648K) : Starting RF-PMOS DERIVATIONS
2026-08-20 11:01:21 +0000: Memory Usage (144648K) : Starting BJT DERIVATIONS
2026-08-20 11:01:21 +0000: Memory Usage (144648K) : Starting NPN-BJT DERIVATIONS
2026-08-20 11:01:21 +0000: Memory Usage (144904K) : Starting PNP-BJT DERIVATIONS
2026-08-20 11:01:21 +0000: Memory Usage (145032K) : Starting DIODE DERIVATIONS
2026-08-20 11:01:21 +0000: Memory Usage (145032K) : Starting RESISTOR DERIVATIONS
2026-08-20 11:01:21 +0000: Memory Usage (145160K) : Starting CAP DERIVATIONS
2026-08-20 11:01:22 +0000: Memory Usage (145160K) : Starting CAP_CMOM DERIVATIONS
2026-08-20 11:01:22 +0000: Memory Usage (145160K) : Starting CAP_CMOMF DERIVATIONS
2026-08-20 11:01:22 +0000: Memory Usage (145160K) : Starting ESD DERIVATIONS
2026-08-20 11:01:22 +0000: Memory Usage (145288K) : Starting Inductor DERIVATIONS
2026-08-20 11:01:22 +0000: Memory Usage (145288K) : Starting Taps DERIVATIONS
2026-08-20 11:01:22 +0000: Memory Usage (145288K) : Starting SG13G2 LVS connectivity setup
2026-08-20 11:01:22 +0000: Memory Usage (145288K) : Starting SG13G2 LVS connectivity setup (Inter-layer)
2026-08-20 11:01:22 +0000: Memory Usage (145416K) : Starting SG13G2 LVS connectivity setup (Global)
2026-08-20 11:01:22 +0000: Memory Usage (145416K) : Starting LVS MOSFET CONNECTIONS
2026-08-20 11:01:22 +0000: Memory Usage (145416K) : Starting LVS RF-MOSFET CONNECTIONS
2026-08-20 11:01:22 +0000: Memory Usage (145416K) : Starting LVS BJT CONNECTIONS
2026-08-20 11:01:22 +0000: Memory Usage (145416K) : Starting LVS DIODE CONNECTIONS
2026-08-20 11:01:22 +0000: Memory Usage (145416K) : Starting RESISTOR CONNECTIONS
2026-08-20 11:01:22 +0000: Memory Usage (145416K) : Starting LVS CAP CONNECTIONS
2026-08-20 11:01:22 +0000: Memory Usage (145416K) : Starting CAP_CMOM CONNECTIONS
2026-08-20 11:01:22 +0000: Memory Usage (145416K) : Starting CAP_CMOMF CONNECTIONS
2026-08-20 11:01:22 +0000: Memory Usage (145416K) : Starting ESD CONNECTIONS
2026-08-20 11:01:22 +0000: Memory Usage (145416K) : Starting Inductor CONNECTIONS
2026-08-20 11:01:22 +0000: Memory Usage (145416K) : Starting LVS Taps CONNECTIONS
2026-08-20 11:01:22 +0000: Memory Usage (145416K) : Starting SG13G2 LVS DEVICES EXTRACTION
2026-08-20 11:01:22 +0000: Memory Usage (145416K) : Starting MOSFET EXTRACTION
2026-08-20 11:01:22 +0000: Memory Usage (145416K) : Starting NMOS EXTRACTION
2026-08-20 11:01:22 +0000: Memory Usage (145416K) : Extraction of NMOS-LV transistor
2026-08-20 11:01:22 +0000: Memory Usage (145416K) : Extraction of NMOS-HV transistor
2026-08-20 11:01:22 +0000: Memory Usage (145416K) : Starting PMOS EXTRACTION
2026-08-20 11:01:22 +0000: Memory Usage (145416K) : Extraction of PMOS-LV transistor
2026-08-20 11:01:22 +0000: Memory Usage (145416K) : Extraction of PMOS-HV transistor
2026-08-20 11:01:22 +0000: Memory Usage (145416K) : Starting RF-MOSFET EXTRACTION
2026-08-20 11:01:22 +0000: Memory Usage (145416K) : Extraction of RF-NMOS-LV transistor
2026-08-20 11:01:22 +0000: Memory Usage (145416K) : Extraction of RF-NMOS-HV transistor
2026-08-20 11:01:22 +0000: Memory Usage (145416K) : Extraction of RF-PMOS-LV transistor
2026-08-20 11:01:22 +0000: Memory Usage (145416K) : Extraction of RF-PMOS-HV transistor
2026-08-20 11:01:22 +0000: Memory Usage (145416K) : Starting BJT EXTRACTION
2026-08-20 11:01:22 +0000: Memory Usage (145416K) : Starting NPN-BJT EXTRACTION
2026-08-20 11:01:22 +0000: Memory Usage (145416K) : Extraction of npn13G2 BJT transistor
2026-08-20 11:01:22 +0000: Memory Usage (145416K) : Extraction of npn13G2L BJT transistor
2026-08-20 11:01:22 +0000: Memory Usage (145416K) : Extraction of npn13G2V BJT transistor
2026-08-20 11:01:22 +0000: Memory Usage (145416K) : Starting PNP-BJT EXTRACTION
2026-08-20 11:01:22 +0000: Memory Usage (145416K) : Extracting pnpMPA BJT
2026-08-20 11:01:22 +0000: Memory Usage (145416K) : Starting DIODE EXTRACTION
2026-08-20 11:01:22 +0000: Memory Usage (145416K) : Extracting dantenna diode
2026-08-20 11:01:22 +0000: Memory Usage (145416K) : Extracting dpantenna diode
2026-08-20 11:01:22 +0000: Memory Usage (145416K) : Extracting schottky_nbl1 diode
2026-08-20 11:01:22 +0000: Memory Usage (145416K) : Extracting isolbox diode
2026-08-20 11:01:22 +0000: Memory Usage (145416K) : Starting RESISTOR EXTRACTION
2026-08-20 11:01:22 +0000: Memory Usage (145416K) : Extracting rsil resistor
2026-08-20 11:01:22 +0000: Memory Usage (145544K) : Extracting rppd resistor
2026-08-20 11:01:22 +0000: Memory Usage (145544K) : Extracting rhigh resistor
2026-08-20 11:01:23 +0000: Memory Usage (145544K) : Extracting res_metal1 resistor
2026-08-20 11:01:23 +0000: Memory Usage (145672K) : Extracting res_metal2 resistor
2026-08-20 11:01:23 +0000: Memory Usage (145672K) : Extracting res_metal3 resistor
2026-08-20 11:01:23 +0000: Memory Usage (145672K) : Extracting res_metal4 resistor
2026-08-20 11:01:23 +0000: Memory Usage (145672K) : Extracting res_metal5 resistor
2026-08-20 11:01:23 +0000: Memory Usage (145672K) : Extracting res_topmetal1 resistor
2026-08-20 11:01:23 +0000: Memory Usage (145672K) : Extracting res_topmetal2 resistor
2026-08-20 11:01:23 +0000: Memory Usage (145672K) : Starting CAP EXTRACTION
2026-08-20 11:01:23 +0000: Memory Usage (145672K) : Extracting cap_cmim device
2026-08-20 11:01:23 +0000: Memory Usage (145672K) : Extracting rfcmim device
2026-08-20 11:01:23 +0000: Memory Usage (145672K) : Extracting sg13_hv_svaricap varactor
2026-08-20 11:01:23 +0000: Memory Usage (145672K) : Extracting cap_cmomi device
2026-08-20 11:01:23 +0000: Memory Usage (145672K) : Extracting cap_cmomf device
2026-08-20 11:01:23 +0000: Memory Usage (145672K) : Extracting sg13_moscap_n capacitor
2026-08-20 11:01:23 +0000: Memory Usage (145672K) : Extracting sg13_moscap_p capacitor
2026-08-20 11:01:23 +0000: Memory Usage (145672K) : Starting ESD EXTRACTION
2026-08-20 11:01:23 +0000: Memory Usage (145672K) : Extracting diodevdd_2kv ESD device
2026-08-20 11:01:23 +0000: Memory Usage (145672K) : Extracting diodevdd_4kv ESD device
2026-08-20 11:01:23 +0000: Memory Usage (145672K) : Extracting diodevss_2kv ESD device
2026-08-20 11:01:23 +0000: Memory Usage (145672K) : Extracting diodevss_4kv ESD device
2026-08-20 11:01:23 +0000: Memory Usage (145672K) : Extracting idiodevdd_2kv ESD device
2026-08-20 11:01:23 +0000: Memory Usage (145672K) : Extracting idiodevdd_4kv ESD device
2026-08-20 11:01:23 +0000: Memory Usage (145672K) : Extracting idiodevss_2kv ESD device
2026-08-20 11:01:23 +0000: Memory Usage (145672K) : Extracting idiodevss_4kv ESD device
2026-08-20 11:01:23 +0000: Memory Usage (145672K) : Extracting nmoscl_2 ESD device
2026-08-20 11:01:23 +0000: Memory Usage (145672K) : Extracting nmoscl_4 ESD device
2026-08-20 11:01:23 +0000: Memory Usage (145672K) : Starting Inductor EXTRACTION
2026-08-20 11:01:23 +0000: Memory Usage (145672K) : Extracting Inductor2 device
2026-08-20 11:01:23 +0000: Memory Usage (145672K) : Extracting Inductor3 device
2026-08-20 11:01:23 +0000: Memory Usage (145672K) : Starting Taps EXTRACTION
2026-08-20 11:01:23 +0000: Memory Usage (145672K) : DISABLE_TAP_EXTRACTION is enabled: skipping ntap1/ptap1 device extraction.
2026-08-20 11:01:23 +0000: Memory Usage (145672K) : Starting SG13G2 LVS RF MOS Model Mapping
2026-08-20 11:01:23 +0000: Memory Usage (145672K) : [layout_netlist] Apply RF MOS model mapping and rfmode parameter.
2026-08-20 11:01:23 +0000: Memory Usage (145672K) : Starting SG13G2 LVS Options Preparations
2026-08-20 11:01:23 +0000: Memory Usage (145672K) : SG13G2 LVS flow: extraction -> alignment -> option preparation -> comparison.
2026-08-20 11:01:23 +0000: Memory Usage (145672K) : Starting SG13G2 LVS Alignment
2026-08-20 11:01:23 +0000: Memory Usage (145800K) : Starting SG13G2 LVS Simplification
2026-08-20 11:01:23 +0000: Memory Usage (145800K) : [layout_netlist] simplify: ENABLED
2026-08-20 11:01:23 +0000: Memory Usage (145800K) : [layout_netlist] make_top_level_pins: SKIPPED
2026-08-20 11:01:23 +0000: Memory Usage (145800K) : [layout_netlist] combine_devices: SKIPPED
2026-08-20 11:01:23 +0000: Memory Usage (145800K) : [layout_netlist] purge: SKIPPED
2026-08-20 11:01:23 +0000: Memory Usage (145800K) : [layout_netlist] purge_nets: SKIPPED
2026-08-20 11:01:23 +0000: Memory Usage (145800K) : [schematic_netlist] simplify: ENABLED
2026-08-20 11:01:23 +0000: Memory Usage (145800K) : [schematic_netlist] make_top_level_pins: SKIPPED
2026-08-20 11:01:23 +0000: Memory Usage (145800K) : [schematic_netlist] combine_devices: SKIPPED
2026-08-20 11:01:23 +0000: Memory Usage (145800K) : [schematic_netlist] purge: SKIPPED
2026-08-20 11:01:23 +0000: Memory Usage (145800K) : [schematic_netlist] purge_nets: SKIPPED
2026-08-20 11:01:23 +0000: Memory Usage (145800K) : Starting SG13G2 LVS Comparison
2026-08-20 11:01:23 +0000: Memory Usage (145800K) : xxxxxxxxxxxxxxxxxxxxxxxxxxxxxxxxxxxxxxxxxx
2026-08-20 11:01:23 +0000: Memory Usage (145800K) : ERROR : Netlists don't match
2026-08-20 11:01:23 +0000: Memory Usage (145800K) : xxxxxxxxxxxxxxxxxxxxxxxxxxxxxxxxxxxxxxxxxx
2026-08-20 11:01:23 +0000: Memory Usage (145800K) : LVS Total Run time 2.141857 seconds
2026-08-20 11:01:46 +0000: Memory Usage (129048K) : Starting running SG13G2 Klayout LVS runset on /workspace/layout/blocks/out/term_stage/_bisect/full.gds
2026-08-20 11:01:46 +0000: Memory Usage (129048K) : Ruby Version for klayout: 3.2.3
2026-08-20 11:01:46 +0000: Memory Usage (130144K) : Loading database to memory is complete.
2026-08-20 11:01:46 +0000: Memory Usage (130144K) : SG13G2 Klayout LVS runset output at: /workspace/layout/blocks/out/term_stage/_bisect/full/full.lvsdb
2026-08-20 11:01:46 +0000: Memory Usage (130144K) : Evaluate switches.
2026-08-20 11:01:46 +0000: Memory Usage (130144K) : Extracted netlist with net names: true
2026-08-20 11:01:46 +0000: Memory Usage (130144K) : Extracted netlist with comments in details: false
2026-08-20 11:01:46 +0000: Memory Usage (130144K) : Selected NET_ONLY option: false
2026-08-20 11:01:46 +0000: Memory Usage (130144K) : Selected LAYOUT_NETLIST option: (none)
2026-08-20 11:01:46 +0000: Memory Usage (130144K) : Selected IGNORE_TOP_PORTS_MISMATCH option: true
2026-08-20 11:01:46 +0000: Memory Usage (130144K) : Selected IMPLICIT_NETS option: sub,sub!
2026-08-20 11:01:46 +0000: Memory Usage (130144K) : Selected TOP_LVL_PINS option: false
2026-08-20 11:01:46 +0000: Memory Usage (130144K) : Selected COMBINE DEVICES option: false
2026-08-20 11:01:46 +0000: Memory Usage (130144K) : Selected PURGE option: false
2026-08-20 11:01:46 +0000: Memory Usage (130144K) : Selected PURGE_NETS option: false
2026-08-20 11:01:46 +0000: Memory Usage (130144K) : Selected SIMPLIFY option: true
2026-08-20 11:01:46 +0000: Memory Usage (130144K) : Selected SERIES_RES option: true
2026-08-20 11:01:46 +0000: Memory Usage (130144K) : Selected PARALLEL_RES option: true
2026-08-20 11:01:46 +0000: Memory Usage (130144K) : Selected DISABLE_TAP_EXTRACTION option: true
2026-08-20 11:01:46 +0000: Memory Usage (130144K) : deep  mode is enabled.
2026-08-20 11:01:46 +0000: Memory Usage (130144K) : Applying implicit connections (case-sensitive, pattern supported) for nets: sub, sub!
2026-08-20 11:01:46 +0000: Memory Usage (131372K) : Netlist file: /workspace/layout/blocks/out/term_stage/_bisect/full.cdl
2026-08-20 11:01:46 +0000: Memory Usage (131372K) : LVS extracted netlist at: /workspace/layout/blocks/out/term_stage/_bisect/full/full_extracted.cir
2026-08-20 11:01:46 +0000: Memory Usage (131372K) : Applying SRAM integration support.
2026-08-20 11:01:46 +0000: Memory Usage (131372K) : Starting SG13G2 LVS runset
2026-08-20 11:01:46 +0000: Memory Usage (131372K) : Read in polygons from layers.
2026-08-20 11:01:46 +0000: Memory Usage (132736K) : activ_drw has 130 polygons
2026-08-20 11:01:46 +0000: Memory Usage (132736K) : activ_filler has 0 polygons
2026-08-20 11:01:46 +0000: Memory Usage (132864K) : activ has 130 polygons
2026-08-20 11:01:46 +0000: Memory Usage (132864K) : activ_pin has 0 polygons
2026-08-20 11:01:46 +0000: Memory Usage (132864K) : activ_mask has 0 polygons
2026-08-20 11:01:46 +0000: Memory Usage (132952K) : activ_nofill has 0 polygons
2026-08-20 11:01:46 +0000: Memory Usage (133464K) : activ_OPC has 0 polygons
2026-08-20 11:01:46 +0000: Memory Usage (133464K) : activ_iOPC has 0 polygons
2026-08-20 11:01:46 +0000: Memory Usage (133464K) : activ_noqrc has 0 polygons
2026-08-20 11:01:46 +0000: Memory Usage (133464K) : biwind_drw has 0 polygons
2026-08-20 11:01:46 +0000: Memory Usage (133464K) : biwind_OPC has 0 polygons
2026-08-20 11:01:46 +0000: Memory Usage (133464K) : gatpoly_drw has 25 polygons
2026-08-20 11:01:46 +0000: Memory Usage (133464K) : gatpoly_filler has 0 polygons
2026-08-20 11:01:46 +0000: Memory Usage (133464K) : gatpoly has 25 polygons
2026-08-20 11:01:46 +0000: Memory Usage (133464K) : gatpoly_pin has 0 polygons
2026-08-20 11:01:46 +0000: Memory Usage (133464K) : gatpoly_nofill has 0 polygons
2026-08-20 11:01:46 +0000: Memory Usage (133464K) : gatpoly_OPC has 0 polygons
2026-08-20 11:01:46 +0000: Memory Usage (133464K) : gatpoly_iOPC has 0 polygons
2026-08-20 11:01:46 +0000: Memory Usage (133464K) : gatpoly_noqrc has 0 polygons
2026-08-20 11:01:46 +0000: Memory Usage (133464K) : cont_drw has 6147 polygons
2026-08-20 11:01:46 +0000: Memory Usage (133464K) : cont_OPC has 0 polygons
2026-08-20 11:01:46 +0000: Memory Usage (133464K) : nsd_drw has 0 polygons
2026-08-20 11:01:46 +0000: Memory Usage (133464K) : nsd_block has 0 polygons
2026-08-20 11:01:46 +0000: Memory Usage (133464K) : metal1_drw has 280 polygons
2026-08-20 11:01:46 +0000: Memory Usage (133464K) : metal1_filler has 0 polygons
2026-08-20 11:01:46 +0000: Memory Usage (133592K) : metal1_slit has 0 polygons
2026-08-20 11:01:46 +0000: Memory Usage (133720K) : metal1 has 280 polygons
2026-08-20 11:01:46 +0000: Memory Usage (133848K) : metal1_pin has 112 polygons
2026-08-20 11:01:46 +0000: Memory Usage (133848K) : metal1_mask has 0 polygons
2026-08-20 11:01:46 +0000: Memory Usage (133976K) : metal1_nofill has 0 polygons
2026-08-20 11:01:46 +0000: Memory Usage (134232K) : metal1_text has 8 polygons
2026-08-20 11:01:46 +0000: Memory Usage (134232K) : metal1_OPC has 0 polygons
2026-08-20 11:01:46 +0000: Memory Usage (134360K) : metal1_noqrc has 0 polygons
2026-08-20 11:01:46 +0000: Memory Usage (134360K) : metal1_res has 0 polygons
2026-08-20 11:01:46 +0000: Memory Usage (134360K) : metal1_iprobe has 0 polygons
2026-08-20 11:01:46 +0000: Memory Usage (134360K) : metal1_diffprb has 0 polygons
2026-08-20 11:01:46 +0000: Memory Usage (134488K) : passiv_drw has 2 polygons
2026-08-20 11:01:46 +0000: Memory Usage (134488K) : passiv_pin has 0 polygons
2026-08-20 11:01:46 +0000: Memory Usage (134616K) : passiv_sbump has 0 polygons
2026-08-20 11:01:46 +0000: Memory Usage (134616K) : passiv_pillar has 0 polygons
2026-08-20 11:01:46 +0000: Memory Usage (134616K) : passiv_pdl has 0 polygons
2026-08-20 11:01:46 +0000: Memory Usage (134744K) : metal2_drw has 84 polygons
2026-08-20 11:01:46 +0000: Memory Usage (134744K) : metal2_filler has 0 polygons
2026-08-20 11:01:46 +0000: Memory Usage (134744K) : metal2_slit has 0 polygons
2026-08-20 11:01:46 +0000: Memory Usage (134744K) : metal2 has 84 polygons
2026-08-20 11:01:46 +0000: Memory Usage (134872K) : metal2_pin has 8 polygons
2026-08-20 11:01:46 +0000: Memory Usage (134872K) : metal2_mask has 0 polygons
2026-08-20 11:01:46 +0000: Memory Usage (134872K) : metal2_nofill has 0 polygons
2026-08-20 11:01:46 +0000: Memory Usage (134872K) : metal2_text has 8 polygons
2026-08-20 11:01:46 +0000: Memory Usage (135000K) : metal2_OPC has 0 polygons
2026-08-20 11:01:46 +0000: Memory Usage (135000K) : metal2_noqrc has 0 polygons
2026-08-20 11:01:46 +0000: Memory Usage (135000K) : metal2_res has 0 polygons
2026-08-20 11:01:46 +0000: Memory Usage (135000K) : metal2_iprobe has 0 polygons
2026-08-20 11:01:46 +0000: Memory Usage (135128K) : metal2_diffprb has 0 polygons
2026-08-20 11:01:46 +0000: Memory Usage (135128K) : baspoly_drw has 0 polygons
2026-08-20 11:01:46 +0000: Memory Usage (135128K) : baspoly_pin has 0 polygons
2026-08-20 11:01:46 +0000: Memory Usage (135128K) : psd_drw has 119 polygons
2026-08-20 11:01:46 +0000: Memory Usage (135256K) : nldb_drw has 0 polygons
2026-08-20 11:01:46 +0000: Memory Usage (135256K) : digibnd_drw has 0 polygons
2026-08-20 11:01:46 +0000: Memory Usage (135256K) : via1_drw has 1931 polygons
2026-08-20 11:01:46 +0000: Memory Usage (135384K) : backmetal1_drw has 0 polygons
2026-08-20 11:01:46 +0000: Memory Usage (135384K) : backmetal1_pin has 0 polygons
2026-08-20 11:01:46 +0000: Memory Usage (135384K) : backmetal1_mask has 0 polygons
2026-08-20 11:01:46 +0000: Memory Usage (135384K) : backmetal1_filler has 0 polygons
2026-08-20 11:01:46 +0000: Memory Usage (135512K) : backmetal1_nofill has 0 polygons
2026-08-20 11:01:46 +0000: Memory Usage (135512K) : backmetal1_slit has 0 polygons
2026-08-20 11:01:46 +0000: Memory Usage (135512K) : backmetal1_text has 0 polygons
2026-08-20 11:01:46 +0000: Memory Usage (135512K) : backmetal1_OPC has 0 polygons
2026-08-20 11:01:46 +0000: Memory Usage (135512K) : backmetal1_noqrc has 0 polygons
2026-08-20 11:01:46 +0000: Memory Usage (135640K) : backmetal1_res has 0 polygons
2026-08-20 11:01:46 +0000: Memory Usage (135640K) : backmetal1_iprobe has 0 polygons
2026-08-20 11:01:46 +0000: Memory Usage (135640K) : backmetal1_diffprb has 0 polygons
2026-08-20 11:01:46 +0000: Memory Usage (135768K) : backpassiv_drw has 0 polygons
2026-08-20 11:01:46 +0000: Memory Usage (135768K) : res_drw has 2 polygons
2026-08-20 11:01:46 +0000: Memory Usage (135768K) : sram_drw has 0 polygons
2026-08-20 11:01:46 +0000: Memory Usage (135768K) : trans_drw has 0 polygons
2026-08-20 11:01:46 +0000: Memory Usage (135896K) : ind_drw has 0 polygons
2026-08-20 11:01:46 +0000: Memory Usage (135896K) : ind_pin has 0 polygons
2026-08-20 11:01:46 +0000: Memory Usage (135896K) : ind_text has 0 polygons
2026-08-20 11:01:46 +0000: Memory Usage (135896K) : salblock_drw has 14 polygons
2026-08-20 11:01:46 +0000: Memory Usage (136024K) : via2_drw has 867 polygons
2026-08-20 11:01:46 +0000: Memory Usage (136024K) : metal3_drw has 72 polygons
2026-08-20 11:01:46 +0000: Memory Usage (136024K) : metal3_filler has 0 polygons
2026-08-20 11:01:46 +0000: Memory Usage (136152K) : metal3_slit has 0 polygons
2026-08-20 11:01:46 +0000: Memory Usage (136152K) : metal3 has 72 polygons
2026-08-20 11:01:46 +0000: Memory Usage (136152K) : metal3_pin has 2 polygons
2026-08-20 11:01:46 +0000: Memory Usage (136152K) : metal3_mask has 0 polygons
2026-08-20 11:01:46 +0000: Memory Usage (136152K) : metal3_nofill has 0 polygons
2026-08-20 11:01:46 +0000: Memory Usage (136152K) : metal3_text has 0 polygons
2026-08-20 11:01:46 +0000: Memory Usage (136152K) : metal3_OPC has 0 polygons
2026-08-20 11:01:46 +0000: Memory Usage (136152K) : metal3_noqrc has 0 polygons
2026-08-20 11:01:46 +0000: Memory Usage (136152K) : metal3_res has 0 polygons
2026-08-20 11:01:46 +0000: Memory Usage (136152K) : metal3_iprobe has 0 polygons
2026-08-20 11:01:46 +0000: Memory Usage (136152K) : metal3_diffprb has 0 polygons
2026-08-20 11:01:46 +0000: Memory Usage (136152K) : nwell_drw has 14 polygons
2026-08-20 11:01:46 +0000: Memory Usage (136152K) : nwell_pin has 0 polygons
2026-08-20 11:01:46 +0000: Memory Usage (136152K) : nwell_text has 0 polygons
2026-08-20 11:01:46 +0000: Memory Usage (136152K) : nbulay_drw has 1 polygons
2026-08-20 11:01:46 +0000: Memory Usage (136152K) : nbulay_pin has 0 polygons
2026-08-20 11:01:46 +0000: Memory Usage (136280K) : nbulay_block has 0 polygons
2026-08-20 11:01:46 +0000: Memory Usage (136280K) : emwind_drw has 0 polygons
2026-08-20 11:01:46 +0000: Memory Usage (136280K) : emwind_OPC has 0 polygons
2026-08-20 11:01:46 +0000: Memory Usage (136280K) : deepco_drw has 0 polygons
2026-08-20 11:01:46 +0000: Memory Usage (136280K) : mim_drw has 1 polygons
2026-08-20 11:01:46 +0000: Memory Usage (136408K) : edgeseal_drw has 0 polygons
2026-08-20 11:01:46 +0000: Memory Usage (136408K) : substrate_drw has 100 polygons
2026-08-20 11:01:46 +0000: Memory Usage (136408K) : substrate_text has 0 polygons
2026-08-20 11:01:46 +0000: Memory Usage (136408K) : dfpad_drw has 2 polygons
2026-08-20 11:01:46 +0000: Memory Usage (136408K) : dfpad_pillar has 0 polygons
2026-08-20 11:01:46 +0000: Memory Usage (136408K) : dfpad_sbump has 0 polygons
2026-08-20 11:01:46 +0000: Memory Usage (136536K) : thickgateox_drw has 1 polygons
2026-08-20 11:01:46 +0000: Memory Usage (136536K) : pldb_drw has 0 polygons
2026-08-20 11:01:46 +0000: Memory Usage (136536K) : pwell_drw has 0 polygons
2026-08-20 11:01:46 +0000: Memory Usage (136536K) : pwell_pin has 0 polygons
2026-08-20 11:01:46 +0000: Memory Usage (136536K) : pwell_block has 0 polygons
2026-08-20 11:01:46 +0000: Memory Usage (136664K) : ic_drw has 0 polygons
2026-08-20 11:01:46 +0000: Memory Usage (136664K) : via3_drw has 1067 polygons
2026-08-20 11:01:46 +0000: Memory Usage (136664K) : metal4_drw has 34 polygons
2026-08-20 11:01:46 +0000: Memory Usage (136664K) : metal4_filler has 0 polygons
2026-08-20 11:01:46 +0000: Memory Usage (136664K) : metal4_slit has 0 polygons
2026-08-20 11:01:46 +0000: Memory Usage (136664K) : metal4 has 34 polygons
2026-08-20 11:01:46 +0000: Memory Usage (136792K) : metal4_pin has 0 polygons
2026-08-20 11:01:46 +0000: Memory Usage (136792K) : metal4_mask has 0 polygons
2026-08-20 11:01:46 +0000: Memory Usage (136792K) : metal4_nofill has 0 polygons
2026-08-20 11:01:46 +0000: Memory Usage (136792K) : metal4_text has 4 polygons
2026-08-20 11:01:46 +0000: Memory Usage (136792K) : metal4_OPC has 0 polygons
2026-08-20 11:01:46 +0000: Memory Usage (136792K) : metal4_noqrc has 0 polygons
2026-08-20 11:01:46 +0000: Memory Usage (136920K) : metal4_res has 0 polygons
2026-08-20 11:01:46 +0000: Memory Usage (136920K) : metal4_iprobe has 0 polygons
2026-08-20 11:01:46 +0000: Memory Usage (136920K) : metal4_diffprb has 0 polygons
2026-08-20 11:01:46 +0000: Memory Usage (136920K) : heattrans_drw has 0 polygons
2026-08-20 11:01:46 +0000: Memory Usage (136920K) : heatres_drw has 4 polygons
2026-08-20 11:01:46 +0000: Memory Usage (137048K) : fbe_drw has 0 polygons
2026-08-20 11:01:46 +0000: Memory Usage (137048K) : empoly_drw has 0 polygons
2026-08-20 11:01:46 +0000: Memory Usage (137048K) : digisub_drw has 0 polygons
2026-08-20 11:01:46 +0000: Memory Usage (137048K) : text_drw has 126 polygons
2026-08-20 11:01:46 +0000: Memory Usage (137048K) : via4_drw has 1063 polygons
2026-08-20 11:01:46 +0000: Memory Usage (137048K) : metal5_drw has 61 polygons
2026-08-20 11:01:46 +0000: Memory Usage (137048K) : metal5_filler has 0 polygons
2026-08-20 11:01:46 +0000: Memory Usage (137176K) : metal5_slit has 0 polygons
2026-08-20 11:01:46 +0000: Memory Usage (137176K) : metal5 has 61 polygons
2026-08-20 11:01:46 +0000: Memory Usage (137176K) : metal5_pin has 0 polygons
2026-08-20 11:01:46 +0000: Memory Usage (137176K) : metal5_mask has 0 polygons
2026-08-20 11:01:46 +0000: Memory Usage (137176K) : metal5_nofill has 0 polygons
2026-08-20 11:01:46 +0000: Memory Usage (137176K) : metal5_text has 0 polygons
2026-08-20 11:01:46 +0000: Memory Usage (137304K) : metal5_OPC has 0 polygons
2026-08-20 11:01:46 +0000: Memory Usage (137304K) : metal5_noqrc has 0 polygons
2026-08-20 11:01:46 +0000: Memory Usage (137304K) : metal5_res has 0 polygons
2026-08-20 11:01:46 +0000: Memory Usage (137304K) : metal5_iprobe has 0 polygons
2026-08-20 11:01:46 +0000: Memory Usage (137304K) : metal5_diffprb has 0 polygons
2026-08-20 11:01:46 +0000: Memory Usage (137432K) : radhard_drw has 0 polygons
2026-08-20 11:01:46 +0000: Memory Usage (137432K) : memcap_drw has 0 polygons
2026-08-20 11:01:46 +0000: Memory Usage (137432K) : varicap_drw has 0 polygons
2026-08-20 11:01:46 +0000: Memory Usage (137432K) : intbondvia_drw has 0 polygons
2026-08-20 11:01:46 +0000: Memory Usage (137560K) : intbondmet_drw has 0 polygons
2026-08-20 11:01:46 +0000: Memory Usage (137560K) : devbondvia_drw has 0 polygons
2026-08-20 11:01:46 +0000: Memory Usage (137560K) : devbondmet_drw has 0 polygons
2026-08-20 11:01:46 +0000: Memory Usage (137560K) : devtrench_drw has 0 polygons
2026-08-20 11:01:46 +0000: Memory Usage (137560K) : redist_drw has 0 polygons
2026-08-20 11:01:46 +0000: Memory Usage (137688K) : graphbot_drw has 0 polygons
2026-08-20 11:01:46 +0000: Memory Usage (137688K) : graphtop_drw has 0 polygons
2026-08-20 11:01:46 +0000: Memory Usage (137688K) : antvia1_drw has 0 polygons
2026-08-20 11:01:46 +0000: Memory Usage (137688K) : antmetal2_drw has 0 polygons
2026-08-20 11:01:46 +0000: Memory Usage (137688K) : graphcont_drw has 0 polygons
2026-08-20 11:01:46 +0000: Memory Usage (137816K) : siwg_drw has 0 polygons
2026-08-20 11:01:46 +0000: Memory Usage (137816K) : siwg_filler has 0 polygons
2026-08-20 11:01:46 +0000: Memory Usage (137816K) : siwg_nofill has 0 polygons
2026-08-20 11:01:46 +0000: Memory Usage (137816K) : sigrating_drw has 0 polygons
2026-08-20 11:01:46 +0000: Memory Usage (137816K) : singrating_drw has 0 polygons
2026-08-20 11:01:46 +0000: Memory Usage (137816K) : graphpas_drw has 0 polygons
2026-08-20 11:01:46 +0000: Memory Usage (137944K) : emwind3_drw has 0 polygons
2026-08-20 11:01:46 +0000: Memory Usage (137944K) : emwihv3_drw has 0 polygons
2026-08-20 11:01:46 +0000: Memory Usage (137944K) : redbulay_drw has 0 polygons
2026-08-20 11:01:46 +0000: Memory Usage (137944K) : smos_drw has 0 polygons
2026-08-20 11:01:46 +0000: Memory Usage (137944K) : graphpad_drw has 0 polygons
2026-08-20 11:01:46 +0000: Memory Usage (138072K) : polimide_drw has 0 polygons
2026-08-20 11:01:46 +0000: Memory Usage (138072K) : polimide_pin has 0 polygons
2026-08-20 11:01:46 +0000: Memory Usage (138072K) : recog_drw has 1 polygons
2026-08-20 11:01:46 +0000: Memory Usage (138072K) : recog_pin has 0 polygons
2026-08-20 11:01:46 +0000: Memory Usage (138072K) : recog_esd has 5 polygons
2026-08-20 11:01:46 +0000: Memory Usage (138200K) : recog_diode has 0 polygons
2026-08-20 11:01:46 +0000: Memory Usage (138200K) : recog_tsv has 0 polygons
2026-08-20 11:01:46 +0000: Memory Usage (138200K) : recog_iprobe has 0 polygons
2026-08-20 11:01:46 +0000: Memory Usage (138200K) : recog_diffprb has 0 polygons
2026-08-20 11:01:46 +0000: Memory Usage (138328K) : recog_pillar has 0 polygons
2026-08-20 11:01:46 +0000: Memory Usage (138328K) : recog_sbump has 0 polygons
2026-08-20 11:01:46 +0000: Memory Usage (138328K) : recog_otp has 0 polygons
2026-08-20 11:01:46 +0000: Memory Usage (138328K) : recog_pdiode has 0 polygons
2026-08-20 11:01:46 +0000: Memory Usage (138456K) : recog_mom has 0 polygons
2026-08-20 11:01:46 +0000: Memory Usage (138456K) : recog_momf has 0 polygons
2026-08-20 11:01:46 +0000: Memory Usage (138456K) : recog_pcm has 0 polygons
2026-08-20 11:01:46 +0000: Memory Usage (138456K) : colopen_drw has 0 polygons
2026-08-20 11:01:46 +0000: Memory Usage (138584K) : graphmetal1_drw has 0 polygons
2026-08-20 11:01:46 +0000: Memory Usage (138584K) : graphmetal1_filler has 0 polygons
2026-08-20 11:01:46 +0000: Memory Usage (138584K) : graphmetal1_nofill has 0 polygons
2026-08-20 11:01:46 +0000: Memory Usage (138584K) : graphmetal1_slit has 0 polygons
2026-08-20 11:01:46 +0000: Memory Usage (138712K) : graphmetal1_OPC has 0 polygons
2026-08-20 11:01:46 +0000: Memory Usage (138712K) : graphmet1l_drw has 0 polygons
2026-08-20 11:01:46 +0000: Memory Usage (138712K) : graphmet1l_filler has 0 polygons
2026-08-20 11:01:46 +0000: Memory Usage (138712K) : graphmet1l_nofill has 0 polygons
2026-08-20 11:01:46 +0000: Memory Usage (138840K) : graphmet1l_slit has 0 polygons
2026-08-20 11:01:46 +0000: Memory Usage (138840K) : graphmet1l_OPC has 0 polygons
2026-08-20 11:01:46 +0000: Memory Usage (138840K) : extblock_drw has 12 polygons
2026-08-20 11:01:46 +0000: Memory Usage (138840K) : nldd_drw has 0 polygons
2026-08-20 11:01:46 +0000: Memory Usage (138968K) : pldd_drw has 0 polygons
2026-08-20 11:01:46 +0000: Memory Usage (138968K) : next_drw has 0 polygons
2026-08-20 11:01:46 +0000: Memory Usage (138968K) : pext_drw has 0 polygons
2026-08-20 11:01:46 +0000: Memory Usage (138968K) : nexthv_drw has 0 polygons
2026-08-20 11:01:46 +0000: Memory Usage (138968K) : pexthv_drw has 0 polygons
2026-08-20 11:01:46 +0000: Memory Usage (139096K) : graphgate_drw has 0 polygons
2026-08-20 11:01:46 +0000: Memory Usage (139096K) : sinwg_drw has 0 polygons
2026-08-20 11:01:46 +0000: Memory Usage (139096K) : sinwg_filler has 0 polygons
2026-08-20 11:01:46 +0000: Memory Usage (139096K) : sinwg_nofill has 0 polygons
2026-08-20 11:01:46 +0000: Memory Usage (139096K) : mempad_drw has 0 polygons
2026-08-20 11:01:46 +0000: Memory Usage (139096K) : topvia1_drw has 491 polygons
2026-08-20 11:01:46 +0000: Memory Usage (139224K) : topmetal1_drw has 43 polygons
2026-08-20 11:01:46 +0000: Memory Usage (139224K) : topmetal1_filler has 0 polygons
2026-08-20 11:01:46 +0000: Memory Usage (139224K) : topmetal1_slit has 0 polygons
2026-08-20 11:01:46 +0000: Memory Usage (139224K) : topmetal1 has 43 polygons
2026-08-20 11:01:46 +0000: Memory Usage (139224K) : topmetal1_pin has 0 polygons
2026-08-20 11:01:46 +0000: Memory Usage (139352K) : topmetal1_mask has 0 polygons
2026-08-20 11:01:46 +0000: Memory Usage (139352K) : topmetal1_nofill has 0 polygons
2026-08-20 11:01:46 +0000: Memory Usage (139352K) : topmetal1_text has 0 polygons
2026-08-20 11:01:46 +0000: Memory Usage (139352K) : topmetal1_noqrc has 0 polygons
2026-08-20 11:01:46 +0000: Memory Usage (139352K) : topmetal1_res has 0 polygons
2026-08-20 11:01:46 +0000: Memory Usage (139480K) : topmetal1_iprobe has 0 polygons
2026-08-20 11:01:46 +0000: Memory Usage (139480K) : topmetal1_diffprb has 0 polygons
2026-08-20 11:01:46 +0000: Memory Usage (139480K) : inldpwl_drw has 0 polygons
2026-08-20 11:01:46 +0000: Memory Usage (139480K) : polyres_drw has 4 polygons
2026-08-20 11:01:46 +0000: Memory Usage (139608K) : polyres_pin has 0 polygons
2026-08-20 11:01:46 +0000: Memory Usage (139608K) : vmim_drw has 225 polygons
2026-08-20 11:01:46 +0000: Memory Usage (139608K) : nbulaycut_drw has 0 polygons
2026-08-20 11:01:46 +0000: Memory Usage (139608K) : antmetal1_drw has 0 polygons
2026-08-20 11:01:46 +0000: Memory Usage (139736K) : topvia2_drw has 211 polygons
2026-08-20 11:01:46 +0000: Memory Usage (139736K) : topmetal2_drw has 29 polygons
2026-08-20 11:01:46 +0000: Memory Usage (139736K) : topmetal2_filler has 0 polygons
2026-08-20 11:01:46 +0000: Memory Usage (139864K) : topmetal2_slit has 0 polygons
2026-08-20 11:01:46 +0000: Memory Usage (139864K) : topmetal2 has 29 polygons
2026-08-20 11:01:46 +0000: Memory Usage (139864K) : topmetal2_pin has 0 polygons
2026-08-20 11:01:46 +0000: Memory Usage (139992K) : topmetal2_mask has 0 polygons
2026-08-20 11:01:46 +0000: Memory Usage (139992K) : topmetal2_nofill has 0 polygons
2026-08-20 11:01:46 +0000: Memory Usage (139992K) : topmetal2_text has 4 polygons
2026-08-20 11:01:46 +0000: Memory Usage (139992K) : topmetal2_noqrc has 0 polygons
2026-08-20 11:01:46 +0000: Memory Usage (140120K) : topmetal2_res has 0 polygons
2026-08-20 11:01:46 +0000: Memory Usage (140120K) : topmetal2_iprobe has 0 polygons
2026-08-20 11:01:46 +0000: Memory Usage (140120K) : topmetal2_diffprb has 0 polygons
2026-08-20 11:01:46 +0000: Memory Usage (140120K) : snsring_drw has 0 polygons
2026-08-20 11:01:46 +0000: Memory Usage (140248K) : sensor_drw has 0 polygons
2026-08-20 11:01:46 +0000: Memory Usage (140248K) : snsarms_drw has 0 polygons
2026-08-20 11:01:46 +0000: Memory Usage (140248K) : snscmosvia_drw has 0 polygons
2026-08-20 11:01:46 +0000: Memory Usage (140248K) : colwind_drw has 0 polygons
2026-08-20 11:01:46 +0000: Memory Usage (140376K) : flm_drw has 0 polygons
2026-08-20 11:01:46 +0000: Memory Usage (140504K) : hafniumox_drw has 0 polygons
2026-08-20 11:01:46 +0000: Memory Usage (140504K) : memvia_drw has 0 polygons
2026-08-20 11:01:46 +0000: Memory Usage (140504K) : thinfilmres_drw has 0 polygons
2026-08-20 11:01:46 +0000: Memory Usage (140504K) : rfmem_drw has 0 polygons
2026-08-20 11:01:46 +0000: Memory Usage (140632K) : norcx_drw has 0 polygons
2026-08-20 11:01:46 +0000: Memory Usage (140632K) : norcx_m2m3 has 0 polygons
2026-08-20 11:01:46 +0000: Memory Usage (140632K) : norcx_m2m4 has 0 polygons
2026-08-20 11:01:46 +0000: Memory Usage (140632K) : norcx_m2m5 has 0 polygons
2026-08-20 11:01:46 +0000: Memory Usage (140632K) : norcx_m2tm1 has 0 polygons
2026-08-20 11:01:46 +0000: Memory Usage (140632K) : norcx_m2tm2 has 0 polygons
2026-08-20 11:01:46 +0000: Memory Usage (140632K) : norcx_m3m4 has 0 polygons
2026-08-20 11:01:46 +0000: Memory Usage (140632K) : norcx_m3m5 has 0 polygons
2026-08-20 11:01:46 +0000: Memory Usage (140632K) : norcx_m3tm1 has 0 polygons
2026-08-20 11:01:46 +0000: Memory Usage (140632K) : norcx_m3tm2 has 0 polygons
2026-08-20 11:01:46 +0000: Memory Usage (140632K) : norcx_m4m5 has 0 polygons
2026-08-20 11:01:46 +0000: Memory Usage (140632K) : norcx_m4tm1 has 0 polygons
2026-08-20 11:01:46 +0000: Memory Usage (140632K) : norcx_m4tm2 has 0 polygons
2026-08-20 11:01:46 +0000: Memory Usage (140632K) : norcx_m5tm1 has 0 polygons
2026-08-20 11:01:46 +0000: Memory Usage (140632K) : norcx_m5tm2 has 0 polygons
2026-08-20 11:01:46 +0000: Memory Usage (140632K) : norcx_tm1tm2 has 0 polygons
2026-08-20 11:01:46 +0000: Memory Usage (140632K) : norcx_m1sub has 0 polygons
2026-08-20 11:01:46 +0000: Memory Usage (140632K) : norcx_m2sub has 0 polygons
2026-08-20 11:01:46 +0000: Memory Usage (140632K) : norcx_m3sub has 0 polygons
2026-08-20 11:01:46 +0000: Memory Usage (140632K) : norcx_m4sub has 0 polygons
2026-08-20 11:01:46 +0000: Memory Usage (140632K) : norcx_m5sub has 0 polygons
2026-08-20 11:01:46 +0000: Memory Usage (140632K) : norcx_tm1sub has 0 polygons
2026-08-20 11:01:46 +0000: Memory Usage (140632K) : norcx_tm2sub has 0 polygons
2026-08-20 11:01:46 +0000: Memory Usage (140632K) : snsbotvia_drw has 0 polygons
2026-08-20 11:01:46 +0000: Memory Usage (140632K) : snstopvia_drw has 0 polygons
2026-08-20 11:01:46 +0000: Memory Usage (140632K) : deepvia_drw has 0 polygons
2026-08-20 11:01:46 +0000: Memory Usage (140632K) : fgetch_drw has 0 polygons
2026-08-20 11:01:46 +0000: Memory Usage (140632K) : ctrgat_drw has 0 polygons
2026-08-20 11:01:46 +0000: Memory Usage (140632K) : fgimp_drw has 0 polygons
2026-08-20 11:01:46 +0000: Memory Usage (140632K) : emwihv_drw has 0 polygons
2026-08-20 11:01:46 +0000: Memory Usage (140632K) : lbe_drw has 0 polygons
2026-08-20 11:01:46 +0000: Memory Usage (140632K) : alcustop_drw has 0 polygons
2026-08-20 11:01:46 +0000: Memory Usage (140632K) : nometfiller_drw has 0 polygons
2026-08-20 11:01:46 +0000: Memory Usage (140632K) : prboundary_drw has 0 polygons
2026-08-20 11:01:46 +0000: Memory Usage (140632K) : exchange0_drw has 0 polygons
2026-08-20 11:01:46 +0000: Memory Usage (140632K) : exchange0_pin has 0 polygons
2026-08-20 11:01:46 +0000: Memory Usage (140632K) : exchange0_text has 0 polygons
2026-08-20 11:01:46 +0000: Memory Usage (140632K) : exchange1_drw has 0 polygons
2026-08-20 11:01:46 +0000: Memory Usage (140632K) : exchange1_pin has 0 polygons
2026-08-20 11:01:46 +0000: Memory Usage (140632K) : exchange1_text has 0 polygons
2026-08-20 11:01:46 +0000: Memory Usage (140632K) : exchange2_drw has 0 polygons
2026-08-20 11:01:46 +0000: Memory Usage (140632K) : exchange2_pin has 0 polygons
2026-08-20 11:01:46 +0000: Memory Usage (140632K) : exchange2_text has 0 polygons
2026-08-20 11:01:46 +0000: Memory Usage (140632K) : exchange3_drw has 0 polygons
2026-08-20 11:01:46 +0000: Memory Usage (140632K) : exchange3_pin has 0 polygons
2026-08-20 11:01:46 +0000: Memory Usage (140632K) : exchange3_text has 0 polygons
2026-08-20 11:01:46 +0000: Memory Usage (140632K) : exchange4_drw has 0 polygons
2026-08-20 11:01:46 +0000: Memory Usage (140632K) : exchange4_pin has 0 polygons
2026-08-20 11:01:46 +0000: Memory Usage (140632K) : exchange4_text has 0 polygons
2026-08-20 11:01:46 +0000: Memory Usage (140632K) : isonwell_drw has 0 polygons
2026-08-20 11:01:46 +0000: Memory Usage (140632K) : Total no. of polygons in the design is 13314
2026-08-20 11:01:46 +0000: Memory Usage (140632K) : Starting base layers derivations
2026-08-20 11:01:46 +0000: Memory Usage (140632K) : Starting general LVS derivations
2026-08-20 11:01:46 +0000: Memory Usage (144556K) : Starting MOSFET DERIVATIONS
2026-08-20 11:01:46 +0000: Memory Usage (145324K) : Starting NMOS DERIVATIONS
2026-08-20 11:01:46 +0000: Memory Usage (145324K) : Starting PMOS DERIVATIONS
2026-08-20 11:01:46 +0000: Memory Usage (145324K) : Starting RF-MOSFET DERIVATIONS
2026-08-20 11:01:46 +0000: Memory Usage (145324K) : Starting RF-NMOS DERIVATIONS
2026-08-20 11:01:46 +0000: Memory Usage (145324K) : Starting RF-PMOS DERIVATIONS
2026-08-20 11:01:46 +0000: Memory Usage (145324K) : Starting BJT DERIVATIONS
2026-08-20 11:01:46 +0000: Memory Usage (145324K) : Starting NPN-BJT DERIVATIONS
2026-08-20 11:01:46 +0000: Memory Usage (145452K) : Starting PNP-BJT DERIVATIONS
2026-08-20 11:01:46 +0000: Memory Usage (145580K) : Starting DIODE DERIVATIONS
2026-08-20 11:01:46 +0000: Memory Usage (145580K) : Starting RESISTOR DERIVATIONS
2026-08-20 11:01:47 +0000: Memory Usage (145836K) : Starting CAP DERIVATIONS
2026-08-20 11:01:47 +0000: Memory Usage (145836K) : Starting CAP_CMOM DERIVATIONS
2026-08-20 11:01:47 +0000: Memory Usage (145836K) : Starting CAP_CMOMF DERIVATIONS
2026-08-20 11:01:47 +0000: Memory Usage (145836K) : Starting ESD DERIVATIONS
2026-08-20 11:01:48 +0000: Memory Usage (146092K) : Starting Inductor DERIVATIONS
2026-08-20 11:01:48 +0000: Memory Usage (146092K) : Starting Taps DERIVATIONS
2026-08-20 11:01:48 +0000: Memory Usage (146476K) : Starting SG13G2 LVS connectivity setup
2026-08-20 11:01:48 +0000: Memory Usage (146476K) : Starting SG13G2 LVS connectivity setup (Inter-layer)
2026-08-20 11:01:48 +0000: Memory Usage (146604K) : Starting SG13G2 LVS connectivity setup (Global)
2026-08-20 11:01:48 +0000: Memory Usage (146604K) : Starting LVS MOSFET CONNECTIONS
2026-08-20 11:01:48 +0000: Memory Usage (146604K) : Starting LVS RF-MOSFET CONNECTIONS
2026-08-20 11:01:48 +0000: Memory Usage (146604K) : Starting LVS BJT CONNECTIONS
2026-08-20 11:01:48 +0000: Memory Usage (146604K) : Starting LVS DIODE CONNECTIONS
2026-08-20 11:01:48 +0000: Memory Usage (146604K) : Starting RESISTOR CONNECTIONS
2026-08-20 11:01:48 +0000: Memory Usage (146604K) : Starting LVS CAP CONNECTIONS
2026-08-20 11:01:48 +0000: Memory Usage (146604K) : Starting CAP_CMOM CONNECTIONS
2026-08-20 11:01:48 +0000: Memory Usage (146604K) : Starting CAP_CMOMF CONNECTIONS
2026-08-20 11:01:48 +0000: Memory Usage (146604K) : Starting ESD CONNECTIONS
2026-08-20 11:01:48 +0000: Memory Usage (146604K) : Starting Inductor CONNECTIONS
2026-08-20 11:01:48 +0000: Memory Usage (146604K) : Starting LVS Taps CONNECTIONS
2026-08-20 11:01:48 +0000: Memory Usage (146604K) : Starting SG13G2 LVS DEVICES EXTRACTION
2026-08-20 11:01:48 +0000: Memory Usage (146604K) : Starting MOSFET EXTRACTION
2026-08-20 11:01:48 +0000: Memory Usage (146604K) : Starting NMOS EXTRACTION
2026-08-20 11:01:48 +0000: Memory Usage (146604K) : Extraction of NMOS-LV transistor
2026-08-20 11:01:48 +0000: Memory Usage (146604K) : Extraction of NMOS-HV transistor
2026-08-20 11:01:48 +0000: Memory Usage (146604K) : Starting PMOS EXTRACTION
2026-08-20 11:01:48 +0000: Memory Usage (146604K) : Extraction of PMOS-LV transistor
2026-08-20 11:01:48 +0000: Memory Usage (146604K) : Extraction of PMOS-HV transistor
2026-08-20 11:01:48 +0000: Memory Usage (146604K) : Starting RF-MOSFET EXTRACTION
2026-08-20 11:01:48 +0000: Memory Usage (146604K) : Extraction of RF-NMOS-LV transistor
2026-08-20 11:01:48 +0000: Memory Usage (146604K) : Extraction of RF-NMOS-HV transistor
2026-08-20 11:01:48 +0000: Memory Usage (146604K) : Extraction of RF-PMOS-LV transistor
2026-08-20 11:01:48 +0000: Memory Usage (146604K) : Extraction of RF-PMOS-HV transistor
2026-08-20 11:01:48 +0000: Memory Usage (146604K) : Starting BJT EXTRACTION
2026-08-20 11:01:48 +0000: Memory Usage (146604K) : Starting NPN-BJT EXTRACTION
2026-08-20 11:01:48 +0000: Memory Usage (146604K) : Extraction of npn13G2 BJT transistor
2026-08-20 11:01:48 +0000: Memory Usage (146604K) : Extraction of npn13G2L BJT transistor
2026-08-20 11:01:48 +0000: Memory Usage (146604K) : Extraction of npn13G2V BJT transistor
2026-08-20 11:01:48 +0000: Memory Usage (146604K) : Starting PNP-BJT EXTRACTION
2026-08-20 11:01:48 +0000: Memory Usage (146604K) : Extracting pnpMPA BJT
2026-08-20 11:01:48 +0000: Memory Usage (146604K) : Starting DIODE EXTRACTION
2026-08-20 11:01:48 +0000: Memory Usage (146604K) : Extracting dantenna diode
2026-08-20 11:01:48 +0000: Memory Usage (146604K) : Extracting dpantenna diode
2026-08-20 11:01:48 +0000: Memory Usage (146604K) : Extracting schottky_nbl1 diode
2026-08-20 11:01:48 +0000: Memory Usage (146604K) : Extracting isolbox diode
2026-08-20 11:01:48 +0000: Memory Usage (146604K) : Starting RESISTOR EXTRACTION
2026-08-20 11:01:48 +0000: Memory Usage (146604K) : Extracting rsil resistor
2026-08-20 11:01:48 +0000: Memory Usage (146732K) : Extracting rppd resistor
2026-08-20 11:01:48 +0000: Memory Usage (146732K) : Extracting rhigh resistor
2026-08-20 11:01:48 +0000: Memory Usage (146732K) : Extracting res_metal1 resistor
2026-08-20 11:01:48 +0000: Memory Usage (146860K) : Extracting res_metal2 resistor
2026-08-20 11:01:48 +0000: Memory Usage (146860K) : Extracting res_metal3 resistor
2026-08-20 11:01:48 +0000: Memory Usage (146860K) : Extracting res_metal4 resistor
2026-08-20 11:01:48 +0000: Memory Usage (146860K) : Extracting res_metal5 resistor
2026-08-20 11:01:48 +0000: Memory Usage (146860K) : Extracting res_topmetal1 resistor
2026-08-20 11:01:48 +0000: Memory Usage (146860K) : Extracting res_topmetal2 resistor
2026-08-20 11:01:48 +0000: Memory Usage (146860K) : Starting CAP EXTRACTION
2026-08-20 11:01:48 +0000: Memory Usage (146860K) : Extracting cap_cmim device
2026-08-20 11:01:48 +0000: Memory Usage (146860K) : Extracting rfcmim device
2026-08-20 11:01:48 +0000: Memory Usage (146860K) : Extracting sg13_hv_svaricap varactor
2026-08-20 11:01:48 +0000: Memory Usage (146860K) : Extracting cap_cmomi device
2026-08-20 11:01:48 +0000: Memory Usage (146860K) : Extracting cap_cmomf device
2026-08-20 11:01:48 +0000: Memory Usage (146860K) : Extracting sg13_moscap_n capacitor
2026-08-20 11:01:48 +0000: Memory Usage (146860K) : Extracting sg13_moscap_p capacitor
2026-08-20 11:01:48 +0000: Memory Usage (146860K) : Starting ESD EXTRACTION
2026-08-20 11:01:48 +0000: Memory Usage (146860K) : Extracting diodevdd_2kv ESD device
2026-08-20 11:01:48 +0000: Memory Usage (146860K) : Extracting diodevdd_4kv ESD device
2026-08-20 11:01:48 +0000: Memory Usage (146860K) : Extracting diodevss_2kv ESD device
2026-08-20 11:01:48 +0000: Memory Usage (146860K) : Extracting diodevss_4kv ESD device
2026-08-20 11:01:48 +0000: Memory Usage (146860K) : Extracting idiodevdd_2kv ESD device
2026-08-20 11:01:48 +0000: Memory Usage (146860K) : Extracting idiodevdd_4kv ESD device
2026-08-20 11:01:48 +0000: Memory Usage (146860K) : Extracting idiodevss_2kv ESD device
2026-08-20 11:01:48 +0000: Memory Usage (146860K) : Extracting idiodevss_4kv ESD device
2026-08-20 11:01:48 +0000: Memory Usage (146860K) : Extracting nmoscl_2 ESD device
2026-08-20 11:01:48 +0000: Memory Usage (146860K) : Extracting nmoscl_4 ESD device
2026-08-20 11:01:48 +0000: Memory Usage (146860K) : Starting Inductor EXTRACTION
2026-08-20 11:01:48 +0000: Memory Usage (146860K) : Extracting Inductor2 device
2026-08-20 11:01:48 +0000: Memory Usage (146860K) : Extracting Inductor3 device
2026-08-20 11:01:48 +0000: Memory Usage (146860K) : Starting Taps EXTRACTION
2026-08-20 11:01:48 +0000: Memory Usage (146860K) : DISABLE_TAP_EXTRACTION is enabled: skipping ntap1/ptap1 device extraction.
2026-08-20 11:01:48 +0000: Memory Usage (146860K) : Starting SG13G2 LVS RF MOS Model Mapping
2026-08-20 11:01:48 +0000: Memory Usage (146860K) : [layout_netlist] Apply RF MOS model mapping and rfmode parameter.
2026-08-20 11:01:48 +0000: Memory Usage (146860K) : Starting SG13G2 LVS Options Preparations
2026-08-20 11:01:48 +0000: Memory Usage (146860K) : SG13G2 LVS flow: extraction -> alignment -> option preparation -> comparison.
2026-08-20 11:01:48 +0000: Memory Usage (146860K) : Starting SG13G2 LVS Alignment
2026-08-20 11:01:48 +0000: Memory Usage (146860K) : Starting SG13G2 LVS Simplification
2026-08-20 11:01:48 +0000: Memory Usage (146860K) : [layout_netlist] simplify: ENABLED
2026-08-20 11:01:48 +0000: Memory Usage (146860K) : [layout_netlist] make_top_level_pins: SKIPPED
2026-08-20 11:01:48 +0000: Memory Usage (146860K) : [layout_netlist] combine_devices: SKIPPED
2026-08-20 11:01:48 +0000: Memory Usage (146860K) : [layout_netlist] purge: SKIPPED
2026-08-20 11:01:48 +0000: Memory Usage (146860K) : [layout_netlist] purge_nets: SKIPPED
2026-08-20 11:01:48 +0000: Memory Usage (146860K) : [schematic_netlist] simplify: ENABLED
2026-08-20 11:01:48 +0000: Memory Usage (146860K) : [schematic_netlist] make_top_level_pins: SKIPPED
2026-08-20 11:01:48 +0000: Memory Usage (146860K) : [schematic_netlist] combine_devices: SKIPPED
2026-08-20 11:01:48 +0000: Memory Usage (146860K) : [schematic_netlist] purge: SKIPPED
2026-08-20 11:01:48 +0000: Memory Usage (146860K) : [schematic_netlist] purge_nets: SKIPPED
2026-08-20 11:01:48 +0000: Memory Usage (146860K) : Starting SG13G2 LVS Comparison
2026-08-20 11:01:48 +0000: Memory Usage (146988K) : xxxxxxxxxxxxxxxxxxxxxxxxxxxxxxxxxxxxxxxxxx
2026-08-20 11:01:48 +0000: Memory Usage (146988K) : ERROR : Netlists don't match
2026-08-20 11:01:48 +0000: Memory Usage (146988K) : xxxxxxxxxxxxxxxxxxxxxxxxxxxxxxxxxxxxxxxxxx
2026-08-20 11:01:48 +0000: Memory Usage (146988K) : LVS Total Run time 2.209015 seconds
2026-08-20 14:27:32 +0000: Memory Usage (129096K) : Starting running SG13G2 Klayout LVS runset on /workspace/layout/blocks/out/term_stage/_bisect/full.gds
2026-08-20 14:27:32 +0000: Memory Usage (129096K) : Ruby Version for klayout: 3.2.3
2026-08-20 14:27:32 +0000: Memory Usage (130240K) : Loading database to memory is complete.
2026-08-20 14:27:32 +0000: Memory Usage (130240K) : SG13G2 Klayout LVS runset output at: /workspace/layout/blocks/out/term_stage/_bisect/full/full.lvsdb
2026-08-20 14:27:32 +0000: Memory Usage (130240K) : Evaluate switches.
2026-08-20 14:27:32 +0000: Memory Usage (130240K) : Extracted netlist with net names: true
2026-08-20 14:27:32 +0000: Memory Usage (130240K) : Extracted netlist with comments in details: false
2026-08-20 14:27:32 +0000: Memory Usage (130240K) : Selected NET_ONLY option: false
2026-08-20 14:27:32 +0000: Memory Usage (130240K) : Selected LAYOUT_NETLIST option: (none)
2026-08-20 14:27:32 +0000: Memory Usage (130240K) : Selected IGNORE_TOP_PORTS_MISMATCH option: true
2026-08-20 14:27:32 +0000: Memory Usage (130240K) : Selected IMPLICIT_NETS option: sub,sub!
2026-08-20 14:27:32 +0000: Memory Usage (130240K) : Selected TOP_LVL_PINS option: false
2026-08-20 14:27:32 +0000: Memory Usage (130240K) : Selected COMBINE DEVICES option: false
2026-08-20 14:27:32 +0000: Memory Usage (130240K) : Selected PURGE option: false
2026-08-20 14:27:32 +0000: Memory Usage (130240K) : Selected PURGE_NETS option: false
2026-08-20 14:27:32 +0000: Memory Usage (130240K) : Selected SIMPLIFY option: true
2026-08-20 14:27:32 +0000: Memory Usage (130240K) : Selected SERIES_RES option: true
2026-08-20 14:27:32 +0000: Memory Usage (130240K) : Selected PARALLEL_RES option: true
2026-08-20 14:27:32 +0000: Memory Usage (130240K) : Selected DISABLE_TAP_EXTRACTION option: true
2026-08-20 14:27:32 +0000: Memory Usage (130240K) : deep  mode is enabled.
2026-08-20 14:27:32 +0000: Memory Usage (130240K) : Applying implicit connections (case-sensitive, pattern supported) for nets: sub, sub!
2026-08-20 14:27:32 +0000: Memory Usage (131360K) : Netlist file: /workspace/layout/blocks/out/term_stage/_bisect/full.cdl
2026-08-20 14:27:32 +0000: Memory Usage (131360K) : LVS extracted netlist at: /workspace/layout/blocks/out/term_stage/_bisect/full/full_extracted.cir
2026-08-20 14:27:32 +0000: Memory Usage (131360K) : Applying SRAM integration support.
2026-08-20 14:27:32 +0000: Memory Usage (131360K) : Starting SG13G2 LVS runset
2026-08-20 14:27:32 +0000: Memory Usage (131360K) : Read in polygons from layers.
2026-08-20 14:27:32 +0000: Memory Usage (132928K) : activ_drw has 130 polygons
2026-08-20 14:27:32 +0000: Memory Usage (132928K) : activ_filler has 0 polygons
2026-08-20 14:27:32 +0000: Memory Usage (133184K) : activ has 130 polygons
2026-08-20 14:27:32 +0000: Memory Usage (133184K) : activ_pin has 0 polygons
2026-08-20 14:27:32 +0000: Memory Usage (133184K) : activ_mask has 0 polygons
2026-08-20 14:27:32 +0000: Memory Usage (133352K) : activ_nofill has 0 polygons
2026-08-20 14:27:32 +0000: Memory Usage (133736K) : activ_OPC has 0 polygons
2026-08-20 14:27:32 +0000: Memory Usage (133736K) : activ_iOPC has 0 polygons
2026-08-20 14:27:32 +0000: Memory Usage (133736K) : activ_noqrc has 0 polygons
2026-08-20 14:27:32 +0000: Memory Usage (133736K) : biwind_drw has 0 polygons
2026-08-20 14:27:32 +0000: Memory Usage (133736K) : biwind_OPC has 0 polygons
2026-08-20 14:27:32 +0000: Memory Usage (133736K) : gatpoly_drw has 25 polygons
2026-08-20 14:27:32 +0000: Memory Usage (133736K) : gatpoly_filler has 0 polygons
2026-08-20 14:27:32 +0000: Memory Usage (133736K) : gatpoly has 25 polygons
2026-08-20 14:27:32 +0000: Memory Usage (133736K) : gatpoly_pin has 0 polygons
2026-08-20 14:27:32 +0000: Memory Usage (133736K) : gatpoly_nofill has 0 polygons
2026-08-20 14:27:32 +0000: Memory Usage (133736K) : gatpoly_OPC has 0 polygons
2026-08-20 14:27:32 +0000: Memory Usage (133736K) : gatpoly_iOPC has 0 polygons
2026-08-20 14:27:32 +0000: Memory Usage (133736K) : gatpoly_noqrc has 0 polygons
2026-08-20 14:27:32 +0000: Memory Usage (133736K) : cont_drw has 6147 polygons
2026-08-20 14:27:32 +0000: Memory Usage (133736K) : cont_OPC has 0 polygons
2026-08-20 14:27:32 +0000: Memory Usage (133736K) : nsd_drw has 0 polygons
2026-08-20 14:27:32 +0000: Memory Usage (133736K) : nsd_block has 0 polygons
2026-08-20 14:27:32 +0000: Memory Usage (133736K) : metal1_drw has 282 polygons
2026-08-20 14:27:32 +0000: Memory Usage (133736K) : metal1_filler has 0 polygons
2026-08-20 14:27:32 +0000: Memory Usage (133864K) : metal1_slit has 0 polygons
2026-08-20 14:27:32 +0000: Memory Usage (133992K) : metal1 has 282 polygons
2026-08-20 14:27:32 +0000: Memory Usage (134120K) : metal1_pin has 112 polygons
2026-08-20 14:27:32 +0000: Memory Usage (134120K) : metal1_mask has 0 polygons
2026-08-20 14:27:32 +0000: Memory Usage (134248K) : metal1_nofill has 0 polygons
2026-08-20 14:27:32 +0000: Memory Usage (134376K) : metal1_text has 8 polygons
2026-08-20 14:27:32 +0000: Memory Usage (134376K) : metal1_OPC has 0 polygons
2026-08-20 14:27:32 +0000: Memory Usage (134504K) : metal1_noqrc has 0 polygons
2026-08-20 14:27:32 +0000: Memory Usage (134504K) : metal1_res has 0 polygons
2026-08-20 14:27:32 +0000: Memory Usage (134504K) : metal1_iprobe has 0 polygons
2026-08-20 14:27:32 +0000: Memory Usage (134632K) : metal1_diffprb has 0 polygons
2026-08-20 14:27:32 +0000: Memory Usage (134632K) : passiv_drw has 2 polygons
2026-08-20 14:27:32 +0000: Memory Usage (134632K) : passiv_pin has 0 polygons
2026-08-20 14:27:32 +0000: Memory Usage (134760K) : passiv_sbump has 0 polygons
2026-08-20 14:27:32 +0000: Memory Usage (134760K) : passiv_pillar has 0 polygons
2026-08-20 14:27:32 +0000: Memory Usage (134760K) : passiv_pdl has 0 polygons
2026-08-20 14:27:32 +0000: Memory Usage (134888K) : metal2_drw has 81 polygons
2026-08-20 14:27:32 +0000: Memory Usage (134888K) : metal2_filler has 0 polygons
2026-08-20 14:27:32 +0000: Memory Usage (134888K) : metal2_slit has 0 polygons
2026-08-20 14:27:32 +0000: Memory Usage (135016K) : metal2 has 81 polygons
2026-08-20 14:27:32 +0000: Memory Usage (135016K) : metal2_pin has 8 polygons
2026-08-20 14:27:32 +0000: Memory Usage (135016K) : metal2_mask has 0 polygons
2026-08-20 14:27:32 +0000: Memory Usage (135016K) : metal2_nofill has 0 polygons
2026-08-20 14:27:32 +0000: Memory Usage (135144K) : metal2_text has 8 polygons
2026-08-20 14:27:32 +0000: Memory Usage (135144K) : metal2_OPC has 0 polygons
2026-08-20 14:27:32 +0000: Memory Usage (135144K) : metal2_noqrc has 0 polygons
2026-08-20 14:27:32 +0000: Memory Usage (135144K) : metal2_res has 0 polygons
2026-08-20 14:27:32 +0000: Memory Usage (135272K) : metal2_iprobe has 0 polygons
2026-08-20 14:27:32 +0000: Memory Usage (135272K) : metal2_diffprb has 0 polygons
2026-08-20 14:27:32 +0000: Memory Usage (135272K) : baspoly_drw has 0 polygons
2026-08-20 14:27:32 +0000: Memory Usage (135272K) : baspoly_pin has 0 polygons
2026-08-20 14:27:32 +0000: Memory Usage (135400K) : psd_drw has 119 polygons
2026-08-20 14:27:32 +0000: Memory Usage (135400K) : nldb_drw has 0 polygons
2026-08-20 14:27:32 +0000: Memory Usage (135400K) : digibnd_drw has 0 polygons
2026-08-20 14:27:32 +0000: Memory Usage (135528K) : via1_drw has 1939 polygons
2026-08-20 14:27:32 +0000: Memory Usage (135528K) : backmetal1_drw has 0 polygons
2026-08-20 14:27:32 +0000: Memory Usage (135528K) : backmetal1_pin has 0 polygons
2026-08-20 14:27:32 +0000: Memory Usage (135528K) : backmetal1_mask has 0 polygons
2026-08-20 14:27:32 +0000: Memory Usage (135656K) : backmetal1_filler has 0 polygons
2026-08-20 14:27:32 +0000: Memory Usage (135656K) : backmetal1_nofill has 0 polygons
2026-08-20 14:27:32 +0000: Memory Usage (135656K) : backmetal1_slit has 0 polygons
2026-08-20 14:27:32 +0000: Memory Usage (135656K) : backmetal1_text has 0 polygons
2026-08-20 14:27:32 +0000: Memory Usage (135784K) : backmetal1_OPC has 0 polygons
2026-08-20 14:27:32 +0000: Memory Usage (135784K) : backmetal1_noqrc has 0 polygons
2026-08-20 14:27:32 +0000: Memory Usage (135784K) : backmetal1_res has 0 polygons
2026-08-20 14:27:32 +0000: Memory Usage (135784K) : backmetal1_iprobe has 0 polygons
2026-08-20 14:27:32 +0000: Memory Usage (135912K) : backmetal1_diffprb has 0 polygons
2026-08-20 14:27:32 +0000: Memory Usage (135912K) : backpassiv_drw has 0 polygons
2026-08-20 14:27:32 +0000: Memory Usage (135912K) : res_drw has 2 polygons
2026-08-20 14:27:32 +0000: Memory Usage (135912K) : sram_drw has 0 polygons
2026-08-20 14:27:32 +0000: Memory Usage (136040K) : trans_drw has 0 polygons
2026-08-20 14:27:32 +0000: Memory Usage (136040K) : ind_drw has 0 polygons
2026-08-20 14:27:32 +0000: Memory Usage (136040K) : ind_pin has 0 polygons
2026-08-20 14:27:32 +0000: Memory Usage (136040K) : ind_text has 0 polygons
2026-08-20 14:27:32 +0000: Memory Usage (136168K) : salblock_drw has 14 polygons
2026-08-20 14:27:32 +0000: Memory Usage (136168K) : via2_drw has 847 polygons
2026-08-20 14:27:32 +0000: Memory Usage (136168K) : metal3_drw has 66 polygons
2026-08-20 14:27:32 +0000: Memory Usage (136296K) : metal3_filler has 0 polygons
2026-08-20 14:27:32 +0000: Memory Usage (136296K) : metal3_slit has 0 polygons
2026-08-20 14:27:32 +0000: Memory Usage (136296K) : metal3 has 66 polygons
2026-08-20 14:27:32 +0000: Memory Usage (136296K) : metal3_pin has 2 polygons
2026-08-20 14:27:32 +0000: Memory Usage (136296K) : metal3_mask has 0 polygons
2026-08-20 14:27:32 +0000: Memory Usage (136296K) : metal3_nofill has 0 polygons
2026-08-20 14:27:32 +0000: Memory Usage (136296K) : metal3_text has 0 polygons
2026-08-20 14:27:32 +0000: Memory Usage (136296K) : metal3_OPC has 0 polygons
2026-08-20 14:27:32 +0000: Memory Usage (136296K) : metal3_noqrc has 0 polygons
2026-08-20 14:27:32 +0000: Memory Usage (136296K) : metal3_res has 0 polygons
2026-08-20 14:27:32 +0000: Memory Usage (136296K) : metal3_iprobe has 0 polygons
2026-08-20 14:27:32 +0000: Memory Usage (136296K) : metal3_diffprb has 0 polygons
2026-08-20 14:27:32 +0000: Memory Usage (136296K) : nwell_drw has 14 polygons
2026-08-20 14:27:32 +0000: Memory Usage (136296K) : nwell_pin has 0 polygons
2026-08-20 14:27:32 +0000: Memory Usage (136296K) : nwell_text has 0 polygons
2026-08-20 14:27:32 +0000: Memory Usage (136424K) : nbulay_drw has 1 polygons
2026-08-20 14:27:32 +0000: Memory Usage (136424K) : nbulay_pin has 0 polygons
2026-08-20 14:27:32 +0000: Memory Usage (136424K) : nbulay_block has 0 polygons
2026-08-20 14:27:32 +0000: Memory Usage (136424K) : emwind_drw has 0 polygons
2026-08-20 14:27:32 +0000: Memory Usage (136424K) : emwind_OPC has 0 polygons
2026-08-20 14:27:32 +0000: Memory Usage (136424K) : deepco_drw has 0 polygons
2026-08-20 14:27:32 +0000: Memory Usage (136552K) : mim_drw has 1 polygons
2026-08-20 14:27:32 +0000: Memory Usage (136552K) : edgeseal_drw has 0 polygons
2026-08-20 14:27:32 +0000: Memory Usage (136552K) : substrate_drw has 100 polygons
2026-08-20 14:27:32 +0000: Memory Usage (136552K) : substrate_text has 0 polygons
2026-08-20 14:27:32 +0000: Memory Usage (136552K) : dfpad_drw has 2 polygons
2026-08-20 14:27:32 +0000: Memory Usage (136552K) : dfpad_pillar has 0 polygons
2026-08-20 14:27:32 +0000: Memory Usage (136680K) : dfpad_sbump has 0 polygons
2026-08-20 14:27:32 +0000: Memory Usage (136680K) : thickgateox_drw has 1 polygons
2026-08-20 14:27:32 +0000: Memory Usage (136680K) : pldb_drw has 0 polygons
2026-08-20 14:27:32 +0000: Memory Usage (136680K) : pwell_drw has 0 polygons
2026-08-20 14:27:32 +0000: Memory Usage (136680K) : pwell_pin has 0 polygons
2026-08-20 14:27:32 +0000: Memory Usage (136808K) : pwell_block has 0 polygons
2026-08-20 14:27:32 +0000: Memory Usage (136808K) : ic_drw has 0 polygons
2026-08-20 14:27:32 +0000: Memory Usage (136808K) : via3_drw has 1047 polygons
2026-08-20 14:27:32 +0000: Memory Usage (136808K) : metal4_drw has 29 polygons
2026-08-20 14:27:32 +0000: Memory Usage (136808K) : metal4_filler has 0 polygons
2026-08-20 14:27:32 +0000: Memory Usage (136808K) : metal4_slit has 0 polygons
2026-08-20 14:27:32 +0000: Memory Usage (136936K) : metal4 has 29 polygons
2026-08-20 14:27:32 +0000: Memory Usage (136936K) : metal4_pin has 0 polygons
2026-08-20 14:27:32 +0000: Memory Usage (136936K) : metal4_mask has 0 polygons
2026-08-20 14:27:32 +0000: Memory Usage (136936K) : metal4_nofill has 0 polygons
2026-08-20 14:27:32 +0000: Memory Usage (136936K) : metal4_text has 4 polygons
2026-08-20 14:27:32 +0000: Memory Usage (136936K) : metal4_OPC has 0 polygons
2026-08-20 14:27:32 +0000: Memory Usage (137064K) : metal4_noqrc has 0 polygons
2026-08-20 14:27:32 +0000: Memory Usage (137064K) : metal4_res has 0 polygons
2026-08-20 14:27:32 +0000: Memory Usage (137064K) : metal4_iprobe has 0 polygons
2026-08-20 14:27:32 +0000: Memory Usage (137064K) : metal4_diffprb has 0 polygons
2026-08-20 14:27:32 +0000: Memory Usage (137064K) : heattrans_drw has 0 polygons
2026-08-20 14:27:32 +0000: Memory Usage (137064K) : heatres_drw has 4 polygons
2026-08-20 14:27:32 +0000: Memory Usage (137192K) : fbe_drw has 0 polygons
2026-08-20 14:27:32 +0000: Memory Usage (137192K) : empoly_drw has 0 polygons
2026-08-20 14:27:32 +0000: Memory Usage (137192K) : digisub_drw has 0 polygons
2026-08-20 14:27:32 +0000: Memory Usage (137192K) : text_drw has 126 polygons
2026-08-20 14:27:32 +0000: Memory Usage (137192K) : via4_drw has 1043 polygons
2026-08-20 14:27:32 +0000: Memory Usage (137192K) : metal5_drw has 57 polygons
2026-08-20 14:27:32 +0000: Memory Usage (137320K) : metal5_filler has 0 polygons
2026-08-20 14:27:32 +0000: Memory Usage (137320K) : metal5_slit has 0 polygons
2026-08-20 14:27:32 +0000: Memory Usage (137320K) : metal5 has 57 polygons
2026-08-20 14:27:32 +0000: Memory Usage (137320K) : metal5_pin has 0 polygons
2026-08-20 14:27:32 +0000: Memory Usage (137320K) : metal5_mask has 0 polygons
2026-08-20 14:27:32 +0000: Memory Usage (137320K) : metal5_nofill has 0 polygons
2026-08-20 14:27:32 +0000: Memory Usage (137448K) : metal5_text has 0 polygons
2026-08-20 14:27:32 +0000: Memory Usage (137448K) : metal5_OPC has 0 polygons
2026-08-20 14:27:32 +0000: Memory Usage (137448K) : metal5_noqrc has 0 polygons
2026-08-20 14:27:32 +0000: Memory Usage (137448K) : metal5_res has 0 polygons
2026-08-20 14:27:32 +0000: Memory Usage (137448K) : metal5_iprobe has 0 polygons
2026-08-20 14:27:32 +0000: Memory Usage (137448K) : metal5_diffprb has 0 polygons
2026-08-20 14:27:32 +0000: Memory Usage (137576K) : radhard_drw has 0 polygons
2026-08-20 14:27:32 +0000: Memory Usage (137576K) : memcap_drw has 0 polygons
2026-08-20 14:27:32 +0000: Memory Usage (137576K) : varicap_drw has 0 polygons
2026-08-20 14:27:32 +0000: Memory Usage (137576K) : intbondvia_drw has 0 polygons
2026-08-20 14:27:32 +0000: Memory Usage (137576K) : intbondmet_drw has 0 polygons
2026-08-20 14:27:32 +0000: Memory Usage (137704K) : devbondvia_drw has 0 polygons
2026-08-20 14:27:32 +0000: Memory Usage (137704K) : devbondmet_drw has 0 polygons
2026-08-20 14:27:32 +0000: Memory Usage (137704K) : devtrench_drw has 0 polygons
2026-08-20 14:27:32 +0000: Memory Usage (137704K) : redist_drw has 0 polygons
2026-08-20 14:27:32 +0000: Memory Usage (137832K) : graphbot_drw has 0 polygons
2026-08-20 14:27:32 +0000: Memory Usage (137832K) : graphtop_drw has 0 polygons
2026-08-20 14:27:32 +0000: Memory Usage (137832K) : antvia1_drw has 0 polygons
2026-08-20 14:27:32 +0000: Memory Usage (137832K) : antmetal2_drw has 0 polygons
2026-08-20 14:27:32 +0000: Memory Usage (137832K) : graphcont_drw has 0 polygons
2026-08-20 14:27:32 +0000: Memory Usage (137832K) : siwg_drw has 0 polygons
2026-08-20 14:27:32 +0000: Memory Usage (137960K) : siwg_filler has 0 polygons
2026-08-20 14:27:32 +0000: Memory Usage (137960K) : siwg_nofill has 0 polygons
2026-08-20 14:27:32 +0000: Memory Usage (137960K) : sigrating_drw has 0 polygons
2026-08-20 14:27:32 +0000: Memory Usage (137960K) : singrating_drw has 0 polygons
2026-08-20 14:27:32 +0000: Memory Usage (137960K) : graphpas_drw has 0 polygons
2026-08-20 14:27:32 +0000: Memory Usage (137960K) : emwind3_drw has 0 polygons
2026-08-20 14:27:32 +0000: Memory Usage (138088K) : emwihv3_drw has 0 polygons
2026-08-20 14:27:32 +0000: Memory Usage (138088K) : redbulay_drw has 0 polygons
2026-08-20 14:27:32 +0000: Memory Usage (138088K) : smos_drw has 0 polygons
2026-08-20 14:27:32 +0000: Memory Usage (138088K) : graphpad_drw has 0 polygons
2026-08-20 14:27:32 +0000: Memory Usage (138216K) : polimide_drw has 0 polygons
2026-08-20 14:27:32 +0000: Memory Usage (138216K) : polimide_pin has 0 polygons
2026-08-20 14:27:32 +0000: Memory Usage (138216K) : recog_drw has 1 polygons
2026-08-20 14:27:32 +0000: Memory Usage (138216K) : recog_pin has 0 polygons
2026-08-20 14:27:32 +0000: Memory Usage (138344K) : recog_esd has 5 polygons
2026-08-20 14:27:32 +0000: Memory Usage (138344K) : recog_diode has 0 polygons
2026-08-20 14:27:32 +0000: Memory Usage (138344K) : recog_tsv has 0 polygons
2026-08-20 14:27:32 +0000: Memory Usage (138344K) : recog_iprobe has 0 polygons
2026-08-20 14:27:32 +0000: Memory Usage (138472K) : recog_diffprb has 0 polygons
2026-08-20 14:27:32 +0000: Memory Usage (138472K) : recog_pillar has 0 polygons
2026-08-20 14:27:32 +0000: Memory Usage (138472K) : recog_sbump has 0 polygons
2026-08-20 14:27:32 +0000: Memory Usage (138472K) : recog_otp has 0 polygons
2026-08-20 14:27:32 +0000: Memory Usage (138600K) : recog_pdiode has 0 polygons
2026-08-20 14:27:32 +0000: Memory Usage (138600K) : recog_mom has 0 polygons
2026-08-20 14:27:32 +0000: Memory Usage (138600K) : recog_momf has 0 polygons
2026-08-20 14:27:32 +0000: Memory Usage (138600K) : recog_pcm has 0 polygons
2026-08-20 14:27:32 +0000: Memory Usage (138728K) : colopen_drw has 0 polygons
2026-08-20 14:27:32 +0000: Memory Usage (138728K) : graphmetal1_drw has 0 polygons
2026-08-20 14:27:32 +0000: Memory Usage (138728K) : graphmetal1_filler has 0 polygons
2026-08-20 14:27:32 +0000: Memory Usage (138728K) : graphmetal1_nofill has 0 polygons
2026-08-20 14:27:32 +0000: Memory Usage (138856K) : graphmetal1_slit has 0 polygons
2026-08-20 14:27:32 +0000: Memory Usage (138856K) : graphmetal1_OPC has 0 polygons
2026-08-20 14:27:32 +0000: Memory Usage (138856K) : graphmet1l_drw has 0 polygons
2026-08-20 14:27:32 +0000: Memory Usage (138856K) : graphmet1l_filler has 0 polygons
2026-08-20 14:27:32 +0000: Memory Usage (138984K) : graphmet1l_nofill has 0 polygons
2026-08-20 14:27:32 +0000: Memory Usage (138984K) : graphmet1l_slit has 0 polygons
2026-08-20 14:27:32 +0000: Memory Usage (138984K) : graphmet1l_OPC has 0 polygons
2026-08-20 14:27:32 +0000: Memory Usage (138984K) : extblock_drw has 12 polygons
2026-08-20 14:27:32 +0000: Memory Usage (138984K) : nldd_drw has 0 polygons
2026-08-20 14:27:32 +0000: Memory Usage (139112K) : pldd_drw has 0 polygons
2026-08-20 14:27:32 +0000: Memory Usage (139112K) : next_drw has 0 polygons
2026-08-20 14:27:32 +0000: Memory Usage (139112K) : pext_drw has 0 polygons
2026-08-20 14:27:32 +0000: Memory Usage (139112K) : nexthv_drw has 0 polygons
2026-08-20 14:27:32 +0000: Memory Usage (139112K) : pexthv_drw has 0 polygons
2026-08-20 14:27:32 +0000: Memory Usage (139112K) : graphgate_drw has 0 polygons
2026-08-20 14:27:32 +0000: Memory Usage (139240K) : sinwg_drw has 0 polygons
2026-08-20 14:27:32 +0000: Memory Usage (139240K) : sinwg_filler has 0 polygons
2026-08-20 14:27:32 +0000: Memory Usage (139240K) : sinwg_nofill has 0 polygons
2026-08-20 14:27:32 +0000: Memory Usage (139240K) : mempad_drw has 0 polygons
2026-08-20 14:27:32 +0000: Memory Usage (139240K) : topvia1_drw has 485 polygons
2026-08-20 14:27:32 +0000: Memory Usage (139368K) : topmetal1_drw has 38 polygons
2026-08-20 14:27:32 +0000: Memory Usage (139368K) : topmetal1_filler has 0 polygons
2026-08-20 14:27:32 +0000: Memory Usage (139368K) : topmetal1_slit has 0 polygons
2026-08-20 14:27:32 +0000: Memory Usage (139368K) : topmetal1 has 38 polygons
2026-08-20 14:27:32 +0000: Memory Usage (139368K) : topmetal1_pin has 0 polygons
2026-08-20 14:27:32 +0000: Memory Usage (139496K) : topmetal1_mask has 0 polygons
2026-08-20 14:27:32 +0000: Memory Usage (139496K) : topmetal1_nofill has 0 polygons
2026-08-20 14:27:32 +0000: Memory Usage (139496K) : topmetal1_text has 0 polygons
2026-08-20 14:27:32 +0000: Memory Usage (139496K) : topmetal1_noqrc has 0 polygons
2026-08-20 14:27:32 +0000: Memory Usage (139496K) : topmetal1_res has 0 polygons
2026-08-20 14:27:32 +0000: Memory Usage (139624K) : topmetal1_iprobe has 0 polygons
2026-08-20 14:27:32 +0000: Memory Usage (139624K) : topmetal1_diffprb has 0 polygons
2026-08-20 14:27:32 +0000: Memory Usage (139624K) : inldpwl_drw has 0 polygons
2026-08-20 14:27:32 +0000: Memory Usage (139624K) : polyres_drw has 4 polygons
2026-08-20 14:27:32 +0000: Memory Usage (139752K) : polyres_pin has 0 polygons
2026-08-20 14:27:32 +0000: Memory Usage (139752K) : vmim_drw has 225 polygons
2026-08-20 14:27:32 +0000: Memory Usage (139752K) : nbulaycut_drw has 0 polygons
2026-08-20 14:27:32 +0000: Memory Usage (139752K) : antmetal1_drw has 0 polygons
2026-08-20 14:27:32 +0000: Memory Usage (139880K) : topvia2_drw has 211 polygons
2026-08-20 14:27:32 +0000: Memory Usage (139880K) : topmetal2_drw has 29 polygons
2026-08-20 14:27:32 +0000: Memory Usage (140008K) : topmetal2_filler has 0 polygons
2026-08-20 14:27:32 +0000: Memory Usage (140008K) : topmetal2_slit has 0 polygons
2026-08-20 14:27:32 +0000: Memory Usage (140008K) : topmetal2 has 29 polygons
2026-08-20 14:27:32 +0000: Memory Usage (140008K) : topmetal2_pin has 0 polygons
2026-08-20 14:27:32 +0000: Memory Usage (140136K) : topmetal2_mask has 0 polygons
2026-08-20 14:27:32 +0000: Memory Usage (140136K) : topmetal2_nofill has 0 polygons
2026-08-20 14:27:32 +0000: Memory Usage (140136K) : topmetal2_text has 4 polygons
2026-08-20 14:27:32 +0000: Memory Usage (140136K) : topmetal2_noqrc has 0 polygons
2026-08-20 14:27:32 +0000: Memory Usage (140264K) : topmetal2_res has 0 polygons
2026-08-20 14:27:32 +0000: Memory Usage (140264K) : topmetal2_iprobe has 0 polygons
2026-08-20 14:27:32 +0000: Memory Usage (140264K) : topmetal2_diffprb has 0 polygons
2026-08-20 14:27:32 +0000: Memory Usage (140392K) : snsring_drw has 0 polygons
2026-08-20 14:27:32 +0000: Memory Usage (140392K) : sensor_drw has 0 polygons
2026-08-20 14:27:32 +0000: Memory Usage (140392K) : snsarms_drw has 0 polygons
2026-08-20 14:27:32 +0000: Memory Usage (140392K) : snscmosvia_drw has 0 polygons
2026-08-20 14:27:32 +0000: Memory Usage (140520K) : colwind_drw has 0 polygons
2026-08-20 14:27:32 +0000: Memory Usage (140648K) : flm_drw has 0 polygons
2026-08-20 14:27:32 +0000: Memory Usage (140648K) : hafniumox_drw has 0 polygons
2026-08-20 14:27:32 +0000: Memory Usage (140648K) : memvia_drw has 0 polygons
2026-08-20 14:27:32 +0000: Memory Usage (140648K) : thinfilmres_drw has 0 polygons
2026-08-20 14:27:32 +0000: Memory Usage (140776K) : rfmem_drw has 0 polygons
2026-08-20 14:27:32 +0000: Memory Usage (140776K) : norcx_drw has 0 polygons
2026-08-20 14:27:32 +0000: Memory Usage (140776K) : norcx_m2m3 has 0 polygons
2026-08-20 14:27:32 +0000: Memory Usage (140776K) : norcx_m2m4 has 0 polygons
2026-08-20 14:27:32 +0000: Memory Usage (140776K) : norcx_m2m5 has 0 polygons
2026-08-20 14:27:32 +0000: Memory Usage (140776K) : norcx_m2tm1 has 0 polygons
2026-08-20 14:27:32 +0000: Memory Usage (140776K) : norcx_m2tm2 has 0 polygons
2026-08-20 14:27:32 +0000: Memory Usage (140776K) : norcx_m3m4 has 0 polygons
2026-08-20 14:27:32 +0000: Memory Usage (140776K) : norcx_m3m5 has 0 polygons
2026-08-20 14:27:32 +0000: Memory Usage (140776K) : norcx_m3tm1 has 0 polygons
2026-08-20 14:27:32 +0000: Memory Usage (140776K) : norcx_m3tm2 has 0 polygons
2026-08-20 14:27:32 +0000: Memory Usage (140776K) : norcx_m4m5 has 0 polygons
2026-08-20 14:27:32 +0000: Memory Usage (140776K) : norcx_m4tm1 has 0 polygons
2026-08-20 14:27:32 +0000: Memory Usage (140776K) : norcx_m4tm2 has 0 polygons
2026-08-20 14:27:32 +0000: Memory Usage (140776K) : norcx_m5tm1 has 0 polygons
2026-08-20 14:27:32 +0000: Memory Usage (140776K) : norcx_m5tm2 has 0 polygons
2026-08-20 14:27:32 +0000: Memory Usage (140776K) : norcx_tm1tm2 has 0 polygons
2026-08-20 14:27:32 +0000: Memory Usage (140776K) : norcx_m1sub has 0 polygons
2026-08-20 14:27:32 +0000: Memory Usage (140776K) : norcx_m2sub has 0 polygons
2026-08-20 14:27:32 +0000: Memory Usage (140776K) : norcx_m3sub has 0 polygons
2026-08-20 14:27:32 +0000: Memory Usage (140776K) : norcx_m4sub has 0 polygons
2026-08-20 14:27:32 +0000: Memory Usage (140776K) : norcx_m5sub has 0 polygons
2026-08-20 14:27:32 +0000: Memory Usage (140776K) : norcx_tm1sub has 0 polygons
2026-08-20 14:27:32 +0000: Memory Usage (140776K) : norcx_tm2sub has 0 polygons
2026-08-20 14:27:32 +0000: Memory Usage (140776K) : snsbotvia_drw has 0 polygons
2026-08-20 14:27:32 +0000: Memory Usage (140776K) : snstopvia_drw has 0 polygons
2026-08-20 14:27:32 +0000: Memory Usage (140776K) : deepvia_drw has 0 polygons
2026-08-20 14:27:32 +0000: Memory Usage (140776K) : fgetch_drw has 0 polygons
2026-08-20 14:27:32 +0000: Memory Usage (140776K) : ctrgat_drw has 0 polygons
2026-08-20 14:27:32 +0000: Memory Usage (140776K) : fgimp_drw has 0 polygons
2026-08-20 14:27:32 +0000: Memory Usage (140776K) : emwihv_drw has 0 polygons
2026-08-20 14:27:32 +0000: Memory Usage (140776K) : lbe_drw has 0 polygons
2026-08-20 14:27:32 +0000: Memory Usage (140776K) : alcustop_drw has 0 polygons
2026-08-20 14:27:32 +0000: Memory Usage (140776K) : nometfiller_drw has 0 polygons
2026-08-20 14:27:32 +0000: Memory Usage (140776K) : prboundary_drw has 0 polygons
2026-08-20 14:27:32 +0000: Memory Usage (140776K) : exchange0_drw has 0 polygons
2026-08-20 14:27:32 +0000: Memory Usage (140776K) : exchange0_pin has 0 polygons
2026-08-20 14:27:32 +0000: Memory Usage (140776K) : exchange0_text has 0 polygons
2026-08-20 14:27:32 +0000: Memory Usage (140776K) : exchange1_drw has 0 polygons
2026-08-20 14:27:32 +0000: Memory Usage (140776K) : exchange1_pin has 0 polygons
2026-08-20 14:27:32 +0000: Memory Usage (140776K) : exchange1_text has 0 polygons
2026-08-20 14:27:32 +0000: Memory Usage (140776K) : exchange2_drw has 0 polygons
2026-08-20 14:27:32 +0000: Memory Usage (140776K) : exchange2_pin has 0 polygons
2026-08-20 14:27:32 +0000: Memory Usage (140776K) : exchange2_text has 0 polygons
2026-08-20 14:27:32 +0000: Memory Usage (140776K) : exchange3_drw has 0 polygons
2026-08-20 14:27:32 +0000: Memory Usage (140776K) : exchange3_pin has 0 polygons
2026-08-20 14:27:32 +0000: Memory Usage (140776K) : exchange3_text has 0 polygons
2026-08-20 14:27:32 +0000: Memory Usage (140776K) : exchange4_drw has 0 polygons
2026-08-20 14:27:32 +0000: Memory Usage (140776K) : exchange4_pin has 0 polygons
2026-08-20 14:27:32 +0000: Memory Usage (140776K) : exchange4_text has 0 polygons
2026-08-20 14:27:32 +0000: Memory Usage (140776K) : isonwell_drw has 0 polygons
2026-08-20 14:27:32 +0000: Memory Usage (140776K) : Total no. of polygons in the design is 13235
2026-08-20 14:27:32 +0000: Memory Usage (140776K) : Starting base layers derivations
2026-08-20 14:27:32 +0000: Memory Usage (140776K) : Starting general LVS derivations
2026-08-20 14:27:32 +0000: Memory Usage (144532K) : Starting MOSFET DERIVATIONS
2026-08-20 14:27:32 +0000: Memory Usage (145428K) : Starting NMOS DERIVATIONS
2026-08-20 14:27:32 +0000: Memory Usage (145428K) : Starting PMOS DERIVATIONS
2026-08-20 14:27:32 +0000: Memory Usage (145428K) : Starting RF-MOSFET DERIVATIONS
2026-08-20 14:27:32 +0000: Memory Usage (145428K) : Starting RF-NMOS DERIVATIONS
2026-08-20 14:27:32 +0000: Memory Usage (145428K) : Starting RF-PMOS DERIVATIONS
2026-08-20 14:27:32 +0000: Memory Usage (145428K) : Starting BJT DERIVATIONS
2026-08-20 14:27:32 +0000: Memory Usage (145428K) : Starting NPN-BJT DERIVATIONS
2026-08-20 14:27:32 +0000: Memory Usage (145428K) : Starting PNP-BJT DERIVATIONS
2026-08-20 14:27:32 +0000: Memory Usage (145428K) : Starting DIODE DERIVATIONS
2026-08-20 14:27:33 +0000: Memory Usage (145556K) : Starting RESISTOR DERIVATIONS
2026-08-20 14:27:33 +0000: Memory Usage (145684K) : Starting CAP DERIVATIONS
2026-08-20 14:27:33 +0000: Memory Usage (145812K) : Starting CAP_CMOM DERIVATIONS
2026-08-20 14:27:33 +0000: Memory Usage (145940K) : Starting CAP_CMOMF DERIVATIONS
2026-08-20 14:27:33 +0000: Memory Usage (146196K) : Starting ESD DERIVATIONS
2026-08-20 14:27:34 +0000: Memory Usage (146836K) : Starting Inductor DERIVATIONS
2026-08-20 14:27:34 +0000: Memory Usage (146836K) : Starting Taps DERIVATIONS
2026-08-20 14:27:34 +0000: Memory Usage (146836K) : Starting SG13G2 LVS connectivity setup
2026-08-20 14:27:34 +0000: Memory Usage (146836K) : Starting SG13G2 LVS connectivity setup (Inter-layer)
2026-08-20 14:27:34 +0000: Memory Usage (146964K) : Starting SG13G2 LVS connectivity setup (Global)
2026-08-20 14:27:34 +0000: Memory Usage (146964K) : Starting LVS MOSFET CONNECTIONS
2026-08-20 14:27:34 +0000: Memory Usage (146964K) : Starting LVS RF-MOSFET CONNECTIONS
2026-08-20 14:27:34 +0000: Memory Usage (146964K) : Starting LVS BJT CONNECTIONS
2026-08-20 14:27:34 +0000: Memory Usage (146964K) : Starting LVS DIODE CONNECTIONS
2026-08-20 14:27:34 +0000: Memory Usage (146964K) : Starting RESISTOR CONNECTIONS
2026-08-20 14:27:34 +0000: Memory Usage (146964K) : Starting LVS CAP CONNECTIONS
2026-08-20 14:27:34 +0000: Memory Usage (146964K) : Starting CAP_CMOM CONNECTIONS
2026-08-20 14:27:34 +0000: Memory Usage (146964K) : Starting CAP_CMOMF CONNECTIONS
2026-08-20 14:27:34 +0000: Memory Usage (146964K) : Starting ESD CONNECTIONS
2026-08-20 14:27:34 +0000: Memory Usage (146964K) : Starting Inductor CONNECTIONS
2026-08-20 14:27:34 +0000: Memory Usage (146964K) : Starting LVS Taps CONNECTIONS
2026-08-20 14:27:34 +0000: Memory Usage (146964K) : Starting SG13G2 LVS DEVICES EXTRACTION
2026-08-20 14:27:34 +0000: Memory Usage (146964K) : Starting MOSFET EXTRACTION
2026-08-20 14:27:34 +0000: Memory Usage (146964K) : Starting NMOS EXTRACTION
2026-08-20 14:27:34 +0000: Memory Usage (146964K) : Extraction of NMOS-LV transistor
2026-08-20 14:27:34 +0000: Memory Usage (146964K) : Extraction of NMOS-HV transistor
2026-08-20 14:27:34 +0000: Memory Usage (146964K) : Starting PMOS EXTRACTION
2026-08-20 14:27:34 +0000: Memory Usage (146964K) : Extraction of PMOS-LV transistor
2026-08-20 14:27:34 +0000: Memory Usage (146964K) : Extraction of PMOS-HV transistor
2026-08-20 14:27:34 +0000: Memory Usage (146964K) : Starting RF-MOSFET EXTRACTION
2026-08-20 14:27:34 +0000: Memory Usage (146964K) : Extraction of RF-NMOS-LV transistor
2026-08-20 14:27:34 +0000: Memory Usage (146964K) : Extraction of RF-NMOS-HV transistor
2026-08-20 14:27:34 +0000: Memory Usage (146964K) : Extraction of RF-PMOS-LV transistor
2026-08-20 14:27:34 +0000: Memory Usage (146964K) : Extraction of RF-PMOS-HV transistor
2026-08-20 14:27:34 +0000: Memory Usage (146964K) : Starting BJT EXTRACTION
2026-08-20 14:27:34 +0000: Memory Usage (146964K) : Starting NPN-BJT EXTRACTION
2026-08-20 14:27:34 +0000: Memory Usage (146964K) : Extraction of npn13G2 BJT transistor
2026-08-20 14:27:34 +0000: Memory Usage (146964K) : Extraction of npn13G2L BJT transistor
2026-08-20 14:27:34 +0000: Memory Usage (146964K) : Extraction of npn13G2V BJT transistor
2026-08-20 14:27:34 +0000: Memory Usage (146964K) : Starting PNP-BJT EXTRACTION
2026-08-20 14:27:34 +0000: Memory Usage (146964K) : Extracting pnpMPA BJT
2026-08-20 14:27:34 +0000: Memory Usage (146964K) : Starting DIODE EXTRACTION
2026-08-20 14:27:34 +0000: Memory Usage (146964K) : Extracting dantenna diode
2026-08-20 14:27:34 +0000: Memory Usage (146964K) : Extracting dpantenna diode
2026-08-20 14:27:34 +0000: Memory Usage (146964K) : Extracting schottky_nbl1 diode
2026-08-20 14:27:34 +0000: Memory Usage (146964K) : Extracting isolbox diode
2026-08-20 14:27:34 +0000: Memory Usage (146964K) : Starting RESISTOR EXTRACTION
2026-08-20 14:27:34 +0000: Memory Usage (146964K) : Extracting rsil resistor
2026-08-20 14:27:34 +0000: Memory Usage (147220K) : Extracting rppd resistor
2026-08-20 14:27:34 +0000: Memory Usage (147220K) : Extracting rhigh resistor
2026-08-20 14:27:34 +0000: Memory Usage (147220K) : Extracting res_metal1 resistor
2026-08-20 14:27:34 +0000: Memory Usage (147220K) : Extracting res_metal2 resistor
2026-08-20 14:27:34 +0000: Memory Usage (147220K) : Extracting res_metal3 resistor
2026-08-20 14:27:34 +0000: Memory Usage (147220K) : Extracting res_metal4 resistor
2026-08-20 14:27:34 +0000: Memory Usage (147220K) : Extracting res_metal5 resistor
2026-08-20 14:27:34 +0000: Memory Usage (147220K) : Extracting res_topmetal1 resistor
2026-08-20 14:27:34 +0000: Memory Usage (147220K) : Extracting res_topmetal2 resistor
2026-08-20 14:27:34 +0000: Memory Usage (147220K) : Starting CAP EXTRACTION
2026-08-20 14:27:34 +0000: Memory Usage (147220K) : Extracting cap_cmim device
2026-08-20 14:27:34 +0000: Memory Usage (147220K) : Extracting rfcmim device
2026-08-20 14:27:34 +0000: Memory Usage (147220K) : Extracting sg13_hv_svaricap varactor
2026-08-20 14:27:34 +0000: Memory Usage (147220K) : Extracting cap_cmomi device
2026-08-20 14:27:34 +0000: Memory Usage (147220K) : Extracting cap_cmomf device
2026-08-20 14:27:34 +0000: Memory Usage (147220K) : Extracting sg13_moscap_n capacitor
2026-08-20 14:27:34 +0000: Memory Usage (147220K) : Extracting sg13_moscap_p capacitor
2026-08-20 14:27:34 +0000: Memory Usage (147220K) : Starting ESD EXTRACTION
2026-08-20 14:27:34 +0000: Memory Usage (147220K) : Extracting diodevdd_2kv ESD device
2026-08-20 14:27:34 +0000: Memory Usage (147220K) : Extracting diodevdd_4kv ESD device
2026-08-20 14:27:34 +0000: Memory Usage (147220K) : Extracting diodevss_2kv ESD device
2026-08-20 14:27:34 +0000: Memory Usage (147220K) : Extracting diodevss_4kv ESD device
2026-08-20 14:27:34 +0000: Memory Usage (147220K) : Extracting idiodevdd_2kv ESD device
2026-08-20 14:27:34 +0000: Memory Usage (147220K) : Extracting idiodevdd_4kv ESD device
2026-08-20 14:27:34 +0000: Memory Usage (147220K) : Extracting idiodevss_2kv ESD device
2026-08-20 14:27:34 +0000: Memory Usage (147220K) : Extracting idiodevss_4kv ESD device
2026-08-20 14:27:34 +0000: Memory Usage (147220K) : Extracting nmoscl_2 ESD device
2026-08-20 14:27:34 +0000: Memory Usage (147220K) : Extracting nmoscl_4 ESD device
2026-08-20 14:27:34 +0000: Memory Usage (147220K) : Starting Inductor EXTRACTION
2026-08-20 14:27:34 +0000: Memory Usage (147220K) : Extracting Inductor2 device
2026-08-20 14:27:34 +0000: Memory Usage (147220K) : Extracting Inductor3 device
2026-08-20 14:27:34 +0000: Memory Usage (147220K) : Starting Taps EXTRACTION
2026-08-20 14:27:34 +0000: Memory Usage (147220K) : DISABLE_TAP_EXTRACTION is enabled: skipping ntap1/ptap1 device extraction.
2026-08-20 14:27:34 +0000: Memory Usage (147220K) : Starting SG13G2 LVS RF MOS Model Mapping
2026-08-20 14:27:34 +0000: Memory Usage (147348K) : [layout_netlist] Apply RF MOS model mapping and rfmode parameter.
2026-08-20 14:27:34 +0000: Memory Usage (147348K) : Starting SG13G2 LVS Options Preparations
2026-08-20 14:27:34 +0000: Memory Usage (147348K) : SG13G2 LVS flow: extraction -> alignment -> option preparation -> comparison.
2026-08-20 14:27:34 +0000: Memory Usage (147348K) : Starting SG13G2 LVS Alignment
2026-08-20 14:27:34 +0000: Memory Usage (147348K) : Starting SG13G2 LVS Simplification
2026-08-20 14:27:34 +0000: Memory Usage (147348K) : [layout_netlist] simplify: ENABLED
2026-08-20 14:27:34 +0000: Memory Usage (147348K) : [layout_netlist] make_top_level_pins: SKIPPED
2026-08-20 14:27:34 +0000: Memory Usage (147348K) : [layout_netlist] combine_devices: SKIPPED
2026-08-20 14:27:34 +0000: Memory Usage (147348K) : [layout_netlist] purge: SKIPPED
2026-08-20 14:27:34 +0000: Memory Usage (147348K) : [layout_netlist] purge_nets: SKIPPED
2026-08-20 14:27:34 +0000: Memory Usage (147348K) : [schematic_netlist] simplify: ENABLED
2026-08-20 14:27:34 +0000: Memory Usage (147348K) : [schematic_netlist] make_top_level_pins: SKIPPED
2026-08-20 14:27:34 +0000: Memory Usage (147348K) : [schematic_netlist] combine_devices: SKIPPED
2026-08-20 14:27:34 +0000: Memory Usage (147348K) : [schematic_netlist] purge: SKIPPED
2026-08-20 14:27:34 +0000: Memory Usage (147348K) : [schematic_netlist] purge_nets: SKIPPED
2026-08-20 14:27:34 +0000: Memory Usage (147348K) : Starting SG13G2 LVS Comparison
2026-08-20 14:27:34 +0000: Memory Usage (147476K) : xxxxxxxxxxxxxxxxxxxxxxxxxxxxxxxxxxxxxxxxxx
2026-08-20 14:27:34 +0000: Memory Usage (147476K) : ERROR : Netlists don't match
2026-08-20 14:27:34 +0000: Memory Usage (147476K) : xxxxxxxxxxxxxxxxxxxxxxxxxxxxxxxxxxxxxxxxxx
2026-08-20 14:27:34 +0000: Memory Usage (147476K) : LVS Total Run time 1.981822 seconds
