# Logfile created on 2026-08-20 08:55:35 +0000 by logger.rb/v1.5.3
2026-08-20 08:55:35 +0000: Memory Usage (128360K) : Starting running SG13G2 Klayout LVS runset on /workspace/layout/blocks/out/term_stage/_bisect/plus_clamp.gds
2026-08-20 08:55:35 +0000: Memory Usage (128360K) : Ruby Version for klayout: 3.2.3
2026-08-20 08:55:35 +0000: Memory Usage (129572K) : Loading database to memory is complete.
2026-08-20 08:55:35 +0000: Memory Usage (129572K) : SG13G2 Klayout LVS runset output at: /workspace/layout/blocks/out/term_stage/_bisect/plus_clamp/plus_clamp.lvsdb
2026-08-20 08:55:35 +0000: Memory Usage (129572K) : Evaluate switches.
2026-08-20 08:55:35 +0000: Memory Usage (129572K) : Extracted netlist with net names: true
2026-08-20 08:55:35 +0000: Memory Usage (129572K) : Extracted netlist with comments in details: false
2026-08-20 08:55:35 +0000: Memory Usage (129572K) : Selected NET_ONLY option: false
2026-08-20 08:55:35 +0000: Memory Usage (129572K) : Selected LAYOUT_NETLIST option: (none)
2026-08-20 08:55:35 +0000: Memory Usage (129572K) : Selected IGNORE_TOP_PORTS_MISMATCH option: true
2026-08-20 08:55:35 +0000: Memory Usage (129572K) : Selected IMPLICIT_NETS option: sub,sub!
2026-08-20 08:55:35 +0000: Memory Usage (129572K) : Selected TOP_LVL_PINS option: false
2026-08-20 08:55:35 +0000: Memory Usage (129572K) : Selected COMBINE DEVICES option: false
2026-08-20 08:55:35 +0000: Memory Usage (129572K) : Selected PURGE option: false
2026-08-20 08:55:35 +0000: Memory Usage (129572K) : Selected PURGE_NETS option: false
2026-08-20 08:55:35 +0000: Memory Usage (129572K) : Selected SIMPLIFY option: true
2026-08-20 08:55:35 +0000: Memory Usage (129572K) : Selected SERIES_RES option: true
2026-08-20 08:55:35 +0000: Memory Usage (129572K) : Selected PARALLEL_RES option: true
2026-08-20 08:55:35 +0000: Memory Usage (129572K) : Selected DISABLE_TAP_EXTRACTION option: true
2026-08-20 08:55:35 +0000: Memory Usage (129572K) : deep  mode is enabled.
2026-08-20 08:55:35 +0000: Memory Usage (129572K) : Applying implicit connections (case-sensitive, pattern supported) for nets: sub, sub!
2026-08-20 08:55:35 +0000: Memory Usage (130800K) : Netlist file: /workspace/layout/blocks/out/term_stage/_bisect/plus_clamp.cdl
2026-08-20 08:55:35 +0000: Memory Usage (130800K) : LVS extracted netlist at: /workspace/layout/blocks/out/term_stage/_bisect/plus_clamp/plus_clamp_extracted.cir
2026-08-20 08:55:35 +0000: Memory Usage (130800K) : Applying SRAM integration support.
2026-08-20 08:55:35 +0000: Memory Usage (130800K) : Starting SG13G2 LVS runset
2026-08-20 08:55:35 +0000: Memory Usage (130800K) : Read in polygons from layers.
2026-08-20 08:55:35 +0000: Memory Usage (132156K) : activ_drw has 130 polygons
2026-08-20 08:55:35 +0000: Memory Usage (132156K) : activ_filler has 0 polygons
2026-08-20 08:55:35 +0000: Memory Usage (132284K) : activ has 130 polygons
2026-08-20 08:55:35 +0000: Memory Usage (132284K) : activ_pin has 0 polygons
2026-08-20 08:55:35 +0000: Memory Usage (132284K) : activ_mask has 0 polygons
2026-08-20 08:55:35 +0000: Memory Usage (132284K) : activ_nofill has 0 polygons
2026-08-20 08:55:35 +0000: Memory Usage (132284K) : activ_OPC has 0 polygons
2026-08-20 08:55:35 +0000: Memory Usage (132376K) : activ_iOPC has 0 polygons
2026-08-20 08:55:35 +0000: Memory Usage (132888K) : activ_noqrc has 0 polygons
2026-08-20 08:55:35 +0000: Memory Usage (132888K) : biwind_drw has 0 polygons
2026-08-20 08:55:35 +0000: Memory Usage (132888K) : biwind_OPC has 0 polygons
2026-08-20 08:55:35 +0000: Memory Usage (132888K) : gatpoly_drw has 25 polygons
2026-08-20 08:55:35 +0000: Memory Usage (132888K) : gatpoly_filler has 0 polygons
2026-08-20 08:55:35 +0000: Memory Usage (132888K) : gatpoly has 25 polygons
2026-08-20 08:55:35 +0000: Memory Usage (132888K) : gatpoly_pin has 0 polygons
2026-08-20 08:55:35 +0000: Memory Usage (132888K) : gatpoly_nofill has 0 polygons
2026-08-20 08:55:35 +0000: Memory Usage (132888K) : gatpoly_OPC has 0 polygons
2026-08-20 08:55:35 +0000: Memory Usage (132888K) : gatpoly_iOPC has 0 polygons
2026-08-20 08:55:35 +0000: Memory Usage (132888K) : gatpoly_noqrc has 0 polygons
2026-08-20 08:55:35 +0000: Memory Usage (132888K) : cont_drw has 6147 polygons
2026-08-20 08:55:35 +0000: Memory Usage (132888K) : cont_OPC has 0 polygons
2026-08-20 08:55:35 +0000: Memory Usage (132888K) : nsd_drw has 0 polygons
2026-08-20 08:55:35 +0000: Memory Usage (132888K) : nsd_block has 0 polygons
2026-08-20 08:55:35 +0000: Memory Usage (132888K) : metal1_drw has 268 polygons
2026-08-20 08:55:35 +0000: Memory Usage (132888K) : metal1_filler has 0 polygons
2026-08-20 08:55:35 +0000: Memory Usage (132888K) : metal1_slit has 0 polygons
2026-08-20 08:55:35 +0000: Memory Usage (133016K) : metal1 has 268 polygons
2026-08-20 08:55:35 +0000: Memory Usage (133144K) : metal1_pin has 112 polygons
2026-08-20 08:55:35 +0000: Memory Usage (133144K) : metal1_mask has 0 polygons
2026-08-20 08:55:35 +0000: Memory Usage (133144K) : metal1_nofill has 0 polygons
2026-08-20 08:55:35 +0000: Memory Usage (133528K) : metal1_text has 4 polygons
2026-08-20 08:55:35 +0000: Memory Usage (133528K) : metal1_OPC has 0 polygons
2026-08-20 08:55:35 +0000: Memory Usage (133528K) : metal1_noqrc has 0 polygons
2026-08-20 08:55:35 +0000: Memory Usage (133656K) : metal1_res has 0 polygons
2026-08-20 08:55:35 +0000: Memory Usage (133656K) : metal1_iprobe has 0 polygons
2026-08-20 08:55:35 +0000: Memory Usage (133656K) : metal1_diffprb has 0 polygons
2026-08-20 08:55:35 +0000: Memory Usage (133784K) : passiv_drw has 2 polygons
2026-08-20 08:55:35 +0000: Memory Usage (133784K) : passiv_pin has 0 polygons
2026-08-20 08:55:35 +0000: Memory Usage (133912K) : passiv_sbump has 0 polygons
2026-08-20 08:55:35 +0000: Memory Usage (133912K) : passiv_pillar has 0 polygons
2026-08-20 08:55:35 +0000: Memory Usage (133912K) : passiv_pdl has 0 polygons
2026-08-20 08:55:35 +0000: Memory Usage (134040K) : metal2_drw has 56 polygons
2026-08-20 08:55:35 +0000: Memory Usage (134040K) : metal2_filler has 0 polygons
2026-08-20 08:55:35 +0000: Memory Usage (134040K) : metal2_slit has 0 polygons
2026-08-20 08:55:35 +0000: Memory Usage (134040K) : metal2 has 56 polygons
2026-08-20 08:55:35 +0000: Memory Usage (134168K) : metal2_pin has 8 polygons
2026-08-20 08:55:35 +0000: Memory Usage (134168K) : metal2_mask has 0 polygons
2026-08-20 08:55:35 +0000: Memory Usage (134168K) : metal2_nofill has 0 polygons
2026-08-20 08:55:35 +0000: Memory Usage (134168K) : metal2_text has 0 polygons
2026-08-20 08:55:35 +0000: Memory Usage (134296K) : metal2_OPC has 0 polygons
2026-08-20 08:55:35 +0000: Memory Usage (134296K) : metal2_noqrc has 0 polygons
2026-08-20 08:55:35 +0000: Memory Usage (134296K) : metal2_res has 0 polygons
2026-08-20 08:55:35 +0000: Memory Usage (134296K) : metal2_iprobe has 0 polygons
2026-08-20 08:55:35 +0000: Memory Usage (134424K) : metal2_diffprb has 0 polygons
2026-08-20 08:55:35 +0000: Memory Usage (134424K) : baspoly_drw has 0 polygons
2026-08-20 08:55:35 +0000: Memory Usage (134424K) : baspoly_pin has 0 polygons
2026-08-20 08:55:35 +0000: Memory Usage (134424K) : psd_drw has 119 polygons
2026-08-20 08:55:35 +0000: Memory Usage (134552K) : nldb_drw has 0 polygons
2026-08-20 08:55:35 +0000: Memory Usage (134552K) : digibnd_drw has 0 polygons
2026-08-20 08:55:35 +0000: Memory Usage (134552K) : via1_drw has 1907 polygons
2026-08-20 08:55:35 +0000: Memory Usage (134680K) : backmetal1_drw has 0 polygons
2026-08-20 08:55:35 +0000: Memory Usage (134680K) : backmetal1_pin has 0 polygons
2026-08-20 08:55:35 +0000: Memory Usage (134680K) : backmetal1_mask has 0 polygons
2026-08-20 08:55:35 +0000: Memory Usage (134680K) : backmetal1_filler has 0 polygons
2026-08-20 08:55:35 +0000: Memory Usage (134808K) : backmetal1_nofill has 0 polygons
2026-08-20 08:55:35 +0000: Memory Usage (134808K) : backmetal1_slit has 0 polygons
2026-08-20 08:55:35 +0000: Memory Usage (134808K) : backmetal1_text has 0 polygons
2026-08-20 08:55:35 +0000: Memory Usage (134808K) : backmetal1_OPC has 0 polygons
2026-08-20 08:55:35 +0000: Memory Usage (134936K) : backmetal1_noqrc has 0 polygons
2026-08-20 08:55:35 +0000: Memory Usage (134936K) : backmetal1_res has 0 polygons
2026-08-20 08:55:35 +0000: Memory Usage (134936K) : backmetal1_iprobe has 0 polygons
2026-08-20 08:55:35 +0000: Memory Usage (134936K) : backmetal1_diffprb has 0 polygons
2026-08-20 08:55:35 +0000: Memory Usage (135064K) : backpassiv_drw has 0 polygons
2026-08-20 08:55:35 +0000: Memory Usage (135064K) : res_drw has 2 polygons
2026-08-20 08:55:35 +0000: Memory Usage (135064K) : sram_drw has 0 polygons
2026-08-20 08:55:35 +0000: Memory Usage (135064K) : trans_drw has 0 polygons
2026-08-20 08:55:35 +0000: Memory Usage (135192K) : ind_drw has 0 polygons
2026-08-20 08:55:35 +0000: Memory Usage (135192K) : ind_pin has 0 polygons
2026-08-20 08:55:35 +0000: Memory Usage (135192K) : ind_text has 0 polygons
2026-08-20 08:55:35 +0000: Memory Usage (135192K) : salblock_drw has 14 polygons
2026-08-20 08:55:35 +0000: Memory Usage (135320K) : via2_drw has 841 polygons
2026-08-20 08:55:35 +0000: Memory Usage (135320K) : metal3_drw has 45 polygons
2026-08-20 08:55:35 +0000: Memory Usage (135320K) : metal3_filler has 0 polygons
2026-08-20 08:55:35 +0000: Memory Usage (135448K) : metal3_slit has 0 polygons
2026-08-20 08:55:35 +0000: Memory Usage (135448K) : metal3 has 45 polygons
2026-08-20 08:55:35 +0000: Memory Usage (135448K) : metal3_pin has 2 polygons
2026-08-20 08:55:35 +0000: Memory Usage (135448K) : metal3_mask has 0 polygons
2026-08-20 08:55:35 +0000: Memory Usage (135448K) : metal3_nofill has 0 polygons
2026-08-20 08:55:35 +0000: Memory Usage (135448K) : metal3_text has 0 polygons
2026-08-20 08:55:35 +0000: Memory Usage (135448K) : metal3_OPC has 0 polygons
2026-08-20 08:55:35 +0000: Memory Usage (135448K) : metal3_noqrc has 0 polygons
2026-08-20 08:55:35 +0000: Memory Usage (135448K) : metal3_res has 0 polygons
2026-08-20 08:55:35 +0000: Memory Usage (135448K) : metal3_iprobe has 0 polygons
2026-08-20 08:55:35 +0000: Memory Usage (135448K) : metal3_diffprb has 0 polygons
2026-08-20 08:55:35 +0000: Memory Usage (135448K) : nwell_drw has 14 polygons
2026-08-20 08:55:35 +0000: Memory Usage (135448K) : nwell_pin has 0 polygons
2026-08-20 08:55:35 +0000: Memory Usage (135448K) : nwell_text has 0 polygons
2026-08-20 08:55:35 +0000: Memory Usage (135448K) : nbulay_drw has 1 polygons
2026-08-20 08:55:35 +0000: Memory Usage (135448K) : nbulay_pin has 0 polygons
2026-08-20 08:55:35 +0000: Memory Usage (135576K) : nbulay_block has 0 polygons
2026-08-20 08:55:35 +0000: Memory Usage (135576K) : emwind_drw has 0 polygons
2026-08-20 08:55:35 +0000: Memory Usage (135576K) : emwind_OPC has 0 polygons
2026-08-20 08:55:35 +0000: Memory Usage (135576K) : deepco_drw has 0 polygons
2026-08-20 08:55:35 +0000: Memory Usage (135576K) : mim_drw has 1 polygons
2026-08-20 08:55:35 +0000: Memory Usage (135576K) : edgeseal_drw has 0 polygons
2026-08-20 08:55:35 +0000: Memory Usage (135704K) : substrate_drw has 100 polygons
2026-08-20 08:55:35 +0000: Memory Usage (135704K) : substrate_text has 0 polygons
2026-08-20 08:55:35 +0000: Memory Usage (135704K) : dfpad_drw has 2 polygons
2026-08-20 08:55:35 +0000: Memory Usage (135704K) : dfpad_pillar has 0 polygons
2026-08-20 08:55:35 +0000: Memory Usage (135704K) : dfpad_sbump has 0 polygons
2026-08-20 08:55:35 +0000: Memory Usage (135704K) : thickgateox_drw has 1 polygons
2026-08-20 08:55:35 +0000: Memory Usage (135832K) : pldb_drw has 0 polygons
2026-08-20 08:55:35 +0000: Memory Usage (135832K) : pwell_drw has 0 polygons
2026-08-20 08:55:35 +0000: Memory Usage (135832K) : pwell_pin has 0 polygons
2026-08-20 08:55:35 +0000: Memory Usage (135832K) : pwell_block has 0 polygons
2026-08-20 08:55:35 +0000: Memory Usage (135832K) : ic_drw has 0 polygons
2026-08-20 08:55:35 +0000: Memory Usage (135960K) : via3_drw has 1032 polygons
2026-08-20 08:55:35 +0000: Memory Usage (135960K) : metal4_drw has 32 polygons
2026-08-20 08:55:35 +0000: Memory Usage (135960K) : metal4_filler has 0 polygons
2026-08-20 08:55:35 +0000: Memory Usage (135960K) : metal4_slit has 0 polygons
2026-08-20 08:55:35 +0000: Memory Usage (135960K) : metal4 has 32 polygons
2026-08-20 08:55:35 +0000: Memory Usage (135960K) : metal4_pin has 0 polygons
2026-08-20 08:55:35 +0000: Memory Usage (136088K) : metal4_mask has 0 polygons
2026-08-20 08:55:35 +0000: Memory Usage (136088K) : metal4_nofill has 0 polygons
2026-08-20 08:55:35 +0000: Memory Usage (136088K) : metal4_text has 4 polygons
2026-08-20 08:55:35 +0000: Memory Usage (136088K) : metal4_OPC has 0 polygons
2026-08-20 08:55:35 +0000: Memory Usage (136088K) : metal4_noqrc has 0 polygons
2026-08-20 08:55:35 +0000: Memory Usage (136216K) : metal4_res has 0 polygons
2026-08-20 08:55:35 +0000: Memory Usage (136216K) : metal4_iprobe has 0 polygons
2026-08-20 08:55:35 +0000: Memory Usage (136216K) : metal4_diffprb has 0 polygons
2026-08-20 08:55:35 +0000: Memory Usage (136216K) : heattrans_drw has 0 polygons
2026-08-20 08:55:35 +0000: Memory Usage (136216K) : heatres_drw has 4 polygons
2026-08-20 08:55:35 +0000: Memory Usage (136216K) : fbe_drw has 0 polygons
2026-08-20 08:55:35 +0000: Memory Usage (136216K) : empoly_drw has 0 polygons
2026-08-20 08:55:35 +0000: Memory Usage (136344K) : digisub_drw has 0 polygons
2026-08-20 08:55:35 +0000: Memory Usage (136344K) : text_drw has 126 polygons
2026-08-20 08:55:35 +0000: Memory Usage (136344K) : via4_drw has 1008 polygons
2026-08-20 08:55:35 +0000: Memory Usage (136344K) : metal5_drw has 31 polygons
2026-08-20 08:55:35 +0000: Memory Usage (136344K) : metal5_filler has 0 polygons
2026-08-20 08:55:35 +0000: Memory Usage (136344K) : metal5_slit has 0 polygons
2026-08-20 08:55:35 +0000: Memory Usage (136472K) : metal5 has 31 polygons
2026-08-20 08:55:35 +0000: Memory Usage (136472K) : metal5_pin has 0 polygons
2026-08-20 08:55:35 +0000: Memory Usage (136472K) : metal5_mask has 0 polygons
2026-08-20 08:55:35 +0000: Memory Usage (136472K) : metal5_nofill has 0 polygons
2026-08-20 08:55:35 +0000: Memory Usage (136472K) : metal5_text has 0 polygons
2026-08-20 08:55:35 +0000: Memory Usage (136472K) : metal5_OPC has 0 polygons
2026-08-20 08:55:35 +0000: Memory Usage (136472K) : metal5_noqrc has 0 polygons
2026-08-20 08:55:35 +0000: Memory Usage (136600K) : metal5_res has 0 polygons
2026-08-20 08:55:35 +0000: Memory Usage (136600K) : metal5_iprobe has 0 polygons
2026-08-20 08:55:35 +0000: Memory Usage (136600K) : metal5_diffprb has 0 polygons
2026-08-20 08:55:35 +0000: Memory Usage (136600K) : radhard_drw has 0 polygons
2026-08-20 08:55:35 +0000: Memory Usage (136728K) : memcap_drw has 0 polygons
2026-08-20 08:55:35 +0000: Memory Usage (136728K) : varicap_drw has 0 polygons
2026-08-20 08:55:35 +0000: Memory Usage (136728K) : intbondvia_drw has 0 polygons
2026-08-20 08:55:35 +0000: Memory Usage (136728K) : intbondmet_drw has 0 polygons
2026-08-20 08:55:35 +0000: Memory Usage (136856K) : devbondvia_drw has 0 polygons
2026-08-20 08:55:35 +0000: Memory Usage (136856K) : devbondmet_drw has 0 polygons
2026-08-20 08:55:35 +0000: Memory Usage (136856K) : devtrench_drw has 0 polygons
2026-08-20 08:55:35 +0000: Memory Usage (136856K) : redist_drw has 0 polygons
2026-08-20 08:55:35 +0000: Memory Usage (136856K) : graphbot_drw has 0 polygons
2026-08-20 08:55:35 +0000: Memory Usage (136984K) : graphtop_drw has 0 polygons
2026-08-20 08:55:35 +0000: Memory Usage (136984K) : antvia1_drw has 0 polygons
2026-08-20 08:55:35 +0000: Memory Usage (136984K) : antmetal2_drw has 0 polygons
2026-08-20 08:55:35 +0000: Memory Usage (136984K) : graphcont_drw has 0 polygons
2026-08-20 08:55:35 +0000: Memory Usage (136984K) : siwg_drw has 0 polygons
2026-08-20 08:55:35 +0000: Memory Usage (136984K) : siwg_filler has 0 polygons
2026-08-20 08:55:35 +0000: Memory Usage (137112K) : siwg_nofill has 0 polygons
2026-08-20 08:55:35 +0000: Memory Usage (137112K) : sigrating_drw has 0 polygons
2026-08-20 08:55:35 +0000: Memory Usage (137112K) : singrating_drw has 0 polygons
2026-08-20 08:55:35 +0000: Memory Usage (137112K) : graphpas_drw has 0 polygons
2026-08-20 08:55:35 +0000: Memory Usage (137112K) : emwind3_drw has 0 polygons
2026-08-20 08:55:35 +0000: Memory Usage (137240K) : emwihv3_drw has 0 polygons
2026-08-20 08:55:35 +0000: Memory Usage (137240K) : redbulay_drw has 0 polygons
2026-08-20 08:55:35 +0000: Memory Usage (137240K) : smos_drw has 0 polygons
2026-08-20 08:55:35 +0000: Memory Usage (137240K) : graphpad_drw has 0 polygons
2026-08-20 08:55:35 +0000: Memory Usage (137240K) : polimide_drw has 0 polygons
2026-08-20 08:55:35 +0000: Memory Usage (137368K) : polimide_pin has 0 polygons
2026-08-20 08:55:35 +0000: Memory Usage (137368K) : recog_drw has 1 polygons
2026-08-20 08:55:35 +0000: Memory Usage (137368K) : recog_pin has 0 polygons
2026-08-20 08:55:35 +0000: Memory Usage (137368K) : recog_esd has 5 polygons
2026-08-20 08:55:35 +0000: Memory Usage (137496K) : recog_diode has 0 polygons
2026-08-20 08:55:35 +0000: Memory Usage (137496K) : recog_tsv has 0 polygons
2026-08-20 08:55:35 +0000: Memory Usage (137496K) : recog_iprobe has 0 polygons
2026-08-20 08:55:35 +0000: Memory Usage (137496K) : recog_diffprb has 0 polygons
2026-08-20 08:55:35 +0000: Memory Usage (137496K) : recog_pillar has 0 polygons
2026-08-20 08:55:35 +0000: Memory Usage (137624K) : recog_sbump has 0 polygons
2026-08-20 08:55:35 +0000: Memory Usage (137624K) : recog_otp has 0 polygons
2026-08-20 08:55:35 +0000: Memory Usage (137624K) : recog_pdiode has 0 polygons
2026-08-20 08:55:35 +0000: Memory Usage (137624K) : recog_mom has 0 polygons
2026-08-20 08:55:35 +0000: Memory Usage (137752K) : recog_momf has 0 polygons
2026-08-20 08:55:35 +0000: Memory Usage (137752K) : recog_pcm has 0 polygons
2026-08-20 08:55:35 +0000: Memory Usage (137752K) : colopen_drw has 0 polygons
2026-08-20 08:55:35 +0000: Memory Usage (137752K) : graphmetal1_drw has 0 polygons
2026-08-20 08:55:35 +0000: Memory Usage (137880K) : graphmetal1_filler has 0 polygons
2026-08-20 08:55:35 +0000: Memory Usage (137880K) : graphmetal1_nofill has 0 polygons
2026-08-20 08:55:35 +0000: Memory Usage (137880K) : graphmetal1_slit has 0 polygons
2026-08-20 08:55:35 +0000: Memory Usage (138008K) : graphmetal1_OPC has 0 polygons
2026-08-20 08:55:35 +0000: Memory Usage (138008K) : graphmet1l_drw has 0 polygons
2026-08-20 08:55:35 +0000: Memory Usage (138008K) : graphmet1l_filler has 0 polygons
2026-08-20 08:55:35 +0000: Memory Usage (138008K) : graphmet1l_nofill has 0 polygons
2026-08-20 08:55:35 +0000: Memory Usage (138136K) : graphmet1l_slit has 0 polygons
2026-08-20 08:55:35 +0000: Memory Usage (138136K) : graphmet1l_OPC has 0 polygons
2026-08-20 08:55:35 +0000: Memory Usage (138136K) : extblock_drw has 12 polygons
2026-08-20 08:55:35 +0000: Memory Usage (138136K) : nldd_drw has 0 polygons
2026-08-20 08:55:35 +0000: Memory Usage (138136K) : pldd_drw has 0 polygons
2026-08-20 08:55:35 +0000: Memory Usage (138264K) : next_drw has 0 polygons
2026-08-20 08:55:35 +0000: Memory Usage (138264K) : pext_drw has 0 polygons
2026-08-20 08:55:35 +0000: Memory Usage (138264K) : nexthv_drw has 0 polygons
2026-08-20 08:55:35 +0000: Memory Usage (138264K) : pexthv_drw has 0 polygons
2026-08-20 08:55:35 +0000: Memory Usage (138264K) : graphgate_drw has 0 polygons
2026-08-20 08:55:35 +0000: Memory Usage (138264K) : sinwg_drw has 0 polygons
2026-08-20 08:55:35 +0000: Memory Usage (138392K) : sinwg_filler has 0 polygons
2026-08-20 08:55:35 +0000: Memory Usage (138392K) : sinwg_nofill has 0 polygons
2026-08-20 08:55:35 +0000: Memory Usage (138392K) : mempad_drw has 0 polygons
2026-08-20 08:55:35 +0000: Memory Usage (138392K) : topvia1_drw has 475 polygons
2026-08-20 08:55:35 +0000: Memory Usage (138392K) : topmetal1_drw has 10 polygons
2026-08-20 08:55:35 +0000: Memory Usage (138520K) : topmetal1_filler has 0 polygons
2026-08-20 08:55:35 +0000: Memory Usage (138520K) : topmetal1_slit has 0 polygons
2026-08-20 08:55:35 +0000: Memory Usage (138520K) : topmetal1 has 10 polygons
2026-08-20 08:55:35 +0000: Memory Usage (138520K) : topmetal1_pin has 0 polygons
2026-08-20 08:55:35 +0000: Memory Usage (138520K) : topmetal1_mask has 0 polygons
2026-08-20 08:55:35 +0000: Memory Usage (138648K) : topmetal1_nofill has 0 polygons
2026-08-20 08:55:35 +0000: Memory Usage (138648K) : topmetal1_text has 0 polygons
2026-08-20 08:55:35 +0000: Memory Usage (138648K) : topmetal1_noqrc has 0 polygons
2026-08-20 08:55:35 +0000: Memory Usage (138648K) : topmetal1_res has 0 polygons
2026-08-20 08:55:35 +0000: Memory Usage (138648K) : topmetal1_iprobe has 0 polygons
2026-08-20 08:55:35 +0000: Memory Usage (138776K) : topmetal1_diffprb has 0 polygons
2026-08-20 08:55:35 +0000: Memory Usage (138776K) : inldpwl_drw has 0 polygons
2026-08-20 08:55:35 +0000: Memory Usage (138776K) : polyres_drw has 4 polygons
2026-08-20 08:55:35 +0000: Memory Usage (138776K) : polyres_pin has 0 polygons
2026-08-20 08:55:35 +0000: Memory Usage (138904K) : vmim_drw has 225 polygons
2026-08-20 08:55:35 +0000: Memory Usage (138904K) : nbulaycut_drw has 0 polygons
2026-08-20 08:55:35 +0000: Memory Usage (138904K) : antmetal1_drw has 0 polygons
2026-08-20 08:55:35 +0000: Memory Usage (139032K) : topvia2_drw has 196 polygons
2026-08-20 08:55:35 +0000: Memory Usage (139032K) : topmetal2_drw has 6 polygons
2026-08-20 08:55:35 +0000: Memory Usage (139032K) : topmetal2_filler has 0 polygons
2026-08-20 08:55:35 +0000: Memory Usage (139160K) : topmetal2_slit has 0 polygons
2026-08-20 08:55:35 +0000: Memory Usage (139160K) : topmetal2 has 6 polygons
2026-08-20 08:55:35 +0000: Memory Usage (139160K) : topmetal2_pin has 0 polygons
2026-08-20 08:55:35 +0000: Memory Usage (139288K) : topmetal2_mask has 0 polygons
2026-08-20 08:55:35 +0000: Memory Usage (139288K) : topmetal2_nofill has 0 polygons
2026-08-20 08:55:35 +0000: Memory Usage (139288K) : topmetal2_text has 4 polygons
2026-08-20 08:55:35 +0000: Memory Usage (139288K) : topmetal2_noqrc has 0 polygons
2026-08-20 08:55:35 +0000: Memory Usage (139288K) : topmetal2_res has 0 polygons
2026-08-20 08:55:35 +0000: Memory Usage (139416K) : topmetal2_iprobe has 0 polygons
2026-08-20 08:55:35 +0000: Memory Usage (139416K) : topmetal2_diffprb has 0 polygons
2026-08-20 08:55:35 +0000: Memory Usage (139416K) : snsring_drw has 0 polygons
2026-08-20 08:55:35 +0000: Memory Usage (139416K) : sensor_drw has 0 polygons
2026-08-20 08:55:35 +0000: Memory Usage (139544K) : snsarms_drw has 0 polygons
2026-08-20 08:55:35 +0000: Memory Usage (139544K) : snscmosvia_drw has 0 polygons
2026-08-20 08:55:35 +0000: Memory Usage (139544K) : colwind_drw has 0 polygons
2026-08-20 08:55:35 +0000: Memory Usage (139672K) : flm_drw has 0 polygons
2026-08-20 08:55:35 +0000: Memory Usage (139672K) : hafniumox_drw has 0 polygons
2026-08-20 08:55:35 +0000: Memory Usage (139800K) : memvia_drw has 0 polygons
2026-08-20 08:55:35 +0000: Memory Usage (139800K) : thinfilmres_drw has 0 polygons
2026-08-20 08:55:35 +0000: Memory Usage (139800K) : rfmem_drw has 0 polygons
2026-08-20 08:55:35 +0000: Memory Usage (139800K) : norcx_drw has 0 polygons
2026-08-20 08:55:35 +0000: Memory Usage (139800K) : norcx_m2m3 has 0 polygons
2026-08-20 08:55:35 +0000: Memory Usage (139800K) : norcx_m2m4 has 0 polygons
2026-08-20 08:55:35 +0000: Memory Usage (139800K) : norcx_m2m5 has 0 polygons
2026-08-20 08:55:35 +0000: Memory Usage (139800K) : norcx_m2tm1 has 0 polygons
2026-08-20 08:55:35 +0000: Memory Usage (139800K) : norcx_m2tm2 has 0 polygons
2026-08-20 08:55:35 +0000: Memory Usage (139800K) : norcx_m3m4 has 0 polygons
2026-08-20 08:55:35 +0000: Memory Usage (139800K) : norcx_m3m5 has 0 polygons
2026-08-20 08:55:35 +0000: Memory Usage (139800K) : norcx_m3tm1 has 0 polygons
2026-08-20 08:55:35 +0000: Memory Usage (139800K) : norcx_m3tm2 has 0 polygons
2026-08-20 08:55:35 +0000: Memory Usage (139800K) : norcx_m4m5 has 0 polygons
2026-08-20 08:55:35 +0000: Memory Usage (139800K) : norcx_m4tm1 has 0 polygons
2026-08-20 08:55:35 +0000: Memory Usage (139800K) : norcx_m4tm2 has 0 polygons
2026-08-20 08:55:35 +0000: Memory Usage (139800K) : norcx_m5tm1 has 0 polygons
2026-08-20 08:55:35 +0000: Memory Usage (139800K) : norcx_m5tm2 has 0 polygons
2026-08-20 08:55:35 +0000: Memory Usage (139800K) : norcx_tm1tm2 has 0 polygons
2026-08-20 08:55:35 +0000: Memory Usage (139800K) : norcx_m1sub has 0 polygons
2026-08-20 08:55:35 +0000: Memory Usage (139800K) : norcx_m2sub has 0 polygons
2026-08-20 08:55:35 +0000: Memory Usage (139800K) : norcx_m3sub has 0 polygons
2026-08-20 08:55:35 +0000: Memory Usage (139800K) : norcx_m4sub has 0 polygons
2026-08-20 08:55:35 +0000: Memory Usage (139800K) : norcx_m5sub has 0 polygons
2026-08-20 08:55:35 +0000: Memory Usage (139800K) : norcx_tm1sub has 0 polygons
2026-08-20 08:55:35 +0000: Memory Usage (139800K) : norcx_tm2sub has 0 polygons
2026-08-20 08:55:35 +0000: Memory Usage (139800K) : snsbotvia_drw has 0 polygons
2026-08-20 08:55:35 +0000: Memory Usage (139800K) : snstopvia_drw has 0 polygons
2026-08-20 08:55:35 +0000: Memory Usage (139800K) : deepvia_drw has 0 polygons
2026-08-20 08:55:35 +0000: Memory Usage (139800K) : fgetch_drw has 0 polygons
2026-08-20 08:55:35 +0000: Memory Usage (139800K) : ctrgat_drw has 0 polygons
2026-08-20 08:55:35 +0000: Memory Usage (139800K) : fgimp_drw has 0 polygons
2026-08-20 08:55:35 +0000: Memory Usage (139800K) : emwihv_drw has 0 polygons
2026-08-20 08:55:35 +0000: Memory Usage (139800K) : lbe_drw has 0 polygons
2026-08-20 08:55:35 +0000: Memory Usage (139800K) : alcustop_drw has 0 polygons
2026-08-20 08:55:35 +0000: Memory Usage (139800K) : nometfiller_drw has 0 polygons
2026-08-20 08:55:35 +0000: Memory Usage (139800K) : prboundary_drw has 0 polygons
2026-08-20 08:55:35 +0000: Memory Usage (139800K) : exchange0_drw has 0 polygons
2026-08-20 08:55:35 +0000: Memory Usage (139800K) : exchange0_pin has 0 polygons
2026-08-20 08:55:35 +0000: Memory Usage (139800K) : exchange0_text has 0 polygons
2026-08-20 08:55:35 +0000: Memory Usage (139800K) : exchange1_drw has 0 polygons
2026-08-20 08:55:35 +0000: Memory Usage (139800K) : exchange1_pin has 0 polygons
2026-08-20 08:55:35 +0000: Memory Usage (139800K) : exchange1_text has 0 polygons
2026-08-20 08:55:35 +0000: Memory Usage (139800K) : exchange2_drw has 0 polygons
2026-08-20 08:55:35 +0000: Memory Usage (139800K) : exchange2_pin has 0 polygons
2026-08-20 08:55:35 +0000: Memory Usage (139800K) : exchange2_text has 0 polygons
2026-08-20 08:55:35 +0000: Memory Usage (139800K) : exchange3_drw has 0 polygons
2026-08-20 08:55:35 +0000: Memory Usage (139800K) : exchange3_pin has 0 polygons
2026-08-20 08:55:35 +0000: Memory Usage (139800K) : exchange3_text has 0 polygons
2026-08-20 08:55:35 +0000: Memory Usage (139800K) : exchange4_drw has 0 polygons
2026-08-20 08:55:35 +0000: Memory Usage (139800K) : exchange4_pin has 0 polygons
2026-08-20 08:55:35 +0000: Memory Usage (139800K) : exchange4_text has 0 polygons
2026-08-20 08:55:35 +0000: Memory Usage (139800K) : isonwell_drw has 0 polygons
2026-08-20 08:55:35 +0000: Memory Usage (139800K) : Total no. of polygons in the design is 12976
2026-08-20 08:55:35 +0000: Memory Usage (139800K) : Starting base layers derivations
2026-08-20 08:55:35 +0000: Memory Usage (139800K) : Starting general LVS derivations
2026-08-20 08:55:35 +0000: Memory Usage (143796K) : Starting MOSFET DERIVATIONS
2026-08-20 08:55:36 +0000: Memory Usage (144692K) : Starting NMOS DERIVATIONS
2026-08-20 08:55:36 +0000: Memory Usage (144692K) : Starting PMOS DERIVATIONS
2026-08-20 08:55:36 +0000: Memory Usage (144692K) : Starting RF-MOSFET DERIVATIONS
2026-08-20 08:55:36 +0000: Memory Usage (144692K) : Starting RF-NMOS DERIVATIONS
2026-08-20 08:55:36 +0000: Memory Usage (144692K) : Starting RF-PMOS DERIVATIONS
2026-08-20 08:55:36 +0000: Memory Usage (144692K) : Starting BJT DERIVATIONS
2026-08-20 08:55:36 +0000: Memory Usage (144692K) : Starting NPN-BJT DERIVATIONS
2026-08-20 08:55:36 +0000: Memory Usage (144692K) : Starting PNP-BJT DERIVATIONS
2026-08-20 08:55:36 +0000: Memory Usage (144692K) : Starting DIODE DERIVATIONS
2026-08-20 08:55:36 +0000: Memory Usage (145460K) : Starting RESISTOR DERIVATIONS
2026-08-20 08:55:36 +0000: Memory Usage (145588K) : Starting CAP DERIVATIONS
2026-08-20 08:55:36 +0000: Memory Usage (145588K) : Starting CAP_CMOM DERIVATIONS
2026-08-20 08:55:36 +0000: Memory Usage (145588K) : Starting CAP_CMOMF DERIVATIONS
2026-08-20 08:55:36 +0000: Memory Usage (145588K) : Starting ESD DERIVATIONS
2026-08-20 08:55:36 +0000: Memory Usage (146228K) : Starting Inductor DERIVATIONS
2026-08-20 08:55:36 +0000: Memory Usage (146228K) : Starting Taps DERIVATIONS
2026-08-20 08:55:37 +0000: Memory Usage (146228K) : Starting SG13G2 LVS connectivity setup
2026-08-20 08:55:37 +0000: Memory Usage (146228K) : Starting SG13G2 LVS connectivity setup (Inter-layer)
2026-08-20 08:55:37 +0000: Memory Usage (146356K) : Starting SG13G2 LVS connectivity setup (Global)
2026-08-20 08:55:37 +0000: Memory Usage (146356K) : Starting LVS MOSFET CONNECTIONS
2026-08-20 08:55:37 +0000: Memory Usage (146356K) : Starting LVS RF-MOSFET CONNECTIONS
2026-08-20 08:55:37 +0000: Memory Usage (146356K) : Starting LVS BJT CONNECTIONS
2026-08-20 08:55:37 +0000: Memory Usage (146356K) : Starting LVS DIODE CONNECTIONS
2026-08-20 08:55:37 +0000: Memory Usage (146356K) : Starting RESISTOR CONNECTIONS
2026-08-20 08:55:37 +0000: Memory Usage (146356K) : Starting LVS CAP CONNECTIONS
2026-08-20 08:55:37 +0000: Memory Usage (146356K) : Starting CAP_CMOM CONNECTIONS
2026-08-20 08:55:37 +0000: Memory Usage (146356K) : Starting CAP_CMOMF CONNECTIONS
2026-08-20 08:55:37 +0000: Memory Usage (146356K) : Starting ESD CONNECTIONS
2026-08-20 08:55:37 +0000: Memory Usage (146356K) : Starting Inductor CONNECTIONS
2026-08-20 08:55:37 +0000: Memory Usage (146356K) : Starting LVS Taps CONNECTIONS
2026-08-20 08:55:37 +0000: Memory Usage (146356K) : Starting SG13G2 LVS DEVICES EXTRACTION
2026-08-20 08:55:37 +0000: Memory Usage (146356K) : Starting MOSFET EXTRACTION
2026-08-20 08:55:37 +0000: Memory Usage (146356K) : Starting NMOS EXTRACTION
2026-08-20 08:55:37 +0000: Memory Usage (146356K) : Extraction of NMOS-LV transistor
2026-08-20 08:55:37 +0000: Memory Usage (146484K) : Extraction of NMOS-HV transistor
2026-08-20 08:55:37 +0000: Memory Usage (146484K) : Starting PMOS EXTRACTION
2026-08-20 08:55:37 +0000: Memory Usage (146484K) : Extraction of PMOS-LV transistor
2026-08-20 08:55:37 +0000: Memory Usage (146484K) : Extraction of PMOS-HV transistor
2026-08-20 08:55:37 +0000: Memory Usage (146484K) : Starting RF-MOSFET EXTRACTION
2026-08-20 08:55:37 +0000: Memory Usage (146484K) : Extraction of RF-NMOS-LV transistor
2026-08-20 08:55:37 +0000: Memory Usage (146484K) : Extraction of RF-NMOS-HV transistor
2026-08-20 08:55:37 +0000: Memory Usage (146484K) : Extraction of RF-PMOS-LV transistor
2026-08-20 08:55:37 +0000: Memory Usage (146484K) : Extraction of RF-PMOS-HV transistor
2026-08-20 08:55:37 +0000: Memory Usage (146484K) : Starting BJT EXTRACTION
2026-08-20 08:55:37 +0000: Memory Usage (146484K) : Starting NPN-BJT EXTRACTION
2026-08-20 08:55:37 +0000: Memory Usage (146484K) : Extraction of npn13G2 BJT transistor
2026-08-20 08:55:37 +0000: Memory Usage (146484K) : Extraction of npn13G2L BJT transistor
2026-08-20 08:55:37 +0000: Memory Usage (146484K) : Extraction of npn13G2V BJT transistor
2026-08-20 08:55:37 +0000: Memory Usage (146484K) : Starting PNP-BJT EXTRACTION
2026-08-20 08:55:37 +0000: Memory Usage (146484K) : Extracting pnpMPA BJT
2026-08-20 08:55:37 +0000: Memory Usage (146484K) : Starting DIODE EXTRACTION
2026-08-20 08:55:37 +0000: Memory Usage (146484K) : Extracting dantenna diode
2026-08-20 08:55:37 +0000: Memory Usage (146484K) : Extracting dpantenna diode
2026-08-20 08:55:37 +0000: Memory Usage (146484K) : Extracting schottky_nbl1 diode
2026-08-20 08:55:37 +0000: Memory Usage (146484K) : Extracting isolbox diode
2026-08-20 08:55:37 +0000: Memory Usage (146484K) : Starting RESISTOR EXTRACTION
2026-08-20 08:55:37 +0000: Memory Usage (146484K) : Extracting rsil resistor
2026-08-20 08:55:37 +0000: Memory Usage (146484K) : Extracting rppd resistor
2026-08-20 08:55:37 +0000: Memory Usage (146484K) : Extracting rhigh resistor
2026-08-20 08:55:37 +0000: Memory Usage (146484K) : Extracting res_metal1 resistor
2026-08-20 08:55:37 +0000: Memory Usage (146612K) : Extracting res_metal2 resistor
2026-08-20 08:55:37 +0000: Memory Usage (146612K) : Extracting res_metal3 resistor
2026-08-20 08:55:37 +0000: Memory Usage (146612K) : Extracting res_metal4 resistor
2026-08-20 08:55:37 +0000: Memory Usage (146612K) : Extracting res_metal5 resistor
2026-08-20 08:55:37 +0000: Memory Usage (146612K) : Extracting res_topmetal1 resistor
2026-08-20 08:55:37 +0000: Memory Usage (146612K) : Extracting res_topmetal2 resistor
2026-08-20 08:55:37 +0000: Memory Usage (146612K) : Starting CAP EXTRACTION
2026-08-20 08:55:37 +0000: Memory Usage (146612K) : Extracting cap_cmim device
2026-08-20 08:55:37 +0000: Memory Usage (146612K) : Extracting rfcmim device
2026-08-20 08:55:37 +0000: Memory Usage (146612K) : Extracting sg13_hv_svaricap varactor
2026-08-20 08:55:37 +0000: Memory Usage (146612K) : Extracting cap_cmomi device
2026-08-20 08:55:37 +0000: Memory Usage (146612K) : Extracting cap_cmomf device
2026-08-20 08:55:37 +0000: Memory Usage (146612K) : Extracting sg13_moscap_n capacitor
2026-08-20 08:55:37 +0000: Memory Usage (146612K) : Extracting sg13_moscap_p capacitor
2026-08-20 08:55:37 +0000: Memory Usage (146612K) : Starting ESD EXTRACTION
2026-08-20 08:55:37 +0000: Memory Usage (146612K) : Extracting diodevdd_2kv ESD device
2026-08-20 08:55:37 +0000: Memory Usage (146612K) : Extracting diodevdd_4kv ESD device
2026-08-20 08:55:37 +0000: Memory Usage (146612K) : Extracting diodevss_2kv ESD device
2026-08-20 08:55:37 +0000: Memory Usage (146612K) : Extracting diodevss_4kv ESD device
2026-08-20 08:55:37 +0000: Memory Usage (146612K) : Extracting idiodevdd_2kv ESD device
2026-08-20 08:55:37 +0000: Memory Usage (146612K) : Extracting idiodevdd_4kv ESD device
2026-08-20 08:55:37 +0000: Memory Usage (146612K) : Extracting idiodevss_2kv ESD device
2026-08-20 08:55:37 +0000: Memory Usage (146612K) : Extracting idiodevss_4kv ESD device
2026-08-20 08:55:37 +0000: Memory Usage (146612K) : Extracting nmoscl_2 ESD device
2026-08-20 08:55:37 +0000: Memory Usage (146612K) : Extracting nmoscl_4 ESD device
2026-08-20 08:55:37 +0000: Memory Usage (146612K) : Starting Inductor EXTRACTION
2026-08-20 08:55:37 +0000: Memory Usage (146612K) : Extracting Inductor2 device
2026-08-20 08:55:37 +0000: Memory Usage (146612K) : Extracting Inductor3 device
2026-08-20 08:55:37 +0000: Memory Usage (146612K) : Starting Taps EXTRACTION
2026-08-20 08:55:37 +0000: Memory Usage (146612K) : DISABLE_TAP_EXTRACTION is enabled: skipping ntap1/ptap1 device extraction.
2026-08-20 08:55:37 +0000: Memory Usage (146612K) : Starting SG13G2 LVS RF MOS Model Mapping
2026-08-20 08:55:37 +0000: Memory Usage (146612K) : [layout_netlist] Apply RF MOS model mapping and rfmode parameter.
2026-08-20 08:55:37 +0000: Memory Usage (146612K) : Starting SG13G2 LVS Options Preparations
2026-08-20 08:55:37 +0000: Memory Usage (146612K) : SG13G2 LVS flow: extraction -> alignment -> option preparation -> comparison.
2026-08-20 08:55:37 +0000: Memory Usage (146612K) : Starting SG13G2 LVS Alignment
2026-08-20 08:55:37 +0000: Memory Usage (146612K) : Starting SG13G2 LVS Simplification
2026-08-20 08:55:37 +0000: Memory Usage (146612K) : [layout_netlist] simplify: ENABLED
2026-08-20 08:55:37 +0000: Memory Usage (146612K) : [layout_netlist] make_top_level_pins: SKIPPED
2026-08-20 08:55:37 +0000: Memory Usage (146612K) : [layout_netlist] combine_devices: SKIPPED
2026-08-20 08:55:37 +0000: Memory Usage (146612K) : [layout_netlist] purge: SKIPPED
2026-08-20 08:55:37 +0000: Memory Usage (146612K) : [layout_netlist] purge_nets: SKIPPED
2026-08-20 08:55:37 +0000: Memory Usage (146612K) : [schematic_netlist] simplify: ENABLED
2026-08-20 08:55:37 +0000: Memory Usage (146612K) : [schematic_netlist] make_top_level_pins: SKIPPED
2026-08-20 08:55:37 +0000: Memory Usage (146612K) : [schematic_netlist] combine_devices: SKIPPED
2026-08-20 08:55:37 +0000: Memory Usage (146612K) : [schematic_netlist] purge: SKIPPED
2026-08-20 08:55:37 +0000: Memory Usage (146612K) : [schematic_netlist] purge_nets: SKIPPED
2026-08-20 08:55:37 +0000: Memory Usage (146612K) : Starting SG13G2 LVS Comparison
2026-08-20 08:55:37 +0000: Memory Usage (146612K) : xxxxxxxxxxxxxxxxxxxxxxxxxxxxxxxxxxxxxxxxxx
2026-08-20 08:55:37 +0000: Memory Usage (146612K) : ERROR : Netlists don't match
2026-08-20 08:55:37 +0000: Memory Usage (146612K) : xxxxxxxxxxxxxxxxxxxxxxxxxxxxxxxxxxxxxxxxxx
2026-08-20 08:55:37 +0000: Memory Usage (146612K) : LVS Total Run time 1.406543 seconds
2026-08-20 09:00:19 +0000: Memory Usage (128436K) : Starting running SG13G2 Klayout LVS runset on /workspace/layout/blocks/out/term_stage/_bisect/plus_clamp.gds
2026-08-20 09:00:19 +0000: Memory Usage (128436K) : Ruby Version for klayout: 3.2.3
2026-08-20 09:00:19 +0000: Memory Usage (129648K) : Loading database to memory is complete.
2026-08-20 09:00:19 +0000: Memory Usage (129648K) : SG13G2 Klayout LVS runset output at: /workspace/layout/blocks/out/term_stage/_bisect/plus_clamp/plus_clamp.lvsdb
2026-08-20 09:00:19 +0000: Memory Usage (129648K) : Evaluate switches.
2026-08-20 09:00:19 +0000: Memory Usage (129648K) : Extracted netlist with net names: true
2026-08-20 09:00:19 +0000: Memory Usage (129648K) : Extracted netlist with comments in details: false
2026-08-20 09:00:19 +0000: Memory Usage (129648K) : Selected NET_ONLY option: false
2026-08-20 09:00:19 +0000: Memory Usage (129648K) : Selected LAYOUT_NETLIST option: (none)
2026-08-20 09:00:19 +0000: Memory Usage (129648K) : Selected IGNORE_TOP_PORTS_MISMATCH option: true
2026-08-20 09:00:19 +0000: Memory Usage (129648K) : Selected IMPLICIT_NETS option: sub,sub!
2026-08-20 09:00:19 +0000: Memory Usage (129648K) : Selected TOP_LVL_PINS option: false
2026-08-20 09:00:19 +0000: Memory Usage (129648K) : Selected COMBINE DEVICES option: false
2026-08-20 09:00:19 +0000: Memory Usage (129648K) : Selected PURGE option: false
2026-08-20 09:00:19 +0000: Memory Usage (129648K) : Selected PURGE_NETS option: false
2026-08-20 09:00:19 +0000: Memory Usage (129648K) : Selected SIMPLIFY option: true
2026-08-20 09:00:19 +0000: Memory Usage (129648K) : Selected SERIES_RES option: true
2026-08-20 09:00:19 +0000: Memory Usage (129648K) : Selected PARALLEL_RES option: true
2026-08-20 09:00:19 +0000: Memory Usage (129648K) : Selected DISABLE_TAP_EXTRACTION option: true
2026-08-20 09:00:19 +0000: Memory Usage (129648K) : deep  mode is enabled.
2026-08-20 09:00:19 +0000: Memory Usage (129648K) : Applying implicit connections (case-sensitive, pattern supported) for nets: sub, sub!
2026-08-20 09:00:19 +0000: Memory Usage (130748K) : Netlist file: /workspace/layout/blocks/out/term_stage/_bisect/plus_clamp.cdl
2026-08-20 09:00:19 +0000: Memory Usage (130748K) : LVS extracted netlist at: /workspace/layout/blocks/out/term_stage/_bisect/plus_clamp/plus_clamp_extracted.cir
2026-08-20 09:00:19 +0000: Memory Usage (130748K) : Applying SRAM integration support.
2026-08-20 09:00:19 +0000: Memory Usage (130748K) : Starting SG13G2 LVS runset
2026-08-20 09:00:19 +0000: Memory Usage (130748K) : Read in polygons from layers.
2026-08-20 09:00:19 +0000: Memory Usage (132088K) : activ_drw has 130 polygons
2026-08-20 09:00:19 +0000: Memory Usage (132088K) : activ_filler has 0 polygons
2026-08-20 09:00:19 +0000: Memory Usage (132088K) : activ has 130 polygons
2026-08-20 09:00:19 +0000: Memory Usage (132088K) : activ_pin has 0 polygons
2026-08-20 09:00:19 +0000: Memory Usage (132088K) : activ_mask has 0 polygons
2026-08-20 09:00:19 +0000: Memory Usage (132088K) : activ_nofill has 0 polygons
2026-08-20 09:00:19 +0000: Memory Usage (132088K) : activ_OPC has 0 polygons
2026-08-20 09:00:19 +0000: Memory Usage (132088K) : activ_iOPC has 0 polygons
2026-08-20 09:00:19 +0000: Memory Usage (132144K) : activ_noqrc has 0 polygons
2026-08-20 09:00:19 +0000: Memory Usage (132656K) : biwind_drw has 0 polygons
2026-08-20 09:00:19 +0000: Memory Usage (132656K) : biwind_OPC has 0 polygons
2026-08-20 09:00:19 +0000: Memory Usage (132656K) : gatpoly_drw has 25 polygons
2026-08-20 09:00:19 +0000: Memory Usage (132656K) : gatpoly_filler has 0 polygons
2026-08-20 09:00:19 +0000: Memory Usage (132656K) : gatpoly has 25 polygons
2026-08-20 09:00:19 +0000: Memory Usage (132656K) : gatpoly_pin has 0 polygons
2026-08-20 09:00:19 +0000: Memory Usage (132656K) : gatpoly_nofill has 0 polygons
2026-08-20 09:00:19 +0000: Memory Usage (132656K) : gatpoly_OPC has 0 polygons
2026-08-20 09:00:19 +0000: Memory Usage (132656K) : gatpoly_iOPC has 0 polygons
2026-08-20 09:00:19 +0000: Memory Usage (132656K) : gatpoly_noqrc has 0 polygons
2026-08-20 09:00:19 +0000: Memory Usage (132784K) : cont_drw has 6147 polygons
2026-08-20 09:00:19 +0000: Memory Usage (132784K) : cont_OPC has 0 polygons
2026-08-20 09:00:19 +0000: Memory Usage (132784K) : nsd_drw has 0 polygons
2026-08-20 09:00:19 +0000: Memory Usage (132784K) : nsd_block has 0 polygons
2026-08-20 09:00:19 +0000: Memory Usage (132784K) : metal1_drw has 268 polygons
2026-08-20 09:00:19 +0000: Memory Usage (132784K) : metal1_filler has 0 polygons
2026-08-20 09:00:19 +0000: Memory Usage (132784K) : metal1_slit has 0 polygons
2026-08-20 09:00:19 +0000: Memory Usage (132784K) : metal1 has 268 polygons
2026-08-20 09:00:19 +0000: Memory Usage (132912K) : metal1_pin has 112 polygons
2026-08-20 09:00:19 +0000: Memory Usage (132912K) : metal1_mask has 0 polygons
2026-08-20 09:00:19 +0000: Memory Usage (132912K) : metal1_nofill has 0 polygons
2026-08-20 09:00:19 +0000: Memory Usage (133296K) : metal1_text has 4 polygons
2026-08-20 09:00:19 +0000: Memory Usage (133296K) : metal1_OPC has 0 polygons
2026-08-20 09:00:19 +0000: Memory Usage (133296K) : metal1_noqrc has 0 polygons
2026-08-20 09:00:19 +0000: Memory Usage (133424K) : metal1_res has 0 polygons
2026-08-20 09:00:19 +0000: Memory Usage (133424K) : metal1_iprobe has 0 polygons
2026-08-20 09:00:19 +0000: Memory Usage (133424K) : metal1_diffprb has 0 polygons
2026-08-20 09:00:19 +0000: Memory Usage (133424K) : passiv_drw has 2 polygons
2026-08-20 09:00:19 +0000: Memory Usage (133552K) : passiv_pin has 0 polygons
2026-08-20 09:00:19 +0000: Memory Usage (133552K) : passiv_sbump has 0 polygons
2026-08-20 09:00:19 +0000: Memory Usage (133552K) : passiv_pillar has 0 polygons
2026-08-20 09:00:19 +0000: Memory Usage (133552K) : passiv_pdl has 0 polygons
2026-08-20 09:00:19 +0000: Memory Usage (133680K) : metal2_drw has 48 polygons
2026-08-20 09:00:19 +0000: Memory Usage (133680K) : metal2_filler has 0 polygons
2026-08-20 09:00:19 +0000: Memory Usage (133680K) : metal2_slit has 0 polygons
2026-08-20 09:00:19 +0000: Memory Usage (133808K) : metal2 has 48 polygons
2026-08-20 09:00:19 +0000: Memory Usage (133808K) : metal2_pin has 8 polygons
2026-08-20 09:00:19 +0000: Memory Usage (133808K) : metal2_mask has 0 polygons
2026-08-20 09:00:19 +0000: Memory Usage (133808K) : metal2_nofill has 0 polygons
2026-08-20 09:00:19 +0000: Memory Usage (133936K) : metal2_text has 0 polygons
2026-08-20 09:00:19 +0000: Memory Usage (133936K) : metal2_OPC has 0 polygons
2026-08-20 09:00:19 +0000: Memory Usage (133936K) : metal2_noqrc has 0 polygons
2026-08-20 09:00:19 +0000: Memory Usage (133936K) : metal2_res has 0 polygons
2026-08-20 09:00:19 +0000: Memory Usage (134064K) : metal2_iprobe has 0 polygons
2026-08-20 09:00:19 +0000: Memory Usage (134064K) : metal2_diffprb has 0 polygons
2026-08-20 09:00:19 +0000: Memory Usage (134064K) : baspoly_drw has 0 polygons
2026-08-20 09:00:19 +0000: Memory Usage (134064K) : baspoly_pin has 0 polygons
2026-08-20 09:00:19 +0000: Memory Usage (134192K) : psd_drw has 119 polygons
2026-08-20 09:00:19 +0000: Memory Usage (134192K) : nldb_drw has 0 polygons
2026-08-20 09:00:19 +0000: Memory Usage (134192K) : digibnd_drw has 0 polygons
2026-08-20 09:00:19 +0000: Memory Usage (134192K) : via1_drw has 1907 polygons
2026-08-20 09:00:19 +0000: Memory Usage (134320K) : backmetal1_drw has 0 polygons
2026-08-20 09:00:19 +0000: Memory Usage (134320K) : backmetal1_pin has 0 polygons
2026-08-20 09:00:19 +0000: Memory Usage (134320K) : backmetal1_mask has 0 polygons
2026-08-20 09:00:19 +0000: Memory Usage (134320K) : backmetal1_filler has 0 polygons
2026-08-20 09:00:19 +0000: Memory Usage (134448K) : backmetal1_nofill has 0 polygons
2026-08-20 09:00:19 +0000: Memory Usage (134448K) : backmetal1_slit has 0 polygons
2026-08-20 09:00:19 +0000: Memory Usage (134448K) : backmetal1_text has 0 polygons
2026-08-20 09:00:19 +0000: Memory Usage (134448K) : backmetal1_OPC has 0 polygons
2026-08-20 09:00:19 +0000: Memory Usage (134576K) : backmetal1_noqrc has 0 polygons
2026-08-20 09:00:19 +0000: Memory Usage (134576K) : backmetal1_res has 0 polygons
2026-08-20 09:00:19 +0000: Memory Usage (134576K) : backmetal1_iprobe has 0 polygons
2026-08-20 09:00:19 +0000: Memory Usage (134704K) : backmetal1_diffprb has 0 polygons
2026-08-20 09:00:19 +0000: Memory Usage (134704K) : backpassiv_drw has 0 polygons
2026-08-20 09:00:19 +0000: Memory Usage (134704K) : res_drw has 2 polygons
2026-08-20 09:00:19 +0000: Memory Usage (134832K) : sram_drw has 0 polygons
2026-08-20 09:00:19 +0000: Memory Usage (134832K) : trans_drw has 0 polygons
2026-08-20 09:00:19 +0000: Memory Usage (134832K) : ind_drw has 0 polygons
2026-08-20 09:00:19 +0000: Memory Usage (134832K) : ind_pin has 0 polygons
2026-08-20 09:00:19 +0000: Memory Usage (134832K) : ind_text has 0 polygons
2026-08-20 09:00:19 +0000: Memory Usage (134832K) : salblock_drw has 14 polygons
2026-08-20 09:00:19 +0000: Memory Usage (134960K) : via2_drw has 825 polygons
2026-08-20 09:00:19 +0000: Memory Usage (134960K) : metal3_drw has 41 polygons
2026-08-20 09:00:19 +0000: Memory Usage (134960K) : metal3_filler has 0 polygons
2026-08-20 09:00:19 +0000: Memory Usage (134960K) : metal3_slit has 0 polygons
2026-08-20 09:00:19 +0000: Memory Usage (134960K) : metal3 has 41 polygons
2026-08-20 09:00:19 +0000: Memory Usage (135088K) : metal3_pin has 2 polygons
2026-08-20 09:00:19 +0000: Memory Usage (135088K) : metal3_mask has 0 polygons
2026-08-20 09:00:19 +0000: Memory Usage (135088K) : metal3_nofill has 0 polygons
2026-08-20 09:00:19 +0000: Memory Usage (135088K) : metal3_text has 0 polygons
2026-08-20 09:00:19 +0000: Memory Usage (135088K) : metal3_OPC has 0 polygons
2026-08-20 09:00:19 +0000: Memory Usage (135088K) : metal3_noqrc has 0 polygons
2026-08-20 09:00:19 +0000: Memory Usage (135216K) : metal3_res has 0 polygons
2026-08-20 09:00:19 +0000: Memory Usage (135216K) : metal3_iprobe has 0 polygons
2026-08-20 09:00:19 +0000: Memory Usage (135216K) : metal3_diffprb has 0 polygons
2026-08-20 09:00:19 +0000: Memory Usage (135216K) : nwell_drw has 14 polygons
2026-08-20 09:00:19 +0000: Memory Usage (135216K) : nwell_pin has 0 polygons
2026-08-20 09:00:19 +0000: Memory Usage (135216K) : nwell_text has 0 polygons
2026-08-20 09:00:19 +0000: Memory Usage (135344K) : nbulay_drw has 1 polygons
2026-08-20 09:00:19 +0000: Memory Usage (135344K) : nbulay_pin has 0 polygons
2026-08-20 09:00:19 +0000: Memory Usage (135344K) : nbulay_block has 0 polygons
2026-08-20 09:00:19 +0000: Memory Usage (135344K) : emwind_drw has 0 polygons
2026-08-20 09:00:19 +0000: Memory Usage (135344K) : emwind_OPC has 0 polygons
2026-08-20 09:00:19 +0000: Memory Usage (135344K) : deepco_drw has 0 polygons
2026-08-20 09:00:19 +0000: Memory Usage (135472K) : mim_drw has 1 polygons
2026-08-20 09:00:19 +0000: Memory Usage (135472K) : edgeseal_drw has 0 polygons
2026-08-20 09:00:19 +0000: Memory Usage (135472K) : substrate_drw has 100 polygons
2026-08-20 09:00:19 +0000: Memory Usage (135472K) : substrate_text has 0 polygons
2026-08-20 09:00:19 +0000: Memory Usage (135472K) : dfpad_drw has 2 polygons
2026-08-20 09:00:19 +0000: Memory Usage (135472K) : dfpad_pillar has 0 polygons
2026-08-20 09:00:19 +0000: Memory Usage (135600K) : dfpad_sbump has 0 polygons
2026-08-20 09:00:19 +0000: Memory Usage (135600K) : thickgateox_drw has 1 polygons
2026-08-20 09:00:19 +0000: Memory Usage (135600K) : pldb_drw has 0 polygons
2026-08-20 09:00:19 +0000: Memory Usage (135600K) : pwell_drw has 0 polygons
2026-08-20 09:00:19 +0000: Memory Usage (135728K) : pwell_pin has 0 polygons
2026-08-20 09:00:19 +0000: Memory Usage (135728K) : pwell_block has 0 polygons
2026-08-20 09:00:19 +0000: Memory Usage (135728K) : ic_drw has 0 polygons
2026-08-20 09:00:19 +0000: Memory Usage (135728K) : via3_drw has 1016 polygons
2026-08-20 09:00:19 +0000: Memory Usage (135856K) : metal4_drw has 20 polygons
2026-08-20 09:00:19 +0000: Memory Usage (135856K) : metal4_filler has 0 polygons
2026-08-20 09:00:19 +0000: Memory Usage (135856K) : metal4_slit has 0 polygons
2026-08-20 09:00:19 +0000: Memory Usage (135856K) : metal4 has 20 polygons
2026-08-20 09:00:19 +0000: Memory Usage (135856K) : metal4_pin has 0 polygons
2026-08-20 09:00:19 +0000: Memory Usage (135856K) : metal4_mask has 0 polygons
2026-08-20 09:00:19 +0000: Memory Usage (135856K) : metal4_nofill has 0 polygons
2026-08-20 09:00:19 +0000: Memory Usage (135856K) : metal4_text has 4 polygons
2026-08-20 09:00:19 +0000: Memory Usage (135984K) : metal4_OPC has 0 polygons
2026-08-20 09:00:19 +0000: Memory Usage (135984K) : metal4_noqrc has 0 polygons
2026-08-20 09:00:19 +0000: Memory Usage (135984K) : metal4_res has 0 polygons
2026-08-20 09:00:19 +0000: Memory Usage (135984K) : metal4_iprobe has 0 polygons
2026-08-20 09:00:19 +0000: Memory Usage (135984K) : metal4_diffprb has 0 polygons
2026-08-20 09:00:19 +0000: Memory Usage (135984K) : heattrans_drw has 0 polygons
2026-08-20 09:00:19 +0000: Memory Usage (136112K) : heatres_drw has 4 polygons
2026-08-20 09:00:19 +0000: Memory Usage (136112K) : fbe_drw has 0 polygons
2026-08-20 09:00:19 +0000: Memory Usage (136112K) : empoly_drw has 0 polygons
2026-08-20 09:00:19 +0000: Memory Usage (136112K) : digisub_drw has 0 polygons
2026-08-20 09:00:19 +0000: Memory Usage (136112K) : text_drw has 126 polygons
2026-08-20 09:00:19 +0000: Memory Usage (136112K) : via4_drw has 1008 polygons
2026-08-20 09:00:19 +0000: Memory Usage (136240K) : metal5_drw has 35 polygons
2026-08-20 09:00:19 +0000: Memory Usage (136240K) : metal5_filler has 0 polygons
2026-08-20 09:00:19 +0000: Memory Usage (136240K) : metal5_slit has 0 polygons
2026-08-20 09:00:19 +0000: Memory Usage (136240K) : metal5 has 35 polygons
2026-08-20 09:00:19 +0000: Memory Usage (136240K) : metal5_pin has 0 polygons
2026-08-20 09:00:19 +0000: Memory Usage (136368K) : metal5_mask has 0 polygons
2026-08-20 09:00:19 +0000: Memory Usage (136368K) : metal5_nofill has 0 polygons
2026-08-20 09:00:19 +0000: Memory Usage (136368K) : metal5_text has 0 polygons
2026-08-20 09:00:19 +0000: Memory Usage (136368K) : metal5_OPC has 0 polygons
2026-08-20 09:00:19 +0000: Memory Usage (136368K) : metal5_noqrc has 0 polygons
2026-08-20 09:00:19 +0000: Memory Usage (136368K) : metal5_res has 0 polygons
2026-08-20 09:00:19 +0000: Memory Usage (136496K) : metal5_iprobe has 0 polygons
2026-08-20 09:00:19 +0000: Memory Usage (136496K) : metal5_diffprb has 0 polygons
2026-08-20 09:00:19 +0000: Memory Usage (136496K) : radhard_drw has 0 polygons
2026-08-20 09:00:19 +0000: Memory Usage (136496K) : memcap_drw has 0 polygons
2026-08-20 09:00:19 +0000: Memory Usage (136496K) : varicap_drw has 0 polygons
2026-08-20 09:00:19 +0000: Memory Usage (136496K) : intbondvia_drw has 0 polygons
2026-08-20 09:00:19 +0000: Memory Usage (136624K) : intbondmet_drw has 0 polygons
2026-08-20 09:00:19 +0000: Memory Usage (136624K) : devbondvia_drw has 0 polygons
2026-08-20 09:00:19 +0000: Memory Usage (136624K) : devbondmet_drw has 0 polygons
2026-08-20 09:00:19 +0000: Memory Usage (136624K) : devtrench_drw has 0 polygons
2026-08-20 09:00:19 +0000: Memory Usage (136752K) : redist_drw has 0 polygons
2026-08-20 09:00:19 +0000: Memory Usage (136752K) : graphbot_drw has 0 polygons
2026-08-20 09:00:19 +0000: Memory Usage (136752K) : graphtop_drw has 0 polygons
2026-08-20 09:00:19 +0000: Memory Usage (136752K) : antvia1_drw has 0 polygons
2026-08-20 09:00:19 +0000: Memory Usage (136880K) : antmetal2_drw has 0 polygons
2026-08-20 09:00:19 +0000: Memory Usage (136880K) : graphcont_drw has 0 polygons
2026-08-20 09:00:19 +0000: Memory Usage (136880K) : siwg_drw has 0 polygons
2026-08-20 09:00:19 +0000: Memory Usage (136880K) : siwg_filler has 0 polygons
2026-08-20 09:00:19 +0000: Memory Usage (136880K) : siwg_nofill has 0 polygons
2026-08-20 09:00:19 +0000: Memory Usage (136880K) : sigrating_drw has 0 polygons
2026-08-20 09:00:19 +0000: Memory Usage (136880K) : singrating_drw has 0 polygons
2026-08-20 09:00:19 +0000: Memory Usage (137008K) : graphpas_drw has 0 polygons
2026-08-20 09:00:19 +0000: Memory Usage (137008K) : emwind3_drw has 0 polygons
2026-08-20 09:00:19 +0000: Memory Usage (137008K) : emwihv3_drw has 0 polygons
2026-08-20 09:00:19 +0000: Memory Usage (137008K) : redbulay_drw has 0 polygons
2026-08-20 09:00:19 +0000: Memory Usage (137008K) : smos_drw has 0 polygons
2026-08-20 09:00:19 +0000: Memory Usage (137008K) : graphpad_drw has 0 polygons
2026-08-20 09:00:19 +0000: Memory Usage (137136K) : polimide_drw has 0 polygons
2026-08-20 09:00:19 +0000: Memory Usage (137136K) : polimide_pin has 0 polygons
2026-08-20 09:00:19 +0000: Memory Usage (137136K) : recog_drw has 1 polygons
2026-08-20 09:00:19 +0000: Memory Usage (137136K) : recog_pin has 0 polygons
2026-08-20 09:00:19 +0000: Memory Usage (137136K) : recog_esd has 5 polygons
2026-08-20 09:00:19 +0000: Memory Usage (137264K) : recog_diode has 0 polygons
2026-08-20 09:00:19 +0000: Memory Usage (137264K) : recog_tsv has 0 polygons
2026-08-20 09:00:19 +0000: Memory Usage (137264K) : recog_iprobe has 0 polygons
2026-08-20 09:00:19 +0000: Memory Usage (137264K) : recog_diffprb has 0 polygons
2026-08-20 09:00:19 +0000: Memory Usage (137264K) : recog_pillar has 0 polygons
2026-08-20 09:00:19 +0000: Memory Usage (137392K) : recog_sbump has 0 polygons
2026-08-20 09:00:19 +0000: Memory Usage (137392K) : recog_otp has 0 polygons
2026-08-20 09:00:19 +0000: Memory Usage (137392K) : recog_pdiode has 0 polygons
2026-08-20 09:00:19 +0000: Memory Usage (137392K) : recog_mom has 0 polygons
2026-08-20 09:00:19 +0000: Memory Usage (137520K) : recog_momf has 0 polygons
2026-08-20 09:00:19 +0000: Memory Usage (137520K) : recog_pcm has 0 polygons
2026-08-20 09:00:19 +0000: Memory Usage (137520K) : colopen_drw has 0 polygons
2026-08-20 09:00:19 +0000: Memory Usage (137520K) : graphmetal1_drw has 0 polygons
2026-08-20 09:00:19 +0000: Memory Usage (137648K) : graphmetal1_filler has 0 polygons
2026-08-20 09:00:19 +0000: Memory Usage (137648K) : graphmetal1_nofill has 0 polygons
2026-08-20 09:00:19 +0000: Memory Usage (137648K) : graphmetal1_slit has 0 polygons
2026-08-20 09:00:19 +0000: Memory Usage (137648K) : graphmetal1_OPC has 0 polygons
2026-08-20 09:00:19 +0000: Memory Usage (137776K) : graphmet1l_drw has 0 polygons
2026-08-20 09:00:19 +0000: Memory Usage (137776K) : graphmet1l_filler has 0 polygons
2026-08-20 09:00:19 +0000: Memory Usage (137776K) : graphmet1l_nofill has 0 polygons
2026-08-20 09:00:19 +0000: Memory Usage (137776K) : graphmet1l_slit has 0 polygons
2026-08-20 09:00:19 +0000: Memory Usage (137904K) : graphmet1l_OPC has 0 polygons
2026-08-20 09:00:19 +0000: Memory Usage (137904K) : extblock_drw has 12 polygons
2026-08-20 09:00:19 +0000: Memory Usage (137904K) : nldd_drw has 0 polygons
2026-08-20 09:00:19 +0000: Memory Usage (137904K) : pldd_drw has 0 polygons
2026-08-20 09:00:19 +0000: Memory Usage (138032K) : next_drw has 0 polygons
2026-08-20 09:00:19 +0000: Memory Usage (138032K) : pext_drw has 0 polygons
2026-08-20 09:00:19 +0000: Memory Usage (138032K) : nexthv_drw has 0 polygons
2026-08-20 09:00:19 +0000: Memory Usage (138032K) : pexthv_drw has 0 polygons
2026-08-20 09:00:19 +0000: Memory Usage (138160K) : graphgate_drw has 0 polygons
2026-08-20 09:00:19 +0000: Memory Usage (138160K) : sinwg_drw has 0 polygons
2026-08-20 09:00:19 +0000: Memory Usage (138160K) : sinwg_filler has 0 polygons
2026-08-20 09:00:19 +0000: Memory Usage (138288K) : sinwg_nofill has 0 polygons
2026-08-20 09:00:19 +0000: Memory Usage (138288K) : mempad_drw has 0 polygons
2026-08-20 09:00:19 +0000: Memory Usage (138288K) : topvia1_drw has 477 polygons
2026-08-20 09:00:19 +0000: Memory Usage (138288K) : topmetal1_drw has 12 polygons
2026-08-20 09:00:19 +0000: Memory Usage (138416K) : topmetal1_filler has 0 polygons
2026-08-20 09:00:19 +0000: Memory Usage (138416K) : topmetal1_slit has 0 polygons
2026-08-20 09:00:19 +0000: Memory Usage (138416K) : topmetal1 has 12 polygons
2026-08-20 09:00:19 +0000: Memory Usage (138416K) : topmetal1_pin has 0 polygons
2026-08-20 09:00:19 +0000: Memory Usage (138544K) : topmetal1_mask has 0 polygons
2026-08-20 09:00:19 +0000: Memory Usage (138544K) : topmetal1_nofill has 0 polygons
2026-08-20 09:00:19 +0000: Memory Usage (138544K) : topmetal1_text has 0 polygons
2026-08-20 09:00:19 +0000: Memory Usage (138544K) : topmetal1_noqrc has 0 polygons
2026-08-20 09:00:19 +0000: Memory Usage (138672K) : topmetal1_res has 0 polygons
2026-08-20 09:00:19 +0000: Memory Usage (138800K) : topmetal1_iprobe has 0 polygons
2026-08-20 09:00:19 +0000: Memory Usage (138800K) : topmetal1_diffprb has 0 polygons
2026-08-20 09:00:19 +0000: Memory Usage (138800K) : inldpwl_drw has 0 polygons
2026-08-20 09:00:19 +0000: Memory Usage (138800K) : polyres_drw has 4 polygons
2026-08-20 09:00:19 +0000: Memory Usage (138928K) : polyres_pin has 0 polygons
2026-08-20 09:00:19 +0000: Memory Usage (138928K) : vmim_drw has 225 polygons
2026-08-20 09:00:19 +0000: Memory Usage (138928K) : nbulaycut_drw has 0 polygons
2026-08-20 09:00:19 +0000: Memory Usage (139056K) : antmetal1_drw has 0 polygons
2026-08-20 09:00:19 +0000: Memory Usage (139056K) : topvia2_drw has 198 polygons
2026-08-20 09:00:19 +0000: Memory Usage (139056K) : topmetal2_drw has 8 polygons
2026-08-20 09:00:19 +0000: Memory Usage (139056K) : topmetal2_filler has 0 polygons
2026-08-20 09:00:19 +0000: Memory Usage (139184K) : topmetal2_slit has 0 polygons
2026-08-20 09:00:19 +0000: Memory Usage (139184K) : topmetal2 has 8 polygons
2026-08-20 09:00:19 +0000: Memory Usage (139184K) : topmetal2_pin has 0 polygons
2026-08-20 09:00:19 +0000: Memory Usage (139312K) : topmetal2_mask has 0 polygons
2026-08-20 09:00:19 +0000: Memory Usage (139312K) : topmetal2_nofill has 0 polygons
2026-08-20 09:00:19 +0000: Memory Usage (139312K) : topmetal2_text has 4 polygons
2026-08-20 09:00:19 +0000: Memory Usage (139440K) : topmetal2_noqrc has 0 polygons
2026-08-20 09:00:19 +0000: Memory Usage (139440K) : topmetal2_res has 0 polygons
2026-08-20 09:00:19 +0000: Memory Usage (139568K) : topmetal2_iprobe has 0 polygons
2026-08-20 09:00:19 +0000: Memory Usage (139568K) : topmetal2_diffprb has 0 polygons
2026-08-20 09:00:19 +0000: Memory Usage (139568K) : snsring_drw has 0 polygons
2026-08-20 09:00:19 +0000: Memory Usage (139696K) : sensor_drw has 0 polygons
2026-08-20 09:00:19 +0000: Memory Usage (139696K) : snsarms_drw has 0 polygons
2026-08-20 09:00:19 +0000: Memory Usage (139696K) : snscmosvia_drw has 0 polygons
2026-08-20 09:00:19 +0000: Memory Usage (139696K) : colwind_drw has 0 polygons
2026-08-20 09:00:19 +0000: Memory Usage (139696K) : flm_drw has 0 polygons
2026-08-20 09:00:19 +0000: Memory Usage (139696K) : hafniumox_drw has 0 polygons
2026-08-20 09:00:19 +0000: Memory Usage (139696K) : memvia_drw has 0 polygons
2026-08-20 09:00:19 +0000: Memory Usage (139696K) : thinfilmres_drw has 0 polygons
2026-08-20 09:00:19 +0000: Memory Usage (139696K) : rfmem_drw has 0 polygons
2026-08-20 09:00:19 +0000: Memory Usage (139696K) : norcx_drw has 0 polygons
2026-08-20 09:00:19 +0000: Memory Usage (139696K) : norcx_m2m3 has 0 polygons
2026-08-20 09:00:19 +0000: Memory Usage (139696K) : norcx_m2m4 has 0 polygons
2026-08-20 09:00:19 +0000: Memory Usage (139696K) : norcx_m2m5 has 0 polygons
2026-08-20 09:00:19 +0000: Memory Usage (139696K) : norcx_m2tm1 has 0 polygons
2026-08-20 09:00:19 +0000: Memory Usage (139696K) : norcx_m2tm2 has 0 polygons
2026-08-20 09:00:19 +0000: Memory Usage (139696K) : norcx_m3m4 has 0 polygons
2026-08-20 09:00:19 +0000: Memory Usage (139696K) : norcx_m3m5 has 0 polygons
2026-08-20 09:00:19 +0000: Memory Usage (139696K) : norcx_m3tm1 has 0 polygons
2026-08-20 09:00:19 +0000: Memory Usage (139696K) : norcx_m3tm2 has 0 polygons
2026-08-20 09:00:19 +0000: Memory Usage (139696K) : norcx_m4m5 has 0 polygons
2026-08-20 09:00:19 +0000: Memory Usage (139696K) : norcx_m4tm1 has 0 polygons
2026-08-20 09:00:19 +0000: Memory Usage (139696K) : norcx_m4tm2 has 0 polygons
2026-08-20 09:00:19 +0000: Memory Usage (139696K) : norcx_m5tm1 has 0 polygons
2026-08-20 09:00:19 +0000: Memory Usage (139696K) : norcx_m5tm2 has 0 polygons
2026-08-20 09:00:19 +0000: Memory Usage (139696K) : norcx_tm1tm2 has 0 polygons
2026-08-20 09:00:19 +0000: Memory Usage (139696K) : norcx_m1sub has 0 polygons
2026-08-20 09:00:19 +0000: Memory Usage (139696K) : norcx_m2sub has 0 polygons
2026-08-20 09:00:19 +0000: Memory Usage (139696K) : norcx_m3sub has 0 polygons
2026-08-20 09:00:19 +0000: Memory Usage (139696K) : norcx_m4sub has 0 polygons
2026-08-20 09:00:19 +0000: Memory Usage (139696K) : norcx_m5sub has 0 polygons
2026-08-20 09:00:19 +0000: Memory Usage (139696K) : norcx_tm1sub has 0 polygons
2026-08-20 09:00:19 +0000: Memory Usage (139696K) : norcx_tm2sub has 0 polygons
2026-08-20 09:00:19 +0000: Memory Usage (139696K) : snsbotvia_drw has 0 polygons
2026-08-20 09:00:19 +0000: Memory Usage (139696K) : snstopvia_drw has 0 polygons
2026-08-20 09:00:19 +0000: Memory Usage (139696K) : deepvia_drw has 0 polygons
2026-08-20 09:00:19 +0000: Memory Usage (139696K) : fgetch_drw has 0 polygons
2026-08-20 09:00:19 +0000: Memory Usage (139696K) : ctrgat_drw has 0 polygons
2026-08-20 09:00:19 +0000: Memory Usage (139696K) : fgimp_drw has 0 polygons
2026-08-20 09:00:19 +0000: Memory Usage (139696K) : emwihv_drw has 0 polygons
2026-08-20 09:00:19 +0000: Memory Usage (139696K) : lbe_drw has 0 polygons
2026-08-20 09:00:19 +0000: Memory Usage (139696K) : alcustop_drw has 0 polygons
2026-08-20 09:00:19 +0000: Memory Usage (139696K) : nometfiller_drw has 0 polygons
2026-08-20 09:00:19 +0000: Memory Usage (139696K) : prboundary_drw has 0 polygons
2026-08-20 09:00:19 +0000: Memory Usage (139696K) : exchange0_drw has 0 polygons
2026-08-20 09:00:19 +0000: Memory Usage (139696K) : exchange0_pin has 0 polygons
2026-08-20 09:00:19 +0000: Memory Usage (139696K) : exchange0_text has 0 polygons
2026-08-20 09:00:19 +0000: Memory Usage (139696K) : exchange1_drw has 0 polygons
2026-08-20 09:00:19 +0000: Memory Usage (139696K) : exchange1_pin has 0 polygons
2026-08-20 09:00:19 +0000: Memory Usage (139696K) : exchange1_text has 0 polygons
2026-08-20 09:00:19 +0000: Memory Usage (139696K) : exchange2_drw has 0 polygons
2026-08-20 09:00:19 +0000: Memory Usage (139696K) : exchange2_pin has 0 polygons
2026-08-20 09:00:19 +0000: Memory Usage (139696K) : exchange2_text has 0 polygons
2026-08-20 09:00:19 +0000: Memory Usage (139696K) : exchange3_drw has 0 polygons
2026-08-20 09:00:19 +0000: Memory Usage (139696K) : exchange3_pin has 0 polygons
2026-08-20 09:00:19 +0000: Memory Usage (139696K) : exchange3_text has 0 polygons
2026-08-20 09:00:19 +0000: Memory Usage (139696K) : exchange4_drw has 0 polygons
2026-08-20 09:00:19 +0000: Memory Usage (139696K) : exchange4_pin has 0 polygons
2026-08-20 09:00:19 +0000: Memory Usage (139696K) : exchange4_text has 0 polygons
2026-08-20 09:00:19 +0000: Memory Usage (139696K) : isonwell_drw has 0 polygons
2026-08-20 09:00:19 +0000: Memory Usage (139696K) : Total no. of polygons in the design is 12932
2026-08-20 09:00:19 +0000: Memory Usage (139696K) : Starting base layers derivations
2026-08-20 09:00:19 +0000: Memory Usage (139696K) : Starting general LVS derivations
2026-08-20 09:00:19 +0000: Memory Usage (143572K) : Starting MOSFET DERIVATIONS
2026-08-20 09:00:19 +0000: Memory Usage (144340K) : Starting NMOS DERIVATIONS
2026-08-20 09:00:19 +0000: Memory Usage (144340K) : Starting PMOS DERIVATIONS
2026-08-20 09:00:19 +0000: Memory Usage (144340K) : Starting RF-MOSFET DERIVATIONS
2026-08-20 09:00:19 +0000: Memory Usage (144340K) : Starting RF-NMOS DERIVATIONS
2026-08-20 09:00:19 +0000: Memory Usage (144340K) : Starting RF-PMOS DERIVATIONS
2026-08-20 09:00:19 +0000: Memory Usage (144340K) : Starting BJT DERIVATIONS
2026-08-20 09:00:19 +0000: Memory Usage (144340K) : Starting NPN-BJT DERIVATIONS
2026-08-20 09:00:19 +0000: Memory Usage (144340K) : Starting PNP-BJT DERIVATIONS
2026-08-20 09:00:19 +0000: Memory Usage (144340K) : Starting DIODE DERIVATIONS
2026-08-20 09:00:20 +0000: Memory Usage (144340K) : Starting RESISTOR DERIVATIONS
2026-08-20 09:00:20 +0000: Memory Usage (144468K) : Starting CAP DERIVATIONS
2026-08-20 09:00:20 +0000: Memory Usage (144596K) : Starting CAP_CMOM DERIVATIONS
2026-08-20 09:00:20 +0000: Memory Usage (144596K) : Starting CAP_CMOMF DERIVATIONS
2026-08-20 09:00:20 +0000: Memory Usage (144596K) : Starting ESD DERIVATIONS
2026-08-20 09:00:20 +0000: Memory Usage (145620K) : Starting Inductor DERIVATIONS
2026-08-20 09:00:20 +0000: Memory Usage (145620K) : Starting Taps DERIVATIONS
2026-08-20 09:00:20 +0000: Memory Usage (145620K) : Starting SG13G2 LVS connectivity setup
2026-08-20 09:00:20 +0000: Memory Usage (145620K) : Starting SG13G2 LVS connectivity setup (Inter-layer)
2026-08-20 09:00:20 +0000: Memory Usage (145620K) : Starting SG13G2 LVS connectivity setup (Global)
2026-08-20 09:00:20 +0000: Memory Usage (145620K) : Starting LVS MOSFET CONNECTIONS
2026-08-20 09:00:20 +0000: Memory Usage (145620K) : Starting LVS RF-MOSFET CONNECTIONS
2026-08-20 09:00:20 +0000: Memory Usage (145620K) : Starting LVS BJT CONNECTIONS
2026-08-20 09:00:20 +0000: Memory Usage (145620K) : Starting LVS DIODE CONNECTIONS
2026-08-20 09:00:20 +0000: Memory Usage (145620K) : Starting RESISTOR CONNECTIONS
2026-08-20 09:00:20 +0000: Memory Usage (145620K) : Starting LVS CAP CONNECTIONS
2026-08-20 09:00:20 +0000: Memory Usage (145620K) : Starting CAP_CMOM CONNECTIONS
2026-08-20 09:00:20 +0000: Memory Usage (145620K) : Starting CAP_CMOMF CONNECTIONS
2026-08-20 09:00:20 +0000: Memory Usage (145620K) : Starting ESD CONNECTIONS
2026-08-20 09:00:20 +0000: Memory Usage (145620K) : Starting Inductor CONNECTIONS
2026-08-20 09:00:20 +0000: Memory Usage (145620K) : Starting LVS Taps CONNECTIONS
2026-08-20 09:00:20 +0000: Memory Usage (145620K) : Starting SG13G2 LVS DEVICES EXTRACTION
2026-08-20 09:00:20 +0000: Memory Usage (145620K) : Starting MOSFET EXTRACTION
2026-08-20 09:00:20 +0000: Memory Usage (145620K) : Starting NMOS EXTRACTION
2026-08-20 09:00:20 +0000: Memory Usage (145620K) : Extraction of NMOS-LV transistor
2026-08-20 09:00:20 +0000: Memory Usage (145748K) : Extraction of NMOS-HV transistor
2026-08-20 09:00:20 +0000: Memory Usage (145748K) : Starting PMOS EXTRACTION
2026-08-20 09:00:20 +0000: Memory Usage (145748K) : Extraction of PMOS-LV transistor
2026-08-20 09:00:20 +0000: Memory Usage (145748K) : Extraction of PMOS-HV transistor
2026-08-20 09:00:20 +0000: Memory Usage (145748K) : Starting RF-MOSFET EXTRACTION
2026-08-20 09:00:20 +0000: Memory Usage (145748K) : Extraction of RF-NMOS-LV transistor
2026-08-20 09:00:20 +0000: Memory Usage (145748K) : Extraction of RF-NMOS-HV transistor
2026-08-20 09:00:20 +0000: Memory Usage (145748K) : Extraction of RF-PMOS-LV transistor
2026-08-20 09:00:20 +0000: Memory Usage (145748K) : Extraction of RF-PMOS-HV transistor
2026-08-20 09:00:20 +0000: Memory Usage (145748K) : Starting BJT EXTRACTION
2026-08-20 09:00:20 +0000: Memory Usage (145748K) : Starting NPN-BJT EXTRACTION
2026-08-20 09:00:20 +0000: Memory Usage (145748K) : Extraction of npn13G2 BJT transistor
2026-08-20 09:00:20 +0000: Memory Usage (145748K) : Extraction of npn13G2L BJT transistor
2026-08-20 09:00:20 +0000: Memory Usage (145748K) : Extraction of npn13G2V BJT transistor
2026-08-20 09:00:20 +0000: Memory Usage (145748K) : Starting PNP-BJT EXTRACTION
2026-08-20 09:00:20 +0000: Memory Usage (145748K) : Extracting pnpMPA BJT
2026-08-20 09:00:20 +0000: Memory Usage (145748K) : Starting DIODE EXTRACTION
2026-08-20 09:00:20 +0000: Memory Usage (145748K) : Extracting dantenna diode
2026-08-20 09:00:20 +0000: Memory Usage (145748K) : Extracting dpantenna diode
2026-08-20 09:00:20 +0000: Memory Usage (145748K) : Extracting schottky_nbl1 diode
2026-08-20 09:00:20 +0000: Memory Usage (145748K) : Extracting isolbox diode
2026-08-20 09:00:20 +0000: Memory Usage (145748K) : Starting RESISTOR EXTRACTION
2026-08-20 09:00:20 +0000: Memory Usage (145748K) : Extracting rsil resistor
2026-08-20 09:00:20 +0000: Memory Usage (145876K) : Extracting rppd resistor
2026-08-20 09:00:20 +0000: Memory Usage (145876K) : Extracting rhigh resistor
2026-08-20 09:00:20 +0000: Memory Usage (145876K) : Extracting res_metal1 resistor
2026-08-20 09:00:20 +0000: Memory Usage (146004K) : Extracting res_metal2 resistor
2026-08-20 09:00:20 +0000: Memory Usage (146004K) : Extracting res_metal3 resistor
2026-08-20 09:00:20 +0000: Memory Usage (146004K) : Extracting res_metal4 resistor
2026-08-20 09:00:20 +0000: Memory Usage (146004K) : Extracting res_metal5 resistor
2026-08-20 09:00:20 +0000: Memory Usage (146004K) : Extracting res_topmetal1 resistor
2026-08-20 09:00:20 +0000: Memory Usage (146004K) : Extracting res_topmetal2 resistor
2026-08-20 09:00:20 +0000: Memory Usage (146004K) : Starting CAP EXTRACTION
2026-08-20 09:00:20 +0000: Memory Usage (146004K) : Extracting cap_cmim device
2026-08-20 09:00:20 +0000: Memory Usage (146004K) : Extracting rfcmim device
2026-08-20 09:00:20 +0000: Memory Usage (146004K) : Extracting sg13_hv_svaricap varactor
2026-08-20 09:00:20 +0000: Memory Usage (146004K) : Extracting cap_cmomi device
2026-08-20 09:00:20 +0000: Memory Usage (146004K) : Extracting cap_cmomf device
2026-08-20 09:00:20 +0000: Memory Usage (146004K) : Extracting sg13_moscap_n capacitor
2026-08-20 09:00:20 +0000: Memory Usage (146004K) : Extracting sg13_moscap_p capacitor
2026-08-20 09:00:20 +0000: Memory Usage (146004K) : Starting ESD EXTRACTION
2026-08-20 09:00:20 +0000: Memory Usage (146004K) : Extracting diodevdd_2kv ESD device
2026-08-20 09:00:20 +0000: Memory Usage (146004K) : Extracting diodevdd_4kv ESD device
2026-08-20 09:00:20 +0000: Memory Usage (146004K) : Extracting diodevss_2kv ESD device
2026-08-20 09:00:20 +0000: Memory Usage (146004K) : Extracting diodevss_4kv ESD device
2026-08-20 09:00:20 +0000: Memory Usage (146004K) : Extracting idiodevdd_2kv ESD device
2026-08-20 09:00:20 +0000: Memory Usage (146004K) : Extracting idiodevdd_4kv ESD device
2026-08-20 09:00:20 +0000: Memory Usage (146004K) : Extracting idiodevss_2kv ESD device
2026-08-20 09:00:20 +0000: Memory Usage (146004K) : Extracting idiodevss_4kv ESD device
2026-08-20 09:00:20 +0000: Memory Usage (146004K) : Extracting nmoscl_2 ESD device
2026-08-20 09:00:20 +0000: Memory Usage (146004K) : Extracting nmoscl_4 ESD device
2026-08-20 09:00:20 +0000: Memory Usage (146004K) : Starting Inductor EXTRACTION
2026-08-20 09:00:20 +0000: Memory Usage (146004K) : Extracting Inductor2 device
2026-08-20 09:00:20 +0000: Memory Usage (146004K) : Extracting Inductor3 device
2026-08-20 09:00:20 +0000: Memory Usage (146004K) : Starting Taps EXTRACTION
2026-08-20 09:00:20 +0000: Memory Usage (146004K) : DISABLE_TAP_EXTRACTION is enabled: skipping ntap1/ptap1 device extraction.
2026-08-20 09:00:20 +0000: Memory Usage (146004K) : Starting SG13G2 LVS RF MOS Model Mapping
2026-08-20 09:00:20 +0000: Memory Usage (146004K) : [layout_netlist] Apply RF MOS model mapping and rfmode parameter.
2026-08-20 09:00:20 +0000: Memory Usage (146004K) : Starting SG13G2 LVS Options Preparations
2026-08-20 09:00:20 +0000: Memory Usage (146004K) : SG13G2 LVS flow: extraction -> alignment -> option preparation -> comparison.
2026-08-20 09:00:20 +0000: Memory Usage (146004K) : Starting SG13G2 LVS Alignment
2026-08-20 09:00:20 +0000: Memory Usage (146004K) : Starting SG13G2 LVS Simplification
2026-08-20 09:00:20 +0000: Memory Usage (146004K) : [layout_netlist] simplify: ENABLED
2026-08-20 09:00:20 +0000: Memory Usage (146004K) : [layout_netlist] make_top_level_pins: SKIPPED
2026-08-20 09:00:20 +0000: Memory Usage (146004K) : [layout_netlist] combine_devices: SKIPPED
2026-08-20 09:00:20 +0000: Memory Usage (146004K) : [layout_netlist] purge: SKIPPED
2026-08-20 09:00:20 +0000: Memory Usage (146004K) : [layout_netlist] purge_nets: SKIPPED
2026-08-20 09:00:20 +0000: Memory Usage (146004K) : [schematic_netlist] simplify: ENABLED
2026-08-20 09:00:20 +0000: Memory Usage (146004K) : [schematic_netlist] make_top_level_pins: SKIPPED
2026-08-20 09:00:20 +0000: Memory Usage (146004K) : [schematic_netlist] combine_devices: SKIPPED
2026-08-20 09:00:20 +0000: Memory Usage (146004K) : [schematic_netlist] purge: SKIPPED
2026-08-20 09:00:20 +0000: Memory Usage (146004K) : [schematic_netlist] purge_nets: SKIPPED
2026-08-20 09:00:20 +0000: Memory Usage (146004K) : Starting SG13G2 LVS Comparison
2026-08-20 09:00:20 +0000: Memory Usage (146132K) : xxxxxxxxxxxxxxxxxxxxxxxxxxxxxxxxxxxxxxxxxx
2026-08-20 09:00:20 +0000: Memory Usage (146132K) : ERROR : Netlists don't match
2026-08-20 09:00:20 +0000: Memory Usage (146132K) : xxxxxxxxxxxxxxxxxxxxxxxxxxxxxxxxxxxxxxxxxx
2026-08-20 09:00:20 +0000: Memory Usage (146132K) : LVS Total Run time 1.421655 seconds
2026-08-20 09:23:30 +0000: Memory Usage (128496K) : Starting running SG13G2 Klayout LVS runset on /workspace/layout/blocks/out/term_stage/_bisect/plus_clamp.gds
2026-08-20 09:23:30 +0000: Memory Usage (128496K) : Ruby Version for klayout: 3.2.3
2026-08-20 09:23:30 +0000: Memory Usage (129580K) : Loading database to memory is complete.
2026-08-20 09:23:30 +0000: Memory Usage (129580K) : SG13G2 Klayout LVS runset output at: /workspace/layout/blocks/out/term_stage/_bisect/plus_clamp/plus_clamp.lvsdb
2026-08-20 09:23:30 +0000: Memory Usage (129580K) : Evaluate switches.
2026-08-20 09:23:30 +0000: Memory Usage (129580K) : Extracted netlist with net names: true
2026-08-20 09:23:30 +0000: Memory Usage (129580K) : Extracted netlist with comments in details: false
2026-08-20 09:23:30 +0000: Memory Usage (129580K) : Selected NET_ONLY option: false
2026-08-20 09:23:30 +0000: Memory Usage (129580K) : Selected LAYOUT_NETLIST option: (none)
2026-08-20 09:23:30 +0000: Memory Usage (129580K) : Selected IGNORE_TOP_PORTS_MISMATCH option: true
2026-08-20 09:23:30 +0000: Memory Usage (129580K) : Selected IMPLICIT_NETS option: sub,sub!
2026-08-20 09:23:30 +0000: Memory Usage (129580K) : Selected TOP_LVL_PINS option: false
2026-08-20 09:23:30 +0000: Memory Usage (129580K) : Selected COMBINE DEVICES option: false
2026-08-20 09:23:30 +0000: Memory Usage (129580K) : Selected PURGE option: false
2026-08-20 09:23:30 +0000: Memory Usage (129580K) : Selected PURGE_NETS option: false
2026-08-20 09:23:30 +0000: Memory Usage (129580K) : Selected SIMPLIFY option: true
2026-08-20 09:23:30 +0000: Memory Usage (129580K) : Selected SERIES_RES option: true
2026-08-20 09:23:30 +0000: Memory Usage (129580K) : Selected PARALLEL_RES option: true
2026-08-20 09:23:30 +0000: Memory Usage (129580K) : Selected DISABLE_TAP_EXTRACTION option: true
2026-08-20 09:23:30 +0000: Memory Usage (129580K) : deep  mode is enabled.
2026-08-20 09:23:30 +0000: Memory Usage (129580K) : Applying implicit connections (case-sensitive, pattern supported) for nets: sub, sub!
2026-08-20 09:23:30 +0000: Memory Usage (130604K) : Netlist file: /workspace/layout/blocks/out/term_stage/_bisect/plus_clamp.cdl
2026-08-20 09:23:30 +0000: Memory Usage (130604K) : LVS extracted netlist at: /workspace/layout/blocks/out/term_stage/_bisect/plus_clamp/plus_clamp_extracted.cir
2026-08-20 09:23:30 +0000: Memory Usage (130604K) : Applying SRAM integration support.
2026-08-20 09:23:30 +0000: Memory Usage (130604K) : Starting SG13G2 LVS runset
2026-08-20 09:23:30 +0000: Memory Usage (130604K) : Read in polygons from layers.
2026-08-20 09:23:30 +0000: Memory Usage (131964K) : activ_drw has 130 polygons
2026-08-20 09:23:30 +0000: Memory Usage (131964K) : activ_filler has 0 polygons
2026-08-20 09:23:30 +0000: Memory Usage (132092K) : activ has 130 polygons
2026-08-20 09:23:30 +0000: Memory Usage (132092K) : activ_pin has 0 polygons
2026-08-20 09:23:30 +0000: Memory Usage (132092K) : activ_mask has 0 polygons
2026-08-20 09:23:30 +0000: Memory Usage (132092K) : activ_nofill has 0 polygons
2026-08-20 09:23:30 +0000: Memory Usage (132092K) : activ_OPC has 0 polygons
2026-08-20 09:23:30 +0000: Memory Usage (132092K) : activ_iOPC has 0 polygons
2026-08-20 09:23:30 +0000: Memory Usage (132180K) : activ_noqrc has 0 polygons
2026-08-20 09:23:30 +0000: Memory Usage (132692K) : biwind_drw has 0 polygons
2026-08-20 09:23:30 +0000: Memory Usage (132692K) : biwind_OPC has 0 polygons
2026-08-20 09:23:30 +0000: Memory Usage (132692K) : gatpoly_drw has 25 polygons
2026-08-20 09:23:30 +0000: Memory Usage (132692K) : gatpoly_filler has 0 polygons
2026-08-20 09:23:30 +0000: Memory Usage (132692K) : gatpoly has 25 polygons
2026-08-20 09:23:30 +0000: Memory Usage (132692K) : gatpoly_pin has 0 polygons
2026-08-20 09:23:30 +0000: Memory Usage (132692K) : gatpoly_nofill has 0 polygons
2026-08-20 09:23:30 +0000: Memory Usage (132692K) : gatpoly_OPC has 0 polygons
2026-08-20 09:23:30 +0000: Memory Usage (132692K) : gatpoly_iOPC has 0 polygons
2026-08-20 09:23:30 +0000: Memory Usage (132692K) : gatpoly_noqrc has 0 polygons
2026-08-20 09:23:30 +0000: Memory Usage (132692K) : cont_drw has 6147 polygons
2026-08-20 09:23:30 +0000: Memory Usage (132692K) : cont_OPC has 0 polygons
2026-08-20 09:23:30 +0000: Memory Usage (132692K) : nsd_drw has 0 polygons
2026-08-20 09:23:30 +0000: Memory Usage (132692K) : nsd_block has 0 polygons
2026-08-20 09:23:30 +0000: Memory Usage (132692K) : metal1_drw has 268 polygons
2026-08-20 09:23:30 +0000: Memory Usage (132692K) : metal1_filler has 0 polygons
2026-08-20 09:23:30 +0000: Memory Usage (132692K) : metal1_slit has 0 polygons
2026-08-20 09:23:30 +0000: Memory Usage (132692K) : metal1 has 268 polygons
2026-08-20 09:23:30 +0000: Memory Usage (132820K) : metal1_pin has 112 polygons
2026-08-20 09:23:30 +0000: Memory Usage (132820K) : metal1_mask has 0 polygons
2026-08-20 09:23:30 +0000: Memory Usage (132820K) : metal1_nofill has 0 polygons
2026-08-20 09:23:30 +0000: Memory Usage (133332K) : metal1_text has 4 polygons
2026-08-20 09:23:30 +0000: Memory Usage (133332K) : metal1_OPC has 0 polygons
2026-08-20 09:23:30 +0000: Memory Usage (133332K) : metal1_noqrc has 0 polygons
2026-08-20 09:23:30 +0000: Memory Usage (133460K) : metal1_res has 0 polygons
2026-08-20 09:23:30 +0000: Memory Usage (133460K) : metal1_iprobe has 0 polygons
2026-08-20 09:23:30 +0000: Memory Usage (133460K) : metal1_diffprb has 0 polygons
2026-08-20 09:23:30 +0000: Memory Usage (133588K) : passiv_drw has 2 polygons
2026-08-20 09:23:30 +0000: Memory Usage (133588K) : passiv_pin has 0 polygons
2026-08-20 09:23:30 +0000: Memory Usage (133588K) : passiv_sbump has 0 polygons
2026-08-20 09:23:30 +0000: Memory Usage (133716K) : passiv_pillar has 0 polygons
2026-08-20 09:23:30 +0000: Memory Usage (133716K) : passiv_pdl has 0 polygons
2026-08-20 09:23:30 +0000: Memory Usage (133716K) : metal2_drw has 48 polygons
2026-08-20 09:23:30 +0000: Memory Usage (133844K) : metal2_filler has 0 polygons
2026-08-20 09:23:30 +0000: Memory Usage (133844K) : metal2_slit has 0 polygons
2026-08-20 09:23:30 +0000: Memory Usage (133844K) : metal2 has 48 polygons
2026-08-20 09:23:30 +0000: Memory Usage (133972K) : metal2_pin has 8 polygons
2026-08-20 09:23:30 +0000: Memory Usage (133972K) : metal2_mask has 0 polygons
2026-08-20 09:23:30 +0000: Memory Usage (133972K) : metal2_nofill has 0 polygons
2026-08-20 09:23:30 +0000: Memory Usage (133972K) : metal2_text has 0 polygons
2026-08-20 09:23:30 +0000: Memory Usage (134100K) : metal2_OPC has 0 polygons
2026-08-20 09:23:30 +0000: Memory Usage (134100K) : metal2_noqrc has 0 polygons
2026-08-20 09:23:30 +0000: Memory Usage (134100K) : metal2_res has 0 polygons
2026-08-20 09:23:30 +0000: Memory Usage (134100K) : metal2_iprobe has 0 polygons
2026-08-20 09:23:30 +0000: Memory Usage (134228K) : metal2_diffprb has 0 polygons
2026-08-20 09:23:30 +0000: Memory Usage (134228K) : baspoly_drw has 0 polygons
2026-08-20 09:23:30 +0000: Memory Usage (134228K) : baspoly_pin has 0 polygons
2026-08-20 09:23:30 +0000: Memory Usage (134228K) : psd_drw has 119 polygons
2026-08-20 09:23:30 +0000: Memory Usage (134356K) : nldb_drw has 0 polygons
2026-08-20 09:23:30 +0000: Memory Usage (134356K) : digibnd_drw has 0 polygons
2026-08-20 09:23:30 +0000: Memory Usage (134356K) : via1_drw has 1907 polygons
2026-08-20 09:23:30 +0000: Memory Usage (134356K) : backmetal1_drw has 0 polygons
2026-08-20 09:23:30 +0000: Memory Usage (134484K) : backmetal1_pin has 0 polygons
2026-08-20 09:23:30 +0000: Memory Usage (134484K) : backmetal1_mask has 0 polygons
2026-08-20 09:23:30 +0000: Memory Usage (134484K) : backmetal1_filler has 0 polygons
2026-08-20 09:23:30 +0000: Memory Usage (134484K) : backmetal1_nofill has 0 polygons
2026-08-20 09:23:30 +0000: Memory Usage (134612K) : backmetal1_slit has 0 polygons
2026-08-20 09:23:30 +0000: Memory Usage (134612K) : backmetal1_text has 0 polygons
2026-08-20 09:23:30 +0000: Memory Usage (134612K) : backmetal1_OPC has 0 polygons
2026-08-20 09:23:30 +0000: Memory Usage (134612K) : backmetal1_noqrc has 0 polygons
2026-08-20 09:23:30 +0000: Memory Usage (134740K) : backmetal1_res has 0 polygons
2026-08-20 09:23:30 +0000: Memory Usage (134740K) : backmetal1_iprobe has 0 polygons
2026-08-20 09:23:30 +0000: Memory Usage (134740K) : backmetal1_diffprb has 0 polygons
2026-08-20 09:23:30 +0000: Memory Usage (134740K) : backpassiv_drw has 0 polygons
2026-08-20 09:23:30 +0000: Memory Usage (134868K) : res_drw has 2 polygons
2026-08-20 09:23:30 +0000: Memory Usage (134868K) : sram_drw has 0 polygons
2026-08-20 09:23:30 +0000: Memory Usage (134868K) : trans_drw has 0 polygons
2026-08-20 09:23:30 +0000: Memory Usage (134996K) : ind_drw has 0 polygons
2026-08-20 09:23:30 +0000: Memory Usage (134996K) : ind_pin has 0 polygons
2026-08-20 09:23:30 +0000: Memory Usage (134996K) : ind_text has 0 polygons
2026-08-20 09:23:30 +0000: Memory Usage (134996K) : salblock_drw has 14 polygons
2026-08-20 09:23:30 +0000: Memory Usage (135124K) : via2_drw has 825 polygons
2026-08-20 09:23:30 +0000: Memory Usage (135124K) : metal3_drw has 41 polygons
2026-08-20 09:23:30 +0000: Memory Usage (135124K) : metal3_filler has 0 polygons
2026-08-20 09:23:30 +0000: Memory Usage (135252K) : metal3_slit has 0 polygons
2026-08-20 09:23:30 +0000: Memory Usage (135252K) : metal3 has 41 polygons
2026-08-20 09:23:30 +0000: Memory Usage (135252K) : metal3_pin has 2 polygons
2026-08-20 09:23:30 +0000: Memory Usage (135252K) : metal3_mask has 0 polygons
2026-08-20 09:23:30 +0000: Memory Usage (135252K) : metal3_nofill has 0 polygons
2026-08-20 09:23:30 +0000: Memory Usage (135252K) : metal3_text has 0 polygons
2026-08-20 09:23:30 +0000: Memory Usage (135252K) : metal3_OPC has 0 polygons
2026-08-20 09:23:30 +0000: Memory Usage (135252K) : metal3_noqrc has 0 polygons
2026-08-20 09:23:30 +0000: Memory Usage (135252K) : metal3_res has 0 polygons
2026-08-20 09:23:30 +0000: Memory Usage (135252K) : metal3_iprobe has 0 polygons
2026-08-20 09:23:30 +0000: Memory Usage (135252K) : metal3_diffprb has 0 polygons
2026-08-20 09:23:30 +0000: Memory Usage (135252K) : nwell_drw has 14 polygons
2026-08-20 09:23:30 +0000: Memory Usage (135252K) : nwell_pin has 0 polygons
2026-08-20 09:23:30 +0000: Memory Usage (135252K) : nwell_text has 0 polygons
2026-08-20 09:23:30 +0000: Memory Usage (135252K) : nbulay_drw has 1 polygons
2026-08-20 09:23:30 +0000: Memory Usage (135380K) : nbulay_pin has 0 polygons
2026-08-20 09:23:30 +0000: Memory Usage (135380K) : nbulay_block has 0 polygons
2026-08-20 09:23:30 +0000: Memory Usage (135380K) : emwind_drw has 0 polygons
2026-08-20 09:23:30 +0000: Memory Usage (135380K) : emwind_OPC has 0 polygons
2026-08-20 09:23:30 +0000: Memory Usage (135380K) : deepco_drw has 0 polygons
2026-08-20 09:23:30 +0000: Memory Usage (135380K) : mim_drw has 1 polygons
2026-08-20 09:23:30 +0000: Memory Usage (135508K) : edgeseal_drw has 0 polygons
2026-08-20 09:23:30 +0000: Memory Usage (135508K) : substrate_drw has 100 polygons
2026-08-20 09:23:30 +0000: Memory Usage (135508K) : substrate_text has 0 polygons
2026-08-20 09:23:30 +0000: Memory Usage (135508K) : dfpad_drw has 2 polygons
2026-08-20 09:23:30 +0000: Memory Usage (135508K) : dfpad_pillar has 0 polygons
2026-08-20 09:23:30 +0000: Memory Usage (135508K) : dfpad_sbump has 0 polygons
2026-08-20 09:23:30 +0000: Memory Usage (135636K) : thickgateox_drw has 1 polygons
2026-08-20 09:23:30 +0000: Memory Usage (135636K) : pldb_drw has 0 polygons
2026-08-20 09:23:30 +0000: Memory Usage (135636K) : pwell_drw has 0 polygons
2026-08-20 09:23:30 +0000: Memory Usage (135636K) : pwell_pin has 0 polygons
2026-08-20 09:23:30 +0000: Memory Usage (135636K) : pwell_block has 0 polygons
2026-08-20 09:23:30 +0000: Memory Usage (135764K) : ic_drw has 0 polygons
2026-08-20 09:23:30 +0000: Memory Usage (135764K) : via3_drw has 1016 polygons
2026-08-20 09:23:30 +0000: Memory Usage (135764K) : metal4_drw has 20 polygons
2026-08-20 09:23:30 +0000: Memory Usage (135764K) : metal4_filler has 0 polygons
2026-08-20 09:23:30 +0000: Memory Usage (135764K) : metal4_slit has 0 polygons
2026-08-20 09:23:30 +0000: Memory Usage (135764K) : metal4 has 20 polygons
2026-08-20 09:23:30 +0000: Memory Usage (135892K) : metal4_pin has 0 polygons
2026-08-20 09:23:30 +0000: Memory Usage (135892K) : metal4_mask has 0 polygons
2026-08-20 09:23:30 +0000: Memory Usage (135892K) : metal4_nofill has 0 polygons
2026-08-20 09:23:30 +0000: Memory Usage (135892K) : metal4_text has 4 polygons
2026-08-20 09:23:30 +0000: Memory Usage (135892K) : metal4_OPC has 0 polygons
2026-08-20 09:23:30 +0000: Memory Usage (135892K) : metal4_noqrc has 0 polygons
2026-08-20 09:23:30 +0000: Memory Usage (136020K) : metal4_res has 0 polygons
2026-08-20 09:23:30 +0000: Memory Usage (136020K) : metal4_iprobe has 0 polygons
2026-08-20 09:23:30 +0000: Memory Usage (136020K) : metal4_diffprb has 0 polygons
2026-08-20 09:23:30 +0000: Memory Usage (136020K) : heattrans_drw has 0 polygons
2026-08-20 09:23:30 +0000: Memory Usage (136020K) : heatres_drw has 4 polygons
2026-08-20 09:23:30 +0000: Memory Usage (136020K) : fbe_drw has 0 polygons
2026-08-20 09:23:30 +0000: Memory Usage (136020K) : empoly_drw has 0 polygons
2026-08-20 09:23:30 +0000: Memory Usage (136148K) : digisub_drw has 0 polygons
2026-08-20 09:23:30 +0000: Memory Usage (136148K) : text_drw has 126 polygons
2026-08-20 09:23:30 +0000: Memory Usage (136148K) : via4_drw has 1008 polygons
2026-08-20 09:23:30 +0000: Memory Usage (136148K) : metal5_drw has 35 polygons
2026-08-20 09:23:30 +0000: Memory Usage (136148K) : metal5_filler has 0 polygons
2026-08-20 09:23:30 +0000: Memory Usage (136148K) : metal5_slit has 0 polygons
2026-08-20 09:23:30 +0000: Memory Usage (136276K) : metal5 has 35 polygons
2026-08-20 09:23:30 +0000: Memory Usage (136276K) : metal5_pin has 0 polygons
2026-08-20 09:23:30 +0000: Memory Usage (136276K) : metal5_mask has 0 polygons
2026-08-20 09:23:30 +0000: Memory Usage (136276K) : metal5_nofill has 0 polygons
2026-08-20 09:23:30 +0000: Memory Usage (136276K) : metal5_text has 0 polygons
2026-08-20 09:23:30 +0000: Memory Usage (136276K) : metal5_OPC has 0 polygons
2026-08-20 09:23:30 +0000: Memory Usage (136404K) : metal5_noqrc has 0 polygons
2026-08-20 09:23:30 +0000: Memory Usage (136404K) : metal5_res has 0 polygons
2026-08-20 09:23:30 +0000: Memory Usage (136404K) : metal5_iprobe has 0 polygons
2026-08-20 09:23:30 +0000: Memory Usage (136404K) : metal5_diffprb has 0 polygons
2026-08-20 09:23:30 +0000: Memory Usage (136404K) : radhard_drw has 0 polygons
2026-08-20 09:23:30 +0000: Memory Usage (136532K) : memcap_drw has 0 polygons
2026-08-20 09:23:30 +0000: Memory Usage (136532K) : varicap_drw has 0 polygons
2026-08-20 09:23:30 +0000: Memory Usage (136532K) : intbondvia_drw has 0 polygons
2026-08-20 09:23:30 +0000: Memory Usage (136532K) : intbondmet_drw has 0 polygons
2026-08-20 09:23:30 +0000: Memory Usage (136660K) : devbondvia_drw has 0 polygons
2026-08-20 09:23:30 +0000: Memory Usage (136660K) : devbondmet_drw has 0 polygons
2026-08-20 09:23:30 +0000: Memory Usage (136660K) : devtrench_drw has 0 polygons
2026-08-20 09:23:30 +0000: Memory Usage (136660K) : redist_drw has 0 polygons
2026-08-20 09:23:30 +0000: Memory Usage (136660K) : graphbot_drw has 0 polygons
2026-08-20 09:23:30 +0000: Memory Usage (136788K) : graphtop_drw has 0 polygons
2026-08-20 09:23:30 +0000: Memory Usage (136788K) : antvia1_drw has 0 polygons
2026-08-20 09:23:30 +0000: Memory Usage (136788K) : antmetal2_drw has 0 polygons
2026-08-20 09:23:30 +0000: Memory Usage (136788K) : graphcont_drw has 0 polygons
2026-08-20 09:23:30 +0000: Memory Usage (136788K) : siwg_drw has 0 polygons
2026-08-20 09:23:30 +0000: Memory Usage (136916K) : siwg_filler has 0 polygons
2026-08-20 09:23:30 +0000: Memory Usage (136916K) : siwg_nofill has 0 polygons
2026-08-20 09:23:30 +0000: Memory Usage (136916K) : sigrating_drw has 0 polygons
2026-08-20 09:23:30 +0000: Memory Usage (136916K) : singrating_drw has 0 polygons
2026-08-20 09:23:30 +0000: Memory Usage (136916K) : graphpas_drw has 0 polygons
2026-08-20 09:23:30 +0000: Memory Usage (136916K) : emwind3_drw has 0 polygons
2026-08-20 09:23:30 +0000: Memory Usage (137044K) : emwihv3_drw has 0 polygons
2026-08-20 09:23:30 +0000: Memory Usage (137044K) : redbulay_drw has 0 polygons
2026-08-20 09:23:30 +0000: Memory Usage (137044K) : smos_drw has 0 polygons
2026-08-20 09:23:30 +0000: Memory Usage (137044K) : graphpad_drw has 0 polygons
2026-08-20 09:23:30 +0000: Memory Usage (137044K) : polimide_drw has 0 polygons
2026-08-20 09:23:30 +0000: Memory Usage (137172K) : polimide_pin has 0 polygons
2026-08-20 09:23:30 +0000: Memory Usage (137172K) : recog_drw has 1 polygons
2026-08-20 09:23:30 +0000: Memory Usage (137172K) : recog_pin has 0 polygons
2026-08-20 09:23:30 +0000: Memory Usage (137172K) : recog_esd has 5 polygons
2026-08-20 09:23:30 +0000: Memory Usage (137300K) : recog_diode has 0 polygons
2026-08-20 09:23:30 +0000: Memory Usage (137300K) : recog_tsv has 0 polygons
2026-08-20 09:23:30 +0000: Memory Usage (137300K) : recog_iprobe has 0 polygons
2026-08-20 09:23:30 +0000: Memory Usage (137300K) : recog_diffprb has 0 polygons
2026-08-20 09:23:30 +0000: Memory Usage (137428K) : recog_pillar has 0 polygons
2026-08-20 09:23:30 +0000: Memory Usage (137428K) : recog_sbump has 0 polygons
2026-08-20 09:23:30 +0000: Memory Usage (137428K) : recog_otp has 0 polygons
2026-08-20 09:23:30 +0000: Memory Usage (137428K) : recog_pdiode has 0 polygons
2026-08-20 09:23:30 +0000: Memory Usage (137556K) : recog_mom has 0 polygons
2026-08-20 09:23:30 +0000: Memory Usage (137556K) : recog_momf has 0 polygons
2026-08-20 09:23:30 +0000: Memory Usage (137556K) : recog_pcm has 0 polygons
2026-08-20 09:23:30 +0000: Memory Usage (137556K) : colopen_drw has 0 polygons
2026-08-20 09:23:30 +0000: Memory Usage (137684K) : graphmetal1_drw has 0 polygons
2026-08-20 09:23:30 +0000: Memory Usage (137684K) : graphmetal1_filler has 0 polygons
2026-08-20 09:23:30 +0000: Memory Usage (137684K) : graphmetal1_nofill has 0 polygons
2026-08-20 09:23:30 +0000: Memory Usage (137684K) : graphmetal1_slit has 0 polygons
2026-08-20 09:23:30 +0000: Memory Usage (137812K) : graphmetal1_OPC has 0 polygons
2026-08-20 09:23:30 +0000: Memory Usage (137812K) : graphmet1l_drw has 0 polygons
2026-08-20 09:23:30 +0000: Memory Usage (137812K) : graphmet1l_filler has 0 polygons
2026-08-20 09:23:30 +0000: Memory Usage (137812K) : graphmet1l_nofill has 0 polygons
2026-08-20 09:23:30 +0000: Memory Usage (137940K) : graphmet1l_slit has 0 polygons
2026-08-20 09:23:30 +0000: Memory Usage (137940K) : graphmet1l_OPC has 0 polygons
2026-08-20 09:23:30 +0000: Memory Usage (137940K) : extblock_drw has 12 polygons
2026-08-20 09:23:30 +0000: Memory Usage (137940K) : nldd_drw has 0 polygons
2026-08-20 09:23:30 +0000: Memory Usage (137940K) : pldd_drw has 0 polygons
2026-08-20 09:23:30 +0000: Memory Usage (138068K) : next_drw has 0 polygons
2026-08-20 09:23:30 +0000: Memory Usage (138068K) : pext_drw has 0 polygons
2026-08-20 09:23:30 +0000: Memory Usage (138068K) : nexthv_drw has 0 polygons
2026-08-20 09:23:30 +0000: Memory Usage (138068K) : pexthv_drw has 0 polygons
2026-08-20 09:23:30 +0000: Memory Usage (138068K) : graphgate_drw has 0 polygons
2026-08-20 09:23:30 +0000: Memory Usage (138196K) : sinwg_drw has 0 polygons
2026-08-20 09:23:30 +0000: Memory Usage (138196K) : sinwg_filler has 0 polygons
2026-08-20 09:23:30 +0000: Memory Usage (138196K) : sinwg_nofill has 0 polygons
2026-08-20 09:23:30 +0000: Memory Usage (138196K) : mempad_drw has 0 polygons
2026-08-20 09:23:30 +0000: Memory Usage (138196K) : topvia1_drw has 477 polygons
2026-08-20 09:23:30 +0000: Memory Usage (138324K) : topmetal1_drw has 12 polygons
2026-08-20 09:23:30 +0000: Memory Usage (138324K) : topmetal1_filler has 0 polygons
2026-08-20 09:23:30 +0000: Memory Usage (138324K) : topmetal1_slit has 0 polygons
2026-08-20 09:23:30 +0000: Memory Usage (138324K) : topmetal1 has 12 polygons
2026-08-20 09:23:30 +0000: Memory Usage (138324K) : topmetal1_pin has 0 polygons
2026-08-20 09:23:30 +0000: Memory Usage (138324K) : topmetal1_mask has 0 polygons
2026-08-20 09:23:30 +0000: Memory Usage (138452K) : topmetal1_nofill has 0 polygons
2026-08-20 09:23:30 +0000: Memory Usage (138452K) : topmetal1_text has 0 polygons
2026-08-20 09:23:30 +0000: Memory Usage (138452K) : topmetal1_noqrc has 0 polygons
2026-08-20 09:23:30 +0000: Memory Usage (138452K) : topmetal1_res has 0 polygons
2026-08-20 09:23:30 +0000: Memory Usage (138452K) : topmetal1_iprobe has 0 polygons
2026-08-20 09:23:30 +0000: Memory Usage (138580K) : topmetal1_diffprb has 0 polygons
2026-08-20 09:23:30 +0000: Memory Usage (138580K) : inldpwl_drw has 0 polygons
2026-08-20 09:23:30 +0000: Memory Usage (138580K) : polyres_drw has 4 polygons
2026-08-20 09:23:30 +0000: Memory Usage (138580K) : polyres_pin has 0 polygons
2026-08-20 09:23:30 +0000: Memory Usage (138708K) : vmim_drw has 225 polygons
2026-08-20 09:23:30 +0000: Memory Usage (138708K) : nbulaycut_drw has 0 polygons
2026-08-20 09:23:30 +0000: Memory Usage (138708K) : antmetal1_drw has 0 polygons
2026-08-20 09:23:30 +0000: Memory Usage (138836K) : topvia2_drw has 198 polygons
2026-08-20 09:23:30 +0000: Memory Usage (138836K) : topmetal2_drw has 8 polygons
2026-08-20 09:23:30 +0000: Memory Usage (138836K) : topmetal2_filler has 0 polygons
2026-08-20 09:23:30 +0000: Memory Usage (138964K) : topmetal2_slit has 0 polygons
2026-08-20 09:23:30 +0000: Memory Usage (138964K) : topmetal2 has 8 polygons
2026-08-20 09:23:30 +0000: Memory Usage (138964K) : topmetal2_pin has 0 polygons
2026-08-20 09:23:30 +0000: Memory Usage (138964K) : topmetal2_mask has 0 polygons
2026-08-20 09:23:30 +0000: Memory Usage (139092K) : topmetal2_nofill has 0 polygons
2026-08-20 09:23:30 +0000: Memory Usage (139092K) : topmetal2_text has 4 polygons
2026-08-20 09:23:30 +0000: Memory Usage (139092K) : topmetal2_noqrc has 0 polygons
2026-08-20 09:23:30 +0000: Memory Usage (139092K) : topmetal2_res has 0 polygons
2026-08-20 09:23:30 +0000: Memory Usage (139220K) : topmetal2_iprobe has 0 polygons
2026-08-20 09:23:30 +0000: Memory Usage (139220K) : topmetal2_diffprb has 0 polygons
2026-08-20 09:23:30 +0000: Memory Usage (139220K) : snsring_drw has 0 polygons
2026-08-20 09:23:30 +0000: Memory Usage (139220K) : sensor_drw has 0 polygons
2026-08-20 09:23:30 +0000: Memory Usage (139348K) : snsarms_drw has 0 polygons
2026-08-20 09:23:30 +0000: Memory Usage (139348K) : snscmosvia_drw has 0 polygons
2026-08-20 09:23:30 +0000: Memory Usage (139348K) : colwind_drw has 0 polygons
2026-08-20 09:23:30 +0000: Memory Usage (139476K) : flm_drw has 0 polygons
2026-08-20 09:23:30 +0000: Memory Usage (139476K) : hafniumox_drw has 0 polygons
2026-08-20 09:23:30 +0000: Memory Usage (139604K) : memvia_drw has 0 polygons
2026-08-20 09:23:30 +0000: Memory Usage (139604K) : thinfilmres_drw has 0 polygons
2026-08-20 09:23:30 +0000: Memory Usage (139604K) : rfmem_drw has 0 polygons
2026-08-20 09:23:30 +0000: Memory Usage (139604K) : norcx_drw has 0 polygons
2026-08-20 09:23:30 +0000: Memory Usage (139604K) : norcx_m2m3 has 0 polygons
2026-08-20 09:23:30 +0000: Memory Usage (139604K) : norcx_m2m4 has 0 polygons
2026-08-20 09:23:30 +0000: Memory Usage (139604K) : norcx_m2m5 has 0 polygons
2026-08-20 09:23:30 +0000: Memory Usage (139604K) : norcx_m2tm1 has 0 polygons
2026-08-20 09:23:30 +0000: Memory Usage (139604K) : norcx_m2tm2 has 0 polygons
2026-08-20 09:23:30 +0000: Memory Usage (139604K) : norcx_m3m4 has 0 polygons
2026-08-20 09:23:30 +0000: Memory Usage (139604K) : norcx_m3m5 has 0 polygons
2026-08-20 09:23:30 +0000: Memory Usage (139604K) : norcx_m3tm1 has 0 polygons
2026-08-20 09:23:30 +0000: Memory Usage (139604K) : norcx_m3tm2 has 0 polygons
2026-08-20 09:23:30 +0000: Memory Usage (139604K) : norcx_m4m5 has 0 polygons
2026-08-20 09:23:30 +0000: Memory Usage (139604K) : norcx_m4tm1 has 0 polygons
2026-08-20 09:23:30 +0000: Memory Usage (139604K) : norcx_m4tm2 has 0 polygons
2026-08-20 09:23:30 +0000: Memory Usage (139604K) : norcx_m5tm1 has 0 polygons
2026-08-20 09:23:30 +0000: Memory Usage (139604K) : norcx_m5tm2 has 0 polygons
2026-08-20 09:23:30 +0000: Memory Usage (139604K) : norcx_tm1tm2 has 0 polygons
2026-08-20 09:23:30 +0000: Memory Usage (139604K) : norcx_m1sub has 0 polygons
2026-08-20 09:23:30 +0000: Memory Usage (139604K) : norcx_m2sub has 0 polygons
2026-08-20 09:23:30 +0000: Memory Usage (139604K) : norcx_m3sub has 0 polygons
2026-08-20 09:23:30 +0000: Memory Usage (139604K) : norcx_m4sub has 0 polygons
2026-08-20 09:23:30 +0000: Memory Usage (139604K) : norcx_m5sub has 0 polygons
2026-08-20 09:23:30 +0000: Memory Usage (139604K) : norcx_tm1sub has 0 polygons
2026-08-20 09:23:30 +0000: Memory Usage (139604K) : norcx_tm2sub has 0 polygons
2026-08-20 09:23:30 +0000: Memory Usage (139604K) : snsbotvia_drw has 0 polygons
2026-08-20 09:23:30 +0000: Memory Usage (139604K) : snstopvia_drw has 0 polygons
2026-08-20 09:23:30 +0000: Memory Usage (139604K) : deepvia_drw has 0 polygons
2026-08-20 09:23:30 +0000: Memory Usage (139604K) : fgetch_drw has 0 polygons
2026-08-20 09:23:30 +0000: Memory Usage (139604K) : ctrgat_drw has 0 polygons
2026-08-20 09:23:30 +0000: Memory Usage (139604K) : fgimp_drw has 0 polygons
2026-08-20 09:23:30 +0000: Memory Usage (139604K) : emwihv_drw has 0 polygons
2026-08-20 09:23:30 +0000: Memory Usage (139604K) : lbe_drw has 0 polygons
2026-08-20 09:23:30 +0000: Memory Usage (139604K) : alcustop_drw has 0 polygons
2026-08-20 09:23:30 +0000: Memory Usage (139604K) : nometfiller_drw has 0 polygons
2026-08-20 09:23:30 +0000: Memory Usage (139604K) : prboundary_drw has 0 polygons
2026-08-20 09:23:30 +0000: Memory Usage (139604K) : exchange0_drw has 0 polygons
2026-08-20 09:23:30 +0000: Memory Usage (139604K) : exchange0_pin has 0 polygons
2026-08-20 09:23:30 +0000: Memory Usage (139604K) : exchange0_text has 0 polygons
2026-08-20 09:23:30 +0000: Memory Usage (139604K) : exchange1_drw has 0 polygons
2026-08-20 09:23:30 +0000: Memory Usage (139604K) : exchange1_pin has 0 polygons
2026-08-20 09:23:30 +0000: Memory Usage (139604K) : exchange1_text has 0 polygons
2026-08-20 09:23:30 +0000: Memory Usage (139604K) : exchange2_drw has 0 polygons
2026-08-20 09:23:30 +0000: Memory Usage (139604K) : exchange2_pin has 0 polygons
2026-08-20 09:23:30 +0000: Memory Usage (139604K) : exchange2_text has 0 polygons
2026-08-20 09:23:30 +0000: Memory Usage (139604K) : exchange3_drw has 0 polygons
2026-08-20 09:23:30 +0000: Memory Usage (139604K) : exchange3_pin has 0 polygons
2026-08-20 09:23:30 +0000: Memory Usage (139604K) : exchange3_text has 0 polygons
2026-08-20 09:23:30 +0000: Memory Usage (139604K) : exchange4_drw has 0 polygons
2026-08-20 09:23:30 +0000: Memory Usage (139604K) : exchange4_pin has 0 polygons
2026-08-20 09:23:30 +0000: Memory Usage (139604K) : exchange4_text has 0 polygons
2026-08-20 09:23:30 +0000: Memory Usage (139604K) : isonwell_drw has 0 polygons
2026-08-20 09:23:30 +0000: Memory Usage (139604K) : Total no. of polygons in the design is 12932
2026-08-20 09:23:30 +0000: Memory Usage (139604K) : Starting base layers derivations
2026-08-20 09:23:30 +0000: Memory Usage (139604K) : Starting general LVS derivations
2026-08-20 09:23:30 +0000: Memory Usage (143520K) : Starting MOSFET DERIVATIONS
2026-08-20 09:23:30 +0000: Memory Usage (144288K) : Starting NMOS DERIVATIONS
2026-08-20 09:23:30 +0000: Memory Usage (144288K) : Starting PMOS DERIVATIONS
2026-08-20 09:23:30 +0000: Memory Usage (144288K) : Starting RF-MOSFET DERIVATIONS
2026-08-20 09:23:30 +0000: Memory Usage (144288K) : Starting RF-NMOS DERIVATIONS
2026-08-20 09:23:30 +0000: Memory Usage (144288K) : Starting RF-PMOS DERIVATIONS
2026-08-20 09:23:30 +0000: Memory Usage (144288K) : Starting BJT DERIVATIONS
2026-08-20 09:23:30 +0000: Memory Usage (144288K) : Starting NPN-BJT DERIVATIONS
2026-08-20 09:23:30 +0000: Memory Usage (144288K) : Starting PNP-BJT DERIVATIONS
2026-08-20 09:23:30 +0000: Memory Usage (144288K) : Starting DIODE DERIVATIONS
2026-08-20 09:23:30 +0000: Memory Usage (144288K) : Starting RESISTOR DERIVATIONS
2026-08-20 09:23:30 +0000: Memory Usage (144544K) : Starting CAP DERIVATIONS
2026-08-20 09:23:30 +0000: Memory Usage (144544K) : Starting CAP_CMOM DERIVATIONS
2026-08-20 09:23:30 +0000: Memory Usage (144544K) : Starting CAP_CMOMF DERIVATIONS
2026-08-20 09:23:30 +0000: Memory Usage (144544K) : Starting ESD DERIVATIONS
2026-08-20 09:23:31 +0000: Memory Usage (144928K) : Starting Inductor DERIVATIONS
2026-08-20 09:23:31 +0000: Memory Usage (144928K) : Starting Taps DERIVATIONS
2026-08-20 09:23:31 +0000: Memory Usage (144928K) : Starting SG13G2 LVS connectivity setup
2026-08-20 09:23:31 +0000: Memory Usage (144928K) : Starting SG13G2 LVS connectivity setup (Inter-layer)
2026-08-20 09:23:31 +0000: Memory Usage (145056K) : Starting SG13G2 LVS connectivity setup (Global)
2026-08-20 09:23:31 +0000: Memory Usage (145056K) : Starting LVS MOSFET CONNECTIONS
2026-08-20 09:23:31 +0000: Memory Usage (145056K) : Starting LVS RF-MOSFET CONNECTIONS
2026-08-20 09:23:31 +0000: Memory Usage (145056K) : Starting LVS BJT CONNECTIONS
2026-08-20 09:23:31 +0000: Memory Usage (145056K) : Starting LVS DIODE CONNECTIONS
2026-08-20 09:23:31 +0000: Memory Usage (145056K) : Starting RESISTOR CONNECTIONS
2026-08-20 09:23:31 +0000: Memory Usage (145056K) : Starting LVS CAP CONNECTIONS
2026-08-20 09:23:31 +0000: Memory Usage (145056K) : Starting CAP_CMOM CONNECTIONS
2026-08-20 09:23:31 +0000: Memory Usage (145056K) : Starting CAP_CMOMF CONNECTIONS
2026-08-20 09:23:31 +0000: Memory Usage (145056K) : Starting ESD CONNECTIONS
2026-08-20 09:23:31 +0000: Memory Usage (145056K) : Starting Inductor CONNECTIONS
2026-08-20 09:23:31 +0000: Memory Usage (145056K) : Starting LVS Taps CONNECTIONS
2026-08-20 09:23:31 +0000: Memory Usage (145056K) : Starting SG13G2 LVS DEVICES EXTRACTION
2026-08-20 09:23:31 +0000: Memory Usage (145056K) : Starting MOSFET EXTRACTION
2026-08-20 09:23:31 +0000: Memory Usage (145056K) : Starting NMOS EXTRACTION
2026-08-20 09:23:31 +0000: Memory Usage (145056K) : Extraction of NMOS-LV transistor
2026-08-20 09:23:31 +0000: Memory Usage (145184K) : Extraction of NMOS-HV transistor
2026-08-20 09:23:31 +0000: Memory Usage (145184K) : Starting PMOS EXTRACTION
2026-08-20 09:23:31 +0000: Memory Usage (145184K) : Extraction of PMOS-LV transistor
2026-08-20 09:23:31 +0000: Memory Usage (145184K) : Extraction of PMOS-HV transistor
2026-08-20 09:23:31 +0000: Memory Usage (145184K) : Starting RF-MOSFET EXTRACTION
2026-08-20 09:23:31 +0000: Memory Usage (145184K) : Extraction of RF-NMOS-LV transistor
2026-08-20 09:23:31 +0000: Memory Usage (145184K) : Extraction of RF-NMOS-HV transistor
2026-08-20 09:23:31 +0000: Memory Usage (145184K) : Extraction of RF-PMOS-LV transistor
2026-08-20 09:23:31 +0000: Memory Usage (145184K) : Extraction of RF-PMOS-HV transistor
2026-08-20 09:23:31 +0000: Memory Usage (145184K) : Starting BJT EXTRACTION
2026-08-20 09:23:31 +0000: Memory Usage (145184K) : Starting NPN-BJT EXTRACTION
2026-08-20 09:23:31 +0000: Memory Usage (145184K) : Extraction of npn13G2 BJT transistor
2026-08-20 09:23:31 +0000: Memory Usage (145184K) : Extraction of npn13G2L BJT transistor
2026-08-20 09:23:31 +0000: Memory Usage (145184K) : Extraction of npn13G2V BJT transistor
2026-08-20 09:23:31 +0000: Memory Usage (145184K) : Starting PNP-BJT EXTRACTION
2026-08-20 09:23:31 +0000: Memory Usage (145184K) : Extracting pnpMPA BJT
2026-08-20 09:23:31 +0000: Memory Usage (145184K) : Starting DIODE EXTRACTION
2026-08-20 09:23:31 +0000: Memory Usage (145184K) : Extracting dantenna diode
2026-08-20 09:23:31 +0000: Memory Usage (145184K) : Extracting dpantenna diode
2026-08-20 09:23:31 +0000: Memory Usage (145184K) : Extracting schottky_nbl1 diode
2026-08-20 09:23:31 +0000: Memory Usage (145184K) : Extracting isolbox diode
2026-08-20 09:23:31 +0000: Memory Usage (145184K) : Starting RESISTOR EXTRACTION
2026-08-20 09:23:31 +0000: Memory Usage (145184K) : Extracting rsil resistor
2026-08-20 09:23:31 +0000: Memory Usage (145184K) : Extracting rppd resistor
2026-08-20 09:23:31 +0000: Memory Usage (145184K) : Extracting rhigh resistor
2026-08-20 09:23:31 +0000: Memory Usage (145184K) : Extracting res_metal1 resistor
2026-08-20 09:23:31 +0000: Memory Usage (145312K) : Extracting res_metal2 resistor
2026-08-20 09:23:31 +0000: Memory Usage (145312K) : Extracting res_metal3 resistor
2026-08-20 09:23:31 +0000: Memory Usage (145312K) : Extracting res_metal4 resistor
2026-08-20 09:23:31 +0000: Memory Usage (145312K) : Extracting res_metal5 resistor
2026-08-20 09:23:31 +0000: Memory Usage (145312K) : Extracting res_topmetal1 resistor
2026-08-20 09:23:31 +0000: Memory Usage (145312K) : Extracting res_topmetal2 resistor
2026-08-20 09:23:31 +0000: Memory Usage (145312K) : Starting CAP EXTRACTION
2026-08-20 09:23:31 +0000: Memory Usage (145312K) : Extracting cap_cmim device
2026-08-20 09:23:31 +0000: Memory Usage (145312K) : Extracting rfcmim device
2026-08-20 09:23:31 +0000: Memory Usage (145312K) : Extracting sg13_hv_svaricap varactor
2026-08-20 09:23:31 +0000: Memory Usage (145312K) : Extracting cap_cmomi device
2026-08-20 09:23:31 +0000: Memory Usage (145312K) : Extracting cap_cmomf device
2026-08-20 09:23:31 +0000: Memory Usage (145312K) : Extracting sg13_moscap_n capacitor
2026-08-20 09:23:31 +0000: Memory Usage (145312K) : Extracting sg13_moscap_p capacitor
2026-08-20 09:23:31 +0000: Memory Usage (145312K) : Starting ESD EXTRACTION
2026-08-20 09:23:31 +0000: Memory Usage (145312K) : Extracting diodevdd_2kv ESD device
2026-08-20 09:23:31 +0000: Memory Usage (145312K) : Extracting diodevdd_4kv ESD device
2026-08-20 09:23:31 +0000: Memory Usage (145312K) : Extracting diodevss_2kv ESD device
2026-08-20 09:23:31 +0000: Memory Usage (145312K) : Extracting diodevss_4kv ESD device
2026-08-20 09:23:31 +0000: Memory Usage (145312K) : Extracting idiodevdd_2kv ESD device
2026-08-20 09:23:31 +0000: Memory Usage (145312K) : Extracting idiodevdd_4kv ESD device
2026-08-20 09:23:31 +0000: Memory Usage (145312K) : Extracting idiodevss_2kv ESD device
2026-08-20 09:23:31 +0000: Memory Usage (145312K) : Extracting idiodevss_4kv ESD device
2026-08-20 09:23:31 +0000: Memory Usage (145312K) : Extracting nmoscl_2 ESD device
2026-08-20 09:23:31 +0000: Memory Usage (145312K) : Extracting nmoscl_4 ESD device
2026-08-20 09:23:31 +0000: Memory Usage (145312K) : Starting Inductor EXTRACTION
2026-08-20 09:23:31 +0000: Memory Usage (145312K) : Extracting Inductor2 device
2026-08-20 09:23:31 +0000: Memory Usage (145312K) : Extracting Inductor3 device
2026-08-20 09:23:31 +0000: Memory Usage (145312K) : Starting Taps EXTRACTION
2026-08-20 09:23:31 +0000: Memory Usage (145312K) : DISABLE_TAP_EXTRACTION is enabled: skipping ntap1/ptap1 device extraction.
2026-08-20 09:23:31 +0000: Memory Usage (145312K) : Starting SG13G2 LVS RF MOS Model Mapping
2026-08-20 09:23:31 +0000: Memory Usage (145312K) : [layout_netlist] Apply RF MOS model mapping and rfmode parameter.
2026-08-20 09:23:31 +0000: Memory Usage (145312K) : Starting SG13G2 LVS Options Preparations
2026-08-20 09:23:31 +0000: Memory Usage (145312K) : SG13G2 LVS flow: extraction -> alignment -> option preparation -> comparison.
2026-08-20 09:23:31 +0000: Memory Usage (145312K) : Starting SG13G2 LVS Alignment
2026-08-20 09:23:31 +0000: Memory Usage (145440K) : Starting SG13G2 LVS Simplification
2026-08-20 09:23:31 +0000: Memory Usage (145440K) : [layout_netlist] simplify: ENABLED
2026-08-20 09:23:31 +0000: Memory Usage (145440K) : [layout_netlist] make_top_level_pins: SKIPPED
2026-08-20 09:23:31 +0000: Memory Usage (145440K) : [layout_netlist] combine_devices: SKIPPED
2026-08-20 09:23:31 +0000: Memory Usage (145440K) : [layout_netlist] purge: SKIPPED
2026-08-20 09:23:31 +0000: Memory Usage (145440K) : [layout_netlist] purge_nets: SKIPPED
2026-08-20 09:23:31 +0000: Memory Usage (145440K) : [schematic_netlist] simplify: ENABLED
2026-08-20 09:23:31 +0000: Memory Usage (145440K) : [schematic_netlist] make_top_level_pins: SKIPPED
2026-08-20 09:23:31 +0000: Memory Usage (145440K) : [schematic_netlist] combine_devices: SKIPPED
2026-08-20 09:23:31 +0000: Memory Usage (145440K) : [schematic_netlist] purge: SKIPPED
2026-08-20 09:23:31 +0000: Memory Usage (145440K) : [schematic_netlist] purge_nets: SKIPPED
2026-08-20 09:23:31 +0000: Memory Usage (145440K) : Starting SG13G2 LVS Comparison
2026-08-20 09:23:31 +0000: Memory Usage (145568K) : xxxxxxxxxxxxxxxxxxxxxxxxxxxxxxxxxxxxxxxxxx
2026-08-20 09:23:31 +0000: Memory Usage (145568K) : ERROR : Netlists don't match
2026-08-20 09:23:31 +0000: Memory Usage (145568K) : xxxxxxxxxxxxxxxxxxxxxxxxxxxxxxxxxxxxxxxxxx
2026-08-20 09:23:31 +0000: Memory Usage (145568K) : LVS Total Run time 1.392385 seconds
2026-08-20 09:28:35 +0000: Memory Usage (128756K) : Starting running SG13G2 Klayout LVS runset on /workspace/layout/blocks/out/term_stage/_bisect/plus_clamp.gds
2026-08-20 09:28:35 +0000: Memory Usage (128756K) : Ruby Version for klayout: 3.2.3
2026-08-20 09:28:35 +0000: Memory Usage (129840K) : Loading database to memory is complete.
2026-08-20 09:28:35 +0000: Memory Usage (129840K) : SG13G2 Klayout LVS runset output at: /workspace/layout/blocks/out/term_stage/_bisect/plus_clamp/plus_clamp.lvsdb
2026-08-20 09:28:35 +0000: Memory Usage (129840K) : Evaluate switches.
2026-08-20 09:28:35 +0000: Memory Usage (129840K) : Extracted netlist with net names: true
2026-08-20 09:28:35 +0000: Memory Usage (129840K) : Extracted netlist with comments in details: false
2026-08-20 09:28:35 +0000: Memory Usage (129840K) : Selected NET_ONLY option: false
2026-08-20 09:28:35 +0000: Memory Usage (129840K) : Selected LAYOUT_NETLIST option: (none)
2026-08-20 09:28:35 +0000: Memory Usage (129840K) : Selected IGNORE_TOP_PORTS_MISMATCH option: true
2026-08-20 09:28:35 +0000: Memory Usage (129840K) : Selected IMPLICIT_NETS option: sub,sub!
2026-08-20 09:28:35 +0000: Memory Usage (129840K) : Selected TOP_LVL_PINS option: false
2026-08-20 09:28:35 +0000: Memory Usage (129840K) : Selected COMBINE DEVICES option: false
2026-08-20 09:28:35 +0000: Memory Usage (129840K) : Selected PURGE option: false
2026-08-20 09:28:35 +0000: Memory Usage (129840K) : Selected PURGE_NETS option: false
2026-08-20 09:28:35 +0000: Memory Usage (129840K) : Selected SIMPLIFY option: true
2026-08-20 09:28:35 +0000: Memory Usage (129840K) : Selected SERIES_RES option: true
2026-08-20 09:28:35 +0000: Memory Usage (129840K) : Selected PARALLEL_RES option: true
2026-08-20 09:28:35 +0000: Memory Usage (129840K) : Selected DISABLE_TAP_EXTRACTION option: true
2026-08-20 09:28:35 +0000: Memory Usage (129840K) : deep  mode is enabled.
2026-08-20 09:28:35 +0000: Memory Usage (129840K) : Applying implicit connections (case-sensitive, pattern supported) for nets: sub, sub!
2026-08-20 09:28:35 +0000: Memory Usage (131144K) : Netlist file: /workspace/layout/blocks/out/term_stage/_bisect/plus_clamp.cdl
2026-08-20 09:28:35 +0000: Memory Usage (131144K) : LVS extracted netlist at: /workspace/layout/blocks/out/term_stage/_bisect/plus_clamp/plus_clamp_extracted.cir
2026-08-20 09:28:35 +0000: Memory Usage (131144K) : Applying SRAM integration support.
2026-08-20 09:28:35 +0000: Memory Usage (131144K) : Starting SG13G2 LVS runset
2026-08-20 09:28:35 +0000: Memory Usage (131144K) : Read in polygons from layers.
2026-08-20 09:28:35 +0000: Memory Usage (132424K) : activ_drw has 130 polygons
2026-08-20 09:28:35 +0000: Memory Usage (132424K) : activ_filler has 0 polygons
2026-08-20 09:28:35 +0000: Memory Usage (132680K) : activ has 130 polygons
2026-08-20 09:28:35 +0000: Memory Usage (132680K) : activ_pin has 0 polygons
2026-08-20 09:28:35 +0000: Memory Usage (132680K) : activ_mask has 0 polygons
2026-08-20 09:28:35 +0000: Memory Usage (132680K) : activ_nofill has 0 polygons
2026-08-20 09:28:35 +0000: Memory Usage (132680K) : activ_OPC has 0 polygons
2026-08-20 09:28:35 +0000: Memory Usage (132680K) : activ_iOPC has 0 polygons
2026-08-20 09:28:35 +0000: Memory Usage (132744K) : activ_noqrc has 0 polygons
2026-08-20 09:28:35 +0000: Memory Usage (133256K) : biwind_drw has 0 polygons
2026-08-20 09:28:35 +0000: Memory Usage (133256K) : biwind_OPC has 0 polygons
2026-08-20 09:28:35 +0000: Memory Usage (133256K) : gatpoly_drw has 25 polygons
2026-08-20 09:28:35 +0000: Memory Usage (133256K) : gatpoly_filler has 0 polygons
2026-08-20 09:28:35 +0000: Memory Usage (133256K) : gatpoly has 25 polygons
2026-08-20 09:28:35 +0000: Memory Usage (133256K) : gatpoly_pin has 0 polygons
2026-08-20 09:28:35 +0000: Memory Usage (133256K) : gatpoly_nofill has 0 polygons
2026-08-20 09:28:35 +0000: Memory Usage (133256K) : gatpoly_OPC has 0 polygons
2026-08-20 09:28:35 +0000: Memory Usage (133256K) : gatpoly_iOPC has 0 polygons
2026-08-20 09:28:35 +0000: Memory Usage (133256K) : gatpoly_noqrc has 0 polygons
2026-08-20 09:28:35 +0000: Memory Usage (133256K) : cont_drw has 6147 polygons
2026-08-20 09:28:35 +0000: Memory Usage (133256K) : cont_OPC has 0 polygons
2026-08-20 09:28:35 +0000: Memory Usage (133256K) : nsd_drw has 0 polygons
2026-08-20 09:28:35 +0000: Memory Usage (133256K) : nsd_block has 0 polygons
2026-08-20 09:28:35 +0000: Memory Usage (133256K) : metal1_drw has 268 polygons
2026-08-20 09:28:35 +0000: Memory Usage (133256K) : metal1_filler has 0 polygons
2026-08-20 09:28:35 +0000: Memory Usage (133256K) : metal1_slit has 0 polygons
2026-08-20 09:28:35 +0000: Memory Usage (133384K) : metal1 has 268 polygons
2026-08-20 09:28:35 +0000: Memory Usage (133384K) : metal1_pin has 112 polygons
2026-08-20 09:28:35 +0000: Memory Usage (133512K) : metal1_mask has 0 polygons
2026-08-20 09:28:35 +0000: Memory Usage (133512K) : metal1_nofill has 0 polygons
2026-08-20 09:28:35 +0000: Memory Usage (133768K) : metal1_text has 4 polygons
2026-08-20 09:28:35 +0000: Memory Usage (133768K) : metal1_OPC has 0 polygons
2026-08-20 09:28:35 +0000: Memory Usage (133768K) : metal1_noqrc has 0 polygons
2026-08-20 09:28:35 +0000: Memory Usage (133896K) : metal1_res has 0 polygons
2026-08-20 09:28:35 +0000: Memory Usage (133896K) : metal1_iprobe has 0 polygons
2026-08-20 09:28:35 +0000: Memory Usage (133896K) : metal1_diffprb has 0 polygons
2026-08-20 09:28:35 +0000: Memory Usage (133896K) : passiv_drw has 2 polygons
2026-08-20 09:28:35 +0000: Memory Usage (134024K) : passiv_pin has 0 polygons
2026-08-20 09:28:35 +0000: Memory Usage (134024K) : passiv_sbump has 0 polygons
2026-08-20 09:28:35 +0000: Memory Usage (134024K) : passiv_pillar has 0 polygons
2026-08-20 09:28:35 +0000: Memory Usage (134152K) : passiv_pdl has 0 polygons
2026-08-20 09:28:35 +0000: Memory Usage (134152K) : metal2_drw has 48 polygons
2026-08-20 09:28:35 +0000: Memory Usage (134152K) : metal2_filler has 0 polygons
2026-08-20 09:28:35 +0000: Memory Usage (134152K) : metal2_slit has 0 polygons
2026-08-20 09:28:35 +0000: Memory Usage (134280K) : metal2 has 48 polygons
2026-08-20 09:28:35 +0000: Memory Usage (134280K) : metal2_pin has 8 polygons
2026-08-20 09:28:35 +0000: Memory Usage (134280K) : metal2_mask has 0 polygons
2026-08-20 09:28:35 +0000: Memory Usage (134408K) : metal2_nofill has 0 polygons
2026-08-20 09:28:35 +0000: Memory Usage (134408K) : metal2_text has 4 polygons
2026-08-20 09:28:35 +0000: Memory Usage (134408K) : metal2_OPC has 0 polygons
2026-08-20 09:28:35 +0000: Memory Usage (134408K) : metal2_noqrc has 0 polygons
2026-08-20 09:28:35 +0000: Memory Usage (134408K) : metal2_res has 0 polygons
2026-08-20 09:28:35 +0000: Memory Usage (134536K) : metal2_iprobe has 0 polygons
2026-08-20 09:28:35 +0000: Memory Usage (134536K) : metal2_diffprb has 0 polygons
2026-08-20 09:28:35 +0000: Memory Usage (134536K) : baspoly_drw has 0 polygons
2026-08-20 09:28:35 +0000: Memory Usage (134536K) : baspoly_pin has 0 polygons
2026-08-20 09:28:35 +0000: Memory Usage (134664K) : psd_drw has 119 polygons
2026-08-20 09:28:35 +0000: Memory Usage (134664K) : nldb_drw has 0 polygons
2026-08-20 09:28:35 +0000: Memory Usage (134664K) : digibnd_drw has 0 polygons
2026-08-20 09:28:35 +0000: Memory Usage (134664K) : via1_drw has 1907 polygons
2026-08-20 09:28:36 +0000: Memory Usage (134792K) : backmetal1_drw has 0 polygons
2026-08-20 09:28:36 +0000: Memory Usage (134792K) : backmetal1_pin has 0 polygons
2026-08-20 09:28:36 +0000: Memory Usage (134792K) : backmetal1_mask has 0 polygons
2026-08-20 09:28:36 +0000: Memory Usage (134920K) : backmetal1_filler has 0 polygons
2026-08-20 09:28:36 +0000: Memory Usage (134920K) : backmetal1_nofill has 0 polygons
2026-08-20 09:28:36 +0000: Memory Usage (134920K) : backmetal1_slit has 0 polygons
2026-08-20 09:28:36 +0000: Memory Usage (134920K) : backmetal1_text has 0 polygons
2026-08-20 09:28:36 +0000: Memory Usage (135048K) : backmetal1_OPC has 0 polygons
2026-08-20 09:28:36 +0000: Memory Usage (135048K) : backmetal1_noqrc has 0 polygons
2026-08-20 09:28:36 +0000: Memory Usage (135048K) : backmetal1_res has 0 polygons
2026-08-20 09:28:36 +0000: Memory Usage (135048K) : backmetal1_iprobe has 0 polygons
2026-08-20 09:28:36 +0000: Memory Usage (135176K) : backmetal1_diffprb has 0 polygons
2026-08-20 09:28:36 +0000: Memory Usage (135176K) : backpassiv_drw has 0 polygons
2026-08-20 09:28:36 +0000: Memory Usage (135176K) : res_drw has 2 polygons
2026-08-20 09:28:36 +0000: Memory Usage (135304K) : sram_drw has 0 polygons
2026-08-20 09:28:36 +0000: Memory Usage (135304K) : trans_drw has 0 polygons
2026-08-20 09:28:36 +0000: Memory Usage (135304K) : ind_drw has 0 polygons
2026-08-20 09:28:36 +0000: Memory Usage (135304K) : ind_pin has 0 polygons
2026-08-20 09:28:36 +0000: Memory Usage (135304K) : ind_text has 0 polygons
2026-08-20 09:28:36 +0000: Memory Usage (135432K) : salblock_drw has 14 polygons
2026-08-20 09:28:36 +0000: Memory Usage (135432K) : via2_drw has 825 polygons
2026-08-20 09:28:36 +0000: Memory Usage (135432K) : metal3_drw has 41 polygons
2026-08-20 09:28:36 +0000: Memory Usage (135432K) : metal3_filler has 0 polygons
2026-08-20 09:28:36 +0000: Memory Usage (135432K) : metal3_slit has 0 polygons
2026-08-20 09:28:36 +0000: Memory Usage (135560K) : metal3 has 41 polygons
2026-08-20 09:28:36 +0000: Memory Usage (135560K) : metal3_pin has 2 polygons
2026-08-20 09:28:36 +0000: Memory Usage (135560K) : metal3_mask has 0 polygons
2026-08-20 09:28:36 +0000: Memory Usage (135560K) : metal3_nofill has 0 polygons
2026-08-20 09:28:36 +0000: Memory Usage (135560K) : metal3_text has 0 polygons
2026-08-20 09:28:36 +0000: Memory Usage (135560K) : metal3_OPC has 0 polygons
2026-08-20 09:28:36 +0000: Memory Usage (135688K) : metal3_noqrc has 0 polygons
2026-08-20 09:28:36 +0000: Memory Usage (135688K) : metal3_res has 0 polygons
2026-08-20 09:28:36 +0000: Memory Usage (135688K) : metal3_iprobe has 0 polygons
2026-08-20 09:28:36 +0000: Memory Usage (135688K) : metal3_diffprb has 0 polygons
2026-08-20 09:28:36 +0000: Memory Usage (135688K) : nwell_drw has 14 polygons
2026-08-20 09:28:36 +0000: Memory Usage (135816K) : nwell_pin has 0 polygons
2026-08-20 09:28:36 +0000: Memory Usage (135816K) : nwell_text has 0 polygons
2026-08-20 09:28:36 +0000: Memory Usage (135816K) : nbulay_drw has 1 polygons
2026-08-20 09:28:36 +0000: Memory Usage (135816K) : nbulay_pin has 0 polygons
2026-08-20 09:28:36 +0000: Memory Usage (135816K) : nbulay_block has 0 polygons
2026-08-20 09:28:36 +0000: Memory Usage (135816K) : emwind_drw has 0 polygons
2026-08-20 09:28:36 +0000: Memory Usage (135816K) : emwind_OPC has 0 polygons
2026-08-20 09:28:36 +0000: Memory Usage (135944K) : deepco_drw has 0 polygons
2026-08-20 09:28:36 +0000: Memory Usage (135944K) : mim_drw has 1 polygons
2026-08-20 09:28:36 +0000: Memory Usage (135944K) : edgeseal_drw has 0 polygons
2026-08-20 09:28:36 +0000: Memory Usage (135944K) : substrate_drw has 100 polygons
2026-08-20 09:28:36 +0000: Memory Usage (135944K) : substrate_text has 0 polygons
2026-08-20 09:28:36 +0000: Memory Usage (135944K) : dfpad_drw has 2 polygons
2026-08-20 09:28:36 +0000: Memory Usage (136072K) : dfpad_pillar has 0 polygons
2026-08-20 09:28:36 +0000: Memory Usage (136072K) : dfpad_sbump has 0 polygons
2026-08-20 09:28:36 +0000: Memory Usage (136072K) : thickgateox_drw has 1 polygons
2026-08-20 09:28:36 +0000: Memory Usage (136072K) : pldb_drw has 0 polygons
2026-08-20 09:28:36 +0000: Memory Usage (136072K) : pwell_drw has 0 polygons
2026-08-20 09:28:36 +0000: Memory Usage (136200K) : pwell_pin has 0 polygons
2026-08-20 09:28:36 +0000: Memory Usage (136200K) : pwell_block has 0 polygons
2026-08-20 09:28:36 +0000: Memory Usage (136200K) : ic_drw has 0 polygons
2026-08-20 09:28:36 +0000: Memory Usage (136200K) : via3_drw has 1016 polygons
2026-08-20 09:28:36 +0000: Memory Usage (136328K) : metal4_drw has 20 polygons
2026-08-20 09:28:36 +0000: Memory Usage (136328K) : metal4_filler has 0 polygons
2026-08-20 09:28:36 +0000: Memory Usage (136328K) : metal4_slit has 0 polygons
2026-08-20 09:28:36 +0000: Memory Usage (136328K) : metal4 has 20 polygons
2026-08-20 09:28:36 +0000: Memory Usage (136328K) : metal4_pin has 0 polygons
2026-08-20 09:28:36 +0000: Memory Usage (136328K) : metal4_mask has 0 polygons
2026-08-20 09:28:36 +0000: Memory Usage (136456K) : metal4_nofill has 0 polygons
2026-08-20 09:28:36 +0000: Memory Usage (136456K) : metal4_text has 4 polygons
2026-08-20 09:28:36 +0000: Memory Usage (136456K) : metal4_OPC has 0 polygons
2026-08-20 09:28:36 +0000: Memory Usage (136456K) : metal4_noqrc has 0 polygons
2026-08-20 09:28:36 +0000: Memory Usage (136456K) : metal4_res has 0 polygons
2026-08-20 09:28:36 +0000: Memory Usage (136456K) : metal4_iprobe has 0 polygons
2026-08-20 09:28:36 +0000: Memory Usage (136584K) : metal4_diffprb has 0 polygons
2026-08-20 09:28:36 +0000: Memory Usage (136584K) : heattrans_drw has 0 polygons
2026-08-20 09:28:36 +0000: Memory Usage (136584K) : heatres_drw has 4 polygons
2026-08-20 09:28:36 +0000: Memory Usage (136584K) : fbe_drw has 0 polygons
2026-08-20 09:28:36 +0000: Memory Usage (136584K) : empoly_drw has 0 polygons
2026-08-20 09:28:36 +0000: Memory Usage (136584K) : digisub_drw has 0 polygons
2026-08-20 09:28:36 +0000: Memory Usage (136712K) : text_drw has 126 polygons
2026-08-20 09:28:36 +0000: Memory Usage (136712K) : via4_drw has 1008 polygons
2026-08-20 09:28:36 +0000: Memory Usage (136712K) : metal5_drw has 41 polygons
2026-08-20 09:28:36 +0000: Memory Usage (136712K) : metal5_filler has 0 polygons
2026-08-20 09:28:36 +0000: Memory Usage (136712K) : metal5_slit has 0 polygons
2026-08-20 09:28:36 +0000: Memory Usage (136840K) : metal5 has 41 polygons
2026-08-20 09:28:36 +0000: Memory Usage (136840K) : metal5_pin has 0 polygons
2026-08-20 09:28:36 +0000: Memory Usage (136840K) : metal5_mask has 0 polygons
2026-08-20 09:28:36 +0000: Memory Usage (136840K) : metal5_nofill has 0 polygons
2026-08-20 09:28:36 +0000: Memory Usage (136840K) : metal5_text has 0 polygons
2026-08-20 09:28:36 +0000: Memory Usage (136840K) : metal5_OPC has 0 polygons
2026-08-20 09:28:36 +0000: Memory Usage (136968K) : metal5_noqrc has 0 polygons
2026-08-20 09:28:36 +0000: Memory Usage (136968K) : metal5_res has 0 polygons
2026-08-20 09:28:36 +0000: Memory Usage (136968K) : metal5_iprobe has 0 polygons
2026-08-20 09:28:36 +0000: Memory Usage (136968K) : metal5_diffprb has 0 polygons
2026-08-20 09:28:36 +0000: Memory Usage (136968K) : radhard_drw has 0 polygons
2026-08-20 09:28:36 +0000: Memory Usage (136968K) : memcap_drw has 0 polygons
2026-08-20 09:28:36 +0000: Memory Usage (137096K) : varicap_drw has 0 polygons
2026-08-20 09:28:36 +0000: Memory Usage (137096K) : intbondvia_drw has 0 polygons
2026-08-20 09:28:36 +0000: Memory Usage (137096K) : intbondmet_drw has 0 polygons
2026-08-20 09:28:36 +0000: Memory Usage (137096K) : devbondvia_drw has 0 polygons
2026-08-20 09:28:36 +0000: Memory Usage (137096K) : devbondmet_drw has 0 polygons
2026-08-20 09:28:36 +0000: Memory Usage (137224K) : devtrench_drw has 0 polygons
2026-08-20 09:28:36 +0000: Memory Usage (137224K) : redist_drw has 0 polygons
2026-08-20 09:28:36 +0000: Memory Usage (137224K) : graphbot_drw has 0 polygons
2026-08-20 09:28:36 +0000: Memory Usage (137224K) : graphtop_drw has 0 polygons
2026-08-20 09:28:36 +0000: Memory Usage (137352K) : antvia1_drw has 0 polygons
2026-08-20 09:28:36 +0000: Memory Usage (137352K) : antmetal2_drw has 0 polygons
2026-08-20 09:28:36 +0000: Memory Usage (137352K) : graphcont_drw has 0 polygons
2026-08-20 09:28:36 +0000: Memory Usage (137352K) : siwg_drw has 0 polygons
2026-08-20 09:28:36 +0000: Memory Usage (137352K) : siwg_filler has 0 polygons
2026-08-20 09:28:36 +0000: Memory Usage (137352K) : siwg_nofill has 0 polygons
2026-08-20 09:28:36 +0000: Memory Usage (137352K) : sigrating_drw has 0 polygons
2026-08-20 09:28:36 +0000: Memory Usage (137480K) : singrating_drw has 0 polygons
2026-08-20 09:28:36 +0000: Memory Usage (137480K) : graphpas_drw has 0 polygons
2026-08-20 09:28:36 +0000: Memory Usage (137480K) : emwind3_drw has 0 polygons
2026-08-20 09:28:36 +0000: Memory Usage (137480K) : emwihv3_drw has 0 polygons
2026-08-20 09:28:36 +0000: Memory Usage (137480K) : redbulay_drw has 0 polygons
2026-08-20 09:28:36 +0000: Memory Usage (137480K) : smos_drw has 0 polygons
2026-08-20 09:28:36 +0000: Memory Usage (137608K) : graphpad_drw has 0 polygons
2026-08-20 09:28:36 +0000: Memory Usage (137608K) : polimide_drw has 0 polygons
2026-08-20 09:28:36 +0000: Memory Usage (137608K) : polimide_pin has 0 polygons
2026-08-20 09:28:36 +0000: Memory Usage (137608K) : recog_drw has 1 polygons
2026-08-20 09:28:36 +0000: Memory Usage (137608K) : recog_pin has 0 polygons
2026-08-20 09:28:36 +0000: Memory Usage (137736K) : recog_esd has 5 polygons
2026-08-20 09:28:36 +0000: Memory Usage (137736K) : recog_diode has 0 polygons
2026-08-20 09:28:36 +0000: Memory Usage (137736K) : recog_tsv has 0 polygons
2026-08-20 09:28:36 +0000: Memory Usage (137736K) : recog_iprobe has 0 polygons
2026-08-20 09:28:36 +0000: Memory Usage (137736K) : recog_diffprb has 0 polygons
2026-08-20 09:28:36 +0000: Memory Usage (137864K) : recog_pillar has 0 polygons
2026-08-20 09:28:36 +0000: Memory Usage (137864K) : recog_sbump has 0 polygons
2026-08-20 09:28:36 +0000: Memory Usage (137864K) : recog_otp has 0 polygons
2026-08-20 09:28:36 +0000: Memory Usage (137864K) : recog_pdiode has 0 polygons
2026-08-20 09:28:36 +0000: Memory Usage (137992K) : recog_mom has 0 polygons
2026-08-20 09:28:36 +0000: Memory Usage (137992K) : recog_momf has 0 polygons
2026-08-20 09:28:36 +0000: Memory Usage (137992K) : recog_pcm has 0 polygons
2026-08-20 09:28:36 +0000: Memory Usage (137992K) : colopen_drw has 0 polygons
2026-08-20 09:28:36 +0000: Memory Usage (138120K) : graphmetal1_drw has 0 polygons
2026-08-20 09:28:36 +0000: Memory Usage (138120K) : graphmetal1_filler has 0 polygons
2026-08-20 09:28:36 +0000: Memory Usage (138120K) : graphmetal1_nofill has 0 polygons
2026-08-20 09:28:36 +0000: Memory Usage (138120K) : graphmetal1_slit has 0 polygons
2026-08-20 09:28:36 +0000: Memory Usage (138248K) : graphmetal1_OPC has 0 polygons
2026-08-20 09:28:36 +0000: Memory Usage (138248K) : graphmet1l_drw has 0 polygons
2026-08-20 09:28:36 +0000: Memory Usage (138248K) : graphmet1l_filler has 0 polygons
2026-08-20 09:28:36 +0000: Memory Usage (138248K) : graphmet1l_nofill has 0 polygons
2026-08-20 09:28:36 +0000: Memory Usage (138376K) : graphmet1l_slit has 0 polygons
2026-08-20 09:28:36 +0000: Memory Usage (138376K) : graphmet1l_OPC has 0 polygons
2026-08-20 09:28:36 +0000: Memory Usage (138376K) : extblock_drw has 12 polygons
2026-08-20 09:28:36 +0000: Memory Usage (138376K) : nldd_drw has 0 polygons
2026-08-20 09:28:36 +0000: Memory Usage (138504K) : pldd_drw has 0 polygons
2026-08-20 09:28:36 +0000: Memory Usage (138504K) : next_drw has 0 polygons
2026-08-20 09:28:36 +0000: Memory Usage (138504K) : pext_drw has 0 polygons
2026-08-20 09:28:36 +0000: Memory Usage (138504K) : nexthv_drw has 0 polygons
2026-08-20 09:28:36 +0000: Memory Usage (138632K) : pexthv_drw has 0 polygons
2026-08-20 09:28:36 +0000: Memory Usage (138632K) : graphgate_drw has 0 polygons
2026-08-20 09:28:36 +0000: Memory Usage (138632K) : sinwg_drw has 0 polygons
2026-08-20 09:28:36 +0000: Memory Usage (138632K) : sinwg_filler has 0 polygons
2026-08-20 09:28:36 +0000: Memory Usage (138760K) : sinwg_nofill has 0 polygons
2026-08-20 09:28:36 +0000: Memory Usage (138760K) : mempad_drw has 0 polygons
2026-08-20 09:28:36 +0000: Memory Usage (138760K) : topvia1_drw has 477 polygons
2026-08-20 09:28:36 +0000: Memory Usage (138888K) : topmetal1_drw has 12 polygons
2026-08-20 09:28:36 +0000: Memory Usage (138888K) : topmetal1_filler has 0 polygons
2026-08-20 09:28:36 +0000: Memory Usage (138888K) : topmetal1_slit has 0 polygons
2026-08-20 09:28:36 +0000: Memory Usage (138888K) : topmetal1 has 12 polygons
2026-08-20 09:28:36 +0000: Memory Usage (139016K) : topmetal1_pin has 0 polygons
2026-08-20 09:28:36 +0000: Memory Usage (139016K) : topmetal1_mask has 0 polygons
2026-08-20 09:28:36 +0000: Memory Usage (139016K) : topmetal1_nofill has 0 polygons
2026-08-20 09:28:36 +0000: Memory Usage (139016K) : topmetal1_text has 0 polygons
2026-08-20 09:28:36 +0000: Memory Usage (139144K) : topmetal1_noqrc has 0 polygons
2026-08-20 09:28:36 +0000: Memory Usage (139144K) : topmetal1_res has 0 polygons
2026-08-20 09:28:36 +0000: Memory Usage (139272K) : topmetal1_iprobe has 0 polygons
2026-08-20 09:28:36 +0000: Memory Usage (139272K) : topmetal1_diffprb has 0 polygons
2026-08-20 09:28:36 +0000: Memory Usage (139272K) : inldpwl_drw has 0 polygons
2026-08-20 09:28:36 +0000: Memory Usage (139272K) : polyres_drw has 4 polygons
2026-08-20 09:28:36 +0000: Memory Usage (139400K) : polyres_pin has 0 polygons
2026-08-20 09:28:36 +0000: Memory Usage (139400K) : vmim_drw has 225 polygons
2026-08-20 09:28:36 +0000: Memory Usage (139400K) : nbulaycut_drw has 0 polygons
2026-08-20 09:28:36 +0000: Memory Usage (139528K) : antmetal1_drw has 0 polygons
2026-08-20 09:28:36 +0000: Memory Usage (139528K) : topvia2_drw has 198 polygons
2026-08-20 09:28:36 +0000: Memory Usage (139528K) : topmetal2_drw has 8 polygons
2026-08-20 09:28:36 +0000: Memory Usage (139528K) : topmetal2_filler has 0 polygons
2026-08-20 09:28:36 +0000: Memory Usage (139656K) : topmetal2_slit has 0 polygons
2026-08-20 09:28:36 +0000: Memory Usage (139656K) : topmetal2 has 8 polygons
2026-08-20 09:28:36 +0000: Memory Usage (139656K) : topmetal2_pin has 0 polygons
2026-08-20 09:28:36 +0000: Memory Usage (139784K) : topmetal2_mask has 0 polygons
2026-08-20 09:28:36 +0000: Memory Usage (139784K) : topmetal2_nofill has 0 polygons
2026-08-20 09:28:36 +0000: Memory Usage (139784K) : topmetal2_text has 4 polygons
2026-08-20 09:28:36 +0000: Memory Usage (139912K) : topmetal2_noqrc has 0 polygons
2026-08-20 09:28:36 +0000: Memory Usage (139912K) : topmetal2_res has 0 polygons
2026-08-20 09:28:36 +0000: Memory Usage (140040K) : topmetal2_iprobe has 0 polygons
2026-08-20 09:28:36 +0000: Memory Usage (140040K) : topmetal2_diffprb has 0 polygons
2026-08-20 09:28:36 +0000: Memory Usage (140040K) : snsring_drw has 0 polygons
2026-08-20 09:28:36 +0000: Memory Usage (140040K) : sensor_drw has 0 polygons
2026-08-20 09:28:36 +0000: Memory Usage (140168K) : snsarms_drw has 0 polygons
2026-08-20 09:28:36 +0000: Memory Usage (140168K) : snscmosvia_drw has 0 polygons
2026-08-20 09:28:36 +0000: Memory Usage (140168K) : colwind_drw has 0 polygons
2026-08-20 09:28:36 +0000: Memory Usage (140168K) : flm_drw has 0 polygons
2026-08-20 09:28:36 +0000: Memory Usage (140168K) : hafniumox_drw has 0 polygons
2026-08-20 09:28:36 +0000: Memory Usage (140168K) : memvia_drw has 0 polygons
2026-08-20 09:28:36 +0000: Memory Usage (140168K) : thinfilmres_drw has 0 polygons
2026-08-20 09:28:36 +0000: Memory Usage (140168K) : rfmem_drw has 0 polygons
2026-08-20 09:28:36 +0000: Memory Usage (140168K) : norcx_drw has 0 polygons
2026-08-20 09:28:36 +0000: Memory Usage (140168K) : norcx_m2m3 has 0 polygons
2026-08-20 09:28:36 +0000: Memory Usage (140168K) : norcx_m2m4 has 0 polygons
2026-08-20 09:28:36 +0000: Memory Usage (140168K) : norcx_m2m5 has 0 polygons
2026-08-20 09:28:36 +0000: Memory Usage (140168K) : norcx_m2tm1 has 0 polygons
2026-08-20 09:28:36 +0000: Memory Usage (140168K) : norcx_m2tm2 has 0 polygons
2026-08-20 09:28:36 +0000: Memory Usage (140168K) : norcx_m3m4 has 0 polygons
2026-08-20 09:28:36 +0000: Memory Usage (140168K) : norcx_m3m5 has 0 polygons
2026-08-20 09:28:36 +0000: Memory Usage (140168K) : norcx_m3tm1 has 0 polygons
2026-08-20 09:28:36 +0000: Memory Usage (140168K) : norcx_m3tm2 has 0 polygons
2026-08-20 09:28:36 +0000: Memory Usage (140168K) : norcx_m4m5 has 0 polygons
2026-08-20 09:28:36 +0000: Memory Usage (140168K) : norcx_m4tm1 has 0 polygons
2026-08-20 09:28:36 +0000: Memory Usage (140168K) : norcx_m4tm2 has 0 polygons
2026-08-20 09:28:36 +0000: Memory Usage (140168K) : norcx_m5tm1 has 0 polygons
2026-08-20 09:28:36 +0000: Memory Usage (140168K) : norcx_m5tm2 has 0 polygons
2026-08-20 09:28:36 +0000: Memory Usage (140168K) : norcx_tm1tm2 has 0 polygons
2026-08-20 09:28:36 +0000: Memory Usage (140168K) : norcx_m1sub has 0 polygons
2026-08-20 09:28:36 +0000: Memory Usage (140168K) : norcx_m2sub has 0 polygons
2026-08-20 09:28:36 +0000: Memory Usage (140168K) : norcx_m3sub has 0 polygons
2026-08-20 09:28:36 +0000: Memory Usage (140168K) : norcx_m4sub has 0 polygons
2026-08-20 09:28:36 +0000: Memory Usage (140168K) : norcx_m5sub has 0 polygons
2026-08-20 09:28:36 +0000: Memory Usage (140168K) : norcx_tm1sub has 0 polygons
2026-08-20 09:28:36 +0000: Memory Usage (140168K) : norcx_tm2sub has 0 polygons
2026-08-20 09:28:36 +0000: Memory Usage (140168K) : snsbotvia_drw has 0 polygons
2026-08-20 09:28:36 +0000: Memory Usage (140168K) : snstopvia_drw has 0 polygons
2026-08-20 09:28:36 +0000: Memory Usage (140168K) : deepvia_drw has 0 polygons
2026-08-20 09:28:36 +0000: Memory Usage (140168K) : fgetch_drw has 0 polygons
2026-08-20 09:28:36 +0000: Memory Usage (140168K) : ctrgat_drw has 0 polygons
2026-08-20 09:28:36 +0000: Memory Usage (140168K) : fgimp_drw has 0 polygons
2026-08-20 09:28:36 +0000: Memory Usage (140168K) : emwihv_drw has 0 polygons
2026-08-20 09:28:36 +0000: Memory Usage (140168K) : lbe_drw has 0 polygons
2026-08-20 09:28:36 +0000: Memory Usage (140168K) : alcustop_drw has 0 polygons
2026-08-20 09:28:36 +0000: Memory Usage (140168K) : nometfiller_drw has 0 polygons
2026-08-20 09:28:36 +0000: Memory Usage (140168K) : prboundary_drw has 0 polygons
2026-08-20 09:28:36 +0000: Memory Usage (140168K) : exchange0_drw has 0 polygons
2026-08-20 09:28:36 +0000: Memory Usage (140168K) : exchange0_pin has 0 polygons
2026-08-20 09:28:36 +0000: Memory Usage (140168K) : exchange0_text has 0 polygons
2026-08-20 09:28:36 +0000: Memory Usage (140168K) : exchange1_drw has 0 polygons
2026-08-20 09:28:36 +0000: Memory Usage (140168K) : exchange1_pin has 0 polygons
2026-08-20 09:28:36 +0000: Memory Usage (140168K) : exchange1_text has 0 polygons
2026-08-20 09:28:36 +0000: Memory Usage (140168K) : exchange2_drw has 0 polygons
2026-08-20 09:28:36 +0000: Memory Usage (140168K) : exchange2_pin has 0 polygons
2026-08-20 09:28:36 +0000: Memory Usage (140168K) : exchange2_text has 0 polygons
2026-08-20 09:28:36 +0000: Memory Usage (140168K) : exchange3_drw has 0 polygons
2026-08-20 09:28:36 +0000: Memory Usage (140168K) : exchange3_pin has 0 polygons
2026-08-20 09:28:36 +0000: Memory Usage (140168K) : exchange3_text has 0 polygons
2026-08-20 09:28:36 +0000: Memory Usage (140168K) : exchange4_drw has 0 polygons
2026-08-20 09:28:36 +0000: Memory Usage (140168K) : exchange4_pin has 0 polygons
2026-08-20 09:28:36 +0000: Memory Usage (140168K) : exchange4_text has 0 polygons
2026-08-20 09:28:36 +0000: Memory Usage (140168K) : isonwell_drw has 0 polygons
2026-08-20 09:28:36 +0000: Memory Usage (140168K) : Total no. of polygons in the design is 12942
2026-08-20 09:28:36 +0000: Memory Usage (140168K) : Starting base layers derivations
2026-08-20 09:28:36 +0000: Memory Usage (140168K) : Starting general LVS derivations
2026-08-20 09:28:36 +0000: Memory Usage (144332K) : Starting MOSFET DERIVATIONS
2026-08-20 09:28:36 +0000: Memory Usage (145100K) : Starting NMOS DERIVATIONS
2026-08-20 09:28:36 +0000: Memory Usage (145100K) : Starting PMOS DERIVATIONS
2026-08-20 09:28:36 +0000: Memory Usage (145100K) : Starting RF-MOSFET DERIVATIONS
2026-08-20 09:28:36 +0000: Memory Usage (145100K) : Starting RF-NMOS DERIVATIONS
2026-08-20 09:28:36 +0000: Memory Usage (145100K) : Starting RF-PMOS DERIVATIONS
2026-08-20 09:28:36 +0000: Memory Usage (145100K) : Starting BJT DERIVATIONS
2026-08-20 09:28:36 +0000: Memory Usage (145100K) : Starting NPN-BJT DERIVATIONS
2026-08-20 09:28:36 +0000: Memory Usage (145100K) : Starting PNP-BJT DERIVATIONS
2026-08-20 09:28:36 +0000: Memory Usage (145100K) : Starting DIODE DERIVATIONS
2026-08-20 09:28:36 +0000: Memory Usage (145100K) : Starting RESISTOR DERIVATIONS
2026-08-20 09:28:36 +0000: Memory Usage (145356K) : Starting CAP DERIVATIONS
2026-08-20 09:28:36 +0000: Memory Usage (145356K) : Starting CAP_CMOM DERIVATIONS
2026-08-20 09:28:36 +0000: Memory Usage (145356K) : Starting CAP_CMOMF DERIVATIONS
2026-08-20 09:28:36 +0000: Memory Usage (145356K) : Starting ESD DERIVATIONS
2026-08-20 09:28:37 +0000: Memory Usage (145868K) : Starting Inductor DERIVATIONS
2026-08-20 09:28:37 +0000: Memory Usage (145868K) : Starting Taps DERIVATIONS
2026-08-20 09:28:37 +0000: Memory Usage (145868K) : Starting SG13G2 LVS connectivity setup
2026-08-20 09:28:37 +0000: Memory Usage (145868K) : Starting SG13G2 LVS connectivity setup (Inter-layer)
2026-08-20 09:28:37 +0000: Memory Usage (145996K) : Starting SG13G2 LVS connectivity setup (Global)
2026-08-20 09:28:37 +0000: Memory Usage (145996K) : Starting LVS MOSFET CONNECTIONS
2026-08-20 09:28:37 +0000: Memory Usage (145996K) : Starting LVS RF-MOSFET CONNECTIONS
2026-08-20 09:28:37 +0000: Memory Usage (145996K) : Starting LVS BJT CONNECTIONS
2026-08-20 09:28:37 +0000: Memory Usage (145996K) : Starting LVS DIODE CONNECTIONS
2026-08-20 09:28:37 +0000: Memory Usage (145996K) : Starting RESISTOR CONNECTIONS
2026-08-20 09:28:37 +0000: Memory Usage (145996K) : Starting LVS CAP CONNECTIONS
2026-08-20 09:28:37 +0000: Memory Usage (145996K) : Starting CAP_CMOM CONNECTIONS
2026-08-20 09:28:37 +0000: Memory Usage (145996K) : Starting CAP_CMOMF CONNECTIONS
2026-08-20 09:28:37 +0000: Memory Usage (145996K) : Starting ESD CONNECTIONS
2026-08-20 09:28:37 +0000: Memory Usage (145996K) : Starting Inductor CONNECTIONS
2026-08-20 09:28:37 +0000: Memory Usage (145996K) : Starting LVS Taps CONNECTIONS
2026-08-20 09:28:37 +0000: Memory Usage (145996K) : Starting SG13G2 LVS DEVICES EXTRACTION
2026-08-20 09:28:37 +0000: Memory Usage (145996K) : Starting MOSFET EXTRACTION
2026-08-20 09:28:37 +0000: Memory Usage (145996K) : Starting NMOS EXTRACTION
2026-08-20 09:28:37 +0000: Memory Usage (145996K) : Extraction of NMOS-LV transistor
2026-08-20 09:28:37 +0000: Memory Usage (145996K) : Extraction of NMOS-HV transistor
2026-08-20 09:28:37 +0000: Memory Usage (145996K) : Starting PMOS EXTRACTION
2026-08-20 09:28:37 +0000: Memory Usage (145996K) : Extraction of PMOS-LV transistor
2026-08-20 09:28:37 +0000: Memory Usage (145996K) : Extraction of PMOS-HV transistor
2026-08-20 09:28:37 +0000: Memory Usage (145996K) : Starting RF-MOSFET EXTRACTION
2026-08-20 09:28:37 +0000: Memory Usage (145996K) : Extraction of RF-NMOS-LV transistor
2026-08-20 09:28:37 +0000: Memory Usage (145996K) : Extraction of RF-NMOS-HV transistor
2026-08-20 09:28:37 +0000: Memory Usage (145996K) : Extraction of RF-PMOS-LV transistor
2026-08-20 09:28:37 +0000: Memory Usage (145996K) : Extraction of RF-PMOS-HV transistor
2026-08-20 09:28:37 +0000: Memory Usage (145996K) : Starting BJT EXTRACTION
2026-08-20 09:28:37 +0000: Memory Usage (145996K) : Starting NPN-BJT EXTRACTION
2026-08-20 09:28:37 +0000: Memory Usage (145996K) : Extraction of npn13G2 BJT transistor
2026-08-20 09:28:37 +0000: Memory Usage (145996K) : Extraction of npn13G2L BJT transistor
2026-08-20 09:28:37 +0000: Memory Usage (145996K) : Extraction of npn13G2V BJT transistor
2026-08-20 09:28:37 +0000: Memory Usage (145996K) : Starting PNP-BJT EXTRACTION
2026-08-20 09:28:37 +0000: Memory Usage (145996K) : Extracting pnpMPA BJT
2026-08-20 09:28:37 +0000: Memory Usage (145996K) : Starting DIODE EXTRACTION
2026-08-20 09:28:37 +0000: Memory Usage (145996K) : Extracting dantenna diode
2026-08-20 09:28:37 +0000: Memory Usage (145996K) : Extracting dpantenna diode
2026-08-20 09:28:37 +0000: Memory Usage (145996K) : Extracting schottky_nbl1 diode
2026-08-20 09:28:37 +0000: Memory Usage (145996K) : Extracting isolbox diode
2026-08-20 09:28:37 +0000: Memory Usage (145996K) : Starting RESISTOR EXTRACTION
2026-08-20 09:28:37 +0000: Memory Usage (145996K) : Extracting rsil resistor
2026-08-20 09:28:37 +0000: Memory Usage (146252K) : Extracting rppd resistor
2026-08-20 09:28:37 +0000: Memory Usage (146252K) : Extracting rhigh resistor
2026-08-20 09:28:37 +0000: Memory Usage (146252K) : Extracting res_metal1 resistor
2026-08-20 09:28:37 +0000: Memory Usage (146252K) : Extracting res_metal2 resistor
2026-08-20 09:28:37 +0000: Memory Usage (146252K) : Extracting res_metal3 resistor
2026-08-20 09:28:37 +0000: Memory Usage (146252K) : Extracting res_metal4 resistor
2026-08-20 09:28:37 +0000: Memory Usage (146252K) : Extracting res_metal5 resistor
2026-08-20 09:28:37 +0000: Memory Usage (146252K) : Extracting res_topmetal1 resistor
2026-08-20 09:28:37 +0000: Memory Usage (146252K) : Extracting res_topmetal2 resistor
2026-08-20 09:28:37 +0000: Memory Usage (146252K) : Starting CAP EXTRACTION
2026-08-20 09:28:37 +0000: Memory Usage (146252K) : Extracting cap_cmim device
2026-08-20 09:28:37 +0000: Memory Usage (146252K) : Extracting rfcmim device
2026-08-20 09:28:37 +0000: Memory Usage (146252K) : Extracting sg13_hv_svaricap varactor
2026-08-20 09:28:37 +0000: Memory Usage (146252K) : Extracting cap_cmomi device
2026-08-20 09:28:37 +0000: Memory Usage (146252K) : Extracting cap_cmomf device
2026-08-20 09:28:37 +0000: Memory Usage (146252K) : Extracting sg13_moscap_n capacitor
2026-08-20 09:28:37 +0000: Memory Usage (146252K) : Extracting sg13_moscap_p capacitor
2026-08-20 09:28:37 +0000: Memory Usage (146252K) : Starting ESD EXTRACTION
2026-08-20 09:28:37 +0000: Memory Usage (146252K) : Extracting diodevdd_2kv ESD device
2026-08-20 09:28:37 +0000: Memory Usage (146252K) : Extracting diodevdd_4kv ESD device
2026-08-20 09:28:37 +0000: Memory Usage (146252K) : Extracting diodevss_2kv ESD device
2026-08-20 09:28:37 +0000: Memory Usage (146252K) : Extracting diodevss_4kv ESD device
2026-08-20 09:28:37 +0000: Memory Usage (146252K) : Extracting idiodevdd_2kv ESD device
2026-08-20 09:28:37 +0000: Memory Usage (146252K) : Extracting idiodevdd_4kv ESD device
2026-08-20 09:28:37 +0000: Memory Usage (146252K) : Extracting idiodevss_2kv ESD device
2026-08-20 09:28:37 +0000: Memory Usage (146252K) : Extracting idiodevss_4kv ESD device
2026-08-20 09:28:37 +0000: Memory Usage (146252K) : Extracting nmoscl_2 ESD device
2026-08-20 09:28:37 +0000: Memory Usage (146252K) : Extracting nmoscl_4 ESD device
2026-08-20 09:28:37 +0000: Memory Usage (146252K) : Starting Inductor EXTRACTION
2026-08-20 09:28:37 +0000: Memory Usage (146252K) : Extracting Inductor2 device
2026-08-20 09:28:37 +0000: Memory Usage (146252K) : Extracting Inductor3 device
2026-08-20 09:28:37 +0000: Memory Usage (146252K) : Starting Taps EXTRACTION
2026-08-20 09:28:37 +0000: Memory Usage (146252K) : DISABLE_TAP_EXTRACTION is enabled: skipping ntap1/ptap1 device extraction.
2026-08-20 09:28:37 +0000: Memory Usage (146252K) : Starting SG13G2 LVS RF MOS Model Mapping
2026-08-20 09:28:37 +0000: Memory Usage (146252K) : [layout_netlist] Apply RF MOS model mapping and rfmode parameter.
2026-08-20 09:28:37 +0000: Memory Usage (146252K) : Starting SG13G2 LVS Options Preparations
2026-08-20 09:28:37 +0000: Memory Usage (146252K) : SG13G2 LVS flow: extraction -> alignment -> option preparation -> comparison.
2026-08-20 09:28:37 +0000: Memory Usage (146252K) : Starting SG13G2 LVS Alignment
2026-08-20 09:28:37 +0000: Memory Usage (146508K) : Starting SG13G2 LVS Simplification
2026-08-20 09:28:37 +0000: Memory Usage (146508K) : [layout_netlist] simplify: ENABLED
2026-08-20 09:28:37 +0000: Memory Usage (146508K) : [layout_netlist] make_top_level_pins: SKIPPED
2026-08-20 09:28:37 +0000: Memory Usage (146508K) : [layout_netlist] combine_devices: SKIPPED
2026-08-20 09:28:37 +0000: Memory Usage (146508K) : [layout_netlist] purge: SKIPPED
2026-08-20 09:28:37 +0000: Memory Usage (146508K) : [layout_netlist] purge_nets: SKIPPED
2026-08-20 09:28:37 +0000: Memory Usage (146508K) : [schematic_netlist] simplify: ENABLED
2026-08-20 09:28:37 +0000: Memory Usage (146508K) : [schematic_netlist] make_top_level_pins: SKIPPED
2026-08-20 09:28:37 +0000: Memory Usage (146508K) : [schematic_netlist] combine_devices: SKIPPED
2026-08-20 09:28:37 +0000: Memory Usage (146508K) : [schematic_netlist] purge: SKIPPED
2026-08-20 09:28:37 +0000: Memory Usage (146508K) : [schematic_netlist] purge_nets: SKIPPED
2026-08-20 09:28:37 +0000: Memory Usage (146508K) : Starting SG13G2 LVS Comparison
2026-08-20 09:28:37 +0000: Memory Usage (146508K) : xxxxxxxxxxxxxxxxxxxxxxxxxxxxxxxxxxxxxxxxxx
2026-08-20 09:28:37 +0000: Memory Usage (146508K) : ERROR : Netlists don't match
2026-08-20 09:28:37 +0000: Memory Usage (146508K) : xxxxxxxxxxxxxxxxxxxxxxxxxxxxxxxxxxxxxxxxxx
2026-08-20 09:28:37 +0000: Memory Usage (146508K) : LVS Total Run time 1.357061 seconds
2026-08-20 09:32:08 +0000: Memory Usage (128848K) : Starting running SG13G2 Klayout LVS runset on /workspace/layout/blocks/out/term_stage/_bisect/plus_clamp.gds
2026-08-20 09:32:08 +0000: Memory Usage (128848K) : Ruby Version for klayout: 3.2.3
2026-08-20 09:32:08 +0000: Memory Usage (129804K) : Loading database to memory is complete.
2026-08-20 09:32:08 +0000: Memory Usage (129804K) : SG13G2 Klayout LVS runset output at: /workspace/layout/blocks/out/term_stage/_bisect/plus_clamp/plus_clamp.lvsdb
2026-08-20 09:32:08 +0000: Memory Usage (129804K) : Evaluate switches.
2026-08-20 09:32:08 +0000: Memory Usage (129804K) : Extracted netlist with net names: true
2026-08-20 09:32:08 +0000: Memory Usage (129804K) : Extracted netlist with comments in details: false
2026-08-20 09:32:08 +0000: Memory Usage (129804K) : Selected NET_ONLY option: false
2026-08-20 09:32:08 +0000: Memory Usage (129804K) : Selected LAYOUT_NETLIST option: (none)
2026-08-20 09:32:08 +0000: Memory Usage (129804K) : Selected IGNORE_TOP_PORTS_MISMATCH option: true
2026-08-20 09:32:08 +0000: Memory Usage (129804K) : Selected IMPLICIT_NETS option: sub,sub!
2026-08-20 09:32:08 +0000: Memory Usage (129804K) : Selected TOP_LVL_PINS option: false
2026-08-20 09:32:08 +0000: Memory Usage (129804K) : Selected COMBINE DEVICES option: false
2026-08-20 09:32:08 +0000: Memory Usage (129804K) : Selected PURGE option: false
2026-08-20 09:32:08 +0000: Memory Usage (129804K) : Selected PURGE_NETS option: false
2026-08-20 09:32:08 +0000: Memory Usage (129804K) : Selected SIMPLIFY option: true
2026-08-20 09:32:08 +0000: Memory Usage (129804K) : Selected SERIES_RES option: true
2026-08-20 09:32:08 +0000: Memory Usage (129804K) : Selected PARALLEL_RES option: true
2026-08-20 09:32:08 +0000: Memory Usage (129804K) : Selected DISABLE_TAP_EXTRACTION option: true
2026-08-20 09:32:08 +0000: Memory Usage (129804K) : deep  mode is enabled.
2026-08-20 09:32:08 +0000: Memory Usage (129804K) : Applying implicit connections (case-sensitive, pattern supported) for nets: sub, sub!
2026-08-20 09:32:08 +0000: Memory Usage (130924K) : Netlist file: /workspace/layout/blocks/out/term_stage/_bisect/plus_clamp.cdl
2026-08-20 09:32:08 +0000: Memory Usage (130924K) : LVS extracted netlist at: /workspace/layout/blocks/out/term_stage/_bisect/plus_clamp/plus_clamp_extracted.cir
2026-08-20 09:32:08 +0000: Memory Usage (130924K) : Applying SRAM integration support.
2026-08-20 09:32:08 +0000: Memory Usage (130924K) : Starting SG13G2 LVS runset
2026-08-20 09:32:08 +0000: Memory Usage (130924K) : Read in polygons from layers.
2026-08-20 09:32:08 +0000: Memory Usage (132492K) : activ_drw has 130 polygons
2026-08-20 09:32:08 +0000: Memory Usage (132492K) : activ_filler has 0 polygons
2026-08-20 09:32:08 +0000: Memory Usage (132748K) : activ has 130 polygons
2026-08-20 09:32:08 +0000: Memory Usage (132748K) : activ_pin has 0 polygons
2026-08-20 09:32:08 +0000: Memory Usage (132748K) : activ_mask has 0 polygons
2026-08-20 09:32:08 +0000: Memory Usage (132748K) : activ_nofill has 0 polygons
2026-08-20 09:32:08 +0000: Memory Usage (132748K) : activ_OPC has 0 polygons
2026-08-20 09:32:08 +0000: Memory Usage (132748K) : activ_iOPC has 0 polygons
2026-08-20 09:32:08 +0000: Memory Usage (132840K) : activ_noqrc has 0 polygons
2026-08-20 09:32:08 +0000: Memory Usage (133352K) : biwind_drw has 0 polygons
2026-08-20 09:32:08 +0000: Memory Usage (133352K) : biwind_OPC has 0 polygons
2026-08-20 09:32:08 +0000: Memory Usage (133352K) : gatpoly_drw has 25 polygons
2026-08-20 09:32:08 +0000: Memory Usage (133352K) : gatpoly_filler has 0 polygons
2026-08-20 09:32:08 +0000: Memory Usage (133352K) : gatpoly has 25 polygons
2026-08-20 09:32:08 +0000: Memory Usage (133352K) : gatpoly_pin has 0 polygons
2026-08-20 09:32:08 +0000: Memory Usage (133352K) : gatpoly_nofill has 0 polygons
2026-08-20 09:32:08 +0000: Memory Usage (133352K) : gatpoly_OPC has 0 polygons
2026-08-20 09:32:08 +0000: Memory Usage (133352K) : gatpoly_iOPC has 0 polygons
2026-08-20 09:32:08 +0000: Memory Usage (133352K) : gatpoly_noqrc has 0 polygons
2026-08-20 09:32:08 +0000: Memory Usage (133352K) : cont_drw has 6147 polygons
2026-08-20 09:32:08 +0000: Memory Usage (133352K) : cont_OPC has 0 polygons
2026-08-20 09:32:08 +0000: Memory Usage (133352K) : nsd_drw has 0 polygons
2026-08-20 09:32:08 +0000: Memory Usage (133352K) : nsd_block has 0 polygons
2026-08-20 09:32:08 +0000: Memory Usage (133352K) : metal1_drw has 268 polygons
2026-08-20 09:32:08 +0000: Memory Usage (133352K) : metal1_filler has 0 polygons
2026-08-20 09:32:08 +0000: Memory Usage (133352K) : metal1_slit has 0 polygons
2026-08-20 09:32:08 +0000: Memory Usage (133480K) : metal1 has 268 polygons
2026-08-20 09:32:08 +0000: Memory Usage (133608K) : metal1_pin has 112 polygons
2026-08-20 09:32:08 +0000: Memory Usage (133608K) : metal1_mask has 0 polygons
2026-08-20 09:32:08 +0000: Memory Usage (133608K) : metal1_nofill has 0 polygons
2026-08-20 09:32:08 +0000: Memory Usage (133864K) : metal1_text has 4 polygons
2026-08-20 09:32:08 +0000: Memory Usage (133864K) : metal1_OPC has 0 polygons
2026-08-20 09:32:08 +0000: Memory Usage (133864K) : metal1_noqrc has 0 polygons
2026-08-20 09:32:08 +0000: Memory Usage (133992K) : metal1_res has 0 polygons
2026-08-20 09:32:08 +0000: Memory Usage (133992K) : metal1_iprobe has 0 polygons
2026-08-20 09:32:08 +0000: Memory Usage (133992K) : metal1_diffprb has 0 polygons
2026-08-20 09:32:08 +0000: Memory Usage (134120K) : passiv_drw has 2 polygons
2026-08-20 09:32:08 +0000: Memory Usage (134120K) : passiv_pin has 0 polygons
2026-08-20 09:32:08 +0000: Memory Usage (134120K) : passiv_sbump has 0 polygons
2026-08-20 09:32:08 +0000: Memory Usage (134248K) : passiv_pillar has 0 polygons
2026-08-20 09:32:08 +0000: Memory Usage (134248K) : passiv_pdl has 0 polygons
2026-08-20 09:32:08 +0000: Memory Usage (134248K) : metal2_drw has 48 polygons
2026-08-20 09:32:08 +0000: Memory Usage (134376K) : metal2_filler has 0 polygons
2026-08-20 09:32:08 +0000: Memory Usage (134376K) : metal2_slit has 0 polygons
2026-08-20 09:32:08 +0000: Memory Usage (134376K) : metal2 has 48 polygons
2026-08-20 09:32:08 +0000: Memory Usage (134504K) : metal2_pin has 8 polygons
2026-08-20 09:32:08 +0000: Memory Usage (134504K) : metal2_mask has 0 polygons
2026-08-20 09:32:08 +0000: Memory Usage (134504K) : metal2_nofill has 0 polygons
2026-08-20 09:32:08 +0000: Memory Usage (134504K) : metal2_text has 4 polygons
2026-08-20 09:32:08 +0000: Memory Usage (134632K) : metal2_OPC has 0 polygons
2026-08-20 09:32:08 +0000: Memory Usage (134632K) : metal2_noqrc has 0 polygons
2026-08-20 09:32:08 +0000: Memory Usage (134632K) : metal2_res has 0 polygons
2026-08-20 09:32:08 +0000: Memory Usage (134632K) : metal2_iprobe has 0 polygons
2026-08-20 09:32:08 +0000: Memory Usage (134760K) : metal2_diffprb has 0 polygons
2026-08-20 09:32:08 +0000: Memory Usage (134760K) : baspoly_drw has 0 polygons
2026-08-20 09:32:08 +0000: Memory Usage (134760K) : baspoly_pin has 0 polygons
2026-08-20 09:32:08 +0000: Memory Usage (134760K) : psd_drw has 119 polygons
2026-08-20 09:32:08 +0000: Memory Usage (134888K) : nldb_drw has 0 polygons
2026-08-20 09:32:08 +0000: Memory Usage (134888K) : digibnd_drw has 0 polygons
2026-08-20 09:32:08 +0000: Memory Usage (134888K) : via1_drw has 1907 polygons
2026-08-20 09:32:08 +0000: Memory Usage (134888K) : backmetal1_drw has 0 polygons
2026-08-20 09:32:08 +0000: Memory Usage (135016K) : backmetal1_pin has 0 polygons
2026-08-20 09:32:08 +0000: Memory Usage (135016K) : backmetal1_mask has 0 polygons
2026-08-20 09:32:08 +0000: Memory Usage (135016K) : backmetal1_filler has 0 polygons
2026-08-20 09:32:08 +0000: Memory Usage (135144K) : backmetal1_nofill has 0 polygons
2026-08-20 09:32:08 +0000: Memory Usage (135144K) : backmetal1_slit has 0 polygons
2026-08-20 09:32:08 +0000: Memory Usage (135144K) : backmetal1_text has 0 polygons
2026-08-20 09:32:08 +0000: Memory Usage (135144K) : backmetal1_OPC has 0 polygons
2026-08-20 09:32:08 +0000: Memory Usage (135272K) : backmetal1_noqrc has 0 polygons
2026-08-20 09:32:08 +0000: Memory Usage (135272K) : backmetal1_res has 0 polygons
2026-08-20 09:32:08 +0000: Memory Usage (135272K) : backmetal1_iprobe has 0 polygons
2026-08-20 09:32:08 +0000: Memory Usage (135272K) : backmetal1_diffprb has 0 polygons
2026-08-20 09:32:08 +0000: Memory Usage (135400K) : backpassiv_drw has 0 polygons
2026-08-20 09:32:08 +0000: Memory Usage (135400K) : res_drw has 2 polygons
2026-08-20 09:32:08 +0000: Memory Usage (135400K) : sram_drw has 0 polygons
2026-08-20 09:32:08 +0000: Memory Usage (135400K) : trans_drw has 0 polygons
2026-08-20 09:32:08 +0000: Memory Usage (135528K) : ind_drw has 0 polygons
2026-08-20 09:32:08 +0000: Memory Usage (135528K) : ind_pin has 0 polygons
2026-08-20 09:32:08 +0000: Memory Usage (135528K) : ind_text has 0 polygons
2026-08-20 09:32:08 +0000: Memory Usage (135528K) : salblock_drw has 14 polygons
2026-08-20 09:32:08 +0000: Memory Usage (135656K) : via2_drw has 825 polygons
2026-08-20 09:32:08 +0000: Memory Usage (135656K) : metal3_drw has 41 polygons
2026-08-20 09:32:08 +0000: Memory Usage (135656K) : metal3_filler has 0 polygons
2026-08-20 09:32:08 +0000: Memory Usage (135784K) : metal3_slit has 0 polygons
2026-08-20 09:32:08 +0000: Memory Usage (135784K) : metal3 has 41 polygons
2026-08-20 09:32:08 +0000: Memory Usage (135784K) : metal3_pin has 2 polygons
2026-08-20 09:32:08 +0000: Memory Usage (135784K) : metal3_mask has 0 polygons
2026-08-20 09:32:08 +0000: Memory Usage (135784K) : metal3_nofill has 0 polygons
2026-08-20 09:32:08 +0000: Memory Usage (135784K) : metal3_text has 0 polygons
2026-08-20 09:32:08 +0000: Memory Usage (135784K) : metal3_OPC has 0 polygons
2026-08-20 09:32:08 +0000: Memory Usage (135784K) : metal3_noqrc has 0 polygons
2026-08-20 09:32:08 +0000: Memory Usage (135784K) : metal3_res has 0 polygons
2026-08-20 09:32:08 +0000: Memory Usage (135784K) : metal3_iprobe has 0 polygons
2026-08-20 09:32:08 +0000: Memory Usage (135784K) : metal3_diffprb has 0 polygons
2026-08-20 09:32:08 +0000: Memory Usage (135784K) : nwell_drw has 14 polygons
2026-08-20 09:32:08 +0000: Memory Usage (135784K) : nwell_pin has 0 polygons
2026-08-20 09:32:08 +0000: Memory Usage (135784K) : nwell_text has 0 polygons
2026-08-20 09:32:08 +0000: Memory Usage (135784K) : nbulay_drw has 1 polygons
2026-08-20 09:32:08 +0000: Memory Usage (135784K) : nbulay_pin has 0 polygons
2026-08-20 09:32:08 +0000: Memory Usage (135912K) : nbulay_block has 0 polygons
2026-08-20 09:32:08 +0000: Memory Usage (135912K) : emwind_drw has 0 polygons
2026-08-20 09:32:08 +0000: Memory Usage (135912K) : emwind_OPC has 0 polygons
2026-08-20 09:32:08 +0000: Memory Usage (135912K) : deepco_drw has 0 polygons
2026-08-20 09:32:08 +0000: Memory Usage (135912K) : mim_drw has 1 polygons
2026-08-20 09:32:08 +0000: Memory Usage (135912K) : edgeseal_drw has 0 polygons
2026-08-20 09:32:08 +0000: Memory Usage (136040K) : substrate_drw has 100 polygons
2026-08-20 09:32:08 +0000: Memory Usage (136040K) : substrate_text has 0 polygons
2026-08-20 09:32:08 +0000: Memory Usage (136040K) : dfpad_drw has 2 polygons
2026-08-20 09:32:08 +0000: Memory Usage (136040K) : dfpad_pillar has 0 polygons
2026-08-20 09:32:08 +0000: Memory Usage (136040K) : dfpad_sbump has 0 polygons
2026-08-20 09:32:08 +0000: Memory Usage (136168K) : thickgateox_drw has 1 polygons
2026-08-20 09:32:08 +0000: Memory Usage (136168K) : pldb_drw has 0 polygons
2026-08-20 09:32:08 +0000: Memory Usage (136168K) : pwell_drw has 0 polygons
2026-08-20 09:32:08 +0000: Memory Usage (136168K) : pwell_pin has 0 polygons
2026-08-20 09:32:08 +0000: Memory Usage (136168K) : pwell_block has 0 polygons
2026-08-20 09:32:08 +0000: Memory Usage (136168K) : ic_drw has 0 polygons
2026-08-20 09:32:08 +0000: Memory Usage (136296K) : via3_drw has 1016 polygons
2026-08-20 09:32:08 +0000: Memory Usage (136296K) : metal4_drw has 20 polygons
2026-08-20 09:32:08 +0000: Memory Usage (136296K) : metal4_filler has 0 polygons
2026-08-20 09:32:08 +0000: Memory Usage (136296K) : metal4_slit has 0 polygons
2026-08-20 09:32:08 +0000: Memory Usage (136296K) : metal4 has 20 polygons
2026-08-20 09:32:08 +0000: Memory Usage (136296K) : metal4_pin has 0 polygons
2026-08-20 09:32:08 +0000: Memory Usage (136424K) : metal4_mask has 0 polygons
2026-08-20 09:32:08 +0000: Memory Usage (136424K) : metal4_nofill has 0 polygons
2026-08-20 09:32:08 +0000: Memory Usage (136424K) : metal4_text has 4 polygons
2026-08-20 09:32:08 +0000: Memory Usage (136424K) : metal4_OPC has 0 polygons
2026-08-20 09:32:08 +0000: Memory Usage (136424K) : metal4_noqrc has 0 polygons
2026-08-20 09:32:08 +0000: Memory Usage (136424K) : metal4_res has 0 polygons
2026-08-20 09:32:08 +0000: Memory Usage (136552K) : metal4_iprobe has 0 polygons
2026-08-20 09:32:08 +0000: Memory Usage (136552K) : metal4_diffprb has 0 polygons
2026-08-20 09:32:08 +0000: Memory Usage (136552K) : heattrans_drw has 0 polygons
2026-08-20 09:32:08 +0000: Memory Usage (136552K) : heatres_drw has 4 polygons
2026-08-20 09:32:08 +0000: Memory Usage (136552K) : fbe_drw has 0 polygons
2026-08-20 09:32:08 +0000: Memory Usage (136552K) : empoly_drw has 0 polygons
2026-08-20 09:32:08 +0000: Memory Usage (136680K) : digisub_drw has 0 polygons
2026-08-20 09:32:08 +0000: Memory Usage (136680K) : text_drw has 126 polygons
2026-08-20 09:32:08 +0000: Memory Usage (136680K) : via4_drw has 1008 polygons
2026-08-20 09:32:08 +0000: Memory Usage (136680K) : metal5_drw has 41 polygons
2026-08-20 09:32:08 +0000: Memory Usage (136680K) : metal5_filler has 0 polygons
2026-08-20 09:32:08 +0000: Memory Usage (136680K) : metal5_slit has 0 polygons
2026-08-20 09:32:08 +0000: Memory Usage (136808K) : metal5 has 41 polygons
2026-08-20 09:32:08 +0000: Memory Usage (136808K) : metal5_pin has 0 polygons
2026-08-20 09:32:08 +0000: Memory Usage (136808K) : metal5_mask has 0 polygons
2026-08-20 09:32:08 +0000: Memory Usage (136808K) : metal5_nofill has 0 polygons
2026-08-20 09:32:08 +0000: Memory Usage (136808K) : metal5_text has 0 polygons
2026-08-20 09:32:08 +0000: Memory Usage (136808K) : metal5_OPC has 0 polygons
2026-08-20 09:32:08 +0000: Memory Usage (136808K) : metal5_noqrc has 0 polygons
2026-08-20 09:32:08 +0000: Memory Usage (136936K) : metal5_res has 0 polygons
2026-08-20 09:32:08 +0000: Memory Usage (136936K) : metal5_iprobe has 0 polygons
2026-08-20 09:32:08 +0000: Memory Usage (136936K) : metal5_diffprb has 0 polygons
2026-08-20 09:32:08 +0000: Memory Usage (136936K) : radhard_drw has 0 polygons
2026-08-20 09:32:08 +0000: Memory Usage (136936K) : memcap_drw has 0 polygons
2026-08-20 09:32:08 +0000: Memory Usage (137064K) : varicap_drw has 0 polygons
2026-08-20 09:32:08 +0000: Memory Usage (137064K) : intbondvia_drw has 0 polygons
2026-08-20 09:32:08 +0000: Memory Usage (137064K) : intbondmet_drw has 0 polygons
2026-08-20 09:32:08 +0000: Memory Usage (137064K) : devbondvia_drw has 0 polygons
2026-08-20 09:32:08 +0000: Memory Usage (137192K) : devbondmet_drw has 0 polygons
2026-08-20 09:32:08 +0000: Memory Usage (137192K) : devtrench_drw has 0 polygons
2026-08-20 09:32:08 +0000: Memory Usage (137192K) : redist_drw has 0 polygons
2026-08-20 09:32:08 +0000: Memory Usage (137192K) : graphbot_drw has 0 polygons
2026-08-20 09:32:08 +0000: Memory Usage (137320K) : graphtop_drw has 0 polygons
2026-08-20 09:32:08 +0000: Memory Usage (137320K) : antvia1_drw has 0 polygons
2026-08-20 09:32:08 +0000: Memory Usage (137320K) : antmetal2_drw has 0 polygons
2026-08-20 09:32:08 +0000: Memory Usage (137320K) : graphcont_drw has 0 polygons
2026-08-20 09:32:08 +0000: Memory Usage (137320K) : siwg_drw has 0 polygons
2026-08-20 09:32:08 +0000: Memory Usage (137320K) : siwg_filler has 0 polygons
2026-08-20 09:32:08 +0000: Memory Usage (137320K) : siwg_nofill has 0 polygons
2026-08-20 09:32:08 +0000: Memory Usage (137448K) : sigrating_drw has 0 polygons
2026-08-20 09:32:08 +0000: Memory Usage (137448K) : singrating_drw has 0 polygons
2026-08-20 09:32:08 +0000: Memory Usage (137448K) : graphpas_drw has 0 polygons
2026-08-20 09:32:08 +0000: Memory Usage (137448K) : emwind3_drw has 0 polygons
2026-08-20 09:32:08 +0000: Memory Usage (137448K) : emwihv3_drw has 0 polygons
2026-08-20 09:32:08 +0000: Memory Usage (137448K) : redbulay_drw has 0 polygons
2026-08-20 09:32:08 +0000: Memory Usage (137576K) : smos_drw has 0 polygons
2026-08-20 09:32:08 +0000: Memory Usage (137576K) : graphpad_drw has 0 polygons
2026-08-20 09:32:08 +0000: Memory Usage (137576K) : polimide_drw has 0 polygons
2026-08-20 09:32:08 +0000: Memory Usage (137576K) : polimide_pin has 0 polygons
2026-08-20 09:32:08 +0000: Memory Usage (137704K) : recog_drw has 1 polygons
2026-08-20 09:32:08 +0000: Memory Usage (137704K) : recog_pin has 0 polygons
2026-08-20 09:32:08 +0000: Memory Usage (137704K) : recog_esd has 5 polygons
2026-08-20 09:32:08 +0000: Memory Usage (137704K) : recog_diode has 0 polygons
2026-08-20 09:32:08 +0000: Memory Usage (137832K) : recog_tsv has 0 polygons
2026-08-20 09:32:08 +0000: Memory Usage (137832K) : recog_iprobe has 0 polygons
2026-08-20 09:32:08 +0000: Memory Usage (137832K) : recog_diffprb has 0 polygons
2026-08-20 09:32:08 +0000: Memory Usage (137832K) : recog_pillar has 0 polygons
2026-08-20 09:32:08 +0000: Memory Usage (137960K) : recog_sbump has 0 polygons
2026-08-20 09:32:08 +0000: Memory Usage (137960K) : recog_otp has 0 polygons
2026-08-20 09:32:08 +0000: Memory Usage (137960K) : recog_pdiode has 0 polygons
2026-08-20 09:32:08 +0000: Memory Usage (137960K) : recog_mom has 0 polygons
2026-08-20 09:32:08 +0000: Memory Usage (137960K) : recog_momf has 0 polygons
2026-08-20 09:32:08 +0000: Memory Usage (138088K) : recog_pcm has 0 polygons
2026-08-20 09:32:08 +0000: Memory Usage (138088K) : colopen_drw has 0 polygons
2026-08-20 09:32:08 +0000: Memory Usage (138088K) : graphmetal1_drw has 0 polygons
2026-08-20 09:32:08 +0000: Memory Usage (138216K) : graphmetal1_filler has 0 polygons
2026-08-20 09:32:08 +0000: Memory Usage (138216K) : graphmetal1_nofill has 0 polygons
2026-08-20 09:32:08 +0000: Memory Usage (138216K) : graphmetal1_slit has 0 polygons
2026-08-20 09:32:08 +0000: Memory Usage (138216K) : graphmetal1_OPC has 0 polygons
2026-08-20 09:32:08 +0000: Memory Usage (138344K) : graphmet1l_drw has 0 polygons
2026-08-20 09:32:08 +0000: Memory Usage (138344K) : graphmet1l_filler has 0 polygons
2026-08-20 09:32:08 +0000: Memory Usage (138344K) : graphmet1l_nofill has 0 polygons
2026-08-20 09:32:08 +0000: Memory Usage (138344K) : graphmet1l_slit has 0 polygons
2026-08-20 09:32:08 +0000: Memory Usage (138472K) : graphmet1l_OPC has 0 polygons
2026-08-20 09:32:08 +0000: Memory Usage (138472K) : extblock_drw has 12 polygons
2026-08-20 09:32:08 +0000: Memory Usage (138472K) : nldd_drw has 0 polygons
2026-08-20 09:32:08 +0000: Memory Usage (138472K) : pldd_drw has 0 polygons
2026-08-20 09:32:08 +0000: Memory Usage (138472K) : next_drw has 0 polygons
2026-08-20 09:32:08 +0000: Memory Usage (138600K) : pext_drw has 0 polygons
2026-08-20 09:32:08 +0000: Memory Usage (138600K) : nexthv_drw has 0 polygons
2026-08-20 09:32:08 +0000: Memory Usage (138600K) : pexthv_drw has 0 polygons
2026-08-20 09:32:08 +0000: Memory Usage (138600K) : graphgate_drw has 0 polygons
2026-08-20 09:32:08 +0000: Memory Usage (138600K) : sinwg_drw has 0 polygons
2026-08-20 09:32:08 +0000: Memory Usage (138600K) : sinwg_filler has 0 polygons
2026-08-20 09:32:08 +0000: Memory Usage (138728K) : sinwg_nofill has 0 polygons
2026-08-20 09:32:08 +0000: Memory Usage (138728K) : mempad_drw has 0 polygons
2026-08-20 09:32:08 +0000: Memory Usage (138728K) : topvia1_drw has 477 polygons
2026-08-20 09:32:08 +0000: Memory Usage (138728K) : topmetal1_drw has 12 polygons
2026-08-20 09:32:08 +0000: Memory Usage (138728K) : topmetal1_filler has 0 polygons
2026-08-20 09:32:08 +0000: Memory Usage (138856K) : topmetal1_slit has 0 polygons
2026-08-20 09:32:08 +0000: Memory Usage (138856K) : topmetal1 has 12 polygons
2026-08-20 09:32:08 +0000: Memory Usage (138856K) : topmetal1_pin has 0 polygons
2026-08-20 09:32:08 +0000: Memory Usage (138856K) : topmetal1_mask has 0 polygons
2026-08-20 09:32:08 +0000: Memory Usage (138856K) : topmetal1_nofill has 0 polygons
2026-08-20 09:32:08 +0000: Memory Usage (138984K) : topmetal1_text has 0 polygons
2026-08-20 09:32:08 +0000: Memory Usage (138984K) : topmetal1_noqrc has 0 polygons
2026-08-20 09:32:08 +0000: Memory Usage (138984K) : topmetal1_res has 0 polygons
2026-08-20 09:32:08 +0000: Memory Usage (138984K) : topmetal1_iprobe has 0 polygons
2026-08-20 09:32:08 +0000: Memory Usage (139112K) : topmetal1_diffprb has 0 polygons
2026-08-20 09:32:08 +0000: Memory Usage (139112K) : inldpwl_drw has 0 polygons
2026-08-20 09:32:08 +0000: Memory Usage (139112K) : polyres_drw has 4 polygons
2026-08-20 09:32:08 +0000: Memory Usage (139112K) : polyres_pin has 0 polygons
2026-08-20 09:32:08 +0000: Memory Usage (139112K) : vmim_drw has 225 polygons
2026-08-20 09:32:08 +0000: Memory Usage (139240K) : nbulaycut_drw has 0 polygons
2026-08-20 09:32:08 +0000: Memory Usage (139240K) : antmetal1_drw has 0 polygons
2026-08-20 09:32:08 +0000: Memory Usage (139240K) : topvia2_drw has 198 polygons
2026-08-20 09:32:08 +0000: Memory Usage (139368K) : topmetal2_drw has 8 polygons
2026-08-20 09:32:08 +0000: Memory Usage (139368K) : topmetal2_filler has 0 polygons
2026-08-20 09:32:08 +0000: Memory Usage (139368K) : topmetal2_slit has 0 polygons
2026-08-20 09:32:08 +0000: Memory Usage (139496K) : topmetal2 has 8 polygons
2026-08-20 09:32:08 +0000: Memory Usage (139496K) : topmetal2_pin has 0 polygons
2026-08-20 09:32:08 +0000: Memory Usage (139496K) : topmetal2_mask has 0 polygons
2026-08-20 09:32:08 +0000: Memory Usage (139624K) : topmetal2_nofill has 0 polygons
2026-08-20 09:32:08 +0000: Memory Usage (139624K) : topmetal2_text has 4 polygons
2026-08-20 09:32:08 +0000: Memory Usage (139624K) : topmetal2_noqrc has 0 polygons
2026-08-20 09:32:08 +0000: Memory Usage (139624K) : topmetal2_res has 0 polygons
2026-08-20 09:32:08 +0000: Memory Usage (139752K) : topmetal2_iprobe has 0 polygons
2026-08-20 09:32:08 +0000: Memory Usage (139752K) : topmetal2_diffprb has 0 polygons
2026-08-20 09:32:08 +0000: Memory Usage (139752K) : snsring_drw has 0 polygons
2026-08-20 09:32:08 +0000: Memory Usage (139752K) : sensor_drw has 0 polygons
2026-08-20 09:32:08 +0000: Memory Usage (139880K) : snsarms_drw has 0 polygons
2026-08-20 09:32:08 +0000: Memory Usage (139880K) : snscmosvia_drw has 0 polygons
2026-08-20 09:32:08 +0000: Memory Usage (139880K) : colwind_drw has 0 polygons
2026-08-20 09:32:08 +0000: Memory Usage (140008K) : flm_drw has 0 polygons
2026-08-20 09:32:08 +0000: Memory Usage (140008K) : hafniumox_drw has 0 polygons
2026-08-20 09:32:08 +0000: Memory Usage (140136K) : memvia_drw has 0 polygons
2026-08-20 09:32:08 +0000: Memory Usage (140136K) : thinfilmres_drw has 0 polygons
2026-08-20 09:32:08 +0000: Memory Usage (140136K) : rfmem_drw has 0 polygons
2026-08-20 09:32:08 +0000: Memory Usage (140136K) : norcx_drw has 0 polygons
2026-08-20 09:32:08 +0000: Memory Usage (140136K) : norcx_m2m3 has 0 polygons
2026-08-20 09:32:08 +0000: Memory Usage (140136K) : norcx_m2m4 has 0 polygons
2026-08-20 09:32:08 +0000: Memory Usage (140136K) : norcx_m2m5 has 0 polygons
2026-08-20 09:32:08 +0000: Memory Usage (140136K) : norcx_m2tm1 has 0 polygons
2026-08-20 09:32:08 +0000: Memory Usage (140136K) : norcx_m2tm2 has 0 polygons
2026-08-20 09:32:08 +0000: Memory Usage (140136K) : norcx_m3m4 has 0 polygons
2026-08-20 09:32:08 +0000: Memory Usage (140136K) : norcx_m3m5 has 0 polygons
2026-08-20 09:32:08 +0000: Memory Usage (140136K) : norcx_m3tm1 has 0 polygons
2026-08-20 09:32:08 +0000: Memory Usage (140136K) : norcx_m3tm2 has 0 polygons
2026-08-20 09:32:08 +0000: Memory Usage (140136K) : norcx_m4m5 has 0 polygons
2026-08-20 09:32:08 +0000: Memory Usage (140136K) : norcx_m4tm1 has 0 polygons
2026-08-20 09:32:08 +0000: Memory Usage (140136K) : norcx_m4tm2 has 0 polygons
2026-08-20 09:32:08 +0000: Memory Usage (140136K) : norcx_m5tm1 has 0 polygons
2026-08-20 09:32:08 +0000: Memory Usage (140136K) : norcx_m5tm2 has 0 polygons
2026-08-20 09:32:08 +0000: Memory Usage (140136K) : norcx_tm1tm2 has 0 polygons
2026-08-20 09:32:08 +0000: Memory Usage (140136K) : norcx_m1sub has 0 polygons
2026-08-20 09:32:08 +0000: Memory Usage (140136K) : norcx_m2sub has 0 polygons
2026-08-20 09:32:08 +0000: Memory Usage (140136K) : norcx_m3sub has 0 polygons
2026-08-20 09:32:08 +0000: Memory Usage (140136K) : norcx_m4sub has 0 polygons
2026-08-20 09:32:08 +0000: Memory Usage (140136K) : norcx_m5sub has 0 polygons
2026-08-20 09:32:08 +0000: Memory Usage (140136K) : norcx_tm1sub has 0 polygons
2026-08-20 09:32:08 +0000: Memory Usage (140136K) : norcx_tm2sub has 0 polygons
2026-08-20 09:32:08 +0000: Memory Usage (140136K) : snsbotvia_drw has 0 polygons
2026-08-20 09:32:08 +0000: Memory Usage (140136K) : snstopvia_drw has 0 polygons
2026-08-20 09:32:08 +0000: Memory Usage (140136K) : deepvia_drw has 0 polygons
2026-08-20 09:32:08 +0000: Memory Usage (140136K) : fgetch_drw has 0 polygons
2026-08-20 09:32:08 +0000: Memory Usage (140136K) : ctrgat_drw has 0 polygons
2026-08-20 09:32:08 +0000: Memory Usage (140136K) : fgimp_drw has 0 polygons
2026-08-20 09:32:08 +0000: Memory Usage (140136K) : emwihv_drw has 0 polygons
2026-08-20 09:32:08 +0000: Memory Usage (140136K) : lbe_drw has 0 polygons
2026-08-20 09:32:08 +0000: Memory Usage (140136K) : alcustop_drw has 0 polygons
2026-08-20 09:32:08 +0000: Memory Usage (140136K) : nometfiller_drw has 0 polygons
2026-08-20 09:32:08 +0000: Memory Usage (140136K) : prboundary_drw has 0 polygons
2026-08-20 09:32:08 +0000: Memory Usage (140136K) : exchange0_drw has 0 polygons
2026-08-20 09:32:08 +0000: Memory Usage (140136K) : exchange0_pin has 0 polygons
2026-08-20 09:32:08 +0000: Memory Usage (140136K) : exchange0_text has 0 polygons
2026-08-20 09:32:08 +0000: Memory Usage (140136K) : exchange1_drw has 0 polygons
2026-08-20 09:32:08 +0000: Memory Usage (140136K) : exchange1_pin has 0 polygons
2026-08-20 09:32:08 +0000: Memory Usage (140136K) : exchange1_text has 0 polygons
2026-08-20 09:32:08 +0000: Memory Usage (140136K) : exchange2_drw has 0 polygons
2026-08-20 09:32:08 +0000: Memory Usage (140136K) : exchange2_pin has 0 polygons
2026-08-20 09:32:08 +0000: Memory Usage (140136K) : exchange2_text has 0 polygons
2026-08-20 09:32:08 +0000: Memory Usage (140136K) : exchange3_drw has 0 polygons
2026-08-20 09:32:08 +0000: Memory Usage (140136K) : exchange3_pin has 0 polygons
2026-08-20 09:32:08 +0000: Memory Usage (140136K) : exchange3_text has 0 polygons
2026-08-20 09:32:08 +0000: Memory Usage (140136K) : exchange4_drw has 0 polygons
2026-08-20 09:32:08 +0000: Memory Usage (140136K) : exchange4_pin has 0 polygons
2026-08-20 09:32:08 +0000: Memory Usage (140136K) : exchange4_text has 0 polygons
2026-08-20 09:32:08 +0000: Memory Usage (140136K) : isonwell_drw has 0 polygons
2026-08-20 09:32:08 +0000: Memory Usage (140136K) : Total no. of polygons in the design is 12942
2026-08-20 09:32:08 +0000: Memory Usage (140136K) : Starting base layers derivations
2026-08-20 09:32:08 +0000: Memory Usage (140136K) : Starting general LVS derivations
2026-08-20 09:32:09 +0000: Memory Usage (144276K) : Starting MOSFET DERIVATIONS
2026-08-20 09:32:09 +0000: Memory Usage (145044K) : Starting NMOS DERIVATIONS
2026-08-20 09:32:09 +0000: Memory Usage (145044K) : Starting PMOS DERIVATIONS
2026-08-20 09:32:09 +0000: Memory Usage (145044K) : Starting RF-MOSFET DERIVATIONS
2026-08-20 09:32:09 +0000: Memory Usage (145044K) : Starting RF-NMOS DERIVATIONS
2026-08-20 09:32:09 +0000: Memory Usage (145044K) : Starting RF-PMOS DERIVATIONS
2026-08-20 09:32:09 +0000: Memory Usage (145044K) : Starting BJT DERIVATIONS
2026-08-20 09:32:09 +0000: Memory Usage (145044K) : Starting NPN-BJT DERIVATIONS
2026-08-20 09:32:09 +0000: Memory Usage (145044K) : Starting PNP-BJT DERIVATIONS
2026-08-20 09:32:09 +0000: Memory Usage (145044K) : Starting DIODE DERIVATIONS
2026-08-20 09:32:09 +0000: Memory Usage (145044K) : Starting RESISTOR DERIVATIONS
2026-08-20 09:32:09 +0000: Memory Usage (145172K) : Starting CAP DERIVATIONS
2026-08-20 09:32:09 +0000: Memory Usage (145172K) : Starting CAP_CMOM DERIVATIONS
2026-08-20 09:32:09 +0000: Memory Usage (145172K) : Starting CAP_CMOMF DERIVATIONS
2026-08-20 09:32:09 +0000: Memory Usage (145172K) : Starting ESD DERIVATIONS
2026-08-20 09:32:09 +0000: Memory Usage (145684K) : Starting Inductor DERIVATIONS
2026-08-20 09:32:09 +0000: Memory Usage (145684K) : Starting Taps DERIVATIONS
2026-08-20 09:32:10 +0000: Memory Usage (145684K) : Starting SG13G2 LVS connectivity setup
2026-08-20 09:32:10 +0000: Memory Usage (145684K) : Starting SG13G2 LVS connectivity setup (Inter-layer)
2026-08-20 09:32:10 +0000: Memory Usage (145812K) : Starting SG13G2 LVS connectivity setup (Global)
2026-08-20 09:32:10 +0000: Memory Usage (145812K) : Starting LVS MOSFET CONNECTIONS
2026-08-20 09:32:10 +0000: Memory Usage (145812K) : Starting LVS RF-MOSFET CONNECTIONS
2026-08-20 09:32:10 +0000: Memory Usage (145812K) : Starting LVS BJT CONNECTIONS
2026-08-20 09:32:10 +0000: Memory Usage (145812K) : Starting LVS DIODE CONNECTIONS
2026-08-20 09:32:10 +0000: Memory Usage (145812K) : Starting RESISTOR CONNECTIONS
2026-08-20 09:32:10 +0000: Memory Usage (145812K) : Starting LVS CAP CONNECTIONS
2026-08-20 09:32:10 +0000: Memory Usage (145812K) : Starting CAP_CMOM CONNECTIONS
2026-08-20 09:32:10 +0000: Memory Usage (145812K) : Starting CAP_CMOMF CONNECTIONS
2026-08-20 09:32:10 +0000: Memory Usage (145812K) : Starting ESD CONNECTIONS
2026-08-20 09:32:10 +0000: Memory Usage (145812K) : Starting Inductor CONNECTIONS
2026-08-20 09:32:10 +0000: Memory Usage (145812K) : Starting LVS Taps CONNECTIONS
2026-08-20 09:32:10 +0000: Memory Usage (145812K) : Starting SG13G2 LVS DEVICES EXTRACTION
2026-08-20 09:32:10 +0000: Memory Usage (145812K) : Starting MOSFET EXTRACTION
2026-08-20 09:32:10 +0000: Memory Usage (145812K) : Starting NMOS EXTRACTION
2026-08-20 09:32:10 +0000: Memory Usage (145812K) : Extraction of NMOS-LV transistor
2026-08-20 09:32:10 +0000: Memory Usage (145812K) : Extraction of NMOS-HV transistor
2026-08-20 09:32:10 +0000: Memory Usage (145812K) : Starting PMOS EXTRACTION
2026-08-20 09:32:10 +0000: Memory Usage (145812K) : Extraction of PMOS-LV transistor
2026-08-20 09:32:10 +0000: Memory Usage (145812K) : Extraction of PMOS-HV transistor
2026-08-20 09:32:10 +0000: Memory Usage (145812K) : Starting RF-MOSFET EXTRACTION
2026-08-20 09:32:10 +0000: Memory Usage (145812K) : Extraction of RF-NMOS-LV transistor
2026-08-20 09:32:10 +0000: Memory Usage (145812K) : Extraction of RF-NMOS-HV transistor
2026-08-20 09:32:10 +0000: Memory Usage (145812K) : Extraction of RF-PMOS-LV transistor
2026-08-20 09:32:10 +0000: Memory Usage (145812K) : Extraction of RF-PMOS-HV transistor
2026-08-20 09:32:10 +0000: Memory Usage (145812K) : Starting BJT EXTRACTION
2026-08-20 09:32:10 +0000: Memory Usage (145812K) : Starting NPN-BJT EXTRACTION
2026-08-20 09:32:10 +0000: Memory Usage (145812K) : Extraction of npn13G2 BJT transistor
2026-08-20 09:32:10 +0000: Memory Usage (145812K) : Extraction of npn13G2L BJT transistor
2026-08-20 09:32:10 +0000: Memory Usage (145812K) : Extraction of npn13G2V BJT transistor
2026-08-20 09:32:10 +0000: Memory Usage (145812K) : Starting PNP-BJT EXTRACTION
2026-08-20 09:32:10 +0000: Memory Usage (145812K) : Extracting pnpMPA BJT
2026-08-20 09:32:10 +0000: Memory Usage (145812K) : Starting DIODE EXTRACTION
2026-08-20 09:32:10 +0000: Memory Usage (145812K) : Extracting dantenna diode
2026-08-20 09:32:10 +0000: Memory Usage (145812K) : Extracting dpantenna diode
2026-08-20 09:32:10 +0000: Memory Usage (145812K) : Extracting schottky_nbl1 diode
2026-08-20 09:32:10 +0000: Memory Usage (145812K) : Extracting isolbox diode
2026-08-20 09:32:10 +0000: Memory Usage (145812K) : Starting RESISTOR EXTRACTION
2026-08-20 09:32:10 +0000: Memory Usage (145812K) : Extracting rsil resistor
2026-08-20 09:32:10 +0000: Memory Usage (145940K) : Extracting rppd resistor
2026-08-20 09:32:10 +0000: Memory Usage (145940K) : Extracting rhigh resistor
2026-08-20 09:32:10 +0000: Memory Usage (145940K) : Extracting res_metal1 resistor
2026-08-20 09:32:10 +0000: Memory Usage (146068K) : Extracting res_metal2 resistor
2026-08-20 09:32:10 +0000: Memory Usage (146068K) : Extracting res_metal3 resistor
2026-08-20 09:32:10 +0000: Memory Usage (146068K) : Extracting res_metal4 resistor
2026-08-20 09:32:10 +0000: Memory Usage (146068K) : Extracting res_metal5 resistor
2026-08-20 09:32:10 +0000: Memory Usage (146068K) : Extracting res_topmetal1 resistor
2026-08-20 09:32:10 +0000: Memory Usage (146068K) : Extracting res_topmetal2 resistor
2026-08-20 09:32:10 +0000: Memory Usage (146068K) : Starting CAP EXTRACTION
2026-08-20 09:32:10 +0000: Memory Usage (146068K) : Extracting cap_cmim device
2026-08-20 09:32:10 +0000: Memory Usage (146068K) : Extracting rfcmim device
2026-08-20 09:32:10 +0000: Memory Usage (146068K) : Extracting sg13_hv_svaricap varactor
2026-08-20 09:32:10 +0000: Memory Usage (146068K) : Extracting cap_cmomi device
2026-08-20 09:32:10 +0000: Memory Usage (146068K) : Extracting cap_cmomf device
2026-08-20 09:32:10 +0000: Memory Usage (146068K) : Extracting sg13_moscap_n capacitor
2026-08-20 09:32:10 +0000: Memory Usage (146068K) : Extracting sg13_moscap_p capacitor
2026-08-20 09:32:10 +0000: Memory Usage (146068K) : Starting ESD EXTRACTION
2026-08-20 09:32:10 +0000: Memory Usage (146068K) : Extracting diodevdd_2kv ESD device
2026-08-20 09:32:10 +0000: Memory Usage (146068K) : Extracting diodevdd_4kv ESD device
2026-08-20 09:32:10 +0000: Memory Usage (146068K) : Extracting diodevss_2kv ESD device
2026-08-20 09:32:10 +0000: Memory Usage (146068K) : Extracting diodevss_4kv ESD device
2026-08-20 09:32:10 +0000: Memory Usage (146068K) : Extracting idiodevdd_2kv ESD device
2026-08-20 09:32:10 +0000: Memory Usage (146068K) : Extracting idiodevdd_4kv ESD device
2026-08-20 09:32:10 +0000: Memory Usage (146068K) : Extracting idiodevss_2kv ESD device
2026-08-20 09:32:10 +0000: Memory Usage (146068K) : Extracting idiodevss_4kv ESD device
2026-08-20 09:32:10 +0000: Memory Usage (146068K) : Extracting nmoscl_2 ESD device
2026-08-20 09:32:10 +0000: Memory Usage (146068K) : Extracting nmoscl_4 ESD device
2026-08-20 09:32:10 +0000: Memory Usage (146068K) : Starting Inductor EXTRACTION
2026-08-20 09:32:10 +0000: Memory Usage (146068K) : Extracting Inductor2 device
2026-08-20 09:32:10 +0000: Memory Usage (146068K) : Extracting Inductor3 device
2026-08-20 09:32:10 +0000: Memory Usage (146068K) : Starting Taps EXTRACTION
2026-08-20 09:32:10 +0000: Memory Usage (146068K) : DISABLE_TAP_EXTRACTION is enabled: skipping ntap1/ptap1 device extraction.
2026-08-20 09:32:10 +0000: Memory Usage (146068K) : Starting SG13G2 LVS RF MOS Model Mapping
2026-08-20 09:32:10 +0000: Memory Usage (146068K) : [layout_netlist] Apply RF MOS model mapping and rfmode parameter.
2026-08-20 09:32:10 +0000: Memory Usage (146068K) : Starting SG13G2 LVS Options Preparations
2026-08-20 09:32:10 +0000: Memory Usage (146068K) : SG13G2 LVS flow: extraction -> alignment -> option preparation -> comparison.
2026-08-20 09:32:10 +0000: Memory Usage (146068K) : Starting SG13G2 LVS Alignment
2026-08-20 09:32:10 +0000: Memory Usage (146068K) : Starting SG13G2 LVS Simplification
2026-08-20 09:32:10 +0000: Memory Usage (146068K) : [layout_netlist] simplify: ENABLED
2026-08-20 09:32:10 +0000: Memory Usage (146068K) : [layout_netlist] make_top_level_pins: SKIPPED
2026-08-20 09:32:10 +0000: Memory Usage (146068K) : [layout_netlist] combine_devices: SKIPPED
2026-08-20 09:32:10 +0000: Memory Usage (146068K) : [layout_netlist] purge: SKIPPED
2026-08-20 09:32:10 +0000: Memory Usage (146068K) : [layout_netlist] purge_nets: SKIPPED
2026-08-20 09:32:10 +0000: Memory Usage (146068K) : [schematic_netlist] simplify: ENABLED
2026-08-20 09:32:10 +0000: Memory Usage (146068K) : [schematic_netlist] make_top_level_pins: SKIPPED
2026-08-20 09:32:10 +0000: Memory Usage (146068K) : [schematic_netlist] combine_devices: SKIPPED
2026-08-20 09:32:10 +0000: Memory Usage (146068K) : [schematic_netlist] purge: SKIPPED
2026-08-20 09:32:10 +0000: Memory Usage (146068K) : [schematic_netlist] purge_nets: SKIPPED
2026-08-20 09:32:10 +0000: Memory Usage (146068K) : Starting SG13G2 LVS Comparison
2026-08-20 09:32:10 +0000: Memory Usage (146196K) : xxxxxxxxxxxxxxxxxxxxxxxxxxxxxxxxxxxxxxxxxx
2026-08-20 09:32:10 +0000: Memory Usage (146196K) : ERROR : Netlists don't match
2026-08-20 09:32:10 +0000: Memory Usage (146196K) : xxxxxxxxxxxxxxxxxxxxxxxxxxxxxxxxxxxxxxxxxx
2026-08-20 09:32:10 +0000: Memory Usage (146196K) : LVS Total Run time 1.351673 seconds
2026-08-20 11:01:15 +0000: Memory Usage (129004K) : Starting running SG13G2 Klayout LVS runset on /workspace/layout/blocks/out/term_stage/_bisect/plus_clamp.gds
2026-08-20 11:01:15 +0000: Memory Usage (129004K) : Ruby Version for klayout: 3.2.3
2026-08-20 11:01:15 +0000: Memory Usage (130096K) : Loading database to memory is complete.
2026-08-20 11:01:15 +0000: Memory Usage (130096K) : SG13G2 Klayout LVS runset output at: /workspace/layout/blocks/out/term_stage/_bisect/plus_clamp/plus_clamp.lvsdb
2026-08-20 11:01:15 +0000: Memory Usage (130096K) : Evaluate switches.
2026-08-20 11:01:15 +0000: Memory Usage (130096K) : Extracted netlist with net names: true
2026-08-20 11:01:15 +0000: Memory Usage (130096K) : Extracted netlist with comments in details: false
2026-08-20 11:01:15 +0000: Memory Usage (130096K) : Selected NET_ONLY option: false
2026-08-20 11:01:15 +0000: Memory Usage (130096K) : Selected LAYOUT_NETLIST option: (none)
2026-08-20 11:01:15 +0000: Memory Usage (130096K) : Selected IGNORE_TOP_PORTS_MISMATCH option: true
2026-08-20 11:01:15 +0000: Memory Usage (130096K) : Selected IMPLICIT_NETS option: sub,sub!
2026-08-20 11:01:15 +0000: Memory Usage (130096K) : Selected TOP_LVL_PINS option: false
2026-08-20 11:01:15 +0000: Memory Usage (130096K) : Selected COMBINE DEVICES option: false
2026-08-20 11:01:15 +0000: Memory Usage (130096K) : Selected PURGE option: false
2026-08-20 11:01:15 +0000: Memory Usage (130096K) : Selected PURGE_NETS option: false
2026-08-20 11:01:15 +0000: Memory Usage (130096K) : Selected SIMPLIFY option: true
2026-08-20 11:01:15 +0000: Memory Usage (130096K) : Selected SERIES_RES option: true
2026-08-20 11:01:15 +0000: Memory Usage (130096K) : Selected PARALLEL_RES option: true
2026-08-20 11:01:15 +0000: Memory Usage (130096K) : Selected DISABLE_TAP_EXTRACTION option: true
2026-08-20 11:01:15 +0000: Memory Usage (130096K) : deep  mode is enabled.
2026-08-20 11:01:15 +0000: Memory Usage (130096K) : Applying implicit connections (case-sensitive, pattern supported) for nets: sub, sub!
2026-08-20 11:01:15 +0000: Memory Usage (131324K) : Netlist file: /workspace/layout/blocks/out/term_stage/_bisect/plus_clamp.cdl
2026-08-20 11:01:15 +0000: Memory Usage (131324K) : LVS extracted netlist at: /workspace/layout/blocks/out/term_stage/_bisect/plus_clamp/plus_clamp_extracted.cir
2026-08-20 11:01:15 +0000: Memory Usage (131324K) : Applying SRAM integration support.
2026-08-20 11:01:15 +0000: Memory Usage (131324K) : Starting SG13G2 LVS runset
2026-08-20 11:01:15 +0000: Memory Usage (131324K) : Read in polygons from layers.
2026-08-20 11:01:15 +0000: Memory Usage (132760K) : activ_drw has 130 polygons
2026-08-20 11:01:15 +0000: Memory Usage (132760K) : activ_filler has 0 polygons
2026-08-20 11:01:15 +0000: Memory Usage (132888K) : activ has 130 polygons
2026-08-20 11:01:15 +0000: Memory Usage (132888K) : activ_pin has 0 polygons
2026-08-20 11:01:15 +0000: Memory Usage (132888K) : activ_mask has 0 polygons
2026-08-20 11:01:15 +0000: Memory Usage (132888K) : activ_nofill has 0 polygons
2026-08-20 11:01:15 +0000: Memory Usage (132888K) : activ_OPC has 0 polygons
2026-08-20 11:01:15 +0000: Memory Usage (132976K) : activ_iOPC has 0 polygons
2026-08-20 11:01:15 +0000: Memory Usage (133488K) : activ_noqrc has 0 polygons
2026-08-20 11:01:15 +0000: Memory Usage (133488K) : biwind_drw has 0 polygons
2026-08-20 11:01:15 +0000: Memory Usage (133488K) : biwind_OPC has 0 polygons
2026-08-20 11:01:15 +0000: Memory Usage (133488K) : gatpoly_drw has 25 polygons
2026-08-20 11:01:15 +0000: Memory Usage (133488K) : gatpoly_filler has 0 polygons
2026-08-20 11:01:15 +0000: Memory Usage (133488K) : gatpoly has 25 polygons
2026-08-20 11:01:15 +0000: Memory Usage (133488K) : gatpoly_pin has 0 polygons
2026-08-20 11:01:15 +0000: Memory Usage (133488K) : gatpoly_nofill has 0 polygons
2026-08-20 11:01:15 +0000: Memory Usage (133488K) : gatpoly_OPC has 0 polygons
2026-08-20 11:01:15 +0000: Memory Usage (133488K) : gatpoly_iOPC has 0 polygons
2026-08-20 11:01:15 +0000: Memory Usage (133488K) : gatpoly_noqrc has 0 polygons
2026-08-20 11:01:16 +0000: Memory Usage (133616K) : cont_drw has 6147 polygons
2026-08-20 11:01:16 +0000: Memory Usage (133616K) : cont_OPC has 0 polygons
2026-08-20 11:01:16 +0000: Memory Usage (133616K) : nsd_drw has 0 polygons
2026-08-20 11:01:16 +0000: Memory Usage (133616K) : nsd_block has 0 polygons
2026-08-20 11:01:16 +0000: Memory Usage (133616K) : metal1_drw has 272 polygons
2026-08-20 11:01:16 +0000: Memory Usage (133616K) : metal1_filler has 0 polygons
2026-08-20 11:01:16 +0000: Memory Usage (133616K) : metal1_slit has 0 polygons
2026-08-20 11:01:16 +0000: Memory Usage (133616K) : metal1 has 272 polygons
2026-08-20 11:01:16 +0000: Memory Usage (133744K) : metal1_pin has 112 polygons
2026-08-20 11:01:16 +0000: Memory Usage (133744K) : metal1_mask has 0 polygons
2026-08-20 11:01:16 +0000: Memory Usage (133872K) : metal1_nofill has 0 polygons
2026-08-20 11:01:16 +0000: Memory Usage (134128K) : metal1_text has 8 polygons
2026-08-20 11:01:16 +0000: Memory Usage (134128K) : metal1_OPC has 0 polygons
2026-08-20 11:01:16 +0000: Memory Usage (134256K) : metal1_noqrc has 0 polygons
2026-08-20 11:01:16 +0000: Memory Usage (134256K) : metal1_res has 0 polygons
2026-08-20 11:01:16 +0000: Memory Usage (134256K) : metal1_iprobe has 0 polygons
2026-08-20 11:01:16 +0000: Memory Usage (134384K) : metal1_diffprb has 0 polygons
2026-08-20 11:01:16 +0000: Memory Usage (134384K) : passiv_drw has 2 polygons
2026-08-20 11:01:16 +0000: Memory Usage (134384K) : passiv_pin has 0 polygons
2026-08-20 11:01:16 +0000: Memory Usage (134512K) : passiv_sbump has 0 polygons
2026-08-20 11:01:16 +0000: Memory Usage (134512K) : passiv_pillar has 0 polygons
2026-08-20 11:01:16 +0000: Memory Usage (134512K) : passiv_pdl has 0 polygons
2026-08-20 11:01:16 +0000: Memory Usage (134640K) : metal2_drw has 52 polygons
2026-08-20 11:01:16 +0000: Memory Usage (134640K) : metal2_filler has 0 polygons
2026-08-20 11:01:16 +0000: Memory Usage (134640K) : metal2_slit has 0 polygons
2026-08-20 11:01:16 +0000: Memory Usage (134768K) : metal2 has 52 polygons
2026-08-20 11:01:16 +0000: Memory Usage (134768K) : metal2_pin has 8 polygons
2026-08-20 11:01:16 +0000: Memory Usage (134768K) : metal2_mask has 0 polygons
2026-08-20 11:01:16 +0000: Memory Usage (134768K) : metal2_nofill has 0 polygons
2026-08-20 11:01:16 +0000: Memory Usage (134896K) : metal2_text has 8 polygons
2026-08-20 11:01:16 +0000: Memory Usage (134896K) : metal2_OPC has 0 polygons
2026-08-20 11:01:16 +0000: Memory Usage (134896K) : metal2_noqrc has 0 polygons
2026-08-20 11:01:16 +0000: Memory Usage (134896K) : metal2_res has 0 polygons
2026-08-20 11:01:16 +0000: Memory Usage (135024K) : metal2_iprobe has 0 polygons
2026-08-20 11:01:16 +0000: Memory Usage (135024K) : metal2_diffprb has 0 polygons
2026-08-20 11:01:16 +0000: Memory Usage (135024K) : baspoly_drw has 0 polygons
2026-08-20 11:01:16 +0000: Memory Usage (135024K) : baspoly_pin has 0 polygons
2026-08-20 11:01:16 +0000: Memory Usage (135152K) : psd_drw has 119 polygons
2026-08-20 11:01:16 +0000: Memory Usage (135152K) : nldb_drw has 0 polygons
2026-08-20 11:01:16 +0000: Memory Usage (135152K) : digibnd_drw has 0 polygons
2026-08-20 11:01:16 +0000: Memory Usage (135280K) : via1_drw has 1915 polygons
2026-08-20 11:01:16 +0000: Memory Usage (135280K) : backmetal1_drw has 0 polygons
2026-08-20 11:01:16 +0000: Memory Usage (135280K) : backmetal1_pin has 0 polygons
2026-08-20 11:01:16 +0000: Memory Usage (135280K) : backmetal1_mask has 0 polygons
2026-08-20 11:01:16 +0000: Memory Usage (135408K) : backmetal1_filler has 0 polygons
2026-08-20 11:01:16 +0000: Memory Usage (135408K) : backmetal1_nofill has 0 polygons
2026-08-20 11:01:16 +0000: Memory Usage (135408K) : backmetal1_slit has 0 polygons
2026-08-20 11:01:16 +0000: Memory Usage (135408K) : backmetal1_text has 0 polygons
2026-08-20 11:01:16 +0000: Memory Usage (135536K) : backmetal1_OPC has 0 polygons
2026-08-20 11:01:16 +0000: Memory Usage (135536K) : backmetal1_noqrc has 0 polygons
2026-08-20 11:01:16 +0000: Memory Usage (135536K) : backmetal1_res has 0 polygons
2026-08-20 11:01:16 +0000: Memory Usage (135536K) : backmetal1_iprobe has 0 polygons
2026-08-20 11:01:16 +0000: Memory Usage (135664K) : backmetal1_diffprb has 0 polygons
2026-08-20 11:01:16 +0000: Memory Usage (135664K) : backpassiv_drw has 0 polygons
2026-08-20 11:01:16 +0000: Memory Usage (135664K) : res_drw has 2 polygons
2026-08-20 11:01:16 +0000: Memory Usage (135664K) : sram_drw has 0 polygons
2026-08-20 11:01:16 +0000: Memory Usage (135792K) : trans_drw has 0 polygons
2026-08-20 11:01:16 +0000: Memory Usage (135792K) : ind_drw has 0 polygons
2026-08-20 11:01:16 +0000: Memory Usage (135792K) : ind_pin has 0 polygons
2026-08-20 11:01:16 +0000: Memory Usage (135792K) : ind_text has 0 polygons
2026-08-20 11:01:16 +0000: Memory Usage (135920K) : salblock_drw has 14 polygons
2026-08-20 11:01:16 +0000: Memory Usage (135920K) : via2_drw has 833 polygons
2026-08-20 11:01:16 +0000: Memory Usage (135920K) : metal3_drw has 41 polygons
2026-08-20 11:01:16 +0000: Memory Usage (136048K) : metal3_filler has 0 polygons
2026-08-20 11:01:16 +0000: Memory Usage (136048K) : metal3_slit has 0 polygons
2026-08-20 11:01:16 +0000: Memory Usage (136048K) : metal3 has 41 polygons
2026-08-20 11:01:16 +0000: Memory Usage (136048K) : metal3_pin has 2 polygons
2026-08-20 11:01:16 +0000: Memory Usage (136048K) : metal3_mask has 0 polygons
2026-08-20 11:01:16 +0000: Memory Usage (136048K) : metal3_nofill has 0 polygons
2026-08-20 11:01:16 +0000: Memory Usage (136048K) : metal3_text has 0 polygons
2026-08-20 11:01:16 +0000: Memory Usage (136048K) : metal3_OPC has 0 polygons
2026-08-20 11:01:16 +0000: Memory Usage (136048K) : metal3_noqrc has 0 polygons
2026-08-20 11:01:16 +0000: Memory Usage (136048K) : metal3_res has 0 polygons
2026-08-20 11:01:16 +0000: Memory Usage (136048K) : metal3_iprobe has 0 polygons
2026-08-20 11:01:16 +0000: Memory Usage (136048K) : metal3_diffprb has 0 polygons
2026-08-20 11:01:16 +0000: Memory Usage (136048K) : nwell_drw has 14 polygons
2026-08-20 11:01:16 +0000: Memory Usage (136048K) : nwell_pin has 0 polygons
2026-08-20 11:01:16 +0000: Memory Usage (136048K) : nwell_text has 0 polygons
2026-08-20 11:01:16 +0000: Memory Usage (136176K) : nbulay_drw has 1 polygons
2026-08-20 11:01:16 +0000: Memory Usage (136176K) : nbulay_pin has 0 polygons
2026-08-20 11:01:16 +0000: Memory Usage (136176K) : nbulay_block has 0 polygons
2026-08-20 11:01:16 +0000: Memory Usage (136176K) : emwind_drw has 0 polygons
2026-08-20 11:01:16 +0000: Memory Usage (136176K) : emwind_OPC has 0 polygons
2026-08-20 11:01:16 +0000: Memory Usage (136304K) : deepco_drw has 0 polygons
2026-08-20 11:01:16 +0000: Memory Usage (136304K) : mim_drw has 1 polygons
2026-08-20 11:01:16 +0000: Memory Usage (136304K) : edgeseal_drw has 0 polygons
2026-08-20 11:01:16 +0000: Memory Usage (136304K) : substrate_drw has 100 polygons
2026-08-20 11:01:16 +0000: Memory Usage (136304K) : substrate_text has 0 polygons
2026-08-20 11:01:16 +0000: Memory Usage (136304K) : dfpad_drw has 2 polygons
2026-08-20 11:01:16 +0000: Memory Usage (136432K) : dfpad_pillar has 0 polygons
2026-08-20 11:01:16 +0000: Memory Usage (136432K) : dfpad_sbump has 0 polygons
2026-08-20 11:01:16 +0000: Memory Usage (136432K) : thickgateox_drw has 1 polygons
2026-08-20 11:01:16 +0000: Memory Usage (136432K) : pldb_drw has 0 polygons
2026-08-20 11:01:16 +0000: Memory Usage (136432K) : pwell_drw has 0 polygons
2026-08-20 11:01:16 +0000: Memory Usage (136560K) : pwell_pin has 0 polygons
2026-08-20 11:01:16 +0000: Memory Usage (136560K) : pwell_block has 0 polygons
2026-08-20 11:01:16 +0000: Memory Usage (136560K) : ic_drw has 0 polygons
2026-08-20 11:01:16 +0000: Memory Usage (136560K) : via3_drw has 1024 polygons
2026-08-20 11:01:16 +0000: Memory Usage (136560K) : metal4_drw has 23 polygons
2026-08-20 11:01:16 +0000: Memory Usage (136560K) : metal4_filler has 0 polygons
2026-08-20 11:01:16 +0000: Memory Usage (136688K) : metal4_slit has 0 polygons
2026-08-20 11:01:16 +0000: Memory Usage (136688K) : metal4 has 23 polygons
2026-08-20 11:01:16 +0000: Memory Usage (136688K) : metal4_pin has 0 polygons
2026-08-20 11:01:16 +0000: Memory Usage (136688K) : metal4_mask has 0 polygons
2026-08-20 11:01:16 +0000: Memory Usage (136688K) : metal4_nofill has 0 polygons
2026-08-20 11:01:16 +0000: Memory Usage (136688K) : metal4_text has 4 polygons
2026-08-20 11:01:16 +0000: Memory Usage (136816K) : metal4_OPC has 0 polygons
2026-08-20 11:01:16 +0000: Memory Usage (136816K) : metal4_noqrc has 0 polygons
2026-08-20 11:01:16 +0000: Memory Usage (136816K) : metal4_res has 0 polygons
2026-08-20 11:01:16 +0000: Memory Usage (136816K) : metal4_iprobe has 0 polygons
2026-08-20 11:01:16 +0000: Memory Usage (136816K) : metal4_diffprb has 0 polygons
2026-08-20 11:01:16 +0000: Memory Usage (136816K) : heattrans_drw has 0 polygons
2026-08-20 11:01:16 +0000: Memory Usage (136816K) : heatres_drw has 4 polygons
2026-08-20 11:01:16 +0000: Memory Usage (136944K) : fbe_drw has 0 polygons
2026-08-20 11:01:16 +0000: Memory Usage (136944K) : empoly_drw has 0 polygons
2026-08-20 11:01:16 +0000: Memory Usage (136944K) : digisub_drw has 0 polygons
2026-08-20 11:01:16 +0000: Memory Usage (136944K) : text_drw has 126 polygons
2026-08-20 11:01:16 +0000: Memory Usage (136944K) : via4_drw has 1020 polygons
2026-08-20 11:01:16 +0000: Memory Usage (136944K) : metal5_drw has 50 polygons
2026-08-20 11:01:16 +0000: Memory Usage (136944K) : metal5_filler has 0 polygons
2026-08-20 11:01:16 +0000: Memory Usage (137072K) : metal5_slit has 0 polygons
2026-08-20 11:01:16 +0000: Memory Usage (137072K) : metal5 has 50 polygons
2026-08-20 11:01:16 +0000: Memory Usage (137072K) : metal5_pin has 0 polygons
2026-08-20 11:01:16 +0000: Memory Usage (137072K) : metal5_mask has 0 polygons
2026-08-20 11:01:16 +0000: Memory Usage (137072K) : metal5_nofill has 0 polygons
2026-08-20 11:01:16 +0000: Memory Usage (137072K) : metal5_text has 0 polygons
2026-08-20 11:01:16 +0000: Memory Usage (137200K) : metal5_OPC has 0 polygons
2026-08-20 11:01:16 +0000: Memory Usage (137200K) : metal5_noqrc has 0 polygons
2026-08-20 11:01:16 +0000: Memory Usage (137200K) : metal5_res has 0 polygons
2026-08-20 11:01:16 +0000: Memory Usage (137200K) : metal5_iprobe has 0 polygons
2026-08-20 11:01:16 +0000: Memory Usage (137200K) : metal5_diffprb has 0 polygons
2026-08-20 11:01:16 +0000: Memory Usage (137328K) : radhard_drw has 0 polygons
2026-08-20 11:01:16 +0000: Memory Usage (137328K) : memcap_drw has 0 polygons
2026-08-20 11:01:16 +0000: Memory Usage (137328K) : varicap_drw has 0 polygons
2026-08-20 11:01:16 +0000: Memory Usage (137328K) : intbondvia_drw has 0 polygons
2026-08-20 11:01:16 +0000: Memory Usage (137328K) : intbondmet_drw has 0 polygons
2026-08-20 11:01:16 +0000: Memory Usage (137456K) : devbondvia_drw has 0 polygons
2026-08-20 11:01:16 +0000: Memory Usage (137456K) : devbondmet_drw has 0 polygons
2026-08-20 11:01:16 +0000: Memory Usage (137456K) : devtrench_drw has 0 polygons
2026-08-20 11:01:16 +0000: Memory Usage (137456K) : redist_drw has 0 polygons
2026-08-20 11:01:16 +0000: Memory Usage (137584K) : graphbot_drw has 0 polygons
2026-08-20 11:01:16 +0000: Memory Usage (137584K) : graphtop_drw has 0 polygons
2026-08-20 11:01:16 +0000: Memory Usage (137584K) : antvia1_drw has 0 polygons
2026-08-20 11:01:16 +0000: Memory Usage (137584K) : antmetal2_drw has 0 polygons
2026-08-20 11:01:16 +0000: Memory Usage (137584K) : graphcont_drw has 0 polygons
2026-08-20 11:01:16 +0000: Memory Usage (137584K) : siwg_drw has 0 polygons
2026-08-20 11:01:16 +0000: Memory Usage (137712K) : siwg_filler has 0 polygons
2026-08-20 11:01:16 +0000: Memory Usage (137712K) : siwg_nofill has 0 polygons
2026-08-20 11:01:16 +0000: Memory Usage (137712K) : sigrating_drw has 0 polygons
2026-08-20 11:01:16 +0000: Memory Usage (137712K) : singrating_drw has 0 polygons
2026-08-20 11:01:16 +0000: Memory Usage (137712K) : graphpas_drw has 0 polygons
2026-08-20 11:01:16 +0000: Memory Usage (137840K) : emwind3_drw has 0 polygons
2026-08-20 11:01:16 +0000: Memory Usage (137840K) : emwihv3_drw has 0 polygons
2026-08-20 11:01:16 +0000: Memory Usage (137840K) : redbulay_drw has 0 polygons
2026-08-20 11:01:16 +0000: Memory Usage (137840K) : smos_drw has 0 polygons
2026-08-20 11:01:16 +0000: Memory Usage (137840K) : graphpad_drw has 0 polygons
2026-08-20 11:01:16 +0000: Memory Usage (137840K) : polimide_drw has 0 polygons
2026-08-20 11:01:16 +0000: Memory Usage (137968K) : polimide_pin has 0 polygons
2026-08-20 11:01:16 +0000: Memory Usage (137968K) : recog_drw has 1 polygons
2026-08-20 11:01:16 +0000: Memory Usage (137968K) : recog_pin has 0 polygons
2026-08-20 11:01:16 +0000: Memory Usage (137968K) : recog_esd has 5 polygons
2026-08-20 11:01:16 +0000: Memory Usage (138096K) : recog_diode has 0 polygons
2026-08-20 11:01:16 +0000: Memory Usage (138096K) : recog_tsv has 0 polygons
2026-08-20 11:01:16 +0000: Memory Usage (138096K) : recog_iprobe has 0 polygons
2026-08-20 11:01:16 +0000: Memory Usage (138096K) : recog_diffprb has 0 polygons
2026-08-20 11:01:16 +0000: Memory Usage (138224K) : recog_pillar has 0 polygons
2026-08-20 11:01:16 +0000: Memory Usage (138224K) : recog_sbump has 0 polygons
2026-08-20 11:01:16 +0000: Memory Usage (138224K) : recog_otp has 0 polygons
2026-08-20 11:01:16 +0000: Memory Usage (138224K) : recog_pdiode has 0 polygons
2026-08-20 11:01:16 +0000: Memory Usage (138352K) : recog_mom has 0 polygons
2026-08-20 11:01:16 +0000: Memory Usage (138352K) : recog_momf has 0 polygons
2026-08-20 11:01:16 +0000: Memory Usage (138352K) : recog_pcm has 0 polygons
2026-08-20 11:01:16 +0000: Memory Usage (138352K) : colopen_drw has 0 polygons
2026-08-20 11:01:16 +0000: Memory Usage (138480K) : graphmetal1_drw has 0 polygons
2026-08-20 11:01:16 +0000: Memory Usage (138480K) : graphmetal1_filler has 0 polygons
2026-08-20 11:01:16 +0000: Memory Usage (138480K) : graphmetal1_nofill has 0 polygons
2026-08-20 11:01:16 +0000: Memory Usage (138480K) : graphmetal1_slit has 0 polygons
2026-08-20 11:01:16 +0000: Memory Usage (138608K) : graphmetal1_OPC has 0 polygons
2026-08-20 11:01:16 +0000: Memory Usage (138608K) : graphmet1l_drw has 0 polygons
2026-08-20 11:01:16 +0000: Memory Usage (138608K) : graphmet1l_filler has 0 polygons
2026-08-20 11:01:16 +0000: Memory Usage (138608K) : graphmet1l_nofill has 0 polygons
2026-08-20 11:01:16 +0000: Memory Usage (138736K) : graphmet1l_slit has 0 polygons
2026-08-20 11:01:16 +0000: Memory Usage (138736K) : graphmet1l_OPC has 0 polygons
2026-08-20 11:01:16 +0000: Memory Usage (138736K) : extblock_drw has 12 polygons
2026-08-20 11:01:16 +0000: Memory Usage (138736K) : nldd_drw has 0 polygons
2026-08-20 11:01:16 +0000: Memory Usage (138864K) : pldd_drw has 0 polygons
2026-08-20 11:01:16 +0000: Memory Usage (138864K) : next_drw has 0 polygons
2026-08-20 11:01:16 +0000: Memory Usage (138864K) : pext_drw has 0 polygons
2026-08-20 11:01:16 +0000: Memory Usage (138864K) : nexthv_drw has 0 polygons
2026-08-20 11:01:16 +0000: Memory Usage (138864K) : pexthv_drw has 0 polygons
2026-08-20 11:01:16 +0000: Memory Usage (138864K) : graphgate_drw has 0 polygons
2026-08-20 11:01:16 +0000: Memory Usage (138992K) : sinwg_drw has 0 polygons
2026-08-20 11:01:16 +0000: Memory Usage (138992K) : sinwg_filler has 0 polygons
2026-08-20 11:01:16 +0000: Memory Usage (138992K) : sinwg_nofill has 0 polygons
2026-08-20 11:01:16 +0000: Memory Usage (138992K) : mempad_drw has 0 polygons
2026-08-20 11:01:16 +0000: Memory Usage (138992K) : topvia1_drw has 480 polygons
2026-08-20 11:01:16 +0000: Memory Usage (139120K) : topmetal1_drw has 17 polygons
2026-08-20 11:01:16 +0000: Memory Usage (139120K) : topmetal1_filler has 0 polygons
2026-08-20 11:01:16 +0000: Memory Usage (139120K) : topmetal1_slit has 0 polygons
2026-08-20 11:01:16 +0000: Memory Usage (139120K) : topmetal1 has 17 polygons
2026-08-20 11:01:16 +0000: Memory Usage (139120K) : topmetal1_pin has 0 polygons
2026-08-20 11:01:16 +0000: Memory Usage (139248K) : topmetal1_mask has 0 polygons
2026-08-20 11:01:16 +0000: Memory Usage (139248K) : topmetal1_nofill has 0 polygons
2026-08-20 11:01:16 +0000: Memory Usage (139248K) : topmetal1_text has 0 polygons
2026-08-20 11:01:16 +0000: Memory Usage (139248K) : topmetal1_noqrc has 0 polygons
2026-08-20 11:01:16 +0000: Memory Usage (139248K) : topmetal1_res has 0 polygons
2026-08-20 11:01:16 +0000: Memory Usage (139376K) : topmetal1_iprobe has 0 polygons
2026-08-20 11:01:16 +0000: Memory Usage (139376K) : topmetal1_diffprb has 0 polygons
2026-08-20 11:01:16 +0000: Memory Usage (139376K) : inldpwl_drw has 0 polygons
2026-08-20 11:01:16 +0000: Memory Usage (139376K) : polyres_drw has 4 polygons
2026-08-20 11:01:16 +0000: Memory Usage (139504K) : polyres_pin has 0 polygons
2026-08-20 11:01:16 +0000: Memory Usage (139504K) : vmim_drw has 225 polygons
2026-08-20 11:01:16 +0000: Memory Usage (139504K) : nbulaycut_drw has 0 polygons
2026-08-20 11:01:16 +0000: Memory Usage (139504K) : antmetal1_drw has 0 polygons
2026-08-20 11:01:16 +0000: Memory Usage (139632K) : topvia2_drw has 201 polygons
2026-08-20 11:01:16 +0000: Memory Usage (139632K) : topmetal2_drw has 15 polygons
2026-08-20 11:01:16 +0000: Memory Usage (139632K) : topmetal2_filler has 0 polygons
2026-08-20 11:01:16 +0000: Memory Usage (139760K) : topmetal2_slit has 0 polygons
2026-08-20 11:01:16 +0000: Memory Usage (139760K) : topmetal2 has 15 polygons
2026-08-20 11:01:16 +0000: Memory Usage (139760K) : topmetal2_pin has 0 polygons
2026-08-20 11:01:16 +0000: Memory Usage (139888K) : topmetal2_mask has 0 polygons
2026-08-20 11:01:16 +0000: Memory Usage (139888K) : topmetal2_nofill has 0 polygons
2026-08-20 11:01:16 +0000: Memory Usage (139888K) : topmetal2_text has 4 polygons
2026-08-20 11:01:16 +0000: Memory Usage (139888K) : topmetal2_noqrc has 0 polygons
2026-08-20 11:01:16 +0000: Memory Usage (140016K) : topmetal2_res has 0 polygons
2026-08-20 11:01:16 +0000: Memory Usage (140016K) : topmetal2_iprobe has 0 polygons
2026-08-20 11:01:16 +0000: Memory Usage (140016K) : topmetal2_diffprb has 0 polygons
2026-08-20 11:01:16 +0000: Memory Usage (140016K) : snsring_drw has 0 polygons
2026-08-20 11:01:16 +0000: Memory Usage (140144K) : sensor_drw has 0 polygons
2026-08-20 11:01:16 +0000: Memory Usage (140144K) : snsarms_drw has 0 polygons
2026-08-20 11:01:16 +0000: Memory Usage (140144K) : snscmosvia_drw has 0 polygons
2026-08-20 11:01:16 +0000: Memory Usage (140144K) : colwind_drw has 0 polygons
2026-08-20 11:01:16 +0000: Memory Usage (140272K) : flm_drw has 0 polygons
2026-08-20 11:01:16 +0000: Memory Usage (140400K) : hafniumox_drw has 0 polygons
2026-08-20 11:01:16 +0000: Memory Usage (140400K) : memvia_drw has 0 polygons
2026-08-20 11:01:16 +0000: Memory Usage (140400K) : thinfilmres_drw has 0 polygons
2026-08-20 11:01:16 +0000: Memory Usage (140400K) : rfmem_drw has 0 polygons
2026-08-20 11:01:16 +0000: Memory Usage (140528K) : norcx_drw has 0 polygons
2026-08-20 11:01:16 +0000: Memory Usage (140528K) : norcx_m2m3 has 0 polygons
2026-08-20 11:01:16 +0000: Memory Usage (140528K) : norcx_m2m4 has 0 polygons
2026-08-20 11:01:16 +0000: Memory Usage (140528K) : norcx_m2m5 has 0 polygons
2026-08-20 11:01:16 +0000: Memory Usage (140528K) : norcx_m2tm1 has 0 polygons
2026-08-20 11:01:16 +0000: Memory Usage (140528K) : norcx_m2tm2 has 0 polygons
2026-08-20 11:01:16 +0000: Memory Usage (140528K) : norcx_m3m4 has 0 polygons
2026-08-20 11:01:16 +0000: Memory Usage (140528K) : norcx_m3m5 has 0 polygons
2026-08-20 11:01:16 +0000: Memory Usage (140528K) : norcx_m3tm1 has 0 polygons
2026-08-20 11:01:16 +0000: Memory Usage (140528K) : norcx_m3tm2 has 0 polygons
2026-08-20 11:01:16 +0000: Memory Usage (140528K) : norcx_m4m5 has 0 polygons
2026-08-20 11:01:16 +0000: Memory Usage (140528K) : norcx_m4tm1 has 0 polygons
2026-08-20 11:01:16 +0000: Memory Usage (140528K) : norcx_m4tm2 has 0 polygons
2026-08-20 11:01:16 +0000: Memory Usage (140528K) : norcx_m5tm1 has 0 polygons
2026-08-20 11:01:16 +0000: Memory Usage (140528K) : norcx_m5tm2 has 0 polygons
2026-08-20 11:01:16 +0000: Memory Usage (140528K) : norcx_tm1tm2 has 0 polygons
2026-08-20 11:01:16 +0000: Memory Usage (140528K) : norcx_m1sub has 0 polygons
2026-08-20 11:01:16 +0000: Memory Usage (140528K) : norcx_m2sub has 0 polygons
2026-08-20 11:01:16 +0000: Memory Usage (140528K) : norcx_m3sub has 0 polygons
2026-08-20 11:01:16 +0000: Memory Usage (140528K) : norcx_m4sub has 0 polygons
2026-08-20 11:01:16 +0000: Memory Usage (140528K) : norcx_m5sub has 0 polygons
2026-08-20 11:01:16 +0000: Memory Usage (140528K) : norcx_tm1sub has 0 polygons
2026-08-20 11:01:16 +0000: Memory Usage (140528K) : norcx_tm2sub has 0 polygons
2026-08-20 11:01:16 +0000: Memory Usage (140528K) : snsbotvia_drw has 0 polygons
2026-08-20 11:01:16 +0000: Memory Usage (140528K) : snstopvia_drw has 0 polygons
2026-08-20 11:01:16 +0000: Memory Usage (140528K) : deepvia_drw has 0 polygons
2026-08-20 11:01:16 +0000: Memory Usage (140528K) : fgetch_drw has 0 polygons
2026-08-20 11:01:16 +0000: Memory Usage (140528K) : ctrgat_drw has 0 polygons
2026-08-20 11:01:16 +0000: Memory Usage (140528K) : fgimp_drw has 0 polygons
2026-08-20 11:01:16 +0000: Memory Usage (140528K) : emwihv_drw has 0 polygons
2026-08-20 11:01:16 +0000: Memory Usage (140528K) : lbe_drw has 0 polygons
2026-08-20 11:01:16 +0000: Memory Usage (140528K) : alcustop_drw has 0 polygons
2026-08-20 11:01:16 +0000: Memory Usage (140528K) : nometfiller_drw has 0 polygons
2026-08-20 11:01:16 +0000: Memory Usage (140528K) : prboundary_drw has 0 polygons
2026-08-20 11:01:16 +0000: Memory Usage (140528K) : exchange0_drw has 0 polygons
2026-08-20 11:01:16 +0000: Memory Usage (140528K) : exchange0_pin has 0 polygons
2026-08-20 11:01:16 +0000: Memory Usage (140528K) : exchange0_text has 0 polygons
2026-08-20 11:01:16 +0000: Memory Usage (140528K) : exchange1_drw has 0 polygons
2026-08-20 11:01:16 +0000: Memory Usage (140528K) : exchange1_pin has 0 polygons
2026-08-20 11:01:16 +0000: Memory Usage (140528K) : exchange1_text has 0 polygons
2026-08-20 11:01:16 +0000: Memory Usage (140528K) : exchange2_drw has 0 polygons
2026-08-20 11:01:16 +0000: Memory Usage (140528K) : exchange2_pin has 0 polygons
2026-08-20 11:01:16 +0000: Memory Usage (140528K) : exchange2_text has 0 polygons
2026-08-20 11:01:16 +0000: Memory Usage (140528K) : exchange3_drw has 0 polygons
2026-08-20 11:01:16 +0000: Memory Usage (140528K) : exchange3_pin has 0 polygons
2026-08-20 11:01:16 +0000: Memory Usage (140528K) : exchange3_text has 0 polygons
2026-08-20 11:01:16 +0000: Memory Usage (140528K) : exchange4_drw has 0 polygons
2026-08-20 11:01:16 +0000: Memory Usage (140528K) : exchange4_pin has 0 polygons
2026-08-20 11:01:16 +0000: Memory Usage (140528K) : exchange4_text has 0 polygons
2026-08-20 11:01:16 +0000: Memory Usage (140528K) : isonwell_drw has 0 polygons
2026-08-20 11:01:16 +0000: Memory Usage (140528K) : Total no. of polygons in the design is 13024
2026-08-20 11:01:16 +0000: Memory Usage (140528K) : Starting base layers derivations
2026-08-20 11:01:16 +0000: Memory Usage (140528K) : Starting general LVS derivations
2026-08-20 11:01:16 +0000: Memory Usage (144448K) : Starting MOSFET DERIVATIONS
2026-08-20 11:01:16 +0000: Memory Usage (145344K) : Starting NMOS DERIVATIONS
2026-08-20 11:01:16 +0000: Memory Usage (145344K) : Starting PMOS DERIVATIONS
2026-08-20 11:01:16 +0000: Memory Usage (145344K) : Starting RF-MOSFET DERIVATIONS
2026-08-20 11:01:16 +0000: Memory Usage (145344K) : Starting RF-NMOS DERIVATIONS
2026-08-20 11:01:16 +0000: Memory Usage (145344K) : Starting RF-PMOS DERIVATIONS
2026-08-20 11:01:16 +0000: Memory Usage (145344K) : Starting BJT DERIVATIONS
2026-08-20 11:01:16 +0000: Memory Usage (145344K) : Starting NPN-BJT DERIVATIONS
2026-08-20 11:01:16 +0000: Memory Usage (145344K) : Starting PNP-BJT DERIVATIONS
2026-08-20 11:01:16 +0000: Memory Usage (145344K) : Starting DIODE DERIVATIONS
2026-08-20 11:01:16 +0000: Memory Usage (145344K) : Starting RESISTOR DERIVATIONS
2026-08-20 11:01:16 +0000: Memory Usage (145472K) : Starting CAP DERIVATIONS
2026-08-20 11:01:16 +0000: Memory Usage (145472K) : Starting CAP_CMOM DERIVATIONS
2026-08-20 11:01:16 +0000: Memory Usage (145472K) : Starting CAP_CMOMF DERIVATIONS
2026-08-20 11:01:16 +0000: Memory Usage (145472K) : Starting ESD DERIVATIONS
2026-08-20 11:01:17 +0000: Memory Usage (145600K) : Starting Inductor DERIVATIONS
2026-08-20 11:01:17 +0000: Memory Usage (145600K) : Starting Taps DERIVATIONS
2026-08-20 11:01:17 +0000: Memory Usage (145600K) : Starting SG13G2 LVS connectivity setup
2026-08-20 11:01:17 +0000: Memory Usage (145600K) : Starting SG13G2 LVS connectivity setup (Inter-layer)
2026-08-20 11:01:17 +0000: Memory Usage (145728K) : Starting SG13G2 LVS connectivity setup (Global)
2026-08-20 11:01:17 +0000: Memory Usage (145728K) : Starting LVS MOSFET CONNECTIONS
2026-08-20 11:01:17 +0000: Memory Usage (145728K) : Starting LVS RF-MOSFET CONNECTIONS
2026-08-20 11:01:17 +0000: Memory Usage (145728K) : Starting LVS BJT CONNECTIONS
2026-08-20 11:01:17 +0000: Memory Usage (145728K) : Starting LVS DIODE CONNECTIONS
2026-08-20 11:01:17 +0000: Memory Usage (145728K) : Starting RESISTOR CONNECTIONS
2026-08-20 11:01:17 +0000: Memory Usage (145728K) : Starting LVS CAP CONNECTIONS
2026-08-20 11:01:17 +0000: Memory Usage (145728K) : Starting CAP_CMOM CONNECTIONS
2026-08-20 11:01:17 +0000: Memory Usage (145728K) : Starting CAP_CMOMF CONNECTIONS
2026-08-20 11:01:17 +0000: Memory Usage (145728K) : Starting ESD CONNECTIONS
2026-08-20 11:01:17 +0000: Memory Usage (145728K) : Starting Inductor CONNECTIONS
2026-08-20 11:01:17 +0000: Memory Usage (145728K) : Starting LVS Taps CONNECTIONS
2026-08-20 11:01:17 +0000: Memory Usage (145728K) : Starting SG13G2 LVS DEVICES EXTRACTION
2026-08-20 11:01:17 +0000: Memory Usage (145728K) : Starting MOSFET EXTRACTION
2026-08-20 11:01:17 +0000: Memory Usage (145728K) : Starting NMOS EXTRACTION
2026-08-20 11:01:17 +0000: Memory Usage (145728K) : Extraction of NMOS-LV transistor
2026-08-20 11:01:17 +0000: Memory Usage (145728K) : Extraction of NMOS-HV transistor
2026-08-20 11:01:17 +0000: Memory Usage (145728K) : Starting PMOS EXTRACTION
2026-08-20 11:01:17 +0000: Memory Usage (145728K) : Extraction of PMOS-LV transistor
2026-08-20 11:01:17 +0000: Memory Usage (145728K) : Extraction of PMOS-HV transistor
2026-08-20 11:01:17 +0000: Memory Usage (145728K) : Starting RF-MOSFET EXTRACTION
2026-08-20 11:01:17 +0000: Memory Usage (145728K) : Extraction of RF-NMOS-LV transistor
2026-08-20 11:01:17 +0000: Memory Usage (145728K) : Extraction of RF-NMOS-HV transistor
2026-08-20 11:01:17 +0000: Memory Usage (145728K) : Extraction of RF-PMOS-LV transistor
2026-08-20 11:01:17 +0000: Memory Usage (145728K) : Extraction of RF-PMOS-HV transistor
2026-08-20 11:01:17 +0000: Memory Usage (145728K) : Starting BJT EXTRACTION
2026-08-20 11:01:17 +0000: Memory Usage (145728K) : Starting NPN-BJT EXTRACTION
2026-08-20 11:01:17 +0000: Memory Usage (145728K) : Extraction of npn13G2 BJT transistor
2026-08-20 11:01:17 +0000: Memory Usage (145728K) : Extraction of npn13G2L BJT transistor
2026-08-20 11:01:17 +0000: Memory Usage (145728K) : Extraction of npn13G2V BJT transistor
2026-08-20 11:01:17 +0000: Memory Usage (145728K) : Starting PNP-BJT EXTRACTION
2026-08-20 11:01:17 +0000: Memory Usage (145728K) : Extracting pnpMPA BJT
2026-08-20 11:01:17 +0000: Memory Usage (145728K) : Starting DIODE EXTRACTION
2026-08-20 11:01:17 +0000: Memory Usage (145728K) : Extracting dantenna diode
2026-08-20 11:01:17 +0000: Memory Usage (145728K) : Extracting dpantenna diode
2026-08-20 11:01:17 +0000: Memory Usage (145728K) : Extracting schottky_nbl1 diode
2026-08-20 11:01:17 +0000: Memory Usage (145728K) : Extracting isolbox diode
2026-08-20 11:01:17 +0000: Memory Usage (145728K) : Starting RESISTOR EXTRACTION
2026-08-20 11:01:17 +0000: Memory Usage (145728K) : Extracting rsil resistor
2026-08-20 11:01:17 +0000: Memory Usage (145984K) : Extracting rppd resistor
2026-08-20 11:01:17 +0000: Memory Usage (145984K) : Extracting rhigh resistor
2026-08-20 11:01:17 +0000: Memory Usage (145984K) : Extracting res_metal1 resistor
2026-08-20 11:01:17 +0000: Memory Usage (145984K) : Extracting res_metal2 resistor
2026-08-20 11:01:17 +0000: Memory Usage (145984K) : Extracting res_metal3 resistor
2026-08-20 11:01:17 +0000: Memory Usage (145984K) : Extracting res_metal4 resistor
2026-08-20 11:01:17 +0000: Memory Usage (145984K) : Extracting res_metal5 resistor
2026-08-20 11:01:17 +0000: Memory Usage (145984K) : Extracting res_topmetal1 resistor
2026-08-20 11:01:17 +0000: Memory Usage (145984K) : Extracting res_topmetal2 resistor
2026-08-20 11:01:17 +0000: Memory Usage (145984K) : Starting CAP EXTRACTION
2026-08-20 11:01:17 +0000: Memory Usage (145984K) : Extracting cap_cmim device
2026-08-20 11:01:17 +0000: Memory Usage (145984K) : Extracting rfcmim device
2026-08-20 11:01:17 +0000: Memory Usage (145984K) : Extracting sg13_hv_svaricap varactor
2026-08-20 11:01:17 +0000: Memory Usage (145984K) : Extracting cap_cmomi device
2026-08-20 11:01:17 +0000: Memory Usage (145984K) : Extracting cap_cmomf device
2026-08-20 11:01:17 +0000: Memory Usage (145984K) : Extracting sg13_moscap_n capacitor
2026-08-20 11:01:17 +0000: Memory Usage (145984K) : Extracting sg13_moscap_p capacitor
2026-08-20 11:01:17 +0000: Memory Usage (145984K) : Starting ESD EXTRACTION
2026-08-20 11:01:17 +0000: Memory Usage (145984K) : Extracting diodevdd_2kv ESD device
2026-08-20 11:01:17 +0000: Memory Usage (145984K) : Extracting diodevdd_4kv ESD device
2026-08-20 11:01:17 +0000: Memory Usage (145984K) : Extracting diodevss_2kv ESD device
2026-08-20 11:01:17 +0000: Memory Usage (145984K) : Extracting diodevss_4kv ESD device
2026-08-20 11:01:17 +0000: Memory Usage (145984K) : Extracting idiodevdd_2kv ESD device
2026-08-20 11:01:17 +0000: Memory Usage (145984K) : Extracting idiodevdd_4kv ESD device
2026-08-20 11:01:17 +0000: Memory Usage (145984K) : Extracting idiodevss_2kv ESD device
2026-08-20 11:01:17 +0000: Memory Usage (145984K) : Extracting idiodevss_4kv ESD device
2026-08-20 11:01:17 +0000: Memory Usage (145984K) : Extracting nmoscl_2 ESD device
2026-08-20 11:01:17 +0000: Memory Usage (145984K) : Extracting nmoscl_4 ESD device
2026-08-20 11:01:17 +0000: Memory Usage (145984K) : Starting Inductor EXTRACTION
2026-08-20 11:01:17 +0000: Memory Usage (145984K) : Extracting Inductor2 device
2026-08-20 11:01:17 +0000: Memory Usage (145984K) : Extracting Inductor3 device
2026-08-20 11:01:17 +0000: Memory Usage (145984K) : Starting Taps EXTRACTION
2026-08-20 11:01:17 +0000: Memory Usage (145984K) : DISABLE_TAP_EXTRACTION is enabled: skipping ntap1/ptap1 device extraction.
2026-08-20 11:01:17 +0000: Memory Usage (145984K) : Starting SG13G2 LVS RF MOS Model Mapping
2026-08-20 11:01:17 +0000: Memory Usage (145984K) : [layout_netlist] Apply RF MOS model mapping and rfmode parameter.
2026-08-20 11:01:17 +0000: Memory Usage (145984K) : Starting SG13G2 LVS Options Preparations
2026-08-20 11:01:17 +0000: Memory Usage (145984K) : SG13G2 LVS flow: extraction -> alignment -> option preparation -> comparison.
2026-08-20 11:01:17 +0000: Memory Usage (145984K) : Starting SG13G2 LVS Alignment
2026-08-20 11:01:17 +0000: Memory Usage (145984K) : Starting SG13G2 LVS Simplification
2026-08-20 11:01:17 +0000: Memory Usage (145984K) : [layout_netlist] simplify: ENABLED
2026-08-20 11:01:17 +0000: Memory Usage (145984K) : [layout_netlist] make_top_level_pins: SKIPPED
2026-08-20 11:01:17 +0000: Memory Usage (145984K) : [layout_netlist] combine_devices: SKIPPED
2026-08-20 11:01:17 +0000: Memory Usage (145984K) : [layout_netlist] purge: SKIPPED
2026-08-20 11:01:17 +0000: Memory Usage (145984K) : [layout_netlist] purge_nets: SKIPPED
2026-08-20 11:01:17 +0000: Memory Usage (145984K) : [schematic_netlist] simplify: ENABLED
2026-08-20 11:01:17 +0000: Memory Usage (145984K) : [schematic_netlist] make_top_level_pins: SKIPPED
2026-08-20 11:01:17 +0000: Memory Usage (145984K) : [schematic_netlist] combine_devices: SKIPPED
2026-08-20 11:01:17 +0000: Memory Usage (145984K) : [schematic_netlist] purge: SKIPPED
2026-08-20 11:01:17 +0000: Memory Usage (145984K) : [schematic_netlist] purge_nets: SKIPPED
2026-08-20 11:01:17 +0000: Memory Usage (145984K) : Starting SG13G2 LVS Comparison
2026-08-20 11:01:17 +0000: Memory Usage (146112K) : xxxxxxxxxxxxxxxxxxxxxxxxxxxxxxxxxxxxxxxxxx
2026-08-20 11:01:17 +0000: Memory Usage (146112K) : ERROR : Netlists don't match
2026-08-20 11:01:17 +0000: Memory Usage (146112K) : xxxxxxxxxxxxxxxxxxxxxxxxxxxxxxxxxxxxxxxxxx
2026-08-20 11:01:17 +0000: Memory Usage (146112K) : LVS Total Run time 1.602865 seconds
2026-08-20 11:01:41 +0000: Memory Usage (128744K) : Starting running SG13G2 Klayout LVS runset on /workspace/layout/blocks/out/term_stage/_bisect/plus_clamp.gds
2026-08-20 11:01:41 +0000: Memory Usage (128744K) : Ruby Version for klayout: 3.2.3
2026-08-20 11:01:41 +0000: Memory Usage (129888K) : Loading database to memory is complete.
2026-08-20 11:01:41 +0000: Memory Usage (129888K) : SG13G2 Klayout LVS runset output at: /workspace/layout/blocks/out/term_stage/_bisect/plus_clamp/plus_clamp.lvsdb
2026-08-20 11:01:41 +0000: Memory Usage (129888K) : Evaluate switches.
2026-08-20 11:01:41 +0000: Memory Usage (129888K) : Extracted netlist with net names: true
2026-08-20 11:01:41 +0000: Memory Usage (129888K) : Extracted netlist with comments in details: false
2026-08-20 11:01:41 +0000: Memory Usage (129888K) : Selected NET_ONLY option: false
2026-08-20 11:01:41 +0000: Memory Usage (129888K) : Selected LAYOUT_NETLIST option: (none)
2026-08-20 11:01:41 +0000: Memory Usage (129888K) : Selected IGNORE_TOP_PORTS_MISMATCH option: true
2026-08-20 11:01:41 +0000: Memory Usage (129888K) : Selected IMPLICIT_NETS option: sub,sub!
2026-08-20 11:01:41 +0000: Memory Usage (129888K) : Selected TOP_LVL_PINS option: false
2026-08-20 11:01:41 +0000: Memory Usage (129888K) : Selected COMBINE DEVICES option: false
2026-08-20 11:01:41 +0000: Memory Usage (129888K) : Selected PURGE option: false
2026-08-20 11:01:41 +0000: Memory Usage (129888K) : Selected PURGE_NETS option: false
2026-08-20 11:01:41 +0000: Memory Usage (129888K) : Selected SIMPLIFY option: true
2026-08-20 11:01:41 +0000: Memory Usage (129888K) : Selected SERIES_RES option: true
2026-08-20 11:01:41 +0000: Memory Usage (129888K) : Selected PARALLEL_RES option: true
2026-08-20 11:01:41 +0000: Memory Usage (129888K) : Selected DISABLE_TAP_EXTRACTION option: true
2026-08-20 11:01:41 +0000: Memory Usage (129888K) : deep  mode is enabled.
2026-08-20 11:01:41 +0000: Memory Usage (129888K) : Applying implicit connections (case-sensitive, pattern supported) for nets: sub, sub!
2026-08-20 11:01:41 +0000: Memory Usage (131008K) : Netlist file: /workspace/layout/blocks/out/term_stage/_bisect/plus_clamp.cdl
2026-08-20 11:01:41 +0000: Memory Usage (131008K) : LVS extracted netlist at: /workspace/layout/blocks/out/term_stage/_bisect/plus_clamp/plus_clamp_extracted.cir
2026-08-20 11:01:41 +0000: Memory Usage (131008K) : Applying SRAM integration support.
2026-08-20 11:01:41 +0000: Memory Usage (131008K) : Starting SG13G2 LVS runset
2026-08-20 11:01:41 +0000: Memory Usage (131008K) : Read in polygons from layers.
2026-08-20 11:01:41 +0000: Memory Usage (132576K) : activ_drw has 130 polygons
2026-08-20 11:01:41 +0000: Memory Usage (132576K) : activ_filler has 0 polygons
2026-08-20 11:01:41 +0000: Memory Usage (132832K) : activ has 130 polygons
2026-08-20 11:01:41 +0000: Memory Usage (132832K) : activ_pin has 0 polygons
2026-08-20 11:01:41 +0000: Memory Usage (132832K) : activ_mask has 0 polygons
2026-08-20 11:01:41 +0000: Memory Usage (132832K) : activ_nofill has 0 polygons
2026-08-20 11:01:41 +0000: Memory Usage (132832K) : activ_OPC has 0 polygons
2026-08-20 11:01:41 +0000: Memory Usage (132920K) : activ_iOPC has 0 polygons
2026-08-20 11:01:41 +0000: Memory Usage (133432K) : activ_noqrc has 0 polygons
2026-08-20 11:01:41 +0000: Memory Usage (133432K) : biwind_drw has 0 polygons
2026-08-20 11:01:41 +0000: Memory Usage (133432K) : biwind_OPC has 0 polygons
2026-08-20 11:01:41 +0000: Memory Usage (133432K) : gatpoly_drw has 25 polygons
2026-08-20 11:01:41 +0000: Memory Usage (133432K) : gatpoly_filler has 0 polygons
2026-08-20 11:01:41 +0000: Memory Usage (133432K) : gatpoly has 25 polygons
2026-08-20 11:01:41 +0000: Memory Usage (133432K) : gatpoly_pin has 0 polygons
2026-08-20 11:01:41 +0000: Memory Usage (133432K) : gatpoly_nofill has 0 polygons
2026-08-20 11:01:41 +0000: Memory Usage (133432K) : gatpoly_OPC has 0 polygons
2026-08-20 11:01:41 +0000: Memory Usage (133432K) : gatpoly_iOPC has 0 polygons
2026-08-20 11:01:41 +0000: Memory Usage (133432K) : gatpoly_noqrc has 0 polygons
2026-08-20 11:01:41 +0000: Memory Usage (133432K) : cont_drw has 6147 polygons
2026-08-20 11:01:41 +0000: Memory Usage (133432K) : cont_OPC has 0 polygons
2026-08-20 11:01:41 +0000: Memory Usage (133432K) : nsd_drw has 0 polygons
2026-08-20 11:01:41 +0000: Memory Usage (133432K) : nsd_block has 0 polygons
2026-08-20 11:01:41 +0000: Memory Usage (133432K) : metal1_drw has 272 polygons
2026-08-20 11:01:41 +0000: Memory Usage (133432K) : metal1_filler has 0 polygons
2026-08-20 11:01:41 +0000: Memory Usage (133432K) : metal1_slit has 0 polygons
2026-08-20 11:01:41 +0000: Memory Usage (133560K) : metal1 has 272 polygons
2026-08-20 11:01:41 +0000: Memory Usage (133688K) : metal1_pin has 112 polygons
2026-08-20 11:01:41 +0000: Memory Usage (133688K) : metal1_mask has 0 polygons
2026-08-20 11:01:41 +0000: Memory Usage (133816K) : metal1_nofill has 0 polygons
2026-08-20 11:01:41 +0000: Memory Usage (133944K) : metal1_text has 8 polygons
2026-08-20 11:01:41 +0000: Memory Usage (133944K) : metal1_OPC has 0 polygons
2026-08-20 11:01:41 +0000: Memory Usage (134072K) : metal1_noqrc has 0 polygons
2026-08-20 11:01:41 +0000: Memory Usage (134072K) : metal1_res has 0 polygons
2026-08-20 11:01:41 +0000: Memory Usage (134072K) : metal1_iprobe has 0 polygons
2026-08-20 11:01:41 +0000: Memory Usage (134200K) : metal1_diffprb has 0 polygons
2026-08-20 11:01:41 +0000: Memory Usage (134200K) : passiv_drw has 2 polygons
2026-08-20 11:01:41 +0000: Memory Usage (134200K) : passiv_pin has 0 polygons
2026-08-20 11:01:41 +0000: Memory Usage (134328K) : passiv_sbump has 0 polygons
2026-08-20 11:01:41 +0000: Memory Usage (134328K) : passiv_pillar has 0 polygons
2026-08-20 11:01:41 +0000: Memory Usage (134328K) : passiv_pdl has 0 polygons
2026-08-20 11:01:41 +0000: Memory Usage (134456K) : metal2_drw has 52 polygons
2026-08-20 11:01:41 +0000: Memory Usage (134456K) : metal2_filler has 0 polygons
2026-08-20 11:01:41 +0000: Memory Usage (134456K) : metal2_slit has 0 polygons
2026-08-20 11:01:41 +0000: Memory Usage (134584K) : metal2 has 52 polygons
2026-08-20 11:01:41 +0000: Memory Usage (134584K) : metal2_pin has 8 polygons
2026-08-20 11:01:41 +0000: Memory Usage (134584K) : metal2_mask has 0 polygons
2026-08-20 11:01:41 +0000: Memory Usage (134584K) : metal2_nofill has 0 polygons
2026-08-20 11:01:41 +0000: Memory Usage (134712K) : metal2_text has 8 polygons
2026-08-20 11:01:41 +0000: Memory Usage (134712K) : metal2_OPC has 0 polygons
2026-08-20 11:01:41 +0000: Memory Usage (134712K) : metal2_noqrc has 0 polygons
2026-08-20 11:01:41 +0000: Memory Usage (134712K) : metal2_res has 0 polygons
2026-08-20 11:01:41 +0000: Memory Usage (134840K) : metal2_iprobe has 0 polygons
2026-08-20 11:01:41 +0000: Memory Usage (134840K) : metal2_diffprb has 0 polygons
2026-08-20 11:01:41 +0000: Memory Usage (134840K) : baspoly_drw has 0 polygons
2026-08-20 11:01:41 +0000: Memory Usage (134840K) : baspoly_pin has 0 polygons
2026-08-20 11:01:41 +0000: Memory Usage (134968K) : psd_drw has 119 polygons
2026-08-20 11:01:41 +0000: Memory Usage (134968K) : nldb_drw has 0 polygons
2026-08-20 11:01:41 +0000: Memory Usage (134968K) : digibnd_drw has 0 polygons
2026-08-20 11:01:41 +0000: Memory Usage (134968K) : via1_drw has 1915 polygons
2026-08-20 11:01:41 +0000: Memory Usage (135096K) : backmetal1_drw has 0 polygons
2026-08-20 11:01:41 +0000: Memory Usage (135096K) : backmetal1_pin has 0 polygons
2026-08-20 11:01:41 +0000: Memory Usage (135096K) : backmetal1_mask has 0 polygons
2026-08-20 11:01:41 +0000: Memory Usage (135224K) : backmetal1_filler has 0 polygons
2026-08-20 11:01:41 +0000: Memory Usage (135224K) : backmetal1_nofill has 0 polygons
2026-08-20 11:01:41 +0000: Memory Usage (135224K) : backmetal1_slit has 0 polygons
2026-08-20 11:01:41 +0000: Memory Usage (135224K) : backmetal1_text has 0 polygons
2026-08-20 11:01:41 +0000: Memory Usage (135352K) : backmetal1_OPC has 0 polygons
2026-08-20 11:01:41 +0000: Memory Usage (135352K) : backmetal1_noqrc has 0 polygons
2026-08-20 11:01:41 +0000: Memory Usage (135352K) : backmetal1_res has 0 polygons
2026-08-20 11:01:41 +0000: Memory Usage (135352K) : backmetal1_iprobe has 0 polygons
2026-08-20 11:01:41 +0000: Memory Usage (135480K) : backmetal1_diffprb has 0 polygons
2026-08-20 11:01:41 +0000: Memory Usage (135480K) : backpassiv_drw has 0 polygons
2026-08-20 11:01:41 +0000: Memory Usage (135480K) : res_drw has 2 polygons
2026-08-20 11:01:41 +0000: Memory Usage (135480K) : sram_drw has 0 polygons
2026-08-20 11:01:41 +0000: Memory Usage (135608K) : trans_drw has 0 polygons
2026-08-20 11:01:41 +0000: Memory Usage (135608K) : ind_drw has 0 polygons
2026-08-20 11:01:41 +0000: Memory Usage (135608K) : ind_pin has 0 polygons
2026-08-20 11:01:41 +0000: Memory Usage (135608K) : ind_text has 0 polygons
2026-08-20 11:01:41 +0000: Memory Usage (135736K) : salblock_drw has 14 polygons
2026-08-20 11:01:41 +0000: Memory Usage (135736K) : via2_drw has 833 polygons
2026-08-20 11:01:41 +0000: Memory Usage (135736K) : metal3_drw has 41 polygons
2026-08-20 11:01:41 +0000: Memory Usage (135864K) : metal3_filler has 0 polygons
2026-08-20 11:01:41 +0000: Memory Usage (135864K) : metal3_slit has 0 polygons
2026-08-20 11:01:41 +0000: Memory Usage (135864K) : metal3 has 41 polygons
2026-08-20 11:01:41 +0000: Memory Usage (135864K) : metal3_pin has 2 polygons
2026-08-20 11:01:41 +0000: Memory Usage (135864K) : metal3_mask has 0 polygons
2026-08-20 11:01:41 +0000: Memory Usage (135864K) : metal3_nofill has 0 polygons
2026-08-20 11:01:41 +0000: Memory Usage (135864K) : metal3_text has 0 polygons
2026-08-20 11:01:41 +0000: Memory Usage (135864K) : metal3_OPC has 0 polygons
2026-08-20 11:01:41 +0000: Memory Usage (135864K) : metal3_noqrc has 0 polygons
2026-08-20 11:01:41 +0000: Memory Usage (135864K) : metal3_res has 0 polygons
2026-08-20 11:01:41 +0000: Memory Usage (135864K) : metal3_iprobe has 0 polygons
2026-08-20 11:01:41 +0000: Memory Usage (135864K) : metal3_diffprb has 0 polygons
2026-08-20 11:01:41 +0000: Memory Usage (135864K) : nwell_drw has 14 polygons
2026-08-20 11:01:41 +0000: Memory Usage (135864K) : nwell_pin has 0 polygons
2026-08-20 11:01:41 +0000: Memory Usage (135864K) : nwell_text has 0 polygons
2026-08-20 11:01:41 +0000: Memory Usage (135864K) : nbulay_drw has 1 polygons
2026-08-20 11:01:41 +0000: Memory Usage (135992K) : nbulay_pin has 0 polygons
2026-08-20 11:01:41 +0000: Memory Usage (135992K) : nbulay_block has 0 polygons
2026-08-20 11:01:41 +0000: Memory Usage (135992K) : emwind_drw has 0 polygons
2026-08-20 11:01:41 +0000: Memory Usage (135992K) : emwind_OPC has 0 polygons
2026-08-20 11:01:41 +0000: Memory Usage (135992K) : deepco_drw has 0 polygons
2026-08-20 11:01:41 +0000: Memory Usage (136120K) : mim_drw has 1 polygons
2026-08-20 11:01:41 +0000: Memory Usage (136120K) : edgeseal_drw has 0 polygons
2026-08-20 11:01:41 +0000: Memory Usage (136120K) : substrate_drw has 100 polygons
2026-08-20 11:01:41 +0000: Memory Usage (136120K) : substrate_text has 0 polygons
2026-08-20 11:01:41 +0000: Memory Usage (136120K) : dfpad_drw has 2 polygons
2026-08-20 11:01:41 +0000: Memory Usage (136120K) : dfpad_pillar has 0 polygons
2026-08-20 11:01:41 +0000: Memory Usage (136248K) : dfpad_sbump has 0 polygons
2026-08-20 11:01:41 +0000: Memory Usage (136248K) : thickgateox_drw has 1 polygons
2026-08-20 11:01:41 +0000: Memory Usage (136248K) : pldb_drw has 0 polygons
2026-08-20 11:01:41 +0000: Memory Usage (136248K) : pwell_drw has 0 polygons
2026-08-20 11:01:41 +0000: Memory Usage (136248K) : pwell_pin has 0 polygons
2026-08-20 11:01:41 +0000: Memory Usage (136376K) : pwell_block has 0 polygons
2026-08-20 11:01:41 +0000: Memory Usage (136376K) : ic_drw has 0 polygons
2026-08-20 11:01:41 +0000: Memory Usage (136376K) : via3_drw has 1024 polygons
2026-08-20 11:01:41 +0000: Memory Usage (136376K) : metal4_drw has 23 polygons
2026-08-20 11:01:41 +0000: Memory Usage (136376K) : metal4_filler has 0 polygons
2026-08-20 11:01:41 +0000: Memory Usage (136376K) : metal4_slit has 0 polygons
2026-08-20 11:01:41 +0000: Memory Usage (136504K) : metal4 has 23 polygons
2026-08-20 11:01:41 +0000: Memory Usage (136504K) : metal4_pin has 0 polygons
2026-08-20 11:01:41 +0000: Memory Usage (136504K) : metal4_mask has 0 polygons
2026-08-20 11:01:41 +0000: Memory Usage (136504K) : metal4_nofill has 0 polygons
2026-08-20 11:01:41 +0000: Memory Usage (136504K) : metal4_text has 4 polygons
2026-08-20 11:01:41 +0000: Memory Usage (136504K) : metal4_OPC has 0 polygons
2026-08-20 11:01:41 +0000: Memory Usage (136632K) : metal4_noqrc has 0 polygons
2026-08-20 11:01:41 +0000: Memory Usage (136632K) : metal4_res has 0 polygons
2026-08-20 11:01:41 +0000: Memory Usage (136632K) : metal4_iprobe has 0 polygons
2026-08-20 11:01:41 +0000: Memory Usage (136632K) : metal4_diffprb has 0 polygons
2026-08-20 11:01:41 +0000: Memory Usage (136632K) : heattrans_drw has 0 polygons
2026-08-20 11:01:41 +0000: Memory Usage (136632K) : heatres_drw has 4 polygons
2026-08-20 11:01:41 +0000: Memory Usage (136632K) : fbe_drw has 0 polygons
2026-08-20 11:01:41 +0000: Memory Usage (136760K) : empoly_drw has 0 polygons
2026-08-20 11:01:41 +0000: Memory Usage (136760K) : digisub_drw has 0 polygons
2026-08-20 11:01:41 +0000: Memory Usage (136760K) : text_drw has 126 polygons
2026-08-20 11:01:41 +0000: Memory Usage (136760K) : via4_drw has 1020 polygons
2026-08-20 11:01:41 +0000: Memory Usage (136760K) : metal5_drw has 50 polygons
2026-08-20 11:01:41 +0000: Memory Usage (136760K) : metal5_filler has 0 polygons
2026-08-20 11:01:41 +0000: Memory Usage (136888K) : metal5_slit has 0 polygons
2026-08-20 11:01:41 +0000: Memory Usage (136888K) : metal5 has 50 polygons
2026-08-20 11:01:41 +0000: Memory Usage (136888K) : metal5_pin has 0 polygons
2026-08-20 11:01:41 +0000: Memory Usage (136888K) : metal5_mask has 0 polygons
2026-08-20 11:01:41 +0000: Memory Usage (136888K) : metal5_nofill has 0 polygons
2026-08-20 11:01:41 +0000: Memory Usage (136888K) : metal5_text has 0 polygons
2026-08-20 11:01:41 +0000: Memory Usage (136888K) : metal5_OPC has 0 polygons
2026-08-20 11:01:41 +0000: Memory Usage (137016K) : metal5_noqrc has 0 polygons
2026-08-20 11:01:41 +0000: Memory Usage (137016K) : metal5_res has 0 polygons
2026-08-20 11:01:41 +0000: Memory Usage (137016K) : metal5_iprobe has 0 polygons
2026-08-20 11:01:41 +0000: Memory Usage (137016K) : metal5_diffprb has 0 polygons
2026-08-20 11:01:41 +0000: Memory Usage (137016K) : radhard_drw has 0 polygons
2026-08-20 11:01:41 +0000: Memory Usage (137144K) : memcap_drw has 0 polygons
2026-08-20 11:01:41 +0000: Memory Usage (137144K) : varicap_drw has 0 polygons
2026-08-20 11:01:41 +0000: Memory Usage (137144K) : intbondvia_drw has 0 polygons
2026-08-20 11:01:41 +0000: Memory Usage (137144K) : intbondmet_drw has 0 polygons
2026-08-20 11:01:41 +0000: Memory Usage (137272K) : devbondvia_drw has 0 polygons
2026-08-20 11:01:41 +0000: Memory Usage (137272K) : devbondmet_drw has 0 polygons
2026-08-20 11:01:41 +0000: Memory Usage (137272K) : devtrench_drw has 0 polygons
2026-08-20 11:01:41 +0000: Memory Usage (137272K) : redist_drw has 0 polygons
2026-08-20 11:01:41 +0000: Memory Usage (137400K) : graphbot_drw has 0 polygons
2026-08-20 11:01:41 +0000: Memory Usage (137400K) : graphtop_drw has 0 polygons
2026-08-20 11:01:41 +0000: Memory Usage (137400K) : antvia1_drw has 0 polygons
2026-08-20 11:01:41 +0000: Memory Usage (137400K) : antmetal2_drw has 0 polygons
2026-08-20 11:01:41 +0000: Memory Usage (137400K) : graphcont_drw has 0 polygons
2026-08-20 11:01:41 +0000: Memory Usage (137400K) : siwg_drw has 0 polygons
2026-08-20 11:01:41 +0000: Memory Usage (137400K) : siwg_filler has 0 polygons
2026-08-20 11:01:41 +0000: Memory Usage (137528K) : siwg_nofill has 0 polygons
2026-08-20 11:01:41 +0000: Memory Usage (137528K) : sigrating_drw has 0 polygons
2026-08-20 11:01:41 +0000: Memory Usage (137528K) : singrating_drw has 0 polygons
2026-08-20 11:01:41 +0000: Memory Usage (137528K) : graphpas_drw has 0 polygons
2026-08-20 11:01:41 +0000: Memory Usage (137528K) : emwind3_drw has 0 polygons
2026-08-20 11:01:41 +0000: Memory Usage (137656K) : emwihv3_drw has 0 polygons
2026-08-20 11:01:41 +0000: Memory Usage (137656K) : redbulay_drw has 0 polygons
2026-08-20 11:01:41 +0000: Memory Usage (137656K) : smos_drw has 0 polygons
2026-08-20 11:01:41 +0000: Memory Usage (137656K) : graphpad_drw has 0 polygons
2026-08-20 11:01:41 +0000: Memory Usage (137656K) : polimide_drw has 0 polygons
2026-08-20 11:01:41 +0000: Memory Usage (137784K) : polimide_pin has 0 polygons
2026-08-20 11:01:41 +0000: Memory Usage (137784K) : recog_drw has 1 polygons
2026-08-20 11:01:41 +0000: Memory Usage (137784K) : recog_pin has 0 polygons
2026-08-20 11:01:41 +0000: Memory Usage (137784K) : recog_esd has 5 polygons
2026-08-20 11:01:41 +0000: Memory Usage (137912K) : recog_diode has 0 polygons
2026-08-20 11:01:41 +0000: Memory Usage (137912K) : recog_tsv has 0 polygons
2026-08-20 11:01:41 +0000: Memory Usage (137912K) : recog_iprobe has 0 polygons
2026-08-20 11:01:41 +0000: Memory Usage (137912K) : recog_diffprb has 0 polygons
2026-08-20 11:01:41 +0000: Memory Usage (138040K) : recog_pillar has 0 polygons
2026-08-20 11:01:41 +0000: Memory Usage (138040K) : recog_sbump has 0 polygons
2026-08-20 11:01:41 +0000: Memory Usage (138040K) : recog_otp has 0 polygons
2026-08-20 11:01:41 +0000: Memory Usage (138040K) : recog_pdiode has 0 polygons
2026-08-20 11:01:41 +0000: Memory Usage (138168K) : recog_mom has 0 polygons
2026-08-20 11:01:41 +0000: Memory Usage (138168K) : recog_momf has 0 polygons
2026-08-20 11:01:41 +0000: Memory Usage (138168K) : recog_pcm has 0 polygons
2026-08-20 11:01:41 +0000: Memory Usage (138168K) : colopen_drw has 0 polygons
2026-08-20 11:01:41 +0000: Memory Usage (138296K) : graphmetal1_drw has 0 polygons
2026-08-20 11:01:41 +0000: Memory Usage (138296K) : graphmetal1_filler has 0 polygons
2026-08-20 11:01:41 +0000: Memory Usage (138296K) : graphmetal1_nofill has 0 polygons
2026-08-20 11:01:41 +0000: Memory Usage (138296K) : graphmetal1_slit has 0 polygons
2026-08-20 11:01:41 +0000: Memory Usage (138424K) : graphmetal1_OPC has 0 polygons
2026-08-20 11:01:41 +0000: Memory Usage (138424K) : graphmet1l_drw has 0 polygons
2026-08-20 11:01:41 +0000: Memory Usage (138424K) : graphmet1l_filler has 0 polygons
2026-08-20 11:01:41 +0000: Memory Usage (138424K) : graphmet1l_nofill has 0 polygons
2026-08-20 11:01:41 +0000: Memory Usage (138552K) : graphmet1l_slit has 0 polygons
2026-08-20 11:01:41 +0000: Memory Usage (138552K) : graphmet1l_OPC has 0 polygons
2026-08-20 11:01:41 +0000: Memory Usage (138552K) : extblock_drw has 12 polygons
2026-08-20 11:01:41 +0000: Memory Usage (138552K) : nldd_drw has 0 polygons
2026-08-20 11:01:41 +0000: Memory Usage (138552K) : pldd_drw has 0 polygons
2026-08-20 11:01:41 +0000: Memory Usage (138680K) : next_drw has 0 polygons
2026-08-20 11:01:41 +0000: Memory Usage (138680K) : pext_drw has 0 polygons
2026-08-20 11:01:41 +0000: Memory Usage (138680K) : nexthv_drw has 0 polygons
2026-08-20 11:01:41 +0000: Memory Usage (138680K) : pexthv_drw has 0 polygons
2026-08-20 11:01:41 +0000: Memory Usage (138680K) : graphgate_drw has 0 polygons
2026-08-20 11:01:41 +0000: Memory Usage (138808K) : sinwg_drw has 0 polygons
2026-08-20 11:01:41 +0000: Memory Usage (138808K) : sinwg_filler has 0 polygons
2026-08-20 11:01:41 +0000: Memory Usage (138808K) : sinwg_nofill has 0 polygons
2026-08-20 11:01:41 +0000: Memory Usage (138808K) : mempad_drw has 0 polygons
2026-08-20 11:01:41 +0000: Memory Usage (138808K) : topvia1_drw has 480 polygons
2026-08-20 11:01:41 +0000: Memory Usage (138936K) : topmetal1_drw has 17 polygons
2026-08-20 11:01:41 +0000: Memory Usage (138936K) : topmetal1_filler has 0 polygons
2026-08-20 11:01:41 +0000: Memory Usage (138936K) : topmetal1_slit has 0 polygons
2026-08-20 11:01:41 +0000: Memory Usage (138936K) : topmetal1 has 17 polygons
2026-08-20 11:01:41 +0000: Memory Usage (138936K) : topmetal1_pin has 0 polygons
2026-08-20 11:01:41 +0000: Memory Usage (138936K) : topmetal1_mask has 0 polygons
2026-08-20 11:01:41 +0000: Memory Usage (139064K) : topmetal1_nofill has 0 polygons
2026-08-20 11:01:41 +0000: Memory Usage (139064K) : topmetal1_text has 0 polygons
2026-08-20 11:01:41 +0000: Memory Usage (139064K) : topmetal1_noqrc has 0 polygons
2026-08-20 11:01:41 +0000: Memory Usage (139064K) : topmetal1_res has 0 polygons
2026-08-20 11:01:41 +0000: Memory Usage (139192K) : topmetal1_iprobe has 0 polygons
2026-08-20 11:01:41 +0000: Memory Usage (139192K) : topmetal1_diffprb has 0 polygons
2026-08-20 11:01:41 +0000: Memory Usage (139192K) : inldpwl_drw has 0 polygons
2026-08-20 11:01:41 +0000: Memory Usage (139192K) : polyres_drw has 4 polygons
2026-08-20 11:01:41 +0000: Memory Usage (139320K) : polyres_pin has 0 polygons
2026-08-20 11:01:41 +0000: Memory Usage (139320K) : vmim_drw has 225 polygons
2026-08-20 11:01:41 +0000: Memory Usage (139320K) : nbulaycut_drw has 0 polygons
2026-08-20 11:01:41 +0000: Memory Usage (139320K) : antmetal1_drw has 0 polygons
2026-08-20 11:01:41 +0000: Memory Usage (139320K) : topvia2_drw has 201 polygons
2026-08-20 11:01:41 +0000: Memory Usage (139448K) : topmetal2_drw has 15 polygons
2026-08-20 11:01:41 +0000: Memory Usage (139448K) : topmetal2_filler has 0 polygons
2026-08-20 11:01:41 +0000: Memory Usage (139576K) : topmetal2_slit has 0 polygons
2026-08-20 11:01:41 +0000: Memory Usage (139576K) : topmetal2 has 15 polygons
2026-08-20 11:01:41 +0000: Memory Usage (139576K) : topmetal2_pin has 0 polygons
2026-08-20 11:01:41 +0000: Memory Usage (139704K) : topmetal2_mask has 0 polygons
2026-08-20 11:01:41 +0000: Memory Usage (139704K) : topmetal2_nofill has 0 polygons
2026-08-20 11:01:41 +0000: Memory Usage (139704K) : topmetal2_text has 4 polygons
2026-08-20 11:01:41 +0000: Memory Usage (139704K) : topmetal2_noqrc has 0 polygons
2026-08-20 11:01:41 +0000: Memory Usage (139832K) : topmetal2_res has 0 polygons
2026-08-20 11:01:41 +0000: Memory Usage (139832K) : topmetal2_iprobe has 0 polygons
2026-08-20 11:01:41 +0000: Memory Usage (139832K) : topmetal2_diffprb has 0 polygons
2026-08-20 11:01:41 +0000: Memory Usage (139832K) : snsring_drw has 0 polygons
2026-08-20 11:01:41 +0000: Memory Usage (139960K) : sensor_drw has 0 polygons
2026-08-20 11:01:41 +0000: Memory Usage (139960K) : snsarms_drw has 0 polygons
2026-08-20 11:01:41 +0000: Memory Usage (139960K) : snscmosvia_drw has 0 polygons
2026-08-20 11:01:41 +0000: Memory Usage (139960K) : colwind_drw has 0 polygons
2026-08-20 11:01:41 +0000: Memory Usage (140088K) : flm_drw has 0 polygons
2026-08-20 11:01:41 +0000: Memory Usage (140088K) : hafniumox_drw has 0 polygons
2026-08-20 11:01:41 +0000: Memory Usage (140216K) : memvia_drw has 0 polygons
2026-08-20 11:01:41 +0000: Memory Usage (140216K) : thinfilmres_drw has 0 polygons
2026-08-20 11:01:41 +0000: Memory Usage (140216K) : rfmem_drw has 0 polygons
2026-08-20 11:01:41 +0000: Memory Usage (140216K) : norcx_drw has 0 polygons
2026-08-20 11:01:41 +0000: Memory Usage (140216K) : norcx_m2m3 has 0 polygons
2026-08-20 11:01:41 +0000: Memory Usage (140216K) : norcx_m2m4 has 0 polygons
2026-08-20 11:01:41 +0000: Memory Usage (140216K) : norcx_m2m5 has 0 polygons
2026-08-20 11:01:41 +0000: Memory Usage (140216K) : norcx_m2tm1 has 0 polygons
2026-08-20 11:01:41 +0000: Memory Usage (140216K) : norcx_m2tm2 has 0 polygons
2026-08-20 11:01:41 +0000: Memory Usage (140216K) : norcx_m3m4 has 0 polygons
2026-08-20 11:01:41 +0000: Memory Usage (140216K) : norcx_m3m5 has 0 polygons
2026-08-20 11:01:41 +0000: Memory Usage (140216K) : norcx_m3tm1 has 0 polygons
2026-08-20 11:01:41 +0000: Memory Usage (140216K) : norcx_m3tm2 has 0 polygons
2026-08-20 11:01:41 +0000: Memory Usage (140216K) : norcx_m4m5 has 0 polygons
2026-08-20 11:01:41 +0000: Memory Usage (140216K) : norcx_m4tm1 has 0 polygons
2026-08-20 11:01:41 +0000: Memory Usage (140216K) : norcx_m4tm2 has 0 polygons
2026-08-20 11:01:41 +0000: Memory Usage (140216K) : norcx_m5tm1 has 0 polygons
2026-08-20 11:01:41 +0000: Memory Usage (140216K) : norcx_m5tm2 has 0 polygons
2026-08-20 11:01:41 +0000: Memory Usage (140216K) : norcx_tm1tm2 has 0 polygons
2026-08-20 11:01:41 +0000: Memory Usage (140216K) : norcx_m1sub has 0 polygons
2026-08-20 11:01:41 +0000: Memory Usage (140216K) : norcx_m2sub has 0 polygons
2026-08-20 11:01:41 +0000: Memory Usage (140216K) : norcx_m3sub has 0 polygons
2026-08-20 11:01:41 +0000: Memory Usage (140216K) : norcx_m4sub has 0 polygons
2026-08-20 11:01:41 +0000: Memory Usage (140216K) : norcx_m5sub has 0 polygons
2026-08-20 11:01:41 +0000: Memory Usage (140216K) : norcx_tm1sub has 0 polygons
2026-08-20 11:01:41 +0000: Memory Usage (140216K) : norcx_tm2sub has 0 polygons
2026-08-20 11:01:41 +0000: Memory Usage (140216K) : snsbotvia_drw has 0 polygons
2026-08-20 11:01:41 +0000: Memory Usage (140216K) : snstopvia_drw has 0 polygons
2026-08-20 11:01:41 +0000: Memory Usage (140216K) : deepvia_drw has 0 polygons
2026-08-20 11:01:41 +0000: Memory Usage (140216K) : fgetch_drw has 0 polygons
2026-08-20 11:01:41 +0000: Memory Usage (140216K) : ctrgat_drw has 0 polygons
2026-08-20 11:01:41 +0000: Memory Usage (140216K) : fgimp_drw has 0 polygons
2026-08-20 11:01:41 +0000: Memory Usage (140216K) : emwihv_drw has 0 polygons
2026-08-20 11:01:41 +0000: Memory Usage (140216K) : lbe_drw has 0 polygons
2026-08-20 11:01:41 +0000: Memory Usage (140216K) : alcustop_drw has 0 polygons
2026-08-20 11:01:41 +0000: Memory Usage (140216K) : nometfiller_drw has 0 polygons
2026-08-20 11:01:41 +0000: Memory Usage (140216K) : prboundary_drw has 0 polygons
2026-08-20 11:01:41 +0000: Memory Usage (140216K) : exchange0_drw has 0 polygons
2026-08-20 11:01:41 +0000: Memory Usage (140216K) : exchange0_pin has 0 polygons
2026-08-20 11:01:41 +0000: Memory Usage (140216K) : exchange0_text has 0 polygons
2026-08-20 11:01:41 +0000: Memory Usage (140216K) : exchange1_drw has 0 polygons
2026-08-20 11:01:41 +0000: Memory Usage (140216K) : exchange1_pin has 0 polygons
2026-08-20 11:01:41 +0000: Memory Usage (140216K) : exchange1_text has 0 polygons
2026-08-20 11:01:41 +0000: Memory Usage (140216K) : exchange2_drw has 0 polygons
2026-08-20 11:01:41 +0000: Memory Usage (140216K) : exchange2_pin has 0 polygons
2026-08-20 11:01:41 +0000: Memory Usage (140216K) : exchange2_text has 0 polygons
2026-08-20 11:01:41 +0000: Memory Usage (140216K) : exchange3_drw has 0 polygons
2026-08-20 11:01:41 +0000: Memory Usage (140216K) : exchange3_pin has 0 polygons
2026-08-20 11:01:41 +0000: Memory Usage (140216K) : exchange3_text has 0 polygons
2026-08-20 11:01:41 +0000: Memory Usage (140216K) : exchange4_drw has 0 polygons
2026-08-20 11:01:41 +0000: Memory Usage (140216K) : exchange4_pin has 0 polygons
2026-08-20 11:01:41 +0000: Memory Usage (140216K) : exchange4_text has 0 polygons
2026-08-20 11:01:41 +0000: Memory Usage (140216K) : isonwell_drw has 0 polygons
2026-08-20 11:01:41 +0000: Memory Usage (140216K) : Total no. of polygons in the design is 13024
2026-08-20 11:01:41 +0000: Memory Usage (140216K) : Starting base layers derivations
2026-08-20 11:01:41 +0000: Memory Usage (140216K) : Starting general LVS derivations
2026-08-20 11:01:41 +0000: Memory Usage (144100K) : Starting MOSFET DERIVATIONS
2026-08-20 11:01:41 +0000: Memory Usage (144996K) : Starting NMOS DERIVATIONS
2026-08-20 11:01:41 +0000: Memory Usage (144996K) : Starting PMOS DERIVATIONS
2026-08-20 11:01:41 +0000: Memory Usage (144996K) : Starting RF-MOSFET DERIVATIONS
2026-08-20 11:01:41 +0000: Memory Usage (144996K) : Starting RF-NMOS DERIVATIONS
2026-08-20 11:01:41 +0000: Memory Usage (144996K) : Starting RF-PMOS DERIVATIONS
2026-08-20 11:01:41 +0000: Memory Usage (144996K) : Starting BJT DERIVATIONS
2026-08-20 11:01:41 +0000: Memory Usage (144996K) : Starting NPN-BJT DERIVATIONS
2026-08-20 11:01:41 +0000: Memory Usage (144996K) : Starting PNP-BJT DERIVATIONS
2026-08-20 11:01:41 +0000: Memory Usage (144996K) : Starting DIODE DERIVATIONS
2026-08-20 11:01:41 +0000: Memory Usage (145636K) : Starting RESISTOR DERIVATIONS
2026-08-20 11:01:41 +0000: Memory Usage (145892K) : Starting CAP DERIVATIONS
2026-08-20 11:01:41 +0000: Memory Usage (145892K) : Starting CAP_CMOM DERIVATIONS
2026-08-20 11:01:42 +0000: Memory Usage (145892K) : Starting CAP_CMOMF DERIVATIONS
2026-08-20 11:01:42 +0000: Memory Usage (145892K) : Starting ESD DERIVATIONS
2026-08-20 11:01:42 +0000: Memory Usage (146020K) : Starting Inductor DERIVATIONS
2026-08-20 11:01:42 +0000: Memory Usage (146020K) : Starting Taps DERIVATIONS
2026-08-20 11:01:42 +0000: Memory Usage (146532K) : Starting SG13G2 LVS connectivity setup
2026-08-20 11:01:42 +0000: Memory Usage (146532K) : Starting SG13G2 LVS connectivity setup (Inter-layer)
2026-08-20 11:01:42 +0000: Memory Usage (146660K) : Starting SG13G2 LVS connectivity setup (Global)
2026-08-20 11:01:42 +0000: Memory Usage (146660K) : Starting LVS MOSFET CONNECTIONS
2026-08-20 11:01:42 +0000: Memory Usage (146660K) : Starting LVS RF-MOSFET CONNECTIONS
2026-08-20 11:01:42 +0000: Memory Usage (146660K) : Starting LVS BJT CONNECTIONS
2026-08-20 11:01:42 +0000: Memory Usage (146660K) : Starting LVS DIODE CONNECTIONS
2026-08-20 11:01:42 +0000: Memory Usage (146660K) : Starting RESISTOR CONNECTIONS
2026-08-20 11:01:42 +0000: Memory Usage (146660K) : Starting LVS CAP CONNECTIONS
2026-08-20 11:01:42 +0000: Memory Usage (146660K) : Starting CAP_CMOM CONNECTIONS
2026-08-20 11:01:42 +0000: Memory Usage (146660K) : Starting CAP_CMOMF CONNECTIONS
2026-08-20 11:01:42 +0000: Memory Usage (146660K) : Starting ESD CONNECTIONS
2026-08-20 11:01:42 +0000: Memory Usage (146660K) : Starting Inductor CONNECTIONS
2026-08-20 11:01:42 +0000: Memory Usage (146660K) : Starting LVS Taps CONNECTIONS
2026-08-20 11:01:42 +0000: Memory Usage (146660K) : Starting SG13G2 LVS DEVICES EXTRACTION
2026-08-20 11:01:42 +0000: Memory Usage (146660K) : Starting MOSFET EXTRACTION
2026-08-20 11:01:42 +0000: Memory Usage (146660K) : Starting NMOS EXTRACTION
2026-08-20 11:01:42 +0000: Memory Usage (146660K) : Extraction of NMOS-LV transistor
2026-08-20 11:01:42 +0000: Memory Usage (146660K) : Extraction of NMOS-HV transistor
2026-08-20 11:01:42 +0000: Memory Usage (146660K) : Starting PMOS EXTRACTION
2026-08-20 11:01:42 +0000: Memory Usage (146660K) : Extraction of PMOS-LV transistor
2026-08-20 11:01:42 +0000: Memory Usage (146660K) : Extraction of PMOS-HV transistor
2026-08-20 11:01:42 +0000: Memory Usage (146660K) : Starting RF-MOSFET EXTRACTION
2026-08-20 11:01:42 +0000: Memory Usage (146660K) : Extraction of RF-NMOS-LV transistor
2026-08-20 11:01:42 +0000: Memory Usage (146660K) : Extraction of RF-NMOS-HV transistor
2026-08-20 11:01:42 +0000: Memory Usage (146660K) : Extraction of RF-PMOS-LV transistor
2026-08-20 11:01:42 +0000: Memory Usage (146660K) : Extraction of RF-PMOS-HV transistor
2026-08-20 11:01:42 +0000: Memory Usage (146660K) : Starting BJT EXTRACTION
2026-08-20 11:01:42 +0000: Memory Usage (146660K) : Starting NPN-BJT EXTRACTION
2026-08-20 11:01:42 +0000: Memory Usage (146660K) : Extraction of npn13G2 BJT transistor
2026-08-20 11:01:42 +0000: Memory Usage (146660K) : Extraction of npn13G2L BJT transistor
2026-08-20 11:01:42 +0000: Memory Usage (146660K) : Extraction of npn13G2V BJT transistor
2026-08-20 11:01:42 +0000: Memory Usage (146660K) : Starting PNP-BJT EXTRACTION
2026-08-20 11:01:42 +0000: Memory Usage (146660K) : Extracting pnpMPA BJT
2026-08-20 11:01:42 +0000: Memory Usage (146660K) : Starting DIODE EXTRACTION
2026-08-20 11:01:42 +0000: Memory Usage (146660K) : Extracting dantenna diode
2026-08-20 11:01:42 +0000: Memory Usage (146660K) : Extracting dpantenna diode
2026-08-20 11:01:42 +0000: Memory Usage (146660K) : Extracting schottky_nbl1 diode
2026-08-20 11:01:42 +0000: Memory Usage (146660K) : Extracting isolbox diode
2026-08-20 11:01:42 +0000: Memory Usage (146660K) : Starting RESISTOR EXTRACTION
2026-08-20 11:01:42 +0000: Memory Usage (146660K) : Extracting rsil resistor
2026-08-20 11:01:42 +0000: Memory Usage (146788K) : Extracting rppd resistor
2026-08-20 11:01:42 +0000: Memory Usage (146788K) : Extracting rhigh resistor
2026-08-20 11:01:42 +0000: Memory Usage (146788K) : Extracting res_metal1 resistor
2026-08-20 11:01:42 +0000: Memory Usage (146916K) : Extracting res_metal2 resistor
2026-08-20 11:01:42 +0000: Memory Usage (146916K) : Extracting res_metal3 resistor
2026-08-20 11:01:42 +0000: Memory Usage (146916K) : Extracting res_metal4 resistor
2026-08-20 11:01:42 +0000: Memory Usage (146916K) : Extracting res_metal5 resistor
2026-08-20 11:01:42 +0000: Memory Usage (146916K) : Extracting res_topmetal1 resistor
2026-08-20 11:01:42 +0000: Memory Usage (146916K) : Extracting res_topmetal2 resistor
2026-08-20 11:01:42 +0000: Memory Usage (146916K) : Starting CAP EXTRACTION
2026-08-20 11:01:42 +0000: Memory Usage (146916K) : Extracting cap_cmim device
2026-08-20 11:01:42 +0000: Memory Usage (146916K) : Extracting rfcmim device
2026-08-20 11:01:42 +0000: Memory Usage (146916K) : Extracting sg13_hv_svaricap varactor
2026-08-20 11:01:42 +0000: Memory Usage (146916K) : Extracting cap_cmomi device
2026-08-20 11:01:42 +0000: Memory Usage (146916K) : Extracting cap_cmomf device
2026-08-20 11:01:42 +0000: Memory Usage (146916K) : Extracting sg13_moscap_n capacitor
2026-08-20 11:01:42 +0000: Memory Usage (146916K) : Extracting sg13_moscap_p capacitor
2026-08-20 11:01:42 +0000: Memory Usage (146916K) : Starting ESD EXTRACTION
2026-08-20 11:01:42 +0000: Memory Usage (146916K) : Extracting diodevdd_2kv ESD device
2026-08-20 11:01:42 +0000: Memory Usage (146916K) : Extracting diodevdd_4kv ESD device
2026-08-20 11:01:42 +0000: Memory Usage (146916K) : Extracting diodevss_2kv ESD device
2026-08-20 11:01:42 +0000: Memory Usage (146916K) : Extracting diodevss_4kv ESD device
2026-08-20 11:01:42 +0000: Memory Usage (146916K) : Extracting idiodevdd_2kv ESD device
2026-08-20 11:01:42 +0000: Memory Usage (146916K) : Extracting idiodevdd_4kv ESD device
2026-08-20 11:01:42 +0000: Memory Usage (146916K) : Extracting idiodevss_2kv ESD device
2026-08-20 11:01:42 +0000: Memory Usage (146916K) : Extracting idiodevss_4kv ESD device
2026-08-20 11:01:42 +0000: Memory Usage (146916K) : Extracting nmoscl_2 ESD device
2026-08-20 11:01:42 +0000: Memory Usage (146916K) : Extracting nmoscl_4 ESD device
2026-08-20 11:01:42 +0000: Memory Usage (146916K) : Starting Inductor EXTRACTION
2026-08-20 11:01:42 +0000: Memory Usage (146916K) : Extracting Inductor2 device
2026-08-20 11:01:42 +0000: Memory Usage (146916K) : Extracting Inductor3 device
2026-08-20 11:01:42 +0000: Memory Usage (146916K) : Starting Taps EXTRACTION
2026-08-20 11:01:42 +0000: Memory Usage (146916K) : DISABLE_TAP_EXTRACTION is enabled: skipping ntap1/ptap1 device extraction.
2026-08-20 11:01:42 +0000: Memory Usage (146916K) : Starting SG13G2 LVS RF MOS Model Mapping
2026-08-20 11:01:42 +0000: Memory Usage (146916K) : [layout_netlist] Apply RF MOS model mapping and rfmode parameter.
2026-08-20 11:01:42 +0000: Memory Usage (146916K) : Starting SG13G2 LVS Options Preparations
2026-08-20 11:01:42 +0000: Memory Usage (146916K) : SG13G2 LVS flow: extraction -> alignment -> option preparation -> comparison.
2026-08-20 11:01:42 +0000: Memory Usage (146916K) : Starting SG13G2 LVS Alignment
2026-08-20 11:01:42 +0000: Memory Usage (146916K) : Starting SG13G2 LVS Simplification
2026-08-20 11:01:42 +0000: Memory Usage (146916K) : [layout_netlist] simplify: ENABLED
2026-08-20 11:01:42 +0000: Memory Usage (146916K) : [layout_netlist] make_top_level_pins: SKIPPED
2026-08-20 11:01:42 +0000: Memory Usage (146916K) : [layout_netlist] combine_devices: SKIPPED
2026-08-20 11:01:42 +0000: Memory Usage (146916K) : [layout_netlist] purge: SKIPPED
2026-08-20 11:01:42 +0000: Memory Usage (146916K) : [layout_netlist] purge_nets: SKIPPED
2026-08-20 11:01:42 +0000: Memory Usage (146916K) : [schematic_netlist] simplify: ENABLED
2026-08-20 11:01:42 +0000: Memory Usage (146916K) : [schematic_netlist] make_top_level_pins: SKIPPED
2026-08-20 11:01:42 +0000: Memory Usage (146916K) : [schematic_netlist] combine_devices: SKIPPED
2026-08-20 11:01:42 +0000: Memory Usage (146916K) : [schematic_netlist] purge: SKIPPED
2026-08-20 11:01:42 +0000: Memory Usage (146916K) : [schematic_netlist] purge_nets: SKIPPED
2026-08-20 11:01:42 +0000: Memory Usage (146916K) : Starting SG13G2 LVS Comparison
2026-08-20 11:01:42 +0000: Memory Usage (147044K) : xxxxxxxxxxxxxxxxxxxxxxxxxxxxxxxxxxxxxxxxxx
2026-08-20 11:01:42 +0000: Memory Usage (147044K) : ERROR : Netlists don't match
2026-08-20 11:01:42 +0000: Memory Usage (147044K) : xxxxxxxxxxxxxxxxxxxxxxxxxxxxxxxxxxxxxxxxxx
2026-08-20 11:01:42 +0000: Memory Usage (147044K) : LVS Total Run time 1.653018 seconds
