time_s,v_outp,v_outn,v_inp,v_inn,vod,vid
0.0,1.41986645,1.35750607,1.3253631,1.3753631,0.062360380000000104,-0.050000000000000044
5e-15,1.41986645,1.35750607,1.3253631,1.3753631,0.062360380000000104,-0.050000000000000044
1e-14,1.41986645,1.35750607,1.3253631,1.3753631,0.062360380000000104,-0.050000000000000044
2e-14,1.41986645,1.35750607,1.3253631,1.3753631,0.062360380000000104,-0.050000000000000044
4e-14,1.41986645,1.35750607,1.3253631,1.3753631,0.062360380000000104,-0.050000000000000044
8e-14,1.41986645,1.35750607,1.3253631,1.3753631,0.062360380000000104,-0.050000000000000044
1.6e-13,1.41986645,1.35750607,1.3253631,1.3753631,0.062360380000000104,-0.050000000000000044
3.2e-13,1.41986645,1.35750607,1.3253631,1.3753631,0.062360380000000104,-0.050000000000000044
6.4e-13,1.41986645,1.35750607,1.3253631,1.3753631,0.062360380000000104,-0.050000000000000044
1.28e-12,1.41986645,1.35750607,1.3253631,1.3753631,0.062360380000000104,-0.050000000000000044
2.28e-12,1.41986645,1.35750607,1.3253631,1.3753631,0.062360380000000104,-0.050000000000000044
3.28e-12,1.41986644,1.35750607,1.3253631,1.3753631,0.062360370000000165,-0.050000000000000044
4.28e-12,1.41986644,1.35750607,1.3253631,1.3753631,0.062360370000000165,-0.050000000000000044
5.28e-12,1.41986644,1.35750607,1.3253631,1.3753631,0.062360370000000165,-0.050000000000000044
6.28e-12,1.41986644,1.35750607,1.3253631,1.3753631,0.062360370000000165,-0.050000000000000044
7.28e-12,1.41986644,1.35750607,1.3253631,1.3753631,0.062360370000000165,-0.050000000000000044
8.28e-12,1.41986644,1.35750607,1.3253631,1.3753631,0.062360370000000165,-0.050000000000000044
9.28e-12,1.41986644,1.35750607,1.3253631,1.3753631,0.062360370000000165,-0.050000000000000044
1.028e-11,1.41986644,1.35750608,1.3253631,1.3753631,0.062360360000000004,-0.050000000000000044
1.128e-11,1.41986644,1.35750608,1.3253631,1.3753631,0.062360360000000004,-0.050000000000000044
1.228e-11,1.41986644,1.35750608,1.3253631,1.3753631,0.062360360000000004,-0.050000000000000044
1.328e-11,1.41986644,1.35750608,1.3253631,1.3753631,0.062360360000000004,-0.050000000000000044
1.428e-11,1.41986644,1.35750608,1.3253631,1.3753631,0.062360360000000004,-0.050000000000000044
1.528e-11,1.41986644,1.35750608,1.3253631,1.3753631,0.062360360000000004,-0.050000000000000044
1.628e-11,1.41986643,1.35750608,1.3253631,1.3753631,0.06236034999999984,-0.050000000000000044
1.728e-11,1.41986643,1.35750608,1.3253631,1.3753631,0.06236034999999984,-0.050000000000000044
1.828e-11,1.41986643,1.35750608,1.3253631,1.3753631,0.06236034999999984,-0.050000000000000044
1.928e-11,1.41986643,1.35750608,1.3253631,1.3753631,0.06236034999999984,-0.050000000000000044
2.028e-11,1.41986643,1.35750608,1.3253631,1.3753631,0.06236034999999984,-0.050000000000000044
2.128e-11,1.41986643,1.35750608,1.3253631,1.3753631,0.06236034999999984,-0.050000000000000044
2.228e-11,1.41986643,1.35750609,1.3253631,1.3753631,0.0623603399999999,-0.050000000000000044
2.328e-11,1.41986643,1.35750609,1.3253631,1.3753631,0.0623603399999999,-0.050000000000000044
2.428e-11,1.41986643,1.35750609,1.3253631,1.3753631,0.0623603399999999,-0.050000000000000044
2.528e-11,1.41986643,1.35750609,1.3253631,1.3753631,0.0623603399999999,-0.050000000000000044
2.628e-11,1.41986643,1.35750609,1.3253631,1.3753631,0.0623603399999999,-0.050000000000000044
2.728e-11,1.41986643,1.35750609,1.3253631,1.3753631,0.0623603399999999,-0.050000000000000044
2.828e-11,1.41986643,1.35750609,1.3253631,1.3753631,0.0623603399999999,-0.050000000000000044
2.928e-11,1.41986642,1.35750609,1.3253631,1.3753631,0.062360329999999964,-0.050000000000000044
3.028e-11,1.41986642,1.35750609,1.3253631,1.3753631,0.062360329999999964,-0.050000000000000044
3.128e-11,1.41986642,1.35750609,1.3253631,1.3753631,0.062360329999999964,-0.050000000000000044
3.228e-11,1.41986642,1.35750609,1.3253631,1.3753631,0.062360329999999964,-0.050000000000000044
3.328e-11,1.41986642,1.35750609,1.3253631,1.3753631,0.062360329999999964,-0.050000000000000044
3.428e-11,1.41986642,1.35750609,1.3253631,1.3753631,0.062360329999999964,-0.050000000000000044
3.528e-11,1.41986642,1.3575061,1.3253631,1.3753631,0.062360320000000025,-0.050000000000000044
3.628e-11,1.41986642,1.3575061,1.3253631,1.3753631,0.062360320000000025,-0.050000000000000044
3.728e-11,1.41986642,1.3575061,1.3253631,1.3753631,0.062360320000000025,-0.050000000000000044
3.828e-11,1.41986642,1.3575061,1.3253631,1.3753631,0.062360320000000025,-0.050000000000000044
3.928e-11,1.41986642,1.3575061,1.3253631,1.3753631,0.062360320000000025,-0.050000000000000044
4.028e-11,1.41986642,1.3575061,1.3253631,1.3753631,0.062360320000000025,-0.050000000000000044
4.128e-11,1.41986641,1.3575061,1.3253631,1.3753631,0.062360310000000085,-0.050000000000000044
4.228e-11,1.41986641,1.3575061,1.3253631,1.3753631,0.062360310000000085,-0.050000000000000044
4.328e-11,1.41986641,1.3575061,1.3253631,1.3753631,0.062360310000000085,-0.050000000000000044
4.428e-11,1.41986641,1.3575061,1.3253631,1.3753631,0.062360310000000085,-0.050000000000000044
4.528e-11,1.41986641,1.3575061,1.3253631,1.3753631,0.062360310000000085,-0.050000000000000044
4.628e-11,1.41986641,1.3575061,1.3253631,1.3753631,0.062360310000000085,-0.050000000000000044
4.728e-11,1.41986641,1.35750611,1.3253631,1.3753631,0.062360299999999924,-0.050000000000000044
4.828e-11,1.41986641,1.35750611,1.3253631,1.3753631,0.062360299999999924,-0.050000000000000044
4.928e-11,1.41986641,1.35750611,1.3253631,1.3753631,0.062360299999999924,-0.050000000000000044
5.028e-11,1.41986641,1.35750611,1.3253631,1.3753631,0.062360299999999924,-0.050000000000000044
5.128e-11,1.41986641,1.35750611,1.3253631,1.3753631,0.062360299999999924,-0.050000000000000044
5.228e-11,1.41986641,1.35750611,1.3253631,1.3753631,0.062360299999999924,-0.050000000000000044
5.328e-11,1.41986641,1.35750611,1.3253631,1.3753631,0.062360299999999924,-0.050000000000000044
5.428e-11,1.4198664,1.35750611,1.3253631,1.3753631,0.062360289999999985,-0.050000000000000044
5.528e-11,1.4198664,1.35750611,1.3253631,1.3753631,0.062360289999999985,-0.050000000000000044
5.628e-11,1.4198664,1.35750611,1.3253631,1.3753631,0.062360289999999985,-0.050000000000000044
5.728e-11,1.4198664,1.35750611,1.3253631,1.3753631,0.062360289999999985,-0.050000000000000044
5.828e-11,1.4198664,1.35750611,1.3253631,1.3753631,0.062360289999999985,-0.050000000000000044
5.928e-11,1.4198664,1.35750611,1.3253631,1.3753631,0.062360289999999985,-0.050000000000000044
6.028e-11,1.4198664,1.35750612,1.3253631,1.3753631,0.062360280000000046,-0.050000000000000044
6.128e-11,1.4198664,1.35750612,1.3253631,1.3753631,0.062360280000000046,-0.050000000000000044
6.228e-11,1.4198664,1.35750612,1.3253631,1.3753631,0.062360280000000046,-0.050000000000000044
6.328e-11,1.4198664,1.35750612,1.3253631,1.3753631,0.062360280000000046,-0.050000000000000044
6.428e-11,1.4198664,1.35750612,1.3253631,1.3753631,0.062360280000000046,-0.050000000000000044
6.528e-11,1.4198664,1.35750612,1.3253631,1.3753631,0.062360280000000046,-0.050000000000000044
6.628e-11,1.41986639,1.35750612,1.3253631,1.3753631,0.062360269999999884,-0.050000000000000044
6.728e-11,1.41986639,1.35750612,1.3253631,1.3753631,0.062360269999999884,-0.050000000000000044
6.828e-11,1.41986639,1.35750612,1.3253631,1.3753631,0.062360269999999884,-0.050000000000000044
6.928e-11,1.41986639,1.35750612,1.3253631,1.3753631,0.062360269999999884,-0.050000000000000044
7.028e-11,1.41986639,1.35750612,1.3253631,1.3753631,0.062360269999999884,-0.050000000000000044
7.128e-11,1.41986639,1.35750612,1.3253631,1.3753631,0.062360269999999884,-0.050000000000000044
7.228e-11,1.41986639,1.35750613,1.3253631,1.3753631,0.062360259999999945,-0.050000000000000044
7.328e-11,1.41986639,1.35750613,1.3253631,1.3753631,0.062360259999999945,-0.050000000000000044
7.428e-11,1.41986639,1.35750613,1.3253631,1.3753631,0.062360259999999945,-0.050000000000000044
7.528e-11,1.41986639,1.35750613,1.3253631,1.3753631,0.062360259999999945,-0.050000000000000044
7.628e-11,1.41986639,1.35750613,1.3253631,1.3753631,0.062360259999999945,-0.050000000000000044
7.728e-11,1.41986639,1.35750613,1.3253631,1.3753631,0.062360259999999945,-0.050000000000000044
7.828e-11,1.41986639,1.35750613,1.3253631,1.3753631,0.062360259999999945,-0.050000000000000044
7.928e-11,1.41986638,1.35750613,1.3253631,1.3753631,0.062360250000000006,-0.050000000000000044
8.028e-11,1.41986638,1.35750613,1.3253631,1.3753631,0.062360250000000006,-0.050000000000000044
8.128e-11,1.41986638,1.35750613,1.3253631,1.3753631,0.062360250000000006,-0.050000000000000044
8.228e-11,1.41986638,1.35750613,1.3253631,1.3753631,0.062360250000000006,-0.050000000000000044
8.328e-11,1.41986638,1.35750613,1.3253631,1.3753631,0.062360250000000006,-0.050000000000000044
8.428e-11,1.41986638,1.35750613,1.3253631,1.3753631,0.062360250000000006,-0.050000000000000044
8.528e-11,1.41986638,1.35750614,1.3253631,1.3753631,0.06236024000000007,-0.050000000000000044
8.628e-11,1.41986638,1.35750614,1.3253631,1.3753631,0.06236024000000007,-0.050000000000000044
8.728e-11,1.41986638,1.35750614,1.3253631,1.3753631,0.06236024000000007,-0.050000000000000044
8.828e-11,1.41986638,1.35750614,1.3253631,1.3753631,0.06236024000000007,-0.050000000000000044
8.928e-11,1.41986638,1.35750614,1.3253631,1.3753631,0.06236024000000007,-0.050000000000000044
9.028e-11,1.41986638,1.35750614,1.3253631,1.3753631,0.06236024000000007,-0.050000000000000044
9.128e-11,1.41986638,1.35750614,1.3253631,1.3753631,0.06236024000000007,-0.050000000000000044
9.228e-11,1.41986637,1.35750614,1.3253631,1.3753631,0.06236023000000013,-0.050000000000000044
9.328e-11,1.41986637,1.35750614,1.3253631,1.3753631,0.06236023000000013,-0.050000000000000044
9.428e-11,1.41986637,1.35750614,1.3253631,1.3753631,0.06236023000000013,-0.050000000000000044
9.528e-11,1.41986637,1.35750614,1.3253631,1.3753631,0.06236023000000013,-0.050000000000000044
9.628e-11,1.41986637,1.35750614,1.3253631,1.3753631,0.06236023000000013,-0.050000000000000044
9.728e-11,1.41986637,1.35750614,1.3253631,1.3753631,0.06236023000000013,-0.050000000000000044
9.828e-11,1.41986637,1.35750615,1.3253631,1.3753631,0.062360219999999966,-0.050000000000000044
9.928e-11,1.41986637,1.35750615,1.3253631,1.3753631,0.062360219999999966,-0.050000000000000044
1.0028e-10,1.41986637,1.35750615,1.3253631,1.3753631,0.062360219999999966,-0.050000000000000044
1.0128e-10,1.41986637,1.35750615,1.3253631,1.3753631,0.062360219999999966,-0.050000000000000044
1.0228e-10,1.41986637,1.35750615,1.3253631,1.3753631,0.062360219999999966,-0.050000000000000044
1.0328e-10,1.41986637,1.35750615,1.3253631,1.3753631,0.062360219999999966,-0.050000000000000044
1.0428e-10,1.41986636,1.35750615,1.3253631,1.3753631,0.06236021000000003,-0.050000000000000044
1.0528e-10,1.41986636,1.35750615,1.3253631,1.3753631,0.06236021000000003,-0.050000000000000044
1.0628e-10,1.41986636,1.35750615,1.3253631,1.3753631,0.06236021000000003,-0.050000000000000044
1.0728e-10,1.41986636,1.35750615,1.3253631,1.3753631,0.06236021000000003,-0.050000000000000044
1.0828e-10,1.41986636,1.35750615,1.3253631,1.3753631,0.06236021000000003,-0.050000000000000044
1.0928e-10,1.41986636,1.35750615,1.3253631,1.3753631,0.06236021000000003,-0.050000000000000044
1.1028e-10,1.41986636,1.35750615,1.3253631,1.3753631,0.06236021000000003,-0.050000000000000044
1.1128e-10,1.41986636,1.35750616,1.3253631,1.3753631,0.06236020000000009,-0.050000000000000044
1.1228e-10,1.41986636,1.35750616,1.3253631,1.3753631,0.06236020000000009,-0.050000000000000044
1.1328e-10,1.41986636,1.35750616,1.3253631,1.3753631,0.06236020000000009,-0.050000000000000044
1.1428e-10,1.41986636,1.35750616,1.3253631,1.3753631,0.06236020000000009,-0.050000000000000044
1.1528e-10,1.41986636,1.35750616,1.3253631,1.3753631,0.06236020000000009,-0.050000000000000044
1.1628e-10,1.41986636,1.35750616,1.3253631,1.3753631,0.06236020000000009,-0.050000000000000044
1.1728e-10,1.41986635,1.35750616,1.3253631,1.3753631,0.062360189999999927,-0.050000000000000044
1.1828e-10,1.41986635,1.35750616,1.3253631,1.3753631,0.062360189999999927,-0.050000000000000044
1.1928e-10,1.41986635,1.35750616,1.3253631,1.3753631,0.062360189999999927,-0.050000000000000044
1.2028e-10,1.41986635,1.35750616,1.3253631,1.3753631,0.062360189999999927,-0.050000000000000044
1.2128e-10,1.41986635,1.35750616,1.3253631,1.3753631,0.062360189999999927,-0.050000000000000044
1.2228e-10,1.41986635,1.35750616,1.3253631,1.3753631,0.062360189999999927,-0.050000000000000044
1.2328e-10,1.41986635,1.35750617,1.3253631,1.3753631,0.06236017999999999,-0.050000000000000044
1.2428e-10,1.41986635,1.35750617,1.3253631,1.3753631,0.06236017999999999,-0.050000000000000044
1.2528e-10,1.41986635,1.35750617,1.3253631,1.3753631,0.06236017999999999,-0.050000000000000044
1.2628e-10,1.41986635,1.35750617,1.3253631,1.3753631,0.06236017999999999,-0.050000000000000044
1.2728e-10,1.41986635,1.35750617,1.3253631,1.3753631,0.06236017999999999,-0.050000000000000044
1.2828e-10,1.41986635,1.35750617,1.3253631,1.3753631,0.06236017999999999,-0.050000000000000044
1.2928e-10,1.41986635,1.35750617,1.3253631,1.3753631,0.06236017999999999,-0.050000000000000044
1.3028e-10,1.41986634,1.35750617,1.3253631,1.3753631,0.06236017000000005,-0.050000000000000044
1.3128e-10,1.41986634,1.35750617,1.3253631,1.3753631,0.06236017000000005,-0.050000000000000044
1.3228e-10,1.41986634,1.35750617,1.3253631,1.3753631,0.06236017000000005,-0.050000000000000044
1.3328e-10,1.41986634,1.35750617,1.3253631,1.3753631,0.06236017000000005,-0.050000000000000044
1.3428e-10,1.41986634,1.35750617,1.3253631,1.3753631,0.06236017000000005,-0.050000000000000044
1.3528e-10,1.41986634,1.35750617,1.3253631,1.3753631,0.06236017000000005,-0.050000000000000044
1.3628e-10,1.41986634,1.35750618,1.3253631,1.3753631,0.06236016000000011,-0.050000000000000044
1.3728e-10,1.41986634,1.35750618,1.3253631,1.3753631,0.06236016000000011,-0.050000000000000044
1.3828e-10,1.41986634,1.35750618,1.3253631,1.3753631,0.06236016000000011,-0.050000000000000044
1.3928e-10,1.41986634,1.35750618,1.3253631,1.3753631,0.06236016000000011,-0.050000000000000044
1.4028e-10,1.41986634,1.35750618,1.3253631,1.3753631,0.06236016000000011,-0.050000000000000044
1.4128e-10,1.41986634,1.35750618,1.3253631,1.3753631,0.06236016000000011,-0.050000000000000044
1.4228e-10,1.41986634,1.35750618,1.3253631,1.3753631,0.06236016000000011,-0.050000000000000044
1.4328e-10,1.41986633,1.35750618,1.3253631,1.3753631,0.06236015000000017,-0.050000000000000044
1.4428e-10,1.41986633,1.35750618,1.3253631,1.3753631,0.06236015000000017,-0.050000000000000044
1.4528e-10,1.41986633,1.35750618,1.3253631,1.3753631,0.06236015000000017,-0.050000000000000044
1.4628e-10,1.41986633,1.35750618,1.3253631,1.3753631,0.06236015000000017,-0.050000000000000044
1.4728e-10,1.41986633,1.35750618,1.3253631,1.3753631,0.06236015000000017,-0.050000000000000044
1.4828e-10,1.41986633,1.35750618,1.3253631,1.3753631,0.06236015000000017,-0.050000000000000044
1.4928e-10,1.41986633,1.35750619,1.3253631,1.3753631,0.06236014000000001,-0.050000000000000044
1.5028e-10,1.41986633,1.35750619,1.3253631,1.3753631,0.06236014000000001,-0.050000000000000044
1.5128e-10,1.41986633,1.35750619,1.3253631,1.3753631,0.06236014000000001,-0.050000000000000044
1.5228e-10,1.41986633,1.35750619,1.3253631,1.3753631,0.06236014000000001,-0.050000000000000044
1.5328e-10,1.41986633,1.35750619,1.3253631,1.3753631,0.06236014000000001,-0.050000000000000044
1.5428e-10,1.41986633,1.35750619,1.3253631,1.3753631,0.06236014000000001,-0.050000000000000044
1.5528e-10,1.41986633,1.35750619,1.3253631,1.3753631,0.06236014000000001,-0.050000000000000044
1.5628e-10,1.41986632,1.35750619,1.3253631,1.3753631,0.06236012999999985,-0.050000000000000044
1.5728e-10,1.41986632,1.35750619,1.3253631,1.3753631,0.06236012999999985,-0.050000000000000044
1.5828e-10,1.41986632,1.35750619,1.3253631,1.3753631,0.06236012999999985,-0.050000000000000044
1.5928e-10,1.41986632,1.35750619,1.3253631,1.3753631,0.06236012999999985,-0.050000000000000044
1.6028e-10,1.41986632,1.35750619,1.3253631,1.3753631,0.06236012999999985,-0.050000000000000044
1.6128e-10,1.41986632,1.35750619,1.3253631,1.3753631,0.06236012999999985,-0.050000000000000044
1.6228e-10,1.41986632,1.3575062,1.3253631,1.3753631,0.06236011999999991,-0.050000000000000044
1.6328e-10,1.41986632,1.3575062,1.3253631,1.3753631,0.06236011999999991,-0.050000000000000044
1.6428e-10,1.41986632,1.3575062,1.3253631,1.3753631,0.06236011999999991,-0.050000000000000044
1.6528e-10,1.41986632,1.3575062,1.3253631,1.3753631,0.06236011999999991,-0.050000000000000044
1.6628e-10,1.41986632,1.3575062,1.3253631,1.3753631,0.06236011999999991,-0.050000000000000044
1.6728e-10,1.41986632,1.3575062,1.3253631,1.3753631,0.06236011999999991,-0.050000000000000044
1.6828e-10,1.41986631,1.3575062,1.3253631,1.3753631,0.06236010999999997,-0.050000000000000044
1.6928e-10,1.41986631,1.3575062,1.3253631,1.3753631,0.06236010999999997,-0.050000000000000044
1.7028e-10,1.41986631,1.3575062,1.3253631,1.3753631,0.06236010999999997,-0.050000000000000044
1.7128e-10,1.41986631,1.3575062,1.3253631,1.3753631,0.06236010999999997,-0.050000000000000044
1.7228e-10,1.41986631,1.3575062,1.3253631,1.3753631,0.06236010999999997,-0.050000000000000044
1.7328e-10,1.41986631,1.3575062,1.3253631,1.3753631,0.06236010999999997,-0.050000000000000044
1.7428e-10,1.41986631,1.3575062,1.3253631,1.3753631,0.06236010999999997,-0.050000000000000044
1.7528e-10,1.41986631,1.35750621,1.3253631,1.3753631,0.06236010000000003,-0.050000000000000044
1.7628e-10,1.41986631,1.35750621,1.3253631,1.3753631,0.06236010000000003,-0.050000000000000044
1.7728e-10,1.41986631,1.35750621,1.3253631,1.3753631,0.06236010000000003,-0.050000000000000044
1.7828e-10,1.41986631,1.35750621,1.3253631,1.3753631,0.06236010000000003,-0.050000000000000044
1.7928e-10,1.41986631,1.35750621,1.3253631,1.3753631,0.06236010000000003,-0.050000000000000044
1.8028e-10,1.41986631,1.35750621,1.3253631,1.3753631,0.06236010000000003,-0.050000000000000044
1.8128e-10,1.4198663,1.35750621,1.3253631,1.3753631,0.06236009000000009,-0.050000000000000044
1.8228e-10,1.4198663,1.35750621,1.3253631,1.3753631,0.06236009000000009,-0.050000000000000044
1.8328e-10,1.4198663,1.35750621,1.3253631,1.3753631,0.06236009000000009,-0.050000000000000044
1.8428e-10,1.4198663,1.35750621,1.3253631,1.3753631,0.06236009000000009,-0.050000000000000044
1.8528e-10,1.4198663,1.35750621,1.3253631,1.3753631,0.06236009000000009,-0.050000000000000044
1.8628e-10,1.4198663,1.35750621,1.3253631,1.3753631,0.06236009000000009,-0.050000000000000044
1.8728e-10,1.4198663,1.35750621,1.3253631,1.3753631,0.06236009000000009,-0.050000000000000044
1.8828e-10,1.4198663,1.35750622,1.3253631,1.3753631,0.06236007999999993,-0.050000000000000044
1.8928e-10,1.4198663,1.35750622,1.3253631,1.3753631,0.06236007999999993,-0.050000000000000044
1.9028e-10,1.4198663,1.35750622,1.3253631,1.3753631,0.06236007999999993,-0.050000000000000044
1.9128e-10,1.4198663,1.35750622,1.3253631,1.3753631,0.06236007999999993,-0.050000000000000044
1.9228e-10,1.4198663,1.35750622,1.3253631,1.3753631,0.06236007999999993,-0.050000000000000044
1.9328e-10,1.4198663,1.35750622,1.3253631,1.3753631,0.06236007999999993,-0.050000000000000044
1.9428e-10,1.41986629,1.35750622,1.3253631,1.3753631,0.06236006999999999,-0.050000000000000044
1.9528e-10,1.41986629,1.35750622,1.3253631,1.3753631,0.06236006999999999,-0.050000000000000044
1.9628e-10,1.41986629,1.35750622,1.3253631,1.3753631,0.06236006999999999,-0.050000000000000044
1.9728e-10,1.41986629,1.35750622,1.3253631,1.3753631,0.06236006999999999,-0.050000000000000044
1.9828e-10,1.41986629,1.35750622,1.3253631,1.3753631,0.06236006999999999,-0.050000000000000044
1.9928e-10,1.41986629,1.35750622,1.3253631,1.3753631,0.06236006999999999,-0.050000000000000044
2.0028e-10,1.41986629,1.35750623,1.3253631,1.3753631,0.06236006000000005,-0.050000000000000044
2.0128e-10,1.41986629,1.35750623,1.3253631,1.3753631,0.06236006000000005,-0.050000000000000044
2.0228e-10,1.41986629,1.35750623,1.3253631,1.3753631,0.06236006000000005,-0.050000000000000044
2.0328e-10,1.41986629,1.35750623,1.3253631,1.3753631,0.06236006000000005,-0.050000000000000044
2.0428e-10,1.41986629,1.35750623,1.3253631,1.3753631,0.06236006000000005,-0.050000000000000044
2.0528e-10,1.41986629,1.35750623,1.3253631,1.3753631,0.06236006000000005,-0.050000000000000044
2.0628e-10,1.41986629,1.35750623,1.3253631,1.3753631,0.06236006000000005,-0.050000000000000044
2.0728e-10,1.41986628,1.35750623,1.3253631,1.3753631,0.06236004999999989,-0.050000000000000044
2.0828e-10,1.41986628,1.35750623,1.3253631,1.3753631,0.06236004999999989,-0.050000000000000044
2.0928e-10,1.41986628,1.35750623,1.3253631,1.3753631,0.06236004999999989,-0.050000000000000044
2.1028e-10,1.41986628,1.35750623,1.3253631,1.3753631,0.06236004999999989,-0.050000000000000044
2.1128e-10,1.41986628,1.35750623,1.3253631,1.3753631,0.06236004999999989,-0.050000000000000044
2.1228e-10,1.41986628,1.35750623,1.3253631,1.3753631,0.06236004999999989,-0.050000000000000044
2.1328e-10,1.41986628,1.35750624,1.3253631,1.3753631,0.06236003999999995,-0.050000000000000044
2.1428e-10,1.41986628,1.35750624,1.3253631,1.3753631,0.06236003999999995,-0.050000000000000044
2.1528e-10,1.41986628,1.35750624,1.3253631,1.3753631,0.06236003999999995,-0.050000000000000044
2.1628e-10,1.41986628,1.35750624,1.3253631,1.3753631,0.06236003999999995,-0.050000000000000044
2.1728e-10,1.41986628,1.35750624,1.3253631,1.3753631,0.06236003999999995,-0.050000000000000044
2.1828e-10,1.41986628,1.35750624,1.3253631,1.3753631,0.06236003999999995,-0.050000000000000044
2.1928e-10,1.41986628,1.35750624,1.3253631,1.3753631,0.06236003999999995,-0.050000000000000044
2.2028e-10,1.41986627,1.35750624,1.3253631,1.3753631,0.06236003000000001,-0.050000000000000044
2.2128e-10,1.41986627,1.35750624,1.3253631,1.3753631,0.06236003000000001,-0.050000000000000044
2.2228e-10,1.41986627,1.35750624,1.3253631,1.3753631,0.06236003000000001,-0.050000000000000044
2.2328e-10,1.41986627,1.35750624,1.3253631,1.3753631,0.06236003000000001,-0.050000000000000044
2.2428e-10,1.41986627,1.35750624,1.3253631,1.3753631,0.06236003000000001,-0.050000000000000044
2.2528e-10,1.41986627,1.35750624,1.3253631,1.3753631,0.06236003000000001,-0.050000000000000044
2.2628e-10,1.41986627,1.35750625,1.3253631,1.3753631,0.06236002000000007,-0.050000000000000044
2.2728e-10,1.41986627,1.35750625,1.3253631,1.3753631,0.06236002000000007,-0.050000000000000044
2.2828e-10,1.41986627,1.35750625,1.3253631,1.3753631,0.06236002000000007,-0.050000000000000044
2.2928e-10,1.41986627,1.35750625,1.3253631,1.3753631,0.06236002000000007,-0.050000000000000044
2.3028e-10,1.41986627,1.35750625,1.3253631,1.3753631,0.06236002000000007,-0.050000000000000044
2.3128e-10,1.41986627,1.35750625,1.3253631,1.3753631,0.06236002000000007,-0.050000000000000044
2.3228e-10,1.41986627,1.35750625,1.3253631,1.3753631,0.06236002000000007,-0.050000000000000044
2.3328e-10,1.41986626,1.35750625,1.3253631,1.3753631,0.06236001000000013,-0.050000000000000044
2.3428e-10,1.41986626,1.35750625,1.3253631,1.3753631,0.06236001000000013,-0.050000000000000044
2.3528e-10,1.41986626,1.35750625,1.3253631,1.3753631,0.06236001000000013,-0.050000000000000044
2.3628e-10,1.41986626,1.35750625,1.3253631,1.3753631,0.06236001000000013,-0.050000000000000044
2.3728e-10,1.41986626,1.35750625,1.3253631,1.3753631,0.06236001000000013,-0.050000000000000044
2.3828e-10,1.41986626,1.35750625,1.3253631,1.3753631,0.06236001000000013,-0.050000000000000044
2.3928e-10,1.41986626,1.35750626,1.3253631,1.3753631,0.06235999999999997,-0.050000000000000044
2.4028e-10,1.41986626,1.35750626,1.3253631,1.3753631,0.06235999999999997,-0.050000000000000044
2.4128e-10,1.41986626,1.35750626,1.3253631,1.3753631,0.06235999999999997,-0.050000000000000044
2.4228e-10,1.41986626,1.35750626,1.3253631,1.3753631,0.06235999999999997,-0.050000000000000044
2.4328e-10,1.41986626,1.35750626,1.3253631,1.3753631,0.06235999999999997,-0.050000000000000044
2.4428e-10,1.41986626,1.35750626,1.3253631,1.3753631,0.06235999999999997,-0.050000000000000044
2.4528e-10,1.41986626,1.35750626,1.3253631,1.3753631,0.06235999999999997,-0.050000000000000044
2.4628e-10,1.41986625,1.35750626,1.3253631,1.3753631,0.06235999000000003,-0.050000000000000044
2.4728e-10,1.41986625,1.35750626,1.3253631,1.3753631,0.06235999000000003,-0.050000000000000044
2.4828e-10,1.41986625,1.35750626,1.3253631,1.3753631,0.06235999000000003,-0.050000000000000044
2.4928e-10,1.41986625,1.35750626,1.3253631,1.3753631,0.06235999000000003,-0.050000000000000044
2.5028e-10,1.41986625,1.35750626,1.3253631,1.3753631,0.06235999000000003,-0.050000000000000044
2.5128e-10,1.41986625,1.35750626,1.3253631,1.3753631,0.06235999000000003,-0.050000000000000044
2.5228e-10,1.41986625,1.35750627,1.3253631,1.3753631,0.06235998000000009,-0.050000000000000044
2.5328e-10,1.41986625,1.35750627,1.3253631,1.3753631,0.06235998000000009,-0.050000000000000044
2.5428e-10,1.41986625,1.35750627,1.3253631,1.3753631,0.06235998000000009,-0.050000000000000044
2.5528e-10,1.41986625,1.35750627,1.3253631,1.3753631,0.06235998000000009,-0.050000000000000044
2.5628e-10,1.41986625,1.35750627,1.3253631,1.3753631,0.06235998000000009,-0.050000000000000044
2.5728e-10,1.41986625,1.35750627,1.3253631,1.3753631,0.06235998000000009,-0.050000000000000044
2.5828e-10,1.41986625,1.35750627,1.3253631,1.3753631,0.06235998000000009,-0.050000000000000044
2.5928e-10,1.41986624,1.35750627,1.3253631,1.3753631,0.06235996999999993,-0.050000000000000044
2.6028e-10,1.41986624,1.35750627,1.3253631,1.3753631,0.06235996999999993,-0.050000000000000044
2.6128e-10,1.41986624,1.35750627,1.3253631,1.3753631,0.06235996999999993,-0.050000000000000044
2.6228e-10,1.41986624,1.35750627,1.3253631,1.3753631,0.06235996999999993,-0.050000000000000044
2.6328e-10,1.41986624,1.35750627,1.3253631,1.3753631,0.06235996999999993,-0.050000000000000044
2.6428e-10,1.41986624,1.35750627,1.3253631,1.3753631,0.06235996999999993,-0.050000000000000044
2.6528e-10,1.41986624,1.35750628,1.3253631,1.3753631,0.06235995999999999,-0.050000000000000044
2.6628e-10,1.41986624,1.35750628,1.3253631,1.3753631,0.06235995999999999,-0.050000000000000044
2.6728e-10,1.41986624,1.35750628,1.3253631,1.3753631,0.06235995999999999,-0.050000000000000044
2.6828e-10,1.41986624,1.35750628,1.3253631,1.3753631,0.06235995999999999,-0.050000000000000044
2.6928e-10,1.41986624,1.35750628,1.3253631,1.3753631,0.06235995999999999,-0.050000000000000044
2.7028e-10,1.41986624,1.35750628,1.3253631,1.3753631,0.06235995999999999,-0.050000000000000044
2.7128e-10,1.41986624,1.35750628,1.3253631,1.3753631,0.06235995999999999,-0.050000000000000044
2.7228e-10,1.41986623,1.35750628,1.3253631,1.3753631,0.06235995000000005,-0.050000000000000044
2.7328e-10,1.41986623,1.35750628,1.3253631,1.3753631,0.06235995000000005,-0.050000000000000044
2.7428e-10,1.41986623,1.35750628,1.3253631,1.3753631,0.06235995000000005,-0.050000000000000044
2.7528e-10,1.41986623,1.35750628,1.3253631,1.3753631,0.06235995000000005,-0.050000000000000044
2.7628e-10,1.41986623,1.35750628,1.3253631,1.3753631,0.06235995000000005,-0.050000000000000044
2.7728e-10,1.41986623,1.35750628,1.3253631,1.3753631,0.06235995000000005,-0.050000000000000044
2.7828e-10,1.41986623,1.35750629,1.3253631,1.3753631,0.062359940000000114,-0.050000000000000044
2.7928e-10,1.41986623,1.35750629,1.3253631,1.3753631,0.062359940000000114,-0.050000000000000044
2.8028e-10,1.41986623,1.35750629,1.3253631,1.3753631,0.062359940000000114,-0.050000000000000044
2.8128e-10,1.41986623,1.35750629,1.3253631,1.3753631,0.062359940000000114,-0.050000000000000044
2.8228e-10,1.41986623,1.35750629,1.3253631,1.3753631,0.062359940000000114,-0.050000000000000044
2.8328e-10,1.41986623,1.35750629,1.3253631,1.3753631,0.062359940000000114,-0.050000000000000044
2.8428e-10,1.41986623,1.35750629,1.3253631,1.3753631,0.062359940000000114,-0.050000000000000044
2.8528e-10,1.41986622,1.35750629,1.3253631,1.3753631,0.062359930000000174,-0.050000000000000044
2.8628e-10,1.41986622,1.35750629,1.3253631,1.3753631,0.062359930000000174,-0.050000000000000044
2.8728e-10,1.41986622,1.35750629,1.3253631,1.3753631,0.062359930000000174,-0.050000000000000044
2.8828e-10,1.41986622,1.35750629,1.3253631,1.3753631,0.062359930000000174,-0.050000000000000044
2.8928e-10,1.41986622,1.35750629,1.3253631,1.3753631,0.062359930000000174,-0.050000000000000044
2.9028e-10,1.41986622,1.35750629,1.3253631,1.3753631,0.062359930000000174,-0.050000000000000044
2.9128e-10,1.41986622,1.3575063,1.3253631,1.3753631,0.06235992000000001,-0.050000000000000044
2.9228e-10,1.41986622,1.3575063,1.3253631,1.3753631,0.06235992000000001,-0.050000000000000044
2.9328e-10,1.41986622,1.3575063,1.3253631,1.3753631,0.06235992000000001,-0.050000000000000044
2.9428e-10,1.41986622,1.3575063,1.3253631,1.3753631,0.06235992000000001,-0.050000000000000044
2.9528e-10,1.41986622,1.3575063,1.3253631,1.3753631,0.06235992000000001,-0.050000000000000044
2.9628e-10,1.41986622,1.3575063,1.3253631,1.3753631,0.06235992000000001,-0.050000000000000044
2.9728e-10,1.41986622,1.3575063,1.3253631,1.3753631,0.06235992000000001,-0.050000000000000044
2.9828e-10,1.41986621,1.3575063,1.3253631,1.3753631,0.06235990999999985,-0.050000000000000044
2.9928e-10,1.41986621,1.3575063,1.3253631,1.3753631,0.06235990999999985,-0.050000000000000044
3.0028e-10,1.41986621,1.3575063,1.3253631,1.3753631,0.06235990999999985,-0.050000000000000044
3.0128e-10,1.41986621,1.3575063,1.3253631,1.3753631,0.06235990999999985,-0.050000000000000044
3.0228e-10,1.41986621,1.3575063,1.3253631,1.3753631,0.06235990999999985,-0.050000000000000044
3.0328e-10,1.41986621,1.3575063,1.3253631,1.3753631,0.06235990999999985,-0.050000000000000044
3.0428e-10,1.41986621,1.35750631,1.3253631,1.3753631,0.06235989999999991,-0.050000000000000044
3.0528e-10,1.41986621,1.35750631,1.3253631,1.3753631,0.06235989999999991,-0.050000000000000044
3.0628e-10,1.41986621,1.35750631,1.3253631,1.3753631,0.06235989999999991,-0.050000000000000044
3.0728e-10,1.41986621,1.35750631,1.3253631,1.3753631,0.06235989999999991,-0.050000000000000044
3.0828e-10,1.41986621,1.35750631,1.3253631,1.3753631,0.06235989999999991,-0.050000000000000044
3.0928e-10,1.41986621,1.35750631,1.3253631,1.3753631,0.06235989999999991,-0.050000000000000044
3.1028e-10,1.41986621,1.35750631,1.3253631,1.3753631,0.06235989999999991,-0.050000000000000044
3.1128e-10,1.4198662,1.35750631,1.3253631,1.3753631,0.06235988999999997,-0.050000000000000044
3.1228e-10,1.4198662,1.35750631,1.3253631,1.3753631,0.06235988999999997,-0.050000000000000044
3.1328e-10,1.4198662,1.35750631,1.3253631,1.3753631,0.06235988999999997,-0.050000000000000044
3.1428e-10,1.4198662,1.35750631,1.3253631,1.3753631,0.06235988999999997,-0.050000000000000044
3.1528e-10,1.4198662,1.35750631,1.3253631,1.3753631,0.06235988999999997,-0.050000000000000044
3.1628e-10,1.4198662,1.35750631,1.3253631,1.3753631,0.06235988999999997,-0.050000000000000044
3.1728e-10,1.4198662,1.35750631,1.3253631,1.3753631,0.06235988999999997,-0.050000000000000044
3.1828e-10,1.4198662,1.35750632,1.3253631,1.3753631,0.062359880000000034,-0.050000000000000044
3.1928e-10,1.4198662,1.35750632,1.3253631,1.3753631,0.062359880000000034,-0.050000000000000044
3.2028e-10,1.4198662,1.35750632,1.3253631,1.3753631,0.062359880000000034,-0.050000000000000044
3.2128e-10,1.4198662,1.35750632,1.3253631,1.3753631,0.062359880000000034,-0.050000000000000044
3.2228e-10,1.4198662,1.35750632,1.3253631,1.3753631,0.062359880000000034,-0.050000000000000044
3.2328e-10,1.4198662,1.35750632,1.3253631,1.3753631,0.062359880000000034,-0.050000000000000044
3.2428e-10,1.41986619,1.35750632,1.3253631,1.3753631,0.062359870000000095,-0.050000000000000044
3.2528e-10,1.41986619,1.35750632,1.3253631,1.3753631,0.062359870000000095,-0.050000000000000044
3.2628e-10,1.41986619,1.35750632,1.3253631,1.3753631,0.062359870000000095,-0.050000000000000044
3.2728e-10,1.41986619,1.35750632,1.3253631,1.3753631,0.062359870000000095,-0.050000000000000044
3.2828e-10,1.41986619,1.35750632,1.3253631,1.3753631,0.062359870000000095,-0.050000000000000044
3.2928e-10,1.41986619,1.35750632,1.3253631,1.3753631,0.062359870000000095,-0.050000000000000044
3.3028e-10,1.41986619,1.35750632,1.3253631,1.3753631,0.062359870000000095,-0.050000000000000044
3.3128e-10,1.41986619,1.35750633,1.3253631,1.3753631,0.062359859999999934,-0.050000000000000044
3.3228e-10,1.41986619,1.35750633,1.3253631,1.3753631,0.062359859999999934,-0.050000000000000044
3.3328e-10,1.41986619,1.35750633,1.3253631,1.3753631,0.062359859999999934,-0.050000000000000044
3.3428e-10,1.41986619,1.35750633,1.3253631,1.3753631,0.062359859999999934,-0.050000000000000044
3.3528e-10,1.41986619,1.35750633,1.3253631,1.3753631,0.062359859999999934,-0.050000000000000044
3.3628e-10,1.41986619,1.35750633,1.3253631,1.3753631,0.062359859999999934,-0.050000000000000044
3.3728e-10,1.41986618,1.35750633,1.3253631,1.3753631,0.062359849999999994,-0.050000000000000044
3.3828e-10,1.41986618,1.35750633,1.3253631,1.3753631,0.062359849999999994,-0.050000000000000044
3.3928e-10,1.41986618,1.35750633,1.3253631,1.3753631,0.062359849999999994,-0.050000000000000044
3.4028e-10,1.41986618,1.35750633,1.3253631,1.3753631,0.062359849999999994,-0.050000000000000044
3.4128e-10,1.41986618,1.35750633,1.3253631,1.3753631,0.062359849999999994,-0.050000000000000044
3.4228e-10,1.41986618,1.35750633,1.3253631,1.3753631,0.062359849999999994,-0.050000000000000044
3.4328e-10,1.41986618,1.35750633,1.3253631,1.3753631,0.062359849999999994,-0.050000000000000044
3.4428e-10,1.41986618,1.35750634,1.3253631,1.3753631,0.062359840000000055,-0.050000000000000044
3.4528e-10,1.41986618,1.35750634,1.3253631,1.3753631,0.062359840000000055,-0.050000000000000044
3.4628e-10,1.41986618,1.35750634,1.3253631,1.3753631,0.062359840000000055,-0.050000000000000044
3.4728e-10,1.41986618,1.35750634,1.3253631,1.3753631,0.062359840000000055,-0.050000000000000044
3.4828e-10,1.41986618,1.35750634,1.3253631,1.3753631,0.062359840000000055,-0.050000000000000044
3.4928e-10,1.41986618,1.35750634,1.3253631,1.3753631,0.062359840000000055,-0.050000000000000044
3.5028e-10,1.41986617,1.35750634,1.3253631,1.3753631,0.062359829999999894,-0.050000000000000044
3.5128e-10,1.41986617,1.35750634,1.3253631,1.3753631,0.062359829999999894,-0.050000000000000044
3.5228e-10,1.41986617,1.35750634,1.3253631,1.3753631,0.062359829999999894,-0.050000000000000044
3.5328e-10,1.41986617,1.35750634,1.3253631,1.3753631,0.062359829999999894,-0.050000000000000044
3.5428e-10,1.41986617,1.35750634,1.3253631,1.3753631,0.062359829999999894,-0.050000000000000044
3.5528e-10,1.41986617,1.35750634,1.3253631,1.3753631,0.062359829999999894,-0.050000000000000044
3.5628e-10,1.41986617,1.35750634,1.3253631,1.3753631,0.062359829999999894,-0.050000000000000044
3.5728e-10,1.41986617,1.35750635,1.3253631,1.3753631,0.062359819999999955,-0.050000000000000044
3.5828e-10,1.41986617,1.35750635,1.3253631,1.3753631,0.062359819999999955,-0.050000000000000044
3.5928e-10,1.41986617,1.35750635,1.3253631,1.3753631,0.062359819999999955,-0.050000000000000044
3.6028e-10,1.41986617,1.35750635,1.3253631,1.3753631,0.062359819999999955,-0.050000000000000044
3.6128e-10,1.41986617,1.35750635,1.3253631,1.3753631,0.062359819999999955,-0.050000000000000044
3.6228e-10,1.41986617,1.35750635,1.3253631,1.3753631,0.062359819999999955,-0.050000000000000044
3.6328e-10,1.41986616,1.35750635,1.3253631,1.3753631,0.062359810000000016,-0.050000000000000044
3.6428e-10,1.41986616,1.35750635,1.3253631,1.3753631,0.062359810000000016,-0.050000000000000044
3.6528e-10,1.41986616,1.35750635,1.3253631,1.3753631,0.062359810000000016,-0.050000000000000044
3.6628e-10,1.41986616,1.35750635,1.3253631,1.3753631,0.062359810000000016,-0.050000000000000044
3.6728e-10,1.41986616,1.35750635,1.3253631,1.3753631,0.062359810000000016,-0.050000000000000044
3.6828e-10,1.41986616,1.35750635,1.3253631,1.3753631,0.062359810000000016,-0.050000000000000044
3.6928e-10,1.41986616,1.35750635,1.3253631,1.3753631,0.062359810000000016,-0.050000000000000044
3.7028e-10,1.41986616,1.35750636,1.3253631,1.3753631,0.062359800000000076,-0.050000000000000044
3.7128e-10,1.41986616,1.35750636,1.3253631,1.3753631,0.062359800000000076,-0.050000000000000044
3.7228e-10,1.41986616,1.35750636,1.3253631,1.3753631,0.062359800000000076,-0.050000000000000044
3.7328e-10,1.41986616,1.35750636,1.3253631,1.3753631,0.062359800000000076,-0.050000000000000044
3.7428e-10,1.41986616,1.35750636,1.3253631,1.3753631,0.062359800000000076,-0.050000000000000044
3.7528e-10,1.41986616,1.35750636,1.3253631,1.3753631,0.062359800000000076,-0.050000000000000044
3.7628e-10,1.41986615,1.35750636,1.3253631,1.3753631,0.06235979000000014,-0.050000000000000044
3.7728e-10,1.41986615,1.35750636,1.3253631,1.3753631,0.06235979000000014,-0.050000000000000044
3.7828e-10,1.41986615,1.35750636,1.3253631,1.3753631,0.06235979000000014,-0.050000000000000044
3.7928e-10,1.41986615,1.35750636,1.3253631,1.3753631,0.06235979000000014,-0.050000000000000044
3.8028e-10,1.41986615,1.35750636,1.3253631,1.3753631,0.06235979000000014,-0.050000000000000044
3.8128e-10,1.41986615,1.35750636,1.3253631,1.3753631,0.06235979000000014,-0.050000000000000044
3.8228e-10,1.41986615,1.35750636,1.3253631,1.3753631,0.06235979000000014,-0.050000000000000044
3.8328e-10,1.41986615,1.35750636,1.3253631,1.3753631,0.06235979000000014,-0.050000000000000044
3.8428e-10,1.41986615,1.35750637,1.3253631,1.3753631,0.062359779999999976,-0.050000000000000044
3.8528e-10,1.41986615,1.35750637,1.3253631,1.3753631,0.062359779999999976,-0.050000000000000044
3.8628e-10,1.41986615,1.35750637,1.3253631,1.3753631,0.062359779999999976,-0.050000000000000044
3.8728e-10,1.41986615,1.35750637,1.3253631,1.3753631,0.062359779999999976,-0.050000000000000044
3.8828e-10,1.41986615,1.35750637,1.3253631,1.3753631,0.062359779999999976,-0.050000000000000044
3.8928e-10,1.41986615,1.35750637,1.3253631,1.3753631,0.062359779999999976,-0.050000000000000044
3.9028e-10,1.41986614,1.35750637,1.3253631,1.3753631,0.06235977000000004,-0.050000000000000044
3.9128e-10,1.41986614,1.35750637,1.3253631,1.3753631,0.06235977000000004,-0.050000000000000044
3.9228e-10,1.41986614,1.35750637,1.3253631,1.3753631,0.06235977000000004,-0.050000000000000044
3.9328e-10,1.41986614,1.35750637,1.3253631,1.3753631,0.06235977000000004,-0.050000000000000044
3.9428e-10,1.41986614,1.35750637,1.3253631,1.3753631,0.06235977000000004,-0.050000000000000044
3.9528e-10,1.41986614,1.35750637,1.3253631,1.3753631,0.06235977000000004,-0.050000000000000044
3.9628e-10,1.41986614,1.35750637,1.3253631,1.3753631,0.06235977000000004,-0.050000000000000044
3.9728e-10,1.41986614,1.35750638,1.3253631,1.3753631,0.0623597600000001,-0.050000000000000044
3.9828e-10,1.41986614,1.35750638,1.3253631,1.3753631,0.0623597600000001,-0.050000000000000044
3.9928e-10,1.41986614,1.35750638,1.3253631,1.3753631,0.0623597600000001,-0.050000000000000044
4.0028e-10,1.41986614,1.35750638,1.3253631,1.3753631,0.0623597600000001,-0.050000000000000044
4.0128e-10,1.41986614,1.35750638,1.3253631,1.3753631,0.0623597600000001,-0.050000000000000044
4.0228e-10,1.41986614,1.35750638,1.3253631,1.3753631,0.0623597600000001,-0.050000000000000044
4.0328e-10,1.41986613,1.35750638,1.3253631,1.3753631,0.062359749999999936,-0.050000000000000044
4.0428e-10,1.41986613,1.35750638,1.3253631,1.3753631,0.062359749999999936,-0.050000000000000044
4.0528e-10,1.41986613,1.35750638,1.3253631,1.3753631,0.062359749999999936,-0.050000000000000044
4.0628e-10,1.41986613,1.35750638,1.3253631,1.3753631,0.062359749999999936,-0.050000000000000044
4.0728e-10,1.41986613,1.35750638,1.3253631,1.3753631,0.062359749999999936,-0.050000000000000044
4.0828e-10,1.41986613,1.35750638,1.3253631,1.3753631,0.062359749999999936,-0.050000000000000044
4.0928e-10,1.41986613,1.35750638,1.3253631,1.3753631,0.062359749999999936,-0.050000000000000044
4.1028e-10,1.41986613,1.35750639,1.3253631,1.3753631,0.06235974,-0.050000000000000044
4.1128e-10,1.41986613,1.35750639,1.3253631,1.3753631,0.06235974,-0.050000000000000044
4.1228e-10,1.41986613,1.35750639,1.3253631,1.3753631,0.06235974,-0.050000000000000044
4.1328e-10,1.41986613,1.35750639,1.3253631,1.3753631,0.06235974,-0.050000000000000044
4.1428e-10,1.41986613,1.35750639,1.3253631,1.3753631,0.06235974,-0.050000000000000044
4.1528e-10,1.41986613,1.35750639,1.3253631,1.3753631,0.06235974,-0.050000000000000044
4.1628e-10,1.41986612,1.35750639,1.3253631,1.3753631,0.06235973000000006,-0.050000000000000044
4.1728e-10,1.41986612,1.35750639,1.3253631,1.3753631,0.06235973000000006,-0.050000000000000044
4.1828e-10,1.41986612,1.35750639,1.3253631,1.3753631,0.06235973000000006,-0.050000000000000044
4.1928e-10,1.41986612,1.35750639,1.3253631,1.3753631,0.06235973000000006,-0.050000000000000044
4.2028e-10,1.41986612,1.35750639,1.3253631,1.3753631,0.06235973000000006,-0.050000000000000044
4.2128e-10,1.41986612,1.35750639,1.3253631,1.3753631,0.06235973000000006,-0.050000000000000044
4.2228e-10,1.41986612,1.35750639,1.3253631,1.3753631,0.06235973000000006,-0.050000000000000044
4.2328e-10,1.41986612,1.3575064,1.3253631,1.3753631,0.06235972000000012,-0.050000000000000044
4.2428e-10,1.41986612,1.3575064,1.3253631,1.3753631,0.06235972000000012,-0.050000000000000044
4.2528e-10,1.41986612,1.3575064,1.3253631,1.3753631,0.06235972000000012,-0.050000000000000044
4.2628e-10,1.41986612,1.3575064,1.3253631,1.3753631,0.06235972000000012,-0.050000000000000044
4.2728e-10,1.41986612,1.3575064,1.3253631,1.3753631,0.06235972000000012,-0.050000000000000044
4.2828e-10,1.41986612,1.3575064,1.3253631,1.3753631,0.06235972000000012,-0.050000000000000044
4.2928e-10,1.41986611,1.3575064,1.3253631,1.3753631,0.06235971000000018,-0.050000000000000044
4.3028e-10,1.41986611,1.3575064,1.3253631,1.3753631,0.06235971000000018,-0.050000000000000044
4.3128e-10,1.41986611,1.3575064,1.3253631,1.3753631,0.06235971000000018,-0.050000000000000044
4.3228e-10,1.41986611,1.3575064,1.3253631,1.3753631,0.06235971000000018,-0.050000000000000044
4.3328e-10,1.41986611,1.3575064,1.3253631,1.3753631,0.06235971000000018,-0.050000000000000044
4.3428e-10,1.41986611,1.3575064,1.3253631,1.3753631,0.06235971000000018,-0.050000000000000044
4.3528e-10,1.41986611,1.3575064,1.3253631,1.3753631,0.06235971000000018,-0.050000000000000044
4.3628e-10,1.41986611,1.3575064,1.3253631,1.3753631,0.06235971000000018,-0.050000000000000044
4.3728e-10,1.41986611,1.35750641,1.3253631,1.3753631,0.06235970000000002,-0.050000000000000044
4.3828e-10,1.41986611,1.35750641,1.3253631,1.3753631,0.06235970000000002,-0.050000000000000044
4.3928e-10,1.41986611,1.35750641,1.3253631,1.3753631,0.06235970000000002,-0.050000000000000044
4.4028e-10,1.41986611,1.35750641,1.3253631,1.3753631,0.06235970000000002,-0.050000000000000044
4.4128e-10,1.41986611,1.35750641,1.3253631,1.3753631,0.06235970000000002,-0.050000000000000044
4.4228e-10,1.41986611,1.35750641,1.3253631,1.3753631,0.06235970000000002,-0.050000000000000044
4.4328e-10,1.4198661,1.35750641,1.3253631,1.3753631,0.06235968999999986,-0.050000000000000044
4.4428e-10,1.4198661,1.35750641,1.3253631,1.3753631,0.06235968999999986,-0.050000000000000044
4.4528e-10,1.4198661,1.35750641,1.3253631,1.3753631,0.06235968999999986,-0.050000000000000044
4.4628e-10,1.4198661,1.35750641,1.3253631,1.3753631,0.06235968999999986,-0.050000000000000044
4.4728e-10,1.4198661,1.35750641,1.3253631,1.3753631,0.06235968999999986,-0.050000000000000044
4.4828e-10,1.4198661,1.35750641,1.3253631,1.3753631,0.06235968999999986,-0.050000000000000044
4.4928e-10,1.4198661,1.35750641,1.3253631,1.3753631,0.06235968999999986,-0.050000000000000044
4.5028e-10,1.4198661,1.35750642,1.3253631,1.3753631,0.06235967999999992,-0.050000000000000044
4.5128e-10,1.4198661,1.35750642,1.3253631,1.3753631,0.06235967999999992,-0.050000000000000044
4.5228e-10,1.4198661,1.35750642,1.3253631,1.3753631,0.06235967999999992,-0.050000000000000044
4.5328e-10,1.4198661,1.35750642,1.3253631,1.3753631,0.06235967999999992,-0.050000000000000044
4.5428e-10,1.4198661,1.35750642,1.3253631,1.3753631,0.06235967999999992,-0.050000000000000044
4.5528e-10,1.4198661,1.35750642,1.3253631,1.3753631,0.06235967999999992,-0.050000000000000044
4.5628e-10,1.41986609,1.35750642,1.3253631,1.3753631,0.06235966999999998,-0.050000000000000044
4.5728e-10,1.41986609,1.35750642,1.3253631,1.3753631,0.06235966999999998,-0.050000000000000044
4.5828e-10,1.41986609,1.35750642,1.3253631,1.3753631,0.06235966999999998,-0.050000000000000044
4.5928e-10,1.41986609,1.35750642,1.3253631,1.3753631,0.06235966999999998,-0.050000000000000044
4.6028e-10,1.41986609,1.35750642,1.3253631,1.3753631,0.06235966999999998,-0.050000000000000044
4.6128e-10,1.41986609,1.35750642,1.3253631,1.3753631,0.06235966999999998,-0.050000000000000044
4.6228e-10,1.41986609,1.35750642,1.3253631,1.3753631,0.06235966999999998,-0.050000000000000044
4.6328e-10,1.41986609,1.35750643,1.3253631,1.3753631,0.06235966000000004,-0.050000000000000044
4.6428e-10,1.41986609,1.35750643,1.3253631,1.3753631,0.06235966000000004,-0.050000000000000044
4.6528e-10,1.41986609,1.35750643,1.3253631,1.3753631,0.06235966000000004,-0.050000000000000044
4.6628e-10,1.41986609,1.35750643,1.3253631,1.3753631,0.06235966000000004,-0.050000000000000044
4.6728e-10,1.41986609,1.35750643,1.3253631,1.3753631,0.06235966000000004,-0.050000000000000044
4.6828e-10,1.41986609,1.35750643,1.3253631,1.3753631,0.06235966000000004,-0.050000000000000044
4.6928e-10,1.41986608,1.35750643,1.3253631,1.3753631,0.0623596500000001,-0.050000000000000044
4.7028e-10,1.41986608,1.35750643,1.3253631,1.3753631,0.0623596500000001,-0.050000000000000044
4.7128e-10,1.41986608,1.35750643,1.3253631,1.3753631,0.0623596500000001,-0.050000000000000044
4.7228e-10,1.41986608,1.35750643,1.3253631,1.3753631,0.0623596500000001,-0.050000000000000044
4.7328e-10,1.41986608,1.35750643,1.3253631,1.3753631,0.0623596500000001,-0.050000000000000044
4.7428e-10,1.41986608,1.35750643,1.3253631,1.3753631,0.0623596500000001,-0.050000000000000044
4.7528e-10,1.41986608,1.35750643,1.3253631,1.3753631,0.0623596500000001,-0.050000000000000044
4.7628e-10,1.41986608,1.35750643,1.3253631,1.3753631,0.0623596500000001,-0.050000000000000044
4.7728e-10,1.41986608,1.35750644,1.3253631,1.3753631,0.06235963999999994,-0.050000000000000044
4.7828e-10,1.41986608,1.35750644,1.3253631,1.3753631,0.06235963999999994,-0.050000000000000044
4.7928e-10,1.41986608,1.35750644,1.3253631,1.3753631,0.06235963999999994,-0.050000000000000044
4.8028e-10,1.41986608,1.35750644,1.3253631,1.3753631,0.06235963999999994,-0.050000000000000044
4.8128e-10,1.41986608,1.35750644,1.3253631,1.3753631,0.06235963999999994,-0.050000000000000044
4.8228e-10,1.41986608,1.35750644,1.3253631,1.3753631,0.06235963999999994,-0.050000000000000044
4.8328e-10,1.41986607,1.35750644,1.3253631,1.3753631,0.06235963,-0.050000000000000044
4.8428e-10,1.41986607,1.35750644,1.3253631,1.3753631,0.06235963,-0.050000000000000044
4.8528e-10,1.41986607,1.35750644,1.3253631,1.3753631,0.06235963,-0.050000000000000044
4.8628e-10,1.41986607,1.35750644,1.3253631,1.3753631,0.06235963,-0.050000000000000044
4.8728e-10,1.41986607,1.35750644,1.3253631,1.3753631,0.06235963,-0.050000000000000044
4.8828e-10,1.41986607,1.35750644,1.3253631,1.3753631,0.06235963,-0.050000000000000044
4.8928e-10,1.41986607,1.35750644,1.3253631,1.3753631,0.06235963,-0.050000000000000044
4.9028e-10,1.41986607,1.35750645,1.3253631,1.3753631,0.06235962000000006,-0.050000000000000044
4.9128e-10,1.41986607,1.35750645,1.3253631,1.3753631,0.06235962000000006,-0.050000000000000044
4.9228e-10,1.41986607,1.35750645,1.3253631,1.3753631,0.06235962000000006,-0.050000000000000044
4.9328e-10,1.41986607,1.35750645,1.3253631,1.3753631,0.06235962000000006,-0.050000000000000044
4.9428e-10,1.41986607,1.35750645,1.3253631,1.3753631,0.06235962000000006,-0.050000000000000044
4.9528e-10,1.41986607,1.35750645,1.3253631,1.3753631,0.06235962000000006,-0.050000000000000044
4.9628e-10,1.41986606,1.35750645,1.3253631,1.3753631,0.0623596099999999,-0.050000000000000044
4.9728e-10,1.41986606,1.35750645,1.3253631,1.3753631,0.0623596099999999,-0.050000000000000044
4.9828e-10,1.41986606,1.35750645,1.3253631,1.3753631,0.0623596099999999,-0.050000000000000044
4.9928e-10,1.41986606,1.35750645,1.3253631,1.3753631,0.0623596099999999,-0.050000000000000044
5.0028e-10,1.41986606,1.35750645,1.3253631,1.3753631,0.0623596099999999,-0.050000000000000044
5.0128e-10,1.41986606,1.35750645,1.3253631,1.3753631,0.0623596099999999,-0.050000000000000044
5.0228e-10,1.41986606,1.35750645,1.3253631,1.3753631,0.0623596099999999,-0.050000000000000044
5.0328e-10,1.41986606,1.35750645,1.3253631,1.3753631,0.0623596099999999,-0.050000000000000044
5.0428e-10,1.41986606,1.35750646,1.3253631,1.3753631,0.06235959999999996,-0.050000000000000044
5.0528e-10,1.41986606,1.35750646,1.3253631,1.3753631,0.06235959999999996,-0.050000000000000044
5.0628e-10,1.41986606,1.35750646,1.3253631,1.3753631,0.06235959999999996,-0.050000000000000044
5.0728e-10,1.41986606,1.35750646,1.3253631,1.3753631,0.06235959999999996,-0.050000000000000044
5.0828e-10,1.41986606,1.35750646,1.3253631,1.3753631,0.06235959999999996,-0.050000000000000044
5.0928e-10,1.41986606,1.35750646,1.3253631,1.3753631,0.06235959999999996,-0.050000000000000044
5.1028e-10,1.41986605,1.35750646,1.3253631,1.3753631,0.06235959000000002,-0.050000000000000044
5.1128e-10,1.41986605,1.35750646,1.3253631,1.3753631,0.06235959000000002,-0.050000000000000044
5.1228e-10,1.41986605,1.35750646,1.3253631,1.3753631,0.06235959000000002,-0.050000000000000044
5.1328e-10,1.41986605,1.35750646,1.3253631,1.3753631,0.06235959000000002,-0.050000000000000044
5.1428e-10,1.41986605,1.35750646,1.3253631,1.3753631,0.06235959000000002,-0.050000000000000044
5.1528e-10,1.41986605,1.35750646,1.3253631,1.3753631,0.06235959000000002,-0.050000000000000044
5.1628e-10,1.41986605,1.35750646,1.3253631,1.3753631,0.06235959000000002,-0.050000000000000044
5.1728e-10,1.41986605,1.35750647,1.3253631,1.3753631,0.06235958000000008,-0.050000000000000044
5.1828e-10,1.41986605,1.35750647,1.3253631,1.3753631,0.06235958000000008,-0.050000000000000044
5.1928e-10,1.41986605,1.35750647,1.3253631,1.3753631,0.06235958000000008,-0.050000000000000044
5.2028e-10,1.41986605,1.35750647,1.3253631,1.3753631,0.06235958000000008,-0.050000000000000044
5.2128e-10,1.41986605,1.35750647,1.3253631,1.3753631,0.06235958000000008,-0.050000000000000044
5.2228e-10,1.41986605,1.35750647,1.3253631,1.3753631,0.06235958000000008,-0.050000000000000044
5.2328e-10,1.41986604,1.35750647,1.3253631,1.3753631,0.06235957000000014,-0.050000000000000044
5.2428e-10,1.41986604,1.35750647,1.3253631,1.3753631,0.06235957000000014,-0.050000000000000044
5.2528e-10,1.41986604,1.35750647,1.3253631,1.3753631,0.06235957000000014,-0.050000000000000044
5.2628e-10,1.41986604,1.35750647,1.3253631,1.3753631,0.06235957000000014,-0.050000000000000044
5.2728e-10,1.41986604,1.35750647,1.3253631,1.3753631,0.06235957000000014,-0.050000000000000044
5.2828e-10,1.41986604,1.35750647,1.3253631,1.3753631,0.06235957000000014,-0.050000000000000044
5.2928e-10,1.41986604,1.35750647,1.3253631,1.3753631,0.06235957000000014,-0.050000000000000044
5.3028e-10,1.41986604,1.35750647,1.3253631,1.3753631,0.06235957000000014,-0.050000000000000044
5.3128e-10,1.41986604,1.35750648,1.3253631,1.3753631,0.06235955999999998,-0.050000000000000044
5.3228e-10,1.41986604,1.35750648,1.3253631,1.3753631,0.06235955999999998,-0.050000000000000044
5.3328e-10,1.41986604,1.35750648,1.3253631,1.3753631,0.06235955999999998,-0.050000000000000044
5.3428e-10,1.41986604,1.35750648,1.3253631,1.3753631,0.06235955999999998,-0.050000000000000044
5.3528e-10,1.41986604,1.35750648,1.3253631,1.3753631,0.06235955999999998,-0.050000000000000044
5.3628e-10,1.41986604,1.35750648,1.3253631,1.3753631,0.06235955999999998,-0.050000000000000044
5.3728e-10,1.41986603,1.35750648,1.3253631,1.3753631,0.06235954999999982,-0.050000000000000044
5.3828e-10,1.41986603,1.35750648,1.3253631,1.3753631,0.06235954999999982,-0.050000000000000044
5.3928e-10,1.41986603,1.35750648,1.3253631,1.3753631,0.06235954999999982,-0.050000000000000044
5.4028e-10,1.41986603,1.35750648,1.3253631,1.3753631,0.06235954999999982,-0.050000000000000044
5.4128e-10,1.41986603,1.35750648,1.3253631,1.3753631,0.06235954999999982,-0.050000000000000044
5.4228e-10,1.41986603,1.35750648,1.3253631,1.3753631,0.06235954999999982,-0.050000000000000044
5.4328e-10,1.41986603,1.35750648,1.3253631,1.3753631,0.06235954999999982,-0.050000000000000044
5.4428e-10,1.41986603,1.35750649,1.3253631,1.3753631,0.06235953999999988,-0.050000000000000044
5.4528e-10,1.41986603,1.35750649,1.3253631,1.3753631,0.06235953999999988,-0.050000000000000044
5.4628e-10,1.41986603,1.35750649,1.3253631,1.3753631,0.06235953999999988,-0.050000000000000044
5.4728e-10,1.41986603,1.35750649,1.3253631,1.3753631,0.06235953999999988,-0.050000000000000044
5.4828e-10,1.41986603,1.35750649,1.3253631,1.3753631,0.06235953999999988,-0.050000000000000044
5.4928e-10,1.41986603,1.35750649,1.3253631,1.3753631,0.06235953999999988,-0.050000000000000044
5.5028e-10,1.41986602,1.35750649,1.3253631,1.3753631,0.06235952999999994,-0.050000000000000044
5.5128e-10,1.41986602,1.35750649,1.3253631,1.3753631,0.06235952999999994,-0.050000000000000044
5.5228e-10,1.41986602,1.35750649,1.3253631,1.3753631,0.06235952999999994,-0.050000000000000044
5.5328e-10,1.41986602,1.35750649,1.3253631,1.3753631,0.06235952999999994,-0.050000000000000044
5.5428e-10,1.41986602,1.35750649,1.3253631,1.3753631,0.06235952999999994,-0.050000000000000044
5.5528e-10,1.41986602,1.35750649,1.3253631,1.3753631,0.06235952999999994,-0.050000000000000044
5.5628e-10,1.41986602,1.35750649,1.3253631,1.3753631,0.06235952999999994,-0.050000000000000044
5.5728e-10,1.41986602,1.35750649,1.3253631,1.3753631,0.06235952999999994,-0.050000000000000044
5.5828e-10,1.41986602,1.3575065,1.3253631,1.3753631,0.06235952,-0.050000000000000044
5.5928e-10,1.41986602,1.3575065,1.3253631,1.3753631,0.06235952,-0.050000000000000044
5.6028e-10,1.41986602,1.3575065,1.3253631,1.3753631,0.06235952,-0.050000000000000044
5.6128e-10,1.41986602,1.3575065,1.3253631,1.3753631,0.06235952,-0.050000000000000044
5.6228e-10,1.41986602,1.3575065,1.3253631,1.3753631,0.06235952,-0.050000000000000044
5.6328e-10,1.41986602,1.3575065,1.3253631,1.3753631,0.06235952,-0.050000000000000044
5.6428e-10,1.41986601,1.3575065,1.3253631,1.3753631,0.06235951000000006,-0.050000000000000044
5.6528e-10,1.41986601,1.3575065,1.3253631,1.3753631,0.06235951000000006,-0.050000000000000044
5.6628e-10,1.41986601,1.3575065,1.3253631,1.3753631,0.06235951000000006,-0.050000000000000044
5.6728e-10,1.41986601,1.3575065,1.3253631,1.3753631,0.06235951000000006,-0.050000000000000044
5.6828e-10,1.41986601,1.3575065,1.3253631,1.3753631,0.06235951000000006,-0.050000000000000044
5.6928e-10,1.41986601,1.3575065,1.3253631,1.3753631,0.06235951000000006,-0.050000000000000044
5.7028e-10,1.41986601,1.3575065,1.3253631,1.3753631,0.06235951000000006,-0.050000000000000044
5.7128e-10,1.41986601,1.35750651,1.3253631,1.3753631,0.0623594999999999,-0.050000000000000044
5.714286e-10,1.41986601,1.35750651,1.3253631,1.3753631,0.0623594999999999,-0.050000000000000044
5.715286e-10,1.41989857,1.3574746,1.32647421,1.37425199,0.062423969999999995,-0.0477777800000001
5.717286e-10,1.41994095,1.35743574,1.32869643,1.37202977,0.06250521000000009,-0.04333334
5.721286e-10,1.41981829,1.35759327,1.33314088,1.36758532,0.062225020000000075,-0.03444444000000013
5.729286e-10,1.41828222,1.35939128,1.34202977,1.35869643,0.05889093999999995,-0.016666660000000055
5.739286e-10,1.41362652,1.36471668,1.35314088,1.34758532,0.04890984000000009,0.005555559999999904
5.749286e-10,1.40623152,1.37292582,1.36425199,1.33647421,0.03330569999999988,0.027777780000000085
5.759286e-10,1.39677894,1.38296038,1.3753631,1.3253631,0.013818559999999813,0.050000000000000044
5.760286e-10,1.39570351,1.384066,1.3753631,1.3253631,0.011637509999999907,0.050000000000000044
5.762286e-10,1.39355231,1.38626601,1.3753631,1.3253631,0.007286300000000079,0.050000000000000044
5.766286e-10,1.38934603,1.39050932,1.3753631,1.3253631,-0.001163290000000039,0.050000000000000044
5.774286e-10,1.38196409,1.39779153,1.3753631,1.3253631,-0.015827439999999804,0.050000000000000044
5.784286e-10,1.37523748,1.40420458,1.3753631,1.3253631,-0.028967100000000023,0.050000000000000044
5.794286e-10,1.37112995,1.40794282,1.3753631,1.3253631,-0.036812869999999887,0.050000000000000044
5.804286e-10,1.36893168,1.40980705,1.3753631,1.3253631,-0.040875369999999966,0.050000000000000044
5.814286e-10,1.36790469,1.41055295,1.3753631,1.3253631,-0.04264825999999999,0.050000000000000044
5.824286e-10,1.36751099,1.41072171,1.3753631,1.3253631,-0.043210720000000036,0.050000000000000044
5.834286e-10,1.36741379,1.41064457,1.3753631,1.3253631,-0.043230780000000024,0.050000000000000044
5.844286e-10,1.36743039,1.4104954,1.3753631,1.3253631,-0.04306501000000007,0.050000000000000044
5.854286e-10,1.36747344,1.41035323,1.3753631,1.3253631,-0.04287978999999997,0.050000000000000044
5.864286e-10,1.36750973,1.41024321,1.3753631,1.3253631,-0.04273347999999988,0.050000000000000044
5.874286e-10,1.36753098,1.41016759,1.3753631,1.3253631,-0.042636609999999964,0.050000000000000044
5.884286e-10,1.36753952,1.41011875,1.3753631,1.3253631,-0.04257923000000008,0.050000000000000044
5.892857e-10,1.36753995,1.41009229,1.3753631,1.3253631,-0.042552339999999855,0.050000000000000044
5.893857e-10,1.36750772,1.41012223,1.37425199,1.32647421,-0.04261450999999994,0.0477777800000001
5.895857e-10,1.36746842,1.41015932,1.37202977,1.32869643,-0.042690899999999976,0.04333334
5.899857e-10,1.36762681,1.41002399,1.36758532,1.33314088,-0.042397180000000034,0.03444444000000013
5.907857e-10,1.36942008,1.40843638,1.35869643,1.34202977,-0.03901629999999989,0.016666660000000055
5.917857e-10,1.37469081,1.40364742,1.34758532,1.35314088,-0.02895661000000005,-0.005555559999999904
5.927857e-10,1.38276228,1.39604653,1.33647421,1.36425199,-0.013284250000000108,-0.027777780000000085
5.937857e-10,1.39257288,1.3863419,1.3253631,1.3753631,0.006230979999999997,-0.050000000000000044
5.938857e-10,1.39365153,1.38523983,1.3253631,1.3753631,0.008411700000000133,-0.050000000000000044
5.940857e-10,1.39579638,1.38303504,1.3253631,1.3753631,0.012761339999999954,-0.050000000000000044
5.944857e-10,1.39992388,1.37871975,1.3253631,1.3753631,0.0212041300000001,-0.050000000000000044
5.952857e-10,1.40697672,1.37112674,1.3253631,1.3753631,0.03584998000000006,-0.050000000000000044
5.962857e-10,1.41315056,1.36418162,1.3253631,1.3753631,0.04896893999999996,-0.050000000000000044
5.972857e-10,1.41672723,1.35992788,1.3253631,1.3753631,0.056799349999999915,-0.050000000000000044
5.982857e-10,1.4185093,1.35766152,1.3253631,1.3753631,0.06084778000000002,-0.050000000000000044
5.992857e-10,1.41924119,1.35663593,1.3253631,1.3753631,0.06260526,-0.050000000000000044
6.002857e-10,1.41944423,1.35629259,1.3253631,1.3753631,0.06315164000000006,-0.050000000000000044
6.012857e-10,1.41943283,1.35627699,1.3253631,1.3753631,0.06315584000000007,-0.050000000000000044
6.022857e-10,1.41936766,1.35639273,1.3253631,1.3753631,0.06297492999999998,-0.050000000000000044
6.032857e-10,1.41931767,1.35654209,1.3253631,1.3753631,0.06277558000000005,-0.050000000000000044
6.042857e-10,1.41930122,1.35668495,1.3253631,1.3753631,0.06261626999999992,-0.050000000000000044
6.052857e-10,1.41931585,1.3568083,1.3253631,1.3753631,0.06250755000000008,-0.050000000000000044
6.062857e-10,1.41935129,1.35691188,1.3253631,1.3753631,0.062439410000000084,-0.050000000000000044
6.072857e-10,1.41939803,1.35699853,1.3253631,1.3753631,0.06239949999999994,-0.050000000000000044
6.082857e-10,1.41944833,1.35707212,1.3253631,1.3753631,0.06237621000000004,-0.050000000000000044
6.092857e-10,1.41949771,1.3571352,1.3253631,1.3753631,0.062362509999999816,-0.050000000000000044
6.102857e-10,1.41954335,1.35718995,1.3253631,1.3753631,0.062353400000000114,-0.050000000000000044
6.112857e-10,1.41958434,1.35723748,1.3253631,1.3753631,0.06234685999999989,-0.050000000000000044
6.122857e-10,1.41962026,1.35727889,1.3253631,1.3753631,0.062341370000000174,-0.050000000000000044
6.132857e-10,1.41965151,1.35731475,1.3253631,1.3753631,0.06233675999999999,-0.050000000000000044
6.142857e-10,1.41967836,1.3573458,1.3253631,1.3753631,0.06233255999999998,-0.050000000000000044
6.152857e-10,1.41970147,1.35737247,1.3253631,1.3753631,0.06232899999999986,-0.050000000000000044
6.162857e-10,1.41972119,1.35739539,1.3253631,1.3753631,0.06232579999999999,-0.050000000000000044
6.172857e-10,1.4197381,1.35741494,1.3253631,1.3753631,0.062323160000000044,-0.050000000000000044
6.182857e-10,1.41975249,1.35743164,1.3253631,1.3753631,0.062320850000000094,-0.050000000000000044
6.192857e-10,1.41976482,1.35744582,1.3253631,1.3753631,0.06231900000000001,-0.050000000000000044
6.202857e-10,1.41977529,1.35745791,1.3253631,1.3753631,0.06231738000000009,-0.050000000000000044
6.212857e-10,1.41978425,1.35746813,1.3253631,1.3753631,0.062316119999999975,-0.050000000000000044
6.222857e-10,1.41979185,1.35747684,1.3253631,1.3753631,0.06231501000000006,-0.050000000000000044
6.232857e-10,1.41979836,1.35748418,1.3253631,1.3753631,0.06231418,-0.050000000000000044
6.242857e-10,1.41980387,1.35749044,1.3253631,1.3753631,0.06231342999999989,-0.050000000000000044
6.252857e-10,1.4198086,1.35749571,1.3253631,1.3753631,0.062312890000000065,-0.050000000000000044
6.262857e-10,1.4198126,1.35750019,1.3253631,1.3753631,0.062312409999999874,-0.050000000000000044
6.272857e-10,1.41981603,1.35750397,1.3253631,1.3753631,0.06231206,-0.050000000000000044
6.282857e-10,1.41981893,1.35750718,1.3253631,1.3753631,0.06231174999999989,-0.050000000000000044
6.292857e-10,1.41982143,1.35750988,1.3253631,1.3753631,0.06231154999999999,-0.050000000000000044
6.302857e-10,1.41982353,1.35751219,1.3253631,1.3753631,0.06231133999999994,-0.050000000000000044
6.312857e-10,1.41982535,1.35751412,1.3253631,1.3753631,0.06231122999999994,-0.050000000000000044
6.322857e-10,1.41982689,1.35751577,1.3253631,1.3753631,0.06231111999999994,-0.050000000000000044
6.332857e-10,1.41982822,1.35751715,1.3253631,1.3753631,0.062311070000000024,-0.050000000000000044
6.342857e-10,1.41982934,1.35751833,1.3253631,1.3753631,0.062311009999999944,-0.050000000000000044
6.352857e-10,1.41983032,1.35751932,1.3253631,1.3753631,0.062311000000000005,-0.050000000000000044
6.362857e-10,1.41983114,1.35752017,1.3253631,1.3753631,0.06231097000000019,-0.050000000000000044
6.372857e-10,1.41983186,1.35752087,1.3253631,1.3753631,0.062310989999999844,-0.050000000000000044
6.382857e-10,1.41983246,1.35752148,1.3253631,1.3753631,0.06231098000000013,-0.050000000000000044
6.392857e-10,1.419833,1.35752198,1.3253631,1.3753631,0.062311019999999884,-0.050000000000000044
6.402857e-10,1.41983344,1.35752242,1.3253631,1.3753631,0.062311019999999884,-0.050000000000000044
6.412857e-10,1.41983384,1.35752278,1.3253631,1.3753631,0.06231105999999986,-0.050000000000000044
6.422857e-10,1.41983417,1.3575231,1.3253631,1.3753631,0.0623110699999998,-0.050000000000000044
6.432857e-10,1.41983447,1.35752336,1.3253631,1.3753631,0.06231111,-0.050000000000000044
6.442857e-10,1.41983472,1.35752359,1.3253631,1.3753631,0.0623111300000001,-0.050000000000000044
6.452857e-10,1.41983495,1.35752377,1.3253631,1.3753631,0.06231118000000002,-0.050000000000000044
6.462857e-10,1.41983514,1.35752394,1.3253631,1.3753631,0.0623111999999999,-0.050000000000000044
6.472857e-10,1.41983531,1.35752408,1.3253631,1.3753631,0.06231123000000016,-0.050000000000000044
6.482857e-10,1.41983546,1.3575242,1.3253631,1.3753631,0.06231125999999998,-0.050000000000000044
6.492857e-10,1.4198356,1.3575243,1.3253631,1.3753631,0.06231130000000018,-0.050000000000000044
6.502857e-10,1.41983571,1.35752439,1.3253631,1.3753631,0.06231132000000006,-0.050000000000000044
6.512857e-10,1.41983582,1.35752446,1.3253631,1.3753631,0.06231136000000004,-0.050000000000000044
6.522857e-10,1.41983591,1.35752453,1.3253631,1.3753631,0.062311379999999916,-0.050000000000000044
6.532857e-10,1.41983599,1.35752459,1.3253631,1.3753631,0.06231140000000002,-0.050000000000000044
6.542857e-10,1.41983606,1.35752464,1.3253631,1.3753631,0.062311419999999895,-0.050000000000000044
6.552857e-10,1.41983614,1.35752469,1.3253631,1.3753631,0.062311449999999935,-0.050000000000000044
6.562857e-10,1.41983619,1.35752473,1.3253631,1.3753631,0.062311460000000096,-0.050000000000000044
6.572857e-10,1.41983626,1.35752476,1.3253631,1.3753631,0.062311500000000075,-0.050000000000000044
6.582857e-10,1.4198363,1.3575248,1.3253631,1.3753631,0.062311500000000075,-0.050000000000000044
6.592857e-10,1.41983636,1.35752483,1.3253631,1.3753631,0.06231152999999989,-0.050000000000000044
6.602857e-10,1.4198364,1.35752486,1.3253631,1.3753631,0.062311540000000054,-0.050000000000000044
6.612857e-10,1.41983644,1.35752488,1.3253631,1.3753631,0.062311560000000155,-0.050000000000000044
6.622857e-10,1.41983648,1.35752491,1.3253631,1.3753631,0.062311570000000094,-0.050000000000000044
6.632857e-10,1.41983652,1.35752493,1.3253631,1.3753631,0.06231158999999997,-0.050000000000000044
6.642857e-10,1.41983655,1.35752495,1.3253631,1.3753631,0.062311600000000134,-0.050000000000000044
6.652857e-10,1.41983659,1.35752497,1.3253631,1.3753631,0.06231162000000001,-0.050000000000000044
6.662857e-10,1.41983662,1.357525,1.3253631,1.3753631,0.06231162000000001,-0.050000000000000044
6.672857e-10,1.41983665,1.35752501,1.3253631,1.3753631,0.06231163999999989,-0.050000000000000044
6.682857e-10,1.41983668,1.35752503,1.3253631,1.3753631,0.06231165000000005,-0.050000000000000044
6.692857e-10,1.41983671,1.35752505,1.3253631,1.3753631,0.06231165999999999,-0.050000000000000044
6.702857e-10,1.41983674,1.35752507,1.3253631,1.3753631,0.06231167000000015,-0.050000000000000044
6.712857e-10,1.41983676,1.35752509,1.3253631,1.3753631,0.06231166999999993,-0.050000000000000044
6.722857e-10,1.41983679,1.35752511,1.3253631,1.3753631,0.06231167999999987,-0.050000000000000044
6.732857e-10,1.41983682,1.35752512,1.3253631,1.3753631,0.06231169999999997,-0.050000000000000044
6.742857e-10,1.41983684,1.35752514,1.3253631,1.3753631,0.06231170000000019,-0.050000000000000044
6.752857e-10,1.41983687,1.35752516,1.3253631,1.3753631,0.06231170999999991,-0.050000000000000044
6.762857e-10,1.41983689,1.35752518,1.3253631,1.3753631,0.06231170999999991,-0.050000000000000044
6.772857e-10,1.41983691,1.35752519,1.3253631,1.3753631,0.06231171999999985,-0.050000000000000044
6.782857e-10,1.41983694,1.35752521,1.3253631,1.3753631,0.06231173000000001,-0.050000000000000044
6.792857e-10,1.41983696,1.35752523,1.3253631,1.3753631,0.06231173000000001,-0.050000000000000044
6.802857e-10,1.41983698,1.35752524,1.3253631,1.3753631,0.06231173999999995,-0.050000000000000044
6.812857e-10,1.41983701,1.35752526,1.3253631,1.3753631,0.06231174999999989,-0.050000000000000044
6.822857e-10,1.41983703,1.35752528,1.3253631,1.3753631,0.06231175000000011,-0.050000000000000044
6.832857e-10,1.41983705,1.35752529,1.3253631,1.3753631,0.06231175999999983,-0.050000000000000044
6.842857e-10,1.41983707,1.35752531,1.3253631,1.3753631,0.06231176000000005,-0.050000000000000044
6.852857e-10,1.41983709,1.35752533,1.3253631,1.3753631,0.06231175999999983,-0.050000000000000044
6.862857e-10,1.41983711,1.35752534,1.3253631,1.3753631,0.06231176999999999,-0.050000000000000044
6.872857e-10,1.41983714,1.35752536,1.3253631,1.3753631,0.06231178000000015,-0.050000000000000044
6.882857e-10,1.41983716,1.35752538,1.3253631,1.3753631,0.06231177999999993,-0.050000000000000044
6.892857e-10,1.41983718,1.35752539,1.3253631,1.3753631,0.06231179000000009,-0.050000000000000044
6.902857e-10,1.4198372,1.35752541,1.3253631,1.3753631,0.06231178999999987,-0.050000000000000044
6.912857e-10,1.41983722,1.35752543,1.3253631,1.3753631,0.06231179000000009,-0.050000000000000044
6.922857e-10,1.41983724,1.35752544,1.3253631,1.3753631,0.062311799999999806,-0.050000000000000044
6.932857e-10,1.41983726,1.35752546,1.3253631,1.3753631,0.06231180000000003,-0.050000000000000044
6.942857e-10,1.41983728,1.35752548,1.3253631,1.3753631,0.06231180000000003,-0.050000000000000044
6.952857e-10,1.4198373,1.35752549,1.3253631,1.3753631,0.06231180999999997,-0.050000000000000044
6.962857e-10,1.41983732,1.35752551,1.3253631,1.3753631,0.06231180999999997,-0.050000000000000044
6.972857e-10,1.41983734,1.35752552,1.3253631,1.3753631,0.06231181999999991,-0.050000000000000044
6.982857e-10,1.41983736,1.35752554,1.3253631,1.3753631,0.06231182000000013,-0.050000000000000044
6.992857e-10,1.41983738,1.35752555,1.3253631,1.3753631,0.062311829999999846,-0.050000000000000044
7.002857e-10,1.4198374,1.35752557,1.3253631,1.3753631,0.06231183000000007,-0.050000000000000044
7.012857e-10,1.41983742,1.35752559,1.3253631,1.3753631,0.062311829999999846,-0.050000000000000044
7.022857e-10,1.41983744,1.3575256,1.3253631,1.3753631,0.06231184000000001,-0.050000000000000044
7.032857e-10,1.41983746,1.35752562,1.3253631,1.3753631,0.06231184000000001,-0.050000000000000044
7.042857e-10,1.41983748,1.35752563,1.3253631,1.3753631,0.062311849999999946,-0.050000000000000044
7.052857e-10,1.4198375,1.35752565,1.3253631,1.3753631,0.06231185000000017,-0.050000000000000044
7.062857e-10,1.41983752,1.35752567,1.3253631,1.3753631,0.062311849999999946,-0.050000000000000044
7.072857e-10,1.41983754,1.35752568,1.3253631,1.3753631,0.06231186000000011,-0.050000000000000044
7.082857e-10,1.41983755,1.3575257,1.3253631,1.3753631,0.062311849999999946,-0.050000000000000044
7.092857e-10,1.41983757,1.35752571,1.3253631,1.3753631,0.06231186000000011,-0.050000000000000044
7.102857e-10,1.41983759,1.35752573,1.3253631,1.3753631,0.062311859999999886,-0.050000000000000044
7.112857e-10,1.41983761,1.35752574,1.3253631,1.3753631,0.06231187000000005,-0.050000000000000044
7.122857e-10,1.41983763,1.35752576,1.3253631,1.3753631,0.06231187000000005,-0.050000000000000044
7.132857e-10,1.41983765,1.35752577,1.3253631,1.3753631,0.062311879999999986,-0.050000000000000044
7.142857e-10,1.41983767,1.35752579,1.3253631,1.3753631,0.062311879999999986,-0.050000000000000044
7.152857e-10,1.41983769,1.3575258,1.3253631,1.3753631,0.06231189000000015,-0.050000000000000044
7.162857e-10,1.4198377,1.35752582,1.3253631,1.3753631,0.062311879999999986,-0.050000000000000044
7.172857e-10,1.41983772,1.35752583,1.3253631,1.3753631,0.06231189000000015,-0.050000000000000044
7.182857e-10,1.41983774,1.35752585,1.3253631,1.3753631,0.062311889999999925,-0.050000000000000044
7.192857e-10,1.41983776,1.35752586,1.3253631,1.3753631,0.06231190000000009,-0.050000000000000044
7.202857e-10,1.41983778,1.35752588,1.3253631,1.3753631,0.062311899999999865,-0.050000000000000044
7.212857e-10,1.4198378,1.35752589,1.3253631,1.3753631,0.062311910000000026,-0.050000000000000044
7.222857e-10,1.41983781,1.35752591,1.3253631,1.3753631,0.06231190000000009,-0.050000000000000044
7.232857e-10,1.41983783,1.35752592,1.3253631,1.3753631,0.062311910000000026,-0.050000000000000044
7.242857e-10,1.41983785,1.35752594,1.3253631,1.3753631,0.062311910000000026,-0.050000000000000044
7.252857e-10,1.41983787,1.35752595,1.3253631,1.3753631,0.062311919999999965,-0.050000000000000044
7.262857e-10,1.41983789,1.35752596,1.3253631,1.3753631,0.062311929999999904,-0.050000000000000044
7.272857e-10,1.4198379,1.35752598,1.3253631,1.3753631,0.06231192000000019,-0.050000000000000044
7.282857e-10,1.41983792,1.35752599,1.3253631,1.3753631,0.062311929999999904,-0.050000000000000044
7.292857e-10,1.41983794,1.35752601,1.3253631,1.3753631,0.062311930000000126,-0.050000000000000044
7.302857e-10,1.41983796,1.35752602,1.3253631,1.3753631,0.062311939999999844,-0.050000000000000044
7.312857e-10,1.41983797,1.35752603,1.3253631,1.3753631,0.062311939999999844,-0.050000000000000044
7.322857e-10,1.41983799,1.35752605,1.3253631,1.3753631,0.062311940000000066,-0.050000000000000044
7.332857e-10,1.41983801,1.35752606,1.3253631,1.3753631,0.062311950000000005,-0.050000000000000044
7.342857e-10,1.41983803,1.35752608,1.3253631,1.3753631,0.062311950000000005,-0.050000000000000044
7.352857e-10,1.41983804,1.35752609,1.3253631,1.3753631,0.062311950000000005,-0.050000000000000044
7.362857e-10,1.41983806,1.3575261,1.3253631,1.3753631,0.062311959999999944,-0.050000000000000044
7.372857e-10,1.41983808,1.35752612,1.3253631,1.3753631,0.062311959999999944,-0.050000000000000044
7.382857e-10,1.4198381,1.35752613,1.3253631,1.3753631,0.06231196999999988,-0.050000000000000044
7.392857e-10,1.41983811,1.35752614,1.3253631,1.3753631,0.06231196999999988,-0.050000000000000044
7.402857e-10,1.41983813,1.35752616,1.3253631,1.3753631,0.062311970000000105,-0.050000000000000044
7.412857e-10,1.41983815,1.35752617,1.3253631,1.3753631,0.06231197999999982,-0.050000000000000044
7.422857e-10,1.41983816,1.35752619,1.3253631,1.3753631,0.062311970000000105,-0.050000000000000044
7.432857e-10,1.41983818,1.3575262,1.3253631,1.3753631,0.062311980000000045,-0.050000000000000044
7.442857e-10,1.4198382,1.35752621,1.3253631,1.3753631,0.062311989999999984,-0.050000000000000044
7.452857e-10,1.41983822,1.35752622,1.3253631,1.3753631,0.06231199999999992,-0.050000000000000044
7.462857e-10,1.41983823,1.35752624,1.3253631,1.3753631,0.062311989999999984,-0.050000000000000044
7.472857e-10,1.41983825,1.35752625,1.3253631,1.3753631,0.06231199999999992,-0.050000000000000044
7.482857e-10,1.41983827,1.35752626,1.3253631,1.3753631,0.062312010000000084,-0.050000000000000044
7.492857e-10,1.41983828,1.35752628,1.3253631,1.3753631,0.06231199999999992,-0.050000000000000044
7.502857e-10,1.4198383,1.35752629,1.3253631,1.3753631,0.062312010000000084,-0.050000000000000044
7.512857e-10,1.41983832,1.3575263,1.3253631,1.3753631,0.062312020000000024,-0.050000000000000044
7.522857e-10,1.41983833,1.35752632,1.3253631,1.3753631,0.06231200999999986,-0.050000000000000044
7.532857e-10,1.41983835,1.35752633,1.3253631,1.3753631,0.062312020000000024,-0.050000000000000044
7.542857e-10,1.41983836,1.35752634,1.3253631,1.3753631,0.062312020000000024,-0.050000000000000044
7.552857e-10,1.41983838,1.35752635,1.3253631,1.3753631,0.06231202999999996,-0.050000000000000044
7.562857e-10,1.4198384,1.35752637,1.3253631,1.3753631,0.06231202999999996,-0.050000000000000044
7.572857e-10,1.41983841,1.35752638,1.3253631,1.3753631,0.062312030000000185,-0.050000000000000044
7.582857e-10,1.41983843,1.35752639,1.3253631,1.3753631,0.0623120399999999,-0.050000000000000044
7.592857e-10,1.41983845,1.3575264,1.3253631,1.3753631,0.06231205000000006,-0.050000000000000044
7.602857e-10,1.41983846,1.35752642,1.3253631,1.3753631,0.062312040000000124,-0.050000000000000044
7.612857e-10,1.41983848,1.35752643,1.3253631,1.3753631,0.06231204999999984,-0.050000000000000044
7.622857e-10,1.41983849,1.35752644,1.3253631,1.3753631,0.06231205000000006,-0.050000000000000044
7.632857e-10,1.41983851,1.35752645,1.3253631,1.3753631,0.06231206,-0.050000000000000044
7.642857e-10,1.41983853,1.35752647,1.3253631,1.3753631,0.06231206,-0.050000000000000044
7.652857e-10,1.41983854,1.35752648,1.3253631,1.3753631,0.06231206,-0.050000000000000044
7.662857e-10,1.41983856,1.35752649,1.3253631,1.3753631,0.062312070000000164,-0.050000000000000044
7.672857e-10,1.41983857,1.3575265,1.3253631,1.3753631,0.06231206999999994,-0.050000000000000044
7.682857e-10,1.41983859,1.35752651,1.3253631,1.3753631,0.06231207999999988,-0.050000000000000044
7.692857e-10,1.4198386,1.35752652,1.3253631,1.3753631,0.0623120800000001,-0.050000000000000044
7.702857e-10,1.41983862,1.35752654,1.3253631,1.3753631,0.06231207999999988,-0.050000000000000044
7.712857e-10,1.41983864,1.35752655,1.3253631,1.3753631,0.06231209000000004,-0.050000000000000044
7.722857e-10,1.41983865,1.35752656,1.3253631,1.3753631,0.06231209000000004,-0.050000000000000044
7.732857e-10,1.41983867,1.35752657,1.3253631,1.3753631,0.06231209999999998,-0.050000000000000044
7.742857e-10,1.41983868,1.35752658,1.3253631,1.3753631,0.06231209999999998,-0.050000000000000044
7.752857e-10,1.4198387,1.35752659,1.3253631,1.3753631,0.06231210999999992,-0.050000000000000044
7.762857e-10,1.41983871,1.35752661,1.3253631,1.3753631,0.06231209999999998,-0.050000000000000044
7.772857e-10,1.41983873,1.35752662,1.3253631,1.3753631,0.06231210999999992,-0.050000000000000044
7.782857e-10,1.41983874,1.35752663,1.3253631,1.3753631,0.06231211000000014,-0.050000000000000044
7.792857e-10,1.41983876,1.35752664,1.3253631,1.3753631,0.06231212000000008,-0.050000000000000044
7.802857e-10,1.41983877,1.35752665,1.3253631,1.3753631,0.06231211999999986,-0.050000000000000044
7.812857e-10,1.41983879,1.35752666,1.3253631,1.3753631,0.06231213000000002,-0.050000000000000044
7.822857e-10,1.4198388,1.35752667,1.3253631,1.3753631,0.06231213000000002,-0.050000000000000044
7.832857e-10,1.41983882,1.35752669,1.3253631,1.3753631,0.06231213000000002,-0.050000000000000044
7.842857e-10,1.41983883,1.3575267,1.3253631,1.3753631,0.06231213000000002,-0.050000000000000044
7.852857e-10,1.41983885,1.35752671,1.3253631,1.3753631,0.06231214000000018,-0.050000000000000044
7.862857e-10,1.41983886,1.35752672,1.3253631,1.3753631,0.06231213999999996,-0.050000000000000044
7.872857e-10,1.41983888,1.35752673,1.3253631,1.3753631,0.0623121499999999,-0.050000000000000044
7.882857e-10,1.41983889,1.35752674,1.3253631,1.3753631,0.06231215000000012,-0.050000000000000044
7.892857e-10,1.41983891,1.35752675,1.3253631,1.3753631,0.06231216000000006,-0.050000000000000044
7.902857e-10,1.41983892,1.35752676,1.3253631,1.3753631,0.06231215999999984,-0.050000000000000044
7.912857e-10,1.41983894,1.35752677,1.3253631,1.3753631,0.06231217,-0.050000000000000044
7.922857e-10,1.41983895,1.35752678,1.3253631,1.3753631,0.06231217,-0.050000000000000044
7.932857e-10,1.41983896,1.35752679,1.3253631,1.3753631,0.06231217,-0.050000000000000044
7.942857e-10,1.41983898,1.3575268,1.3253631,1.3753631,0.06231217999999994,-0.050000000000000044
7.952857e-10,1.41983899,1.35752682,1.3253631,1.3753631,0.06231217,-0.050000000000000044
7.962857e-10,1.41983901,1.35752683,1.3253631,1.3753631,0.06231217999999994,-0.050000000000000044
7.972857e-10,1.41983902,1.35752684,1.3253631,1.3753631,0.06231217999999994,-0.050000000000000044
7.982857e-10,1.41983904,1.35752685,1.3253631,1.3753631,0.0623121900000001,-0.050000000000000044
7.992857e-10,1.41983905,1.35752686,1.3253631,1.3753631,0.0623121900000001,-0.050000000000000044
8.002857e-10,1.41983906,1.35752687,1.3253631,1.3753631,0.06231218999999988,-0.050000000000000044
8.012857e-10,1.41983908,1.35752688,1.3253631,1.3753631,0.06231220000000004,-0.050000000000000044
8.022857e-10,1.41983909,1.35752689,1.3253631,1.3753631,0.06231220000000004,-0.050000000000000044
8.032857e-10,1.41983911,1.3575269,1.3253631,1.3753631,0.06231220999999998,-0.050000000000000044
8.042857e-10,1.41983912,1.35752691,1.3253631,1.3753631,0.06231220999999998,-0.050000000000000044
8.052857e-10,1.41983914,1.35752692,1.3253631,1.3753631,0.06231222000000014,-0.050000000000000044
8.062857e-10,1.41983915,1.35752693,1.3253631,1.3753631,0.06231222000000014,-0.050000000000000044
8.072857e-10,1.41983916,1.35752694,1.3253631,1.3753631,0.06231221999999992,-0.050000000000000044
8.082857e-10,1.41983918,1.35752695,1.3253631,1.3753631,0.06231223000000008,-0.050000000000000044
8.092857e-10,1.41983919,1.35752696,1.3253631,1.3753631,0.06231223000000008,-0.050000000000000044
8.102857e-10,1.4198392,1.35752697,1.3253631,1.3753631,0.06231222999999986,-0.050000000000000044
8.112857e-10,1.41983922,1.35752698,1.3253631,1.3753631,0.06231224000000002,-0.050000000000000044
8.122857e-10,1.41983923,1.35752699,1.3253631,1.3753631,0.06231224000000002,-0.050000000000000044
8.132857e-10,1.41983925,1.357527,1.3253631,1.3753631,0.06231225000000018,-0.050000000000000044
8.142857e-10,1.41983926,1.35752701,1.3253631,1.3753631,0.06231224999999996,-0.050000000000000044
8.152857e-10,1.41983927,1.35752702,1.3253631,1.3753631,0.06231224999999996,-0.050000000000000044
8.162857e-10,1.41983929,1.35752703,1.3253631,1.3753631,0.06231226000000012,-0.050000000000000044
8.172857e-10,1.4198393,1.35752704,1.3253631,1.3753631,0.06231226000000012,-0.050000000000000044
8.182857e-10,1.41983931,1.35752705,1.3253631,1.3753631,0.0623122599999999,-0.050000000000000044
8.192857e-10,1.41983933,1.35752705,1.3253631,1.3753631,0.06231228,-0.050000000000000044
8.202857e-10,1.41983934,1.35752706,1.3253631,1.3753631,0.06231228,-0.050000000000000044
8.212857e-10,1.41983935,1.35752707,1.3253631,1.3753631,0.06231228,-0.050000000000000044
8.222857e-10,1.41983937,1.35752708,1.3253631,1.3753631,0.06231228999999994,-0.050000000000000044
8.232857e-10,1.41983938,1.35752709,1.3253631,1.3753631,0.06231228999999994,-0.050000000000000044
8.242857e-10,1.41983939,1.3575271,1.3253631,1.3753631,0.06231228999999994,-0.050000000000000044
8.252857e-10,1.41983941,1.35752711,1.3253631,1.3753631,0.0623123000000001,-0.050000000000000044
8.262857e-10,1.41983942,1.35752712,1.3253631,1.3753631,0.062312299999999876,-0.050000000000000044
8.272857e-10,1.41983943,1.35752713,1.3253631,1.3753631,0.062312299999999876,-0.050000000000000044
8.282857e-10,1.41983944,1.35752714,1.3253631,1.3753631,0.0623123000000001,-0.050000000000000044
8.292857e-10,1.41983946,1.35752715,1.3253631,1.3753631,0.06231231000000004,-0.050000000000000044
8.302857e-10,1.41983947,1.35752716,1.3253631,1.3753631,0.06231231000000004,-0.050000000000000044
8.312857e-10,1.41983948,1.35752716,1.3253631,1.3753631,0.06231231999999998,-0.050000000000000044
8.322857e-10,1.4198395,1.35752717,1.3253631,1.3753631,0.062312329999999916,-0.050000000000000044
8.332857e-10,1.41983951,1.35752718,1.3253631,1.3753631,0.06231233000000014,-0.050000000000000044
8.342857e-10,1.41983952,1.35752719,1.3253631,1.3753631,0.062312329999999916,-0.050000000000000044
8.352857e-10,1.41983953,1.3575272,1.3253631,1.3753631,0.062312329999999916,-0.050000000000000044
8.362857e-10,1.41983955,1.35752721,1.3253631,1.3753631,0.06231234000000008,-0.050000000000000044
8.372857e-10,1.41983956,1.35752722,1.3253631,1.3753631,0.06231234000000008,-0.050000000000000044
8.382857e-10,1.41983957,1.35752723,1.3253631,1.3753631,0.062312339999999855,-0.050000000000000044
8.392857e-10,1.41983959,1.35752723,1.3253631,1.3753631,0.062312359999999956,-0.050000000000000044
8.402857e-10,1.4198396,1.35752724,1.3253631,1.3753631,0.062312359999999956,-0.050000000000000044
8.412857e-10,1.41983961,1.35752725,1.3253631,1.3753631,0.062312359999999956,-0.050000000000000044
8.422857e-10,1.41983962,1.35752726,1.3253631,1.3753631,0.06231236000000018,-0.050000000000000044
8.432857e-10,1.41983964,1.35752727,1.3253631,1.3753631,0.062312369999999895,-0.050000000000000044
8.442857e-10,1.41983965,1.35752728,1.3253631,1.3753631,0.062312369999999895,-0.050000000000000044
8.452857e-10,1.41983966,1.35752728,1.3253631,1.3753631,0.062312380000000056,-0.050000000000000044
8.462857e-10,1.41983967,1.35752729,1.3253631,1.3753631,0.062312380000000056,-0.050000000000000044
8.472857e-10,1.41983968,1.3575273,1.3253631,1.3753631,0.062312379999999834,-0.050000000000000044
8.482857e-10,1.4198397,1.35752731,1.3253631,1.3753631,0.062312389999999995,-0.050000000000000044
8.492857e-10,1.41983971,1.35752732,1.3253631,1.3753631,0.062312389999999995,-0.050000000000000044
8.502857e-10,1.41983972,1.35752733,1.3253631,1.3753631,0.062312389999999995,-0.050000000000000044
8.512857e-10,1.41983973,1.35752733,1.3253631,1.3753631,0.06231240000000016,-0.050000000000000044
8.522857e-10,1.41983975,1.35752734,1.3253631,1.3753631,0.062312409999999874,-0.050000000000000044
8.532857e-10,1.41983976,1.35752735,1.3253631,1.3753631,0.062312409999999874,-0.050000000000000044
8.542857e-10,1.41983977,1.35752736,1.3253631,1.3753631,0.062312410000000096,-0.050000000000000044
8.552857e-10,1.41983978,1.35752737,1.3253631,1.3753631,0.062312410000000096,-0.050000000000000044
8.562857e-10,1.41983979,1.35752737,1.3253631,1.3753631,0.062312420000000035,-0.050000000000000044
8.572857e-10,1.41983981,1.35752738,1.3253631,1.3753631,0.062312429999999974,-0.050000000000000044
8.582857e-10,1.41983982,1.35752739,1.3253631,1.3753631,0.062312429999999974,-0.050000000000000044
8.592857e-10,1.41983983,1.3575274,1.3253631,1.3753631,0.062312429999999974,-0.050000000000000044
8.602857e-10,1.41983984,1.35752741,1.3253631,1.3753631,0.062312429999999974,-0.050000000000000044
8.612857e-10,1.41983985,1.35752741,1.3253631,1.3753631,0.06231243999999991,-0.050000000000000044
8.622857e-10,1.41983987,1.35752742,1.3253631,1.3753631,0.06231244999999985,-0.050000000000000044
8.632857e-10,1.41983988,1.35752743,1.3253631,1.3753631,0.062312450000000075,-0.050000000000000044
8.642857e-10,1.41983989,1.35752744,1.3253631,1.3753631,0.062312450000000075,-0.050000000000000044
8.652857e-10,1.4198399,1.35752744,1.3253631,1.3753631,0.062312460000000014,-0.050000000000000044
8.662857e-10,1.41983991,1.35752745,1.3253631,1.3753631,0.062312460000000014,-0.050000000000000044
8.672857e-10,1.41983992,1.35752746,1.3253631,1.3753631,0.062312460000000014,-0.050000000000000044
8.682857e-10,1.41983994,1.35752747,1.3253631,1.3753631,0.06231246999999995,-0.050000000000000044
8.692857e-10,1.41983995,1.35752747,1.3253631,1.3753631,0.062312480000000114,-0.050000000000000044
8.702857e-10,1.41983996,1.35752748,1.3253631,1.3753631,0.062312480000000114,-0.050000000000000044
8.712857e-10,1.41983997,1.35752749,1.3253631,1.3753631,0.06231247999999989,-0.050000000000000044
8.722857e-10,1.41983998,1.3575275,1.3253631,1.3753631,0.06231247999999989,-0.050000000000000044
8.732857e-10,1.41983999,1.3575275,1.3253631,1.3753631,0.062312490000000054,-0.050000000000000044
8.742857e-10,1.41984,1.35752751,1.3253631,1.3753631,0.062312490000000054,-0.050000000000000044
8.752857e-10,1.41984001,1.35752752,1.3253631,1.3753631,0.06231248999999983,-0.050000000000000044
8.762857e-10,1.41984003,1.35752752,1.3253631,1.3753631,0.06231250999999993,-0.050000000000000044
8.772857e-10,1.41984004,1.35752753,1.3253631,1.3753631,0.06231250999999993,-0.050000000000000044
8.782857e-10,1.41984005,1.35752754,1.3253631,1.3753631,0.06231250999999993,-0.050000000000000044
8.792857e-10,1.41984006,1.35752755,1.3253631,1.3753631,0.062312510000000154,-0.050000000000000044
8.802857e-10,1.41984007,1.35752755,1.3253631,1.3753631,0.06231252000000009,-0.050000000000000044
8.812857e-10,1.41984008,1.35752756,1.3253631,1.3753631,0.06231251999999987,-0.050000000000000044
8.822857e-10,1.41984009,1.35752757,1.3253631,1.3753631,0.06231252000000009,-0.050000000000000044
8.832857e-10,1.4198401,1.35752757,1.3253631,1.3753631,0.06231253000000003,-0.050000000000000044
8.842857e-10,1.41984012,1.35752758,1.3253631,1.3753631,0.06231253999999997,-0.050000000000000044
8.852857e-10,1.41984013,1.35752759,1.3253631,1.3753631,0.062312540000000194,-0.050000000000000044
8.862857e-10,1.41984014,1.35752759,1.3253631,1.3753631,0.06231255000000013,-0.050000000000000044
8.872857e-10,1.41984015,1.3575276,1.3253631,1.3753631,0.06231254999999991,-0.050000000000000044
8.882857e-10,1.41984016,1.35752761,1.3253631,1.3753631,0.06231254999999991,-0.050000000000000044
8.892857e-10,1.41984017,1.35752761,1.3253631,1.3753631,0.06231256000000007,-0.050000000000000044
8.902857e-10,1.41984018,1.35752762,1.3253631,1.3753631,0.06231256000000007,-0.050000000000000044
8.912857e-10,1.41984019,1.35752763,1.3253631,1.3753631,0.06231255999999985,-0.050000000000000044
8.922857e-10,1.4198402,1.35752763,1.3253631,1.3753631,0.06231257000000001,-0.050000000000000044
8.932857e-10,1.41984021,1.35752764,1.3253631,1.3753631,0.06231257000000001,-0.050000000000000044
8.942857e-10,1.41984022,1.35752765,1.3253631,1.3753631,0.06231257000000001,-0.050000000000000044
8.952857e-10,1.41984023,1.35752765,1.3253631,1.3753631,0.06231257999999995,-0.050000000000000044
8.962857e-10,1.41984025,1.35752766,1.3253631,1.3753631,0.06231259000000011,-0.050000000000000044
8.972857e-10,1.41984026,1.35752767,1.3253631,1.3753631,0.06231258999999989,-0.050000000000000044
8.982857e-10,1.41984027,1.35752767,1.3253631,1.3753631,0.06231259999999983,-0.050000000000000044
8.992857e-10,1.41984028,1.35752768,1.3253631,1.3753631,0.06231260000000005,-0.050000000000000044
9.002857e-10,1.41984029,1.35752769,1.3253631,1.3753631,0.06231260000000005,-0.050000000000000044
9.012857e-10,1.4198403,1.35752769,1.3253631,1.3753631,0.06231260999999999,-0.050000000000000044
9.022857e-10,1.41984031,1.3575277,1.3253631,1.3753631,0.06231261000000021,-0.050000000000000044
9.032857e-10,1.41984032,1.3575277,1.3253631,1.3753631,0.06231262000000015,-0.050000000000000044
9.042857e-10,1.41984033,1.35752771,1.3253631,1.3753631,0.06231261999999993,-0.050000000000000044
9.052857e-10,1.41984034,1.35752772,1.3253631,1.3753631,0.06231261999999993,-0.050000000000000044
9.062857e-10,1.41984035,1.35752772,1.3253631,1.3753631,0.06231263000000009,-0.050000000000000044
9.072857e-10,1.41984036,1.35752773,1.3253631,1.3753631,0.06231263000000009,-0.050000000000000044
9.082857e-10,1.41984037,1.35752774,1.3253631,1.3753631,0.06231262999999987,-0.050000000000000044
9.092857e-10,1.41984038,1.35752774,1.3253631,1.3753631,0.06231263999999981,-0.050000000000000044
9.102857e-10,1.41984039,1.35752775,1.3253631,1.3753631,0.06231264000000003,-0.050000000000000044
9.112857e-10,1.4198404,1.35752775,1.3253631,1.3753631,0.06231264999999997,-0.050000000000000044
9.122857e-10,1.41984041,1.35752776,1.3253631,1.3753631,0.06231264999999997,-0.050000000000000044
9.132857e-10,1.41984042,1.35752777,1.3253631,1.3753631,0.06231265000000019,-0.050000000000000044
9.142857e-10,1.41984043,1.35752777,1.3253631,1.3753631,0.06231266000000013,-0.050000000000000044
9.152857e-10,1.41984044,1.35752778,1.3253631,1.3753631,0.06231265999999991,-0.050000000000000044
9.162857e-10,1.41984045,1.35752778,1.3253631,1.3753631,0.06231266999999985,-0.050000000000000044
9.172857e-10,1.41984046,1.35752779,1.3253631,1.3753631,0.06231267000000007,-0.050000000000000044
9.182857e-10,1.41984047,1.35752779,1.3253631,1.3753631,0.06231268000000001,-0.050000000000000044
9.192857e-10,1.41984048,1.3575278,1.3253631,1.3753631,0.06231268000000001,-0.050000000000000044
9.202857e-10,1.41984049,1.35752781,1.3253631,1.3753631,0.06231268000000001,-0.050000000000000044
9.212857e-10,1.4198405,1.35752781,1.3253631,1.3753631,0.06231269000000017,-0.050000000000000044
9.222857e-10,1.41984051,1.35752782,1.3253631,1.3753631,0.06231268999999995,-0.050000000000000044
9.232857e-10,1.41984052,1.35752782,1.3253631,1.3753631,0.06231269999999989,-0.050000000000000044
9.242857e-10,1.41984053,1.35752783,1.3253631,1.3753631,0.06231270000000011,-0.050000000000000044
9.252857e-10,1.41984054,1.35752783,1.3253631,1.3753631,0.06231271000000005,-0.050000000000000044
9.262857e-10,1.41984055,1.35752784,1.3253631,1.3753631,0.06231271000000005,-0.050000000000000044
9.272857e-10,1.41984056,1.35752785,1.3253631,1.3753631,0.06231270999999983,-0.050000000000000044
9.282857e-10,1.41984057,1.35752785,1.3253631,1.3753631,0.06231271999999999,-0.050000000000000044
9.292857e-10,1.41984058,1.35752786,1.3253631,1.3753631,0.06231271999999999,-0.050000000000000044
9.302857e-10,1.41984059,1.35752786,1.3253631,1.3753631,0.06231272999999993,-0.050000000000000044
9.312857e-10,1.4198406,1.35752787,1.3253631,1.3753631,0.06231272999999993,-0.050000000000000044
9.322857e-10,1.41984061,1.35752787,1.3253631,1.3753631,0.06231274000000009,-0.050000000000000044
9.332857e-10,1.41984062,1.35752788,1.3253631,1.3753631,0.06231274000000009,-0.050000000000000044
9.342857e-10,1.41984063,1.35752788,1.3253631,1.3753631,0.06231275000000003,-0.050000000000000044
9.352857e-10,1.41984064,1.35752789,1.3253631,1.3753631,0.06231275000000003,-0.050000000000000044
9.362857e-10,1.41984065,1.35752789,1.3253631,1.3753631,0.06231275999999997,-0.050000000000000044
9.372857e-10,1.41984066,1.3575279,1.3253631,1.3753631,0.06231275999999997,-0.050000000000000044
9.382857e-10,1.41984067,1.3575279,1.3253631,1.3753631,0.062312769999999906,-0.050000000000000044
9.392857e-10,1.41984068,1.35752791,1.3253631,1.3753631,0.06231277000000013,-0.050000000000000044
9.402857e-10,1.41984069,1.35752791,1.3253631,1.3753631,0.06231278000000007,-0.050000000000000044
9.412857e-10,1.41984069,1.35752792,1.3253631,1.3753631,0.062312769999999906,-0.050000000000000044
9.422857e-10,1.4198407,1.35752792,1.3253631,1.3753631,0.062312779999999846,-0.050000000000000044
9.432857e-10,1.41984071,1.35752793,1.3253631,1.3753631,0.062312779999999846,-0.050000000000000044
9.442857e-10,1.41984072,1.35752793,1.3253631,1.3753631,0.06231279000000001,-0.050000000000000044
9.452857e-10,1.41984073,1.35752794,1.3253631,1.3753631,0.06231279000000001,-0.050000000000000044
9.462857e-10,1.41984074,1.35752794,1.3253631,1.3753631,0.062312799999999946,-0.050000000000000044
9.472857e-10,1.41984075,1.35752795,1.3253631,1.3753631,0.06231280000000017,-0.050000000000000044
9.482857e-10,1.41984076,1.35752795,1.3253631,1.3753631,0.06231281000000011,-0.050000000000000044
9.492857e-10,1.41984077,1.35752796,1.3253631,1.3753631,0.062312809999999885,-0.050000000000000044
9.502857e-10,1.41984078,1.35752796,1.3253631,1.3753631,0.062312819999999824,-0.050000000000000044
9.512857e-10,1.41984079,1.35752797,1.3253631,1.3753631,0.062312820000000047,-0.050000000000000044
9.522857e-10,1.4198408,1.35752797,1.3253631,1.3753631,0.062312829999999986,-0.050000000000000044
9.532857e-10,1.41984081,1.35752798,1.3253631,1.3753631,0.062312829999999986,-0.050000000000000044
9.542857e-10,1.41984081,1.35752798,1.3253631,1.3753631,0.062312829999999986,-0.050000000000000044
9.552857e-10,1.41984082,1.35752799,1.3253631,1.3753631,0.062312829999999986,-0.050000000000000044
9.562857e-10,1.41984083,1.35752799,1.3253631,1.3753631,0.06231284000000015,-0.050000000000000044
9.572857e-10,1.41984084,1.357528,1.3253631,1.3753631,0.062312839999999925,-0.050000000000000044
9.582857e-10,1.41984085,1.357528,1.3253631,1.3753631,0.062312849999999864,-0.050000000000000044
9.592857e-10,1.41984086,1.35752801,1.3253631,1.3753631,0.062312850000000086,-0.050000000000000044
9.602857e-10,1.41984087,1.35752801,1.3253631,1.3753631,0.062312860000000025,-0.050000000000000044
9.612857e-10,1.41984088,1.35752802,1.3253631,1.3753631,0.062312860000000025,-0.050000000000000044
9.622857e-10,1.41984089,1.35752802,1.3253631,1.3753631,0.062312869999999965,-0.050000000000000044
9.632857e-10,1.41984089,1.35752802,1.3253631,1.3753631,0.062312869999999965,-0.050000000000000044
9.642857e-10,1.4198409,1.35752803,1.3253631,1.3753631,0.062312869999999965,-0.050000000000000044
9.652857e-10,1.41984091,1.35752803,1.3253631,1.3753631,0.062312879999999904,-0.050000000000000044
9.662857e-10,1.41984092,1.35752804,1.3253631,1.3753631,0.062312879999999904,-0.050000000000000044
9.672857e-10,1.41984093,1.35752804,1.3253631,1.3753631,0.06231288999999984,-0.050000000000000044
9.682857e-10,1.41984094,1.35752805,1.3253631,1.3753631,0.062312890000000065,-0.050000000000000044
9.692857e-10,1.41984095,1.35752805,1.3253631,1.3753631,0.062312900000000004,-0.050000000000000044
9.702857e-10,1.41984096,1.35752806,1.3253631,1.3753631,0.062312900000000004,-0.050000000000000044
9.712857e-10,1.41984096,1.35752806,1.3253631,1.3753631,0.062312900000000004,-0.050000000000000044
9.722857e-10,1.41984097,1.35752806,1.3253631,1.3753631,0.062312910000000166,-0.050000000000000044
9.732857e-10,1.41984098,1.35752807,1.3253631,1.3753631,0.062312909999999944,-0.050000000000000044
9.742857e-10,1.41984099,1.35752807,1.3253631,1.3753631,0.06231291999999988,-0.050000000000000044
9.752857e-10,1.419841,1.35752808,1.3253631,1.3753631,0.06231291999999988,-0.050000000000000044
9.762857e-10,1.41984101,1.35752808,1.3253631,1.3753631,0.062312930000000044,-0.050000000000000044
9.772857e-10,1.41984102,1.35752809,1.3253631,1.3753631,0.062312930000000044,-0.050000000000000044
9.782857e-10,1.41984102,1.35752809,1.3253631,1.3753631,0.062312930000000044,-0.050000000000000044
9.792857e-10,1.41984103,1.35752809,1.3253631,1.3753631,0.06231293999999998,-0.050000000000000044
9.802857e-10,1.41984104,1.3575281,1.3253631,1.3753631,0.062312940000000205,-0.050000000000000044
9.812857e-10,1.41984105,1.3575281,1.3253631,1.3753631,0.062312950000000145,-0.050000000000000044
9.822857e-10,1.41984106,1.35752811,1.3253631,1.3753631,0.06231294999999992,-0.050000000000000044
9.832857e-10,1.41984107,1.35752811,1.3253631,1.3753631,0.06231295999999986,-0.050000000000000044
9.842857e-10,1.41984108,1.35752811,1.3253631,1.3753631,0.06231297000000002,-0.050000000000000044
9.852857e-10,1.41984108,1.35752812,1.3253631,1.3753631,0.062312960000000084,-0.050000000000000044
9.862857e-10,1.41984109,1.35752812,1.3253631,1.3753631,0.06231297000000002,-0.050000000000000044
9.872857e-10,1.4198411,1.35752813,1.3253631,1.3753631,0.06231297000000002,-0.050000000000000044
9.882857e-10,1.41984111,1.35752813,1.3253631,1.3753631,0.06231297999999996,-0.050000000000000044
9.892857e-10,1.41984112,1.35752813,1.3253631,1.3753631,0.062312990000000124,-0.050000000000000044
9.902857e-10,1.41984112,1.35752814,1.3253631,1.3753631,0.06231297999999996,-0.050000000000000044
9.912857e-10,1.41984113,1.35752814,1.3253631,1.3753631,0.0623129899999999,-0.050000000000000044
9.922857e-10,1.41984114,1.35752814,1.3253631,1.3753631,0.06231299999999984,-0.050000000000000044
9.932857e-10,1.41984115,1.35752815,1.3253631,1.3753631,0.06231300000000006,-0.050000000000000044
9.942857e-10,1.41984116,1.35752815,1.3253631,1.3753631,0.06231301,-0.050000000000000044
9.952857e-10,1.41984117,1.35752816,1.3253631,1.3753631,0.06231301,-0.050000000000000044
9.962857e-10,1.41984117,1.35752816,1.3253631,1.3753631,0.06231301,-0.050000000000000044
9.972857e-10,1.41984118,1.35752816,1.3253631,1.3753631,0.06231301999999994,-0.050000000000000044
9.982857e-10,1.41984119,1.35752817,1.3253631,1.3753631,0.06231302000000016,-0.050000000000000044
9.992857e-10,1.4198412,1.35752817,1.3253631,1.3753631,0.0623130300000001,-0.050000000000000044
1.0002857e-09,1.41984121,1.35752817,1.3253631,1.3753631,0.06231304000000004,-0.050000000000000044
1.0012857e-09,1.41984121,1.35752818,1.3253631,1.3753631,0.06231302999999988,-0.050000000000000044
1.0022857e-09,1.41984122,1.35752818,1.3253631,1.3753631,0.06231303999999982,-0.050000000000000044
1.0032857e-09,1.41984123,1.35752819,1.3253631,1.3753631,0.06231304000000004,-0.050000000000000044
1.0042857e-09,1.41984124,1.35752819,1.3253631,1.3753631,0.06231304999999998,-0.050000000000000044
1.0052857e-09,1.41984125,1.35752819,1.3253631,1.3753631,0.06231305999999992,-0.050000000000000044
1.0062857e-09,1.41984125,1.3575282,1.3253631,1.3753631,0.06231304999999998,-0.050000000000000044
1.0072857e-09,1.41984126,1.3575282,1.3253631,1.3753631,0.06231306000000014,-0.050000000000000044
1.0082857e-09,1.41984127,1.3575282,1.3253631,1.3753631,0.06231307000000008,-0.050000000000000044
1.0092857e-09,1.41984128,1.35752821,1.3253631,1.3753631,0.06231307000000008,-0.050000000000000044
1.0102857e-09,1.41984128,1.35752821,1.3253631,1.3753631,0.06231307000000008,-0.050000000000000044
1.0112857e-09,1.41984129,1.35752821,1.3253631,1.3753631,0.06231308000000002,-0.050000000000000044
1.0122857e-09,1.4198413,1.35752822,1.3253631,1.3753631,0.06231308000000002,-0.050000000000000044
1.0132857e-09,1.41984131,1.35752822,1.3253631,1.3753631,0.06231308999999996,-0.050000000000000044
1.0142857e-09,1.41984132,1.35752822,1.3253631,1.3753631,0.0623130999999999,-0.050000000000000044
1.0152857e-09,1.41984132,1.35752823,1.3253631,1.3753631,0.06231308999999996,-0.050000000000000044
1.0162857e-09,1.41984133,1.35752823,1.3253631,1.3753631,0.0623130999999999,-0.050000000000000044
1.0172857e-09,1.41984134,1.35752823,1.3253631,1.3753631,0.06231311000000006,-0.050000000000000044
1.017857e-09,1.41984134,1.35752823,1.3253631,1.3753631,0.06231311000000006,-0.050000000000000044
