# Logfile created on 2026-08-20 08:55:15 +0000 by logger.rb/v1.5.3
2026-08-20 08:55:15 +0000: Memory Usage (128936K) : Starting running SG13G2 Klayout LVS runset on /workspace/layout/blocks/out/term_stage/_bisect/pads_esd.gds
2026-08-20 08:55:15 +0000: Memory Usage (128936K) : Ruby Version for klayout: 3.2.3
2026-08-20 08:55:15 +0000: Memory Usage (130208K) : Loading database to memory is complete.
2026-08-20 08:55:15 +0000: Memory Usage (130208K) : SG13G2 Klayout LVS runset output at: /workspace/layout/blocks/out/term_stage/_bisect/pads_esd/pads_esd.lvsdb
2026-08-20 08:55:15 +0000: Memory Usage (130208K) : Evaluate switches.
2026-08-20 08:55:15 +0000: Memory Usage (130208K) : Extracted netlist with net names: true
2026-08-20 08:55:15 +0000: Memory Usage (130208K) : Extracted netlist with comments in details: false
2026-08-20 08:55:15 +0000: Memory Usage (130208K) : Selected NET_ONLY option: false
2026-08-20 08:55:15 +0000: Memory Usage (130208K) : Selected LAYOUT_NETLIST option: (none)
2026-08-20 08:55:15 +0000: Memory Usage (130208K) : Selected IGNORE_TOP_PORTS_MISMATCH option: true
2026-08-20 08:55:15 +0000: Memory Usage (130208K) : Selected IMPLICIT_NETS option: sub,sub!
2026-08-20 08:55:15 +0000: Memory Usage (130208K) : Selected TOP_LVL_PINS option: false
2026-08-20 08:55:15 +0000: Memory Usage (130208K) : Selected COMBINE DEVICES option: false
2026-08-20 08:55:15 +0000: Memory Usage (130208K) : Selected PURGE option: false
2026-08-20 08:55:15 +0000: Memory Usage (130208K) : Selected PURGE_NETS option: false
2026-08-20 08:55:15 +0000: Memory Usage (130208K) : Selected SIMPLIFY option: true
2026-08-20 08:55:15 +0000: Memory Usage (130208K) : Selected SERIES_RES option: true
2026-08-20 08:55:15 +0000: Memory Usage (130208K) : Selected PARALLEL_RES option: true
2026-08-20 08:55:15 +0000: Memory Usage (130208K) : Selected DISABLE_TAP_EXTRACTION option: true
2026-08-20 08:55:15 +0000: Memory Usage (130208K) : deep  mode is enabled.
2026-08-20 08:55:15 +0000: Memory Usage (130208K) : Applying implicit connections (case-sensitive, pattern supported) for nets: sub, sub!
2026-08-20 08:55:15 +0000: Memory Usage (131440K) : Netlist file: /workspace/layout/blocks/out/term_stage/_bisect/pads_esd.cdl
2026-08-20 08:55:15 +0000: Memory Usage (131440K) : LVS extracted netlist at: /workspace/layout/blocks/out/term_stage/_bisect/pads_esd/pads_esd_extracted.cir
2026-08-20 08:55:15 +0000: Memory Usage (131440K) : Applying SRAM integration support.
2026-08-20 08:55:15 +0000: Memory Usage (131440K) : Starting SG13G2 LVS runset
2026-08-20 08:55:15 +0000: Memory Usage (131440K) : Read in polygons from layers.
2026-08-20 08:55:15 +0000: Memory Usage (132720K) : activ_drw has 24 polygons
2026-08-20 08:55:15 +0000: Memory Usage (132720K) : activ_filler has 0 polygons
2026-08-20 08:55:15 +0000: Memory Usage (132848K) : activ has 24 polygons
2026-08-20 08:55:15 +0000: Memory Usage (132848K) : activ_pin has 0 polygons
2026-08-20 08:55:15 +0000: Memory Usage (132848K) : activ_mask has 0 polygons
2026-08-20 08:55:15 +0000: Memory Usage (132848K) : activ_nofill has 0 polygons
2026-08-20 08:55:15 +0000: Memory Usage (132848K) : activ_OPC has 0 polygons
2026-08-20 08:55:15 +0000: Memory Usage (132848K) : activ_iOPC has 0 polygons
2026-08-20 08:55:15 +0000: Memory Usage (132848K) : activ_noqrc has 0 polygons
2026-08-20 08:55:15 +0000: Memory Usage (132848K) : biwind_drw has 0 polygons
2026-08-20 08:55:15 +0000: Memory Usage (132848K) : biwind_OPC has 0 polygons
2026-08-20 08:55:15 +0000: Memory Usage (132848K) : gatpoly_drw has 8 polygons
2026-08-20 08:55:15 +0000: Memory Usage (132848K) : gatpoly_filler has 0 polygons
2026-08-20 08:55:15 +0000: Memory Usage (132936K) : gatpoly has 8 polygons
2026-08-20 08:55:15 +0000: Memory Usage (133448K) : gatpoly_pin has 0 polygons
2026-08-20 08:55:15 +0000: Memory Usage (133448K) : gatpoly_nofill has 0 polygons
2026-08-20 08:55:15 +0000: Memory Usage (133448K) : gatpoly_OPC has 0 polygons
2026-08-20 08:55:15 +0000: Memory Usage (133448K) : gatpoly_iOPC has 0 polygons
2026-08-20 08:55:15 +0000: Memory Usage (133448K) : gatpoly_noqrc has 0 polygons
2026-08-20 08:55:15 +0000: Memory Usage (133576K) : cont_drw has 4320 polygons
2026-08-20 08:55:15 +0000: Memory Usage (133576K) : cont_OPC has 0 polygons
2026-08-20 08:55:15 +0000: Memory Usage (133576K) : nsd_drw has 0 polygons
2026-08-20 08:55:15 +0000: Memory Usage (133576K) : nsd_block has 0 polygons
2026-08-20 08:55:15 +0000: Memory Usage (133576K) : metal1_drw has 28 polygons
2026-08-20 08:55:15 +0000: Memory Usage (133576K) : metal1_filler has 0 polygons
2026-08-20 08:55:15 +0000: Memory Usage (133576K) : metal1_slit has 0 polygons
2026-08-20 08:55:15 +0000: Memory Usage (133576K) : metal1 has 28 polygons
2026-08-20 08:55:15 +0000: Memory Usage (133576K) : metal1_pin has 8 polygons
2026-08-20 08:55:15 +0000: Memory Usage (133576K) : metal1_mask has 0 polygons
2026-08-20 08:55:15 +0000: Memory Usage (133576K) : metal1_nofill has 0 polygons
2026-08-20 08:55:15 +0000: Memory Usage (133704K) : metal1_text has 0 polygons
2026-08-20 08:55:15 +0000: Memory Usage (133704K) : metal1_OPC has 0 polygons
2026-08-20 08:55:15 +0000: Memory Usage (133704K) : metal1_noqrc has 0 polygons
2026-08-20 08:55:15 +0000: Memory Usage (133704K) : metal1_res has 0 polygons
2026-08-20 08:55:15 +0000: Memory Usage (133832K) : metal1_iprobe has 0 polygons
2026-08-20 08:55:15 +0000: Memory Usage (133832K) : metal1_diffprb has 0 polygons
2026-08-20 08:55:15 +0000: Memory Usage (133832K) : passiv_drw has 2 polygons
2026-08-20 08:55:15 +0000: Memory Usage (133960K) : passiv_pin has 0 polygons
2026-08-20 08:55:15 +0000: Memory Usage (133960K) : passiv_sbump has 0 polygons
2026-08-20 08:55:15 +0000: Memory Usage (134088K) : passiv_pillar has 0 polygons
2026-08-20 08:55:15 +0000: Memory Usage (134088K) : passiv_pdl has 0 polygons
2026-08-20 08:55:15 +0000: Memory Usage (134088K) : metal2_drw has 28 polygons
2026-08-20 08:55:15 +0000: Memory Usage (134216K) : metal2_filler has 0 polygons
2026-08-20 08:55:15 +0000: Memory Usage (134216K) : metal2_slit has 0 polygons
2026-08-20 08:55:15 +0000: Memory Usage (134216K) : metal2 has 28 polygons
2026-08-20 08:55:15 +0000: Memory Usage (134344K) : metal2_pin has 8 polygons
2026-08-20 08:55:15 +0000: Memory Usage (134344K) : metal2_mask has 0 polygons
2026-08-20 08:55:15 +0000: Memory Usage (134472K) : metal2_nofill has 0 polygons
2026-08-20 08:55:15 +0000: Memory Usage (134472K) : metal2_text has 0 polygons
2026-08-20 08:55:15 +0000: Memory Usage (134472K) : metal2_OPC has 0 polygons
2026-08-20 08:55:15 +0000: Memory Usage (134472K) : metal2_noqrc has 0 polygons
2026-08-20 08:55:15 +0000: Memory Usage (134600K) : metal2_res has 0 polygons
2026-08-20 08:55:15 +0000: Memory Usage (134600K) : metal2_iprobe has 0 polygons
2026-08-20 08:55:15 +0000: Memory Usage (134600K) : metal2_diffprb has 0 polygons
2026-08-20 08:55:15 +0000: Memory Usage (134600K) : baspoly_drw has 0 polygons
2026-08-20 08:55:15 +0000: Memory Usage (134728K) : baspoly_pin has 0 polygons
2026-08-20 08:55:15 +0000: Memory Usage (134728K) : psd_drw has 18 polygons
2026-08-20 08:55:15 +0000: Memory Usage (134728K) : nldb_drw has 0 polygons
2026-08-20 08:55:15 +0000: Memory Usage (134728K) : digibnd_drw has 0 polygons
2026-08-20 08:55:15 +0000: Memory Usage (134856K) : via1_drw has 864 polygons
2026-08-20 08:55:15 +0000: Memory Usage (134856K) : backmetal1_drw has 0 polygons
2026-08-20 08:55:15 +0000: Memory Usage (134856K) : backmetal1_pin has 0 polygons
2026-08-20 08:55:15 +0000: Memory Usage (134856K) : backmetal1_mask has 0 polygons
2026-08-20 08:55:15 +0000: Memory Usage (134984K) : backmetal1_filler has 0 polygons
2026-08-20 08:55:15 +0000: Memory Usage (134984K) : backmetal1_nofill has 0 polygons
2026-08-20 08:55:15 +0000: Memory Usage (134984K) : backmetal1_slit has 0 polygons
2026-08-20 08:55:15 +0000: Memory Usage (134984K) : backmetal1_text has 0 polygons
2026-08-20 08:55:15 +0000: Memory Usage (135112K) : backmetal1_OPC has 0 polygons
2026-08-20 08:55:15 +0000: Memory Usage (135112K) : backmetal1_noqrc has 0 polygons
2026-08-20 08:55:15 +0000: Memory Usage (135112K) : backmetal1_res has 0 polygons
2026-08-20 08:55:15 +0000: Memory Usage (135112K) : backmetal1_iprobe has 0 polygons
2026-08-20 08:55:15 +0000: Memory Usage (135240K) : backmetal1_diffprb has 0 polygons
2026-08-20 08:55:15 +0000: Memory Usage (135240K) : backpassiv_drw has 0 polygons
2026-08-20 08:55:15 +0000: Memory Usage (135240K) : res_drw has 0 polygons
2026-08-20 08:55:15 +0000: Memory Usage (135368K) : sram_drw has 0 polygons
2026-08-20 08:55:15 +0000: Memory Usage (135368K) : trans_drw has 0 polygons
2026-08-20 08:55:15 +0000: Memory Usage (135368K) : ind_drw has 0 polygons
2026-08-20 08:55:15 +0000: Memory Usage (135368K) : ind_pin has 0 polygons
2026-08-20 08:55:15 +0000: Memory Usage (135368K) : ind_text has 0 polygons
2026-08-20 08:55:15 +0000: Memory Usage (135496K) : salblock_drw has 2 polygons
2026-08-20 08:55:15 +0000: Memory Usage (135496K) : via2_drw has 32 polygons
2026-08-20 08:55:15 +0000: Memory Usage (135496K) : metal3_drw has 12 polygons
2026-08-20 08:55:15 +0000: Memory Usage (135496K) : metal3_filler has 0 polygons
2026-08-20 08:55:15 +0000: Memory Usage (135624K) : metal3_slit has 0 polygons
2026-08-20 08:55:15 +0000: Memory Usage (135624K) : metal3 has 12 polygons
2026-08-20 08:55:15 +0000: Memory Usage (135624K) : metal3_pin has 0 polygons
2026-08-20 08:55:15 +0000: Memory Usage (135752K) : metal3_mask has 0 polygons
2026-08-20 08:55:15 +0000: Memory Usage (135752K) : metal3_nofill has 0 polygons
2026-08-20 08:55:15 +0000: Memory Usage (135752K) : metal3_text has 0 polygons
2026-08-20 08:55:15 +0000: Memory Usage (135752K) : metal3_OPC has 0 polygons
2026-08-20 08:55:15 +0000: Memory Usage (135880K) : metal3_noqrc has 0 polygons
2026-08-20 08:55:15 +0000: Memory Usage (135880K) : metal3_res has 0 polygons
2026-08-20 08:55:15 +0000: Memory Usage (135880K) : metal3_iprobe has 0 polygons
2026-08-20 08:55:15 +0000: Memory Usage (135880K) : metal3_diffprb has 0 polygons
2026-08-20 08:55:15 +0000: Memory Usage (135880K) : nwell_drw has 10 polygons
2026-08-20 08:55:15 +0000: Memory Usage (135880K) : nwell_pin has 0 polygons
2026-08-20 08:55:15 +0000: Memory Usage (135880K) : nwell_text has 0 polygons
2026-08-20 08:55:15 +0000: Memory Usage (135880K) : nbulay_drw has 0 polygons
2026-08-20 08:55:15 +0000: Memory Usage (135880K) : nbulay_pin has 0 polygons
2026-08-20 08:55:15 +0000: Memory Usage (135880K) : nbulay_block has 0 polygons
2026-08-20 08:55:15 +0000: Memory Usage (136008K) : emwind_drw has 0 polygons
2026-08-20 08:55:15 +0000: Memory Usage (136008K) : emwind_OPC has 0 polygons
2026-08-20 08:55:15 +0000: Memory Usage (136008K) : deepco_drw has 0 polygons
2026-08-20 08:55:15 +0000: Memory Usage (136008K) : mim_drw has 1 polygons
2026-08-20 08:55:15 +0000: Memory Usage (136008K) : edgeseal_drw has 0 polygons
2026-08-20 08:55:15 +0000: Memory Usage (136136K) : substrate_drw has 0 polygons
2026-08-20 08:55:15 +0000: Memory Usage (136136K) : substrate_text has 0 polygons
2026-08-20 08:55:15 +0000: Memory Usage (136136K) : dfpad_drw has 2 polygons
2026-08-20 08:55:15 +0000: Memory Usage (136136K) : dfpad_pillar has 0 polygons
2026-08-20 08:55:15 +0000: Memory Usage (136136K) : dfpad_sbump has 0 polygons
2026-08-20 08:55:15 +0000: Memory Usage (136136K) : thickgateox_drw has 0 polygons
2026-08-20 08:55:15 +0000: Memory Usage (136264K) : pldb_drw has 0 polygons
2026-08-20 08:55:15 +0000: Memory Usage (136264K) : pwell_drw has 0 polygons
2026-08-20 08:55:15 +0000: Memory Usage (136264K) : pwell_pin has 0 polygons
2026-08-20 08:55:15 +0000: Memory Usage (136264K) : pwell_block has 0 polygons
2026-08-20 08:55:15 +0000: Memory Usage (136264K) : ic_drw has 0 polygons
2026-08-20 08:55:15 +0000: Memory Usage (136264K) : via3_drw has 1008 polygons
2026-08-20 08:55:15 +0000: Memory Usage (136392K) : metal4_drw has 24 polygons
2026-08-20 08:55:15 +0000: Memory Usage (136392K) : metal4_filler has 0 polygons
2026-08-20 08:55:15 +0000: Memory Usage (136392K) : metal4_slit has 0 polygons
2026-08-20 08:55:15 +0000: Memory Usage (136392K) : metal4 has 24 polygons
2026-08-20 08:55:15 +0000: Memory Usage (136392K) : metal4_pin has 0 polygons
2026-08-20 08:55:15 +0000: Memory Usage (136520K) : metal4_mask has 0 polygons
2026-08-20 08:55:15 +0000: Memory Usage (136520K) : metal4_nofill has 0 polygons
2026-08-20 08:55:15 +0000: Memory Usage (136520K) : metal4_text has 4 polygons
2026-08-20 08:55:15 +0000: Memory Usage (136520K) : metal4_OPC has 0 polygons
2026-08-20 08:55:15 +0000: Memory Usage (136520K) : metal4_noqrc has 0 polygons
2026-08-20 08:55:15 +0000: Memory Usage (136520K) : metal4_res has 0 polygons
2026-08-20 08:55:15 +0000: Memory Usage (136520K) : metal4_iprobe has 0 polygons
2026-08-20 08:55:15 +0000: Memory Usage (136648K) : metal4_diffprb has 0 polygons
2026-08-20 08:55:15 +0000: Memory Usage (136648K) : heattrans_drw has 0 polygons
2026-08-20 08:55:15 +0000: Memory Usage (136648K) : heatres_drw has 2 polygons
2026-08-20 08:55:15 +0000: Memory Usage (136648K) : fbe_drw has 0 polygons
2026-08-20 08:55:15 +0000: Memory Usage (136648K) : empoly_drw has 0 polygons
2026-08-20 08:55:15 +0000: Memory Usage (136648K) : digisub_drw has 0 polygons
2026-08-20 08:55:15 +0000: Memory Usage (136776K) : text_drw has 20 polygons
2026-08-20 08:55:15 +0000: Memory Usage (136776K) : via4_drw has 992 polygons
2026-08-20 08:55:15 +0000: Memory Usage (136776K) : metal5_drw has 17 polygons
2026-08-20 08:55:15 +0000: Memory Usage (136776K) : metal5_filler has 0 polygons
2026-08-20 08:55:15 +0000: Memory Usage (136776K) : metal5_slit has 0 polygons
2026-08-20 08:55:15 +0000: Memory Usage (136776K) : metal5 has 17 polygons
2026-08-20 08:55:15 +0000: Memory Usage (136904K) : metal5_pin has 0 polygons
2026-08-20 08:55:15 +0000: Memory Usage (136904K) : metal5_mask has 0 polygons
2026-08-20 08:55:15 +0000: Memory Usage (136904K) : metal5_nofill has 0 polygons
2026-08-20 08:55:15 +0000: Memory Usage (136904K) : metal5_text has 0 polygons
2026-08-20 08:55:15 +0000: Memory Usage (136904K) : metal5_OPC has 0 polygons
2026-08-20 08:55:15 +0000: Memory Usage (136904K) : metal5_noqrc has 0 polygons
2026-08-20 08:55:15 +0000: Memory Usage (137032K) : metal5_res has 0 polygons
2026-08-20 08:55:15 +0000: Memory Usage (137032K) : metal5_iprobe has 0 polygons
2026-08-20 08:55:15 +0000: Memory Usage (137032K) : metal5_diffprb has 0 polygons
2026-08-20 08:55:15 +0000: Memory Usage (137032K) : radhard_drw has 0 polygons
2026-08-20 08:55:15 +0000: Memory Usage (137032K) : memcap_drw has 0 polygons
2026-08-20 08:55:15 +0000: Memory Usage (137032K) : varicap_drw has 0 polygons
2026-08-20 08:55:15 +0000: Memory Usage (137160K) : intbondvia_drw has 0 polygons
2026-08-20 08:55:15 +0000: Memory Usage (137160K) : intbondmet_drw has 0 polygons
2026-08-20 08:55:15 +0000: Memory Usage (137160K) : devbondvia_drw has 0 polygons
2026-08-20 08:55:15 +0000: Memory Usage (137160K) : devbondmet_drw has 0 polygons
2026-08-20 08:55:15 +0000: Memory Usage (137160K) : devtrench_drw has 0 polygons
2026-08-20 08:55:15 +0000: Memory Usage (137160K) : redist_drw has 0 polygons
2026-08-20 08:55:15 +0000: Memory Usage (137288K) : graphbot_drw has 0 polygons
2026-08-20 08:55:15 +0000: Memory Usage (137288K) : graphtop_drw has 0 polygons
2026-08-20 08:55:15 +0000: Memory Usage (137288K) : antvia1_drw has 0 polygons
2026-08-20 08:55:15 +0000: Memory Usage (137288K) : antmetal2_drw has 0 polygons
2026-08-20 08:55:15 +0000: Memory Usage (137288K) : graphcont_drw has 0 polygons
2026-08-20 08:55:15 +0000: Memory Usage (137288K) : siwg_drw has 0 polygons
2026-08-20 08:55:15 +0000: Memory Usage (137416K) : siwg_filler has 0 polygons
2026-08-20 08:55:15 +0000: Memory Usage (137416K) : siwg_nofill has 0 polygons
2026-08-20 08:55:15 +0000: Memory Usage (137416K) : sigrating_drw has 0 polygons
2026-08-20 08:55:15 +0000: Memory Usage (137416K) : singrating_drw has 0 polygons
2026-08-20 08:55:15 +0000: Memory Usage (137544K) : graphpas_drw has 0 polygons
2026-08-20 08:55:15 +0000: Memory Usage (137544K) : emwind3_drw has 0 polygons
2026-08-20 08:55:15 +0000: Memory Usage (137544K) : emwihv3_drw has 0 polygons
2026-08-20 08:55:15 +0000: Memory Usage (137544K) : redbulay_drw has 0 polygons
2026-08-20 08:55:15 +0000: Memory Usage (137544K) : smos_drw has 0 polygons
2026-08-20 08:55:15 +0000: Memory Usage (137544K) : graphpad_drw has 0 polygons
2026-08-20 08:55:15 +0000: Memory Usage (137672K) : polimide_drw has 0 polygons
2026-08-20 08:55:15 +0000: Memory Usage (137672K) : polimide_pin has 0 polygons
2026-08-20 08:55:15 +0000: Memory Usage (137672K) : recog_drw has 0 polygons
2026-08-20 08:55:15 +0000: Memory Usage (137672K) : recog_pin has 0 polygons
2026-08-20 08:55:15 +0000: Memory Usage (137672K) : recog_esd has 4 polygons
2026-08-20 08:55:15 +0000: Memory Usage (137672K) : recog_diode has 0 polygons
2026-08-20 08:55:15 +0000: Memory Usage (137800K) : recog_tsv has 0 polygons
2026-08-20 08:55:15 +0000: Memory Usage (137800K) : recog_iprobe has 0 polygons
2026-08-20 08:55:15 +0000: Memory Usage (137800K) : recog_diffprb has 0 polygons
2026-08-20 08:55:15 +0000: Memory Usage (137800K) : recog_pillar has 0 polygons
2026-08-20 08:55:15 +0000: Memory Usage (137800K) : recog_sbump has 0 polygons
2026-08-20 08:55:15 +0000: Memory Usage (137928K) : recog_otp has 0 polygons
2026-08-20 08:55:15 +0000: Memory Usage (137928K) : recog_pdiode has 0 polygons
2026-08-20 08:55:15 +0000: Memory Usage (137928K) : recog_mom has 0 polygons
2026-08-20 08:55:15 +0000: Memory Usage (137928K) : recog_momf has 0 polygons
2026-08-20 08:55:15 +0000: Memory Usage (137928K) : recog_pcm has 0 polygons
2026-08-20 08:55:15 +0000: Memory Usage (137928K) : colopen_drw has 0 polygons
2026-08-20 08:55:15 +0000: Memory Usage (138056K) : graphmetal1_drw has 0 polygons
2026-08-20 08:55:15 +0000: Memory Usage (138056K) : graphmetal1_filler has 0 polygons
2026-08-20 08:55:15 +0000: Memory Usage (138056K) : graphmetal1_nofill has 0 polygons
2026-08-20 08:55:15 +0000: Memory Usage (138056K) : graphmetal1_slit has 0 polygons
2026-08-20 08:55:15 +0000: Memory Usage (138056K) : graphmetal1_OPC has 0 polygons
2026-08-20 08:55:15 +0000: Memory Usage (138056K) : graphmet1l_drw has 0 polygons
2026-08-20 08:55:15 +0000: Memory Usage (138184K) : graphmet1l_filler has 0 polygons
2026-08-20 08:55:15 +0000: Memory Usage (138184K) : graphmet1l_nofill has 0 polygons
2026-08-20 08:55:15 +0000: Memory Usage (138184K) : graphmet1l_slit has 0 polygons
2026-08-20 08:55:15 +0000: Memory Usage (138184K) : graphmet1l_OPC has 0 polygons
2026-08-20 08:55:15 +0000: Memory Usage (138184K) : extblock_drw has 6 polygons
2026-08-20 08:55:15 +0000: Memory Usage (138312K) : nldd_drw has 0 polygons
2026-08-20 08:55:15 +0000: Memory Usage (138312K) : pldd_drw has 0 polygons
2026-08-20 08:55:15 +0000: Memory Usage (138312K) : next_drw has 0 polygons
2026-08-20 08:55:15 +0000: Memory Usage (138312K) : pext_drw has 0 polygons
2026-08-20 08:55:15 +0000: Memory Usage (138312K) : nexthv_drw has 0 polygons
2026-08-20 08:55:15 +0000: Memory Usage (138312K) : pexthv_drw has 0 polygons
2026-08-20 08:55:15 +0000: Memory Usage (138440K) : graphgate_drw has 0 polygons
2026-08-20 08:55:15 +0000: Memory Usage (138440K) : sinwg_drw has 0 polygons
2026-08-20 08:55:15 +0000: Memory Usage (138440K) : sinwg_filler has 0 polygons
2026-08-20 08:55:15 +0000: Memory Usage (138440K) : sinwg_nofill has 0 polygons
2026-08-20 08:55:15 +0000: Memory Usage (138440K) : mempad_drw has 0 polygons
2026-08-20 08:55:15 +0000: Memory Usage (138440K) : topvia1_drw has 474 polygons
2026-08-20 08:55:15 +0000: Memory Usage (138568K) : topmetal1_drw has 7 polygons
2026-08-20 08:55:15 +0000: Memory Usage (138568K) : topmetal1_filler has 0 polygons
2026-08-20 08:55:15 +0000: Memory Usage (138568K) : topmetal1_slit has 0 polygons
2026-08-20 08:55:15 +0000: Memory Usage (138568K) : topmetal1 has 7 polygons
2026-08-20 08:55:15 +0000: Memory Usage (138568K) : topmetal1_pin has 0 polygons
2026-08-20 08:55:15 +0000: Memory Usage (138568K) : topmetal1_mask has 0 polygons
2026-08-20 08:55:15 +0000: Memory Usage (138696K) : topmetal1_nofill has 0 polygons
2026-08-20 08:55:15 +0000: Memory Usage (138696K) : topmetal1_text has 0 polygons
2026-08-20 08:55:15 +0000: Memory Usage (138696K) : topmetal1_noqrc has 0 polygons
2026-08-20 08:55:15 +0000: Memory Usage (138696K) : topmetal1_res has 0 polygons
2026-08-20 08:55:15 +0000: Memory Usage (138696K) : topmetal1_iprobe has 0 polygons
2026-08-20 08:55:15 +0000: Memory Usage (138696K) : topmetal1_diffprb has 0 polygons
2026-08-20 08:55:15 +0000: Memory Usage (138824K) : inldpwl_drw has 0 polygons
2026-08-20 08:55:15 +0000: Memory Usage (138824K) : polyres_drw has 2 polygons
2026-08-20 08:55:15 +0000: Memory Usage (138824K) : polyres_pin has 0 polygons
2026-08-20 08:55:15 +0000: Memory Usage (138824K) : vmim_drw has 225 polygons
2026-08-20 08:55:15 +0000: Memory Usage (138824K) : nbulaycut_drw has 0 polygons
2026-08-20 08:55:15 +0000: Memory Usage (138824K) : antmetal1_drw has 0 polygons
2026-08-20 08:55:15 +0000: Memory Usage (138952K) : topvia2_drw has 194 polygons
2026-08-20 08:55:15 +0000: Memory Usage (138952K) : topmetal2_drw has 4 polygons
2026-08-20 08:55:15 +0000: Memory Usage (138952K) : topmetal2_filler has 0 polygons
2026-08-20 08:55:15 +0000: Memory Usage (138952K) : topmetal2_slit has 0 polygons
2026-08-20 08:55:15 +0000: Memory Usage (139080K) : topmetal2 has 4 polygons
2026-08-20 08:55:15 +0000: Memory Usage (139080K) : topmetal2_pin has 0 polygons
2026-08-20 08:55:15 +0000: Memory Usage (139080K) : topmetal2_mask has 0 polygons
2026-08-20 08:55:15 +0000: Memory Usage (139080K) : topmetal2_nofill has 0 polygons
2026-08-20 08:55:15 +0000: Memory Usage (139208K) : topmetal2_text has 4 polygons
2026-08-20 08:55:15 +0000: Memory Usage (139208K) : topmetal2_noqrc has 0 polygons
2026-08-20 08:55:15 +0000: Memory Usage (139336K) : topmetal2_res has 0 polygons
2026-08-20 08:55:15 +0000: Memory Usage (139336K) : topmetal2_iprobe has 0 polygons
2026-08-20 08:55:15 +0000: Memory Usage (139336K) : topmetal2_diffprb has 0 polygons
2026-08-20 08:55:15 +0000: Memory Usage (139336K) : snsring_drw has 0 polygons
2026-08-20 08:55:15 +0000: Memory Usage (139464K) : sensor_drw has 0 polygons
2026-08-20 08:55:15 +0000: Memory Usage (139464K) : snsarms_drw has 0 polygons
2026-08-20 08:55:15 +0000: Memory Usage (139464K) : snscmosvia_drw has 0 polygons
2026-08-20 08:55:15 +0000: Memory Usage (139464K) : colwind_drw has 0 polygons
2026-08-20 08:55:15 +0000: Memory Usage (139592K) : flm_drw has 0 polygons
2026-08-20 08:55:15 +0000: Memory Usage (139592K) : hafniumox_drw has 0 polygons
2026-08-20 08:55:15 +0000: Memory Usage (139592K) : memvia_drw has 0 polygons
2026-08-20 08:55:15 +0000: Memory Usage (139720K) : thinfilmres_drw has 0 polygons
2026-08-20 08:55:15 +0000: Memory Usage (139720K) : rfmem_drw has 0 polygons
2026-08-20 08:55:15 +0000: Memory Usage (139720K) : norcx_drw has 0 polygons
2026-08-20 08:55:15 +0000: Memory Usage (139720K) : norcx_m2m3 has 0 polygons
2026-08-20 08:55:15 +0000: Memory Usage (139848K) : norcx_m2m4 has 0 polygons
2026-08-20 08:55:15 +0000: Memory Usage (139848K) : norcx_m2m5 has 0 polygons
2026-08-20 08:55:15 +0000: Memory Usage (139976K) : norcx_m2tm1 has 0 polygons
2026-08-20 08:55:15 +0000: Memory Usage (139976K) : norcx_m2tm2 has 0 polygons
2026-08-20 08:55:15 +0000: Memory Usage (139976K) : norcx_m3m4 has 0 polygons
2026-08-20 08:55:15 +0000: Memory Usage (139976K) : norcx_m3m5 has 0 polygons
2026-08-20 08:55:15 +0000: Memory Usage (140104K) : norcx_m3tm1 has 0 polygons
2026-08-20 08:55:15 +0000: Memory Usage (140104K) : norcx_m3tm2 has 0 polygons
2026-08-20 08:55:15 +0000: Memory Usage (140104K) : norcx_m4m5 has 0 polygons
2026-08-20 08:55:15 +0000: Memory Usage (140104K) : norcx_m4tm1 has 0 polygons
2026-08-20 08:55:15 +0000: Memory Usage (140104K) : norcx_m4tm2 has 0 polygons
2026-08-20 08:55:15 +0000: Memory Usage (140104K) : norcx_m5tm1 has 0 polygons
2026-08-20 08:55:15 +0000: Memory Usage (140104K) : norcx_m5tm2 has 0 polygons
2026-08-20 08:55:15 +0000: Memory Usage (140104K) : norcx_tm1tm2 has 0 polygons
2026-08-20 08:55:15 +0000: Memory Usage (140104K) : norcx_m1sub has 0 polygons
2026-08-20 08:55:15 +0000: Memory Usage (140104K) : norcx_m2sub has 0 polygons
2026-08-20 08:55:15 +0000: Memory Usage (140104K) : norcx_m3sub has 0 polygons
2026-08-20 08:55:15 +0000: Memory Usage (140104K) : norcx_m4sub has 0 polygons
2026-08-20 08:55:15 +0000: Memory Usage (140104K) : norcx_m5sub has 0 polygons
2026-08-20 08:55:15 +0000: Memory Usage (140104K) : norcx_tm1sub has 0 polygons
2026-08-20 08:55:15 +0000: Memory Usage (140104K) : norcx_tm2sub has 0 polygons
2026-08-20 08:55:15 +0000: Memory Usage (140104K) : snsbotvia_drw has 0 polygons
2026-08-20 08:55:15 +0000: Memory Usage (140104K) : snstopvia_drw has 0 polygons
2026-08-20 08:55:15 +0000: Memory Usage (140104K) : deepvia_drw has 0 polygons
2026-08-20 08:55:15 +0000: Memory Usage (140104K) : fgetch_drw has 0 polygons
2026-08-20 08:55:15 +0000: Memory Usage (140104K) : ctrgat_drw has 0 polygons
2026-08-20 08:55:15 +0000: Memory Usage (140104K) : fgimp_drw has 0 polygons
2026-08-20 08:55:15 +0000: Memory Usage (140104K) : emwihv_drw has 0 polygons
2026-08-20 08:55:15 +0000: Memory Usage (140104K) : lbe_drw has 0 polygons
2026-08-20 08:55:15 +0000: Memory Usage (140104K) : alcustop_drw has 0 polygons
2026-08-20 08:55:15 +0000: Memory Usage (140104K) : nometfiller_drw has 0 polygons
2026-08-20 08:55:15 +0000: Memory Usage (140104K) : prboundary_drw has 0 polygons
2026-08-20 08:55:15 +0000: Memory Usage (140104K) : exchange0_drw has 0 polygons
2026-08-20 08:55:15 +0000: Memory Usage (140104K) : exchange0_pin has 0 polygons
2026-08-20 08:55:15 +0000: Memory Usage (140104K) : exchange0_text has 0 polygons
2026-08-20 08:55:15 +0000: Memory Usage (140104K) : exchange1_drw has 0 polygons
2026-08-20 08:55:15 +0000: Memory Usage (140104K) : exchange1_pin has 0 polygons
2026-08-20 08:55:15 +0000: Memory Usage (140104K) : exchange1_text has 0 polygons
2026-08-20 08:55:15 +0000: Memory Usage (140104K) : exchange2_drw has 0 polygons
2026-08-20 08:55:15 +0000: Memory Usage (140104K) : exchange2_pin has 0 polygons
2026-08-20 08:55:15 +0000: Memory Usage (140104K) : exchange2_text has 0 polygons
2026-08-20 08:55:15 +0000: Memory Usage (140104K) : exchange3_drw has 0 polygons
2026-08-20 08:55:15 +0000: Memory Usage (140104K) : exchange3_pin has 0 polygons
2026-08-20 08:55:15 +0000: Memory Usage (140104K) : exchange3_text has 0 polygons
2026-08-20 08:55:15 +0000: Memory Usage (140104K) : exchange4_drw has 0 polygons
2026-08-20 08:55:15 +0000: Memory Usage (140104K) : exchange4_pin has 0 polygons
2026-08-20 08:55:15 +0000: Memory Usage (140104K) : exchange4_text has 0 polygons
2026-08-20 08:55:15 +0000: Memory Usage (140104K) : isonwell_drw has 0 polygons
2026-08-20 08:55:15 +0000: Memory Usage (140104K) : Total no. of polygons in the design is 8354
2026-08-20 08:55:15 +0000: Memory Usage (140104K) : Starting base layers derivations
2026-08-20 08:55:15 +0000: Memory Usage (140104K) : Starting general LVS derivations
2026-08-20 08:55:15 +0000: Memory Usage (143496K) : Starting MOSFET DERIVATIONS
2026-08-20 08:55:15 +0000: Memory Usage (144008K) : Starting NMOS DERIVATIONS
2026-08-20 08:55:15 +0000: Memory Usage (144008K) : Starting PMOS DERIVATIONS
2026-08-20 08:55:15 +0000: Memory Usage (144008K) : Starting RF-MOSFET DERIVATIONS
2026-08-20 08:55:15 +0000: Memory Usage (144008K) : Starting RF-NMOS DERIVATIONS
2026-08-20 08:55:15 +0000: Memory Usage (144008K) : Starting RF-PMOS DERIVATIONS
2026-08-20 08:55:15 +0000: Memory Usage (144008K) : Starting BJT DERIVATIONS
2026-08-20 08:55:15 +0000: Memory Usage (144008K) : Starting NPN-BJT DERIVATIONS
2026-08-20 08:55:15 +0000: Memory Usage (144008K) : Starting PNP-BJT DERIVATIONS
2026-08-20 08:55:15 +0000: Memory Usage (144008K) : Starting DIODE DERIVATIONS
2026-08-20 08:55:15 +0000: Memory Usage (144008K) : Starting RESISTOR DERIVATIONS
2026-08-20 08:55:15 +0000: Memory Usage (144648K) : Starting CAP DERIVATIONS
2026-08-20 08:55:15 +0000: Memory Usage (144648K) : Starting CAP_CMOM DERIVATIONS
2026-08-20 08:55:15 +0000: Memory Usage (144648K) : Starting CAP_CMOMF DERIVATIONS
2026-08-20 08:55:15 +0000: Memory Usage (144648K) : Starting ESD DERIVATIONS
2026-08-20 08:55:15 +0000: Memory Usage (145032K) : Starting Inductor DERIVATIONS
2026-08-20 08:55:15 +0000: Memory Usage (145032K) : Starting Taps DERIVATIONS
2026-08-20 08:55:15 +0000: Memory Usage (145032K) : Starting SG13G2 LVS connectivity setup
2026-08-20 08:55:15 +0000: Memory Usage (145032K) : Starting SG13G2 LVS connectivity setup (Inter-layer)
2026-08-20 08:55:15 +0000: Memory Usage (145160K) : Starting SG13G2 LVS connectivity setup (Global)
2026-08-20 08:55:15 +0000: Memory Usage (145160K) : Starting LVS MOSFET CONNECTIONS
2026-08-20 08:55:15 +0000: Memory Usage (145160K) : Starting LVS RF-MOSFET CONNECTIONS
2026-08-20 08:55:15 +0000: Memory Usage (145160K) : Starting LVS BJT CONNECTIONS
2026-08-20 08:55:15 +0000: Memory Usage (145160K) : Starting LVS DIODE CONNECTIONS
2026-08-20 08:55:15 +0000: Memory Usage (145160K) : Starting RESISTOR CONNECTIONS
2026-08-20 08:55:15 +0000: Memory Usage (145160K) : Starting LVS CAP CONNECTIONS
2026-08-20 08:55:15 +0000: Memory Usage (145160K) : Starting CAP_CMOM CONNECTIONS
2026-08-20 08:55:15 +0000: Memory Usage (145160K) : Starting CAP_CMOMF CONNECTIONS
2026-08-20 08:55:15 +0000: Memory Usage (145160K) : Starting ESD CONNECTIONS
2026-08-20 08:55:15 +0000: Memory Usage (145160K) : Starting Inductor CONNECTIONS
2026-08-20 08:55:15 +0000: Memory Usage (145160K) : Starting LVS Taps CONNECTIONS
2026-08-20 08:55:15 +0000: Memory Usage (145160K) : Starting SG13G2 LVS DEVICES EXTRACTION
2026-08-20 08:55:15 +0000: Memory Usage (145160K) : Starting MOSFET EXTRACTION
2026-08-20 08:55:15 +0000: Memory Usage (145160K) : Starting NMOS EXTRACTION
2026-08-20 08:55:15 +0000: Memory Usage (145160K) : Extraction of NMOS-LV transistor
2026-08-20 08:55:15 +0000: Memory Usage (145160K) : Extraction of NMOS-HV transistor
2026-08-20 08:55:15 +0000: Memory Usage (145160K) : Starting PMOS EXTRACTION
2026-08-20 08:55:15 +0000: Memory Usage (145160K) : Extraction of PMOS-LV transistor
2026-08-20 08:55:15 +0000: Memory Usage (145160K) : Extraction of PMOS-HV transistor
2026-08-20 08:55:15 +0000: Memory Usage (145160K) : Starting RF-MOSFET EXTRACTION
2026-08-20 08:55:15 +0000: Memory Usage (145160K) : Extraction of RF-NMOS-LV transistor
2026-08-20 08:55:15 +0000: Memory Usage (145160K) : Extraction of RF-NMOS-HV transistor
2026-08-20 08:55:15 +0000: Memory Usage (145160K) : Extraction of RF-PMOS-LV transistor
2026-08-20 08:55:15 +0000: Memory Usage (145160K) : Extraction of RF-PMOS-HV transistor
2026-08-20 08:55:15 +0000: Memory Usage (145160K) : Starting BJT EXTRACTION
2026-08-20 08:55:15 +0000: Memory Usage (145160K) : Starting NPN-BJT EXTRACTION
2026-08-20 08:55:15 +0000: Memory Usage (145160K) : Extraction of npn13G2 BJT transistor
2026-08-20 08:55:15 +0000: Memory Usage (145160K) : Extraction of npn13G2L BJT transistor
2026-08-20 08:55:15 +0000: Memory Usage (145160K) : Extraction of npn13G2V BJT transistor
2026-08-20 08:55:15 +0000: Memory Usage (145160K) : Starting PNP-BJT EXTRACTION
2026-08-20 08:55:15 +0000: Memory Usage (145160K) : Extracting pnpMPA BJT
2026-08-20 08:55:15 +0000: Memory Usage (145160K) : Starting DIODE EXTRACTION
2026-08-20 08:55:15 +0000: Memory Usage (145160K) : Extracting dantenna diode
2026-08-20 08:55:15 +0000: Memory Usage (145160K) : Extracting dpantenna diode
2026-08-20 08:55:15 +0000: Memory Usage (145160K) : Extracting schottky_nbl1 diode
2026-08-20 08:55:15 +0000: Memory Usage (145160K) : Extracting isolbox diode
2026-08-20 08:55:15 +0000: Memory Usage (145160K) : Starting RESISTOR EXTRACTION
2026-08-20 08:55:15 +0000: Memory Usage (145160K) : Extracting rsil resistor
2026-08-20 08:55:15 +0000: Memory Usage (145160K) : Extracting rppd resistor
2026-08-20 08:55:15 +0000: Memory Usage (145416K) : Extracting rhigh resistor
2026-08-20 08:55:15 +0000: Memory Usage (145416K) : Extracting res_metal1 resistor
2026-08-20 08:55:15 +0000: Memory Usage (145544K) : Extracting res_metal2 resistor
2026-08-20 08:55:15 +0000: Memory Usage (145544K) : Extracting res_metal3 resistor
2026-08-20 08:55:15 +0000: Memory Usage (145544K) : Extracting res_metal4 resistor
2026-08-20 08:55:15 +0000: Memory Usage (145544K) : Extracting res_metal5 resistor
2026-08-20 08:55:15 +0000: Memory Usage (145544K) : Extracting res_topmetal1 resistor
2026-08-20 08:55:15 +0000: Memory Usage (145544K) : Extracting res_topmetal2 resistor
2026-08-20 08:55:15 +0000: Memory Usage (145544K) : Starting CAP EXTRACTION
2026-08-20 08:55:15 +0000: Memory Usage (145544K) : Extracting cap_cmim device
2026-08-20 08:55:15 +0000: Memory Usage (145544K) : Extracting rfcmim device
2026-08-20 08:55:15 +0000: Memory Usage (145544K) : Extracting sg13_hv_svaricap varactor
2026-08-20 08:55:15 +0000: Memory Usage (145544K) : Extracting cap_cmomi device
2026-08-20 08:55:15 +0000: Memory Usage (145544K) : Extracting cap_cmomf device
2026-08-20 08:55:15 +0000: Memory Usage (145544K) : Extracting sg13_moscap_n capacitor
2026-08-20 08:55:15 +0000: Memory Usage (145544K) : Extracting sg13_moscap_p capacitor
2026-08-20 08:55:15 +0000: Memory Usage (145544K) : Starting ESD EXTRACTION
2026-08-20 08:55:15 +0000: Memory Usage (145544K) : Extracting diodevdd_2kv ESD device
2026-08-20 08:55:15 +0000: Memory Usage (145544K) : Extracting diodevdd_4kv ESD device
2026-08-20 08:55:15 +0000: Memory Usage (145544K) : Extracting diodevss_2kv ESD device
2026-08-20 08:55:15 +0000: Memory Usage (145544K) : Extracting diodevss_4kv ESD device
2026-08-20 08:55:15 +0000: Memory Usage (145544K) : Extracting idiodevdd_2kv ESD device
2026-08-20 08:55:15 +0000: Memory Usage (145544K) : Extracting idiodevdd_4kv ESD device
2026-08-20 08:55:15 +0000: Memory Usage (145544K) : Extracting idiodevss_2kv ESD device
2026-08-20 08:55:15 +0000: Memory Usage (145544K) : Extracting idiodevss_4kv ESD device
2026-08-20 08:55:15 +0000: Memory Usage (145544K) : Extracting nmoscl_2 ESD device
2026-08-20 08:55:15 +0000: Memory Usage (145544K) : Extracting nmoscl_4 ESD device
2026-08-20 08:55:15 +0000: Memory Usage (145544K) : Starting Inductor EXTRACTION
2026-08-20 08:55:15 +0000: Memory Usage (145544K) : Extracting Inductor2 device
2026-08-20 08:55:15 +0000: Memory Usage (145544K) : Extracting Inductor3 device
2026-08-20 08:55:15 +0000: Memory Usage (145544K) : Starting Taps EXTRACTION
2026-08-20 08:55:15 +0000: Memory Usage (145544K) : DISABLE_TAP_EXTRACTION is enabled: skipping ntap1/ptap1 device extraction.
2026-08-20 08:55:15 +0000: Memory Usage (145544K) : Starting SG13G2 LVS RF MOS Model Mapping
2026-08-20 08:55:15 +0000: Memory Usage (145544K) : [layout_netlist] Apply RF MOS model mapping and rfmode parameter.
2026-08-20 08:55:15 +0000: Memory Usage (145544K) : Starting SG13G2 LVS Options Preparations
2026-08-20 08:55:15 +0000: Memory Usage (145544K) : SG13G2 LVS flow: extraction -> alignment -> option preparation -> comparison.
2026-08-20 08:55:15 +0000: Memory Usage (145544K) : Starting SG13G2 LVS Alignment
2026-08-20 08:55:15 +0000: Memory Usage (145672K) : Starting SG13G2 LVS Simplification
2026-08-20 08:55:15 +0000: Memory Usage (145672K) : [layout_netlist] simplify: ENABLED
2026-08-20 08:55:15 +0000: Memory Usage (145672K) : [layout_netlist] make_top_level_pins: SKIPPED
2026-08-20 08:55:15 +0000: Memory Usage (145672K) : [layout_netlist] combine_devices: SKIPPED
2026-08-20 08:55:15 +0000: Memory Usage (145672K) : [layout_netlist] purge: SKIPPED
2026-08-20 08:55:15 +0000: Memory Usage (145672K) : [layout_netlist] purge_nets: SKIPPED
2026-08-20 08:55:15 +0000: Memory Usage (145672K) : [schematic_netlist] simplify: ENABLED
2026-08-20 08:55:15 +0000: Memory Usage (145672K) : [schematic_netlist] make_top_level_pins: SKIPPED
2026-08-20 08:55:15 +0000: Memory Usage (145672K) : [schematic_netlist] combine_devices: SKIPPED
2026-08-20 08:55:15 +0000: Memory Usage (145672K) : [schematic_netlist] purge: SKIPPED
2026-08-20 08:55:15 +0000: Memory Usage (145672K) : [schematic_netlist] purge_nets: SKIPPED
2026-08-20 08:55:15 +0000: Memory Usage (145672K) : Starting SG13G2 LVS Comparison
2026-08-20 08:55:15 +0000: Memory Usage (145800K) : xxxxxxxxxxxxxxxxxxxxxxxxxxxxxxxxxxxxxxxxxx
2026-08-20 08:55:15 +0000: Memory Usage (145800K) : ERROR : Netlists don't match
2026-08-20 08:55:15 +0000: Memory Usage (145800K) : xxxxxxxxxxxxxxxxxxxxxxxxxxxxxxxxxxxxxxxxxx
2026-08-20 08:55:15 +0000: Memory Usage (145800K) : LVS Total Run time 0.967367 seconds
2026-08-20 08:55:32 +0000: Memory Usage (128868K) : Starting running SG13G2 Klayout LVS runset on /workspace/layout/blocks/out/term_stage/_bisect/pads_esd.gds
2026-08-20 08:55:32 +0000: Memory Usage (128868K) : Ruby Version for klayout: 3.2.3
2026-08-20 08:55:32 +0000: Memory Usage (129964K) : Loading database to memory is complete.
2026-08-20 08:55:32 +0000: Memory Usage (129964K) : SG13G2 Klayout LVS runset output at: /workspace/layout/blocks/out/term_stage/_bisect/pads_esd/pads_esd.lvsdb
2026-08-20 08:55:32 +0000: Memory Usage (129964K) : Evaluate switches.
2026-08-20 08:55:32 +0000: Memory Usage (129964K) : Extracted netlist with net names: true
2026-08-20 08:55:32 +0000: Memory Usage (129964K) : Extracted netlist with comments in details: false
2026-08-20 08:55:32 +0000: Memory Usage (129964K) : Selected NET_ONLY option: false
2026-08-20 08:55:32 +0000: Memory Usage (129964K) : Selected LAYOUT_NETLIST option: (none)
2026-08-20 08:55:32 +0000: Memory Usage (129964K) : Selected IGNORE_TOP_PORTS_MISMATCH option: true
2026-08-20 08:55:32 +0000: Memory Usage (129964K) : Selected IMPLICIT_NETS option: sub,sub!
2026-08-20 08:55:32 +0000: Memory Usage (129964K) : Selected TOP_LVL_PINS option: false
2026-08-20 08:55:32 +0000: Memory Usage (129964K) : Selected COMBINE DEVICES option: false
2026-08-20 08:55:32 +0000: Memory Usage (129964K) : Selected PURGE option: false
2026-08-20 08:55:32 +0000: Memory Usage (129964K) : Selected PURGE_NETS option: false
2026-08-20 08:55:32 +0000: Memory Usage (129964K) : Selected SIMPLIFY option: true
2026-08-20 08:55:32 +0000: Memory Usage (129964K) : Selected SERIES_RES option: true
2026-08-20 08:55:32 +0000: Memory Usage (129964K) : Selected PARALLEL_RES option: true
2026-08-20 08:55:32 +0000: Memory Usage (129964K) : Selected DISABLE_TAP_EXTRACTION option: true
2026-08-20 08:55:32 +0000: Memory Usage (129964K) : deep  mode is enabled.
2026-08-20 08:55:32 +0000: Memory Usage (129964K) : Applying implicit connections (case-sensitive, pattern supported) for nets: sub, sub!
2026-08-20 08:55:32 +0000: Memory Usage (131216K) : Netlist file: /workspace/layout/blocks/out/term_stage/_bisect/pads_esd.cdl
2026-08-20 08:55:32 +0000: Memory Usage (131216K) : LVS extracted netlist at: /workspace/layout/blocks/out/term_stage/_bisect/pads_esd/pads_esd_extracted.cir
2026-08-20 08:55:32 +0000: Memory Usage (131216K) : Applying SRAM integration support.
2026-08-20 08:55:32 +0000: Memory Usage (131216K) : Starting SG13G2 LVS runset
2026-08-20 08:55:32 +0000: Memory Usage (131216K) : Read in polygons from layers.
2026-08-20 08:55:32 +0000: Memory Usage (132428K) : activ_drw has 24 polygons
2026-08-20 08:55:32 +0000: Memory Usage (132428K) : activ_filler has 0 polygons
2026-08-20 08:55:32 +0000: Memory Usage (132556K) : activ has 24 polygons
2026-08-20 08:55:32 +0000: Memory Usage (132556K) : activ_pin has 0 polygons
2026-08-20 08:55:32 +0000: Memory Usage (132556K) : activ_mask has 0 polygons
2026-08-20 08:55:32 +0000: Memory Usage (132556K) : activ_nofill has 0 polygons
2026-08-20 08:55:32 +0000: Memory Usage (132556K) : activ_OPC has 0 polygons
2026-08-20 08:55:32 +0000: Memory Usage (132556K) : activ_iOPC has 0 polygons
2026-08-20 08:55:32 +0000: Memory Usage (132556K) : activ_noqrc has 0 polygons
2026-08-20 08:55:32 +0000: Memory Usage (132556K) : biwind_drw has 0 polygons
2026-08-20 08:55:32 +0000: Memory Usage (132556K) : biwind_OPC has 0 polygons
2026-08-20 08:55:32 +0000: Memory Usage (132556K) : gatpoly_drw has 8 polygons
2026-08-20 08:55:32 +0000: Memory Usage (132556K) : gatpoly_filler has 0 polygons
2026-08-20 08:55:32 +0000: Memory Usage (132612K) : gatpoly has 8 polygons
2026-08-20 08:55:32 +0000: Memory Usage (133124K) : gatpoly_pin has 0 polygons
2026-08-20 08:55:32 +0000: Memory Usage (133124K) : gatpoly_nofill has 0 polygons
2026-08-20 08:55:32 +0000: Memory Usage (133124K) : gatpoly_OPC has 0 polygons
2026-08-20 08:55:32 +0000: Memory Usage (133124K) : gatpoly_iOPC has 0 polygons
2026-08-20 08:55:32 +0000: Memory Usage (133124K) : gatpoly_noqrc has 0 polygons
2026-08-20 08:55:32 +0000: Memory Usage (133252K) : cont_drw has 4320 polygons
2026-08-20 08:55:32 +0000: Memory Usage (133252K) : cont_OPC has 0 polygons
2026-08-20 08:55:32 +0000: Memory Usage (133252K) : nsd_drw has 0 polygons
2026-08-20 08:55:32 +0000: Memory Usage (133252K) : nsd_block has 0 polygons
2026-08-20 08:55:32 +0000: Memory Usage (133252K) : metal1_drw has 28 polygons
2026-08-20 08:55:32 +0000: Memory Usage (133252K) : metal1_filler has 0 polygons
2026-08-20 08:55:32 +0000: Memory Usage (133252K) : metal1_slit has 0 polygons
2026-08-20 08:55:32 +0000: Memory Usage (133252K) : metal1 has 28 polygons
2026-08-20 08:55:32 +0000: Memory Usage (133252K) : metal1_pin has 8 polygons
2026-08-20 08:55:32 +0000: Memory Usage (133252K) : metal1_mask has 0 polygons
2026-08-20 08:55:32 +0000: Memory Usage (133252K) : metal1_nofill has 0 polygons
2026-08-20 08:55:32 +0000: Memory Usage (133380K) : metal1_text has 0 polygons
2026-08-20 08:55:32 +0000: Memory Usage (133380K) : metal1_OPC has 0 polygons
2026-08-20 08:55:32 +0000: Memory Usage (133380K) : metal1_noqrc has 0 polygons
2026-08-20 08:55:32 +0000: Memory Usage (133380K) : metal1_res has 0 polygons
2026-08-20 08:55:32 +0000: Memory Usage (133508K) : metal1_iprobe has 0 polygons
2026-08-20 08:55:32 +0000: Memory Usage (133508K) : metal1_diffprb has 0 polygons
2026-08-20 08:55:32 +0000: Memory Usage (133508K) : passiv_drw has 2 polygons
2026-08-20 08:55:32 +0000: Memory Usage (133636K) : passiv_pin has 0 polygons
2026-08-20 08:55:32 +0000: Memory Usage (133636K) : passiv_sbump has 0 polygons
2026-08-20 08:55:32 +0000: Memory Usage (133764K) : passiv_pillar has 0 polygons
2026-08-20 08:55:32 +0000: Memory Usage (133764K) : passiv_pdl has 0 polygons
2026-08-20 08:55:32 +0000: Memory Usage (133764K) : metal2_drw has 28 polygons
2026-08-20 08:55:32 +0000: Memory Usage (133892K) : metal2_filler has 0 polygons
2026-08-20 08:55:32 +0000: Memory Usage (133892K) : metal2_slit has 0 polygons
2026-08-20 08:55:32 +0000: Memory Usage (133892K) : metal2 has 28 polygons
2026-08-20 08:55:32 +0000: Memory Usage (134020K) : metal2_pin has 8 polygons
2026-08-20 08:55:32 +0000: Memory Usage (134020K) : metal2_mask has 0 polygons
2026-08-20 08:55:32 +0000: Memory Usage (134148K) : metal2_nofill has 0 polygons
2026-08-20 08:55:32 +0000: Memory Usage (134148K) : metal2_text has 0 polygons
2026-08-20 08:55:32 +0000: Memory Usage (134148K) : metal2_OPC has 0 polygons
2026-08-20 08:55:32 +0000: Memory Usage (134148K) : metal2_noqrc has 0 polygons
2026-08-20 08:55:32 +0000: Memory Usage (134276K) : metal2_res has 0 polygons
2026-08-20 08:55:32 +0000: Memory Usage (134276K) : metal2_iprobe has 0 polygons
2026-08-20 08:55:32 +0000: Memory Usage (134276K) : metal2_diffprb has 0 polygons
2026-08-20 08:55:32 +0000: Memory Usage (134404K) : baspoly_drw has 0 polygons
2026-08-20 08:55:32 +0000: Memory Usage (134404K) : baspoly_pin has 0 polygons
2026-08-20 08:55:32 +0000: Memory Usage (134404K) : psd_drw has 18 polygons
2026-08-20 08:55:32 +0000: Memory Usage (134404K) : nldb_drw has 0 polygons
2026-08-20 08:55:32 +0000: Memory Usage (134404K) : digibnd_drw has 0 polygons
2026-08-20 08:55:32 +0000: Memory Usage (134532K) : via1_drw has 864 polygons
2026-08-20 08:55:32 +0000: Memory Usage (134532K) : backmetal1_drw has 0 polygons
2026-08-20 08:55:32 +0000: Memory Usage (134532K) : backmetal1_pin has 0 polygons
2026-08-20 08:55:32 +0000: Memory Usage (134532K) : backmetal1_mask has 0 polygons
2026-08-20 08:55:32 +0000: Memory Usage (134660K) : backmetal1_filler has 0 polygons
2026-08-20 08:55:32 +0000: Memory Usage (134660K) : backmetal1_nofill has 0 polygons
2026-08-20 08:55:32 +0000: Memory Usage (134660K) : backmetal1_slit has 0 polygons
2026-08-20 08:55:32 +0000: Memory Usage (134660K) : backmetal1_text has 0 polygons
2026-08-20 08:55:32 +0000: Memory Usage (134788K) : backmetal1_OPC has 0 polygons
2026-08-20 08:55:32 +0000: Memory Usage (134788K) : backmetal1_noqrc has 0 polygons
2026-08-20 08:55:32 +0000: Memory Usage (134788K) : backmetal1_res has 0 polygons
2026-08-20 08:55:32 +0000: Memory Usage (134788K) : backmetal1_iprobe has 0 polygons
2026-08-20 08:55:32 +0000: Memory Usage (134916K) : backmetal1_diffprb has 0 polygons
2026-08-20 08:55:32 +0000: Memory Usage (134916K) : backpassiv_drw has 0 polygons
2026-08-20 08:55:32 +0000: Memory Usage (134916K) : res_drw has 0 polygons
2026-08-20 08:55:32 +0000: Memory Usage (134916K) : sram_drw has 0 polygons
2026-08-20 08:55:32 +0000: Memory Usage (135044K) : trans_drw has 0 polygons
2026-08-20 08:55:32 +0000: Memory Usage (135044K) : ind_drw has 0 polygons
2026-08-20 08:55:32 +0000: Memory Usage (135044K) : ind_pin has 0 polygons
2026-08-20 08:55:32 +0000: Memory Usage (135044K) : ind_text has 0 polygons
2026-08-20 08:55:32 +0000: Memory Usage (135172K) : salblock_drw has 2 polygons
2026-08-20 08:55:32 +0000: Memory Usage (135172K) : via2_drw has 32 polygons
2026-08-20 08:55:32 +0000: Memory Usage (135172K) : metal3_drw has 12 polygons
2026-08-20 08:55:32 +0000: Memory Usage (135172K) : metal3_filler has 0 polygons
2026-08-20 08:55:32 +0000: Memory Usage (135300K) : metal3_slit has 0 polygons
2026-08-20 08:55:32 +0000: Memory Usage (135300K) : metal3 has 12 polygons
2026-08-20 08:55:32 +0000: Memory Usage (135300K) : metal3_pin has 0 polygons
2026-08-20 08:55:32 +0000: Memory Usage (135428K) : metal3_mask has 0 polygons
2026-08-20 08:55:32 +0000: Memory Usage (135428K) : metal3_nofill has 0 polygons
2026-08-20 08:55:32 +0000: Memory Usage (135428K) : metal3_text has 0 polygons
2026-08-20 08:55:32 +0000: Memory Usage (135428K) : metal3_OPC has 0 polygons
2026-08-20 08:55:32 +0000: Memory Usage (135556K) : metal3_noqrc has 0 polygons
2026-08-20 08:55:32 +0000: Memory Usage (135556K) : metal3_res has 0 polygons
2026-08-20 08:55:32 +0000: Memory Usage (135556K) : metal3_iprobe has 0 polygons
2026-08-20 08:55:32 +0000: Memory Usage (135684K) : metal3_diffprb has 0 polygons
2026-08-20 08:55:32 +0000: Memory Usage (135684K) : nwell_drw has 10 polygons
2026-08-20 08:55:32 +0000: Memory Usage (135684K) : nwell_pin has 0 polygons
2026-08-20 08:55:32 +0000: Memory Usage (135684K) : nwell_text has 0 polygons
2026-08-20 08:55:32 +0000: Memory Usage (135684K) : nbulay_drw has 0 polygons
2026-08-20 08:55:32 +0000: Memory Usage (135684K) : nbulay_pin has 0 polygons
2026-08-20 08:55:32 +0000: Memory Usage (135684K) : nbulay_block has 0 polygons
2026-08-20 08:55:32 +0000: Memory Usage (135684K) : emwind_drw has 0 polygons
2026-08-20 08:55:32 +0000: Memory Usage (135684K) : emwind_OPC has 0 polygons
2026-08-20 08:55:32 +0000: Memory Usage (135684K) : deepco_drw has 0 polygons
2026-08-20 08:55:32 +0000: Memory Usage (135684K) : mim_drw has 1 polygons
2026-08-20 08:55:32 +0000: Memory Usage (135684K) : edgeseal_drw has 0 polygons
2026-08-20 08:55:32 +0000: Memory Usage (135812K) : substrate_drw has 0 polygons
2026-08-20 08:55:32 +0000: Memory Usage (135812K) : substrate_text has 0 polygons
2026-08-20 08:55:32 +0000: Memory Usage (135812K) : dfpad_drw has 2 polygons
2026-08-20 08:55:32 +0000: Memory Usage (135812K) : dfpad_pillar has 0 polygons
2026-08-20 08:55:32 +0000: Memory Usage (135812K) : dfpad_sbump has 0 polygons
2026-08-20 08:55:32 +0000: Memory Usage (135812K) : thickgateox_drw has 0 polygons
2026-08-20 08:55:32 +0000: Memory Usage (135940K) : pldb_drw has 0 polygons
2026-08-20 08:55:32 +0000: Memory Usage (135940K) : pwell_drw has 0 polygons
2026-08-20 08:55:32 +0000: Memory Usage (135940K) : pwell_pin has 0 polygons
2026-08-20 08:55:32 +0000: Memory Usage (135940K) : pwell_block has 0 polygons
2026-08-20 08:55:32 +0000: Memory Usage (135940K) : ic_drw has 0 polygons
2026-08-20 08:55:32 +0000: Memory Usage (136068K) : via3_drw has 1008 polygons
2026-08-20 08:55:32 +0000: Memory Usage (136068K) : metal4_drw has 24 polygons
2026-08-20 08:55:32 +0000: Memory Usage (136068K) : metal4_filler has 0 polygons
2026-08-20 08:55:32 +0000: Memory Usage (136068K) : metal4_slit has 0 polygons
2026-08-20 08:55:32 +0000: Memory Usage (136068K) : metal4 has 24 polygons
2026-08-20 08:55:32 +0000: Memory Usage (136196K) : metal4_pin has 0 polygons
2026-08-20 08:55:32 +0000: Memory Usage (136196K) : metal4_mask has 0 polygons
2026-08-20 08:55:32 +0000: Memory Usage (136196K) : metal4_nofill has 0 polygons
2026-08-20 08:55:32 +0000: Memory Usage (136324K) : metal4_text has 4 polygons
2026-08-20 08:55:32 +0000: Memory Usage (136324K) : metal4_OPC has 0 polygons
2026-08-20 08:55:32 +0000: Memory Usage (136324K) : metal4_noqrc has 0 polygons
2026-08-20 08:55:32 +0000: Memory Usage (136324K) : metal4_res has 0 polygons
2026-08-20 08:55:32 +0000: Memory Usage (136452K) : metal4_iprobe has 0 polygons
2026-08-20 08:55:32 +0000: Memory Usage (136452K) : metal4_diffprb has 0 polygons
2026-08-20 08:55:32 +0000: Memory Usage (136452K) : heattrans_drw has 0 polygons
2026-08-20 08:55:32 +0000: Memory Usage (136452K) : heatres_drw has 2 polygons
2026-08-20 08:55:32 +0000: Memory Usage (136452K) : fbe_drw has 0 polygons
2026-08-20 08:55:32 +0000: Memory Usage (136452K) : empoly_drw has 0 polygons
2026-08-20 08:55:32 +0000: Memory Usage (136580K) : digisub_drw has 0 polygons
2026-08-20 08:55:32 +0000: Memory Usage (136580K) : text_drw has 20 polygons
2026-08-20 08:55:32 +0000: Memory Usage (136580K) : via4_drw has 992 polygons
2026-08-20 08:55:32 +0000: Memory Usage (136580K) : metal5_drw has 17 polygons
2026-08-20 08:55:32 +0000: Memory Usage (136580K) : metal5_filler has 0 polygons
2026-08-20 08:55:32 +0000: Memory Usage (136580K) : metal5_slit has 0 polygons
2026-08-20 08:55:32 +0000: Memory Usage (136708K) : metal5 has 17 polygons
2026-08-20 08:55:32 +0000: Memory Usage (136708K) : metal5_pin has 0 polygons
2026-08-20 08:55:32 +0000: Memory Usage (136708K) : metal5_mask has 0 polygons
2026-08-20 08:55:32 +0000: Memory Usage (136708K) : metal5_nofill has 0 polygons
2026-08-20 08:55:32 +0000: Memory Usage (136708K) : metal5_text has 0 polygons
2026-08-20 08:55:32 +0000: Memory Usage (136708K) : metal5_OPC has 0 polygons
2026-08-20 08:55:32 +0000: Memory Usage (136836K) : metal5_noqrc has 0 polygons
2026-08-20 08:55:32 +0000: Memory Usage (136836K) : metal5_res has 0 polygons
2026-08-20 08:55:32 +0000: Memory Usage (136836K) : metal5_iprobe has 0 polygons
2026-08-20 08:55:32 +0000: Memory Usage (136836K) : metal5_diffprb has 0 polygons
2026-08-20 08:55:32 +0000: Memory Usage (136836K) : radhard_drw has 0 polygons
2026-08-20 08:55:32 +0000: Memory Usage (136836K) : memcap_drw has 0 polygons
2026-08-20 08:55:32 +0000: Memory Usage (136964K) : varicap_drw has 0 polygons
2026-08-20 08:55:32 +0000: Memory Usage (136964K) : intbondvia_drw has 0 polygons
2026-08-20 08:55:32 +0000: Memory Usage (136964K) : intbondmet_drw has 0 polygons
2026-08-20 08:55:32 +0000: Memory Usage (136964K) : devbondvia_drw has 0 polygons
2026-08-20 08:55:32 +0000: Memory Usage (136964K) : devbondmet_drw has 0 polygons
2026-08-20 08:55:32 +0000: Memory Usage (136964K) : devtrench_drw has 0 polygons
2026-08-20 08:55:32 +0000: Memory Usage (137092K) : redist_drw has 0 polygons
2026-08-20 08:55:32 +0000: Memory Usage (137092K) : graphbot_drw has 0 polygons
2026-08-20 08:55:32 +0000: Memory Usage (137092K) : graphtop_drw has 0 polygons
2026-08-20 08:55:32 +0000: Memory Usage (137092K) : antvia1_drw has 0 polygons
2026-08-20 08:55:32 +0000: Memory Usage (137092K) : antmetal2_drw has 0 polygons
2026-08-20 08:55:32 +0000: Memory Usage (137092K) : graphcont_drw has 0 polygons
2026-08-20 08:55:32 +0000: Memory Usage (137220K) : siwg_drw has 0 polygons
2026-08-20 08:55:32 +0000: Memory Usage (137220K) : siwg_filler has 0 polygons
2026-08-20 08:55:32 +0000: Memory Usage (137220K) : siwg_nofill has 0 polygons
2026-08-20 08:55:32 +0000: Memory Usage (137220K) : sigrating_drw has 0 polygons
2026-08-20 08:55:32 +0000: Memory Usage (137220K) : singrating_drw has 0 polygons
2026-08-20 08:55:32 +0000: Memory Usage (137220K) : graphpas_drw has 0 polygons
2026-08-20 08:55:32 +0000: Memory Usage (137348K) : emwind3_drw has 0 polygons
2026-08-20 08:55:32 +0000: Memory Usage (137348K) : emwihv3_drw has 0 polygons
2026-08-20 08:55:32 +0000: Memory Usage (137348K) : redbulay_drw has 0 polygons
2026-08-20 08:55:32 +0000: Memory Usage (137348K) : smos_drw has 0 polygons
2026-08-20 08:55:32 +0000: Memory Usage (137348K) : graphpad_drw has 0 polygons
2026-08-20 08:55:32 +0000: Memory Usage (137476K) : polimide_drw has 0 polygons
2026-08-20 08:55:32 +0000: Memory Usage (137476K) : polimide_pin has 0 polygons
2026-08-20 08:55:32 +0000: Memory Usage (137476K) : recog_drw has 0 polygons
2026-08-20 08:55:32 +0000: Memory Usage (137476K) : recog_pin has 0 polygons
2026-08-20 08:55:32 +0000: Memory Usage (137476K) : recog_esd has 4 polygons
2026-08-20 08:55:32 +0000: Memory Usage (137476K) : recog_diode has 0 polygons
2026-08-20 08:55:32 +0000: Memory Usage (137604K) : recog_tsv has 0 polygons
2026-08-20 08:55:32 +0000: Memory Usage (137604K) : recog_iprobe has 0 polygons
2026-08-20 08:55:32 +0000: Memory Usage (137604K) : recog_diffprb has 0 polygons
2026-08-20 08:55:32 +0000: Memory Usage (137604K) : recog_pillar has 0 polygons
2026-08-20 08:55:32 +0000: Memory Usage (137604K) : recog_sbump has 0 polygons
2026-08-20 08:55:32 +0000: Memory Usage (137604K) : recog_otp has 0 polygons
2026-08-20 08:55:32 +0000: Memory Usage (137604K) : recog_pdiode has 0 polygons
2026-08-20 08:55:32 +0000: Memory Usage (137732K) : recog_mom has 0 polygons
2026-08-20 08:55:32 +0000: Memory Usage (137732K) : recog_momf has 0 polygons
2026-08-20 08:55:32 +0000: Memory Usage (137732K) : recog_pcm has 0 polygons
2026-08-20 08:55:32 +0000: Memory Usage (137732K) : colopen_drw has 0 polygons
2026-08-20 08:55:32 +0000: Memory Usage (137732K) : graphmetal1_drw has 0 polygons
2026-08-20 08:55:32 +0000: Memory Usage (137732K) : graphmetal1_filler has 0 polygons
2026-08-20 08:55:32 +0000: Memory Usage (137860K) : graphmetal1_nofill has 0 polygons
2026-08-20 08:55:32 +0000: Memory Usage (137860K) : graphmetal1_slit has 0 polygons
2026-08-20 08:55:32 +0000: Memory Usage (137860K) : graphmetal1_OPC has 0 polygons
2026-08-20 08:55:32 +0000: Memory Usage (137860K) : graphmet1l_drw has 0 polygons
2026-08-20 08:55:32 +0000: Memory Usage (137860K) : graphmet1l_filler has 0 polygons
2026-08-20 08:55:32 +0000: Memory Usage (137860K) : graphmet1l_nofill has 0 polygons
2026-08-20 08:55:32 +0000: Memory Usage (137988K) : graphmet1l_slit has 0 polygons
2026-08-20 08:55:32 +0000: Memory Usage (137988K) : graphmet1l_OPC has 0 polygons
2026-08-20 08:55:32 +0000: Memory Usage (137988K) : extblock_drw has 6 polygons
2026-08-20 08:55:32 +0000: Memory Usage (137988K) : nldd_drw has 0 polygons
2026-08-20 08:55:32 +0000: Memory Usage (137988K) : pldd_drw has 0 polygons
2026-08-20 08:55:32 +0000: Memory Usage (138116K) : next_drw has 0 polygons
2026-08-20 08:55:32 +0000: Memory Usage (138116K) : pext_drw has 0 polygons
2026-08-20 08:55:32 +0000: Memory Usage (138116K) : nexthv_drw has 0 polygons
2026-08-20 08:55:32 +0000: Memory Usage (138116K) : pexthv_drw has 0 polygons
2026-08-20 08:55:32 +0000: Memory Usage (138116K) : graphgate_drw has 0 polygons
2026-08-20 08:55:32 +0000: Memory Usage (138116K) : sinwg_drw has 0 polygons
2026-08-20 08:55:32 +0000: Memory Usage (138244K) : sinwg_filler has 0 polygons
2026-08-20 08:55:32 +0000: Memory Usage (138244K) : sinwg_nofill has 0 polygons
2026-08-20 08:55:32 +0000: Memory Usage (138244K) : mempad_drw has 0 polygons
2026-08-20 08:55:32 +0000: Memory Usage (138244K) : topvia1_drw has 474 polygons
2026-08-20 08:55:32 +0000: Memory Usage (138244K) : topmetal1_drw has 7 polygons
2026-08-20 08:55:32 +0000: Memory Usage (138244K) : topmetal1_filler has 0 polygons
2026-08-20 08:55:32 +0000: Memory Usage (138372K) : topmetal1_slit has 0 polygons
2026-08-20 08:55:32 +0000: Memory Usage (138372K) : topmetal1 has 7 polygons
2026-08-20 08:55:32 +0000: Memory Usage (138372K) : topmetal1_pin has 0 polygons
2026-08-20 08:55:32 +0000: Memory Usage (138372K) : topmetal1_mask has 0 polygons
2026-08-20 08:55:32 +0000: Memory Usage (138372K) : topmetal1_nofill has 0 polygons
2026-08-20 08:55:32 +0000: Memory Usage (138372K) : topmetal1_text has 0 polygons
2026-08-20 08:55:32 +0000: Memory Usage (138500K) : topmetal1_noqrc has 0 polygons
2026-08-20 08:55:32 +0000: Memory Usage (138500K) : topmetal1_res has 0 polygons
2026-08-20 08:55:32 +0000: Memory Usage (138500K) : topmetal1_iprobe has 0 polygons
2026-08-20 08:55:32 +0000: Memory Usage (138500K) : topmetal1_diffprb has 0 polygons
2026-08-20 08:55:32 +0000: Memory Usage (138500K) : inldpwl_drw has 0 polygons
2026-08-20 08:55:32 +0000: Memory Usage (138500K) : polyres_drw has 2 polygons
2026-08-20 08:55:32 +0000: Memory Usage (138628K) : polyres_pin has 0 polygons
2026-08-20 08:55:32 +0000: Memory Usage (138628K) : vmim_drw has 225 polygons
2026-08-20 08:55:32 +0000: Memory Usage (138628K) : nbulaycut_drw has 0 polygons
2026-08-20 08:55:32 +0000: Memory Usage (138628K) : antmetal1_drw has 0 polygons
2026-08-20 08:55:32 +0000: Memory Usage (138628K) : topvia2_drw has 194 polygons
2026-08-20 08:55:32 +0000: Memory Usage (138756K) : topmetal2_drw has 4 polygons
2026-08-20 08:55:32 +0000: Memory Usage (138756K) : topmetal2_filler has 0 polygons
2026-08-20 08:55:32 +0000: Memory Usage (138756K) : topmetal2_slit has 0 polygons
2026-08-20 08:55:32 +0000: Memory Usage (138756K) : topmetal2 has 4 polygons
2026-08-20 08:55:32 +0000: Memory Usage (138756K) : topmetal2_pin has 0 polygons
2026-08-20 08:55:32 +0000: Memory Usage (138884K) : topmetal2_mask has 0 polygons
2026-08-20 08:55:32 +0000: Memory Usage (138884K) : topmetal2_nofill has 0 polygons
2026-08-20 08:55:32 +0000: Memory Usage (138884K) : topmetal2_text has 4 polygons
2026-08-20 08:55:32 +0000: Memory Usage (138884K) : topmetal2_noqrc has 0 polygons
2026-08-20 08:55:32 +0000: Memory Usage (139012K) : topmetal2_res has 0 polygons
2026-08-20 08:55:32 +0000: Memory Usage (139012K) : topmetal2_iprobe has 0 polygons
2026-08-20 08:55:32 +0000: Memory Usage (139012K) : topmetal2_diffprb has 0 polygons
2026-08-20 08:55:32 +0000: Memory Usage (139140K) : snsring_drw has 0 polygons
2026-08-20 08:55:32 +0000: Memory Usage (139140K) : sensor_drw has 0 polygons
2026-08-20 08:55:32 +0000: Memory Usage (139140K) : snsarms_drw has 0 polygons
2026-08-20 08:55:32 +0000: Memory Usage (139140K) : snscmosvia_drw has 0 polygons
2026-08-20 08:55:32 +0000: Memory Usage (139268K) : colwind_drw has 0 polygons
2026-08-20 08:55:32 +0000: Memory Usage (139268K) : flm_drw has 0 polygons
2026-08-20 08:55:32 +0000: Memory Usage (139268K) : hafniumox_drw has 0 polygons
2026-08-20 08:55:32 +0000: Memory Usage (139396K) : memvia_drw has 0 polygons
2026-08-20 08:55:32 +0000: Memory Usage (139396K) : thinfilmres_drw has 0 polygons
2026-08-20 08:55:32 +0000: Memory Usage (139396K) : rfmem_drw has 0 polygons
2026-08-20 08:55:32 +0000: Memory Usage (139396K) : norcx_drw has 0 polygons
2026-08-20 08:55:32 +0000: Memory Usage (139524K) : norcx_m2m3 has 0 polygons
2026-08-20 08:55:32 +0000: Memory Usage (139524K) : norcx_m2m4 has 0 polygons
2026-08-20 08:55:32 +0000: Memory Usage (139524K) : norcx_m2m5 has 0 polygons
2026-08-20 08:55:32 +0000: Memory Usage (139524K) : norcx_m2tm1 has 0 polygons
2026-08-20 08:55:32 +0000: Memory Usage (139652K) : norcx_m2tm2 has 0 polygons
2026-08-20 08:55:32 +0000: Memory Usage (139652K) : norcx_m3m4 has 0 polygons
2026-08-20 08:55:32 +0000: Memory Usage (139780K) : norcx_m3m5 has 0 polygons
2026-08-20 08:55:32 +0000: Memory Usage (139780K) : norcx_m3tm1 has 0 polygons
2026-08-20 08:55:32 +0000: Memory Usage (139780K) : norcx_m3tm2 has 0 polygons
2026-08-20 08:55:32 +0000: Memory Usage (139908K) : norcx_m4m5 has 0 polygons
2026-08-20 08:55:32 +0000: Memory Usage (139908K) : norcx_m4tm1 has 0 polygons
2026-08-20 08:55:32 +0000: Memory Usage (139908K) : norcx_m4tm2 has 0 polygons
2026-08-20 08:55:32 +0000: Memory Usage (139908K) : norcx_m5tm1 has 0 polygons
2026-08-20 08:55:32 +0000: Memory Usage (139908K) : norcx_m5tm2 has 0 polygons
2026-08-20 08:55:32 +0000: Memory Usage (139908K) : norcx_tm1tm2 has 0 polygons
2026-08-20 08:55:32 +0000: Memory Usage (139908K) : norcx_m1sub has 0 polygons
2026-08-20 08:55:32 +0000: Memory Usage (139908K) : norcx_m2sub has 0 polygons
2026-08-20 08:55:32 +0000: Memory Usage (139908K) : norcx_m3sub has 0 polygons
2026-08-20 08:55:32 +0000: Memory Usage (139908K) : norcx_m4sub has 0 polygons
2026-08-20 08:55:32 +0000: Memory Usage (139908K) : norcx_m5sub has 0 polygons
2026-08-20 08:55:32 +0000: Memory Usage (139908K) : norcx_tm1sub has 0 polygons
2026-08-20 08:55:32 +0000: Memory Usage (139908K) : norcx_tm2sub has 0 polygons
2026-08-20 08:55:32 +0000: Memory Usage (139908K) : snsbotvia_drw has 0 polygons
2026-08-20 08:55:32 +0000: Memory Usage (139908K) : snstopvia_drw has 0 polygons
2026-08-20 08:55:32 +0000: Memory Usage (139908K) : deepvia_drw has 0 polygons
2026-08-20 08:55:32 +0000: Memory Usage (139908K) : fgetch_drw has 0 polygons
2026-08-20 08:55:32 +0000: Memory Usage (139908K) : ctrgat_drw has 0 polygons
2026-08-20 08:55:32 +0000: Memory Usage (139908K) : fgimp_drw has 0 polygons
2026-08-20 08:55:32 +0000: Memory Usage (139908K) : emwihv_drw has 0 polygons
2026-08-20 08:55:32 +0000: Memory Usage (139908K) : lbe_drw has 0 polygons
2026-08-20 08:55:32 +0000: Memory Usage (139908K) : alcustop_drw has 0 polygons
2026-08-20 08:55:32 +0000: Memory Usage (139908K) : nometfiller_drw has 0 polygons
2026-08-20 08:55:32 +0000: Memory Usage (140036K) : prboundary_drw has 0 polygons
2026-08-20 08:55:32 +0000: Memory Usage (140036K) : exchange0_drw has 0 polygons
2026-08-20 08:55:32 +0000: Memory Usage (140036K) : exchange0_pin has 0 polygons
2026-08-20 08:55:32 +0000: Memory Usage (140036K) : exchange0_text has 0 polygons
2026-08-20 08:55:32 +0000: Memory Usage (140036K) : exchange1_drw has 0 polygons
2026-08-20 08:55:32 +0000: Memory Usage (140036K) : exchange1_pin has 0 polygons
2026-08-20 08:55:32 +0000: Memory Usage (140036K) : exchange1_text has 0 polygons
2026-08-20 08:55:32 +0000: Memory Usage (140036K) : exchange2_drw has 0 polygons
2026-08-20 08:55:32 +0000: Memory Usage (140036K) : exchange2_pin has 0 polygons
2026-08-20 08:55:32 +0000: Memory Usage (140036K) : exchange2_text has 0 polygons
2026-08-20 08:55:32 +0000: Memory Usage (140036K) : exchange3_drw has 0 polygons
2026-08-20 08:55:32 +0000: Memory Usage (140036K) : exchange3_pin has 0 polygons
2026-08-20 08:55:32 +0000: Memory Usage (140036K) : exchange3_text has 0 polygons
2026-08-20 08:55:32 +0000: Memory Usage (140036K) : exchange4_drw has 0 polygons
2026-08-20 08:55:32 +0000: Memory Usage (140036K) : exchange4_pin has 0 polygons
2026-08-20 08:55:32 +0000: Memory Usage (140036K) : exchange4_text has 0 polygons
2026-08-20 08:55:32 +0000: Memory Usage (140036K) : isonwell_drw has 0 polygons
2026-08-20 08:55:32 +0000: Memory Usage (140036K) : Total no. of polygons in the design is 8354
2026-08-20 08:55:32 +0000: Memory Usage (140036K) : Starting base layers derivations
2026-08-20 08:55:32 +0000: Memory Usage (140036K) : Starting general LVS derivations
2026-08-20 08:55:32 +0000: Memory Usage (143448K) : Starting MOSFET DERIVATIONS
2026-08-20 08:55:32 +0000: Memory Usage (144088K) : Starting NMOS DERIVATIONS
2026-08-20 08:55:32 +0000: Memory Usage (144088K) : Starting PMOS DERIVATIONS
2026-08-20 08:55:32 +0000: Memory Usage (144088K) : Starting RF-MOSFET DERIVATIONS
2026-08-20 08:55:32 +0000: Memory Usage (144088K) : Starting RF-NMOS DERIVATIONS
2026-08-20 08:55:32 +0000: Memory Usage (144088K) : Starting RF-PMOS DERIVATIONS
2026-08-20 08:55:32 +0000: Memory Usage (144088K) : Starting BJT DERIVATIONS
2026-08-20 08:55:32 +0000: Memory Usage (144088K) : Starting NPN-BJT DERIVATIONS
2026-08-20 08:55:32 +0000: Memory Usage (144088K) : Starting PNP-BJT DERIVATIONS
2026-08-20 08:55:32 +0000: Memory Usage (144088K) : Starting DIODE DERIVATIONS
2026-08-20 08:55:32 +0000: Memory Usage (144088K) : Starting RESISTOR DERIVATIONS
2026-08-20 08:55:32 +0000: Memory Usage (144472K) : Starting CAP DERIVATIONS
2026-08-20 08:55:32 +0000: Memory Usage (144472K) : Starting CAP_CMOM DERIVATIONS
2026-08-20 08:55:32 +0000: Memory Usage (144472K) : Starting CAP_CMOMF DERIVATIONS
2026-08-20 08:55:32 +0000: Memory Usage (144472K) : Starting ESD DERIVATIONS
2026-08-20 08:55:32 +0000: Memory Usage (144600K) : Starting Inductor DERIVATIONS
2026-08-20 08:55:32 +0000: Memory Usage (144600K) : Starting Taps DERIVATIONS
2026-08-20 08:55:33 +0000: Memory Usage (144600K) : Starting SG13G2 LVS connectivity setup
2026-08-20 08:55:33 +0000: Memory Usage (144600K) : Starting SG13G2 LVS connectivity setup (Inter-layer)
2026-08-20 08:55:33 +0000: Memory Usage (144728K) : Starting SG13G2 LVS connectivity setup (Global)
2026-08-20 08:55:33 +0000: Memory Usage (144728K) : Starting LVS MOSFET CONNECTIONS
2026-08-20 08:55:33 +0000: Memory Usage (144728K) : Starting LVS RF-MOSFET CONNECTIONS
2026-08-20 08:55:33 +0000: Memory Usage (144728K) : Starting LVS BJT CONNECTIONS
2026-08-20 08:55:33 +0000: Memory Usage (144728K) : Starting LVS DIODE CONNECTIONS
2026-08-20 08:55:33 +0000: Memory Usage (144728K) : Starting RESISTOR CONNECTIONS
2026-08-20 08:55:33 +0000: Memory Usage (144728K) : Starting LVS CAP CONNECTIONS
2026-08-20 08:55:33 +0000: Memory Usage (144728K) : Starting CAP_CMOM CONNECTIONS
2026-08-20 08:55:33 +0000: Memory Usage (144728K) : Starting CAP_CMOMF CONNECTIONS
2026-08-20 08:55:33 +0000: Memory Usage (144728K) : Starting ESD CONNECTIONS
2026-08-20 08:55:33 +0000: Memory Usage (144728K) : Starting Inductor CONNECTIONS
2026-08-20 08:55:33 +0000: Memory Usage (144728K) : Starting LVS Taps CONNECTIONS
2026-08-20 08:55:33 +0000: Memory Usage (144728K) : Starting SG13G2 LVS DEVICES EXTRACTION
2026-08-20 08:55:33 +0000: Memory Usage (144728K) : Starting MOSFET EXTRACTION
2026-08-20 08:55:33 +0000: Memory Usage (144728K) : Starting NMOS EXTRACTION
2026-08-20 08:55:33 +0000: Memory Usage (144728K) : Extraction of NMOS-LV transistor
2026-08-20 08:55:33 +0000: Memory Usage (144728K) : Extraction of NMOS-HV transistor
2026-08-20 08:55:33 +0000: Memory Usage (144728K) : Starting PMOS EXTRACTION
2026-08-20 08:55:33 +0000: Memory Usage (144728K) : Extraction of PMOS-LV transistor
2026-08-20 08:55:33 +0000: Memory Usage (144728K) : Extraction of PMOS-HV transistor
2026-08-20 08:55:33 +0000: Memory Usage (144728K) : Starting RF-MOSFET EXTRACTION
2026-08-20 08:55:33 +0000: Memory Usage (144728K) : Extraction of RF-NMOS-LV transistor
2026-08-20 08:55:33 +0000: Memory Usage (144728K) : Extraction of RF-NMOS-HV transistor
2026-08-20 08:55:33 +0000: Memory Usage (144728K) : Extraction of RF-PMOS-LV transistor
2026-08-20 08:55:33 +0000: Memory Usage (144728K) : Extraction of RF-PMOS-HV transistor
2026-08-20 08:55:33 +0000: Memory Usage (144728K) : Starting BJT EXTRACTION
2026-08-20 08:55:33 +0000: Memory Usage (144728K) : Starting NPN-BJT EXTRACTION
2026-08-20 08:55:33 +0000: Memory Usage (144728K) : Extraction of npn13G2 BJT transistor
2026-08-20 08:55:33 +0000: Memory Usage (144728K) : Extraction of npn13G2L BJT transistor
2026-08-20 08:55:33 +0000: Memory Usage (144728K) : Extraction of npn13G2V BJT transistor
2026-08-20 08:55:33 +0000: Memory Usage (144728K) : Starting PNP-BJT EXTRACTION
2026-08-20 08:55:33 +0000: Memory Usage (144728K) : Extracting pnpMPA BJT
2026-08-20 08:55:33 +0000: Memory Usage (144728K) : Starting DIODE EXTRACTION
2026-08-20 08:55:33 +0000: Memory Usage (144728K) : Extracting dantenna diode
2026-08-20 08:55:33 +0000: Memory Usage (144728K) : Extracting dpantenna diode
2026-08-20 08:55:33 +0000: Memory Usage (144728K) : Extracting schottky_nbl1 diode
2026-08-20 08:55:33 +0000: Memory Usage (144728K) : Extracting isolbox diode
2026-08-20 08:55:33 +0000: Memory Usage (144728K) : Starting RESISTOR EXTRACTION
2026-08-20 08:55:33 +0000: Memory Usage (144728K) : Extracting rsil resistor
2026-08-20 08:55:33 +0000: Memory Usage (144856K) : Extracting rppd resistor
2026-08-20 08:55:33 +0000: Memory Usage (144984K) : Extracting rhigh resistor
2026-08-20 08:55:33 +0000: Memory Usage (144984K) : Extracting res_metal1 resistor
2026-08-20 08:55:33 +0000: Memory Usage (145112K) : Extracting res_metal2 resistor
2026-08-20 08:55:33 +0000: Memory Usage (145112K) : Extracting res_metal3 resistor
2026-08-20 08:55:33 +0000: Memory Usage (145112K) : Extracting res_metal4 resistor
2026-08-20 08:55:33 +0000: Memory Usage (145112K) : Extracting res_metal5 resistor
2026-08-20 08:55:33 +0000: Memory Usage (145112K) : Extracting res_topmetal1 resistor
2026-08-20 08:55:33 +0000: Memory Usage (145112K) : Extracting res_topmetal2 resistor
2026-08-20 08:55:33 +0000: Memory Usage (145112K) : Starting CAP EXTRACTION
2026-08-20 08:55:33 +0000: Memory Usage (145112K) : Extracting cap_cmim device
2026-08-20 08:55:33 +0000: Memory Usage (145112K) : Extracting rfcmim device
2026-08-20 08:55:33 +0000: Memory Usage (145112K) : Extracting sg13_hv_svaricap varactor
2026-08-20 08:55:33 +0000: Memory Usage (145112K) : Extracting cap_cmomi device
2026-08-20 08:55:33 +0000: Memory Usage (145112K) : Extracting cap_cmomf device
2026-08-20 08:55:33 +0000: Memory Usage (145112K) : Extracting sg13_moscap_n capacitor
2026-08-20 08:55:33 +0000: Memory Usage (145112K) : Extracting sg13_moscap_p capacitor
2026-08-20 08:55:33 +0000: Memory Usage (145112K) : Starting ESD EXTRACTION
2026-08-20 08:55:33 +0000: Memory Usage (145112K) : Extracting diodevdd_2kv ESD device
2026-08-20 08:55:33 +0000: Memory Usage (145112K) : Extracting diodevdd_4kv ESD device
2026-08-20 08:55:33 +0000: Memory Usage (145112K) : Extracting diodevss_2kv ESD device
2026-08-20 08:55:33 +0000: Memory Usage (145112K) : Extracting diodevss_4kv ESD device
2026-08-20 08:55:33 +0000: Memory Usage (145112K) : Extracting idiodevdd_2kv ESD device
2026-08-20 08:55:33 +0000: Memory Usage (145112K) : Extracting idiodevdd_4kv ESD device
2026-08-20 08:55:33 +0000: Memory Usage (145112K) : Extracting idiodevss_2kv ESD device
2026-08-20 08:55:33 +0000: Memory Usage (145112K) : Extracting idiodevss_4kv ESD device
2026-08-20 08:55:33 +0000: Memory Usage (145112K) : Extracting nmoscl_2 ESD device
2026-08-20 08:55:33 +0000: Memory Usage (145112K) : Extracting nmoscl_4 ESD device
2026-08-20 08:55:33 +0000: Memory Usage (145112K) : Starting Inductor EXTRACTION
2026-08-20 08:55:33 +0000: Memory Usage (145112K) : Extracting Inductor2 device
2026-08-20 08:55:33 +0000: Memory Usage (145112K) : Extracting Inductor3 device
2026-08-20 08:55:33 +0000: Memory Usage (145112K) : Starting Taps EXTRACTION
2026-08-20 08:55:33 +0000: Memory Usage (145112K) : DISABLE_TAP_EXTRACTION is enabled: skipping ntap1/ptap1 device extraction.
2026-08-20 08:55:33 +0000: Memory Usage (145112K) : Starting SG13G2 LVS RF MOS Model Mapping
2026-08-20 08:55:33 +0000: Memory Usage (145112K) : [layout_netlist] Apply RF MOS model mapping and rfmode parameter.
2026-08-20 08:55:33 +0000: Memory Usage (145112K) : Starting SG13G2 LVS Options Preparations
2026-08-20 08:55:33 +0000: Memory Usage (145112K) : SG13G2 LVS flow: extraction -> alignment -> option preparation -> comparison.
2026-08-20 08:55:33 +0000: Memory Usage (145112K) : Starting SG13G2 LVS Alignment
2026-08-20 08:55:33 +0000: Memory Usage (145112K) : Starting SG13G2 LVS Simplification
2026-08-20 08:55:33 +0000: Memory Usage (145112K) : [layout_netlist] simplify: ENABLED
2026-08-20 08:55:33 +0000: Memory Usage (145112K) : [layout_netlist] make_top_level_pins: SKIPPED
2026-08-20 08:55:33 +0000: Memory Usage (145112K) : [layout_netlist] combine_devices: SKIPPED
2026-08-20 08:55:33 +0000: Memory Usage (145112K) : [layout_netlist] purge: SKIPPED
2026-08-20 08:55:33 +0000: Memory Usage (145112K) : [layout_netlist] purge_nets: SKIPPED
2026-08-20 08:55:33 +0000: Memory Usage (145112K) : [schematic_netlist] simplify: ENABLED
2026-08-20 08:55:33 +0000: Memory Usage (145112K) : [schematic_netlist] make_top_level_pins: SKIPPED
2026-08-20 08:55:33 +0000: Memory Usage (145112K) : [schematic_netlist] combine_devices: SKIPPED
2026-08-20 08:55:33 +0000: Memory Usage (145112K) : [schematic_netlist] purge: SKIPPED
2026-08-20 08:55:33 +0000: Memory Usage (145112K) : [schematic_netlist] purge_nets: SKIPPED
2026-08-20 08:55:33 +0000: Memory Usage (145112K) : Starting SG13G2 LVS Comparison
2026-08-20 08:55:33 +0000: Memory Usage (145240K) : xxxxxxxxxxxxxxxxxxxxxxxxxxxxxxxxxxxxxxxxxx
2026-08-20 08:55:33 +0000: Memory Usage (145240K) : ERROR : Netlists don't match
2026-08-20 08:55:33 +0000: Memory Usage (145240K) : xxxxxxxxxxxxxxxxxxxxxxxxxxxxxxxxxxxxxxxxxx
2026-08-20 08:55:33 +0000: Memory Usage (145240K) : LVS Total Run time 0.802435 seconds
2026-08-20 09:00:16 +0000: Memory Usage (128808K) : Starting running SG13G2 Klayout LVS runset on /workspace/layout/blocks/out/term_stage/_bisect/pads_esd.gds
2026-08-20 09:00:16 +0000: Memory Usage (128808K) : Ruby Version for klayout: 3.2.3
2026-08-20 09:00:16 +0000: Memory Usage (129952K) : Loading database to memory is complete.
2026-08-20 09:00:16 +0000: Memory Usage (129952K) : SG13G2 Klayout LVS runset output at: /workspace/layout/blocks/out/term_stage/_bisect/pads_esd/pads_esd.lvsdb
2026-08-20 09:00:16 +0000: Memory Usage (129952K) : Evaluate switches.
2026-08-20 09:00:16 +0000: Memory Usage (129952K) : Extracted netlist with net names: true
2026-08-20 09:00:16 +0000: Memory Usage (129952K) : Extracted netlist with comments in details: false
2026-08-20 09:00:16 +0000: Memory Usage (129952K) : Selected NET_ONLY option: false
2026-08-20 09:00:16 +0000: Memory Usage (129952K) : Selected LAYOUT_NETLIST option: (none)
2026-08-20 09:00:16 +0000: Memory Usage (129952K) : Selected IGNORE_TOP_PORTS_MISMATCH option: true
2026-08-20 09:00:16 +0000: Memory Usage (129952K) : Selected IMPLICIT_NETS option: sub,sub!
2026-08-20 09:00:16 +0000: Memory Usage (129952K) : Selected TOP_LVL_PINS option: false
2026-08-20 09:00:16 +0000: Memory Usage (129952K) : Selected COMBINE DEVICES option: false
2026-08-20 09:00:16 +0000: Memory Usage (129952K) : Selected PURGE option: false
2026-08-20 09:00:16 +0000: Memory Usage (129952K) : Selected PURGE_NETS option: false
2026-08-20 09:00:16 +0000: Memory Usage (129952K) : Selected SIMPLIFY option: true
2026-08-20 09:00:16 +0000: Memory Usage (129952K) : Selected SERIES_RES option: true
2026-08-20 09:00:16 +0000: Memory Usage (129952K) : Selected PARALLEL_RES option: true
2026-08-20 09:00:16 +0000: Memory Usage (129952K) : Selected DISABLE_TAP_EXTRACTION option: true
2026-08-20 09:00:16 +0000: Memory Usage (129952K) : deep  mode is enabled.
2026-08-20 09:00:16 +0000: Memory Usage (129952K) : Applying implicit connections (case-sensitive, pattern supported) for nets: sub, sub!
2026-08-20 09:00:16 +0000: Memory Usage (131008K) : Netlist file: /workspace/layout/blocks/out/term_stage/_bisect/pads_esd.cdl
2026-08-20 09:00:16 +0000: Memory Usage (131008K) : LVS extracted netlist at: /workspace/layout/blocks/out/term_stage/_bisect/pads_esd/pads_esd_extracted.cir
2026-08-20 09:00:16 +0000: Memory Usage (131008K) : Applying SRAM integration support.
2026-08-20 09:00:16 +0000: Memory Usage (131008K) : Starting SG13G2 LVS runset
2026-08-20 09:00:16 +0000: Memory Usage (131008K) : Read in polygons from layers.
2026-08-20 09:00:16 +0000: Memory Usage (132576K) : activ_drw has 24 polygons
2026-08-20 09:00:16 +0000: Memory Usage (132576K) : activ_filler has 0 polygons
2026-08-20 09:00:16 +0000: Memory Usage (132832K) : activ has 24 polygons
2026-08-20 09:00:16 +0000: Memory Usage (132832K) : activ_pin has 0 polygons
2026-08-20 09:00:16 +0000: Memory Usage (132832K) : activ_mask has 0 polygons
2026-08-20 09:00:16 +0000: Memory Usage (132832K) : activ_nofill has 0 polygons
2026-08-20 09:00:16 +0000: Memory Usage (132832K) : activ_OPC has 0 polygons
2026-08-20 09:00:16 +0000: Memory Usage (132832K) : activ_iOPC has 0 polygons
2026-08-20 09:00:16 +0000: Memory Usage (132832K) : activ_noqrc has 0 polygons
2026-08-20 09:00:16 +0000: Memory Usage (132832K) : biwind_drw has 0 polygons
2026-08-20 09:00:16 +0000: Memory Usage (132832K) : biwind_OPC has 0 polygons
2026-08-20 09:00:16 +0000: Memory Usage (132832K) : gatpoly_drw has 0 polygons
2026-08-20 09:00:16 +0000: Memory Usage (132832K) : gatpoly_filler has 0 polygons
2026-08-20 09:00:16 +0000: Memory Usage (132832K) : gatpoly has 0 polygons
2026-08-20 09:00:16 +0000: Memory Usage (132920K) : gatpoly_pin has 0 polygons
2026-08-20 09:00:16 +0000: Memory Usage (133432K) : gatpoly_nofill has 0 polygons
2026-08-20 09:00:16 +0000: Memory Usage (133432K) : gatpoly_OPC has 0 polygons
2026-08-20 09:00:16 +0000: Memory Usage (133432K) : gatpoly_iOPC has 0 polygons
2026-08-20 09:00:16 +0000: Memory Usage (133432K) : gatpoly_noqrc has 0 polygons
2026-08-20 09:00:16 +0000: Memory Usage (133432K) : cont_drw has 4316 polygons
2026-08-20 09:00:16 +0000: Memory Usage (133432K) : cont_OPC has 0 polygons
2026-08-20 09:00:16 +0000: Memory Usage (133432K) : nsd_drw has 0 polygons
2026-08-20 09:00:16 +0000: Memory Usage (133432K) : nsd_block has 0 polygons
2026-08-20 09:00:16 +0000: Memory Usage (133432K) : metal1_drw has 24 polygons
2026-08-20 09:00:16 +0000: Memory Usage (133432K) : metal1_filler has 0 polygons
2026-08-20 09:00:16 +0000: Memory Usage (133432K) : metal1_slit has 0 polygons
2026-08-20 09:00:16 +0000: Memory Usage (133560K) : metal1 has 24 polygons
2026-08-20 09:00:16 +0000: Memory Usage (133560K) : metal1_pin has 4 polygons
2026-08-20 09:00:16 +0000: Memory Usage (133560K) : metal1_mask has 0 polygons
2026-08-20 09:00:16 +0000: Memory Usage (133560K) : metal1_nofill has 0 polygons
2026-08-20 09:00:16 +0000: Memory Usage (133688K) : metal1_text has 0 polygons
2026-08-20 09:00:16 +0000: Memory Usage (133688K) : metal1_OPC has 0 polygons
2026-08-20 09:00:16 +0000: Memory Usage (133688K) : metal1_noqrc has 0 polygons
2026-08-20 09:00:16 +0000: Memory Usage (133688K) : metal1_res has 0 polygons
2026-08-20 09:00:16 +0000: Memory Usage (133688K) : metal1_iprobe has 0 polygons
2026-08-20 09:00:16 +0000: Memory Usage (133816K) : metal1_diffprb has 0 polygons
2026-08-20 09:00:16 +0000: Memory Usage (133816K) : passiv_drw has 2 polygons
2026-08-20 09:00:16 +0000: Memory Usage (133816K) : passiv_pin has 0 polygons
2026-08-20 09:00:16 +0000: Memory Usage (133944K) : passiv_sbump has 0 polygons
2026-08-20 09:00:16 +0000: Memory Usage (133944K) : passiv_pillar has 0 polygons
2026-08-20 09:00:16 +0000: Memory Usage (134072K) : passiv_pdl has 0 polygons
2026-08-20 09:00:16 +0000: Memory Usage (134072K) : metal2_drw has 20 polygons
2026-08-20 09:00:16 +0000: Memory Usage (134072K) : metal2_filler has 0 polygons
2026-08-20 09:00:16 +0000: Memory Usage (134200K) : metal2_slit has 0 polygons
2026-08-20 09:00:16 +0000: Memory Usage (134200K) : metal2 has 20 polygons
2026-08-20 09:00:16 +0000: Memory Usage (134200K) : metal2_pin has 8 polygons
2026-08-20 09:00:16 +0000: Memory Usage (134328K) : metal2_mask has 0 polygons
2026-08-20 09:00:16 +0000: Memory Usage (134328K) : metal2_nofill has 0 polygons
2026-08-20 09:00:16 +0000: Memory Usage (134328K) : metal2_text has 0 polygons
2026-08-20 09:00:16 +0000: Memory Usage (134456K) : metal2_OPC has 0 polygons
2026-08-20 09:00:16 +0000: Memory Usage (134456K) : metal2_noqrc has 0 polygons
2026-08-20 09:00:16 +0000: Memory Usage (134456K) : metal2_res has 0 polygons
2026-08-20 09:00:16 +0000: Memory Usage (134584K) : metal2_iprobe has 0 polygons
2026-08-20 09:00:16 +0000: Memory Usage (134584K) : metal2_diffprb has 0 polygons
2026-08-20 09:00:16 +0000: Memory Usage (134584K) : baspoly_drw has 0 polygons
2026-08-20 09:00:16 +0000: Memory Usage (134712K) : baspoly_pin has 0 polygons
2026-08-20 09:00:16 +0000: Memory Usage (134712K) : psd_drw has 12 polygons
2026-08-20 09:00:16 +0000: Memory Usage (134712K) : nldb_drw has 0 polygons
2026-08-20 09:00:16 +0000: Memory Usage (134712K) : digibnd_drw has 0 polygons
2026-08-20 09:00:16 +0000: Memory Usage (134840K) : via1_drw has 864 polygons
2026-08-20 09:00:16 +0000: Memory Usage (134840K) : backmetal1_drw has 0 polygons
2026-08-20 09:00:16 +0000: Memory Usage (134840K) : backmetal1_pin has 0 polygons
2026-08-20 09:00:16 +0000: Memory Usage (134840K) : backmetal1_mask has 0 polygons
2026-08-20 09:00:16 +0000: Memory Usage (134968K) : backmetal1_filler has 0 polygons
2026-08-20 09:00:16 +0000: Memory Usage (134968K) : backmetal1_nofill has 0 polygons
2026-08-20 09:00:16 +0000: Memory Usage (134968K) : backmetal1_slit has 0 polygons
2026-08-20 09:00:16 +0000: Memory Usage (134968K) : backmetal1_text has 0 polygons
2026-08-20 09:00:16 +0000: Memory Usage (135096K) : backmetal1_OPC has 0 polygons
2026-08-20 09:00:16 +0000: Memory Usage (135096K) : backmetal1_noqrc has 0 polygons
2026-08-20 09:00:16 +0000: Memory Usage (135096K) : backmetal1_res has 0 polygons
2026-08-20 09:00:16 +0000: Memory Usage (135096K) : backmetal1_iprobe has 0 polygons
2026-08-20 09:00:16 +0000: Memory Usage (135224K) : backmetal1_diffprb has 0 polygons
2026-08-20 09:00:16 +0000: Memory Usage (135224K) : backpassiv_drw has 0 polygons
2026-08-20 09:00:16 +0000: Memory Usage (135224K) : res_drw has 0 polygons
2026-08-20 09:00:16 +0000: Memory Usage (135224K) : sram_drw has 0 polygons
2026-08-20 09:00:16 +0000: Memory Usage (135352K) : trans_drw has 0 polygons
2026-08-20 09:00:16 +0000: Memory Usage (135352K) : ind_drw has 0 polygons
2026-08-20 09:00:16 +0000: Memory Usage (135352K) : ind_pin has 0 polygons
2026-08-20 09:00:16 +0000: Memory Usage (135352K) : ind_text has 0 polygons
2026-08-20 09:00:16 +0000: Memory Usage (135480K) : salblock_drw has 0 polygons
2026-08-20 09:00:16 +0000: Memory Usage (135480K) : via2_drw has 16 polygons
2026-08-20 09:00:16 +0000: Memory Usage (135480K) : metal3_drw has 8 polygons
2026-08-20 09:00:16 +0000: Memory Usage (135480K) : metal3_filler has 0 polygons
2026-08-20 09:00:16 +0000: Memory Usage (135608K) : metal3_slit has 0 polygons
2026-08-20 09:00:16 +0000: Memory Usage (135608K) : metal3 has 8 polygons
2026-08-20 09:00:16 +0000: Memory Usage (135608K) : metal3_pin has 0 polygons
2026-08-20 09:00:16 +0000: Memory Usage (135736K) : metal3_mask has 0 polygons
2026-08-20 09:00:16 +0000: Memory Usage (135736K) : metal3_nofill has 0 polygons
2026-08-20 09:00:16 +0000: Memory Usage (135736K) : metal3_text has 0 polygons
2026-08-20 09:00:16 +0000: Memory Usage (135736K) : metal3_OPC has 0 polygons
2026-08-20 09:00:16 +0000: Memory Usage (135864K) : metal3_noqrc has 0 polygons
2026-08-20 09:00:16 +0000: Memory Usage (135864K) : metal3_res has 0 polygons
2026-08-20 09:00:16 +0000: Memory Usage (135864K) : metal3_iprobe has 0 polygons
2026-08-20 09:00:16 +0000: Memory Usage (135864K) : metal3_diffprb has 0 polygons
2026-08-20 09:00:16 +0000: Memory Usage (135992K) : nwell_drw has 10 polygons
2026-08-20 09:00:16 +0000: Memory Usage (135992K) : nwell_pin has 0 polygons
2026-08-20 09:00:16 +0000: Memory Usage (135992K) : nwell_text has 0 polygons
2026-08-20 09:00:16 +0000: Memory Usage (135992K) : nbulay_drw has 0 polygons
2026-08-20 09:00:16 +0000: Memory Usage (136120K) : nbulay_pin has 0 polygons
2026-08-20 09:00:16 +0000: Memory Usage (136120K) : nbulay_block has 0 polygons
2026-08-20 09:00:16 +0000: Memory Usage (136120K) : emwind_drw has 0 polygons
2026-08-20 09:00:16 +0000: Memory Usage (136120K) : emwind_OPC has 0 polygons
2026-08-20 09:00:16 +0000: Memory Usage (136120K) : deepco_drw has 0 polygons
2026-08-20 09:00:16 +0000: Memory Usage (136120K) : mim_drw has 0 polygons
2026-08-20 09:00:16 +0000: Memory Usage (136120K) : edgeseal_drw has 0 polygons
2026-08-20 09:00:16 +0000: Memory Usage (136120K) : substrate_drw has 0 polygons
2026-08-20 09:00:16 +0000: Memory Usage (136120K) : substrate_text has 0 polygons
2026-08-20 09:00:16 +0000: Memory Usage (136120K) : dfpad_drw has 2 polygons
2026-08-20 09:00:16 +0000: Memory Usage (136120K) : dfpad_pillar has 0 polygons
2026-08-20 09:00:16 +0000: Memory Usage (136120K) : dfpad_sbump has 0 polygons
2026-08-20 09:00:16 +0000: Memory Usage (136120K) : thickgateox_drw has 0 polygons
2026-08-20 09:00:16 +0000: Memory Usage (136120K) : pldb_drw has 0 polygons
2026-08-20 09:00:16 +0000: Memory Usage (136120K) : pwell_drw has 0 polygons
2026-08-20 09:00:16 +0000: Memory Usage (136248K) : pwell_pin has 0 polygons
2026-08-20 09:00:16 +0000: Memory Usage (136248K) : pwell_block has 0 polygons
2026-08-20 09:00:16 +0000: Memory Usage (136248K) : ic_drw has 0 polygons
2026-08-20 09:00:16 +0000: Memory Usage (136248K) : via3_drw has 992 polygons
2026-08-20 09:00:16 +0000: Memory Usage (136248K) : metal4_drw has 10 polygons
2026-08-20 09:00:16 +0000: Memory Usage (136248K) : metal4_filler has 0 polygons
2026-08-20 09:00:16 +0000: Memory Usage (136376K) : metal4_slit has 0 polygons
2026-08-20 09:00:16 +0000: Memory Usage (136376K) : metal4 has 10 polygons
2026-08-20 09:00:16 +0000: Memory Usage (136376K) : metal4_pin has 0 polygons
2026-08-20 09:00:16 +0000: Memory Usage (136376K) : metal4_mask has 0 polygons
2026-08-20 09:00:16 +0000: Memory Usage (136376K) : metal4_nofill has 0 polygons
2026-08-20 09:00:16 +0000: Memory Usage (136504K) : metal4_text has 4 polygons
2026-08-20 09:00:16 +0000: Memory Usage (136504K) : metal4_OPC has 0 polygons
2026-08-20 09:00:16 +0000: Memory Usage (136504K) : metal4_noqrc has 0 polygons
2026-08-20 09:00:16 +0000: Memory Usage (136504K) : metal4_res has 0 polygons
2026-08-20 09:00:16 +0000: Memory Usage (136504K) : metal4_iprobe has 0 polygons
2026-08-20 09:00:16 +0000: Memory Usage (136504K) : metal4_diffprb has 0 polygons
2026-08-20 09:00:16 +0000: Memory Usage (136632K) : heattrans_drw has 0 polygons
2026-08-20 09:00:16 +0000: Memory Usage (136632K) : heatres_drw has 0 polygons
2026-08-20 09:00:16 +0000: Memory Usage (136632K) : fbe_drw has 0 polygons
2026-08-20 09:00:16 +0000: Memory Usage (136632K) : empoly_drw has 0 polygons
2026-08-20 09:00:16 +0000: Memory Usage (136632K) : digisub_drw has 0 polygons
2026-08-20 09:00:16 +0000: Memory Usage (136632K) : text_drw has 16 polygons
2026-08-20 09:00:16 +0000: Memory Usage (136632K) : via4_drw has 992 polygons
2026-08-20 09:00:16 +0000: Memory Usage (136760K) : metal5_drw has 20 polygons
2026-08-20 09:00:16 +0000: Memory Usage (136760K) : metal5_filler has 0 polygons
2026-08-20 09:00:16 +0000: Memory Usage (136760K) : metal5_slit has 0 polygons
2026-08-20 09:00:16 +0000: Memory Usage (136760K) : metal5 has 20 polygons
2026-08-20 09:00:16 +0000: Memory Usage (136760K) : metal5_pin has 0 polygons
2026-08-20 09:00:16 +0000: Memory Usage (136760K) : metal5_mask has 0 polygons
2026-08-20 09:00:16 +0000: Memory Usage (136888K) : metal5_nofill has 0 polygons
2026-08-20 09:00:16 +0000: Memory Usage (136888K) : metal5_text has 0 polygons
2026-08-20 09:00:16 +0000: Memory Usage (136888K) : metal5_OPC has 0 polygons
2026-08-20 09:00:16 +0000: Memory Usage (136888K) : metal5_noqrc has 0 polygons
2026-08-20 09:00:16 +0000: Memory Usage (136888K) : metal5_res has 0 polygons
2026-08-20 09:00:16 +0000: Memory Usage (136888K) : metal5_iprobe has 0 polygons
2026-08-20 09:00:16 +0000: Memory Usage (136888K) : metal5_diffprb has 0 polygons
2026-08-20 09:00:16 +0000: Memory Usage (137016K) : radhard_drw has 0 polygons
2026-08-20 09:00:16 +0000: Memory Usage (137016K) : memcap_drw has 0 polygons
2026-08-20 09:00:16 +0000: Memory Usage (137016K) : varicap_drw has 0 polygons
2026-08-20 09:00:16 +0000: Memory Usage (137016K) : intbondvia_drw has 0 polygons
2026-08-20 09:00:16 +0000: Memory Usage (137016K) : intbondmet_drw has 0 polygons
2026-08-20 09:00:16 +0000: Memory Usage (137144K) : devbondvia_drw has 0 polygons
2026-08-20 09:00:16 +0000: Memory Usage (137144K) : devbondmet_drw has 0 polygons
2026-08-20 09:00:16 +0000: Memory Usage (137144K) : devtrench_drw has 0 polygons
2026-08-20 09:00:16 +0000: Memory Usage (137144K) : redist_drw has 0 polygons
2026-08-20 09:00:16 +0000: Memory Usage (137144K) : graphbot_drw has 0 polygons
2026-08-20 09:00:16 +0000: Memory Usage (137144K) : graphtop_drw has 0 polygons
2026-08-20 09:00:16 +0000: Memory Usage (137272K) : antvia1_drw has 0 polygons
2026-08-20 09:00:16 +0000: Memory Usage (137272K) : antmetal2_drw has 0 polygons
2026-08-20 09:00:16 +0000: Memory Usage (137272K) : graphcont_drw has 0 polygons
2026-08-20 09:00:16 +0000: Memory Usage (137272K) : siwg_drw has 0 polygons
2026-08-20 09:00:16 +0000: Memory Usage (137272K) : siwg_filler has 0 polygons
2026-08-20 09:00:16 +0000: Memory Usage (137272K) : siwg_nofill has 0 polygons
2026-08-20 09:00:16 +0000: Memory Usage (137400K) : sigrating_drw has 0 polygons
2026-08-20 09:00:16 +0000: Memory Usage (137400K) : singrating_drw has 0 polygons
2026-08-20 09:00:16 +0000: Memory Usage (137400K) : graphpas_drw has 0 polygons
2026-08-20 09:00:16 +0000: Memory Usage (137400K) : emwind3_drw has 0 polygons
2026-08-20 09:00:16 +0000: Memory Usage (137400K) : emwihv3_drw has 0 polygons
2026-08-20 09:00:16 +0000: Memory Usage (137400K) : redbulay_drw has 0 polygons
2026-08-20 09:00:16 +0000: Memory Usage (137528K) : smos_drw has 0 polygons
2026-08-20 09:00:16 +0000: Memory Usage (137528K) : graphpad_drw has 0 polygons
2026-08-20 09:00:16 +0000: Memory Usage (137528K) : polimide_drw has 0 polygons
2026-08-20 09:00:16 +0000: Memory Usage (137528K) : polimide_pin has 0 polygons
2026-08-20 09:00:16 +0000: Memory Usage (137528K) : recog_drw has 0 polygons
2026-08-20 09:00:16 +0000: Memory Usage (137656K) : recog_pin has 0 polygons
2026-08-20 09:00:16 +0000: Memory Usage (137656K) : recog_esd has 4 polygons
2026-08-20 09:00:16 +0000: Memory Usage (137656K) : recog_diode has 0 polygons
2026-08-20 09:00:16 +0000: Memory Usage (137656K) : recog_tsv has 0 polygons
2026-08-20 09:00:16 +0000: Memory Usage (137656K) : recog_iprobe has 0 polygons
2026-08-20 09:00:16 +0000: Memory Usage (137656K) : recog_diffprb has 0 polygons
2026-08-20 09:00:16 +0000: Memory Usage (137784K) : recog_pillar has 0 polygons
2026-08-20 09:00:16 +0000: Memory Usage (137784K) : recog_sbump has 0 polygons
2026-08-20 09:00:16 +0000: Memory Usage (137784K) : recog_otp has 0 polygons
2026-08-20 09:00:16 +0000: Memory Usage (137784K) : recog_pdiode has 0 polygons
2026-08-20 09:00:16 +0000: Memory Usage (137784K) : recog_mom has 0 polygons
2026-08-20 09:00:16 +0000: Memory Usage (137784K) : recog_momf has 0 polygons
2026-08-20 09:00:16 +0000: Memory Usage (137912K) : recog_pcm has 0 polygons
2026-08-20 09:00:16 +0000: Memory Usage (137912K) : colopen_drw has 0 polygons
2026-08-20 09:00:16 +0000: Memory Usage (137912K) : graphmetal1_drw has 0 polygons
2026-08-20 09:00:16 +0000: Memory Usage (137912K) : graphmetal1_filler has 0 polygons
2026-08-20 09:00:16 +0000: Memory Usage (137912K) : graphmetal1_nofill has 0 polygons
2026-08-20 09:00:16 +0000: Memory Usage (138040K) : graphmetal1_slit has 0 polygons
2026-08-20 09:00:16 +0000: Memory Usage (138040K) : graphmetal1_OPC has 0 polygons
2026-08-20 09:00:16 +0000: Memory Usage (138040K) : graphmet1l_drw has 0 polygons
2026-08-20 09:00:16 +0000: Memory Usage (138040K) : graphmet1l_filler has 0 polygons
2026-08-20 09:00:16 +0000: Memory Usage (138040K) : graphmet1l_nofill has 0 polygons
2026-08-20 09:00:16 +0000: Memory Usage (138040K) : graphmet1l_slit has 0 polygons
2026-08-20 09:00:16 +0000: Memory Usage (138168K) : graphmet1l_OPC has 0 polygons
2026-08-20 09:00:16 +0000: Memory Usage (138168K) : extblock_drw has 0 polygons
2026-08-20 09:00:16 +0000: Memory Usage (138168K) : nldd_drw has 0 polygons
2026-08-20 09:00:16 +0000: Memory Usage (138168K) : pldd_drw has 0 polygons
2026-08-20 09:00:16 +0000: Memory Usage (138168K) : next_drw has 0 polygons
2026-08-20 09:00:16 +0000: Memory Usage (138168K) : pext_drw has 0 polygons
2026-08-20 09:00:16 +0000: Memory Usage (138296K) : nexthv_drw has 0 polygons
2026-08-20 09:00:16 +0000: Memory Usage (138296K) : pexthv_drw has 0 polygons
2026-08-20 09:00:16 +0000: Memory Usage (138296K) : graphgate_drw has 0 polygons
2026-08-20 09:00:16 +0000: Memory Usage (138296K) : sinwg_drw has 0 polygons
2026-08-20 09:00:16 +0000: Memory Usage (138296K) : sinwg_filler has 0 polygons
2026-08-20 09:00:16 +0000: Memory Usage (138296K) : sinwg_nofill has 0 polygons
2026-08-20 09:00:16 +0000: Memory Usage (138424K) : mempad_drw has 0 polygons
2026-08-20 09:00:16 +0000: Memory Usage (138424K) : topvia1_drw has 476 polygons
2026-08-20 09:00:16 +0000: Memory Usage (138424K) : topmetal1_drw has 8 polygons
2026-08-20 09:00:16 +0000: Memory Usage (138424K) : topmetal1_filler has 0 polygons
2026-08-20 09:00:16 +0000: Memory Usage (138424K) : topmetal1_slit has 0 polygons
2026-08-20 09:00:16 +0000: Memory Usage (138552K) : topmetal1 has 8 polygons
2026-08-20 09:00:16 +0000: Memory Usage (138552K) : topmetal1_pin has 0 polygons
2026-08-20 09:00:16 +0000: Memory Usage (138552K) : topmetal1_mask has 0 polygons
2026-08-20 09:00:16 +0000: Memory Usage (138552K) : topmetal1_nofill has 0 polygons
2026-08-20 09:00:16 +0000: Memory Usage (138552K) : topmetal1_text has 0 polygons
2026-08-20 09:00:16 +0000: Memory Usage (138552K) : topmetal1_noqrc has 0 polygons
2026-08-20 09:00:16 +0000: Memory Usage (138552K) : topmetal1_res has 0 polygons
2026-08-20 09:00:16 +0000: Memory Usage (138552K) : topmetal1_iprobe has 0 polygons
2026-08-20 09:00:16 +0000: Memory Usage (138680K) : topmetal1_diffprb has 0 polygons
2026-08-20 09:00:16 +0000: Memory Usage (138680K) : inldpwl_drw has 0 polygons
2026-08-20 09:00:16 +0000: Memory Usage (138680K) : polyres_drw has 0 polygons
2026-08-20 09:00:16 +0000: Memory Usage (138680K) : polyres_pin has 0 polygons
2026-08-20 09:00:16 +0000: Memory Usage (138680K) : vmim_drw has 0 polygons
2026-08-20 09:00:16 +0000: Memory Usage (138808K) : nbulaycut_drw has 0 polygons
2026-08-20 09:00:16 +0000: Memory Usage (138808K) : antmetal1_drw has 0 polygons
2026-08-20 09:00:16 +0000: Memory Usage (138808K) : topvia2_drw has 196 polygons
2026-08-20 09:00:16 +0000: Memory Usage (138808K) : topmetal2_drw has 6 polygons
2026-08-20 09:00:16 +0000: Memory Usage (138808K) : topmetal2_filler has 0 polygons
2026-08-20 09:00:16 +0000: Memory Usage (138808K) : topmetal2_slit has 0 polygons
2026-08-20 09:00:16 +0000: Memory Usage (138936K) : topmetal2 has 6 polygons
2026-08-20 09:00:16 +0000: Memory Usage (138936K) : topmetal2_pin has 0 polygons
2026-08-20 09:00:16 +0000: Memory Usage (138936K) : topmetal2_mask has 0 polygons
2026-08-20 09:00:16 +0000: Memory Usage (138936K) : topmetal2_nofill has 0 polygons
2026-08-20 09:00:16 +0000: Memory Usage (138936K) : topmetal2_text has 4 polygons
2026-08-20 09:00:16 +0000: Memory Usage (138936K) : topmetal2_noqrc has 0 polygons
2026-08-20 09:00:16 +0000: Memory Usage (139064K) : topmetal2_res has 0 polygons
2026-08-20 09:00:16 +0000: Memory Usage (139064K) : topmetal2_iprobe has 0 polygons
2026-08-20 09:00:16 +0000: Memory Usage (139064K) : topmetal2_diffprb has 0 polygons
2026-08-20 09:00:16 +0000: Memory Usage (139064K) : snsring_drw has 0 polygons
2026-08-20 09:00:16 +0000: Memory Usage (139192K) : sensor_drw has 0 polygons
2026-08-20 09:00:16 +0000: Memory Usage (139192K) : snsarms_drw has 0 polygons
2026-08-20 09:00:16 +0000: Memory Usage (139320K) : snscmosvia_drw has 0 polygons
2026-08-20 09:00:16 +0000: Memory Usage (139320K) : colwind_drw has 0 polygons
2026-08-20 09:00:16 +0000: Memory Usage (139320K) : flm_drw has 0 polygons
2026-08-20 09:00:16 +0000: Memory Usage (139320K) : hafniumox_drw has 0 polygons
2026-08-20 09:00:16 +0000: Memory Usage (139448K) : memvia_drw has 0 polygons
2026-08-20 09:00:16 +0000: Memory Usage (139448K) : thinfilmres_drw has 0 polygons
2026-08-20 09:00:16 +0000: Memory Usage (139448K) : rfmem_drw has 0 polygons
2026-08-20 09:00:16 +0000: Memory Usage (139576K) : norcx_drw has 0 polygons
2026-08-20 09:00:16 +0000: Memory Usage (139576K) : norcx_m2m3 has 0 polygons
2026-08-20 09:00:16 +0000: Memory Usage (139576K) : norcx_m2m4 has 0 polygons
2026-08-20 09:00:16 +0000: Memory Usage (139576K) : norcx_m2m5 has 0 polygons
2026-08-20 09:00:16 +0000: Memory Usage (139704K) : norcx_m2tm1 has 0 polygons
2026-08-20 09:00:16 +0000: Memory Usage (139704K) : norcx_m2tm2 has 0 polygons
2026-08-20 09:00:16 +0000: Memory Usage (139704K) : norcx_m3m4 has 0 polygons
2026-08-20 09:00:16 +0000: Memory Usage (139704K) : norcx_m3m5 has 0 polygons
2026-08-20 09:00:16 +0000: Memory Usage (139832K) : norcx_m3tm1 has 0 polygons
2026-08-20 09:00:16 +0000: Memory Usage (139832K) : norcx_m3tm2 has 0 polygons
2026-08-20 09:00:16 +0000: Memory Usage (139960K) : norcx_m4m5 has 0 polygons
2026-08-20 09:00:16 +0000: Memory Usage (139960K) : norcx_m4tm1 has 0 polygons
2026-08-20 09:00:16 +0000: Memory Usage (139960K) : norcx_m4tm2 has 0 polygons
2026-08-20 09:00:16 +0000: Memory Usage (139960K) : norcx_m5tm1 has 0 polygons
2026-08-20 09:00:16 +0000: Memory Usage (140088K) : norcx_m5tm2 has 0 polygons
2026-08-20 09:00:16 +0000: Memory Usage (140088K) : norcx_tm1tm2 has 0 polygons
2026-08-20 09:00:16 +0000: Memory Usage (140088K) : norcx_m1sub has 0 polygons
2026-08-20 09:00:16 +0000: Memory Usage (140088K) : norcx_m2sub has 0 polygons
2026-08-20 09:00:16 +0000: Memory Usage (140088K) : norcx_m3sub has 0 polygons
2026-08-20 09:00:16 +0000: Memory Usage (140088K) : norcx_m4sub has 0 polygons
2026-08-20 09:00:16 +0000: Memory Usage (140088K) : norcx_m5sub has 0 polygons
2026-08-20 09:00:16 +0000: Memory Usage (140088K) : norcx_tm1sub has 0 polygons
2026-08-20 09:00:16 +0000: Memory Usage (140088K) : norcx_tm2sub has 0 polygons
2026-08-20 09:00:16 +0000: Memory Usage (140088K) : snsbotvia_drw has 0 polygons
2026-08-20 09:00:16 +0000: Memory Usage (140088K) : snstopvia_drw has 0 polygons
2026-08-20 09:00:16 +0000: Memory Usage (140088K) : deepvia_drw has 0 polygons
2026-08-20 09:00:16 +0000: Memory Usage (140088K) : fgetch_drw has 0 polygons
2026-08-20 09:00:16 +0000: Memory Usage (140088K) : ctrgat_drw has 0 polygons
2026-08-20 09:00:16 +0000: Memory Usage (140088K) : fgimp_drw has 0 polygons
2026-08-20 09:00:16 +0000: Memory Usage (140088K) : emwihv_drw has 0 polygons
2026-08-20 09:00:16 +0000: Memory Usage (140088K) : lbe_drw has 0 polygons
2026-08-20 09:00:16 +0000: Memory Usage (140088K) : alcustop_drw has 0 polygons
2026-08-20 09:00:16 +0000: Memory Usage (140088K) : nometfiller_drw has 0 polygons
2026-08-20 09:00:16 +0000: Memory Usage (140088K) : prboundary_drw has 0 polygons
2026-08-20 09:00:16 +0000: Memory Usage (140088K) : exchange0_drw has 0 polygons
2026-08-20 09:00:16 +0000: Memory Usage (140088K) : exchange0_pin has 0 polygons
2026-08-20 09:00:16 +0000: Memory Usage (140088K) : exchange0_text has 0 polygons
2026-08-20 09:00:16 +0000: Memory Usage (140088K) : exchange1_drw has 0 polygons
2026-08-20 09:00:16 +0000: Memory Usage (140088K) : exchange1_pin has 0 polygons
2026-08-20 09:00:16 +0000: Memory Usage (140088K) : exchange1_text has 0 polygons
2026-08-20 09:00:16 +0000: Memory Usage (140088K) : exchange2_drw has 0 polygons
2026-08-20 09:00:16 +0000: Memory Usage (140088K) : exchange2_pin has 0 polygons
2026-08-20 09:00:16 +0000: Memory Usage (140088K) : exchange2_text has 0 polygons
2026-08-20 09:00:16 +0000: Memory Usage (140088K) : exchange3_drw has 0 polygons
2026-08-20 09:00:16 +0000: Memory Usage (140088K) : exchange3_pin has 0 polygons
2026-08-20 09:00:16 +0000: Memory Usage (140088K) : exchange3_text has 0 polygons
2026-08-20 09:00:16 +0000: Memory Usage (140088K) : exchange4_drw has 0 polygons
2026-08-20 09:00:16 +0000: Memory Usage (140088K) : exchange4_pin has 0 polygons
2026-08-20 09:00:16 +0000: Memory Usage (140088K) : exchange4_text has 0 polygons
2026-08-20 09:00:16 +0000: Memory Usage (140088K) : isonwell_drw has 0 polygons
2026-08-20 09:00:16 +0000: Memory Usage (140088K) : Total no. of polygons in the design is 8038
2026-08-20 09:00:16 +0000: Memory Usage (140088K) : Starting base layers derivations
2026-08-20 09:00:16 +0000: Memory Usage (140088K) : Starting general LVS derivations
2026-08-20 09:00:16 +0000: Memory Usage (143332K) : Starting MOSFET DERIVATIONS
2026-08-20 09:00:16 +0000: Memory Usage (144100K) : Starting NMOS DERIVATIONS
2026-08-20 09:00:16 +0000: Memory Usage (144100K) : Starting PMOS DERIVATIONS
2026-08-20 09:00:16 +0000: Memory Usage (144100K) : Starting RF-MOSFET DERIVATIONS
2026-08-20 09:00:16 +0000: Memory Usage (144100K) : Starting RF-NMOS DERIVATIONS
2026-08-20 09:00:16 +0000: Memory Usage (144100K) : Starting RF-PMOS DERIVATIONS
2026-08-20 09:00:16 +0000: Memory Usage (144100K) : Starting BJT DERIVATIONS
2026-08-20 09:00:16 +0000: Memory Usage (144100K) : Starting NPN-BJT DERIVATIONS
2026-08-20 09:00:16 +0000: Memory Usage (144100K) : Starting PNP-BJT DERIVATIONS
2026-08-20 09:00:16 +0000: Memory Usage (144100K) : Starting DIODE DERIVATIONS
2026-08-20 09:00:16 +0000: Memory Usage (144100K) : Starting RESISTOR DERIVATIONS
2026-08-20 09:00:16 +0000: Memory Usage (144100K) : Starting CAP DERIVATIONS
2026-08-20 09:00:16 +0000: Memory Usage (144100K) : Starting CAP_CMOM DERIVATIONS
2026-08-20 09:00:16 +0000: Memory Usage (144100K) : Starting CAP_CMOMF DERIVATIONS
2026-08-20 09:00:16 +0000: Memory Usage (144100K) : Starting ESD DERIVATIONS
2026-08-20 09:00:16 +0000: Memory Usage (144484K) : Starting Inductor DERIVATIONS
2026-08-20 09:00:16 +0000: Memory Usage (144484K) : Starting Taps DERIVATIONS
2026-08-20 09:00:16 +0000: Memory Usage (144484K) : Starting SG13G2 LVS connectivity setup
2026-08-20 09:00:16 +0000: Memory Usage (144484K) : Starting SG13G2 LVS connectivity setup (Inter-layer)
2026-08-20 09:00:16 +0000: Memory Usage (144612K) : Starting SG13G2 LVS connectivity setup (Global)
2026-08-20 09:00:16 +0000: Memory Usage (144612K) : Starting LVS MOSFET CONNECTIONS
2026-08-20 09:00:16 +0000: Memory Usage (144612K) : Starting LVS RF-MOSFET CONNECTIONS
2026-08-20 09:00:16 +0000: Memory Usage (144612K) : Starting LVS BJT CONNECTIONS
2026-08-20 09:00:16 +0000: Memory Usage (144612K) : Starting LVS DIODE CONNECTIONS
2026-08-20 09:00:16 +0000: Memory Usage (144612K) : Starting RESISTOR CONNECTIONS
2026-08-20 09:00:16 +0000: Memory Usage (144612K) : Starting LVS CAP CONNECTIONS
2026-08-20 09:00:16 +0000: Memory Usage (144612K) : Starting CAP_CMOM CONNECTIONS
2026-08-20 09:00:16 +0000: Memory Usage (144612K) : Starting CAP_CMOMF CONNECTIONS
2026-08-20 09:00:16 +0000: Memory Usage (144612K) : Starting ESD CONNECTIONS
2026-08-20 09:00:16 +0000: Memory Usage (144612K) : Starting Inductor CONNECTIONS
2026-08-20 09:00:16 +0000: Memory Usage (144612K) : Starting LVS Taps CONNECTIONS
2026-08-20 09:00:16 +0000: Memory Usage (144612K) : Starting SG13G2 LVS DEVICES EXTRACTION
2026-08-20 09:00:16 +0000: Memory Usage (144612K) : Starting MOSFET EXTRACTION
2026-08-20 09:00:16 +0000: Memory Usage (144612K) : Starting NMOS EXTRACTION
2026-08-20 09:00:16 +0000: Memory Usage (144612K) : Extraction of NMOS-LV transistor
2026-08-20 09:00:16 +0000: Memory Usage (144612K) : Extraction of NMOS-HV transistor
2026-08-20 09:00:16 +0000: Memory Usage (144612K) : Starting PMOS EXTRACTION
2026-08-20 09:00:16 +0000: Memory Usage (144612K) : Extraction of PMOS-LV transistor
2026-08-20 09:00:16 +0000: Memory Usage (144612K) : Extraction of PMOS-HV transistor
2026-08-20 09:00:16 +0000: Memory Usage (144612K) : Starting RF-MOSFET EXTRACTION
2026-08-20 09:00:16 +0000: Memory Usage (144612K) : Extraction of RF-NMOS-LV transistor
2026-08-20 09:00:16 +0000: Memory Usage (144612K) : Extraction of RF-NMOS-HV transistor
2026-08-20 09:00:16 +0000: Memory Usage (144612K) : Extraction of RF-PMOS-LV transistor
2026-08-20 09:00:16 +0000: Memory Usage (144612K) : Extraction of RF-PMOS-HV transistor
2026-08-20 09:00:16 +0000: Memory Usage (144612K) : Starting BJT EXTRACTION
2026-08-20 09:00:16 +0000: Memory Usage (144612K) : Starting NPN-BJT EXTRACTION
2026-08-20 09:00:16 +0000: Memory Usage (144612K) : Extraction of npn13G2 BJT transistor
2026-08-20 09:00:16 +0000: Memory Usage (144612K) : Extraction of npn13G2L BJT transistor
2026-08-20 09:00:16 +0000: Memory Usage (144612K) : Extraction of npn13G2V BJT transistor
2026-08-20 09:00:16 +0000: Memory Usage (144612K) : Starting PNP-BJT EXTRACTION
2026-08-20 09:00:16 +0000: Memory Usage (144612K) : Extracting pnpMPA BJT
2026-08-20 09:00:16 +0000: Memory Usage (144612K) : Starting DIODE EXTRACTION
2026-08-20 09:00:16 +0000: Memory Usage (144612K) : Extracting dantenna diode
2026-08-20 09:00:16 +0000: Memory Usage (144612K) : Extracting dpantenna diode
2026-08-20 09:00:16 +0000: Memory Usage (144612K) : Extracting schottky_nbl1 diode
2026-08-20 09:00:16 +0000: Memory Usage (144612K) : Extracting isolbox diode
2026-08-20 09:00:16 +0000: Memory Usage (144612K) : Starting RESISTOR EXTRACTION
2026-08-20 09:00:16 +0000: Memory Usage (144612K) : Extracting rsil resistor
2026-08-20 09:00:16 +0000: Memory Usage (144612K) : Extracting rppd resistor
2026-08-20 09:00:16 +0000: Memory Usage (144612K) : Extracting rhigh resistor
2026-08-20 09:00:16 +0000: Memory Usage (144612K) : Extracting res_metal1 resistor
2026-08-20 09:00:16 +0000: Memory Usage (144612K) : Extracting res_metal2 resistor
2026-08-20 09:00:16 +0000: Memory Usage (144612K) : Extracting res_metal3 resistor
2026-08-20 09:00:16 +0000: Memory Usage (144612K) : Extracting res_metal4 resistor
2026-08-20 09:00:16 +0000: Memory Usage (144612K) : Extracting res_metal5 resistor
2026-08-20 09:00:16 +0000: Memory Usage (144612K) : Extracting res_topmetal1 resistor
2026-08-20 09:00:16 +0000: Memory Usage (144612K) : Extracting res_topmetal2 resistor
2026-08-20 09:00:16 +0000: Memory Usage (144612K) : Starting CAP EXTRACTION
2026-08-20 09:00:16 +0000: Memory Usage (144612K) : Extracting cap_cmim device
2026-08-20 09:00:16 +0000: Memory Usage (144612K) : Extracting rfcmim device
2026-08-20 09:00:16 +0000: Memory Usage (144612K) : Extracting sg13_hv_svaricap varactor
2026-08-20 09:00:16 +0000: Memory Usage (144612K) : Extracting cap_cmomi device
2026-08-20 09:00:16 +0000: Memory Usage (144612K) : Extracting cap_cmomf device
2026-08-20 09:00:16 +0000: Memory Usage (144612K) : Extracting sg13_moscap_n capacitor
2026-08-20 09:00:16 +0000: Memory Usage (144612K) : Extracting sg13_moscap_p capacitor
2026-08-20 09:00:16 +0000: Memory Usage (144612K) : Starting ESD EXTRACTION
2026-08-20 09:00:16 +0000: Memory Usage (144612K) : Extracting diodevdd_2kv ESD device
2026-08-20 09:00:16 +0000: Memory Usage (144740K) : Extracting diodevdd_4kv ESD device
2026-08-20 09:00:16 +0000: Memory Usage (144740K) : Extracting diodevss_2kv ESD device
2026-08-20 09:00:16 +0000: Memory Usage (144740K) : Extracting diodevss_4kv ESD device
2026-08-20 09:00:16 +0000: Memory Usage (144740K) : Extracting idiodevdd_2kv ESD device
2026-08-20 09:00:16 +0000: Memory Usage (144740K) : Extracting idiodevdd_4kv ESD device
2026-08-20 09:00:16 +0000: Memory Usage (144740K) : Extracting idiodevss_2kv ESD device
2026-08-20 09:00:16 +0000: Memory Usage (144740K) : Extracting idiodevss_4kv ESD device
2026-08-20 09:00:16 +0000: Memory Usage (144740K) : Extracting nmoscl_2 ESD device
2026-08-20 09:00:16 +0000: Memory Usage (144740K) : Extracting nmoscl_4 ESD device
2026-08-20 09:00:16 +0000: Memory Usage (144740K) : Starting Inductor EXTRACTION
2026-08-20 09:00:16 +0000: Memory Usage (144740K) : Extracting Inductor2 device
2026-08-20 09:00:16 +0000: Memory Usage (144740K) : Extracting Inductor3 device
2026-08-20 09:00:16 +0000: Memory Usage (144740K) : Starting Taps EXTRACTION
2026-08-20 09:00:16 +0000: Memory Usage (144740K) : DISABLE_TAP_EXTRACTION is enabled: skipping ntap1/ptap1 device extraction.
2026-08-20 09:00:16 +0000: Memory Usage (144740K) : Starting SG13G2 LVS RF MOS Model Mapping
2026-08-20 09:00:16 +0000: Memory Usage (144740K) : [layout_netlist] Apply RF MOS model mapping and rfmode parameter.
2026-08-20 09:00:16 +0000: Memory Usage (144740K) : Starting SG13G2 LVS Options Preparations
2026-08-20 09:00:16 +0000: Memory Usage (144740K) : SG13G2 LVS flow: extraction -> alignment -> option preparation -> comparison.
2026-08-20 09:00:16 +0000: Memory Usage (144740K) : Starting SG13G2 LVS Alignment
2026-08-20 09:00:16 +0000: Memory Usage (144740K) : Starting SG13G2 LVS Simplification
2026-08-20 09:00:16 +0000: Memory Usage (144740K) : [layout_netlist] simplify: ENABLED
2026-08-20 09:00:16 +0000: Memory Usage (144740K) : [layout_netlist] make_top_level_pins: SKIPPED
2026-08-20 09:00:16 +0000: Memory Usage (144740K) : [layout_netlist] combine_devices: SKIPPED
2026-08-20 09:00:16 +0000: Memory Usage (144740K) : [layout_netlist] purge: SKIPPED
2026-08-20 09:00:16 +0000: Memory Usage (144740K) : [layout_netlist] purge_nets: SKIPPED
2026-08-20 09:00:16 +0000: Memory Usage (144740K) : [schematic_netlist] simplify: ENABLED
2026-08-20 09:00:16 +0000: Memory Usage (144740K) : [schematic_netlist] make_top_level_pins: SKIPPED
2026-08-20 09:00:16 +0000: Memory Usage (144740K) : [schematic_netlist] combine_devices: SKIPPED
2026-08-20 09:00:16 +0000: Memory Usage (144740K) : [schematic_netlist] purge: SKIPPED
2026-08-20 09:00:16 +0000: Memory Usage (144740K) : [schematic_netlist] purge_nets: SKIPPED
2026-08-20 09:00:16 +0000: Memory Usage (144740K) : Starting SG13G2 LVS Comparison
2026-08-20 09:00:16 +0000: Memory Usage (144996K) : xxxxxxxxxxxxxxxxxxxxxxxxxxxxxxxxxxxxxxxxxx
2026-08-20 09:00:16 +0000: Memory Usage (144996K) : ERROR : Netlists don't match
2026-08-20 09:00:16 +0000: Memory Usage (144996K) : xxxxxxxxxxxxxxxxxxxxxxxxxxxxxxxxxxxxxxxxxx
2026-08-20 09:00:16 +0000: Memory Usage (144996K) : LVS Total Run time 0.692242 seconds
2026-08-20 09:23:26 +0000: Memory Usage (128632K) : Starting running SG13G2 Klayout LVS runset on /workspace/layout/blocks/out/term_stage/_bisect/pads_esd.gds
2026-08-20 09:23:26 +0000: Memory Usage (128632K) : Ruby Version for klayout: 3.2.3
2026-08-20 09:23:26 +0000: Memory Usage (129716K) : Loading database to memory is complete.
2026-08-20 09:23:26 +0000: Memory Usage (129716K) : SG13G2 Klayout LVS runset output at: /workspace/layout/blocks/out/term_stage/_bisect/pads_esd/pads_esd.lvsdb
2026-08-20 09:23:26 +0000: Memory Usage (129716K) : Evaluate switches.
2026-08-20 09:23:26 +0000: Memory Usage (129716K) : Extracted netlist with net names: true
2026-08-20 09:23:26 +0000: Memory Usage (129716K) : Extracted netlist with comments in details: false
2026-08-20 09:23:26 +0000: Memory Usage (129716K) : Selected NET_ONLY option: false
2026-08-20 09:23:26 +0000: Memory Usage (129716K) : Selected LAYOUT_NETLIST option: (none)
2026-08-20 09:23:26 +0000: Memory Usage (129716K) : Selected IGNORE_TOP_PORTS_MISMATCH option: true
2026-08-20 09:23:26 +0000: Memory Usage (129716K) : Selected IMPLICIT_NETS option: sub,sub!
2026-08-20 09:23:26 +0000: Memory Usage (129716K) : Selected TOP_LVL_PINS option: false
2026-08-20 09:23:26 +0000: Memory Usage (129716K) : Selected COMBINE DEVICES option: false
2026-08-20 09:23:26 +0000: Memory Usage (129716K) : Selected PURGE option: false
2026-08-20 09:23:26 +0000: Memory Usage (129716K) : Selected PURGE_NETS option: false
2026-08-20 09:23:26 +0000: Memory Usage (129716K) : Selected SIMPLIFY option: true
2026-08-20 09:23:26 +0000: Memory Usage (129716K) : Selected SERIES_RES option: true
2026-08-20 09:23:26 +0000: Memory Usage (129716K) : Selected PARALLEL_RES option: true
2026-08-20 09:23:26 +0000: Memory Usage (129716K) : Selected DISABLE_TAP_EXTRACTION option: true
2026-08-20 09:23:26 +0000: Memory Usage (129716K) : deep  mode is enabled.
2026-08-20 09:23:26 +0000: Memory Usage (129716K) : Applying implicit connections (case-sensitive, pattern supported) for nets: sub, sub!
2026-08-20 09:23:26 +0000: Memory Usage (130960K) : Netlist file: /workspace/layout/blocks/out/term_stage/_bisect/pads_esd.cdl
2026-08-20 09:23:26 +0000: Memory Usage (130960K) : LVS extracted netlist at: /workspace/layout/blocks/out/term_stage/_bisect/pads_esd/pads_esd_extracted.cir
2026-08-20 09:23:26 +0000: Memory Usage (130960K) : Applying SRAM integration support.
2026-08-20 09:23:26 +0000: Memory Usage (130960K) : Starting SG13G2 LVS runset
2026-08-20 09:23:26 +0000: Memory Usage (130960K) : Read in polygons from layers.
2026-08-20 09:23:26 +0000: Memory Usage (132132K) : activ_drw has 24 polygons
2026-08-20 09:23:26 +0000: Memory Usage (132132K) : activ_filler has 0 polygons
2026-08-20 09:23:26 +0000: Memory Usage (132260K) : activ has 24 polygons
2026-08-20 09:23:26 +0000: Memory Usage (132260K) : activ_pin has 0 polygons
2026-08-20 09:23:26 +0000: Memory Usage (132260K) : activ_mask has 0 polygons
2026-08-20 09:23:26 +0000: Memory Usage (132260K) : activ_nofill has 0 polygons
2026-08-20 09:23:26 +0000: Memory Usage (132260K) : activ_OPC has 0 polygons
2026-08-20 09:23:26 +0000: Memory Usage (132260K) : activ_iOPC has 0 polygons
2026-08-20 09:23:26 +0000: Memory Usage (132260K) : activ_noqrc has 0 polygons
2026-08-20 09:23:26 +0000: Memory Usage (132260K) : biwind_drw has 0 polygons
2026-08-20 09:23:26 +0000: Memory Usage (132260K) : biwind_OPC has 0 polygons
2026-08-20 09:23:26 +0000: Memory Usage (132260K) : gatpoly_drw has 0 polygons
2026-08-20 09:23:26 +0000: Memory Usage (132260K) : gatpoly_filler has 0 polygons
2026-08-20 09:23:26 +0000: Memory Usage (132260K) : gatpoly has 0 polygons
2026-08-20 09:23:26 +0000: Memory Usage (132348K) : gatpoly_pin has 0 polygons
2026-08-20 09:23:26 +0000: Memory Usage (132860K) : gatpoly_nofill has 0 polygons
2026-08-20 09:23:26 +0000: Memory Usage (132860K) : gatpoly_OPC has 0 polygons
2026-08-20 09:23:26 +0000: Memory Usage (132860K) : gatpoly_iOPC has 0 polygons
2026-08-20 09:23:26 +0000: Memory Usage (132860K) : gatpoly_noqrc has 0 polygons
2026-08-20 09:23:26 +0000: Memory Usage (132988K) : cont_drw has 4316 polygons
2026-08-20 09:23:26 +0000: Memory Usage (132988K) : cont_OPC has 0 polygons
2026-08-20 09:23:26 +0000: Memory Usage (132988K) : nsd_drw has 0 polygons
2026-08-20 09:23:26 +0000: Memory Usage (132988K) : nsd_block has 0 polygons
2026-08-20 09:23:26 +0000: Memory Usage (132988K) : metal1_drw has 24 polygons
2026-08-20 09:23:26 +0000: Memory Usage (132988K) : metal1_filler has 0 polygons
2026-08-20 09:23:26 +0000: Memory Usage (132988K) : metal1_slit has 0 polygons
2026-08-20 09:23:26 +0000: Memory Usage (132988K) : metal1 has 24 polygons
2026-08-20 09:23:26 +0000: Memory Usage (132988K) : metal1_pin has 4 polygons
2026-08-20 09:23:26 +0000: Memory Usage (132988K) : metal1_mask has 0 polygons
2026-08-20 09:23:26 +0000: Memory Usage (132988K) : metal1_nofill has 0 polygons
2026-08-20 09:23:26 +0000: Memory Usage (133116K) : metal1_text has 0 polygons
2026-08-20 09:23:26 +0000: Memory Usage (133116K) : metal1_OPC has 0 polygons
2026-08-20 09:23:26 +0000: Memory Usage (133116K) : metal1_noqrc has 0 polygons
2026-08-20 09:23:26 +0000: Memory Usage (133116K) : metal1_res has 0 polygons
2026-08-20 09:23:26 +0000: Memory Usage (133116K) : metal1_iprobe has 0 polygons
2026-08-20 09:23:26 +0000: Memory Usage (133244K) : metal1_diffprb has 0 polygons
2026-08-20 09:23:26 +0000: Memory Usage (133244K) : passiv_drw has 2 polygons
2026-08-20 09:23:26 +0000: Memory Usage (133244K) : passiv_pin has 0 polygons
2026-08-20 09:23:26 +0000: Memory Usage (133372K) : passiv_sbump has 0 polygons
2026-08-20 09:23:26 +0000: Memory Usage (133372K) : passiv_pillar has 0 polygons
2026-08-20 09:23:26 +0000: Memory Usage (133372K) : passiv_pdl has 0 polygons
2026-08-20 09:23:26 +0000: Memory Usage (133500K) : metal2_drw has 20 polygons
2026-08-20 09:23:26 +0000: Memory Usage (133500K) : metal2_filler has 0 polygons
2026-08-20 09:23:26 +0000: Memory Usage (133628K) : metal2_slit has 0 polygons
2026-08-20 09:23:26 +0000: Memory Usage (133628K) : metal2 has 20 polygons
2026-08-20 09:23:26 +0000: Memory Usage (133628K) : metal2_pin has 8 polygons
2026-08-20 09:23:26 +0000: Memory Usage (133756K) : metal2_mask has 0 polygons
2026-08-20 09:23:26 +0000: Memory Usage (133756K) : metal2_nofill has 0 polygons
2026-08-20 09:23:26 +0000: Memory Usage (133756K) : metal2_text has 0 polygons
2026-08-20 09:23:26 +0000: Memory Usage (133884K) : metal2_OPC has 0 polygons
2026-08-20 09:23:26 +0000: Memory Usage (133884K) : metal2_noqrc has 0 polygons
2026-08-20 09:23:26 +0000: Memory Usage (133884K) : metal2_res has 0 polygons
2026-08-20 09:23:26 +0000: Memory Usage (134012K) : metal2_iprobe has 0 polygons
2026-08-20 09:23:26 +0000: Memory Usage (134012K) : metal2_diffprb has 0 polygons
2026-08-20 09:23:26 +0000: Memory Usage (134012K) : baspoly_drw has 0 polygons
2026-08-20 09:23:26 +0000: Memory Usage (134140K) : baspoly_pin has 0 polygons
2026-08-20 09:23:26 +0000: Memory Usage (134140K) : psd_drw has 12 polygons
2026-08-20 09:23:26 +0000: Memory Usage (134140K) : nldb_drw has 0 polygons
2026-08-20 09:23:26 +0000: Memory Usage (134140K) : digibnd_drw has 0 polygons
2026-08-20 09:23:26 +0000: Memory Usage (134268K) : via1_drw has 864 polygons
2026-08-20 09:23:26 +0000: Memory Usage (134268K) : backmetal1_drw has 0 polygons
2026-08-20 09:23:26 +0000: Memory Usage (134268K) : backmetal1_pin has 0 polygons
2026-08-20 09:23:26 +0000: Memory Usage (134268K) : backmetal1_mask has 0 polygons
2026-08-20 09:23:26 +0000: Memory Usage (134396K) : backmetal1_filler has 0 polygons
2026-08-20 09:23:26 +0000: Memory Usage (134396K) : backmetal1_nofill has 0 polygons
2026-08-20 09:23:26 +0000: Memory Usage (134396K) : backmetal1_slit has 0 polygons
2026-08-20 09:23:26 +0000: Memory Usage (134396K) : backmetal1_text has 0 polygons
2026-08-20 09:23:26 +0000: Memory Usage (134524K) : backmetal1_OPC has 0 polygons
2026-08-20 09:23:26 +0000: Memory Usage (134524K) : backmetal1_noqrc has 0 polygons
2026-08-20 09:23:26 +0000: Memory Usage (134524K) : backmetal1_res has 0 polygons
2026-08-20 09:23:26 +0000: Memory Usage (134524K) : backmetal1_iprobe has 0 polygons
2026-08-20 09:23:26 +0000: Memory Usage (134652K) : backmetal1_diffprb has 0 polygons
2026-08-20 09:23:26 +0000: Memory Usage (134652K) : backpassiv_drw has 0 polygons
2026-08-20 09:23:26 +0000: Memory Usage (134652K) : res_drw has 0 polygons
2026-08-20 09:23:26 +0000: Memory Usage (134652K) : sram_drw has 0 polygons
2026-08-20 09:23:26 +0000: Memory Usage (134780K) : trans_drw has 0 polygons
2026-08-20 09:23:26 +0000: Memory Usage (134780K) : ind_drw has 0 polygons
2026-08-20 09:23:26 +0000: Memory Usage (134780K) : ind_pin has 0 polygons
2026-08-20 09:23:26 +0000: Memory Usage (134780K) : ind_text has 0 polygons
2026-08-20 09:23:26 +0000: Memory Usage (134908K) : salblock_drw has 0 polygons
2026-08-20 09:23:26 +0000: Memory Usage (134908K) : via2_drw has 16 polygons
2026-08-20 09:23:26 +0000: Memory Usage (134908K) : metal3_drw has 8 polygons
2026-08-20 09:23:26 +0000: Memory Usage (134908K) : metal3_filler has 0 polygons
2026-08-20 09:23:26 +0000: Memory Usage (135036K) : metal3_slit has 0 polygons
2026-08-20 09:23:26 +0000: Memory Usage (135036K) : metal3 has 8 polygons
2026-08-20 09:23:26 +0000: Memory Usage (135036K) : metal3_pin has 0 polygons
2026-08-20 09:23:26 +0000: Memory Usage (135164K) : metal3_mask has 0 polygons
2026-08-20 09:23:26 +0000: Memory Usage (135164K) : metal3_nofill has 0 polygons
2026-08-20 09:23:26 +0000: Memory Usage (135164K) : metal3_text has 0 polygons
2026-08-20 09:23:26 +0000: Memory Usage (135164K) : metal3_OPC has 0 polygons
2026-08-20 09:23:26 +0000: Memory Usage (135292K) : metal3_noqrc has 0 polygons
2026-08-20 09:23:26 +0000: Memory Usage (135292K) : metal3_res has 0 polygons
2026-08-20 09:23:26 +0000: Memory Usage (135292K) : metal3_iprobe has 0 polygons
2026-08-20 09:23:26 +0000: Memory Usage (135292K) : metal3_diffprb has 0 polygons
2026-08-20 09:23:26 +0000: Memory Usage (135420K) : nwell_drw has 10 polygons
2026-08-20 09:23:26 +0000: Memory Usage (135420K) : nwell_pin has 0 polygons
2026-08-20 09:23:26 +0000: Memory Usage (135420K) : nwell_text has 0 polygons
2026-08-20 09:23:26 +0000: Memory Usage (135420K) : nbulay_drw has 0 polygons
2026-08-20 09:23:26 +0000: Memory Usage (135420K) : nbulay_pin has 0 polygons
2026-08-20 09:23:26 +0000: Memory Usage (135420K) : nbulay_block has 0 polygons
2026-08-20 09:23:26 +0000: Memory Usage (135420K) : emwind_drw has 0 polygons
2026-08-20 09:23:26 +0000: Memory Usage (135420K) : emwind_OPC has 0 polygons
2026-08-20 09:23:26 +0000: Memory Usage (135420K) : deepco_drw has 0 polygons
2026-08-20 09:23:26 +0000: Memory Usage (135420K) : mim_drw has 0 polygons
2026-08-20 09:23:26 +0000: Memory Usage (135420K) : edgeseal_drw has 0 polygons
2026-08-20 09:23:26 +0000: Memory Usage (135420K) : substrate_drw has 0 polygons
2026-08-20 09:23:26 +0000: Memory Usage (135420K) : substrate_text has 0 polygons
2026-08-20 09:23:26 +0000: Memory Usage (135420K) : dfpad_drw has 2 polygons
2026-08-20 09:23:26 +0000: Memory Usage (135420K) : dfpad_pillar has 0 polygons
2026-08-20 09:23:26 +0000: Memory Usage (135548K) : dfpad_sbump has 0 polygons
2026-08-20 09:23:26 +0000: Memory Usage (135548K) : thickgateox_drw has 0 polygons
2026-08-20 09:23:26 +0000: Memory Usage (135548K) : pldb_drw has 0 polygons
2026-08-20 09:23:26 +0000: Memory Usage (135548K) : pwell_drw has 0 polygons
2026-08-20 09:23:26 +0000: Memory Usage (135548K) : pwell_pin has 0 polygons
2026-08-20 09:23:26 +0000: Memory Usage (135676K) : pwell_block has 0 polygons
2026-08-20 09:23:26 +0000: Memory Usage (135676K) : ic_drw has 0 polygons
2026-08-20 09:23:26 +0000: Memory Usage (135676K) : via3_drw has 992 polygons
2026-08-20 09:23:26 +0000: Memory Usage (135676K) : metal4_drw has 10 polygons
2026-08-20 09:23:26 +0000: Memory Usage (135676K) : metal4_filler has 0 polygons
2026-08-20 09:23:26 +0000: Memory Usage (135676K) : metal4_slit has 0 polygons
2026-08-20 09:23:26 +0000: Memory Usage (135804K) : metal4 has 10 polygons
2026-08-20 09:23:26 +0000: Memory Usage (135804K) : metal4_pin has 0 polygons
2026-08-20 09:23:26 +0000: Memory Usage (135804K) : metal4_mask has 0 polygons
2026-08-20 09:23:26 +0000: Memory Usage (135804K) : metal4_nofill has 0 polygons
2026-08-20 09:23:26 +0000: Memory Usage (135932K) : metal4_text has 4 polygons
2026-08-20 09:23:26 +0000: Memory Usage (136060K) : metal4_OPC has 0 polygons
2026-08-20 09:23:26 +0000: Memory Usage (136060K) : metal4_noqrc has 0 polygons
2026-08-20 09:23:26 +0000: Memory Usage (136060K) : metal4_res has 0 polygons
2026-08-20 09:23:26 +0000: Memory Usage (136060K) : metal4_iprobe has 0 polygons
2026-08-20 09:23:26 +0000: Memory Usage (136060K) : metal4_diffprb has 0 polygons
2026-08-20 09:23:26 +0000: Memory Usage (136060K) : heattrans_drw has 0 polygons
2026-08-20 09:23:26 +0000: Memory Usage (136188K) : heatres_drw has 0 polygons
2026-08-20 09:23:26 +0000: Memory Usage (136188K) : fbe_drw has 0 polygons
2026-08-20 09:23:26 +0000: Memory Usage (136188K) : empoly_drw has 0 polygons
2026-08-20 09:23:26 +0000: Memory Usage (136188K) : digisub_drw has 0 polygons
2026-08-20 09:23:26 +0000: Memory Usage (136188K) : text_drw has 16 polygons
2026-08-20 09:23:26 +0000: Memory Usage (136188K) : via4_drw has 992 polygons
2026-08-20 09:23:26 +0000: Memory Usage (136316K) : metal5_drw has 20 polygons
2026-08-20 09:23:26 +0000: Memory Usage (136316K) : metal5_filler has 0 polygons
2026-08-20 09:23:26 +0000: Memory Usage (136316K) : metal5_slit has 0 polygons
2026-08-20 09:23:26 +0000: Memory Usage (136316K) : metal5 has 20 polygons
2026-08-20 09:23:26 +0000: Memory Usage (136316K) : metal5_pin has 0 polygons
2026-08-20 09:23:26 +0000: Memory Usage (136316K) : metal5_mask has 0 polygons
2026-08-20 09:23:26 +0000: Memory Usage (136444K) : metal5_nofill has 0 polygons
2026-08-20 09:23:26 +0000: Memory Usage (136444K) : metal5_text has 0 polygons
2026-08-20 09:23:26 +0000: Memory Usage (136444K) : metal5_OPC has 0 polygons
2026-08-20 09:23:26 +0000: Memory Usage (136444K) : metal5_noqrc has 0 polygons
2026-08-20 09:23:26 +0000: Memory Usage (136444K) : metal5_res has 0 polygons
2026-08-20 09:23:26 +0000: Memory Usage (136444K) : metal5_iprobe has 0 polygons
2026-08-20 09:23:26 +0000: Memory Usage (136572K) : metal5_diffprb has 0 polygons
2026-08-20 09:23:26 +0000: Memory Usage (136572K) : radhard_drw has 0 polygons
2026-08-20 09:23:26 +0000: Memory Usage (136572K) : memcap_drw has 0 polygons
2026-08-20 09:23:26 +0000: Memory Usage (136572K) : varicap_drw has 0 polygons
2026-08-20 09:23:26 +0000: Memory Usage (136572K) : intbondvia_drw has 0 polygons
2026-08-20 09:23:26 +0000: Memory Usage (136572K) : intbondmet_drw has 0 polygons
2026-08-20 09:23:26 +0000: Memory Usage (136700K) : devbondvia_drw has 0 polygons
2026-08-20 09:23:26 +0000: Memory Usage (136700K) : devbondmet_drw has 0 polygons
2026-08-20 09:23:26 +0000: Memory Usage (136700K) : devtrench_drw has 0 polygons
2026-08-20 09:23:26 +0000: Memory Usage (136700K) : redist_drw has 0 polygons
2026-08-20 09:23:26 +0000: Memory Usage (136700K) : graphbot_drw has 0 polygons
2026-08-20 09:23:26 +0000: Memory Usage (136700K) : graphtop_drw has 0 polygons
2026-08-20 09:23:26 +0000: Memory Usage (136828K) : antvia1_drw has 0 polygons
2026-08-20 09:23:26 +0000: Memory Usage (136828K) : antmetal2_drw has 0 polygons
2026-08-20 09:23:26 +0000: Memory Usage (136828K) : graphcont_drw has 0 polygons
2026-08-20 09:23:26 +0000: Memory Usage (136828K) : siwg_drw has 0 polygons
2026-08-20 09:23:26 +0000: Memory Usage (136828K) : siwg_filler has 0 polygons
2026-08-20 09:23:26 +0000: Memory Usage (136828K) : siwg_nofill has 0 polygons
2026-08-20 09:23:26 +0000: Memory Usage (136956K) : sigrating_drw has 0 polygons
2026-08-20 09:23:26 +0000: Memory Usage (136956K) : singrating_drw has 0 polygons
2026-08-20 09:23:26 +0000: Memory Usage (136956K) : graphpas_drw has 0 polygons
2026-08-20 09:23:26 +0000: Memory Usage (136956K) : emwind3_drw has 0 polygons
2026-08-20 09:23:26 +0000: Memory Usage (136956K) : emwihv3_drw has 0 polygons
2026-08-20 09:23:26 +0000: Memory Usage (136956K) : redbulay_drw has 0 polygons
2026-08-20 09:23:26 +0000: Memory Usage (137084K) : smos_drw has 0 polygons
2026-08-20 09:23:26 +0000: Memory Usage (137084K) : graphpad_drw has 0 polygons
2026-08-20 09:23:26 +0000: Memory Usage (137084K) : polimide_drw has 0 polygons
2026-08-20 09:23:26 +0000: Memory Usage (137084K) : polimide_pin has 0 polygons
2026-08-20 09:23:26 +0000: Memory Usage (137084K) : recog_drw has 0 polygons
2026-08-20 09:23:26 +0000: Memory Usage (137084K) : recog_pin has 0 polygons
2026-08-20 09:23:26 +0000: Memory Usage (137084K) : recog_esd has 4 polygons
2026-08-20 09:23:26 +0000: Memory Usage (137212K) : recog_diode has 0 polygons
2026-08-20 09:23:26 +0000: Memory Usage (137212K) : recog_tsv has 0 polygons
2026-08-20 09:23:26 +0000: Memory Usage (137212K) : recog_iprobe has 0 polygons
2026-08-20 09:23:26 +0000: Memory Usage (137212K) : recog_diffprb has 0 polygons
2026-08-20 09:23:26 +0000: Memory Usage (137212K) : recog_pillar has 0 polygons
2026-08-20 09:23:26 +0000: Memory Usage (137340K) : recog_sbump has 0 polygons
2026-08-20 09:23:26 +0000: Memory Usage (137340K) : recog_otp has 0 polygons
2026-08-20 09:23:26 +0000: Memory Usage (137340K) : recog_pdiode has 0 polygons
2026-08-20 09:23:26 +0000: Memory Usage (137340K) : recog_mom has 0 polygons
2026-08-20 09:23:26 +0000: Memory Usage (137340K) : recog_momf has 0 polygons
2026-08-20 09:23:26 +0000: Memory Usage (137340K) : recog_pcm has 0 polygons
2026-08-20 09:23:26 +0000: Memory Usage (137468K) : colopen_drw has 0 polygons
2026-08-20 09:23:26 +0000: Memory Usage (137468K) : graphmetal1_drw has 0 polygons
2026-08-20 09:23:26 +0000: Memory Usage (137468K) : graphmetal1_filler has 0 polygons
2026-08-20 09:23:26 +0000: Memory Usage (137468K) : graphmetal1_nofill has 0 polygons
2026-08-20 09:23:26 +0000: Memory Usage (137468K) : graphmetal1_slit has 0 polygons
2026-08-20 09:23:26 +0000: Memory Usage (137468K) : graphmetal1_OPC has 0 polygons
2026-08-20 09:23:26 +0000: Memory Usage (137596K) : graphmet1l_drw has 0 polygons
2026-08-20 09:23:26 +0000: Memory Usage (137596K) : graphmet1l_filler has 0 polygons
2026-08-20 09:23:26 +0000: Memory Usage (137596K) : graphmet1l_nofill has 0 polygons
2026-08-20 09:23:26 +0000: Memory Usage (137596K) : graphmet1l_slit has 0 polygons
2026-08-20 09:23:26 +0000: Memory Usage (137596K) : graphmet1l_OPC has 0 polygons
2026-08-20 09:23:26 +0000: Memory Usage (137596K) : extblock_drw has 0 polygons
2026-08-20 09:23:26 +0000: Memory Usage (137724K) : nldd_drw has 0 polygons
2026-08-20 09:23:26 +0000: Memory Usage (137724K) : pldd_drw has 0 polygons
2026-08-20 09:23:26 +0000: Memory Usage (137724K) : next_drw has 0 polygons
2026-08-20 09:23:26 +0000: Memory Usage (137724K) : pext_drw has 0 polygons
2026-08-20 09:23:26 +0000: Memory Usage (137724K) : nexthv_drw has 0 polygons
2026-08-20 09:23:26 +0000: Memory Usage (137852K) : pexthv_drw has 0 polygons
2026-08-20 09:23:26 +0000: Memory Usage (137852K) : graphgate_drw has 0 polygons
2026-08-20 09:23:26 +0000: Memory Usage (137852K) : sinwg_drw has 0 polygons
2026-08-20 09:23:26 +0000: Memory Usage (137852K) : sinwg_filler has 0 polygons
2026-08-20 09:23:26 +0000: Memory Usage (137852K) : sinwg_nofill has 0 polygons
2026-08-20 09:23:26 +0000: Memory Usage (137852K) : mempad_drw has 0 polygons
2026-08-20 09:23:26 +0000: Memory Usage (137980K) : topvia1_drw has 476 polygons
2026-08-20 09:23:26 +0000: Memory Usage (137980K) : topmetal1_drw has 8 polygons
2026-08-20 09:23:26 +0000: Memory Usage (137980K) : topmetal1_filler has 0 polygons
2026-08-20 09:23:26 +0000: Memory Usage (137980K) : topmetal1_slit has 0 polygons
2026-08-20 09:23:26 +0000: Memory Usage (137980K) : topmetal1 has 8 polygons
2026-08-20 09:23:26 +0000: Memory Usage (137980K) : topmetal1_pin has 0 polygons
2026-08-20 09:23:26 +0000: Memory Usage (137980K) : topmetal1_mask has 0 polygons
2026-08-20 09:23:26 +0000: Memory Usage (138108K) : topmetal1_nofill has 0 polygons
2026-08-20 09:23:26 +0000: Memory Usage (138108K) : topmetal1_text has 0 polygons
2026-08-20 09:23:26 +0000: Memory Usage (138108K) : topmetal1_noqrc has 0 polygons
2026-08-20 09:23:26 +0000: Memory Usage (138108K) : topmetal1_res has 0 polygons
2026-08-20 09:23:26 +0000: Memory Usage (138108K) : topmetal1_iprobe has 0 polygons
2026-08-20 09:23:26 +0000: Memory Usage (138108K) : topmetal1_diffprb has 0 polygons
2026-08-20 09:23:26 +0000: Memory Usage (138236K) : inldpwl_drw has 0 polygons
2026-08-20 09:23:26 +0000: Memory Usage (138236K) : polyres_drw has 0 polygons
2026-08-20 09:23:26 +0000: Memory Usage (138236K) : polyres_pin has 0 polygons
2026-08-20 09:23:26 +0000: Memory Usage (138236K) : vmim_drw has 0 polygons
2026-08-20 09:23:26 +0000: Memory Usage (138236K) : nbulaycut_drw has 0 polygons
2026-08-20 09:23:26 +0000: Memory Usage (138236K) : antmetal1_drw has 0 polygons
2026-08-20 09:23:26 +0000: Memory Usage (138364K) : topvia2_drw has 196 polygons
2026-08-20 09:23:26 +0000: Memory Usage (138364K) : topmetal2_drw has 6 polygons
2026-08-20 09:23:26 +0000: Memory Usage (138364K) : topmetal2_filler has 0 polygons
2026-08-20 09:23:26 +0000: Memory Usage (138364K) : topmetal2_slit has 0 polygons
2026-08-20 09:23:26 +0000: Memory Usage (138364K) : topmetal2 has 6 polygons
2026-08-20 09:23:26 +0000: Memory Usage (138364K) : topmetal2_pin has 0 polygons
2026-08-20 09:23:26 +0000: Memory Usage (138492K) : topmetal2_mask has 0 polygons
2026-08-20 09:23:26 +0000: Memory Usage (138492K) : topmetal2_nofill has 0 polygons
2026-08-20 09:23:26 +0000: Memory Usage (138492K) : topmetal2_text has 4 polygons
2026-08-20 09:23:26 +0000: Memory Usage (138492K) : topmetal2_noqrc has 0 polygons
2026-08-20 09:23:26 +0000: Memory Usage (138620K) : topmetal2_res has 0 polygons
2026-08-20 09:23:26 +0000: Memory Usage (138620K) : topmetal2_iprobe has 0 polygons
2026-08-20 09:23:26 +0000: Memory Usage (138620K) : topmetal2_diffprb has 0 polygons
2026-08-20 09:23:26 +0000: Memory Usage (138620K) : snsring_drw has 0 polygons
2026-08-20 09:23:26 +0000: Memory Usage (138748K) : sensor_drw has 0 polygons
2026-08-20 09:23:26 +0000: Memory Usage (138748K) : snsarms_drw has 0 polygons
2026-08-20 09:23:26 +0000: Memory Usage (138876K) : snscmosvia_drw has 0 polygons
2026-08-20 09:23:26 +0000: Memory Usage (138876K) : colwind_drw has 0 polygons
2026-08-20 09:23:26 +0000: Memory Usage (138876K) : flm_drw has 0 polygons
2026-08-20 09:23:26 +0000: Memory Usage (138876K) : hafniumox_drw has 0 polygons
2026-08-20 09:23:26 +0000: Memory Usage (139004K) : memvia_drw has 0 polygons
2026-08-20 09:23:26 +0000: Memory Usage (139004K) : thinfilmres_drw has 0 polygons
2026-08-20 09:23:26 +0000: Memory Usage (139004K) : rfmem_drw has 0 polygons
2026-08-20 09:23:26 +0000: Memory Usage (139004K) : norcx_drw has 0 polygons
2026-08-20 09:23:26 +0000: Memory Usage (139132K) : norcx_m2m3 has 0 polygons
2026-08-20 09:23:26 +0000: Memory Usage (139132K) : norcx_m2m4 has 0 polygons
2026-08-20 09:23:26 +0000: Memory Usage (139132K) : norcx_m2m5 has 0 polygons
2026-08-20 09:23:26 +0000: Memory Usage (139132K) : norcx_m2tm1 has 0 polygons
2026-08-20 09:23:26 +0000: Memory Usage (139260K) : norcx_m2tm2 has 0 polygons
2026-08-20 09:23:26 +0000: Memory Usage (139260K) : norcx_m3m4 has 0 polygons
2026-08-20 09:23:26 +0000: Memory Usage (139260K) : norcx_m3m5 has 0 polygons
2026-08-20 09:23:26 +0000: Memory Usage (139260K) : norcx_m3tm1 has 0 polygons
2026-08-20 09:23:26 +0000: Memory Usage (139388K) : norcx_m3tm2 has 0 polygons
2026-08-20 09:23:26 +0000: Memory Usage (139388K) : norcx_m4m5 has 0 polygons
2026-08-20 09:23:26 +0000: Memory Usage (139516K) : norcx_m4tm1 has 0 polygons
2026-08-20 09:23:26 +0000: Memory Usage (139516K) : norcx_m4tm2 has 0 polygons
2026-08-20 09:23:26 +0000: Memory Usage (139516K) : norcx_m5tm1 has 0 polygons
2026-08-20 09:23:26 +0000: Memory Usage (139644K) : norcx_m5tm2 has 0 polygons
2026-08-20 09:23:26 +0000: Memory Usage (139644K) : norcx_tm1tm2 has 0 polygons
2026-08-20 09:23:26 +0000: Memory Usage (139644K) : norcx_m1sub has 0 polygons
2026-08-20 09:23:26 +0000: Memory Usage (139644K) : norcx_m2sub has 0 polygons
2026-08-20 09:23:26 +0000: Memory Usage (139644K) : norcx_m3sub has 0 polygons
2026-08-20 09:23:26 +0000: Memory Usage (139644K) : norcx_m4sub has 0 polygons
2026-08-20 09:23:26 +0000: Memory Usage (139644K) : norcx_m5sub has 0 polygons
2026-08-20 09:23:26 +0000: Memory Usage (139644K) : norcx_tm1sub has 0 polygons
2026-08-20 09:23:26 +0000: Memory Usage (139644K) : norcx_tm2sub has 0 polygons
2026-08-20 09:23:26 +0000: Memory Usage (139644K) : snsbotvia_drw has 0 polygons
2026-08-20 09:23:26 +0000: Memory Usage (139644K) : snstopvia_drw has 0 polygons
2026-08-20 09:23:26 +0000: Memory Usage (139644K) : deepvia_drw has 0 polygons
2026-08-20 09:23:26 +0000: Memory Usage (139644K) : fgetch_drw has 0 polygons
2026-08-20 09:23:26 +0000: Memory Usage (139644K) : ctrgat_drw has 0 polygons
2026-08-20 09:23:26 +0000: Memory Usage (139644K) : fgimp_drw has 0 polygons
2026-08-20 09:23:26 +0000: Memory Usage (139644K) : emwihv_drw has 0 polygons
2026-08-20 09:23:26 +0000: Memory Usage (139644K) : lbe_drw has 0 polygons
2026-08-20 09:23:26 +0000: Memory Usage (139644K) : alcustop_drw has 0 polygons
2026-08-20 09:23:26 +0000: Memory Usage (139644K) : nometfiller_drw has 0 polygons
2026-08-20 09:23:26 +0000: Memory Usage (139644K) : prboundary_drw has 0 polygons
2026-08-20 09:23:26 +0000: Memory Usage (139644K) : exchange0_drw has 0 polygons
2026-08-20 09:23:26 +0000: Memory Usage (139644K) : exchange0_pin has 0 polygons
2026-08-20 09:23:26 +0000: Memory Usage (139644K) : exchange0_text has 0 polygons
2026-08-20 09:23:26 +0000: Memory Usage (139644K) : exchange1_drw has 0 polygons
2026-08-20 09:23:26 +0000: Memory Usage (139644K) : exchange1_pin has 0 polygons
2026-08-20 09:23:26 +0000: Memory Usage (139644K) : exchange1_text has 0 polygons
2026-08-20 09:23:26 +0000: Memory Usage (139644K) : exchange2_drw has 0 polygons
2026-08-20 09:23:26 +0000: Memory Usage (139644K) : exchange2_pin has 0 polygons
2026-08-20 09:23:26 +0000: Memory Usage (139644K) : exchange2_text has 0 polygons
2026-08-20 09:23:26 +0000: Memory Usage (139644K) : exchange3_drw has 0 polygons
2026-08-20 09:23:26 +0000: Memory Usage (139644K) : exchange3_pin has 0 polygons
2026-08-20 09:23:26 +0000: Memory Usage (139644K) : exchange3_text has 0 polygons
2026-08-20 09:23:26 +0000: Memory Usage (139644K) : exchange4_drw has 0 polygons
2026-08-20 09:23:26 +0000: Memory Usage (139644K) : exchange4_pin has 0 polygons
2026-08-20 09:23:26 +0000: Memory Usage (139644K) : exchange4_text has 0 polygons
2026-08-20 09:23:26 +0000: Memory Usage (139644K) : isonwell_drw has 0 polygons
2026-08-20 09:23:26 +0000: Memory Usage (139644K) : Total no. of polygons in the design is 8038
2026-08-20 09:23:26 +0000: Memory Usage (139644K) : Starting base layers derivations
2026-08-20 09:23:26 +0000: Memory Usage (139644K) : Starting general LVS derivations
2026-08-20 09:23:27 +0000: Memory Usage (142904K) : Starting MOSFET DERIVATIONS
2026-08-20 09:23:27 +0000: Memory Usage (143544K) : Starting NMOS DERIVATIONS
2026-08-20 09:23:27 +0000: Memory Usage (143544K) : Starting PMOS DERIVATIONS
2026-08-20 09:23:27 +0000: Memory Usage (143544K) : Starting RF-MOSFET DERIVATIONS
2026-08-20 09:23:27 +0000: Memory Usage (143544K) : Starting RF-NMOS DERIVATIONS
2026-08-20 09:23:27 +0000: Memory Usage (143544K) : Starting RF-PMOS DERIVATIONS
2026-08-20 09:23:27 +0000: Memory Usage (143544K) : Starting BJT DERIVATIONS
2026-08-20 09:23:27 +0000: Memory Usage (143544K) : Starting NPN-BJT DERIVATIONS
2026-08-20 09:23:27 +0000: Memory Usage (143544K) : Starting PNP-BJT DERIVATIONS
2026-08-20 09:23:27 +0000: Memory Usage (143544K) : Starting DIODE DERIVATIONS
2026-08-20 09:23:27 +0000: Memory Usage (143544K) : Starting RESISTOR DERIVATIONS
2026-08-20 09:23:27 +0000: Memory Usage (143544K) : Starting CAP DERIVATIONS
2026-08-20 09:23:27 +0000: Memory Usage (143544K) : Starting CAP_CMOM DERIVATIONS
2026-08-20 09:23:27 +0000: Memory Usage (143544K) : Starting CAP_CMOMF DERIVATIONS
2026-08-20 09:23:27 +0000: Memory Usage (143544K) : Starting ESD DERIVATIONS
2026-08-20 09:23:27 +0000: Memory Usage (143672K) : Starting Inductor DERIVATIONS
2026-08-20 09:23:27 +0000: Memory Usage (143672K) : Starting Taps DERIVATIONS
2026-08-20 09:23:27 +0000: Memory Usage (143672K) : Starting SG13G2 LVS connectivity setup
2026-08-20 09:23:27 +0000: Memory Usage (143672K) : Starting SG13G2 LVS connectivity setup (Inter-layer)
2026-08-20 09:23:27 +0000: Memory Usage (143800K) : Starting SG13G2 LVS connectivity setup (Global)
2026-08-20 09:23:27 +0000: Memory Usage (143800K) : Starting LVS MOSFET CONNECTIONS
2026-08-20 09:23:27 +0000: Memory Usage (143800K) : Starting LVS RF-MOSFET CONNECTIONS
2026-08-20 09:23:27 +0000: Memory Usage (143800K) : Starting LVS BJT CONNECTIONS
2026-08-20 09:23:27 +0000: Memory Usage (143800K) : Starting LVS DIODE CONNECTIONS
2026-08-20 09:23:27 +0000: Memory Usage (143800K) : Starting RESISTOR CONNECTIONS
2026-08-20 09:23:27 +0000: Memory Usage (143800K) : Starting LVS CAP CONNECTIONS
2026-08-20 09:23:27 +0000: Memory Usage (143800K) : Starting CAP_CMOM CONNECTIONS
2026-08-20 09:23:27 +0000: Memory Usage (143800K) : Starting CAP_CMOMF CONNECTIONS
2026-08-20 09:23:27 +0000: Memory Usage (143800K) : Starting ESD CONNECTIONS
2026-08-20 09:23:27 +0000: Memory Usage (143800K) : Starting Inductor CONNECTIONS
2026-08-20 09:23:27 +0000: Memory Usage (143800K) : Starting LVS Taps CONNECTIONS
2026-08-20 09:23:27 +0000: Memory Usage (143800K) : Starting SG13G2 LVS DEVICES EXTRACTION
2026-08-20 09:23:27 +0000: Memory Usage (143800K) : Starting MOSFET EXTRACTION
2026-08-20 09:23:27 +0000: Memory Usage (143800K) : Starting NMOS EXTRACTION
2026-08-20 09:23:27 +0000: Memory Usage (143800K) : Extraction of NMOS-LV transistor
2026-08-20 09:23:27 +0000: Memory Usage (143800K) : Extraction of NMOS-HV transistor
2026-08-20 09:23:27 +0000: Memory Usage (143800K) : Starting PMOS EXTRACTION
2026-08-20 09:23:27 +0000: Memory Usage (143800K) : Extraction of PMOS-LV transistor
2026-08-20 09:23:27 +0000: Memory Usage (143800K) : Extraction of PMOS-HV transistor
2026-08-20 09:23:27 +0000: Memory Usage (143800K) : Starting RF-MOSFET EXTRACTION
2026-08-20 09:23:27 +0000: Memory Usage (143800K) : Extraction of RF-NMOS-LV transistor
2026-08-20 09:23:27 +0000: Memory Usage (143800K) : Extraction of RF-NMOS-HV transistor
2026-08-20 09:23:27 +0000: Memory Usage (143800K) : Extraction of RF-PMOS-LV transistor
2026-08-20 09:23:27 +0000: Memory Usage (143800K) : Extraction of RF-PMOS-HV transistor
2026-08-20 09:23:27 +0000: Memory Usage (143800K) : Starting BJT EXTRACTION
2026-08-20 09:23:27 +0000: Memory Usage (143800K) : Starting NPN-BJT EXTRACTION
2026-08-20 09:23:27 +0000: Memory Usage (143800K) : Extraction of npn13G2 BJT transistor
2026-08-20 09:23:27 +0000: Memory Usage (143800K) : Extraction of npn13G2L BJT transistor
2026-08-20 09:23:27 +0000: Memory Usage (143800K) : Extraction of npn13G2V BJT transistor
2026-08-20 09:23:27 +0000: Memory Usage (143800K) : Starting PNP-BJT EXTRACTION
2026-08-20 09:23:27 +0000: Memory Usage (143800K) : Extracting pnpMPA BJT
2026-08-20 09:23:27 +0000: Memory Usage (143800K) : Starting DIODE EXTRACTION
2026-08-20 09:23:27 +0000: Memory Usage (143800K) : Extracting dantenna diode
2026-08-20 09:23:27 +0000: Memory Usage (143800K) : Extracting dpantenna diode
2026-08-20 09:23:27 +0000: Memory Usage (143800K) : Extracting schottky_nbl1 diode
2026-08-20 09:23:27 +0000: Memory Usage (143800K) : Extracting isolbox diode
2026-08-20 09:23:27 +0000: Memory Usage (143800K) : Starting RESISTOR EXTRACTION
2026-08-20 09:23:27 +0000: Memory Usage (143800K) : Extracting rsil resistor
2026-08-20 09:23:27 +0000: Memory Usage (143800K) : Extracting rppd resistor
2026-08-20 09:23:27 +0000: Memory Usage (143800K) : Extracting rhigh resistor
2026-08-20 09:23:27 +0000: Memory Usage (143800K) : Extracting res_metal1 resistor
2026-08-20 09:23:27 +0000: Memory Usage (143800K) : Extracting res_metal2 resistor
2026-08-20 09:23:27 +0000: Memory Usage (143800K) : Extracting res_metal3 resistor
2026-08-20 09:23:27 +0000: Memory Usage (143800K) : Extracting res_metal4 resistor
2026-08-20 09:23:27 +0000: Memory Usage (143800K) : Extracting res_metal5 resistor
2026-08-20 09:23:27 +0000: Memory Usage (143800K) : Extracting res_topmetal1 resistor
2026-08-20 09:23:27 +0000: Memory Usage (143800K) : Extracting res_topmetal2 resistor
2026-08-20 09:23:27 +0000: Memory Usage (143800K) : Starting CAP EXTRACTION
2026-08-20 09:23:27 +0000: Memory Usage (143800K) : Extracting cap_cmim device
2026-08-20 09:23:27 +0000: Memory Usage (143800K) : Extracting rfcmim device
2026-08-20 09:23:27 +0000: Memory Usage (143800K) : Extracting sg13_hv_svaricap varactor
2026-08-20 09:23:27 +0000: Memory Usage (143800K) : Extracting cap_cmomi device
2026-08-20 09:23:27 +0000: Memory Usage (143800K) : Extracting cap_cmomf device
2026-08-20 09:23:27 +0000: Memory Usage (143800K) : Extracting sg13_moscap_n capacitor
2026-08-20 09:23:27 +0000: Memory Usage (143800K) : Extracting sg13_moscap_p capacitor
2026-08-20 09:23:27 +0000: Memory Usage (143800K) : Starting ESD EXTRACTION
2026-08-20 09:23:27 +0000: Memory Usage (143800K) : Extracting diodevdd_2kv ESD device
2026-08-20 09:23:27 +0000: Memory Usage (143800K) : Extracting diodevdd_4kv ESD device
2026-08-20 09:23:27 +0000: Memory Usage (143800K) : Extracting diodevss_2kv ESD device
2026-08-20 09:23:27 +0000: Memory Usage (143800K) : Extracting diodevss_4kv ESD device
2026-08-20 09:23:27 +0000: Memory Usage (143800K) : Extracting idiodevdd_2kv ESD device
2026-08-20 09:23:27 +0000: Memory Usage (143800K) : Extracting idiodevdd_4kv ESD device
2026-08-20 09:23:27 +0000: Memory Usage (143800K) : Extracting idiodevss_2kv ESD device
2026-08-20 09:23:27 +0000: Memory Usage (143800K) : Extracting idiodevss_4kv ESD device
2026-08-20 09:23:27 +0000: Memory Usage (143800K) : Extracting nmoscl_2 ESD device
2026-08-20 09:23:27 +0000: Memory Usage (143800K) : Extracting nmoscl_4 ESD device
2026-08-20 09:23:27 +0000: Memory Usage (143800K) : Starting Inductor EXTRACTION
2026-08-20 09:23:27 +0000: Memory Usage (143800K) : Extracting Inductor2 device
2026-08-20 09:23:27 +0000: Memory Usage (143800K) : Extracting Inductor3 device
2026-08-20 09:23:27 +0000: Memory Usage (143800K) : Starting Taps EXTRACTION
2026-08-20 09:23:27 +0000: Memory Usage (143800K) : DISABLE_TAP_EXTRACTION is enabled: skipping ntap1/ptap1 device extraction.
2026-08-20 09:23:27 +0000: Memory Usage (143800K) : Starting SG13G2 LVS RF MOS Model Mapping
2026-08-20 09:23:27 +0000: Memory Usage (143928K) : [layout_netlist] Apply RF MOS model mapping and rfmode parameter.
2026-08-20 09:23:27 +0000: Memory Usage (143928K) : Starting SG13G2 LVS Options Preparations
2026-08-20 09:23:27 +0000: Memory Usage (143928K) : SG13G2 LVS flow: extraction -> alignment -> option preparation -> comparison.
2026-08-20 09:23:27 +0000: Memory Usage (143928K) : Starting SG13G2 LVS Alignment
2026-08-20 09:23:27 +0000: Memory Usage (144184K) : Starting SG13G2 LVS Simplification
2026-08-20 09:23:27 +0000: Memory Usage (144184K) : [layout_netlist] simplify: ENABLED
2026-08-20 09:23:27 +0000: Memory Usage (144184K) : [layout_netlist] make_top_level_pins: SKIPPED
2026-08-20 09:23:27 +0000: Memory Usage (144184K) : [layout_netlist] combine_devices: SKIPPED
2026-08-20 09:23:27 +0000: Memory Usage (144184K) : [layout_netlist] purge: SKIPPED
2026-08-20 09:23:27 +0000: Memory Usage (144184K) : [layout_netlist] purge_nets: SKIPPED
2026-08-20 09:23:27 +0000: Memory Usage (144184K) : [schematic_netlist] simplify: ENABLED
2026-08-20 09:23:27 +0000: Memory Usage (144184K) : [schematic_netlist] make_top_level_pins: SKIPPED
2026-08-20 09:23:27 +0000: Memory Usage (144184K) : [schematic_netlist] combine_devices: SKIPPED
2026-08-20 09:23:27 +0000: Memory Usage (144184K) : [schematic_netlist] purge: SKIPPED
2026-08-20 09:23:27 +0000: Memory Usage (144184K) : [schematic_netlist] purge_nets: SKIPPED
2026-08-20 09:23:27 +0000: Memory Usage (144184K) : Starting SG13G2 LVS Comparison
2026-08-20 09:23:27 +0000: Memory Usage (144184K) : xxxxxxxxxxxxxxxxxxxxxxxxxxxxxxxxxxxxxxxxxx
2026-08-20 09:23:27 +0000: Memory Usage (144184K) : ERROR : Netlists don't match
2026-08-20 09:23:27 +0000: Memory Usage (144184K) : xxxxxxxxxxxxxxxxxxxxxxxxxxxxxxxxxxxxxxxxxx
2026-08-20 09:23:27 +0000: Memory Usage (144184K) : LVS Total Run time 0.624708 seconds
2026-08-20 09:28:32 +0000: Memory Usage (128492K) : Starting running SG13G2 Klayout LVS runset on /workspace/layout/blocks/out/term_stage/_bisect/pads_esd.gds
2026-08-20 09:28:32 +0000: Memory Usage (128492K) : Ruby Version for klayout: 3.2.3
2026-08-20 09:28:32 +0000: Memory Usage (129704K) : Loading database to memory is complete.
2026-08-20 09:28:32 +0000: Memory Usage (129704K) : SG13G2 Klayout LVS runset output at: /workspace/layout/blocks/out/term_stage/_bisect/pads_esd/pads_esd.lvsdb
2026-08-20 09:28:32 +0000: Memory Usage (129704K) : Evaluate switches.
2026-08-20 09:28:32 +0000: Memory Usage (129704K) : Extracted netlist with net names: true
2026-08-20 09:28:32 +0000: Memory Usage (129704K) : Extracted netlist with comments in details: false
2026-08-20 09:28:32 +0000: Memory Usage (129704K) : Selected NET_ONLY option: false
2026-08-20 09:28:32 +0000: Memory Usage (129704K) : Selected LAYOUT_NETLIST option: (none)
2026-08-20 09:28:32 +0000: Memory Usage (129704K) : Selected IGNORE_TOP_PORTS_MISMATCH option: true
2026-08-20 09:28:32 +0000: Memory Usage (129704K) : Selected IMPLICIT_NETS option: sub,sub!
2026-08-20 09:28:32 +0000: Memory Usage (129704K) : Selected TOP_LVL_PINS option: false
2026-08-20 09:28:32 +0000: Memory Usage (129704K) : Selected COMBINE DEVICES option: false
2026-08-20 09:28:32 +0000: Memory Usage (129704K) : Selected PURGE option: false
2026-08-20 09:28:32 +0000: Memory Usage (129704K) : Selected PURGE_NETS option: false
2026-08-20 09:28:32 +0000: Memory Usage (129704K) : Selected SIMPLIFY option: true
2026-08-20 09:28:32 +0000: Memory Usage (129704K) : Selected SERIES_RES option: true
2026-08-20 09:28:32 +0000: Memory Usage (129704K) : Selected PARALLEL_RES option: true
2026-08-20 09:28:32 +0000: Memory Usage (129704K) : Selected DISABLE_TAP_EXTRACTION option: true
2026-08-20 09:28:32 +0000: Memory Usage (129704K) : deep  mode is enabled.
2026-08-20 09:28:32 +0000: Memory Usage (129704K) : Applying implicit connections (case-sensitive, pattern supported) for nets: sub, sub!
2026-08-20 09:28:32 +0000: Memory Usage (130948K) : Netlist file: /workspace/layout/blocks/out/term_stage/_bisect/pads_esd.cdl
2026-08-20 09:28:32 +0000: Memory Usage (130948K) : LVS extracted netlist at: /workspace/layout/blocks/out/term_stage/_bisect/pads_esd/pads_esd_extracted.cir
2026-08-20 09:28:32 +0000: Memory Usage (130948K) : Applying SRAM integration support.
2026-08-20 09:28:32 +0000: Memory Usage (130948K) : Starting SG13G2 LVS runset
2026-08-20 09:28:32 +0000: Memory Usage (130948K) : Read in polygons from layers.
2026-08-20 09:28:32 +0000: Memory Usage (132152K) : activ_drw has 24 polygons
2026-08-20 09:28:32 +0000: Memory Usage (132152K) : activ_filler has 0 polygons
2026-08-20 09:28:32 +0000: Memory Usage (132280K) : activ has 24 polygons
2026-08-20 09:28:32 +0000: Memory Usage (132280K) : activ_pin has 0 polygons
2026-08-20 09:28:32 +0000: Memory Usage (132280K) : activ_mask has 0 polygons
2026-08-20 09:28:32 +0000: Memory Usage (132280K) : activ_nofill has 0 polygons
2026-08-20 09:28:32 +0000: Memory Usage (132280K) : activ_OPC has 0 polygons
2026-08-20 09:28:32 +0000: Memory Usage (132280K) : activ_iOPC has 0 polygons
2026-08-20 09:28:32 +0000: Memory Usage (132280K) : activ_noqrc has 0 polygons
2026-08-20 09:28:32 +0000: Memory Usage (132280K) : biwind_drw has 0 polygons
2026-08-20 09:28:32 +0000: Memory Usage (132280K) : biwind_OPC has 0 polygons
2026-08-20 09:28:32 +0000: Memory Usage (132280K) : gatpoly_drw has 0 polygons
2026-08-20 09:28:32 +0000: Memory Usage (132280K) : gatpoly_filler has 0 polygons
2026-08-20 09:28:32 +0000: Memory Usage (132280K) : gatpoly has 0 polygons
2026-08-20 09:28:32 +0000: Memory Usage (132368K) : gatpoly_pin has 0 polygons
2026-08-20 09:28:32 +0000: Memory Usage (132880K) : gatpoly_nofill has 0 polygons
2026-08-20 09:28:32 +0000: Memory Usage (132880K) : gatpoly_OPC has 0 polygons
2026-08-20 09:28:32 +0000: Memory Usage (132880K) : gatpoly_iOPC has 0 polygons
2026-08-20 09:28:32 +0000: Memory Usage (132880K) : gatpoly_noqrc has 0 polygons
2026-08-20 09:28:32 +0000: Memory Usage (132880K) : cont_drw has 4316 polygons
2026-08-20 09:28:32 +0000: Memory Usage (132880K) : cont_OPC has 0 polygons
2026-08-20 09:28:32 +0000: Memory Usage (132880K) : nsd_drw has 0 polygons
2026-08-20 09:28:32 +0000: Memory Usage (132880K) : nsd_block has 0 polygons
2026-08-20 09:28:32 +0000: Memory Usage (132880K) : metal1_drw has 24 polygons
2026-08-20 09:28:32 +0000: Memory Usage (132880K) : metal1_filler has 0 polygons
2026-08-20 09:28:32 +0000: Memory Usage (132880K) : metal1_slit has 0 polygons
2026-08-20 09:28:32 +0000: Memory Usage (132880K) : metal1 has 24 polygons
2026-08-20 09:28:32 +0000: Memory Usage (132880K) : metal1_pin has 4 polygons
2026-08-20 09:28:32 +0000: Memory Usage (132880K) : metal1_mask has 0 polygons
2026-08-20 09:28:32 +0000: Memory Usage (132880K) : metal1_nofill has 0 polygons
2026-08-20 09:28:32 +0000: Memory Usage (133008K) : metal1_text has 0 polygons
2026-08-20 09:28:32 +0000: Memory Usage (133008K) : metal1_OPC has 0 polygons
2026-08-20 09:28:32 +0000: Memory Usage (133008K) : metal1_noqrc has 0 polygons
2026-08-20 09:28:32 +0000: Memory Usage (133008K) : metal1_res has 0 polygons
2026-08-20 09:28:32 +0000: Memory Usage (133008K) : metal1_iprobe has 0 polygons
2026-08-20 09:28:32 +0000: Memory Usage (133136K) : metal1_diffprb has 0 polygons
2026-08-20 09:28:32 +0000: Memory Usage (133136K) : passiv_drw has 2 polygons
2026-08-20 09:28:32 +0000: Memory Usage (133136K) : passiv_pin has 0 polygons
2026-08-20 09:28:32 +0000: Memory Usage (133264K) : passiv_sbump has 0 polygons
2026-08-20 09:28:32 +0000: Memory Usage (133264K) : passiv_pillar has 0 polygons
2026-08-20 09:28:32 +0000: Memory Usage (133392K) : passiv_pdl has 0 polygons
2026-08-20 09:28:32 +0000: Memory Usage (133392K) : metal2_drw has 20 polygons
2026-08-20 09:28:32 +0000: Memory Usage (133392K) : metal2_filler has 0 polygons
2026-08-20 09:28:32 +0000: Memory Usage (133520K) : metal2_slit has 0 polygons
2026-08-20 09:28:32 +0000: Memory Usage (133520K) : metal2 has 20 polygons
2026-08-20 09:28:32 +0000: Memory Usage (133520K) : metal2_pin has 8 polygons
2026-08-20 09:28:32 +0000: Memory Usage (133648K) : metal2_mask has 0 polygons
2026-08-20 09:28:32 +0000: Memory Usage (133648K) : metal2_nofill has 0 polygons
2026-08-20 09:28:32 +0000: Memory Usage (133776K) : metal2_text has 4 polygons
2026-08-20 09:28:32 +0000: Memory Usage (133904K) : metal2_OPC has 0 polygons
2026-08-20 09:28:32 +0000: Memory Usage (133904K) : metal2_noqrc has 0 polygons
2026-08-20 09:28:32 +0000: Memory Usage (133904K) : metal2_res has 0 polygons
2026-08-20 09:28:32 +0000: Memory Usage (134032K) : metal2_iprobe has 0 polygons
2026-08-20 09:28:32 +0000: Memory Usage (134032K) : metal2_diffprb has 0 polygons
2026-08-20 09:28:32 +0000: Memory Usage (134032K) : baspoly_drw has 0 polygons
2026-08-20 09:28:32 +0000: Memory Usage (134160K) : baspoly_pin has 0 polygons
2026-08-20 09:28:32 +0000: Memory Usage (134160K) : psd_drw has 12 polygons
2026-08-20 09:28:32 +0000: Memory Usage (134160K) : nldb_drw has 0 polygons
2026-08-20 09:28:32 +0000: Memory Usage (134160K) : digibnd_drw has 0 polygons
2026-08-20 09:28:32 +0000: Memory Usage (134288K) : via1_drw has 864 polygons
2026-08-20 09:28:32 +0000: Memory Usage (134288K) : backmetal1_drw has 0 polygons
2026-08-20 09:28:32 +0000: Memory Usage (134288K) : backmetal1_pin has 0 polygons
2026-08-20 09:28:32 +0000: Memory Usage (134288K) : backmetal1_mask has 0 polygons
2026-08-20 09:28:32 +0000: Memory Usage (134416K) : backmetal1_filler has 0 polygons
2026-08-20 09:28:32 +0000: Memory Usage (134416K) : backmetal1_nofill has 0 polygons
2026-08-20 09:28:32 +0000: Memory Usage (134416K) : backmetal1_slit has 0 polygons
2026-08-20 09:28:32 +0000: Memory Usage (134416K) : backmetal1_text has 0 polygons
2026-08-20 09:28:32 +0000: Memory Usage (134544K) : backmetal1_OPC has 0 polygons
2026-08-20 09:28:32 +0000: Memory Usage (134544K) : backmetal1_noqrc has 0 polygons
2026-08-20 09:28:32 +0000: Memory Usage (134544K) : backmetal1_res has 0 polygons
2026-08-20 09:28:32 +0000: Memory Usage (134544K) : backmetal1_iprobe has 0 polygons
2026-08-20 09:28:32 +0000: Memory Usage (134672K) : backmetal1_diffprb has 0 polygons
2026-08-20 09:28:32 +0000: Memory Usage (134672K) : backpassiv_drw has 0 polygons
2026-08-20 09:28:32 +0000: Memory Usage (134672K) : res_drw has 0 polygons
2026-08-20 09:28:32 +0000: Memory Usage (134672K) : sram_drw has 0 polygons
2026-08-20 09:28:32 +0000: Memory Usage (134800K) : trans_drw has 0 polygons
2026-08-20 09:28:32 +0000: Memory Usage (134800K) : ind_drw has 0 polygons
2026-08-20 09:28:32 +0000: Memory Usage (134800K) : ind_pin has 0 polygons
2026-08-20 09:28:32 +0000: Memory Usage (134800K) : ind_text has 0 polygons
2026-08-20 09:28:32 +0000: Memory Usage (134928K) : salblock_drw has 0 polygons
2026-08-20 09:28:32 +0000: Memory Usage (134928K) : via2_drw has 16 polygons
2026-08-20 09:28:32 +0000: Memory Usage (134928K) : metal3_drw has 8 polygons
2026-08-20 09:28:32 +0000: Memory Usage (134928K) : metal3_filler has 0 polygons
2026-08-20 09:28:32 +0000: Memory Usage (135056K) : metal3_slit has 0 polygons
2026-08-20 09:28:32 +0000: Memory Usage (135056K) : metal3 has 8 polygons
2026-08-20 09:28:32 +0000: Memory Usage (135056K) : metal3_pin has 0 polygons
2026-08-20 09:28:32 +0000: Memory Usage (135184K) : metal3_mask has 0 polygons
2026-08-20 09:28:32 +0000: Memory Usage (135184K) : metal3_nofill has 0 polygons
2026-08-20 09:28:32 +0000: Memory Usage (135184K) : metal3_text has 0 polygons
2026-08-20 09:28:32 +0000: Memory Usage (135184K) : metal3_OPC has 0 polygons
2026-08-20 09:28:32 +0000: Memory Usage (135312K) : metal3_noqrc has 0 polygons
2026-08-20 09:28:32 +0000: Memory Usage (135312K) : metal3_res has 0 polygons
2026-08-20 09:28:32 +0000: Memory Usage (135312K) : metal3_iprobe has 0 polygons
2026-08-20 09:28:32 +0000: Memory Usage (135312K) : metal3_diffprb has 0 polygons
2026-08-20 09:28:32 +0000: Memory Usage (135440K) : nwell_drw has 10 polygons
2026-08-20 09:28:32 +0000: Memory Usage (135440K) : nwell_pin has 0 polygons
2026-08-20 09:28:32 +0000: Memory Usage (135440K) : nwell_text has 0 polygons
2026-08-20 09:28:32 +0000: Memory Usage (135440K) : nbulay_drw has 0 polygons
2026-08-20 09:28:32 +0000: Memory Usage (135568K) : nbulay_pin has 0 polygons
2026-08-20 09:28:32 +0000: Memory Usage (135568K) : nbulay_block has 0 polygons
2026-08-20 09:28:32 +0000: Memory Usage (135568K) : emwind_drw has 0 polygons
2026-08-20 09:28:32 +0000: Memory Usage (135568K) : emwind_OPC has 0 polygons
2026-08-20 09:28:32 +0000: Memory Usage (135568K) : deepco_drw has 0 polygons
2026-08-20 09:28:32 +0000: Memory Usage (135568K) : mim_drw has 0 polygons
2026-08-20 09:28:32 +0000: Memory Usage (135568K) : edgeseal_drw has 0 polygons
2026-08-20 09:28:32 +0000: Memory Usage (135568K) : substrate_drw has 0 polygons
2026-08-20 09:28:32 +0000: Memory Usage (135568K) : substrate_text has 0 polygons
2026-08-20 09:28:32 +0000: Memory Usage (135568K) : dfpad_drw has 2 polygons
2026-08-20 09:28:32 +0000: Memory Usage (135568K) : dfpad_pillar has 0 polygons
2026-08-20 09:28:32 +0000: Memory Usage (135568K) : dfpad_sbump has 0 polygons
2026-08-20 09:28:32 +0000: Memory Usage (135568K) : thickgateox_drw has 0 polygons
2026-08-20 09:28:32 +0000: Memory Usage (135568K) : pldb_drw has 0 polygons
2026-08-20 09:28:32 +0000: Memory Usage (135568K) : pwell_drw has 0 polygons
2026-08-20 09:28:32 +0000: Memory Usage (135568K) : pwell_pin has 0 polygons
2026-08-20 09:28:32 +0000: Memory Usage (135696K) : pwell_block has 0 polygons
2026-08-20 09:28:32 +0000: Memory Usage (135696K) : ic_drw has 0 polygons
2026-08-20 09:28:32 +0000: Memory Usage (135696K) : via3_drw has 992 polygons
2026-08-20 09:28:32 +0000: Memory Usage (135696K) : metal4_drw has 10 polygons
2026-08-20 09:28:32 +0000: Memory Usage (135696K) : metal4_filler has 0 polygons
2026-08-20 09:28:32 +0000: Memory Usage (135824K) : metal4_slit has 0 polygons
2026-08-20 09:28:32 +0000: Memory Usage (135824K) : metal4 has 10 polygons
2026-08-20 09:28:32 +0000: Memory Usage (135824K) : metal4_pin has 0 polygons
2026-08-20 09:28:32 +0000: Memory Usage (135824K) : metal4_mask has 0 polygons
2026-08-20 09:28:32 +0000: Memory Usage (135824K) : metal4_nofill has 0 polygons
2026-08-20 09:28:32 +0000: Memory Usage (135952K) : metal4_text has 4 polygons
2026-08-20 09:28:32 +0000: Memory Usage (135952K) : metal4_OPC has 0 polygons
2026-08-20 09:28:32 +0000: Memory Usage (135952K) : metal4_noqrc has 0 polygons
2026-08-20 09:28:32 +0000: Memory Usage (135952K) : metal4_res has 0 polygons
2026-08-20 09:28:32 +0000: Memory Usage (135952K) : metal4_iprobe has 0 polygons
2026-08-20 09:28:32 +0000: Memory Usage (135952K) : metal4_diffprb has 0 polygons
2026-08-20 09:28:32 +0000: Memory Usage (136080K) : heattrans_drw has 0 polygons
2026-08-20 09:28:32 +0000: Memory Usage (136080K) : heatres_drw has 0 polygons
2026-08-20 09:28:32 +0000: Memory Usage (136080K) : fbe_drw has 0 polygons
2026-08-20 09:28:32 +0000: Memory Usage (136080K) : empoly_drw has 0 polygons
2026-08-20 09:28:32 +0000: Memory Usage (136080K) : digisub_drw has 0 polygons
2026-08-20 09:28:32 +0000: Memory Usage (136080K) : text_drw has 16 polygons
2026-08-20 09:28:32 +0000: Memory Usage (136080K) : via4_drw has 992 polygons
2026-08-20 09:28:32 +0000: Memory Usage (136208K) : metal5_drw has 26 polygons
2026-08-20 09:28:32 +0000: Memory Usage (136208K) : metal5_filler has 0 polygons
2026-08-20 09:28:32 +0000: Memory Usage (136208K) : metal5_slit has 0 polygons
2026-08-20 09:28:32 +0000: Memory Usage (136208K) : metal5 has 26 polygons
2026-08-20 09:28:32 +0000: Memory Usage (136208K) : metal5_pin has 0 polygons
2026-08-20 09:28:32 +0000: Memory Usage (136336K) : metal5_mask has 0 polygons
2026-08-20 09:28:32 +0000: Memory Usage (136336K) : metal5_nofill has 0 polygons
2026-08-20 09:28:32 +0000: Memory Usage (136336K) : metal5_text has 0 polygons
2026-08-20 09:28:32 +0000: Memory Usage (136336K) : metal5_OPC has 0 polygons
2026-08-20 09:28:32 +0000: Memory Usage (136336K) : metal5_noqrc has 0 polygons
2026-08-20 09:28:32 +0000: Memory Usage (136336K) : metal5_res has 0 polygons
2026-08-20 09:28:32 +0000: Memory Usage (136336K) : metal5_iprobe has 0 polygons
2026-08-20 09:28:32 +0000: Memory Usage (136464K) : metal5_diffprb has 0 polygons
2026-08-20 09:28:32 +0000: Memory Usage (136464K) : radhard_drw has 0 polygons
2026-08-20 09:28:32 +0000: Memory Usage (136464K) : memcap_drw has 0 polygons
2026-08-20 09:28:32 +0000: Memory Usage (136464K) : varicap_drw has 0 polygons
2026-08-20 09:28:32 +0000: Memory Usage (136464K) : intbondvia_drw has 0 polygons
2026-08-20 09:28:32 +0000: Memory Usage (136592K) : intbondmet_drw has 0 polygons
2026-08-20 09:28:32 +0000: Memory Usage (136592K) : devbondvia_drw has 0 polygons
2026-08-20 09:28:32 +0000: Memory Usage (136592K) : devbondmet_drw has 0 polygons
2026-08-20 09:28:32 +0000: Memory Usage (136592K) : devtrench_drw has 0 polygons
2026-08-20 09:28:32 +0000: Memory Usage (136592K) : redist_drw has 0 polygons
2026-08-20 09:28:32 +0000: Memory Usage (136592K) : graphbot_drw has 0 polygons
2026-08-20 09:28:32 +0000: Memory Usage (136720K) : graphtop_drw has 0 polygons
2026-08-20 09:28:32 +0000: Memory Usage (136720K) : antvia1_drw has 0 polygons
2026-08-20 09:28:32 +0000: Memory Usage (136720K) : antmetal2_drw has 0 polygons
2026-08-20 09:28:32 +0000: Memory Usage (136720K) : graphcont_drw has 0 polygons
2026-08-20 09:28:32 +0000: Memory Usage (136720K) : siwg_drw has 0 polygons
2026-08-20 09:28:32 +0000: Memory Usage (136720K) : siwg_filler has 0 polygons
2026-08-20 09:28:32 +0000: Memory Usage (136848K) : siwg_nofill has 0 polygons
2026-08-20 09:28:32 +0000: Memory Usage (136848K) : sigrating_drw has 0 polygons
2026-08-20 09:28:32 +0000: Memory Usage (136848K) : singrating_drw has 0 polygons
2026-08-20 09:28:32 +0000: Memory Usage (136848K) : graphpas_drw has 0 polygons
2026-08-20 09:28:32 +0000: Memory Usage (136848K) : emwind3_drw has 0 polygons
2026-08-20 09:28:32 +0000: Memory Usage (136848K) : emwihv3_drw has 0 polygons
2026-08-20 09:28:32 +0000: Memory Usage (136976K) : redbulay_drw has 0 polygons
2026-08-20 09:28:32 +0000: Memory Usage (136976K) : smos_drw has 0 polygons
2026-08-20 09:28:32 +0000: Memory Usage (136976K) : graphpad_drw has 0 polygons
2026-08-20 09:28:32 +0000: Memory Usage (136976K) : polimide_drw has 0 polygons
2026-08-20 09:28:32 +0000: Memory Usage (136976K) : polimide_pin has 0 polygons
2026-08-20 09:28:32 +0000: Memory Usage (136976K) : recog_drw has 0 polygons
2026-08-20 09:28:32 +0000: Memory Usage (136976K) : recog_pin has 0 polygons
2026-08-20 09:28:32 +0000: Memory Usage (137104K) : recog_esd has 4 polygons
2026-08-20 09:28:32 +0000: Memory Usage (137104K) : recog_diode has 0 polygons
2026-08-20 09:28:32 +0000: Memory Usage (137104K) : recog_tsv has 0 polygons
2026-08-20 09:28:32 +0000: Memory Usage (137104K) : recog_iprobe has 0 polygons
2026-08-20 09:28:32 +0000: Memory Usage (137104K) : recog_diffprb has 0 polygons
2026-08-20 09:28:32 +0000: Memory Usage (137104K) : recog_pillar has 0 polygons
2026-08-20 09:28:32 +0000: Memory Usage (137232K) : recog_sbump has 0 polygons
2026-08-20 09:28:32 +0000: Memory Usage (137232K) : recog_otp has 0 polygons
2026-08-20 09:28:32 +0000: Memory Usage (137232K) : recog_pdiode has 0 polygons
2026-08-20 09:28:32 +0000: Memory Usage (137232K) : recog_mom has 0 polygons
2026-08-20 09:28:32 +0000: Memory Usage (137232K) : recog_momf has 0 polygons
2026-08-20 09:28:32 +0000: Memory Usage (137232K) : recog_pcm has 0 polygons
2026-08-20 09:28:32 +0000: Memory Usage (137360K) : colopen_drw has 0 polygons
2026-08-20 09:28:32 +0000: Memory Usage (137360K) : graphmetal1_drw has 0 polygons
2026-08-20 09:28:32 +0000: Memory Usage (137360K) : graphmetal1_filler has 0 polygons
2026-08-20 09:28:32 +0000: Memory Usage (137360K) : graphmetal1_nofill has 0 polygons
2026-08-20 09:28:32 +0000: Memory Usage (137360K) : graphmetal1_slit has 0 polygons
2026-08-20 09:28:32 +0000: Memory Usage (137360K) : graphmetal1_OPC has 0 polygons
2026-08-20 09:28:32 +0000: Memory Usage (137488K) : graphmet1l_drw has 0 polygons
2026-08-20 09:28:32 +0000: Memory Usage (137488K) : graphmet1l_filler has 0 polygons
2026-08-20 09:28:32 +0000: Memory Usage (137488K) : graphmet1l_nofill has 0 polygons
2026-08-20 09:28:32 +0000: Memory Usage (137488K) : graphmet1l_slit has 0 polygons
2026-08-20 09:28:32 +0000: Memory Usage (137488K) : graphmet1l_OPC has 0 polygons
2026-08-20 09:28:32 +0000: Memory Usage (137488K) : extblock_drw has 0 polygons
2026-08-20 09:28:32 +0000: Memory Usage (137616K) : nldd_drw has 0 polygons
2026-08-20 09:28:32 +0000: Memory Usage (137616K) : pldd_drw has 0 polygons
2026-08-20 09:28:32 +0000: Memory Usage (137616K) : next_drw has 0 polygons
2026-08-20 09:28:32 +0000: Memory Usage (137616K) : pext_drw has 0 polygons
2026-08-20 09:28:32 +0000: Memory Usage (137616K) : nexthv_drw has 0 polygons
2026-08-20 09:28:32 +0000: Memory Usage (137616K) : pexthv_drw has 0 polygons
2026-08-20 09:28:32 +0000: Memory Usage (137744K) : graphgate_drw has 0 polygons
2026-08-20 09:28:32 +0000: Memory Usage (137744K) : sinwg_drw has 0 polygons
2026-08-20 09:28:32 +0000: Memory Usage (137744K) : sinwg_filler has 0 polygons
2026-08-20 09:28:32 +0000: Memory Usage (137744K) : sinwg_nofill has 0 polygons
2026-08-20 09:28:32 +0000: Memory Usage (137744K) : mempad_drw has 0 polygons
2026-08-20 09:28:32 +0000: Memory Usage (137872K) : topvia1_drw has 476 polygons
2026-08-20 09:28:32 +0000: Memory Usage (137872K) : topmetal1_drw has 8 polygons
2026-08-20 09:28:32 +0000: Memory Usage (137872K) : topmetal1_filler has 0 polygons
2026-08-20 09:28:32 +0000: Memory Usage (137872K) : topmetal1_slit has 0 polygons
2026-08-20 09:28:32 +0000: Memory Usage (137872K) : topmetal1 has 8 polygons
2026-08-20 09:28:32 +0000: Memory Usage (137872K) : topmetal1_pin has 0 polygons
2026-08-20 09:28:32 +0000: Memory Usage (138000K) : topmetal1_mask has 0 polygons
2026-08-20 09:28:32 +0000: Memory Usage (138000K) : topmetal1_nofill has 0 polygons
2026-08-20 09:28:32 +0000: Memory Usage (138000K) : topmetal1_text has 0 polygons
2026-08-20 09:28:32 +0000: Memory Usage (138000K) : topmetal1_noqrc has 0 polygons
2026-08-20 09:28:32 +0000: Memory Usage (138000K) : topmetal1_res has 0 polygons
2026-08-20 09:28:32 +0000: Memory Usage (138000K) : topmetal1_iprobe has 0 polygons
2026-08-20 09:28:32 +0000: Memory Usage (138000K) : topmetal1_diffprb has 0 polygons
2026-08-20 09:28:32 +0000: Memory Usage (138128K) : inldpwl_drw has 0 polygons
2026-08-20 09:28:32 +0000: Memory Usage (138128K) : polyres_drw has 0 polygons
2026-08-20 09:28:32 +0000: Memory Usage (138128K) : polyres_pin has 0 polygons
2026-08-20 09:28:32 +0000: Memory Usage (138128K) : vmim_drw has 0 polygons
2026-08-20 09:28:32 +0000: Memory Usage (138128K) : nbulaycut_drw has 0 polygons
2026-08-20 09:28:32 +0000: Memory Usage (138256K) : antmetal1_drw has 0 polygons
2026-08-20 09:28:32 +0000: Memory Usage (138256K) : topvia2_drw has 196 polygons
2026-08-20 09:28:32 +0000: Memory Usage (138256K) : topmetal2_drw has 6 polygons
2026-08-20 09:28:32 +0000: Memory Usage (138256K) : topmetal2_filler has 0 polygons
2026-08-20 09:28:32 +0000: Memory Usage (138256K) : topmetal2_slit has 0 polygons
2026-08-20 09:28:32 +0000: Memory Usage (138256K) : topmetal2 has 6 polygons
2026-08-20 09:28:32 +0000: Memory Usage (138384K) : topmetal2_pin has 0 polygons
2026-08-20 09:28:32 +0000: Memory Usage (138384K) : topmetal2_mask has 0 polygons
2026-08-20 09:28:32 +0000: Memory Usage (138384K) : topmetal2_nofill has 0 polygons
2026-08-20 09:28:32 +0000: Memory Usage (138384K) : topmetal2_text has 4 polygons
2026-08-20 09:28:32 +0000: Memory Usage (138384K) : topmetal2_noqrc has 0 polygons
2026-08-20 09:28:32 +0000: Memory Usage (138512K) : topmetal2_res has 0 polygons
2026-08-20 09:28:32 +0000: Memory Usage (138512K) : topmetal2_iprobe has 0 polygons
2026-08-20 09:28:32 +0000: Memory Usage (138512K) : topmetal2_diffprb has 0 polygons
2026-08-20 09:28:32 +0000: Memory Usage (138512K) : snsring_drw has 0 polygons
2026-08-20 09:28:32 +0000: Memory Usage (138640K) : sensor_drw has 0 polygons
2026-08-20 09:28:32 +0000: Memory Usage (138640K) : snsarms_drw has 0 polygons
2026-08-20 09:28:32 +0000: Memory Usage (138768K) : snscmosvia_drw has 0 polygons
2026-08-20 09:28:32 +0000: Memory Usage (138768K) : colwind_drw has 0 polygons
2026-08-20 09:28:32 +0000: Memory Usage (138768K) : flm_drw has 0 polygons
2026-08-20 09:28:32 +0000: Memory Usage (138768K) : hafniumox_drw has 0 polygons
2026-08-20 09:28:32 +0000: Memory Usage (138896K) : memvia_drw has 0 polygons
2026-08-20 09:28:32 +0000: Memory Usage (138896K) : thinfilmres_drw has 0 polygons
2026-08-20 09:28:32 +0000: Memory Usage (138896K) : rfmem_drw has 0 polygons
2026-08-20 09:28:32 +0000: Memory Usage (138896K) : norcx_drw has 0 polygons
2026-08-20 09:28:32 +0000: Memory Usage (139024K) : norcx_m2m3 has 0 polygons
2026-08-20 09:28:32 +0000: Memory Usage (139024K) : norcx_m2m4 has 0 polygons
2026-08-20 09:28:32 +0000: Memory Usage (139024K) : norcx_m2m5 has 0 polygons
2026-08-20 09:28:32 +0000: Memory Usage (139152K) : norcx_m2tm1 has 0 polygons
2026-08-20 09:28:32 +0000: Memory Usage (139152K) : norcx_m2tm2 has 0 polygons
2026-08-20 09:28:32 +0000: Memory Usage (139152K) : norcx_m3m4 has 0 polygons
2026-08-20 09:28:32 +0000: Memory Usage (139152K) : norcx_m3m5 has 0 polygons
2026-08-20 09:28:32 +0000: Memory Usage (139280K) : norcx_m3tm1 has 0 polygons
2026-08-20 09:28:32 +0000: Memory Usage (139280K) : norcx_m3tm2 has 0 polygons
2026-08-20 09:28:32 +0000: Memory Usage (139408K) : norcx_m4m5 has 0 polygons
2026-08-20 09:28:32 +0000: Memory Usage (139408K) : norcx_m4tm1 has 0 polygons
2026-08-20 09:28:32 +0000: Memory Usage (139408K) : norcx_m4tm2 has 0 polygons
2026-08-20 09:28:32 +0000: Memory Usage (139408K) : norcx_m5tm1 has 0 polygons
2026-08-20 09:28:32 +0000: Memory Usage (139536K) : norcx_m5tm2 has 0 polygons
2026-08-20 09:28:32 +0000: Memory Usage (139536K) : norcx_tm1tm2 has 0 polygons
2026-08-20 09:28:32 +0000: Memory Usage (139536K) : norcx_m1sub has 0 polygons
2026-08-20 09:28:32 +0000: Memory Usage (139536K) : norcx_m2sub has 0 polygons
2026-08-20 09:28:32 +0000: Memory Usage (139536K) : norcx_m3sub has 0 polygons
2026-08-20 09:28:32 +0000: Memory Usage (139536K) : norcx_m4sub has 0 polygons
2026-08-20 09:28:32 +0000: Memory Usage (139536K) : norcx_m5sub has 0 polygons
2026-08-20 09:28:32 +0000: Memory Usage (139536K) : norcx_tm1sub has 0 polygons
2026-08-20 09:28:32 +0000: Memory Usage (139536K) : norcx_tm2sub has 0 polygons
2026-08-20 09:28:32 +0000: Memory Usage (139536K) : snsbotvia_drw has 0 polygons
2026-08-20 09:28:32 +0000: Memory Usage (139536K) : snstopvia_drw has 0 polygons
2026-08-20 09:28:32 +0000: Memory Usage (139536K) : deepvia_drw has 0 polygons
2026-08-20 09:28:32 +0000: Memory Usage (139536K) : fgetch_drw has 0 polygons
2026-08-20 09:28:32 +0000: Memory Usage (139536K) : ctrgat_drw has 0 polygons
2026-08-20 09:28:32 +0000: Memory Usage (139536K) : fgimp_drw has 0 polygons
2026-08-20 09:28:32 +0000: Memory Usage (139536K) : emwihv_drw has 0 polygons
2026-08-20 09:28:32 +0000: Memory Usage (139536K) : lbe_drw has 0 polygons
2026-08-20 09:28:32 +0000: Memory Usage (139536K) : alcustop_drw has 0 polygons
2026-08-20 09:28:32 +0000: Memory Usage (139536K) : nometfiller_drw has 0 polygons
2026-08-20 09:28:32 +0000: Memory Usage (139536K) : prboundary_drw has 0 polygons
2026-08-20 09:28:32 +0000: Memory Usage (139536K) : exchange0_drw has 0 polygons
2026-08-20 09:28:32 +0000: Memory Usage (139536K) : exchange0_pin has 0 polygons
2026-08-20 09:28:32 +0000: Memory Usage (139536K) : exchange0_text has 0 polygons
2026-08-20 09:28:32 +0000: Memory Usage (139536K) : exchange1_drw has 0 polygons
2026-08-20 09:28:32 +0000: Memory Usage (139536K) : exchange1_pin has 0 polygons
2026-08-20 09:28:32 +0000: Memory Usage (139536K) : exchange1_text has 0 polygons
2026-08-20 09:28:32 +0000: Memory Usage (139536K) : exchange2_drw has 0 polygons
2026-08-20 09:28:32 +0000: Memory Usage (139536K) : exchange2_pin has 0 polygons
2026-08-20 09:28:32 +0000: Memory Usage (139536K) : exchange2_text has 0 polygons
2026-08-20 09:28:32 +0000: Memory Usage (139536K) : exchange3_drw has 0 polygons
2026-08-20 09:28:32 +0000: Memory Usage (139536K) : exchange3_pin has 0 polygons
2026-08-20 09:28:32 +0000: Memory Usage (139536K) : exchange3_text has 0 polygons
2026-08-20 09:28:32 +0000: Memory Usage (139536K) : exchange4_drw has 0 polygons
2026-08-20 09:28:32 +0000: Memory Usage (139536K) : exchange4_pin has 0 polygons
2026-08-20 09:28:32 +0000: Memory Usage (139536K) : exchange4_text has 0 polygons
2026-08-20 09:28:32 +0000: Memory Usage (139536K) : isonwell_drw has 0 polygons
2026-08-20 09:28:32 +0000: Memory Usage (139536K) : Total no. of polygons in the design is 8048
2026-08-20 09:28:32 +0000: Memory Usage (139536K) : Starting base layers derivations
2026-08-20 09:28:32 +0000: Memory Usage (139536K) : Starting general LVS derivations
2026-08-20 09:28:32 +0000: Memory Usage (142916K) : Starting MOSFET DERIVATIONS
2026-08-20 09:28:32 +0000: Memory Usage (143556K) : Starting NMOS DERIVATIONS
2026-08-20 09:28:32 +0000: Memory Usage (143556K) : Starting PMOS DERIVATIONS
2026-08-20 09:28:32 +0000: Memory Usage (143556K) : Starting RF-MOSFET DERIVATIONS
2026-08-20 09:28:32 +0000: Memory Usage (143556K) : Starting RF-NMOS DERIVATIONS
2026-08-20 09:28:32 +0000: Memory Usage (143556K) : Starting RF-PMOS DERIVATIONS
2026-08-20 09:28:32 +0000: Memory Usage (143556K) : Starting BJT DERIVATIONS
2026-08-20 09:28:32 +0000: Memory Usage (143556K) : Starting NPN-BJT DERIVATIONS
2026-08-20 09:28:33 +0000: Memory Usage (143556K) : Starting PNP-BJT DERIVATIONS
2026-08-20 09:28:33 +0000: Memory Usage (143556K) : Starting DIODE DERIVATIONS
2026-08-20 09:28:33 +0000: Memory Usage (143556K) : Starting RESISTOR DERIVATIONS
2026-08-20 09:28:33 +0000: Memory Usage (143556K) : Starting CAP DERIVATIONS
2026-08-20 09:28:33 +0000: Memory Usage (143556K) : Starting CAP_CMOM DERIVATIONS
2026-08-20 09:28:33 +0000: Memory Usage (143556K) : Starting CAP_CMOMF DERIVATIONS
2026-08-20 09:28:33 +0000: Memory Usage (143556K) : Starting ESD DERIVATIONS
2026-08-20 09:28:33 +0000: Memory Usage (143556K) : Starting Inductor DERIVATIONS
2026-08-20 09:28:33 +0000: Memory Usage (143556K) : Starting Taps DERIVATIONS
2026-08-20 09:28:33 +0000: Memory Usage (143556K) : Starting SG13G2 LVS connectivity setup
2026-08-20 09:28:33 +0000: Memory Usage (143556K) : Starting SG13G2 LVS connectivity setup (Inter-layer)
2026-08-20 09:28:33 +0000: Memory Usage (143684K) : Starting SG13G2 LVS connectivity setup (Global)
2026-08-20 09:28:33 +0000: Memory Usage (143684K) : Starting LVS MOSFET CONNECTIONS
2026-08-20 09:28:33 +0000: Memory Usage (143684K) : Starting LVS RF-MOSFET CONNECTIONS
2026-08-20 09:28:33 +0000: Memory Usage (143684K) : Starting LVS BJT CONNECTIONS
2026-08-20 09:28:33 +0000: Memory Usage (143684K) : Starting LVS DIODE CONNECTIONS
2026-08-20 09:28:33 +0000: Memory Usage (143684K) : Starting RESISTOR CONNECTIONS
2026-08-20 09:28:33 +0000: Memory Usage (143684K) : Starting LVS CAP CONNECTIONS
2026-08-20 09:28:33 +0000: Memory Usage (143684K) : Starting CAP_CMOM CONNECTIONS
2026-08-20 09:28:33 +0000: Memory Usage (143684K) : Starting CAP_CMOMF CONNECTIONS
2026-08-20 09:28:33 +0000: Memory Usage (143684K) : Starting ESD CONNECTIONS
2026-08-20 09:28:33 +0000: Memory Usage (143684K) : Starting Inductor CONNECTIONS
2026-08-20 09:28:33 +0000: Memory Usage (143684K) : Starting LVS Taps CONNECTIONS
2026-08-20 09:28:33 +0000: Memory Usage (143684K) : Starting SG13G2 LVS DEVICES EXTRACTION
2026-08-20 09:28:33 +0000: Memory Usage (143684K) : Starting MOSFET EXTRACTION
2026-08-20 09:28:33 +0000: Memory Usage (143684K) : Starting NMOS EXTRACTION
2026-08-20 09:28:33 +0000: Memory Usage (143684K) : Extraction of NMOS-LV transistor
2026-08-20 09:28:33 +0000: Memory Usage (143684K) : Extraction of NMOS-HV transistor
2026-08-20 09:28:33 +0000: Memory Usage (143684K) : Starting PMOS EXTRACTION
2026-08-20 09:28:33 +0000: Memory Usage (143684K) : Extraction of PMOS-LV transistor
2026-08-20 09:28:33 +0000: Memory Usage (143684K) : Extraction of PMOS-HV transistor
2026-08-20 09:28:33 +0000: Memory Usage (143684K) : Starting RF-MOSFET EXTRACTION
2026-08-20 09:28:33 +0000: Memory Usage (143684K) : Extraction of RF-NMOS-LV transistor
2026-08-20 09:28:33 +0000: Memory Usage (143684K) : Extraction of RF-NMOS-HV transistor
2026-08-20 09:28:33 +0000: Memory Usage (143684K) : Extraction of RF-PMOS-LV transistor
2026-08-20 09:28:33 +0000: Memory Usage (143684K) : Extraction of RF-PMOS-HV transistor
2026-08-20 09:28:33 +0000: Memory Usage (143684K) : Starting BJT EXTRACTION
2026-08-20 09:28:33 +0000: Memory Usage (143684K) : Starting NPN-BJT EXTRACTION
2026-08-20 09:28:33 +0000: Memory Usage (143684K) : Extraction of npn13G2 BJT transistor
2026-08-20 09:28:33 +0000: Memory Usage (143684K) : Extraction of npn13G2L BJT transistor
2026-08-20 09:28:33 +0000: Memory Usage (143684K) : Extraction of npn13G2V BJT transistor
2026-08-20 09:28:33 +0000: Memory Usage (143684K) : Starting PNP-BJT EXTRACTION
2026-08-20 09:28:33 +0000: Memory Usage (143684K) : Extracting pnpMPA BJT
2026-08-20 09:28:33 +0000: Memory Usage (143684K) : Starting DIODE EXTRACTION
2026-08-20 09:28:33 +0000: Memory Usage (143684K) : Extracting dantenna diode
2026-08-20 09:28:33 +0000: Memory Usage (143684K) : Extracting dpantenna diode
2026-08-20 09:28:33 +0000: Memory Usage (143684K) : Extracting schottky_nbl1 diode
2026-08-20 09:28:33 +0000: Memory Usage (143684K) : Extracting isolbox diode
2026-08-20 09:28:33 +0000: Memory Usage (143684K) : Starting RESISTOR EXTRACTION
2026-08-20 09:28:33 +0000: Memory Usage (143684K) : Extracting rsil resistor
2026-08-20 09:28:33 +0000: Memory Usage (143684K) : Extracting rppd resistor
2026-08-20 09:28:33 +0000: Memory Usage (143684K) : Extracting rhigh resistor
2026-08-20 09:28:33 +0000: Memory Usage (143684K) : Extracting res_metal1 resistor
2026-08-20 09:28:33 +0000: Memory Usage (143812K) : Extracting res_metal2 resistor
2026-08-20 09:28:33 +0000: Memory Usage (143812K) : Extracting res_metal3 resistor
2026-08-20 09:28:33 +0000: Memory Usage (143812K) : Extracting res_metal4 resistor
2026-08-20 09:28:33 +0000: Memory Usage (143812K) : Extracting res_metal5 resistor
2026-08-20 09:28:33 +0000: Memory Usage (143812K) : Extracting res_topmetal1 resistor
2026-08-20 09:28:33 +0000: Memory Usage (143812K) : Extracting res_topmetal2 resistor
2026-08-20 09:28:33 +0000: Memory Usage (143812K) : Starting CAP EXTRACTION
2026-08-20 09:28:33 +0000: Memory Usage (143812K) : Extracting cap_cmim device
2026-08-20 09:28:33 +0000: Memory Usage (143812K) : Extracting rfcmim device
2026-08-20 09:28:33 +0000: Memory Usage (143812K) : Extracting sg13_hv_svaricap varactor
2026-08-20 09:28:33 +0000: Memory Usage (143812K) : Extracting cap_cmomi device
2026-08-20 09:28:33 +0000: Memory Usage (143812K) : Extracting cap_cmomf device
2026-08-20 09:28:33 +0000: Memory Usage (143812K) : Extracting sg13_moscap_n capacitor
2026-08-20 09:28:33 +0000: Memory Usage (143812K) : Extracting sg13_moscap_p capacitor
2026-08-20 09:28:33 +0000: Memory Usage (143812K) : Starting ESD EXTRACTION
2026-08-20 09:28:33 +0000: Memory Usage (143812K) : Extracting diodevdd_2kv ESD device
2026-08-20 09:28:33 +0000: Memory Usage (143940K) : Extracting diodevdd_4kv ESD device
2026-08-20 09:28:33 +0000: Memory Usage (143940K) : Extracting diodevss_2kv ESD device
2026-08-20 09:28:33 +0000: Memory Usage (143940K) : Extracting diodevss_4kv ESD device
2026-08-20 09:28:33 +0000: Memory Usage (143940K) : Extracting idiodevdd_2kv ESD device
2026-08-20 09:28:33 +0000: Memory Usage (143940K) : Extracting idiodevdd_4kv ESD device
2026-08-20 09:28:33 +0000: Memory Usage (143940K) : Extracting idiodevss_2kv ESD device
2026-08-20 09:28:33 +0000: Memory Usage (143940K) : Extracting idiodevss_4kv ESD device
2026-08-20 09:28:33 +0000: Memory Usage (143940K) : Extracting nmoscl_2 ESD device
2026-08-20 09:28:33 +0000: Memory Usage (143940K) : Extracting nmoscl_4 ESD device
2026-08-20 09:28:33 +0000: Memory Usage (143940K) : Starting Inductor EXTRACTION
2026-08-20 09:28:33 +0000: Memory Usage (143940K) : Extracting Inductor2 device
2026-08-20 09:28:33 +0000: Memory Usage (143940K) : Extracting Inductor3 device
2026-08-20 09:28:33 +0000: Memory Usage (143940K) : Starting Taps EXTRACTION
2026-08-20 09:28:33 +0000: Memory Usage (143940K) : DISABLE_TAP_EXTRACTION is enabled: skipping ntap1/ptap1 device extraction.
2026-08-20 09:28:33 +0000: Memory Usage (143940K) : Starting SG13G2 LVS RF MOS Model Mapping
2026-08-20 09:28:33 +0000: Memory Usage (143940K) : [layout_netlist] Apply RF MOS model mapping and rfmode parameter.
2026-08-20 09:28:33 +0000: Memory Usage (143940K) : Starting SG13G2 LVS Options Preparations
2026-08-20 09:28:33 +0000: Memory Usage (143940K) : SG13G2 LVS flow: extraction -> alignment -> option preparation -> comparison.
2026-08-20 09:28:33 +0000: Memory Usage (143940K) : Starting SG13G2 LVS Alignment
2026-08-20 09:28:33 +0000: Memory Usage (144068K) : Starting SG13G2 LVS Simplification
2026-08-20 09:28:33 +0000: Memory Usage (144068K) : [layout_netlist] simplify: ENABLED
2026-08-20 09:28:33 +0000: Memory Usage (144068K) : [layout_netlist] make_top_level_pins: SKIPPED
2026-08-20 09:28:33 +0000: Memory Usage (144068K) : [layout_netlist] combine_devices: SKIPPED
2026-08-20 09:28:33 +0000: Memory Usage (144068K) : [layout_netlist] purge: SKIPPED
2026-08-20 09:28:33 +0000: Memory Usage (144068K) : [layout_netlist] purge_nets: SKIPPED
2026-08-20 09:28:33 +0000: Memory Usage (144068K) : [schematic_netlist] simplify: ENABLED
2026-08-20 09:28:33 +0000: Memory Usage (144068K) : [schematic_netlist] make_top_level_pins: SKIPPED
2026-08-20 09:28:33 +0000: Memory Usage (144068K) : [schematic_netlist] combine_devices: SKIPPED
2026-08-20 09:28:33 +0000: Memory Usage (144068K) : [schematic_netlist] purge: SKIPPED
2026-08-20 09:28:33 +0000: Memory Usage (144068K) : [schematic_netlist] purge_nets: SKIPPED
2026-08-20 09:28:33 +0000: Memory Usage (144068K) : Starting SG13G2 LVS Comparison
2026-08-20 09:28:33 +0000: Memory Usage (144068K) : xxxxxxxxxxxxxxxxxxxxxxxxxxxxxxxxxxxxxxxxxx
2026-08-20 09:28:33 +0000: Memory Usage (144068K) : ERROR : Netlists don't match
2026-08-20 09:28:33 +0000: Memory Usage (144068K) : xxxxxxxxxxxxxxxxxxxxxxxxxxxxxxxxxxxxxxxxxx
2026-08-20 09:28:33 +0000: Memory Usage (144068K) : LVS Total Run time 0.608400 seconds
2026-08-20 09:32:05 +0000: Memory Usage (128788K) : Starting running SG13G2 Klayout LVS runset on /workspace/layout/blocks/out/term_stage/_bisect/pads_esd.gds
2026-08-20 09:32:05 +0000: Memory Usage (128788K) : Ruby Version for klayout: 3.2.3
2026-08-20 09:32:05 +0000: Memory Usage (129872K) : Loading database to memory is complete.
2026-08-20 09:32:05 +0000: Memory Usage (129872K) : SG13G2 Klayout LVS runset output at: /workspace/layout/blocks/out/term_stage/_bisect/pads_esd/pads_esd.lvsdb
2026-08-20 09:32:05 +0000: Memory Usage (129872K) : Evaluate switches.
2026-08-20 09:32:05 +0000: Memory Usage (129872K) : Extracted netlist with net names: true
2026-08-20 09:32:05 +0000: Memory Usage (129872K) : Extracted netlist with comments in details: false
2026-08-20 09:32:05 +0000: Memory Usage (129872K) : Selected NET_ONLY option: false
2026-08-20 09:32:05 +0000: Memory Usage (129872K) : Selected LAYOUT_NETLIST option: (none)
2026-08-20 09:32:05 +0000: Memory Usage (129872K) : Selected IGNORE_TOP_PORTS_MISMATCH option: true
2026-08-20 09:32:05 +0000: Memory Usage (129872K) : Selected IMPLICIT_NETS option: sub,sub!
2026-08-20 09:32:05 +0000: Memory Usage (129872K) : Selected TOP_LVL_PINS option: false
2026-08-20 09:32:05 +0000: Memory Usage (129872K) : Selected COMBINE DEVICES option: false
2026-08-20 09:32:05 +0000: Memory Usage (129872K) : Selected PURGE option: false
2026-08-20 09:32:05 +0000: Memory Usage (129872K) : Selected PURGE_NETS option: false
2026-08-20 09:32:05 +0000: Memory Usage (129872K) : Selected SIMPLIFY option: true
2026-08-20 09:32:05 +0000: Memory Usage (129872K) : Selected SERIES_RES option: true
2026-08-20 09:32:05 +0000: Memory Usage (129872K) : Selected PARALLEL_RES option: true
2026-08-20 09:32:05 +0000: Memory Usage (129872K) : Selected DISABLE_TAP_EXTRACTION option: true
2026-08-20 09:32:05 +0000: Memory Usage (129872K) : deep  mode is enabled.
2026-08-20 09:32:05 +0000: Memory Usage (129872K) : Applying implicit connections (case-sensitive, pattern supported) for nets: sub, sub!
2026-08-20 09:32:05 +0000: Memory Usage (131116K) : Netlist file: /workspace/layout/blocks/out/term_stage/_bisect/pads_esd.cdl
2026-08-20 09:32:05 +0000: Memory Usage (131116K) : LVS extracted netlist at: /workspace/layout/blocks/out/term_stage/_bisect/pads_esd/pads_esd_extracted.cir
2026-08-20 09:32:05 +0000: Memory Usage (131116K) : Applying SRAM integration support.
2026-08-20 09:32:05 +0000: Memory Usage (131116K) : Starting SG13G2 LVS runset
2026-08-20 09:32:05 +0000: Memory Usage (131116K) : Read in polygons from layers.
2026-08-20 09:32:05 +0000: Memory Usage (132288K) : activ_drw has 24 polygons
2026-08-20 09:32:05 +0000: Memory Usage (132288K) : activ_filler has 0 polygons
2026-08-20 09:32:05 +0000: Memory Usage (132416K) : activ has 24 polygons
2026-08-20 09:32:05 +0000: Memory Usage (132416K) : activ_pin has 0 polygons
2026-08-20 09:32:05 +0000: Memory Usage (132416K) : activ_mask has 0 polygons
2026-08-20 09:32:05 +0000: Memory Usage (132416K) : activ_nofill has 0 polygons
2026-08-20 09:32:05 +0000: Memory Usage (132416K) : activ_OPC has 0 polygons
2026-08-20 09:32:05 +0000: Memory Usage (132416K) : activ_iOPC has 0 polygons
2026-08-20 09:32:05 +0000: Memory Usage (132416K) : activ_noqrc has 0 polygons
2026-08-20 09:32:05 +0000: Memory Usage (132416K) : biwind_drw has 0 polygons
2026-08-20 09:32:05 +0000: Memory Usage (132416K) : biwind_OPC has 0 polygons
2026-08-20 09:32:05 +0000: Memory Usage (132416K) : gatpoly_drw has 0 polygons
2026-08-20 09:32:05 +0000: Memory Usage (132416K) : gatpoly_filler has 0 polygons
2026-08-20 09:32:05 +0000: Memory Usage (132416K) : gatpoly has 0 polygons
2026-08-20 09:32:05 +0000: Memory Usage (132508K) : gatpoly_pin has 0 polygons
2026-08-20 09:32:05 +0000: Memory Usage (133020K) : gatpoly_nofill has 0 polygons
2026-08-20 09:32:05 +0000: Memory Usage (133020K) : gatpoly_OPC has 0 polygons
2026-08-20 09:32:05 +0000: Memory Usage (133020K) : gatpoly_iOPC has 0 polygons
2026-08-20 09:32:05 +0000: Memory Usage (133020K) : gatpoly_noqrc has 0 polygons
2026-08-20 09:32:05 +0000: Memory Usage (133148K) : cont_drw has 4316 polygons
2026-08-20 09:32:05 +0000: Memory Usage (133148K) : cont_OPC has 0 polygons
2026-08-20 09:32:05 +0000: Memory Usage (133148K) : nsd_drw has 0 polygons
2026-08-20 09:32:05 +0000: Memory Usage (133148K) : nsd_block has 0 polygons
2026-08-20 09:32:05 +0000: Memory Usage (133148K) : metal1_drw has 24 polygons
2026-08-20 09:32:05 +0000: Memory Usage (133148K) : metal1_filler has 0 polygons
2026-08-20 09:32:05 +0000: Memory Usage (133148K) : metal1_slit has 0 polygons
2026-08-20 09:32:05 +0000: Memory Usage (133148K) : metal1 has 24 polygons
2026-08-20 09:32:05 +0000: Memory Usage (133148K) : metal1_pin has 4 polygons
2026-08-20 09:32:05 +0000: Memory Usage (133148K) : metal1_mask has 0 polygons
2026-08-20 09:32:05 +0000: Memory Usage (133148K) : metal1_nofill has 0 polygons
2026-08-20 09:32:05 +0000: Memory Usage (133276K) : metal1_text has 0 polygons
2026-08-20 09:32:05 +0000: Memory Usage (133276K) : metal1_OPC has 0 polygons
2026-08-20 09:32:05 +0000: Memory Usage (133276K) : metal1_noqrc has 0 polygons
2026-08-20 09:32:05 +0000: Memory Usage (133276K) : metal1_res has 0 polygons
2026-08-20 09:32:05 +0000: Memory Usage (133276K) : metal1_iprobe has 0 polygons
2026-08-20 09:32:05 +0000: Memory Usage (133404K) : metal1_diffprb has 0 polygons
2026-08-20 09:32:05 +0000: Memory Usage (133404K) : passiv_drw has 2 polygons
2026-08-20 09:32:05 +0000: Memory Usage (133404K) : passiv_pin has 0 polygons
2026-08-20 09:32:05 +0000: Memory Usage (133532K) : passiv_sbump has 0 polygons
2026-08-20 09:32:05 +0000: Memory Usage (133532K) : passiv_pillar has 0 polygons
2026-08-20 09:32:05 +0000: Memory Usage (133660K) : passiv_pdl has 0 polygons
2026-08-20 09:32:05 +0000: Memory Usage (133660K) : metal2_drw has 20 polygons
2026-08-20 09:32:05 +0000: Memory Usage (133660K) : metal2_filler has 0 polygons
2026-08-20 09:32:05 +0000: Memory Usage (133788K) : metal2_slit has 0 polygons
2026-08-20 09:32:05 +0000: Memory Usage (133788K) : metal2 has 20 polygons
2026-08-20 09:32:05 +0000: Memory Usage (133788K) : metal2_pin has 8 polygons
2026-08-20 09:32:05 +0000: Memory Usage (133916K) : metal2_mask has 0 polygons
2026-08-20 09:32:05 +0000: Memory Usage (133916K) : metal2_nofill has 0 polygons
2026-08-20 09:32:05 +0000: Memory Usage (134044K) : metal2_text has 4 polygons
2026-08-20 09:32:05 +0000: Memory Usage (134172K) : metal2_OPC has 0 polygons
2026-08-20 09:32:05 +0000: Memory Usage (134172K) : metal2_noqrc has 0 polygons
2026-08-20 09:32:05 +0000: Memory Usage (134172K) : metal2_res has 0 polygons
2026-08-20 09:32:05 +0000: Memory Usage (134300K) : metal2_iprobe has 0 polygons
2026-08-20 09:32:05 +0000: Memory Usage (134300K) : metal2_diffprb has 0 polygons
2026-08-20 09:32:05 +0000: Memory Usage (134300K) : baspoly_drw has 0 polygons
2026-08-20 09:32:05 +0000: Memory Usage (134428K) : baspoly_pin has 0 polygons
2026-08-20 09:32:05 +0000: Memory Usage (134428K) : psd_drw has 12 polygons
2026-08-20 09:32:05 +0000: Memory Usage (134428K) : nldb_drw has 0 polygons
2026-08-20 09:32:05 +0000: Memory Usage (134428K) : digibnd_drw has 0 polygons
2026-08-20 09:32:05 +0000: Memory Usage (134556K) : via1_drw has 864 polygons
2026-08-20 09:32:05 +0000: Memory Usage (134556K) : backmetal1_drw has 0 polygons
2026-08-20 09:32:05 +0000: Memory Usage (134556K) : backmetal1_pin has 0 polygons
2026-08-20 09:32:05 +0000: Memory Usage (134556K) : backmetal1_mask has 0 polygons
2026-08-20 09:32:05 +0000: Memory Usage (134684K) : backmetal1_filler has 0 polygons
2026-08-20 09:32:05 +0000: Memory Usage (134684K) : backmetal1_nofill has 0 polygons
2026-08-20 09:32:05 +0000: Memory Usage (134684K) : backmetal1_slit has 0 polygons
2026-08-20 09:32:05 +0000: Memory Usage (134684K) : backmetal1_text has 0 polygons
2026-08-20 09:32:05 +0000: Memory Usage (134812K) : backmetal1_OPC has 0 polygons
2026-08-20 09:32:05 +0000: Memory Usage (134812K) : backmetal1_noqrc has 0 polygons
2026-08-20 09:32:05 +0000: Memory Usage (134812K) : backmetal1_res has 0 polygons
2026-08-20 09:32:05 +0000: Memory Usage (134812K) : backmetal1_iprobe has 0 polygons
2026-08-20 09:32:05 +0000: Memory Usage (134940K) : backmetal1_diffprb has 0 polygons
2026-08-20 09:32:05 +0000: Memory Usage (134940K) : backpassiv_drw has 0 polygons
2026-08-20 09:32:05 +0000: Memory Usage (134940K) : res_drw has 0 polygons
2026-08-20 09:32:05 +0000: Memory Usage (134940K) : sram_drw has 0 polygons
2026-08-20 09:32:05 +0000: Memory Usage (135068K) : trans_drw has 0 polygons
2026-08-20 09:32:05 +0000: Memory Usage (135068K) : ind_drw has 0 polygons
2026-08-20 09:32:05 +0000: Memory Usage (135068K) : ind_pin has 0 polygons
2026-08-20 09:32:05 +0000: Memory Usage (135068K) : ind_text has 0 polygons
2026-08-20 09:32:05 +0000: Memory Usage (135196K) : salblock_drw has 0 polygons
2026-08-20 09:32:05 +0000: Memory Usage (135196K) : via2_drw has 16 polygons
2026-08-20 09:32:05 +0000: Memory Usage (135196K) : metal3_drw has 8 polygons
2026-08-20 09:32:05 +0000: Memory Usage (135196K) : metal3_filler has 0 polygons
2026-08-20 09:32:05 +0000: Memory Usage (135324K) : metal3_slit has 0 polygons
2026-08-20 09:32:05 +0000: Memory Usage (135324K) : metal3 has 8 polygons
2026-08-20 09:32:05 +0000: Memory Usage (135324K) : metal3_pin has 0 polygons
2026-08-20 09:32:05 +0000: Memory Usage (135452K) : metal3_mask has 0 polygons
2026-08-20 09:32:05 +0000: Memory Usage (135452K) : metal3_nofill has 0 polygons
2026-08-20 09:32:05 +0000: Memory Usage (135452K) : metal3_text has 0 polygons
2026-08-20 09:32:05 +0000: Memory Usage (135452K) : metal3_OPC has 0 polygons
2026-08-20 09:32:05 +0000: Memory Usage (135580K) : metal3_noqrc has 0 polygons
2026-08-20 09:32:05 +0000: Memory Usage (135580K) : metal3_res has 0 polygons
2026-08-20 09:32:05 +0000: Memory Usage (135580K) : metal3_iprobe has 0 polygons
2026-08-20 09:32:05 +0000: Memory Usage (135708K) : metal3_diffprb has 0 polygons
2026-08-20 09:32:05 +0000: Memory Usage (135708K) : nwell_drw has 10 polygons
2026-08-20 09:32:05 +0000: Memory Usage (135708K) : nwell_pin has 0 polygons
2026-08-20 09:32:05 +0000: Memory Usage (135708K) : nwell_text has 0 polygons
2026-08-20 09:32:05 +0000: Memory Usage (135836K) : nbulay_drw has 0 polygons
2026-08-20 09:32:05 +0000: Memory Usage (135836K) : nbulay_pin has 0 polygons
2026-08-20 09:32:05 +0000: Memory Usage (135836K) : nbulay_block has 0 polygons
2026-08-20 09:32:05 +0000: Memory Usage (135836K) : emwind_drw has 0 polygons
2026-08-20 09:32:05 +0000: Memory Usage (135836K) : emwind_OPC has 0 polygons
2026-08-20 09:32:05 +0000: Memory Usage (135836K) : deepco_drw has 0 polygons
2026-08-20 09:32:05 +0000: Memory Usage (135836K) : mim_drw has 0 polygons
2026-08-20 09:32:05 +0000: Memory Usage (135836K) : edgeseal_drw has 0 polygons
2026-08-20 09:32:05 +0000: Memory Usage (135836K) : substrate_drw has 0 polygons
2026-08-20 09:32:05 +0000: Memory Usage (135836K) : substrate_text has 0 polygons
2026-08-20 09:32:05 +0000: Memory Usage (135836K) : dfpad_drw has 2 polygons
2026-08-20 09:32:05 +0000: Memory Usage (135836K) : dfpad_pillar has 0 polygons
2026-08-20 09:32:05 +0000: Memory Usage (135836K) : dfpad_sbump has 0 polygons
2026-08-20 09:32:05 +0000: Memory Usage (135836K) : thickgateox_drw has 0 polygons
2026-08-20 09:32:05 +0000: Memory Usage (135836K) : pldb_drw has 0 polygons
2026-08-20 09:32:05 +0000: Memory Usage (135836K) : pwell_drw has 0 polygons
2026-08-20 09:32:05 +0000: Memory Usage (135964K) : pwell_pin has 0 polygons
2026-08-20 09:32:05 +0000: Memory Usage (135964K) : pwell_block has 0 polygons
2026-08-20 09:32:05 +0000: Memory Usage (135964K) : ic_drw has 0 polygons
2026-08-20 09:32:05 +0000: Memory Usage (135964K) : via3_drw has 992 polygons
2026-08-20 09:32:05 +0000: Memory Usage (135964K) : metal4_drw has 10 polygons
2026-08-20 09:32:05 +0000: Memory Usage (136092K) : metal4_filler has 0 polygons
2026-08-20 09:32:05 +0000: Memory Usage (136092K) : metal4_slit has 0 polygons
2026-08-20 09:32:05 +0000: Memory Usage (136092K) : metal4 has 10 polygons
2026-08-20 09:32:05 +0000: Memory Usage (136092K) : metal4_pin has 0 polygons
2026-08-20 09:32:05 +0000: Memory Usage (136092K) : metal4_mask has 0 polygons
2026-08-20 09:32:05 +0000: Memory Usage (136220K) : metal4_nofill has 0 polygons
2026-08-20 09:32:05 +0000: Memory Usage (136220K) : metal4_text has 4 polygons
2026-08-20 09:32:05 +0000: Memory Usage (136220K) : metal4_OPC has 0 polygons
2026-08-20 09:32:05 +0000: Memory Usage (136220K) : metal4_noqrc has 0 polygons
2026-08-20 09:32:05 +0000: Memory Usage (136220K) : metal4_res has 0 polygons
2026-08-20 09:32:05 +0000: Memory Usage (136220K) : metal4_iprobe has 0 polygons
2026-08-20 09:32:05 +0000: Memory Usage (136348K) : metal4_diffprb has 0 polygons
2026-08-20 09:32:05 +0000: Memory Usage (136348K) : heattrans_drw has 0 polygons
2026-08-20 09:32:05 +0000: Memory Usage (136348K) : heatres_drw has 0 polygons
2026-08-20 09:32:05 +0000: Memory Usage (136348K) : fbe_drw has 0 polygons
2026-08-20 09:32:05 +0000: Memory Usage (136348K) : empoly_drw has 0 polygons
2026-08-20 09:32:05 +0000: Memory Usage (136348K) : digisub_drw has 0 polygons
2026-08-20 09:32:05 +0000: Memory Usage (136476K) : text_drw has 16 polygons
2026-08-20 09:32:05 +0000: Memory Usage (136476K) : via4_drw has 992 polygons
2026-08-20 09:32:05 +0000: Memory Usage (136476K) : metal5_drw has 26 polygons
2026-08-20 09:32:05 +0000: Memory Usage (136476K) : metal5_filler has 0 polygons
2026-08-20 09:32:05 +0000: Memory Usage (136476K) : metal5_slit has 0 polygons
2026-08-20 09:32:05 +0000: Memory Usage (136476K) : metal5 has 26 polygons
2026-08-20 09:32:05 +0000: Memory Usage (136604K) : metal5_pin has 0 polygons
2026-08-20 09:32:05 +0000: Memory Usage (136604K) : metal5_mask has 0 polygons
2026-08-20 09:32:05 +0000: Memory Usage (136604K) : metal5_nofill has 0 polygons
2026-08-20 09:32:05 +0000: Memory Usage (136604K) : metal5_text has 0 polygons
2026-08-20 09:32:05 +0000: Memory Usage (136604K) : metal5_OPC has 0 polygons
2026-08-20 09:32:05 +0000: Memory Usage (136604K) : metal5_noqrc has 0 polygons
2026-08-20 09:32:05 +0000: Memory Usage (136604K) : metal5_res has 0 polygons
2026-08-20 09:32:05 +0000: Memory Usage (136604K) : metal5_iprobe has 0 polygons
2026-08-20 09:32:05 +0000: Memory Usage (136732K) : metal5_diffprb has 0 polygons
2026-08-20 09:32:05 +0000: Memory Usage (136732K) : radhard_drw has 0 polygons
2026-08-20 09:32:05 +0000: Memory Usage (136732K) : memcap_drw has 0 polygons
2026-08-20 09:32:05 +0000: Memory Usage (136732K) : varicap_drw has 0 polygons
2026-08-20 09:32:05 +0000: Memory Usage (136732K) : intbondvia_drw has 0 polygons
2026-08-20 09:32:05 +0000: Memory Usage (136860K) : intbondmet_drw has 0 polygons
2026-08-20 09:32:05 +0000: Memory Usage (136860K) : devbondvia_drw has 0 polygons
2026-08-20 09:32:05 +0000: Memory Usage (136860K) : devbondmet_drw has 0 polygons
2026-08-20 09:32:05 +0000: Memory Usage (136860K) : devtrench_drw has 0 polygons
2026-08-20 09:32:05 +0000: Memory Usage (136860K) : redist_drw has 0 polygons
2026-08-20 09:32:05 +0000: Memory Usage (136860K) : graphbot_drw has 0 polygons
2026-08-20 09:32:05 +0000: Memory Usage (136988K) : graphtop_drw has 0 polygons
2026-08-20 09:32:05 +0000: Memory Usage (136988K) : antvia1_drw has 0 polygons
2026-08-20 09:32:05 +0000: Memory Usage (136988K) : antmetal2_drw has 0 polygons
2026-08-20 09:32:05 +0000: Memory Usage (136988K) : graphcont_drw has 0 polygons
2026-08-20 09:32:05 +0000: Memory Usage (136988K) : siwg_drw has 0 polygons
2026-08-20 09:32:05 +0000: Memory Usage (136988K) : siwg_filler has 0 polygons
2026-08-20 09:32:05 +0000: Memory Usage (137116K) : siwg_nofill has 0 polygons
2026-08-20 09:32:05 +0000: Memory Usage (137116K) : sigrating_drw has 0 polygons
2026-08-20 09:32:05 +0000: Memory Usage (137116K) : singrating_drw has 0 polygons
2026-08-20 09:32:05 +0000: Memory Usage (137116K) : graphpas_drw has 0 polygons
2026-08-20 09:32:05 +0000: Memory Usage (137116K) : emwind3_drw has 0 polygons
2026-08-20 09:32:05 +0000: Memory Usage (137116K) : emwihv3_drw has 0 polygons
2026-08-20 09:32:05 +0000: Memory Usage (137244K) : redbulay_drw has 0 polygons
2026-08-20 09:32:05 +0000: Memory Usage (137244K) : smos_drw has 0 polygons
2026-08-20 09:32:05 +0000: Memory Usage (137244K) : graphpad_drw has 0 polygons
2026-08-20 09:32:05 +0000: Memory Usage (137244K) : polimide_drw has 0 polygons
2026-08-20 09:32:05 +0000: Memory Usage (137244K) : polimide_pin has 0 polygons
2026-08-20 09:32:05 +0000: Memory Usage (137244K) : recog_drw has 0 polygons
2026-08-20 09:32:05 +0000: Memory Usage (137372K) : recog_pin has 0 polygons
2026-08-20 09:32:05 +0000: Memory Usage (137372K) : recog_esd has 4 polygons
2026-08-20 09:32:05 +0000: Memory Usage (137372K) : recog_diode has 0 polygons
2026-08-20 09:32:05 +0000: Memory Usage (137372K) : recog_tsv has 0 polygons
2026-08-20 09:32:05 +0000: Memory Usage (137372K) : recog_iprobe has 0 polygons
2026-08-20 09:32:05 +0000: Memory Usage (137372K) : recog_diffprb has 0 polygons
2026-08-20 09:32:05 +0000: Memory Usage (137500K) : recog_pillar has 0 polygons
2026-08-20 09:32:05 +0000: Memory Usage (137500K) : recog_sbump has 0 polygons
2026-08-20 09:32:05 +0000: Memory Usage (137500K) : recog_otp has 0 polygons
2026-08-20 09:32:05 +0000: Memory Usage (137500K) : recog_pdiode has 0 polygons
2026-08-20 09:32:05 +0000: Memory Usage (137500K) : recog_mom has 0 polygons
2026-08-20 09:32:05 +0000: Memory Usage (137500K) : recog_momf has 0 polygons
2026-08-20 09:32:05 +0000: Memory Usage (137628K) : recog_pcm has 0 polygons
2026-08-20 09:32:05 +0000: Memory Usage (137628K) : colopen_drw has 0 polygons
2026-08-20 09:32:05 +0000: Memory Usage (137628K) : graphmetal1_drw has 0 polygons
2026-08-20 09:32:05 +0000: Memory Usage (137628K) : graphmetal1_filler has 0 polygons
2026-08-20 09:32:05 +0000: Memory Usage (137628K) : graphmetal1_nofill has 0 polygons
2026-08-20 09:32:05 +0000: Memory Usage (137628K) : graphmetal1_slit has 0 polygons
2026-08-20 09:32:05 +0000: Memory Usage (137756K) : graphmetal1_OPC has 0 polygons
2026-08-20 09:32:05 +0000: Memory Usage (137756K) : graphmet1l_drw has 0 polygons
2026-08-20 09:32:05 +0000: Memory Usage (137756K) : graphmet1l_filler has 0 polygons
2026-08-20 09:32:05 +0000: Memory Usage (137756K) : graphmet1l_nofill has 0 polygons
2026-08-20 09:32:05 +0000: Memory Usage (137756K) : graphmet1l_slit has 0 polygons
2026-08-20 09:32:05 +0000: Memory Usage (137756K) : graphmet1l_OPC has 0 polygons
2026-08-20 09:32:05 +0000: Memory Usage (137884K) : extblock_drw has 0 polygons
2026-08-20 09:32:05 +0000: Memory Usage (137884K) : nldd_drw has 0 polygons
2026-08-20 09:32:05 +0000: Memory Usage (137884K) : pldd_drw has 0 polygons
2026-08-20 09:32:05 +0000: Memory Usage (137884K) : next_drw has 0 polygons
2026-08-20 09:32:05 +0000: Memory Usage (137884K) : pext_drw has 0 polygons
2026-08-20 09:32:05 +0000: Memory Usage (138012K) : nexthv_drw has 0 polygons
2026-08-20 09:32:05 +0000: Memory Usage (138012K) : pexthv_drw has 0 polygons
2026-08-20 09:32:05 +0000: Memory Usage (138012K) : graphgate_drw has 0 polygons
2026-08-20 09:32:05 +0000: Memory Usage (138012K) : sinwg_drw has 0 polygons
2026-08-20 09:32:05 +0000: Memory Usage (138012K) : sinwg_filler has 0 polygons
2026-08-20 09:32:05 +0000: Memory Usage (138012K) : sinwg_nofill has 0 polygons
2026-08-20 09:32:05 +0000: Memory Usage (138140K) : mempad_drw has 0 polygons
2026-08-20 09:32:05 +0000: Memory Usage (138140K) : topvia1_drw has 476 polygons
2026-08-20 09:32:05 +0000: Memory Usage (138140K) : topmetal1_drw has 8 polygons
2026-08-20 09:32:05 +0000: Memory Usage (138140K) : topmetal1_filler has 0 polygons
2026-08-20 09:32:05 +0000: Memory Usage (138140K) : topmetal1_slit has 0 polygons
2026-08-20 09:32:05 +0000: Memory Usage (138140K) : topmetal1 has 8 polygons
2026-08-20 09:32:05 +0000: Memory Usage (138140K) : topmetal1_pin has 0 polygons
2026-08-20 09:32:05 +0000: Memory Usage (138268K) : topmetal1_mask has 0 polygons
2026-08-20 09:32:05 +0000: Memory Usage (138268K) : topmetal1_nofill has 0 polygons
2026-08-20 09:32:05 +0000: Memory Usage (138268K) : topmetal1_text has 0 polygons
2026-08-20 09:32:05 +0000: Memory Usage (138268K) : topmetal1_noqrc has 0 polygons
2026-08-20 09:32:05 +0000: Memory Usage (138268K) : topmetal1_res has 0 polygons
2026-08-20 09:32:05 +0000: Memory Usage (138268K) : topmetal1_iprobe has 0 polygons
2026-08-20 09:32:05 +0000: Memory Usage (138396K) : topmetal1_diffprb has 0 polygons
2026-08-20 09:32:05 +0000: Memory Usage (138396K) : inldpwl_drw has 0 polygons
2026-08-20 09:32:05 +0000: Memory Usage (138396K) : polyres_drw has 0 polygons
2026-08-20 09:32:05 +0000: Memory Usage (138396K) : polyres_pin has 0 polygons
2026-08-20 09:32:05 +0000: Memory Usage (138396K) : vmim_drw has 0 polygons
2026-08-20 09:32:05 +0000: Memory Usage (138396K) : nbulaycut_drw has 0 polygons
2026-08-20 09:32:05 +0000: Memory Usage (138524K) : antmetal1_drw has 0 polygons
2026-08-20 09:32:05 +0000: Memory Usage (138524K) : topvia2_drw has 196 polygons
2026-08-20 09:32:05 +0000: Memory Usage (138524K) : topmetal2_drw has 6 polygons
2026-08-20 09:32:05 +0000: Memory Usage (138524K) : topmetal2_filler has 0 polygons
2026-08-20 09:32:05 +0000: Memory Usage (138524K) : topmetal2_slit has 0 polygons
2026-08-20 09:32:05 +0000: Memory Usage (138652K) : topmetal2 has 6 polygons
2026-08-20 09:32:05 +0000: Memory Usage (138652K) : topmetal2_pin has 0 polygons
2026-08-20 09:32:05 +0000: Memory Usage (138652K) : topmetal2_mask has 0 polygons
2026-08-20 09:32:05 +0000: Memory Usage (138652K) : topmetal2_nofill has 0 polygons
2026-08-20 09:32:05 +0000: Memory Usage (138652K) : topmetal2_text has 4 polygons
2026-08-20 09:32:05 +0000: Memory Usage (138652K) : topmetal2_noqrc has 0 polygons
2026-08-20 09:32:05 +0000: Memory Usage (138780K) : topmetal2_res has 0 polygons
2026-08-20 09:32:05 +0000: Memory Usage (138780K) : topmetal2_iprobe has 0 polygons
2026-08-20 09:32:05 +0000: Memory Usage (138780K) : topmetal2_diffprb has 0 polygons
2026-08-20 09:32:05 +0000: Memory Usage (138780K) : snsring_drw has 0 polygons
2026-08-20 09:32:05 +0000: Memory Usage (138908K) : sensor_drw has 0 polygons
2026-08-20 09:32:05 +0000: Memory Usage (138908K) : snsarms_drw has 0 polygons
2026-08-20 09:32:05 +0000: Memory Usage (139036K) : snscmosvia_drw has 0 polygons
2026-08-20 09:32:05 +0000: Memory Usage (139036K) : colwind_drw has 0 polygons
2026-08-20 09:32:05 +0000: Memory Usage (139036K) : flm_drw has 0 polygons
2026-08-20 09:32:05 +0000: Memory Usage (139036K) : hafniumox_drw has 0 polygons
2026-08-20 09:32:05 +0000: Memory Usage (139164K) : memvia_drw has 0 polygons
2026-08-20 09:32:05 +0000: Memory Usage (139164K) : thinfilmres_drw has 0 polygons
2026-08-20 09:32:05 +0000: Memory Usage (139164K) : rfmem_drw has 0 polygons
2026-08-20 09:32:05 +0000: Memory Usage (139164K) : norcx_drw has 0 polygons
2026-08-20 09:32:05 +0000: Memory Usage (139292K) : norcx_m2m3 has 0 polygons
2026-08-20 09:32:05 +0000: Memory Usage (139292K) : norcx_m2m4 has 0 polygons
2026-08-20 09:32:05 +0000: Memory Usage (139292K) : norcx_m2m5 has 0 polygons
2026-08-20 09:32:05 +0000: Memory Usage (139292K) : norcx_m2tm1 has 0 polygons
2026-08-20 09:32:05 +0000: Memory Usage (139420K) : norcx_m2tm2 has 0 polygons
2026-08-20 09:32:05 +0000: Memory Usage (139420K) : norcx_m3m4 has 0 polygons
2026-08-20 09:32:05 +0000: Memory Usage (139420K) : norcx_m3m5 has 0 polygons
2026-08-20 09:32:05 +0000: Memory Usage (139548K) : norcx_m3tm1 has 0 polygons
2026-08-20 09:32:05 +0000: Memory Usage (139548K) : norcx_m3tm2 has 0 polygons
2026-08-20 09:32:05 +0000: Memory Usage (139676K) : norcx_m4m5 has 0 polygons
2026-08-20 09:32:05 +0000: Memory Usage (139676K) : norcx_m4tm1 has 0 polygons
2026-08-20 09:32:05 +0000: Memory Usage (139676K) : norcx_m4tm2 has 0 polygons
2026-08-20 09:32:05 +0000: Memory Usage (139676K) : norcx_m5tm1 has 0 polygons
2026-08-20 09:32:05 +0000: Memory Usage (139804K) : norcx_m5tm2 has 0 polygons
2026-08-20 09:32:05 +0000: Memory Usage (139804K) : norcx_tm1tm2 has 0 polygons
2026-08-20 09:32:05 +0000: Memory Usage (139804K) : norcx_m1sub has 0 polygons
2026-08-20 09:32:05 +0000: Memory Usage (139804K) : norcx_m2sub has 0 polygons
2026-08-20 09:32:05 +0000: Memory Usage (139804K) : norcx_m3sub has 0 polygons
2026-08-20 09:32:05 +0000: Memory Usage (139804K) : norcx_m4sub has 0 polygons
2026-08-20 09:32:05 +0000: Memory Usage (139804K) : norcx_m5sub has 0 polygons
2026-08-20 09:32:05 +0000: Memory Usage (139804K) : norcx_tm1sub has 0 polygons
2026-08-20 09:32:05 +0000: Memory Usage (139804K) : norcx_tm2sub has 0 polygons
2026-08-20 09:32:05 +0000: Memory Usage (139804K) : snsbotvia_drw has 0 polygons
2026-08-20 09:32:05 +0000: Memory Usage (139804K) : snstopvia_drw has 0 polygons
2026-08-20 09:32:05 +0000: Memory Usage (139804K) : deepvia_drw has 0 polygons
2026-08-20 09:32:05 +0000: Memory Usage (139804K) : fgetch_drw has 0 polygons
2026-08-20 09:32:05 +0000: Memory Usage (139804K) : ctrgat_drw has 0 polygons
2026-08-20 09:32:05 +0000: Memory Usage (139804K) : fgimp_drw has 0 polygons
2026-08-20 09:32:05 +0000: Memory Usage (139804K) : emwihv_drw has 0 polygons
2026-08-20 09:32:05 +0000: Memory Usage (139804K) : lbe_drw has 0 polygons
2026-08-20 09:32:05 +0000: Memory Usage (139804K) : alcustop_drw has 0 polygons
2026-08-20 09:32:05 +0000: Memory Usage (139804K) : nometfiller_drw has 0 polygons
2026-08-20 09:32:05 +0000: Memory Usage (139804K) : prboundary_drw has 0 polygons
2026-08-20 09:32:05 +0000: Memory Usage (139804K) : exchange0_drw has 0 polygons
2026-08-20 09:32:05 +0000: Memory Usage (139804K) : exchange0_pin has 0 polygons
2026-08-20 09:32:05 +0000: Memory Usage (139804K) : exchange0_text has 0 polygons
2026-08-20 09:32:05 +0000: Memory Usage (139804K) : exchange1_drw has 0 polygons
2026-08-20 09:32:05 +0000: Memory Usage (139804K) : exchange1_pin has 0 polygons
2026-08-20 09:32:05 +0000: Memory Usage (139804K) : exchange1_text has 0 polygons
2026-08-20 09:32:05 +0000: Memory Usage (139804K) : exchange2_drw has 0 polygons
2026-08-20 09:32:05 +0000: Memory Usage (139804K) : exchange2_pin has 0 polygons
2026-08-20 09:32:05 +0000: Memory Usage (139804K) : exchange2_text has 0 polygons
2026-08-20 09:32:05 +0000: Memory Usage (139804K) : exchange3_drw has 0 polygons
2026-08-20 09:32:05 +0000: Memory Usage (139804K) : exchange3_pin has 0 polygons
2026-08-20 09:32:05 +0000: Memory Usage (139804K) : exchange3_text has 0 polygons
2026-08-20 09:32:05 +0000: Memory Usage (139804K) : exchange4_drw has 0 polygons
2026-08-20 09:32:05 +0000: Memory Usage (139804K) : exchange4_pin has 0 polygons
2026-08-20 09:32:05 +0000: Memory Usage (139804K) : exchange4_text has 0 polygons
2026-08-20 09:32:05 +0000: Memory Usage (139804K) : isonwell_drw has 0 polygons
2026-08-20 09:32:05 +0000: Memory Usage (139804K) : Total no. of polygons in the design is 8048
2026-08-20 09:32:05 +0000: Memory Usage (139804K) : Starting base layers derivations
2026-08-20 09:32:05 +0000: Memory Usage (139804K) : Starting general LVS derivations
2026-08-20 09:32:05 +0000: Memory Usage (142936K) : Starting MOSFET DERIVATIONS
2026-08-20 09:32:05 +0000: Memory Usage (143576K) : Starting NMOS DERIVATIONS
2026-08-20 09:32:05 +0000: Memory Usage (143576K) : Starting PMOS DERIVATIONS
2026-08-20 09:32:05 +0000: Memory Usage (143576K) : Starting RF-MOSFET DERIVATIONS
2026-08-20 09:32:05 +0000: Memory Usage (143576K) : Starting RF-NMOS DERIVATIONS
2026-08-20 09:32:05 +0000: Memory Usage (143576K) : Starting RF-PMOS DERIVATIONS
2026-08-20 09:32:05 +0000: Memory Usage (143576K) : Starting BJT DERIVATIONS
2026-08-20 09:32:05 +0000: Memory Usage (143576K) : Starting NPN-BJT DERIVATIONS
2026-08-20 09:32:05 +0000: Memory Usage (143576K) : Starting PNP-BJT DERIVATIONS
2026-08-20 09:32:05 +0000: Memory Usage (143576K) : Starting DIODE DERIVATIONS
2026-08-20 09:32:05 +0000: Memory Usage (143576K) : Starting RESISTOR DERIVATIONS
2026-08-20 09:32:05 +0000: Memory Usage (143576K) : Starting CAP DERIVATIONS
2026-08-20 09:32:05 +0000: Memory Usage (143576K) : Starting CAP_CMOM DERIVATIONS
2026-08-20 09:32:05 +0000: Memory Usage (143576K) : Starting CAP_CMOMF DERIVATIONS
2026-08-20 09:32:05 +0000: Memory Usage (143576K) : Starting ESD DERIVATIONS
2026-08-20 09:32:06 +0000: Memory Usage (143832K) : Starting Inductor DERIVATIONS
2026-08-20 09:32:06 +0000: Memory Usage (143832K) : Starting Taps DERIVATIONS
2026-08-20 09:32:06 +0000: Memory Usage (143832K) : Starting SG13G2 LVS connectivity setup
2026-08-20 09:32:06 +0000: Memory Usage (143832K) : Starting SG13G2 LVS connectivity setup (Inter-layer)
2026-08-20 09:32:06 +0000: Memory Usage (143960K) : Starting SG13G2 LVS connectivity setup (Global)
2026-08-20 09:32:06 +0000: Memory Usage (143960K) : Starting LVS MOSFET CONNECTIONS
2026-08-20 09:32:06 +0000: Memory Usage (143960K) : Starting LVS RF-MOSFET CONNECTIONS
2026-08-20 09:32:06 +0000: Memory Usage (143960K) : Starting LVS BJT CONNECTIONS
2026-08-20 09:32:06 +0000: Memory Usage (143960K) : Starting LVS DIODE CONNECTIONS
2026-08-20 09:32:06 +0000: Memory Usage (143960K) : Starting RESISTOR CONNECTIONS
2026-08-20 09:32:06 +0000: Memory Usage (143960K) : Starting LVS CAP CONNECTIONS
2026-08-20 09:32:06 +0000: Memory Usage (143960K) : Starting CAP_CMOM CONNECTIONS
2026-08-20 09:32:06 +0000: Memory Usage (143960K) : Starting CAP_CMOMF CONNECTIONS
2026-08-20 09:32:06 +0000: Memory Usage (143960K) : Starting ESD CONNECTIONS
2026-08-20 09:32:06 +0000: Memory Usage (143960K) : Starting Inductor CONNECTIONS
2026-08-20 09:32:06 +0000: Memory Usage (143960K) : Starting LVS Taps CONNECTIONS
2026-08-20 09:32:06 +0000: Memory Usage (143960K) : Starting SG13G2 LVS DEVICES EXTRACTION
2026-08-20 09:32:06 +0000: Memory Usage (143960K) : Starting MOSFET EXTRACTION
2026-08-20 09:32:06 +0000: Memory Usage (143960K) : Starting NMOS EXTRACTION
2026-08-20 09:32:06 +0000: Memory Usage (143960K) : Extraction of NMOS-LV transistor
2026-08-20 09:32:06 +0000: Memory Usage (143960K) : Extraction of NMOS-HV transistor
2026-08-20 09:32:06 +0000: Memory Usage (143960K) : Starting PMOS EXTRACTION
2026-08-20 09:32:06 +0000: Memory Usage (143960K) : Extraction of PMOS-LV transistor
2026-08-20 09:32:06 +0000: Memory Usage (143960K) : Extraction of PMOS-HV transistor
2026-08-20 09:32:06 +0000: Memory Usage (143960K) : Starting RF-MOSFET EXTRACTION
2026-08-20 09:32:06 +0000: Memory Usage (143960K) : Extraction of RF-NMOS-LV transistor
2026-08-20 09:32:06 +0000: Memory Usage (143960K) : Extraction of RF-NMOS-HV transistor
2026-08-20 09:32:06 +0000: Memory Usage (143960K) : Extraction of RF-PMOS-LV transistor
2026-08-20 09:32:06 +0000: Memory Usage (143960K) : Extraction of RF-PMOS-HV transistor
2026-08-20 09:32:06 +0000: Memory Usage (143960K) : Starting BJT EXTRACTION
2026-08-20 09:32:06 +0000: Memory Usage (143960K) : Starting NPN-BJT EXTRACTION
2026-08-20 09:32:06 +0000: Memory Usage (143960K) : Extraction of npn13G2 BJT transistor
2026-08-20 09:32:06 +0000: Memory Usage (143960K) : Extraction of npn13G2L BJT transistor
2026-08-20 09:32:06 +0000: Memory Usage (143960K) : Extraction of npn13G2V BJT transistor
2026-08-20 09:32:06 +0000: Memory Usage (143960K) : Starting PNP-BJT EXTRACTION
2026-08-20 09:32:06 +0000: Memory Usage (143960K) : Extracting pnpMPA BJT
2026-08-20 09:32:06 +0000: Memory Usage (143960K) : Starting DIODE EXTRACTION
2026-08-20 09:32:06 +0000: Memory Usage (143960K) : Extracting dantenna diode
2026-08-20 09:32:06 +0000: Memory Usage (143960K) : Extracting dpantenna diode
2026-08-20 09:32:06 +0000: Memory Usage (143960K) : Extracting schottky_nbl1 diode
2026-08-20 09:32:06 +0000: Memory Usage (143960K) : Extracting isolbox diode
2026-08-20 09:32:06 +0000: Memory Usage (143960K) : Starting RESISTOR EXTRACTION
2026-08-20 09:32:06 +0000: Memory Usage (143960K) : Extracting rsil resistor
2026-08-20 09:32:06 +0000: Memory Usage (143960K) : Extracting rppd resistor
2026-08-20 09:32:06 +0000: Memory Usage (143960K) : Extracting rhigh resistor
2026-08-20 09:32:06 +0000: Memory Usage (143960K) : Extracting res_metal1 resistor
2026-08-20 09:32:06 +0000: Memory Usage (143960K) : Extracting res_metal2 resistor
2026-08-20 09:32:06 +0000: Memory Usage (143960K) : Extracting res_metal3 resistor
2026-08-20 09:32:06 +0000: Memory Usage (143960K) : Extracting res_metal4 resistor
2026-08-20 09:32:06 +0000: Memory Usage (143960K) : Extracting res_metal5 resistor
2026-08-20 09:32:06 +0000: Memory Usage (143960K) : Extracting res_topmetal1 resistor
2026-08-20 09:32:06 +0000: Memory Usage (143960K) : Extracting res_topmetal2 resistor
2026-08-20 09:32:06 +0000: Memory Usage (143960K) : Starting CAP EXTRACTION
2026-08-20 09:32:06 +0000: Memory Usage (143960K) : Extracting cap_cmim device
2026-08-20 09:32:06 +0000: Memory Usage (143960K) : Extracting rfcmim device
2026-08-20 09:32:06 +0000: Memory Usage (143960K) : Extracting sg13_hv_svaricap varactor
2026-08-20 09:32:06 +0000: Memory Usage (143960K) : Extracting cap_cmomi device
2026-08-20 09:32:06 +0000: Memory Usage (143960K) : Extracting cap_cmomf device
2026-08-20 09:32:06 +0000: Memory Usage (143960K) : Extracting sg13_moscap_n capacitor
2026-08-20 09:32:06 +0000: Memory Usage (143960K) : Extracting sg13_moscap_p capacitor
2026-08-20 09:32:06 +0000: Memory Usage (143960K) : Starting ESD EXTRACTION
2026-08-20 09:32:06 +0000: Memory Usage (143960K) : Extracting diodevdd_2kv ESD device
2026-08-20 09:32:06 +0000: Memory Usage (143960K) : Extracting diodevdd_4kv ESD device
2026-08-20 09:32:06 +0000: Memory Usage (143960K) : Extracting diodevss_2kv ESD device
2026-08-20 09:32:06 +0000: Memory Usage (143960K) : Extracting diodevss_4kv ESD device
2026-08-20 09:32:06 +0000: Memory Usage (143960K) : Extracting idiodevdd_2kv ESD device
2026-08-20 09:32:06 +0000: Memory Usage (143960K) : Extracting idiodevdd_4kv ESD device
2026-08-20 09:32:06 +0000: Memory Usage (143960K) : Extracting idiodevss_2kv ESD device
2026-08-20 09:32:06 +0000: Memory Usage (143960K) : Extracting idiodevss_4kv ESD device
2026-08-20 09:32:06 +0000: Memory Usage (143960K) : Extracting nmoscl_2 ESD device
2026-08-20 09:32:06 +0000: Memory Usage (143960K) : Extracting nmoscl_4 ESD device
2026-08-20 09:32:06 +0000: Memory Usage (143960K) : Starting Inductor EXTRACTION
2026-08-20 09:32:06 +0000: Memory Usage (143960K) : Extracting Inductor2 device
2026-08-20 09:32:06 +0000: Memory Usage (143960K) : Extracting Inductor3 device
2026-08-20 09:32:06 +0000: Memory Usage (143960K) : Starting Taps EXTRACTION
2026-08-20 09:32:06 +0000: Memory Usage (143960K) : DISABLE_TAP_EXTRACTION is enabled: skipping ntap1/ptap1 device extraction.
2026-08-20 09:32:06 +0000: Memory Usage (143960K) : Starting SG13G2 LVS RF MOS Model Mapping
2026-08-20 09:32:06 +0000: Memory Usage (144088K) : [layout_netlist] Apply RF MOS model mapping and rfmode parameter.
2026-08-20 09:32:06 +0000: Memory Usage (144088K) : Starting SG13G2 LVS Options Preparations
2026-08-20 09:32:06 +0000: Memory Usage (144088K) : SG13G2 LVS flow: extraction -> alignment -> option preparation -> comparison.
2026-08-20 09:32:06 +0000: Memory Usage (144088K) : Starting SG13G2 LVS Alignment
2026-08-20 09:32:06 +0000: Memory Usage (144344K) : Starting SG13G2 LVS Simplification
2026-08-20 09:32:06 +0000: Memory Usage (144344K) : [layout_netlist] simplify: ENABLED
2026-08-20 09:32:06 +0000: Memory Usage (144344K) : [layout_netlist] make_top_level_pins: SKIPPED
2026-08-20 09:32:06 +0000: Memory Usage (144344K) : [layout_netlist] combine_devices: SKIPPED
2026-08-20 09:32:06 +0000: Memory Usage (144344K) : [layout_netlist] purge: SKIPPED
2026-08-20 09:32:06 +0000: Memory Usage (144344K) : [layout_netlist] purge_nets: SKIPPED
2026-08-20 09:32:06 +0000: Memory Usage (144344K) : [schematic_netlist] simplify: ENABLED
2026-08-20 09:32:06 +0000: Memory Usage (144344K) : [schematic_netlist] make_top_level_pins: SKIPPED
2026-08-20 09:32:06 +0000: Memory Usage (144344K) : [schematic_netlist] combine_devices: SKIPPED
2026-08-20 09:32:06 +0000: Memory Usage (144344K) : [schematic_netlist] purge: SKIPPED
2026-08-20 09:32:06 +0000: Memory Usage (144344K) : [schematic_netlist] purge_nets: SKIPPED
2026-08-20 09:32:06 +0000: Memory Usage (144344K) : Starting SG13G2 LVS Comparison
2026-08-20 09:32:06 +0000: Memory Usage (144344K) : xxxxxxxxxxxxxxxxxxxxxxxxxxxxxxxxxxxxxxxxxx
2026-08-20 09:32:06 +0000: Memory Usage (144344K) : ERROR : Netlists don't match
2026-08-20 09:32:06 +0000: Memory Usage (144344K) : xxxxxxxxxxxxxxxxxxxxxxxxxxxxxxxxxxxxxxxxxx
2026-08-20 09:32:06 +0000: Memory Usage (144344K) : LVS Total Run time 0.628010 seconds
2026-08-20 11:01:12 +0000: Memory Usage (128764K) : Starting running SG13G2 Klayout LVS runset on /workspace/layout/blocks/out/term_stage/_bisect/pads_esd.gds
2026-08-20 11:01:12 +0000: Memory Usage (128764K) : Ruby Version for klayout: 3.2.3
2026-08-20 11:01:12 +0000: Memory Usage (129848K) : Loading database to memory is complete.
2026-08-20 11:01:12 +0000: Memory Usage (129848K) : SG13G2 Klayout LVS runset output at: /workspace/layout/blocks/out/term_stage/_bisect/pads_esd/pads_esd.lvsdb
2026-08-20 11:01:12 +0000: Memory Usage (129848K) : Evaluate switches.
2026-08-20 11:01:12 +0000: Memory Usage (129848K) : Extracted netlist with net names: true
2026-08-20 11:01:12 +0000: Memory Usage (129848K) : Extracted netlist with comments in details: false
2026-08-20 11:01:12 +0000: Memory Usage (129848K) : Selected NET_ONLY option: false
2026-08-20 11:01:12 +0000: Memory Usage (129848K) : Selected LAYOUT_NETLIST option: (none)
2026-08-20 11:01:12 +0000: Memory Usage (129848K) : Selected IGNORE_TOP_PORTS_MISMATCH option: true
2026-08-20 11:01:12 +0000: Memory Usage (129848K) : Selected IMPLICIT_NETS option: sub,sub!
2026-08-20 11:01:12 +0000: Memory Usage (129848K) : Selected TOP_LVL_PINS option: false
2026-08-20 11:01:12 +0000: Memory Usage (129848K) : Selected COMBINE DEVICES option: false
2026-08-20 11:01:12 +0000: Memory Usage (129848K) : Selected PURGE option: false
2026-08-20 11:01:12 +0000: Memory Usage (129848K) : Selected PURGE_NETS option: false
2026-08-20 11:01:12 +0000: Memory Usage (129848K) : Selected SIMPLIFY option: true
2026-08-20 11:01:12 +0000: Memory Usage (129848K) : Selected SERIES_RES option: true
2026-08-20 11:01:12 +0000: Memory Usage (129848K) : Selected PARALLEL_RES option: true
2026-08-20 11:01:12 +0000: Memory Usage (129848K) : Selected DISABLE_TAP_EXTRACTION option: true
2026-08-20 11:01:12 +0000: Memory Usage (129848K) : deep  mode is enabled.
2026-08-20 11:01:12 +0000: Memory Usage (129848K) : Applying implicit connections (case-sensitive, pattern supported) for nets: sub, sub!
2026-08-20 11:01:12 +0000: Memory Usage (131012K) : Netlist file: /workspace/layout/blocks/out/term_stage/_bisect/pads_esd.cdl
2026-08-20 11:01:12 +0000: Memory Usage (131012K) : LVS extracted netlist at: /workspace/layout/blocks/out/term_stage/_bisect/pads_esd/pads_esd_extracted.cir
2026-08-20 11:01:12 +0000: Memory Usage (131012K) : Applying SRAM integration support.
2026-08-20 11:01:12 +0000: Memory Usage (131012K) : Starting SG13G2 LVS runset
2026-08-20 11:01:12 +0000: Memory Usage (131012K) : Read in polygons from layers.
2026-08-20 11:01:12 +0000: Memory Usage (132352K) : activ_drw has 24 polygons
2026-08-20 11:01:12 +0000: Memory Usage (132352K) : activ_filler has 0 polygons
2026-08-20 11:01:12 +0000: Memory Usage (132352K) : activ has 24 polygons
2026-08-20 11:01:12 +0000: Memory Usage (132352K) : activ_pin has 0 polygons
2026-08-20 11:01:12 +0000: Memory Usage (132352K) : activ_mask has 0 polygons
2026-08-20 11:01:12 +0000: Memory Usage (132352K) : activ_nofill has 0 polygons
2026-08-20 11:01:12 +0000: Memory Usage (132352K) : activ_OPC has 0 polygons
2026-08-20 11:01:12 +0000: Memory Usage (132352K) : activ_iOPC has 0 polygons
2026-08-20 11:01:12 +0000: Memory Usage (132352K) : activ_noqrc has 0 polygons
2026-08-20 11:01:12 +0000: Memory Usage (132352K) : biwind_drw has 0 polygons
2026-08-20 11:01:12 +0000: Memory Usage (132352K) : biwind_OPC has 0 polygons
2026-08-20 11:01:12 +0000: Memory Usage (132352K) : gatpoly_drw has 0 polygons
2026-08-20 11:01:12 +0000: Memory Usage (132352K) : gatpoly_filler has 0 polygons
2026-08-20 11:01:12 +0000: Memory Usage (132352K) : gatpoly has 0 polygons
2026-08-20 11:01:12 +0000: Memory Usage (132448K) : gatpoly_pin has 0 polygons
2026-08-20 11:01:12 +0000: Memory Usage (132960K) : gatpoly_nofill has 0 polygons
2026-08-20 11:01:12 +0000: Memory Usage (132960K) : gatpoly_OPC has 0 polygons
2026-08-20 11:01:12 +0000: Memory Usage (132960K) : gatpoly_iOPC has 0 polygons
2026-08-20 11:01:12 +0000: Memory Usage (132960K) : gatpoly_noqrc has 0 polygons
2026-08-20 11:01:12 +0000: Memory Usage (133088K) : cont_drw has 4316 polygons
2026-08-20 11:01:12 +0000: Memory Usage (133088K) : cont_OPC has 0 polygons
2026-08-20 11:01:12 +0000: Memory Usage (133088K) : nsd_drw has 0 polygons
2026-08-20 11:01:12 +0000: Memory Usage (133088K) : nsd_block has 0 polygons
2026-08-20 11:01:12 +0000: Memory Usage (133088K) : metal1_drw has 24 polygons
2026-08-20 11:01:12 +0000: Memory Usage (133088K) : metal1_filler has 0 polygons
2026-08-20 11:01:12 +0000: Memory Usage (133088K) : metal1_slit has 0 polygons
2026-08-20 11:01:12 +0000: Memory Usage (133088K) : metal1 has 24 polygons
2026-08-20 11:01:12 +0000: Memory Usage (133088K) : metal1_pin has 4 polygons
2026-08-20 11:01:12 +0000: Memory Usage (133088K) : metal1_mask has 0 polygons
2026-08-20 11:01:12 +0000: Memory Usage (133088K) : metal1_nofill has 0 polygons
2026-08-20 11:01:12 +0000: Memory Usage (133344K) : metal1_text has 4 polygons
2026-08-20 11:01:12 +0000: Memory Usage (133344K) : metal1_OPC has 0 polygons
2026-08-20 11:01:12 +0000: Memory Usage (133344K) : metal1_noqrc has 0 polygons
2026-08-20 11:01:12 +0000: Memory Usage (133344K) : metal1_res has 0 polygons
2026-08-20 11:01:12 +0000: Memory Usage (133344K) : metal1_iprobe has 0 polygons
2026-08-20 11:01:12 +0000: Memory Usage (133472K) : metal1_diffprb has 0 polygons
2026-08-20 11:01:12 +0000: Memory Usage (133472K) : passiv_drw has 2 polygons
2026-08-20 11:01:12 +0000: Memory Usage (133600K) : passiv_pin has 0 polygons
2026-08-20 11:01:12 +0000: Memory Usage (133600K) : passiv_sbump has 0 polygons
2026-08-20 11:01:12 +0000: Memory Usage (133600K) : passiv_pillar has 0 polygons
2026-08-20 11:01:12 +0000: Memory Usage (133728K) : passiv_pdl has 0 polygons
2026-08-20 11:01:12 +0000: Memory Usage (133728K) : metal2_drw has 20 polygons
2026-08-20 11:01:12 +0000: Memory Usage (133728K) : metal2_filler has 0 polygons
2026-08-20 11:01:12 +0000: Memory Usage (133856K) : metal2_slit has 0 polygons
2026-08-20 11:01:12 +0000: Memory Usage (133856K) : metal2 has 20 polygons
2026-08-20 11:01:12 +0000: Memory Usage (133984K) : metal2_pin has 8 polygons
2026-08-20 11:01:12 +0000: Memory Usage (133984K) : metal2_mask has 0 polygons
2026-08-20 11:01:12 +0000: Memory Usage (133984K) : metal2_nofill has 0 polygons
2026-08-20 11:01:12 +0000: Memory Usage (134112K) : metal2_text has 8 polygons
2026-08-20 11:01:12 +0000: Memory Usage (134112K) : metal2_OPC has 0 polygons
2026-08-20 11:01:12 +0000: Memory Usage (134112K) : metal2_noqrc has 0 polygons
2026-08-20 11:01:12 +0000: Memory Usage (134240K) : metal2_res has 0 polygons
2026-08-20 11:01:12 +0000: Memory Usage (134240K) : metal2_iprobe has 0 polygons
2026-08-20 11:01:12 +0000: Memory Usage (134240K) : metal2_diffprb has 0 polygons
2026-08-20 11:01:12 +0000: Memory Usage (134368K) : baspoly_drw has 0 polygons
2026-08-20 11:01:12 +0000: Memory Usage (134368K) : baspoly_pin has 0 polygons
2026-08-20 11:01:12 +0000: Memory Usage (134368K) : psd_drw has 12 polygons
2026-08-20 11:01:12 +0000: Memory Usage (134368K) : nldb_drw has 0 polygons
2026-08-20 11:01:12 +0000: Memory Usage (134496K) : digibnd_drw has 0 polygons
2026-08-20 11:01:12 +0000: Memory Usage (134496K) : via1_drw has 864 polygons
2026-08-20 11:01:12 +0000: Memory Usage (134496K) : backmetal1_drw has 0 polygons
2026-08-20 11:01:12 +0000: Memory Usage (134496K) : backmetal1_pin has 0 polygons
2026-08-20 11:01:12 +0000: Memory Usage (134624K) : backmetal1_mask has 0 polygons
2026-08-20 11:01:12 +0000: Memory Usage (134624K) : backmetal1_filler has 0 polygons
2026-08-20 11:01:12 +0000: Memory Usage (134624K) : backmetal1_nofill has 0 polygons
2026-08-20 11:01:12 +0000: Memory Usage (134624K) : backmetal1_slit has 0 polygons
2026-08-20 11:01:12 +0000: Memory Usage (134752K) : backmetal1_text has 0 polygons
2026-08-20 11:01:12 +0000: Memory Usage (134752K) : backmetal1_OPC has 0 polygons
2026-08-20 11:01:12 +0000: Memory Usage (134752K) : backmetal1_noqrc has 0 polygons
2026-08-20 11:01:12 +0000: Memory Usage (134752K) : backmetal1_res has 0 polygons
2026-08-20 11:01:12 +0000: Memory Usage (134880K) : backmetal1_iprobe has 0 polygons
2026-08-20 11:01:12 +0000: Memory Usage (134880K) : backmetal1_diffprb has 0 polygons
2026-08-20 11:01:12 +0000: Memory Usage (134880K) : backpassiv_drw has 0 polygons
2026-08-20 11:01:12 +0000: Memory Usage (134880K) : res_drw has 0 polygons
2026-08-20 11:01:12 +0000: Memory Usage (135008K) : sram_drw has 0 polygons
2026-08-20 11:01:12 +0000: Memory Usage (135008K) : trans_drw has 0 polygons
2026-08-20 11:01:12 +0000: Memory Usage (135008K) : ind_drw has 0 polygons
2026-08-20 11:01:12 +0000: Memory Usage (135008K) : ind_pin has 0 polygons
2026-08-20 11:01:12 +0000: Memory Usage (135136K) : ind_text has 0 polygons
2026-08-20 11:01:12 +0000: Memory Usage (135136K) : salblock_drw has 0 polygons
2026-08-20 11:01:12 +0000: Memory Usage (135136K) : via2_drw has 16 polygons
2026-08-20 11:01:12 +0000: Memory Usage (135136K) : metal3_drw has 8 polygons
2026-08-20 11:01:12 +0000: Memory Usage (135264K) : metal3_filler has 0 polygons
2026-08-20 11:01:12 +0000: Memory Usage (135264K) : metal3_slit has 0 polygons
2026-08-20 11:01:12 +0000: Memory Usage (135264K) : metal3 has 8 polygons
2026-08-20 11:01:12 +0000: Memory Usage (135264K) : metal3_pin has 0 polygons
2026-08-20 11:01:12 +0000: Memory Usage (135392K) : metal3_mask has 0 polygons
2026-08-20 11:01:12 +0000: Memory Usage (135392K) : metal3_nofill has 0 polygons
2026-08-20 11:01:12 +0000: Memory Usage (135392K) : metal3_text has 0 polygons
2026-08-20 11:01:12 +0000: Memory Usage (135392K) : metal3_OPC has 0 polygons
2026-08-20 11:01:12 +0000: Memory Usage (135520K) : metal3_noqrc has 0 polygons
2026-08-20 11:01:12 +0000: Memory Usage (135520K) : metal3_res has 0 polygons
2026-08-20 11:01:12 +0000: Memory Usage (135520K) : metal3_iprobe has 0 polygons
2026-08-20 11:01:12 +0000: Memory Usage (135520K) : metal3_diffprb has 0 polygons
2026-08-20 11:01:12 +0000: Memory Usage (135648K) : nwell_drw has 10 polygons
2026-08-20 11:01:12 +0000: Memory Usage (135648K) : nwell_pin has 0 polygons
2026-08-20 11:01:12 +0000: Memory Usage (135648K) : nwell_text has 0 polygons
2026-08-20 11:01:12 +0000: Memory Usage (135776K) : nbulay_drw has 0 polygons
2026-08-20 11:01:12 +0000: Memory Usage (135776K) : nbulay_pin has 0 polygons
2026-08-20 11:01:12 +0000: Memory Usage (135776K) : nbulay_block has 0 polygons
2026-08-20 11:01:12 +0000: Memory Usage (135776K) : emwind_drw has 0 polygons
2026-08-20 11:01:12 +0000: Memory Usage (135776K) : emwind_OPC has 0 polygons
2026-08-20 11:01:12 +0000: Memory Usage (135776K) : deepco_drw has 0 polygons
2026-08-20 11:01:12 +0000: Memory Usage (135776K) : mim_drw has 0 polygons
2026-08-20 11:01:12 +0000: Memory Usage (135776K) : edgeseal_drw has 0 polygons
2026-08-20 11:01:12 +0000: Memory Usage (135776K) : substrate_drw has 0 polygons
2026-08-20 11:01:12 +0000: Memory Usage (135776K) : substrate_text has 0 polygons
2026-08-20 11:01:12 +0000: Memory Usage (135776K) : dfpad_drw has 2 polygons
2026-08-20 11:01:12 +0000: Memory Usage (135776K) : dfpad_pillar has 0 polygons
2026-08-20 11:01:12 +0000: Memory Usage (135776K) : dfpad_sbump has 0 polygons
2026-08-20 11:01:12 +0000: Memory Usage (135776K) : thickgateox_drw has 0 polygons
2026-08-20 11:01:12 +0000: Memory Usage (135776K) : pldb_drw has 0 polygons
2026-08-20 11:01:12 +0000: Memory Usage (135776K) : pwell_drw has 0 polygons
2026-08-20 11:01:12 +0000: Memory Usage (135904K) : pwell_pin has 0 polygons
2026-08-20 11:01:12 +0000: Memory Usage (135904K) : pwell_block has 0 polygons
2026-08-20 11:01:12 +0000: Memory Usage (135904K) : ic_drw has 0 polygons
2026-08-20 11:01:12 +0000: Memory Usage (135904K) : via3_drw has 992 polygons
2026-08-20 11:01:12 +0000: Memory Usage (135904K) : metal4_drw has 10 polygons
2026-08-20 11:01:12 +0000: Memory Usage (136032K) : metal4_filler has 0 polygons
2026-08-20 11:01:12 +0000: Memory Usage (136032K) : metal4_slit has 0 polygons
2026-08-20 11:01:12 +0000: Memory Usage (136032K) : metal4 has 10 polygons
2026-08-20 11:01:12 +0000: Memory Usage (136032K) : metal4_pin has 0 polygons
2026-08-20 11:01:12 +0000: Memory Usage (136032K) : metal4_mask has 0 polygons
2026-08-20 11:01:12 +0000: Memory Usage (136160K) : metal4_nofill has 0 polygons
2026-08-20 11:01:12 +0000: Memory Usage (136160K) : metal4_text has 4 polygons
2026-08-20 11:01:12 +0000: Memory Usage (136160K) : metal4_OPC has 0 polygons
2026-08-20 11:01:12 +0000: Memory Usage (136160K) : metal4_noqrc has 0 polygons
2026-08-20 11:01:12 +0000: Memory Usage (136160K) : metal4_res has 0 polygons
2026-08-20 11:01:12 +0000: Memory Usage (136160K) : metal4_iprobe has 0 polygons
2026-08-20 11:01:12 +0000: Memory Usage (136160K) : metal4_diffprb has 0 polygons
2026-08-20 11:01:12 +0000: Memory Usage (136288K) : heattrans_drw has 0 polygons
2026-08-20 11:01:12 +0000: Memory Usage (136288K) : heatres_drw has 0 polygons
2026-08-20 11:01:12 +0000: Memory Usage (136288K) : fbe_drw has 0 polygons
2026-08-20 11:01:12 +0000: Memory Usage (136288K) : empoly_drw has 0 polygons
2026-08-20 11:01:12 +0000: Memory Usage (136288K) : digisub_drw has 0 polygons
2026-08-20 11:01:12 +0000: Memory Usage (136288K) : text_drw has 16 polygons
2026-08-20 11:01:12 +0000: Memory Usage (136416K) : via4_drw has 992 polygons
2026-08-20 11:01:12 +0000: Memory Usage (136416K) : metal5_drw has 28 polygons
2026-08-20 11:01:12 +0000: Memory Usage (136416K) : metal5_filler has 0 polygons
2026-08-20 11:01:12 +0000: Memory Usage (136416K) : metal5_slit has 0 polygons
2026-08-20 11:01:12 +0000: Memory Usage (136416K) : metal5 has 28 polygons
2026-08-20 11:01:12 +0000: Memory Usage (136416K) : metal5_pin has 0 polygons
2026-08-20 11:01:12 +0000: Memory Usage (136544K) : metal5_mask has 0 polygons
2026-08-20 11:01:12 +0000: Memory Usage (136544K) : metal5_nofill has 0 polygons
2026-08-20 11:01:12 +0000: Memory Usage (136544K) : metal5_text has 0 polygons
2026-08-20 11:01:12 +0000: Memory Usage (136544K) : metal5_OPC has 0 polygons
2026-08-20 11:01:12 +0000: Memory Usage (136544K) : metal5_noqrc has 0 polygons
2026-08-20 11:01:12 +0000: Memory Usage (136544K) : metal5_res has 0 polygons
2026-08-20 11:01:12 +0000: Memory Usage (136672K) : metal5_iprobe has 0 polygons
2026-08-20 11:01:12 +0000: Memory Usage (136672K) : metal5_diffprb has 0 polygons
2026-08-20 11:01:12 +0000: Memory Usage (136672K) : radhard_drw has 0 polygons
2026-08-20 11:01:12 +0000: Memory Usage (136672K) : memcap_drw has 0 polygons
2026-08-20 11:01:12 +0000: Memory Usage (136672K) : varicap_drw has 0 polygons
2026-08-20 11:01:12 +0000: Memory Usage (136800K) : intbondvia_drw has 0 polygons
2026-08-20 11:01:12 +0000: Memory Usage (136800K) : intbondmet_drw has 0 polygons
2026-08-20 11:01:12 +0000: Memory Usage (136800K) : devbondvia_drw has 0 polygons
2026-08-20 11:01:12 +0000: Memory Usage (136800K) : devbondmet_drw has 0 polygons
2026-08-20 11:01:12 +0000: Memory Usage (136800K) : devtrench_drw has 0 polygons
2026-08-20 11:01:12 +0000: Memory Usage (136800K) : redist_drw has 0 polygons
2026-08-20 11:01:12 +0000: Memory Usage (136928K) : graphbot_drw has 0 polygons
2026-08-20 11:01:12 +0000: Memory Usage (136928K) : graphtop_drw has 0 polygons
2026-08-20 11:01:12 +0000: Memory Usage (136928K) : antvia1_drw has 0 polygons
2026-08-20 11:01:12 +0000: Memory Usage (136928K) : antmetal2_drw has 0 polygons
2026-08-20 11:01:12 +0000: Memory Usage (136928K) : graphcont_drw has 0 polygons
2026-08-20 11:01:12 +0000: Memory Usage (136928K) : siwg_drw has 0 polygons
2026-08-20 11:01:12 +0000: Memory Usage (136928K) : siwg_filler has 0 polygons
2026-08-20 11:01:12 +0000: Memory Usage (137056K) : siwg_nofill has 0 polygons
2026-08-20 11:01:12 +0000: Memory Usage (137056K) : sigrating_drw has 0 polygons
2026-08-20 11:01:12 +0000: Memory Usage (137056K) : singrating_drw has 0 polygons
2026-08-20 11:01:12 +0000: Memory Usage (137056K) : graphpas_drw has 0 polygons
2026-08-20 11:01:12 +0000: Memory Usage (137056K) : emwind3_drw has 0 polygons
2026-08-20 11:01:12 +0000: Memory Usage (137184K) : emwihv3_drw has 0 polygons
2026-08-20 11:01:12 +0000: Memory Usage (137184K) : redbulay_drw has 0 polygons
2026-08-20 11:01:12 +0000: Memory Usage (137184K) : smos_drw has 0 polygons
2026-08-20 11:01:12 +0000: Memory Usage (137184K) : graphpad_drw has 0 polygons
2026-08-20 11:01:12 +0000: Memory Usage (137184K) : polimide_drw has 0 polygons
2026-08-20 11:01:12 +0000: Memory Usage (137184K) : polimide_pin has 0 polygons
2026-08-20 11:01:12 +0000: Memory Usage (137184K) : recog_drw has 0 polygons
2026-08-20 11:01:12 +0000: Memory Usage (137312K) : recog_pin has 0 polygons
2026-08-20 11:01:12 +0000: Memory Usage (137312K) : recog_esd has 4 polygons
2026-08-20 11:01:12 +0000: Memory Usage (137312K) : recog_diode has 0 polygons
2026-08-20 11:01:12 +0000: Memory Usage (137312K) : recog_tsv has 0 polygons
2026-08-20 11:01:12 +0000: Memory Usage (137312K) : recog_iprobe has 0 polygons
2026-08-20 11:01:12 +0000: Memory Usage (137312K) : recog_diffprb has 0 polygons
2026-08-20 11:01:12 +0000: Memory Usage (137440K) : recog_pillar has 0 polygons
2026-08-20 11:01:12 +0000: Memory Usage (137440K) : recog_sbump has 0 polygons
2026-08-20 11:01:12 +0000: Memory Usage (137440K) : recog_otp has 0 polygons
2026-08-20 11:01:12 +0000: Memory Usage (137440K) : recog_pdiode has 0 polygons
2026-08-20 11:01:12 +0000: Memory Usage (137440K) : recog_mom has 0 polygons
2026-08-20 11:01:12 +0000: Memory Usage (137440K) : recog_momf has 0 polygons
2026-08-20 11:01:12 +0000: Memory Usage (137568K) : recog_pcm has 0 polygons
2026-08-20 11:01:12 +0000: Memory Usage (137568K) : colopen_drw has 0 polygons
2026-08-20 11:01:12 +0000: Memory Usage (137568K) : graphmetal1_drw has 0 polygons
2026-08-20 11:01:12 +0000: Memory Usage (137568K) : graphmetal1_filler has 0 polygons
2026-08-20 11:01:12 +0000: Memory Usage (137568K) : graphmetal1_nofill has 0 polygons
2026-08-20 11:01:12 +0000: Memory Usage (137568K) : graphmetal1_slit has 0 polygons
2026-08-20 11:01:12 +0000: Memory Usage (137696K) : graphmetal1_OPC has 0 polygons
2026-08-20 11:01:12 +0000: Memory Usage (137696K) : graphmet1l_drw has 0 polygons
2026-08-20 11:01:12 +0000: Memory Usage (137696K) : graphmet1l_filler has 0 polygons
2026-08-20 11:01:12 +0000: Memory Usage (137696K) : graphmet1l_nofill has 0 polygons
2026-08-20 11:01:12 +0000: Memory Usage (137696K) : graphmet1l_slit has 0 polygons
2026-08-20 11:01:12 +0000: Memory Usage (137824K) : graphmet1l_OPC has 0 polygons
2026-08-20 11:01:12 +0000: Memory Usage (137824K) : extblock_drw has 0 polygons
2026-08-20 11:01:12 +0000: Memory Usage (137824K) : nldd_drw has 0 polygons
2026-08-20 11:01:12 +0000: Memory Usage (137824K) : pldd_drw has 0 polygons
2026-08-20 11:01:12 +0000: Memory Usage (137824K) : next_drw has 0 polygons
2026-08-20 11:01:12 +0000: Memory Usage (137824K) : pext_drw has 0 polygons
2026-08-20 11:01:12 +0000: Memory Usage (137952K) : nexthv_drw has 0 polygons
2026-08-20 11:01:12 +0000: Memory Usage (137952K) : pexthv_drw has 0 polygons
2026-08-20 11:01:12 +0000: Memory Usage (137952K) : graphgate_drw has 0 polygons
2026-08-20 11:01:12 +0000: Memory Usage (137952K) : sinwg_drw has 0 polygons
2026-08-20 11:01:12 +0000: Memory Usage (137952K) : sinwg_filler has 0 polygons
2026-08-20 11:01:12 +0000: Memory Usage (137952K) : sinwg_nofill has 0 polygons
2026-08-20 11:01:12 +0000: Memory Usage (138080K) : mempad_drw has 0 polygons
2026-08-20 11:01:12 +0000: Memory Usage (138080K) : topvia1_drw has 478 polygons
2026-08-20 11:01:12 +0000: Memory Usage (138080K) : topmetal1_drw has 12 polygons
2026-08-20 11:01:12 +0000: Memory Usage (138080K) : topmetal1_filler has 0 polygons
2026-08-20 11:01:12 +0000: Memory Usage (138080K) : topmetal1_slit has 0 polygons
2026-08-20 11:01:12 +0000: Memory Usage (138208K) : topmetal1 has 12 polygons
2026-08-20 11:01:12 +0000: Memory Usage (138208K) : topmetal1_pin has 0 polygons
2026-08-20 11:01:12 +0000: Memory Usage (138208K) : topmetal1_mask has 0 polygons
2026-08-20 11:01:12 +0000: Memory Usage (138208K) : topmetal1_nofill has 0 polygons
2026-08-20 11:01:12 +0000: Memory Usage (138208K) : topmetal1_text has 0 polygons
2026-08-20 11:01:12 +0000: Memory Usage (138208K) : topmetal1_noqrc has 0 polygons
2026-08-20 11:01:12 +0000: Memory Usage (138208K) : topmetal1_res has 0 polygons
2026-08-20 11:01:12 +0000: Memory Usage (138208K) : topmetal1_iprobe has 0 polygons
2026-08-20 11:01:12 +0000: Memory Usage (138336K) : topmetal1_diffprb has 0 polygons
2026-08-20 11:01:12 +0000: Memory Usage (138336K) : inldpwl_drw has 0 polygons
2026-08-20 11:01:12 +0000: Memory Usage (138336K) : polyres_drw has 0 polygons
2026-08-20 11:01:12 +0000: Memory Usage (138336K) : polyres_pin has 0 polygons
2026-08-20 11:01:12 +0000: Memory Usage (138336K) : vmim_drw has 0 polygons
2026-08-20 11:01:12 +0000: Memory Usage (138336K) : nbulaycut_drw has 0 polygons
2026-08-20 11:01:12 +0000: Memory Usage (138464K) : antmetal1_drw has 0 polygons
2026-08-20 11:01:12 +0000: Memory Usage (138464K) : topvia2_drw has 198 polygons
2026-08-20 11:01:12 +0000: Memory Usage (138464K) : topmetal2_drw has 12 polygons
2026-08-20 11:01:12 +0000: Memory Usage (138464K) : topmetal2_filler has 0 polygons
2026-08-20 11:01:12 +0000: Memory Usage (138464K) : topmetal2_slit has 0 polygons
2026-08-20 11:01:12 +0000: Memory Usage (138592K) : topmetal2 has 12 polygons
2026-08-20 11:01:12 +0000: Memory Usage (138592K) : topmetal2_pin has 0 polygons
2026-08-20 11:01:12 +0000: Memory Usage (138592K) : topmetal2_mask has 0 polygons
2026-08-20 11:01:12 +0000: Memory Usage (138592K) : topmetal2_nofill has 0 polygons
2026-08-20 11:01:12 +0000: Memory Usage (138592K) : topmetal2_text has 4 polygons
2026-08-20 11:01:12 +0000: Memory Usage (138592K) : topmetal2_noqrc has 0 polygons
2026-08-20 11:01:12 +0000: Memory Usage (138720K) : topmetal2_res has 0 polygons
2026-08-20 11:01:12 +0000: Memory Usage (138720K) : topmetal2_iprobe has 0 polygons
2026-08-20 11:01:12 +0000: Memory Usage (138720K) : topmetal2_diffprb has 0 polygons
2026-08-20 11:01:12 +0000: Memory Usage (138720K) : snsring_drw has 0 polygons
2026-08-20 11:01:12 +0000: Memory Usage (138848K) : sensor_drw has 0 polygons
2026-08-20 11:01:12 +0000: Memory Usage (138848K) : snsarms_drw has 0 polygons
2026-08-20 11:01:12 +0000: Memory Usage (138976K) : snscmosvia_drw has 0 polygons
2026-08-20 11:01:12 +0000: Memory Usage (138976K) : colwind_drw has 0 polygons
2026-08-20 11:01:12 +0000: Memory Usage (138976K) : flm_drw has 0 polygons
2026-08-20 11:01:12 +0000: Memory Usage (138976K) : hafniumox_drw has 0 polygons
2026-08-20 11:01:12 +0000: Memory Usage (139104K) : memvia_drw has 0 polygons
2026-08-20 11:01:12 +0000: Memory Usage (139104K) : thinfilmres_drw has 0 polygons
2026-08-20 11:01:12 +0000: Memory Usage (139104K) : rfmem_drw has 0 polygons
2026-08-20 11:01:12 +0000: Memory Usage (139104K) : norcx_drw has 0 polygons
2026-08-20 11:01:12 +0000: Memory Usage (139232K) : norcx_m2m3 has 0 polygons
2026-08-20 11:01:12 +0000: Memory Usage (139232K) : norcx_m2m4 has 0 polygons
2026-08-20 11:01:12 +0000: Memory Usage (139232K) : norcx_m2m5 has 0 polygons
2026-08-20 11:01:12 +0000: Memory Usage (139360K) : norcx_m2tm1 has 0 polygons
2026-08-20 11:01:12 +0000: Memory Usage (139360K) : norcx_m2tm2 has 0 polygons
2026-08-20 11:01:12 +0000: Memory Usage (139360K) : norcx_m3m4 has 0 polygons
2026-08-20 11:01:12 +0000: Memory Usage (139360K) : norcx_m3m5 has 0 polygons
2026-08-20 11:01:12 +0000: Memory Usage (139488K) : norcx_m3tm1 has 0 polygons
2026-08-20 11:01:12 +0000: Memory Usage (139488K) : norcx_m3tm2 has 0 polygons
2026-08-20 11:01:12 +0000: Memory Usage (139616K) : norcx_m4m5 has 0 polygons
2026-08-20 11:01:12 +0000: Memory Usage (139616K) : norcx_m4tm1 has 0 polygons
2026-08-20 11:01:12 +0000: Memory Usage (139616K) : norcx_m4tm2 has 0 polygons
2026-08-20 11:01:12 +0000: Memory Usage (139616K) : norcx_m5tm1 has 0 polygons
2026-08-20 11:01:12 +0000: Memory Usage (139744K) : norcx_m5tm2 has 0 polygons
2026-08-20 11:01:12 +0000: Memory Usage (139744K) : norcx_tm1tm2 has 0 polygons
2026-08-20 11:01:12 +0000: Memory Usage (139744K) : norcx_m1sub has 0 polygons
2026-08-20 11:01:12 +0000: Memory Usage (139744K) : norcx_m2sub has 0 polygons
2026-08-20 11:01:12 +0000: Memory Usage (139744K) : norcx_m3sub has 0 polygons
2026-08-20 11:01:12 +0000: Memory Usage (139744K) : norcx_m4sub has 0 polygons
2026-08-20 11:01:12 +0000: Memory Usage (139744K) : norcx_m5sub has 0 polygons
2026-08-20 11:01:12 +0000: Memory Usage (139744K) : norcx_tm1sub has 0 polygons
2026-08-20 11:01:12 +0000: Memory Usage (139744K) : norcx_tm2sub has 0 polygons
2026-08-20 11:01:12 +0000: Memory Usage (139744K) : snsbotvia_drw has 0 polygons
2026-08-20 11:01:12 +0000: Memory Usage (139744K) : snstopvia_drw has 0 polygons
2026-08-20 11:01:12 +0000: Memory Usage (139744K) : deepvia_drw has 0 polygons
2026-08-20 11:01:12 +0000: Memory Usage (139744K) : fgetch_drw has 0 polygons
2026-08-20 11:01:12 +0000: Memory Usage (139744K) : ctrgat_drw has 0 polygons
2026-08-20 11:01:12 +0000: Memory Usage (139744K) : fgimp_drw has 0 polygons
2026-08-20 11:01:12 +0000: Memory Usage (139744K) : emwihv_drw has 0 polygons
2026-08-20 11:01:12 +0000: Memory Usage (139744K) : lbe_drw has 0 polygons
2026-08-20 11:01:12 +0000: Memory Usage (139744K) : alcustop_drw has 0 polygons
2026-08-20 11:01:12 +0000: Memory Usage (139744K) : nometfiller_drw has 0 polygons
2026-08-20 11:01:12 +0000: Memory Usage (139744K) : prboundary_drw has 0 polygons
2026-08-20 11:01:12 +0000: Memory Usage (139744K) : exchange0_drw has 0 polygons
2026-08-20 11:01:12 +0000: Memory Usage (139744K) : exchange0_pin has 0 polygons
2026-08-20 11:01:12 +0000: Memory Usage (139744K) : exchange0_text has 0 polygons
2026-08-20 11:01:12 +0000: Memory Usage (139744K) : exchange1_drw has 0 polygons
2026-08-20 11:01:12 +0000: Memory Usage (139744K) : exchange1_pin has 0 polygons
2026-08-20 11:01:12 +0000: Memory Usage (139744K) : exchange1_text has 0 polygons
2026-08-20 11:01:12 +0000: Memory Usage (139744K) : exchange2_drw has 0 polygons
2026-08-20 11:01:12 +0000: Memory Usage (139744K) : exchange2_pin has 0 polygons
2026-08-20 11:01:12 +0000: Memory Usage (139744K) : exchange2_text has 0 polygons
2026-08-20 11:01:12 +0000: Memory Usage (139744K) : exchange3_drw has 0 polygons
2026-08-20 11:01:12 +0000: Memory Usage (139744K) : exchange3_pin has 0 polygons
2026-08-20 11:01:12 +0000: Memory Usage (139744K) : exchange3_text has 0 polygons
2026-08-20 11:01:12 +0000: Memory Usage (139744K) : exchange4_drw has 0 polygons
2026-08-20 11:01:12 +0000: Memory Usage (139744K) : exchange4_pin has 0 polygons
2026-08-20 11:01:12 +0000: Memory Usage (139744K) : exchange4_text has 0 polygons
2026-08-20 11:01:12 +0000: Memory Usage (139744K) : isonwell_drw has 0 polygons
2026-08-20 11:01:12 +0000: Memory Usage (139744K) : Total no. of polygons in the design is 8072
2026-08-20 11:01:12 +0000: Memory Usage (139744K) : Starting base layers derivations
2026-08-20 11:01:12 +0000: Memory Usage (139744K) : Starting general LVS derivations
2026-08-20 11:01:12 +0000: Memory Usage (143108K) : Starting MOSFET DERIVATIONS
2026-08-20 11:01:12 +0000: Memory Usage (143748K) : Starting NMOS DERIVATIONS
2026-08-20 11:01:12 +0000: Memory Usage (143748K) : Starting PMOS DERIVATIONS
2026-08-20 11:01:12 +0000: Memory Usage (143748K) : Starting RF-MOSFET DERIVATIONS
2026-08-20 11:01:12 +0000: Memory Usage (143748K) : Starting RF-NMOS DERIVATIONS
2026-08-20 11:01:12 +0000: Memory Usage (143748K) : Starting RF-PMOS DERIVATIONS
2026-08-20 11:01:12 +0000: Memory Usage (143748K) : Starting BJT DERIVATIONS
2026-08-20 11:01:12 +0000: Memory Usage (143748K) : Starting NPN-BJT DERIVATIONS
2026-08-20 11:01:12 +0000: Memory Usage (143748K) : Starting PNP-BJT DERIVATIONS
2026-08-20 11:01:12 +0000: Memory Usage (143748K) : Starting DIODE DERIVATIONS
2026-08-20 11:01:12 +0000: Memory Usage (143748K) : Starting RESISTOR DERIVATIONS
2026-08-20 11:01:12 +0000: Memory Usage (143748K) : Starting CAP DERIVATIONS
2026-08-20 11:01:12 +0000: Memory Usage (143748K) : Starting CAP_CMOM DERIVATIONS
2026-08-20 11:01:12 +0000: Memory Usage (143748K) : Starting CAP_CMOMF DERIVATIONS
2026-08-20 11:01:12 +0000: Memory Usage (143748K) : Starting ESD DERIVATIONS
2026-08-20 11:01:13 +0000: Memory Usage (143876K) : Starting Inductor DERIVATIONS
2026-08-20 11:01:13 +0000: Memory Usage (143876K) : Starting Taps DERIVATIONS
2026-08-20 11:01:13 +0000: Memory Usage (143876K) : Starting SG13G2 LVS connectivity setup
2026-08-20 11:01:13 +0000: Memory Usage (143876K) : Starting SG13G2 LVS connectivity setup (Inter-layer)
2026-08-20 11:01:13 +0000: Memory Usage (143876K) : Starting SG13G2 LVS connectivity setup (Global)
2026-08-20 11:01:13 +0000: Memory Usage (143876K) : Starting LVS MOSFET CONNECTIONS
2026-08-20 11:01:13 +0000: Memory Usage (143876K) : Starting LVS RF-MOSFET CONNECTIONS
2026-08-20 11:01:13 +0000: Memory Usage (143876K) : Starting LVS BJT CONNECTIONS
2026-08-20 11:01:13 +0000: Memory Usage (143876K) : Starting LVS DIODE CONNECTIONS
2026-08-20 11:01:13 +0000: Memory Usage (143876K) : Starting RESISTOR CONNECTIONS
2026-08-20 11:01:13 +0000: Memory Usage (143876K) : Starting LVS CAP CONNECTIONS
2026-08-20 11:01:13 +0000: Memory Usage (143876K) : Starting CAP_CMOM CONNECTIONS
2026-08-20 11:01:13 +0000: Memory Usage (143876K) : Starting CAP_CMOMF CONNECTIONS
2026-08-20 11:01:13 +0000: Memory Usage (143876K) : Starting ESD CONNECTIONS
2026-08-20 11:01:13 +0000: Memory Usage (143876K) : Starting Inductor CONNECTIONS
2026-08-20 11:01:13 +0000: Memory Usage (143876K) : Starting LVS Taps CONNECTIONS
2026-08-20 11:01:13 +0000: Memory Usage (143876K) : Starting SG13G2 LVS DEVICES EXTRACTION
2026-08-20 11:01:13 +0000: Memory Usage (143876K) : Starting MOSFET EXTRACTION
2026-08-20 11:01:13 +0000: Memory Usage (143876K) : Starting NMOS EXTRACTION
2026-08-20 11:01:13 +0000: Memory Usage (143876K) : Extraction of NMOS-LV transistor
2026-08-20 11:01:13 +0000: Memory Usage (144004K) : Extraction of NMOS-HV transistor
2026-08-20 11:01:13 +0000: Memory Usage (144004K) : Starting PMOS EXTRACTION
2026-08-20 11:01:13 +0000: Memory Usage (144004K) : Extraction of PMOS-LV transistor
2026-08-20 11:01:13 +0000: Memory Usage (144004K) : Extraction of PMOS-HV transistor
2026-08-20 11:01:13 +0000: Memory Usage (144004K) : Starting RF-MOSFET EXTRACTION
2026-08-20 11:01:13 +0000: Memory Usage (144004K) : Extraction of RF-NMOS-LV transistor
2026-08-20 11:01:13 +0000: Memory Usage (144004K) : Extraction of RF-NMOS-HV transistor
2026-08-20 11:01:13 +0000: Memory Usage (144004K) : Extraction of RF-PMOS-LV transistor
2026-08-20 11:01:13 +0000: Memory Usage (144004K) : Extraction of RF-PMOS-HV transistor
2026-08-20 11:01:13 +0000: Memory Usage (144004K) : Starting BJT EXTRACTION
2026-08-20 11:01:13 +0000: Memory Usage (144004K) : Starting NPN-BJT EXTRACTION
2026-08-20 11:01:13 +0000: Memory Usage (144004K) : Extraction of npn13G2 BJT transistor
2026-08-20 11:01:13 +0000: Memory Usage (144004K) : Extraction of npn13G2L BJT transistor
2026-08-20 11:01:13 +0000: Memory Usage (144004K) : Extraction of npn13G2V BJT transistor
2026-08-20 11:01:13 +0000: Memory Usage (144004K) : Starting PNP-BJT EXTRACTION
2026-08-20 11:01:13 +0000: Memory Usage (144004K) : Extracting pnpMPA BJT
2026-08-20 11:01:13 +0000: Memory Usage (144004K) : Starting DIODE EXTRACTION
2026-08-20 11:01:13 +0000: Memory Usage (144004K) : Extracting dantenna diode
2026-08-20 11:01:13 +0000: Memory Usage (144004K) : Extracting dpantenna diode
2026-08-20 11:01:13 +0000: Memory Usage (144004K) : Extracting schottky_nbl1 diode
2026-08-20 11:01:13 +0000: Memory Usage (144004K) : Extracting isolbox diode
2026-08-20 11:01:13 +0000: Memory Usage (144004K) : Starting RESISTOR EXTRACTION
2026-08-20 11:01:13 +0000: Memory Usage (144004K) : Extracting rsil resistor
2026-08-20 11:01:13 +0000: Memory Usage (144004K) : Extracting rppd resistor
2026-08-20 11:01:13 +0000: Memory Usage (144004K) : Extracting rhigh resistor
2026-08-20 11:01:13 +0000: Memory Usage (144004K) : Extracting res_metal1 resistor
2026-08-20 11:01:13 +0000: Memory Usage (144132K) : Extracting res_metal2 resistor
2026-08-20 11:01:13 +0000: Memory Usage (144132K) : Extracting res_metal3 resistor
2026-08-20 11:01:13 +0000: Memory Usage (144132K) : Extracting res_metal4 resistor
2026-08-20 11:01:13 +0000: Memory Usage (144132K) : Extracting res_metal5 resistor
2026-08-20 11:01:13 +0000: Memory Usage (144132K) : Extracting res_topmetal1 resistor
2026-08-20 11:01:13 +0000: Memory Usage (144132K) : Extracting res_topmetal2 resistor
2026-08-20 11:01:13 +0000: Memory Usage (144132K) : Starting CAP EXTRACTION
2026-08-20 11:01:13 +0000: Memory Usage (144132K) : Extracting cap_cmim device
2026-08-20 11:01:13 +0000: Memory Usage (144132K) : Extracting rfcmim device
2026-08-20 11:01:13 +0000: Memory Usage (144132K) : Extracting sg13_hv_svaricap varactor
2026-08-20 11:01:13 +0000: Memory Usage (144132K) : Extracting cap_cmomi device
2026-08-20 11:01:13 +0000: Memory Usage (144132K) : Extracting cap_cmomf device
2026-08-20 11:01:13 +0000: Memory Usage (144132K) : Extracting sg13_moscap_n capacitor
2026-08-20 11:01:13 +0000: Memory Usage (144132K) : Extracting sg13_moscap_p capacitor
2026-08-20 11:01:13 +0000: Memory Usage (144132K) : Starting ESD EXTRACTION
2026-08-20 11:01:13 +0000: Memory Usage (144132K) : Extracting diodevdd_2kv ESD device
2026-08-20 11:01:13 +0000: Memory Usage (144260K) : Extracting diodevdd_4kv ESD device
2026-08-20 11:01:13 +0000: Memory Usage (144260K) : Extracting diodevss_2kv ESD device
2026-08-20 11:01:13 +0000: Memory Usage (144260K) : Extracting diodevss_4kv ESD device
2026-08-20 11:01:13 +0000: Memory Usage (144260K) : Extracting idiodevdd_2kv ESD device
2026-08-20 11:01:13 +0000: Memory Usage (144260K) : Extracting idiodevdd_4kv ESD device
2026-08-20 11:01:13 +0000: Memory Usage (144260K) : Extracting idiodevss_2kv ESD device
2026-08-20 11:01:13 +0000: Memory Usage (144260K) : Extracting idiodevss_4kv ESD device
2026-08-20 11:01:13 +0000: Memory Usage (144260K) : Extracting nmoscl_2 ESD device
2026-08-20 11:01:13 +0000: Memory Usage (144260K) : Extracting nmoscl_4 ESD device
2026-08-20 11:01:13 +0000: Memory Usage (144260K) : Starting Inductor EXTRACTION
2026-08-20 11:01:13 +0000: Memory Usage (144260K) : Extracting Inductor2 device
2026-08-20 11:01:13 +0000: Memory Usage (144260K) : Extracting Inductor3 device
2026-08-20 11:01:13 +0000: Memory Usage (144260K) : Starting Taps EXTRACTION
2026-08-20 11:01:13 +0000: Memory Usage (144260K) : DISABLE_TAP_EXTRACTION is enabled: skipping ntap1/ptap1 device extraction.
2026-08-20 11:01:13 +0000: Memory Usage (144260K) : Starting SG13G2 LVS RF MOS Model Mapping
2026-08-20 11:01:13 +0000: Memory Usage (144260K) : [layout_netlist] Apply RF MOS model mapping and rfmode parameter.
2026-08-20 11:01:13 +0000: Memory Usage (144260K) : Starting SG13G2 LVS Options Preparations
2026-08-20 11:01:13 +0000: Memory Usage (144260K) : SG13G2 LVS flow: extraction -> alignment -> option preparation -> comparison.
2026-08-20 11:01:13 +0000: Memory Usage (144260K) : Starting SG13G2 LVS Alignment
2026-08-20 11:01:13 +0000: Memory Usage (144260K) : Starting SG13G2 LVS Simplification
2026-08-20 11:01:13 +0000: Memory Usage (144260K) : [layout_netlist] simplify: ENABLED
2026-08-20 11:01:13 +0000: Memory Usage (144260K) : [layout_netlist] make_top_level_pins: SKIPPED
2026-08-20 11:01:13 +0000: Memory Usage (144260K) : [layout_netlist] combine_devices: SKIPPED
2026-08-20 11:01:13 +0000: Memory Usage (144260K) : [layout_netlist] purge: SKIPPED
2026-08-20 11:01:13 +0000: Memory Usage (144260K) : [layout_netlist] purge_nets: SKIPPED
2026-08-20 11:01:13 +0000: Memory Usage (144260K) : [schematic_netlist] simplify: ENABLED
2026-08-20 11:01:13 +0000: Memory Usage (144260K) : [schematic_netlist] make_top_level_pins: SKIPPED
2026-08-20 11:01:13 +0000: Memory Usage (144260K) : [schematic_netlist] combine_devices: SKIPPED
2026-08-20 11:01:13 +0000: Memory Usage (144260K) : [schematic_netlist] purge: SKIPPED
2026-08-20 11:01:13 +0000: Memory Usage (144260K) : [schematic_netlist] purge_nets: SKIPPED
2026-08-20 11:01:13 +0000: Memory Usage (144260K) : Starting SG13G2 LVS Comparison
2026-08-20 11:01:13 +0000: Memory Usage (144260K) : xxxxxxxxxxxxxxxxxxxxxxxxxxxxxxxxxxxxxxxxxx
2026-08-20 11:01:13 +0000: Memory Usage (144260K) : ERROR : Netlists don't match
2026-08-20 11:01:13 +0000: Memory Usage (144260K) : xxxxxxxxxxxxxxxxxxxxxxxxxxxxxxxxxxxxxxxxxx
2026-08-20 11:01:13 +0000: Memory Usage (144260K) : LVS Total Run time 0.652243 seconds
2026-08-20 11:01:37 +0000: Memory Usage (128920K) : Starting running SG13G2 Klayout LVS runset on /workspace/layout/blocks/out/term_stage/_bisect/pads_esd.gds
2026-08-20 11:01:37 +0000: Memory Usage (128920K) : Ruby Version for klayout: 3.2.3
2026-08-20 11:01:37 +0000: Memory Usage (130132K) : Loading database to memory is complete.
2026-08-20 11:01:37 +0000: Memory Usage (130132K) : SG13G2 Klayout LVS runset output at: /workspace/layout/blocks/out/term_stage/_bisect/pads_esd/pads_esd.lvsdb
2026-08-20 11:01:37 +0000: Memory Usage (130132K) : Evaluate switches.
2026-08-20 11:01:37 +0000: Memory Usage (130132K) : Extracted netlist with net names: true
2026-08-20 11:01:37 +0000: Memory Usage (130132K) : Extracted netlist with comments in details: false
2026-08-20 11:01:37 +0000: Memory Usage (130132K) : Selected NET_ONLY option: false
2026-08-20 11:01:37 +0000: Memory Usage (130132K) : Selected LAYOUT_NETLIST option: (none)
2026-08-20 11:01:37 +0000: Memory Usage (130132K) : Selected IGNORE_TOP_PORTS_MISMATCH option: true
2026-08-20 11:01:37 +0000: Memory Usage (130132K) : Selected IMPLICIT_NETS option: sub,sub!
2026-08-20 11:01:37 +0000: Memory Usage (130132K) : Selected TOP_LVL_PINS option: false
2026-08-20 11:01:37 +0000: Memory Usage (130132K) : Selected COMBINE DEVICES option: false
2026-08-20 11:01:37 +0000: Memory Usage (130132K) : Selected PURGE option: false
2026-08-20 11:01:37 +0000: Memory Usage (130132K) : Selected PURGE_NETS option: false
2026-08-20 11:01:37 +0000: Memory Usage (130132K) : Selected SIMPLIFY option: true
2026-08-20 11:01:37 +0000: Memory Usage (130132K) : Selected SERIES_RES option: true
2026-08-20 11:01:37 +0000: Memory Usage (130132K) : Selected PARALLEL_RES option: true
2026-08-20 11:01:37 +0000: Memory Usage (130132K) : Selected DISABLE_TAP_EXTRACTION option: true
2026-08-20 11:01:37 +0000: Memory Usage (130132K) : deep  mode is enabled.
2026-08-20 11:01:37 +0000: Memory Usage (130132K) : Applying implicit connections (case-sensitive, pattern supported) for nets: sub, sub!
2026-08-20 11:01:37 +0000: Memory Usage (131216K) : Netlist file: /workspace/layout/blocks/out/term_stage/_bisect/pads_esd.cdl
2026-08-20 11:01:37 +0000: Memory Usage (131216K) : LVS extracted netlist at: /workspace/layout/blocks/out/term_stage/_bisect/pads_esd/pads_esd_extracted.cir
2026-08-20 11:01:37 +0000: Memory Usage (131216K) : Applying SRAM integration support.
2026-08-20 11:01:37 +0000: Memory Usage (131216K) : Starting SG13G2 LVS runset
2026-08-20 11:01:37 +0000: Memory Usage (131216K) : Read in polygons from layers.
2026-08-20 11:01:37 +0000: Memory Usage (132440K) : activ_drw has 24 polygons
2026-08-20 11:01:37 +0000: Memory Usage (132440K) : activ_filler has 0 polygons
2026-08-20 11:01:37 +0000: Memory Usage (132568K) : activ has 24 polygons
2026-08-20 11:01:37 +0000: Memory Usage (132568K) : activ_pin has 0 polygons
2026-08-20 11:01:37 +0000: Memory Usage (132568K) : activ_mask has 0 polygons
2026-08-20 11:01:37 +0000: Memory Usage (132568K) : activ_nofill has 0 polygons
2026-08-20 11:01:37 +0000: Memory Usage (132568K) : activ_OPC has 0 polygons
2026-08-20 11:01:37 +0000: Memory Usage (132568K) : activ_iOPC has 0 polygons
2026-08-20 11:01:37 +0000: Memory Usage (132568K) : activ_noqrc has 0 polygons
2026-08-20 11:01:37 +0000: Memory Usage (132568K) : biwind_drw has 0 polygons
2026-08-20 11:01:37 +0000: Memory Usage (132568K) : biwind_OPC has 0 polygons
2026-08-20 11:01:37 +0000: Memory Usage (132568K) : gatpoly_drw has 0 polygons
2026-08-20 11:01:37 +0000: Memory Usage (132568K) : gatpoly_filler has 0 polygons
2026-08-20 11:01:37 +0000: Memory Usage (132568K) : gatpoly has 0 polygons
2026-08-20 11:01:37 +0000: Memory Usage (132664K) : gatpoly_pin has 0 polygons
2026-08-20 11:01:37 +0000: Memory Usage (133176K) : gatpoly_nofill has 0 polygons
2026-08-20 11:01:37 +0000: Memory Usage (133176K) : gatpoly_OPC has 0 polygons
2026-08-20 11:01:37 +0000: Memory Usage (133176K) : gatpoly_iOPC has 0 polygons
2026-08-20 11:01:37 +0000: Memory Usage (133176K) : gatpoly_noqrc has 0 polygons
2026-08-20 11:01:37 +0000: Memory Usage (133176K) : cont_drw has 4316 polygons
2026-08-20 11:01:37 +0000: Memory Usage (133176K) : cont_OPC has 0 polygons
2026-08-20 11:01:37 +0000: Memory Usage (133176K) : nsd_drw has 0 polygons
2026-08-20 11:01:37 +0000: Memory Usage (133176K) : nsd_block has 0 polygons
2026-08-20 11:01:37 +0000: Memory Usage (133176K) : metal1_drw has 24 polygons
2026-08-20 11:01:37 +0000: Memory Usage (133176K) : metal1_filler has 0 polygons
2026-08-20 11:01:37 +0000: Memory Usage (133176K) : metal1_slit has 0 polygons
2026-08-20 11:01:37 +0000: Memory Usage (133304K) : metal1 has 24 polygons
2026-08-20 11:01:37 +0000: Memory Usage (133304K) : metal1_pin has 4 polygons
2026-08-20 11:01:37 +0000: Memory Usage (133304K) : metal1_mask has 0 polygons
2026-08-20 11:01:37 +0000: Memory Usage (133304K) : metal1_nofill has 0 polygons
2026-08-20 11:01:37 +0000: Memory Usage (133432K) : metal1_text has 4 polygons
2026-08-20 11:01:37 +0000: Memory Usage (133432K) : metal1_OPC has 0 polygons
2026-08-20 11:01:37 +0000: Memory Usage (133432K) : metal1_noqrc has 0 polygons
2026-08-20 11:01:37 +0000: Memory Usage (133432K) : metal1_res has 0 polygons
2026-08-20 11:01:37 +0000: Memory Usage (133432K) : metal1_iprobe has 0 polygons
2026-08-20 11:01:37 +0000: Memory Usage (133560K) : metal1_diffprb has 0 polygons
2026-08-20 11:01:37 +0000: Memory Usage (133560K) : passiv_drw has 2 polygons
2026-08-20 11:01:37 +0000: Memory Usage (133688K) : passiv_pin has 0 polygons
2026-08-20 11:01:37 +0000: Memory Usage (133688K) : passiv_sbump has 0 polygons
2026-08-20 11:01:37 +0000: Memory Usage (133688K) : passiv_pillar has 0 polygons
2026-08-20 11:01:37 +0000: Memory Usage (133816K) : passiv_pdl has 0 polygons
2026-08-20 11:01:37 +0000: Memory Usage (133816K) : metal2_drw has 20 polygons
2026-08-20 11:01:37 +0000: Memory Usage (133816K) : metal2_filler has 0 polygons
2026-08-20 11:01:37 +0000: Memory Usage (133944K) : metal2_slit has 0 polygons
2026-08-20 11:01:37 +0000: Memory Usage (133944K) : metal2 has 20 polygons
2026-08-20 11:01:37 +0000: Memory Usage (134072K) : metal2_pin has 8 polygons
2026-08-20 11:01:37 +0000: Memory Usage (134072K) : metal2_mask has 0 polygons
2026-08-20 11:01:37 +0000: Memory Usage (134072K) : metal2_nofill has 0 polygons
2026-08-20 11:01:37 +0000: Memory Usage (134200K) : metal2_text has 8 polygons
2026-08-20 11:01:37 +0000: Memory Usage (134200K) : metal2_OPC has 0 polygons
2026-08-20 11:01:37 +0000: Memory Usage (134200K) : metal2_noqrc has 0 polygons
2026-08-20 11:01:37 +0000: Memory Usage (134328K) : metal2_res has 0 polygons
2026-08-20 11:01:37 +0000: Memory Usage (134328K) : metal2_iprobe has 0 polygons
2026-08-20 11:01:37 +0000: Memory Usage (134328K) : metal2_diffprb has 0 polygons
2026-08-20 11:01:37 +0000: Memory Usage (134456K) : baspoly_drw has 0 polygons
2026-08-20 11:01:37 +0000: Memory Usage (134456K) : baspoly_pin has 0 polygons
2026-08-20 11:01:37 +0000: Memory Usage (134456K) : psd_drw has 12 polygons
2026-08-20 11:01:37 +0000: Memory Usage (134456K) : nldb_drw has 0 polygons
2026-08-20 11:01:37 +0000: Memory Usage (134584K) : digibnd_drw has 0 polygons
2026-08-20 11:01:37 +0000: Memory Usage (134584K) : via1_drw has 864 polygons
2026-08-20 11:01:37 +0000: Memory Usage (134584K) : backmetal1_drw has 0 polygons
2026-08-20 11:01:37 +0000: Memory Usage (134584K) : backmetal1_pin has 0 polygons
2026-08-20 11:01:37 +0000: Memory Usage (134584K) : backmetal1_mask has 0 polygons
2026-08-20 11:01:37 +0000: Memory Usage (134712K) : backmetal1_filler has 0 polygons
2026-08-20 11:01:37 +0000: Memory Usage (134712K) : backmetal1_nofill has 0 polygons
2026-08-20 11:01:37 +0000: Memory Usage (134712K) : backmetal1_slit has 0 polygons
2026-08-20 11:01:37 +0000: Memory Usage (134712K) : backmetal1_text has 0 polygons
2026-08-20 11:01:37 +0000: Memory Usage (134840K) : backmetal1_OPC has 0 polygons
2026-08-20 11:01:37 +0000: Memory Usage (134840K) : backmetal1_noqrc has 0 polygons
2026-08-20 11:01:37 +0000: Memory Usage (134840K) : backmetal1_res has 0 polygons
2026-08-20 11:01:37 +0000: Memory Usage (134840K) : backmetal1_iprobe has 0 polygons
2026-08-20 11:01:37 +0000: Memory Usage (134968K) : backmetal1_diffprb has 0 polygons
2026-08-20 11:01:37 +0000: Memory Usage (134968K) : backpassiv_drw has 0 polygons
2026-08-20 11:01:37 +0000: Memory Usage (134968K) : res_drw has 0 polygons
2026-08-20 11:01:37 +0000: Memory Usage (134968K) : sram_drw has 0 polygons
2026-08-20 11:01:37 +0000: Memory Usage (135096K) : trans_drw has 0 polygons
2026-08-20 11:01:37 +0000: Memory Usage (135096K) : ind_drw has 0 polygons
2026-08-20 11:01:37 +0000: Memory Usage (135096K) : ind_pin has 0 polygons
2026-08-20 11:01:37 +0000: Memory Usage (135096K) : ind_text has 0 polygons
2026-08-20 11:01:37 +0000: Memory Usage (135224K) : salblock_drw has 0 polygons
2026-08-20 11:01:37 +0000: Memory Usage (135224K) : via2_drw has 16 polygons
2026-08-20 11:01:37 +0000: Memory Usage (135224K) : metal3_drw has 8 polygons
2026-08-20 11:01:37 +0000: Memory Usage (135224K) : metal3_filler has 0 polygons
2026-08-20 11:01:37 +0000: Memory Usage (135352K) : metal3_slit has 0 polygons
2026-08-20 11:01:37 +0000: Memory Usage (135352K) : metal3 has 8 polygons
2026-08-20 11:01:37 +0000: Memory Usage (135352K) : metal3_pin has 0 polygons
2026-08-20 11:01:37 +0000: Memory Usage (135480K) : metal3_mask has 0 polygons
2026-08-20 11:01:37 +0000: Memory Usage (135480K) : metal3_nofill has 0 polygons
2026-08-20 11:01:37 +0000: Memory Usage (135480K) : metal3_text has 0 polygons
2026-08-20 11:01:37 +0000: Memory Usage (135480K) : metal3_OPC has 0 polygons
2026-08-20 11:01:37 +0000: Memory Usage (135608K) : metal3_noqrc has 0 polygons
2026-08-20 11:01:37 +0000: Memory Usage (135608K) : metal3_res has 0 polygons
2026-08-20 11:01:37 +0000: Memory Usage (135608K) : metal3_iprobe has 0 polygons
2026-08-20 11:01:37 +0000: Memory Usage (135608K) : metal3_diffprb has 0 polygons
2026-08-20 11:01:37 +0000: Memory Usage (135736K) : nwell_drw has 10 polygons
2026-08-20 11:01:37 +0000: Memory Usage (135736K) : nwell_pin has 0 polygons
2026-08-20 11:01:37 +0000: Memory Usage (135736K) : nwell_text has 0 polygons
2026-08-20 11:01:37 +0000: Memory Usage (135736K) : nbulay_drw has 0 polygons
2026-08-20 11:01:37 +0000: Memory Usage (135736K) : nbulay_pin has 0 polygons
2026-08-20 11:01:37 +0000: Memory Usage (135736K) : nbulay_block has 0 polygons
2026-08-20 11:01:37 +0000: Memory Usage (135736K) : emwind_drw has 0 polygons
2026-08-20 11:01:37 +0000: Memory Usage (135736K) : emwind_OPC has 0 polygons
2026-08-20 11:01:37 +0000: Memory Usage (135736K) : deepco_drw has 0 polygons
2026-08-20 11:01:37 +0000: Memory Usage (135736K) : mim_drw has 0 polygons
2026-08-20 11:01:37 +0000: Memory Usage (135736K) : edgeseal_drw has 0 polygons
2026-08-20 11:01:37 +0000: Memory Usage (135736K) : substrate_drw has 0 polygons
2026-08-20 11:01:37 +0000: Memory Usage (135736K) : substrate_text has 0 polygons
2026-08-20 11:01:37 +0000: Memory Usage (135736K) : dfpad_drw has 2 polygons
2026-08-20 11:01:37 +0000: Memory Usage (135864K) : dfpad_pillar has 0 polygons
2026-08-20 11:01:37 +0000: Memory Usage (135864K) : dfpad_sbump has 0 polygons
2026-08-20 11:01:37 +0000: Memory Usage (135864K) : thickgateox_drw has 0 polygons
2026-08-20 11:01:37 +0000: Memory Usage (135864K) : pldb_drw has 0 polygons
2026-08-20 11:01:37 +0000: Memory Usage (135864K) : pwell_drw has 0 polygons
2026-08-20 11:01:37 +0000: Memory Usage (135864K) : pwell_pin has 0 polygons
2026-08-20 11:01:37 +0000: Memory Usage (135992K) : pwell_block has 0 polygons
2026-08-20 11:01:37 +0000: Memory Usage (135992K) : ic_drw has 0 polygons
2026-08-20 11:01:37 +0000: Memory Usage (135992K) : via3_drw has 992 polygons
2026-08-20 11:01:37 +0000: Memory Usage (135992K) : metal4_drw has 10 polygons
2026-08-20 11:01:37 +0000: Memory Usage (135992K) : metal4_filler has 0 polygons
2026-08-20 11:01:37 +0000: Memory Usage (136120K) : metal4_slit has 0 polygons
2026-08-20 11:01:37 +0000: Memory Usage (136120K) : metal4 has 10 polygons
2026-08-20 11:01:37 +0000: Memory Usage (136120K) : metal4_pin has 0 polygons
2026-08-20 11:01:37 +0000: Memory Usage (136120K) : metal4_mask has 0 polygons
2026-08-20 11:01:37 +0000: Memory Usage (136120K) : metal4_nofill has 0 polygons
2026-08-20 11:01:37 +0000: Memory Usage (136120K) : metal4_text has 4 polygons
2026-08-20 11:01:37 +0000: Memory Usage (136248K) : metal4_OPC has 0 polygons
2026-08-20 11:01:37 +0000: Memory Usage (136248K) : metal4_noqrc has 0 polygons
2026-08-20 11:01:37 +0000: Memory Usage (136248K) : metal4_res has 0 polygons
2026-08-20 11:01:37 +0000: Memory Usage (136248K) : metal4_iprobe has 0 polygons
2026-08-20 11:01:37 +0000: Memory Usage (136248K) : metal4_diffprb has 0 polygons
2026-08-20 11:01:37 +0000: Memory Usage (136376K) : heattrans_drw has 0 polygons
2026-08-20 11:01:37 +0000: Memory Usage (136376K) : heatres_drw has 0 polygons
2026-08-20 11:01:37 +0000: Memory Usage (136376K) : fbe_drw has 0 polygons
2026-08-20 11:01:37 +0000: Memory Usage (136376K) : empoly_drw has 0 polygons
2026-08-20 11:01:37 +0000: Memory Usage (136376K) : digisub_drw has 0 polygons
2026-08-20 11:01:37 +0000: Memory Usage (136376K) : text_drw has 16 polygons
2026-08-20 11:01:37 +0000: Memory Usage (136376K) : via4_drw has 992 polygons
2026-08-20 11:01:37 +0000: Memory Usage (136504K) : metal5_drw has 28 polygons
2026-08-20 11:01:37 +0000: Memory Usage (136504K) : metal5_filler has 0 polygons
2026-08-20 11:01:37 +0000: Memory Usage (136504K) : metal5_slit has 0 polygons
2026-08-20 11:01:37 +0000: Memory Usage (136504K) : metal5 has 28 polygons
2026-08-20 11:01:37 +0000: Memory Usage (136504K) : metal5_pin has 0 polygons
2026-08-20 11:01:37 +0000: Memory Usage (136632K) : metal5_mask has 0 polygons
2026-08-20 11:01:37 +0000: Memory Usage (136632K) : metal5_nofill has 0 polygons
2026-08-20 11:01:37 +0000: Memory Usage (136632K) : metal5_text has 0 polygons
2026-08-20 11:01:37 +0000: Memory Usage (136632K) : metal5_OPC has 0 polygons
2026-08-20 11:01:37 +0000: Memory Usage (136632K) : metal5_noqrc has 0 polygons
2026-08-20 11:01:37 +0000: Memory Usage (136632K) : metal5_res has 0 polygons
2026-08-20 11:01:37 +0000: Memory Usage (136632K) : metal5_iprobe has 0 polygons
2026-08-20 11:01:37 +0000: Memory Usage (136760K) : metal5_diffprb has 0 polygons
2026-08-20 11:01:37 +0000: Memory Usage (136760K) : radhard_drw has 0 polygons
2026-08-20 11:01:37 +0000: Memory Usage (136760K) : memcap_drw has 0 polygons
2026-08-20 11:01:37 +0000: Memory Usage (136760K) : varicap_drw has 0 polygons
2026-08-20 11:01:37 +0000: Memory Usage (136760K) : intbondvia_drw has 0 polygons
2026-08-20 11:01:37 +0000: Memory Usage (136888K) : intbondmet_drw has 0 polygons
2026-08-20 11:01:37 +0000: Memory Usage (136888K) : devbondvia_drw has 0 polygons
2026-08-20 11:01:37 +0000: Memory Usage (136888K) : devbondmet_drw has 0 polygons
2026-08-20 11:01:37 +0000: Memory Usage (136888K) : devtrench_drw has 0 polygons
2026-08-20 11:01:37 +0000: Memory Usage (136888K) : redist_drw has 0 polygons
2026-08-20 11:01:37 +0000: Memory Usage (136888K) : graphbot_drw has 0 polygons
2026-08-20 11:01:37 +0000: Memory Usage (137016K) : graphtop_drw has 0 polygons
2026-08-20 11:01:37 +0000: Memory Usage (137016K) : antvia1_drw has 0 polygons
2026-08-20 11:01:37 +0000: Memory Usage (137016K) : antmetal2_drw has 0 polygons
2026-08-20 11:01:37 +0000: Memory Usage (137016K) : graphcont_drw has 0 polygons
2026-08-20 11:01:37 +0000: Memory Usage (137016K) : siwg_drw has 0 polygons
2026-08-20 11:01:37 +0000: Memory Usage (137016K) : siwg_filler has 0 polygons
2026-08-20 11:01:37 +0000: Memory Usage (137016K) : siwg_nofill has 0 polygons
2026-08-20 11:01:37 +0000: Memory Usage (137144K) : sigrating_drw has 0 polygons
2026-08-20 11:01:37 +0000: Memory Usage (137144K) : singrating_drw has 0 polygons
2026-08-20 11:01:37 +0000: Memory Usage (137144K) : graphpas_drw has 0 polygons
2026-08-20 11:01:37 +0000: Memory Usage (137144K) : emwind3_drw has 0 polygons
2026-08-20 11:01:37 +0000: Memory Usage (137144K) : emwihv3_drw has 0 polygons
2026-08-20 11:01:37 +0000: Memory Usage (137272K) : redbulay_drw has 0 polygons
2026-08-20 11:01:37 +0000: Memory Usage (137272K) : smos_drw has 0 polygons
2026-08-20 11:01:37 +0000: Memory Usage (137272K) : graphpad_drw has 0 polygons
2026-08-20 11:01:37 +0000: Memory Usage (137272K) : polimide_drw has 0 polygons
2026-08-20 11:01:37 +0000: Memory Usage (137272K) : polimide_pin has 0 polygons
2026-08-20 11:01:37 +0000: Memory Usage (137272K) : recog_drw has 0 polygons
2026-08-20 11:01:37 +0000: Memory Usage (137272K) : recog_pin has 0 polygons
2026-08-20 11:01:37 +0000: Memory Usage (137400K) : recog_esd has 4 polygons
2026-08-20 11:01:37 +0000: Memory Usage (137400K) : recog_diode has 0 polygons
2026-08-20 11:01:37 +0000: Memory Usage (137400K) : recog_tsv has 0 polygons
2026-08-20 11:01:37 +0000: Memory Usage (137400K) : recog_iprobe has 0 polygons
2026-08-20 11:01:37 +0000: Memory Usage (137400K) : recog_diffprb has 0 polygons
2026-08-20 11:01:37 +0000: Memory Usage (137400K) : recog_pillar has 0 polygons
2026-08-20 11:01:37 +0000: Memory Usage (137528K) : recog_sbump has 0 polygons
2026-08-20 11:01:37 +0000: Memory Usage (137528K) : recog_otp has 0 polygons
2026-08-20 11:01:37 +0000: Memory Usage (137528K) : recog_pdiode has 0 polygons
2026-08-20 11:01:37 +0000: Memory Usage (137528K) : recog_mom has 0 polygons
2026-08-20 11:01:37 +0000: Memory Usage (137528K) : recog_momf has 0 polygons
2026-08-20 11:01:37 +0000: Memory Usage (137528K) : recog_pcm has 0 polygons
2026-08-20 11:01:37 +0000: Memory Usage (137656K) : colopen_drw has 0 polygons
2026-08-20 11:01:37 +0000: Memory Usage (137656K) : graphmetal1_drw has 0 polygons
2026-08-20 11:01:37 +0000: Memory Usage (137656K) : graphmetal1_filler has 0 polygons
2026-08-20 11:01:37 +0000: Memory Usage (137656K) : graphmetal1_nofill has 0 polygons
2026-08-20 11:01:37 +0000: Memory Usage (137656K) : graphmetal1_slit has 0 polygons
2026-08-20 11:01:37 +0000: Memory Usage (137656K) : graphmetal1_OPC has 0 polygons
2026-08-20 11:01:37 +0000: Memory Usage (137784K) : graphmet1l_drw has 0 polygons
2026-08-20 11:01:37 +0000: Memory Usage (137784K) : graphmet1l_filler has 0 polygons
2026-08-20 11:01:37 +0000: Memory Usage (137784K) : graphmet1l_nofill has 0 polygons
2026-08-20 11:01:37 +0000: Memory Usage (137784K) : graphmet1l_slit has 0 polygons
2026-08-20 11:01:37 +0000: Memory Usage (137784K) : graphmet1l_OPC has 0 polygons
2026-08-20 11:01:37 +0000: Memory Usage (137912K) : extblock_drw has 0 polygons
2026-08-20 11:01:37 +0000: Memory Usage (137912K) : nldd_drw has 0 polygons
2026-08-20 11:01:37 +0000: Memory Usage (137912K) : pldd_drw has 0 polygons
2026-08-20 11:01:37 +0000: Memory Usage (137912K) : next_drw has 0 polygons
2026-08-20 11:01:37 +0000: Memory Usage (137912K) : pext_drw has 0 polygons
2026-08-20 11:01:37 +0000: Memory Usage (137912K) : nexthv_drw has 0 polygons
2026-08-20 11:01:37 +0000: Memory Usage (138040K) : pexthv_drw has 0 polygons
2026-08-20 11:01:37 +0000: Memory Usage (138040K) : graphgate_drw has 0 polygons
2026-08-20 11:01:37 +0000: Memory Usage (138040K) : sinwg_drw has 0 polygons
2026-08-20 11:01:37 +0000: Memory Usage (138040K) : sinwg_filler has 0 polygons
2026-08-20 11:01:37 +0000: Memory Usage (138040K) : sinwg_nofill has 0 polygons
2026-08-20 11:01:37 +0000: Memory Usage (138040K) : mempad_drw has 0 polygons
2026-08-20 11:01:37 +0000: Memory Usage (138168K) : topvia1_drw has 478 polygons
2026-08-20 11:01:37 +0000: Memory Usage (138168K) : topmetal1_drw has 12 polygons
2026-08-20 11:01:37 +0000: Memory Usage (138168K) : topmetal1_filler has 0 polygons
2026-08-20 11:01:37 +0000: Memory Usage (138168K) : topmetal1_slit has 0 polygons
2026-08-20 11:01:37 +0000: Memory Usage (138168K) : topmetal1 has 12 polygons
2026-08-20 11:01:37 +0000: Memory Usage (138168K) : topmetal1_pin has 0 polygons
2026-08-20 11:01:37 +0000: Memory Usage (138296K) : topmetal1_mask has 0 polygons
2026-08-20 11:01:37 +0000: Memory Usage (138296K) : topmetal1_nofill has 0 polygons
2026-08-20 11:01:37 +0000: Memory Usage (138296K) : topmetal1_text has 0 polygons
2026-08-20 11:01:37 +0000: Memory Usage (138296K) : topmetal1_noqrc has 0 polygons
2026-08-20 11:01:37 +0000: Memory Usage (138296K) : topmetal1_res has 0 polygons
2026-08-20 11:01:37 +0000: Memory Usage (138296K) : topmetal1_iprobe has 0 polygons
2026-08-20 11:01:37 +0000: Memory Usage (138296K) : topmetal1_diffprb has 0 polygons
2026-08-20 11:01:37 +0000: Memory Usage (138424K) : inldpwl_drw has 0 polygons
2026-08-20 11:01:37 +0000: Memory Usage (138424K) : polyres_drw has 0 polygons
2026-08-20 11:01:37 +0000: Memory Usage (138424K) : polyres_pin has 0 polygons
2026-08-20 11:01:37 +0000: Memory Usage (138424K) : vmim_drw has 0 polygons
2026-08-20 11:01:37 +0000: Memory Usage (138424K) : nbulaycut_drw has 0 polygons
2026-08-20 11:01:37 +0000: Memory Usage (138424K) : antmetal1_drw has 0 polygons
2026-08-20 11:01:37 +0000: Memory Usage (138552K) : topvia2_drw has 198 polygons
2026-08-20 11:01:37 +0000: Memory Usage (138552K) : topmetal2_drw has 12 polygons
2026-08-20 11:01:37 +0000: Memory Usage (138552K) : topmetal2_filler has 0 polygons
2026-08-20 11:01:37 +0000: Memory Usage (138552K) : topmetal2_slit has 0 polygons
2026-08-20 11:01:37 +0000: Memory Usage (138552K) : topmetal2 has 12 polygons
2026-08-20 11:01:37 +0000: Memory Usage (138680K) : topmetal2_pin has 0 polygons
2026-08-20 11:01:37 +0000: Memory Usage (138680K) : topmetal2_mask has 0 polygons
2026-08-20 11:01:37 +0000: Memory Usage (138680K) : topmetal2_nofill has 0 polygons
2026-08-20 11:01:37 +0000: Memory Usage (138680K) : topmetal2_text has 4 polygons
2026-08-20 11:01:37 +0000: Memory Usage (138680K) : topmetal2_noqrc has 0 polygons
2026-08-20 11:01:37 +0000: Memory Usage (138680K) : topmetal2_res has 0 polygons
2026-08-20 11:01:37 +0000: Memory Usage (138808K) : topmetal2_iprobe has 0 polygons
2026-08-20 11:01:37 +0000: Memory Usage (138808K) : topmetal2_diffprb has 0 polygons
2026-08-20 11:01:37 +0000: Memory Usage (138808K) : snsring_drw has 0 polygons
2026-08-20 11:01:37 +0000: Memory Usage (138936K) : sensor_drw has 0 polygons
2026-08-20 11:01:37 +0000: Memory Usage (138936K) : snsarms_drw has 0 polygons
2026-08-20 11:01:37 +0000: Memory Usage (138936K) : snscmosvia_drw has 0 polygons
2026-08-20 11:01:37 +0000: Memory Usage (139064K) : colwind_drw has 0 polygons
2026-08-20 11:01:37 +0000: Memory Usage (139064K) : flm_drw has 0 polygons
2026-08-20 11:01:37 +0000: Memory Usage (139064K) : hafniumox_drw has 0 polygons
2026-08-20 11:01:37 +0000: Memory Usage (139064K) : memvia_drw has 0 polygons
2026-08-20 11:01:37 +0000: Memory Usage (139192K) : thinfilmres_drw has 0 polygons
2026-08-20 11:01:37 +0000: Memory Usage (139192K) : rfmem_drw has 0 polygons
2026-08-20 11:01:37 +0000: Memory Usage (139192K) : norcx_drw has 0 polygons
2026-08-20 11:01:37 +0000: Memory Usage (139192K) : norcx_m2m3 has 0 polygons
2026-08-20 11:01:37 +0000: Memory Usage (139320K) : norcx_m2m4 has 0 polygons
2026-08-20 11:01:37 +0000: Memory Usage (139320K) : norcx_m2m5 has 0 polygons
2026-08-20 11:01:37 +0000: Memory Usage (139320K) : norcx_m2tm1 has 0 polygons
2026-08-20 11:01:37 +0000: Memory Usage (139448K) : norcx_m2tm2 has 0 polygons
2026-08-20 11:01:37 +0000: Memory Usage (139448K) : norcx_m3m4 has 0 polygons
2026-08-20 11:01:37 +0000: Memory Usage (139448K) : norcx_m3m5 has 0 polygons
2026-08-20 11:01:37 +0000: Memory Usage (139448K) : norcx_m3tm1 has 0 polygons
2026-08-20 11:01:37 +0000: Memory Usage (139576K) : norcx_m3tm2 has 0 polygons
2026-08-20 11:01:37 +0000: Memory Usage (139576K) : norcx_m4m5 has 0 polygons
2026-08-20 11:01:37 +0000: Memory Usage (139704K) : norcx_m4tm1 has 0 polygons
2026-08-20 11:01:37 +0000: Memory Usage (139704K) : norcx_m4tm2 has 0 polygons
2026-08-20 11:01:37 +0000: Memory Usage (139704K) : norcx_m5tm1 has 0 polygons
2026-08-20 11:01:37 +0000: Memory Usage (139704K) : norcx_m5tm2 has 0 polygons
2026-08-20 11:01:37 +0000: Memory Usage (139832K) : norcx_tm1tm2 has 0 polygons
2026-08-20 11:01:37 +0000: Memory Usage (139832K) : norcx_m1sub has 0 polygons
2026-08-20 11:01:37 +0000: Memory Usage (139832K) : norcx_m2sub has 0 polygons
2026-08-20 11:01:37 +0000: Memory Usage (139832K) : norcx_m3sub has 0 polygons
2026-08-20 11:01:37 +0000: Memory Usage (139832K) : norcx_m4sub has 0 polygons
2026-08-20 11:01:37 +0000: Memory Usage (139832K) : norcx_m5sub has 0 polygons
2026-08-20 11:01:37 +0000: Memory Usage (139832K) : norcx_tm1sub has 0 polygons
2026-08-20 11:01:37 +0000: Memory Usage (139832K) : norcx_tm2sub has 0 polygons
2026-08-20 11:01:37 +0000: Memory Usage (139832K) : snsbotvia_drw has 0 polygons
2026-08-20 11:01:37 +0000: Memory Usage (139832K) : snstopvia_drw has 0 polygons
2026-08-20 11:01:37 +0000: Memory Usage (139832K) : deepvia_drw has 0 polygons
2026-08-20 11:01:37 +0000: Memory Usage (139832K) : fgetch_drw has 0 polygons
2026-08-20 11:01:37 +0000: Memory Usage (139832K) : ctrgat_drw has 0 polygons
2026-08-20 11:01:37 +0000: Memory Usage (139832K) : fgimp_drw has 0 polygons
2026-08-20 11:01:37 +0000: Memory Usage (139832K) : emwihv_drw has 0 polygons
2026-08-20 11:01:37 +0000: Memory Usage (139832K) : lbe_drw has 0 polygons
2026-08-20 11:01:37 +0000: Memory Usage (139832K) : alcustop_drw has 0 polygons
2026-08-20 11:01:37 +0000: Memory Usage (139832K) : nometfiller_drw has 0 polygons
2026-08-20 11:01:37 +0000: Memory Usage (139832K) : prboundary_drw has 0 polygons
2026-08-20 11:01:37 +0000: Memory Usage (139832K) : exchange0_drw has 0 polygons
2026-08-20 11:01:37 +0000: Memory Usage (139832K) : exchange0_pin has 0 polygons
2026-08-20 11:01:37 +0000: Memory Usage (139832K) : exchange0_text has 0 polygons
2026-08-20 11:01:37 +0000: Memory Usage (139832K) : exchange1_drw has 0 polygons
2026-08-20 11:01:37 +0000: Memory Usage (139832K) : exchange1_pin has 0 polygons
2026-08-20 11:01:37 +0000: Memory Usage (139832K) : exchange1_text has 0 polygons
2026-08-20 11:01:37 +0000: Memory Usage (139832K) : exchange2_drw has 0 polygons
2026-08-20 11:01:37 +0000: Memory Usage (139832K) : exchange2_pin has 0 polygons
2026-08-20 11:01:37 +0000: Memory Usage (139832K) : exchange2_text has 0 polygons
2026-08-20 11:01:37 +0000: Memory Usage (139832K) : exchange3_drw has 0 polygons
2026-08-20 11:01:37 +0000: Memory Usage (139832K) : exchange3_pin has 0 polygons
2026-08-20 11:01:37 +0000: Memory Usage (139832K) : exchange3_text has 0 polygons
2026-08-20 11:01:37 +0000: Memory Usage (139832K) : exchange4_drw has 0 polygons
2026-08-20 11:01:37 +0000: Memory Usage (139832K) : exchange4_pin has 0 polygons
2026-08-20 11:01:37 +0000: Memory Usage (139832K) : exchange4_text has 0 polygons
2026-08-20 11:01:37 +0000: Memory Usage (139832K) : isonwell_drw has 0 polygons
2026-08-20 11:01:37 +0000: Memory Usage (139832K) : Total no. of polygons in the design is 8072
2026-08-20 11:01:37 +0000: Memory Usage (139832K) : Starting base layers derivations
2026-08-20 11:01:37 +0000: Memory Usage (139832K) : Starting general LVS derivations
2026-08-20 11:01:37 +0000: Memory Usage (143100K) : Starting MOSFET DERIVATIONS
2026-08-20 11:01:37 +0000: Memory Usage (143740K) : Starting NMOS DERIVATIONS
2026-08-20 11:01:37 +0000: Memory Usage (143740K) : Starting PMOS DERIVATIONS
2026-08-20 11:01:37 +0000: Memory Usage (143740K) : Starting RF-MOSFET DERIVATIONS
2026-08-20 11:01:37 +0000: Memory Usage (143740K) : Starting RF-NMOS DERIVATIONS
2026-08-20 11:01:37 +0000: Memory Usage (143740K) : Starting RF-PMOS DERIVATIONS
2026-08-20 11:01:37 +0000: Memory Usage (143740K) : Starting BJT DERIVATIONS
2026-08-20 11:01:37 +0000: Memory Usage (143740K) : Starting NPN-BJT DERIVATIONS
2026-08-20 11:01:37 +0000: Memory Usage (143740K) : Starting PNP-BJT DERIVATIONS
2026-08-20 11:01:37 +0000: Memory Usage (143740K) : Starting DIODE DERIVATIONS
2026-08-20 11:01:37 +0000: Memory Usage (143740K) : Starting RESISTOR DERIVATIONS
2026-08-20 11:01:37 +0000: Memory Usage (143740K) : Starting CAP DERIVATIONS
2026-08-20 11:01:38 +0000: Memory Usage (143740K) : Starting CAP_CMOM DERIVATIONS
2026-08-20 11:01:38 +0000: Memory Usage (143740K) : Starting CAP_CMOMF DERIVATIONS
2026-08-20 11:01:38 +0000: Memory Usage (143740K) : Starting ESD DERIVATIONS
2026-08-20 11:01:38 +0000: Memory Usage (144252K) : Starting Inductor DERIVATIONS
2026-08-20 11:01:38 +0000: Memory Usage (144252K) : Starting Taps DERIVATIONS
2026-08-20 11:01:38 +0000: Memory Usage (144252K) : Starting SG13G2 LVS connectivity setup
2026-08-20 11:01:38 +0000: Memory Usage (144252K) : Starting SG13G2 LVS connectivity setup (Inter-layer)
2026-08-20 11:01:38 +0000: Memory Usage (144380K) : Starting SG13G2 LVS connectivity setup (Global)
2026-08-20 11:01:38 +0000: Memory Usage (144380K) : Starting LVS MOSFET CONNECTIONS
2026-08-20 11:01:38 +0000: Memory Usage (144380K) : Starting LVS RF-MOSFET CONNECTIONS
2026-08-20 11:01:38 +0000: Memory Usage (144380K) : Starting LVS BJT CONNECTIONS
2026-08-20 11:01:38 +0000: Memory Usage (144380K) : Starting LVS DIODE CONNECTIONS
2026-08-20 11:01:38 +0000: Memory Usage (144380K) : Starting RESISTOR CONNECTIONS
2026-08-20 11:01:38 +0000: Memory Usage (144380K) : Starting LVS CAP CONNECTIONS
2026-08-20 11:01:38 +0000: Memory Usage (144380K) : Starting CAP_CMOM CONNECTIONS
2026-08-20 11:01:38 +0000: Memory Usage (144380K) : Starting CAP_CMOMF CONNECTIONS
2026-08-20 11:01:38 +0000: Memory Usage (144380K) : Starting ESD CONNECTIONS
2026-08-20 11:01:38 +0000: Memory Usage (144380K) : Starting Inductor CONNECTIONS
2026-08-20 11:01:38 +0000: Memory Usage (144380K) : Starting LVS Taps CONNECTIONS
2026-08-20 11:01:38 +0000: Memory Usage (144380K) : Starting SG13G2 LVS DEVICES EXTRACTION
2026-08-20 11:01:38 +0000: Memory Usage (144380K) : Starting MOSFET EXTRACTION
2026-08-20 11:01:38 +0000: Memory Usage (144380K) : Starting NMOS EXTRACTION
2026-08-20 11:01:38 +0000: Memory Usage (144380K) : Extraction of NMOS-LV transistor
2026-08-20 11:01:38 +0000: Memory Usage (144380K) : Extraction of NMOS-HV transistor
2026-08-20 11:01:38 +0000: Memory Usage (144380K) : Starting PMOS EXTRACTION
2026-08-20 11:01:38 +0000: Memory Usage (144380K) : Extraction of PMOS-LV transistor
2026-08-20 11:01:38 +0000: Memory Usage (144380K) : Extraction of PMOS-HV transistor
2026-08-20 11:01:38 +0000: Memory Usage (144380K) : Starting RF-MOSFET EXTRACTION
2026-08-20 11:01:38 +0000: Memory Usage (144380K) : Extraction of RF-NMOS-LV transistor
2026-08-20 11:01:38 +0000: Memory Usage (144380K) : Extraction of RF-NMOS-HV transistor
2026-08-20 11:01:38 +0000: Memory Usage (144380K) : Extraction of RF-PMOS-LV transistor
2026-08-20 11:01:38 +0000: Memory Usage (144380K) : Extraction of RF-PMOS-HV transistor
2026-08-20 11:01:38 +0000: Memory Usage (144380K) : Starting BJT EXTRACTION
2026-08-20 11:01:38 +0000: Memory Usage (144380K) : Starting NPN-BJT EXTRACTION
2026-08-20 11:01:38 +0000: Memory Usage (144380K) : Extraction of npn13G2 BJT transistor
2026-08-20 11:01:38 +0000: Memory Usage (144380K) : Extraction of npn13G2L BJT transistor
2026-08-20 11:01:38 +0000: Memory Usage (144380K) : Extraction of npn13G2V BJT transistor
2026-08-20 11:01:38 +0000: Memory Usage (144380K) : Starting PNP-BJT EXTRACTION
2026-08-20 11:01:38 +0000: Memory Usage (144380K) : Extracting pnpMPA BJT
2026-08-20 11:01:38 +0000: Memory Usage (144380K) : Starting DIODE EXTRACTION
2026-08-20 11:01:38 +0000: Memory Usage (144380K) : Extracting dantenna diode
2026-08-20 11:01:38 +0000: Memory Usage (144380K) : Extracting dpantenna diode
2026-08-20 11:01:38 +0000: Memory Usage (144380K) : Extracting schottky_nbl1 diode
2026-08-20 11:01:38 +0000: Memory Usage (144380K) : Extracting isolbox diode
2026-08-20 11:01:38 +0000: Memory Usage (144380K) : Starting RESISTOR EXTRACTION
2026-08-20 11:01:38 +0000: Memory Usage (144380K) : Extracting rsil resistor
2026-08-20 11:01:38 +0000: Memory Usage (144380K) : Extracting rppd resistor
2026-08-20 11:01:38 +0000: Memory Usage (144380K) : Extracting rhigh resistor
2026-08-20 11:01:38 +0000: Memory Usage (144380K) : Extracting res_metal1 resistor
2026-08-20 11:01:38 +0000: Memory Usage (144380K) : Extracting res_metal2 resistor
2026-08-20 11:01:38 +0000: Memory Usage (144380K) : Extracting res_metal3 resistor
2026-08-20 11:01:38 +0000: Memory Usage (144380K) : Extracting res_metal4 resistor
2026-08-20 11:01:38 +0000: Memory Usage (144380K) : Extracting res_metal5 resistor
2026-08-20 11:01:38 +0000: Memory Usage (144380K) : Extracting res_topmetal1 resistor
2026-08-20 11:01:38 +0000: Memory Usage (144380K) : Extracting res_topmetal2 resistor
2026-08-20 11:01:38 +0000: Memory Usage (144380K) : Starting CAP EXTRACTION
2026-08-20 11:01:38 +0000: Memory Usage (144380K) : Extracting cap_cmim device
2026-08-20 11:01:38 +0000: Memory Usage (144380K) : Extracting rfcmim device
2026-08-20 11:01:38 +0000: Memory Usage (144380K) : Extracting sg13_hv_svaricap varactor
2026-08-20 11:01:38 +0000: Memory Usage (144380K) : Extracting cap_cmomi device
2026-08-20 11:01:38 +0000: Memory Usage (144380K) : Extracting cap_cmomf device
2026-08-20 11:01:38 +0000: Memory Usage (144380K) : Extracting sg13_moscap_n capacitor
2026-08-20 11:01:38 +0000: Memory Usage (144380K) : Extracting sg13_moscap_p capacitor
2026-08-20 11:01:38 +0000: Memory Usage (144380K) : Starting ESD EXTRACTION
2026-08-20 11:01:38 +0000: Memory Usage (144380K) : Extracting diodevdd_2kv ESD device
2026-08-20 11:01:38 +0000: Memory Usage (144508K) : Extracting diodevdd_4kv ESD device
2026-08-20 11:01:38 +0000: Memory Usage (144508K) : Extracting diodevss_2kv ESD device
2026-08-20 11:01:38 +0000: Memory Usage (144508K) : Extracting diodevss_4kv ESD device
2026-08-20 11:01:38 +0000: Memory Usage (144508K) : Extracting idiodevdd_2kv ESD device
2026-08-20 11:01:38 +0000: Memory Usage (144508K) : Extracting idiodevdd_4kv ESD device
2026-08-20 11:01:38 +0000: Memory Usage (144508K) : Extracting idiodevss_2kv ESD device
2026-08-20 11:01:38 +0000: Memory Usage (144508K) : Extracting idiodevss_4kv ESD device
2026-08-20 11:01:38 +0000: Memory Usage (144508K) : Extracting nmoscl_2 ESD device
2026-08-20 11:01:38 +0000: Memory Usage (144508K) : Extracting nmoscl_4 ESD device
2026-08-20 11:01:38 +0000: Memory Usage (144508K) : Starting Inductor EXTRACTION
2026-08-20 11:01:38 +0000: Memory Usage (144508K) : Extracting Inductor2 device
2026-08-20 11:01:38 +0000: Memory Usage (144508K) : Extracting Inductor3 device
2026-08-20 11:01:38 +0000: Memory Usage (144508K) : Starting Taps EXTRACTION
2026-08-20 11:01:38 +0000: Memory Usage (144508K) : DISABLE_TAP_EXTRACTION is enabled: skipping ntap1/ptap1 device extraction.
2026-08-20 11:01:38 +0000: Memory Usage (144508K) : Starting SG13G2 LVS RF MOS Model Mapping
2026-08-20 11:01:38 +0000: Memory Usage (144636K) : [layout_netlist] Apply RF MOS model mapping and rfmode parameter.
2026-08-20 11:01:38 +0000: Memory Usage (144636K) : Starting SG13G2 LVS Options Preparations
2026-08-20 11:01:38 +0000: Memory Usage (144636K) : SG13G2 LVS flow: extraction -> alignment -> option preparation -> comparison.
2026-08-20 11:01:38 +0000: Memory Usage (144636K) : Starting SG13G2 LVS Alignment
2026-08-20 11:01:38 +0000: Memory Usage (144636K) : Starting SG13G2 LVS Simplification
2026-08-20 11:01:38 +0000: Memory Usage (144636K) : [layout_netlist] simplify: ENABLED
2026-08-20 11:01:38 +0000: Memory Usage (144636K) : [layout_netlist] make_top_level_pins: SKIPPED
2026-08-20 11:01:38 +0000: Memory Usage (144636K) : [layout_netlist] combine_devices: SKIPPED
2026-08-20 11:01:38 +0000: Memory Usage (144636K) : [layout_netlist] purge: SKIPPED
2026-08-20 11:01:38 +0000: Memory Usage (144636K) : [layout_netlist] purge_nets: SKIPPED
2026-08-20 11:01:38 +0000: Memory Usage (144636K) : [schematic_netlist] simplify: ENABLED
2026-08-20 11:01:38 +0000: Memory Usage (144636K) : [schematic_netlist] make_top_level_pins: SKIPPED
2026-08-20 11:01:38 +0000: Memory Usage (144636K) : [schematic_netlist] combine_devices: SKIPPED
2026-08-20 11:01:38 +0000: Memory Usage (144636K) : [schematic_netlist] purge: SKIPPED
2026-08-20 11:01:38 +0000: Memory Usage (144636K) : [schematic_netlist] purge_nets: SKIPPED
2026-08-20 11:01:38 +0000: Memory Usage (144636K) : Starting SG13G2 LVS Comparison
2026-08-20 11:01:38 +0000: Memory Usage (144764K) : xxxxxxxxxxxxxxxxxxxxxxxxxxxxxxxxxxxxxxxxxx
2026-08-20 11:01:38 +0000: Memory Usage (144764K) : ERROR : Netlists don't match
2026-08-20 11:01:38 +0000: Memory Usage (144764K) : xxxxxxxxxxxxxxxxxxxxxxxxxxxxxxxxxxxxxxxxxx
2026-08-20 11:01:38 +0000: Memory Usage (144764K) : LVS Total Run time 0.697190 seconds
2026-08-20 14:27:23 +0000: Memory Usage (128928K) : Starting running SG13G2 Klayout LVS runset on /workspace/layout/blocks/out/term_stage/_bisect/pads_esd.gds
2026-08-20 14:27:23 +0000: Memory Usage (128928K) : Ruby Version for klayout: 3.2.3
2026-08-20 14:27:23 +0000: Memory Usage (130012K) : Loading database to memory is complete.
2026-08-20 14:27:23 +0000: Memory Usage (130012K) : SG13G2 Klayout LVS runset output at: /workspace/layout/blocks/out/term_stage/_bisect/pads_esd/pads_esd.lvsdb
2026-08-20 14:27:23 +0000: Memory Usage (130012K) : Evaluate switches.
2026-08-20 14:27:23 +0000: Memory Usage (130012K) : Extracted netlist with net names: true
2026-08-20 14:27:23 +0000: Memory Usage (130012K) : Extracted netlist with comments in details: false
2026-08-20 14:27:23 +0000: Memory Usage (130012K) : Selected NET_ONLY option: false
2026-08-20 14:27:23 +0000: Memory Usage (130012K) : Selected LAYOUT_NETLIST option: (none)
2026-08-20 14:27:23 +0000: Memory Usage (130012K) : Selected IGNORE_TOP_PORTS_MISMATCH option: true
2026-08-20 14:27:23 +0000: Memory Usage (130012K) : Selected IMPLICIT_NETS option: sub,sub!
2026-08-20 14:27:23 +0000: Memory Usage (130012K) : Selected TOP_LVL_PINS option: false
2026-08-20 14:27:23 +0000: Memory Usage (130012K) : Selected COMBINE DEVICES option: false
2026-08-20 14:27:23 +0000: Memory Usage (130012K) : Selected PURGE option: false
2026-08-20 14:27:23 +0000: Memory Usage (130012K) : Selected PURGE_NETS option: false
2026-08-20 14:27:23 +0000: Memory Usage (130012K) : Selected SIMPLIFY option: true
2026-08-20 14:27:23 +0000: Memory Usage (130012K) : Selected SERIES_RES option: true
2026-08-20 14:27:23 +0000: Memory Usage (130012K) : Selected PARALLEL_RES option: true
2026-08-20 14:27:23 +0000: Memory Usage (130012K) : Selected DISABLE_TAP_EXTRACTION option: true
2026-08-20 14:27:23 +0000: Memory Usage (130012K) : deep  mode is enabled.
2026-08-20 14:27:23 +0000: Memory Usage (130012K) : Applying implicit connections (case-sensitive, pattern supported) for nets: sub, sub!
2026-08-20 14:27:23 +0000: Memory Usage (131240K) : Netlist file: /workspace/layout/blocks/out/term_stage/_bisect/pads_esd.cdl
2026-08-20 14:27:23 +0000: Memory Usage (131240K) : LVS extracted netlist at: /workspace/layout/blocks/out/term_stage/_bisect/pads_esd/pads_esd_extracted.cir
2026-08-20 14:27:23 +0000: Memory Usage (131240K) : Applying SRAM integration support.
2026-08-20 14:27:23 +0000: Memory Usage (131240K) : Starting SG13G2 LVS runset
2026-08-20 14:27:23 +0000: Memory Usage (131240K) : Read in polygons from layers.
2026-08-20 14:27:23 +0000: Memory Usage (132588K) : activ_drw has 24 polygons
2026-08-20 14:27:23 +0000: Memory Usage (132588K) : activ_filler has 0 polygons
2026-08-20 14:27:23 +0000: Memory Usage (132588K) : activ has 24 polygons
2026-08-20 14:27:23 +0000: Memory Usage (132588K) : activ_pin has 0 polygons
2026-08-20 14:27:23 +0000: Memory Usage (132588K) : activ_mask has 0 polygons
2026-08-20 14:27:23 +0000: Memory Usage (132588K) : activ_nofill has 0 polygons
2026-08-20 14:27:23 +0000: Memory Usage (132588K) : activ_OPC has 0 polygons
2026-08-20 14:27:23 +0000: Memory Usage (132588K) : activ_iOPC has 0 polygons
2026-08-20 14:27:23 +0000: Memory Usage (132588K) : activ_noqrc has 0 polygons
2026-08-20 14:27:23 +0000: Memory Usage (132588K) : biwind_drw has 0 polygons
2026-08-20 14:27:23 +0000: Memory Usage (132588K) : biwind_OPC has 0 polygons
2026-08-20 14:27:23 +0000: Memory Usage (132588K) : gatpoly_drw has 0 polygons
2026-08-20 14:27:23 +0000: Memory Usage (132588K) : gatpoly_filler has 0 polygons
2026-08-20 14:27:23 +0000: Memory Usage (132680K) : gatpoly has 0 polygons
2026-08-20 14:27:23 +0000: Memory Usage (133192K) : gatpoly_pin has 0 polygons
2026-08-20 14:27:23 +0000: Memory Usage (133192K) : gatpoly_nofill has 0 polygons
2026-08-20 14:27:23 +0000: Memory Usage (133192K) : gatpoly_OPC has 0 polygons
2026-08-20 14:27:23 +0000: Memory Usage (133192K) : gatpoly_iOPC has 0 polygons
2026-08-20 14:27:23 +0000: Memory Usage (133192K) : gatpoly_noqrc has 0 polygons
2026-08-20 14:27:23 +0000: Memory Usage (133320K) : cont_drw has 4316 polygons
2026-08-20 14:27:23 +0000: Memory Usage (133320K) : cont_OPC has 0 polygons
2026-08-20 14:27:23 +0000: Memory Usage (133320K) : nsd_drw has 0 polygons
2026-08-20 14:27:23 +0000: Memory Usage (133320K) : nsd_block has 0 polygons
2026-08-20 14:27:23 +0000: Memory Usage (133320K) : metal1_drw has 32 polygons
2026-08-20 14:27:23 +0000: Memory Usage (133320K) : metal1_filler has 0 polygons
2026-08-20 14:27:23 +0000: Memory Usage (133320K) : metal1_slit has 0 polygons
2026-08-20 14:27:23 +0000: Memory Usage (133320K) : metal1 has 32 polygons
2026-08-20 14:27:23 +0000: Memory Usage (133320K) : metal1_pin has 4 polygons
2026-08-20 14:27:23 +0000: Memory Usage (133320K) : metal1_mask has 0 polygons
2026-08-20 14:27:23 +0000: Memory Usage (133320K) : metal1_nofill has 0 polygons
2026-08-20 14:27:23 +0000: Memory Usage (133576K) : metal1_text has 4 polygons
2026-08-20 14:27:23 +0000: Memory Usage (133576K) : metal1_OPC has 0 polygons
2026-08-20 14:27:23 +0000: Memory Usage (133576K) : metal1_noqrc has 0 polygons
2026-08-20 14:27:23 +0000: Memory Usage (133576K) : metal1_res has 0 polygons
2026-08-20 14:27:23 +0000: Memory Usage (133704K) : metal1_iprobe has 0 polygons
2026-08-20 14:27:23 +0000: Memory Usage (133704K) : metal1_diffprb has 0 polygons
2026-08-20 14:27:23 +0000: Memory Usage (133832K) : passiv_drw has 2 polygons
2026-08-20 14:27:23 +0000: Memory Usage (133832K) : passiv_pin has 0 polygons
2026-08-20 14:27:23 +0000: Memory Usage (133832K) : passiv_sbump has 0 polygons
2026-08-20 14:27:23 +0000: Memory Usage (133960K) : passiv_pillar has 0 polygons
2026-08-20 14:27:23 +0000: Memory Usage (133960K) : passiv_pdl has 0 polygons
2026-08-20 14:27:23 +0000: Memory Usage (133960K) : metal2_drw has 42 polygons
2026-08-20 14:27:23 +0000: Memory Usage (134088K) : metal2_filler has 0 polygons
2026-08-20 14:27:23 +0000: Memory Usage (134088K) : metal2_slit has 0 polygons
2026-08-20 14:27:23 +0000: Memory Usage (134216K) : metal2 has 42 polygons
2026-08-20 14:27:23 +0000: Memory Usage (134216K) : metal2_pin has 8 polygons
2026-08-20 14:27:23 +0000: Memory Usage (134216K) : metal2_mask has 0 polygons
2026-08-20 14:27:23 +0000: Memory Usage (134344K) : metal2_nofill has 0 polygons
2026-08-20 14:27:23 +0000: Memory Usage (134344K) : metal2_text has 8 polygons
2026-08-20 14:27:23 +0000: Memory Usage (134344K) : metal2_OPC has 0 polygons
2026-08-20 14:27:23 +0000: Memory Usage (134472K) : metal2_noqrc has 0 polygons
2026-08-20 14:27:23 +0000: Memory Usage (134472K) : metal2_res has 0 polygons
2026-08-20 14:27:23 +0000: Memory Usage (134472K) : metal2_iprobe has 0 polygons
2026-08-20 14:27:23 +0000: Memory Usage (134472K) : metal2_diffprb has 0 polygons
2026-08-20 14:27:23 +0000: Memory Usage (134600K) : baspoly_drw has 0 polygons
2026-08-20 14:27:23 +0000: Memory Usage (134600K) : baspoly_pin has 0 polygons
2026-08-20 14:27:23 +0000: Memory Usage (134600K) : psd_drw has 12 polygons
2026-08-20 14:27:23 +0000: Memory Usage (134600K) : nldb_drw has 0 polygons
2026-08-20 14:27:23 +0000: Memory Usage (134728K) : digibnd_drw has 0 polygons
2026-08-20 14:27:23 +0000: Memory Usage (134728K) : via1_drw has 880 polygons
2026-08-20 14:27:23 +0000: Memory Usage (134728K) : backmetal1_drw has 0 polygons
2026-08-20 14:27:23 +0000: Memory Usage (134728K) : backmetal1_pin has 0 polygons
2026-08-20 14:27:23 +0000: Memory Usage (134856K) : backmetal1_mask has 0 polygons
2026-08-20 14:27:23 +0000: Memory Usage (134856K) : backmetal1_filler has 0 polygons
2026-08-20 14:27:23 +0000: Memory Usage (134856K) : backmetal1_nofill has 0 polygons
2026-08-20 14:27:23 +0000: Memory Usage (134856K) : backmetal1_slit has 0 polygons
2026-08-20 14:27:23 +0000: Memory Usage (134984K) : backmetal1_text has 0 polygons
2026-08-20 14:27:23 +0000: Memory Usage (134984K) : backmetal1_OPC has 0 polygons
2026-08-20 14:27:23 +0000: Memory Usage (134984K) : backmetal1_noqrc has 0 polygons
2026-08-20 14:27:23 +0000: Memory Usage (134984K) : backmetal1_res has 0 polygons
2026-08-20 14:27:23 +0000: Memory Usage (135112K) : backmetal1_iprobe has 0 polygons
2026-08-20 14:27:23 +0000: Memory Usage (135112K) : backmetal1_diffprb has 0 polygons
2026-08-20 14:27:23 +0000: Memory Usage (135112K) : backpassiv_drw has 0 polygons
2026-08-20 14:27:23 +0000: Memory Usage (135112K) : res_drw has 0 polygons
2026-08-20 14:27:23 +0000: Memory Usage (135240K) : sram_drw has 0 polygons
2026-08-20 14:27:23 +0000: Memory Usage (135240K) : trans_drw has 0 polygons
2026-08-20 14:27:23 +0000: Memory Usage (135240K) : ind_drw has 0 polygons
2026-08-20 14:27:23 +0000: Memory Usage (135240K) : ind_pin has 0 polygons
2026-08-20 14:27:23 +0000: Memory Usage (135368K) : ind_text has 0 polygons
2026-08-20 14:27:23 +0000: Memory Usage (135368K) : salblock_drw has 0 polygons
2026-08-20 14:27:23 +0000: Memory Usage (135368K) : via2_drw has 20 polygons
2026-08-20 14:27:23 +0000: Memory Usage (135368K) : metal3_drw has 21 polygons
2026-08-20 14:27:23 +0000: Memory Usage (135496K) : metal3_filler has 0 polygons
2026-08-20 14:27:23 +0000: Memory Usage (135496K) : metal3_slit has 0 polygons
2026-08-20 14:27:23 +0000: Memory Usage (135496K) : metal3 has 21 polygons
2026-08-20 14:27:23 +0000: Memory Usage (135496K) : metal3_pin has 0 polygons
2026-08-20 14:27:23 +0000: Memory Usage (135624K) : metal3_mask has 0 polygons
2026-08-20 14:27:23 +0000: Memory Usage (135624K) : metal3_nofill has 0 polygons
2026-08-20 14:27:23 +0000: Memory Usage (135624K) : metal3_text has 0 polygons
2026-08-20 14:27:23 +0000: Memory Usage (135752K) : metal3_OPC has 0 polygons
2026-08-20 14:27:23 +0000: Memory Usage (135752K) : metal3_noqrc has 0 polygons
2026-08-20 14:27:23 +0000: Memory Usage (135752K) : metal3_res has 0 polygons
2026-08-20 14:27:23 +0000: Memory Usage (135752K) : metal3_iprobe has 0 polygons
2026-08-20 14:27:23 +0000: Memory Usage (135752K) : metal3_diffprb has 0 polygons
2026-08-20 14:27:23 +0000: Memory Usage (135752K) : nwell_drw has 10 polygons
2026-08-20 14:27:23 +0000: Memory Usage (135752K) : nwell_pin has 0 polygons
2026-08-20 14:27:23 +0000: Memory Usage (135752K) : nwell_text has 0 polygons
2026-08-20 14:27:23 +0000: Memory Usage (135752K) : nbulay_drw has 0 polygons
2026-08-20 14:27:23 +0000: Memory Usage (135752K) : nbulay_pin has 0 polygons
2026-08-20 14:27:23 +0000: Memory Usage (135880K) : nbulay_block has 0 polygons
2026-08-20 14:27:23 +0000: Memory Usage (135880K) : emwind_drw has 0 polygons
2026-08-20 14:27:23 +0000: Memory Usage (135880K) : emwind_OPC has 0 polygons
2026-08-20 14:27:23 +0000: Memory Usage (135880K) : deepco_drw has 0 polygons
2026-08-20 14:27:23 +0000: Memory Usage (135880K) : mim_drw has 0 polygons
2026-08-20 14:27:23 +0000: Memory Usage (136008K) : edgeseal_drw has 0 polygons
2026-08-20 14:27:23 +0000: Memory Usage (136008K) : substrate_drw has 0 polygons
2026-08-20 14:27:23 +0000: Memory Usage (136008K) : substrate_text has 0 polygons
2026-08-20 14:27:23 +0000: Memory Usage (136008K) : dfpad_drw has 2 polygons
2026-08-20 14:27:23 +0000: Memory Usage (136008K) : dfpad_pillar has 0 polygons
2026-08-20 14:27:23 +0000: Memory Usage (136008K) : dfpad_sbump has 0 polygons
2026-08-20 14:27:23 +0000: Memory Usage (136136K) : thickgateox_drw has 0 polygons
2026-08-20 14:27:23 +0000: Memory Usage (136136K) : pldb_drw has 0 polygons
2026-08-20 14:27:23 +0000: Memory Usage (136136K) : pwell_drw has 0 polygons
2026-08-20 14:27:23 +0000: Memory Usage (136136K) : pwell_pin has 0 polygons
2026-08-20 14:27:23 +0000: Memory Usage (136136K) : pwell_block has 0 polygons
2026-08-20 14:27:23 +0000: Memory Usage (136136K) : ic_drw has 0 polygons
2026-08-20 14:27:23 +0000: Memory Usage (136264K) : via3_drw has 992 polygons
2026-08-20 14:27:23 +0000: Memory Usage (136264K) : metal4_drw has 10 polygons
2026-08-20 14:27:23 +0000: Memory Usage (136264K) : metal4_filler has 0 polygons
2026-08-20 14:27:23 +0000: Memory Usage (136264K) : metal4_slit has 0 polygons
2026-08-20 14:27:23 +0000: Memory Usage (136264K) : metal4 has 10 polygons
2026-08-20 14:27:23 +0000: Memory Usage (136392K) : metal4_pin has 0 polygons
2026-08-20 14:27:23 +0000: Memory Usage (136392K) : metal4_mask has 0 polygons
2026-08-20 14:27:23 +0000: Memory Usage (136392K) : metal4_nofill has 0 polygons
2026-08-20 14:27:23 +0000: Memory Usage (136392K) : metal4_text has 4 polygons
2026-08-20 14:27:23 +0000: Memory Usage (136392K) : metal4_OPC has 0 polygons
2026-08-20 14:27:23 +0000: Memory Usage (136392K) : metal4_noqrc has 0 polygons
2026-08-20 14:27:23 +0000: Memory Usage (136392K) : metal4_res has 0 polygons
2026-08-20 14:27:23 +0000: Memory Usage (136520K) : metal4_iprobe has 0 polygons
2026-08-20 14:27:23 +0000: Memory Usage (136520K) : metal4_diffprb has 0 polygons
2026-08-20 14:27:23 +0000: Memory Usage (136520K) : heattrans_drw has 0 polygons
2026-08-20 14:27:23 +0000: Memory Usage (136520K) : heatres_drw has 0 polygons
2026-08-20 14:27:23 +0000: Memory Usage (136520K) : fbe_drw has 0 polygons
2026-08-20 14:27:23 +0000: Memory Usage (136520K) : empoly_drw has 0 polygons
2026-08-20 14:27:23 +0000: Memory Usage (136648K) : digisub_drw has 0 polygons
2026-08-20 14:27:23 +0000: Memory Usage (136648K) : text_drw has 16 polygons
2026-08-20 14:27:23 +0000: Memory Usage (136648K) : via4_drw has 992 polygons
2026-08-20 14:27:23 +0000: Memory Usage (136648K) : metal5_drw has 28 polygons
2026-08-20 14:27:23 +0000: Memory Usage (136648K) : metal5_filler has 0 polygons
2026-08-20 14:27:23 +0000: Memory Usage (136648K) : metal5_slit has 0 polygons
2026-08-20 14:27:23 +0000: Memory Usage (136776K) : metal5 has 28 polygons
2026-08-20 14:27:23 +0000: Memory Usage (136776K) : metal5_pin has 0 polygons
2026-08-20 14:27:23 +0000: Memory Usage (136776K) : metal5_mask has 0 polygons
2026-08-20 14:27:23 +0000: Memory Usage (136776K) : metal5_nofill has 0 polygons
2026-08-20 14:27:23 +0000: Memory Usage (136776K) : metal5_text has 0 polygons
2026-08-20 14:27:23 +0000: Memory Usage (136776K) : metal5_OPC has 0 polygons
2026-08-20 14:27:23 +0000: Memory Usage (136904K) : metal5_noqrc has 0 polygons
2026-08-20 14:27:23 +0000: Memory Usage (136904K) : metal5_res has 0 polygons
2026-08-20 14:27:23 +0000: Memory Usage (136904K) : metal5_iprobe has 0 polygons
2026-08-20 14:27:23 +0000: Memory Usage (136904K) : metal5_diffprb has 0 polygons
2026-08-20 14:27:23 +0000: Memory Usage (136904K) : radhard_drw has 0 polygons
2026-08-20 14:27:23 +0000: Memory Usage (136904K) : memcap_drw has 0 polygons
2026-08-20 14:27:23 +0000: Memory Usage (137032K) : varicap_drw has 0 polygons
2026-08-20 14:27:23 +0000: Memory Usage (137032K) : intbondvia_drw has 0 polygons
2026-08-20 14:27:23 +0000: Memory Usage (137032K) : intbondmet_drw has 0 polygons
2026-08-20 14:27:23 +0000: Memory Usage (137032K) : devbondvia_drw has 0 polygons
2026-08-20 14:27:23 +0000: Memory Usage (137032K) : devbondmet_drw has 0 polygons
2026-08-20 14:27:23 +0000: Memory Usage (137032K) : devtrench_drw has 0 polygons
2026-08-20 14:27:23 +0000: Memory Usage (137160K) : redist_drw has 0 polygons
2026-08-20 14:27:23 +0000: Memory Usage (137160K) : graphbot_drw has 0 polygons
2026-08-20 14:27:23 +0000: Memory Usage (137160K) : graphtop_drw has 0 polygons
2026-08-20 14:27:23 +0000: Memory Usage (137160K) : antvia1_drw has 0 polygons
2026-08-20 14:27:23 +0000: Memory Usage (137160K) : antmetal2_drw has 0 polygons
2026-08-20 14:27:23 +0000: Memory Usage (137160K) : graphcont_drw has 0 polygons
2026-08-20 14:27:23 +0000: Memory Usage (137288K) : siwg_drw has 0 polygons
2026-08-20 14:27:23 +0000: Memory Usage (137288K) : siwg_filler has 0 polygons
2026-08-20 14:27:23 +0000: Memory Usage (137288K) : siwg_nofill has 0 polygons
2026-08-20 14:27:23 +0000: Memory Usage (137288K) : sigrating_drw has 0 polygons
2026-08-20 14:27:23 +0000: Memory Usage (137416K) : singrating_drw has 0 polygons
2026-08-20 14:27:23 +0000: Memory Usage (137416K) : graphpas_drw has 0 polygons
2026-08-20 14:27:23 +0000: Memory Usage (137416K) : emwind3_drw has 0 polygons
2026-08-20 14:27:23 +0000: Memory Usage (137416K) : emwihv3_drw has 0 polygons
2026-08-20 14:27:23 +0000: Memory Usage (137416K) : redbulay_drw has 0 polygons
2026-08-20 14:27:23 +0000: Memory Usage (137416K) : smos_drw has 0 polygons
2026-08-20 14:27:23 +0000: Memory Usage (137544K) : graphpad_drw has 0 polygons
2026-08-20 14:27:23 +0000: Memory Usage (137544K) : polimide_drw has 0 polygons
2026-08-20 14:27:23 +0000: Memory Usage (137544K) : polimide_pin has 0 polygons
2026-08-20 14:27:23 +0000: Memory Usage (137544K) : recog_drw has 0 polygons
2026-08-20 14:27:23 +0000: Memory Usage (137544K) : recog_pin has 0 polygons
2026-08-20 14:27:23 +0000: Memory Usage (137672K) : recog_esd has 4 polygons
2026-08-20 14:27:23 +0000: Memory Usage (137672K) : recog_diode has 0 polygons
2026-08-20 14:27:23 +0000: Memory Usage (137672K) : recog_tsv has 0 polygons
2026-08-20 14:27:23 +0000: Memory Usage (137672K) : recog_iprobe has 0 polygons
2026-08-20 14:27:23 +0000: Memory Usage (137672K) : recog_diffprb has 0 polygons
2026-08-20 14:27:23 +0000: Memory Usage (137672K) : recog_pillar has 0 polygons
2026-08-20 14:27:23 +0000: Memory Usage (137800K) : recog_sbump has 0 polygons
2026-08-20 14:27:23 +0000: Memory Usage (137800K) : recog_otp has 0 polygons
2026-08-20 14:27:23 +0000: Memory Usage (137800K) : recog_pdiode has 0 polygons
2026-08-20 14:27:23 +0000: Memory Usage (137800K) : recog_mom has 0 polygons
2026-08-20 14:27:23 +0000: Memory Usage (137800K) : recog_momf has 0 polygons
2026-08-20 14:27:23 +0000: Memory Usage (137800K) : recog_pcm has 0 polygons
2026-08-20 14:27:23 +0000: Memory Usage (137928K) : colopen_drw has 0 polygons
2026-08-20 14:27:23 +0000: Memory Usage (137928K) : graphmetal1_drw has 0 polygons
2026-08-20 14:27:23 +0000: Memory Usage (137928K) : graphmetal1_filler has 0 polygons
2026-08-20 14:27:23 +0000: Memory Usage (137928K) : graphmetal1_nofill has 0 polygons
2026-08-20 14:27:23 +0000: Memory Usage (137928K) : graphmetal1_slit has 0 polygons
2026-08-20 14:27:23 +0000: Memory Usage (137928K) : graphmetal1_OPC has 0 polygons
2026-08-20 14:27:23 +0000: Memory Usage (138056K) : graphmet1l_drw has 0 polygons
2026-08-20 14:27:23 +0000: Memory Usage (138056K) : graphmet1l_filler has 0 polygons
2026-08-20 14:27:23 +0000: Memory Usage (138056K) : graphmet1l_nofill has 0 polygons
2026-08-20 14:27:23 +0000: Memory Usage (138056K) : graphmet1l_slit has 0 polygons
2026-08-20 14:27:23 +0000: Memory Usage (138056K) : graphmet1l_OPC has 0 polygons
2026-08-20 14:27:23 +0000: Memory Usage (138184K) : extblock_drw has 0 polygons
2026-08-20 14:27:23 +0000: Memory Usage (138184K) : nldd_drw has 0 polygons
2026-08-20 14:27:23 +0000: Memory Usage (138184K) : pldd_drw has 0 polygons
2026-08-20 14:27:23 +0000: Memory Usage (138184K) : next_drw has 0 polygons
2026-08-20 14:27:23 +0000: Memory Usage (138184K) : pext_drw has 0 polygons
2026-08-20 14:27:23 +0000: Memory Usage (138184K) : nexthv_drw has 0 polygons
2026-08-20 14:27:23 +0000: Memory Usage (138312K) : pexthv_drw has 0 polygons
2026-08-20 14:27:23 +0000: Memory Usage (138312K) : graphgate_drw has 0 polygons
2026-08-20 14:27:23 +0000: Memory Usage (138312K) : sinwg_drw has 0 polygons
2026-08-20 14:27:23 +0000: Memory Usage (138312K) : sinwg_filler has 0 polygons
2026-08-20 14:27:23 +0000: Memory Usage (138312K) : sinwg_nofill has 0 polygons
2026-08-20 14:27:23 +0000: Memory Usage (138312K) : mempad_drw has 0 polygons
2026-08-20 14:27:23 +0000: Memory Usage (138312K) : topvia1_drw has 478 polygons
2026-08-20 14:27:23 +0000: Memory Usage (138440K) : topmetal1_drw has 12 polygons
2026-08-20 14:27:23 +0000: Memory Usage (138440K) : topmetal1_filler has 0 polygons
2026-08-20 14:27:23 +0000: Memory Usage (138440K) : topmetal1_slit has 0 polygons
2026-08-20 14:27:23 +0000: Memory Usage (138440K) : topmetal1 has 12 polygons
2026-08-20 14:27:23 +0000: Memory Usage (138440K) : topmetal1_pin has 0 polygons
2026-08-20 14:27:23 +0000: Memory Usage (138440K) : topmetal1_mask has 0 polygons
2026-08-20 14:27:23 +0000: Memory Usage (138568K) : topmetal1_nofill has 0 polygons
2026-08-20 14:27:23 +0000: Memory Usage (138568K) : topmetal1_text has 0 polygons
2026-08-20 14:27:23 +0000: Memory Usage (138568K) : topmetal1_noqrc has 0 polygons
2026-08-20 14:27:23 +0000: Memory Usage (138568K) : topmetal1_res has 0 polygons
2026-08-20 14:27:23 +0000: Memory Usage (138568K) : topmetal1_iprobe has 0 polygons
2026-08-20 14:27:23 +0000: Memory Usage (138568K) : topmetal1_diffprb has 0 polygons
2026-08-20 14:27:23 +0000: Memory Usage (138696K) : inldpwl_drw has 0 polygons
2026-08-20 14:27:23 +0000: Memory Usage (138696K) : polyres_drw has 0 polygons
2026-08-20 14:27:23 +0000: Memory Usage (138696K) : polyres_pin has 0 polygons
2026-08-20 14:27:23 +0000: Memory Usage (138696K) : vmim_drw has 0 polygons
2026-08-20 14:27:23 +0000: Memory Usage (138696K) : nbulaycut_drw has 0 polygons
2026-08-20 14:27:23 +0000: Memory Usage (138696K) : antmetal1_drw has 0 polygons
2026-08-20 14:27:23 +0000: Memory Usage (138824K) : topvia2_drw has 198 polygons
2026-08-20 14:27:23 +0000: Memory Usage (138824K) : topmetal2_drw has 12 polygons
2026-08-20 14:27:23 +0000: Memory Usage (138824K) : topmetal2_filler has 0 polygons
2026-08-20 14:27:23 +0000: Memory Usage (138824K) : topmetal2_slit has 0 polygons
2026-08-20 14:27:23 +0000: Memory Usage (138952K) : topmetal2 has 12 polygons
2026-08-20 14:27:23 +0000: Memory Usage (138952K) : topmetal2_pin has 0 polygons
2026-08-20 14:27:23 +0000: Memory Usage (138952K) : topmetal2_mask has 0 polygons
2026-08-20 14:27:23 +0000: Memory Usage (138952K) : topmetal2_nofill has 0 polygons
2026-08-20 14:27:23 +0000: Memory Usage (139080K) : topmetal2_text has 4 polygons
2026-08-20 14:27:23 +0000: Memory Usage (139080K) : topmetal2_noqrc has 0 polygons
2026-08-20 14:27:23 +0000: Memory Usage (139208K) : topmetal2_res has 0 polygons
2026-08-20 14:27:23 +0000: Memory Usage (139208K) : topmetal2_iprobe has 0 polygons
2026-08-20 14:27:23 +0000: Memory Usage (139208K) : topmetal2_diffprb has 0 polygons
2026-08-20 14:27:23 +0000: Memory Usage (139208K) : snsring_drw has 0 polygons
2026-08-20 14:27:23 +0000: Memory Usage (139336K) : sensor_drw has 0 polygons
2026-08-20 14:27:23 +0000: Memory Usage (139336K) : snsarms_drw has 0 polygons
2026-08-20 14:27:23 +0000: Memory Usage (139336K) : snscmosvia_drw has 0 polygons
2026-08-20 14:27:23 +0000: Memory Usage (139336K) : colwind_drw has 0 polygons
2026-08-20 14:27:23 +0000: Memory Usage (139464K) : flm_drw has 0 polygons
2026-08-20 14:27:23 +0000: Memory Usage (139464K) : hafniumox_drw has 0 polygons
2026-08-20 14:27:23 +0000: Memory Usage (139464K) : memvia_drw has 0 polygons
2026-08-20 14:27:23 +0000: Memory Usage (139592K) : thinfilmres_drw has 0 polygons
2026-08-20 14:27:23 +0000: Memory Usage (139592K) : rfmem_drw has 0 polygons
2026-08-20 14:27:23 +0000: Memory Usage (139592K) : norcx_drw has 0 polygons
2026-08-20 14:27:23 +0000: Memory Usage (139592K) : norcx_m2m3 has 0 polygons
2026-08-20 14:27:23 +0000: Memory Usage (139720K) : norcx_m2m4 has 0 polygons
2026-08-20 14:27:23 +0000: Memory Usage (139720K) : norcx_m2m5 has 0 polygons
2026-08-20 14:27:23 +0000: Memory Usage (139848K) : norcx_m2tm1 has 0 polygons
2026-08-20 14:27:23 +0000: Memory Usage (139848K) : norcx_m2tm2 has 0 polygons
2026-08-20 14:27:23 +0000: Memory Usage (139848K) : norcx_m3m4 has 0 polygons
2026-08-20 14:27:23 +0000: Memory Usage (139848K) : norcx_m3m5 has 0 polygons
2026-08-20 14:27:23 +0000: Memory Usage (139976K) : norcx_m3tm1 has 0 polygons
2026-08-20 14:27:23 +0000: Memory Usage (139976K) : norcx_m3tm2 has 0 polygons
2026-08-20 14:27:23 +0000: Memory Usage (139976K) : norcx_m4m5 has 0 polygons
2026-08-20 14:27:23 +0000: Memory Usage (139976K) : norcx_m4tm1 has 0 polygons
2026-08-20 14:27:23 +0000: Memory Usage (139976K) : norcx_m4tm2 has 0 polygons
2026-08-20 14:27:23 +0000: Memory Usage (139976K) : norcx_m5tm1 has 0 polygons
2026-08-20 14:27:23 +0000: Memory Usage (139976K) : norcx_m5tm2 has 0 polygons
2026-08-20 14:27:23 +0000: Memory Usage (139976K) : norcx_tm1tm2 has 0 polygons
2026-08-20 14:27:23 +0000: Memory Usage (139976K) : norcx_m1sub has 0 polygons
2026-08-20 14:27:23 +0000: Memory Usage (139976K) : norcx_m2sub has 0 polygons
2026-08-20 14:27:23 +0000: Memory Usage (139976K) : norcx_m3sub has 0 polygons
2026-08-20 14:27:23 +0000: Memory Usage (139976K) : norcx_m4sub has 0 polygons
2026-08-20 14:27:23 +0000: Memory Usage (139976K) : norcx_m5sub has 0 polygons
2026-08-20 14:27:23 +0000: Memory Usage (139976K) : norcx_tm1sub has 0 polygons
2026-08-20 14:27:23 +0000: Memory Usage (139976K) : norcx_tm2sub has 0 polygons
2026-08-20 14:27:23 +0000: Memory Usage (139976K) : snsbotvia_drw has 0 polygons
2026-08-20 14:27:23 +0000: Memory Usage (139976K) : snstopvia_drw has 0 polygons
2026-08-20 14:27:23 +0000: Memory Usage (139976K) : deepvia_drw has 0 polygons
2026-08-20 14:27:23 +0000: Memory Usage (139976K) : fgetch_drw has 0 polygons
2026-08-20 14:27:23 +0000: Memory Usage (139976K) : ctrgat_drw has 0 polygons
2026-08-20 14:27:23 +0000: Memory Usage (139976K) : fgimp_drw has 0 polygons
2026-08-20 14:27:23 +0000: Memory Usage (139976K) : emwihv_drw has 0 polygons
2026-08-20 14:27:23 +0000: Memory Usage (139976K) : lbe_drw has 0 polygons
2026-08-20 14:27:23 +0000: Memory Usage (139976K) : alcustop_drw has 0 polygons
2026-08-20 14:27:23 +0000: Memory Usage (139976K) : nometfiller_drw has 0 polygons
2026-08-20 14:27:23 +0000: Memory Usage (139976K) : prboundary_drw has 0 polygons
2026-08-20 14:27:23 +0000: Memory Usage (139976K) : exchange0_drw has 0 polygons
2026-08-20 14:27:23 +0000: Memory Usage (139976K) : exchange0_pin has 0 polygons
2026-08-20 14:27:23 +0000: Memory Usage (139976K) : exchange0_text has 0 polygons
2026-08-20 14:27:23 +0000: Memory Usage (139976K) : exchange1_drw has 0 polygons
2026-08-20 14:27:23 +0000: Memory Usage (139976K) : exchange1_pin has 0 polygons
2026-08-20 14:27:23 +0000: Memory Usage (139976K) : exchange1_text has 0 polygons
2026-08-20 14:27:23 +0000: Memory Usage (139976K) : exchange2_drw has 0 polygons
2026-08-20 14:27:23 +0000: Memory Usage (139976K) : exchange2_pin has 0 polygons
2026-08-20 14:27:23 +0000: Memory Usage (139976K) : exchange2_text has 0 polygons
2026-08-20 14:27:23 +0000: Memory Usage (139976K) : exchange3_drw has 0 polygons
2026-08-20 14:27:23 +0000: Memory Usage (139976K) : exchange3_pin has 0 polygons
2026-08-20 14:27:23 +0000: Memory Usage (139976K) : exchange3_text has 0 polygons
2026-08-20 14:27:23 +0000: Memory Usage (139976K) : exchange4_drw has 0 polygons
2026-08-20 14:27:23 +0000: Memory Usage (139976K) : exchange4_pin has 0 polygons
2026-08-20 14:27:23 +0000: Memory Usage (139976K) : exchange4_text has 0 polygons
2026-08-20 14:27:23 +0000: Memory Usage (139976K) : isonwell_drw has 0 polygons
2026-08-20 14:27:23 +0000: Memory Usage (139976K) : Total no. of polygons in the design is 8135
2026-08-20 14:27:23 +0000: Memory Usage (139976K) : Starting base layers derivations
2026-08-20 14:27:23 +0000: Memory Usage (139976K) : Starting general LVS derivations
2026-08-20 14:27:23 +0000: Memory Usage (143484K) : Starting MOSFET DERIVATIONS
2026-08-20 14:27:23 +0000: Memory Usage (143996K) : Starting NMOS DERIVATIONS
2026-08-20 14:27:23 +0000: Memory Usage (143996K) : Starting PMOS DERIVATIONS
2026-08-20 14:27:23 +0000: Memory Usage (143996K) : Starting RF-MOSFET DERIVATIONS
2026-08-20 14:27:23 +0000: Memory Usage (143996K) : Starting RF-NMOS DERIVATIONS
2026-08-20 14:27:23 +0000: Memory Usage (143996K) : Starting RF-PMOS DERIVATIONS
2026-08-20 14:27:23 +0000: Memory Usage (143996K) : Starting BJT DERIVATIONS
2026-08-20 14:27:23 +0000: Memory Usage (143996K) : Starting NPN-BJT DERIVATIONS
2026-08-20 14:27:23 +0000: Memory Usage (143996K) : Starting PNP-BJT DERIVATIONS
2026-08-20 14:27:23 +0000: Memory Usage (143996K) : Starting DIODE DERIVATIONS
2026-08-20 14:27:23 +0000: Memory Usage (143996K) : Starting RESISTOR DERIVATIONS
2026-08-20 14:27:23 +0000: Memory Usage (143996K) : Starting CAP DERIVATIONS
2026-08-20 14:27:23 +0000: Memory Usage (143996K) : Starting CAP_CMOM DERIVATIONS
2026-08-20 14:27:23 +0000: Memory Usage (143996K) : Starting CAP_CMOMF DERIVATIONS
2026-08-20 14:27:23 +0000: Memory Usage (143996K) : Starting ESD DERIVATIONS
2026-08-20 14:27:23 +0000: Memory Usage (144508K) : Starting Inductor DERIVATIONS
2026-08-20 14:27:23 +0000: Memory Usage (144508K) : Starting Taps DERIVATIONS
2026-08-20 14:27:23 +0000: Memory Usage (144508K) : Starting SG13G2 LVS connectivity setup
2026-08-20 14:27:23 +0000: Memory Usage (144508K) : Starting SG13G2 LVS connectivity setup (Inter-layer)
2026-08-20 14:27:23 +0000: Memory Usage (144636K) : Starting SG13G2 LVS connectivity setup (Global)
2026-08-20 14:27:23 +0000: Memory Usage (144636K) : Starting LVS MOSFET CONNECTIONS
2026-08-20 14:27:23 +0000: Memory Usage (144636K) : Starting LVS RF-MOSFET CONNECTIONS
2026-08-20 14:27:23 +0000: Memory Usage (144636K) : Starting LVS BJT CONNECTIONS
2026-08-20 14:27:23 +0000: Memory Usage (144636K) : Starting LVS DIODE CONNECTIONS
2026-08-20 14:27:23 +0000: Memory Usage (144636K) : Starting RESISTOR CONNECTIONS
2026-08-20 14:27:23 +0000: Memory Usage (144636K) : Starting LVS CAP CONNECTIONS
2026-08-20 14:27:23 +0000: Memory Usage (144636K) : Starting CAP_CMOM CONNECTIONS
2026-08-20 14:27:23 +0000: Memory Usage (144636K) : Starting CAP_CMOMF CONNECTIONS
2026-08-20 14:27:23 +0000: Memory Usage (144636K) : Starting ESD CONNECTIONS
2026-08-20 14:27:23 +0000: Memory Usage (144636K) : Starting Inductor CONNECTIONS
2026-08-20 14:27:23 +0000: Memory Usage (144636K) : Starting LVS Taps CONNECTIONS
2026-08-20 14:27:23 +0000: Memory Usage (144636K) : Starting SG13G2 LVS DEVICES EXTRACTION
2026-08-20 14:27:23 +0000: Memory Usage (144636K) : Starting MOSFET EXTRACTION
2026-08-20 14:27:23 +0000: Memory Usage (144636K) : Starting NMOS EXTRACTION
2026-08-20 14:27:23 +0000: Memory Usage (144636K) : Extraction of NMOS-LV transistor
2026-08-20 14:27:23 +0000: Memory Usage (144636K) : Extraction of NMOS-HV transistor
2026-08-20 14:27:23 +0000: Memory Usage (144636K) : Starting PMOS EXTRACTION
2026-08-20 14:27:23 +0000: Memory Usage (144636K) : Extraction of PMOS-LV transistor
2026-08-20 14:27:23 +0000: Memory Usage (144636K) : Extraction of PMOS-HV transistor
2026-08-20 14:27:23 +0000: Memory Usage (144636K) : Starting RF-MOSFET EXTRACTION
2026-08-20 14:27:23 +0000: Memory Usage (144636K) : Extraction of RF-NMOS-LV transistor
2026-08-20 14:27:23 +0000: Memory Usage (144636K) : Extraction of RF-NMOS-HV transistor
2026-08-20 14:27:23 +0000: Memory Usage (144636K) : Extraction of RF-PMOS-LV transistor
2026-08-20 14:27:23 +0000: Memory Usage (144636K) : Extraction of RF-PMOS-HV transistor
2026-08-20 14:27:23 +0000: Memory Usage (144636K) : Starting BJT EXTRACTION
2026-08-20 14:27:23 +0000: Memory Usage (144636K) : Starting NPN-BJT EXTRACTION
2026-08-20 14:27:23 +0000: Memory Usage (144636K) : Extraction of npn13G2 BJT transistor
2026-08-20 14:27:23 +0000: Memory Usage (144636K) : Extraction of npn13G2L BJT transistor
2026-08-20 14:27:23 +0000: Memory Usage (144636K) : Extraction of npn13G2V BJT transistor
2026-08-20 14:27:23 +0000: Memory Usage (144636K) : Starting PNP-BJT EXTRACTION
2026-08-20 14:27:23 +0000: Memory Usage (144636K) : Extracting pnpMPA BJT
2026-08-20 14:27:23 +0000: Memory Usage (144636K) : Starting DIODE EXTRACTION
2026-08-20 14:27:23 +0000: Memory Usage (144636K) : Extracting dantenna diode
2026-08-20 14:27:23 +0000: Memory Usage (144636K) : Extracting dpantenna diode
2026-08-20 14:27:23 +0000: Memory Usage (144636K) : Extracting schottky_nbl1 diode
2026-08-20 14:27:23 +0000: Memory Usage (144636K) : Extracting isolbox diode
2026-08-20 14:27:23 +0000: Memory Usage (144636K) : Starting RESISTOR EXTRACTION
2026-08-20 14:27:23 +0000: Memory Usage (144636K) : Extracting rsil resistor
2026-08-20 14:27:23 +0000: Memory Usage (144636K) : Extracting rppd resistor
2026-08-20 14:27:23 +0000: Memory Usage (144636K) : Extracting rhigh resistor
2026-08-20 14:27:23 +0000: Memory Usage (144636K) : Extracting res_metal1 resistor
2026-08-20 14:27:23 +0000: Memory Usage (144764K) : Extracting res_metal2 resistor
2026-08-20 14:27:23 +0000: Memory Usage (144764K) : Extracting res_metal3 resistor
2026-08-20 14:27:23 +0000: Memory Usage (144764K) : Extracting res_metal4 resistor
2026-08-20 14:27:23 +0000: Memory Usage (144764K) : Extracting res_metal5 resistor
2026-08-20 14:27:23 +0000: Memory Usage (144764K) : Extracting res_topmetal1 resistor
2026-08-20 14:27:23 +0000: Memory Usage (144764K) : Extracting res_topmetal2 resistor
2026-08-20 14:27:23 +0000: Memory Usage (144764K) : Starting CAP EXTRACTION
2026-08-20 14:27:23 +0000: Memory Usage (144764K) : Extracting cap_cmim device
2026-08-20 14:27:23 +0000: Memory Usage (144764K) : Extracting rfcmim device
2026-08-20 14:27:23 +0000: Memory Usage (144764K) : Extracting sg13_hv_svaricap varactor
2026-08-20 14:27:23 +0000: Memory Usage (144764K) : Extracting cap_cmomi device
2026-08-20 14:27:23 +0000: Memory Usage (144764K) : Extracting cap_cmomf device
2026-08-20 14:27:23 +0000: Memory Usage (144764K) : Extracting sg13_moscap_n capacitor
2026-08-20 14:27:23 +0000: Memory Usage (144764K) : Extracting sg13_moscap_p capacitor
2026-08-20 14:27:23 +0000: Memory Usage (144764K) : Starting ESD EXTRACTION
2026-08-20 14:27:23 +0000: Memory Usage (144764K) : Extracting diodevdd_2kv ESD device
2026-08-20 14:27:23 +0000: Memory Usage (144892K) : Extracting diodevdd_4kv ESD device
2026-08-20 14:27:23 +0000: Memory Usage (144892K) : Extracting diodevss_2kv ESD device
2026-08-20 14:27:23 +0000: Memory Usage (144892K) : Extracting diodevss_4kv ESD device
2026-08-20 14:27:23 +0000: Memory Usage (144892K) : Extracting idiodevdd_2kv ESD device
2026-08-20 14:27:23 +0000: Memory Usage (144892K) : Extracting idiodevdd_4kv ESD device
2026-08-20 14:27:23 +0000: Memory Usage (144892K) : Extracting idiodevss_2kv ESD device
2026-08-20 14:27:23 +0000: Memory Usage (144892K) : Extracting idiodevss_4kv ESD device
2026-08-20 14:27:23 +0000: Memory Usage (144892K) : Extracting nmoscl_2 ESD device
2026-08-20 14:27:23 +0000: Memory Usage (144892K) : Extracting nmoscl_4 ESD device
2026-08-20 14:27:23 +0000: Memory Usage (144892K) : Starting Inductor EXTRACTION
2026-08-20 14:27:23 +0000: Memory Usage (144892K) : Extracting Inductor2 device
2026-08-20 14:27:23 +0000: Memory Usage (144892K) : Extracting Inductor3 device
2026-08-20 14:27:23 +0000: Memory Usage (144892K) : Starting Taps EXTRACTION
2026-08-20 14:27:23 +0000: Memory Usage (144892K) : DISABLE_TAP_EXTRACTION is enabled: skipping ntap1/ptap1 device extraction.
2026-08-20 14:27:23 +0000: Memory Usage (144892K) : Starting SG13G2 LVS RF MOS Model Mapping
2026-08-20 14:27:23 +0000: Memory Usage (145020K) : [layout_netlist] Apply RF MOS model mapping and rfmode parameter.
2026-08-20 14:27:23 +0000: Memory Usage (145020K) : Starting SG13G2 LVS Options Preparations
2026-08-20 14:27:23 +0000: Memory Usage (145020K) : SG13G2 LVS flow: extraction -> alignment -> option preparation -> comparison.
2026-08-20 14:27:23 +0000: Memory Usage (145020K) : Starting SG13G2 LVS Alignment
2026-08-20 14:27:23 +0000: Memory Usage (145020K) : Starting SG13G2 LVS Simplification
2026-08-20 14:27:23 +0000: Memory Usage (145020K) : [layout_netlist] simplify: ENABLED
2026-08-20 14:27:23 +0000: Memory Usage (145020K) : [layout_netlist] make_top_level_pins: SKIPPED
2026-08-20 14:27:23 +0000: Memory Usage (145020K) : [layout_netlist] combine_devices: SKIPPED
2026-08-20 14:27:23 +0000: Memory Usage (145020K) : [layout_netlist] purge: SKIPPED
2026-08-20 14:27:23 +0000: Memory Usage (145020K) : [layout_netlist] purge_nets: SKIPPED
2026-08-20 14:27:23 +0000: Memory Usage (145020K) : [schematic_netlist] simplify: ENABLED
2026-08-20 14:27:23 +0000: Memory Usage (145020K) : [schematic_netlist] make_top_level_pins: SKIPPED
2026-08-20 14:27:23 +0000: Memory Usage (145020K) : [schematic_netlist] combine_devices: SKIPPED
2026-08-20 14:27:23 +0000: Memory Usage (145020K) : [schematic_netlist] purge: SKIPPED
2026-08-20 14:27:23 +0000: Memory Usage (145020K) : [schematic_netlist] purge_nets: SKIPPED
2026-08-20 14:27:23 +0000: Memory Usage (145020K) : Starting SG13G2 LVS Comparison
2026-08-20 14:27:23 +0000: Memory Usage (145020K) : xxxxxxxxxxxxxxxxxxxxxxxxxxxxxxxxxxxxxxxxxx
2026-08-20 14:27:23 +0000: Memory Usage (145020K) : ERROR : Netlists don't match
2026-08-20 14:27:23 +0000: Memory Usage (145020K) : xxxxxxxxxxxxxxxxxxxxxxxxxxxxxxxxxxxxxxxxxx
2026-08-20 14:27:23 +0000: Memory Usage (145020K) : LVS Total Run time 0.751878 seconds
