t_ui,vod_mV
0.015999999999999945,-60.160619999999994
0.07199999999999976,-59.59822999999997
0.12799999999999956,-59.086599999999876
0.18399999999999936,-58.621130000000136
0.2399999999999992,-58.19766999999998
0.295999999999999,-57.81239999999998
0.3520000000000017,-57.461890000000125
0.4080000000000015,-57.142980000000065
0.4640000000000013,-56.85282999999997
0.5200000000000011,-56.588810000000045
0.576000000000001,-56.34860999999991
0.6320000000000007,-56.130039999999994
0.6880000000000005,-55.93117000000003
0.7440000000000003,-55.75018999999992
0.8000000000000002,-55.585530000000105
0.856,-55.43567999999999
0.9119999999999998,-55.29931999999982
0.9679999999999995,-55.17521999999997
1.0239999999999994,-55.06231000000006
1.0799999999999992,-54.959529999999866
1.135999999999999,-54.866000000000085
1.1920000000000017,-54.78087000000009
1.2480000000000016,-54.7034099999999
1.3040000000000014,-54.63288999999993
1.3600000000000012,-54.56872000000001
1.4160000000000008,-54.51029000000007
1.4720000000000006,-54.45711999999992
1.5280000000000005,-54.408709999999914
1.5840000000000003,-54.364660000000065
1.6400000000000001,-54.324540000000084
1.696,-54.28801999999999
1.7519999999999998,-54.25477000000001
1.8079999999999996,-54.22451000000006
1.8639999999999994,-54.19693999999997
1.9199999999999993,-54.171839999999975
1.975999999999999,-54.1489799999999
1.6000000010787207e-06,-54.13983
0.005601599999999901,-54.183400000000105
0.01680160000000044,-54.259800000000084
0.03920160000000152,-54.047869999999996
0.08400160000000079,-50.30648999999987
0.1400016000000006,-37.5645200000001
0.19600160000000041,-16.068259999999945
0.2520016000000002,12.041549999999956
0.25760159999999904,15.198099999999881
0.2688015999999996,21.568009999999973
0.29120160000000067,34.29978
0.3360015999999999,57.473640000000216
0.39200159999999973,79.52112999999983
0.44800159999999956,93.27643999999991
0.5040015999999994,100.27347000000009
0.5600015999999991,102.69786000000013
0.6160015999999989,102.39971000000003
0.6720016000000016,100.58365000000013
0.7280016000000015,97.93480999999993
0.7840016000000013,94.8465999999999
0.8400016000000011,91.56951000000002
0.8960016000000008,88.27312999999992
0.9520016000000007,85.06715999999992
0.9999992000000002,82.44043000000012
1.005599199999999,82.18909999999991
1.0167991999999995,81.67974999999994
1.0391992000000005,80.32177000000007
1.0839991999999998,74.3914699999999
1.1399991999999997,59.096599999999945
1.1959991999999995,35.23246000000002
1.2519991999999993,4.924989999999907
1.2575992000000011,1.5586700000000953
1.2687992000000017,-5.2273300000000855
1.2911991999999997,-18.769569999999902
1.335999199999999,-43.47703999999997
1.3919992000000017,-67.28202999999988
1.4479992000000015,-82.62871999999999
1.5039992000000013,-91.06930999999996
1.5599992000000011,-94.80707999999981
1.615999200000001,-95.7061400000001
1.6719992000000008,-94.98212000000007
1.7279992000000006,-93.32896999999996
1.7839992000000005,-91.14811
1.8399992000000003,-88.69746000000012
1.8959992,-86.15367000000008
1.9519991999999997,-83.63285000000009
0.007999199999999615,-81.20508999999987
0.06399919999999942,-78.90825000000001
0.11999919999999922,-76.76046000000002
0.17599919999999902,-74.76792999999992
0.23199920000000174,-72.92995000000002
0.28799920000000157,-71.24137000000007
0.34399920000000134,-69.69462999999988
0.39999920000000116,-68.28065999999988
0.455999200000001,-66.99005000000002
0.5119992000000008,-65.81316999999997
0.5679992000000006,-64.74086999999984
0.6239992000000004,-63.76432999999992
0.6799992000000002,-62.87538000000015
0.7359992,-62.066320000000005
0.7919991999999998,-61.33014000000014
0.8479991999999996,-60.66032999999993
0.9039991999999994,-60.05098999999991
0.9599991999999993,-59.49662999999994
1.015999199999999,-58.99235999999996
1.0719992000000018,-58.53362000000018
1.1279992000000016,-58.11631999999989
1.1839992000000013,-57.7367000000002
1.239999200000001,-57.39136999999994
1.295999200000001,-57.0772100000001
1.3519992000000007,-56.791409999999985
1.4079992000000006,-56.53140000000012
1.4639992000000004,-56.29487000000011
1.5199992000000002,-56.079659999999976
1.5759992,-55.883879999999884
1.6319991999999999,-55.705729999999896
1.6879991999999997,-55.54367000000005
1.7439991999999995,-55.39620000000012
1.7999991999999991,-55.2620399999999
1.855999199999999,-55.13993999999989
1.9119992000000017,-55.02887000000012
1.9679992000000015,-54.92779000000003
0.02399920000000137,-54.83582000000009
0.07999920000000117,-54.75213000000001
0.13599920000000099,-54.67597000000013
0.19199920000000079,-54.60665999999992
0.24799920000000059,-54.54359999999991
0.3039992000000004,-54.486199999999926
0.3599992000000002,-54.43397000000005
0.4159992,-54.3864300000001
0.47199919999999984,-54.343179999999826
0.5279991999999997,-54.30380000000001
0.5839991999999995,-54.26796999999994
0.6399991999999992,-54.235350000000125
0.695999199999999,-54.205669999999984
0.7519992000000018,-54.178640000000165
0.8079992000000016,-54.154040000000016
0.8639992000000014,-54.13164999999998
0.9199992000000012,-54.111270000000154
0.975999200000001,-54.09270999999993
1.031999200000001,-54.07581999999999
1.0879992000000005,-54.060439999999986
1.1439992000000003,-54.04644000000003
1.1999992000000002,-54.03367999999986
1.2559992,-54.022070000000035
1.3119991999999998,-54.01149999999988
1.3679991999999996,-54.001860000000065
1.4239991999999995,-53.99308999999985
1.4799991999999993,-53.98510000000001
1.5359991999999991,-53.977819999999845
1.5919992000000018,-53.97119999999988
1.6479992000000017,-53.965150000000015
1.7039992000000015,-53.95965000000014
1.759999200000001,-53.95463
1.815999200000001,-53.95006999999996
1.8719992000000008,-53.945899999999995
1.9279992000000006,-53.942099999999996
1.9839992000000004,-53.93863000000021
1.9999983999999993,-53.937710000000024
0.005598400000001001,-53.983040000000095
0.016798400000001542,-54.06291000000007
0.03919839999999973,-53.85770999999995
0.08399839999999899,-50.12900000000009
0.1399984000000017,-37.401479999999985
0.19599840000000152,-15.918469999999907
0.2519984000000013,12.179090000000059
0.2575984000000001,15.334449999999888
0.26879840000000066,21.70205000000003
0.29119840000000174,34.4293
0.33599840000000103,57.59464999999997
0.39199840000000086,79.63249000000006
0.44799840000000063,93.37908000000006
0.5039984000000004,100.3681999999999
0.5599984000000002,102.78536999999987
0.6159984000000001,102.48060000000004
0.6719983999999999,100.65847999999988
0.7279983999999997,98.0040900000001
0.7839983999999994,94.91081000000001
0.8399983999999993,91.62909000000008
0.8959983999999991,88.32847
0.9519984000000018,85.11863999999991
1.0079984000000015,82.06373999999994
1.0639984000000013,79.19622999999999
1.1199984000000012,76.52921000000012
1.175998400000001,74.06425999999988
1.2319984000000008,71.7964900000001
1.2879984000000007,69.71702000000013
1.3439984000000005,67.81495999999999
1.3999984000000003,66.07797000000004
1.4559984000000001,64.49346
1.5119984,63.04916000000005
1.5679983999999998,61.73349000000017
1.6239983999999994,60.53550000000008
1.6799983999999992,59.44506999999999
1.735998399999999,58.45274000000011
1.7919984000000018,57.54985000000001
1.8479984000000016,56.72841000000006
1.9039984000000014,55.98116999999991
1.9599984000000013,55.30140000000006
0.015998400000001037,54.68308
0.07199840000000085,54.12061999999995
0.12799840000000065,53.609020000000115
0.18399840000000045,53.14364999999999
0.23999840000000028,52.720359999999914
0.29599840000000005,52.335309999999915
0.3519983999999999,51.98509000000007
0.4079983999999997,51.666500000000056
0.4639983999999995,51.37670999999999
0.5199983999999993,51.113099999999804
0.5759983999999991,50.87332
0.631998399999999,50.65520000000001
0.6879983999999987,50.45680000000008
0.7439983999999985,50.2763100000001
0.7999983999999983,50.11213999999997
0.8559983999999982,49.962810000000026
0.911998399999998,49.826970000000024
0.9679983999999978,49.70339000000013
1.000002400000003,49.63788999999985
1.005602399999999,49.67247000000019
1.0168024000000024,49.73092000000001
1.0392023999999978,49.48321999999994
1.0840024,45.67045999999997
1.1400023999999997,32.84481000000006
1.1960023999999996,11.281029999999914
1.2520023999999994,-16.8737699999999
1.257602400000001,-20.033499999999815
1.2688023999999987,-26.409540000000177
1.2912023999999998,-39.15281000000004
1.336002400000002,-62.35081000000009
1.3920024000000017,-84.43441000000007
1.4480024000000016,-98.23150000000003
1.5040024000000014,-105.27186999999994
1.5600024000000012,-107.73776000000001
1.6160024000000008,-107.47752999999993
1.6720024000000007,-105.69559000000007
1.7280024000000005,-103.07756999999995
1.7840024000000003,-100.01732000000007
1.8400024000000001,-96.76560000000012
1.8960024,-93.49227999999998
1.9520023999999998,-90.30732999999991
2.1713491079516976e-15,-87.69711000000014
0.005599999999998099,-87.4476500000001
0.016800000000001536,-86.94212999999995
0.039200000000002615,-85.59278999999998
0.08399999999999899,-79.68458000000011
0.1399999999999988,-64.42185999999994
0.1959999999999986,-40.58278000000004
0.2519999999999984,-10.281839999999987
0.2576000000000001,-6.914929999999986
0.26879999999999776,-0.12751999999993657
0.29119999999999885,13.418289999999944
0.336000000000001,38.131650000000185
0.39200000000000085,61.93769000000016
0.4480000000000006,77.27854
0.5040000000000004,85.70957999999985
0.5600000000000003,89.43739000000006
0.6160000000000001,90.32774999999992
0.6719999999999998,89.59669000000004
0.7279999999999996,87.93787999999991
0.7839999999999995,85.75229000000006
0.8399999999999993,83.29750999999996
0.8959999999999991,80.74987999999993
0.9519999999999988,78.22546000000008
0.9999976000000013,76.13377999999993
1.005597600000003,75.94176000000007
1.0167976000000007,75.54986999999991
1.0391976000000018,74.41958999999999
1.083997599999998,68.91799000000009
1.1399975999999978,54.115360000000166
1.1959975999999977,30.702119999999944
1.2519976000000033,0.8105499999999655
1.2575975999999993,-2.516100000000021
1.2687976000000027,-9.223399999999993
1.291197599999998,-22.612469999999885
1.3359976000000002,-47.03153000000015
1.3919975999999998,-70.50881999999991
1.4479975999999997,-85.56084000000008
1.5039975999999995,-93.73528999999992
1.5599975999999993,-97.2315800000001
1.6159975999999991,-97.91083999999995
1.671997599999999,-96.98647999999999
1.7279975999999988,-95.15074999999995
1.7839975999999986,-92.80357000000006
1.8399975999999985,-90.20143000000003
1.8959975999999983,-87.51966000000012
1.9519975999999981,-84.87329999999993
0.007997599999997811,-82.33135000000003
0.06399759999999761,-79.93064999999989
0.11999760000000322,-77.68838000000011
0.17599760000000303,-75.60988000000002
0.23199760000000283,-73.69366999999994
0.28799760000000263,-71.93391999999999
0.34399760000000246,-70.3224
0.39999760000000223,-68.84952000000011
0.45599760000000206,-67.50527000000007
0.5119976000000018,-66.2796000000001
0.5679976000000017,-65.16290000000002
0.6239976000000015,-64.1459499999999
0.6799976000000013,-63.22021000000011
0.7359976000000011,-62.37767999999999
0.7919976000000009,-61.61104000000006
0.8479976000000007,-60.91350000000006
0.9039976000000005,-60.278900000000135
0.9599976000000003,-59.701580000000035
1.0159976000000002,-59.17637999999981
1.0719976,-58.69860000000004
1.1279975999999998,-58.26396999999983
1.1839975999999997,-57.8685699999999
1.2399975999999993,-57.50887000000016
1.295997599999999,-57.18160999999999
1.351997599999999,-56.883910000000036
1.4079975999999987,-56.613049999999944
1.4639975999999986,-56.366630000000086
1.5199975999999984,-56.14242999999996
1.5759975999999982,-55.938449999999975
1.631997599999998,-55.75285000000019
1.6879975999999979,-55.583979999999976
1.7439975999999977,-55.43033000000008
1.7999976000000033,-55.29052000000001
1.8559976000000031,-55.16330000000003
1.9119976000000027,-55.04752999999995
1.9679976000000026,-54.942190000000004
1.6000000021643953e-06,-54.88632000000004
0.005601599999998092,-54.92255000000013
0.016801600000001526,-54.98439999999994
0.039201600000002605,-54.74424
0.08400159999999898,-50.949769999999894
0.14000159999999878,-38.14709000000005
0.19600159999999858,-16.59535000000001
0.2520015999999984,11.565620000000054
0.2576016000000001,14.727030000000196
0.26880159999999775,21.106590000000036
0.29120159999999884,33.857119999999966
0.336001600000001,57.06628999999985
0.39200160000000084,79.15398000000008
0.4480016000000006,92.94559999999996
0.5040016000000004,99.97559999999983
0.5600016000000002,102.43004
0.6160016,102.15932999999988
0.6720015999999999,100.36833
0.7280015999999997,97.74236000000003
0.7840015999999995,94.67500000000007
0.8400015999999992,91.41690999999996
0.8960015999999991,88.13782000000003
0.9520015999999989,84.94759000000008
1.0080015999999987,81.91054999999992
1.0640015999999985,79.05929
1.1200015999999984,76.40705000000003
1.1760015999999982,73.95558000000003
1.232001599999998,71.70016999999996
1.2880015999999976,69.63213000000002
1.3440016000000032,67.74038999999999
1.400001600000003,66.01257000000005
1.456001600000003,64.43633000000015
1.5120016000000027,62.99955000000001
1.5680016000000025,61.69075000000013
1.6240016000000024,60.49905
1.6800016000000022,59.41437999999999
1.736001600000002,58.42729999999996
1.7920016000000019,57.52919999999983
1.8480016000000017,56.71213999999991
1.9040016000000015,55.96887000000006
1.9600016000000011,55.292740000000066
2.4000000021609186e-06,54.84769999999983
0.005602399999998089,54.83368999999993
0.016802400000001525,54.79595000000015
0.03920240000000261,54.361649999999926
0.08400239999999898,50.19793999999989
0.14000239999999878,36.97009000000007
0.1960023999999986,15.037039999999946
0.2520023999999984,-13.459469999999918
0.2576024000000001,-16.651779999999896
0.2688023999999978,-23.092449999999822
0.29120239999999886,-35.961340000000064
0.336002400000001,-59.395480000000056
0.3920024000000008,-81.74682
0.44800240000000063,-95.78435000000019
0.5040024000000004,-103.04190000000003
0.5600024000000002,-105.70506000000002
0.6160024000000001,-105.62461999999995
0.6720023999999999,-104.00668000000013
0.7280023999999996,-101.53822000000012
0.7840023999999994,-98.61423000000013
0.8400023999999993,-95.48661000000003
0.8960023999999991,-92.32629000000014
0.9520023999999989,-89.24414999999985
1.0080023999999987,-86.30552999999996
1.0640023999999986,-83.54399999999984
1.1200023999999984,-80.97364000000007
1.1760023999999982,-78.59681000000008
1.2320023999999978,-76.40933000000017
1.2880023999999977,-74.40288000000007
1.3440024000000033,-72.56701999999993
1.400002400000003,-70.89007999999986
1.456002400000003,-69.36024000000019
1.5120024000000027,-67.9657600000001
1.5680024000000026,-66.6955199999999
1.6240024000000024,-65.53889999999996
1.6800024000000022,-64.48611000000004
1.736002400000002,-63.52798999999987
1.7920024000000019,-62.65619
1.8480024000000015,-61.86298000000012
1.9040024000000013,-61.14136000000015
1.9600024000000011,-60.484839999999984
1.9999976000000004,-60.05272000000006
0.00559760000000209,-60.0404699999999
0.016797599999999736,-60.00631000000012
0.03919760000000082,-59.579959999999986
0.08399760000000298,-55.43555000000011
0.13999760000000278,-42.23268999999985
0.1959976000000026,-20.314380000000078
0.2519976000000024,8.185670000000034
0.2575975999999983,11.379440000000018
0.26879760000000175,17.82316000000006
0.29119760000000283,30.69847999999986
0.33599759999999923,54.142499999999984
0.391997599999999,76.49708
0.44799759999999883,90.52898999999992
0.5039975999999986,97.77645999999996
0.5599975999999984,100.42866000000016
0.6159975999999983,100.33831999999987
0.6719975999999981,98.71194000000006
0.7279975999999979,96.23614000000002
0.7839975999999976,93.30563999999985
0.8399976000000032,90.17221000000019
0.8959976000000031,87.00662999999986
0.9519976000000029,83.91970000000003
1.0079976000000026,80.97667000000008
1.0639976000000024,78.21093000000002
1.1199976000000023,75.63650000000011
1.175997600000002,73.25577999999999
1.231997600000002,71.06473000000003
1.2879976000000017,69.05523999999997
1.3439976000000016,67.21674999999982
1.3999976000000014,65.53737000000015
1.4559976000000012,64.00519000000004
1.511997600000001,62.60849000000013
1.5679976000000009,61.33616999999991
1.6239976000000005,60.17764999999997
1.6799976000000003,59.123159999999956
1.7359976000000001,58.16354000000001
1.7919976,57.29044999999999
1.8479975999999998,56.4961100000001
1.9039975999999996,55.773540000000125
1.9599975999999995,55.11624000000004
1.9999984000000004,54.68359
0.005598400000002087,54.67124999999995
0.01679839999999973,54.63681000000009
0.03919840000000081,54.208889999999954
0.08399840000000297,50.057209999999856
0.13999840000000277,36.843170000000036
0.1959984000000026,14.922839999999882
0.2519984000000024,-13.561910000000177
0.25759839999999834,-16.753100000000074
0.26879840000000177,-23.19154999999995
0.29119840000000285,-36.05612000000002
0.3359983999999992,-59.48208999999993
0.391998399999999,-81.82414999999988
0.44799839999999885,-95.85332999999996
0.5039983999999986,-103.10335000000003
0.5599983999999985,-105.75968000000002
0.6159983999999983,-105.67302999999994
0.6719983999999981,-104.04945
0.7279983999999978,-101.57585000000013
0.7839984000000034,-98.64720000000004
0.8399984000000033,-95.51532000000007
0.8959984000000031,-92.35112000000001
0.9519984000000029,-89.26546999999997
1.0000016000000012,-86.73293999999987
1.005601600000003,-86.49212000000017
1.0168016000000006,-86.00372999999983
1.0392016000000017,-84.68755999999988
1.0840015999999981,-78.84153999999998
1.140001599999998,-63.649769999999826
1.1960016000000036,-39.87574000000005
1.2520016000000034,-9.635240000000156
1.2576015999999992,-6.27412000000005
1.2688016000000026,0.5017899999999464
1.291201599999998,14.025180000000192
1.3360016000000001,38.6962500000001
1.3920016,62.45418000000002
1.4480015999999998,77.75178000000005
1.5040015999999996,86.14382999999992
1.5600015999999994,89.8362800000001
1.616001599999999,90.69448000000003
1.6720015999999989,89.93409000000008
1.7280015999999987,88.24853999999993
1.7840015999999985,86.03859999999996
1.8400015999999983,83.56162
1.8960015999999982,80.99382000000021
1.952001599999998,78.45100999999998
0.008001599999997795,76.00313000000014
0.06400160000000339,73.68788000000004
0.1200016000000032,71.5233500000001
0.176001600000003,69.51576999999997
0.2320016000000028,67.66419000000012
0.28800160000000263,65.96312999999986
0.3440016000000024,64.40485000000007
0.40000160000000223,62.98023999999991
0.45600160000000206,61.6798300000001
0.5120016000000018,60.49398999999988
0.5680016000000017,59.413509999999945
0.6240016000000015,58.42954000000012
0.6800016000000013,57.53385
0.736001600000001,56.71870000000001
0.7920016000000009,55.977040000000144
0.8480016000000007,55.30228999999998
0.9040016000000005,54.68849999999992
0.9600016000000003,54.130180000000024
1.0160016,53.62236000000009
1.0720015999999999,53.160450000000026
1.1280015999999997,52.74033999999994
1.1840015999999995,52.358220000000124
1.2400015999999994,52.01068999999991
1.2960015999999992,51.69458000000016
1.352001599999999,51.407090000000096
1.4080015999999989,51.14558999999996
1.4640015999999987,50.907759999999854
1.5200015999999983,50.69144000000003
1.5760015999999981,50.49468999999984
1.632001599999998,50.315740000000055
1.6880015999999978,50.15298999999995
1.7440016000000034,50.00494
1.8000016000000032,49.870310000000195
1.856001600000003,49.74783999999999
1.9120016000000029,49.636480000000205
1.9680016000000027,49.535190000000064
0.024001600000002444,49.44307000000015
0.08000160000000514,49.359280000000005
0.13600159999999917,49.283100000000026
0.19200160000000477,49.21381000000014
0.24800159999999877,49.15080999999999
0.30400160000000437,49.09350999999984
0.36000159999999837,49.04142
0.41600160000000397,48.99406000000006
0.472001599999998,48.950999999999965
0.5280016000000036,48.91183999999993
0.5840015999999977,48.876249999999956
0.6400016000000032,48.84389999999983
0.6960015999999972,48.81449999999998
0.7520016000000028,48.787759999999956
0.8080015999999969,48.76349000000002
0.8640016000000025,48.74141999999981
0.9200015999999964,48.721279999999865
0.976001600000002,48.70276000000007
1.032001599999996,48.685770000000076
1.0880016000000017,48.670360000000024
1.1440015999999957,48.6564599999999
1.2000016000000013,48.64391999999995
1.2560015999999954,48.63259999999991
1.312001600000001,48.62238000000008
1.3680015999999948,48.61312000000018
1.4240016000000004,48.604740000000035
1.480001600000006,48.597169999999856
1.5360016,48.59031999999996
1.5920016000000057,48.58410999999996
1.6480015999999997,48.578499999999856
1.7040016000000053,48.57343000000003
1.7600015999999994,48.568839999999945
1.816001600000005,48.564720000000115
1.872001599999999,48.56097999999997
1.9280016000000046,48.55761999999997
1.9840015999999987,48.554600000000114
8.000000032535468e-07,48.55379000000015
0.005600800000004971,48.59913999999988
0.016800799999996827,48.67895999999994
0.0392008000000037,48.472760000000115
0.08400080000000586,44.738310000000055
0.14000079999999987,32.00263999999997
0.19600080000000547,10.521510000000012
0.25200079999999947,-17.556990000000106
0.2576008000000012,-20.709450000000018
0.26880080000000467,-27.071090000000186
0.2912007999999999,-39.78633999999981
0.3360008000000021,-62.93162000000008
0.3920007999999961,-84.95535999999993
0.4480008000000017,-98.69862000000018
0.5040007999999957,-105.69039000000014
0.5600008000000013,-108.1122000000001
0.6160007999999954,-107.81188000000009
0.672000800000001,-105.99340999999995
0.728000799999995,-103.34212999999993
0.7840008000000006,-100.25160999999994
0.8400008000000062,-96.97231999999988
0.8960008000000002,-93.67392000000008
0.9520008000000058,-90.46612000000009
0.9999983999999966,-87.83796999999981
1.0055983999999982,-87.5865199999999
1.0167984000000017,-87.07706000000015
1.039198399999997,-85.72005999999988
1.0839983999999991,-79.79741000000007
1.1399984000000047,-64.51822000000007
1.1959983999999988,-40.66428999999982
1.2519984000000044,-10.349909999999962
1.257598400000006,-6.9817399999998475
1.2687983999999979,-0.1918199999999537
1.2911984000000047,13.358830000000044
1.3359983999999954,38.0813499999999
1.391998400000001,61.89798000000013
1.447998399999995,77.24857000000007
1.5039984000000006,85.68862999999993
1.5599984000000062,89.42475000000005
1.6159984000000003,90.32276999999999
1.6719984000000059,89.59870000000004
1.7279984,87.94630999999997
1.7839984000000055,85.76657999999982
1.8399983999999994,83.3171399999999
1.895998400000005,80.77440000000013
1.951998399999999,78.25444000000003
0.007998400000004685,75.82734999999997
0.0639983999999987,73.53104999999994
0.1199984000000043,71.38373999999992
0.1759983999999983,69.39184999999992
0.2319984000000039,67.5545500000001
0.28799839999999793,65.86648000000017
0.34399840000000353,64.32002999999997
0.39999839999999753,62.9061999999998
0.45599840000000313,61.61558999999994
0.5119983999999972,60.438680000000076
0.5679984000000028,59.3663499999999
0.6239983999999967,58.389789999999884
0.6799984000000023,57.50085000000005
0.7359983999999964,56.69186000000015
0.791998400000002,55.955790000000064
0.847998399999996,55.28613999999998
0.9039984000000016,54.677010000000024
0.9599983999999956,54.122929999999904
0.9999991999999965,53.75824000000007
1.0055991999999983,53.755010000000155
1.0167992000000017,53.73859999999997
1.039199199999997,53.34567999999984
1.0839991999999992,49.259860000000046
1.1399992000000048,36.12139000000014
1.1959991999999988,14.270440000000217
1.2519992000000044,-14.150169999999962
1.257599200000006,-17.335250000000137
1.268799199999998,-23.76157000000001
1.2911992000000048,-36.602559999999954
1.3359991999999954,-59.984150000000014
1.391999200000001,-82.27574999999999
1.447999199999995,-96.25952000000004
1.5039992000000006,-103.46851000000012
1.5599992000000062,-106.08756999999991
1.6159992000000003,-105.96698000000005
1.671999200000006,-104.31246999999999
1.7279992,-101.81069999999993
1.7839992000000056,-98.85637000000003
1.8399991999999994,-95.7011299999999
1.895999200000005,-92.51564999999995
1.951999199999999,-89.41063000000015
2.400000003246593e-06,-86.86289000000014
0.005602400000004964,-86.62038000000005
0.01680239999999682,-86.12864999999981
0.03920240000000369,-84.80599
0.08400240000000585,-78.94774999999998
0.14000239999999986,-63.74199999999996
0.19600240000000546,-39.9552700000001
0.25200239999999946,-9.703240000000113
0.25760240000000123,-6.34102999999997
0.26880240000000466,0.43703999999999965
0.2912023999999999,13.964619999999872
0.3360024000000021,38.64361999999999
0.3920023999999961,62.41068000000016
0.4480024000000017,77.71664
0.5040023999999957,86.11634999999995
0.5600024000000013,89.81583999999998
0.6160023999999953,90.68049
0.6720024000000009,89.92599000000001
0.7280024000000065,88.24582000000004
0.7840024000000005,86.04079999999992
0.8400024000000061,83.56830000000004
0.8960024000000002,81.00457000000017
0.9520024000000058,78.46548999999992
0.9999999999999966,76.36229000000006
1.0055999999999983,76.16900000000015
1.0168000000000017,75.77458000000004
1.039199999999997,74.6394399999999
1.0839999999999992,69.12878
1.1400000000000048,54.31591000000013
1.1959999999999988,30.893229999999996
1.2520000000000044,0.9926999999998465
1.257600000000006,-2.3348199999999597
1.268799999999998,-9.043850000000075
1.2912000000000048,-22.436290000000135
1.3359999999999954,-46.86163999999992
1.392000000000001,-70.3459099999999
1.447999999999995,-85.40405999999989
1.5040000000000007,-93.58398999999994
1.5600000000000063,-97.08527000000001
1.6160000000000003,-97.76909000000012
1.672000000000006,-96.84893999999989
1.7279999999999998,-95.01709999999997
1.7840000000000054,-92.67347999999997
1.8399999999999994,-90.07460000000012
1.896000000000005,-87.39582000000001
1.951999999999999,-84.75217999999995
1.9999976000000015,-82.56704999999998
0.005597600000003176,-82.36471999999995
0.01679759999999503,-81.95252999999991
0.0391976000000019,-80.78399000000003
0.08399760000000406,-75.21586000000013
0.13999759999999808,-60.34293000000002
0.19599760000000369,-36.859980000000014
0.2519975999999977,-6.887270000000001
0.2575975999999994,-3.5517000000000465
0.26879760000000286,3.17352999999998
0.2911975999999981,16.598239999999986
0.3359976000000003,41.08328999999999
0.3919976000000059,64.62952
0.44799759999999994,79.73640000000005
0.5039976000000055,87.95595
0.5599975999999995,91.49171000000011
0.6159976000000051,92.20716000000007
0.6719975999999992,91.31657999999999
0.7279976000000048,89.51234999999991
0.7839975999999987,87.19422999999993
0.8399976000000043,84.61874000000003
0.8959975999999984,81.96121999999994
0.951997600000004,79.33677000000006
1.007997599999998,76.81457999999996
1.0639976000000035,74.43173999999986
1.1199975999999976,72.20571999999991
1.1759976000000032,70.14218999999989
1.2319975999999973,68.23973000000016
1.2879976000000029,66.49237999999991
1.343997599999997,64.89199999999995
1.3999976000000025,63.42910000000002
1.4559975999999966,62.093860000000056
1.511997600000002,60.876340000000084
1.567997599999996,59.76705000000004
1.6239976000000016,58.75686999999985
1.6799975999999956,57.83735000000001
1.7359976000000013,57.00050999999995
1.7919975999999953,56.239109999999926
1.847997600000001,55.546410000000044
1.9039976000000065,54.91629999999992
1.9599976000000006,54.34313000000013
1.9999984000000015,53.96587000000008
0.005598400000003173,53.96095000000001
0.016798399999995026,53.94118999999997
0.039198400000001896,53.54181000000003
0.08399840000000407,49.44385000000007
0.13999839999999808,36.291450000000005
0.19599840000000368,14.427640000000075
0.2519983999999977,-14.004939999999966
0.2575983999999994,-17.191170000000035
0.2687984000000028,-23.61975999999988
0.29119839999999814,-36.46517999999999
0.3359984000000003,-59.85507000000001
0.3919983999999943,-82.15604999999981
0.4479983999999999,-96.14819000000008
0.503998399999994,-103.36470999999992
0.5599983999999996,-105.99061000000009
0.6159983999999935,-105.87626000000006
0.6719983999999991,-104.22745
0.7279983999999932,-101.73089000000002
0.7839983999999988,-98.78133
0.8399983999999928,-95.63043999999988
0.8959983999999984,-92.44892000000004
0.9519983999999924,-89.34751999999979
1.007998399999998,-86.39134999999997
1.0639984000000036,-83.61386000000005
1.1199983999999976,-81.02896999999997
1.1759984000000032,-78.63892999999989
1.2319983999999973,-76.43941999999981
1.2879984000000029,-74.42202000000009
1.343998399999997,-72.57618
1.3999984000000025,-70.89016000000004
1.4559983999999964,-69.35204999999999
1.511998400000002,-67.95003999999993
1.567998399999996,-66.67294000000012
1.6239984000000016,-65.51006999999997
1.6799983999999957,-64.45157999999984
1.7359984000000013,-63.4882699999999
1.7919983999999953,-62.61174000000014
1.847998400000001,-61.814220000000034
1.903998399999995,-61.08866999999996
1.9599984000000006,-60.428570000000015
0.015998399999994525,-59.82807000000001
0.07199840000000012,-59.28176000000018
0.12799839999999413,-58.78476999999993
0.18399839999999973,-58.332609999999896
0.23999839999999376,-57.9212899999999
0.29599839999999933,-57.547049999999935
0.3519983999999934,-57.206579999999896
0.407998399999999,-56.896810000000016
0.463998399999993,-56.61499000000014
0.5199983999999985,-56.35857
0.5759983999999926,-56.125259999999955
0.6319983999999982,-55.912980000000005
0.6879983999999922,-55.7198200000002
0.7439983999999978,-55.544059999999895
0.7999984000000034,-55.38413999999992
0.8559983999999974,-55.238610000000186
0.911998400000003,-55.106190000000055
0.967998399999997,-54.985679999999924
1.0000023999999965,-54.92178000000014
1.0056023999999983,-54.956649999999826
1.0168024000000018,-55.01581
1.039202399999997,-54.770409999999934
1.0840023999999993,-50.966010000000004
1.140002399999993,-38.15195999999999
1.1960023999999987,-16.59003999999986
1.2520023999999927,11.579919999999966
1.2576023999999946,14.742169999999888
1.268802399999998,21.123369999999973
1.2912023999999933,33.87708999999983
1.3360023999999955,57.09233000000013
1.392002400000001,79.18712000000005
1.448002399999995,92.98539000000017
1.5040024000000005,100.0215900000001
1.5600023999999946,102.4817600000001
1.6160024000000002,102.21630000000003
1.6720023999999942,100.43011000000001
1.7280023999999998,97.8085099999999
1.7840023999999939,94.74512000000001
1.8400023999999995,91.49063999999996
1.8960023999999935,88.21482000000015
1.9520023999999991,85.02757999999999
1.4475660719677984e-15,82.41553999999995
0.005600000000003166,82.16584000000005
0.01679999999999502,81.65972999999993
0.03920000000000189,80.30804000000002
0.08399999999999247,74.3897
0.13999999999999807,59.108729999999944
0.19600000000000367,35.257259999999846
0.25199999999999767,4.961169999999848
0.2575999999999994,1.5959100000000337
0.2688000000000028,-5.187970000000153
0.2911999999999981,-18.72611000000002
0.3360000000000003,-43.42578000000019
0.3919999999999943,-67.22168000000006
0.4479999999999999,-82.55999999999997
0.5039999999999939,-90.99293000000009
0.5599999999999995,-94.72376999999987
0.6159999999999936,-95.61657000000001
0.6719999999999992,-94.88693000000015
0.7279999999999932,-93.2287300000001
0.7839999999999987,-91.04330000000016
0.8399999999999928,-88.58853999999994
0.8959999999999984,-86.04102999999985
0.9519999999999924,-83.51686000000002
1.007999999999998,-81.08603999999997
1.0640000000000036,-78.78644000000001
1.1199999999999977,-76.63613000000002
1.1760000000000033,-74.64129999999992
1.2319999999999973,-72.80123999999999
1.288000000000003,-71.11076000000006
1.3439999999999968,-69.56229000000013
1.4000000000000024,-68.14673999999998
1.4559999999999964,-66.85467999999983
1.512000000000002,-65.67648999999997
1.567999999999996,-64.6030000000002
1.6240000000000017,-63.62537000000002
1.6799999999999957,-62.73540999999994
1.7360000000000013,-61.92545000000016
1.7919999999999954,-61.188440000000014
1.848000000000001,-60.51787999999991
1.9039999999999948,-59.907839999999936
1.9600000000000004,-59.35285000000001
1.999983999999996,-58.98769000000015
0.005583999999997807,-58.98439
0.016784000000001242,-58.96797000000009
0.039183999999996534,-58.57599000000002
0.0839839999999987,-54.496100000000155
0.13998399999999273,-41.36694000000007
0.1959839999999983,-19.51632999999986
0.2519839999999923,8.920690000000064
0.25758399999999404,12.108429999999837
0.26878399999999747,18.540169999999854
0.2911839999999928,31.392160000000004
0.33598399999999495,54.79235000000004
0.39198400000000055,77.09726000000016
0.44798399999999455,91.08462000000017
0.5039840000000001,98.29187999999989
0.5599839999999942,100.90756999999995
0.6159839999999998,100.78390999999986
0.6719839999999938,99.12710999999996
0.7279839999999994,96.62350999999991
0.7839839999999934,93.66765999999993
0.839983999999999,90.51112000000016
0.895983999999993,87.3244700000002
0.9519839999999986,84.21835999999993
0.9999759999999992,81.67031999999996
1.005576000000001,81.42766999999984
1.0167759999999928,80.93552999999987
1.0391759999999997,79.61094000000001
1.0839760000000018,73.7434899999998
1.1399759999999959,58.52069999999987
1.1959760000000015,34.722559999999845
1.2519759999999955,4.475940000000067
1.2575759999999971,1.1153999999999886
1.2687760000000006,-5.6591200000000175
1.2911759999999959,-19.17900000000006
1.335975999999998,-43.84428000000007
1.3919760000000037,-67.60108999999991
1.4479759999999977,-82.90427999999994
1.5039760000000033,-91.30547999999993
1.5599759999999974,-95.00755999999998
1.615976000000003,-95.87418999999997
1.6719759999999968,-95.1206899999999
1.7279760000000024,-93.44076000000001
1.7839759999999965,-91.23553000000007
1.839976000000002,-88.76273
1.895975999999996,-86.19882000000013
1.9519760000000017,-83.65972999999994
2.3999999997000562e-05,-81.55444999999983
0.0056239999999987186,-81.36122000000002
0.016824000000002153,-80.96703000000005
0.03922399999999744,-79.83340999999999
0.08402399999999961,-74.33080000000002
0.14002399999999363,-59.532609999999984
0.19602399999999923,-36.11812000000003
0.25202399999999325,-6.208949999999991
0.25762399999999497,-2.879459999999945
0.2688239999999984,3.8336900000000007
0.2912239999999937,17.234890000000114
0.3360239999999958,41.67560999999998
0.3920240000000014,65.17138
0.4480239999999955,80.23280999999982
0.504024000000001,88.41126
0.5600239999999951,91.90966999999995
0.6160240000000007,92.59103999999985
0.6720239999999947,91.66936999999997
0.7280240000000003,89.83673999999996
0.7840239999999943,87.49274000000007
0.8400239999999999,84.89363999999999
0.8960239999999939,82.21462000000001
0.9520239999999995,79.57057
1.0080239999999936,77.03053999999997
1.0640239999999992,74.63144999999982
1.1200239999999932,72.39051000000019
1.1760239999999988,70.31323
1.2320239999999927,68.39832999999996
1.2880239999999983,66.63988000000009
1.3440239999999923,65.02947000000003
1.400023999999998,63.55744000000008
1.4560240000000035,62.213870000000114
1.5120239999999976,60.98872000000011
1.5680240000000032,59.8724799999999
1.6240239999999972,58.85593999999994
1.6800240000000028,57.93062000000005
1.736023999999997,57.088499999999875
1.7920240000000025,56.322280000000056
1.8480239999999963,55.62518999999999
1.904024000000002,54.99107000000003
1.960023999999996,54.414240000000056
0.01602400000000165,53.88957999999988
0.07202399999999566,53.41233000000001
0.12802400000000128,52.97827000000011
0.18402399999999527,52.58344999999998
0.24002400000000088,52.224349999999916
0.2960239999999949,51.89770999999999
0.3520240000000005,51.60063000000004
0.4080239999999945,51.33041000000005
0.4640240000000001,51.084640000000014
0.5200239999999942,50.86108
0.5760239999999998,50.6577399999999
0.6320239999999937,50.47277999999999
0.6880239999999993,50.30456999999999
0.7440239999999934,50.15155000000004
0.800023999999999,50.01237999999986
0.856023999999993,49.88579000000004
0.9120239999999986,49.77066000000008
0.9680239999999926,49.66593000000019
0.9999999999999948,49.61048000000012
1.0055999999999965,49.64672999999986
1.0168,49.708529999999975
1.0391999999999952,49.46734000000008
1.0839999999999974,45.666959999999925
1.140000000000003,32.85562000000009
1.195999999999997,11.304850000000144
1.2520000000000027,-16.838240000000006
1.2575999999999927,-19.996860000000005
1.2687999999999962,-26.37073000000001
1.291200000000003,-39.10974999999994
1.3359999999999936,-62.29962999999983
1.3919999999999992,-84.37372000000009
1.4479999999999933,-98.16201000000002
1.503999999999999,-105.19434000000017
1.5599999999999927,-107.65296000000002
1.6159999999999983,-107.38618999999994
1.6719999999999924,-105.59837000000005
1.727999999999998,-102.97507000000006
1.7840000000000036,-99.91006000000002
1.8399999999999976,-96.65404
1.8960000000000032,-93.37682999999997
1.9519999999999973,-90.18835000000003
0.008000000000002868,-87.15292000000008
0.06399999999999688,-84.30326
0.12000000000000248,-81.65274
0.1759999999999965,-79.20310000000019
0.2320000000000021,-76.94939000000001
0.2879999999999961,-74.88270000000009
0.3440000000000017,-72.99201999999983
0.39999999999999575,-71.26520000000002
0.45600000000000135,-69.68997999999993
0.5119999999999953,-68.25419
0.568000000000001,-66.94635999999998
0.623999999999995,-65.75551999999996
0.6800000000000006,-64.67159000000011
0.7359999999999945,-63.68514000000003
0.7920000000000001,-62.78754999999991
0.8479999999999942,-61.97087000000012
0.9039999999999998,-61.22786999999996
0.9599999999999939,-60.5519000000001
1.0159999999999993,-59.93695999999993
1.0719999999999934,-59.37751000000002
1.127999999999999,-58.868559999999846
1.183999999999993,-58.40551999999999
1.2399999999999987,-57.98429000000005
1.2959999999999927,-57.60103999999999
1.3519999999999983,-57.25237999999999
1.408000000000004,-56.935149999999936
1.463999999999998,-56.64654000000002
1.5200000000000036,-56.38392999999997
1.5759999999999974,-56.14501000000005
1.632000000000003,-55.92759999999997
1.687999999999997,-55.72979999999994
1.7440000000000027,-55.54979999999987
1.7999999999999967,-55.38602000000004
1.8560000000000023,-55.23697999999988
1.9119999999999964,-55.10137000000004
1.968000000000002,-54.977959999999996
0.023999999999995938,-54.86565999999993
0.08000000000000153,-54.76345000000005
0.13599999999999554,-54.670439999999985
0.19200000000000114,-54.58579999999991
0.24799999999999517,-54.508760000000045
0.30400000000000077,-54.43865000000003
0.35999999999999477,-54.37483999999992
0.41600000000000037,-54.31675999999985
0.4719999999999944,-54.263900000000035
0.528,-54.215780000000045
0.583999999999994,-54.171980000000005
0.6399999999999996,-54.13210999999984
0.6959999999999936,-54.095819999999904
0.7519999999999992,-54.062770000000036
0.8079999999999933,-54.03270000000005
0.8639999999999989,-54.005300000000034
0.9199999999999928,-53.98037000000011
0.9759999999999984,-53.95766999999996
1.0000240000000018,-53.948579999999914
1.0056240000000036,-53.992159999999956
1.0168239999999955,-54.06856999999987
1.0392240000000024,-53.85664999999995
1.084023999999993,-50.115150000000106
1.1400239999999986,-37.373000000000104
1.1960239999999924,-15.876999999999919
1.252023999999998,12.231890000000023
1.2576239999999999,15.388310000000072
1.2688240000000033,21.757950000000026
1.2912239999999986,34.48917000000007
1.3360240000000008,57.66209
1.3920239999999948,79.70885999999999
1.4480240000000004,93.46392999999998
1.5040239999999943,100.46104999999983
1.5600239999999999,102.88564
1.616023999999994,102.58771999999982
1.6720239999999995,100.77184999999989
1.7280239999999936,98.12315999999987
1.7840239999999992,95.03505999999985
1.8400239999999932,91.75805000000014
1.8960239999999988,88.4617299999999
1.9520239999999929,85.25578999999995
0.008023999999998421,82.20443999999993
0.06402399999999243,79.34015999999988
0.12002399999999804,76.67606999999998
0.17602400000000362,74.21381000000005
0.23202399999999765,71.94857999999994
0.2880240000000032,69.87161000000009
0.3440239999999973,67.97174000000017
0.4000240000000029,66.2365100000002
0.4560239999999969,64.65352999999996
0.5120240000000025,63.21061999999999
0.5680239999999965,61.89626000000015
0.6240240000000021,60.69948999999997
0.6800239999999961,59.610189999999896
0.7360240000000017,58.61890999999986
0.7920239999999957,57.71700000000002
0.8480240000000013,56.89644000000005
0.9040239999999954,56.15000999999986
0.960024000000001,55.47099000000011
1.0000079999999965,55.02422000000018
1.0056079999999983,55.00996000000002
1.0168080000000017,54.97171999999995
1.039207999999997,54.53646999999995
1.0840079999999992,50.37106999999996
1.1400079999999932,37.14132999999986
1.1960079999999988,15.206319999999884
1.2520079999999927,-13.29242999999991
1.2576079999999945,-16.48499999999986
1.268807999999998,-22.92614000000004
1.2912079999999933,-35.79597999999984
1.3360079999999954,-59.23176000000008
1.392008000000001,-81.58465000000015
1.448007999999995,-95.62329999999997
1.5040080000000007,-102.8817099999999
1.5600079999999945,-105.54560999999984
1.6160080000000001,-105.46586999999997
1.6720079999999942,-103.84864000000005
1.7280079999999998,-101.38088
1.7840079999999938,-98.45758999999998
1.8400079999999994,-95.33062000000014
1.8960079999999935,-92.17092000000005
1.952007999999999,-89.08937000000017
0.008007999999993062,-86.15127999999994
0.06400799999999866,-83.39023999999995
0.12000799999999268,-80.82034000000004
0.17600799999999828,-78.44395000000004
0.23200800000000388,-76.25685999999999
0.2880079999999979,-74.25075999999997
0.3440080000000035,-72.41522999999984
0.4000079999999975,-70.73856999999984
0.4560080000000031,-69.20901000000002
0.5120079999999971,-67.81478000000018
0.5680080000000027,-66.54475999999998
0.6240079999999968,-65.38835000000009
0.6800080000000023,-64.33573999999997
0.7360079999999963,-63.377790000000104
0.7920080000000019,-62.50614999999993
0.848007999999996,-61.71310000000019
0.9040080000000016,-60.99159999999992
0.9600079999999955,-60.33521000000008
1.0160080000000011,-59.738089999999964
1.0720079999999952,-59.19485999999985
1.1280080000000008,-58.70068000000006
1.1840079999999948,-58.25110000000011
1.2400080000000004,-57.84210000000001
1.2960079999999945,-57.47001000000007
1.352008,-57.13149999999989
1.408007999999994,-56.823520000000016
1.4640079999999995,-56.543330000000005
1.5200079999999936,-56.288400000000124
1.5760079999999992,-56.056450000000034
1.6320079999999932,-55.84542000000003
1.6880079999999988,-55.65339999999996
1.744007999999993,-55.47868999999994
1.8000079999999985,-55.31971999999996
1.8560079999999926,-55.17506999999999
1.9120079999999982,-55.043460000000046
1.9680080000000038,-54.92367999999992
0.02400799999999771,-54.81469000000017
0.08000800000000331,-54.71552000000002
0.13600799999999733,-54.62527000000006
0.19200800000000293,-54.543140000000044
0.24800799999999695,-54.468399999999974
0.30400800000000255,-54.40038000000014
0.36000799999999655,-54.33847999999997
0.41600800000000215,-54.28213999999998
0.47200799999999615,-54.23087000000004
0.5280080000000018,-54.184210000000064
0.5840079999999958,-54.141729999999995
0.6400080000000014,-54.10307000000003
0.6960079999999954,-54.067880000000066
0.752008000000001,-54.035859999999936
0.8080079999999951,-54.00669999999997
0.8640080000000007,-53.980160000000055
0.9200079999999946,-53.95600000000012
0.9760080000000002,-53.933999999999926
1.0320079999999943,-53.9139700000002
1.0880079999999999,-53.89573000000003
1.144007999999994,-53.87914000000005
1.2000079999999995,-53.86402000000001
1.2560079999999936,-53.85024999999999
1.3120079999999992,-53.837719999999976
1.368007999999993,-53.8263000000001
1.4240079999999986,-53.81590000000003
1.4800079999999927,-53.80642999999985
1.5360079999999983,-53.797810000000055
1.5920080000000039,-53.78995000000009
1.648007999999998,-53.782780000000145
1.7040080000000035,-53.77626999999996
1.7600079999999976,-53.77030999999999
1.8160080000000032,-53.764900000000004
1.8720079999999972,-53.75994999999989
1.9280080000000028,-53.755460000000085
1.9840079999999967,-53.7513500000002
2.3999999995191103e-05,-53.75024000000006
0.005623999999996909,-53.79550999999982
0.016824000000000346,-53.87526000000009
0.03922399999999564,-53.66979000000005
0.0840239999999978,-49.94040000000011
0.1400240000000034,-37.21207000000004
0.19602399999999742,-15.72868999999999
0.252024000000003,12.368529999999822
0.25762399999999314,15.523820000000077
0.26882399999999657,21.89125000000014
0.2912240000000035,34.61818000000005
0.33602399999999405,57.78302000000002
0.39202399999999965,79.82062
0.44802399999999365,93.56741999999984
0.5040239999999993,100.55700999999995
0.5600239999999933,102.97472999999991
0.6160239999999989,102.67048999999994
0.6720239999999928,100.8488299999999
0.7280239999999985,98.19484000000011
0.7840239999999925,95.1018899999998
0.8400239999999981,91.82045000000016
0.8960240000000037,88.52006000000002
0.9520239999999978,85.31042999999983
1.0080240000000034,82.2557100000001
1.0640239999999974,79.38834999999989
1.120024000000003,76.72146999999984
1.1760239999999968,74.25665000000015
1.2320240000000025,71.98909999999992
1.2880239999999965,69.90999999999991
1.344024000000002,68.00819000000003
1.4000239999999962,66.27119999999987
1.4560240000000018,64.68662000000003
1.5120239999999958,63.242240000000116
1.5680240000000014,61.926529999999815
1.6240239999999955,60.728530000000006
1.680024000000001,59.638120000000015
1.736023999999995,58.64581000000002
1.7920240000000005,57.742969999999836
1.8480239999999946,56.92154999999999
1.9040240000000002,56.17433999999988
1.9600239999999942,55.494599999999835
8.000000001412796e-06,55.04737000000004
0.0056080000000031304,55.033040000000085
0.016807999999994987,54.994669999999914
0.03920800000000186,54.55917999999982
0.08400800000000402,50.39332999999991
0.14000799999999802,37.16303999999981
0.19600800000000362,15.22745999999997
0.2520079999999977,-13.271939999999871
0.2576079999999994,-16.464559999999963
0.2688080000000028,-22.905830000000016
0.2912079999999981,-35.77591999999985
0.33600800000000025,-59.21219
0.39200799999999425,-81.56558999999986
0.44800799999999985,-95.60462999999997
0.5040079999999939,-102.86335000000003
0.5600079999999995,-105.5275
0.6160079999999934,-105.44798999999982
0.672007999999999,-103.83096000000003
0.7280079999999931,-101.36338
0.7840079999999987,-98.44024999999989
0.8400079999999928,-95.31343999999997
0.8960079999999984,-92.15383
0.952008000000004,-89.07229000000005
1.008007999999998,-86.13424000000003
1.0640080000000036,-83.37335000000002
1.1200079999999977,-80.80361000000002
1.176008000000003,-78.42737999999994
1.232007999999997,-76.24042999999992
1.2880080000000027,-74.23444000000012
1.3440079999999968,-72.39901000000005
1.4000080000000024,-70.72245000000011
1.4560079999999964,-69.19296000000008
1.512008000000002,-67.79880999999999
1.568007999999996,-66.52886000000002
1.6240080000000017,-65.37250999999999
1.6800079999999957,-64.31995999999995
1.7360080000000013,-63.36207999999988
1.7920079999999952,-62.490500000000004
1.8480080000000008,-61.69749000000002
1.9040079999999948,-60.97605000000006
1.9600080000000004,-60.319699999999976
1.999991999999996,-59.88781999999993
0.0055919999999977715,-59.87558000000015
0.01679200000000121,-59.841449999999966
0.0391919999999965,-59.41510999999999
0.08399199999999866,-55.27057999999996
0.13999199999999268,-42.067480000000046
0.19599199999999828,-20.149170000000048
0.2519920000000039,8.35034999999995
0.257591999999994,11.544019999999877
0.2687919999999974,17.987570000000062
0.29119199999999273,30.862539999999996
0.3359919999999949,54.30598000000009
0.3919920000000005,76.66017000000002
0.4479919999999945,90.69200999999994
0.5039920000000001,97.93958000000002
0.5599919999999942,100.59196000000003
0.6159919999999998,100.50175999999999
0.6719919999999937,98.87548000000001
0.7279919999999993,96.39971999999997
0.7839919999999934,93.46923000000018
0.839991999999999,90.33577000000004
0.895991999999993,87.17013000000007
0.9519919999999986,84.08316000000005
0.9999839999999992,81.55011999999995
1.005584000000001,81.30913999999989
1.0167839999999928,80.82031
1.0391839999999997,79.50210999999996
1.0839840000000018,73.64673999999982
1.139983999999996,58.43776999999983
1.1959840000000015,34.6522199999999
1.2519839999999953,4.4170500000000334
1.2575839999999971,1.0575999999999919
1.2687840000000006,-5.714760000000041
1.291183999999996,-19.23048000000005
1.335983999999998,-43.88788000000021
1.3919840000000037,-67.6356199999999
1.4479839999999977,-82.93053000000006
1.5039840000000033,-91.32417999999998
1.5599839999999972,-95.01937999999987
1.6159840000000028,-95.87974
1.6719839999999968,-95.12052999999997
1.7279840000000024,-93.43539000000001
1.7839839999999965,-91.2254400000001
1.839984000000002,-88.74836000000008
1.8959839999999961,-86.18055000000014
1.9519840000000017,-83.63790999999998
0.0079839999999957,-81.1902900000001
0.0639840000000013,-78.87538000000016
0.11998399999999532,-76.71117999999998
0.17598400000000092,-74.70370000000015
0.23198399999999492,-72.85212000000007
0.2879840000000005,-71.15117000000004
0.34398399999999457,-69.59316999999987
0.3999840000000001,-68.16895999999994
0.45598399999999417,-66.86901999999995
0.5119839999999998,-65.68365999999992
0.5679839999999938,-64.60365000000002
0.6239839999999993,-63.62006999999981
0.6799839999999934,-62.72471999999985
0.735983999999999,-61.909830000000056
0.791983999999993,-61.16836000000014
0.8479839999999986,-60.493719999999975
0.9039839999999926,-59.87998000000005
0.9599839999999982,-59.3216299999999
1.000024,-58.95375000000014
1.0056240000000018,-58.950160000000196
1.0168239999999937,-58.93314999999988
1.0392240000000006,-58.54002999999985
1.0840240000000028,-54.45792999999988
1.1400239999999966,-41.32619999999987
1.1960240000000022,-19.473309999999966
1.2520239999999963,8.965629999999836
1.257623999999998,12.153529999999968
1.2688240000000015,18.58562000000008
1.2912239999999968,31.43826000000005
1.336023999999999,54.83970000000005
1.392023999999993,77.14613999999997
1.4480239999999986,91.13499000000003
1.504024000000004,98.34366000000006
1.560023999999998,100.96064000000004
1.6160240000000037,100.8381599999999
1.6720239999999977,99.18241000000006
1.7280240000000033,96.67976999999995
1.7840239999999974,93.7247699999999
1.840024000000003,90.56898000000002
1.896023999999997,87.38300999999993
1.9520240000000026,84.27753000000004
0.008023999999996612,81.3175800000001
0.0640240000000022,78.53644999999987
0.12002399999999623,75.94799999999991
0.17602400000000182,73.55453
0.23202399999999584,71.35187999999992
0.28802400000000145,69.33181999999994
0.34402399999999544,67.48371000000009
0.40002400000000105,65.79556999999991
0.45602399999999504,64.25541999999984
0.5120240000000007,62.85147000000002
0.5680239999999946,61.57255999999989
0.6240240000000002,60.40804
0.6800239999999943,59.34808999999986
0.7360239999999999,58.38348999999998
0.792023999999994,57.50586000000002
0.8480239999999996,56.70741000000001
0.9040239999999935,55.98108000000002
0.9600239999999991,55.320360000000065
1.0160239999999932,54.719369999999934
1.0720239999999988,54.17269000000013
1.1280239999999928,53.67546000000001
1.1840239999999984,53.22315
1.240024000000004,52.811759999999985
1.296023999999998,52.43753999999989
1.3520240000000037,52.09716999999991
1.4080239999999975,51.78755999999996
1.464024000000003,51.505939999999974
1.5200239999999972,51.24976999999986
1.5760240000000028,51.01675999999999
1.6320239999999968,50.80481000000003
1.6880240000000024,50.61201999999998
1.7440239999999965,50.43664999999997
1.800024000000002,50.27714999999988
1.8560239999999961,50.132040000000046
1.9120240000000017,50.00006999999984
1.9680239999999956,49.88002000000002
1.9999999999999978,49.81644000000007
0.005599999999999546,49.85133000000008
0.016800000000002983,49.91042000000001
0.03919999999999827,49.66397000000011
0.08400000000000044,45.85372999999993
0.13999999999999446,33.03107000000005
0.19600000000000006,11.469750000000056
0.25199999999999406,-16.68331000000012
0.2575999999999958,-19.842909999999936
0.2687999999999992,-26.21867999999994
0.2911999999999945,-38.96142999999985
0.3359999999999967,-62.15826000000013
0.3920000000000023,-84.24010000000015
0.4479999999999963,-98.03520999999992
0.5040000000000019,-105.07361000000004
0.559999999999996,-107.53769999999996
0.6160000000000015,-107.27590999999981
0.6719999999999955,-105.49264000000002
0.7280000000000011,-102.87351999999994
0.7839999999999951,-99.81231999999984
0.8400000000000007,-96.55978999999992
0.8959999999999948,-93.28575999999988
0.9520000000000004,-90.10017999999987
0.999992000000001,-87.48977999999985
1.0055920000000027,-87.24026000000018
1.0167919999999946,-86.73462000000009
1.0391920000000014,-85.3849900000001
1.0839920000000036,-79.47604000000008
1.1399919999999977,-64.21230999999983
1.195992000000003,-40.37263999999996
1.251991999999997,-10.071940000000001
1.257591999999999,-6.705110000000181
1.2687920000000024,0.0821399999999528
1.2911919999999977,13.627569999999922
1.3359919999999998,38.340260000000015
1.391991999999994,62.14584000000012
1.4479919999999995,77.48668000000004
1.5039919999999933,85.91805000000008
1.559991999999999,89.64632000000017
1.615991999999993,90.53716999999995
1.6719919999999986,89.80655000000004
1.7279919999999926,88.14811999999984
1.7839919999999982,85.96287999999986
1.8399920000000038,83.50838999999999
1.895991999999998,80.96101999999993
1.9519920000000035,78.43683000000001
1.999984000000004,76.34553999999993
0.005583999999994187,76.15355000000012
0.016783999999997624,75.76169999999993
0.03918399999999291,74.63153
0.08398399999999508,69.13033999999985
0.13998400000000066,54.32835000000003
0.1959839999999947,30.915449999999957
0.25198400000000026,1.0235700000000847
0.25758400000000203,-2.3031399999999813
0.26878399999999386,-9.01058999999993
0.2911840000000007,-22.399959999999997
0.3359840000000029,-46.819459999999815
0.3919839999999969,-70.29686999999996
0.4479840000000025,-85.34859999999989
0.5039839999999965,-93.52258999999985
0.5599840000000021,-97.01841999999994
0.6159839999999961,-97.69728999999994
0.6719840000000017,-96.77266000000006
0.7279839999999957,-94.93675999999995
0.7839840000000013,-92.58946000000012
0.8399839999999954,-89.98726000000002
0.895984000000001,-87.30548999999988
0.951983999999995,-84.65914000000008
0.9999759999999955,-82.47215000000008
1.0055759999999974,-82.26957999999995
1.0167760000000008,-81.85690999999994
1.039175999999996,-80.68743
1.0839759999999983,-75.11742
1.1399760000000039,-60.24217999999992
1.1959759999999977,-36.75727000000006
1.2519760000000033,-6.78311999999992
1.2575759999999936,-3.4474399999999683
1.268775999999997,3.278000000000114
1.2911760000000039,16.70309999999997
1.3359759999999945,41.18891999999996
1.391976,64.73616000000004
1.447975999999994,79.84415
1.5039759999999995,88.06484000000015
1.5599759999999936,91.60169000000008
1.6159759999999992,92.31813
1.6719759999999932,91.42843999999984
1.7279759999999988,89.62498000000019
1.783975999999993,87.30755999999995
1.8399759999999985,84.73266000000001
1.895976000000004,82.07567999999998
1.9519759999999982,79.45171000000006
2.3999999993381644e-05,77.27963000000004
0.005623999999995099,77.07896000000014
0.016823999999998535,76.66994999999987
0.039223999999993826,75.50649999999992
0.08402399999999599,69.94280999999991
0.1400240000000016,55.06934999999991
0.1960239999999956,31.590849999999946
0.2520240000000012,1.638110000000026
0.2576240000000029,-1.6944300000001355
0.2688239999999948,-8.413419999999894
0.29122400000000165,-21.82525000000002
0.3360240000000038,-46.28704999999989
0.3920239999999978,-69.81247999999995
0.4480240000000034,-84.90734999999994
0.5040239999999975,-93.1202400000002
0.5600240000000031,-96.65135999999985
0.616023999999997,-97.36235000000005
0.6720240000000026,-96.46699000000014
0.7280239999999967,-94.6577700000002
0.7840240000000023,-92.33479
0.8400239999999963,-89.75474000000006
0.8960240000000019,-87.09312000000003
0.9520239999999959,-84.46514000000005
1.0000159999999965,-82.29255999999995
1.0056159999999983,-82.09159000000011
1.0168160000000017,-81.68207999999998
1.039215999999997,-80.51873000000009
1.0840159999999992,-74.96020999999998
1.140015999999993,-60.098100000000045
1.1960159999999986,-36.6252199999999
1.2520159999999927,-6.662260000000142
1.2576159999999945,-3.3276599999998435
1.268815999999998,3.3956600000000225
1.2912159999999933,16.81661000000001
1.3360159999999954,41.294629999999884
1.392016000000001,64.83298000000003
1.4480159999999949,79.93298999999988
1.5040160000000005,88.14644999999999
1.5600159999999945,91.67675999999992
1.6160160000000001,92.38721999999999
1.6720159999999942,91.49209000000002
1.7280159999999998,89.68365999999995
1.7840159999999938,87.36170999999993
1.8400159999999994,84.78269999999988
1.8960159999999935,82.12196000000004
1.952015999999999,79.49457000000004
0.008015999999993027,76.96968999999987
0.06401599999999863,74.5843799999999
0.12001600000000422,72.35610999999986
0.17601599999999823,70.29053000000008
0.23201600000000383,68.38619000000001
0.28801599999999783,66.63712999999993
0.34401600000000343,65.03519000000013
0.4000159999999975,63.57088000000011
0.4560160000000031,62.234330000000114
0.512015999999997,61.01563000000021
0.5680160000000026,59.90527000000001
0.6240159999999967,58.89411
0.6800160000000023,57.973679999999916
0.7360159999999963,57.13602000000017
0.7920160000000019,56.373879999999986
0.8480159999999959,55.680489999999864
0.9040160000000015,55.04975000000001
0.9600159999999955,54.47599999999997
1.0000000000000027,54.09851999999993
1.005599999999993,54.09354
1.0167999999999964,54.073679999999904
1.0392000000000032,53.6741300000001
1.0839999999999936,49.57592000000011
1.1399999999999992,36.42326000000007
1.1959999999999933,14.55898000000011
1.251999999999999,-13.874420000000054
1.2576000000000007,-17.06076000000012
1.2688000000000041,-23.48955000000008
1.2911999999999995,-36.335369999999976
1.3360000000000016,-59.72592000000021
1.3919999999999957,-82.02734999999994
1.448000000000001,-96.01966000000006
1.5039999999999951,-103.23618000000012
1.5600000000000007,-105.86205000000004
1.6159999999999948,-105.7476799999999
1.6720000000000004,-104.09891000000005
1.7279999999999944,-101.60242000000008
1.784,-98.65297000000007
1.839999999999994,-95.50219999999987
1.8959999999999997,-92.32081999999986
1.9519999999999937,-89.21954999999993
1.9999919999999942,-86.67534999999992
0.005591999999995962,-86.43317000000006
0.016791999999999398,-85.94206999999999
0.03919199999999469,-84.62060999999999
0.08399199999999685,-78.76444999999998
0.13999200000000245,-63.56095000000006
0.19599199999999647,-39.77644999999996
0.25199200000000205,-9.526990000000124
0.25759200000000376,-6.1650600000000555
0.26879199999999565,0.6124400000000474
0.2911920000000025,14.138880000000187
0.3359919999999931,38.81573999999999
0.3919919999999987,62.580549999999846
0.4479920000000043,77.88474000000001
0.5039919999999983,86.28302999999993
0.5599920000000039,89.98130999999998
0.6159919999999979,90.8448500000001
0.6719920000000035,90.08933000000007
0.7279919999999975,88.4082100000001
0.7839920000000031,86.20228000000019
0.8399919999999972,83.72895000000003
0.8959920000000028,81.16443000000007
0.9519919999999967,78.62461000000009
1.0079920000000024,76.17943999999999
1.0639919999999963,73.86666999999991
1.1199920000000019,71.70438000000013
1.175991999999996,69.69881999999994
1.2319920000000015,67.84909000000016
1.2879919999999956,66.14968999999982
1.3439920000000012,64.59294000000004
1.3999919999999952,63.1697200000001
1.4559920000000008,61.87058000000012
1.511991999999995,60.68589000000002
1.5679920000000005,59.60648000000002
1.6239919999999946,58.623470000000125
1.6799920000000002,57.72867000000015
1.735991999999994,56.91431000000002
1.7919919999999996,56.17337
1.8479919999999936,55.49928999999998
1.9039919999999992,54.88610999999999
1.9599919999999933,54.32834000000008
0.015991999999998893,53.82102
0.07199199999999291,53.35956000000009
0.1279919999999985,52.93988000000005
0.1839920000000041,52.55813999999992
0.23999199999999812,52.21094999999987
0.2959920000000037,51.89515999999994
0.35199199999999775,51.60794999999996
0.40799200000000335,51.346719999999955
0.46399199999999735,51.10912999999995
0.5199920000000029,50.89301999999996
0.575991999999997,50.69647999999982
0.6319920000000026,50.517689999999945
0.6879919999999966,50.355109999999925
0.7439920000000022,50.207219999999886
0.7999919999999962,50.07271999999996
0.8559920000000018,49.950380000000074
0.9119919999999958,49.83913000000007
0.9679920000000014,49.73793999999998
1.0000239999999982,49.68426999999998
1.005624,49.72083999999999
1.0168240000000035,49.783270000000044
1.0392239999999988,49.543319999999945
1.0840240000000008,45.745359999999955
1.1400239999999948,32.936819999999976
1.1960240000000004,11.388480000000145
1.2520239999999945,-16.752670000000023
1.2576239999999963,-19.911119999999947
1.2688239999999997,-26.28465999999996
1.291223999999995,-39.02304000000001
1.3360239999999972,-62.21159999999992
1.3920240000000028,-84.28396999999998
1.4480239999999966,-98.07049999999995
1.5040240000000022,-105.10112999999998
1.5600239999999963,-107.55818000000006
1.616024000000002,-107.29001000000005
1.672023999999996,-105.50095000000015
1.7280240000000016,-102.87656999999983
1.7840239999999956,-99.81060000000008
1.8400240000000012,-96.55373000000012
1.8960239999999953,-93.27577999999991
1.9520240000000009,-90.08660000000002
0.008023999999994801,-87.05053000000018
0.0640240000000004,-84.20028999999984
0.12002399999999441,-81.54928000000017
0.176024,-79.09915999999994
0.23202399999999404,-76.84504000000003
0.2880239999999996,-74.77794999999988
0.34402399999999367,-72.88691000000003
0.40002399999999927,-71.15976000000002
0.45602399999999327,-69.58423000000002
0.5120239999999988,-68.14816000000002
0.5680239999999929,-66.84007000000003
0.6240239999999985,-65.64898999999991
0.6800240000000041,-64.56484000000006
0.7360239999999981,-63.578169999999986
0.7920240000000037,-62.68040000000008
0.8480239999999977,-61.86352999999989
0.9040240000000033,-61.120379999999976
0.9600239999999973,-60.444250000000196
1.016024000000003,-59.82917000000021
1.072023999999997,-59.26957999999982
1.1280240000000026,-58.76052000000009
1.1840239999999966,-58.297370000000015
1.2400240000000022,-57.87604000000002
1.296023999999996,-57.492689999999904
1.3520240000000017,-57.14394
1.4080239999999957,-56.82662000000005
1.4640240000000013,-56.53792999999996
1.5200239999999954,-56.27525000000011
1.576024000000001,-56.03626000000017
1.632023999999995,-55.818799999999946
1.6880240000000006,-55.62093000000012
1.7440239999999947,-55.440869999999975
1.8000240000000003,-55.27704999999994
1.8560239999999943,-55.12795999999987
1.912024,-54.992310000000046
1.9680239999999938,-54.86884000000014
1.999999999999996,-54.803439999999924
0.005599999999997737,-54.83805000000008
0.01680000000000117,-54.89666999999998
0.03919999999999647,-54.65021999999986
0.08399999999999863,-50.84372000000003
0.14000000000000423,-38.02718000000005
0.19599999999999823,-16.46320999999995
0.25200000000000383,11.708169999999907
0.257599999999994,14.870509999999948
0.26879999999999743,21.25193000000003
0.2912000000000043,34.006030000000024
0.33599999999999486,57.2220699999999
0.39200000000000046,79.31802999999982
0.44799999999999446,93.11763000000006
0.5040000000000001,100.15521999999999
0.5599999999999941,102.61671000000017
0.6159999999999997,102.35247000000003
0.6719999999999937,100.56734999999995
0.7279999999999993,97.94670000000005
0.7839999999999934,94.88416000000011
0.839999999999999,91.63041000000005
0.8959999999999929,88.3552700000001
0.9519999999999985,85.16860999999997
1.0080000000000042,82.13480999999989
1.063999999999998,79.2864900000001
1.1200000000000037,76.6369200000001
1.1759999999999977,74.18786999999982
1.2320000000000033,71.9346700000001
1.2879999999999974,69.86862999999998
1.344000000000003,67.97870999999999
1.399999999999997,66.25253000000009
1.4560000000000026,64.67780000000012
1.5119999999999967,63.24240000000003
1.5680000000000023,61.934869999999975
1.6239999999999963,60.74431999999996
1.6800000000000017,59.66069000000007
1.7359999999999958,58.67456999999998
1.7920000000000014,57.777339999999896
1.8479999999999954,56.961069999999836
1.904000000000001,56.21852999999999
1.959999999999995,55.543059999999976
0.01600000000000067,54.92866000000007
0.07199999999999468,54.369780000000034
0.12800000000000028,53.861429999999984
0.1839999999999943,53.39903000000001
0.2399999999999999,52.978449999999896
0.29599999999999393,52.59588000000015
0.35199999999999954,52.247909999999955
0.40799999999999353,51.93137999999986
0.46399999999999914,51.643480000000075
0.5199999999999931,51.38158000000015
0.5759999999999987,51.14338000000007
0.6320000000000043,50.92669000000005
0.6879999999999984,50.729599999999934
0.744000000000004,50.55032000000015
0.7999999999999979,50.387240000000055
0.8560000000000035,50.238910000000025
0.9119999999999976,50.10398999999999
0.9680000000000032,49.98126000000003
0.9999759999999938,49.916260000000044
1.0055759999999956,49.95091000000018
1.016775999999999,50.009529999999856
1.0391759999999943,49.76216999999994
1.0839759999999963,45.95028999999995
1.1399760000000019,33.12575999999989
1.195975999999996,11.562599999999978
1.2519760000000015,-16.592380000000073
1.2575760000000034,-19.75216000000013
1.2687759999999952,-26.12832999999992
1.291176000000002,-38.87182999999994
1.3359760000000043,-62.07001999999995
1.391975999999998,-84.15323000000008
1.4479760000000037,-97.9494299999999
1.5039759999999978,-104.98874000000002
1.5599760000000034,-107.45362999999996
1.6159759999999974,-107.19259000000014
1.671976000000003,-105.41003000000005
1.727975999999997,-102.79158000000011
1.7839760000000027,-99.73101999999989
1.8399759999999967,-96.47908000000017
1.8959760000000023,-93.20561000000005
1.9519759999999964,-90.02054000000004
0.007976000000001886,-86.98822000000006
0.0639759999999959,-84.14139000000009
0.1199760000000015,-81.49346000000013
0.17597599999999552,-79.04617000000003
0.23197600000000113,-76.79462000000004
0.2879759999999951,-74.72987999999981
0.3439760000000007,-72.84098999999999
0.3999759999999947,-71.11579000000012
0.4559760000000003,-69.54203000000004
0.5119759999999943,-68.10760000000005
0.5679759999999999,-66.80098000000001
0.623975999999994,-65.61126000000006
0.6799759999999996,-64.52835000000002
0.7359759999999936,-63.54282000000011
0.7919759999999992,-62.646069999999995
0.8479759999999932,-61.83015000000003
0.9039759999999988,-61.08785999999999
0.9599760000000044,-60.41253000000002
1.0000159999999947,-59.96753999999993
1.0056159999999963,-59.95363000000009
1.016816,-59.916190000000036
1.039215999999995,-59.48339999999996
1.0840159999999972,-55.326679999999854
1.1400160000000028,-42.10960000000008
1.1960159999999969,-20.178680000000114
1.2520160000000025,8.332110000000004
1.2576160000000043,11.526850000000088
1.2688159999999962,17.972490000000008
1.291216000000003,30.85150999999997
1.3360159999999934,54.302620000000076
1.392015999999999,76.66572999999998
1.448015999999993,90.7058300000001
1.5040159999999987,97.96106000000005
1.5600160000000043,100.62047000000018
1.6160159999999983,100.53672999999996
1.672016000000004,98.91633999999993
1.728015999999998,96.44595999999983
1.7840160000000036,93.52036000000008
1.8400159999999977,90.39134999999999
1.8960160000000033,87.22976999999999
1.9520159999999973,84.14648999999996
7.999999997793882e-06,81.61633999999984
0.005607999999999512,81.37569
0.01680800000000295,80.88749000000006
0.03920799999999824,79.57055000000013
0.0840080000000004,73.71763999999992
0.14000799999999441,58.51160000000011
0.19600800000000002,34.72863999999998
0.252007999999994,4.4955800000001656
0.25760799999999573,1.1363099999999182
0.26880799999999916,-5.635700000000021
0.29120799999999447,-19.150720000000064
0.33600799999999664,-43.806760000000054
0.39200799999999064,-67.55278999999992
0.44800800000000784,-82.8459800000001
0.5040080000000019,-91.23799
0.5600079999999958,-94.93167000000003
0.6160079999999899,-95.79066999999996
0.672008000000007,-95.03024999999998
0.7280080000000011,-93.34405000000001
0.7840079999999952,-91.13315000000011
0.8400079999999891,-88.65520999999998
0.8960080000000062,-86.08665000000015
0.9520080000000003,-83.54331999999998
1.0080079999999942,-81.09507999999988
1.0640079999999883,-78.7796300000001
1.1200080000000054,-76.61489999999982
1.1760079999999995,-74.60695999999989
1.2320079999999936,-72.75494999999998
1.2880079999999876,-71.05359999999993
1.3440080000000048,-69.49523999999995
1.4000079999999988,-68.07070000000004
1.4560079999999929,-66.77044999999993
1.51200800000001,-65.58478999999994
1.568008000000004,-64.50452000000007
1.624007999999998,-63.520699999999984
1.680007999999992,-62.62512000000009
1.736008000000009,-61.81003000000018
1.7920080000000032,-61.068359999999934
1.8480079999999972,-60.393539999999966
1.9040079999999913,-59.779639999999915
1.9600080000000084,-59.221129999999846
1.9999919999999924,-58.85365000000009
0.005591999999994153,-58.85002999999989
0.01679199999999759,-58.832989999999974
0.03919200000000446,-58.43977000000011
0.08399199999999504,-54.35739000000006
0.13999199999998907,-41.22530000000002
0.19599200000000624,-19.37226000000014
0.25199200000000027,9.066479999999988
0.257592000000002,12.254340000000141
0.2687920000000054,18.686329999999973
0.2911919999999891,31.538800000000087
0.33599200000000284,54.93995000000007
0.3919919999999969,77.24624000000003
0.4479919999999909,91.23517000000004
0.5039920000000081,98.44405000000012
0.559992000000002,101.06129000000008
0.6159919999999961,100.93905000000004
0.6719919999999902,99.28351000000002
0.7279920000000073,96.78103000000004
0.7839920000000014,93.82617000000005
0.8399919999999953,90.67051000000004
0.8959919999999894,87.48464
0.9519920000000065,84.37924000000008
0.9999839999999955,81.83173
1.0055839999999974,81.58914999999989
1.0167840000000008,81.09714000000001
1.0391840000000077,79.77279999999998
1.083983999999998,73.90602000000013
1.1399839999999921,58.684100000000015
1.1959840000000093,34.88653000000008
1.2519840000000033,4.639869999999879
1.2575840000000051,1.279290000000044
1.2687840000000086,-5.49530999999992
1.2911839999999923,-19.015369999999976
1.335984000000006,-43.68090000000002
1.3919839999999999,-67.43770999999987
1.447983999999994,-82.74055000000003
1.503983999999988,-91.14125999999989
1.5599840000000051,-94.8427999999999
1.6159839999999992,-95.7089499999999
1.6719839999999933,-94.95505999999997
1.7279839999999873,-93.27481000000004
1.7839840000000045,-91.06931999999989
1.8399839999999985,-88.59631999999995
1.8959839999999926,-86.03226000000008
1.9519840000000097,-83.49304000000002
1.9999759999999986,-81.39006999999987
0.005576000000000375,-81.19680000000007
0.01677600000000381,-80.8025699999999
0.03917599999998752,-79.66881000000004
0.08397600000000126,-74.16573999999999
0.13997599999999527,-59.36682999999987
0.1959759999999893,-35.951889999999985
0.2519760000000065,-6.0428299999999435
0.2575760000000082,-2.7133900000000377
0.26877599999998847,3.9996700000000107
0.2911759999999953,17.40062000000009
0.3359760000000091,41.84094000000016
0.3919760000000031,65.33648000000002
0.4479759999999971,80.39801000000013
0.5039759999999911,88.57674999999988
0.5599760000000084,92.07549999999998
0.6159760000000023,92.75721000000003
0.6719759999999964,91.83581999999979
0.7279759999999904,90.00343000000011
0.7839760000000076,87.65961
0.8399760000000016,85.0606599999999
0.8959759999999956,82.38174999999993
0.9519759999999896,79.73779999999996
1.0000239999999965,77.55000999999994
1.005623999999998,77.34761000000012
1.0168240000000015,76.93514000000002
1.0392240000000086,75.76504000000006
1.084023999999999,70.18888999999984
1.140023999999993,55.30119
1.1960240000000102,31.809470000000005
1.2520240000000042,1.8441499999999333
1.257624000000006,-1.489609999999919
1.2688240000000095,-8.211019999999847
1.291223999999993,-21.62759000000003
1.336024000000007,-46.098280000000045
1.3920240000000008,-69.63363999999994
1.4480239999999949,-84.73724999999988
1.504023999999989,-92.95791999999992
1.560024000000006,-96.49605000000005
1.6160240000000001,-97.21339000000006
1.6720239999999942,-96.32386000000004
1.7280239999999882,-94.5199699999999
1.7840240000000054,-92.20186000000008
1.8400239999999994,-89.62625999999996
1.8960239999999933,-86.96871000000006
1.9520239999999873,-84.34443000000003
1.599999999956857e-05,-82.17479000000006
0.005616000000001287,-81.9741399999998
0.016816000000004723,-81.56527000000003
0.039215999999988434,-80.40314999999998
0.08401600000000217,-74.84683999999997
0.1400159999999962,-59.98717000000009
0.1960159999999902,-36.51658999999996
0.2520160000000074,-6.556030000000046
0.2576160000000091,-3.221659999999904
0.2688159999999894,3.5011700000000534
0.29121599999999626,16.92114
0.33601600000001,41.3973299999999
0.39201600000000403,64.93371999999997
0.448015999999998,80.03205999999996
0.504015999999992,88.24409999999983
0.5600160000000092,91.77312000000003
0.6160160000000032,92.48243000000001
0.6720159999999973,91.58621
0.7280159999999912,89.77676999999984
0.7840160000000085,87.45386999999982
0.8400160000000024,84.87398000000002
0.8960159999999965,82.21243
0.9520159999999905,79.58427999999995
1.0000080000000027,77.4113900000002
1.0056080000000045,77.21033999999993
1.016808000000008,76.80058000000001
1.0392079999999915,75.63569999999986
1.0840080000000052,70.06935000000003
1.1400079999999992,55.19287999999989
1.1960079999999933,31.711470000000077
1.2520079999999874,1.7556899999999764
1.257607999999989,-1.5771599999998553
1.2688079999999924,-8.296769999999842
1.2912079999999995,-21.70980999999994
1.3360079999999899,-46.17384999999996
1.392008000000007,-69.70167000000016
1.448008000000001,-84.79850999999994
1.5040079999999951,-93.01307000000003
1.5600079999999892,-96.54566000000008
1.6160080000000063,-97.25799000000012
1.6720080000000004,-96.36387999999995
1.7280079999999944,-94.55582000000007
1.7840079999999885,-92.23391999999997
1.8400080000000056,-89.65487999999988
1.8960079999999997,-86.99418999999997
1.9520079999999935,-84.36706000000017
0.008007999999987633,-81.84265999999995
0.06400800000000481,-79.45793999999995
0.12000799999999882,-77.2302199999999
0.17600799999999284,-75.16495999999995
0.23200800000001,-73.26080999999985
0.28800800000000404,-71.51201000000017
0.34400799999999804,-69.9104799999999
0.4000079999999921,-68.44666999999993
0.45600800000000924,-67.11069999999997
0.5120080000000032,-65.89255000000006
0.5680079999999973,-64.78270000000008
0.6240079999999913,-63.77198000000006
0.6800080000000085,-62.85192999999989
0.7360080000000025,-62.01456000000016
0.7920079999999965,-61.25263000000003
0.8480079999999905,-60.55937
0.9040080000000077,-59.92869999999995
0.9600080000000017,-59.35492000000009
1.0160079999999958,-58.832980000000035
1.0720079999999899,-58.35816000000005
1.128008000000007,-57.926219999999915
1.184008000000001,-57.53326999999997
1.240007999999995,-57.17581000000016
1.296007999999989,-56.85060999999991
1.352008000000006,-56.55476999999998
1.4080080000000001,-56.28561999999992
1.4640079999999942,-56.04075999999991
1.5200079999999883,-55.81796999999988
1.5760080000000054,-55.61528999999999
1.6320079999999995,-55.430879999999846
1.6880079999999935,-55.26310000000012
1.7440079999999873,-55.110419999999884
1.8000080000000047,-54.97152999999999
1.8560079999999985,-54.84512999999991
1.9120079999999926,-54.73012999999982
1.9680080000000097,-54.62547000000018
1.9999839999999889,-54.570039999999985
0.005583999999990569,-54.60631999999998
0.016783999999994005,-54.66828000000001
0.03918400000000088,-54.428279999999994
0.08398399999999145,-50.633850000000095
0.13998400000000863,-37.831100000000006
0.19598400000000266,-16.279820000000058
0.25198399999999666,11.879669999999898
0.25758399999999837,15.040869999999984
0.2687840000000018,21.420009999999934
0.2911840000000087,34.16970000000008
0.3359839999999993,57.37744
0.3919839999999933,79.4640499999999
0.44798399999998734,93.25530000000003
0.5039840000000045,100.28536
0.5599839999999985,102.74001
0.6159839999999925,102.46948999999984
0.6719840000000097,100.67861999999982
0.7279840000000037,98.05270999999993
0.7839839999999977,94.98534000000004
0.8399839999999917,91.72719000000006
0.8959840000000089,88.44799999999987
0.9519840000000029,85.25767000000006
1.0079839999999969,82.22050000000003
1.063983999999991,79.36913000000013
1.119984000000008,76.71677
1.1759840000000021,74.2651700000001
1.2319839999999962,72.0096400000001
1.2879839999999902,69.94148
1.3439840000000074,68.04962000000003
1.3999840000000014,66.32168000000016
1.4559839999999955,64.74533999999998
1.5119839999999893,63.30846000000001
1.5679840000000067,61.999579999999945
1.6239840000000005,60.80781000000002
1.6799839999999946,59.723060000000046
1.7359839999999886,58.735900000000065
1.7919840000000058,57.83775000000002
1.8479839999999998,57.02061999999985
1.903983999999994,56.27729999999986
1.959983999999988,55.601110000000006
0.01598400000000508,54.98603999999996
0.0719839999999991,54.42656000000001
0.1279839999999931,53.91767000000014
0.1839840000000103,53.454759999999936
0.2399840000000043,53.03371000000001
0.2959839999999983,52.65070999999999
0.35198399999999236,52.30234
0.4079840000000095,51.98543999999994
0.46398400000000356,51.69720999999994
0.5199839999999976,51.43501000000006
0.5759839999999916,51.19651000000003
0.6319840000000088,50.979559999999815
0.6879840000000028,50.78223000000004
0.7439839999999968,50.60271000000016
0.7999839999999908,50.43943999999989
0.855984000000008,50.29090999999997
0.911984000000002,50.15579999999997
0.9679839999999961,50.0329100000001
1.000015999999993,49.96771
1.0056159999999945,50.00234999999997
1.016815999999998,50.06094000000005
1.0392160000000048,49.81353999999993
1.0840159999999954,46.00158999999992
1.1400159999999895,33.17698999999985
1.1960160000000066,11.61367000000002
1.2520160000000007,-16.541600000000045
1.2576160000000025,-19.70142000000008
1.268816000000006,-26.077670000000055
1.2912159999999895,-38.82131000000011
1.3360160000000032,-62.01973999999999
1.3920159999999973,-84.10311999999998
1.4480159999999913,-97.89935999999999
1.5040160000000085,-104.93865000000002
1.5600160000000025,-107.40349999999998
1.6160159999999966,-107.14245
1.6720159999999906,-105.35989000000012
1.7280160000000078,-102.7414499999999
1.7840160000000018,-99.68093999999982
1.8400159999999959,-96.42904000000007
1.8960159999999897,-93.15562000000011
1.952016000000007,-89.97060000000002
7.999999995984425e-06,-87.36063000000004
0.0056079999999977025,-87.11116000000007
0.016808000000001138,-86.60561000000011
0.03920800000000801,-85.25614000000003
0.0840079999999986,-79.34733999999999
0.1400079999999926,-64.0836600000001
0.19600800000000979,-40.24420000000006
0.2520080000000038,-9.944110000000173
0.2576080000000055,-6.577349999999926
0.268808000000009,0.2097100000000296
0.2912079999999927,13.754769999999805
0.3360080000000064,38.46676000000016
0.3920080000000004,62.27171999999981
0.44800799999999447,77.61219999999992
0.5040079999999885,86.04338999999995
0.5600080000000056,89.77156999999991
0.6160079999999997,90.66237
0.6720079999999937,89.93166999999991
0.7280079999999877,88.27317000000012
0.7840080000000049,86.08782000000015
0.8400079999999989,83.63322000000007
0.8960079999999929,81.0857599999999
0.9520080000000101,78.56145000000004
1.008008000000004,76.1303900000001
1.064007999999998,73.83044999999998
1.1200079999999921,71.67983000000011
1.1760080000000093,69.68488000000006
1.2320080000000033,67.8447900000001
1.2880079999999974,66.15416999999991
1.3440079999999914,64.60540000000003
1.4000080000000086,63.189440000000154
1.4560080000000026,61.89688999999987
1.5120079999999965,60.718220000000045
1.5680079999999905,59.64426999999994
1.6240080000000077,58.66623999999998
1.6800080000000017,57.77594999999991
1.7360079999999958,56.96570999999984
1.7920079999999898,56.22851999999989
1.848008000000007,55.55783999999986
1.904008000000001,54.947750000000184
1.960007999999995,54.392790000000076
1.9999920000000022,54.02767999999991
0.005592000000003924,54.02435999999988
0.01679200000000736,54.00779
0.03919199999999107,53.61463
0.08399200000000481,49.528510000000026
0.13999199999999884,36.38973999999995
0.19599199999999284,14.53802999999998
0.25199200000001004,-13.884070000000026
0.2575919999999886,-17.069339999999933
0.26879199999999204,-23.49603999999994
0.2911919999999989,-36.33778999999993
0.33599200000000107,-59.72058000000003
0.3919920000000182,-82.01300000000012
0.44799200000001227,-95.99698999999995
0.5039920000000062,-103.20584999999993
0.5599920000000003,-105.82473000000014
0.6159920000000174,-105.7040199999999
0.6719920000000115,-104.04948000000003
0.7279920000000055,-101.54777000000004
0.7839919999999995,-98.59358999999989
0.8399920000000167,-95.43853999999996
0.8959920000000107,-92.25323000000007
0.9519920000000047,-89.14830000000018
1.007992000000022,-86.1889600000001
1.0639920000000158,-83.40870000000011
1.1199920000000099,-80.82135000000012
1.175992000000004,-78.42908000000004
1.231992000000021,-76.22753000000016
1.2879920000000151,-74.20826000000002
1.3439920000000092,-72.36071000000011
1.3999920000000032,-70.67313000000009
1.4559920000000204,-69.13360999999996
1.5119920000000144,-67.73030999999996
1.5679920000000085,-66.45201999999983
1.6239920000000023,-65.28807999999997
1.6799920000000197,-64.22861999999996
1.7359920000000135,-63.26441999999987
1.7919920000000076,-62.387090000000086
1.8479920000000016,-61.588839999999976
1.9039920000000188,-60.86261999999998
1.9599920000000128,-60.20190999999997
1.99997600000002,-59.76715999999982
0.005576000000021726,-59.754529999999974
0.016776000000002,-59.71963000000002
0.03917600000000887,-59.291760000000025
0.08397599999999945,-55.144230000000015
0.13997600000001664,-41.937619999999896
0.19597600000001064,-20.016419999999925
0.25197600000000464,8.485180000000092
0.2575760000000064,11.679029999999813
0.26877600000000984,18.12289999999983
0.2911760000000167,30.99844999999979
0.33597600000000727,54.44309999999986
0.39197600000000127,76.79895000000015
0.44797600000001847,90.83262999999997
0.5039760000000125,98.08214000000004
0.5599760000000065,100.73637999999985
0.6159760000000005,100.64793999999999
0.6719760000000177,99.02323999999996
0.7279760000000117,96.54890999999988
0.7839760000000058,93.61971999999996
0.8399759999999997,90.48743000000003
0.895976000000017,87.32285000000006
0.9519760000000109,84.23681999999988
1.0079760000000049,81.29458000000001
1.0639760000000222,78.52956
1.119976000000016,75.95576999999997
1.1759760000000101,73.57565
1.2319760000000042,71.38511999999997
1.2879760000000213,69.37610000000016
1.3439760000000154,67.53802999999992
1.3999760000000094,65.85901999999999
1.4559760000000035,64.32721000000008
1.5119760000000206,62.93084000000015
1.5679760000000147,61.65882000000011
1.6239760000000085,60.50058999999997
1.6799760000000026,59.44636000000014
1.7359760000000197,58.48699000000002
1.7919760000000138,57.61411000000005
1.8479760000000078,56.81998999999993
1.903976000000002,56.09759999999997
1.959976000000019,55.44046999999996
0.015976000000013077,54.84275999999988
0.07197600000000709,54.299050000000015
0.12797600000000112,53.80454000000001
0.1839760000000183,53.354710000000026
0.23997600000001232,52.94558000000005
0.29597600000000635,52.57343000000003
0.35197600000000034,52.23493000000001
0.40797600000001755,51.927030000000094
0.46397600000001155,51.6469799999999
0.5199760000000055,51.39223000000004
0.5759759999999996,51.16052999999998
0.6319760000000167,50.949770000000115
0.6879760000000108,50.75805999999994
0.7439760000000047,50.58368000000013
0.799976000000022,50.4250799999999
0.855976000000016,50.280809999999846
0.91197600000001,50.14959000000019
0.967976000000004,50.03022999999995
1.000008000000001,49.96690999999998
1.0056080000000025,50.001860000000065
1.016808000000006,50.06108000000009
1.0392080000000128,49.81491000000005
1.0840080000000034,46.00530000000003
1.1400080000000206,33.18340999999991
1.1960080000000146,11.62255000000001
1.2520080000000087,-16.530540000000205
1.2576080000000105,-19.6901599999999
1.268808000000014,-26.066000000000145
1.2912080000000208,-38.80886000000005
1.3360080000000112,-62.00575999999991
1.3920080000000052,-84.08733999999995
1.4480079999999993,-97.8819099999999
1.5040080000000164,-104.91966000000019
1.5600080000000105,-107.38312999999988
1.6160080000000046,-107.1207999999999
1.6720080000000217,-105.33709999999985
1.7280080000000158,-102.71764000000006
1.7840080000000098,-99.65620000000008
1.8400080000000039,-96.40346000000011
1.896008000000021,-93.12927999999987
1.952008000000015,-89.94356999999997
3.980806697911446e-15,-87.33305999999996
0.0056000000000056985,-87.08352000000019
0.016800000000009134,-86.57784999999984
0.03920000000001601,-85.22813000000018
0.08400000000000658,-79.31884
0.1400000000000006,-64.05455999999998
0.19600000000001777,-40.214609999999816
0.2520000000000118,-9.914200000000095
0.25760000000001354,-6.5474199999999705
0.26880000000001697,0.23967999999996437
0.2912000000000007,13.784820000000142
0.3360000000000144,38.49696999999996
0.3920000000000084,62.302140000000115
0.44800000000000245,77.64289000000014
0.5040000000000197,86.07440999999993
0.5600000000000136,89.80290999999995
0.6160000000000077,90.69398999999989
0.6720000000000017,89.96358000000004
0.7280000000000189,88.30532999999986
0.7840000000000129,86.12021999999997
0.8400000000000069,83.66582999999994
0.8960000000000009,81.11854000000007
0.952000000000018,78.59441999999994
1.008000000000012,76.16352000000015
1.064000000000006,73.86371999999986
1.12,71.71324000000001
1.1760000000000173,69.71842000000007
1.2320000000000113,67.87843999999987
1.2880000000000054,66.18791999999996
1.3439999999999994,64.63926000000009
1.4000000000000166,63.22338999999988
1.4560000000000106,61.93093999999988
1.5120000000000047,60.75235000000001
1.5680000000000218,59.67847000000015
1.6240000000000159,58.70050999999998
1.6800000000000097,57.81028999999993
1.7360000000000038,57.000120000000095
1.792000000000021,56.262990000000016
1.848000000000015,55.59234999999995
1.904000000000009,54.982329999999855
1.960000000000003,54.42742000000011
0.01600000000002021,53.92270999999993
0.07200000000001423,53.46362999999998
0.12800000000000825,53.04610999999993
0.18400000000000227,52.666330000000094
0.24000000000001945,52.32093999999998
0.2960000000000135,52.00677999999992
0.3520000000000075,51.72105000000005
0.4080000000000015,51.46116999999983
0.4640000000000187,51.2248099999999
0.5200000000000127,51.00981999999998
0.5760000000000067,50.81428999999993
0.6320000000000007,50.636440000000114
0.6880000000000179,50.4747000000001
0.7440000000000119,50.32758000000004
0.8000000000000059,50.193779999999855
0.856,50.07208000000007
0.9120000000000171,49.961399999999934
0.9680000000000112,49.86073999999996
0.9999760000000133,49.80743999999993
1.0055760000000151,49.84405000000014
1.0167760000000186,49.90657999999981
1.039176000000002,49.66683999999999
1.0839760000000158,45.86935000000003
1.1399760000000099,33.061350000000104
1.195976000000004,11.513250000000141
1.251976000000021,-16.628059999999945
1.2575759999999996,-19.78656000000001
1.2687760000000032,-26.160179999999976
1.29117600000001,-38.89872000000017
1.3359760000000005,-62.08747999999997
1.3919760000000179,-84.15978999999996
1.4479760000000117,-97.94598999999992
1.5039760000000058,-104.97616999999981
1.5599759999999998,-107.43276000000002
1.615976000000017,-107.1641699999999
1.671976000000011,-105.37478
1.727976000000005,-102.75013
1.7839760000000222,-99.68394999999997
1.8399760000000163,-96.42692000000008
1.8959760000000103,-93.14883000000007
1.9519760000000042,-89.95953999999995
2.400000001111433e-05,-87.34324999999998
0.005624000000012832,-87.09342999999991
0.016824000000016267,-86.58717999999999
0.03922399999999998,-85.23634000000003
0.08402400000001373,-79.32493000000007
0.14002400000000773,-64.05824999999999
0.19602400000000175,-40.21614000000007
0.25202400000001896,-9.913810000000023
0.25762400000002067,-6.546860000000043
0.26882400000000095,0.24060000000014625
0.2912240000000078,13.786410000000027
0.3360240000000215,38.49984000000006
0.3920240000000156,62.30650000000004
0.4480240000000096,77.64866000000015
0.5040240000000036,86.08145999999994
0.5600240000000207,89.81117000000016
0.6160240000000148,90.70336
0.6720240000000088,89.97396000000002
0.7280240000000028,88.31663
0.78402400000002,86.13236000000013
0.840024000000014,83.67872999999992
0.896024000000008,81.13216000000011
0.9520240000000021,78.60866999999993
1.0080240000000191,76.17835999999988
1.0640240000000132,73.87908999999992
1.1200240000000072,71.72909999999999
1.1760240000000013,69.73472000000002
1.2320240000000184,67.89515000000002
1.2880240000000125,66.20499999999984
1.3440240000000065,64.65668000000014
1.4000240000000006,63.24112999999998
1.4560240000000177,61.948960000000056
1.5120240000000118,60.77062999999994
1.5680240000000056,59.69699999999989
1.6240239999999997,58.71925999999994
1.6800240000000168,57.829250000000165
1.736024000000011,57.01926999999984
1.792024000000005,56.28230000000012
1.848024000000022,55.61184000000008
1.9040240000000161,55.00194999999985
1.9600240000000102,54.447189999999864
0.016024000000004184,53.94260000000006
0.07202400000002136,53.48364000000005
0.12802400000001538,53.06621999999983
0.1840240000000094,52.68655
0.2400240000000034,52.34125
0.2960240000000206,52.027170000000126
0.3520240000000146,51.74153000000015
0.4080240000000086,51.481710000000014
0.46402400000000266,51.245419999999875
0.5200240000000198,51.030499999999975
0.5760240000000139,50.83503
0.6320240000000078,50.657240000000044
0.6880240000000019,50.495540000000005
0.744024000000019,50.34847000000009
0.8000240000000131,50.21472000000004
0.8560240000000071,50.09306999999996
0.9120240000000011,49.98243999999996
0.9680240000000183,49.88181000000003
1.0240240000000123,49.79030999999989
1.0800240000000063,49.707079999999905
1.1360240000000004,49.63140999999993
1.1920240000000175,49.56258999999985
1.2480240000000116,49.49999999999988
1.3040240000000056,49.44309999999996
1.3600239999999995,49.39135999999999
1.4160240000000168,49.34431999999988
1.4720240000000107,49.30155000000003
1.5280240000000047,49.262659999999904
1.5840240000000219,49.2273299999999
1.640024000000016,49.19519999999999
1.69602400000001,49.16600000000004
1.752024000000004,49.139459999999914
1.8080240000000212,49.11535000000011
1.8640240000000152,49.09344999999998
1.9200240000000093,49.07354999999991
1.9760240000000033,49.05538999999992
0.03202400000002041,49.03868
0.08802400000001442,49.02333999999997
0.14402400000000845,49.00945000000001
0.20002400000000248,48.99691000000006
0.2560240000000196,48.98561000000012
0.3120240000000137,48.97541999999988
0.3680240000000077,48.966220000000064
0.4240240000000017,48.95789000000006
0.4800240000000189,48.95036000000008
0.5360240000000129,48.943560000000105
0.5920240000000069,48.93739000000008
0.6480240000000009,48.93181999999996
0.7040240000000181,48.92678999999988
0.7600240000000121,48.92224
0.8160240000000062,48.91815
0.8720240000000001,48.91444000000011
0.9280240000000173,48.91111000000015
0.9840240000000113,48.90810999999995
1.0400240000000054,48.905410000000145
1.0960239999999994,48.90298999999998
1.1520240000000166,48.90080999999991
1.2080240000000106,48.89887000000015
1.2640240000000047,48.89713000000007
1.3200240000000218,48.89558000000016
1.376024000000016,48.89421000000005
1.4320240000000097,48.89298999999991
1.4880240000000038,48.89191000000004
1.544024000000021,48.89096999999998
1.600024000000015,48.8901300000002
1.656024000000009,48.88940999999991
1.712024000000003,48.88879000000013
1.7680240000000202,48.88826000000002
1.8240240000000143,48.88781000000009
1.8800240000000084,48.88742999999995
1.9360240000000022,48.88712000000006
1.9920240000000196,48.8868699999998
0.04802400000001348,48.88667999999985
0.1040240000000075,48.88653999999981
0.16002400000000153,48.88643999999998
0.2160240000000187,48.886390000000056
0.2720240000000127,48.886379999999896
0.32802400000000675,48.886390000000056
0.38402400000000075,48.88645000000014
0.4400240000000179,48.88653000000009
0.49602400000001196,48.88664000000009
0.552024000000006,48.88678000000013
0.608024,48.886929999999886
0.6640240000000172,48.88709999999996
0.7200240000000112,48.887299999999854
0.7760240000000052,48.887510000000134
0.8320239999999992,48.887740000000065
0.8880240000000164,48.88797999999994
0.9440240000000104,48.88822999999998
1.0000240000000045,48.888500000000114
1.0560240000000216,48.88877999999997
1.1120240000000157,48.889069999999975
1.1680240000000097,48.889359999999996
1.2240240000000036,48.88966999999988
1.280024000000021,48.88998
1.3360240000000148,48.89030000000005
1.3920240000000088,48.890620000000105
1.4480240000000029,48.890960000000035
1.50402400000002,48.89129000000003
1.560024000000014,48.89164000000012
1.6160240000000081,48.89198000000006
1.6720240000000022,48.89233000000015
1.7280240000000193,48.8926799999998
1.7840240000000134,48.893050000000216
1.8400240000000074,48.893399999999865
1.8960240000000013,48.89376999999983
1.9520240000000184,48.89414000000003
1.6000000007530183e-05,48.89446000000008
0.005616000000009248,48.94011999999992
0.016816000000012685,49.02054999999983
0.039216000000019555,48.81559999999996
0.08401600000001014,45.08374999999987
0.14001600000000416,32.3511299999999
0.19601600000002134,10.872129999999869
0.25201600000001534,-17.205520000000085
0.25761600000001705,-20.35794999999996
0.2688160000000205,-26.719560000000087
0.2912160000000042,-39.43477999999989
0.33601600000001797,-62.579669999999865
0.39201600000001197,-84.60214999999982
0.44801600000000597,-98.34349999999992
0.504016,-105.33310000000017
0.5600160000000172,-107.7528000000001
0.6160160000000112,-107.45061000000011
0.6720160000000052,-105.63055999999982
0.7280159999999992,-102.97796999999997
0.7840160000000164,-99.88635000000001
0.8400160000000104,-96.60614000000001
0.8960160000000045,-93.30695000000011
0.9520160000000216,-90.09845999999987
1.0000080000000107,-87.47006999999995
1.0056080000000123,-87.21855000000001
1.0168080000000157,-86.70895
1.0392079999999995,-85.35158999999992
1.0840080000000132,-79.42788000000012
1.1400080000000072,-64.14706999999997
1.1960080000000013,-40.29206000000008
1.2520080000000184,-9.977930000000024
1.2576080000000203,-6.609869999999907
1.2688080000000004,0.17980999999989145
1.2912080000000072,13.729940000000163
1.336008000000021,38.4515299999999
1.392008000000015,62.267569999999935
1.448008000000009,77.61826999999988
1.5040080000000031,86.05887999999995
1.5600080000000203,89.79569000000009
1.6160080000000143,90.69436000000009
1.6720080000000084,89.97085999999999
1.7280080000000024,88.31890999999992
1.7840080000000196,86.13951999999992
1.8400080000000136,83.69033999999998
1.8960080000000075,81.14781000000005
1.9520080000000015,78.62801000000007
0.008008000000018755,76.20106000000004
0.06400800000001278,73.9049599999999
0.12000800000000679,71.75802000000009
0.1760080000000008,69.76634999999986
0.23200800000001798,67.92902000000001
0.288008000000012,66.24085000000002
0.34400800000000603,64.69430999999992
0.40000800000000003,63.28042000000011
0.45600800000001723,61.989800000000095
0.5120080000000112,60.81289000000001
0.5680080000000053,59.74057999999993
0.6240079999999992,58.764049999999955
0.6800080000000165,57.8751500000001
0.7360080000000104,57.066180000000074
0.7920080000000045,56.33014999999997
0.8480080000000216,55.66052999999993
0.9040080000000157,55.05143000000001
0.9600080000000097,54.49736999999999
1.0160080000000038,53.99343999999995
1.072008000000021,53.535079999999844
1.128008000000015,53.118210000000055
1.1840080000000088,52.739040000000074
1.2400080000000029,52.39419000000001
1.29600800000002,52.08054999999989
1.352008000000014,51.79529999999999
1.4080080000000081,51.53584000000011
1.4640080000000022,51.29987000000003
1.5200080000000193,51.08524999999986
1.5760080000000134,50.890069999999895
1.6320080000000075,50.71252999999998
1.6880080000000015,50.55108000000019
1.7440080000000187,50.40422000000011
1.8000080000000125,50.27067000000018
1.8560080000000065,50.149199999999894
1.9120080000000006,50.03873999999997
1.9680080000000177,49.93827999999989
0.024008000000011825,49.84691000000008
0.08000800000000584,49.76383000000006
0.13600799999999985,49.68828000000003
0.19200800000001703,49.619579999999885
0.24800800000001105,49.55711000000007
0.30400800000000505,49.50030999999999
0.36000800000002225,49.448670000000085
0.41600800000001625,49.40171000000015
0.4720080000000103,49.35902000000003
0.5280080000000043,49.32022000000003
0.5840080000000215,49.28494999999988
0.6400080000000155,49.252889999999994
0.6960080000000095,49.22376000000006
0.7520080000000036,49.197280000000006
0.8080080000000207,49.17323000000007
0.8640080000000148,49.151380000000074
0.9200080000000087,49.13151999999998
0.9760080000000028,49.11341999999985
0.999976,49.10613999999991
1.0055760000000016,49.150110000000026
1.016776000000005,49.227179999999926
1.0391760000000119,49.015699999999995
1.0839760000000025,45.27152000000001
1.1399760000000196,32.524730000000005
1.1959760000000137,11.032670000000078
1.2519760000000077,-17.057069999999896
1.2575760000000094,-20.210669999999986
1.268776000000013,-26.574579999999905
1.2911760000000199,-39.29424999999998
1.3359760000000103,-62.447479999999885
1.3919760000000043,-84.47932999999996
1.4479760000000215,-98.22898999999995
1.5039760000000155,-105.22604000000003
1.5599760000000096,-107.65248000000005
1.6159760000000036,-107.35640999999995
1.6719760000000208,-105.54196999999999
1.7279760000000148,-102.8944999999999
1.7839760000000089,-99.80754000000003
1.8399760000000027,-96.53159000000011
1.89597600000002,-93.23627999999995
1.951976000000014,-90.03132999999997
2.40000000208854e-05,-87.40272000000004
0.005623999999999442,-87.1515300000001
0.01682400000000288,-86.64258000000014
0.03922400000000975,-85.28647000000001
0.08402400000000033,-79.36509000000002
0.1400240000000175,-64.08692000000005
0.19602400000001152,-40.23434999999998
0.2520240000000055,-9.922599999999893
0.25762400000000724,-6.554759999999993
0.2688240000000107,0.23444999999999716
0.2912240000000176,13.783659999999864
0.33602400000000815,38.50353000000006
0.39202400000000215,62.31765
0.44802400000001935,77.66666
0.5040240000000134,86.10574999999999
0.5600240000000074,89.8411899999998
0.6160240000000013,90.73861000000005
0.6720240000000186,90.0139499999999
0.7280240000000125,88.36091999999995
0.7840240000000066,86.18054999999991
0.8400240000000007,83.73048000000006
0.8960240000000178,81.18711000000012
0.9520240000000119,78.66655000000011
1.0080240000000058,76.23888999999994
1.0640239999999999,73.94216000000009
1.120024000000017,71.79463000000008
1.176024000000011,69.80242999999997
1.2320240000000051,67.96462000000014
1.2880240000000223,66.276
1.3440240000000163,64.72904999999996
1.4000240000000104,63.31478000000001
1.4560240000000042,62.023820000000065
1.5120240000000216,60.84661000000003
1.5680240000000154,59.77400999999993
1.6240240000000095,58.79721000000004
1.6800240000000035,57.90805999999993
1.7360240000000207,57.09887000000013
1.7920240000000147,56.36263999999991
1.8480240000000088,55.692829999999915
1.9040240000000028,55.08355999999992
1.96002400000002,54.529340000000204
0.016024000000013954,54.02527000000013
0.07202400000000797,53.566769999999984
0.128024000000002,53.149769999999876
0.18402400000001917,52.770490000000116
0.24002400000001317,52.42554999999993
0.2960240000000072,52.11179999999982
0.3520240000000012,51.82645000000008
0.40802400000001837,51.56691000000002
0.4640240000000124,51.33087000000014
0.5200240000000065,51.11617000000002
0.5760240000000004,50.92092000000004
0.6320240000000176,50.74331000000009
0.6880240000000116,50.58180000000001
0.7440240000000057,50.43489000000001
0.8000239999999996,50.301280000000006
0.8560240000000169,50.179769999999955
0.9120240000000108,50.06925999999989
0.9680240000000049,49.96874999999989
1.000000000000007,49.91553999999998
1.0056000000000087,49.95217000000007
1.0168000000000121,50.01473000000001
1.039200000000019,49.77505999999998
1.0840000000000096,45.97779000000002
1.1400000000000037,33.17005000000006
1.1960000000000208,11.621939999999942
1.2520000000000149,-16.519739999999892
1.2576000000000167,-19.678300000000036
1.2688000000000201,-26.052030000000002
1.2912000000000037,-38.790799999999905
1.3360000000000174,-61.979919999999964
1.3920000000000115,-84.0523999999998
1.4480000000000055,-97.83849999999994
1.5039999999999996,-104.86843999999995
1.5600000000000167,-107.32472999999997
1.6160000000000108,-107.05589000000005
1.6720000000000048,-105.26626999999999
1.728000000000022,-102.6414499999999
1.784000000000016,-99.57514
1.8400000000000098,-96.31800000000013
1.896000000000004,-93.03981000000006
1.952000000000021,-89.85046000000008
0.008000000000015172,-86.81421999999995
0.06400000000000919,-83.96384
0.1200000000000032,-81.31267999999992
0.1760000000000204,-78.86247000000002
0.2320000000000144,-76.60825999999999
0.2880000000000084,-74.54108999999987
0.3440000000000024,-72.64996999999984
0.4000000000000196,-70.92274999999981
0.4560000000000136,-69.34712999999992
0.5120000000000077,-67.91100000000006
0.5680000000000016,-66.60283000000011
0.6240000000000189,-65.41170000000007
0.6800000000000128,-64.32749000000015
0.7360000000000069,-63.340759999999996
0.7920000000000009,-62.44293999999995
0.8480000000000181,-61.62603
0.9040000000000121,-60.88282999999994
0.9600000000000061,-60.20665999999997
0.9999840000000133,-59.76173000000018
1.005584000000015,-59.747740000000164
1.0167840000000183,-59.71012999999981
1.039184000000002,-59.276979999999924
1.0839840000000158,-55.11938000000005
1.1399840000000099,-41.901140000000005
1.195984000000004,-19.969480000000097
1.251984000000021,8.541369999999882
1.2575839999999996,11.736060000000048
1.268784000000003,18.18160999999985
1.2911840000000099,31.060459999999956
1.3359840000000005,54.51135000000007
1.3919840000000177,76.87457999999991
1.4479840000000117,90.91519000000004
1.5039840000000058,98.17111999999995
1.5599839999999998,100.83126000000009
1.615984000000017,100.74814999999981
1.671984000000011,99.12830000000005
1.727984000000005,96.65834000000007
1.7839840000000222,93.73308999999996
1.8399840000000163,90.60438999999998
1.89598400000001,87.44304000000014
1.9519840000000042,84.35995000000007
0.007984000000021394,81.42037999999997
0.06398400000001542,78.6577799999999
0.11998400000000943,76.08619000000006
0.17598400000000344,73.70816999999997
0.23198400000002062,71.51974000000006
0.2879840000000146,69.51254000000007
0.34398400000000867,67.67590999999994
0.39998400000000267,65.99814000000003
0.4559840000000199,64.46744000000004
0.5119840000000139,63.072129999999895
0.5679840000000079,61.801109999999994
0.6239840000000019,60.64379000000009
0.6799840000000191,59.590419999999924
0.7359840000000131,58.63182999999994
0.7919840000000071,57.75967999999998
0.8479840000000012,56.96621000000013
0.9039840000000183,56.24443000000001
0.9599840000000124,55.587849999999996
1.0159840000000064,54.99063999999998
1.0719840000000003,54.44740999999986
1.1279840000000176,53.95331999999997
1.1839840000000115,53.50388000000006
1.2399840000000055,53.09509999999995
1.2959839999999996,52.723269999999985
1.3519840000000167,52.38506999999992
1.4079840000000108,52.07744000000014
1.4639840000000048,51.79763999999998
1.519984000000022,51.54312000000005
1.575984000000016,51.31162000000011
1.63198400000001,51.10104999999998
1.6879840000000041,50.90952999999998
1.7439840000000213,50.735299999999924
1.7999840000000151,50.57685000000012
1.8559840000000092,50.43271000000016
1.9119840000000032,50.301620000000156
1.9679840000000204,50.18236999999992
0.023984000000014463,50.073919999999994
0.07998400000000848,49.97526000000008
0.1359840000000025,49.885549999999945
0.19198400000001967,49.80395000000004
0.2479840000000137,49.72973999999986
0.3039840000000077,49.66224999999991
0.35998400000000175,49.60088000000007
0.4159840000000189,49.54505000000009
0.47198400000001295,49.49429999999988
0.5279840000000069,49.44815000000013
0.583984000000001,49.40617999999986
0.6399840000000181,49.36801999999996
0.6959840000000121,49.333350000000166
0.7519840000000062,49.30181
0.8079840000000001,49.27313999999994
0.8639840000000174,49.24708
0.9199840000000113,49.223409999999966
0.9759840000000054,49.20188000000003
1.0000080000000204,49.193280000000115
1.005608000000022,49.23695000000006
1.0168080000000024,49.31342999999999
1.0392080000000092,49.10079999999994
1.0840079999999999,45.35438999999997
1.140008000000017,32.60496999999995
1.196008000000011,11.110339999999885
1.2520080000000051,-16.98195999999985
1.2576080000000067,-20.135809999999978
1.2688080000000101,-26.500219999999963
1.291208000000017,-39.22085999999992
1.3360080000000076,-62.37588999999999
1.3920080000000017,-84.40965
1.4480080000000188,-98.16091999999999
1.504008000000013,-105.15933
1.560008000000007,-107.58699999999988
1.616008000000001,-107.29205000000009
1.6720080000000181,-105.47863000000012
1.7280080000000122,-102.83211000000003
1.784008000000006,-99.74605000000003
1.840008,-96.47092000000002
1.8960080000000172,-93.17635999999996
1.9520080000000113,-89.97210999999994
3.618915179919496e-16,-87.34704000000005
0.00560000000000208,-87.09589000000007
0.016800000000005515,-86.58702000000007
0.039200000000012385,-85.23106000000014
0.08400000000000298,-79.30988000000005
0.14000000000002014,-64.03186000000005
0.19600000000001416,-40.179479999999934
0.25200000000000816,-9.868049999999906
0.2576000000000099,-6.5002600000001465
0.26880000000001336,0.2888599999999464
0.2912000000000202,13.83790000000018
0.3360000000000108,38.55746000000004
0.3920000000000048,62.371289999999966
0.448000000000022,77.72009999999985
0.504000000000016,86.15905999999995
0.56000000000001,89.89439999999993
0.616000000000004,90.79172999999984
0.6720000000000212,90.06696000000014
0.7280000000000152,88.41383000000013
0.7840000000000092,86.2333500000001
0.8400000000000033,83.78316000000008
0.8960000000000204,81.23970000000003
0.9520000000000145,78.71903000000002
1.0080000000000084,76.29126000000008
1.0640000000000025,73.99442999999994
1.1200000000000196,71.84681000000003
1.1760000000000137,69.85450999999986
1.2320000000000078,68.01659999999998
1.2880000000000018,66.32788999999994
1.344000000000019,64.78086999999988
1.400000000000013,63.36652999999992
1.4560000000000068,62.07549999999995
1.512000000000001,60.898220000000116
1.568000000000018,59.825570000000106
1.624000000000012,58.84871000000014
1.6800000000000062,57.95949999999994
1.7360000000000002,57.15026000000001
1.7920000000000174,56.41397000000015
1.8480000000000114,55.74411999999995
1.9040000000000055,55.13480000000004
1.9600000000000226,54.58052999999996
1.9999840000000066,54.215890000000044
0.005584000000008301,54.2126300000001
0.016784000000011737,54.19619000000009
0.03918400000001861,53.8033
0.08398400000000919,49.717869999999834
0.13998400000000322,36.57989000000006
0.1959840000000204,14.72854999999984
0.2519840000000144,-13.693850000000118
0.25758400000001613,-16.879179999999884
0.26878400000001956,-23.30602000000015
0.2911840000000033,-36.148030000000105
0.335984000000017,-59.53121000000006
0.39198400000001105,-81.82364000000008
0.44798400000000504,-95.80720999999981
0.5039840000000222,-103.01545999999995
0.5599840000000162,-105.63368999999989
0.6159840000000103,-105.51239000000012
0.6719840000000042,-103.8573599999999
0.7279840000000215,-101.35526000000006
0.7839840000000154,-98.40077000000002
0.8399840000000095,-95.24547000000005
0.8959840000000036,-92.05995000000011
0.9519840000000207,-88.95483000000004
1.0079840000000146,-85.99528000000012
1.0639840000000087,-83.21478000000005
1.1199840000000028,-80.6272400000001
1.17598400000002,-78.23489000000006
1.231984000000014,-76.03329999999997
1.287984000000008,-74.01399000000009
1.343984000000002,-72.16639999999997
1.3999840000000192,-70.47875000000015
1.4559840000000133,-68.93916999999993
1.511984000000007,-67.53580999999986
1.5679840000000012,-66.2574600000001
1.6239840000000183,-65.09344999999999
1.6799840000000124,-64.03392999999991
1.7359840000000064,-63.069680000000126
1.7919840000000005,-62.19229000000004
1.8479840000000176,-61.39400000000017
1.9039840000000117,-60.667730000000034
1.9599840000000057,-60.00698000000004
0.01598399999999965,-59.40589000000007
0.07198400000001683,-58.85903999999997
0.12798400000001084,-58.36156999999997
0.18398400000000487,-57.90897000000017
0.23998400000002204,-57.497230000000066
0.29598400000001607,-57.122630000000065
0.35198400000001007,-56.781839999999974
0.4079840000000041,-56.47176999999992
0.46398400000002127,-56.18967999999991
0.5199840000000153,-55.93299999999979
0.5759840000000093,-55.69947999999991
0.6319840000000033,-55.48699000000013
0.6879840000000205,-55.293660000000024
0.7439840000000145,-55.117740000000026
0.7999840000000086,-54.95766999999985
0.8559840000000025,-54.81200000000008
0.9119840000000198,-54.67946000000001
0.9679840000000137,-54.55884000000011
1.0000160000000107,-54.49483000000011
1.0056160000000123,-54.52968999999985
1.0168160000000157,-54.588809999999825
1.0392160000000226,-54.34326999999995
1.0840160000000132,-50.53823000000013
1.1400160000000072,-37.7231899999999
1.1960160000000013,-16.160990000000155
1.2520160000000184,12.00792000000006
1.25761600000002,15.169979999999805
1.2688160000000004,21.55081999999986
1.2912160000000072,34.303790000000056
1.336016000000021,57.51783999999982
1.392016000000015,79.61204
1.448016000000009,93.41056000000015
1.5040160000000031,100.4474500000001
1.5600160000000203,102.90837999999991
1.6160160000000143,102.64358000000007
1.6720160000000084,100.85787000000002
1.7280160000000022,98.23661000000006
1.7840160000000196,95.17342000000006
1.8400160000000134,91.91905
1.8960160000000075,88.64328999999982
1.9520160000000015,85.45603000000001
0.008016000000018722,82.42168000000017
0.06401600000001274,79.57283000000004
0.12001600000000676,76.92279000000002
0.17601600000000078,74.47329999999997
0.23201600000001796,72.21966999999995
0.288016000000012,70.15324999999994
0.344016000000006,68.26295999999998
0.400016,66.53645000000009
0.4560160000000172,64.96141999999993
0.5120160000000112,63.52575000000016
0.5680160000000052,62.217970000000065
0.6240160000000224,61.02721
0.6800160000000164,59.94337999999999
0.7360160000000104,58.957069999999945
0.7920160000000045,58.05969000000011
0.8480160000000216,57.24325999999991
0.9040160000000157,56.50058000000002
0.9600160000000096,55.82496999999997
1.0000000000000169,55.38045999999986
1.0056000000000185,55.36650999999981
1.016800000000022,55.32888000000003
1.0392000000000057,54.89487999999998
1.0840000000000194,50.7320899999999
1.1400000000000134,37.505449999999826
1.1960000000000075,15.572590000000108
1.2520000000000016,-12.925389999999926
1.2576000000000032,-16.117950000000157
1.2688000000000066,-22.55908999999989
1.2912000000000134,-35.428950000000015
1.336000000000004,-58.86448999999993
1.3920000000000212,-81.2162999999999
1.4480000000000153,-95.25315999999995
1.5040000000000093,-102.50950000000003
1.5600000000000034,-105.17136999999988
1.6160000000000205,-105.08981999999989
1.6720000000000146,-103.47106999999988
1.7280000000000086,-101.00204000000002
1.7840000000000025,-98.07770000000016
1.8400000000000196,-94.94984999999988
1.8960000000000137,-91.78931999999995
1.9520000000000077,-88.70696999999983
1.99999200000002,-86.1776299999999
0.005592000000021657,-85.93709999999999
0.01679200000000193,-85.44926000000008
0.0391920000000088,-84.13405000000007
0.08399200000002255,-78.28936000000009
0.13999200000001658,-63.098590000000065
0.19599200000001057,-39.326060000000055
0.2519920000000046,-9.08866999999991
0.2575920000000063,-5.727970000000138
0.26879200000000975,1.0470999999998565
0.2911920000000166,14.568739999999858
0.33599200000000723,39.23662000000006
0.39199200000000123,62.991620000000026
0.4479920000000184,78.2874400000002
0.5039920000000124,86.67849999999989
0.5599920000000065,90.37030999999996
0.6159920000000004,91.22795999999988
0.6719920000000176,90.46699000000014
0.7279920000000116,88.78081000000005
0.7839920000000057,86.57022000000003
0.8399919999999996,84.09258000000008
0.8959920000000169,81.52408999999983
0.9519920000000108,78.98064000000016
0.9999839999999999,76.87422000000011
1.0055840000000016,76.68054000000014
1.016784000000005,76.28538000000007
1.0391840000000119,75.14885999999987
1.0839840000000025,69.63598999999986
1.1399840000000196,54.82082000000021
1.1959840000000137,31.395250000000097
1.2519840000000078,1.4904199999998813
1.2575840000000094,-1.837610000000156
1.2687840000000128,-8.547680000000168
1.2911840000000196,-21.942179999999922
1.3359840000000103,-46.37117000000002
1.3919840000000043,-69.85873999999993
1.4479840000000215,-84.91891000000007
1.5039840000000155,-93.1000500000001
1.5599840000000096,-96.60219000000004
1.6159840000000036,-97.28679000000007
1.6719840000000208,-96.36745000000002
1.7279840000000148,-94.53644999999989
1.7839840000000087,-92.19369999999994
1.8399840000000027,-89.59568999999989
1.8959840000000199,-86.91773000000013
1.951984000000014,-84.27484000000018
1.999976000000003,-82.09061000000007
0.005576000000004717,-81.88835000000006
0.016776000000008152,-81.47627999999996
0.039176000000015025,-80.30792000000008
0.0839760000000056,-74.73965000000015
0.13997599999999963,-59.866060000000054
0.1959760000000168,-36.383050000000196
0.2519760000000108,-6.411759999999989
0.2575760000000125,-3.076429999999908
0.26877600000001595,3.648309999999988
0.29117599999999966,17.071969999999936
0.33597600000001343,41.55518999999997
0.39197600000000743,65.09993000000014
0.4479760000000015,80.20623999999987
0.5039760000000186,88.4258
0.5599760000000127,91.96177999999988
0.6159760000000066,92.67742000000001
0.6719760000000007,91.78693999999999
0.7279760000000178,89.98268000000009
0.7839760000000119,87.66445999999983
0.8399760000000059,85.08880000000008
0.8959759999999999,82.43106999999993
0.9519760000000171,79.80637000000002
1.0000240000000007,77.63372000000012
1.0056240000000025,77.43300000000008
1.016824000000006,77.02385000000001
1.0392240000000128,75.86024999999985
1.0840240000000034,70.29651999999986
1.1400240000000206,55.423210000000054
1.1960240000000146,31.944320000000026
1.2520240000000087,1.9900200000000368
1.2576240000000103,-1.3427500000000592
1.2688240000000137,-8.062199999999908
1.2912240000000206,-21.474959999999932
1.3360240000000112,-45.93833999999997
1.3920240000000053,-69.46494000000003
1.4480240000000224,-84.56017999999999
1.5040240000000165,-92.77296000000001
1.5600240000000105,-96.30380999999998
1.6160240000000046,-97.01452999999982
1.6720240000000217,-96.11901
1.7280240000000158,-94.30972999999997
1.7840240000000096,-91.98676000000017
1.8400240000000037,-89.40676999999985
1.8960240000000208,-86.74521999999985
1.9520240000000149,-84.11724999999981
1.600000000391127e-05,-81.94474000000018
0.0056160000000056295,-81.74377999999982
0.016816000000009063,-81.33429999999997
0.03921600000001594,-80.17092000000004
0.08401600000000652,-74.6119999999999
0.14001600000000053,-59.74911000000005
0.1960160000000177,-36.275889999999976
0.25201600000001173,-6.313720000000078
0.25761600000001345,-2.979260000000039
0.2688160000000169,3.7437399999999954
0.2912160000000006,17.164029999999997
0.33601600000001436,41.64086
0.39201600000000836,65.17836
0.44801600000000236,80.27816999999993
0.5040160000000196,88.49185000000004
0.5600160000000136,92.02252
0.6160160000000076,92.73331000000007
0.6720160000000016,91.83841000000004
0.7280160000000188,90.03013000000016
0.7840160000000128,87.70823999999999
0.8400160000000069,85.12924000000011
0.8960160000000008,82.46847000000001
0.952016000000018,79.84100999999998
1.0000080000000071,77.66865000000011
1.0056080000000087,77.4676700000001
1.0168080000000121,77.05801999999994
1.039208000000019,75.89343999999998
1.0840080000000096,70.32784999999997
1.1400080000000037,55.452430000000106
1.1960080000000208,31.971559999999897
1.2520080000000149,2.0154100000000508
1.2576080000000165,-1.3175300000001222
1.26880800000002,-8.037330000000065
1.2912080000000037,-21.450780000000115
1.3360080000000174,-45.91545000000008
1.3920080000000115,-69.44352000000009
1.4480080000000055,-84.54005999999991
1.5040080000000227,-92.75402999999982
1.5600080000000167,-96.28594000000001
1.6160080000000108,-96.99765999999998
1.6720080000000046,-96.10303000000009
1.728008000000022,-94.29457999999991
1.7840080000000158,-91.97236999999991
1.8400080000000099,-89.39307000000008
1.896008000000004,-86.73215999999995
1.952008000000021,-84.10476
0.008008000000015137,-81.58018999999994
0.06400800000000915,-79.19542000000001
0.12000800000000317,-76.96767999999987
0.17600800000002034,-74.90240999999997
0.23200800000001437,-72.99823000000005
0.28800800000000837,-71.24941000000007
0.3440080000000024,-69.64784000000002
0.40000800000001957,-68.18399000000008
0.4560080000000136,-66.84796999999998
0.5120080000000076,-65.62977999999985
0.5680080000000016,-64.51987999999997
0.6240080000000188,-63.50913999999985
0.6800080000000128,-62.58903999999998
0.7360080000000069,-61.751639999999995
0.7920080000000008,-60.9896700000001
0.8480080000000181,-60.29639999999992
0.904008000000012,-59.665690000000104
0.9600080000000061,-59.09188999999992
0.9999920000000132,-58.714340000000085
1.005592000000015,-58.70938000000003
1.0167920000000183,-58.689650000000036
1.0391920000000021,-58.29116999999995
1.0839920000000158,-54.19866999999989
1.1399920000000099,-41.05485000000009
1.195992000000004,-19.191480000000148
1.251992000000021,9.255889999999933
1.2575920000000227,12.444519999999848
1.268792000000003,18.87802000000005
1.2911920000000099,31.733409999999964
1.3359920000000005,55.140199999999865
1.3919920000000177,77.4534
1.4479920000000117,91.4490699999999
1.5039920000000058,98.66441000000003
1.5599919999999998,101.28762000000013
1.615992000000017,101.17083000000005
1.671992000000011,99.52019999999995
1.7279920000000049,97.02213999999998
1.7839920000000222,94.07124999999982
1.839992000000016,90.91914999999995
1.8959920000000101,87.73649000000017
1.9519920000000042,84.63398999999994
0.007992000000021359,81.67674000000002
0.06399200000001537,78.89805000000005
0.1199920000000094,76.31180000000003
0.17599200000000342,73.92044999999992
0.2319920000000206,71.71987999999985
0.2879920000000146,69.70162000000002
0.3439920000000086,67.85492000000004
0.3999920000000026,66.16798999999985
0.4559920000000198,64.62895999999985
0.5119920000000139,63.22604999999992
0.5679920000000078,61.94811000000011
0.6239920000000019,60.78450000000002
0.679992000000019,59.725390000000104
0.7359920000000131,58.76157000000015
0.7919920000000071,57.88465000000009
0.8479920000000011,57.086840000000194
0.9039920000000182,56.361100000000164
0.9599920000000123,55.70091000000011
1.0159920000000062,55.100410000000096
1.0719920000000003,54.55418000000001
1.1279920000000174,54.05734999999989
1.1839920000000115,53.60542000000002
1.2399920000000055,53.194359999999996
1.2959920000000227,52.82045000000002
1.3519920000000167,52.48035000000017
1.4079920000000108,52.170980000000085
1.4639920000000048,51.88959999999998
1.519992000000022,51.63362999999998
1.575992000000016,51.40082000000001
1.6319920000000099,51.18902000000003
1.687992000000004,50.99639999999983
1.743992000000021,50.82116999999986
1.7999920000000151,50.66177999999999
1.8559920000000092,50.516789999999865
1.9119920000000032,50.384919999999944
1.9679920000000204,50.26496000000002
0.02399200000001443,50.155850000000115
0.07999200000000845,50.05660999999995
0.13599200000000247,49.96633999999989
0.19199200000001965,49.884220000000035
0.24799200000001365,49.80954999999998
0.3039920000000077,49.74162999999998
0.3599920000000017,49.679859999999906
0.41599200000001885,49.62367000000012
0.4719920000000129,49.57259000000014
0.5279920000000069,49.52611999999989
0.583992000000001,49.48386999999998
0.6399920000000181,49.445449999999894
0.6959920000000122,49.41050999999996
0.7519920000000061,49.378740000000086
0.8079920000000002,49.34988000000007
0.8639920000000173,49.32362000000001
0.9199920000000114,49.29976000000003
0.9759920000000054,49.27806000000001
1.0000160000000204,49.26938999999986
1.005616000000022,49.313039999999916
1.0168160000000024,49.389510000000136
1.0392160000000092,49.176820000000006
1.0840159999999999,45.43038999999993
1.140016000000017,32.68092999999994
1.196016000000011,11.186180000000157
1.2520160000000051,-16.906440000000078
1.2576160000000067,-20.060329999999958
1.2688160000000102,-26.424830000000064
1.291216000000017,-39.14563000000015
1.3360160000000076,-62.300910000000044
1.3920160000000017,-84.33479
1.4480160000000188,-98.08603000000016
1.504016000000013,-105.0843800000001
1.560016000000007,-107.51195000000013
1.6160160000000008,-107.21694000000004
1.6720160000000182,-105.40352000000009
1.728016000000012,-102.75703000000003
1.784016000000006,-99.67101999999994
1.840016,-96.39594000000007
1.8960160000000172,-93.10147000000013
1.9520160000000113,-89.89727999999997
0.008016000000005331,-86.84756999999999
0.06401600000002251,-83.98492000000002
0.12001600000001653,-81.32264
0.17601600000001055,-78.86229999999995
0.23201600000000455,-76.59887999999992
0.28801600000002175,-74.52335
0.34401600000001575,-72.62462000000002
0.40001600000000975,-70.89046999999992
0.4560160000000038,-69.30857999999995
0.512016000000021,-67.86671000000011
0.568016000000015,-66.55334000000002
0.624016000000009,-65.35747999999985
0.6800160000000031,-64.26896999999987
0.7360160000000202,-63.27833999999988
0.7920160000000143,-62.376959999999926
0.8480160000000082,-61.556820000000066
0.9040160000000023,-60.81068000000012
0.9600160000000194,-60.13183999999994
1.0000000000000033,-59.685149999999965
1.0056000000000052,-59.67093000000001
1.0168000000000086,-59.63286000000001
1.0392000000000154,-59.19877000000007
1.084000000000006,-55.039339999999996
1.1400000000000001,-41.81897000000001
1.1960000000000173,-19.88551999999988
1.2520000000000113,8.626619999999807
1.257600000000013,11.821420000000193
1.2688000000000164,18.26718000000005
1.2912000000000001,31.14638999999997
1.3360000000000138,54.598060000000004
1.392000000000008,76.96232000000003
1.448000000000002,91.00405
1.504000000000019,98.26113000000004
1.5600000000000132,100.92235000000005
1.6160000000000072,100.84025000000008
1.672000000000001,99.22129999999996
1.7280000000000184,96.75215000000014
1.7840000000000122,93.82760000000002
1.8400000000000063,90.69950999999988
1.8960000000000004,87.5387299999999
1.9520000000000175,84.4561399999999
1.9999920000000067,81.92653999999999
0.005592000000008267,81.68593000000013
0.016792000000011704,81.19785999999985
0.03919200000001857,79.8812299999998
0.08399200000000916,74.02916999999998
0.13999200000000317,58.82432999999998
0.19599200000002034,35.042019999999894
0.25199200000001437,4.808499999999993
0.2575920000000161,1.4491199999999704
0.2687920000000195,-5.323130000000065
0.2911920000000032,-18.83864000000002
0.335992000000017,-43.49545999999993
0.391992000000011,-67.24184999999983
0.447992000000005,-82.5347700000001
0.5039920000000222,-90.92612999999994
0.5599920000000163,-94.61906000000009
0.6159920000000102,-95.47738999999989
0.6719920000000043,-94.71642999999985
0.7279920000000214,-93.02979999999982
0.7839920000000155,-90.81857000000015
0.8399920000000094,-88.34034999999996
0.8959920000000035,-85.77147999999978
0.9519920000000206,-83.2279600000001
1.0079920000000147,-80.77966999999985
1.0639920000000087,-78.46419999999998
1.1199920000000028,-76.29947999999986
1.17599200000002,-74.29153
1.231992000000014,-72.4395
1.287992000000008,-70.73812999999984
1.3439920000000019,-69.17972999999988
1.399992000000019,-67.75516000000015
1.455992000000013,-66.45487999999999
1.511992000000007,-65.26918999999998
1.5679920000000012,-64.18888000000011
1.6239920000000183,-63.2050500000001
1.6799920000000124,-62.30943
1.7359920000000064,-61.49431999999999
1.7919920000000005,-60.75262999999986
1.8479920000000176,-60.07779999999996
1.9039920000000117,-59.463870000000085
1.9599920000000055,-58.905360000000016
0.01599200000002278,-58.39729000000005
0.07199200000001679,-57.93508999999997
0.12799200000001082,-57.51465000000011
0.18399200000000482,-57.1321600000001
0.23999200000002202,-56.78421999999994
0.295992000000016,-56.46768000000013
0.35199200000001,-56.179720000000046
0.4079920000000041,-55.91774999999988
0.4639920000000212,-55.67941999999992
0.5199920000000152,-55.46257999999993
0.5759920000000093,-55.265310000000014
0.6319920000000033,-55.08581000000001
0.6879920000000205,-54.922509999999924
0.7439920000000145,-54.773920000000146
0.7999920000000085,-54.63872999999997
0.8559920000000025,-54.51571999999993
0.9119920000000197,-54.403800000000004
0.9679920000000137,-54.301949999999934
1.0239920000000078,-54.20928000000003
1.0799920000000018,-54.12494999999984
1.135992000000019,-54.04821999999987
1.191992000000013,-53.978379999999994
1.2479920000000069,-53.91484999999996
1.303992000000001,-53.85700999999998
1.359992000000018,-53.804379999999874
1.4159920000000121,-53.75649000000004
1.4719920000000062,-53.71289999999984
1.5279920000000002,-53.67324000000018
1.5839920000000174,-53.637129999999814
1.6399920000000114,-53.60427000000012
1.6959920000000055,-53.57436999999998
1.7519920000000226,-53.54713999999983
1.8079920000000167,-53.52235999999988
1.8639920000000105,-53.499809999999925
1.9199920000000046,-53.47928999999985
1.9759920000000217,-53.46059000000003
1.600000001368234e-05,-53.453100000000035
0.0056160000000154,-53.49705999999998
0.016816000000018837,-53.57418000000003
0.03921600000000255,-53.3635400000001
0.08401600000001629,-49.62406999999991
0.1400160000000103,-36.88398000000004
0.19601600000000433,-15.390540000000064
0.2520160000000215,12.714590000000081
0.25761600000000007,15.870549999999817
0.2688160000000035,22.23930000000007
0.29121600000001036,34.968740000000054
0.3360160000000009,58.13857999999983
0.3920160000000181,80.18262999999992
0.4480160000000121,93.93608999999992
0.5040160000000061,100.93222000000002
0.5600160000000002,103.35608000000019
0.6160160000000173,103.0574099999999
0.6720160000000114,101.2407500000001
0.7280160000000054,98.59122000000009
0.7840160000000226,95.50223000000014
0.8400160000000166,92.22434000000001
0.8960160000000106,88.92713000000008
0.9520160000000046,85.72035999999983
1.0000080000000169,83.09325000000013
1.0056080000000185,82.84184999999988
1.016808000000022,82.33237000000004
1.0392080000000057,80.97426000000007
1.0840080000000194,75.04425999999987
1.1400080000000135,59.75025000000001
1.1960080000000075,35.886030000000126
1.2520080000000013,5.576389999999876
1.2576080000000032,2.2097199999999706
1.2688080000000066,-4.576990000000114
1.2912080000000135,-18.1206599999999
1.336008000000004,-42.83054999999991
1.3920080000000212,-66.63721000000011
1.4480080000000153,-81.98423
1.5040080000000093,-90.42433999999999
1.5600080000000034,-94.16143
1.6160080000000205,-95.05991000000003
1.6720080000000146,-94.33552
1.7280080000000084,-92.68222999999986
1.7840080000000025,-90.50135999999998
1.8400080000000196,-88.05078999999982
1.8960080000000137,-85.50708999999989
1.9520080000000077,-82.98650000000008
1.990403348955723e-14,-80.89824999999995
0.0056000000000216215,-80.70661999999996
0.016800000000001897,-80.31560999999998
0.03920000000000877,-79.18804999999995
0.08400000000002251,-73.69627000000011
0.14000000000001653,-58.909919999999836
0.19600000000001055,-35.50677000000002
0.25200000000000455,-5.60963999999986
0.25760000000000627,-2.2814100000001503
0.2688000000000097,4.42923999999989
0.2912000000000166,17.82546000000007
0.3360000000000072,42.25694000000013
0.3920000000000012,65.74283999999997
0.4480000000000184,80.79617999999988
0.5040000000000123,88.96784999999996
0.5600000000000064,92.4603100000001
0.6160000000000004,93.13625000000015
0.6720000000000176,92.20954000000003
0.7280000000000116,90.37219000000007
0.7840000000000056,88.02381000000014
0.8400000000000228,85.42064000000016
0.8960000000000168,82.73785000000001
0.9520000000000108,80.09033
1.008000000000005,77.54710000000009
1.064000000000022,75.14507000000003
1.120000000000016,72.90156000000003
1.1760000000000101,70.8220799999999
1.232000000000004,68.90507000000001
1.2880000000000214,67.14447000000013
1.3440000000000152,65.53204000000012
1.4000000000000092,64.05816000000009
1.4560000000000033,62.71292000000006
1.5120000000000204,61.48630000000011
1.5680000000000145,60.368729999999985
1.6240000000000085,59.350989999999996
1.6800000000000026,58.424569999999896
1.7360000000000197,57.58146000000019
1.7920000000000138,56.81434000000007
1.8480000000000079,56.11641
1.9040000000000017,55.48153999999994
1.960000000000019,54.90401
1.9999840000000029,54.52404
0.0055840000000046824,54.51873000000007
0.01678400000000812,54.49822999999987
0.03918400000001499,54.09746999999987
0.08398400000000557,49.99726000000004
0.13998400000002276,36.84233000000003
0.19598400000001676,14.975210000000017
0.2519840000000108,-13.462110000000083
0.2575840000000125,-16.648900000000076
0.26878400000001595,-23.0785899999999
0.2911840000000228,-35.92616999999998
0.3359840000000134,-59.319780000000044
0.3919840000000074,-81.62386999999983
0.44798400000000144,-95.6177199999999
0.5039840000000186,-102.83514000000005
0.5599840000000126,-105.4616300000002
0.6159840000000066,-105.34788000000006
0.6719840000000007,-103.69976000000003
0.7279840000000178,-101.20400000000006
0.7839840000000119,-98.2553100000001
0.8399840000000058,-95.10530999999989
0.8959840000000231,-91.92462999999984
0.951984000000017,-88.82393999999994
1.007984000000011,-85.86844000000005
1.0639840000000051,-83.09162999999997
1.1199840000000223,-80.50745999999998
1.1759840000000163,-78.1181999999998
1.2319840000000104,-75.91942999999989
1.2879840000000042,-73.90268999999994
1.3439840000000216,-72.05746000000013
1.3999840000000154,-70.3719599999999
1.4559840000000095,-68.83434
1.5119840000000035,-67.43278000000008
1.5679840000000207,-66.15608000000006
1.6239840000000147,-64.99357999999988
1.6799840000000088,-63.935440000000064
1.7359840000000029,-62.97244999999996
1.79198400000002,-62.096230000000084
1.847984000000014,-61.29899000000005
1.903984000000008,-60.57370000000017
1.959984000000002,-59.913850000000046
2.40000000038765e-05,-59.47906999999986
0.005624000000005594,-59.46651999999997
0.01682400000000903,-59.43177999999993
0.0392240000000159,-59.00415000000003
0.08402400000000648,-54.85683000000008
0.1400240000000005,-41.65025
0.19602400000001768,-19.729450000000035
0.2520240000000117,8.770940000000005
0.2576240000000134,11.964609999999931
0.2688240000000168,18.408130000000078
0.29122400000000054,31.283000000000172
0.3360240000000143,54.72648000000002
0.3920240000000083,77.08146999999998
0.4480240000000023,91.11486999999995
0.5040240000000196,98.36437999999981
0.5600240000000135,101.01870999999996
0.6160240000000076,100.93028999999999
0.6720240000000016,99.30554999999997
0.7280240000000188,96.83109999999995
0.7840240000000127,93.90169999999998
0.8400240000000068,90.76919000000005
0.8960240000000008,87.60436000000004
0.952024000000018,84.51808000000005
1.000016000000007,81.98557000000007
1.0056160000000087,81.74465000000009
1.0168160000000122,81.25593999999991
1.039216000000019,79.93808000000003
1.0840160000000096,74.08371000000002
1.1400160000000037,58.876220000000146
1.1960160000000208,35.09143000000003
1.252016000000015,4.855499999999902
1.2576160000000165,1.495880000000005
1.26881600000002,-5.27685
1.2912160000000037,-18.793280000000134
1.3360160000000174,-43.45184000000013
1.3920160000000115,-67.20017
1.4480160000000055,-82.49474000000001
1.5040160000000227,-90.88757000000003
1.5600160000000167,-94.58182000000015
1.6160160000000106,-95.44132999999988
1.6720160000000046,-94.6814600000001
1.7280160000000218,-92.99581999999984
1.7840160000000158,-90.78549999999996
1.8400160000000099,-88.30811000000006
1.896016000000004,-85.74001000000008
1.952016000000021,-83.19718999999992
0.008016000000015103,-80.74953000000006
0.06401600000000912,-78.43467000000004
0.12001600000000313,-76.27048000000003
0.17601600000002032,-74.26304000000017
0.23201600000001432,-72.41145999999988
0.2880160000000084,-70.71051000000006
0.3440160000000024,-69.1525100000001
0.4000160000000195,-67.72829000000003
0.4560160000000136,-66.42833000000014
0.5120160000000076,-65.24295999999995
0.5680160000000016,-64.16292999999995
0.6240160000000188,-63.17934999999997
0.6800160000000128,-62.28397000000019
0.7360160000000068,-61.469080000000176
0.7920160000000008,-60.72758999999994
0.848016000000018,-60.052939999999836
0.904016000000012,-59.439199999999914
0.9600160000000061,-58.88084999999998
1.016016,-58.37292999999999
1.0720160000000172,-57.910869999999946
1.1280160000000112,-57.49056000000019
1.1840160000000053,-57.108189999999894
1.2400160000000224,-56.760369999999895
1.2960160000000165,-56.44394000000008
1.3520160000000105,-56.15608999999999
1.4080160000000046,-55.894200000000005
1.4640160000000217,-55.65595999999995
1.5200160000000158,-55.439200000000135
1.5760160000000096,-55.24200999999995
1.6320160000000037,-55.062590000000135
1.6880160000000208,-54.899360000000065
1.7440160000000149,-54.750839999999855
1.800016000000009,-54.615719999999925
1.856016000000003,-54.49276000000003
1.9120160000000201,-54.380899999999954
1.9680160000000142,-54.27910000000003
1.9999920000000164,-54.22517000000005
0.005592000000018037,-54.261719999999954
0.016792000000021474,-54.324170000000116
0.03919200000000518,-54.08506999999996
0.08399200000001893,-50.29208000000018
0.13999200000001294,-37.490749999999906
0.19599200000000697,-15.941259999999957
0.251992000000001,12.215630000000033
0.2575920000000027,15.376529999999944
0.26879200000000614,21.75505000000011
0.291192000000013,34.503519999999895
0.33599200000000357,57.70914000000005
0.39199200000002077,79.79390000000008
0.44799200000001477,93.58406000000019
0.5039920000000088,100.61344000000005
0.5599920000000028,103.06756999999989
0.61599200000002,102.7965500000001
0.671992000000014,101.0051299999999
0.7279920000000081,98.37862000000008
0.783992000000002,95.31062000000001
0.8399920000000192,92.05185000000004
0.8959920000000132,88.77205999999993
0.9519920000000073,85.58113999999995
1.0079920000000013,82.54340999999998
1.0639920000000185,79.6914999999998
1.1199920000000125,77.03865999999992
1.1759920000000066,74.5866099999999
1.2319920000000004,72.33066
1.2879920000000178,70.2621000000001
1.3439920000000116,68.36986
1.3999920000000057,66.64157999999998
1.4559920000000228,65.06493000000013
1.5119920000000169,63.62776999999986
1.567992000000011,62.31865000000014
1.623992000000005,61.12664000000012
1.6799920000000221,60.04169000000004
1.7359920000000162,59.054340000000096
1.7919920000000102,58.15601999999998
1.847992000000004,57.33871999999995
1.9039920000000214,56.595259999999925
1.9599920000000153,55.91892000000009
1.9999760000000226,55.47393999999994
0.005576000000001098,55.459910000000164
0.016776000000004534,55.42216
0.0391760000000114,54.98791999999986
0.083976000000002,50.824760000000026
0.13997600000001917,37.59768999999991
0.1959760000000132,15.664289999999914
0.2519760000000072,-12.834449999999942
0.2575760000000089,-16.027100000000072
0.26877600000001234,-22.468429999999984
0.2911760000000192,-35.33863999999998
0.3359760000000098,-58.77476999999986
0.3919760000000038,-81.12706999999997
0.447976000000021,-95.16419999999992
0.503976000000015,-102.42068999999998
0.559976000000009,-105.08266999999982
0.6159760000000031,-105.00124999999994
0.6719760000000202,-103.38261999999987
0.7279760000000143,-100.91374999999991
0.7839760000000082,-97.98958999999985
0.8399760000000023,-94.86192000000004
0.8959760000000194,-91.70157000000012
0.9519760000000135,-88.61938999999985
1.0000240000000205,-86.08730999999992
1.005624000000022,-85.84681000000005
1.0168240000000024,-85.35903
1.0392240000000093,-84.04392999999999
1.084024000000023,-78.19936999999987
1.140024000000017,-63.00867999999981
1.196024000000011,-39.236339999999984
1.252024000000005,-8.99943999999997
1.2576240000000067,-5.638800000000055
1.2688240000000102,1.1361199999999627
1.291224000000017,14.657470000000172
1.3360240000000076,39.3248300000002
1.3920240000000017,63.07932000000016
1.4480240000000189,78.37483999999995
1.504024000000013,86.76569999999995
1.5600240000000067,90.45740000000002
1.6160240000000008,91.31493999999995
1.672024000000018,90.55385999999999
1.728024000000012,88.86757000000011
1.784024000000006,86.65685
1.840024,84.1790899999999
1.8960240000000173,81.61047999999992
1.9520240000000113,79.06692000000004
0.008024000000005296,76.61827999999993
0.06402400000002248,74.30245000000002
0.12002400000001649,72.13751999999984
0.1760240000000105,70.12945000000003
0.23202400000000453,68.27720000000004
0.2880240000000217,66.57542999999988
0.3440240000000157,65.01650999999997
0.40002400000000976,63.59135000000005
0.45602400000000376,62.29045000000011
0.5120240000000209,61.10420000000016
0.568024000000015,60.02335999999997
0.624024000000009,59.03905999999992
0.680024000000003,58.14305999999991
0.7360240000000202,57.32763000000007
0.7920240000000142,56.58571000000001
0.8480240000000082,55.91071000000003
0.9040240000000023,55.29669999999997
0.9600240000000194,54.73817000000003
1.0160240000000134,54.23016000000014
1.0720240000000074,53.76805000000018
1.1280240000000015,53.34777999999996
1.1840240000000186,52.9655
1.2400240000000127,52.61779999999994
1.2960240000000067,52.30154999999992
1.3520240000000008,52.01392000000005
1.408024000000018,51.7522800000001
1.4640240000000118,51.51432000000011
1.5200240000000058,51.29786999999997
1.576024000000023,51.10101
1.632024000000017,50.92192999999989
1.688024000000011,50.759070000000015
1.7440240000000051,50.61092000000001
1.8000240000000223,50.476179999999985
1.8560240000000163,50.3536200000001
1.9120240000000104,50.242150000000095
1.9680240000000044,50.140760000000114
6.514047323855093e-15,50.08707000000001
0.005600000000008232,50.123620000000145
0.016800000000011667,50.1860300000001
0.03920000000001854,49.94608999999994
0.08400000000000912,46.14840000000009
0.14000000000000315,33.340190000000106
0.19600000000002032,11.79136000000014
0.2520000000000143,-16.351479999999974
0.25760000000001604,-19.510169999999995
0.26880000000001947,-25.884200000000135
0.2912000000000032,-38.62349999999992
0.33600000000001695,-61.81353000000001
0.39200000000001095,-83.88668999999993
0.44800000000000495,-97.67307000000014
0.5040000000000221,-104.70307999999994
0.5600000000000162,-107.15940999999995
0.6160000000000102,-106.89060000000006
0.6720000000000041,-105.10109000000001
0.7280000000000214,-102.47642999999984
0.7840000000000154,-99.41032999999999
0.8400000000000094,-96.15340000000016
0.8960000000000035,-92.87544999999997
0.9520000000000206,-89.68631999999998
0.9999920000000097,-87.07312999999984
1.0055920000000114,-86.82330000000005
1.0167920000000148,-86.31703000000002
1.0391920000000217,-84.96608000000006
1.0839920000000123,-79.05417999999997
1.1399920000000063,-63.786630000000066
1.1959920000000002,-39.94399999999998
1.2519920000000175,-9.642060000000008
1.2575920000000191,-6.2752099999998645
1.2687920000000226,0.5120400000000469
1.2911920000000063,14.057410000000159
1.33599200000002,38.77005000000011
1.391992000000014,62.5761600000001
1.4479920000000082,77.91824999999997
1.503992000000002,86.35130000000002
1.5599920000000194,90.08135999999989
1.6159920000000132,90.97387
1.6719920000000073,90.24471000000011
1.7279920000000013,88.58754000000002
1.7839920000000185,86.40336999999998
1.8399920000000125,83.94980000000007
1.8959920000000066,81.40323999999998
1.9519920000000006,78.87973999999987
1.9999840000000126,76.78898999999984
0.005584000000014453,76.59704999999994
0.01678400000001789,76.20532999999985
0.0391840000000016,75.07550000000008
0.08398400000001534,69.5752999999999
0.13998400000000935,54.774719999999945
0.19598400000000338,31.36245000000004
0.2519840000000206,1.4696699999998675
0.2575840000000223,-1.857230000000154
0.2687840000000025,-8.565060000000013
0.29118400000000944,-21.955189999999902
0.33598400000002315,-46.375899999999916
0.39198400000001715,-69.85388000000015
0.4479840000000112,-84.90525999999998
0.5039840000000052,-93.07836999999996
0.5599840000000224,-96.57321000000007
0.6159840000000164,-97.25117999999999
0.6719840000000105,-96.32584
0.7279840000000044,-94.48940000000006
0.7839840000000217,-92.14171999999988
0.8399840000000156,-89.53924000000013
0.8959840000000097,-86.85723000000011
0.9519840000000037,-84.21064999999994
0.9999760000000159,-82.02353000000006
1.0055760000000176,-81.82095999999994
1.016776000000021,-81.40824999999995
1.0391760000000048,-80.23862999999997
1.0839760000000185,-74.66788000000003
1.1399760000000125,-59.7914100000001
1.1959760000000066,-36.305900000000115
1.2519760000000004,-6.332669999999929
1.2575760000000022,-2.9971799999999327
1.2687760000000057,3.7278700000000775
1.2911760000000125,17.152129999999932
1.3359760000000032,41.63647000000004
1.3919760000000203,65.18267
1.4479760000000144,80.29048999999988
1.5039760000000084,88.51156999999988
1.5599760000000022,92.04900000000005
1.6159760000000196,92.7659999999999
1.6719760000000135,91.87674999999996
1.7279760000000075,90.07361000000014
1.7839760000000016,87.75641000000012
1.8399760000000187,85.18165999999994
1.8959760000000128,82.52475999999986
1.9519760000000068,79.90083000000014
0.0079760000000008,77.3790700000001
0.06397600000001798,74.99659999999997
0.11997600000001199,72.7708800000002
0.17597600000000602,70.70760999999992
0.2319760000000232,68.80534999999988
0.2879760000000172,67.05816999999992
0.3439760000000112,65.45796000000004
0.3999760000000052,63.99521000000008
0.4559760000000224,62.6601200000001
0.5119760000000164,61.44273
0.5679760000000105,60.33356000000012
0.6239760000000045,59.32349000000015
0.6799760000000217,58.40405999999998
0.7359760000000156,57.5673000000001
0.7919760000000097,56.805980000000034
0.8479760000000037,56.11334000000001
0.9039760000000209,55.48328999999996
0.9599760000000149,54.91014999999999
1.0159760000000089,54.38885999999998
1.071976000000003,53.91469000000004
1.12797600000002,53.48343
1.1839760000000141,53.0911500000002
1.2399760000000082,52.73437000000003
1.2959760000000022,52.40984999999987
1.3519760000000194,52.114700000000184
1.4079760000000134,51.84622000000005
1.4639760000000073,51.60206000000001
1.5199760000000013,51.37994999999984
1.5759760000000185,51.177950000000024
1.6319760000000125,50.99419999999988
1.6879760000000066,50.82708000000014
1.7439760000000006,50.67507999999998
1.7999760000000178,50.536819999999814
1.8559760000000118,50.41106000000006
1.911976000000006,50.29668999999992
1.967976000000023,50.192660000000004
0.023976000000017032,50.09806000000005
0.07997600000001105,50.011999999999944
0.13597600000000507,49.93374999999989
0.19197600000002224,49.86256999999994
0.24797600000001627,49.79785000000003
0.3039760000000103,49.7389800000001
0.3599760000000043,49.68546000000007
0.4159760000000215,49.63678000000016
0.4719760000000155,49.59253999999991
0.5279760000000095,49.552290000000056
0.5839760000000035,49.5157100000001
0.6399760000000208,49.48244999999996
0.6959760000000147,49.45221000000011
0.7519760000000087,49.42473000000014
0.8079760000000028,49.399749999999855
0.86397600000002,49.37703999999998
0.919976000000014,49.35642000000007
0.975976000000008,49.33767000000011
1.0000000000000229,49.33016999999995
1.0056000000000016,49.374100000000084
1.016800000000005,49.45109000000003
1.039200000000012,49.2394599999999
1.0840000000000025,45.49504999999998
1.1400000000000197,32.74795000000008
1.1960000000000137,11.255210000000071
1.2520000000000076,-16.835799999999956
1.2576000000000094,-19.989550000000023
1.2688000000000128,-26.353779999999993
1.2912000000000197,-39.07404999999997
1.3360000000000103,-62.22824999999999
1.3920000000000043,-84.26073000000001
1.4480000000000215,-98.01051999999987
1.5040000000000155,-105.00744000000006
1.5600000000000094,-107.43371000000002
1.6160000000000034,-107.13753000000014
1.6720000000000206,-105.32305999999991
1.7280000000000146,-102.67566000000005
1.7840000000000087,-99.58882999999985
1.8400000000000027,-96.31304000000007
1.89600000000002,-93.01790999999993
1.952000000000014,-89.81315000000012
1.9999920000000029,-87.18768999999993
0.005592000000004648,-86.93649000000003
0.01679200000000808,-86.42753000000015
0.03919200000001496,-85.07135
0.08399200000000553,-79.14958999999988
0.1399920000000227,-63.87078000000002
0.19599200000001674,-40.01787999999995
0.25199200000001076,-9.70654999999998
0.2575920000000125,-6.338809999999917
0.2687920000000159,0.4502099999998954
0.29119200000002277,13.999010000000034
0.33599200000001334,38.71811999999997
0.3919920000000074,62.53167000000004
0.4479920000000014,77.88053000000006
0.5039920000000185,86.31977000000002
0.5599920000000126,90.05544999999992
0.6159920000000066,90.95312999999993
0.6719920000000006,90.22867000000012
0.7279920000000178,88.57581000000003
0.7839920000000118,86.39555000000021
0.8399920000000058,83.94553999999998
0.895992000000023,81.40221999999997
0.951992000000017,78.8816699999999
0.9999840000000061,76.79324999999993
1.0055840000000078,76.60155999999985
1.0167840000000112,76.21036000000015
1.039184000000018,75.08153000000006
1.0839840000000087,69.58324000000005
1.1399840000000028,54.78488000000014
1.19598400000002,31.37458999999998
1.2519840000000138,1.4835699999999896
1.2575840000000156,-1.843170000000116
1.268784000000019,-8.550680000000144
1.2911840000000028,-21.940189999999802
1.3359840000000165,-46.35970999999994
1.3919840000000105,-69.83629000000002
1.4479840000000046,-84.8863499999999
1.5039840000000217,-93.05823999999996
1.5599840000000158,-96.55195000000005
1.6159840000000096,-97.22890000000018
1.6719840000000037,-96.30264
1.7279840000000208,-94.46538000000015
1.783984000000015,-92.11694999999986
1.839984000000009,-89.51379000000004
1.895984000000003,-86.83115000000008
1.9519840000000201,-84.1840100000002
1.999976000000009,-81.99646000000004
0.005576000000010869,-81.79383000000007
0.016776000000014304,-81.38103000000018
0.03917600000002117,-80.21120999999987
0.08397600000001176,-74.64006999999984
0.13997600000000576,-59.76311000000001
0.19597600000002297,-36.27719000000007
0.25197600000001696,-6.303700000000134
0.2575760000000187,-2.968180000000098
0.2687760000000221,3.7568900000000127
0.2911760000000058,17.181209999999947
0.3359760000000196,41.665679999999924
0.3919760000000136,65.21207000000007
0.4479760000000076,80.32013000000005
0.5039760000000016,88.54146000000007
0.5599760000000188,92.07915
0.6159760000000128,92.79638000000001
0.6719760000000068,91.90736
0.7279760000000008,90.10442000000008
0.783976000000018,87.78740000000008
0.839976000000012,85.21281000000003
0.8959760000000061,82.55605
0.9519760000000232,79.93224
1.000024000000007,77.76027999999991
1.0056240000000087,77.55962000000017
1.0168240000000122,77.15063999999994
1.039224000000019,75.98737
1.0840240000000096,70.42437999999996
1.1400240000000035,55.55201999999993
1.1960240000000208,32.07381999999992
1.2520240000000147,2.119760000000026
1.2576240000000165,-1.2130100000000699
1.26882400000002,-7.932469999999858
1.2912240000000037,-21.345270000000085
1.3360240000000174,-45.808630000000015
1.3920240000000115,-69.33498000000004
1.4480240000000053,-84.42974999999997
1.5040240000000227,-92.6419500000002
1.5600240000000165,-96.17220999999998
1.6160240000000106,-96.8824399999999
1.6720240000000046,-95.98649000000003
1.7280240000000218,-94.17686000000015
1.7840240000000158,-91.85359999999987
1.8400240000000099,-89.27338000000007
1.896024000000004,-86.61162
1.952024000000021,-83.98348999999983
0.008024000000015068,-81.45822999999996
0.06402400000000909,-79.07286000000013
0.1200240000000031,-76.84457
0.17602400000002028,-74.7787900000001
0.2320240000000143,-72.87416000000002
0.28802400000000833,-71.12490999999999
0.34402400000000233,-69.52295000000008
0.40002400000001953,-68.05873000000018
0.45602400000001353,-66.72238000000009
0.5120240000000076,-65.50389000000001
0.5680240000000015,-64.39371999999999
0.6240239999999956,-63.382700000000014
0.6800240000000127,-62.462379999999925
0.73602400000003,-61.624750000000006
0.7920240000000008,-60.86258999999994
0.848024000000018,-60.16912000000008
0.9040239999999888,-59.538239999999966
0.960024000000006,-58.96428999999981
1.000008000000013,-58.58662000000003
1.0056079999999918,-58.58163999999988
1.0168079999999953,-58.561890000000005
1.0392080000000021,-58.16332000000002
1.0840080000000158,-54.07053999999989
1.140008000000033,-40.92629999999997
1.1960080000000037,-19.062770000000118
1.252008000000021,9.38434999999993
1.2576079999999996,12.572930000000149
1.268808000000003,19.00631999999991
1.29120800000001,31.861490000000046
1.3360080000000236,55.26794000000002
1.3920079999999944,77.58098000000003
1.4480080000000117,91.57676999999987
1.5040080000000289,98.79233999999992
1.5600079999999996,101.41584000000003
1.6160080000000168,101.29929999999999
1.6720080000000341,99.64887999999993
1.7280080000000049,97.15098999999982
1.784008000000022,94.20022000000006
1.840007999999993,91.04821000000007
1.8960080000000101,87.86563999999997
1.9520080000000273,84.76318999999988
1.9999999999999931,82.21798000000003
0.005600000000018003,81.97566000000012
0.01680000000002144,81.48416000000003
0.03920000000002831,80.16092999999991
0.08399999999999573,74.29653000000003
0.14000000000001292,59.07764999999987
0.1960000000000301,35.28229999999999
0.25200000000000095,5.036310000000155
0.2576000000000258,1.675709999999997
0.26880000000002924,-5.098959999999986
0.2911999999999898,-18.619200000000056
0.3360000000000036,-43.28484999999982
0.3920000000000207,-67.0411099999999
0.44799999999999157,-82.34268
0.5040000000000088,-90.74172000000003
0.5600000000000259,-94.44156000000015
0.6159999999999968,-95.30616999999997
0.6720000000000139,-94.55095999999985
0.7280000000000312,-92.86960999999994
0.784000000000002,-90.66320999999999
0.8400000000000192,-88.18940000000009
0.89599999999999,-85.62457999999995
0.9520000000000072,-83.0847400000001
0.9999920000000194,-80.98139999999998
1.005591999999998,-80.78810999999986
1.0167920000000015,-80.39377999999986
1.0391920000000083,-79.25977000000017
1.083992000000022,-73.75577
1.1399919999999928,-58.95543000000014
1.19599200000001,-35.5396600000002
1.2519920000000273,-5.631219999999937
1.2575920000000058,-2.3019300000000076
1.2687920000000092,4.410809999999987
1.291192000000016,17.81107999999998
1.3359920000000298,42.25022999999983
1.3919920000000008,65.74501000000011
1.447992000000018,80.80657999999997
1.503992000000035,88.98585999999997
1.5599920000000058,92.48531999999999
1.615992000000023,93.16770000000018
1.671991999999994,92.24685999999993
1.727992000000011,90.41488999999991
1.7839920000000282,88.07140000000003
1.8399919999999992,85.47268000000008
1.8959920000000163,82.79393000000002
1.9519920000000335,80.15010999999994
0.00799200000000435,77.61023999999983
0.06399200000002153,75.21127000000006
0.11999199999999238,72.97054000000003
0.17599200000000956,70.8936
0.23199200000002673,68.97890000000007
0.2879919999999976,67.22040000000007
0.3439920000000148,65.60989000000018
0.39999200000003193,64.13775999999993
0.4559920000000028,62.79411999999995
0.51199200000002,61.568960000000004
0.5679919999999908,60.452720000000014
0.623992000000008,59.436189999999996
0.6799920000000252,58.51088999999998
0.7359919999999961,57.668790000000136
0.7919920000000132,56.902599999999914
0.8479920000000304,56.205529999999946
0.9039920000000012,55.57143000000009
0.9599920000000185,54.99461000000005
0.9999760000000256,54.61511000000008
1.0055760000000042,54.60986000000001
1.0167760000000077,54.589490000000126
1.0391760000000145,54.18900000000004
1.0839760000000283,50.08935999999986
1.139975999999999,36.935149999999915
1.1959760000000164,15.068560000000009
1.2519760000000335,-13.368519999999995
1.257576000000012,-16.555300000000052
1.2687760000000154,-22.984979999999933
1.2911760000000223,-35.83254000000014
1.3359759999999896,-59.22600999999994
1.391976000000007,-81.52975000000006
1.4479760000000241,-95.52311999999996
1.5039759999999949,-102.74000000000005
1.559976000000012,-105.36600000000007
1.6159760000000294,-105.25183000000004
1.6719760000000001,-103.60337000000008
1.7279760000000173,-101.10733000000005
1.7839760000000344,-98.1584299999998
1.8399760000000054,-95.00825000000002
1.8959760000000225,-91.82743000000015
1.9519759999999935,-88.72660999999992
0.007976000000010572,-85.77098999999988
0.06397600000002775,-82.99407000000004
0.11997599999999861,-80.40980999999991
0.1759760000000158,-78.02047
0.23197600000003296,-75.82163000000008
0.28797600000000384,-73.80483000000004
0.343976000000021,-71.95953
0.39997599999999184,-70.27398000000007
0.45597600000000904,-68.73628999999993
0.5119760000000262,-67.33465999999999
0.567975999999997,-66.05791000000005
0.6239760000000143,-64.89534000000008
0.6799760000000314,-63.83716000000006
0.7359760000000023,-62.874109999999874
0.7919760000000194,-61.99785000000002
0.8479759999999903,-61.20056000000007
0.9039760000000074,-60.47522999999999
0.9599760000000247,-59.815339999999885
1.0159759999999955,-59.215039999999995
1.0719760000000127,-58.66890999999996
1.1279760000000298,-58.17210000000017
1.1839760000000008,-57.72010999999999
1.239976000000018,-57.30893000000003
1.295976000000035,-56.93484999999998
1.351976000000006,-56.59454000000008
1.4079760000000232,-56.284910000000025
1.463975999999994,-56.00322000000002
1.519976000000011,-55.74692999999997
1.5759760000000282,-55.51375000000003
1.6319759999999992,-55.30159000000001
1.6879760000000164,-55.10854999999992
1.7439760000000335,-54.93291
1.7999760000000045,-54.77310000000002
1.8559760000000216,-54.62768000000007
1.9119759999999923,-54.49536999999993
1.9679760000000097,-54.37496000000009
0.023976000000026802,-54.26540000000002
0.07997599999999766,-54.16569999999999
0.13597600000001484,-54.07498
0.191976000000032,-53.99243000000009
0.24797600000000286,-53.91729999999995
0.30397600000002006,-53.84891999999986
0.3599759999999909,-53.786710000000014
0.41597600000000806,-53.730070000000076
0.47197600000002526,-53.6785500000001
0.5279759999999961,-53.63164000000009
0.5839760000000133,-53.58896000000013
0.6399760000000305,-53.55009999999982
0.6959760000000014,-53.51474
0.7519760000000185,-53.48255999999996
0.8079759999999894,-53.45326999999989
0.8639760000000065,-53.4266000000001
0.9199760000000238,-53.40232
0.9759759999999946,-53.38023000000014
1.0319760000000118,-53.36011000000007
1.087976000000029,-53.341800000000106
1.1439759999999999,-53.325139999999884
1.199976000000017,-53.30995000000005
1.2559760000000342,-53.29614000000005
1.311976000000005,-53.283549999999956
1.3679760000000223,-53.272090000000105
1.423975999999993,-53.261669999999924
1.4799760000000102,-53.252170000000156
1.5359760000000273,-53.2435200000001
1.5919759999999983,-53.23564000000003
1.6479760000000154,-53.22845999999992
1.7039760000000326,-53.22192999999986
1.7599760000000035,-53.21597999999983
1.8159760000000207,-53.21054999999997
1.8719759999999914,-53.205610000000014
1.9279760000000086,-53.20111000000005
1.983976000000026,-53.1970100000001
0.03997599999999671,-53.193269999999956
0.09597600000001388,-53.18986000000003
0.15197600000003106,-53.18676999999994
0.2079760000000019,-53.183920000000164
0.2639760000000191,-53.1813000000001
0.31997599999998994,-53.17887999999993
0.37597600000000714,-53.1766800000002
0.43197600000002434,-53.17467999999992
0.4879759999999952,-53.17287999999998
0.5439760000000123,-53.171239999999955
0.5999760000000295,-53.16974999999991
0.6559760000000003,-53.16839999999989
0.7119760000000176,-53.16717000000004
0.7679760000000347,-53.16604999999996
0.8239760000000056,-53.165020000000005
0.8799760000000227,-53.16408999999989
0.9359759999999936,-53.163230000000006
0.9919760000000108,-53.1624599999998
0.9999840000000159,-53.162359999999964
1.0055839999999943,-53.207929999999905
1.016783999999998,-53.28825999999998
1.0391840000000048,-53.083839999999995
1.0839840000000185,-49.355969999999914
1.1399839999999892,-36.62910000000008
1.1959840000000064,-15.147899999999881
1.2519840000000235,12.945589999999951
1.2575840000000023,16.100420000000113
1.2687840000000057,22.466929999999998
1.2911840000000125,35.19201000000005
1.3359840000000263,58.35370000000006
1.391983999999997,80.38868999999993
1.4479840000000144,94.13417000000001
1.5039840000000315,101.12319000000002
1.5599840000000023,103.54057999999999
1.6159840000000194,103.23598999999994
1.6719839999999904,101.41387999999995
1.7279840000000075,98.75933000000003
1.7839840000000247,95.66574000000006
1.8399839999999956,92.3836200000001
1.8959840000000128,89.08254999999987
1.95198400000003,85.8722300000001
1.9999759999999958,83.24235999999985
0.005576000000020641,82.99064
0.016776000000024077,82.48056000000004
0.03917600000003095,81.12127999999986
0.08397599999999837,75.18920000000007
0.13997600000001553,59.892849999999996
0.19597600000003274,36.026289999999904
0.2519760000000036,5.714060000000076
0.25757600000002845,2.3471099999998746
0.2687760000000319,-4.440149999999976
0.29117599999999244,-17.98491000000002
0.3359760000000062,-42.69678999999993
0.39197600000002336,-66.50554000000008
0.4479759999999942,-81.85417999999989
0.5039760000000114,-90.29559999999992
0.5599760000000286,-94.03379000000012
0.6159759999999994,-94.93327000000006
0.6719760000000166,-94.20982000000011
0.7279760000000338,-92.55738000000014
0.7839760000000047,-90.37733999999986
0.8399760000000218,-87.92750999999987
0.8959759999999927,-85.38453000000001
0.9519760000000098,-82.8645899999998
1.007976000000027,-80.43778999999995
1.0639759999999978,-78.14188999999993
1.1199760000000152,-75.99497999999994
1.1759760000000323,-74.00326000000001
1.231976000000003,-72.16600999999989
1.2879760000000202,-70.47808
1.3439759999999912,-68.93194999999986
1.3999760000000083,-67.51854000000002
1.4559760000000255,-66.22842000000007
1.5119759999999964,-65.05200999999983
1.5679760000000136,-63.98015000000012
1.6239760000000307,-63.00401
1.6799760000000015,-62.11542000000003
1.7359760000000188,-61.30668999999989
1.7919759999999896,-60.57084000000002
1.8479760000000067,-59.901319999999814
1.9039760000000239,-59.2922600000001
1.9599759999999948,-58.73816000000009
1.6000000019834495e-05,-58.373100000000065
0.005615999999998391,-58.369880000000094
0.016816000000001826,-58.35360000000001
0.039216000000008695,-57.961790000000015
0.08401600000002245,-53.88166999999999
0.14001599999999328,-40.75182999999982
0.1960160000000105,-18.901419999999945
0.25201600000002766,9.533559999999941
0.25761600000000623,12.720980000000104
0.26881600000000966,19.152080000000016
0.2912160000000165,32.00278000000001
0.33601600000003023,55.400839999999896
0.39201600000000114,77.70434000000014
0.4480160000000183,91.6914900000001
0.5040159999999891,98.89919000000003
0.5600160000000063,101.51544000000001
0.6160160000000235,101.39224999999996
0.6720159999999944,99.7357000000001
0.7280160000000115,97.23217000000007
0.7840160000000287,94.27624000000012
0.8400159999999995,91.11951000000018
0.8960160000000168,87.9326199999999
0.952016000000034,84.82622000000006
1.0080160000000047,81.86541000000003
1.064016000000022,79.08345999999989
1.1200159999999928,76.4942500000001
1.17601600000001,74.10017000000013
1.232016000000027,71.89712000000003
1.288015999999998,69.87657999999985
1.3440160000000152,68.02781000000002
1.4000160000000323,66.33898000000005
1.4560160000000033,64.79823000000007
1.5120160000000205,63.39373999999998
1.5680159999999912,62.11436000000003
1.6240160000000086,60.94943000000019
1.6800160000000257,59.88912999999996
1.7360159999999965,58.92421000000003
1.7920160000000136,58.046279999999896
1.8480160000000307,57.24755000000003
1.9040160000000017,56.520960000000066
1.9600160000000189,55.85999000000008
2.6056189295420372e-14,55.42512000000022
0.005600000000004613,55.41245000000017
0.016800000000008048,55.37737999999992
0.03920000000001492,54.94838000000013
0.08400000000002866,50.795099999999984
0.1399999999999995,37.579380000000164
0.1960000000000167,15.65621000000017
0.25200000000003386,-12.833380000000005
0.25760000000001243,-16.02517999999997
0.26880000000001586,-22.46481999999994
0.2912000000000227,-35.33174000000017
0.33599999999999014,-58.76161999999985
0.39200000000000734,-81.10663000000007
0.4480000000000245,-95.13700999999996
0.5039999999999953,-102.38725000000004
0.5600000000000126,-105.04351999999994
0.6160000000000297,-104.9568999999999
0.6720000000000006,-103.33355999999982
0.7280000000000177,-100.86041000000012
0.7840000000000349,-97.93238000000004
0.8400000000000057,-94.80120999999997
0.896000000000023,-91.63768000000006
0.9519999999999939,-88.55261999999998
0.999992000000006,-86.02113
1.005592000000031,-85.78037000000016
1.0167920000000343,-85.29206
1.0391919999999948,-83.9759
1.0839920000000085,-78.12922000000012
1.1399920000000259,-62.93599000000016
1.1959919999999966,-39.161409999999954
1.2519920000000138,-8.92271
1.2575919999999923,-5.561930000000048
1.268791999999996,1.2132899999999225
1.2911920000000028,14.73520000000006
1.3359920000000165,39.40361999999986
1.3919920000000336,63.15946000000005
1.4479920000000044,78.45633000000008
1.5039920000000215,86.84854000000009
1.5599919999999925,90.54149000000011
1.6159920000000096,91.40016000000006
1.6719920000000268,90.64011000000005
1.7279919999999978,88.95472999999998
1.783992000000015,86.74482000000006
1.839992000000032,84.26778000000002
1.895992000000003,81.69983999999997
1.9519920000000202,79.15684
0.00799199999999096,76.70874000000016
0.06399200000000814,74.39337000000012
0.11999200000002531,72.22886000000005
0.17599199999999618,70.22117999999989
0.23199200000001335,68.36927000000004
0.28799200000003056,66.66780999999999
0.3439920000000014,65.10916999999993
0.39999200000001855,63.68426000000005
0.4559919999999894,62.38360999999992
0.5119920000000066,61.197570000000034
0.5679920000000238,60.116929999999954
0.6239919999999947,59.13279999999999
0.6799920000000118,58.23696000000012
0.735992000000029,57.42168000000003
0.7919919999999998,56.679889999999844
0.8479920000000171,56.0050099999998
0.9039920000000342,55.39110999999997
0.9599920000000051,54.832679999999854
0.9999760000000122,54.46527000000012
1.0055759999999907,54.461639999999974
1.0167759999999941,54.444479999999906
1.039176000000001,54.050230000000084
1.083976000000015,49.96233000000005
1.139976000000032,36.82154999999998
1.1959760000000028,14.967240000000048
1.25197600000002,-13.458570000000059
1.2575759999999987,-16.644270000000017
1.2687760000000021,-23.071829999999906
1.291176000000009,-35.915270000000056
1.3359760000000227,-59.30097000000001
1.3919759999999934,-81.59584000000008
1.4479760000000106,-95.58116999999999
1.503976000000028,-102.7907400000001
1.5599759999999987,-105.41007999999997
1.6159760000000158,-105.28983999999997
1.671976000000033,-103.63584000000014
1.727976000000004,-101.13474999999994
1.783976000000021,-98.18126000000005
1.839975999999992,-95.02689999999991
1.8959760000000092,-91.84225999999995
1.9519760000000264,-88.7379800000001
2.4000000010028654e-05,-86.18850999999994
0.0056240000000349075,-85.94608999999997
0.016823999999992022,-85.45448999999982
0.03922399999999889,-84.13198
0.08402400000001263,-78.27338999999989
0.14002400000002982,-63.06659999999997
0.19602400000000067,-39.27965999999983
0.25202400000001784,-9.029610000000021
0.2576239999999964,-5.667749999999971
0.26882399999999984,1.1096100000000941
0.2912240000000067,14.635689999999979
0.3360240000000205,39.31198999999985
0.3920239999999913,63.07682000000003
0.44802400000000847,78.38186000000013
0.5040240000000257,86.78149000000013
0.5600239999999965,90.48122000000004
0.6160240000000137,91.34610999999992
0.6720240000000309,90.59173999999982
0.7280240000000018,88.9115599999999
0.7840240000000189,86.70639000000003
0.8400239999999898,84.23368000000009
0.8960240000000069,81.66969000000002
0.9520240000000241,79.13028999999993
1.008023999999995,76.68547999999986
1.064024000000012,74.37309999999985
1.1200240000000294,72.21132000000009
1.1760240000000002,70.20612000000015
1.2320240000000173,68.35648000000005
1.2880240000000345,66.65709000000008
1.3440240000000054,65.10035000000003
1.4000240000000226,63.67716000000012
1.4560239999999935,62.378060000000126
1.5120240000000107,61.193449999999984
1.5680240000000278,60.1141300000001
1.6240239999999986,59.131190000000004
1.6800240000000157,58.236439999999945
1.736024000000033,57.42215000000006
1.7920240000000038,56.6812699999999
1.848024000000021,56.00723000000008
1.904023999999992,55.3941
1.960024000000009,54.83634999999998
8.000000016250349e-06,54.46941000000005
0.005607999999994807,54.465839999999986
0.016807999999998244,54.448809999999796
0.039208000000005114,54.05479000000013
0.08400800000001886,49.96736000000013
0.14000799999998972,36.82714999999992
0.1960080000000069,14.973370000000097
0.25200800000002405,-13.45196000000004
0.2576080000000026,-16.63762000000002
0.26880800000000604,-23.06509999999995
0.29120800000001296,-35.90835999999986
0.3360080000000267,-59.2937
0.3920079999999975,-81.5881500000002
0.44800800000001473,-95.57309999999997
0.5040080000000319,-102.78231999999998
0.5600080000000027,-105.40136999999983
0.6160080000000199,-105.28084999999999
0.6720079999999907,-103.62662
0.728008000000008,-101.1253299999999
0.7840080000000251,-98.17165000000006
0.840007999999996,-95.01713000000001
0.8960080000000131,-91.83233000000013
0.9520080000000304,-88.72791000000002
0.9999999999999962,-86.18123
1.0056000000000211,-85.93878
1.0168000000000246,-85.44713000000014
1.0392000000000314,-84.12449
1.0839999999999987,-78.26562999999997
1.140000000000016,-63.05852999999995
1.1960000000000333,-39.27132999999983
1.252000000000004,-9.021090000000065
1.257600000000029,-5.659210000000137
1.2688000000000323,1.1181899999999079
1.2911999999999928,14.644330000000094
1.3360000000000065,39.320730000000026
1.3920000000000239,63.08572000000012
1.4479999999999946,78.39093000000008
1.5040000000000118,86.79076999999991
1.560000000000029,90.49069999999992
1.6159999999999999,91.35578
1.672000000000017,90.6015899999999
1.7280000000000342,88.92159
1.7840000000000051,86.71658999999998
1.8400000000000223,84.24403000000002
1.895999999999993,81.68017000000005
1.9520000000000104,79.14090000000007
1.9999920000000224,77.03777999999994
0.0055920000000010284,76.84446999999994
0.016792000000004463,76.45003000000017
0.039192000000011336,75.31494999999988
0.08399200000002507,69.80498000000001
0.13999199999999593,54.99327999999992
0.1959920000000131,31.570630000000044
0.2519920000000303,1.6678900000000052
0.25759200000000887,-1.6599800000001164
0.2687920000000123,-8.369749999999954
0.29119200000001916,-21.763659999999962
0.3359920000000329,-46.191430000000146
0.3919920000000037,-69.67723999999987
0.44799200000002093,-84.7354600000001
0.5039919999999918,-92.91462000000017
0.5599920000000089,-96.41489000000014
0.6159920000000262,-97.09780999999995
0.671991999999997,-96.1770099999999
0.7279920000000142,-94.34472999999998
0.7839920000000313,-92.00085999999996
0.8399920000000022,-89.40187999999982
0.8959920000000194,-86.72303999999986
0.9519919999999903,-84.07937999999993
1.0079920000000073,-81.54001999999983
1.0639920000000247,-79.14178999999999
1.1199919999999954,-76.90182000000001
1.1759920000000126,-74.82540999999986
1.2319920000000297,-72.9111
1.2879920000000007,-71.15305000000016
1.3439920000000178,-69.54309000000003
1.399992000000035,-68.07158999999996
1.455992000000006,-66.72860999999996
1.511992000000023,-65.5040899999999
1.5679919999999938,-64.38843000000017
1.6239920000000112,-63.37243000000004
1.6799920000000284,-62.44755000000013
1.735991999999999,-61.60579999999993
1.7919920000000162,-60.839869999999905
1.8479920000000334,-60.14297999999996
1.9039920000000043,-59.50898999999987
1.9599920000000215,-58.93219999999988
1.9999760000000286,-58.552680000000024
0.0055760000000072505,-58.547450000000055
0.016776000000010685,-58.52718999999995
0.03917600000001756,-58.12763999999993
0.0839760000000313,-54.032969999999956
0.13997600000000215,-40.886530000000086
0.19597600000001933,-19.021069999999973
0.2519759999999902,9.42763999999996
0.25757600000001507,12.616350000000054
0.2687760000000185,19.05002000000011
0.29117600000002536,31.905729999999856
0.3359759999999928,55.31319999999984
0.39197600000001,77.62749999999996
0.44797600000002713,91.62453000000004
0.503975999999998,98.84131000000008
0.5599760000000152,101.46593000000004
0.6159760000000324,101.35041
0.6719760000000032,99.70091000000014
0.7279760000000204,97.20383999999993
0.7839759999999912,94.2538100000001
0.8399760000000084,91.10246000000011
0.8959760000000256,87.92047999999997
0.9519759999999965,84.81856999999992
1.0000240000000264,82.27088999999998
1.005624000000005,82.0286400000001
1.0168240000000084,81.53725999999995
1.0392240000000155,80.21429000000002
1.0840240000000292,74.35046999999994
1.140024,59.13227999999982
1.196024000000017,35.33750999999996
1.2520240000000342,5.091860000000059
1.257624000000013,1.7312800000000017
1.2688240000000164,-5.043359999999941
1.2912240000000232,-18.563519999999833
1.3360239999999906,-43.22901999999984
1.3920240000000077,-66.98499999999984
1.4480240000000248,-82.28619000000003
1.5040239999999958,-90.68480000000001
1.560024000000013,-94.38423999999989
1.61602400000003,-95.2484899999999
1.672024000000001,-94.49295000000002
1.7280240000000182,-92.81130999999986
1.7840240000000354,-90.60466999999983
1.8400240000000063,-88.13065000000009
1.8960240000000235,-85.56562999999984
1.9520239999999942,-83.02564000000001
0.008024000000011449,-80.5805799999999
0.06402400000002863,-78.2680699999998
0.12002399999999948,-76.10603999999998
0.17602400000001667,-74.10053999999988
0.23202400000003384,-72.25075999999997
0.2880240000000047,-70.55141999999992
0.34402400000002187,-68.99489000000014
0.4000239999999927,-67.57200000000019
0.4560240000000099,-66.27327000000017
0.5120240000000271,-65.08899000000001
0.568023999999998,-64.00996999999987
0.6240240000000151,-63.0272999999999
0.6800240000000323,-62.13277000000006
0.7360240000000031,-61.31861999999999
0.7920240000000204,-60.57783000000016
0.8480239999999912,-59.90381
0.9040240000000084,-59.29063000000001
0.9600240000000255,-58.732800000000026
1.0160239999999965,-58.22536
1.0720240000000136,-57.76373000000001
1.1280240000000308,-57.343810000000104
1.1840240000000015,-56.96180000000006
1.2400240000000189,-56.614300000000114
1.2960239999999896,-56.298169999999814
1.3520240000000068,-56.01057999999992
1.408024000000024,-55.74894999999991
1.4640239999999949,-55.51093000000007
1.520024000000012,-55.29438000000009
1.5760240000000292,-55.09736999999993
1.6320240000000001,-54.9181299999999
1.6880240000000173,-54.755059999999965
1.7440240000000344,-54.60668000000002
1.8000240000000054,-54.47168999999996
1.8560240000000225,-54.348859999999945
1.9120239999999933,-54.23709999999993
1.9680240000000104,-54.13540999999999
0.02402400000002768,-54.042889999999844
0.08002399999999854,-53.95868000000004
0.13602400000001572,-53.882070000000006
0.1920240000000329,-53.812360000000005
0.24802400000000374,-53.74893000000003
0.30402400000002094,-53.69118999999989
0.3600239999999918,-53.63867
0.41602400000000894,-53.59086000000013
0.47202400000002614,-53.54735999999982
0.5280239999999969,-53.50776999999995
0.5840240000000142,-53.47174999999993
0.6400240000000313,-53.43896000000004
0.6960240000000022,-53.40911999999997
0.7520240000000193,-53.38196000000006
0.8080239999999902,-53.35724999999991
0.8640240000000075,-53.33474999999987
0.9200240000000246,-53.31427999999994
0.9760239999999955,-53.29563999999998
1.0320240000000127,-53.27868999999996
1.0880240000000299,-53.26324000000015
1.1440240000000006,-53.249190000000056
1.2000240000000177,-53.23639999999985
1.2560240000000351,-53.2247600000002
1.3120240000000059,-53.214150000000075
1.368024000000023,-53.204509999999814
1.424023999999994,-53.195719999999945
1.480024000000011,-53.18771999999994
1.5360240000000283,-53.18044999999994
1.5920239999999992,-53.173820000000035
1.6480240000000164,-53.16777999999989
1.7040240000000335,-53.16229000000017
1.7600240000000043,-53.15728999999991
1.8160240000000216,-53.15272999999987
1.8720239999999924,-53.14859000000016
1.9280240000000095,-53.14481000000004
1.9840240000000267,-53.14137000000008
0.04002399999999759,-53.138230000000064
0.09602400000001476,-53.135319999999986
0.15202400000003194,-53.132659999999944
0.2080240000000028,-53.130230000000054
0.26402400000001996,-53.12804000000004
0.3200239999999908,-53.12604999999992
0.376024000000008,-53.12424999999998
0.43202400000002517,-53.1226199999999
0.48802399999999607,-53.12114000000001
0.5440240000000133,-53.11979
0.6000240000000304,-53.118559999999924
0.6560240000000013,-53.117439999999846
0.7120240000000184,-53.116429999999994
0.7680239999999893,-53.1155000000001
0.8240240000000064,-53.11465999999987
0.8800240000000237,-53.113900000000044
0.9360239999999945,-53.113199999999864
0.9920240000000117,-53.11257000000013
0.9999759999999989,-53.11248000000002
1.0055760000000238,-53.15806999999984
1.0167760000000272,-53.23843000000017
1.039176000000034,-53.034049999999944
1.0839760000000014,-49.30621000000013
1.1399760000000185,-36.57934000000007
1.1959759999999895,-15.09820999999989
1.2519760000000066,12.995089999999987
1.2575760000000316,16.149890000000113
1.268776000000035,22.516339999999914
1.2911759999999954,35.24130999999997
1.3359760000000092,58.4028099999998
1.3919760000000265,80.43767999999996
1.4479759999999973,94.18311999999985
1.5039760000000144,101.17214000000007
1.5599760000000316,103.58955000000014
1.6159760000000025,103.2849600000001
1.6719760000000197,101.46283
1.7279759999999906,98.80824999999982
1.7839760000000078,95.71462000000008
1.839976000000025,92.43245
1.8959759999999957,89.13134000000001
1.951976000000013,85.9209700000001
0.007976000000030114,82.86553000000008
0.06397600000000098,79.99750000000017
0.11997600000001815,77.32997000000009
0.17597600000003533,74.86455999999997
0.23197600000000618,72.59645000000003
0.2879760000000234,70.51680999999999
0.34397599999999423,68.61448000000014
0.3999760000000114,66.87701999999996
0.4559760000000286,65.29200999999985
0.5119759999999994,63.847250000000024
0.5679760000000166,62.53120000000001
0.6239760000000338,61.332890000000084
0.6799760000000047,60.242189999999866
0.7359760000000218,59.24963000000005
0.7919759999999927,58.346530000000115
0.8479760000000098,57.52489999999999
0.903976000000027,56.77747000000011
0.9599759999999979,56.09753999999989
1.0000160000000229,55.64955999999999
1.0056160000000014,55.635219999999876
1.0168160000000048,55.59684999999992
1.0392160000000117,55.161440000000006
1.0840160000000256,50.99615999999996
1.1400159999999964,37.76665000000001
1.1960160000000135,15.830689999999814
1.2520160000000307,-12.67093000000008
1.2576160000000094,-15.863880000000163
1.2688160000000128,-22.30581999999992
1.2912160000000197,-35.177220000000005
1.3360160000000334,-58.615489999999994
1.3920160000000041,-80.96992000000003
1.4480160000000213,-95.00864000000009
1.5040159999999922,-102.26636
1.5600160000000094,-104.9293699999998
1.6160160000000265,-104.84888999999997
1.6720159999999975,-103.23115000000004
1.7280160000000147,-100.76313000000003
1.7840160000000318,-97.83978000000016
1.8400160000000028,-94.71286999999995
1.89601600000002,-91.55323999999987
1.9520159999999906,-88.47172000000003
8.000000002860364e-06,-85.9430200000002
0.005608000000027739,-85.70256999999981
0.016808000000031176,-85.21486999999995
0.03920799999999172,-83.89989000000008
0.08400800000000547,-78.05535000000008
0.14000800000002264,-62.86451000000004
0.1960079999999935,-39.092139999999944
0.25200800000001067,-8.855609999999903
0.25760800000003553,-5.495029999999845
0.26880799999999266,1.279750000000135
0.2912079999999995,14.800819999999826
0.3360080000000133,39.46766000000012
0.39200800000003044,63.22173999999991
0.4480080000000013,78.51709000000007
0.5040080000000186,86.90793000000019
0.5600079999999894,90.59963999999998
0.6160080000000066,91.45716999999998
0.6720080000000237,90.69605000000003
0.7280079999999945,89.00968999999992
0.7840080000000117,86.79886000000003
0.840008000000029,84.32097999999999
0.8960079999999998,81.75225000000009
0.952008000000017,79.20855000000016
1.0080080000000342,76.75979000000011
1.064008000000005,74.44381999999993
1.120008000000022,72.27874999999995
1.176007999999993,70.27055999999999
1.2320080000000102,68.41817999999988
1.2880080000000274,66.71629000000001
1.3440079999999983,65.15727999999999
1.4000080000000155,63.73202
1.4560080000000326,62.43103999999988
1.5120080000000033,61.244690000000105
1.5680080000000207,60.16376999999995
1.6240079999999915,59.17938999999994
1.6800080000000086,58.28333000000008
1.7360080000000258,57.46783
1.7920079999999967,56.72584999999985
1.8480080000000139,56.05079000000002
1.904008000000031,55.43672000000011
1.960008000000002,54.878139999999796
1.999992000000009,54.510630000000006
0.005592000000033961,54.506989999999924
0.016791999999991074,54.48980999999997
0.039191999999997944,54.09550000000007
0.08399200000001168,50.00753999999996
0.13999200000002887,36.86669000000009
0.19599199999999972,15.01220999999986
0.2519920000000169,-13.413919999999857
0.25759199999999544,-16.599660000000014
0.2687919999999989,-23.02731000000002
0.2911920000000058,-35.87091000000009
0.3359920000000195,-59.25688000000018
0.39199199999999035,-81.55195999999987
0.44799200000000755,-95.53737000000018
0.5039920000000248,-102.74695
0.5599919999999956,-105.36629000000008
0.6159920000000128,-105.24602000000004
0.6719920000000299,-103.59201000000007
0.7279920000000007,-101.09093000000003
0.783992000000018,-98.13743999999991
0.8399920000000352,-94.98310000000009
0.895992000000006,-91.79848999999996
0.9519920000000232,-88.69422000000004
1.007991999999994,-85.73547000000015
1.0639920000000112,-82.95571000000001
1.1199920000000283,-80.36887000000004
1.1759919999999993,-77.97717999999998
1.2319920000000164,-75.7762099999999
1.2879920000000336,-73.75746999999988
1.3439920000000045,-71.91040000000015
1.3999920000000217,-70.22324000000002
1.4559919999999924,-68.68410000000003
1.5119920000000098,-67.28115000000012
1.567992000000027,-66.00316999999988
1.6239919999999977,-64.83952000000004
1.6799920000000148,-63.78032999999994
1.7359920000000322,-62.816379999999896
1.791992000000003,-61.93928999999998
1.84799200000002,-61.14125000000015
1.903991999999991,-60.415230000000044
1.9599920000000082,-59.75471999999993
1.9999760000000153,-59.32008999999994
0.00557599999999386,-59.30747000000003
0.016775999999997297,-59.2725999999999
0.039176000000004166,-58.84467999999998
0.08397600000001791,-54.696650000000126
0.1399760000000351,-41.48915000000009
0.19597600000000595,-19.567770000000095
0.2519760000000231,8.932659999999926
0.2575760000000017,12.126309999999973
0.2687760000000051,18.5697600000001
0.291176000000012,31.444499999999877
0.33597600000002575,54.88779999999993
0.3919759999999966,77.24286000000014
0.44797600000001375,91.27662999999986
0.503976000000031,98.52665999999988
0.5599760000000018,101.18153000000008
0.615976000000019,101.09359000000006
0.6719759999999898,99.46924999999985
0.7279760000000071,96.99511000000017
0.7839760000000242,94.06599000000004
0.8399759999999951,90.93368000000001
0.8959760000000122,87.76903999999996
0.9519760000000294,84.6829
1.0000240000000131,82.14761000000004
1.0056239999999916,81.90671999999988
1.016823999999995,81.41808000000017
1.039224000000002,80.10037999999997
1.0840240000000156,74.24647000000006
1.1400240000000328,59.03961999999985
1.1960240000000038,35.25518000000005
1.252024000000021,5.019019999999985
1.2576239999999994,1.6593400000000091
1.2688240000000028,-5.113499999999993
1.2912240000000097,-18.63020999999998
1.3360240000000236,-43.289149999999886
1.3920239999999944,-67.03763000000018
1.4480240000000115,-82.33201999999994
1.5040240000000287,-90.7244599999999
1.5600239999999996,-94.41827000000002
1.6160240000000168,-95.27737999999997
1.672024000000034,-94.51715999999988
1.728024000000005,-92.83125999999986
1.784024000000022,-90.62073000000015
1.8400239999999928,-88.14317999999987
1.89602400000001,-85.57495000000004
1.9520240000000273,-83.03203999999997
1.5999999993054522e-05,-80.92629000000007
0.005616000000017933,-80.73272000000009
0.01681600000002137,-80.33785999999998
0.03921600000002824,-79.20278000000013
0.08401599999999566,-73.69672999999999
0.14001600000001285,-58.893909999999885
0.19601600000003003,-35.475960000000086
0.25201600000000085,-5.565739999999986
0.25761600000002577,-2.23630000000008
0.2688160000000292,4.476729999999929
0.29121599999998976,17.87757999999995
0.3360160000000035,42.3178099999999
0.3920160000000207,65.81393999999996
0.44801599999999153,80.87684999999989
0.5040160000000087,89.05742000000005
0.5600160000000258,92.55807999999988
0.6160159999999967,93.24154999999989
0.6720160000000139,92.32169000000012
0.7280160000000311,90.49059000000015
0.7840160000000019,88.14787000000001
0.8400160000000191,85.54983999999988
0.8960159999999899,82.87172999999993
0.9520160000000072,80.22847
1.0000080000000193,78.04367999999995
1.0056079999999978,77.84131999999988
1.0168080000000013,77.42895000000006
1.0392080000000081,76.25912999999996
1.0840080000000218,70.68388999999998
1.1400079999999928,55.79750999999988
1.19600800000001,32.30622999999988
1.252008000000027,2.339629999999815
1.2576080000000056,-0.9943599999999719
1.268808000000009,-7.716249999999869
1.291208000000016,-21.133790000000154
1.3360080000000298,-45.606050000000174
1.3920080000000006,-69.14231999999987
1.4480080000000177,-84.24576999999988
1.5040080000000349,-92.46566999999995
1.5600080000000058,-96.00284999999987
1.616008000000023,-96.71934999999988
1.672007999999994,-95.82913999999998
1.728008000000011,-94.02474999999998
1.7840080000000282,-91.70629000000008
1.840007999999999,-89.13046000000003
1.8960080000000163,-86.47272000000017
1.9520080000000335,-83.84824999999995
1.9999999999999993,-81.67850999999993
0.005600000000024155,-81.47785999999991
0.01680000000002759,-81.06897999999995
0.039200000000034464,-79.90671000000016
0.08400000000000188,-74.34963000000016
0.14000000000001905,-59.48859999999989
0.1959999999999899,-36.01734999999984
0.2520000000000071,-6.057760000000023
0.25760000000003197,-2.723599999999937
0.2688000000000354,3.998799999999969
0.29119999999999596,17.417859999999898
0.3360000000000097,41.892470000000074
0.3920000000000269,65.42772999999991
0.44799999999999773,80.52590000000004
0.5040000000000149,88.73836999999996
0.5600000000000321,92.26802000000012
0.616000000000003,92.97790999999988
0.6720000000000201,92.08214000000004
0.727999999999991,90.27301999999993
0.7840000000000081,87.95032999999997
0.8400000000000254,85.37055999999987
0.8959999999999962,82.70906
0.9520000000000134,80.08090999999995
1.0080000000000306,77.5553200000001
1.0640000000000014,75.16934000000019
1.1200000000000185,72.94040999999996
1.1759999999999895,70.8742
1.2320000000000066,68.96926000000003
1.2880000000000238,67.21964999999996
1.3439999999999948,65.61722000000003
1.400000000000012,64.15244999999992
1.456000000000029,62.815500000000135
1.5119999999999998,61.59643000000003
1.568000000000017,60.485729999999904
1.6240000000000343,59.47426
1.680000000000005,58.553540000000126
1.7360000000000222,57.715609999999806
1.7919999999999932,56.9532199999998
1.8480000000000103,56.25960000000019
1.9040000000000274,55.62864000000012
1.9599999999999984,55.054689999999965
1.9999840000000055,54.67707000000011
0.005584000000030377,54.67208000000001
0.016784000000033814,54.65220999999998
0.03918399999999436,54.25271000000009
0.08398400000000811,50.15499000000001
0.13998400000002528,37.002989999999954
0.19598399999999613,15.13827000000001
0.2519840000000133,-13.297370000000086
0.2575839999999919,-16.484019999999823
0.2687839999999953,-22.91346999999999
0.29118400000000216,-35.7605700000001
0.33598400000001594,-59.153100000000066
0.3919840000000331,-81.4555899999998
0.44798400000000393,-95.44763
0.5039840000000211,-102.66321
0.559983999999992,-105.28800000000005
0.6159840000000092,-105.17271999999988
0.6719840000000263,-103.52326999999994
0.7279839999999972,-101.02637999999997
0.7839840000000143,-98.07670999999996
0.8399840000000316,-94.92586999999997
0.8959840000000024,-91.74443999999981
0.9519840000000196,-88.6430600000001
1.0079839999999904,-85.68693999999999
1.0639840000000076,-82.90957999999992
1.1199840000000247,-80.32493000000018
1.1759839999999957,-77.93523000000002
1.2319840000000128,-75.73605999999988
1.28798400000003,-73.71896000000011
1.343984000000001,-71.87338999999993
1.399984000000018,-70.1875799999998
1.4559840000000353,-68.6496700000001
1.511984000000006,-67.24783000000012
1.5679840000000234,-65.97089
1.623983999999994,-64.80816000000011
1.6799840000000112,-63.74980000000008
1.7359840000000284,-62.78662000000001
1.7919839999999994,-61.9102199999999
1.8479840000000165,-61.11281999999996
1.9039840000000336,-60.38736999999994
1.9599840000000046,-59.72738
2.40000000295708e-05,-59.292510000000135
0.005624000000008128,-59.27994999999986
0.016824000000011562,-59.245159999999906
0.03922400000001843,-58.81743999999989
0.08402400000003218,-54.6697599999999
0.14002400000000303,-41.46267000000003
0.1960240000000202,-19.541699999999995
0.2520239999999911,8.958229999999956
0.25762400000001595,12.151829999999864
0.2688240000000194,18.595169999999996
0.29122400000002624,31.469689999999993
0.33602399999999366,54.912599999999976
0.39202400000001086,77.26725999999995
0.448024000000028,91.30072
0.5040239999999989,98.55051999999986
0.5600240000000161,101.20520999999982
0.6160240000000332,101.11712000000006
0.6720240000000041,99.49264000000002
0.7280240000000213,97.01839000000012
0.7840239999999922,94.08915000000006
0.8400240000000093,90.95673999999998
0.8960240000000265,87.79200000000009
0.9520239999999973,84.70577999999995
1.0080240000000145,81.76333999999996
1.0640240000000316,78.99809999999997
1.1200240000000026,76.42411000000004
1.1760240000000197,74.04387000000013
1.2320239999999907,71.85342000000006
1.2880240000000078,69.84433999999995
1.344024000000025,68.00600999999995
1.4000239999999957,66.32667999999997
1.456024000000013,64.79458999999999
1.5120240000000302,63.39797999999996
1.568024000000001,62.125780000000134
1.6240240000000181,60.967399999999785
1.6800240000000353,59.91304000000008
1.7360240000000062,58.95355000000002
1.7920240000000234,58.08057999999994
1.8480239999999943,57.28635000000004
1.9040240000000115,56.56386999999996
1.9600240000000286,55.906659999999995
7.999999989470377e-06,55.474250000000055
0.005608000000014349,55.46191
0.016808000000017784,55.42749999999997
0.039208000000024654,54.999790000000104
0.08400799999999208,50.84902999999996
0.14000800000000926,37.63625000000004
0.19600800000002644,15.71571000000005
0.2520079999999973,-12.771640000000195
0.25760800000002215,-15.963230000000106
0.2688080000000256,-22.402480000000004
0.2912080000000325,-35.26861999999986
0.3360079999999999,-58.69696000000002
0.39200800000001707,-81.04005000000014
0.44800800000003427,-95.06853999999998
0.5040080000000051,-102.3170299999998
0.5600080000000223,-104.97171000000006
0.6160079999999931,-104.88368000000014
0.6720080000000104,-103.25908999999989
0.7280080000000275,-100.7848600000001
0.7840079999999984,-97.85585000000019
0.8400080000000155,-94.72380999999986
0.8960080000000327,-91.55950000000001
0.9520080000000035,-88.47372000000009
1.0080080000000207,-85.53179999999982
1.0640079999999916,-82.76733999999996
1.1200080000000088,-80.19443000000015
1.176008000000026,-77.81542000000007
1.2320079999999969,-75.62596999999994
1.288008000000014,-73.61771999999989
1.3440080000000312,-71.78020000000006
1.400008000000002,-70.1017100000001
1.4560080000000193,-68.57046000000011
1.51200799999999,-67.17467999999994
1.5680080000000072,-65.90326000000002
1.6240080000000243,-64.7455400000001
1.6800079999999953,-63.69175999999999
1.7360080000000124,-62.73273999999995
1.7920080000000296,-61.86011999999997
1.8480080000000005,-61.06616999999992
1.9040080000000177,-60.343859999999914
1.9600080000000348,-59.68672000000019
1.9999919999999958,-59.25432000000019
0.005592000000020571,-59.24200999999996
0.016792000000024006,-59.207710000000134
0.039192000000030876,-58.780930000000176
0.0839919999999983,-54.63499999999999
0.13999200000001547,-41.42992000000012
0.19599200000003267,-19.51080999999988
0.2519920000000035,8.98737999999999
0.2575920000000284,12.18079999999988
0.26879200000003184,18.62382000000018
0.2911919999999924,31.497679999999974
0.3359920000000061,54.93937000000004
0.3919920000000233,77.2926599999999
0.4479919999999942,91.32490000000004
0.5039920000000113,98.57359999999993
0.5599920000000285,101.22728000000004
0.6159919999999993,101.13827999999981
0.6719920000000166,99.51295999999998
0.7279920000000337,97.0379400000001
0.7839920000000046,94.10799000000014
0.8399920000000217,90.97493999999995
0.8959919999999926,87.80961000000009
0.9519920000000098,84.72285000000012
1.0079920000000269,81.77990999999984
1.0639919999999978,79.01423000000007
1.119992000000015,76.43982000000005
1.1759920000000321,74.05920999999994
1.231992000000003,71.86841
1.2879920000000202,69.85902999999993
1.343991999999991,68.02040999999991
1.3999920000000083,66.34083000000012
1.4559920000000255,64.80848999999989
1.5119919999999962,63.41167000000003
1.5679920000000134,62.139269999999854
1.6239920000000307,60.98070999999994
1.6799920000000015,59.926190000000105
1.7359920000000186,58.96654999999984
1.7919919999999896,58.09343
1.8479920000000067,57.29907999999995
1.9039920000000239,56.57650000000003
1.9599919999999948,55.91917000000013
0.015992000000011924,55.32128000000003
0.0719920000000291,54.777419999999964
0.12799199999999997,54.28275000000005
0.18399200000001714,53.83278000000003
0.23999200000003432,53.42351000000001
0.2959920000000052,53.05121000000001
0.35199200000002234,52.71259000000006
0.4079919999999932,52.404569999999985
0.4639920000000104,52.12441000000001
0.5199920000000275,51.86955999999987
0.5759919999999984,51.63775999999998
0.6319920000000155,51.426889999999894
0.6879920000000328,51.23509000000004
0.7439920000000037,51.060620000000114
0.7999920000000208,50.901929999999986
0.8559919999999916,50.75756000000009
0.9119920000000088,50.62626999999998
0.967992000000026,50.50682000000006
1.023991999999997,50.39819000000012
1.079992000000014,50.29936999999984
1.1359920000000312,50.20948999999986
1.1919920000000022,50.127739999999974
1.2479920000000193,50.05338999999998
1.30399199999999,49.985749999999825
1.3599920000000072,49.924240000000175
1.4159920000000246,49.86829000000004
1.4719919999999953,49.81742000000011
1.5279920000000125,49.771149999999984
1.5839920000000296,49.72909000000003
1.6399920000000006,49.69081999999992
1.6959920000000177,49.656040000000125
1.7519920000000349,49.62441000000006
1.8079920000000058,49.595650000000106
1.863992000000023,49.56949999999982
1.9199919999999937,49.545740000000116
1.975992000000011,49.52413
0.03199200000002815,49.50451
0.087991999999999,49.48658000000017
0.1439920000000162,49.470120000000065
0.19999200000003337,49.45498999999987
0.2559920000000042,49.44127999999992
0.3119920000000214,49.42890000000011
0.36799199999999227,49.41771999999989
0.4239920000000094,49.40763000000015
0.4799920000000266,49.39851000000006
0.5359919999999975,49.39024000000014
0.5919920000000146,49.38276000000008
0.6479920000000319,49.375979999999984
0.7039920000000027,49.369839999999996
0.7599920000000199,49.364289999999976
0.8159919999999907,49.35925999999991
0.8719920000000079,49.354700000000086
0.927992000000025,49.35058999999997
0.983991999999996,49.34687000000015
1.0399920000000131,49.34351999999986
1.0959920000000303,49.34048000000013
1.1519920000000012,49.33775000000007
1.2079920000000184,49.33527999999998
1.2639920000000355,49.33307000000009
1.3199920000000063,49.33107999999997
1.3759920000000236,49.32930000000013
1.4319919999999944,49.327710000000025
1.4879920000000115,49.326269999999894
1.5439920000000287,49.32500000000006
1.5999919999999996,49.32386999999983
1.6559920000000168,49.32287000000013
1.711992000000034,49.32196999999982
1.767992000000005,49.32119000000013
1.823992000000022,49.320509999999814
1.8799919999999928,49.31990999999991
1.93599200000001,49.3193999999999
1.9919920000000273,49.31895999999991
0.04799199999999806,49.31858
0.10399200000001524,49.31827000000011
0.1599920000000324,49.318009999999916
0.21599200000000326,49.317810000000016
0.27199200000002044,49.31764999999988
0.3279919999999913,49.31752
0.3839920000000085,49.31744999999999
0.43999200000002564,49.31739999999984
0.49599199999999655,49.317389999999904
0.5519920000000137,49.31741000000001
0.6079920000000308,49.31744999999999
0.6639920000000017,49.31752
0.719992000000019,49.31762000000006
0.7759919999999898,49.31773000000006
0.831992000000007,49.31785999999994
0.8879920000000241,49.318009999999916
0.943991999999995,49.31817999999999
0.9999920000000122,49.318360000000006
1.0055919999999907,49.36399000000002
1.0167919999999941,49.44440000000006
1.039192000000001,49.2394599999999
1.0839920000000147,45.50790000000005
1.1399920000000319,32.77562
1.1959920000000028,11.296129999999849
1.25199200000002,-16.783219999999986
1.2575919999999985,-19.935889999999958
1.268792000000002,-26.29798999999999
1.2911920000000088,-39.01414000000014
1.3359920000000225,-62.160479999999964
1.3919919999999935,-84.18367999999998
1.4479920000000106,-97.92478000000004
1.5039920000000278,-104.91366999999995
1.5599919999999987,-107.33255999999992
1.6159920000000159,-107.02969000000007
1.671992000000033,-105.20916999999996
1.727992000000004,-102.55630000000005
1.7839920000000211,-99.46454999999999
1.8399919999999919,-96.18430000000001
1.895992000000009,-92.88514999999987
1.9519920000000262,-89.67670999999999
0.007991999999997113,-86.62312999999999
0.06399200000001429,-83.75695999999988
0.11999200000003146,-81.09147999999999
0.1759920000000023,-78.62824999999995
0.23199200000001952,-76.36220999999988
0.28799199999999037,-74.28427000000015
0.3439920000000075,-72.38336000000012
0.3999920000000247,-70.64720999999996
0.45599199999999557,-69.06348000000007
0.5119920000000128,-67.61994999999987
0.5679920000000299,-66.30504999999998
0.6239920000000008,-65.10779000000011
0.6799920000000179,-64.01800000000013
0.7359920000000352,-63.026209999999864
0.791992000000006,-62.123759999999976
0.8479920000000232,-61.302640000000075
0.903991999999994,-60.55561999999992
0.9599920000000112,-59.87597
0.9999760000000184,-59.428739999999976
1.005575999999997,-59.41444000000007
1.0167760000000003,-59.37620999999993
1.0391760000000072,-58.94177999999983
1.083976000000021,-54.7814499999999
1.1399759999999919,-41.55984999999984
1.195976000000009,-19.62565999999999
1.2519760000000262,8.886359999999982
1.2575760000000047,12.081100000000067
1.2687760000000081,18.526720000000108
1.291176000000015,31.40565999999989
1.3359760000000287,54.856910000000035
1.3919759999999997,77.22114999999997
1.4479760000000168,91.26337000000007
1.503976000000034,98.52115000000006
1.559976000000005,101.18313000000012
1.615976000000022,101.10170000000008
1.6719759999999928,99.48329
1.7279760000000102,97.01457000000002
1.7839760000000273,94.09036999999998
1.839975999999998,90.96256000000014
1.8959760000000152,87.80198999999999
1.9519760000000326,84.71958000000002
0.007976000000003335,81.78060000000009
0.06397600000002052,79.01851999999998
0.11997599999999137,76.44740000000016
0.17597600000000854,74.06979999999996
0.23197600000002572,71.88172999999986
0.28797599999999657,69.87483999999999
0.34397600000001377,68.03848999999995
0.3999760000000309,66.36099000000017
0.45597600000000177,64.83055000000016
0.511976000000019,63.43546000000022
0.5679759999999898,62.16464999999993
0.623976000000007,61.007540000000084
0.6799760000000242,59.954349999999934
0.7359759999999951,58.99590999999993
0.7919760000000122,58.123909999999945
0.8479760000000294,57.33057999999991
0.9039760000000002,56.60891000000001
0.9599760000000175,55.95244999999993
1.0159760000000346,55.35533999999998
1.0719760000000054,54.81219000000004
1.1279760000000227,54.318169999999945
1.1839759999999935,53.86880999999999
1.2399760000000106,53.4600999999999
1.2959760000000278,53.08832000000008
1.3519759999999987,52.75017000000015
1.4079760000000159,52.44258000000013
1.463976000000033,52.16281999999994
1.519976000000004,51.908339999999995
1.5759760000000211,51.67686000000016
1.6319759999999919,51.46631999999984
1.6879760000000092,51.27481
1.7439760000000264,51.10059999999983
1.7999759999999971,50.94215999999996
1.8559760000000143,50.79803000000016
1.9119760000000314,50.6669500000001
1.9679760000000024,50.54771000000002
8.000000022402505e-06,50.48445000000012
0.0056080000000009594,50.51940999999993
0.016808000000004396,50.57866999999994
0.03920800000001127,50.33266000000003
0.08400800000002501,46.52367000000002
0.14000799999999586,33.70251999999985
0.19600800000001303,12.14135999999999
0.2520080000000302,-16.0136099999999
0.2576080000000088,-19.173510000000114
0.2688080000000122,-25.549910000000065
0.29120800000001906,-38.29386000000001
0.33600800000003284,-61.492439999999874
0.3920080000000037,-83.57479999999984
0.4480080000000209,-97.36896000000006
0.5040079999999917,-104.40568999999988
0.5600080000000089,-106.86801999999985
0.6160080000000261,-106.60471999999999
0.6720079999999969,-104.82027999999998
0.7280080000000141,-102.20032999999984
0.7840080000000312,-99.1385600000001
0.8400080000000022,-95.88563999999988
0.8960080000000193,-92.61133999999993
0.9520079999999902,-89.42556999999995
1.0080080000000073,-86.39261000000009
1.0640080000000245,-83.54520999999981
1.1200079999999955,-80.8968200000002
1.1760080000000126,-78.44914000000003
1.2320080000000297,-76.19724000000016
1.2880080000000007,-74.1321800000001
1.3440080000000179,-72.24299000000012
1.400008000000035,-70.51750999999994
1.4560080000000057,-68.94350000000004
1.512008000000023,-67.50881000000008
1.5680079999999939,-66.20197999999999
1.624008000000011,-65.01204999999999
1.6800080000000281,-63.928949999999986
1.736007999999999,-62.94323999999985
1.7920080000000163,-62.04633999999998
1.8480080000000334,-61.23027999999997
1.9040080000000044,-60.48786000000006
1.9600080000000215,-59.81240999999993
1.9999920000000286,-59.36794999999995
0.005592000000007181,-59.354010000000066
0.016792000000010618,-59.3165200000001
0.03919200000001749,-58.88351000000003
0.08399200000003124,-54.72582999999997
0.1399920000000021,-41.50725
0.19599200000001926,-19.57582000000002
0.2519919999999901,8.933589999999825
0.257592000000015,12.128079999999875
0.26879200000001846,18.573200000000067
0.2911920000000253,31.45114999999987
0.33599199999999274,54.90057999999998
0.3919920000000099,77.26276999999993
0.4479920000000271,91.30315000000012
0.5039919999999979,98.55926999999997
0.5599920000000151,101.21972000000001
0.6159920000000323,101.13688999999981
0.6719920000000031,99.5171800000001
0.7279920000000203,97.04724999999992
0.7839919999999911,94.12195999999983
0.8399920000000084,90.99312000000003
0.8959920000000255,87.83162999999993
0.9519919999999964,84.74835000000014
1.0079920000000135,81.80860000000001
1.0639920000000307,79.04579999999983
1.1199920000000017,76.47402000000002
1.1759920000000188,74.09580999999999
1.231992000000036,71.90719000000013
1.287992000000007,69.89979000000002
1.343992000000024,68.06298000000011
1.3999919999999948,66.38505000000006
1.455992000000012,64.85421999999997
1.5119920000000293,63.45877000000022
1.567992,62.18762999999994
1.6239920000000172,61.030209999999975
1.6799920000000343,59.97674000000019
1.7359920000000053,59.01805000000016
1.7919920000000225,58.145810000000075
1.8479919999999934,57.352260000000044
1.9039920000000106,56.63040000000019
1.9599920000000277,55.97373999999999
1.9999760000000348,55.54170000000003
0.005576000000013403,55.52940999999989
0.01677600000001684,55.49510999999985
0.03917600000002371,55.067599999999885
0.08397599999999113,50.917270000000016
0.13997600000000832,37.70501000000004
0.1959760000000255,15.784769999999781
0.25197599999999637,-12.70256000000014
0.25757600000002123,-15.89416999999993
0.26877600000002466,-22.333429999999986
0.2911760000000315,-35.19962999999993
0.33597599999999894,-58.628039999999885
0.39197600000001614,-80.9710400000001
0.4479760000000333,-94.99928999999985
0.5039760000000042,-102.2474499999999
0.5599760000000213,-104.90178999999999
0.6159759999999922,-104.8134300000001
0.6719760000000093,-103.18855999999998
0.7279760000000266,-100.71406999999999
0.7839759999999975,-97.78485000000003
0.8399760000000146,-94.65263000000013
0.8959760000000317,-91.48815999999994
0.9519760000000026,-88.40223999999996
1.0000240000000327,-85.86720000000003
1.0056240000000112,-85.6263799999999
1.0168240000000146,-85.13794999999979
1.0392240000000215,-83.82153000000004
1.0840240000000352,-77.97420000000011
1.1400240000000061,-62.78010000000012
1.1960240000000233,-39.0049400000001
1.2520239999999943,-8.766260000000026
1.257624000000019,-5.405509999999891
1.2688240000000224,1.369610000000021
1.2912240000000292,14.89132999999998
1.3360239999999968,39.55942000000001
1.392024000000014,63.315079999999966
1.448024000000031,78.6121099999999
1.504024000000002,87.00466999999978
1.5600240000000192,90.69802999999999
1.61602399999999,91.55711000000011
1.6720240000000073,90.7974199999999
1.7280240000000244,89.11234999999995
1.7840239999999952,86.9027
1.8400240000000123,84.4258899999999
1.8960240000000295,81.85814000000002
1.9520240000000004,79.31531999999986
1.6000000012596663e-05,77.20938
0.005615999999991153,77.01575999999987
0.01681599999999459,76.62071000000003
0.03921600000000146,75.48447999999985
0.0840160000000152,69.97242999999997
0.1400160000000324,55.15840000000005
0.19601600000000324,31.733369999999983
0.2520160000000204,1.8279100000000437
0.25761599999999896,-1.500260000000031
0.2688160000000024,-8.210599999999957
0.2912160000000093,-21.605659999999858
0.336016000000023,-46.0355400000001
0.39201599999999387,-69.52347999999998
0.44801600000001107,-84.58332999999985
0.5040160000000282,-92.76377000000014
0.5600159999999991,-96.26508999999994
0.6160160000000162,-96.94897000000013
0.6720160000000335,-96.02904999999984
0.7280160000000043,-94.19762000000009
0.7840160000000215,-91.85454000000016
0.8400159999999923,-89.25629000000002
0.8960160000000095,-86.57815999999995
0.9520160000000267,-83.93512999999997
1.0000079999999925,-81.75084
1.0056080000000174,-81.54857999999999
1.0168080000000208,-81.13649000000001
1.0392080000000277,-79.96800000000005
1.0840079999999952,-74.39912999999999
1.1400080000000123,-59.52453999999996
1.1960080000000295,-36.04099999999999
1.2520080000000005,-6.070339999999952
1.2576080000000252,-2.7351500000001305
1.2688080000000286,3.989289999999812
1.2912080000000357,17.412339999999915
1.336008000000003,41.89445999999997
1.3920080000000201,65.4384400000001
1.448007999999991,80.54464999999999
1.5040080000000082,88.76450999999986
1.5600080000000254,92.30092999999995
1.6160079999999961,93.01700000000012
1.6720080000000135,92.12685999999981
1.7280080000000306,90.32285000000017
1.7840080000000014,88.00480999999994
1.8400080000000185,85.42925999999996
1.8960080000000359,82.77160000000006
1.9520080000000066,80.14695000000005
0.008008000000023822,77.62453000000002
0.06400799999999468,75.24142999999994
0.12000800000001186,73.01514000000009
0.17600800000002903,70.95131999999981
0.23200799999999988,69.04854999999999
0.2880080000000171,67.30091000000016
0.34400800000003423,65.70027999999995
0.4000080000000051,64.23715000000007
0.4560080000000223,62.90170000000006
0.5120079999999931,61.68400000000007
0.5680080000000103,60.574550000000116
0.6240080000000275,59.56421
0.6800079999999984,58.64453000000003
0.7360080000000155,57.80754999999993
0.7920080000000327,57.04602000000003
0.8480080000000035,56.353190000000055
0.9040080000000208,55.722959999999986
0.9600079999999916,55.14967000000004
1.0160080000000087,54.62820999999995
1.072008000000026,54.15389999999998
1.1280079999999968,53.72251000000006
1.184008000000014,53.3301100000001
1.240008000000031,52.973219999999934
1.296008000000002,52.64859
1.3520080000000192,52.353329999999865
1.4080079999999902,52.08476000000006
1.4640080000000073,51.840499999999956
1.5200080000000245,51.61830999999984
1.5760079999999952,51.4162199999999
1.6320080000000126,51.232399999999956
1.6880080000000297,51.06521999999991
1.7440080000000004,50.91312999999986
1.8000080000000176,50.77482
1.8560080000000347,50.649000000000164
1.9120080000000057,50.534569999999945
1.9680080000000229,50.430479999999946
1.999984000000025,50.37536000000009
0.0055840000000035965,50.41167999999985
0.016784000000007033,50.47361000000006
0.0391840000000139,50.232810000000015
0.08398400000002765,46.43364999999999
0.1399839999999985,33.62377999999988
0.19598400000001567,12.072960000000021
0.25198400000003285,-16.07253999999991
0.2575840000000114,-19.231549999999984
0.26878400000001484,-25.606170000000095
0.2911840000000217,-38.34665000000004
0.3359840000000355,-61.53867999999996
0.3919840000000063,-83.61355999999986
0.4479840000000235,-97.40092000000011
0.5039839999999943,-104.43150999999995
0.5599840000000116,-106.88823999999997
0.6159840000000287,-106.6198599999999
0.6719839999999996,-104.83081999999987
0.7279840000000167,-102.20667999999988
0.7839840000000339,-99.14112000000009
0.8399840000000047,-95.88474000000002
0.895984000000022,-92.60731999999993
0.9519839999999928,-89.41869000000003
1.00798400000001,-86.38312999999998
1.0639840000000271,-83.53338
1.119983999999998,-80.88285000000006
1.1759840000000152,-78.43322000000019
1.2319840000000324,-76.17955999999992
1.2879840000000033,-74.11289000000009
1.3439840000000205,-72.2222400000001
1.3999839999999912,-70.49543000000003
1.4559840000000084,-68.92020999999993
1.5119840000000255,-67.48442000000021
1.5679839999999965,-66.17658000000004
1.6239840000000136,-64.98574999999995
1.6799840000000308,-63.90182000000011
1.7359840000000017,-62.915360000000085
1.791984000000019,-62.0177700000002
1.847984000000036,-61.20108999999996
1.903984000000007,-60.45809000000002
1.9599840000000242,-59.7821300000001
2.4000000002790825e-05,-59.33673000000006
0.005624000000027669,-59.32274999999998
0.016824000000031106,-59.28516999999989
0.039223999999991654,-58.852000000000125
0.0840240000000054,-54.69398999999986
0.14002400000002257,-41.47502000000003
0.19602399999999343,-19.543320000000143
0.25202400000001063,8.966210000000086
0.2576240000000355,12.160699999999913
0.2688239999999926,18.605820000000108
0.2912239999999995,31.483790000000013
0.3360240000000132,54.93323000000005
0.3920240000000304,77.29552000000007
0.44802400000000125,91.33605999999995
0.5040240000000185,98.59238000000015
0.5600240000000356,101.25304999999996
0.6160240000000065,101.17040000000021
0.6720240000000236,99.55088
0.7280239999999945,97.08111999999991
0.7840240000000117,94.15596000000015
0.8400240000000289,91.02725999999994
0.8960239999999997,87.8658699999999
0.9520240000000169,84.78269999999988
1.000016000000029,82.25262
1.0056160000000076,82.01196999999993
1.016816000000011,81.52379999999981
1.039216000000018,80.20706
1.0840160000000316,74.35502999999999
1.1400160000000026,59.150429999999865
1.1960160000000197,35.36788000000013
1.2520159999999905,5.133040000000033
1.2576160000000154,1.7734600000001155
1.2688160000000188,-4.9992000000000925
1.2912160000000257,-18.515539999999888
1.3360159999999932,-43.17376999999989
1.3920160000000104,-66.9211999999999
1.4480160000000275,-82.21441000000019
1.5040159999999985,-90.60562999999999
1.5600160000000156,-94.29828000000006
1.6160160000000328,-95.15634999999989
1.6720160000000035,-94.39522
1.7280160000000209,-92.70849999999986
1.7840159999999916,-90.49726999999996
1.8400160000000088,-88.01908000000003
1.896016000000026,-85.45029999999998
1.9520159999999969,-82.90690000000001
8.000000009012518e-06,-80.8007799999999
0.005608000000033891,-80.60716999999995
0.016807999999991004,-80.2122300000001
0.039207999999997876,-79.07696000000008
0.08400800000001162,-73.57038999999999
0.1400080000000288,-58.76688000000008
0.19600799999999965,-35.348460000000024
0.25200800000001683,-5.438250000000089
0.2576079999999954,-2.1088400000000007
0.2688079999999988,4.604119999999989
0.2912080000000057,18.00480999999987
0.33600800000001946,42.44479999999995
0.3920079999999903,65.94084000000011
0.44800800000000746,81.00390000000002
0.5040080000000247,89.18478000000007
0.5600079999999955,92.68581000000009
0.6160080000000127,93.36961000000011
0.6720080000000299,92.45004000000012
0.7280080000000008,90.61918000000003
0.7840080000000179,88.27666999999994
0.8400080000000351,85.67880999999988
0.8960080000000059,83.00084000000018
0.9520080000000231,80.35769000000003
1.008007999999994,77.81843999999994
1.0640080000000112,75.42000999999998
1.1200080000000283,73.17978000000002
1.1760079999999993,71.10327000000005
1.2320080000000164,69.18895999999997
1.2880080000000336,67.43081000000006
1.3440080000000043,65.82062999999994
1.4000080000000217,64.3488000000001
1.4560079999999924,63.005439999999965
1.5120080000000096,61.780530000000056
1.5680080000000267,60.664519999999996
1.6240079999999977,59.64822000000014
1.6800080000000148,58.72311000000008
1.736008000000032,57.881189999999805
1.792008000000003,57.115170000000106
1.84800800000002,56.418240000000175
1.9040079999999908,55.78427999999991
1.960008000000008,55.207589999999975
1.9999920000000153,54.82816999999996
0.005591999999993791,54.82293000000005
0.016791999999997226,54.80258999999998
0.0391920000000041,54.40219000000002
0.08399200000001784,50.302869999999885
0.139992000000035,37.14905000000002
0.19599200000000588,15.282430000000069
0.25199200000002303,-13.155349999999899
0.2575920000000016,-16.342230000000015
0.268792000000005,-22.77214000000005
0.29119200000001194,-35.62012999999986
0.33599200000002566,-59.01426000000009
0.3919919999999965,-81.31830000000018
0.4479920000000137,-95.31146999999996
0.5039920000000309,-102.52791000000005
0.5599920000000017,-105.1534300000001
0.6159920000000189,-105.03883000000003
0.6719920000000361,-103.39005000000002
0.727992000000007,-100.89378999999998
0.7839920000000241,-97.94473999999997
0.839991999999995,-94.79446999999985
0.8959920000000121,-91.6135800000002
0.9519920000000294,-88.51271000000006
0.9999839999999952,-85.96882999999988
1.00558400000002,-85.72668999999999
1.0167840000000234,-85.23564999999999
1.0391840000000303,-83.91414000000009
1.0839839999999978,-78.05725000000008
1.139984000000015,-62.852190000000085
1.1959840000000321,-39.06704000000016
1.251984000000003,-8.819279999999985
1.2575840000000278,-5.45766999999997
1.2687840000000312,1.3191499999998246
1.291183999999992,14.844180000000096
1.3359840000000056,39.51850000000001
1.3919840000000228,63.28135000000002
1.4479839999999937,78.58491999999995
1.5039840000000109,86.9834599999999
1.559984000000028,90.68230000000011
1.6159839999999988,91.54638999999997
1.6719840000000161,90.7912500000001
1.7279840000000333,89.1103499999999
1.783984000000004,86.90450000000016
1.8399840000000212,84.43115000000012
1.8959839999999921,81.8665300000001
1.9519840000000093,79.32655999999993
1.9999760000000215,77.22286999999994
0.005576000000000012,77.02949999999986
0.016776000000003448,76.63495000000009
0.03917600000001032,75.49968000000007
0.08397600000002406,69.98946999999988
0.1399759999999949,55.17759999999994
0.19597600000001208,31.754520000000007
0.2519760000000293,1.8507599999999513
0.25757600000000785,-1.4772499999999855
0.2687760000000113,-8.187280000000019
0.29117600000001814,-21.581749999999957
0.33597600000003186,-46.01046999999991
0.3919760000000027,-69.49704999999983
0.4479760000000199,-84.55561
0.5039759999999908,-92.73483999999988
0.5599760000000079,-96.23507999999981
0.6159760000000252,-96.9179899999999
0.671975999999996,-95.9972
0.7279760000000132,-94.16499000000012
0.7839760000000303,-91.82120999999998
0.8399760000000012,-89.22234000000006
0.8959760000000184,-86.54363999999993
0.9519760000000356,-83.90010999999986
1.0079760000000064,-81.36089000000001
1.0639760000000236,-78.96281999999988
1.1199759999999945,-76.72297999999999
1.1759760000000117,-74.6467099999999
1.2319760000000288,-72.73251999999997
1.2879759999999996,-70.97458000000012
1.343976000000017,-69.36471999999982
1.399976000000034,-67.89331999999982
1.4559760000000048,-66.55042
1.511976000000022,-65.3259799999999
1.567975999999993,-64.2103999999999
1.62397600000001,-63.19447
1.6799760000000272,-62.269660000000115
1.7359759999999982,-61.42797
1.7919760000000153,-60.66210000000005
1.8479760000000325,-59.96526000000002
1.9039760000000032,-59.331320000000076
1.9599760000000206,-58.754580000000004
0.015975999999991365,-58.22994000000015
0.07197600000000855,-57.752649999999846
0.1279760000000257,-57.31849000000011
0.1839759999999966,-56.923499999999905
0.23997600000001376,-56.56419999999996
0.29597600000003094,-56.237320000000146
0.3519760000000018,-55.93994999999996
0.407976000000019,-55.66941000000014
0.46397600000003614,-55.423290000000016
0.519976000000007,-55.19936000000003
0.5759760000000241,-54.99563000000008
0.631975999999995,-54.81027000000016
0.6879760000000122,-54.641629999999886
0.7439760000000294,-54.488190000000046
0.7999760000000002,-54.34857000000015
0.8559760000000174,-54.221539999999905
0.9119760000000346,-54.10596000000001
0.9679760000000055,-54.00077999999997
1.0239760000000226,-53.90508000000005
1.0799759999999934,-53.81798999999998
1.1359760000000108,-53.738749999999946
1.191976000000028,-53.6666400000001
1.2479759999999986,-53.601029999999824
1.3039760000000158,-53.541300000000014
1.3599760000000332,-53.48695999999986
1.415976000000004,-53.43750000000003
1.471976000000021,-53.392510000000115
1.527975999999992,-53.35154999999992
1.5839760000000092,-53.31426999999999
1.6399760000000263,-53.280339999999924
1.6959759999999973,-53.24946000000019
1.7519760000000144,-53.22137000000016
1.8079760000000316,-53.19578999999997
1.8639760000000023,-53.17251
1.9199760000000197,-53.15132
1.9759759999999904,-53.132020000000054
0.031976000000007596,-53.11446999999991
0.08797600000002477,-53.09848000000006
0.14397599999999564,-53.083940000000055
0.1999760000000128,-53.07068999999998
0.25597600000002996,-53.058629999999994
0.31197600000000086,-53.04766000000005
0.367976000000018,-53.03767000000015
0.4239760000000352,-53.028569999999945
0.47997600000000606,-53.02029000000008
0.5359760000000232,-53.01275000000017
0.5919759999999941,-53.00587999999995
0.6479760000000113,-52.99962999999997
0.7039760000000285,-52.99393000000019
0.7599759999999993,-52.98873999999998
0.8159760000000165,-52.98402999999996
0.8719760000000336,-52.97972999999989
0.9279760000000045,-52.97580999999995
0.9839760000000217,-52.972220000000014
1.0399759999999925,-52.96891999999986
1.0959760000000098,-52.96588000000013
1.151976000000027,-52.96311000000009
1.2079759999999977,-52.96060000000003
1.2639760000000149,-52.95833000000005
1.319976000000032,-52.95628000000008
1.375976000000003,-52.954429999999995
1.4319760000000201,-52.95272999999989
1.487975999999991,-52.951190000000146
1.5439760000000082,-52.94978999999999
1.5999760000000254,-52.948519999999945
1.6559759999999961,-52.94734999999995
1.7119760000000135,-52.946299999999894
1.7679760000000306,-52.94534999999989
1.8239760000000014,-52.94446999999991
1.8799760000000185,-52.94367000000011
1.935976000000036,-52.942950000000046
1.9919760000000066,-52.942289999999836
0.047976000000023826,-52.94170000000009
0.10397599999999468,-52.94114999999988
0.15997600000001186,-52.94065000000003
0.21597600000002903,-52.940199999999884
0.2719759999999999,-52.93978999999993
0.3279760000000171,-52.939419999999956
0.38397600000003423,-52.939080000000025
0.4399760000000051,-52.93876999999991
0.4959760000000223,-52.9385
0.5519759999999931,-52.93824999999997
0.6079760000000103,-52.93802000000003
0.6639760000000275,-52.93781999999992
0.7199759999999984,-52.93763000000018
0.7759760000000155,-52.93747000000004
0.8319760000000327,-52.937309999999904
0.8879760000000035,-52.937189999999966
0.9439760000000208,-52.93705999999987
0.9999759999999916,-52.936950000000095
1.0055760000000165,-52.98259000000005
1.0167760000000199,-53.06303999999984
1.0391760000000267,-52.858799999999874
1.0839759999999943,-49.131100000000096
1.1399760000000114,-36.40427999999996
1.1959760000000286,-14.92344999999995
1.2519759999999993,13.169070000000005
1.2575760000000242,16.323769999999847
1.2687760000000277,22.690000000000097
1.2911760000000345,35.4145400000001
1.335976000000002,58.575340000000196
1.3919760000000192,80.60971000000006
1.4479760000000363,94.35501999999984
1.5039760000000073,101.34408000000006
1.5599760000000245,103.76156999999986
1.6159759999999952,103.4570400000001
1.6719760000000123,101.6349099999998
1.7279760000000297,98.9804299999999
1.7839760000000005,95.88706999999985
1.8399760000000176,92.60502000000015
1.8959760000000347,89.30369999999988
1.9519760000000057,86.09303000000001
2.4000000035722954e-05,83.45985999999984
0.00562400000001428,83.20814000000021
0.016824000000017714,82.69802999999997
0.039224000000024586,81.3387699999999
0.08402399999999201,75.40692000000004
0.1400240000000092,60.111009999999965
0.19602400000002637,36.24454999999993
0.2520239999999972,5.931650000000177
0.2576240000000221,2.5645899999999777
0.26882400000002554,-4.222909999999969
0.2912240000000324,-17.768150000000205
0.3360239999999998,-42.48083999999985
0.392024000000017,-66.29010999999996
0.4480240000000342,-81.63878000000003
0.504024000000005,-90.07993000000015
0.5600240000000222,-93.81776000000008
0.616023999999993,-94.71688999999995
0.6720240000000103,-93.99314999999997
0.7280240000000274,-92.34049999999993
0.7840239999999983,-90.16029999999998
0.8400240000000154,-87.71036999999993
0.8960240000000327,-85.16732999999999
0.9520240000000035,-82.64736000000016
1.0000160000000158,-80.55964000000016
1.0056159999999943,-80.36807000000002
1.0168159999999977,-79.97717000000004
1.0392160000000046,-78.84972999999995
1.0840160000000183,-73.35782999999995
1.1400160000000354,-58.57098000000005
1.1960160000000064,-35.16773000000018
1.2520160000000236,-5.271549999999792
1.257616000000002,-1.9434799999999974
1.2688160000000055,4.766819999999949
1.2912160000000124,18.162339999999944
1.336016000000026,42.59257000000005
1.392015999999997,66.07750000000001
1.4480160000000142,81.13049000000005
1.5040160000000313,89.30218999999995
1.560016000000002,92.79479000000012
1.6160160000000194,93.47084999999988
1.6720159999999902,92.54417999999998
1.7280160000000073,90.70679999999997
1.7840160000000245,88.35829999999989
1.8400159999999954,85.75499000000009
1.8960160000000126,83.07200999999998
1.9520160000000297,80.42428999999984
0.008016000000000627,77.88086000000006
0.06401600000001781,75.47864000000004
0.12001600000003498,73.23491999999999
0.17601600000000583,71.15523000000002
0.232016000000023,69.23802
0.2880159999999939,67.47722999999995
0.34401600000001104,65.86462000000014
0.40001600000002824,64.39057999999997
0.4560159999999991,63.04519999999991
0.5120160000000162,61.81843999999992
0.5680160000000335,60.700750000000085
0.6240160000000043,59.682899999999876
0.6800160000000215,58.75637999999994
0.7360159999999923,57.91316000000002
0.7920160000000095,57.14594000000006
0.8480160000000266,56.447930000000035
0.9040159999999976,55.81296000000013
0.9600160000000147,55.23535999999996
1.016016000000032,54.70998000000016
1.0720160000000027,54.23206999999985
1.12801600000002,53.79738999999994
1.1840159999999909,53.40201000000011
1.240016000000008,53.042379999999945
1.2960160000000251,52.715249999999884
1.352015999999996,52.41772999999994
1.4080160000000133,52.147070000000184
1.4640160000000304,51.900899999999915
1.5200160000000011,51.67696999999993
1.5760160000000183,51.47329000000012
1.6320160000000357,51.28800999999994
1.6880160000000064,51.11947999999988
1.7440160000000235,50.96616999999992
1.8000159999999945,50.82673000000004
1.8560160000000117,50.69987999999981
1.9120160000000288,50.58451000000019
1.9680159999999998,50.47954999999993
1.9999920000000018,50.42396999999998
0.005592000000026723,50.460199999999844
0.016792000000030158,50.52197999999986
0.039191999999990706,50.28088000000008
0.08399200000000445,46.48117000000007
0.13999200000002163,33.67064999999991
0.19599199999999248,12.119050000000131
0.25199200000000965,-16.027339999999946
0.2575920000000345,-19.186429999999977
0.26879199999999165,-25.56124000000004
0.2911919999999985,-38.302110000000056
0.3359920000000123,-61.49481999999984
0.39199200000002943,-83.57038999999999
0.4479920000000003,-97.35826000000003
0.5039920000000175,-104.38922000000007
0.5599920000000347,-106.84625000000003
0.6159920000000055,-106.57812999999993
0.6719920000000227,-104.78931000000014
0.7279919999999935,-102.16537000000004
0.7839920000000107,-99.10002000000007
0.8399920000000279,-95.84382999999997
0.8959919999999988,-92.56658999999989
0.9519920000000159,-89.37814
0.9999840000000281,-86.76549000000011
1.0055840000000067,-86.51571999999996
1.0167840000000101,-86.00955999999994
1.039184000000017,-84.65875
1.0839840000000307,-78.7467799999999
1.1399840000000017,-63.47879999999995
1.1959840000000188,-39.636070000000025
1.251984000000036,-9.334989999999932
1.2575840000000145,-5.968279999999826
1.268784000000018,0.8186599999999711
1.2911840000000248,14.363370000000097
1.3359839999999923,39.07484000000005
1.3919840000000094,62.879989999999886
1.4479840000000266,78.2216699999998
1.5039839999999973,86.65465999999999
1.5599840000000147,90.38476000000006
1.6159840000000318,91.2773200000001
1.6719840000000026,90.54815000000005
1.7279840000000197,88.89088999999983
1.7839839999999907,86.70657999999997
1.8399840000000078,84.25283000000006
1.895984000000025,81.70605999999991
1.951983999999996,79.18234999999996
1.999976000000008,77.09143000000007
0.005576000000032945,76.89946999999987
0.01677600000003638,76.50771
0.03917599999999693,75.37786999999985
0.08397600000001067,69.8778899999999
0.13997600000002786,55.07770000000001
0.1959759999999987,31.665269999999968
0.2519760000000159,1.7713000000001422
0.2575759999999944,-1.5557799999998956
0.26877599999999785,-8.263979999999949
0.29117600000000476,-21.654860000000163
0.3359760000000185,-46.07683000000007
0.3919760000000357,-69.5557
0.44797600000000654,-84.60727000000001
0.5039760000000237,-92.78015000000006
0.5599759999999946,-96.27458999999993
0.6159760000000117,-96.95220999999998
0.6719760000000289,-96.02660000000007
0.7279759999999997,-94.18999000000005
0.783976000000017,-91.84220000000009
0.8399760000000341,-89.23966999999999
0.895976000000005,-86.55765000000004
0.9519760000000221,-83.91110000000013
1.007975999999993,-81.36911999999997
1.0639760000000102,-78.9685400000002
1.1199760000000274,-76.72644000000007
1.1759759999999981,-74.64808999999994
1.2319760000000155,-72.73201000000017
1.2879760000000327,-70.97235000000013
1.3439760000000034,-69.36093999999993
1.3999760000000205,-67.88811999999989
1.4559759999999915,-66.54391999999999
1.5119760000000086,-65.31830999999988
1.5679760000000258,-64.20166000000016
1.6239759999999968,-63.18473999999985
1.679976000000014,-62.25904000000004
1.735976000000031,-61.4165499999999
1.791976000000002,-60.649949999999954
1.8479760000000192,-59.952439999999996
1.9039760000000363,-59.317889999999984
1.959976000000007,-58.74058999999998
1.6000000032138808e-05,-58.36021000000002
0.005616000000010696,-58.35495000000002
0.016816000000014132,-58.334600000000016
0.039216000000021005,-57.93486000000003
0.08401600000003474,-53.839619999999975
0.1400160000000056,-40.692389999999804
0.19601600000002278,-18.826449999999937
0.25201599999999363,9.622100000000078
0.2576160000000185,12.810760000000032
0.2688160000000219,19.244330000000033
0.29121600000002884,32.09980999999984
0.33601599999999626,55.50695999999999
0.3920160000000134,77.82124000000002
0.4480160000000306,91.81858999999992
0.5040160000000015,99.03582000000011
0.5600160000000186,101.66092999999998
0.6160160000000358,101.54581999999989
0.6720160000000067,99.89662999999993
0.7280160000000239,97.39978999999988
0.7840159999999947,94.44991999999996
0.8400160000000119,91.29869000000012
0.896016000000029,88.11678
0.9520159999999999,85.0149200000001
1.0080160000000171,82.0582299999999
1.0640160000000343,79.28002999999984
1.1200160000000052,76.69422999999998
1.1760160000000224,74.30325000000005
1.2320159999999931,72.1030199999999
1.2880160000000103,70.08504999999987
1.3440160000000274,68.23862000000003
1.4000159999999984,66.55193999999986
1.4560160000000155,65.01313000000009
1.5120160000000327,63.61043999999993
1.5680160000000036,62.33270000000002
1.6240160000000208,61.16926999999994
1.6800159999999915,60.110330000000104
1.7360160000000089,59.146659999999905
1.792016000000026,58.269890000000046
1.8480159999999968,57.472200000000086
1.904016000000014,56.746579999999994
1.9600160000000313,56.08649999999993
0.016016000000002046,55.48609000000005
0.07201600000001923,54.939940000000135
0.1280160000000364,54.443180000000034
0.18401600000000726,53.99131000000001
0.24001600000002443,53.580320000000015
0.2960159999999953,53.20646000000018
0.3520160000000125,52.86641000000003
0.40801600000002963,52.55707999999992
0.4640160000000005,52.27573999999979
0.5200160000000177,52.01979000000012
0.5760160000000348,51.78700000000003
0.6320160000000057,51.57524000000002
0.6880160000000229,51.382620000000045
0.7440159999999938,51.207399999999794
0.8000160000000109,51.048030000000026
0.8560160000000281,50.903050000000064
0.9120159999999989,50.771179999999916
0.9680160000000162,50.65122000000022
0.9999920000000183,50.58768999999997
1.005591999999997,50.62258999999991
1.0167920000000004,50.68172000000004
1.0391920000000072,50.43547000000004
1.083992000000021,46.626100000000115
1.1399919999999917,33.80453000000006
1.195992000000009,12.242789999999948
1.2519920000000262,-15.913019999999944
1.2575920000000047,-19.073010000000057
1.2687920000000081,-25.44959999999996
1.291192000000015,-38.193939999999984
1.3359920000000287,-61.393159999999945
1.3919919999999997,-83.47605000000003
1.4479920000000168,-97.27048999999988
1.503992000000034,-104.30735999999996
1.5599920000000047,-106.76977999999981
1.615992000000022,-106.50656999999985
1.6719919999999928,-104.7222699999999
1.72799200000001,-102.10246000000001
1.7839920000000271,-99.0408599999999
1.839991999999998,-95.78810000000004
1.8959920000000152,-92.51392999999996
1.9519920000000324,-89.32816999999993
0.007992000000003264,-86.29525000000004
0.06399200000002045,-83.44804999999988
0.1199919999999913,-80.79985999999994
0.17599200000000847,-78.35239000000004
0.23199200000002565,-76.10068999999986
0.28799199999999653,-74.0358000000001
0.3439920000000137,-72.14674
0.3999920000000309,-70.42137000000004
0.45599200000000173,-68.84746999999992
0.5119920000000189,-67.41288999999995
0.5679920000000361,-66.10614999999997
0.623992000000007,-64.91630999999987
0.6799920000000241,-63.83329999999998
0.735991999999995,-62.84765999999986
0.7919920000000121,-61.95083000000001
0.8479920000000293,-61.134840000000025
0.9039920000000001,-60.39248000000019
0.9599920000000174,-59.71709000000014
1.0159920000000346,-59.10269000000001
1.0719920000000054,-58.54373000000002
1.1279920000000225,-58.03523999999993
1.1839919999999935,-57.572619999999965
1.2399920000000106,-57.151789999999814
1.2959920000000278,-56.76890000000001
1.3519919999999988,-56.420570000000005
1.407992000000016,-56.10365000000006
1.463992000000033,-55.81532999999994
1.5199920000000038,-55.55299000000002
1.575992000000021,-55.31432000000014
1.631991999999992,-55.09716000000009
1.687992000000009,-54.89957000000012
1.7439920000000262,-54.719779999999886
1.7999919999999971,-54.55621000000011
1.8559920000000143,-54.407349999999965
1.9119920000000314,-54.271919999999916
1.9679920000000024,-54.14867000000001
2.4000000022332966e-05,-54.08326000000008
0.00562400000000089,-54.117890000000116
0.016824000000004325,-54.176529999999886
0.039224000000011194,-53.92996000000005
0.08402400000002494,-50.12265000000005
0.1400239999999958,-37.304759999999824
0.19602400000001297,-15.740609999999933
0.25202400000003017,12.42876000000015
0.25762400000000873,15.590779999999915
0.26882400000001216,21.971520000000133
0.291224000000019,34.72427000000011
0.33602400000003274,57.93814000000008
0.3920240000000036,80.03289999999996
0.4480240000000208,93.83272999999991
0.5040239999999917,100.87127000000007
0.5600240000000088,103.33387999999988
0.616024000000026,103.07056000000014
0.6720239999999968,101.28610000000005
0.728024000000014,98.66585999999988
0.7840240000000313,95.60350999999989
0.8400240000000021,92.34982999999986
0.8960240000000192,89.07463000000004
0.9520240000000364,85.88786000000015
1.0000160000000022,83.27646
1.0056160000000272,83.0267899999999
1.0168160000000306,82.52077000000013
1.039215999999991,81.16943000000009
1.084016000000005,75.2524699999999
1.1400160000000221,59.97364999999988
1.1960159999999929,36.12287000000003
1.25201600000001,5.8244699999998595
1.257616000000035,2.458789999999933
1.2688159999999922,-4.325949999999912
1.291215999999999,-17.86584999999996
1.3360160000000127,-42.56843999999993
1.39201600000003,-66.3661900000001
1.4480160000000006,-81.70447999999996
1.504016000000018,-90.13626999999991
1.5600160000000352,-93.8656400000002
1.616016000000006,-94.75710999999998
1.672016000000023,-94.02642000000006
1.728015999999994,-92.36745000000002
1.7840160000000111,-90.18150000000014
1.8400160000000283,-87.72634000000012
1.8960159999999993,-85.17854000000003
1.9520160000000164,-82.6542400000001
8.000000028554661e-06,-80.56310999999994
0.005608000000007112,-80.37117999999998
0.016808000000010547,-79.97952000000019
0.039208000000017416,-78.85060999999993
0.08400800000003115,-73.35593999999989
0.14000800000000202,-58.56592999999988
0.1960080000000192,-35.15987999999992
0.25200800000003637,-5.261289999999974
0.25760800000001494,-1.9330100000001238
0.26880800000001837,4.777730000000036
0.2912080000000252,18.17406999999993
0.33600799999999265,42.605879999999985
0.39200800000000985,66.09266999999997
0.448008000000027,81.14747000000011
0.5040079999999979,89.32090999999987
0.560008000000015,92.81515999999979
0.6160080000000322,93.49278000000005
0.672008000000003,92.5675399999999
0.7280080000000203,90.73146999999993
0.7840079999999912,88.38418999999998
0.8400080000000083,85.78199000000009
0.8960080000000255,83.10004999999987
0.9520079999999963,80.45326000000009
1.0000000000000084,78.26570999999993
1.0056000000000334,78.0630400000002
1.0167999999999906,77.65007000000001
1.0391999999999975,76.47910999999996
1.0840000000000112,70.90189000000002
1.1400000000000283,56.01334000000002
1.195999999999999,32.519749999999846
1.2520000000000164,2.5503499999999235
1.257599999999995,-0.7839499999999777
1.2687999999999984,-7.506470000000043
1.2912000000000052,-20.925239999999956
1.336000000000019,-45.39972000000003
1.392000000000036,-68.9381899999999
1.448000000000007,-84.04325000000013
1.5040000000000242,-92.26432999999989
1.559999999999995,-95.80246999999997
1.616000000000012,-96.51984999999996
1.6720000000000295,-95.63046999999992
1.7280000000000002,-93.82687999999995
1.7840000000000173,-91.50919000000002
1.8400000000000345,-88.93408000000002
1.8960000000000055,-86.27702000000004
1.9520000000000226,-83.65321000000003
0.007999999999993459,-81.13192000000002
0.06400000000001063,-78.75017999999989
0.12000000000002782,-76.52521999999995
0.17599999999999866,-74.46248
0.23200000000001586,-72.56061000000003
0.288000000000033,-70.81388
0.34400000000000386,-69.21423000000004
0.40000000000002106,-67.75211999999998
0.4559999999999919,-66.41768999999998
0.5120000000000091,-65.20096000000008
0.5680000000000263,-64.09239000000011
0.6239999999999971,-63.08284000000008
0.6800000000000143,-62.16384999999991
0.7360000000000315,-61.32746
0.7920000000000024,-60.56642999999995
0.8480000000000195,-59.87399999999998
0.9039999999999904,-59.24407000000009
0.9600000000000075,-58.67098000000004
0.9999840000000147,-58.29390000000001
1.0055839999999934,-58.28900000000004
1.0167839999999968,-58.26937999999981
1.0391840000000037,-57.87103999999999
1.0839840000000174,-53.77842
1.1399840000000345,-40.63415999999997
1.1959840000000053,-18.770980000000215
1.2519840000000226,9.6749599999999
1.2575840000000011,12.86337000000004
1.2687840000000046,19.29643000000003
1.2911840000000114,32.1509299999998
1.3359840000000252,55.5562300000001
1.3919839999999961,77.86844000000004
1.4479840000000133,91.86395999999996
1.5039840000000304,99.07955000000013
1.5599840000000011,101.70314999999985
1.6159840000000183,101.58666999999988
1.6719840000000357,99.93618999999998
1.7279840000000064,97.43818000000016
1.7839840000000236,94.48721999999998
1.8399839999999945,91.33500000000016
1.8959840000000117,88.15218000000003
1.9519840000000288,85.04946999999996
0.00798399999999968,82.09200999999999
0.06398400000001686,79.3130999999998
0.11998400000003404,76.72665999999984
0.1759840000000049,74.33508999999994
0.23198400000002206,72.13431000000003
0.2879839999999929,70.11584000000015
0.3439840000000101,68.26894999999999
0.39998400000002726,66.58184
0.4559839999999981,65.04266000000003
0.5119840000000153,63.63959999999991
0.5679840000000325,62.36154999999988
0.6239840000000033,61.19782000000007
0.6799840000000206,60.13860000000015
0.7359839999999914,59.174680000000144
0.7919840000000086,58.29766999999997
0.8479840000000257,57.49977999999989
0.9039839999999966,56.773950000000184
0.9599840000000138,56.113679999999945
1.0000239999999925,55.67867000000004
1.0056240000000174,55.66607000000001
1.0168240000000208,55.63114000000002
1.0392240000000277,55.20245000000013
1.084023999999995,51.04997
1.1400240000000124,37.835229999999996
1.1960240000000295,15.912539999999975
1.2520240000000002,-12.577390000000133
1.2576240000000252,-15.769269999999835
1.2688240000000286,-22.20906999999994
1.2912240000000355,-35.07631
1.336024000000003,-58.50659999999985
1.3920240000000201,-80.85154000000006
1.4480239999999909,-94.88131000000011
1.504024000000008,-102.13075000000016
1.5600240000000254,-104.78618000000006
1.6160239999999961,-104.69883999999996
1.6720240000000133,-103.07493999999994
1.7280240000000304,-100.60136999999992
1.7840240000000014,-97.67302999999994
1.8400240000000185,-94.54162999999993
1.8960240000000357,-91.37792
1.9520240000000066,-88.2927
1.600000001874882e-05,-85.76110000000003
0.0056159999999973054,-85.52033000000003
0.01681600000000074,-85.03196999999996
0.03921600000000761,-83.71569000000001
0.08401600000002135,-77.8684999999999
0.1400159999999922,-62.67443999999989
0.19601600000000938,-38.89942000000013
0.25201600000002655,-8.661210000000086
0.2576160000000051,-5.300520000000031
0.26881600000000855,1.4744600000000663
0.2912160000000154,14.995890000000012
0.3360160000000292,39.66344999999993
0.39201600000000003,63.41864000000008
0.44801600000001723,78.7154000000001
0.5040160000000344,87.10784000000005
0.5600160000000053,90.80113999999995
0.6160160000000224,91.6601800000001
0.6720159999999933,90.90041999999987
0.7280160000000104,89.21527000000017
0.7840160000000276,87.00552999999988
0.8400159999999985,84.52861
0.8960160000000157,81.96075000000013
0.9520160000000328,79.41783000000014
1.0000079999999987,77.31179999999993
1.0056080000000236,77.11817000000009
1.016808000000027,76.72310000000016
1.0392080000000339,75.5868500000001
1.0840080000000014,70.07483999999997
1.1400080000000186,55.26092999999999
1.1960080000000357,31.83585
1.2520080000000064,1.930030000000027
1.2576080000000314,-1.398190000000188
1.2688080000000348,-8.108649999999828
1.2912079999999955,-21.50395000000005
1.3360080000000092,-45.93421999999991
1.3920080000000263,-69.42242999999992
1.448007999999997,-84.48232999999993
1.5040080000000144,-92.66268999999983
1.5600080000000316,-96.16391000000002
1.6160080000000023,-96.84770000000009
1.6720080000000195,-95.92771999999994
1.7280080000000366,-94.09627000000009
1.7840080000000076,-91.75317999999999
1.8400080000000247,-89.15496000000012
1.8960079999999957,-86.4768600000001
1.9520080000000128,-83.83388999999997
0.008008000000029976,-81.29518000000013
0.06400800000000083,-78.89759000000018
0.120008000000018,-76.65819000000008
0.1760080000000352,-74.58231000000004
0.23200800000000604,-72.66847999999993
0.28800800000002325,-70.91088
0.3440079999999941,-69.30133000000005
0.40000800000001124,-67.83019999999995
0.45600800000002845,-66.48757000000005
0.5120079999999992,-65.2633600000001
0.5680080000000165,-64.14798999999994
0.6240080000000336,-63.13225999999994
0.6800080000000045,-62.207629999999845
0.7360080000000216,-61.36611000000003
0.7920079999999925,-60.6004
0.8480080000000098,-59.90370999999995
0.9040080000000269,-59.2699000000001
0.9600079999999978,-58.6932899999999
0.9999920000000049,-58.31388000000004
1.0055920000000298,-58.30866999999995
1.0167920000000332,-58.28842999999995
1.0391919999999937,-57.88889000000008
1.0839920000000076,-53.7939999999999
1.1399920000000248,-40.647160000000014
1.1959919999999955,-18.781649999999985
1.2519920000000127,9.666359999999985
1.2575919999999914,12.854960000000082
1.2687919999999948,19.28840999999992
1.2911920000000017,32.14364999999986
1.3359920000000154,55.5503599999998
1.3919920000000325,77.8641899999999
1.4479920000000033,91.86123000000012
1.5039920000000206,99.07822999999993
1.5599919999999914,101.70315000000008
1.6159920000000085,101.58788000000007
1.6719920000000257,99.9385399999999
1.7279919999999966,97.44153
1.7839920000000138,94.49152999999998
1.839992000000031,91.3401599999999
1.895992000000002,88.1581199999999
1.951992000000019,85.05614000000006
0.007992000000036196,82.09933000000014
0.06399200000000706,79.32102000000008
0.11999200000002423,76.73512000000015
0.1759919999999951,74.34404999999988
0.23199200000001227,72.14371999999992
0.28799200000002945,70.12565999999998
0.3439920000000003,68.27914999999996
0.3999920000000175,66.59239000000005
0.45599200000003465,65.05351999999998
0.5119920000000056,63.65076000000003
0.5679920000000227,62.372969999999974
0.6239919999999936,61.209489999999974
0.6799920000000107,60.150499999999994
0.735992000000028,59.186779999999885
0.7919919999999988,58.30995999999988
0.847992000000016,57.512229999999946
0.9039920000000331,56.78656999999987
0.959992000000004,56.12645000000005
0.9999760000000112,55.69212000000001
1.005576000000036,55.67954000000008
1.0167759999999932,55.64461999999981
1.039176,55.21597000000011
1.0839760000000138,51.06356000000001
1.139976000000031,37.84893
1.1959760000000017,15.9263300000001
1.2519760000000189,-12.56354000000015
1.2575759999999976,-15.755410000000136
1.268776000000001,-22.19520000000008
1.2911760000000079,-35.06242999999998
1.3359760000000216,-58.49266999999991
1.3919759999999923,-80.83751000000005
1.4479760000000097,-94.86719
1.5039760000000268,-102.11652999999998
1.5599759999999976,-104.77188999999987
1.6159760000000147,-104.68448999999991
1.671976000000032,-103.06053999999997
1.7279760000000028,-100.58696
1.78397600000002,-97.65858000000006
1.839975999999991,-94.52716000000017
1.895976000000008,-91.36344000000007
1.9519760000000252,-88.2782000000002
0.007975999999996096,-85.33678
0.06397600000001327,-82.57278000000001
0.11997600000003045,-80.00033000000006
0.1759760000000013,-77.62172999999994
0.2319760000000185,-75.43267000000009
0.28797600000003565,-73.42475999999998
0.3439760000000065,-71.58755000000005
0.3999760000000237,-69.90936000000004
0.45597599999999455,-68.37837000000002
0.5119760000000118,-66.98285000000004
0.5679760000000289,-65.71163000000001
0.6239759999999998,-64.55411999999994
0.6799760000000169,-63.50053
0.7359760000000342,-62.54168000000004
0.791976000000005,-61.66921999999997
0.8479760000000222,-60.87540999999996
0.903975999999993,-60.15324
0.9599760000000102,-59.496229999999926
1.0159760000000273,-58.89855000000011
1.0719759999999983,-58.35481999999992
1.1279760000000154,-57.8601900000002
1.1839760000000326,-57.410189999999915
1.2399760000000035,-57.00083
1.2959760000000207,-56.628399999999914
1.3519759999999914,-56.28960000000016
1.4079760000000086,-55.98133999999999
1.463976000000026,-55.70092000000004
1.5199759999999967,-55.44576999999995
1.5759760000000138,-55.2136299999999
1.631976000000031,-55.002429999999826
1.687976000000002,-54.81027999999988
1.743976000000019,-54.6354200000001
1.7999760000000362,-54.47634000000012
1.8559760000000072,-54.33160000000004
1.9119760000000243,-54.199890000000025
1.967975999999995,-54.08003999999988
0.023976000000012328,-53.97099999999999
0.07997600000002951,-53.871769999999984
0.13597600000000037,-53.781480000000045
0.19197600000001755,-53.69931999999999
0.24797600000003472,-53.624560000000045
0.3039760000000056,-53.556510000000166
0.3599760000000228,-53.494609999999994
0.41597599999999363,-53.43827000000001
0.4719760000000108,-53.38698999999991
0.527976000000028,-53.34032999999994
0.5839759999999988,-53.29786999999997
0.639976000000016,-53.25922000000016
0.6959760000000331,-53.22403999999992
0.7519760000000041,-53.192029999999946
0.8079760000000212,-53.162909999999954
0.8639759999999921,-53.13637999999998
0.9199760000000092,-53.11224999999986
0.9759760000000264,-53.090290000000095
0.9999999999999951,-53.081489999999846
1.00560000000002,-53.1251399999999
1.0168000000000235,-53.20165999999982
1.0392000000000303,-52.989769999999936
1.0839999999999976,-49.24760999999989
1.140000000000015,-36.50424999999991
1.1960000000000321,-15.008440000000123
1.2520000000000029,13.097619999999921
1.2576000000000278,16.253599999999977
1.2688000000000312,22.62235000000001
1.2911999999999917,35.35179999999993
1.3360000000000056,58.52184000000005
1.3920000000000228,80.56683999999991
1.4479999999999935,94.3219099999999
1.5040000000000107,101.31994
1.560000000000028,103.74568000000006
1.6159999999999988,103.44872999999998
1.672000000000016,101.63352000000003
1.728000000000033,98.98534999999997
1.784000000000004,95.89775
1.8400000000000212,92.62095999999987
1.8959999999999921,89.32443
1.9520000000000093,86.11812000000008
0.00800000000002639,83.06637000000006
0.06399999999999725,80.20171000000009
0.12000000000001443,77.53728000000004
0.1760000000000316,75.07481000000004
0.23200000000000245,72.80955000000012
0.28800000000001963,70.73242999999985
0.34400000000003683,68.8321999999999
0.4000000000000077,67.09656999999991
0.45600000000002483,65.51325000000018
0.5119999999999957,64.07005
0.5680000000000129,62.755450000000046
0.6240000000000301,61.55848999999991
0.6800000000000009,60.469039999999865
0.7360000000000181,59.47759999999991
0.7920000000000352,58.575550000000035
0.8480000000000061,57.754870000000125
0.9040000000000233,57.008310000000066
0.9599999999999942,56.32918000000009
1.0160000000000113,55.71142999999989
1.0720000000000285,55.14949000000002
1.1279999999999994,54.63836
1.1840000000000166,54.173420000000135
1.2400000000000337,53.75050000000003
1.2960000000000045,53.36579999999991
1.3520000000000219,53.01588000000002
1.4079999999999926,52.697570000000084
1.4640000000000097,52.40802000000011
1.5200000000000269,52.144629999999914
1.5759999999999978,51.90505000000001
1.632000000000015,51.68709999999987
1.6880000000000321,51.48884999999992
1.744000000000003,51.30849999999998
1.8000000000000203,51.144450000000006
1.855999999999991,50.99520999999996
1.9120000000000084,50.85946000000008
1.9680000000000255,50.735960000000134
1.9999760000000275,50.670559999999924
0.005576000000006165,50.705140000000036
0.0167760000000096,50.763639999999995
0.03917600000001647,50.51618000000002
0.08397600000003022,46.70456999999995
0.13997600000000107,33.88037999999982
0.19597600000001825,12.316120000000153
0.25197600000003545,-15.84218000000015
0.25757600000001396,-19.002420000000075
0.26877600000001745,-25.37951999999999
0.2911760000000243,-38.12481999999995
0.3359759999999917,-61.32582999999991
0.3919760000000089,-83.41063999999987
0.4479760000000261,-97.20668999999992
0.5039759999999969,-104.24493999999984
0.5599760000000141,-106.70858999999999
0.6159760000000313,-106.44649999999989
0.6719760000000021,-104.66321
0.7279760000000193,-102.04435000000012
0.7839760000000365,-98.98364000000015
0.8399760000000074,-95.73169999999998
0.8959760000000245,-92.45827000000007
0.9519759999999954,-89.27318999999989
1.0079760000000126,-86.24092000000006
1.0639760000000298,-83.39428000000004
1.1199760000000005,-80.74665000000003
1.1759760000000177,-78.29967000000005
1.231976000000035,-76.04842000000001
1.2879760000000058,-73.98393000000003
1.343976000000023,-72.09526999999993
1.399975999999994,-70.37026000000002
1.455976000000011,-68.79667999999994
1.5119760000000282,-67.36238999999999
1.5679759999999991,-66.05592000000016
1.6239760000000163,-64.86634000000002
1.6799760000000334,-63.78356000000007
1.7359760000000042,-62.79813999999995
1.7919760000000216,-61.901509999999995
1.8479759999999923,-61.08570999999996
1.9039760000000094,-60.343519999999984
1.9599760000000266,-59.66830000000001
0.015975999999997516,-59.05404999999986
0.0719760000000147,-58.49521999999996
0.12797600000003187,-57.98685999999997
0.18397600000000272,-57.524370000000104
0.2399760000000199,-57.10364000000001
0.29597599999999075,-56.72085999999999
0.35197600000000795,-56.372630000000036
0.4079760000000251,-56.05579999999999
0.463975999999996,-55.76756999999999
0.5199760000000132,-55.50531000000003
0.5759760000000304,-55.26671999999988
0.6319760000000012,-55.04961999999991
0.6879760000000184,-54.852120000000056
0.7439760000000355,-54.67238999999991
0.7999760000000063,-54.508879999999984
0.8559760000000236,-54.36008999999986
0.9119759999999945,-54.22470000000001
0.9679760000000116,-54.10150999999996
1.0239760000000289,-53.98941999999995
1.0799759999999996,-53.887420000000134
1.1359760000000168,-53.794600000000024
1.191976000000034,-53.71013000000002
1.2479760000000049,-53.63326999999995
1.303976000000022,-53.56333000000002
1.359975999999993,-53.49967999999983
1.4159760000000101,-53.441749999999956
1.4719760000000273,-53.38903999999989
1.527975999999998,-53.34106999999988
1.5839760000000154,-53.29740999999988
1.6399760000000325,-53.25767000000003
1.6959760000000033,-53.221509999999974
1.7519760000000204,-53.18858999999998
1.8079759999999914,-53.15864999999987
1.8639760000000085,-53.13138000000017
1.9199760000000257,-53.10656000000002
1.9759759999999966,-53.08397000000009
0.03197600000001374,-53.06341999999997
0.08797600000003092,-53.044700000000056
0.14397600000000177,-53.02766000000014
0.19997600000001897,-53.012150000000034
0.2559760000000361,-52.99804000000008
0.31197600000000697,-52.98518000000008
0.3679760000000242,-52.97349000000007
0.423975999999995,-52.96283000000002
0.4799760000000122,-52.95314000000006
0.5359760000000294,-52.944300000000055
0.5919760000000003,-52.93626999999979
0.6479760000000174,-52.928939999999926
0.7039760000000346,-52.922279999999986
0.7599760000000054,-52.91621000000002
0.8159760000000227,-52.91069000000004
0.8719759999999935,-52.90565999999997
0.9279760000000107,-52.90108000000004
0.9839760000000278,-52.89688999999997
0.9999919999999916,-52.89575000000002
1.0055920000000165,-52.94100000000013
1.01679200000002,-53.02070000000003
1.0391920000000268,-52.814979999999956
1.083991999999994,-49.08439999999992
1.1399920000000112,-36.354260000000195
1.1959920000000286,-14.870549999999927
1.2519919999999993,13.224339999999835
1.2575920000000242,16.379249999999956
1.2687920000000277,22.74589000000016
1.2911920000000345,35.47122999999996
1.3359920000000018,58.63354999999992
1.3919920000000192,80.66981000000007
1.4479920000000364,94.4170000000002
1.503992000000007,101.4078599999999
1.5599920000000242,103.82705999999997
1.6159919999999952,103.52408000000013
1.6719920000000124,101.70338000000001
1.7279920000000295,99.05016
1.7839920000000005,95.95796000000001
1.8399920000000176,92.67694999999998
1.8959920000000348,89.37658000000015
1.9519920000000057,86.1667800000001
1.9999840000000177,83.5372700000001
0.005583999999996359,83.28560000000019
0.016783999999999796,82.77561000000011
0.039184000000006665,81.41657999999995
0.0839840000000204,75.48522999999996
0.13998399999999125,60.189950000000046
0.19598400000000843,36.3239500000001
0.25198400000002563,6.011210000000045
0.2575840000000042,2.6441500000000673
0.26878400000000763,-4.143350000000101
0.2911840000000145,-17.688619999999933
0.3359840000000282,-42.401310000000024
0.3919839999999991,-66.21045999999997
0.44798400000001626,-81.55884999999996
0.5039840000000334,-89.99965999999992
0.5599840000000043,-93.73714999999993
0.6159840000000215,-94.63598000000006
0.6719839999999924,-93.91199000000006
0.7279840000000095,-92.25912999999997
0.7839840000000267,-90.07875000000021
0.8399839999999975,-87.62866999999997
0.8959840000000148,-85.08549999999993
0.9519840000000319,-82.56542999999982
1.0079840000000027,-80.13852999999993
1.06398400000002,-77.84255000000017
1.1199839999999908,-75.69558000000009
1.175984000000008,-73.70379999999987
1.231984000000025,-71.86649000000011
1.287983999999996,-70.17852000000002
1.3439840000000132,-68.63233999999996
1.3999840000000303,-67.21887999999998
1.4559840000000013,-65.92872000000006
1.5119840000000184,-64.75227000000005
1.5679840000000356,-63.68036999999993
1.6239840000000065,-62.70417999999989
1.6799840000000237,-61.81556999999982
1.7359839999999944,-61.00682000000002
1.7919840000000116,-60.27094000000011
1.8479840000000287,-59.601399999999806
1.9039839999999997,-58.992310000000046
1.9599840000000168,-58.43820000000011
0.015984000000034033,-57.93415999999985
0.07198400000000489,-57.47563999999983
0.12798400000002208,-57.05855999999998
0.18398399999999293,-56.67913999999996
0.2399840000000101,-56.3340000000001
0.2959840000000273,-56.02001999999984
0.35198399999999813,-55.734420000000064
0.40798400000001533,-55.47458000000005
0.4639840000000325,-55.23821999999989
0.5199840000000033,-55.02317999999984
0.5759840000000205,-54.827559999999885
0.6319839999999913,-54.64957999999997
0.6879840000000086,-54.48766999999988
0.7439840000000257,-54.34033999999998
0.7999839999999966,-54.206329999999966
0.8559840000000137,-54.08437999999993
0.911984000000031,-53.97345999999992
0.9679840000000018,-53.872520000000094
1.0000160000000218,-53.81894999999992
1.0056160000000003,-53.85557000000007
1.0168160000000037,-53.91816000000005
1.0392160000000108,-53.679260000000006
1.0840160000000245,-49.88628999999989
1.1400159999999953,-37.0847299999999
1.1960160000000124,-15.535560000000004
1.2520160000000295,12.619869999999977
1.2576160000000083,15.780550000000115
1.2688160000000117,22.158640000000005
1.2912160000000186,34.90625000000014
1.3360160000000323,58.110450000000036
1.392016000000003,80.19429000000011
1.4480160000000202,93.98428999999986
1.5040159999999911,101.01391999999998
1.5600160000000083,103.46838000000002
1.6160160000000254,103.19758000000002
1.6720159999999964,101.40624999999991
1.7280160000000135,98.77968999999997
1.7840160000000307,95.71156999999997
1.8400160000000017,92.45258999999994
1.8960160000000188,89.17255999999996
1.952016000000036,85.98136999999983
8.000000001774688e-06,83.36648000000002
0.005608000000026653,83.11642000000008
0.01680800000003009,82.60964000000004
0.03920800000003696,81.25682000000012
0.08400800000000438,75.33713000000009
0.14000800000002156,60.05514000000001
0.1960079999999924,36.20131999999998
0.2520080000000096,5.8998800000000795
0.2576080000000345,2.533899999999978
0.2688079999999916,-4.251459999999874
0.29120799999999847,-17.792549999999796
0.3360080000000122,-42.497369999999975
0.3920080000000294,-66.29758000000008
0.44800800000000024,-81.63794999999996
0.5040080000000174,-90.07151999999996
0.5600080000000346,-93.80245000000009
0.6160080000000054,-94.69532000000002
0.6720080000000226,-93.96589
0.7280079999999934,-92.30808999999995
0.7840080000000107,-90.12320000000007
0.8400080000000278,-87.66903000000003
0.8960079999999987,-85.12213000000001
0.9520080000000158,-82.59865999999994
1.000000000000028,-80.50818999999998
1.0056000000000067,-80.31631999999989
1.0168000000000101,-79.92481000000006
1.039200000000017,-78.7961800000001
1.0840000000000307,-73.30195000000006
1.1400000000000015,-58.51236999999987
1.1960000000000186,-35.106730000000084
1.252000000000036,-5.208630000000047
1.2576000000000145,-1.8804000000001153
1.268800000000018,4.830230000000046
1.2912000000000248,18.226350000000167
1.335999999999992,42.65775000000005
1.3920000000000092,66.14411999999992
1.4480000000000266,81.19859000000007
1.5039999999999973,89.37172000000015
1.5600000000000145,92.86569
1.6160000000000316,93.54302000000003
1.6720000000000026,92.61749000000007
1.7280000000000197,90.78114999999998
1.784000000000037,88.43359999999988
1.8400000000000079,85.83111999999993
1.896000000000025,83.14892000000017
1.9519999999999957,80.50190000000002
0.008000000000013,77.95909
0.06400000000003019,75.55742999999993
0.12000000000000104,73.31423000000004
0.17600000000001823,71.23502000000003
0.2320000000000354,69.31823000000014
0.28800000000000625,67.55782999999992
0.34400000000002345,65.94557
0.3999999999999943,64.47186999999998
0.45600000000001145,63.12678999999988
0.5120000000000287,61.90030999999996
0.5679999999999995,60.78287000000016
0.6240000000000167,59.7652500000001
0.6800000000000338,58.83892999999985
0.7360000000000048,57.99591000000004
0.7920000000000219,57.22888000000004
0.8479999999999928,56.53102999999993
0.9040000000000099,55.89622000000016
0.960000000000027,55.31874999999986
1.015999999999998,54.793500000000165
1.0720000000000152,54.31571000000002
1.1280000000000323,53.8811400000001
1.1840000000000033,53.48584999999994
1.2400000000000204,53.126319999999836
1.2959999999999912,52.79928000000012
1.3520000000000083,52.50182000000003
1.4080000000000255,52.23124999999995
1.4639999999999964,51.98513999999999
1.5200000000000136,51.76127000000008
1.5760000000000307,51.557649999999896
1.6320000000000017,51.372409999999924
1.6880000000000188,51.203939999999946
1.744000000000036,51.0506799999999
1.800000000000007,50.91127999999978
1.856000000000024,50.78446999999997
1.9119999999999948,50.66913000000017
1.968000000000012,50.56420999999989
0.02400000000002923,50.46877000000016
0.08000000000000008,50.38195999999995
0.13600000000001727,50.30299999999998
0.19200000000003445,50.23117999999993
0.2480000000000053,50.165870000000055
0.3040000000000225,50.10643999999998
0.3599999999999933,50.05240999999994
0.41600000000001053,50.00325000000005
0.4720000000000277,49.95855999999988
0.5279999999999986,49.91789999999985
0.5840000000000157,49.88093999999998
0.6400000000000329,49.847319999999804
0.6960000000000037,49.816750000000184
0.752000000000021,49.78894999999994
0.8079999999999918,49.763679999999866
0.864000000000009,49.74069999999986
0.9200000000000261,49.71981999999997
0.975999999999997,49.70082999999992
1.0320000000000142,49.68357999999995
1.0880000000000314,49.66782000000003
1.1440000000000021,49.65332
1.2000000000000195,49.64000000000013
1.2560000000000366,49.627920000000046
1.3120000000000074,49.617009999999965
1.3680000000000245,49.60717000000003
1.4239999999999955,49.59829999999998
1.4800000000000126,49.59026
1.5360000000000298,49.583000000000155
1.5920000000000007,49.576419999999956
1.648000000000018,49.570450000000044
1.704000000000035,49.56505999999994
1.7600000000000058,49.560179999999846
1.8160000000000232,49.5557499999999
1.871999999999994,49.551750000000006
1.928000000000011,49.54814000000019
1.9840000000000282,49.544869999999854
1.599999999196885e-05,49.54399999999981
0.005616000000016848,49.589330000000096
0.016816000000020283,49.66912999999984
0.03921600000002715,49.463029999999854
0.08401599999999458,45.729350000000004
0.14001600000001174,32.994619999999976
0.19601600000002894,11.512469999999997
0.2520159999999998,-16.569969999999934
0.25761600000002466,-19.722979999999836
0.2688160000000281,-26.08574000000008
0.29121600000003495,-38.80317999999994
0.33601600000000237,-61.95179000000017
0.39201600000001957,-83.97716999999983
0.4480160000000368,-97.7197999999999
0.5040160000000076,-104.70979999999996
0.5600160000000248,-107.12963000000019
0.6160159999999957,-106.82762000000001
0.6720160000000128,-105.00792999999997
0.72801600000003,-102.35590000000005
0.7840160000000008,-99.26495999999996
0.8400160000000181,-95.98547999999995
0.8960160000000352,-92.68704999999989
0.9520160000000061,-89.47930000000004
1.0080160000000233,-86.42635999999993
1.064015999999994,-83.56078
1.1200160000000112,-80.89585000000011
1.1760160000000284,-78.43314000000001
1.2320159999999993,-76.16756999999996
1.2880160000000165,-74.09007999999994
1.3440160000000336,-72.18956999999992
1.4000160000000046,-70.4537799999998
1.4560160000000217,-68.87038999999984
1.5120159999999925,-67.42717999999992
1.5680160000000098,-66.11256999999982
1.624016000000027,-64.91558000000009
1.6800159999999977,-63.82605000000008
1.7360160000000149,-62.8344799999998
1.792016000000032,-61.93223999999997
1.848016000000003,-61.11133000000013
1.9040160000000201,-60.36448999999999
1.960015999999991,-59.68502000000009
1.9999999999999982,-59.23791000000001
0.005600000000023069,-59.22362000000003
0.016800000000026506,-59.18542000000016
0.039200000000033375,-58.751
0.0840000000000008,-54.59051999999986
0.14000000000001797,-41.36860999999992
0.19600000000003515,-19.434380000000083
0.252000000000006,9.077090000000121
0.2576000000000309,12.271740000000086
0.26880000000003434,18.717180000000113
0.29119999999999485,31.595739999999985
0.3360000000000086,55.04639
0.3920000000000258,77.4102699999999
0.4479999999999966,91.45246999999989
0.5040000000000139,98.7104299999999
0.560000000000031,101.37262000000003
0.6160000000000019,101.29135000000011
0.672000000000019,99.6730400000001
0.7280000000000362,97.20435999999988
0.784000000000007,94.28015000000012
0.8400000000000243,91.15229000000014
0.8959999999999951,87.99164999999998
0.9520000000000123,84.90916000000004
0.9999920000000244,82.37959000000016
1.005592000000003,82.13899999999997
1.0167920000000064,81.65095
1.0391920000000132,80.33445999999999
1.0839920000000272,74.48301999999995
1.139991999999998,59.27916
1.195992000000015,35.49708000000007
1.2519920000000322,5.262179999999894
1.257592000000011,1.9025500000000584
1.2687920000000144,-4.870180000000168
1.2911920000000212,-18.386679999999878
1.335992000000035,-43.04514999999998
1.3919920000000057,-66.79261999999997
1.4479920000000228,-82.08561000000003
1.5039919999999938,-90.47643000000005
1.559992000000011,-94.16862999999998
1.615992000000028,-95.02628000000013
1.671991999999999,-94.26478000000004
1.7279920000000162,-92.57776000000018
1.7839920000000333,-90.36626999999986
1.8399920000000043,-87.88787000000009
1.8959920000000214,-85.31885000000017
1.9519919999999922,-82.77515000000002
1.9999840000000044,-80.6688299999998
0.005584000000029291,-80.47521000000013
0.016784000000032728,-80.0802399999998
0.03918399999999327,-78.94488000000011
0.08398400000000703,-73.43805000000003
0.1399840000000242,-58.63409999999991
0.19598399999999505,-35.21540999999995
0.25198400000001225,-5.305339999999825
0.2575840000000371,-1.975969999999938
0.26878399999999425,4.736909999999872
0.2911840000000011,18.13741000000002
0.3359840000000148,42.577089999999984
0.39198400000003203,66.07296000000007
0.4479840000000029,81.13608000000005
0.5039840000000201,89.31716
0.5599840000000372,92.81841000000001
0.6159840000000081,93.50241999999986
0.6719840000000252,92.58301000000002
0.7279839999999961,90.75227000000008
0.7839840000000133,88.40982000000008
0.8399840000000305,85.81203000000004
0.8959840000000013,83.13408999999994
0.9519840000000185,80.49094999999996
0.9999760000000307,78.30627000000013
1.0055760000000094,78.10391999999999
1.0167760000000128,77.69157999999999
1.0391760000000196,76.52185999999995
1.0839760000000334,70.94703000000013
1.139976000000004,56.06127000000005
1.1959760000000212,32.57014999999996
1.2519759999999922,2.602800000000016
1.2575760000000171,-0.7313200000000908
1.2687760000000206,-7.453490000000063
1.2911760000000274,-20.87156999999995
1.3359759999999947,-45.344719999999896
1.3919760000000119,-68.88154000000002
1.4479760000000292,-83.98496
1.503976,-92.20447999999992
1.5599760000000171,-95.74116999999993
1.6159760000000343,-96.45724000000011
1.6719760000000052,-95.56666999999996
1.7279760000000224,-93.76202
1.7839759999999933,-91.44336999999992
1.8399760000000105,-88.86740000000005
1.8959760000000276,-86.20957000000007
1.9519759999999984,-83.58504999999994
0.007976000000015639,-81.06312999999999
0.06397600000003281,-78.68081999999998
0.11997600000000368,-76.45532999999993
0.17597600000002084,-74.39211000000002
0.23197599999999172,-72.48980000000005
0.2879760000000089,-70.74268000000016
0.34397600000002604,-69.14265000000009
0.39997599999999695,-67.68020000000008
0.4559760000000141,-66.3454499999998
0.5119760000000313,-65.12842999999991
0.5679760000000021,-64.01959000000002
0.6239760000000193,-63.00980000000011
0.6799760000000364,-62.09058
0.7359760000000073,-61.25398999999998
0.7919760000000245,-60.49276000000003
0.8479759999999954,-59.80013999999989
0.9039760000000125,-59.17004999999986
0.9599760000000297,-58.596809999999834
1.0000160000000085,-58.21911999999996
1.0056160000000334,-58.214210000000044
1.0168160000000368,-58.19456999999994
1.0392159999999973,-57.79617999999998
1.084016000000011,-53.70337000000003
1.1400160000000281,-40.558869999999914
1.196015999999999,-18.695569999999996
1.2520160000000162,9.750240000000021
1.2576159999999947,12.938620000000123
1.2688159999999982,19.371629999999975
1.291216000000005,32.22601000000003
1.336016000000019,55.63114000000002
1.3920160000000361,77.94328999999989
1.4480160000000069,91.93889
1.504016000000024,99.15464000000007
1.560015999999995,101.77842000000004
1.616016000000012,101.66207999999988
1.6720160000000293,100.01174999999995
1.7280160000000002,97.51383000000003
1.7840160000000174,94.56294999999982
1.8400160000000345,91.41078999999985
1.8960160000000053,88.22801000000014
1.9520160000000226,85.12534999999998
8.000000034706817e-06,82.57996000000011
0.005608000000013264,82.33762000000011
0.0168080000000167,81.84608000000004
0.03920800000002357,80.52283999999999
0.08400799999999099,74.65875000000023
0.14000800000000818,59.44042999999999
0.19600800000002536,35.64502000000003
0.2520079999999962,5.39771
0.2576080000000211,2.036900000000008
0.2688080000000245,-4.7381900000000865
0.2912080000000314,-18.25929999999998
0.3360079999999988,-42.926440000000014
0.392008000000016,-66.68374999999993
0.44800800000003316,-81.98554000000003
0.504008000000004,-90.38429999999997
0.5600080000000212,-94.08369999999988
0.616007999999992,-94.94789000000003
0.6720080000000093,-94.19235000000015
0.7280080000000264,-92.51078000000001
0.7840079999999973,-90.30424999999997
0.8400080000000144,-87.83036999999982
0.8960080000000317,-85.26548000000011
0.9520080000000025,-82.72556000000009
1.0080080000000196,-80.28062000000014
1.064008000000037,-77.96833999999997
1.1200080000000077,-75.80658000000007
1.1760080000000248,-73.80133
1.2320079999999958,-71.95175999999992
1.288008000000013,-70.25261000000005
1.34400800000003,-68.6962299999998
1.400008000000001,-67.27349000000005
1.4560080000000182,-65.97487999999996
1.5120080000000353,-64.79071999999996
1.568008000000006,-63.711809999999815
1.6240080000000234,-62.72924000000013
1.6800079999999942,-61.83479000000003
1.7360080000000113,-61.02074000000002
1.7920080000000285,-60.28001999999999
1.8480079999999994,-59.606080000000006
1.9040080000000166,-58.992990000000134
1.9600080000000337,-58.43522000000001
1.9999919999999947,-58.068210000000064
0.005592000000019485,-58.06466999999982
0.01679200000002292,-58.04772000000003
0.03919200000002979,-57.65454999999986
0.08399199999999721,-53.57157000000012
0.13999200000001438,-40.43827999999983
0.19599200000003156,-18.585260000000048
0.25199200000000244,9.851029999999872
0.2575920000000273,13.038499999999953
0.26879200000003073,19.469699999999925
0.2911919999999913,32.320579999999936
0.335992000000005,55.71911000000007
0.3919920000000222,78.02373999999989
0.44799199999999306,92.01257000000007
0.5039920000000102,99.22220999999998
0.5599920000000275,101.84038999999979
0.6159919999999983,101.71896000000014
0.6719920000000155,100.06396000000018
0.7279920000000326,97.56177
0.7839920000000035,94.60700999999983
0.8399920000000207,91.45128999999996
0.8959919999999916,88.26527999999989
0.9519920000000087,85.15968000000007
0.9999840000000209,82.61197000000008
1.0055839999999994,82.36935999999994
1.0167840000000028,81.8773300000002
1.0391840000000097,80.55309999999993
1.0839840000000236,74.68716000000009
1.1399839999999943,59.46669999999998
1.1959840000000115,35.669340000000105
1.2519840000000286,5.420190000000158
1.2575840000000074,2.0591999999999278
1.2687840000000108,-4.716240000000038
1.2911840000000177,-18.238039999999955
1.3359840000000314,-42.90645999999998
1.391984000000002,-66.66524000000007
1.4479840000000193,-81.96833999999997
1.5039840000000366,-90.36826999999991
1.5599840000000074,-94.0687200000001
1.6159840000000245,-94.93386999999997
1.6719839999999955,-94.17921000000007
1.7279840000000126,-92.49843999999996
1.7839840000000298,-90.29263999999992
1.8399840000000007,-87.81944000000009
1.8959840000000179,-85.25515999999999
1.951984000000035,-82.71578999999996
0.007984000000005832,-80.27136999999995
0.06398400000002301,-77.95956000000004
0.11998399999999387,-75.79822999999996
0.17598400000001105,-73.79336000000004
0.23198400000002822,-71.94414999999998
0.2879839999999991,-70.24532999999988
0.3439840000000163,-68.68925999999998
0.3999840000000334,-67.26678999999992
0.4559840000000043,-65.96842999999986
0.5119840000000214,-64.78450999999995
0.5679839999999923,-63.705800000000146
0.6239840000000095,-62.723429999999915
0.6799840000000267,-61.82916999999999
0.7359839999999975,-61.01527999999989
0.7919840000000147,-60.27471000000006
0.8479840000000319,-59.6009099999999
0.9039840000000028,-58.98793999999996
0.9599840000000199,-58.43029
1.015984000000037,-57.92302999999998
1.071984000000008,-57.461560000000134
1.1279840000000252,-57.041809999999856
1.183983999999996,-56.65994000000008
1.239984000000013,-56.31257999999995
1.2959840000000304,-55.996579999999966
1.3519840000000012,-55.70911999999994
1.4079840000000183,-55.44759999999993
1.4639840000000355,-55.209700000000026
1.5199840000000064,-54.9932500000001
1.5759840000000236,-54.79634999999994
1.6319839999999946,-54.61720000000003
1.6879840000000117,-54.45422
1.7439840000000288,-54.30592999999995
1.7999839999999996,-54.17103000000001
1.855984000000017,-54.04827999999995
1.911984000000034,-53.93659999999989
1.9679840000000048,-53.83499000000014
1.6000000024900976e-05,-53.78106000000016
0.005616000000003458,-53.81762000000001
0.016816000000006895,-53.880089999999825
0.03921600000001377,-53.64094000000019
0.08401600000002751,-49.84747
0.14001599999999836,-37.04536999999996
0.19601600000001554,-15.49580000000006
0.2520160000000327,12.659799999999999
0.2576160000000113,15.820490000000076
0.2688160000000147,22.198589999999907
0.29121600000002157,34.94620000000004
0.33601600000003534,58.15044999999985
0.3920160000000062,80.23442000000003
0.44801600000002334,94.02467000000003
0.5040159999999942,101.05461000000004
0.5600160000000114,103.50940000000008
0.6160160000000285,103.2389199999999
0.6720159999999994,101.44788999999999
0.7280160000000166,98.8216099999999
0.7840160000000338,95.75374000000014
0.8400160000000046,92.49499000000006
0.8960160000000218,89.2151699999999
0.9520159999999926,86.02416000000002
1.000008000000005,83.40941999999995
1.0056080000000298,83.15939000000006
1.0168080000000332,82.65263000000012
1.0392079999999937,81.29988999999993
1.0840080000000074,75.38038000000013
1.1400080000000246,60.09868000000007
1.1960079999999955,36.24509999999992
1.2520080000000127,5.943770000000015
1.2576079999999912,2.5777900000001353
1.2688079999999946,-4.207559999999999
1.2912080000000015,-17.748640000000204
1.3360080000000152,-42.453429999999905
1.3920080000000326,-66.25351000000012
1.4480080000000033,-81.59372000000009
1.5040080000000204,-90.02710999999985
1.5600079999999914,-93.75788000000007
1.6160080000000085,-94.65063000000006
1.6720080000000257,-93.92109999999998
1.7280079999999967,-92.26322999999992
1.7840080000000138,-90.07830000000006
1.840008000000031,-87.62409999999998
1.8960080000000017,-85.07712000000001
1.9520080000000188,-82.55349000000001
0.008008000000036127,-80.12339999999996
0.06400800000000699,-77.82463000000006
0.12000800000002416,-75.67515999999985
0.17600799999999503,-73.6811100000001
0.2320080000000122,-71.84171999999988
0.28800800000002935,-70.15183999999985
0.3440080000000002,-68.60390000000005
0.4000080000000174,-67.1888599999999
0.4560080000000346,-65.89723999999997
0.5120080000000055,-64.71945999999984
0.5680080000000226,-63.64635000000018
0.6240079999999935,-62.669050000000006
0.6800080000000106,-61.77941999999992
0.7360080000000279,-60.969749999999934
0.7920079999999987,-60.23303000000002
0.8480080000000159,-59.56274000000006
0.904008000000033,-58.952949999999895
0.9600080000000039,-58.39820000000007
0.9999920000000111,-58.033189999999955
1.005592000000036,-58.02991000000013
1.016791999999993,-58.01349999999994
1.039192,-57.621339999999854
1.0839920000000136,-53.540290000000155
1.1399920000000308,-40.409180000000156
1.1959920000000017,-18.558149999999827
1.2519920000000189,9.876289999999788
1.2575919999999974,13.063579999999853
1.2687920000000008,19.49443999999989
1.2911920000000077,32.344640000000034
1.3359920000000216,55.74188000000002
1.3919919999999923,78.04506
1.4479920000000095,92.03256999999998
1.5039920000000266,99.24098999999997
1.5599919999999976,101.85807000000003
1.6159920000000147,101.73560999999998
1.671992000000032,100.07966000000002
1.7279920000000029,97.57660000000001
1.78399200000002,94.62102999999988
1.8399920000000372,91.46458000000001
1.895992000000008,88.27790000000002
1.9519920000000253,85.17165999999987
0.007991999999996027,82.21098000000015
0.0639920000000132,79.42913000000007
0.11999200000003038,76.84000000000002
0.17599200000000123,74.44599000000008
0.2319920000000184,72.24297999999996
0.2879920000000356,70.22247000000004
0.34399200000000646,68.37372000000008
0.3999920000000236,66.6849300000001
0.4559919999999945,65.14419999999998
0.5119920000000117,63.73974999999987
0.5679920000000288,62.46040999999991
0.6239919999999997,61.29550000000017
0.6799920000000169,60.23522999999997
0.7359920000000341,59.27033000000015
0.7919920000000049,58.39243000000005
0.8479920000000221,57.59372000000007
0.9039919999999929,56.86714999999998
0.9599920000000102,56.206210000000034
1.0159920000000273,55.605010000000064
1.071991999999998,55.05813000000015
1.1279920000000154,54.56071000000007
1.1839920000000326,54.10821999999982
1.2399920000000033,53.69665999999995
1.2959920000000205,53.32227
1.3519919999999914,52.98174000000011
1.4079920000000086,52.67197999999995
1.4639920000000257,52.390220000000156
1.5199919999999967,52.13390000000007
1.5759920000000138,51.900760000000105
1.631992000000031,51.68868000000004
1.687992000000002,51.49574999999995
1.743992000000019,51.320260000000005
1.7999920000000362,51.16063000000004
1.855992000000007,51.01540000000004
1.9119920000000241,50.8833099999999
1.967991999999995,50.76313999999993
0.023992000000012257,50.65385
0.07999200000002943,50.55441000000016
0.13599200000000028,50.463970000000025
0.19199200000001748,50.381699999999974
0.24799200000003466,50.306860000000064
0.3039920000000055,50.23878000000015
0.3599920000000227,50.176869999999816
0.41599199999999353,50.12054999999993
0.47199200000001074,50.069330000000136
0.5279920000000279,50.022739999999956
0.5839919999999987,49.98035999999995
0.6399920000000159,49.941829999999854
0.6959920000000331,49.906790000000086
0.751992000000004,49.87490000000005
0.8079920000000211,49.84593000000004
0.863991999999992,49.81958000000009
0.9199920000000091,49.79562000000004
0.9759920000000264,49.77381999999997
1.0319919999999971,49.754029999999894
1.0879920000000143,49.73601999999988
1.1439920000000317,49.71959000000004
1.1999920000000024,49.70446000000006
1.2559920000000195,49.69058000000004
1.3119920000000367,49.67798000000001
1.3679920000000076,49.666610000000055
1.4239920000000248,49.65633000000014
1.4799919999999958,49.647070000000014
1.535992000000013,49.63867999999994
1.59199200000003,49.63108999999988
1.6479920000000008,49.62420999999995
1.7039920000000182,49.61798000000006
1.7599920000000353,49.612329999999986
1.815992000000006,49.60721000000001
1.8719920000000232,49.60257999999995
1.9279919999999942,49.59838999999988
1.9839920000000113,49.59458999999988
8.00000002131683e-06,49.593580000000024
0.0056079999999998735,49.63887000000011
0.01680800000000331,49.71856000000008
0.03920800000001018,49.512290000000014
0.08400800000002392,45.77830999999999
0.14000799999999478,33.043229999999866
0.19600800000001195,11.560709999999919
0.25200800000002915,-16.52220999999998
0.2576080000000077,-19.675270000000022
0.26880800000001115,-26.03814000000004
0.291208000000018,-38.755780000000016
0.3360080000000317,-61.904740000000125
0.3920080000000026,-83.93041999999996
0.4480080000000198,-97.67323000000006
0.504008000000037,-104.66335000000004
0.5600080000000078,-107.08329000000005
0.616008000000025,-106.78139000000009
0.6720079999999958,-104.9618200000002
0.728008000000013,-102.30990000000007
0.7840080000000302,-99.21909000000007
0.8400080000000011,-95.9397500000001
0.8960080000000182,-92.64143000000003
0.9520080000000354,-89.43382
1.0000000000000013,-86.80611000000016
1.0056000000000263,-86.55466999999994
1.0168000000000297,-86.04519999999982
1.0392000000000365,-84.68793000000008
1.0840000000000038,-78.76371999999998
1.140000000000021,-63.481640000000006
1.195999999999992,-39.626179999999955
1.252000000000009,-9.31380000000015
1.257600000000034,-5.946049999999925
1.2688000000000375,0.8429600000001702
1.291199999999998,14.391680000000129
1.3360000000000116,39.11073999999992
1.3920000000000288,62.92472000000004
1.4479999999999997,78.2746299999999
1.5040000000000169,86.71525000000014
1.560000000000034,90.45239999999998
1.616000000000005,91.3514000000002
1.6720000000000221,90.62809000000004
1.7279999999999929,88.97617999999996
1.7840000000000102,86.7967300000001
1.8400000000000274,84.34741000000012
1.8959999999999981,81.80464999999981
1.9520000000000153,79.28458999999988
1.9999920000000275,77.19653000000015
0.005592000000006096,77.00488999999999
0.016792000000009532,76.61375999999987
0.0391920000000164,75.48518999999997
0.08399200000003014,69.98767999999988
0.139992000000001,55.19041000000002
0.19599200000001818,31.78049999999999
0.25199200000003535,1.8884200000000018
0.2575920000000139,-1.4385199999999987
0.26879200000001735,-8.146409999999937
0.2911920000000242,-21.536730000000006
0.33599199999999163,-45.95754000000007
0.39199200000000883,-69.43484999999994
0.447992000000026,-84.48476000000005
0.5039919999999969,-92.65597000000002
0.559992000000014,-96.14885000000007
0.6159920000000312,-96.82505000000008
0.671992000000002,-95.89818000000005
0.7279920000000193,-94.0604599999999
0.7839920000000364,-91.71170000000006
0.8399920000000073,-89.10829999999991
0.8959920000000244,-86.42550999999999
0.9519919999999953,-83.77825999999988
1.0079920000000124,-81.23565999999994
1.0639920000000296,-78.83452999999996
1.1199920000000005,-76.59192999999998
1.1759920000000177,-74.51311000000005
1.2319920000000348,-72.59660999999996
1.2879920000000058,-70.83655999999982
1.343992000000023,-69.22477999999987
1.3999919999999937,-67.75160999999996
1.455992000000011,-66.40711999999982
1.5119920000000282,-65.18121999999993
1.567991999999999,-64.06431
1.623992000000016,-63.04715999999999
1.6799920000000332,-62.121239999999965
1.7359920000000042,-61.27853999999999
1.7919920000000213,-60.511740000000145
1.8479919999999923,-59.81405999999989
1.9039920000000095,-59.179340000000025
1.9599920000000266,-58.601910000000146
1.9999760000000337,-58.22194000000014
0.005576000000012317,-58.21666000000003
0.016776000000015754,-58.19627999999999
0.03917600000002262,-57.79641000000013
0.08397600000003637,-53.700850000000024
0.13997600000000723,-40.55315999999998
0.1959760000000244,-18.687019999999997
0.25197599999999526,9.761279999999983
0.2575760000000201,12.94989000000002
0.26877600000002355,19.38335000000002
0.29117600000003047,32.23859999999989
0.3359759999999979,55.64539999999995
0.39197600000001503,77.9595099999999
0.44797600000003224,91.9569899999999
0.5039760000000031,99.17451000000011
0.5599760000000202,101.79992000000016
0.6159760000000374,101.68509999999986
0.6719760000000082,100.03614000000005
0.7279760000000255,97.53948000000001
0.7839759999999963,94.58975000000014
0.8399760000000135,91.43862999999985
0.8959760000000306,88.25680999999986
0.9519760000000015,85.15501999999996
1.0000240000000316,82.60740999999983
1.00562400000001,82.36515
1.0168240000000135,81.87381999999998
1.0392240000000204,80.5509499999999
1.084024000000034,74.68761999999995
1.140024000000005,59.470209999999966
1.1960240000000222,35.67564000000001
1.2520239999999931,5.428999999999906
1.2576240000000178,2.0682499999999937
1.2688240000000213,-4.7067399999998205
1.2912240000000283,-18.22762999999994
1.3360239999999957,-42.89433999999992
1.3920240000000128,-66.65109999999986
1.44802400000003,-81.95232000000007
1.504024000000001,-90.35051999999988
1.560024000000018,-94.0493899999999
1.6160240000000352,-94.91311999999996
1.6720240000000062,-94.1571699999999
1.7280240000000233,-92.47523000000002
1.784023999999994,-90.26836999999999
1.8400240000000112,-87.79420999999998
1.8960240000000286,-85.22905999999986
1.9520239999999993,-82.68889000000001
1.600000001151099e-05,-80.58534000000006
0.00561600000003639,-80.39203000000006
0.016815999999993503,-79.99767000000003
0.039216000000000376,-78.86347999999987
0.08401600000001412,-73.35879000000011
0.14001600000003128,-58.55725999999994
0.19601600000000216,-35.140840000000175
0.25201600000001934,-5.233050000000183
0.2576159999999979,-1.9039199999999479
0.26881600000000133,4.808499999999993
0.2912160000000082,18.20809999999984
0.33601600000002196,42.64608000000014
0.3920159999999928,66.14008999999999
0.44801600000000996,81.20160999999993
0.5040160000000271,89.38131000000004
0.560015999999998,92.88134000000015
0.6160160000000152,93.56422999999991
0.6720160000000324,92.6437899999999
0.7280160000000032,90.81209999999996
0.7840160000000204,88.46879000000007
0.8400160000000376,85.87019000000006
0.8960160000000085,83.19152000000018
0.9520160000000256,80.54770999999982
1.0000079999999916,78.36248
1.0056080000000163,78.16007999999997
1.0168080000000197,77.74761000000008
1.0392080000000266,76.57768999999992
1.084007999999994,71.00249000000014
1.1400080000000112,56.116349999999926
1.1960080000000284,32.62480000000001
1.2520079999999993,2.656900000000073
1.2576080000000243,-0.6772699999999521
1.2688080000000277,-7.399560000000083
1.2912080000000346,-20.817890000000006
1.3360080000000019,-45.2914900000001
1.392008000000019,-68.82872000000017
1.4480080000000362,-83.93242000000001
1.5040080000000071,-92.15214999999999
1.5600080000000243,-95.68901000000008
1.6160079999999952,-96.40523
1.6720080000000124,-95.51482999999993
1.7280080000000295,-93.71035000000005
1.7840080000000003,-91.39187000000004
1.8400080000000176,-88.81606000000008
1.8960080000000348,-86.15839000000003
1.9520080000000055,-83.53400999999994
0.008008000000022737,-81.01223999999996
0.0640079999999936,-78.63006000000006
0.12000800000001077,-76.40471000000004
0.17600800000002795,-74.34161000000006
0.2320079999999988,-72.43940999999987
0.288008000000016,-70.69237000000017
0.3440080000000332,-69.09244999999986
0.400008000000004,-67.63008000000004
0.4560080000000212,-66.29540999999995
0.512007999999992,-65.07846000000006
0.5680080000000093,-63.96968999999997
0.6240080000000264,-62.959959999999924
0.6800079999999973,-62.04082
0.7360080000000144,-61.20426999999995
0.7920080000000316,-60.443100000000086
0.8480080000000024,-59.75053000000008
0.9040080000000197,-59.12048000000003
0.9600080000000368,-58.54729000000014
1.0160080000000078,-58.02587999999997
1.072008000000025,-57.55153999999996
1.1280079999999957,-57.12005999999992
1.1840080000000128,-56.72753000000008
1.24000800000003,-56.3704599999999
1.296008000000001,-56.04560999999997
1.352008000000018,-55.750109999999964
1.4080080000000352,-55.48126000000009
1.4640080000000062,-55.23669000000009
1.5200080000000233,-55.01417000000019
1.576007999999994,-54.81173000000017
1.6320080000000114,-54.62754999999997
1.6880080000000286,-54.45998000000007
1.7440079999999993,-54.307510000000114
1.8000080000000165,-54.16880999999996
1.8560080000000339,-54.04258999999989
1.9120080000000046,-53.92777000000004
1.9680080000000217,-53.823280000000025
0.024007999999992646,-53.728210000000054
0.08000800000000982,-53.641690000000075
0.136008000000027,-53.562979999999925
0.19200799999999785,-53.49135000000005
0.24800800000001502,-53.42618999999993
0.3040080000000322,-53.36687000000006
0.36000800000000305,-53.312919999999984
0.41600800000002025,-53.26380000000008
0.47200800000003745,-53.2191099999999
0.5280080000000082,-53.1784500000001
0.5840080000000255,-53.141450000000034
0.6400079999999964,-53.107760000000056
0.6960080000000135,-53.07711999999998
0.7520080000000307,-53.0492199999999
0.8080080000000015,-53.02384000000004
0.8640080000000188,-53.00075000000004
0.9200080000000359,-52.97971999999995
0.9760080000000068,-52.96059000000008
1.032008000000024,-52.94317999999998
1.0880079999999948,-52.92732999999994
1.144008000000012,-52.91291000000009
1.200008000000029,-52.89977999999995
1.256008,-52.88784000000013
1.3120080000000172,-52.87697000000002
1.3680080000000343,-52.86707000000001
1.4240080000000053,-52.85805999999993
1.4800080000000224,-52.84986999999997
1.5360079999999932,-52.84241000000001
1.5920080000000105,-52.83561000000003
1.6480080000000277,-52.829430000000066
1.7040079999999984,-52.82380000000009
1.7600080000000156,-52.818680000000114
1.8160080000000327,-52.81402999999996
1.8720080000000037,-52.809770000000086
1.9280080000000208,-52.80583000000006
1.9840079999999918,-52.80222000000001
2.400000000170515e-05,-52.80125000000013
0.005624000000026584,-52.846570000000035
0.01682400000003002,-52.92637999999994
0.03922400000003689,-52.72085999999998
0.08402400000000432,-48.99064999999992
0.1400240000000215,-36.260889999999875
0.19602399999999234,-14.777669999999965
0.2520240000000095,13.316510000000115
0.2576240000000344,16.471319999999956
0.2688239999999915,22.83779000000008
0.2912239999999984,35.56279000000018
0.33602400000001215,58.72453000000011
0.3920240000000293,80.76027000000008
0.44802400000000014,94.5071500000001
0.5040240000000173,101.49785000000011
0.5600240000000345,103.91692000000008
0.6160240000000053,103.61383999999995
0.6720240000000226,101.79299999999981
0.7280239999999935,99.13963999999997
0.7840240000000106,96.04729
0.8400240000000277,92.76613
0.8960239999999986,89.46562000000013
0.9520240000000159,86.25567000000012
1.000016000000028,83.62603999999996
1.0056160000000065,83.3743600000001
1.01681600000001,82.86435000000014
1.0392160000000168,81.50528000000001
1.0840160000000305,75.57394999999988
1.1400160000000015,60.27875999999988
1.1960160000000186,36.41271000000002
1.2520160000000358,6.099650000000123
1.2576160000000143,2.7325299999998443
1.2688160000000177,-4.0550700000001605
1.2912160000000246,-17.60054000000011
1.336015999999992,-42.31359000000001
1.3920160000000092,-66.12299000000021
1.4480160000000264,-81.47146000000016
1.5040159999999974,-89.91222999999992
1.5600160000000145,-93.64964999999992
1.6160160000000316,-94.54841999999996
1.6720160000000026,-93.82438000000005
1.7280160000000198,-92.17151000000001
1.784016000000037,-89.99113999999997
1.8400160000000076,-87.54108999999998
1.8960160000000248,-84.99791
1.9520159999999958,-82.47774000000008
8.000000007926844e-06,-80.38990000000013
0.0056080000000328055,-80.19832999999998
0.016808000000036242,-79.80740999999992
0.039207999999996794,-78.67990999999996
0.08400800000001053,-73.18775999999994
0.14000800000002772,-58.40048999999992
0.19600799999999857,-34.997059999999806
0.2520080000000157,-5.101280000000097
0.2576079999999943,-1.7732900000000384
0.2688079999999977,4.936859999999932
0.29120800000000463,18.332029999999833
0.33600800000001835,42.761669999999974
0.39200800000003555,66.24615999999995
0.4480080000000064,81.29907000000003
0.5040080000000235,89.47091000000017
0.5600079999999944,92.96374000000007
0.6160080000000115,93.64003999999993
0.6720080000000288,92.71355999999997
0.7280079999999997,90.87632999999995
0.7840080000000168,88.52794000000009
0.840008000000034,85.92471000000002
0.8960080000000048,83.24178999999998
0.9520080000000221,80.59410999999983
1.0000000000000342,78.40585
1.0056000000000127,78.20311000000002
1.0168000000000161,77.78997999999993
1.039200000000023,76.61874999999996
1.0840000000000367,71.04109999999997
1.1400000000000077,56.15210999999998
1.1960000000000248,32.657869999999974
1.2519999999999958,2.6873900000001782
1.2576000000000205,-0.6470400000000431
1.268800000000024,-7.369820000000082
1.291200000000031,-20.789139999999982
1.3359999999999983,-45.26457000000006
1.3920000000000154,-68.80388999999987
1.4480000000000326,-83.90943000000006
1.5040000000000036,-92.13077000000003
1.5600000000000207,-95.66906000000009
1.6159999999999914,-96.38655000000007
1.6720000000000088,-95.4972999999999
1.728000000000026,-93.69388000000001
1.7839999999999967,-91.37635
1.8400000000000138,-88.80140999999986
1.8960000000000312,-86.1445300000001
1.952000000000002,-83.52088999999995
1.9999920000000142,-81.35183
0.005591999999992705,-81.15125999999995
0.01679199999999614,-80.7425100000001
0.03919200000000301,-79.58044999999991
0.08399200000001676,-74.0234099999999
0.13999200000003392,-59.1620799999999
0.1959920000000048,-35.69087999999998
0.251992000000022,-5.732319999999902
0.25759200000000054,-2.3983400000000543
0.26879200000000397,4.323709999999981
0.29119200000001083,17.742049999999843
0.33599200000002455,42.215370000000085
0.39199199999999546,65.74958000000008
0.4479920000000126,80.84729000000013
0.5039920000000297,89.05968000000009
0.5599920000000006,92.58937999999995
0.6159920000000179,93.29929999999997
0.671992000000035,92.40347999999999
0.7279920000000059,90.59424000000016
0.783992000000023,88.27136999999996
0.8399919999999939,85.69137999999987
0.8959920000000111,83.02965000000006
0.9519920000000283,80.40125999999992
0.9999839999999941,78.22812000000012
1.005584000000019,78.02705999999992
1.0167840000000223,77.61726000000002
1.0391840000000292,76.45246999999999
1.0839839999999967,70.88695
1.1399840000000139,56.011860000000134
1.195984000000031,32.530419999999836
1.251984000000002,2.571850000000042
1.257584000000027,-0.7614499999999413
1.2687840000000303,-7.481969999999949
1.2911840000000372,-20.896870000000067
1.3359840000000045,-45.3640099999999
1.3919840000000216,-68.89389000000001
1.4479839999999926,-83.99095999999994
1.5039840000000098,-92.20468000000004
1.559984000000027,-95.73607000000007
1.6159839999999979,-96.44732
1.671984000000015,-95.55238999999993
1.7279840000000322,-93.7437699999999
1.783984000000003,-91.42153000000009
1.8399840000000203,-88.8422900000001
1.8959840000000374,-86.18150000000013
1.9519840000000082,-83.55429999999986
1.9999760000000204,-81.38244000000006
0.005575999999998927,-81.18155999999988
0.016776000000002362,-80.77219999999996
0.03917600000000923,-79.60893999999996
0.08397600000002298,-74.04966000000002
0.13997599999999383,-59.185790000000125
0.195976000000011,-35.71229999999992
0.2519760000000282,-5.751660000000047
0.25757600000000674,-2.417480000000083
0.2687760000000102,4.304950000000085
0.29117600000001703,17.72406000000015
0.3359760000000308,42.198800000000205
0.39197600000000166,65.73465999999995
0.4479760000000188,80.83389000000008
0.5039760000000361,89.04767000000002
0.5599760000000069,92.5786700000002
0.6159760000000241,93.28978000000009
0.6719759999999949,92.39507000000002
0.7279760000000121,90.58684000000005
0.7839760000000292,88.26489000000004
0.8399760000000002,85.68576000000006
0.8959760000000173,83.02480999999995
0.9519760000000345,80.39712999999993
1.0000240000000182,78.22208999999991
1.0056239999999967,78.02109999999996
1.0168240000000002,77.61145000000002
1.039224000000007,76.4469699999999
1.0840240000000207,70.88203000000016
1.1400239999999917,56.00764999999996
1.1960240000000089,32.52688999999997
1.252024000000026,2.5689900000001042
1.2576240000000045,-0.7642299999999214
1.268824000000008,-7.484629999999992
1.2912240000000148,-20.899280000000076
1.3360240000000285,-45.36593
1.3920239999999995,-68.89524999999996
1.4480240000000166,-83.99183
1.5040240000000338,-92.20511000000009
1.5600240000000047,-95.73611999999999
1.6160240000000219,-96.44702000000005
1.6720239999999926,-95.55179000000003
1.7280240000000098,-93.74289999999985
1.7840240000000271,-91.42041
1.8400239999999979,-88.84094000000009
1.896024000000015,-86.17995
1.9520240000000322,-83.55256
1.5999999998121006e-05,-81.38055999999993
0.005616000000023,-81.1796600000001
0.016816000000026435,-80.77026999999993
0.03921600000003331,-79.60695000000007
0.08401600000000073,-74.04754999999996
0.1400160000000179,-59.183540000000036
0.19601600000003508,-35.70996000000015
0.25201600000000596,-5.7492699999999175
0.2576160000000308,-2.415080000000014
0.26881600000003425,4.307360000000093
0.2912159999999948,17.72646999999994
0.33601600000000853,42.201249999999966
0.39201600000002573,65.73712000000009
0.4480159999999966,80.83640999999986
0.5040160000000138,89.05026000000005
0.5600160000000309,92.58133999999995
0.6160160000000018,93.29252999999981
0.6720160000000189,92.39791000000008
0.7280160000000362,90.58976000000007
0.784016000000007,88.26789999999995
0.8400160000000242,85.68883999999998
0.896015999999995,83.02794999999996
0.9520160000000122,80.40033999999996
1.0080160000000293,77.87520999999997
1.0640160000000003,75.48972999999992
1.1200160000000174,73.26140999999997
1.1760160000000346,71.19565999999989
1.2320160000000056,69.29092999999997
1.2880160000000227,67.54143000000012
1.3440159999999934,65.93910000000002
1.4000160000000106,64.47445000000008
1.456016000000028,63.137629999999945
1.5120159999999987,61.91869999999988
1.5680160000000158,60.80814000000001
1.624016000000033,59.796789999999824
1.680016000000004,58.87617999999995
1.736016000000021,58.03837000000001
1.792015999999992,57.276080000000064
1.8480160000000092,56.5825499999999
1.9040160000000264,55.951679999999946
1.960015999999997,55.37779000000009
0.016016000000014352,54.8557999999999
0.07201600000003153,54.381000000000014
0.12801600000000238,53.949140000000064
0.18401600000001955,53.55632999999993
0.24001600000003676,53.199050000000135
0.2960160000000076,52.8740700000001
0.35201600000002475,52.578489999999924
0.40801599999999566,52.309630000000105
0.4640160000000128,52.06507999999999
0.52001600000003,51.842629999999886
0.5760160000000009,51.64031999999996
0.632016000000018,51.45626999999986
0.6880160000000352,51.28887999999998
0.744016000000006,51.13661000000014
0.8000160000000233,50.998119999999815
0.8560159999999941,50.872129999999906
0.9120160000000113,50.75753999999999
0.9680160000000284,50.65330999999995
1.0240159999999994,50.55851000000011
1.0800160000000165,50.47228000000015
1.1360160000000337,50.39385000000007
1.1920160000000046,50.32250999999999
1.2480160000000218,50.25764999999982
1.3040159999999925,50.19862999999991
1.3600160000000097,50.144969999999844
1.4160160000000268,50.096160000000054
1.4720159999999978,50.051779999999994
1.528016000000015,50.01140999999998
1.584016000000032,49.974720000000026
1.640016000000003,49.94134000000017
1.6960160000000202,49.91100000000004
1.7520160000000373,49.88341000000007
1.8080160000000083,49.85832999999995
1.8640160000000254,49.835520000000024
1.9200159999999962,49.81480999999999
1.9760160000000133,49.79597000000013
0.03201600000003058,49.77885999999998
0.08801600000000144,49.763229999999936
0.14401600000001863,49.74884999999985
0.2000160000000358,49.73564999999991
0.2560160000000066,49.723680000000044
0.31201600000002383,49.712870000000024
0.3680159999999947,49.70312999999993
0.4240160000000119,49.69433999999984
0.48001600000002903,49.68638000000003
0.5360159999999999,49.679189999999984
0.5920160000000171,49.67268000000003
0.6480160000000342,49.66679000000007
0.7040160000000051,49.66145000000011
0.7600160000000223,49.656609999999986
0.8160159999999932,49.652250000000066
0.8720160000000103,49.64830000000009
0.9280160000000275,49.644720000000085
0.9840159999999983,49.641499999999894
1.0400160000000156,49.638590000000036
1.0960160000000327,49.63595000000009
1.1520160000000035,49.633599999999944
1.2080160000000209,49.63147000000001
1.2640159999999916,49.62955999999985
1.3200160000000087,49.62782999999993
1.3760160000000259,49.6262999999999
1.4320159999999968,49.62493000000001
1.488016000000014,49.623699999999936
1.5440160000000311,49.62259999999996
1.600016000000002,49.62164000000002
1.6560160000000193,49.62077999999992
1.7120160000000364,49.620030000000035
1.7680160000000071,49.61937000000005
1.8240160000000245,49.618790000000025
1.8800159999999952,49.61828000000001
1.9360160000000124,49.6178599999999
1.9920160000000295,49.61748999999993
2.400000003463728e-05,49.61744999999995
0.005624000000013194,49.66304999999993
0.01682400000001663,49.74336000000012
0.039224000000023504,49.538300000000035
0.08402400000003725,45.806649999999834
0.1400240000000081,33.0743
0.1960240000000253,11.594209999999938
0.25202399999999614,-16.486589999999968
0.257624000000021,-19.639460000000053
0.26882400000002443,-26.00195999999988
0.29122400000003135,-38.718849999999975
0.33602399999999877,-61.86636999999995
0.3920240000000159,-83.89028000000009
0.4480240000000331,-97.6313900000001
0.5040240000000039,-104.61993000000014
0.5600240000000212,-107.03843000000002
0.616023999999992,-106.73523000000019
0.6720240000000092,-104.91451000000018
0.7280240000000263,-102.26155999999986
0.7840239999999972,-99.16981999999996
0.8400240000000144,-95.88964
0.8960240000000316,-92.59050999999997
0.9520240000000024,-89.38203999999983
1.0000160000000147,-86.75370999999998
1.0056159999999932,-86.50219000000004
1.0168159999999966,-85.99259999999998
1.0392160000000035,-84.63511000000001
1.0840160000000172,-78.71042000000017
1.1400160000000343,-63.42776000000016
1.1960160000000053,-39.57186999999984
1.2520160000000224,-9.25927999999998
1.257616000000001,-5.891520000000039
1.2688160000000044,0.8974999999999955
1.2912160000000112,14.446230000000115
1.336016000000025,39.165310000000005
1.392015999999996,62.97943000000017
1.448016000000013,78.32956999999996
1.5040160000000302,86.77051999999996
1.5600160000000012,90.50800000000004
1.6160160000000183,91.40732999999979
1.6720160000000355,90.68432000000004
1.7280160000000062,89.03268000000008
1.7840160000000236,86.8534700000001
1.8400159999999943,84.40435999999995
1.8960160000000115,81.86180999999992
1.9520160000000286,79.34192999999978
7.999999994536857e-06,77.25400000000016
0.005608000000019416,77.0623800000001
0.01680800000002285,76.67128999999994
0.039208000000029726,75.54278999999985
0.08400799999999714,70.04548000000011
0.14000800000001432,55.248490000000096
0.1960080000000315,31.838749999999916
0.25200800000000234,1.946659999999989
0.25760800000002726,-1.3802800000000115
0.2688080000000307,-8.088209999999929
0.29120800000003755,-21.478590000000075
0.33600800000000497,-45.89947999999988
0.3920080000000221,-69.3767799999998
0.448007999999993,-84.42656000000004
0.5040080000000102,-92.59759000000001
0.5600080000000274,-96.09029999999996
0.6160079999999982,-96.76634000000006
0.6720080000000154,-95.83933999999994
0.7280080000000325,-94.00151999999994
0.7840080000000034,-91.65267999999993
0.8400080000000206,-89.04921999999993
0.8960080000000378,-86.36637000000013
0.9520080000000086,-83.71909
1.0000000000000209,-81.53147000000006
1.0055999999999994,-81.32882999999991
1.0168000000000028,-80.91599999999998
1.0392000000000097,-79.74601999999997
1.0840000000000234,-74.17408000000015
1.1399999999999944,-59.29571999999994
1.1960000000000115,-35.80907
1.2520000000000286,-5.836409999999903
1.2576000000000072,-2.501070000000105
1.2688000000000106,4.223610000000155
1.2912000000000174,17.647109999999966
1.3360000000000312,42.13014999999998
1.3920000000000021,65.67553999999998
1.4480000000000193,80.78348999999996
1.5040000000000364,89.00525000000003
1.5600000000000074,92.54355000000002
1.6160000000000245,93.26136000000007
1.6719999999999953,92.3727700000001
1.7280000000000124,90.57013999999985
1.7840000000000298,88.25331999999997
1.8400000000000005,85.67885000000008
1.8960000000000177,83.02215000000012
1.9520000000000348,80.39836
0.008000000000005763,77.87671000000019
0.06400000000002294,75.4944099999999
0.11999999999999379,73.26899000000009
0.17600000000001098,71.20587
0.23200000000002816,69.30354999999989
0.28799999999999903,67.55624999999998
0.3440000000000162,65.95594000000004
0.4000000000000334,64.49311999999985
0.45600000000000424,63.157979999999945
0.5120000000000214,61.94058000000013
0.5679999999999923,60.831419999999966
0.6240000000000094,59.821359999999935
0.6800000000000266,58.90192999999999
0.7359999999999974,58.06518999999999
0.7920000000000147,57.303879999999864
0.8480000000000318,56.611260000000165
0.9040000000000027,55.98121000000012
0.9600000000000198,55.40809000000002
0.9999840000000271,55.031020000000154
1.0055840000000056,55.02609999999986
1.016784000000009,55.00640000000012
1.0391840000000159,54.607260000000046
1.0839840000000296,50.51048000000002
1.1399840000000006,37.35964000000003
1.1959840000000177,15.495349999999908
1.2519840000000348,-12.94101000000003
1.2575840000000134,-16.127800000000025
1.2687840000000168,-22.55753000000005
1.2911840000000236,-35.40517999999992
1.3359840000000374,-58.7984800000001
1.3919840000000083,-81.10108999999999
1.4479840000000255,-95.09247999999992
1.5039839999999964,-102.30702999999997
1.5599840000000136,-104.93076
1.6159840000000307,-104.81454999999995
1.6719840000000015,-103.16437999999994
1.7279840000000188,-100.66691999999988
1.783984000000036,-97.71686000000001
1.8399840000000067,-94.56569000000003
1.8959840000000239,-91.38402
1.9519839999999948,-88.28243999999997
1.999976000000007,-85.73801000000003
0.005576000000031859,-85.49581000000006
0.016776000000035294,-85.00463000000002
0.039175999999995846,-83.68284000000004
0.08397600000000958,-77.82511000000002
0.13997600000002677,-62.61885999999994
0.19597599999999762,-38.83290000000006
0.2519760000000148,-8.585179999999859
0.25757599999999337,-5.223629999999924
0.2687759999999968,1.5530699999999342
0.29117600000000365,15.077810000000191
0.3359760000000174,39.75164999999991
0.3919760000000346,63.514250000000104
0.4479760000000054,78.81800999999999
0.5039760000000226,87.21699999999987
0.5599759999999935,90.91639000000006
0.6159760000000106,91.78098999999995
0.6719760000000279,91.02629000000006
0.7279759999999987,89.34575000000011
0.7839760000000159,87.14018999999995
0.839976000000033,84.66706999999984
0.8959760000000039,82.10264999999994
0.951976000000021,79.56284000000014
1.0000240000000047,77.45685999999985
1.0056240000000296,77.26352000000003
1.016824000000033,76.86901999999995
1.0392239999999937,75.73390999999985
1.0840240000000074,70.22422000000006
1.1400240000000246,55.413079999999894
1.1960239999999953,31.990339999999897
1.2520240000000127,2.08611000000003
1.2576240000000374,-1.2419999999999654
1.2688239999999946,-7.952230000000116
1.2912240000000015,-21.34711
1.3360240000000152,-45.77646999999985
1.3920240000000323,-69.26335000000017
1.4480240000000033,-84.32171
1.5040240000000205,-92.50045000000017
1.5600240000000376,-96.00013000000018
1.6160240000000083,-96.68253000000004
1.6720240000000257,-95.76132999999997
1.7280239999999965,-93.92879999999981
1.7840240000000136,-91.58478000000004
1.8400240000000307,-88.9857300000001
1.8960240000000017,-86.30688999999991
1.9520240000000189,-83.66327000000018
1.6000000031053132e-05,-81.47852000000012
0.00561600000000961,-81.27620000000002
0.016816000000013046,-80.86400000000005
0.039216000000019915,-79.69524000000017
0.08401600000003366,-74.1255799999998
0.14001600000000453,-59.24981000000007
0.1960160000000217,-35.76555000000003
0.2520159999999925,-5.79515999999991
0.25761600000001744,-2.460050000000047
0.26881600000002087,4.26419999999994
0.29121600000002773,17.68682999999993
0.33601599999999515,42.168250000000015
0.39201600000001235,65.71181000000004
0.4480160000000295,80.81812
0.5040160000000004,89.03843
0.5600160000000175,92.57541000000002
0.6160160000000348,93.29200999999986
0.6720160000000056,92.40230999999999
0.7280160000000228,90.59866999999988
0.7840159999999936,88.2809
0.8400160000000108,85.70556999999978
0.896016000000028,83.0480899999999
0.9520159999999989,80.42357
1.000008000000011,78.25349000000004
1.0056080000000358,78.05277
1.016807999999993,77.64364000000002
1.039208,76.48018000000012
1.0840080000000136,70.91719000000008
1.1400080000000308,56.045109999999895
1.1960080000000017,32.56638999999994
1.2520080000000189,2.610209999999835
1.2576079999999974,-0.7228699999999311
1.2688080000000008,-7.442959999999887
1.2912080000000077,-20.857029999999945
1.3360080000000214,-45.32253999999991
1.3920079999999924,-68.85048000000005
1.4480080000000095,-83.94571000000006
1.5040080000000267,-92.15773000000004
1.5600079999999974,-95.68759999999999
1.6160080000000148,-96.39744999999999
1.672008000000032,-95.50128000000014
1.7280080000000027,-93.69156000000012
1.7840080000000198,-91.36832999999989
1.8400080000000372,-88.78819999999999
1.896008000000008,-86.12660000000005
1.952008000000025,-83.49867
0.008007999999995958,-80.97365
0.06400800000001314,-78.58852999999999
0.12000800000003031,-76.36049000000011
0.17600800000000116,-74.29494000000014
0.23200800000001834,-72.39050999999996
0.2880080000000355,-70.64144999999988
0.34400800000000636,-69.03967
0.40000800000002357,-67.57561000000001
0.4560079999999944,-66.23940999999989
0.5120080000000116,-65.02104999999992
0.5680080000000288,-63.91100000000005
0.6240079999999997,-62.900109999999955
0.6800080000000168,-61.97987999999999
0.736008000000034,-61.14235999999984
0.7920080000000048,-60.380290000000116
0.848008000000022,-59.686909999999926
0.9040079999999929,-59.056120000000156
0.9600080000000101,-58.48224999999996
1.0160080000000273,-57.96022000000001
1.072007999999998,-57.48532000000006
1.1280080000000152,-57.05331999999985
1.1840080000000324,-56.660310000000045
1.2400080000000033,-56.30279999999988
1.2960080000000205,-55.977560000000096
1.3520080000000376,-55.6816899999999
1.4080080000000086,-55.412510000000026
1.4640080000000257,-55.16762999999991
1.5200079999999965,-54.944840000000106
1.5760080000000136,-54.742149999999825
1.632008000000031,-54.55772999999997
1.6880080000000017,-54.38995000000002
1.7440080000000189,-54.23728000000017
1.800008000000036,-54.09839000000005
1.856008000000007,-53.97201000000007
1.9120080000000241,-53.85701999999992
1.968007999999995,-53.75240000000004
0.024008000000012186,-53.65720000000018
0.08000800000002936,-53.57056000000004
0.1360080000000002,-53.4917399999999
0.1920080000000174,-53.42000999999996
0.2480080000000346,-53.354740000000064
0.30400800000000544,-53.295340000000024
0.3600080000000226,-53.241300000000045
0.4160079999999935,-53.19212000000007
0.47200800000001064,-53.14736000000009
0.5280080000000278,-53.106630000000045
0.5840079999999986,-53.0695699999999
0.6400080000000159,-53.035830000000004
0.696008000000033,-53.005139999999784
0.7520080000000039,-52.97719000000001
0.808008000000021,-52.951760000000014
0.8640079999999919,-52.92861999999987
0.9200080000000092,-52.90756999999991
0.9760080000000263,-52.88840000000006
0.9999760000000234,-52.88073999999998
1.005576000000002,-52.924629999999915
1.0167760000000055,-53.001650000000126
1.0391760000000123,-52.79068999999992
1.083976000000026,-49.05013999999986
1.139975999999997,-36.30852000000018
1.1959760000000141,-14.814569999999971
1.2519760000000313,13.289229999999819
1.2575760000000098,16.444959999999842
1.2687760000000132,22.813210000000026
1.29117600000002,35.54168000000013
1.3359760000000338,58.70997
1.3919760000000048,80.75328999999986
1.447976000000022,94.50718000000013
1.5039759999999927,101.50433000000004
1.55997600000001,103.92932999999994
1.6159760000000272,103.63167999999989
1.671975999999998,101.81580000000001
1.727976000000015,99.16696000000003
1.7839760000000324,96.07870000000007
1.8399760000000032,92.80128999999992
1.8959760000000203,89.50418000000005
1.9519760000000375,86.29732000000013
0.0079760000000084,83.24505999999987
0.06397600000002558,80.37992000000015
0.11997599999999643,77.71505999999984
0.17597600000001362,75.25219000000006
0.2319760000000308,72.98655000000021
0.2879760000000017,70.90907000000013
0.3439760000000188,69.00852000000013
0.399976000000036,67.27261000000007
0.4559760000000069,65.68901999999999
0.5119760000000241,64.24558999999985
0.5679759999999949,62.93077999999986
0.6239760000000121,61.733620000000045
0.6799760000000292,60.6439900000002
0.7359760000000001,59.65239000000011
0.7919760000000173,58.75018999999981
0.8479760000000345,57.92938000000003
0.9039760000000053,57.18269000000009
0.9599760000000225,56.50343999999996
1.0000160000000011,56.05591999999993
1.005616000000026,56.041650000000054
1.0168160000000295,56.003409999999974
1.0392160000000363,55.568320000000114
1.0840160000000039,51.40395000000009
1.140016000000021,38.175590000000035
1.1960159999999918,16.24001999999991
1.2520160000000091,-12.262510000000004
1.2576160000000338,-15.455620000000003
1.2688160000000372,-21.897889999999975
1.291215999999998,-34.769929999999945
1.3360160000000116,-58.20911999999989
1.3920160000000288,-80.56375999999999
1.4480159999999997,-94.60181000000011
1.504016000000017,-101.85844999999993
1.560016000000034,-104.52035999999998
1.6160160000000048,-104.43893000000016
1.6720160000000222,-102.82046
1.728015999999993,-100.35194000000014
1.78401600000001,-97.42822000000007
1.8400160000000272,-94.30106999999998
1.8960159999999981,-91.14125000000017
1.9520160000000153,-88.05959000000007
8.000000027468987e-06,-85.53079999999991
0.005608000000006026,-85.29031999999992
0.01680800000000946,-84.80257999999985
0.039208000000016334,-83.48742999999992
0.08400800000003007,-77.64217000000006
0.14000800000000094,-62.45009000000002
0.1960080000000181,-38.67707000000009
0.2520080000000353,-8.441340000000075
0.2576080000000138,-5.080949999999973
0.26880800000001726,1.6934699999999747
0.29120800000002417,15.213769999999904
0.3360080000000379,39.87921999999999
0.39200800000000874,63.63227999999999
0.44800800000002594,78.92741000000014
0.5040079999999968,87.31858000000004
0.5600080000000139,91.01080999999999
0.6160080000000311,91.86885000000001
0.672008000000002,91.10814999999994
0.7280080000000192,89.42209999999994
0.7840080000000363,87.21148999999984
0.8400080000000072,84.73375999999999
0.8960080000000243,82.16514000000008
0.9520079999999952,79.62148999999985
1.0000000000000073,77.51489000000001
1.0056000000000322,77.32119000000014
1.0168000000000357,76.92600000000004
1.0391999999999963,75.78954999999988
1.08400000000001,70.27731999999997
1.1400000000000272,55.463240000000134
1.195999999999998,32.0376899999999
1.2520000000000153,2.13075000000007
1.2575999999999938,-1.1976300000000606
1.2687999999999973,-7.908400000000038
1.2912000000000041,-21.304310000000104
1.3360000000000178,-45.73563999999997
1.392000000000035,-69.22471000000007
1.448000000000006,-84.28498000000006
1.504000000000023,-92.46540000000003
1.5599999999999938,-95.96658999999997
1.616000000000011,-96.65033000000011
1.6720000000000284,-95.73037000000006
1.727999999999999,-93.89895000000004
1.7840000000000162,-91.55595000000005
1.8400000000000334,-88.95783999999995
1.8960000000000043,-86.2798600000001
1.9520000000000215,-83.63703
0.007999999999992373,-81.09845999999999
0.06400000000000955,-78.70102000000001
0.12000000000002672,-76.46175999999994
0.17599999999999758,-74.38601999999995
0.23200000000001475,-72.47231999999993
0.28800000000003195,-70.71482000000006
0.3440000000000028,-69.10536999999994
0.40000000000001995,-67.63435000000007
0.45600000000003715,-66.29180000000012
0.512000000000008,-65.06768000000007
0.5680000000000252,-63.95239000000008
0.623999999999996,-62.93673000000011
0.6800000000000133,-62.01216999999981
0.7360000000000304,-61.17072000000001
0.7920000000000013,-60.40506999999984
0.8480000000000184,-59.70842999999992
0.9040000000000357,-59.07467999999994
0.9600000000000065,-58.4981200000001
1.0160000000000236,-57.9736500000001
1.0719999999999945,-57.49651999999994
1.1280000000000117,-57.062499999999794
1.1840000000000288,-56.66766000000001
1.2399999999999998,-56.308479999999996
1.296000000000017,-55.981720000000124
1.352000000000034,-55.684480000000036
1.408000000000005,-55.41404999999999
1.4640000000000222,-55.16802999999992
1.519999999999993,-54.944199999999995
1.57600000000001,-54.74058000000004
1.6320000000000274,-54.55531000000002
1.6879999999999982,-54.38676000000009
1.7440000000000153,-54.23339999999999
1.8000000000000325,-54.09386999999999
1.8560000000000034,-53.96690999999998
1.9120000000000206,-53.851410000000044
1.9680000000000377,-53.746299999999806
1.9999759999999935,-53.69062999999996
0.005576000000018469,-53.726860000000045
0.016776000000021905,-53.78871000000007
0.03917600000002878,-53.54832999999992
0.08397599999999619,-49.75243999999979
0.13997600000001337,-36.94748999999997
0.19597600000003054,-15.395550000000036
0.2519760000000014,12.761860000000125
0.2575760000000263,15.922699999999956
0.2687760000000297,22.301080000000084
0.29117600000003657,35.04924999999992
0.335976000000004,58.25459999999993
0.3919760000000212,80.34005999999994
0.44797599999999205,94.13189999999983
0.5039760000000092,101.16342999999995
0.5599760000000265,103.6197299999999
0.6159759999999973,103.35064000000015
0.6719760000000145,101.56083999999987
0.7279760000000316,98.93580999999996
0.7839760000000024,95.86925999999995
0.8399760000000197,92.61159999999991
0.8959760000000369,89.33249000000009
0.9519760000000077,86.14202999999998
1.0000240000000378,83.52473999999988
1.0056240000000163,83.27477000000005
1.0168240000000197,82.76815000000015
1.0392240000000266,81.41569000000004
1.084023999999994,75.49687999999999
1.1400240000000113,60.21610999999982
1.1960240000000284,36.36326000000012
1.2520240000000455,6.062229999999946
1.2576239999999779,2.6962399999999054
1.2688240000000275,-4.089119999999946
1.2912240000000343,-17.63021000000009
1.336024000000048,-42.33495999999981
1.392024000000019,-66.13479
1.4480239999999898,-81.47453999999988
1.5040240000000533,-89.90736
1.5600240000000243,-93.63756000000012
1.616023999999995,-94.52977000000007
1.6720240000000586,-93.79979999999999
1.7280240000000293,-92.14155000000002
1.7840240000000003,-89.95629000000017
1.8400239999999712,-87.50181999999995
1.8960240000000346,-84.9546000000001
1.9520240000000055,-82.43077000000021
0.008023999999976345,-80.00050000000014
0.06402400000003984,-77.70159999999993
0.1200240000000107,-75.55199000000013
0.17602399999998156,-73.55781000000006
0.23202400000004506,-71.71831000000006
0.28802400000001593,-70.02832999999997
0.3440239999999868,-68.48030000000006
0.4000240000000503,-67.0651499999999
0.45602400000002113,-65.77345000000001
0.5120239999999919,-64.59558999999993
0.5680240000000555,-63.52240000000009
0.6240240000000263,-62.54504999999999
0.6800239999999972,-61.655349999999885
0.7360240000000607,-60.845629999999986
0.7920240000000316,-60.10885999999993
0.8480240000000024,-59.43849999999995
0.9040239999999733,-58.82867999999996
0.9600240000000367,-58.27388999999994
1.0160240000000076,-57.769229999999894
1.0720239999999785,-57.31014000000001
1.1280240000000419,-56.89253999999999
1.1840240000000128,-56.512649999999944
1.2400239999999836,-56.16708999999997
1.2960240000000471,-55.85271000000014
1.352024000000018,-55.56675000000011
1.4080239999999888,-55.30659000000004
1.4640240000000524,-55.069929999999935
1.5200240000000234,-54.85461000000002
1.576023999999994,-54.65874000000004
1.6320240000000577,-54.48053000000019
1.6880240000000284,-54.31841000000004
1.7440239999999994,-54.17089999999991
1.80002399999997,-54.03670999999988
1.8560240000000336,-53.91459999999992
1.9120240000000046,-53.80352999999993
1.9680239999999753,-53.70246000000001
1.9999999999999776,-53.6489200000001
0.005600000000002442,-53.68551999999993
0.0168000000000522,-53.74807999999987
0.03920000000005907,-53.50907999999998
0.08399999999998017,-49.7158000000002
0.14000000000004367,-36.9138200000001
0.19600000000001452,-15.364549999999921
0.2519999999999854,12.79037999999999
0.25760000000001027,15.950979999999948
0.26880000000006,22.328899999999983
0.29119999999997426,35.07616000000002
0.335999999999988,58.27982000000009
0.3920000000000515,80.36332999999996
0.4480000000000223,94.15339999999995
0.5039999999999932,101.18331000000013
0.5600000000000567,103.63811000000011
0.6160000000000275,103.3676400000001
0.6719999999999984,101.57655999999982
0.7279999999999692,98.95034999999996
0.7840000000000328,95.88271999999986
0.8400000000000036,92.62407999999999
0.8959999999999745,89.3440700000001
0.952000000000038,86.15277999999992
1.0080000000000089,83.11467999999999
1.0639999999999796,80.26241999999995
1.1200000000000432,77.60926999999995
1.1760000000000141,75.15706
1.2319999999999849,72.90109999999994
1.2880000000000484,70.83244999999994
1.3440000000000192,68.93992000000004
1.3999999999999901,67.21130000000008
1.4560000000000537,65.63435000000007
1.5120000000000244,64.19693999999998
1.5679999999999954,62.88761999999992
1.6240000000000587,61.69544999999999
1.6800000000000297,60.610359999999865
1.7360000000000007,59.622889999999984
1.7919999999999714,58.72446000000009
1.848000000000035,57.90706000000001
1.9040000000000057,57.16348999999998
1.9599999999999766,56.487070000000195
0.016000000000040114,55.87179000000009
0.07200000000001097,55.312099999999866
0.12799999999998182,54.8030100000001
0.18400000000004532,54.3399200000001
0.24000000000001617,53.918689999999934
0.29599999999998705,53.53552000000006
0.35200000000005055,53.18698999999994
0.4080000000000214,52.869929999999954
0.46399999999999225,52.58154000000004
0.5200000000000558,52.31918999999996
0.5760000000000266,52.080560000000055
0.6319999999999975,51.86347000000002
0.688000000000061,51.66599999999999
0.7440000000000319,51.486359999999955
0.8000000000000027,51.32295000000009
0.8559999999999736,51.17428999999984
0.912000000000037,51.03908000000001
0.9680000000000079,50.916060000000044
1.0239999999999787,50.80415999999999
1.0800000000000423,50.702360000000056
1.136000000000013,50.609769999999884
1.191999999999984,50.52553000000004
1.2480000000000475,50.44890999999985
1.3040000000000183,50.37921000000001
1.3599999999999892,50.31581000000007
1.4160000000000528,50.258139999999955
1.4720000000000235,50.205679999999916
1.5279999999999945,50.157970000000105
1.5840000000000578,50.11457000000008
1.6400000000000288,50.07508999999999
1.6959999999999995,50.03919999999984
1.7519999999999705,50.006540000000044
1.808000000000034,49.97684999999996
1.8640000000000048,49.94984999999996
1.9199999999999757,49.92529000000001
1.976000000000039,49.90296999999999
0.03200000000001002,49.882669999999905
0.08799999999998089,49.864220000000124
0.14400000000004437,49.84743999999996
0.20000000000001525,49.83212000000003
0.25599999999998607,49.81802000000002
0.31200000000004957,49.80506000000018
0.3680000000000204,49.79331000000009
0.42399999999999133,49.782700000000176
0.4800000000000548,49.773120000000006
0.5360000000000257,49.764469999999946
0.5919999999999965,49.75666000000012
0.64800000000006,49.749569999999906
0.7040000000000308,49.74315000000007
0.7600000000000018,49.737339999999854
0.8159999999999726,49.73207999999985
0.8720000000000361,49.72731000000019
0.9280000000000069,49.722990000000024
0.9839999999999778,49.71908000000003
1.0400000000000413,49.715540000000004
1.096000000000012,49.71234000000013
1.151999999999983,49.709439999999994
1.2080000000000466,49.70683000000009
1.2640000000000173,49.70447999999994
1.3199999999999883,49.70235000000001
1.3760000000000516,49.700439999999844
1.4320000000000226,49.69872000000009
1.4879999999999933,49.69716999999996
1.5440000000000569,49.69579000000013
1.6000000000000278,49.694539999999954
1.6559999999999986,49.69343999999998
1.7119999999999695,49.69245
1.768000000000033,49.69157000000002
1.8240000000000038,49.69080000000004
1.8799999999999748,49.69011000000001
1.9360000000000381,49.689509999999885
1.992000000000009,49.68899000000015
8.000000060401114e-06,49.68891999999991
0.005607999999992635,49.73450000000001
0.016808000000042393,49.81478999999989
0.039208000000049266,49.60967999999988
0.08400799999997036,45.877989999999926
0.14000800000003386,33.14554999999997
0.1960080000000047,11.665220000000032
0.2520079999999756,-16.416059999999845
0.25760800000000045,-19.568990000000007
0.26880800000005023,-25.931589999999893
0.2912080000000571,-38.64873000000002
0.33600799999997816,-61.79664000000007
0.39200800000004166,-83.82085999999988
0.44800800000001256,-97.56208000000011
0.5040079999999834,-104.55060999999999
0.5600080000000469,-106.96905000000001
0.6160080000000178,-106.66578999999987
0.6720079999999886,-104.84501999999995
0.7280080000000521,-102.19205999999991
0.7840080000000229,-99.10032000000002
0.8400079999999939,-95.82015999999993
0.8960080000000573,-92.52105999999993
0.9520080000000282,-89.3126099999999
1.0080079999999991,-86.25905999999995
1.0640079999999699,-83.3930599999999
1.1200080000000334,-80.72783000000005
1.1760080000000042,-78.26485000000005
1.2320079999999751,-75.99902000000003
1.2880080000000387,-73.92127999999998
1.3440080000000094,-72.02053000000008
1.4000079999999804,-70.28451000000003
1.4560080000000437,-68.70091000000001
1.5120080000000147,-67.25749999999996
1.5680079999999856,-65.94272000000001
1.624008000000049,-64.74555999999998
1.68000800000002,-63.65586000000012
1.7360079999999907,-62.66415999999997
1.7920080000000542,-61.76179999999998
1.8480080000000252,-60.94076000000004
1.904007999999996,-60.193820000000066
1.9600080000000595,-59.514250000000104
0.01600800000003031,-58.896039999999815
0.07200800000000117,-58.33359000000016
0.12800799999997203,-57.8219499999999
0.18400800000003553,-57.356450000000116
0.24000800000000638,-56.93298000000002
0.29600799999997723,-56.54770000000009
0.35200800000004073,-56.197190000000006
0.4080080000000116,-55.87828000000017
0.46400799999998243,-55.58814999999995
0.520008000000046,-55.32416000000006
0.5760080000000168,-55.08398000000003
0.6320079999999877,-54.865439999999936
0.6880080000000511,-54.66660999999995
0.744008000000022,-54.48567000000004
0.8000079999999928,-54.321049999999985
0.8560080000000564,-54.17125
0.9120080000000272,-54.03493999999998
0.9680079999999981,-53.910899999999984
0.9999840000000002,-53.8451900000001
1.0055840000000251,-53.879739999999956
1.0167839999999821,-53.938229999999976
1.039183999999989,-53.69131999999999
1.083984000000003,-49.8831500000001
1.1399839999999737,-37.0641399999998
1.1959840000000372,-15.499319999999983
1.251984000000008,12.66990999999984
1.257584000000033,15.83186999999997
1.2687839999999901,22.21248000000009
1.291183999999997,34.96498000000003
1.3359840000000107,58.178510000000074
1.3919839999999815,80.2733200000001
1.447984000000045,94.07363999999995
1.503984000000016,101.11291000000011
1.5599839999999867,103.57625000000014
1.6159840000000503,103.31358999999995
1.671984000000021,101.52965999999996
1.727983999999992,98.90997999999995
1.7839840000000555,95.84831000000005
1.8399840000000263,92.59510999999998
1.8959839999999972,89.32005999999993
1.9519840000000606,86.13329000000003
0.007984000000031527,83.09932000000009
0.06398400000000239,80.25083
0.11998399999997324,77.60111999999997
0.17598400000003675,75.15202999999993
0.2319840000000076,72.89893999999997
0.2879839999999784,70.83287999999999
0.343984000000042,68.94272999999984
0.39998400000001283,67.21628000000001
0.4559839999999837,65.6413199999999
0.5119840000000472,64.20572000000013
0.567984000000018,62.89807000000014
0.6239839999999889,61.70743000000001
0.6799840000000523,60.623730000000094
0.7359840000000233,59.63751999999989
0.7919839999999941,58.740250000000046
0.8479840000000576,57.92393000000007
0.9039840000000284,57.18134000000008
0.9599839999999993,56.50580999999999
1.000023999999978,56.060749999999885
1.005624000000003,56.04681999999994
1.0168240000000526,56.00922999999991
1.0392240000000594,55.57542999999998
1.0840239999999806,51.41349000000006
1.1400240000000441,38.18794999999997
1.196024000000015,16.25487999999997
1.2520239999999858,-12.24545999999993
1.2576240000000107,-15.438370000000035
1.2688240000000603,-21.880249999999933
1.2912239999999746,-34.75150999999998
1.3360239999999883,-58.1892100000001
1.3920240000000519,-80.54205999999996
1.4480240000000228,-94.57841999999994
1.5040239999999936,-101.83348999999997
1.5600240000000571,-104.49393000000006
1.616024000000028,-104.41116999999988
1.6720239999999988,-102.79148999999998
1.7280239999999698,-100.32185999999999
1.7840240000000331,-97.3971600000001
1.840024000000004,-94.2691
1.8960239999999748,-91.10846000000006
1.9520240000000384,-88.02605000000008
0.008024000000009277,-85.08720000000002
0.06402399999998014,-82.32555999999991
0.12002400000004364,-79.75525000000006
0.1760240000000145,-77.37863000000011
0.23202399999998535,-75.19138000000014
0.28802400000004885,-73.18511000000005
0.3440240000000197,-71.34939000000018
0.40002399999999055,-69.67254999999994
0.45602400000005405,-68.14279
0.5120240000000249,-66.74837999999994
0.5680239999999958,-65.47817999999994
0.6240240000000593,-64.32159999999998
0.6800240000000302,-63.26885999999998
0.736024000000001,-62.31076999999985
0.7920239999999719,-61.43900999999996
0.8480240000000353,-60.645840000000064
0.9040240000000062,-59.9242499999999
0.960023999999977,-59.26777000000016
1.0160240000000405,-58.67058000000003
1.0720240000000114,-58.12728999999983
1.1280239999999824,-57.6330599999999
1.1840240000000457,-57.183439999999976
1.2400239999999703,-56.77440999999983
1.2960239999999412,-56.40230000000002
1.3520240000000046,-56.063769999999955
1.4080239999999755,-55.755780000000144
1.4640239999999465,-55.47559000000013
1.5200240000000098,-55.22064999999987
1.5760239999999808,-54.98873000000004
1.6320239999999515,-54.77770000000004
1.688024000000015,-54.58571999999995
1.744023999999986,-54.411030000000025
1.8000239999999568,-54.25209000000009
1.8560239999999277,-54.107459999999996
1.912023999999991,-53.97589000000003
1.968023999999962,-53.8561500000001
1.9999999999999643,-53.79272999999984
0.005599999999989051,-53.82765999999983
0.016799999999946164,-53.8869099999999
0.039199999999953036,-53.64149000000018
0.08399999999996678,-49.83610000000005
0.13999999999993765,-37.02024000000015
0.19600000000000115,-15.458309999999864
0.25199999999997197,12.708249999999977
0.2575999999999969,15.869950000000133
0.26879999999995396,22.250059999999962
0.2911999999999609,35.00156999999993
0.3359999999999746,58.21323999999994
0.39199999999994545,80.30595000000007
0.44800000000000895,94.10437000000016
0.5039999999999798,101.1418799999999
0.5599999999999506,103.60361999999989
0.6160000000000142,103.3394700000001
0.671999999999985,101.55417
0.7279999999999559,98.93321999999993
0.7839999999999268,95.87038000000004
0.8399999999999902,92.61611000000003
0.895999999999961,89.34007
0.9519999999999319,86.15240000000001
0.9999919999999441,83.54026000000015
1.005591999999969,83.29052000000003
1.0167919999999262,82.7843399999999
1.039191999999933,81.43275999999999
1.0839919999999468,75.51558999999996
1.1399920000000103,60.23668999999998
1.195991999999981,36.38545999999998
1.251991999999952,6.085750000000001
1.2575919999999767,2.719879999999897
1.268791999999934,-4.06525000000002
1.2911919999999408,-17.60590999999989
1.3359919999999545,-42.30982999999999
1.3919919999999255,-66.10863999999994
1.4479919999999888,-81.44737000000002
1.5039919999999598,-89.87922000000003
1.5599919999999305,-93.60848999999982
1.615991999999994,-94.49985999999998
1.671991999999965,-93.76910000000005
1.7279919999999358,-92.11013000000001
1.7839919999999994,-89.92423000000005
1.83999199999997,-87.46917000000009
1.895991999999941,-84.92140999999998
1.9519920000000046,-82.39711000000005
1.999983999999924,-80.30602000000009
0.005583999999948951,-80.11409000000013
0.01678399999999871,-79.72245999999994
0.03918400000000558,-78.59353999999996
0.08398399999992667,-73.09860000000002
0.13998399999999017,-58.308039999999785
0.19598399999996102,-34.901759999999896
0.2519839999999319,-5.003760000000135
0.2575839999999568,-1.6755799999998988
0.2687840000000065,5.034929999999882
0.2911840000000134,18.43079000000003
0.3359839999999345,42.86174999999992
0.391983999999998,66.34794
0.44798399999996885,81.40261000000004
0.5039839999999397,89.57622000000009
0.5599840000000033,93.0707100000001
0.6159839999999741,93.74855999999987
0.671983999999945,92.82347000000013
0.7279840000000084,90.98749000000007
0.7839839999999793,88.64024000000015
0.8399839999999501,86.03802000000016
0.8959840000000137,83.35603000000003
0.9519839999999845,80.70917999999993
1.0079839999999554,78.16653000000007
1.063983999999926,75.76510000000015
1.1199839999999897,73.52225999999985
1.1759839999999606,71.44328
1.2319839999999314,69.52652000000015
1.287983999999995,67.76606000000007
1.3439839999999659,66.1537699999999
1.3999839999999366,64.68005000000021
1.4559840000000002,63.334989999999976
1.511983999999971,62.108549999999816
1.5679839999999419,60.99114999999999
1.6239840000000054,59.973580000000084
1.6799839999999762,59.0473199999999
1.7359839999999471,58.20434999999979
1.7919840000000105,57.43735999999999
1.8479839999999814,56.73955000000008
1.9039839999999522,56.104779999999856
1.9599839999999231,55.527359999999916
2.399999999446732e-05,55.1469200000001
0.005623999999926702,55.14163000000005
0.01682399999997646,55.121179999999995
0.03922399999998333,54.72060999999995
0.08402399999999707,50.621179999999825
0.14002399999996792,37.46724999999995
0.19602399999993877,15.599919999999878
0.2520240000000023,-12.839550000000033
0.2576239999999345,-16.02666000000008
0.2688239999999843,-22.45702000000005
0.29122399999999116,-35.3059
0.3360240000000049,-58.70147000000014
0.3920239999999757,-81.00649999999999
0.44802399999994663,-94.99988000000003
0.5040240000000101,-102.21610999999986
0.560023999999981,-104.84128999999997
0.6160239999999518,-104.72638999999995
0.6720240000000153,-103.07741999999998
0.7280239999999861,-100.58108999999993
0.784023999999957,-97.63204999999986
0.8400239999999279,-94.48186000000014
0.8960239999999914,-91.30106000000015
0.9520239999999622,-88.20030000000001
1.0000159999999745,-85.65650999999997
1.0056159999999994,-85.41438000000001
1.0168159999999564,-84.92334000000001
1.0392159999999633,-83.60180000000005
1.084015999999977,-77.74446999999984
1.140015999999948,-62.53857000000007
1.1960160000000113,-38.75297999999994
1.2520159999999823,-8.50578000000013
1.2576160000000072,-5.1442999999999905
1.2688159999999642,1.6322799999999305
1.291215999999971,15.156740000000113
1.3360159999999848,39.83008999999993
1.3920159999999557,63.59221999999987
1.4480159999999265,78.89563000000011
1.50401599999999,87.29434000000013
1.560015999999961,90.99346999999992
1.6160159999999317,91.85781000000004
1.6720159999999953,91.10285000000017
1.728015999999966,89.42203999999987
1.784015999999937,87.21619999999986
1.8400160000000005,84.74280999999984
1.8960159999999713,82.17813000000018
1.9520159999999422,79.63808000000006
0.008016000000005694,77.19261999999993
0.06401599999997655,74.87962999999986
0.1200159999999474,72.71724999999995
0.1760160000000109,70.71147999999994
0.23201599999998176,68.86131000000017
0.28801599999995264,67.16144999999996
0.3440159999999235,65.60428000000007
0.400015999999987,64.18068999999993
0.45601599999995784,62.88126000000016
0.5120159999999286,61.69632000000003
0.5680159999999922,60.61668000000009
0.624015999999963,59.63348000000002
0.6800159999999339,58.738479999999925
0.7360159999999975,57.92396000000011
0.7920159999999683,57.18286000000017
0.8480159999999392,56.50862000000001
0.9040160000000026,55.895290000000045
0.9600159999999734,55.33737000000016
0.9999999999999343,54.970310000000076
1.0055999999999592,54.96673000000008
1.016800000000009,54.94968999999994
1.039199999999923,54.55571000000003
1.083999999999937,50.46869999999992
1.1400000000000003,37.32906000000003
1.1959999999999713,15.47487000000003
1.251999999999942,-12.952420000000187
1.257599999999967,-16.13836000000002
1.2687999999999242,-22.566410000000037
1.291199999999931,-35.41079000000003
1.3359999999999448,-58.79789999999985
1.3920000000000083,-81.09330999999997
1.447999999999979,-95.07803999999997
1.50399999999995,-102.28647999999984
1.5600000000000134,-104.90460000000002
1.6159999999999843,-104.78328999999987
1.671999999999955,-103.12847999999985
1.727999999999926,-100.62682999999994
1.7839999999999896,-97.67294999999999
1.8399999999999603,-94.51834000000004
1.8959999999999313,-91.33353
1.9519999999999946,-88.22910999999989
0.007999999999965594,-85.27022999999988
0.06399999999993645,-82.49038000000009
0.11999999999999995,-79.90348999999996
0.17599999999997082,-77.51178999999996
0.23199999999994167,-75.31080999999995
0.28800000000000514,-73.29205999999999
0.343999999999976,-71.44496999999994
0.3999999999999469,-69.75778999999993
0.4560000000000104,-68.21860999999996
0.5119999999999812,-66.81563999999996
0.5679999999999521,-65.53762999999991
0.623999999999923,-64.37395000000001
0.6799999999999864,-63.314740000000036
0.7359999999999574,-62.35077000000011
0.7919999999999282,-61.473639999999996
0.8479999999999916,-60.67559
0.9039999999999625,-59.949550000000016
0.9599999999999334,-59.28902000000002
1.015999999999997,-58.68813999999989
1.0719999999999676,-58.14149000000013
1.1279999999999386,-57.64419999999993
1.1840000000000022,-57.191779999999916
1.239999999999973,-56.78021999999983
1.2959999999999439,-56.405790000000124
1.3520000000000072,-56.06515000000001
1.4079999999999782,-55.75523999999987
1.463999999999949,-55.47329000000012
1.5200000000000125,-55.21675999999998
1.5759999999999834,-54.98338000000014
1.6319999999999542,-54.77103000000017
1.6879999999999251,-54.57782
1.7439999999999887,-54.40202999999988
1.7999999999999594,-54.24208000000008
1.8559999999999304,-54.09653999999997
1.9119999999999937,-53.96412000000006
1.9679999999999647,-53.843620000000094
0.0239999999999355,-53.733979999999846
0.079999999999999,-53.63419999999985
0.13599999999996987,-53.543429999999944
0.19199999999994072,-53.4608099999998
0.24800000000000422,-53.3856399999999
0.30399999999997507,-53.317220000000056
0.3599999999999459,-53.254970000000014
0.4160000000000094,-53.19830999999997
0.47199999999998027,-53.14675000000002
0.5279999999999512,-53.09982999999985
0.5840000000000146,-53.05713999999995
0.6399999999999855,-53.01827000000014
0.6959999999999563,-52.98290999999988
0.7519999999999272,-52.9507199999999
0.8079999999999907,-52.921419999999884
0.8639999999999616,-52.89476000000004
0.9199999999999324,-52.87050000000004
0.9759999999999959,-52.84840999999996
1.0000239999999647,-52.839560000000006
1.0056239999999894,-52.88318999999997
1.0168239999999467,-52.95969
1.0392239999999535,-52.74769000000013
1.0840239999999672,-49.005130000000065
1.140023999999938,-36.26116000000002
1.1960240000000015,-14.765160000000055
1.2520239999999725,13.340340000000062
1.2576239999999974,16.49622000000006
1.2688239999999544,22.86476000000004
1.2912239999999613,35.59379000000007
1.336023999999975,58.76320000000001
1.392023999999946,80.80792000000004
1.4480240000000093,94.56317999999997
1.5040239999999803,101.56166
1.560023999999951,103.98788000000003
1.6160240000000146,103.69132999999997
1.6720239999999855,101.87644000000007
1.7280239999999563,99.2284699999999
1.7840239999999272,96.14101999999991
1.8400239999999908,92.86430000000001
1.8960239999999615,89.56782000000007
1.9520239999999325,86.36153999999996
1.599999994456106e-05,83.73479999999999
0.00561599999996944,83.48343000000003
0.016815999999926553,82.97405000000002
0.03921599999993342,81.61626000000011
0.08401599999994716,75.68742000000017
0.14001600000001066,60.39521999999997
0.1960159999999815,36.531740000000035
0.2520159999999524,6.220600000000021
0.25761599999997725,2.8536299999999404
0.2688159999999344,-3.9336700000001112
0.29121599999994124,-17.47857999999991
0.33601599999995496,-42.19049000000008
0.39201599999992587,-65.99836000000003
0.44801599999998937,-81.34519000000017
0.5040159999999602,-89.78430999999998
0.560015999999931,-93.52019
0.6160159999999946,-94.41754999999996
0.6720159999999654,-93.69227000000002
0.7280159999999363,-92.03828999999986
0.7840159999999997,-89.85694999999994
0.8400159999999707,-87.40604000000008
0.8960159999999415,-84.86207999999995
0.952016000000005,-82.34121999999999
1.0000079999999245,-80.25283999999999
1.0056079999999494,-80.06122000000016
1.016807999999999,-79.67017999999993
1.0392080000000061,-78.54241000000006
1.084007999999927,-73.04960999999999
1.1400079999999906,-58.261459999999985
1.1960079999999615,-34.857440000000125
1.2520079999999323,-4.961580000000021
1.2576079999999572,-1.6336200000000023
1.268808000000007,5.076469999999889
1.291208000000014,18.471509999999913
1.336007999999935,42.90094
1.3920079999999984,66.38540000000015
1.4480079999999693,81.43854999999989
1.50400799999994,89.61079999999998
1.5600080000000036,93.10407999999981
1.6160079999999746,93.78080999999993
1.6720079999999453,92.85469000000002
1.7280080000000089,91.01778000000004
1.7840079999999796,88.66967000000004
1.8400079999999506,86.06665999999996
1.8960080000000141,83.38393999999982
1.9520079999999849,80.7364399999999
1.9999999999999971,78.54830000000001
0.0055999999999293395,78.34556999999998
0.0167999999999791,77.93247999999986
0.03919999999998597,76.76134000000002
0.08399999999999971,71.18398000000003
0.13999999999997056,56.29541999999987
0.19599999999994142,32.801390000000154
0.25200000000000494,2.830630000000056
0.25759999999993716,-0.5038600000000226
0.26879999999998694,-7.22677000000016
0.2911999999999938,-20.646319999999996
0.3360000000000075,-45.12214999999986
0.39199999999997837,-68.66167000000002
0.4479999999999492,-83.76709999999999
0.5040000000000128,-91.98817000000004
0.5599999999999836,-95.52614999999997
0.6159999999999545,-96.24337999999999
0.6719999999999253,-95.35391999999999
0.7279999999999888,-93.55031999999986
0.7839999999999596,-91.23267999999985
0.8399999999999305,-88.65765999999996
0.895999999999994,-86.00072999999986
0.9519999999999649,-83.37704000000001
1.0079999999999358,-80.85591999999986
1.0639999999999992,-78.47435000000003
1.1199999999999701,-76.24955
1.1759999999999409,-74.18696999999996
1.2320000000000044,-72.28523000000008
1.2879999999999754,-70.53862999999994
1.3439999999999461,-68.93908999999998
1.4000000000000097,-67.47709000000013
1.4559999999999804,-66.1427699999999
1.5119999999999514,-64.92611999999997
1.568000000000015,-63.81765000000006
1.6239999999999857,-62.80817999999999
1.6799999999999566,-61.889269999999996
1.7359999999999274,-61.05296000000004
1.791999999999991,-60.29199000000007
1.847999999999962,-59.599629999999905
1.9039999999999326,-58.96976000000009
1.9599999999999962,-58.39673000000012
0.015999999999967013,-57.87549000000003
0.07199999999993786,-57.40129999999999
0.12800000000000136,-56.96995000000005
0.1839999999999722,-56.57754999999987
0.2399999999999431,-56.22061000000001
0.2960000000000066,-55.895880000000005
0.35199999999997744,-55.60048000000006
0.4079999999999483,-55.33173000000002
0.4640000000000118,-55.087260000000086
0.5199999999999827,-54.86483000000008
0.5759999999999535,-54.6624899999999
0.6319999999999244,-54.47837999999994
0.6879999999999878,-54.31090999999988
0.7439999999999587,-54.158520000000095
0.7999999999999295,-54.01989000000018
0.8559999999999931,-53.89372999999998
0.911999999999964,-53.77897999999992
0.9679999999999348,-53.67453999999982
0.9999759999999369,-53.619230000000016
1.0055759999999618,-53.65553999999983
1.0167760000000117,-53.717500000000086
1.0391759999999257,-53.47732999999999
1.0839759999999397,-49.68180000000011
1.139976000000003,-36.877209999999884
1.195975999999974,-15.325660000000019
1.2519759999999447,12.831200000000154
1.2575759999999696,15.991960000000027
1.2687759999999269,22.370229999999935
1.2911759999999337,35.11814999999996
1.3359759999999474,58.32307999999986
1.391976000000011,80.40814000000007
1.4479759999999817,94.19973999999986
1.5039759999999527,101.23108999999997
1.5599759999999234,103.68724000000017
1.615975999999987,103.418
1.6719759999999577,101.62802000000015
1.7279759999999287,99.00280000000006
1.7839759999999922,95.93605999999988
1.839975999999963,92.67822999999997
1.895975999999934,89.39894999999987
1.9519759999999973,86.20831000000018
2.399999993475522e-05,83.59088999999997
0.005623999999959634,83.34090000000005
0.01682400000000939,82.83426000000004
0.03922399999992362,81.48175000000002
0.08402399999993736,75.56290999999993
0.14002400000000087,60.282130000000045
0.19602399999997172,36.4291699999999
0.25202399999994257,6.127770000000199
0.25762399999996743,2.761739999999957
0.26882399999992457,-4.023719999999953
0.2912239999999314,-17.565019999999933
0.3360239999999452,-42.27012999999991
0.3920240000000087,-66.07026000000005
0.44802399999997955,-81.41014000000001
0.5040239999999504,-89.84298999999996
0.5600240000000138,-93.57316999999998
0.6160239999999847,-94.46536000000006
0.6720239999999557,-93.73536999999988
0.7280239999999265,-92.0771199999999
0.78402399999999,-89.89186999999998
0.8400239999999608,-87.43741000000016
0.8960239999999317,-84.89020999999997
0.9520239999999952,-82.36642000000005
1.0000160000000073,-80.27574000000004
1.0056159999999397,-80.08385000000007
1.0168159999999893,-79.69230999999999
1.0392159999999961,-78.56355999999987
1.0840160000000099,-73.06890999999993
1.1400159999999808,-58.27866000000004
1.1960159999999516,-34.87273000000002
1.2520160000000151,-4.975120000000111
1.2576159999999474,-1.6469900000000148
1.268815999999997,5.06341999999993
1.2912160000000041,18.4590899999999
1.336015999999925,42.889730000000185
1.3920159999999886,66.37555000000006
1.4480159999999596,81.42995000000019
1.5040159999999303,89.60334000000003
1.5600159999999939,93.09767000000014
1.6160159999999646,93.77535000000003
1.6720159999999356,92.85012000000003
1.728015999999999,91.01400000000015
1.7840159999999698,88.66660999999998
1.8400159999999408,86.06427000000005
1.8960160000000044,83.38216999999992
1.952015999999975,80.73520999999984
7.999999987299029e-06,78.54749999999999
0.005608000000012178,78.34481999999987
0.016807999999969292,77.9318200000001
0.039207999999976165,76.76086000000004
0.08400799999998991,71.1838600000001
0.14000799999996077,56.295720000000046
0.19600799999993163,32.802070000000015
0.2520079999999951,2.8316600000000136
0.25760799999992734,-0.5028000000000254
0.2688079999999771,-7.225639999999922
0.291207999999984,-20.645060000000104
0.3360079999999977,-45.1206500000001
0.3920079999999686,-68.65988
0.44800799999993945,-83.76505
0.5040080000000029,-91.98587999999997
0.5600079999999737,-95.52364999999985
0.6160079999999446,-96.24070000000006
0.6720080000000082,-95.35107999999993
0.728007999999979,-93.54734999999992
0.7840079999999499,-91.22958000000003
0.8400080000000134,-88.65444
0.8960079999999843,-85.99739999999989
0.9520079999999551,-83.37361999999993
0.9999999999999672,-81.20448000000002
1.005599999999992,-81.00389000000008
1.0167999999999493,-80.59511999999991
1.0391999999999562,-79.43297999999999
1.0839999999999699,-73.87562999999986
1.1399999999999406,-59.01381999999988
1.1960000000000042,-35.542380000000094
1.2519999999999751,-5.584110000000031
1.2576,-2.2501900000000408
1.268799999999957,4.471730000000118
1.291199999999964,17.889800000000065
1.3359999999999776,42.3626399999999
1.3919999999999486,65.8965199999999
1.448000000000012,80.99420999999984
1.503999999999983,89.20675999999995
1.5599999999999536,92.7366999999999
1.6159999999999246,93.44685000000008
1.6719999999999882,92.55122999999999
1.727999999999959,90.74212999999997
1.7839999999999299,88.41938999999988
1.8399999999999934,85.83947999999997
1.8959999999999642,83.17781999999995
1.9519999999999351,80.54947000000001
0.007999999999998526,78.02365999999994
0.06399999999996939,75.63756000000011
0.11999999999994024,73.4086500000002
0.17600000000000374,71.34236000000004
0.2319999999999746,69.43714000000001
0.28799999999994547,67.68718000000007
0.34400000000000897,66.08444000000003
0.3999999999999798,64.61941000000016
0.45599999999995067,63.28224000000016
0.5120000000000141,62.06299999999998
0.5679999999999851,60.952149999999875
0.6239999999999559,59.940529999999995
0.6799999999999268,59.01969000000018
0.7359999999999902,58.18165000000008
0.7919999999999611,57.41913999999993
0.8479999999999319,56.72542999999997
0.9039999999999955,56.09437000000006
0.9599999999999663,55.52033000000001
1.0159999999999372,54.99818999999984
1.0720000000000007,54.52323999999997
1.1279999999999715,54.091260000000084
1.1839999999999424,53.69833000000001
1.2400000000000058,53.34094
1.2959999999999767,53.01584999999997
1.3519999999999477,52.72016999999995
1.408000000000011,52.45121000000008
1.463999999999982,52.20658
1.5199999999999527,51.98404999999995
1.5759999999999237,51.78165000000013
1.6319999999999872,51.597530000000006
1.687999999999958,51.43007000000011
1.743999999999929,51.27773000000002
1.7999999999999923,51.13918000000006
1.8559999999999632,51.013130000000075
1.911999999999934,50.89849000000002
1.9679999999999975,50.794210000000064
1.9999759999999998,50.73897999999999
0.005575999999931977,50.77528000000009
0.016775999999981736,50.83718999999998
0.03917599999998861,50.596390000000156
0.08397600000000235,46.797469999999784
0.1399759999999732,33.987910000000014
0.19597599999994406,12.436659999999877
0.2519760000000076,-15.710329999999884
0.2575759999999398,-18.869529999999912
0.2687759999999896,-25.24457999999985
0.29117599999999644,-37.985900000000015
0.33597600000001016,-61.17919999999999
0.391975999999981,-83.25475999999998
0.44797599999995186,-97.04196999999981
0.5039760000000154,-104.07197000000012
0.5599759999999863,-106.52805000000009
0.6159759999999571,-106.2591100000001
0.671975999999928,-104.46966999999985
0.7279759999999914,-101.8452900000002
0.7839759999999623,-98.7796299999999
0.8399759999999331,-95.52322999999996
0.8959759999999967,-92.24577000000012
0.9519759999999675,-89.05702000000004
1.0000239999999976,-86.44121000000004
1.0056239999999297,-86.1914399999999
1.0168239999999795,-85.68528000000009
1.0392239999999864,-84.33443000000018
1.084024,-78.42206999999979
1.140023999999971,-63.15337999999993
1.1960239999999418,-39.310419999999844
1.2520240000000054,-9.010210000000018
1.2576239999999377,-5.6436699999999895
1.2688239999999873,1.1429300000000975
1.2912239999999942,14.686940000000037
1.3360240000000079,39.39713999999994
1.3920239999999788,63.20126999999998
1.4480239999999496,78.54261000000018
1.5040240000000131,86.97569000000004
1.560023999999984,90.70608000000013
1.6160239999999548,91.59892999999997
1.6720239999999258,90.87
1.7280239999999893,89.21290999999987
1.78402399999996,87.02870000000007
1.840023999999931,84.57501
1.8960239999999944,82.02828000000007
1.9520239999999653,79.50458000000005
0.008023999999936176,77.07400000000008
0.06402399999999968,74.7745500000001
0.12002399999997053,72.62449999999987
0.1760239999999414,70.62994000000012
0.2320240000000049,68.78996999999987
0.28802399999997574,67.09940000000003
0.3440239999999466,65.55066999999993
0.4000240000000101,64.13479
0.45602399999998094,62.84233999999999
0.5120239999999519,61.663779999999946
0.5680240000000153,60.58995
0.6240239999999861,59.61201999999987
0.680023999999957,58.72184000000003
0.7360239999999278,57.91169000000007
0.7920239999999914,57.174570000000145
0.8480239999999623,56.503960000000134
0.9040239999999331,55.89394000000003
0.9600239999999965,55.339040000000004
1.0000079999999574,54.97394999999994
1.0056079999999823,54.970640000000074
1.0168079999999395,54.95410999999994
1.0392079999999464,54.56117999999988
1.0840079999999601,50.47613000000006
1.1400079999999309,37.338769999999855
1.1960079999999944,15.486670000000036
1.2520079999999654,-12.938769999999877
1.25760799999999,-16.124540000000074
1.2688079999999473,-22.55224
1.2912079999999542,-35.39596
1.3360079999999679,-58.7817799999999
1.3920079999999386,-81.07566999999993
1.4480080000000022,-95.05898000000013
1.5040079999999731,-102.26610999999997
1.5600079999999439,-104.88306000000014
1.6160080000000074,-104.76068999999998
1.6720079999999784,-103.10494000000014
1.7280079999999491,-100.60244000000007
1.7840080000000127,-97.64779999999985
1.8400079999999834,-94.49250000000009
1.8960079999999544,-91.30707000000004
1.9520079999999251,-88.20207999999985
1.9999999999999374,-85.65498000000017
0.0055999999999622714,-85.41248000000002
0.01680000000001203,-84.92071999999995
0.03919999999992626,-83.59774000000009
0.08399999999994,-77.73770000000013
0.1400000000000035,-62.52869999999988
0.19599999999997436,-38.74035999999981
0.2519999999999452,-8.49082000000001
0.2575999999999701,-5.129120000000098
0.2687999999999272,1.6478699999999957
0.29119999999993407,15.173139999999918
0.33599999999994784,39.848010000000045
0.39200000000001134,63.611940000000146
0.4479999999999822,78.91709999999996
0.503999999999953,87.3175100000001
0.5599999999999239,91.01822999999997
0.6159999999999873,91.88405
0.6719999999999583,91.13046999999996
0.7279999999999291,89.45092
0.7839999999999926,87.24624000000003
0.8399999999999634,84.77391999999995
0.8959999999999343,82.21019999999979
0.9519999999999978,79.67103000000009
1.0079999999999687,77.22638000000015
1.0639999999999394,74.9141499999999
1.120000000000003,72.75244999999985
1.175999999999974,70.74729000000013
1.2319999999999447,68.89769000000001
1.2880000000000082,67.19835000000019
1.343999999999979,65.64164999999988
1.39999999999995,64.2185099999999
1.4560000000000135,62.919469999999976
1.5119999999999842,61.73490999999998
1.5679999999999552,60.655620000000134
1.623999999999926,59.67272999999995
1.6799999999999895,58.7780200000001
1.7359999999999605,57.96376999999997
1.7919999999999312,57.222920000000066
1.8479999999999948,56.548899999999904
1.9039999999999655,55.935789999999926
1.9599999999999365,55.378069999999944
0.015999999999999945,54.870790000000056
0.0719999999999708,54.4093699999999
0.12799999999994166,53.98970999999997
0.18400000000000516,53.60798999999994
0.239999999999976,53.26081999999999
0.29599999999994686,52.94502000000012
0.35200000000001036,52.65781999999986
0.4079999999999812,52.396560000000036
0.46399999999995206,52.158960000000086
0.5200000000000156,51.942829999999994
0.5759999999999864,51.74626000000004
0.6319999999999573,51.56744000000013
0.6879999999999281,51.40482999999985
0.7439999999999917,51.25689000000011
0.7999999999999625,51.12236000000014
0.8559999999999334,50.99997000000012
0.9119999999999968,50.88867999999991
0.9679999999999678,50.787429999999965
1.0239999999999385,50.695359999999965
1.080000000000002,50.61160000000009
1.135999999999973,50.53543999999999
1.1919999999999438,50.46615999999982
1.2480000000000073,50.40317000000005
1.303999999999978,50.345869999999906
1.359999999999949,50.29377000000012
1.4160000000000126,50.246379999999924
1.4719999999999833,50.20329999999995
1.5279999999999543,50.16411999999981
1.583999999999925,50.12850000000002
1.6399999999999886,50.09610999999992
1.6959999999999593,50.066680000000034
1.7519999999999303,50.039900000000024
1.8079999999999938,50.01557000000001
1.8639999999999646,49.99344999999988
1.9199999999999355,49.97335999999986
1.975999999999999,49.95510000000003
2.3999999967687347e-05,49.94779000000005
0.005623999999992566,49.99175999999994
0.01682399999994968,50.06885999999988
0.03922399999995655,49.85751999999999
0.08402399999997029,46.114070000000005
0.14002399999994114,33.368120000000005
0.19602400000000464,11.875279999999933
0.2520239999999755,-16.217719999999993
0.2576240000000004,-19.37177999999995
0.2688239999999575,-25.736619999999988
0.29122399999996434,-38.45809999999994
0.3360239999999781,-61.614069999999856
0.39202399999994897,-83.64720999999986
0.44802400000001247,-97.39628000000012
0.5040239999999834,-104.39181000000008
0.5600239999999542,-106.81658999999999
0.6160239999999251,-106.51913000000013
0.6720239999999885,-104.70369000000002
0.7280239999999594,-102.05562000000002
0.7840239999999302,-98.96835999999998
0.8400239999999938,-95.69230000000006
0.8960239999999646,-92.39693999999999
0.9520239999999355,-89.1919000000001
1.008023999999999,-86.1414599999999
1.0640239999999699,-83.27831000000008
1.1200239999999406,-80.61567000000002
1.1760240000000042,-78.15503999999996
1.2320239999999751,-75.89136999999991
1.2880239999999459,-73.81558
1.3440240000000094,-71.9166
1.4000239999999802,-70.18219999999987
1.4560239999999511,-68.60007000000002
1.5120240000000147,-67.15800000000004
1.5680239999999854,-65.84442999999985
1.6240239999999564,-64.64837000000001
1.6800239999999271,-63.55968000000001
1.7360239999999907,-62.56890000000004
1.7920239999999614,-61.66736999999989
1.8480239999999324,-60.847100000000154
1.904023999999996,-60.10082999999988
1.9600239999999667,-59.42190000000003
7.999999927586928e-06,-58.97514000000004
0.005607999999952466,-58.96089999999998
0.016808000000002224,-58.9227699999999
0.0392080000000091,-58.48847000000013
0.0840079999999302,-54.327969999999894
0.1400079999999937,-41.105909999999966
0.19600799999996454,-19.171959999999988
0.2520079999999354,9.338419999999958
0.25760799999996026,12.532910000000008
0.26880800000001004,18.97802000000004
0.29120799999992425,31.855940000000025
0.336007999999938,55.30550999999995
0.3920080000000015,77.6685800000001
0.4480079999999724,91.71055999999989
0.5040079999999433,98.96861999999996
0.5600080000000067,101.63102000000012
0.6160079999999776,101.54995000000011
0.6720079999999484,99.93176999999997
0.728008000000012,97.46315000000006
0.7840079999999828,94.53893000000014
0.8400079999999537,91.41104000000011
0.8960079999999245,88.25035000000003
0.952007999999988,85.16776000000004
1.008007999999959,82.22859999999987
1.0640079999999297,79.4663499999999
1.1200079999999932,76.89504000000014
1.176007999999964,74.51724000000004
1.232007999999935,72.32897999999999
1.2880079999999985,70.32189
1.3440079999999692,68.4853700000001
1.4000079999999402,66.80770999999996
1.4560080000000037,65.27711000000002
1.5120079999999745,63.88189999999994
1.5680079999999454,62.61097000000015
1.6240080000000088,61.453760000000024
1.6800079999999797,60.4004600000001
1.7360079999999505,59.44193999999992
1.792008000000014,58.5698400000001
1.848007999999985,57.77642999999988
1.9040079999999557,57.054689999999965
1.9600079999999267,56.39814999999992
1.9999919999999802,55.966170000000034
0.00559200000000501,55.953900000000004
0.016791999999962122,55.91962000000006
0.039191999999968995,55.49224999999991
0.08399199999998273,51.342479999999966
0.1399919999999536,38.13095
0.19599199999992445,16.21065999999982
0.25199199999998795,-12.27804999999993
0.2575920000000128,-15.469860000000057
0.26879199999996994,-21.909559999999885
0.2911919999999768,-34.776589999999885
0.3359919999999906,-58.20624999999979
0.3919919999999614,-80.54980999999995
0.4479919999999323,-94.57768
0.5039919999999958,-101.82501999999994
0.5599919999999666,-104.47845
0.6159919999999375,-104.38932999999983
0.671992000000001,-102.76388999999986
0.7279919999999719,-100.28904000000006
0.7839919999999427,-97.35961000000005
0.8399920000000062,-94.22726999999998
0.895991999999977,-91.06275000000008
0.9519919999999479,-87.97679000000014
1.0079920000000113,-85.03472000000012
1.0639919999999823,-82.27014999999982
1.119991999999953,-79.69719000000009
1.175991999999924,-77.3181500000002
1.2319919999999875,-75.12867999999995
1.2879919999999583,-73.12041000000002
1.3439919999999292,-71.28286000000017
1.3999919999999928,-69.60434999999987
1.4559919999999635,-68.07306999999984
1.5119919999999345,-66.67726000000008
1.5679919999999978,-65.40579999999996
1.6239919999999688,-64.24805999999994
1.6799919999999395,-63.194240000000065
1.735992000000003,-62.235199999999935
1.791991999999974,-61.362560000000066
1.8479919999999448,-60.568570000000044
1.9039920000000083,-59.84624999999988
1.959991999999979,-59.189099999999996
0.01599199999995004,-58.59128999999985
0.07199200000001355,-58.04743000000001
0.1279919999999844,-57.55269000000007
0.18399199999995525,-57.102599999999896
0.2399919999999261,-56.69314999999986
0.2959919999999896,-56.32062999999987
0.35199199999996045,-55.98174999999994
0.4079919999999313,-55.67342999999991
0.4639919999999948,-55.39293000000001
0.5199919999999657,-55.13772000000006
0.5759919999999366,-54.90554000000003
0.631992,-54.69429000000004
0.6879919999999708,-54.502089999999946
0.7439919999999417,-54.32720000000013
0.7999920000000053,-54.168080000000174
0.8559919999999761,-54.023299999999885
0.911991999999947,-53.89157
0.9679920000000105,-53.771690000000035
1.0000239999999379,-53.708079999999825
1.0056239999999628,-53.742999999999874
1.0168240000000124,-53.80222999999984
1.0392239999999267,-53.55673999999988
1.0840239999999404,-49.75115000000008
1.140024000000004,-36.93504000000014
1.1960239999999749,-15.3730700000001
1.2520239999999456,12.793229999999989
1.2576239999999705,15.954889999999944
1.2688239999999276,22.334900000000157
1.2912239999999344,35.086240000000046
1.3360239999999484,58.29762000000005
1.3920240000000117,80.39014
1.4480239999999827,94.18860000000006
1.5040239999999534,101.22626999999996
1.5600239999999244,103.6881999999999
1.616023999999988,103.42425
1.6720239999999587,101.63911000000003
1.7280239999999296,99.01830000000001
1.784023999999993,95.95556999999988
1.840023999999964,92.70138999999999
1.8960239999999347,89.42543000000013
1.9520239999999982,86.23783000000019
0.008023999999969108,83.2030800000001
0.06402399999993996,80.3538800000001
0.12002400000000346,77.70352000000003
0.1760239999999743,75.25383000000008
0.23202399999994516,73.00017999999997
0.28802400000000866,70.93360999999999
0.3440239999999795,69.04300000000019
0.40002399999995036,67.31610999999992
0.45602400000001386,65.74076000000018
0.5120239999999847,64.30480000000016
0.5680239999999556,62.99681000000001
0.6240239999999264,61.80585999999999
0.68002399999999,60.721880000000006
0.7360239999999608,59.73542999999992
0.7920239999999317,58.83791999999999
0.8480239999999952,58.02138000000001
0.9040239999999661,57.27857999999997
0.9600239999999369,56.60285999999992
1.0160240000000005,55.9882399999998
1.0720239999999712,55.42913999999999
1.1280239999999422,54.920599999999986
1.1840240000000055,54.4579999999999
1.2400239999999765,54.03723999999998
1.2960239999999472,53.654489999999996
1.3520240000000108,53.306340000000006
1.4080239999999817,52.98965
1.4640239999999525,52.701580000000135
1.5200239999999234,52.43953000000001
1.5760239999999868,52.20117000000002
1.6320239999999577,51.98433000000002
1.6880239999999287,51.78710000000009
1.744023999999992,51.607670000000105
1.800023999999963,51.444470000000074
1.8560239999999337,51.29598999999985
1.9120239999999973,51.16093999999993
1.9680239999999682,51.03807000000016
0.024023999999939014,50.92632000000008
0.08002400000000251,50.824659999999966
0.13602399999997336,50.73219999999989
0.19202399999994424,50.64807000000005
0.24802400000000774,50.57156000000007
0.3040239999999786,50.50196000000007
0.36002399999994944,50.43864999999981
0.41602400000001294,50.38106000000009
0.4720239999999838,50.32868999999995
0.5280239999999546,50.281060000000096
0.5840239999999255,50.23771999999993
0.640023999999989,50.19832000000002
0.6960239999999599,50.16248999999995
0.7520239999999307,50.12989000000001
0.8080239999999942,50.100260000000006
0.864023999999965,50.07329999999999
0.9200239999999359,50.048789999999954
0.9760239999999994,50.02651000000014
0.9999919999999503,50.01761999999999
1.0055919999999752,50.06122000000013
1.0167919999999322,50.137600000000006
1.039191999999939,49.92486000000018
1.0839919999999528,46.178789999999914
1.1399919999999237,33.42979000000001
1.1959919999999873,11.934039999999868
1.251991999999958,-16.161800000000113
1.257591999999983,-19.316129999999987
1.2687919999999402,-25.681540000000112
1.291191999999947,-38.404090000000004
1.3359919999999608,-61.56209000000001
1.3919919999999315,-83.59747999999989
1.447991999999995,-97.34845999999986
1.503991999999966,-104.3456599999999
1.5599919999999368,-106.77191999999991
1.6159920000000003,-106.47578999999996
1.671991999999971,-104.6615500000001
1.727991999999942,-102.01459000000001
1.7839920000000056,-98.92835
1.8399919999999763,-95.65321999999998
1.8959919999999473,-92.35870999999985
1.9519920000000106,-89.15445000000011
1.9999839999999303,-86.52943000000013
0.005583999999955103,-86.27830000000003
0.01678400000000486,-85.76943000000003
0.03918400000001173,-84.41329000000009
0.08398399999993283,-78.49096000000011
0.13998399999999633,-63.21078999999985
0.19598399999996718,-39.357349999999954
0.25198399999993804,-9.047600000000156
0.2575839999999629,-5.680160000000045
0.2687840000000127,1.1082300000000433
0.2911839999999269,14.655709999999988
0.33598399999994066,39.37248000000015
0.39198400000000416,63.18416999999998
0.447983999999975,78.53240000000005
0.5039839999999458,86.97179
0.5599840000000094,90.70791999999983
0.6159839999999802,91.60599999999985
0.6719839999999511,90.88181999999989
0.7279840000000146,89.22905999999986
0.7839839999999855,87.04876999999999
0.8399839999999563,84.5986700000001
0.8959839999999272,82.05517000000006
0.9519839999999906,79.53441000000016
0.9999760000000029,77.44576999999997
1.005575999999935,77.25406999999996
1.0167759999999848,76.86283999999999
1.0391759999999917,75.73406999999999
1.0839760000000054,70.23642000000008
1.1399759999999763,55.43911999999995
1.195975999999947,32.02879000000003
1.2519760000000106,2.1354899999999066
1.257575999999943,-1.1916099999997876
1.2687759999999926,-7.899850000000042
1.2911759999999994,-21.29084999999997
1.3359760000000132,-45.71284999999992
1.3919759999999841,-69.19109000000012
1.4479759999999549,-84.24133
1.5039759999999258,-92.41255000000015
1.5599759999999894,-95.90531999999996
1.61597599999996,-96.58139999999982
1.671975999999931,-95.65449000000004
1.7279759999999946,-93.81678000000005
1.7839759999999654,-91.4680699999999
1.8399759999999363,-88.86477999999998
1.8959759999999997,-86.18210000000003
1.9519759999999706,-83.53498999999998
0.00797599999994145,-80.99254999999994
0.06397600000000495,-78.59156999999995
0.11997599999997581,-76.34911999999994
0.17597599999994668,-74.27044000000005
0.23197600000001017,-72.35408000000021
0.287975999999981,-70.59415000000003
0.3439759999999519,-68.9824699999999
0.3999760000000154,-67.50940999999999
0.4559759999999862,-66.16502000000013
0.5119759999999571,-64.9392000000002
0.567975999999928,-63.822360000000074
0.6239759999999914,-62.805279999999854
0.6799759999999623,-61.87943000000007
0.7359759999999331,-61.036789999999954
0.7919759999999967,-60.27007000000006
0.8479759999999675,-59.57243999999995
0.9039759999999384,-58.93778000000016
0.9599760000000018,-58.36039000000004
1.0159759999999727,-57.835159999999995
1.0719759999999436,-57.35733999999981
1.127976000000007,-56.92268
1.183975999999978,-56.52725999999997
1.239975999999949,-56.16755000000006
1.2959760000000122,-55.84030000000006
1.3519759999999832,-55.542610000000046
1.407975999999954,-55.271759999999894
1.463975999999925,-55.025360000000134
1.5199759999999884,-54.801190000000055
1.5759759999999592,-54.59723999999988
1.6319759999999301,-54.411680000000075
1.6879759999999935,-54.24285000000006
1.7439759999999644,-54.089239999999926
1.7999759999999352,-53.94948999999993
1.8559759999999987,-53.82232000000009
1.9119759999999697,-53.7066100000001
1.9679759999999404,-53.601319999999845
0.023976000000004,-53.50553000000002
0.07997599999997486,-53.41835000000006
0.13597599999994572,-53.339029999999845
0.19197600000000922,-53.26684999999998
0.24797599999998007,-53.201169999999905
0.30397599999995095,-53.14140000000012
0.35997600000001445,-53.08701999999998
0.4159759999999853,-53.03751000000001
0.47197599999995615,-52.99248000000012
0.527975999999927,-52.95148000000016
0.5839759999999905,-52.914179999999924
0.6399759999999614,-52.88022000000004
0.6959759999999322,-52.849339999999856
0.7519759999999958,-52.821210000000065
0.8079759999999666,-52.79561999999993
0.8639759999999375,-52.77233000000003
0.9199760000000009,-52.75114000000003
0.9759759999999718,-52.73184000000008
0.9999999999999405,-52.72410999999999
1.0055999999999654,-52.76799999999993
1.016800000000015,-52.844990000000095
1.0391999999999293,-52.63394999999993
1.083999999999943,-48.89309999999991
1.1400000000000066,-36.15104999999996
1.1959999999999775,-14.656929999999901
1.2519999999999483,13.446579999999875
1.2575999999999732,16.60223999999988
1.2687999999999302,22.970379999999846
1.291199999999937,35.698600000000134
1.335999999999951,58.86654999999985
1.3920000000000143,80.90976000000016
1.4479999999999853,94.66382000000007
1.503999999999956,101.66129000000001
1.559999999999927,104.08662999999984
1.6159999999999906,103.78925999999989
1.6719999999999613,101.97359000000006
1.7279999999999323,99.32488999999988
1.7839999999999956,96.23687000000002
1.8399999999999666,92.95981999999992
1.8959999999999373,89.66294000000019
1.9520000000000008,86.45604000000007
1.999992000000013,83.82872000000008
0.005591999999945298,83.57729000000003
0.016791999999995054,83.06777999999993
0.03919200000000193,81.70976000000007
0.08399200000001567,75.78057999999999
0.13999199999998652,60.48807999999983
0.1959919999999574,36.62421000000005
0.2519919999999282,6.312410000000046
0.25759199999995314,2.9453700000001692
0.26879200000000286,-3.8421099999998987
0.2911920000000097,-17.387350000000133
0.33599199999993085,-42.099850000000046
0.39199199999999434,-65.9082499999999
0.4479919999999652,-81.25537000000006
0.503991999999936,-89.6946300000001
0.5599919999999996,-93.43057999999994
0.6159919999999705,-94.32799999999997
0.6719919999999413,-93.60279999999999
0.7279920000000047,-91.94890999999994
0.7839919999999756,-89.76764999999997
0.8399919999999464,-87.31683999999996
0.89599200000001,-84.77296999999994
0.9519919999999809,-82.25221000000005
1.0079919999999516,-79.82473999999984
1.0639920000000151,-77.52839999999983
1.119991999999986,-75.38113000000001
1.1759919999999568,-73.3890800000001
1.2319919999999278,-71.5515200000001
1.2879919999999914,-69.8633099999999
1.343991999999962,-68.31688000000003
1.399991999999933,-66.90320000000006
1.4559919999999964,-65.61283000000006
1.5119919999999674,-64.43617999999995
1.567991999999938,-63.364100000000036
1.6239920000000017,-62.387750000000075
1.6799919999999726,-61.49898000000009
1.7359919999999434,-60.690090000000026
1.791992000000007,-59.95408000000002
1.8479919999999777,-59.284429999999944
1.9039919999999486,-58.67522999999997
1.9599920000000122,-58.121029999999905
1.9999759999999729,-57.75638000000005
0.005575999999997841,-57.75313999999998
0.016775999999954955,-57.73680999999997
0.039175999999961825,-57.34477000000005
0.08397599999997557,-53.26368000000015
0.13997599999994642,-40.13236000000009
0.19597600000000992,-18.28151
0.25197599999998077,10.151940000000081
0.25757600000000563,13.339090000000109
0.26877599999996277,19.76963000000009
0.2911759999999696,32.61922999999989
0.3359759999999834,56.015499999999996
0.39197599999995425,78.31801999999999
0.4479759999999251,92.30543000000013
0.5039759999999887,99.51404000000008
0.5599759999999595,102.13136999999995
0.6159759999999304,102.00912000000018
0.6719759999999938,100.35327999999998
0.7279759999999647,97.85023999999987
0.7839759999999355,94.89463999999992
0.8399759999999991,91.73810999999988
0.8959759999999699,88.55131000000016
0.9519759999999408,85.44494999999985
1.0000239999999707,82.8937300000001
1.0056239999999956,82.65108
1.0168239999999527,82.15894999999995
1.0392239999999597,80.83462000000009
1.0840239999999735,74.96868999999995
1.1400239999999442,59.74844000000012
1.1960240000000077,35.95083999999993
1.2520239999999785,5.700519999999987
1.2576240000000034,2.3393500000001843
1.2688239999999606,-4.436459999999975
1.2912239999999675,-17.958989999999897
1.3360239999999812,-42.628689999999914
1.392023999999952,-66.38842999999994
1.4480240000000155,-81.69183999999996
1.5040239999999865,-90.09168999999994
1.5600239999999572,-93.7918900000001
1.6160239999999282,-94.65681000000004
1.6720239999999915,-93.90197999999982
1.7280239999999625,-92.22112000000004
1.7840239999999332,-90.0152799999998
1.8400239999999968,-87.54209000000013
1.8960239999999677,-84.97784000000009
1.9520239999999385,-82.43854999999999
0.00802400000000204,-79.99422000000011
0.0640239999999729,-77.68252999999991
0.12002399999994375,-75.52128999999996
0.17602400000000726,-73.51653999999996
0.2320239999999781,-71.66740999999988
0.288023999999949,-69.96867999999989
0.3440240000000125,-68.41268000000001
0.40002399999998334,-66.99029999999983
0.4560239999999542,-65.69201000000002
0.512023999999925,-64.50816000000015
0.5680239999999885,-63.429519999999904
0.6240239999999594,-62.44720000000004
0.6800239999999302,-61.55299000000003
0.7360239999999938,-60.73916000000001
0.7920239999999646,-59.9986400000001
0.8480239999999355,-59.324890000000075
0.9040239999999989,-58.71197000000006
0.9600239999999698,-58.154370000000014
1.0000079999999307,-57.78748999999994
1.0056079999999556,-57.78394999999992
1.0168080000000053,-57.76702999999994
1.0392080000000121,-57.3738399999999
1.0840079999999332,-53.29059000000002
1.1400079999999968,-40.1568000000001
1.1960079999999675,-18.303710000000084
1.2520079999999385,10.131799999999913
1.2576079999999634,13.319139999999896
1.268808000000013,19.750070000000175
1.2912079999999273,32.60040999999991
1.336007999999941,55.99809000000011
1.3920080000000046,78.30222000000009
1.4480079999999755,92.29109999999996
1.5040079999999463,99.50104000000005
1.5600080000000098,102.11960999999991
1.6160079999999806,101.99848
1.6720079999999515,100.34367
1.728008000000015,97.84159000000004
1.7840079999999858,94.8868599999999
1.8400079999999568,91.73111999999995
1.8960079999999275,88.54505000000002
1.952007999999991,85.43934999999992
0.00800799999996194,82.47913000000007
0.0640079999999328,79.69768999999994
0.1200079999999963,77.10892999999986
0.17600799999996716,74.7152499999999
0.232007999999938,72.51250999999992
0.2880080000000015,70.49225000000004
0.3440079999999724,68.64373000000002
0.40000799999994324,66.95513999999991
0.45600800000000674,65.41460999999993
0.5120079999999776,64.01033000000011
0.5680079999999484,62.73116000000001
0.6240080000000119,61.5664199999999
0.6800079999999827,60.50626999999986
0.7360079999999537,59.54150999999985
0.7920079999999246,58.66371000000004
0.848007999999988,57.86511000000005
0.9040079999999588,57.13863000000008
0.9600079999999297,56.47776999999987
0.9999919999999832,56.042960000000086
1.005592000000008,56.030299999999976
1.0167919999999653,55.995269999999934
1.0391919999999721,55.56643999999999
1.0839919999999859,51.41390999999995
1.1399919999999566,38.19921000000015
1.1959919999999276,16.275870000000083
1.2519919999999911,-12.215809999999827
1.2575920000000158,-15.407919999999908
1.268791999999973,-21.848199999999984
1.29119199999998,-34.7163800000001
1.3359919999999936,-58.1481800000001
1.3919919999999646,-80.49409000000018
1.4479919999999353,-94.52399000000011
1.5039919999999989,-101.7730699999999
1.5599919999999696,-104.42806999999999
1.6159919999999406,-104.3403500000002
1.6719920000000041,-102.71618999999998
1.7279919999999749,-100.24253000000004
1.7839919999999458,-97.31417999999992
1.8399920000000092,-94.18276000000003
1.8959919999999801,-91.01898000000008
1.9519919999999509,-87.9337400000002
0.007992000000014482,-84.99247999999993
0.06399199999998534,-82.22871000000009
0.11999199999995619,-79.65648000000014
0.17599199999992704,-77.27812000000011
0.23199199999999054,-75.08925999999994
0.2879919999999614,-73.0815199999999
0.34399199999993224,-71.24445999999995
0.39999199999999574,-69.56638999999987
0.45599199999996665,-68.03553000000018
0.5119919999999375,-66.64011000000004
0.5679920000000009,-65.36900000000001
0.6239919999999718,-64.21158000000004
0.6799919999999426,-63.158080000000005
0.7359920000000062,-62.19931000000001
0.791991999999977,-61.32692999999989
0.8479919999999479,-60.533200000000065
0.9039920000000115,-59.81110000000012
0.9599919999999823,-59.15417000000001
0.9999759999999431,-58.721899999999884
1.005575999999968,-58.70959000000009
1.016775999999925,-58.675320000000085
1.039175999999932,-58.248459999999945
1.0839759999999456,-54.101930000000074
1.1399760000000092,-40.89578999999999
1.1959759999999802,-18.976440000000096
1.251975999999951,9.520339999999905
1.2575759999999758,12.713520000000145
1.2687759999999328,19.15603999999993
1.2911759999999397,32.02893000000007
1.3359759999999534,55.46903000000003
1.3919759999999244,77.82139
1.447975999999988,91.8537399999999
1.5039759999999587,99.10308999999984
1.5599759999999296,101.7575300000002
1.6159759999999932,101.66914999999999
1.671975999999964,100.04427000000015
1.727975999999935,97.56949999999986
1.7839759999999982,94.63966000000012
1.8399759999999692,91.50663000000003
1.89597599999994,88.34122999999994
1.9519760000000035,85.25435000000003
2.3999999940907374e-05,82.71845
0.005623999999965787,82.47749000000005
0.016824000000015545,81.98872999999995
0.03922399999992977,80.67089999999988
0.08402399999994352,74.81723000000007
0.140024000000007,59.61101999999996
0.19602399999997788,35.826359999999944
0.25202399999994873,5.588060000000006
0.2576239999999736,2.2280400000000977
0.26882399999993073,-4.54548999999993
0.2912239999999376,-18.063570000000027
0.3360239999999513,-42.724870000000024
0.39202400000001486,-66.47506000000014
0.4480239999999857,-81.76989999999984
0.5040239999999565,-90.16203000000012
0.5600239999999274,-93.85525000000005
0.6160239999999909,-94.71385
0.6720239999999618,-93.95326999999986
0.7280239999999326,-92.26714999999986
0.7840239999999962,-90.0565499999999
0.840023999999967,-87.57902999999989
0.8960239999999379,-85.01084000000003
0.9520240000000013,-82.46794999999985
1.0000160000000136,-80.36228999999983
1.0056159999999457,-80.16874000000018
1.0168159999999955,-79.77389999999995
1.0392160000000024,-78.63875000000009
1.084016000000016,-73.13199000000003
1.140015999999987,-58.32784000000002
1.1960159999999578,-34.90930999999997
1.2520159999999287,-5.0003800000000265
1.2576159999999537,-1.6711899999999336
1.2688160000000033,5.041320000000127
1.2912160000000101,18.441069999999947
1.3360159999999313,42.879399999999904
1.3920159999999948,66.37413999999997
1.4480159999999656,81.43674999999995
1.5040159999999365,89.6176999999998
1.560016,93.11898000000008
1.6160159999999708,93.80301999999996
1.6720159999999418,92.88358000000008
1.728016000000005,91.05274000000007
1.784015999999976,88.71017000000015
1.840015999999947,86.11218999999993
1.8960160000000104,83.43405999999986
1.9520159999999813,80.79071999999998
0.008015999999952133,78.25126000000004
0.06401600000001563,75.85273000000004
0.1200159999999865,73.61251000000001
0.17601599999995735,71.53593000000002
0.2320159999999282,69.62134000000009
0.2880159999999917,67.8628699999999
0.3440159999999626,66.25237999999989
0.4000159999999334,64.78030000000001
0.4560159999999969,63.43673999999999
0.5120159999999677,62.21167000000016
0.5680159999999387,61.095509999999905
0.6240160000000021,60.079070000000016
0.680015999999973,59.15384000000002
0.7360159999999438,58.31180000000003
0.7920160000000074,57.54568000000005
0.8480159999999782,56.848650000000056
0.9040159999999491,56.21459000000017
0.9600160000000125,55.6378099999999
1.0160159999999834,55.113180000000206
1.0720159999999543,54.635959999999926
1.128015999999925,54.2019199999999
1.1840159999999886,53.80710999999994
1.2400159999999594,53.44802000000004
1.2960159999999303,53.12136999999994
1.352015999999994,52.82427999999983
1.4080159999999646,52.554030000000026
1.4640159999999356,52.30824000000012
1.5200159999999991,52.08463000000019
1.5760159999999699,51.88126999999998
1.6320159999999408,51.69626999999988
1.6880160000000042,51.52798999999986
1.7440159999999751,51.37493000000015
1.8000159999999459,51.23571000000005
1.8560160000000094,51.10904999999999
1.9120159999999804,50.99385999999995
1.9680159999999511,50.88906999999998
0.024016000000014685,50.79375999999991
0.08001599999998554,50.70705999999991
0.1360159999999564,50.62820999999995
0.19201599999992724,50.556480000000015
0.24801599999999074,50.491239999999934
0.3040159999999616,50.43189999999997
0.36001599999993245,50.37794000000018
0.41601599999999594,50.32885000000009
0.4720159999999668,50.28421000000005
0.5280159999999376,50.2436100000001
0.5840160000000012,50.206689999999995
0.640015999999972,50.17311000000002
0.6960159999999429,50.14258999999988
0.7520160000000063,50.114830000000055
0.8080159999999772,50.089590000000015
0.8640159999999482,50.06664000000005
0.9200160000000116,50.045780000000036
0.9760159999999825,50.02682000000003
0.9999839999999333,50.01924999999985
1.0055839999999583,50.06316000000011
1.016784000000008,50.14012999999995
1.0391840000000148,49.9285599999999
1.0839839999999359,46.18471000000013
1.1399839999999994,33.438280000000155
1.1959839999999702,11.944859999999835
1.2519839999999411,-16.14890999999985
1.257583999999966,-19.30304999999999
1.2687840000000157,-25.668069999999823
1.29118399999993,-38.389870000000045
1.3359839999999437,-61.54644000000009
1.3919840000000072,-83.58010999999999
1.4479839999999782,-97.32951000000001
1.503983999999949,-104.32525000000004
1.5599840000000125,-106.75017999999992
1.6159839999999832,-106.45287000000003
1.6719839999999542,-104.63758000000011
1.727983999999925,-101.98965999999987
1.7839839999999885,-98.90255999999997
1.8399839999999594,-95.62665999999997
1.8959839999999302,-92.33145999999981
1.9519839999999937,-89.1265699999999
0.007983999999964577,-86.07626000000002
0.06398399999993544,-83.21324000000007
0.11998399999999894,-80.5507299999999
0.17598399999996978,-78.09022999999993
0.23198399999994065,-75.82666000000016
0.2879840000000041,-73.75098999999996
0.343983999999975,-71.8521099999998
0.3999839999999459,-70.11780999999995
0.4559840000000094,-68.53576000000005
0.5119839999999802,-67.09377000000005
0.5679839999999511,-65.7802799999998
0.6239840000000145,-64.58430999999987
0.6799839999999854,-63.49568999999988
0.7359839999999562,-62.50496999999999
0.7919839999999272,-61.603510000000085
0.8479839999999906,-60.78329999999998
0.9039839999999615,-60.03709000000001
0.9599839999999323,-59.35821000000008
1.0159839999999958,-58.74062999999996
1.0719839999999667,-58.17876999999982
1.1279839999999375,-57.66764000000002
1.183984000000001,-57.20262999999992
1.239983999999972,-56.77959999999982
1.2959839999999427,-56.39473000000006
1.3519840000000063,-56.04460000000011
1.407983999999977,-55.72602999999998
1.463983999999948,-55.436210000000095
1.5199840000000115,-55.17251000000001
1.5759839999999823,-54.93259999999989
1.6319839999999532,-54.71431000000004
1.687983999999924,-54.51570000000005
1.7439839999999875,-54.334970000000204
1.7999839999999585,-54.17055000000004
1.8559839999999292,-54.02093000000008
1.9119839999999928,-53.88479000000012
1.9679839999999635,-53.76091000000005
1.5999999983645345e-05,-53.695159999999966
0.005616000000008524,-53.72971999999998
0.016815999999965636,-53.788240000000044
0.03921599999997251,-53.5413600000001
0.08401599999998625,-49.733100000000086
0.14001599999995712,-36.91391999999993
0.19601599999992797,-15.34921999999983
0.25201599999999147,12.819439999999904
0.25761600000001633,15.981310000000137
0.26881599999997347,22.361749999999958
0.2912159999999803,35.11390000000003
0.3360159999999941,58.32685999999998
0.39201599999996495,80.42126999999999
0.4480159999999358,94.22153
0.5040159999999992,101.26090999999992
0.5600159999999701,103.72442000000004
0.6160159999999409,103.46191999999999
0.6720160000000045,101.67808999999983
0.7280159999999753,99.05845999999995
0.7840159999999462,95.99680999999993
0.8400160000000098,92.74359999999993
0.8960159999999806,89.46851999999983
0.9520159999999515,86.28173000000005
1.0000079999999636,83.67027000000004
1.0056079999999885,83.42059999999995
1.0168079999999455,82.9145899999999
1.0392079999999524,81.56333000000005
1.084007999999966,75.6468899999998
1.140007999999937,60.368970000000076
1.1960080000000006,36.51847000000008
1.2520079999999714,6.219020000000075
1.2576079999999963,2.8531400000000318
1.2688079999999533,-3.9319900000001073
1.2912079999999604,-17.472700000000117
1.336007999999974,-42.17662
1.3920079999999448,-65.9752199999999
1.4480080000000084,-81.31350999999998
1.5040079999999791,-89.74480000000007
1.56000799999995,-93.47353000000003
1.6160080000000137,-94.36441000000006
1.6720079999999844,-93.63324999999989
1.7280079999999554,-91.97394999999986
1.784007999999926,-89.78778000000021
1.8400079999999897,-87.33248999999988
1.8960079999999606,-84.78454999999995
1.9520079999999314,-82.26009000000012
0.008007999999994872,-79.82924999999996
0.06400799999996573,-77.52983000000002
0.12000799999993658,-75.37977000000006
0.17600800000000008,-73.38515999999996
0.23200799999997093,-71.54526999999989
0.2880079999999418,-69.85492999999998
0.3440080000000053,-68.30656999999985
0.40000799999997616,-66.89111999999997
0.456007999999947,-65.59914
0.5120080000000105,-64.42102000000017
0.5680079999999814,-63.34759000000001
0.6240079999999523,-62.37002000000014
0.6800080000000157,-61.48012000000014
0.7360079999999866,-60.67020000000012
0.7920079999999574,-59.93325999999999
0.8480079999999283,-59.26275000000003
0.9040079999999918,-58.65275999999997
0.9600079999999627,-58.09784000000007
1.0160079999999334,-57.59306000000009
1.072007999999997,-57.133859999999984
1.128007999999968,-56.71614999999996
1.1840079999999387,-56.33615000000014
1.2400080000000022,-55.990499999999834
1.2960079999999732,-55.676049999999975
1.352007999999944,-55.39000000000005
1.4080080000000075,-55.129769999999965
1.4640079999999782,-54.893040000000056
1.5200079999999492,-54.677649999999915
1.5760080000000127,-54.481730000000006
1.6320079999999835,-54.30346000000008
1.6880079999999544,-54.14129000000001
1.7440079999999252,-53.99374000000012
1.8000079999999887,-53.85950999999989
1.8560079999999595,-53.73737000000012
1.9120079999999304,-53.626249999999985
1.968007999999994,-53.52514000000008
0.02400799999996478,-53.43315000000004
0.08000799999993563,-53.34945000000002
0.13600799999999913,-53.27329999999986
0.19200799999996998,-53.20400999999997
0.24800799999994086,-53.14095999999991
0.30400800000000433,-53.08358999999996
0.3600079999999752,-53.0313899999999
0.4160079999999461,-52.98389999999986
0.4720080000000096,-52.94069000000001
0.5280079999999804,-52.90134999999996
0.5840079999999512,-52.86557000000003
0.6400080000000148,-52.833020000000005
0.6960079999999856,-52.80339999999995
0.7520079999999565,-52.77643999999992
0.8080079999999273,-52.75191000000001
0.8640079999999909,-52.729589999999995
0.9200079999999617,-52.70927999999997
0.9760079999999326,-52.690799999999925
0.999975999999976,-52.68342000000015
1.005576000000001,-52.727389999999815
1.016775999999958,-52.804520000000025
1.0391759999999648,-52.59374999999999
1.0839759999999787,-48.85340000000005
1.1399759999999495,-36.111869999999826
1.195976000000013,-14.618270000000155
1.2519759999999838,13.484669999999976
1.2575760000000087,16.64028000000006
1.268775999999966,23.00830000000009
1.2911759999999728,35.73629999999994
1.3359759999999865,58.90382999999999
1.3919759999999572,80.94661999999997
1.4479759999999282,94.70033
1.5039759999999918,101.69749999999999
1.5599759999999625,104.12255999999998
1.6159759999999335,103.8249200000001
1.6719759999999968,102.00899000000008
1.7279759999999678,99.3600400000001
1.7839759999999385,96.27176000000004
1.839976000000002,92.99447000000005
1.895975999999973,89.6973700000001
1.9519759999999438,86.49025999999994
0.007976000000007314,83.43765000000003
0.06397599999997818,80.5721800000001
0.11997599999994903,77.9070300000002
0.17597600000001254,75.4439200000001
0.2319759999999834,73.17806999999999
0.2879759999999542,71.10042000000006
0.3439759999999251,69.19969999999998
0.3999759999999886,67.46364999999987
0.45597599999995947,65.87993999999986
0.5119759999999303,64.43638000000007
0.5679759999999938,63.12146000000007
0.6239759999999647,61.924209999999924
0.6799759999999355,60.83448999999996
0.7359759999999991,59.842810000000135
0.7919759999999699,58.9405300000001
0.8479759999999408,58.11965000000008
0.9039760000000042,57.3728899999999
0.9599759999999751,56.69358000000013
1.015975999999946,56.075670000000024
1.0719760000000094,55.513580000000175
1.1279759999999803,55.00229999999995
1.183975999999951,54.537210000000115
1.2399760000000146,54.11417000000007
1.2959759999999856,53.72935000000001
1.3519759999999563,53.37931000000018
1.4079759999999273,53.06088000000009
1.4639759999999906,52.77124
1.5199759999999616,52.507749999999966
1.5759759999999325,52.26808000000016
1.6319759999999959,52.05002999999997
1.6879759999999668,51.85168999999989
1.7439759999999376,51.67126
1.7999760000000011,51.50713000000007
1.855975999999972,51.35781000000006
1.9119759999999428,51.22199000000016
1.9679760000000064,51.098419999999976
0.023975999999977224,50.986020000000075
0.07997599999994807,50.88377
0.1359760000000116,50.790749999999996
0.19197599999998244,50.70612000000008
0.2479759999999533,50.62915000000001
0.30397599999992414,50.55912000000018
0.35997599999998764,50.49542000000007
0.4159759999999585,50.437480000000036
0.47197599999992934,50.38477999999991
0.5279759999999929,50.33683
0.5839759999999637,50.29321999999992
0.6399759999999346,50.25354999999987
0.695975999999998,50.217469999999985
0.7519759999999689,50.184659999999994
0.8079759999999397,50.15481999999993
0.8639760000000033,50.12766999999996
0.9199759999999741,50.10299000000007
0.975975999999945,50.08053999999995
1.0000000000000064,50.07154999999997
