time_s,v_outp,v_outn,v_inp,v_inn,vod,vid
0.0,1.36536138,1.34045366,1.32536293,1.37536293,0.024907719999999856,-0.050000000000000044
5e-15,1.36536138,1.34045366,1.32536293,1.37536293,0.024907719999999856,-0.050000000000000044
1e-14,1.36536138,1.34045366,1.32536293,1.37536293,0.024907719999999856,-0.050000000000000044
2e-14,1.36536138,1.34045366,1.32536293,1.37536293,0.024907719999999856,-0.050000000000000044
4e-14,1.36536138,1.34045366,1.32536293,1.37536293,0.024907719999999856,-0.050000000000000044
8e-14,1.36536138,1.34045366,1.32536293,1.37536293,0.024907719999999856,-0.050000000000000044
1.6e-13,1.36536138,1.34045366,1.32536293,1.37536293,0.024907719999999856,-0.050000000000000044
3.2e-13,1.36536138,1.34045366,1.32536293,1.37536293,0.024907719999999856,-0.050000000000000044
6.4e-13,1.36536138,1.34045366,1.32536293,1.37536293,0.024907719999999856,-0.050000000000000044
1.28e-12,1.36536138,1.34045366,1.32536293,1.37536293,0.024907719999999856,-0.050000000000000044
2.28e-12,1.36536138,1.34045366,1.32536293,1.37536293,0.024907719999999856,-0.050000000000000044
3.28e-12,1.36536138,1.34045366,1.32536293,1.37536293,0.024907719999999856,-0.050000000000000044
4.28e-12,1.36536138,1.34045366,1.32536293,1.37536293,0.024907719999999856,-0.050000000000000044
5.28e-12,1.36536138,1.34045366,1.32536293,1.37536293,0.024907719999999856,-0.050000000000000044
6.28e-12,1.36536138,1.34045366,1.32536293,1.37536293,0.024907719999999856,-0.050000000000000044
7.28e-12,1.36536138,1.34045366,1.32536293,1.37536293,0.024907719999999856,-0.050000000000000044
8.28e-12,1.36536138,1.34045366,1.32536293,1.37536293,0.024907719999999856,-0.050000000000000044
9.28e-12,1.36536138,1.34045366,1.32536293,1.37536293,0.024907719999999856,-0.050000000000000044
1.028e-11,1.36536138,1.34045366,1.32536293,1.37536293,0.024907719999999856,-0.050000000000000044
1.128e-11,1.36536138,1.34045366,1.32536293,1.37536293,0.024907719999999856,-0.050000000000000044
1.228e-11,1.36536138,1.34045366,1.32536293,1.37536293,0.024907719999999856,-0.050000000000000044
1.328e-11,1.36536138,1.34045366,1.32536293,1.37536293,0.024907719999999856,-0.050000000000000044
1.428e-11,1.36536138,1.34045366,1.32536293,1.37536293,0.024907719999999856,-0.050000000000000044
1.528e-11,1.36536138,1.34045366,1.32536293,1.37536293,0.024907719999999856,-0.050000000000000044
1.628e-11,1.36536138,1.34045366,1.32536293,1.37536293,0.024907719999999856,-0.050000000000000044
1.728e-11,1.36536138,1.34045366,1.32536293,1.37536293,0.024907719999999856,-0.050000000000000044
1.828e-11,1.36536138,1.34045366,1.32536293,1.37536293,0.024907719999999856,-0.050000000000000044
1.928e-11,1.36536138,1.34045366,1.32536293,1.37536293,0.024907719999999856,-0.050000000000000044
2.028e-11,1.36536138,1.34045366,1.32536293,1.37536293,0.024907719999999856,-0.050000000000000044
2.128e-11,1.36536138,1.34045366,1.32536293,1.37536293,0.024907719999999856,-0.050000000000000044
2.228e-11,1.36536138,1.34045366,1.32536293,1.37536293,0.024907719999999856,-0.050000000000000044
2.328e-11,1.36536138,1.34045366,1.32536293,1.37536293,0.024907719999999856,-0.050000000000000044
2.428e-11,1.36536138,1.34045366,1.32536293,1.37536293,0.024907719999999856,-0.050000000000000044
2.528e-11,1.36536138,1.34045366,1.32536293,1.37536293,0.024907719999999856,-0.050000000000000044
2.628e-11,1.36536138,1.34045366,1.32536293,1.37536293,0.024907719999999856,-0.050000000000000044
2.728e-11,1.36536138,1.34045366,1.32536293,1.37536293,0.024907719999999856,-0.050000000000000044
2.828e-11,1.36536138,1.34045366,1.32536293,1.37536293,0.024907719999999856,-0.050000000000000044
2.928e-11,1.36536138,1.34045366,1.32536293,1.37536293,0.024907719999999856,-0.050000000000000044
3.028e-11,1.36536138,1.34045366,1.32536293,1.37536293,0.024907719999999856,-0.050000000000000044
3.128e-11,1.36536138,1.34045366,1.32536293,1.37536293,0.024907719999999856,-0.050000000000000044
3.228e-11,1.36536138,1.34045366,1.32536293,1.37536293,0.024907719999999856,-0.050000000000000044
3.328e-11,1.36536138,1.34045366,1.32536293,1.37536293,0.024907719999999856,-0.050000000000000044
3.428e-11,1.36536138,1.34045366,1.32536293,1.37536293,0.024907719999999856,-0.050000000000000044
3.528e-11,1.36536138,1.34045366,1.32536293,1.37536293,0.024907719999999856,-0.050000000000000044
3.628e-11,1.36536138,1.34045366,1.32536293,1.37536293,0.024907719999999856,-0.050000000000000044
3.728e-11,1.36536138,1.34045366,1.32536293,1.37536293,0.024907719999999856,-0.050000000000000044
3.828e-11,1.36536138,1.34045366,1.32536293,1.37536293,0.024907719999999856,-0.050000000000000044
3.928e-11,1.36536138,1.34045366,1.32536293,1.37536293,0.024907719999999856,-0.050000000000000044
4.028e-11,1.36536138,1.34045366,1.32536293,1.37536293,0.024907719999999856,-0.050000000000000044
4.128e-11,1.36536138,1.34045366,1.32536293,1.37536293,0.024907719999999856,-0.050000000000000044
4.228e-11,1.36536138,1.34045366,1.32536293,1.37536293,0.024907719999999856,-0.050000000000000044
4.328e-11,1.36536138,1.34045366,1.32536293,1.37536293,0.024907719999999856,-0.050000000000000044
4.428e-11,1.36536138,1.34045366,1.32536293,1.37536293,0.024907719999999856,-0.050000000000000044
4.528e-11,1.36536138,1.34045366,1.32536293,1.37536293,0.024907719999999856,-0.050000000000000044
4.628e-11,1.36536138,1.34045366,1.32536293,1.37536293,0.024907719999999856,-0.050000000000000044
4.728e-11,1.36536138,1.34045366,1.32536293,1.37536293,0.024907719999999856,-0.050000000000000044
4.828e-11,1.36536138,1.34045366,1.32536293,1.37536293,0.024907719999999856,-0.050000000000000044
4.928e-11,1.36536138,1.34045366,1.32536293,1.37536293,0.024907719999999856,-0.050000000000000044
5.028e-11,1.36536138,1.34045366,1.32536293,1.37536293,0.024907719999999856,-0.050000000000000044
5.128e-11,1.36536138,1.34045366,1.32536293,1.37536293,0.024907719999999856,-0.050000000000000044
5.228e-11,1.36536138,1.34045366,1.32536293,1.37536293,0.024907719999999856,-0.050000000000000044
5.328e-11,1.36536138,1.34045366,1.32536293,1.37536293,0.024907719999999856,-0.050000000000000044
5.428e-11,1.36536138,1.34045366,1.32536293,1.37536293,0.024907719999999856,-0.050000000000000044
5.528e-11,1.36536138,1.34045366,1.32536293,1.37536293,0.024907719999999856,-0.050000000000000044
5.628e-11,1.36536138,1.34045366,1.32536293,1.37536293,0.024907719999999856,-0.050000000000000044
5.728e-11,1.36536138,1.34045366,1.32536293,1.37536293,0.024907719999999856,-0.050000000000000044
5.828e-11,1.36536138,1.34045366,1.32536293,1.37536293,0.024907719999999856,-0.050000000000000044
5.928e-11,1.36536138,1.34045366,1.32536293,1.37536293,0.024907719999999856,-0.050000000000000044
6.028e-11,1.36536138,1.34045366,1.32536293,1.37536293,0.024907719999999856,-0.050000000000000044
6.128e-11,1.36536138,1.34045366,1.32536293,1.37536293,0.024907719999999856,-0.050000000000000044
6.228e-11,1.36536138,1.34045366,1.32536293,1.37536293,0.024907719999999856,-0.050000000000000044
6.328e-11,1.36536138,1.34045366,1.32536293,1.37536293,0.024907719999999856,-0.050000000000000044
6.428e-11,1.36536138,1.34045366,1.32536293,1.37536293,0.024907719999999856,-0.050000000000000044
6.528e-11,1.36536138,1.34045366,1.32536293,1.37536293,0.024907719999999856,-0.050000000000000044
6.628e-11,1.36536138,1.34045366,1.32536293,1.37536293,0.024907719999999856,-0.050000000000000044
6.728e-11,1.36536138,1.34045366,1.32536293,1.37536293,0.024907719999999856,-0.050000000000000044
6.828e-11,1.36536138,1.34045366,1.32536293,1.37536293,0.024907719999999856,-0.050000000000000044
6.928e-11,1.36536138,1.34045366,1.32536293,1.37536293,0.024907719999999856,-0.050000000000000044
7.028e-11,1.36536138,1.34045366,1.32536293,1.37536293,0.024907719999999856,-0.050000000000000044
7.128e-11,1.36536138,1.34045366,1.32536293,1.37536293,0.024907719999999856,-0.050000000000000044
7.228e-11,1.36536138,1.34045366,1.32536293,1.37536293,0.024907719999999856,-0.050000000000000044
7.328e-11,1.36536138,1.34045366,1.32536293,1.37536293,0.024907719999999856,-0.050000000000000044
7.428e-11,1.36536138,1.34045366,1.32536293,1.37536293,0.024907719999999856,-0.050000000000000044
7.528e-11,1.36536138,1.34045366,1.32536293,1.37536293,0.024907719999999856,-0.050000000000000044
7.628e-11,1.36536138,1.34045366,1.32536293,1.37536293,0.024907719999999856,-0.050000000000000044
7.728e-11,1.36536138,1.34045366,1.32536293,1.37536293,0.024907719999999856,-0.050000000000000044
7.828e-11,1.36536138,1.34045366,1.32536293,1.37536293,0.024907719999999856,-0.050000000000000044
7.928e-11,1.36536138,1.34045366,1.32536293,1.37536293,0.024907719999999856,-0.050000000000000044
8.028e-11,1.36536138,1.34045366,1.32536293,1.37536293,0.024907719999999856,-0.050000000000000044
8.128e-11,1.36536138,1.34045366,1.32536293,1.37536293,0.024907719999999856,-0.050000000000000044
8.228e-11,1.36536138,1.34045366,1.32536293,1.37536293,0.024907719999999856,-0.050000000000000044
8.328e-11,1.36536138,1.34045366,1.32536293,1.37536293,0.024907719999999856,-0.050000000000000044
8.428e-11,1.36536138,1.34045366,1.32536293,1.37536293,0.024907719999999856,-0.050000000000000044
8.528e-11,1.36536138,1.34045366,1.32536293,1.37536293,0.024907719999999856,-0.050000000000000044
8.628e-11,1.36536138,1.34045366,1.32536293,1.37536293,0.024907719999999856,-0.050000000000000044
8.728e-11,1.36536138,1.34045366,1.32536293,1.37536293,0.024907719999999856,-0.050000000000000044
8.828e-11,1.36536138,1.34045366,1.32536293,1.37536293,0.024907719999999856,-0.050000000000000044
8.928e-11,1.36536138,1.34045366,1.32536293,1.37536293,0.024907719999999856,-0.050000000000000044
9.028e-11,1.36536138,1.34045366,1.32536293,1.37536293,0.024907719999999856,-0.050000000000000044
9.128e-11,1.36536138,1.34045366,1.32536293,1.37536293,0.024907719999999856,-0.050000000000000044
9.228e-11,1.36536138,1.34045366,1.32536293,1.37536293,0.024907719999999856,-0.050000000000000044
9.328e-11,1.36536138,1.34045366,1.32536293,1.37536293,0.024907719999999856,-0.050000000000000044
9.428e-11,1.36536138,1.34045366,1.32536293,1.37536293,0.024907719999999856,-0.050000000000000044
9.528e-11,1.36536138,1.34045366,1.32536293,1.37536293,0.024907719999999856,-0.050000000000000044
9.628e-11,1.36536138,1.34045366,1.32536293,1.37536293,0.024907719999999856,-0.050000000000000044
9.728e-11,1.36536138,1.34045366,1.32536293,1.37536293,0.024907719999999856,-0.050000000000000044
9.828e-11,1.36536138,1.34045366,1.32536293,1.37536293,0.024907719999999856,-0.050000000000000044
9.928e-11,1.36536138,1.34045366,1.32536293,1.37536293,0.024907719999999856,-0.050000000000000044
1.0028e-10,1.36536138,1.34045366,1.32536293,1.37536293,0.024907719999999856,-0.050000000000000044
1.0128e-10,1.36536138,1.34045366,1.32536293,1.37536293,0.024907719999999856,-0.050000000000000044
1.0228e-10,1.36536138,1.34045366,1.32536293,1.37536293,0.024907719999999856,-0.050000000000000044
1.0328e-10,1.36536138,1.34045366,1.32536293,1.37536293,0.024907719999999856,-0.050000000000000044
1.0428e-10,1.36536138,1.34045366,1.32536293,1.37536293,0.024907719999999856,-0.050000000000000044
1.0528e-10,1.36536138,1.34045366,1.32536293,1.37536293,0.024907719999999856,-0.050000000000000044
1.0628e-10,1.36536138,1.34045366,1.32536293,1.37536293,0.024907719999999856,-0.050000000000000044
1.0728e-10,1.36536138,1.34045366,1.32536293,1.37536293,0.024907719999999856,-0.050000000000000044
1.0828e-10,1.36536138,1.34045366,1.32536293,1.37536293,0.024907719999999856,-0.050000000000000044
1.0928e-10,1.36536138,1.34045366,1.32536293,1.37536293,0.024907719999999856,-0.050000000000000044
1.1028e-10,1.36536138,1.34045366,1.32536293,1.37536293,0.024907719999999856,-0.050000000000000044
1.1128e-10,1.36536138,1.34045366,1.32536293,1.37536293,0.024907719999999856,-0.050000000000000044
1.1228e-10,1.36536138,1.34045366,1.32536293,1.37536293,0.024907719999999856,-0.050000000000000044
1.1328e-10,1.36536138,1.34045366,1.32536293,1.37536293,0.024907719999999856,-0.050000000000000044
1.1428e-10,1.36536138,1.34045366,1.32536293,1.37536293,0.024907719999999856,-0.050000000000000044
1.1528e-10,1.36536138,1.34045366,1.32536293,1.37536293,0.024907719999999856,-0.050000000000000044
1.1628e-10,1.36536138,1.34045366,1.32536293,1.37536293,0.024907719999999856,-0.050000000000000044
1.1728e-10,1.36536138,1.34045366,1.32536293,1.37536293,0.024907719999999856,-0.050000000000000044
1.1828e-10,1.36536138,1.34045366,1.32536293,1.37536293,0.024907719999999856,-0.050000000000000044
1.1928e-10,1.36536138,1.34045366,1.32536293,1.37536293,0.024907719999999856,-0.050000000000000044
1.2028e-10,1.36536138,1.34045366,1.32536293,1.37536293,0.024907719999999856,-0.050000000000000044
1.2128e-10,1.36536138,1.34045366,1.32536293,1.37536293,0.024907719999999856,-0.050000000000000044
1.2228e-10,1.36536138,1.34045366,1.32536293,1.37536293,0.024907719999999856,-0.050000000000000044
1.2328e-10,1.36536138,1.34045366,1.32536293,1.37536293,0.024907719999999856,-0.050000000000000044
1.2428e-10,1.36536138,1.34045366,1.32536293,1.37536293,0.024907719999999856,-0.050000000000000044
1.2528e-10,1.36536138,1.34045366,1.32536293,1.37536293,0.024907719999999856,-0.050000000000000044
1.2628e-10,1.36536138,1.34045366,1.32536293,1.37536293,0.024907719999999856,-0.050000000000000044
1.2728e-10,1.36536138,1.34045366,1.32536293,1.37536293,0.024907719999999856,-0.050000000000000044
1.2828e-10,1.36536138,1.34045366,1.32536293,1.37536293,0.024907719999999856,-0.050000000000000044
1.2928e-10,1.36536138,1.34045366,1.32536293,1.37536293,0.024907719999999856,-0.050000000000000044
1.3028e-10,1.36536138,1.34045366,1.32536293,1.37536293,0.024907719999999856,-0.050000000000000044
1.3128e-10,1.36536138,1.34045366,1.32536293,1.37536293,0.024907719999999856,-0.050000000000000044
1.3228e-10,1.36536138,1.34045366,1.32536293,1.37536293,0.024907719999999856,-0.050000000000000044
1.3328e-10,1.36536138,1.34045366,1.32536293,1.37536293,0.024907719999999856,-0.050000000000000044
1.3428e-10,1.36536138,1.34045366,1.32536293,1.37536293,0.024907719999999856,-0.050000000000000044
1.3528e-10,1.36536138,1.34045366,1.32536293,1.37536293,0.024907719999999856,-0.050000000000000044
1.3628e-10,1.36536138,1.34045366,1.32536293,1.37536293,0.024907719999999856,-0.050000000000000044
1.3728e-10,1.36536138,1.34045366,1.32536293,1.37536293,0.024907719999999856,-0.050000000000000044
1.3828e-10,1.36536138,1.34045366,1.32536293,1.37536293,0.024907719999999856,-0.050000000000000044
1.3928e-10,1.36536138,1.34045366,1.32536293,1.37536293,0.024907719999999856,-0.050000000000000044
1.4028e-10,1.36536138,1.34045366,1.32536293,1.37536293,0.024907719999999856,-0.050000000000000044
1.4128e-10,1.36536138,1.34045366,1.32536293,1.37536293,0.024907719999999856,-0.050000000000000044
1.4228e-10,1.36536138,1.34045366,1.32536293,1.37536293,0.024907719999999856,-0.050000000000000044
1.4328e-10,1.36536138,1.34045366,1.32536293,1.37536293,0.024907719999999856,-0.050000000000000044
1.4428e-10,1.36536138,1.34045366,1.32536293,1.37536293,0.024907719999999856,-0.050000000000000044
1.4528e-10,1.36536138,1.34045366,1.32536293,1.37536293,0.024907719999999856,-0.050000000000000044
1.4628e-10,1.36536138,1.34045366,1.32536293,1.37536293,0.024907719999999856,-0.050000000000000044
1.4728e-10,1.36536138,1.34045366,1.32536293,1.37536293,0.024907719999999856,-0.050000000000000044
1.4828e-10,1.36536138,1.34045366,1.32536293,1.37536293,0.024907719999999856,-0.050000000000000044
1.4928e-10,1.36536138,1.34045366,1.32536293,1.37536293,0.024907719999999856,-0.050000000000000044
1.5028e-10,1.36536138,1.34045366,1.32536293,1.37536293,0.024907719999999856,-0.050000000000000044
1.5128e-10,1.36536138,1.34045366,1.32536293,1.37536293,0.024907719999999856,-0.050000000000000044
1.5228e-10,1.36536138,1.34045366,1.32536293,1.37536293,0.024907719999999856,-0.050000000000000044
1.5328e-10,1.36536138,1.34045366,1.32536293,1.37536293,0.024907719999999856,-0.050000000000000044
1.5428e-10,1.36536138,1.34045366,1.32536293,1.37536293,0.024907719999999856,-0.050000000000000044
1.5528e-10,1.36536138,1.34045366,1.32536293,1.37536293,0.024907719999999856,-0.050000000000000044
1.5628e-10,1.36536138,1.34045366,1.32536293,1.37536293,0.024907719999999856,-0.050000000000000044
1.5728e-10,1.36536138,1.34045366,1.32536293,1.37536293,0.024907719999999856,-0.050000000000000044
1.5828e-10,1.36536138,1.34045366,1.32536293,1.37536293,0.024907719999999856,-0.050000000000000044
1.5928e-10,1.36536138,1.34045366,1.32536293,1.37536293,0.024907719999999856,-0.050000000000000044
1.6028e-10,1.36536138,1.34045366,1.32536293,1.37536293,0.024907719999999856,-0.050000000000000044
1.6128e-10,1.36536138,1.34045366,1.32536293,1.37536293,0.024907719999999856,-0.050000000000000044
1.6228e-10,1.36536138,1.34045366,1.32536293,1.37536293,0.024907719999999856,-0.050000000000000044
1.6328e-10,1.36536138,1.34045366,1.32536293,1.37536293,0.024907719999999856,-0.050000000000000044
1.6428e-10,1.36536138,1.34045366,1.32536293,1.37536293,0.024907719999999856,-0.050000000000000044
1.6528e-10,1.36536138,1.34045366,1.32536293,1.37536293,0.024907719999999856,-0.050000000000000044
1.6628e-10,1.36536138,1.34045366,1.32536293,1.37536293,0.024907719999999856,-0.050000000000000044
1.6728e-10,1.36536138,1.34045366,1.32536293,1.37536293,0.024907719999999856,-0.050000000000000044
1.6828e-10,1.36536138,1.34045366,1.32536293,1.37536293,0.024907719999999856,-0.050000000000000044
1.6928e-10,1.36536138,1.34045366,1.32536293,1.37536293,0.024907719999999856,-0.050000000000000044
1.7028e-10,1.36536138,1.34045366,1.32536293,1.37536293,0.024907719999999856,-0.050000000000000044
1.7128e-10,1.36536138,1.34045366,1.32536293,1.37536293,0.024907719999999856,-0.050000000000000044
1.7228e-10,1.36536138,1.34045366,1.32536293,1.37536293,0.024907719999999856,-0.050000000000000044
1.7328e-10,1.36536138,1.34045366,1.32536293,1.37536293,0.024907719999999856,-0.050000000000000044
1.7428e-10,1.36536138,1.34045366,1.32536293,1.37536293,0.024907719999999856,-0.050000000000000044
1.7528e-10,1.36536138,1.34045366,1.32536293,1.37536293,0.024907719999999856,-0.050000000000000044
1.7628e-10,1.36536138,1.34045366,1.32536293,1.37536293,0.024907719999999856,-0.050000000000000044
1.7728e-10,1.36536138,1.34045366,1.32536293,1.37536293,0.024907719999999856,-0.050000000000000044
1.7828e-10,1.36536138,1.34045366,1.32536293,1.37536293,0.024907719999999856,-0.050000000000000044
1.7928e-10,1.36536138,1.34045366,1.32536293,1.37536293,0.024907719999999856,-0.050000000000000044
1.8028e-10,1.36536138,1.34045366,1.32536293,1.37536293,0.024907719999999856,-0.050000000000000044
1.8128e-10,1.36536138,1.34045366,1.32536293,1.37536293,0.024907719999999856,-0.050000000000000044
1.8228e-10,1.36536138,1.34045366,1.32536293,1.37536293,0.024907719999999856,-0.050000000000000044
1.8328e-10,1.36536138,1.34045366,1.32536293,1.37536293,0.024907719999999856,-0.050000000000000044
1.8428e-10,1.36536138,1.34045366,1.32536293,1.37536293,0.024907719999999856,-0.050000000000000044
1.8528e-10,1.36536138,1.34045366,1.32536293,1.37536293,0.024907719999999856,-0.050000000000000044
1.8628e-10,1.36536138,1.34045366,1.32536293,1.37536293,0.024907719999999856,-0.050000000000000044
1.8728e-10,1.36536138,1.34045366,1.32536293,1.37536293,0.024907719999999856,-0.050000000000000044
1.8828e-10,1.36536138,1.34045366,1.32536293,1.37536293,0.024907719999999856,-0.050000000000000044
1.8928e-10,1.36536138,1.34045366,1.32536293,1.37536293,0.024907719999999856,-0.050000000000000044
1.9028e-10,1.36536138,1.34045366,1.32536293,1.37536293,0.024907719999999856,-0.050000000000000044
1.9128e-10,1.36536138,1.34045366,1.32536293,1.37536293,0.024907719999999856,-0.050000000000000044
1.9228e-10,1.36536138,1.34045366,1.32536293,1.37536293,0.024907719999999856,-0.050000000000000044
1.9328e-10,1.36536138,1.34045366,1.32536293,1.37536293,0.024907719999999856,-0.050000000000000044
1.9428e-10,1.36536138,1.34045366,1.32536293,1.37536293,0.024907719999999856,-0.050000000000000044
1.9528e-10,1.36536138,1.34045366,1.32536293,1.37536293,0.024907719999999856,-0.050000000000000044
1.9628e-10,1.36536138,1.34045366,1.32536293,1.37536293,0.024907719999999856,-0.050000000000000044
1.9728e-10,1.36536138,1.34045366,1.32536293,1.37536293,0.024907719999999856,-0.050000000000000044
1.9828e-10,1.36536138,1.34045366,1.32536293,1.37536293,0.024907719999999856,-0.050000000000000044
1.9928e-10,1.36536138,1.34045366,1.32536293,1.37536293,0.024907719999999856,-0.050000000000000044
2.0028e-10,1.36536138,1.34045366,1.32536293,1.37536293,0.024907719999999856,-0.050000000000000044
2.0128e-10,1.36536138,1.34045366,1.32536293,1.37536293,0.024907719999999856,-0.050000000000000044
2.0228e-10,1.36536138,1.34045366,1.32536293,1.37536293,0.024907719999999856,-0.050000000000000044
2.0328e-10,1.36536138,1.34045366,1.32536293,1.37536293,0.024907719999999856,-0.050000000000000044
2.0428e-10,1.36536138,1.34045366,1.32536293,1.37536293,0.024907719999999856,-0.050000000000000044
2.0528e-10,1.36536138,1.34045366,1.32536293,1.37536293,0.024907719999999856,-0.050000000000000044
2.0628e-10,1.36536138,1.34045366,1.32536293,1.37536293,0.024907719999999856,-0.050000000000000044
2.0728e-10,1.36536138,1.34045366,1.32536293,1.37536293,0.024907719999999856,-0.050000000000000044
2.0828e-10,1.36536138,1.34045366,1.32536293,1.37536293,0.024907719999999856,-0.050000000000000044
2.0928e-10,1.36536138,1.34045366,1.32536293,1.37536293,0.024907719999999856,-0.050000000000000044
2.1028e-10,1.36536138,1.34045366,1.32536293,1.37536293,0.024907719999999856,-0.050000000000000044
2.1128e-10,1.36536138,1.34045366,1.32536293,1.37536293,0.024907719999999856,-0.050000000000000044
2.1228e-10,1.36536138,1.34045366,1.32536293,1.37536293,0.024907719999999856,-0.050000000000000044
2.1328e-10,1.36536138,1.34045366,1.32536293,1.37536293,0.024907719999999856,-0.050000000000000044
2.1428e-10,1.36536138,1.34045366,1.32536293,1.37536293,0.024907719999999856,-0.050000000000000044
2.1528e-10,1.36536138,1.34045366,1.32536293,1.37536293,0.024907719999999856,-0.050000000000000044
2.1628e-10,1.36536138,1.34045366,1.32536293,1.37536293,0.024907719999999856,-0.050000000000000044
2.1728e-10,1.36536138,1.34045366,1.32536293,1.37536293,0.024907719999999856,-0.050000000000000044
2.1828e-10,1.36536138,1.34045366,1.32536293,1.37536293,0.024907719999999856,-0.050000000000000044
2.1928e-10,1.36536138,1.34045366,1.32536293,1.37536293,0.024907719999999856,-0.050000000000000044
2.2028e-10,1.36536138,1.34045366,1.32536293,1.37536293,0.024907719999999856,-0.050000000000000044
2.2128e-10,1.36536138,1.34045366,1.32536293,1.37536293,0.024907719999999856,-0.050000000000000044
2.2228e-10,1.36536138,1.34045366,1.32536293,1.37536293,0.024907719999999856,-0.050000000000000044
2.2328e-10,1.36536138,1.34045366,1.32536293,1.37536293,0.024907719999999856,-0.050000000000000044
2.2428e-10,1.36536138,1.34045366,1.32536293,1.37536293,0.024907719999999856,-0.050000000000000044
2.2528e-10,1.36536138,1.34045366,1.32536293,1.37536293,0.024907719999999856,-0.050000000000000044
2.2628e-10,1.36536138,1.34045366,1.32536293,1.37536293,0.024907719999999856,-0.050000000000000044
2.2728e-10,1.36536138,1.34045366,1.32536293,1.37536293,0.024907719999999856,-0.050000000000000044
2.2828e-10,1.36536138,1.34045366,1.32536293,1.37536293,0.024907719999999856,-0.050000000000000044
2.2928e-10,1.36536138,1.34045366,1.32536293,1.37536293,0.024907719999999856,-0.050000000000000044
2.3028e-10,1.36536138,1.34045366,1.32536293,1.37536293,0.024907719999999856,-0.050000000000000044
2.3128e-10,1.36536138,1.34045366,1.32536293,1.37536293,0.024907719999999856,-0.050000000000000044
2.3228e-10,1.36536138,1.34045366,1.32536293,1.37536293,0.024907719999999856,-0.050000000000000044
2.3328e-10,1.36536138,1.34045366,1.32536293,1.37536293,0.024907719999999856,-0.050000000000000044
2.3428e-10,1.36536138,1.34045366,1.32536293,1.37536293,0.024907719999999856,-0.050000000000000044
2.3528e-10,1.36536138,1.34045366,1.32536293,1.37536293,0.024907719999999856,-0.050000000000000044
2.3628e-10,1.36536138,1.34045366,1.32536293,1.37536293,0.024907719999999856,-0.050000000000000044
2.3728e-10,1.36536138,1.34045366,1.32536293,1.37536293,0.024907719999999856,-0.050000000000000044
2.3828e-10,1.36536138,1.34045366,1.32536293,1.37536293,0.024907719999999856,-0.050000000000000044
2.3928e-10,1.36536138,1.34045366,1.32536293,1.37536293,0.024907719999999856,-0.050000000000000044
2.4028e-10,1.36536138,1.34045366,1.32536293,1.37536293,0.024907719999999856,-0.050000000000000044
2.4128e-10,1.36536138,1.34045366,1.32536293,1.37536293,0.024907719999999856,-0.050000000000000044
2.4228e-10,1.36536138,1.34045366,1.32536293,1.37536293,0.024907719999999856,-0.050000000000000044
2.4328e-10,1.36536138,1.34045366,1.32536293,1.37536293,0.024907719999999856,-0.050000000000000044
2.4428e-10,1.36536138,1.34045366,1.32536293,1.37536293,0.024907719999999856,-0.050000000000000044
2.4528e-10,1.36536138,1.34045366,1.32536293,1.37536293,0.024907719999999856,-0.050000000000000044
2.4628e-10,1.36536138,1.34045366,1.32536293,1.37536293,0.024907719999999856,-0.050000000000000044
2.4728e-10,1.36536138,1.34045366,1.32536293,1.37536293,0.024907719999999856,-0.050000000000000044
2.4828e-10,1.36536138,1.34045366,1.32536293,1.37536293,0.024907719999999856,-0.050000000000000044
2.4928e-10,1.36536138,1.34045366,1.32536293,1.37536293,0.024907719999999856,-0.050000000000000044
2.5028e-10,1.36536138,1.34045366,1.32536293,1.37536293,0.024907719999999856,-0.050000000000000044
2.5128e-10,1.36536138,1.34045366,1.32536293,1.37536293,0.024907719999999856,-0.050000000000000044
2.5228e-10,1.36536138,1.34045366,1.32536293,1.37536293,0.024907719999999856,-0.050000000000000044
2.5328e-10,1.36536138,1.34045366,1.32536293,1.37536293,0.024907719999999856,-0.050000000000000044
2.5428e-10,1.36536138,1.34045366,1.32536293,1.37536293,0.024907719999999856,-0.050000000000000044
2.5528e-10,1.36536138,1.34045366,1.32536293,1.37536293,0.024907719999999856,-0.050000000000000044
2.5628e-10,1.36536138,1.34045366,1.32536293,1.37536293,0.024907719999999856,-0.050000000000000044
2.5728e-10,1.36536138,1.34045366,1.32536293,1.37536293,0.024907719999999856,-0.050000000000000044
2.5828e-10,1.36536138,1.34045366,1.32536293,1.37536293,0.024907719999999856,-0.050000000000000044
2.5928e-10,1.36536138,1.34045366,1.32536293,1.37536293,0.024907719999999856,-0.050000000000000044
2.6028e-10,1.36536138,1.34045366,1.32536293,1.37536293,0.024907719999999856,-0.050000000000000044
2.6128e-10,1.36536138,1.34045366,1.32536293,1.37536293,0.024907719999999856,-0.050000000000000044
2.6228e-10,1.36536138,1.34045366,1.32536293,1.37536293,0.024907719999999856,-0.050000000000000044
2.6328e-10,1.36536138,1.34045366,1.32536293,1.37536293,0.024907719999999856,-0.050000000000000044
2.6428e-10,1.36536138,1.34045366,1.32536293,1.37536293,0.024907719999999856,-0.050000000000000044
2.6528e-10,1.36536138,1.34045366,1.32536293,1.37536293,0.024907719999999856,-0.050000000000000044
2.6628e-10,1.36536138,1.34045366,1.32536293,1.37536293,0.024907719999999856,-0.050000000000000044
2.6728e-10,1.36536138,1.34045366,1.32536293,1.37536293,0.024907719999999856,-0.050000000000000044
2.6828e-10,1.36536138,1.34045366,1.32536293,1.37536293,0.024907719999999856,-0.050000000000000044
2.6928e-10,1.36536138,1.34045366,1.32536293,1.37536293,0.024907719999999856,-0.050000000000000044
2.7028e-10,1.36536138,1.34045366,1.32536293,1.37536293,0.024907719999999856,-0.050000000000000044
2.7128e-10,1.36536138,1.34045366,1.32536293,1.37536293,0.024907719999999856,-0.050000000000000044
2.7228e-10,1.36536138,1.34045366,1.32536293,1.37536293,0.024907719999999856,-0.050000000000000044
2.7328e-10,1.36536138,1.34045366,1.32536293,1.37536293,0.024907719999999856,-0.050000000000000044
2.7428e-10,1.36536138,1.34045366,1.32536293,1.37536293,0.024907719999999856,-0.050000000000000044
2.7528e-10,1.36536138,1.34045366,1.32536293,1.37536293,0.024907719999999856,-0.050000000000000044
2.7628e-10,1.36536138,1.34045366,1.32536293,1.37536293,0.024907719999999856,-0.050000000000000044
2.7728e-10,1.36536138,1.34045366,1.32536293,1.37536293,0.024907719999999856,-0.050000000000000044
2.7828e-10,1.36536138,1.34045366,1.32536293,1.37536293,0.024907719999999856,-0.050000000000000044
2.7928e-10,1.36536138,1.34045366,1.32536293,1.37536293,0.024907719999999856,-0.050000000000000044
2.8028e-10,1.36536138,1.34045366,1.32536293,1.37536293,0.024907719999999856,-0.050000000000000044
2.8128e-10,1.36536138,1.34045366,1.32536293,1.37536293,0.024907719999999856,-0.050000000000000044
2.8228e-10,1.36536138,1.34045366,1.32536293,1.37536293,0.024907719999999856,-0.050000000000000044
2.8328e-10,1.36536138,1.34045366,1.32536293,1.37536293,0.024907719999999856,-0.050000000000000044
2.8428e-10,1.36536138,1.34045366,1.32536293,1.37536293,0.024907719999999856,-0.050000000000000044
2.8528e-10,1.36536138,1.34045366,1.32536293,1.37536293,0.024907719999999856,-0.050000000000000044
2.8628e-10,1.36536138,1.34045366,1.32536293,1.37536293,0.024907719999999856,-0.050000000000000044
2.8728e-10,1.36536138,1.34045366,1.32536293,1.37536293,0.024907719999999856,-0.050000000000000044
2.8828e-10,1.36536138,1.34045366,1.32536293,1.37536293,0.024907719999999856,-0.050000000000000044
2.8928e-10,1.36536138,1.34045366,1.32536293,1.37536293,0.024907719999999856,-0.050000000000000044
2.9028e-10,1.36536138,1.34045366,1.32536293,1.37536293,0.024907719999999856,-0.050000000000000044
2.9128e-10,1.36536138,1.34045366,1.32536293,1.37536293,0.024907719999999856,-0.050000000000000044
2.9228e-10,1.36536138,1.34045366,1.32536293,1.37536293,0.024907719999999856,-0.050000000000000044
2.9328e-10,1.36536138,1.34045366,1.32536293,1.37536293,0.024907719999999856,-0.050000000000000044
2.9428e-10,1.36536138,1.34045366,1.32536293,1.37536293,0.024907719999999856,-0.050000000000000044
2.9528e-10,1.36536138,1.34045366,1.32536293,1.37536293,0.024907719999999856,-0.050000000000000044
2.9628e-10,1.36536138,1.34045366,1.32536293,1.37536293,0.024907719999999856,-0.050000000000000044
2.9728e-10,1.36536138,1.34045366,1.32536293,1.37536293,0.024907719999999856,-0.050000000000000044
2.9828e-10,1.36536138,1.34045366,1.32536293,1.37536293,0.024907719999999856,-0.050000000000000044
2.9928e-10,1.36536138,1.34045366,1.32536293,1.37536293,0.024907719999999856,-0.050000000000000044
3.0028e-10,1.36536138,1.34045366,1.32536293,1.37536293,0.024907719999999856,-0.050000000000000044
3.0128e-10,1.36536138,1.34045366,1.32536293,1.37536293,0.024907719999999856,-0.050000000000000044
3.0228e-10,1.36536138,1.34045366,1.32536293,1.37536293,0.024907719999999856,-0.050000000000000044
3.0328e-10,1.36536138,1.34045366,1.32536293,1.37536293,0.024907719999999856,-0.050000000000000044
3.0428e-10,1.36536138,1.34045366,1.32536293,1.37536293,0.024907719999999856,-0.050000000000000044
3.0528e-10,1.36536138,1.34045366,1.32536293,1.37536293,0.024907719999999856,-0.050000000000000044
3.0628e-10,1.36536138,1.34045366,1.32536293,1.37536293,0.024907719999999856,-0.050000000000000044
3.0728e-10,1.36536138,1.34045366,1.32536293,1.37536293,0.024907719999999856,-0.050000000000000044
3.0828e-10,1.36536138,1.34045366,1.32536293,1.37536293,0.024907719999999856,-0.050000000000000044
3.0928e-10,1.36536138,1.34045366,1.32536293,1.37536293,0.024907719999999856,-0.050000000000000044
3.1028e-10,1.36536138,1.34045366,1.32536293,1.37536293,0.024907719999999856,-0.050000000000000044
3.1128e-10,1.36536138,1.34045366,1.32536293,1.37536293,0.024907719999999856,-0.050000000000000044
3.1228e-10,1.36536138,1.34045366,1.32536293,1.37536293,0.024907719999999856,-0.050000000000000044
3.1328e-10,1.36536138,1.34045366,1.32536293,1.37536293,0.024907719999999856,-0.050000000000000044
3.1428e-10,1.36536138,1.34045366,1.32536293,1.37536293,0.024907719999999856,-0.050000000000000044
3.1528e-10,1.36536138,1.34045366,1.32536293,1.37536293,0.024907719999999856,-0.050000000000000044
3.1628e-10,1.36536138,1.34045366,1.32536293,1.37536293,0.024907719999999856,-0.050000000000000044
3.1728e-10,1.36536138,1.34045366,1.32536293,1.37536293,0.024907719999999856,-0.050000000000000044
3.1828e-10,1.36536138,1.34045366,1.32536293,1.37536293,0.024907719999999856,-0.050000000000000044
3.1928e-10,1.36536138,1.34045366,1.32536293,1.37536293,0.024907719999999856,-0.050000000000000044
3.2028e-10,1.36536138,1.34045366,1.32536293,1.37536293,0.024907719999999856,-0.050000000000000044
3.2128e-10,1.36536138,1.34045366,1.32536293,1.37536293,0.024907719999999856,-0.050000000000000044
3.2228e-10,1.36536138,1.34045366,1.32536293,1.37536293,0.024907719999999856,-0.050000000000000044
3.2328e-10,1.36536138,1.34045366,1.32536293,1.37536293,0.024907719999999856,-0.050000000000000044
3.2428e-10,1.36536138,1.34045366,1.32536293,1.37536293,0.024907719999999856,-0.050000000000000044
3.2528e-10,1.36536138,1.34045366,1.32536293,1.37536293,0.024907719999999856,-0.050000000000000044
3.2628e-10,1.36536138,1.34045366,1.32536293,1.37536293,0.024907719999999856,-0.050000000000000044
3.2728e-10,1.36536138,1.34045366,1.32536293,1.37536293,0.024907719999999856,-0.050000000000000044
3.2828e-10,1.36536138,1.34045366,1.32536293,1.37536293,0.024907719999999856,-0.050000000000000044
3.2928e-10,1.36536138,1.34045366,1.32536293,1.37536293,0.024907719999999856,-0.050000000000000044
3.3028e-10,1.36536138,1.34045366,1.32536293,1.37536293,0.024907719999999856,-0.050000000000000044
3.3128e-10,1.36536138,1.34045366,1.32536293,1.37536293,0.024907719999999856,-0.050000000000000044
3.3228e-10,1.36536138,1.34045366,1.32536293,1.37536293,0.024907719999999856,-0.050000000000000044
3.3328e-10,1.36536138,1.34045366,1.32536293,1.37536293,0.024907719999999856,-0.050000000000000044
3.3428e-10,1.36536138,1.34045366,1.32536293,1.37536293,0.024907719999999856,-0.050000000000000044
3.3528e-10,1.36536138,1.34045366,1.32536293,1.37536293,0.024907719999999856,-0.050000000000000044
3.3628e-10,1.36536138,1.34045366,1.32536293,1.37536293,0.024907719999999856,-0.050000000000000044
3.3728e-10,1.36536138,1.34045366,1.32536293,1.37536293,0.024907719999999856,-0.050000000000000044
3.3828e-10,1.36536138,1.34045366,1.32536293,1.37536293,0.024907719999999856,-0.050000000000000044
3.3928e-10,1.36536138,1.34045366,1.32536293,1.37536293,0.024907719999999856,-0.050000000000000044
3.4028e-10,1.36536138,1.34045366,1.32536293,1.37536293,0.024907719999999856,-0.050000000000000044
3.4128e-10,1.36536138,1.34045366,1.32536293,1.37536293,0.024907719999999856,-0.050000000000000044
3.4228e-10,1.36536138,1.34045366,1.32536293,1.37536293,0.024907719999999856,-0.050000000000000044
3.4328e-10,1.36536138,1.34045366,1.32536293,1.37536293,0.024907719999999856,-0.050000000000000044
3.4428e-10,1.36536138,1.34045366,1.32536293,1.37536293,0.024907719999999856,-0.050000000000000044
3.4528e-10,1.36536138,1.34045366,1.32536293,1.37536293,0.024907719999999856,-0.050000000000000044
3.4628e-10,1.36536138,1.34045366,1.32536293,1.37536293,0.024907719999999856,-0.050000000000000044
3.4728e-10,1.36536138,1.34045366,1.32536293,1.37536293,0.024907719999999856,-0.050000000000000044
3.4828e-10,1.36536138,1.34045366,1.32536293,1.37536293,0.024907719999999856,-0.050000000000000044
3.4928e-10,1.36536138,1.34045366,1.32536293,1.37536293,0.024907719999999856,-0.050000000000000044
3.5028e-10,1.36536138,1.34045366,1.32536293,1.37536293,0.024907719999999856,-0.050000000000000044
3.5128e-10,1.36536138,1.34045366,1.32536293,1.37536293,0.024907719999999856,-0.050000000000000044
3.5228e-10,1.36536138,1.34045366,1.32536293,1.37536293,0.024907719999999856,-0.050000000000000044
3.5328e-10,1.36536138,1.34045366,1.32536293,1.37536293,0.024907719999999856,-0.050000000000000044
3.5428e-10,1.36536138,1.34045366,1.32536293,1.37536293,0.024907719999999856,-0.050000000000000044
3.5528e-10,1.36536138,1.34045366,1.32536293,1.37536293,0.024907719999999856,-0.050000000000000044
3.5628e-10,1.36536138,1.34045366,1.32536293,1.37536293,0.024907719999999856,-0.050000000000000044
3.5728e-10,1.36536138,1.34045366,1.32536293,1.37536293,0.024907719999999856,-0.050000000000000044
3.5828e-10,1.36536138,1.34045366,1.32536293,1.37536293,0.024907719999999856,-0.050000000000000044
3.5928e-10,1.36536138,1.34045366,1.32536293,1.37536293,0.024907719999999856,-0.050000000000000044
3.6028e-10,1.36536138,1.34045366,1.32536293,1.37536293,0.024907719999999856,-0.050000000000000044
3.6128e-10,1.36536138,1.34045366,1.32536293,1.37536293,0.024907719999999856,-0.050000000000000044
3.6228e-10,1.36536138,1.34045366,1.32536293,1.37536293,0.024907719999999856,-0.050000000000000044
3.6328e-10,1.36536138,1.34045366,1.32536293,1.37536293,0.024907719999999856,-0.050000000000000044
3.6428e-10,1.36536138,1.34045366,1.32536293,1.37536293,0.024907719999999856,-0.050000000000000044
3.6528e-10,1.36536138,1.34045366,1.32536293,1.37536293,0.024907719999999856,-0.050000000000000044
3.6628e-10,1.36536138,1.34045366,1.32536293,1.37536293,0.024907719999999856,-0.050000000000000044
3.6728e-10,1.36536138,1.34045366,1.32536293,1.37536293,0.024907719999999856,-0.050000000000000044
3.6828e-10,1.36536138,1.34045366,1.32536293,1.37536293,0.024907719999999856,-0.050000000000000044
3.6928e-10,1.36536138,1.34045366,1.32536293,1.37536293,0.024907719999999856,-0.050000000000000044
3.7028e-10,1.36536138,1.34045366,1.32536293,1.37536293,0.024907719999999856,-0.050000000000000044
3.7128e-10,1.36536138,1.34045366,1.32536293,1.37536293,0.024907719999999856,-0.050000000000000044
3.7228e-10,1.36536138,1.34045366,1.32536293,1.37536293,0.024907719999999856,-0.050000000000000044
3.7328e-10,1.36536138,1.34045366,1.32536293,1.37536293,0.024907719999999856,-0.050000000000000044
3.7428e-10,1.36536138,1.34045366,1.32536293,1.37536293,0.024907719999999856,-0.050000000000000044
3.7528e-10,1.36536138,1.34045366,1.32536293,1.37536293,0.024907719999999856,-0.050000000000000044
3.7628e-10,1.36536138,1.34045366,1.32536293,1.37536293,0.024907719999999856,-0.050000000000000044
3.7728e-10,1.36536138,1.34045366,1.32536293,1.37536293,0.024907719999999856,-0.050000000000000044
3.7828e-10,1.36536138,1.34045366,1.32536293,1.37536293,0.024907719999999856,-0.050000000000000044
3.7928e-10,1.36536138,1.34045366,1.32536293,1.37536293,0.024907719999999856,-0.050000000000000044
3.8028e-10,1.36536138,1.34045366,1.32536293,1.37536293,0.024907719999999856,-0.050000000000000044
3.8128e-10,1.36536138,1.34045366,1.32536293,1.37536293,0.024907719999999856,-0.050000000000000044
3.8228e-10,1.36536138,1.34045366,1.32536293,1.37536293,0.024907719999999856,-0.050000000000000044
3.8328e-10,1.36536138,1.34045366,1.32536293,1.37536293,0.024907719999999856,-0.050000000000000044
3.8428e-10,1.36536138,1.34045366,1.32536293,1.37536293,0.024907719999999856,-0.050000000000000044
3.8528e-10,1.36536138,1.34045366,1.32536293,1.37536293,0.024907719999999856,-0.050000000000000044
3.8628e-10,1.36536138,1.34045366,1.32536293,1.37536293,0.024907719999999856,-0.050000000000000044
3.8728e-10,1.36536138,1.34045366,1.32536293,1.37536293,0.024907719999999856,-0.050000000000000044
3.8828e-10,1.36536138,1.34045366,1.32536293,1.37536293,0.024907719999999856,-0.050000000000000044
3.8928e-10,1.36536138,1.34045366,1.32536293,1.37536293,0.024907719999999856,-0.050000000000000044
3.9028e-10,1.36536138,1.34045366,1.32536293,1.37536293,0.024907719999999856,-0.050000000000000044
3.9128e-10,1.36536138,1.34045366,1.32536293,1.37536293,0.024907719999999856,-0.050000000000000044
3.9228e-10,1.36536138,1.34045366,1.32536293,1.37536293,0.024907719999999856,-0.050000000000000044
3.9328e-10,1.36536138,1.34045366,1.32536293,1.37536293,0.024907719999999856,-0.050000000000000044
3.9428e-10,1.36536138,1.34045366,1.32536293,1.37536293,0.024907719999999856,-0.050000000000000044
3.9528e-10,1.36536138,1.34045366,1.32536293,1.37536293,0.024907719999999856,-0.050000000000000044
3.9628e-10,1.36536138,1.34045366,1.32536293,1.37536293,0.024907719999999856,-0.050000000000000044
3.9728e-10,1.36536138,1.34045366,1.32536293,1.37536293,0.024907719999999856,-0.050000000000000044
3.9828e-10,1.36536138,1.34045366,1.32536293,1.37536293,0.024907719999999856,-0.050000000000000044
3.9928e-10,1.36536138,1.34045366,1.32536293,1.37536293,0.024907719999999856,-0.050000000000000044
4.0028e-10,1.36536138,1.34045366,1.32536293,1.37536293,0.024907719999999856,-0.050000000000000044
4.0128e-10,1.36536138,1.34045366,1.32536293,1.37536293,0.024907719999999856,-0.050000000000000044
4.0228e-10,1.36536138,1.34045366,1.32536293,1.37536293,0.024907719999999856,-0.050000000000000044
4.0328e-10,1.36536138,1.34045366,1.32536293,1.37536293,0.024907719999999856,-0.050000000000000044
4.0428e-10,1.36536138,1.34045366,1.32536293,1.37536293,0.024907719999999856,-0.050000000000000044
4.0528e-10,1.36536138,1.34045366,1.32536293,1.37536293,0.024907719999999856,-0.050000000000000044
4.0628e-10,1.36536138,1.34045366,1.32536293,1.37536293,0.024907719999999856,-0.050000000000000044
4.0728e-10,1.36536138,1.34045366,1.32536293,1.37536293,0.024907719999999856,-0.050000000000000044
4.0828e-10,1.36536138,1.34045366,1.32536293,1.37536293,0.024907719999999856,-0.050000000000000044
4.0928e-10,1.36536138,1.34045366,1.32536293,1.37536293,0.024907719999999856,-0.050000000000000044
4.1028e-10,1.36536138,1.34045366,1.32536293,1.37536293,0.024907719999999856,-0.050000000000000044
4.1128e-10,1.36536138,1.34045366,1.32536293,1.37536293,0.024907719999999856,-0.050000000000000044
4.1228e-10,1.36536138,1.34045366,1.32536293,1.37536293,0.024907719999999856,-0.050000000000000044
4.1328e-10,1.36536138,1.34045366,1.32536293,1.37536293,0.024907719999999856,-0.050000000000000044
4.1428e-10,1.36536138,1.34045366,1.32536293,1.37536293,0.024907719999999856,-0.050000000000000044
4.1528e-10,1.36536138,1.34045366,1.32536293,1.37536293,0.024907719999999856,-0.050000000000000044
4.1628e-10,1.36536138,1.34045366,1.32536293,1.37536293,0.024907719999999856,-0.050000000000000044
4.1728e-10,1.36536138,1.34045366,1.32536293,1.37536293,0.024907719999999856,-0.050000000000000044
4.1828e-10,1.36536138,1.34045366,1.32536293,1.37536293,0.024907719999999856,-0.050000000000000044
4.1928e-10,1.36536138,1.34045366,1.32536293,1.37536293,0.024907719999999856,-0.050000000000000044
4.2028e-10,1.36536138,1.34045366,1.32536293,1.37536293,0.024907719999999856,-0.050000000000000044
4.2128e-10,1.36536138,1.34045366,1.32536293,1.37536293,0.024907719999999856,-0.050000000000000044
4.2228e-10,1.36536138,1.34045366,1.32536293,1.37536293,0.024907719999999856,-0.050000000000000044
4.2328e-10,1.36536138,1.34045366,1.32536293,1.37536293,0.024907719999999856,-0.050000000000000044
4.2428e-10,1.36536138,1.34045366,1.32536293,1.37536293,0.024907719999999856,-0.050000000000000044
4.2528e-10,1.36536138,1.34045366,1.32536293,1.37536293,0.024907719999999856,-0.050000000000000044
4.2628e-10,1.36536138,1.34045366,1.32536293,1.37536293,0.024907719999999856,-0.050000000000000044
4.2728e-10,1.36536138,1.34045366,1.32536293,1.37536293,0.024907719999999856,-0.050000000000000044
4.2828e-10,1.36536138,1.34045366,1.32536293,1.37536293,0.024907719999999856,-0.050000000000000044
4.2928e-10,1.36536138,1.34045366,1.32536293,1.37536293,0.024907719999999856,-0.050000000000000044
4.3028e-10,1.36536138,1.34045366,1.32536293,1.37536293,0.024907719999999856,-0.050000000000000044
4.3128e-10,1.36536138,1.34045366,1.32536293,1.37536293,0.024907719999999856,-0.050000000000000044
4.3228e-10,1.36536138,1.34045366,1.32536293,1.37536293,0.024907719999999856,-0.050000000000000044
4.3328e-10,1.36536138,1.34045366,1.32536293,1.37536293,0.024907719999999856,-0.050000000000000044
4.3428e-10,1.36536138,1.34045366,1.32536293,1.37536293,0.024907719999999856,-0.050000000000000044
4.3528e-10,1.36536138,1.34045366,1.32536293,1.37536293,0.024907719999999856,-0.050000000000000044
4.3628e-10,1.36536138,1.34045366,1.32536293,1.37536293,0.024907719999999856,-0.050000000000000044
4.3728e-10,1.36536138,1.34045366,1.32536293,1.37536293,0.024907719999999856,-0.050000000000000044
4.3828e-10,1.36536138,1.34045366,1.32536293,1.37536293,0.024907719999999856,-0.050000000000000044
4.3928e-10,1.36536138,1.34045366,1.32536293,1.37536293,0.024907719999999856,-0.050000000000000044
4.4028e-10,1.36536138,1.34045366,1.32536293,1.37536293,0.024907719999999856,-0.050000000000000044
4.4128e-10,1.36536138,1.34045366,1.32536293,1.37536293,0.024907719999999856,-0.050000000000000044
4.4228e-10,1.36536138,1.34045366,1.32536293,1.37536293,0.024907719999999856,-0.050000000000000044
4.4328e-10,1.36536138,1.34045366,1.32536293,1.37536293,0.024907719999999856,-0.050000000000000044
4.4428e-10,1.36536138,1.34045366,1.32536293,1.37536293,0.024907719999999856,-0.050000000000000044
4.4528e-10,1.36536138,1.34045366,1.32536293,1.37536293,0.024907719999999856,-0.050000000000000044
4.4628e-10,1.36536138,1.34045366,1.32536293,1.37536293,0.024907719999999856,-0.050000000000000044
4.4728e-10,1.36536138,1.34045367,1.32536293,1.37536293,0.024907709999999916,-0.050000000000000044
4.4828e-10,1.36536138,1.34045367,1.32536293,1.37536293,0.024907709999999916,-0.050000000000000044
4.4928e-10,1.36536138,1.34045367,1.32536293,1.37536293,0.024907709999999916,-0.050000000000000044
4.5028e-10,1.36536138,1.34045367,1.32536293,1.37536293,0.024907709999999916,-0.050000000000000044
4.5128e-10,1.36536138,1.34045367,1.32536293,1.37536293,0.024907709999999916,-0.050000000000000044
4.5228e-10,1.36536138,1.34045367,1.32536293,1.37536293,0.024907709999999916,-0.050000000000000044
4.5328e-10,1.36536138,1.34045367,1.32536293,1.37536293,0.024907709999999916,-0.050000000000000044
4.5428e-10,1.36536138,1.34045367,1.32536293,1.37536293,0.024907709999999916,-0.050000000000000044
4.5528e-10,1.36536138,1.34045367,1.32536293,1.37536293,0.024907709999999916,-0.050000000000000044
4.5628e-10,1.36536138,1.34045367,1.32536293,1.37536293,0.024907709999999916,-0.050000000000000044
4.5728e-10,1.36536138,1.34045367,1.32536293,1.37536293,0.024907709999999916,-0.050000000000000044
4.5828e-10,1.36536138,1.34045367,1.32536293,1.37536293,0.024907709999999916,-0.050000000000000044
4.5928e-10,1.36536138,1.34045367,1.32536293,1.37536293,0.024907709999999916,-0.050000000000000044
4.6028e-10,1.36536138,1.34045367,1.32536293,1.37536293,0.024907709999999916,-0.050000000000000044
4.6128e-10,1.36536138,1.34045367,1.32536293,1.37536293,0.024907709999999916,-0.050000000000000044
4.6228e-10,1.36536138,1.34045367,1.32536293,1.37536293,0.024907709999999916,-0.050000000000000044
4.6328e-10,1.36536138,1.34045367,1.32536293,1.37536293,0.024907709999999916,-0.050000000000000044
4.6428e-10,1.36536138,1.34045367,1.32536293,1.37536293,0.024907709999999916,-0.050000000000000044
4.6528e-10,1.36536138,1.34045367,1.32536293,1.37536293,0.024907709999999916,-0.050000000000000044
4.6628e-10,1.36536138,1.34045367,1.32536293,1.37536293,0.024907709999999916,-0.050000000000000044
4.6728e-10,1.36536138,1.34045367,1.32536293,1.37536293,0.024907709999999916,-0.050000000000000044
4.6828e-10,1.36536138,1.34045367,1.32536293,1.37536293,0.024907709999999916,-0.050000000000000044
4.6928e-10,1.36536138,1.34045367,1.32536293,1.37536293,0.024907709999999916,-0.050000000000000044
4.7028e-10,1.36536138,1.34045367,1.32536293,1.37536293,0.024907709999999916,-0.050000000000000044
4.7128e-10,1.36536138,1.34045367,1.32536293,1.37536293,0.024907709999999916,-0.050000000000000044
4.7228e-10,1.36536138,1.34045367,1.32536293,1.37536293,0.024907709999999916,-0.050000000000000044
4.7328e-10,1.36536138,1.34045367,1.32536293,1.37536293,0.024907709999999916,-0.050000000000000044
4.7428e-10,1.36536138,1.34045367,1.32536293,1.37536293,0.024907709999999916,-0.050000000000000044
4.7528e-10,1.36536138,1.34045367,1.32536293,1.37536293,0.024907709999999916,-0.050000000000000044
4.7628e-10,1.36536138,1.34045367,1.32536293,1.37536293,0.024907709999999916,-0.050000000000000044
4.7728e-10,1.36536138,1.34045367,1.32536293,1.37536293,0.024907709999999916,-0.050000000000000044
4.7828e-10,1.36536138,1.34045367,1.32536293,1.37536293,0.024907709999999916,-0.050000000000000044
4.7928e-10,1.36536138,1.34045367,1.32536293,1.37536293,0.024907709999999916,-0.050000000000000044
4.8028e-10,1.36536138,1.34045367,1.32536293,1.37536293,0.024907709999999916,-0.050000000000000044
4.8128e-10,1.36536138,1.34045367,1.32536293,1.37536293,0.024907709999999916,-0.050000000000000044
4.8228e-10,1.36536138,1.34045367,1.32536293,1.37536293,0.024907709999999916,-0.050000000000000044
4.8328e-10,1.36536138,1.34045367,1.32536293,1.37536293,0.024907709999999916,-0.050000000000000044
4.8428e-10,1.36536138,1.34045367,1.32536293,1.37536293,0.024907709999999916,-0.050000000000000044
4.8528e-10,1.36536138,1.34045367,1.32536293,1.37536293,0.024907709999999916,-0.050000000000000044
4.8628e-10,1.36536138,1.34045367,1.32536293,1.37536293,0.024907709999999916,-0.050000000000000044
4.8728e-10,1.36536138,1.34045367,1.32536293,1.37536293,0.024907709999999916,-0.050000000000000044
4.8828e-10,1.36536138,1.34045367,1.32536293,1.37536293,0.024907709999999916,-0.050000000000000044
4.8928e-10,1.36536138,1.34045367,1.32536293,1.37536293,0.024907709999999916,-0.050000000000000044
4.9028e-10,1.36536138,1.34045367,1.32536293,1.37536293,0.024907709999999916,-0.050000000000000044
4.9128e-10,1.36536138,1.34045367,1.32536293,1.37536293,0.024907709999999916,-0.050000000000000044
4.9228e-10,1.36536138,1.34045367,1.32536293,1.37536293,0.024907709999999916,-0.050000000000000044
4.9328e-10,1.36536138,1.34045367,1.32536293,1.37536293,0.024907709999999916,-0.050000000000000044
4.9428e-10,1.36536138,1.34045367,1.32536293,1.37536293,0.024907709999999916,-0.050000000000000044
4.9528e-10,1.36536138,1.34045367,1.32536293,1.37536293,0.024907709999999916,-0.050000000000000044
4.9628e-10,1.36536138,1.34045367,1.32536293,1.37536293,0.024907709999999916,-0.050000000000000044
4.9728e-10,1.36536138,1.34045367,1.32536293,1.37536293,0.024907709999999916,-0.050000000000000044
4.9828e-10,1.36536138,1.34045367,1.32536293,1.37536293,0.024907709999999916,-0.050000000000000044
4.9928e-10,1.36536138,1.34045367,1.32536293,1.37536293,0.024907709999999916,-0.050000000000000044
5.0028e-10,1.36536138,1.34045367,1.32536293,1.37536293,0.024907709999999916,-0.050000000000000044
5.0128e-10,1.36536138,1.34045367,1.32536293,1.37536293,0.024907709999999916,-0.050000000000000044
5.0228e-10,1.36536138,1.34045367,1.32536293,1.37536293,0.024907709999999916,-0.050000000000000044
5.0328e-10,1.36536138,1.34045367,1.32536293,1.37536293,0.024907709999999916,-0.050000000000000044
5.0428e-10,1.36536138,1.34045367,1.32536293,1.37536293,0.024907709999999916,-0.050000000000000044
5.0528e-10,1.36536138,1.34045367,1.32536293,1.37536293,0.024907709999999916,-0.050000000000000044
5.0628e-10,1.36536138,1.34045367,1.32536293,1.37536293,0.024907709999999916,-0.050000000000000044
5.0728e-10,1.36536138,1.34045367,1.32536293,1.37536293,0.024907709999999916,-0.050000000000000044
5.0828e-10,1.36536138,1.34045367,1.32536293,1.37536293,0.024907709999999916,-0.050000000000000044
5.0928e-10,1.36536138,1.34045367,1.32536293,1.37536293,0.024907709999999916,-0.050000000000000044
5.1028e-10,1.36536138,1.34045367,1.32536293,1.37536293,0.024907709999999916,-0.050000000000000044
5.1128e-10,1.36536138,1.34045367,1.32536293,1.37536293,0.024907709999999916,-0.050000000000000044
5.1228e-10,1.36536138,1.34045367,1.32536293,1.37536293,0.024907709999999916,-0.050000000000000044
5.1328e-10,1.36536138,1.34045367,1.32536293,1.37536293,0.024907709999999916,-0.050000000000000044
5.1428e-10,1.36536138,1.34045367,1.32536293,1.37536293,0.024907709999999916,-0.050000000000000044
5.1528e-10,1.36536138,1.34045367,1.32536293,1.37536293,0.024907709999999916,-0.050000000000000044
5.1628e-10,1.36536138,1.34045367,1.32536293,1.37536293,0.024907709999999916,-0.050000000000000044
5.1728e-10,1.36536138,1.34045367,1.32536293,1.37536293,0.024907709999999916,-0.050000000000000044
5.1828e-10,1.36536138,1.34045367,1.32536293,1.37536293,0.024907709999999916,-0.050000000000000044
5.1928e-10,1.36536138,1.34045367,1.32536293,1.37536293,0.024907709999999916,-0.050000000000000044
5.2028e-10,1.36536138,1.34045367,1.32536293,1.37536293,0.024907709999999916,-0.050000000000000044
5.2128e-10,1.36536138,1.34045367,1.32536293,1.37536293,0.024907709999999916,-0.050000000000000044
5.2228e-10,1.36536138,1.34045367,1.32536293,1.37536293,0.024907709999999916,-0.050000000000000044
5.2328e-10,1.36536138,1.34045367,1.32536293,1.37536293,0.024907709999999916,-0.050000000000000044
5.2428e-10,1.36536138,1.34045367,1.32536293,1.37536293,0.024907709999999916,-0.050000000000000044
5.2528e-10,1.36536138,1.34045367,1.32536293,1.37536293,0.024907709999999916,-0.050000000000000044
5.2628e-10,1.36536138,1.34045367,1.32536293,1.37536293,0.024907709999999916,-0.050000000000000044
5.2728e-10,1.36536138,1.34045367,1.32536293,1.37536293,0.024907709999999916,-0.050000000000000044
5.2828e-10,1.36536138,1.34045367,1.32536293,1.37536293,0.024907709999999916,-0.050000000000000044
5.2928e-10,1.36536138,1.34045367,1.32536293,1.37536293,0.024907709999999916,-0.050000000000000044
5.3028e-10,1.36536138,1.34045367,1.32536293,1.37536293,0.024907709999999916,-0.050000000000000044
5.3128e-10,1.36536138,1.34045367,1.32536293,1.37536293,0.024907709999999916,-0.050000000000000044
5.3228e-10,1.36536138,1.34045367,1.32536293,1.37536293,0.024907709999999916,-0.050000000000000044
5.3328e-10,1.36536138,1.34045367,1.32536293,1.37536293,0.024907709999999916,-0.050000000000000044
5.3428e-10,1.36536138,1.34045367,1.32536293,1.37536293,0.024907709999999916,-0.050000000000000044
5.3528e-10,1.36536138,1.34045367,1.32536293,1.37536293,0.024907709999999916,-0.050000000000000044
5.3628e-10,1.36536138,1.34045367,1.32536293,1.37536293,0.024907709999999916,-0.050000000000000044
5.3728e-10,1.36536138,1.34045367,1.32536293,1.37536293,0.024907709999999916,-0.050000000000000044
5.3828e-10,1.36536138,1.34045367,1.32536293,1.37536293,0.024907709999999916,-0.050000000000000044
5.3928e-10,1.36536138,1.34045367,1.32536293,1.37536293,0.024907709999999916,-0.050000000000000044
5.4028e-10,1.36536138,1.34045367,1.32536293,1.37536293,0.024907709999999916,-0.050000000000000044
5.4128e-10,1.36536138,1.34045367,1.32536293,1.37536293,0.024907709999999916,-0.050000000000000044
5.4228e-10,1.36536138,1.34045367,1.32536293,1.37536293,0.024907709999999916,-0.050000000000000044
5.4328e-10,1.36536138,1.34045367,1.32536293,1.37536293,0.024907709999999916,-0.050000000000000044
5.4428e-10,1.36536138,1.34045367,1.32536293,1.37536293,0.024907709999999916,-0.050000000000000044
5.4528e-10,1.36536138,1.34045367,1.32536293,1.37536293,0.024907709999999916,-0.050000000000000044
5.4628e-10,1.36536138,1.34045367,1.32536293,1.37536293,0.024907709999999916,-0.050000000000000044
5.4728e-10,1.36536138,1.34045367,1.32536293,1.37536293,0.024907709999999916,-0.050000000000000044
5.4828e-10,1.36536138,1.34045367,1.32536293,1.37536293,0.024907709999999916,-0.050000000000000044
5.4928e-10,1.36536138,1.34045367,1.32536293,1.37536293,0.024907709999999916,-0.050000000000000044
5.5028e-10,1.36536138,1.34045367,1.32536293,1.37536293,0.024907709999999916,-0.050000000000000044
5.5128e-10,1.36536138,1.34045367,1.32536293,1.37536293,0.024907709999999916,-0.050000000000000044
5.5228e-10,1.36536138,1.34045367,1.32536293,1.37536293,0.024907709999999916,-0.050000000000000044
5.5328e-10,1.36536138,1.34045367,1.32536293,1.37536293,0.024907709999999916,-0.050000000000000044
5.5428e-10,1.36536138,1.34045367,1.32536293,1.37536293,0.024907709999999916,-0.050000000000000044
5.5528e-10,1.36536138,1.34045367,1.32536293,1.37536293,0.024907709999999916,-0.050000000000000044
5.5628e-10,1.36536138,1.34045367,1.32536293,1.37536293,0.024907709999999916,-0.050000000000000044
5.5728e-10,1.36536138,1.34045367,1.32536293,1.37536293,0.024907709999999916,-0.050000000000000044
5.5828e-10,1.36536138,1.34045367,1.32536293,1.37536293,0.024907709999999916,-0.050000000000000044
5.5928e-10,1.36536138,1.34045367,1.32536293,1.37536293,0.024907709999999916,-0.050000000000000044
5.6028e-10,1.36536138,1.34045367,1.32536293,1.37536293,0.024907709999999916,-0.050000000000000044
5.6128e-10,1.36536138,1.34045367,1.32536293,1.37536293,0.024907709999999916,-0.050000000000000044
5.6228e-10,1.36536138,1.34045367,1.32536293,1.37536293,0.024907709999999916,-0.050000000000000044
5.6328e-10,1.36536138,1.34045367,1.32536293,1.37536293,0.024907709999999916,-0.050000000000000044
5.6428e-10,1.36536138,1.34045367,1.32536293,1.37536293,0.024907709999999916,-0.050000000000000044
5.6528e-10,1.36536138,1.34045367,1.32536293,1.37536293,0.024907709999999916,-0.050000000000000044
5.6628e-10,1.36536138,1.34045367,1.32536293,1.37536293,0.024907709999999916,-0.050000000000000044
5.6728e-10,1.36536138,1.34045367,1.32536293,1.37536293,0.024907709999999916,-0.050000000000000044
5.6828e-10,1.36536138,1.34045367,1.32536293,1.37536293,0.024907709999999916,-0.050000000000000044
5.6928e-10,1.36536138,1.34045367,1.32536293,1.37536293,0.024907709999999916,-0.050000000000000044
5.7028e-10,1.36536138,1.34045367,1.32536293,1.37536293,0.024907709999999916,-0.050000000000000044
5.7128e-10,1.36536138,1.34045367,1.32536293,1.37536293,0.024907709999999916,-0.050000000000000044
5.714286e-10,1.36536138,1.34045367,1.32536293,1.37536293,0.024907709999999916,-0.050000000000000044
5.715286e-10,1.36537896,1.34043688,1.32647404,1.37425182,0.024942079999999978,-0.0477777800000001
5.717286e-10,1.36542028,1.34040092,1.32869626,1.3720296,0.025019359999999935,-0.04333334
5.721286e-10,1.36550359,1.3403725,1.33314071,1.36758515,0.025131090000000134,-0.03444444000000013
5.729286e-10,1.36549219,1.34076989,1.3420296,1.35869626,0.024722300000000086,-0.016666660000000055
5.739286e-10,1.36493671,1.34225322,1.35314071,1.34758515,0.02268349000000014,0.005555559999999904
5.749286e-10,1.36360334,1.34463655,1.36425182,1.33647404,0.018966790000000122,0.027777780000000085
5.759286e-10,1.36134249,1.34755455,1.37536293,1.32536293,0.013787940000000054,0.050000000000000044
5.760286e-10,1.36103917,1.34788283,1.37536293,1.32536293,0.013156339999999878,0.050000000000000044
5.762286e-10,1.36040843,1.34854756,1.37536293,1.32536293,0.011860869999999801,0.050000000000000044
5.766286e-10,1.35905989,1.34988367,1.37536293,1.32536293,0.009176219999999846,0.050000000000000044
5.774286e-10,1.35634285,1.35238342,1.37536293,1.32536293,0.003959430000000097,0.050000000000000044
5.784286e-10,1.35327597,1.35502879,1.37536293,1.32536293,-0.0017528199999998773,0.050000000000000044
5.794286e-10,1.35075216,1.35712219,1.37536293,1.32536293,-0.0063700299999998045,0.050000000000000044
5.804286e-10,1.34877158,1.3587381,1.37536293,1.32536293,-0.00996652000000009,0.050000000000000044
5.814286e-10,1.3472525,1.359982,1.37536293,1.32536293,-0.01272950000000006,0.050000000000000044
5.824286e-10,1.34608056,1.36095625,1.37536293,1.32536293,-0.014875689999999997,0.050000000000000044
5.834286e-10,1.34515148,1.36173687,1.37536293,1.32536293,-0.016585390000000144,0.050000000000000044
5.844286e-10,1.34439551,1.36236936,1.37536293,1.32536293,-0.017973849999999958,0.050000000000000044
5.854286e-10,1.34377566,1.3628791,1.37536293,1.32536293,-0.019103440000000083,0.050000000000000044
5.864286e-10,1.3432731,1.36328368,1.37536293,1.32536293,-0.02001058000000011,0.050000000000000044
5.874286e-10,1.34287299,1.36360033,1.37536293,1.32536293,-0.020727339999999872,0.050000000000000044
5.884286e-10,1.34255845,1.36384693,1.37536293,1.32536293,-0.021288479999999943,0.050000000000000044
5.892857e-10,1.34234328,1.36401494,1.37536293,1.32536293,-0.02167165999999998,0.050000000000000044
5.893857e-10,1.34230447,1.36404973,1.37425182,1.32647404,-0.0217452600000001,0.0477777800000001
5.895857e-10,1.34222533,1.36412452,1.3720296,1.32869626,-0.02189919000000007,0.04333334
5.899857e-10,1.34211498,1.36426819,1.36758515,1.33314071,-0.022153209999999923,0.03444444000000013
5.907857e-10,1.34235831,1.36434497,1.35869626,1.3420296,-0.021986660000000047,0.016666660000000055
5.917857e-10,1.34365589,1.36383195,1.34758515,1.35314071,-0.02017606000000005,-0.005555559999999904
5.927857e-10,1.34585493,1.36246558,1.33647404,1.36425182,-0.01661065000000006,-0.027777780000000085
5.937857e-10,1.34859136,1.36010377,1.32536293,1.37536293,-0.01151241000000014,-0.050000000000000044
5.938857e-10,1.34890176,1.35978668,1.32536293,1.37536293,-0.010884920000000076,-0.050000000000000044
5.940857e-10,1.34953098,1.35912753,1.32536293,1.37536293,-0.009596550000000148,-0.050000000000000044
5.944857e-10,1.35079824,1.35771886,1.32536293,1.37536293,-0.006920620000000044,-0.050000000000000044
5.952857e-10,1.35317359,1.35488157,1.32536293,1.37536293,-0.0017079800000001644,-0.050000000000000044
5.962857e-10,1.35569234,1.35168388,1.32536293,1.37536293,0.0040084600000001025,-0.050000000000000044
5.972857e-10,1.35768999,1.3490618,1.32536293,1.37536293,0.008628189999999814,-0.050000000000000044
5.982857e-10,1.35923586,1.347015,1.32536293,1.37536293,0.01222086,-0.050000000000000044
5.992857e-10,1.36042949,1.34545581,1.32536293,1.37536293,0.01497367999999999,-0.050000000000000044
6.002857e-10,1.36136785,1.34426253,1.32536293,1.37536293,0.01710531999999998,-0.050000000000000044
6.012857e-10,1.36212294,1.34332476,1.32536293,1.37536293,0.018798179999999887,-0.050000000000000044
6.022857e-10,1.36273762,1.3425688,1.32536293,1.37536293,0.020168820000000087,-0.050000000000000044
6.032857e-10,1.36323565,1.3419556,1.32536293,1.37536293,0.021280050000000106,-0.050000000000000044
6.042857e-10,1.36363346,1.34146522,1.32536293,1.37536293,0.02216824000000006,-0.050000000000000044
6.052857e-10,1.36394728,1.34108189,1.32536293,1.37536293,0.022865389999999985,-0.050000000000000044
6.062857e-10,1.36419406,1.34078769,1.32536293,1.37536293,0.02340637000000001,-0.050000000000000044
6.072857e-10,1.36438954,1.34056316,1.32536293,1.37536293,0.023826379999999814,-0.050000000000000044
6.082857e-10,1.36454615,1.34039088,1.32536293,1.37536293,0.024155270000000062,-0.050000000000000044
6.092857e-10,1.3646727,1.3402577,1.32536293,1.37536293,0.024415000000000076,-0.050000000000000044
6.102857e-10,1.36477509,1.34015491,1.32536293,1.37536293,0.02462017999999988,-0.050000000000000044
6.112857e-10,1.36485768,1.34007674,1.32536293,1.37536293,0.024780940000000085,-0.050000000000000044
6.122857e-10,1.36492405,1.34001887,1.32536293,1.37536293,0.02490517999999997,-0.050000000000000044
6.132857e-10,1.36497745,1.33997746,1.32536293,1.37536293,0.024999989999999972,-0.050000000000000044
6.142857e-10,1.36502064,1.33994901,1.32536293,1.37536293,0.02507163000000001,-0.050000000000000044
6.152857e-10,1.36505591,1.33993047,1.32536293,1.37536293,0.025125439999999832,-0.050000000000000044
6.162857e-10,1.36508495,1.33991947,1.32536293,1.37536293,0.025165480000000073,-0.050000000000000044
6.172857e-10,1.36510905,1.33991422,1.32536293,1.37536293,0.02519483,-0.050000000000000044
6.182857e-10,1.36512913,1.33991349,1.32536293,1.37536293,0.025215639999999873,-0.050000000000000044
6.192857e-10,1.36514598,1.33991628,1.32536293,1.37536293,0.025229700000000133,-0.050000000000000044
6.202857e-10,1.3651602,1.33992183,1.32536293,1.37536293,0.025238370000000065,-0.050000000000000044
6.212857e-10,1.36517234,1.33992945,1.32536293,1.37536293,0.025242889999999907,-0.050000000000000044
6.222857e-10,1.36518282,1.33993861,1.32536293,1.37536293,0.0252442100000001,-0.050000000000000044
6.232857e-10,1.36519197,1.33994887,1.32536293,1.37536293,0.025243099999999963,-0.050000000000000044
6.242857e-10,1.36520003,1.3399599,1.32536293,1.37536293,0.025240130000000027,-0.050000000000000044
6.252857e-10,1.36520722,1.33997145,1.32536293,1.37536293,0.0252357700000001,-0.050000000000000044
6.262857e-10,1.36521368,1.33998333,1.32536293,1.37536293,0.02523035000000018,-0.050000000000000044
6.272857e-10,1.36521956,1.33999539,1.32536293,1.37536293,0.025224170000000212,-0.050000000000000044
6.282857e-10,1.36522493,1.34000751,1.32536293,1.37536293,0.025217419999999935,-0.050000000000000044
6.292857e-10,1.36522989,1.3400196,1.32536293,1.37536293,0.02521028999999997,-0.050000000000000044
6.302857e-10,1.3652345,1.34003159,1.32536293,1.37536293,0.025202909999999967,-0.050000000000000044
6.312857e-10,1.36523883,1.34004342,1.32536293,1.37536293,0.02519541000000003,-0.050000000000000044
6.322857e-10,1.36524289,1.34005506,1.32536293,1.37536293,0.02518782999999991,-0.050000000000000044
6.332857e-10,1.36524674,1.34006647,1.32536293,1.37536293,0.025180269999999894,-0.050000000000000044
6.342857e-10,1.36525039,1.34007764,1.32536293,1.37536293,0.025172749999999855,-0.050000000000000044
6.352857e-10,1.36525388,1.34008854,1.32536293,1.37536293,0.025165340000000036,-0.050000000000000044
6.362857e-10,1.36525721,1.34009919,1.32536293,1.37536293,0.025158019999999892,-0.050000000000000044
6.372857e-10,1.3652604,1.34010955,1.32536293,1.37536293,0.025150849999999947,-0.050000000000000044
6.382857e-10,1.36526347,1.34011964,1.32536293,1.37536293,0.025143829999999978,-0.050000000000000044
6.392857e-10,1.36526642,1.34012946,1.32536293,1.37536293,0.025136959999999986,-0.050000000000000044
6.402857e-10,1.36526926,1.340139,1.32536293,1.37536293,0.02513026000000007,-0.050000000000000044
6.412857e-10,1.365272,1.34014827,1.32536293,1.37536293,0.02512373000000001,-0.050000000000000044
6.422857e-10,1.36527464,1.34015727,1.32536293,1.37536293,0.025117370000000028,-0.050000000000000044
6.432857e-10,1.3652772,1.34016602,1.32536293,1.37536293,0.0251111799999999,-0.050000000000000044
6.442857e-10,1.36527967,1.3401745,1.32536293,1.37536293,0.02510517000000001,-0.050000000000000044
6.452857e-10,1.36528207,1.34018274,1.32536293,1.37536293,0.025099329999999975,-0.050000000000000044
6.462857e-10,1.36528438,1.34019073,1.32536293,1.37536293,0.02509365000000008,-0.050000000000000044
6.472857e-10,1.36528662,1.34019849,1.32536293,1.37536293,0.025088130000000097,-0.050000000000000044
6.482857e-10,1.36528879,1.34020601,1.32536293,1.37536293,0.02508277999999997,-0.050000000000000044
6.492857e-10,1.36529089,1.34021331,1.32536293,1.37536293,0.025077580000000044,-0.050000000000000044
6.502857e-10,1.36529293,1.3402204,1.32536293,1.37536293,0.025072530000000093,-0.050000000000000044
6.512857e-10,1.3652949,1.34022726,1.32536293,1.37536293,0.025067640000000058,-0.050000000000000044
6.522857e-10,1.36529681,1.34023393,1.32536293,1.37536293,0.02506288000000012,-0.050000000000000044
6.532857e-10,1.36529867,1.34024039,1.32536293,1.37536293,0.0250582800000001,-0.050000000000000044
6.542857e-10,1.36530046,1.34024666,1.32536293,1.37536293,0.025053800000000015,-0.050000000000000044
6.552857e-10,1.36530221,1.34025274,1.32536293,1.37536293,0.02504947000000013,-0.050000000000000044
6.562857e-10,1.36530389,1.34025864,1.32536293,1.37536293,0.02504525000000002,-0.050000000000000044
6.572857e-10,1.36530553,1.34026436,1.32536293,1.37536293,0.025041170000000168,-0.050000000000000044
6.582857e-10,1.36530712,1.34026991,1.32536293,1.37536293,0.025037210000000032,-0.050000000000000044
6.592857e-10,1.36530866,1.34027529,1.32536293,1.37536293,0.025033370000000055,-0.050000000000000044
6.602857e-10,1.36531015,1.34028052,1.32536293,1.37536293,0.025029629999999914,-0.050000000000000044
6.612857e-10,1.3653116,1.34028558,1.32536293,1.37536293,0.025026020000000093,-0.050000000000000044
6.622857e-10,1.36531301,1.3402905,1.32536293,1.37536293,0.025022509999999887,-0.050000000000000044
6.632857e-10,1.36531437,1.34029526,1.32536293,1.37536293,0.025019110000000122,-0.050000000000000044
6.642857e-10,1.36531569,1.34029988,1.32536293,1.37536293,0.02501580999999997,-0.050000000000000044
6.652857e-10,1.36531697,1.34030437,1.32536293,1.37536293,0.025012600000000162,-0.050000000000000044
6.662857e-10,1.36531822,1.34030872,1.32536293,1.37536293,0.02500950000000013,-0.050000000000000044
6.672857e-10,1.36531942,1.34031294,1.32536293,1.37536293,0.025006480000000053,-0.050000000000000044
6.682857e-10,1.36532059,1.34031703,1.32536293,1.37536293,0.025003560000000036,-0.050000000000000044
6.692857e-10,1.36532173,1.340321,1.32536293,1.37536293,0.025000729999999916,-0.050000000000000044
6.702857e-10,1.36532283,1.34032486,1.32536293,1.37536293,0.024997970000000036,-0.050000000000000044
6.712857e-10,1.3653239,1.3403286,1.32536293,1.37536293,0.02499529999999983,-0.050000000000000044
6.722857e-10,1.36532494,1.34033222,1.32536293,1.37536293,0.02499271999999997,-0.050000000000000044
6.732857e-10,1.36532594,1.34033574,1.32536293,1.37536293,0.024990199999999962,-0.050000000000000044
6.742857e-10,1.36532692,1.34033916,1.32536293,1.37536293,0.024987759999999914,-0.050000000000000044
6.752857e-10,1.36532787,1.34034247,1.32536293,1.37536293,0.024985400000000046,-0.050000000000000044
6.762857e-10,1.36532879,1.34034568,1.32536293,1.37536293,0.024983109999999975,-0.050000000000000044
6.772857e-10,1.36532968,1.3403488,1.32536293,1.37536293,0.024980880000000205,-0.050000000000000044
6.782857e-10,1.36533054,1.34035182,1.32536293,1.37536293,0.02497872000000001,-0.050000000000000044
6.792857e-10,1.36533138,1.34035476,1.32536293,1.37536293,0.024976619999999894,-0.050000000000000044
6.802857e-10,1.3653322,1.34035761,1.32536293,1.37536293,0.02497459000000002,-0.050000000000000044
6.812857e-10,1.36533299,1.34036037,1.32536293,1.37536293,0.02497262,-0.050000000000000044
6.822857e-10,1.36533376,1.34036305,1.32536293,1.37536293,0.024970710000000063,-0.050000000000000044
6.832857e-10,1.3653345,1.34036566,1.32536293,1.37536293,0.02496883999999988,-0.050000000000000044
6.842857e-10,1.36533523,1.34036818,1.32536293,1.37536293,0.02496704999999988,-0.050000000000000044
6.852857e-10,1.36533593,1.34037063,1.32536293,1.37536293,0.02496530000000008,-0.050000000000000044
6.862857e-10,1.36533661,1.34037301,1.32536293,1.37536293,0.024963599999999975,-0.050000000000000044
6.872857e-10,1.36533727,1.34037532,1.32536293,1.37536293,0.02496195000000001,-0.050000000000000044
6.882857e-10,1.36533791,1.34037756,1.32536293,1.37536293,0.024960349999999965,-0.050000000000000044
6.892857e-10,1.36533854,1.34037973,1.32536293,1.37536293,0.024958809999999998,-0.050000000000000044
6.902857e-10,1.36533914,1.34038184,1.32536293,1.37536293,0.02495729999999985,-0.050000000000000044
6.912857e-10,1.36533973,1.34038389,1.32536293,1.37536293,0.024955840000000062,-0.050000000000000044
6.922857e-10,1.3653403,1.34038588,1.32536293,1.37536293,0.024954420000000033,-0.050000000000000044
6.932857e-10,1.36534085,1.34038781,1.32536293,1.37536293,0.024953039999999982,-0.050000000000000044
6.942857e-10,1.36534139,1.34038968,1.32536293,1.37536293,0.02495171000000007,-0.050000000000000044
6.952857e-10,1.36534191,1.3403915,1.32536293,1.37536293,0.02495040999999998,-0.050000000000000044
6.962857e-10,1.36534242,1.34039326,1.32536293,1.37536293,0.024949160000000026,-0.050000000000000044
6.972857e-10,1.36534291,1.34039497,1.32536293,1.37536293,0.024947940000000113,-0.050000000000000044
6.982857e-10,1.36534339,1.34039663,1.32536293,1.37536293,0.024946759999999957,-0.050000000000000044
6.992857e-10,1.36534385,1.34039825,1.32536293,1.37536293,0.0249455999999999,-0.050000000000000044
7.002857e-10,1.3653443,1.34039981,1.32536293,1.37536293,0.024944489999999986,-0.050000000000000044
7.012857e-10,1.36534474,1.34040133,1.32536293,1.37536293,0.02494341000000011,-0.050000000000000044
7.022857e-10,1.36534516,1.34040281,1.32536293,1.37536293,0.02494234999999989,-0.050000000000000044
7.032857e-10,1.36534558,1.34040424,1.32536293,1.37536293,0.024941340000000034,-0.050000000000000044
7.042857e-10,1.36534598,1.34040563,1.32536293,1.37536293,0.024940350000000056,-0.050000000000000044
7.052857e-10,1.36534637,1.34040698,1.32536293,1.37536293,0.024939389999999895,-0.050000000000000044
7.062857e-10,1.36534674,1.34040829,1.32536293,1.37536293,0.024938449999999834,-0.050000000000000044
7.072857e-10,1.36534711,1.34040957,1.32536293,1.37536293,0.024937540000000036,-0.050000000000000044
7.082857e-10,1.36534747,1.3404108,1.32536293,1.37536293,0.024936669999999994,-0.050000000000000044
7.092857e-10,1.36534781,1.340412,1.32536293,1.37536293,0.024935810000000114,-0.050000000000000044
7.102857e-10,1.36534815,1.34041317,1.32536293,1.37536293,0.02493498000000005,-0.050000000000000044
7.112857e-10,1.36534848,1.3404143,1.32536293,1.37536293,0.024934180000000028,-0.050000000000000044
7.122857e-10,1.36534879,1.3404154,1.32536293,1.37536293,0.024933390000000166,-0.050000000000000044
7.132857e-10,1.3653491,1.34041647,1.32536293,1.37536293,0.0249326299999999,-0.050000000000000044
7.142857e-10,1.3653494,1.3404175,1.32536293,1.37536293,0.024931899999999896,-0.050000000000000044
7.152857e-10,1.36534969,1.34041851,1.32536293,1.37536293,0.024931180000000053,-0.050000000000000044
7.162857e-10,1.36534998,1.34041949,1.32536293,1.37536293,0.024930490000000027,-0.050000000000000044
7.172857e-10,1.36535025,1.34042044,1.32536293,1.37536293,0.024929810000000163,-0.050000000000000044
7.182857e-10,1.36535052,1.34042136,1.32536293,1.37536293,0.024929160000000117,-0.050000000000000044
7.192857e-10,1.36535078,1.34042225,1.32536293,1.37536293,0.02492852999999995,-0.050000000000000044
7.202857e-10,1.36535103,1.34042312,1.32536293,1.37536293,0.024927909999999942,-0.050000000000000044
7.212857e-10,1.36535127,1.34042397,1.32536293,1.37536293,0.024927299999999875,-0.050000000000000044
7.222857e-10,1.36535151,1.34042479,1.32536293,1.37536293,0.02492672000000007,-0.050000000000000044
7.232857e-10,1.36535174,1.34042558,1.32536293,1.37536293,0.02492615999999992,-0.050000000000000044
7.242857e-10,1.36535197,1.34042636,1.32536293,1.37536293,0.024925610000000153,-0.050000000000000044
7.252857e-10,1.36535219,1.34042711,1.32536293,1.37536293,0.024925080000000044,-0.050000000000000044
7.262857e-10,1.3653524,1.34042784,1.32536293,1.37536293,0.024924559999999873,-0.050000000000000044
7.272857e-10,1.3653526,1.34042855,1.32536293,1.37536293,0.024924050000000086,-0.050000000000000044
7.282857e-10,1.3653528,1.34042924,1.32536293,1.37536293,0.024923559999999956,-0.050000000000000044
7.292857e-10,1.365353,1.34042991,1.32536293,1.37536293,0.024923090000000148,-0.050000000000000044
7.302857e-10,1.36535319,1.34043056,1.32536293,1.37536293,0.024922630000000057,-0.050000000000000044
7.312857e-10,1.36535337,1.34043119,1.32536293,1.37536293,0.024922179999999905,-0.050000000000000044
7.322857e-10,1.36535355,1.34043181,1.32536293,1.37536293,0.024921740000000137,-0.050000000000000044
7.332857e-10,1.36535372,1.3404324,1.32536293,1.37536293,0.024921320000000025,-0.050000000000000044
7.342857e-10,1.36535389,1.34043298,1.32536293,1.37536293,0.024920909999999852,-0.050000000000000044
7.352857e-10,1.36535406,1.34043355,1.32536293,1.37536293,0.024920510000000062,-0.050000000000000044
7.362857e-10,1.36535422,1.3404341,1.32536293,1.37536293,0.02492011999999999,-0.050000000000000044
7.372857e-10,1.36535437,1.34043463,1.32536293,1.37536293,0.024919739999999857,-0.050000000000000044
7.382857e-10,1.36535452,1.34043515,1.32536293,1.37536293,0.024919369999999885,-0.050000000000000044
7.392857e-10,1.36535467,1.34043565,1.32536293,1.37536293,0.024919020000000014,-0.050000000000000044
7.402857e-10,1.36535481,1.34043614,1.32536293,1.37536293,0.02491866999999992,-0.050000000000000044
7.412857e-10,1.36535495,1.34043661,1.32536293,1.37536293,0.024918339999999928,-0.050000000000000044
7.422857e-10,1.36535509,1.34043707,1.32536293,1.37536293,0.024918020000000096,-0.050000000000000044
7.432857e-10,1.36535522,1.34043752,1.32536293,1.37536293,0.024917700000000043,-0.050000000000000044
7.442857e-10,1.36535535,1.34043796,1.32536293,1.37536293,0.024917389999999928,-0.050000000000000044
7.452857e-10,1.36535547,1.34043838,1.32536293,1.37536293,0.024917089999999975,-0.050000000000000044
7.462857e-10,1.36535559,1.34043879,1.32536293,1.37536293,0.02491679999999996,-0.050000000000000044
7.472857e-10,1.36535571,1.3404392,1.32536293,1.37536293,0.024916509999999947,-0.050000000000000044
7.482857e-10,1.36535582,1.34043959,1.32536293,1.37536293,0.024916230000000095,-0.050000000000000044
7.492857e-10,1.36535594,1.34043996,1.32536293,1.37536293,0.024915979999999838,-0.050000000000000044
7.502857e-10,1.36535604,1.34044033,1.32536293,1.37536293,0.024915709999999924,-0.050000000000000044
7.512857e-10,1.36535615,1.34044069,1.32536293,1.37536293,0.02491545999999989,-0.050000000000000044
7.522857e-10,1.36535625,1.34044104,1.32536293,1.37536293,0.024915210000000076,-0.050000000000000044
7.532857e-10,1.36535635,1.34044138,1.32536293,1.37536293,0.024914970000000203,-0.050000000000000044
7.542857e-10,1.36535645,1.34044171,1.32536293,1.37536293,0.024914740000000046,-0.050000000000000044
7.552857e-10,1.36535654,1.34044203,1.32536293,1.37536293,0.024914510000000112,-0.050000000000000044
7.562857e-10,1.36535664,1.34044234,1.32536293,1.37536293,0.024914299999999834,-0.050000000000000044
7.572857e-10,1.36535672,1.34044264,1.32536293,1.37536293,0.02491408000000006,-0.050000000000000044
7.582857e-10,1.36535681,1.34044294,1.32536293,1.37536293,0.024913870000000005,-0.050000000000000044
7.592857e-10,1.3653569,1.34044322,1.32536293,1.37536293,0.02491368000000005,-0.050000000000000044
7.602857e-10,1.36535698,1.3404435,1.32536293,1.37536293,0.024913480000000154,-0.050000000000000044
7.612857e-10,1.36535706,1.34044377,1.32536293,1.37536293,0.024913289999999977,-0.050000000000000044
7.622857e-10,1.36535714,1.34044404,1.32536293,1.37536293,0.02491310000000002,-0.050000000000000044
7.632857e-10,1.36535721,1.34044429,1.32536293,1.37536293,0.024912920000000005,-0.050000000000000044
7.642857e-10,1.36535729,1.34044454,1.32536293,1.37536293,0.024912749999999928,-0.050000000000000044
7.652857e-10,1.36535736,1.34044479,1.32536293,1.37536293,0.02491256999999991,-0.050000000000000044
7.662857e-10,1.36535743,1.34044502,1.32536293,1.37536293,0.024912409999999996,-0.050000000000000044
7.672857e-10,1.3653575,1.34044525,1.32536293,1.37536293,0.02491225000000008,-0.050000000000000044
7.682857e-10,1.36535756,1.34044548,1.32536293,1.37536293,0.024912080000000003,-0.050000000000000044
7.692857e-10,1.36535763,1.3404457,1.32536293,1.37536293,0.024911930000000027,-0.050000000000000044
7.702857e-10,1.36535769,1.34044591,1.32536293,1.37536293,0.02491178000000005,-0.050000000000000044
7.712857e-10,1.36535775,1.34044611,1.32536293,1.37536293,0.024911640000000013,-0.050000000000000044
7.722857e-10,1.36535781,1.34044631,1.32536293,1.37536293,0.024911499999999975,-0.050000000000000044
7.732857e-10,1.36535787,1.34044651,1.32536293,1.37536293,0.024911359999999938,-0.050000000000000044
7.742857e-10,1.36535793,1.3404467,1.32536293,1.37536293,0.024911230000000062,-0.050000000000000044
7.752857e-10,1.36535798,1.34044689,1.32536293,1.37536293,0.024911090000000025,-0.050000000000000044
7.762857e-10,1.36535804,1.34044707,1.32536293,1.37536293,0.024910970000000088,-0.050000000000000044
7.772857e-10,1.36535809,1.34044724,1.32536293,1.37536293,0.02491084999999993,-0.050000000000000044
7.782857e-10,1.36535814,1.34044741,1.32536293,1.37536293,0.024910730000000214,-0.050000000000000044
7.792857e-10,1.36535819,1.34044758,1.32536293,1.37536293,0.024910610000000055,-0.050000000000000044
7.802857e-10,1.36535824,1.34044774,1.32536293,1.37536293,0.024910499999999836,-0.050000000000000044
7.812857e-10,1.36535829,1.3404479,1.32536293,1.37536293,0.02491039000000006,-0.050000000000000044
7.822857e-10,1.36535833,1.34044805,1.32536293,1.37536293,0.024910280000000062,-0.050000000000000044
7.832857e-10,1.36535838,1.3404482,1.32536293,1.37536293,0.024910180000000004,-0.050000000000000044
7.842857e-10,1.36535842,1.34044835,1.32536293,1.37536293,0.024910070000000006,-0.050000000000000044
7.852857e-10,1.36535846,1.34044849,1.32536293,1.37536293,0.024909969999999948,-0.050000000000000044
7.862857e-10,1.36535851,1.34044863,1.32536293,1.37536293,0.02490988000000005,-0.050000000000000044
7.872857e-10,1.36535855,1.34044876,1.32536293,1.37536293,0.024909790000000154,-0.050000000000000044
7.882857e-10,1.36535859,1.34044889,1.32536293,1.37536293,0.024909700000000035,-0.050000000000000044
7.892857e-10,1.36535863,1.34044902,1.32536293,1.37536293,0.024909609999999915,-0.050000000000000044
7.902857e-10,1.36535866,1.34044915,1.32536293,1.37536293,0.02490951000000008,-0.050000000000000044
7.912857e-10,1.3653587,1.34044927,1.32536293,1.37536293,0.02490943000000012,-0.050000000000000044
7.922857e-10,1.36535874,1.34044939,1.32536293,1.37536293,0.02490934999999994,-0.050000000000000044
7.932857e-10,1.36535877,1.3404495,1.32536293,1.37536293,0.024909269999999983,-0.050000000000000044
7.942857e-10,1.3653588,1.34044961,1.32536293,1.37536293,0.024909190000000025,-0.050000000000000044
7.952857e-10,1.36535884,1.34044972,1.32536293,1.37536293,0.024909120000000007,-0.050000000000000044
7.962857e-10,1.36535887,1.34044983,1.32536293,1.37536293,0.024909039999999827,-0.050000000000000044
7.972857e-10,1.3653589,1.34044993,1.32536293,1.37536293,0.02490897000000003,-0.050000000000000044
7.982857e-10,1.36535893,1.34045003,1.32536293,1.37536293,0.02490890000000001,-0.050000000000000044
7.992857e-10,1.36535896,1.34045013,1.32536293,1.37536293,0.024908829999999993,-0.050000000000000044
8.002857e-10,1.36535899,1.34045023,1.32536293,1.37536293,0.024908759999999974,-0.050000000000000044
8.012857e-10,1.36535902,1.34045032,1.32536293,1.37536293,0.024908700000000117,-0.050000000000000044
8.022857e-10,1.36535905,1.34045042,1.32536293,1.37536293,0.024908629999999876,-0.050000000000000044
8.032857e-10,1.36535907,1.3404505,1.32536293,1.37536293,0.02490857000000002,-0.050000000000000044
8.042857e-10,1.3653591,1.34045059,1.32536293,1.37536293,0.02490850999999994,-0.050000000000000044
8.052857e-10,1.36535913,1.34045068,1.32536293,1.37536293,0.024908450000000082,-0.050000000000000044
8.062857e-10,1.36535915,1.34045076,1.32536293,1.37536293,0.024908390000000002,-0.050000000000000044
8.072857e-10,1.36535918,1.34045084,1.32536293,1.37536293,0.024908340000000084,-0.050000000000000044
8.082857e-10,1.3653592,1.34045092,1.32536293,1.37536293,0.024908280000000005,-0.050000000000000044
8.092857e-10,1.36535922,1.340451,1.32536293,1.37536293,0.024908219999999925,-0.050000000000000044
8.102857e-10,1.36535925,1.34045107,1.32536293,1.37536293,0.024908179999999946,-0.050000000000000044
8.112857e-10,1.36535927,1.34045114,1.32536293,1.37536293,0.024908129999999806,-0.050000000000000044
8.122857e-10,1.36535929,1.34045121,1.32536293,1.37536293,0.02490808000000011,-0.050000000000000044
8.132857e-10,1.36535931,1.34045128,1.32536293,1.37536293,0.024908030000000192,-0.050000000000000044
8.142857e-10,1.36535933,1.34045135,1.32536293,1.37536293,0.024907980000000052,-0.050000000000000044
8.152857e-10,1.36535935,1.34045142,1.32536293,1.37536293,0.024907930000000134,-0.050000000000000044
8.162857e-10,1.36535937,1.34045148,1.32536293,1.37536293,0.024907889999999933,-0.050000000000000044
8.172857e-10,1.36535939,1.34045155,1.32536293,1.37536293,0.024907840000000014,-0.050000000000000044
8.182857e-10,1.36535941,1.34045161,1.32536293,1.37536293,0.024907800000000035,-0.050000000000000044
8.192857e-10,1.36535943,1.34045167,1.32536293,1.37536293,0.024907760000000057,-0.050000000000000044
8.202857e-10,1.36535945,1.34045173,1.32536293,1.37536293,0.024907719999999856,-0.050000000000000044
8.212857e-10,1.36535947,1.34045178,1.32536293,1.37536293,0.024907690000000038,-0.050000000000000044
8.222857e-10,1.36535949,1.34045184,1.32536293,1.37536293,0.024907649999999837,-0.050000000000000044
8.232857e-10,1.3653595,1.34045189,1.32536293,1.37536293,0.02490761000000008,-0.050000000000000044
8.242857e-10,1.36535952,1.34045195,1.32536293,1.37536293,0.02490756999999988,-0.050000000000000044
8.252857e-10,1.36535953,1.340452,1.32536293,1.37536293,0.024907530000000122,-0.050000000000000044
8.262857e-10,1.36535955,1.34045205,1.32536293,1.37536293,0.024907500000000082,-0.050000000000000044
8.272857e-10,1.36535957,1.3404521,1.32536293,1.37536293,0.024907470000000043,-0.050000000000000044
8.282857e-10,1.36535958,1.34045215,1.32536293,1.37536293,0.024907430000000064,-0.050000000000000044
8.292857e-10,1.3653596,1.34045219,1.32536293,1.37536293,0.024907409999999963,-0.050000000000000044
8.302857e-10,1.36535961,1.34045224,1.32536293,1.37536293,0.024907369999999984,-0.050000000000000044
8.312857e-10,1.36535962,1.34045229,1.32536293,1.37536293,0.024907330000000005,-0.050000000000000044
8.322857e-10,1.36535964,1.34045233,1.32536293,1.37536293,0.024907310000000127,-0.050000000000000044
8.332857e-10,1.36535965,1.34045237,1.32536293,1.37536293,0.024907280000000087,-0.050000000000000044
8.342857e-10,1.36535966,1.34045242,1.32536293,1.37536293,0.024907239999999886,-0.050000000000000044
8.352857e-10,1.36535968,1.34045246,1.32536293,1.37536293,0.024907220000000008,-0.050000000000000044
8.362857e-10,1.36535969,1.3404525,1.32536293,1.37536293,0.024907189999999968,-0.050000000000000044
8.372857e-10,1.3653597,1.34045254,1.32536293,1.37536293,0.024907159999999928,-0.050000000000000044
8.382857e-10,1.36535972,1.34045257,1.32536293,1.37536293,0.02490714999999999,-0.050000000000000044
8.392857e-10,1.36535973,1.34045261,1.32536293,1.37536293,0.02490711999999995,-0.050000000000000044
8.402857e-10,1.36535974,1.34045265,1.32536293,1.37536293,0.02490708999999991,-0.050000000000000044
8.412857e-10,1.36535975,1.34045268,1.32536293,1.37536293,0.02490707000000003,-0.050000000000000044
8.422857e-10,1.36535976,1.34045272,1.32536293,1.37536293,0.02490703999999999,-0.050000000000000044
8.432857e-10,1.36535977,1.34045275,1.32536293,1.37536293,0.02490701999999989,-0.050000000000000044
8.442857e-10,1.36535978,1.34045279,1.32536293,1.37536293,0.02490698999999985,-0.050000000000000044
8.452857e-10,1.36535979,1.34045282,1.32536293,1.37536293,0.024906969999999973,-0.050000000000000044
8.462857e-10,1.3653598,1.34045285,1.32536293,1.37536293,0.024906950000000094,-0.050000000000000044
8.472857e-10,1.36535981,1.34045288,1.32536293,1.37536293,0.024906929999999994,-0.050000000000000044
8.482857e-10,1.36535982,1.34045291,1.32536293,1.37536293,0.024906909999999893,-0.050000000000000044
8.492857e-10,1.36535983,1.34045294,1.32536293,1.37536293,0.024906890000000015,-0.050000000000000044
8.502857e-10,1.36535984,1.34045297,1.32536293,1.37536293,0.024906869999999914,-0.050000000000000044
8.512857e-10,1.36535985,1.340453,1.32536293,1.37536293,0.024906850000000036,-0.050000000000000044
8.522857e-10,1.36535986,1.34045303,1.32536293,1.37536293,0.024906830000000157,-0.050000000000000044
8.532857e-10,1.36535987,1.34045306,1.32536293,1.37536293,0.024906810000000057,-0.050000000000000044
8.542857e-10,1.36535988,1.34045309,1.32536293,1.37536293,0.024906789999999956,-0.050000000000000044
8.552857e-10,1.36535989,1.34045311,1.32536293,1.37536293,0.024906780000000017,-0.050000000000000044
8.562857e-10,1.36535989,1.34045314,1.32536293,1.37536293,0.024906749999999978,-0.050000000000000044
8.572857e-10,1.3653599,1.34045316,1.32536293,1.37536293,0.02490674000000004,-0.050000000000000044
8.582857e-10,1.36535991,1.34045319,1.32536293,1.37536293,0.024906719999999938,-0.050000000000000044
8.592857e-10,1.36535992,1.34045321,1.32536293,1.37536293,0.02490671,-0.050000000000000044
8.602857e-10,1.36535993,1.34045323,1.32536293,1.37536293,0.02490670000000006,-0.050000000000000044
8.612857e-10,1.36535993,1.34045326,1.32536293,1.37536293,0.02490667000000002,-0.050000000000000044
8.622857e-10,1.36535994,1.34045328,1.32536293,1.37536293,0.02490666000000008,-0.050000000000000044
8.632857e-10,1.36535995,1.3404533,1.32536293,1.37536293,0.02490664999999992,-0.050000000000000044
8.642857e-10,1.36535995,1.34045332,1.32536293,1.37536293,0.02490663000000004,-0.050000000000000044
8.652857e-10,1.36535996,1.34045335,1.32536293,1.37536293,0.02490660999999994,-0.050000000000000044
8.662857e-10,1.36535997,1.34045337,1.32536293,1.37536293,0.0249066,-0.050000000000000044
8.672857e-10,1.36535997,1.34045339,1.32536293,1.37536293,0.024906580000000123,-0.050000000000000044
8.682857e-10,1.36535998,1.34045341,1.32536293,1.37536293,0.02490656999999996,-0.050000000000000044
8.692857e-10,1.36535999,1.34045343,1.32536293,1.37536293,0.024906560000000022,-0.050000000000000044
8.702857e-10,1.36535999,1.34045345,1.32536293,1.37536293,0.02490653999999992,-0.050000000000000044
8.712857e-10,1.36536,1.34045346,1.32536293,1.37536293,0.02490653999999992,-0.050000000000000044
8.722857e-10,1.36536001,1.34045348,1.32536293,1.37536293,0.024906529999999982,-0.050000000000000044
8.732857e-10,1.36536001,1.3404535,1.32536293,1.37536293,0.024906510000000104,-0.050000000000000044
8.742857e-10,1.36536002,1.34045352,1.32536293,1.37536293,0.024906499999999943,-0.050000000000000044
8.752857e-10,1.36536002,1.34045354,1.32536293,1.37536293,0.024906480000000064,-0.050000000000000044
8.762857e-10,1.36536003,1.34045355,1.32536293,1.37536293,0.024906479999999842,-0.050000000000000044
8.772857e-10,1.36536003,1.34045357,1.32536293,1.37536293,0.024906459999999964,-0.050000000000000044
8.782857e-10,1.36536004,1.34045359,1.32536293,1.37536293,0.024906450000000024,-0.050000000000000044
8.792857e-10,1.36536004,1.3404536,1.32536293,1.37536293,0.024906440000000085,-0.050000000000000044
8.802857e-10,1.36536005,1.34045362,1.32536293,1.37536293,0.024906430000000146,-0.050000000000000044
8.812857e-10,1.36536006,1.34045363,1.32536293,1.37536293,0.024906429999999924,-0.050000000000000044
8.822857e-10,1.36536006,1.34045365,1.32536293,1.37536293,0.024906410000000045,-0.050000000000000044
8.832857e-10,1.36536006,1.34045366,1.32536293,1.37536293,0.024906399999999884,-0.050000000000000044
8.842857e-10,1.36536007,1.34045368,1.32536293,1.37536293,0.024906389999999945,-0.050000000000000044
8.852857e-10,1.36536007,1.34045369,1.32536293,1.37536293,0.024906380000000006,-0.050000000000000044
8.862857e-10,1.36536008,1.34045371,1.32536293,1.37536293,0.024906370000000067,-0.050000000000000044
8.872857e-10,1.36536008,1.34045372,1.32536293,1.37536293,0.024906360000000127,-0.050000000000000044
8.882857e-10,1.36536009,1.34045373,1.32536293,1.37536293,0.024906360000000127,-0.050000000000000044
8.892857e-10,1.36536009,1.34045375,1.32536293,1.37536293,0.024906340000000027,-0.050000000000000044
8.902857e-10,1.3653601,1.34045376,1.32536293,1.37536293,0.024906340000000027,-0.050000000000000044
8.912857e-10,1.3653601,1.34045377,1.32536293,1.37536293,0.024906329999999866,-0.050000000000000044
8.922857e-10,1.36536011,1.34045378,1.32536293,1.37536293,0.024906329999999866,-0.050000000000000044
8.932857e-10,1.36536011,1.3404538,1.32536293,1.37536293,0.024906309999999987,-0.050000000000000044
8.942857e-10,1.36536011,1.34045381,1.32536293,1.37536293,0.024906299999999826,-0.050000000000000044
8.952857e-10,1.36536012,1.34045382,1.32536293,1.37536293,0.024906300000000048,-0.050000000000000044
8.962857e-10,1.36536012,1.34045383,1.32536293,1.37536293,0.02490629000000011,-0.050000000000000044
8.972857e-10,1.36536012,1.34045384,1.32536293,1.37536293,0.02490628000000017,-0.050000000000000044
8.982857e-10,1.36536013,1.34045385,1.32536293,1.37536293,0.024906279999999947,-0.050000000000000044
8.992857e-10,1.36536013,1.34045386,1.32536293,1.37536293,0.024906270000000008,-0.050000000000000044
9.002857e-10,1.36536014,1.34045387,1.32536293,1.37536293,0.024906270000000008,-0.050000000000000044
9.012857e-10,1.36536014,1.34045388,1.32536293,1.37536293,0.024906259999999847,-0.050000000000000044
9.022857e-10,1.36536014,1.3404539,1.32536293,1.37536293,0.02490623999999997,-0.050000000000000044
9.032857e-10,1.36536015,1.34045391,1.32536293,1.37536293,0.02490624000000019,-0.050000000000000044
9.042857e-10,1.36536015,1.34045392,1.32536293,1.37536293,0.02490623000000003,-0.050000000000000044
9.052857e-10,1.36536015,1.34045392,1.32536293,1.37536293,0.02490623000000003,-0.050000000000000044
9.062857e-10,1.36536016,1.34045393,1.32536293,1.37536293,0.02490623000000003,-0.050000000000000044
9.072857e-10,1.36536016,1.34045394,1.32536293,1.37536293,0.02490622000000009,-0.050000000000000044
9.082857e-10,1.36536016,1.34045395,1.32536293,1.37536293,0.02490621000000015,-0.050000000000000044
9.092857e-10,1.36536017,1.34045396,1.32536293,1.37536293,0.02490620999999993,-0.050000000000000044
9.102857e-10,1.36536017,1.34045397,1.32536293,1.37536293,0.02490619999999999,-0.050000000000000044
9.112857e-10,1.36536017,1.34045398,1.32536293,1.37536293,0.02490619000000005,-0.050000000000000044
9.122857e-10,1.36536017,1.34045399,1.32536293,1.37536293,0.02490617999999989,-0.050000000000000044
9.132857e-10,1.36536018,1.340454,1.32536293,1.37536293,0.02490617999999989,-0.050000000000000044
9.142857e-10,1.36536018,1.340454,1.32536293,1.37536293,0.02490617999999989,-0.050000000000000044
9.152857e-10,1.36536018,1.34045401,1.32536293,1.37536293,0.02490616999999995,-0.050000000000000044
9.162857e-10,1.36536019,1.34045402,1.32536293,1.37536293,0.024906170000000172,-0.050000000000000044
9.172857e-10,1.36536019,1.34045403,1.32536293,1.37536293,0.02490616000000001,-0.050000000000000044
9.182857e-10,1.36536019,1.34045404,1.32536293,1.37536293,0.02490615000000007,-0.050000000000000044
9.192857e-10,1.36536019,1.34045404,1.32536293,1.37536293,0.02490615000000007,-0.050000000000000044
9.202857e-10,1.3653602,1.34045405,1.32536293,1.37536293,0.02490615000000007,-0.050000000000000044
9.212857e-10,1.3653602,1.34045406,1.32536293,1.37536293,0.024906140000000132,-0.050000000000000044
9.222857e-10,1.3653602,1.34045407,1.32536293,1.37536293,0.02490612999999997,-0.050000000000000044
9.232857e-10,1.3653602,1.34045407,1.32536293,1.37536293,0.02490612999999997,-0.050000000000000044
9.242857e-10,1.36536021,1.34045408,1.32536293,1.37536293,0.02490612999999997,-0.050000000000000044
9.252857e-10,1.36536021,1.34045409,1.32536293,1.37536293,0.02490612000000003,-0.050000000000000044
9.262857e-10,1.36536021,1.34045409,1.32536293,1.37536293,0.02490612000000003,-0.050000000000000044
9.272857e-10,1.36536021,1.3404541,1.32536293,1.37536293,0.02490610999999987,-0.050000000000000044
9.282857e-10,1.36536022,1.34045411,1.32536293,1.37536293,0.02490610999999987,-0.050000000000000044
9.292857e-10,1.36536022,1.34045411,1.32536293,1.37536293,0.02490610999999987,-0.050000000000000044
9.302857e-10,1.36536022,1.34045412,1.32536293,1.37536293,0.02490609999999993,-0.050000000000000044
9.312857e-10,1.36536022,1.34045413,1.32536293,1.37536293,0.024906089999999992,-0.050000000000000044
9.322857e-10,1.36536023,1.34045413,1.32536293,1.37536293,0.024906100000000153,-0.050000000000000044
9.332857e-10,1.36536023,1.34045414,1.32536293,1.37536293,0.024906089999999992,-0.050000000000000044
9.342857e-10,1.36536023,1.34045414,1.32536293,1.37536293,0.024906089999999992,-0.050000000000000044
9.352857e-10,1.36536023,1.34045415,1.32536293,1.37536293,0.024906080000000053,-0.050000000000000044
9.362857e-10,1.36536023,1.34045415,1.32536293,1.37536293,0.024906080000000053,-0.050000000000000044
9.372857e-10,1.36536024,1.34045416,1.32536293,1.37536293,0.024906080000000053,-0.050000000000000044
9.382857e-10,1.36536024,1.34045417,1.32536293,1.37536293,0.024906070000000113,-0.050000000000000044
9.392857e-10,1.36536024,1.34045417,1.32536293,1.37536293,0.024906070000000113,-0.050000000000000044
9.402857e-10,1.36536024,1.34045418,1.32536293,1.37536293,0.024906059999999952,-0.050000000000000044
9.412857e-10,1.36536024,1.34045418,1.32536293,1.37536293,0.024906059999999952,-0.050000000000000044
9.422857e-10,1.36536025,1.34045419,1.32536293,1.37536293,0.024906059999999952,-0.050000000000000044
9.432857e-10,1.36536025,1.34045419,1.32536293,1.37536293,0.024906059999999952,-0.050000000000000044
9.442857e-10,1.36536025,1.3404542,1.32536293,1.37536293,0.024906050000000013,-0.050000000000000044
9.452857e-10,1.36536025,1.3404542,1.32536293,1.37536293,0.024906050000000013,-0.050000000000000044
9.462857e-10,1.36536025,1.34045421,1.32536293,1.37536293,0.02490603999999985,-0.050000000000000044
9.472857e-10,1.36536025,1.34045421,1.32536293,1.37536293,0.02490603999999985,-0.050000000000000044
9.482857e-10,1.36536026,1.34045422,1.32536293,1.37536293,0.024906040000000074,-0.050000000000000044
9.492857e-10,1.36536026,1.34045422,1.32536293,1.37536293,0.024906040000000074,-0.050000000000000044
9.502857e-10,1.36536026,1.34045422,1.32536293,1.37536293,0.024906040000000074,-0.050000000000000044
9.512857e-10,1.36536026,1.34045423,1.32536293,1.37536293,0.024906030000000134,-0.050000000000000044
9.522857e-10,1.36536026,1.34045423,1.32536293,1.37536293,0.024906030000000134,-0.050000000000000044
9.532857e-10,1.36536026,1.34045424,1.32536293,1.37536293,0.024906020000000195,-0.050000000000000044
9.542857e-10,1.36536027,1.34045424,1.32536293,1.37536293,0.024906030000000134,-0.050000000000000044
9.552857e-10,1.36536027,1.34045425,1.32536293,1.37536293,0.024906019999999973,-0.050000000000000044
9.562857e-10,1.36536027,1.34045425,1.32536293,1.37536293,0.024906019999999973,-0.050000000000000044
9.572857e-10,1.36536027,1.34045425,1.32536293,1.37536293,0.024906019999999973,-0.050000000000000044
9.582857e-10,1.36536027,1.34045426,1.32536293,1.37536293,0.024906010000000034,-0.050000000000000044
9.592857e-10,1.36536027,1.34045426,1.32536293,1.37536293,0.024906010000000034,-0.050000000000000044
9.602857e-10,1.36536027,1.34045427,1.32536293,1.37536293,0.024906000000000095,-0.050000000000000044
9.612857e-10,1.36536028,1.34045427,1.32536293,1.37536293,0.024906010000000034,-0.050000000000000044
9.622857e-10,1.36536028,1.34045427,1.32536293,1.37536293,0.024906010000000034,-0.050000000000000044
9.632857e-10,1.36536028,1.34045428,1.32536293,1.37536293,0.024905999999999873,-0.050000000000000044
9.642857e-10,1.36536028,1.34045428,1.32536293,1.37536293,0.024905999999999873,-0.050000000000000044
9.652857e-10,1.36536028,1.34045428,1.32536293,1.37536293,0.024905999999999873,-0.050000000000000044
9.662857e-10,1.36536028,1.34045429,1.32536293,1.37536293,0.024905989999999933,-0.050000000000000044
9.672857e-10,1.36536028,1.34045429,1.32536293,1.37536293,0.024905989999999933,-0.050000000000000044
9.682857e-10,1.36536029,1.34045429,1.32536293,1.37536293,0.024905999999999873,-0.050000000000000044
9.692857e-10,1.36536029,1.3404543,1.32536293,1.37536293,0.024905989999999933,-0.050000000000000044
9.702857e-10,1.36536029,1.3404543,1.32536293,1.37536293,0.024905989999999933,-0.050000000000000044
9.712857e-10,1.36536029,1.3404543,1.32536293,1.37536293,0.024905989999999933,-0.050000000000000044
9.722857e-10,1.36536029,1.34045431,1.32536293,1.37536293,0.024905979999999994,-0.050000000000000044
9.732857e-10,1.36536029,1.34045431,1.32536293,1.37536293,0.024905979999999994,-0.050000000000000044
9.742857e-10,1.36536029,1.34045431,1.32536293,1.37536293,0.024905979999999994,-0.050000000000000044
9.752857e-10,1.36536029,1.34045432,1.32536293,1.37536293,0.024905969999999833,-0.050000000000000044
9.762857e-10,1.3653603,1.34045432,1.32536293,1.37536293,0.024905979999999994,-0.050000000000000044
9.772857e-10,1.3653603,1.34045432,1.32536293,1.37536293,0.024905979999999994,-0.050000000000000044
9.782857e-10,1.3653603,1.34045433,1.32536293,1.37536293,0.024905970000000055,-0.050000000000000044
9.792857e-10,1.3653603,1.34045433,1.32536293,1.37536293,0.024905970000000055,-0.050000000000000044
9.802857e-10,1.3653603,1.34045433,1.32536293,1.37536293,0.024905970000000055,-0.050000000000000044
9.812857e-10,1.3653603,1.34045433,1.32536293,1.37536293,0.024905970000000055,-0.050000000000000044
9.822857e-10,1.3653603,1.34045434,1.32536293,1.37536293,0.024905960000000116,-0.050000000000000044
9.832857e-10,1.3653603,1.34045434,1.32536293,1.37536293,0.024905960000000116,-0.050000000000000044
9.842857e-10,1.36536031,1.34045434,1.32536293,1.37536293,0.024905970000000055,-0.050000000000000044
9.852857e-10,1.36536031,1.34045435,1.32536293,1.37536293,0.024905960000000116,-0.050000000000000044
9.862857e-10,1.36536031,1.34045435,1.32536293,1.37536293,0.024905960000000116,-0.050000000000000044
9.872857e-10,1.36536031,1.34045435,1.32536293,1.37536293,0.024905960000000116,-0.050000000000000044
9.882857e-10,1.36536031,1.34045435,1.32536293,1.37536293,0.024905960000000116,-0.050000000000000044
9.892857e-10,1.36536031,1.34045436,1.32536293,1.37536293,0.024905949999999955,-0.050000000000000044
9.902857e-10,1.36536031,1.34045436,1.32536293,1.37536293,0.024905949999999955,-0.050000000000000044
9.912857e-10,1.36536031,1.34045436,1.32536293,1.37536293,0.024905949999999955,-0.050000000000000044
9.922857e-10,1.36536031,1.34045436,1.32536293,1.37536293,0.024905949999999955,-0.050000000000000044
9.932857e-10,1.36536031,1.34045436,1.32536293,1.37536293,0.024905949999999955,-0.050000000000000044
9.942857e-10,1.36536032,1.34045437,1.32536293,1.37536293,0.024905949999999955,-0.050000000000000044
9.952857e-10,1.36536032,1.34045437,1.32536293,1.37536293,0.024905949999999955,-0.050000000000000044
9.962857e-10,1.36536032,1.34045437,1.32536293,1.37536293,0.024905949999999955,-0.050000000000000044
9.972857e-10,1.36536032,1.34045437,1.32536293,1.37536293,0.024905949999999955,-0.050000000000000044
9.982857e-10,1.36536032,1.34045438,1.32536293,1.37536293,0.024905940000000015,-0.050000000000000044
9.992857e-10,1.36536032,1.34045438,1.32536293,1.37536293,0.024905940000000015,-0.050000000000000044
1.0002857e-09,1.36536032,1.34045438,1.32536293,1.37536293,0.024905940000000015,-0.050000000000000044
1.0012857e-09,1.36536032,1.34045438,1.32536293,1.37536293,0.024905940000000015,-0.050000000000000044
1.0022857e-09,1.36536032,1.34045438,1.32536293,1.37536293,0.024905940000000015,-0.050000000000000044
1.0032857e-09,1.36536032,1.34045439,1.32536293,1.37536293,0.024905929999999854,-0.050000000000000044
1.0042857e-09,1.36536032,1.34045439,1.32536293,1.37536293,0.024905929999999854,-0.050000000000000044
1.0052857e-09,1.36536033,1.34045439,1.32536293,1.37536293,0.024905939999999793,-0.050000000000000044
1.0062857e-09,1.36536033,1.34045439,1.32536293,1.37536293,0.024905939999999793,-0.050000000000000044
1.0072857e-09,1.36536033,1.34045439,1.32536293,1.37536293,0.024905939999999793,-0.050000000000000044
1.0082857e-09,1.36536033,1.3404544,1.32536293,1.37536293,0.024905929999999854,-0.050000000000000044
1.0092857e-09,1.36536033,1.3404544,1.32536293,1.37536293,0.024905929999999854,-0.050000000000000044
1.0102857e-09,1.36536033,1.3404544,1.32536293,1.37536293,0.024905929999999854,-0.050000000000000044
1.0112857e-09,1.36536033,1.3404544,1.32536293,1.37536293,0.024905929999999854,-0.050000000000000044
1.0122857e-09,1.36536033,1.3404544,1.32536293,1.37536293,0.024905929999999854,-0.050000000000000044
1.0132857e-09,1.36536033,1.34045441,1.32536293,1.37536293,0.024905919999999915,-0.050000000000000044
1.0142857e-09,1.36536033,1.34045441,1.32536293,1.37536293,0.024905919999999915,-0.050000000000000044
1.0152857e-09,1.36536033,1.34045441,1.32536293,1.37536293,0.024905919999999915,-0.050000000000000044
1.0162857e-09,1.36536033,1.34045441,1.32536293,1.37536293,0.024905919999999915,-0.050000000000000044
1.0172857e-09,1.36536034,1.34045441,1.32536293,1.37536293,0.024905930000000076,-0.050000000000000044
1.017857e-09,1.36536034,1.34045441,1.32536293,1.37536293,0.024905930000000076,-0.050000000000000044
