time_s,v_outp,v_outn,v_inp,v_inn,vod,vid
0.0,1.37450803,1.41999973,1.36109781,1.38612829,-0.04549169999999991,-0.025030480000000077
5e-15,1.37450803,1.41999973,1.36109781,1.38612829,-0.04549169999999991,-0.025030480000000077
1e-14,1.37450803,1.41999973,1.36109781,1.38612829,-0.04549169999999991,-0.025030480000000077
2e-14,1.37450803,1.41999973,1.36109781,1.38612829,-0.04549169999999991,-0.025030480000000077
4e-14,1.37450803,1.41999973,1.36109781,1.38612829,-0.04549169999999991,-0.025030480000000077
8e-14,1.37450803,1.41999973,1.36109781,1.38612829,-0.04549169999999991,-0.025030480000000077
1.6e-13,1.37450803,1.41999973,1.36109781,1.38612829,-0.04549169999999991,-0.025030480000000077
3.2e-13,1.37450803,1.41999973,1.36109781,1.38612829,-0.04549169999999991,-0.025030480000000077
6.4e-13,1.37450803,1.41999973,1.36109781,1.38612829,-0.04549169999999991,-0.025030480000000077
1.28e-12,1.37450803,1.41999973,1.36109781,1.38612829,-0.04549169999999991,-0.025030480000000077
2.28e-12,1.37450803,1.41999973,1.36109781,1.38612829,-0.04549169999999991,-0.025030480000000077
3.28e-12,1.37450803,1.41999973,1.36109781,1.38612829,-0.04549169999999991,-0.025030480000000077
4.28e-12,1.37450803,1.41999973,1.36109781,1.38612829,-0.04549169999999991,-0.025030480000000077
5.28e-12,1.37450802,1.41999973,1.36109781,1.38612829,-0.045491710000000074,-0.025030480000000077
6.28e-12,1.37450802,1.41999973,1.36109781,1.38612829,-0.045491710000000074,-0.025030480000000077
7.28e-12,1.37450802,1.41999973,1.36109781,1.38612829,-0.045491710000000074,-0.025030480000000077
8.28e-12,1.37450802,1.41999973,1.36109781,1.38612829,-0.045491710000000074,-0.025030480000000077
8.405e-12,1.37450802,1.41999973,1.36109781,1.38612829,-0.045491710000000074,-0.025030480000000077
8.655e-12,1.37450802,1.41999973,1.36109781,1.38612829,-0.045491710000000074,-0.025030480000000077
9.155e-12,1.37450802,1.41999973,1.36109781,1.38612829,-0.045491710000000074,-0.025030480000000077
1.0155e-11,1.37450802,1.41999973,1.36109781,1.38612829,-0.045491710000000074,-0.025030480000000077
1.1155e-11,1.37450802,1.41999973,1.36109781,1.38612829,-0.045491710000000074,-0.025030480000000077
1.2155e-11,1.37450801,1.41999973,1.36109781,1.38612829,-0.04549172000000001,-0.025030480000000077
1.3155e-11,1.37450801,1.41999973,1.36109781,1.38612829,-0.04549172000000001,-0.025030480000000077
1.4155e-11,1.37450801,1.41999973,1.36109781,1.38612829,-0.04549172000000001,-0.025030480000000077
1.5155e-11,1.37450801,1.41999973,1.36109781,1.38612829,-0.04549172000000001,-0.025030480000000077
1.528e-11,1.37450801,1.41999973,1.36109781,1.38612829,-0.04549172000000001,-0.025030480000000077
1.553e-11,1.37450801,1.41999973,1.36109781,1.38612829,-0.04549172000000001,-0.025030480000000077
1.603e-11,1.37450801,1.41999973,1.36109781,1.38612829,-0.04549172000000001,-0.025030480000000077
1.703e-11,1.37450801,1.41999973,1.36109781,1.38612829,-0.04549172000000001,-0.025030480000000077
1.803e-11,1.37450801,1.41999973,1.36109781,1.38612829,-0.04549172000000001,-0.025030480000000077
1.903e-11,1.37450801,1.41999973,1.36109781,1.38612829,-0.04549172000000001,-0.025030480000000077
2.003e-11,1.374508,1.41999973,1.36109781,1.38612829,-0.04549172999999995,-0.025030480000000077
2.103e-11,1.374508,1.41999973,1.36109781,1.38612829,-0.04549172999999995,-0.025030480000000077
2.203e-11,1.374508,1.41999973,1.36109781,1.38612829,-0.04549172999999995,-0.025030480000000077
2.303e-11,1.374508,1.41999973,1.36109781,1.38612829,-0.04549172999999995,-0.025030480000000077
2.403e-11,1.374508,1.41999973,1.36109781,1.38612829,-0.04549172999999995,-0.025030480000000077
2.503e-11,1.374508,1.41999973,1.36109781,1.38612829,-0.04549172999999995,-0.025030480000000077
2.603e-11,1.374508,1.41999973,1.36109781,1.38612829,-0.04549172999999995,-0.025030480000000077
2.703e-11,1.374508,1.41999973,1.36109781,1.38612829,-0.04549172999999995,-0.025030480000000077
2.803e-11,1.374508,1.41999973,1.36109781,1.38612829,-0.04549172999999995,-0.025030480000000077
2.903e-11,1.374508,1.41999973,1.36109781,1.38612829,-0.04549172999999995,-0.025030480000000077
3.003e-11,1.374508,1.41999973,1.36109781,1.38612829,-0.04549172999999995,-0.025030480000000077
3.103e-11,1.374508,1.41999974,1.36109781,1.38612829,-0.04549173999999989,-0.025030480000000077
3.203e-11,1.37450799,1.41999974,1.36109781,1.38612829,-0.04549175000000005,-0.025030480000000077
3.303e-11,1.37450799,1.41999974,1.36109781,1.38612829,-0.04549175000000005,-0.025030480000000077
3.403e-11,1.37450799,1.41999974,1.36109781,1.38612829,-0.04549175000000005,-0.025030480000000077
3.503e-11,1.37450799,1.41999974,1.36109781,1.38612829,-0.04549175000000005,-0.025030480000000077
3.603e-11,1.37450799,1.41999974,1.36109781,1.38612829,-0.04549175000000005,-0.025030480000000077
3.703e-11,1.37450799,1.41999974,1.36109781,1.38612829,-0.04549175000000005,-0.025030480000000077
3.803e-11,1.37450799,1.41999974,1.36109781,1.38612829,-0.04549175000000005,-0.025030480000000077
3.903e-11,1.37450799,1.41999974,1.36109781,1.38612829,-0.04549175000000005,-0.025030480000000077
4.003e-11,1.37450799,1.41999974,1.36109781,1.38612829,-0.04549175000000005,-0.025030480000000077
4.103e-11,1.37450799,1.41999974,1.36109781,1.38612829,-0.04549175000000005,-0.025030480000000077
4.203e-11,1.37450799,1.41999974,1.36109781,1.38612829,-0.04549175000000005,-0.025030480000000077
4.303e-11,1.37450799,1.41999974,1.36109781,1.38612829,-0.04549175000000005,-0.025030480000000077
4.403e-11,1.37450799,1.41999974,1.36109781,1.38612829,-0.04549175000000005,-0.025030480000000077
4.503e-11,1.37450799,1.41999974,1.36109781,1.38612829,-0.04549175000000005,-0.025030480000000077
4.603e-11,1.37450799,1.41999974,1.36109781,1.38612829,-0.04549175000000005,-0.025030480000000077
4.703e-11,1.37450798,1.41999974,1.36109781,1.38612829,-0.04549175999999999,-0.025030480000000077
4.803e-11,1.37450798,1.41999974,1.36109781,1.38612829,-0.04549175999999999,-0.025030480000000077
4.903e-11,1.37450798,1.41999974,1.36109781,1.38612829,-0.04549175999999999,-0.025030480000000077
5.003e-11,1.37450798,1.41999975,1.36109781,1.38612829,-0.04549176999999993,-0.025030480000000077
5.103e-11,1.37450798,1.41999975,1.36109781,1.38612829,-0.04549176999999993,-0.025030480000000077
5.203e-11,1.37450798,1.41999975,1.36109781,1.38612829,-0.04549176999999993,-0.025030480000000077
5.303e-11,1.37450798,1.41999975,1.36109781,1.38612829,-0.04549176999999993,-0.025030480000000077
5.403e-11,1.37450798,1.41999975,1.36109781,1.38612829,-0.04549176999999993,-0.025030480000000077
5.503e-11,1.37450798,1.41999975,1.36109781,1.38612829,-0.04549176999999993,-0.025030480000000077
5.603e-11,1.37450798,1.41999975,1.36109781,1.38612829,-0.04549176999999993,-0.025030480000000077
5.703e-11,1.37450798,1.41999975,1.36109781,1.38612829,-0.04549176999999993,-0.025030480000000077
5.803e-11,1.37450798,1.41999975,1.36109781,1.38612829,-0.04549176999999993,-0.025030480000000077
5.903e-11,1.37450798,1.41999975,1.36109781,1.38612829,-0.04549176999999993,-0.025030480000000077
6.003e-11,1.37450798,1.41999975,1.36109781,1.38612829,-0.04549176999999993,-0.025030480000000077
6.103e-11,1.37450798,1.41999975,1.36109781,1.38612829,-0.04549176999999993,-0.025030480000000077
6.203e-11,1.37450798,1.41999975,1.36109781,1.38612829,-0.04549176999999993,-0.025030480000000077
6.303e-11,1.37450798,1.41999975,1.36109781,1.38612829,-0.04549176999999993,-0.025030480000000077
6.403e-11,1.37450797,1.41999975,1.36109781,1.38612829,-0.04549177999999987,-0.025030480000000077
6.503e-11,1.37450797,1.41999975,1.36109781,1.38612829,-0.04549177999999987,-0.025030480000000077
6.603e-11,1.37450797,1.41999975,1.36109781,1.38612829,-0.04549177999999987,-0.025030480000000077
6.703e-11,1.37450797,1.41999975,1.36109781,1.38612829,-0.04549177999999987,-0.025030480000000077
6.803e-11,1.37450797,1.41999976,1.36109781,1.38612829,-0.04549179000000003,-0.025030480000000077
6.903e-11,1.37450797,1.41999976,1.36109781,1.38612829,-0.04549179000000003,-0.025030480000000077
7.003e-11,1.37450797,1.41999976,1.36109781,1.38612829,-0.04549179000000003,-0.025030480000000077
7.103e-11,1.37450797,1.41999976,1.36109781,1.38612829,-0.04549179000000003,-0.025030480000000077
7.203e-11,1.37450797,1.41999976,1.36109781,1.38612829,-0.04549179000000003,-0.025030480000000077
7.303e-11,1.37450797,1.41999976,1.36109781,1.38612829,-0.04549179000000003,-0.025030480000000077
7.403e-11,1.37450797,1.41999976,1.36109781,1.38612829,-0.04549179000000003,-0.025030480000000077
7.503e-11,1.37450797,1.41999976,1.36109781,1.38612829,-0.04549179000000003,-0.025030480000000077
7.603e-11,1.37450797,1.41999976,1.36109781,1.38612829,-0.04549179000000003,-0.025030480000000077
7.703e-11,1.37450797,1.41999976,1.36109781,1.38612829,-0.04549179000000003,-0.025030480000000077
7.803e-11,1.37450797,1.41999976,1.36109781,1.38612829,-0.04549179000000003,-0.025030480000000077
7.903e-11,1.37450797,1.41999976,1.36109781,1.38612829,-0.04549179000000003,-0.025030480000000077
8.003e-11,1.37450797,1.41999976,1.36109781,1.38612829,-0.04549179000000003,-0.025030480000000077
8.103e-11,1.37450796,1.41999976,1.36109781,1.38612829,-0.04549179999999997,-0.025030480000000077
8.203e-11,1.37450796,1.41999976,1.36109781,1.38612829,-0.04549179999999997,-0.025030480000000077
8.303e-11,1.37450796,1.41999976,1.36109781,1.38612829,-0.04549179999999997,-0.025030480000000077
8.403e-11,1.37450796,1.41999976,1.36109781,1.38612829,-0.04549179999999997,-0.025030480000000077
8.503e-11,1.37450796,1.41999976,1.36109781,1.38612829,-0.04549179999999997,-0.025030480000000077
8.603e-11,1.37450796,1.41999977,1.36109781,1.38612829,-0.04549180999999991,-0.025030480000000077
8.703e-11,1.37450796,1.41999977,1.36109781,1.38612829,-0.04549180999999991,-0.025030480000000077
8.803e-11,1.37450796,1.41999977,1.36109781,1.38612829,-0.04549180999999991,-0.025030480000000077
8.903e-11,1.37450796,1.41999977,1.36109781,1.38612829,-0.04549180999999991,-0.025030480000000077
9.003e-11,1.37450796,1.41999977,1.36109781,1.38612829,-0.04549180999999991,-0.025030480000000077
9.103e-11,1.37450796,1.41999977,1.36109781,1.38612829,-0.04549180999999991,-0.025030480000000077
9.203e-11,1.37450796,1.41999977,1.36109781,1.38612829,-0.04549180999999991,-0.025030480000000077
9.303e-11,1.37450796,1.41999977,1.36109781,1.38612829,-0.04549180999999991,-0.025030480000000077
9.403e-11,1.37450796,1.41999977,1.36109781,1.38612829,-0.04549180999999991,-0.025030480000000077
9.503e-11,1.37450796,1.41999977,1.36109781,1.38612829,-0.04549180999999991,-0.025030480000000077
9.603e-11,1.37450796,1.41999977,1.36109781,1.38612829,-0.04549180999999991,-0.025030480000000077
9.703e-11,1.37450795,1.41999977,1.36109781,1.38612829,-0.04549182000000007,-0.025030480000000077
9.803e-11,1.37450795,1.41999977,1.36109781,1.38612829,-0.04549182000000007,-0.025030480000000077
9.903e-11,1.37450795,1.41999977,1.36109781,1.38612829,-0.04549182000000007,-0.025030480000000077
1.0003e-10,1.37450795,1.41999977,1.36109781,1.38612829,-0.04549182000000007,-0.025030480000000077
1.0103e-10,1.37450795,1.41999977,1.36109781,1.38612829,-0.04549182000000007,-0.025030480000000077
1.0203e-10,1.37450795,1.41999977,1.36109781,1.38612829,-0.04549182000000007,-0.025030480000000077
1.0303e-10,1.37450795,1.41999977,1.36109781,1.38612829,-0.04549182000000007,-0.025030480000000077
1.0403e-10,1.37450795,1.41999978,1.36109781,1.38612829,-0.04549183000000001,-0.025030480000000077
1.0503e-10,1.37450795,1.41999978,1.36109781,1.38612829,-0.04549183000000001,-0.025030480000000077
1.0603e-10,1.37450795,1.41999978,1.36109781,1.38612829,-0.04549183000000001,-0.025030480000000077
1.0703e-10,1.37450795,1.41999978,1.36109781,1.38612829,-0.04549183000000001,-0.025030480000000077
1.0803e-10,1.37450795,1.41999978,1.36109781,1.38612829,-0.04549183000000001,-0.025030480000000077
1.0903e-10,1.37450795,1.41999978,1.36109781,1.38612829,-0.04549183000000001,-0.025030480000000077
1.1003e-10,1.37450795,1.41999978,1.36109781,1.38612829,-0.04549183000000001,-0.025030480000000077
1.1103e-10,1.37450795,1.41999978,1.36109781,1.38612829,-0.04549183000000001,-0.025030480000000077
1.1203e-10,1.37450795,1.41999978,1.36109781,1.38612829,-0.04549183000000001,-0.025030480000000077
1.1303e-10,1.37450795,1.41999978,1.36109781,1.38612829,-0.04549183000000001,-0.025030480000000077
1.1403e-10,1.37450795,1.41999978,1.36109781,1.38612829,-0.04549183000000001,-0.025030480000000077
1.1503e-10,1.37450794,1.41999978,1.36109781,1.38612829,-0.04549183999999995,-0.025030480000000077
1.1603e-10,1.37450794,1.41999978,1.36109781,1.38612829,-0.04549183999999995,-0.025030480000000077
1.1703e-10,1.37450794,1.41999978,1.36109781,1.38612829,-0.04549183999999995,-0.025030480000000077
1.1803e-10,1.37450794,1.41999978,1.36109781,1.38612829,-0.04549183999999995,-0.025030480000000077
1.1903e-10,1.37450794,1.41999978,1.36109781,1.38612829,-0.04549183999999995,-0.025030480000000077
1.2003e-10,1.37450794,1.41999978,1.36109781,1.38612829,-0.04549183999999995,-0.025030480000000077
1.2103e-10,1.37450794,1.41999979,1.36109781,1.38612829,-0.04549185000000011,-0.025030480000000077
1.2203e-10,1.37450794,1.41999979,1.36109781,1.38612829,-0.04549185000000011,-0.025030480000000077
1.2303e-10,1.37450794,1.41999979,1.36109781,1.38612829,-0.04549185000000011,-0.025030480000000077
1.2403e-10,1.37450794,1.41999979,1.36109781,1.38612829,-0.04549185000000011,-0.025030480000000077
1.2503e-10,1.37450794,1.41999979,1.36109781,1.38612829,-0.04549185000000011,-0.025030480000000077
1.2603e-10,1.37450794,1.41999979,1.36109781,1.38612829,-0.04549185000000011,-0.025030480000000077
1.2703e-10,1.37450794,1.41999979,1.36109781,1.38612829,-0.04549185000000011,-0.025030480000000077
1.2803e-10,1.37450794,1.41999979,1.36109781,1.38612829,-0.04549185000000011,-0.025030480000000077
1.2903e-10,1.37450794,1.41999979,1.36109781,1.38612829,-0.04549185000000011,-0.025030480000000077
1.3003e-10,1.37450794,1.41999979,1.36109781,1.38612829,-0.04549185000000011,-0.025030480000000077
1.3103e-10,1.37450794,1.41999979,1.36109781,1.38612829,-0.04549185000000011,-0.025030480000000077
1.3203e-10,1.37450793,1.41999979,1.36109781,1.38612829,-0.04549186000000005,-0.025030480000000077
1.3303e-10,1.37450793,1.41999979,1.36109781,1.38612829,-0.04549186000000005,-0.025030480000000077
1.3403e-10,1.37450793,1.41999979,1.36109781,1.38612829,-0.04549186000000005,-0.025030480000000077
1.3503e-10,1.37450793,1.41999979,1.36109781,1.38612829,-0.04549186000000005,-0.025030480000000077
1.3603e-10,1.37450793,1.41999979,1.36109781,1.38612829,-0.04549186000000005,-0.025030480000000077
1.3703e-10,1.37450793,1.41999979,1.36109781,1.38612829,-0.04549186000000005,-0.025030480000000077
1.3803e-10,1.37450793,1.41999979,1.36109781,1.38612829,-0.04549186000000005,-0.025030480000000077
1.3903e-10,1.37450793,1.4199998,1.36109781,1.38612829,-0.04549186999999999,-0.025030480000000077
1.4003e-10,1.37450793,1.4199998,1.36109781,1.38612829,-0.04549186999999999,-0.025030480000000077
1.4103e-10,1.37450793,1.4199998,1.36109781,1.38612829,-0.04549186999999999,-0.025030480000000077
1.4203e-10,1.37450793,1.4199998,1.36109781,1.38612829,-0.04549186999999999,-0.025030480000000077
1.4303e-10,1.37450793,1.4199998,1.36109781,1.38612829,-0.04549186999999999,-0.025030480000000077
1.4403e-10,1.37450793,1.4199998,1.36109781,1.38612829,-0.04549186999999999,-0.025030480000000077
1.4503e-10,1.37450793,1.4199998,1.36109781,1.38612829,-0.04549186999999999,-0.025030480000000077
1.4603e-10,1.37450793,1.4199998,1.36109781,1.38612829,-0.04549186999999999,-0.025030480000000077
1.4703e-10,1.37450793,1.4199998,1.36109781,1.38612829,-0.04549186999999999,-0.025030480000000077
1.4803e-10,1.37450793,1.4199998,1.36109781,1.38612829,-0.04549186999999999,-0.025030480000000077
1.4903e-10,1.37450792,1.4199998,1.36109781,1.38612829,-0.04549187999999993,-0.025030480000000077
1.5003e-10,1.37450792,1.4199998,1.36109781,1.38612829,-0.04549187999999993,-0.025030480000000077
1.5103e-10,1.37450792,1.4199998,1.36109781,1.38612829,-0.04549187999999993,-0.025030480000000077
1.5203e-10,1.37450792,1.4199998,1.36109781,1.38612829,-0.04549187999999993,-0.025030480000000077
1.5303e-10,1.37450792,1.4199998,1.36109781,1.38612829,-0.04549187999999993,-0.025030480000000077
1.5403e-10,1.37450792,1.4199998,1.36109781,1.38612829,-0.04549187999999993,-0.025030480000000077
1.5503e-10,1.37450792,1.4199998,1.36109781,1.38612829,-0.04549187999999993,-0.025030480000000077
1.5603e-10,1.37450792,1.4199998,1.36109781,1.38612829,-0.04549187999999993,-0.025030480000000077
1.5703e-10,1.37450792,1.41999981,1.36109781,1.38612829,-0.04549188999999987,-0.025030480000000077
1.5803e-10,1.37450792,1.41999981,1.36109781,1.38612829,-0.04549188999999987,-0.025030480000000077
1.5903e-10,1.37450792,1.41999981,1.36109781,1.38612829,-0.04549188999999987,-0.025030480000000077
1.6003e-10,1.37450792,1.41999981,1.36109781,1.38612829,-0.04549188999999987,-0.025030480000000077
1.6103e-10,1.37450792,1.41999981,1.36109781,1.38612829,-0.04549188999999987,-0.025030480000000077
1.6203e-10,1.37450792,1.41999981,1.36109781,1.38612829,-0.04549188999999987,-0.025030480000000077
1.6303e-10,1.37450792,1.41999981,1.36109781,1.38612829,-0.04549188999999987,-0.025030480000000077
1.6403e-10,1.37450792,1.41999981,1.36109781,1.38612829,-0.04549188999999987,-0.025030480000000077
1.6503e-10,1.37450792,1.41999981,1.36109781,1.38612829,-0.04549188999999987,-0.025030480000000077
1.6603e-10,1.37450792,1.41999981,1.36109781,1.38612829,-0.04549188999999987,-0.025030480000000077
1.6703e-10,1.37450791,1.41999981,1.36109781,1.38612829,-0.04549190000000003,-0.025030480000000077
1.6803e-10,1.37450791,1.41999981,1.36109781,1.38612829,-0.04549190000000003,-0.025030480000000077
1.6903e-10,1.37450791,1.41999981,1.36109781,1.38612829,-0.04549190000000003,-0.025030480000000077
1.7003e-10,1.37450791,1.41999981,1.36109781,1.38612829,-0.04549190000000003,-0.025030480000000077
1.7103e-10,1.37450791,1.41999981,1.36109781,1.38612829,-0.04549190000000003,-0.025030480000000077
1.7203e-10,1.37450791,1.41999981,1.36109781,1.38612829,-0.04549190000000003,-0.025030480000000077
1.7303e-10,1.37450791,1.41999981,1.36109781,1.38612829,-0.04549190000000003,-0.025030480000000077
1.7403e-10,1.37450791,1.41999982,1.36109781,1.38612829,-0.04549190999999997,-0.025030480000000077
1.7503e-10,1.37450791,1.41999982,1.36109781,1.38612829,-0.04549190999999997,-0.025030480000000077
1.7603e-10,1.37450791,1.41999982,1.36109781,1.38612829,-0.04549190999999997,-0.025030480000000077
1.7703e-10,1.37450791,1.41999982,1.36109781,1.38612829,-0.04549190999999997,-0.025030480000000077
1.7803e-10,1.37450791,1.41999982,1.36109781,1.38612829,-0.04549190999999997,-0.025030480000000077
1.7903e-10,1.37450791,1.41999982,1.36109781,1.38612829,-0.04549190999999997,-0.025030480000000077
1.8003e-10,1.37450791,1.41999982,1.36109781,1.38612829,-0.04549190999999997,-0.025030480000000077
1.8103e-10,1.37450791,1.41999982,1.36109781,1.38612829,-0.04549190999999997,-0.025030480000000077
1.8203e-10,1.37450791,1.41999982,1.36109781,1.38612829,-0.04549190999999997,-0.025030480000000077
1.8303e-10,1.37450791,1.41999982,1.36109781,1.38612829,-0.04549190999999997,-0.025030480000000077
1.8403e-10,1.3745079,1.41999982,1.36109781,1.38612829,-0.04549191999999991,-0.025030480000000077
1.8503e-10,1.3745079,1.41999982,1.36109781,1.38612829,-0.04549191999999991,-0.025030480000000077
1.8603e-10,1.3745079,1.41999982,1.36109781,1.38612829,-0.04549191999999991,-0.025030480000000077
1.8703e-10,1.3745079,1.41999982,1.36109781,1.38612829,-0.04549191999999991,-0.025030480000000077
1.8803e-10,1.3745079,1.41999982,1.36109781,1.38612829,-0.04549191999999991,-0.025030480000000077
1.8903e-10,1.3745079,1.41999982,1.36109781,1.38612829,-0.04549191999999991,-0.025030480000000077
1.9003e-10,1.3745079,1.41999982,1.36109781,1.38612829,-0.04549191999999991,-0.025030480000000077
1.9103e-10,1.3745079,1.41999982,1.36109781,1.38612829,-0.04549191999999991,-0.025030480000000077
1.9203e-10,1.3745079,1.41999983,1.36109781,1.38612829,-0.04549193000000007,-0.025030480000000077
1.9303e-10,1.3745079,1.41999983,1.36109781,1.38612829,-0.04549193000000007,-0.025030480000000077
1.9403e-10,1.3745079,1.41999983,1.36109781,1.38612829,-0.04549193000000007,-0.025030480000000077
1.9503e-10,1.3745079,1.41999983,1.36109781,1.38612829,-0.04549193000000007,-0.025030480000000077
1.9603e-10,1.3745079,1.41999983,1.36109781,1.38612829,-0.04549193000000007,-0.025030480000000077
1.9703e-10,1.3745079,1.41999983,1.36109781,1.38612829,-0.04549193000000007,-0.025030480000000077
1.9803e-10,1.3745079,1.41999983,1.36109781,1.38612829,-0.04549193000000007,-0.025030480000000077
1.9903e-10,1.3745079,1.41999983,1.36109781,1.38612829,-0.04549193000000007,-0.025030480000000077
2.0003e-10,1.3745079,1.41999983,1.36109781,1.38612829,-0.04549193000000007,-0.025030480000000077
2.0103e-10,1.3745079,1.41999983,1.36109781,1.38612829,-0.04549193000000007,-0.025030480000000077
2.0203e-10,1.37450789,1.41999983,1.36109781,1.38612829,-0.04549194000000001,-0.025030480000000077
2.0303e-10,1.37450789,1.41999983,1.36109781,1.38612829,-0.04549194000000001,-0.025030480000000077
2.0403e-10,1.37450789,1.41999983,1.36109781,1.38612829,-0.04549194000000001,-0.025030480000000077
2.0503e-10,1.37450789,1.41999983,1.36109781,1.38612829,-0.04549194000000001,-0.025030480000000077
2.0603e-10,1.37450789,1.41999983,1.36109781,1.38612829,-0.04549194000000001,-0.025030480000000077
2.0703e-10,1.37450789,1.41999983,1.36109781,1.38612829,-0.04549194000000001,-0.025030480000000077
2.0803e-10,1.37450789,1.41999983,1.36109781,1.38612829,-0.04549194000000001,-0.025030480000000077
2.0903e-10,1.37450789,1.41999984,1.36109781,1.38612829,-0.04549194999999995,-0.025030480000000077
2.1003e-10,1.37450789,1.41999984,1.36109781,1.38612829,-0.04549194999999995,-0.025030480000000077
2.1103e-10,1.37450789,1.41999984,1.36109781,1.38612829,-0.04549194999999995,-0.025030480000000077
2.1203e-10,1.37450789,1.41999984,1.36109781,1.38612829,-0.04549194999999995,-0.025030480000000077
2.1303e-10,1.37450789,1.41999984,1.36109781,1.38612829,-0.04549194999999995,-0.025030480000000077
2.1403e-10,1.37450789,1.41999984,1.36109781,1.38612829,-0.04549194999999995,-0.025030480000000077
2.1503e-10,1.37450789,1.41999984,1.36109781,1.38612829,-0.04549194999999995,-0.025030480000000077
2.1603e-10,1.37450789,1.41999984,1.36109781,1.38612829,-0.04549194999999995,-0.025030480000000077
2.1703e-10,1.37450789,1.41999984,1.36109781,1.38612829,-0.04549194999999995,-0.025030480000000077
2.1803e-10,1.37450789,1.41999984,1.36109781,1.38612829,-0.04549194999999995,-0.025030480000000077
2.1903e-10,1.37450788,1.41999984,1.36109781,1.38612829,-0.04549196000000011,-0.025030480000000077
2.2003e-10,1.37450788,1.41999984,1.36109781,1.38612829,-0.04549196000000011,-0.025030480000000077
2.2103e-10,1.37450788,1.41999984,1.36109781,1.38612829,-0.04549196000000011,-0.025030480000000077
2.21155e-10,1.37450788,1.41999984,1.36109781,1.38612829,-0.04549196000000011,-0.025030480000000077
2.21405e-10,1.37450788,1.41999984,1.36109781,1.38612829,-0.04549196000000011,-0.025030480000000077
2.21905e-10,1.37450788,1.41999984,1.36109781,1.38612829,-0.04549196000000011,-0.025030480000000077
2.2203e-10,1.37450788,1.41999984,1.36109781,1.38612829,-0.04549196000000011,-0.025030480000000077
2.2228e-10,1.37450788,1.41999984,1.36109781,1.38612829,-0.04549196000000011,-0.025030480000000077
2.2278e-10,1.37450788,1.41999984,1.36109781,1.38612829,-0.04549196000000011,-0.025030480000000077
2.2378e-10,1.37450788,1.41999984,1.36109781,1.38612829,-0.04549196000000011,-0.025030480000000077
2.2478e-10,1.37450788,1.41999984,1.36109781,1.38612829,-0.04549196000000011,-0.025030480000000077
2.2578e-10,1.37450788,1.41999984,1.36109781,1.38612829,-0.04549196000000011,-0.025030480000000077
2.2678e-10,1.37450788,1.41999985,1.36109781,1.38612829,-0.04549197000000005,-0.025030480000000077
2.2778e-10,1.37450788,1.41999985,1.36109781,1.38612829,-0.04549197000000005,-0.025030480000000077
2.2878e-10,1.37450788,1.41999985,1.36109781,1.38612829,-0.04549197000000005,-0.025030480000000077
2.2978e-10,1.37450788,1.41999985,1.36109781,1.38612829,-0.04549197000000005,-0.025030480000000077
2.3078e-10,1.37450788,1.41999985,1.36109781,1.38612829,-0.04549197000000005,-0.025030480000000077
2.3178e-10,1.37450788,1.41999985,1.36109781,1.38612829,-0.04549197000000005,-0.025030480000000077
2.3278e-10,1.37450788,1.41999985,1.36109781,1.38612829,-0.04549197000000005,-0.025030480000000077
2.3378e-10,1.37450788,1.41999985,1.36109781,1.38612829,-0.04549197000000005,-0.025030480000000077
2.3478e-10,1.37450788,1.41999985,1.36109781,1.38612829,-0.04549197000000005,-0.025030480000000077
2.3578e-10,1.37450788,1.41999985,1.36109781,1.38612829,-0.04549197000000005,-0.025030480000000077
2.3678e-10,1.37450787,1.41999985,1.36109781,1.38612829,-0.04549197999999999,-0.025030480000000077
2.3778e-10,1.37450787,1.41999985,1.36109781,1.38612829,-0.04549197999999999,-0.025030480000000077
2.3878e-10,1.37450787,1.41999985,1.36109781,1.38612829,-0.04549197999999999,-0.025030480000000077
2.3978e-10,1.37450787,1.41999985,1.36109781,1.38612829,-0.04549197999999999,-0.025030480000000077
2.4078e-10,1.37450787,1.41999985,1.36109781,1.38612829,-0.04549197999999999,-0.025030480000000077
2.4178e-10,1.37450787,1.41999985,1.36109781,1.38612829,-0.04549197999999999,-0.025030480000000077
2.4278e-10,1.37450787,1.41999985,1.36109781,1.38612829,-0.04549197999999999,-0.025030480000000077
2.4378e-10,1.37450787,1.41999985,1.36109781,1.38612829,-0.04549197999999999,-0.025030480000000077
2.4478e-10,1.37450787,1.41999986,1.36109781,1.38612829,-0.04549198999999993,-0.025030480000000077
2.4578e-10,1.37450787,1.41999986,1.36109781,1.38612829,-0.04549198999999993,-0.025030480000000077
2.4678e-10,1.37450787,1.41999986,1.36109781,1.38612829,-0.04549198999999993,-0.025030480000000077
2.4778e-10,1.37450787,1.41999986,1.36109781,1.38612829,-0.04549198999999993,-0.025030480000000077
2.4878e-10,1.37450787,1.41999986,1.36109781,1.38612829,-0.04549198999999993,-0.025030480000000077
2.4978e-10,1.37450787,1.41999986,1.36109781,1.38612829,-0.04549198999999993,-0.025030480000000077
2.5078e-10,1.37450787,1.41999986,1.36109781,1.38612829,-0.04549198999999993,-0.025030480000000077
2.5178e-10,1.37450787,1.41999986,1.36109781,1.38612829,-0.04549198999999993,-0.025030480000000077
2.5278e-10,1.37450787,1.41999986,1.36109781,1.38612829,-0.04549198999999993,-0.025030480000000077
2.5378e-10,1.37450787,1.41999986,1.36109781,1.38612829,-0.04549198999999993,-0.025030480000000077
2.5478e-10,1.37450786,1.41999986,1.36109781,1.38612829,-0.045491999999999866,-0.025030480000000077
2.5578e-10,1.37450786,1.41999986,1.36109781,1.38612829,-0.045491999999999866,-0.025030480000000077
2.5678e-10,1.37450786,1.41999986,1.36109781,1.38612829,-0.045491999999999866,-0.025030480000000077
2.5778e-10,1.37450786,1.41999986,1.36109781,1.38612829,-0.045491999999999866,-0.025030480000000077
2.5878e-10,1.37450786,1.41999986,1.36109781,1.38612829,-0.045491999999999866,-0.025030480000000077
2.5978e-10,1.37450786,1.41999986,1.36109781,1.38612829,-0.045491999999999866,-0.025030480000000077
2.6078e-10,1.37450786,1.41999986,1.36109781,1.38612829,-0.045491999999999866,-0.025030480000000077
2.6178e-10,1.37450786,1.41999987,1.36109781,1.38612829,-0.04549201000000003,-0.025030480000000077
2.6278e-10,1.37450786,1.41999987,1.36109781,1.38612829,-0.04549201000000003,-0.025030480000000077
2.6378e-10,1.37450786,1.41999987,1.36109781,1.38612829,-0.04549201000000003,-0.025030480000000077
2.6478e-10,1.37450786,1.41999987,1.36109781,1.38612829,-0.04549201000000003,-0.025030480000000077
2.6578e-10,1.37450786,1.41999987,1.36109781,1.38612829,-0.04549201000000003,-0.025030480000000077
2.6678e-10,1.37450786,1.41999987,1.36109781,1.38612829,-0.04549201000000003,-0.025030480000000077
2.6778e-10,1.37450786,1.41999987,1.36109781,1.38612829,-0.04549201000000003,-0.025030480000000077
2.6878e-10,1.37450786,1.41999987,1.36109781,1.38612829,-0.04549201000000003,-0.025030480000000077
2.6978e-10,1.37450786,1.41999987,1.36109781,1.38612829,-0.04549201000000003,-0.025030480000000077
2.7078e-10,1.37450786,1.41999987,1.36109781,1.38612829,-0.04549201000000003,-0.025030480000000077
2.7178e-10,1.37450786,1.41999987,1.36109781,1.38612829,-0.04549201000000003,-0.025030480000000077
2.7278e-10,1.37450785,1.41999987,1.36109781,1.38612829,-0.045492019999999966,-0.025030480000000077
2.7378e-10,1.37450785,1.41999987,1.36109781,1.38612829,-0.045492019999999966,-0.025030480000000077
2.7478e-10,1.37450785,1.41999987,1.36109781,1.38612829,-0.045492019999999966,-0.025030480000000077
2.7578e-10,1.37450785,1.41999987,1.36109781,1.38612829,-0.045492019999999966,-0.025030480000000077
2.7678e-10,1.37450785,1.41999987,1.36109781,1.38612829,-0.045492019999999966,-0.025030480000000077
2.7778e-10,1.37450785,1.41999987,1.36109781,1.38612829,-0.045492019999999966,-0.025030480000000077
2.7878e-10,1.37450785,1.41999987,1.36109781,1.38612829,-0.045492019999999966,-0.025030480000000077
2.7978e-10,1.37450785,1.41999988,1.36109781,1.38612829,-0.045492029999999906,-0.025030480000000077
2.8078e-10,1.37450785,1.41999988,1.36109781,1.38612829,-0.045492029999999906,-0.025030480000000077
2.8178e-10,1.37450785,1.41999988,1.36109781,1.38612829,-0.045492029999999906,-0.025030480000000077
2.8278e-10,1.37450785,1.41999988,1.36109781,1.38612829,-0.045492029999999906,-0.025030480000000077
2.8378e-10,1.37450785,1.41999988,1.36109781,1.38612829,-0.045492029999999906,-0.025030480000000077
2.8478e-10,1.37450785,1.41999988,1.36109781,1.38612829,-0.045492029999999906,-0.025030480000000077
2.8578e-10,1.37450785,1.41999988,1.36109781,1.38612829,-0.045492029999999906,-0.025030480000000077
2.8678e-10,1.37450785,1.41999988,1.36109781,1.38612829,-0.045492029999999906,-0.025030480000000077
2.8778e-10,1.37450785,1.41999988,1.36109781,1.38612829,-0.045492029999999906,-0.025030480000000077
2.8878e-10,1.37450785,1.41999988,1.36109781,1.38612829,-0.045492029999999906,-0.025030480000000077
2.8978e-10,1.37450784,1.41999988,1.36109781,1.38612829,-0.04549204000000007,-0.025030480000000077
2.9078e-10,1.37450784,1.41999988,1.36109781,1.38612829,-0.04549204000000007,-0.025030480000000077
2.9178e-10,1.37450784,1.41999988,1.36109781,1.38612829,-0.04549204000000007,-0.025030480000000077
2.9278e-10,1.37450784,1.41999988,1.36109781,1.38612829,-0.04549204000000007,-0.025030480000000077
2.9378e-10,1.37450784,1.41999988,1.36109781,1.38612829,-0.04549204000000007,-0.025030480000000077
2.9478e-10,1.37450784,1.41999988,1.36109781,1.38612829,-0.04549204000000007,-0.025030480000000077
2.9578e-10,1.37450784,1.41999988,1.36109781,1.38612829,-0.04549204000000007,-0.025030480000000077
2.9678e-10,1.37450784,1.41999988,1.36109781,1.38612829,-0.04549204000000007,-0.025030480000000077
2.9778e-10,1.37450784,1.41999989,1.36109781,1.38612829,-0.045492050000000006,-0.025030480000000077
2.9878e-10,1.37450784,1.41999989,1.36109781,1.38612829,-0.045492050000000006,-0.025030480000000077
2.9978e-10,1.37450784,1.41999989,1.36109781,1.38612829,-0.045492050000000006,-0.025030480000000077
3.0078e-10,1.37450784,1.41999989,1.36109781,1.38612829,-0.045492050000000006,-0.025030480000000077
3.0178e-10,1.37450784,1.41999989,1.36109781,1.38612829,-0.045492050000000006,-0.025030480000000077
3.0278e-10,1.37450784,1.41999989,1.36109781,1.38612829,-0.045492050000000006,-0.025030480000000077
3.0378e-10,1.37450784,1.41999989,1.36109781,1.38612829,-0.045492050000000006,-0.025030480000000077
3.0478e-10,1.37450784,1.41999989,1.36109781,1.38612829,-0.045492050000000006,-0.025030480000000077
3.0578e-10,1.37450784,1.41999989,1.36109781,1.38612829,-0.045492050000000006,-0.025030480000000077
3.0678e-10,1.37450784,1.41999989,1.36109781,1.38612829,-0.045492050000000006,-0.025030480000000077
3.0778e-10,1.37450783,1.41999989,1.36109781,1.38612829,-0.045492059999999945,-0.025030480000000077
3.0878e-10,1.37450783,1.41999989,1.36109781,1.38612829,-0.045492059999999945,-0.025030480000000077
3.0978e-10,1.37450783,1.41999989,1.36109781,1.38612829,-0.045492059999999945,-0.025030480000000077
3.1078e-10,1.37450783,1.41999989,1.36109781,1.38612829,-0.045492059999999945,-0.025030480000000077
3.1178e-10,1.37450783,1.41999989,1.36109781,1.38612829,-0.045492059999999945,-0.025030480000000077
3.1278e-10,1.37450783,1.41999989,1.36109781,1.38612829,-0.045492059999999945,-0.025030480000000077
3.1378e-10,1.37450783,1.41999989,1.36109781,1.38612829,-0.045492059999999945,-0.025030480000000077
3.1478e-10,1.37450783,1.4199999,1.36109781,1.38612829,-0.04549207000000011,-0.025030480000000077
3.1578e-10,1.37450783,1.4199999,1.36109781,1.38612829,-0.04549207000000011,-0.025030480000000077
3.1678e-10,1.37450783,1.4199999,1.36109781,1.38612829,-0.04549207000000011,-0.025030480000000077
3.1778e-10,1.37450783,1.4199999,1.36109781,1.38612829,-0.04549207000000011,-0.025030480000000077
3.1878e-10,1.37450783,1.4199999,1.36109781,1.38612829,-0.04549207000000011,-0.025030480000000077
3.1978e-10,1.37450783,1.4199999,1.36109781,1.38612829,-0.04549207000000011,-0.025030480000000077
3.2078e-10,1.37450783,1.4199999,1.36109781,1.38612829,-0.04549207000000011,-0.025030480000000077
3.2178e-10,1.37450783,1.4199999,1.36109781,1.38612829,-0.04549207000000011,-0.025030480000000077
3.2278e-10,1.37450783,1.4199999,1.36109781,1.38612829,-0.04549207000000011,-0.025030480000000077
3.2378e-10,1.37450783,1.4199999,1.36109781,1.38612829,-0.04549207000000011,-0.025030480000000077
3.2478e-10,1.37450783,1.4199999,1.36109781,1.38612829,-0.04549207000000011,-0.025030480000000077
3.2578e-10,1.37450782,1.4199999,1.36109781,1.38612829,-0.045492080000000046,-0.025030480000000077
3.2678e-10,1.37450782,1.4199999,1.36109781,1.38612829,-0.045492080000000046,-0.025030480000000077
3.2778e-10,1.37450782,1.4199999,1.36109781,1.38612829,-0.045492080000000046,-0.025030480000000077
3.2878e-10,1.37450782,1.4199999,1.36109781,1.38612829,-0.045492080000000046,-0.025030480000000077
3.2978e-10,1.37450782,1.4199999,1.36109781,1.38612829,-0.045492080000000046,-0.025030480000000077
3.3078e-10,1.37450782,1.4199999,1.36109781,1.38612829,-0.045492080000000046,-0.025030480000000077
3.3178e-10,1.37450782,1.4199999,1.36109781,1.38612829,-0.045492080000000046,-0.025030480000000077
3.3278e-10,1.37450782,1.41999991,1.36109781,1.38612829,-0.045492089999999985,-0.025030480000000077
3.3378e-10,1.37450782,1.41999991,1.36109781,1.38612829,-0.045492089999999985,-0.025030480000000077
3.3478e-10,1.37450782,1.41999991,1.36109781,1.38612829,-0.045492089999999985,-0.025030480000000077
3.3578e-10,1.37450782,1.41999991,1.36109781,1.38612829,-0.045492089999999985,-0.025030480000000077
3.3678e-10,1.37450782,1.41999991,1.36109781,1.38612829,-0.045492089999999985,-0.025030480000000077
3.3778e-10,1.37450782,1.41999991,1.36109781,1.38612829,-0.045492089999999985,-0.025030480000000077
3.3878e-10,1.37450782,1.41999991,1.36109781,1.38612829,-0.045492089999999985,-0.025030480000000077
3.3978e-10,1.37450782,1.41999991,1.36109781,1.38612829,-0.045492089999999985,-0.025030480000000077
3.4078e-10,1.37450782,1.41999991,1.36109781,1.38612829,-0.045492089999999985,-0.025030480000000077
3.4178e-10,1.37450782,1.41999991,1.36109781,1.38612829,-0.045492089999999985,-0.025030480000000077
3.4278e-10,1.37450782,1.41999991,1.36109781,1.38612829,-0.045492089999999985,-0.025030480000000077
3.4378e-10,1.37450781,1.41999991,1.36109781,1.38612829,-0.045492099999999924,-0.025030480000000077
3.4478e-10,1.37450781,1.41999991,1.36109781,1.38612829,-0.045492099999999924,-0.025030480000000077
3.4578e-10,1.37450781,1.41999991,1.36109781,1.38612829,-0.045492099999999924,-0.025030480000000077
3.4678e-10,1.37450781,1.41999991,1.36109781,1.38612829,-0.045492099999999924,-0.025030480000000077
3.4778e-10,1.37450781,1.41999991,1.36109781,1.38612829,-0.045492099999999924,-0.025030480000000077
3.4878e-10,1.37450781,1.41999991,1.36109781,1.38612829,-0.045492099999999924,-0.025030480000000077
3.4978e-10,1.37450781,1.41999991,1.36109781,1.38612829,-0.045492099999999924,-0.025030480000000077
3.5078e-10,1.37450781,1.41999992,1.36109781,1.38612829,-0.045492109999999863,-0.025030480000000077
3.5178e-10,1.37450781,1.41999992,1.36109781,1.38612829,-0.045492109999999863,-0.025030480000000077
3.5278e-10,1.37450781,1.41999992,1.36109781,1.38612829,-0.045492109999999863,-0.025030480000000077
3.5378e-10,1.37450781,1.41999992,1.36109781,1.38612829,-0.045492109999999863,-0.025030480000000077
3.5478e-10,1.37450781,1.41999992,1.36109781,1.38612829,-0.045492109999999863,-0.025030480000000077
3.5578e-10,1.37450781,1.41999992,1.36109781,1.38612829,-0.045492109999999863,-0.025030480000000077
3.5678e-10,1.37450781,1.41999992,1.36109781,1.38612829,-0.045492109999999863,-0.025030480000000077
3.5778e-10,1.37450781,1.41999992,1.36109781,1.38612829,-0.045492109999999863,-0.025030480000000077
3.5878e-10,1.37450781,1.41999992,1.36109781,1.38612829,-0.045492109999999863,-0.025030480000000077
3.5978e-10,1.37450781,1.41999992,1.36109781,1.38612829,-0.045492109999999863,-0.025030480000000077
3.6078e-10,1.37450781,1.41999992,1.36109781,1.38612829,-0.045492109999999863,-0.025030480000000077
3.6178e-10,1.3745078,1.41999992,1.36109781,1.38612829,-0.045492120000000025,-0.025030480000000077
3.6278e-10,1.3745078,1.41999992,1.36109781,1.38612829,-0.045492120000000025,-0.025030480000000077
3.6378e-10,1.3745078,1.41999992,1.36109781,1.38612829,-0.045492120000000025,-0.025030480000000077
3.6478e-10,1.3745078,1.41999992,1.36109781,1.38612829,-0.045492120000000025,-0.025030480000000077
3.6578e-10,1.3745078,1.41999992,1.36109781,1.38612829,-0.045492120000000025,-0.025030480000000077
3.6678e-10,1.3745078,1.41999992,1.36109781,1.38612829,-0.045492120000000025,-0.025030480000000077
3.6778e-10,1.3745078,1.41999993,1.36109781,1.38612829,-0.045492129999999964,-0.025030480000000077
3.6878e-10,1.3745078,1.41999993,1.36109781,1.38612829,-0.045492129999999964,-0.025030480000000077
3.6978e-10,1.3745078,1.41999993,1.36109781,1.38612829,-0.045492129999999964,-0.025030480000000077
3.7078e-10,1.3745078,1.41999993,1.36109781,1.38612829,-0.045492129999999964,-0.025030480000000077
3.7178e-10,1.3745078,1.41999993,1.36109781,1.38612829,-0.045492129999999964,-0.025030480000000077
3.7278e-10,1.3745078,1.41999993,1.36109781,1.38612829,-0.045492129999999964,-0.025030480000000077
3.7378e-10,1.3745078,1.41999993,1.36109781,1.38612829,-0.045492129999999964,-0.025030480000000077
3.7478e-10,1.3745078,1.41999993,1.36109781,1.38612829,-0.045492129999999964,-0.025030480000000077
3.7578e-10,1.3745078,1.41999993,1.36109781,1.38612829,-0.045492129999999964,-0.025030480000000077
3.7678e-10,1.3745078,1.41999993,1.36109781,1.38612829,-0.045492129999999964,-0.025030480000000077
3.7778e-10,1.3745078,1.41999993,1.36109781,1.38612829,-0.045492129999999964,-0.025030480000000077
3.7878e-10,1.3745078,1.41999993,1.36109781,1.38612829,-0.045492129999999964,-0.025030480000000077
3.7978e-10,1.37450779,1.41999993,1.36109781,1.38612829,-0.0454921399999999,-0.025030480000000077
3.8078e-10,1.37450779,1.41999993,1.36109781,1.38612829,-0.0454921399999999,-0.025030480000000077
3.8178e-10,1.37450779,1.41999993,1.36109781,1.38612829,-0.0454921399999999,-0.025030480000000077
3.8278e-10,1.37450779,1.41999993,1.36109781,1.38612829,-0.0454921399999999,-0.025030480000000077
3.8378e-10,1.37450779,1.41999993,1.36109781,1.38612829,-0.0454921399999999,-0.025030480000000077
3.8478e-10,1.37450779,1.41999993,1.36109781,1.38612829,-0.0454921399999999,-0.025030480000000077
3.8578e-10,1.37450779,1.41999994,1.36109781,1.38612829,-0.045492150000000064,-0.025030480000000077
3.8678e-10,1.37450779,1.41999994,1.36109781,1.38612829,-0.045492150000000064,-0.025030480000000077
3.8778e-10,1.37450779,1.41999994,1.36109781,1.38612829,-0.045492150000000064,-0.025030480000000077
3.8878e-10,1.37450779,1.41999994,1.36109781,1.38612829,-0.045492150000000064,-0.025030480000000077
3.8978e-10,1.37450779,1.41999994,1.36109781,1.38612829,-0.045492150000000064,-0.025030480000000077
3.9078e-10,1.37450779,1.41999994,1.36109781,1.38612829,-0.045492150000000064,-0.025030480000000077
3.9178e-10,1.37450779,1.41999994,1.36109781,1.38612829,-0.045492150000000064,-0.025030480000000077
3.9278e-10,1.37450779,1.41999994,1.36109781,1.38612829,-0.045492150000000064,-0.025030480000000077
3.9378e-10,1.37450779,1.41999994,1.36109781,1.38612829,-0.045492150000000064,-0.025030480000000077
3.9478e-10,1.37450779,1.41999994,1.36109781,1.38612829,-0.045492150000000064,-0.025030480000000077
3.9578e-10,1.37450779,1.41999994,1.36109781,1.38612829,-0.045492150000000064,-0.025030480000000077
3.9678e-10,1.37450779,1.41999994,1.36109781,1.38612829,-0.045492150000000064,-0.025030480000000077
3.9778e-10,1.37450778,1.41999994,1.36109781,1.38612829,-0.045492160000000004,-0.025030480000000077
3.9878e-10,1.37450778,1.41999994,1.36109781,1.38612829,-0.045492160000000004,-0.025030480000000077
3.9978e-10,1.37450778,1.41999994,1.36109781,1.38612829,-0.045492160000000004,-0.025030480000000077
4.0078e-10,1.37450778,1.41999994,1.36109781,1.38612829,-0.045492160000000004,-0.025030480000000077
4.0178e-10,1.37450778,1.41999994,1.36109781,1.38612829,-0.045492160000000004,-0.025030480000000077
4.0278e-10,1.37450778,1.41999994,1.36109781,1.38612829,-0.045492160000000004,-0.025030480000000077
4.0378e-10,1.37450778,1.41999995,1.36109781,1.38612829,-0.04549216999999994,-0.025030480000000077
4.0478e-10,1.37450778,1.41999995,1.36109781,1.38612829,-0.04549216999999994,-0.025030480000000077
4.0578e-10,1.37450778,1.41999995,1.36109781,1.38612829,-0.04549216999999994,-0.025030480000000077
4.0678e-10,1.37450778,1.41999995,1.36109781,1.38612829,-0.04549216999999994,-0.025030480000000077
4.0778e-10,1.37450778,1.41999995,1.36109781,1.38612829,-0.04549216999999994,-0.025030480000000077
4.0878e-10,1.37450778,1.41999995,1.36109781,1.38612829,-0.04549216999999994,-0.025030480000000077
4.0978e-10,1.37450778,1.41999995,1.36109781,1.38612829,-0.04549216999999994,-0.025030480000000077
4.1078e-10,1.37450778,1.41999995,1.36109781,1.38612829,-0.04549216999999994,-0.025030480000000077
4.1178e-10,1.37450778,1.41999995,1.36109781,1.38612829,-0.04549216999999994,-0.025030480000000077
4.1278e-10,1.37450778,1.41999995,1.36109781,1.38612829,-0.04549216999999994,-0.025030480000000077
4.1378e-10,1.37450778,1.41999995,1.36109781,1.38612829,-0.04549216999999994,-0.025030480000000077
4.1478e-10,1.37450778,1.41999995,1.36109781,1.38612829,-0.04549216999999994,-0.025030480000000077
4.1578e-10,1.37450777,1.41999995,1.36109781,1.38612829,-0.045492180000000104,-0.025030480000000077
4.1678e-10,1.37450777,1.41999995,1.36109781,1.38612829,-0.045492180000000104,-0.025030480000000077
4.1778e-10,1.37450777,1.41999995,1.36109781,1.38612829,-0.045492180000000104,-0.025030480000000077
4.1878e-10,1.37450777,1.41999995,1.36109781,1.38612829,-0.045492180000000104,-0.025030480000000077
4.1978e-10,1.37450777,1.41999995,1.36109781,1.38612829,-0.045492180000000104,-0.025030480000000077
4.2078e-10,1.37450777,1.41999995,1.36109781,1.38612829,-0.045492180000000104,-0.025030480000000077
4.2178e-10,1.37450777,1.41999996,1.36109781,1.38612829,-0.04549219000000004,-0.025030480000000077
4.2278e-10,1.37450777,1.41999996,1.36109781,1.38612829,-0.04549219000000004,-0.025030480000000077
4.2378e-10,1.37450777,1.41999996,1.36109781,1.38612829,-0.04549219000000004,-0.025030480000000077
4.2478e-10,1.37450777,1.41999996,1.36109781,1.38612829,-0.04549219000000004,-0.025030480000000077
4.2578e-10,1.37450777,1.41999996,1.36109781,1.38612829,-0.04549219000000004,-0.025030480000000077
4.2678e-10,1.37450777,1.41999996,1.36109781,1.38612829,-0.04549219000000004,-0.025030480000000077
4.2778e-10,1.37450777,1.41999996,1.36109781,1.38612829,-0.04549219000000004,-0.025030480000000077
4.2878e-10,1.37450777,1.41999996,1.36109781,1.38612829,-0.04549219000000004,-0.025030480000000077
4.2978e-10,1.37450777,1.41999996,1.36109781,1.38612829,-0.04549219000000004,-0.025030480000000077
4.3078e-10,1.37450777,1.41999996,1.36109781,1.38612829,-0.04549219000000004,-0.025030480000000077
4.3178e-10,1.37450777,1.41999996,1.36109781,1.38612829,-0.04549219000000004,-0.025030480000000077
4.3278e-10,1.37450777,1.41999996,1.36109781,1.38612829,-0.04549219000000004,-0.025030480000000077
4.3378e-10,1.37450776,1.41999996,1.36109781,1.38612829,-0.04549219999999998,-0.025030480000000077
4.3478e-10,1.37450776,1.41999996,1.36109781,1.38612829,-0.04549219999999998,-0.025030480000000077
4.3578e-10,1.37450776,1.41999996,1.36109781,1.38612829,-0.04549219999999998,-0.025030480000000077
4.3678e-10,1.37450776,1.41999996,1.36109781,1.38612829,-0.04549219999999998,-0.025030480000000077
4.3778e-10,1.37450776,1.41999996,1.36109781,1.38612829,-0.04549219999999998,-0.025030480000000077
4.3878e-10,1.37450776,1.41999997,1.36109781,1.38612829,-0.04549220999999992,-0.025030480000000077
4.3978e-10,1.37450776,1.41999997,1.36109781,1.38612829,-0.04549220999999992,-0.025030480000000077
4.4078e-10,1.37450776,1.41999997,1.36109781,1.38612829,-0.04549220999999992,-0.025030480000000077
4.4178e-10,1.37450776,1.41999997,1.36109781,1.38612829,-0.04549220999999992,-0.025030480000000077
4.4278e-10,1.37450776,1.41999997,1.36109781,1.38612829,-0.04549220999999992,-0.025030480000000077
4.4378e-10,1.37450776,1.41999997,1.36109781,1.38612829,-0.04549220999999992,-0.025030480000000077
4.4478e-10,1.37450776,1.41999997,1.36109781,1.38612829,-0.04549220999999992,-0.025030480000000077
4.4578e-10,1.37450776,1.41999997,1.36109781,1.38612829,-0.04549220999999992,-0.025030480000000077
4.4678e-10,1.37450776,1.41999997,1.36109781,1.38612829,-0.04549220999999992,-0.025030480000000077
4.4778e-10,1.37450776,1.41999997,1.36109781,1.38612829,-0.04549220999999992,-0.025030480000000077
4.4878e-10,1.37450776,1.41999997,1.36109781,1.38612829,-0.04549220999999992,-0.025030480000000077
4.4978e-10,1.37450776,1.41999997,1.36109781,1.38612829,-0.04549220999999992,-0.025030480000000077
4.5078e-10,1.37450775,1.41999997,1.36109781,1.38612829,-0.04549221999999986,-0.025030480000000077
4.5178e-10,1.37450775,1.41999997,1.36109781,1.38612829,-0.04549221999999986,-0.025030480000000077
4.5278e-10,1.37450775,1.41999997,1.36109781,1.38612829,-0.04549221999999986,-0.025030480000000077
4.5378e-10,1.37450775,1.41999997,1.36109781,1.38612829,-0.04549221999999986,-0.025030480000000077
4.5478e-10,1.37450775,1.41999997,1.36109781,1.38612829,-0.04549221999999986,-0.025030480000000077
4.5578e-10,1.37450775,1.41999997,1.36109781,1.38612829,-0.04549221999999986,-0.025030480000000077
4.5678e-10,1.37450775,1.41999998,1.36109781,1.38612829,-0.04549223000000002,-0.025030480000000077
4.5778e-10,1.37450775,1.41999998,1.36109781,1.38612829,-0.04549223000000002,-0.025030480000000077
4.5878e-10,1.37450775,1.41999998,1.36109781,1.38612829,-0.04549223000000002,-0.025030480000000077
4.5978e-10,1.37450775,1.41999998,1.36109781,1.38612829,-0.04549223000000002,-0.025030480000000077
4.6078e-10,1.37450775,1.41999998,1.36109781,1.38612829,-0.04549223000000002,-0.025030480000000077
4.6178e-10,1.37450775,1.41999998,1.36109781,1.38612829,-0.04549223000000002,-0.025030480000000077
4.6278e-10,1.37450775,1.41999998,1.36109781,1.38612829,-0.04549223000000002,-0.025030480000000077
4.6378e-10,1.37450775,1.41999998,1.36109781,1.38612829,-0.04549223000000002,-0.025030480000000077
4.6478e-10,1.37450775,1.41999998,1.36109781,1.38612829,-0.04549223000000002,-0.025030480000000077
4.6578e-10,1.37450775,1.41999998,1.36109781,1.38612829,-0.04549223000000002,-0.025030480000000077
4.6678e-10,1.37450775,1.41999998,1.36109781,1.38612829,-0.04549223000000002,-0.025030480000000077
4.6778e-10,1.37450775,1.41999998,1.36109781,1.38612829,-0.04549223000000002,-0.025030480000000077
4.6878e-10,1.37450775,1.41999998,1.36109781,1.38612829,-0.04549223000000002,-0.025030480000000077
4.6978e-10,1.37450774,1.41999998,1.36109781,1.38612829,-0.04549223999999996,-0.025030480000000077
4.7078e-10,1.37450774,1.41999998,1.36109781,1.38612829,-0.04549223999999996,-0.025030480000000077
4.7178e-10,1.37450774,1.41999998,1.36109781,1.38612829,-0.04549223999999996,-0.025030480000000077
4.7278e-10,1.37450774,1.41999998,1.36109781,1.38612829,-0.04549223999999996,-0.025030480000000077
4.7378e-10,1.37450774,1.41999998,1.36109781,1.38612829,-0.04549223999999996,-0.025030480000000077
4.7478e-10,1.37450774,1.41999999,1.36109781,1.38612829,-0.0454922499999999,-0.025030480000000077
4.7578e-10,1.37450774,1.41999999,1.36109781,1.38612829,-0.0454922499999999,-0.025030480000000077
4.7678e-10,1.37450774,1.41999999,1.36109781,1.38612829,-0.0454922499999999,-0.025030480000000077
4.7778e-10,1.37450774,1.41999999,1.36109781,1.38612829,-0.0454922499999999,-0.025030480000000077
4.7878e-10,1.37450774,1.41999999,1.36109781,1.38612829,-0.0454922499999999,-0.025030480000000077
4.7978e-10,1.37450774,1.41999999,1.36109781,1.38612829,-0.0454922499999999,-0.025030480000000077
4.8078e-10,1.37450774,1.41999999,1.36109781,1.38612829,-0.0454922499999999,-0.025030480000000077
4.8178e-10,1.37450774,1.41999999,1.36109781,1.38612829,-0.0454922499999999,-0.025030480000000077
4.8278e-10,1.37450774,1.41999999,1.36109781,1.38612829,-0.0454922499999999,-0.025030480000000077
4.8378e-10,1.37450774,1.41999999,1.36109781,1.38612829,-0.0454922499999999,-0.025030480000000077
4.8478e-10,1.37450774,1.41999999,1.36109781,1.38612829,-0.0454922499999999,-0.025030480000000077
4.8578e-10,1.37450774,1.41999999,1.36109781,1.38612829,-0.0454922499999999,-0.025030480000000077
4.8678e-10,1.37450774,1.41999999,1.36109781,1.38612829,-0.0454922499999999,-0.025030480000000077
4.8778e-10,1.37450773,1.41999999,1.36109781,1.38612829,-0.04549226000000006,-0.025030480000000077
4.8878e-10,1.37450773,1.41999999,1.36109781,1.38612829,-0.04549226000000006,-0.025030480000000077
4.8978e-10,1.37450773,1.41999999,1.36109781,1.38612829,-0.04549226000000006,-0.025030480000000077
4.9078e-10,1.37450773,1.41999999,1.36109781,1.38612829,-0.04549226000000006,-0.025030480000000077
4.9178e-10,1.37450773,1.41999999,1.36109781,1.38612829,-0.04549226000000006,-0.025030480000000077
4.9278e-10,1.37450773,1.42,1.36109781,1.38612829,-0.04549227,-0.025030480000000077
4.9378e-10,1.37450773,1.42,1.36109781,1.38612829,-0.04549227,-0.025030480000000077
4.9478e-10,1.37450773,1.42,1.36109781,1.38612829,-0.04549227,-0.025030480000000077
4.9578e-10,1.37450773,1.42,1.36109781,1.38612829,-0.04549227,-0.025030480000000077
4.9678e-10,1.37450773,1.42,1.36109781,1.38612829,-0.04549227,-0.025030480000000077
4.9778e-10,1.37450773,1.42,1.36109781,1.38612829,-0.04549227,-0.025030480000000077
4.9878e-10,1.37450773,1.42,1.36109781,1.38612829,-0.04549227,-0.025030480000000077
4.9978e-10,1.37450773,1.42,1.36109781,1.38612829,-0.04549227,-0.025030480000000077
5.0078e-10,1.37450773,1.42,1.36109781,1.38612829,-0.04549227,-0.025030480000000077
5.0178e-10,1.37450773,1.42,1.36109781,1.38612829,-0.04549227,-0.025030480000000077
5.0278e-10,1.37450773,1.42,1.36109781,1.38612829,-0.04549227,-0.025030480000000077
5.0378e-10,1.37450773,1.42,1.36109781,1.38612829,-0.04549227,-0.025030480000000077
5.0478e-10,1.37450773,1.42,1.36109781,1.38612829,-0.04549227,-0.025030480000000077
5.0578e-10,1.37450772,1.42,1.36109781,1.38612829,-0.04549227999999994,-0.025030480000000077
5.0678e-10,1.37450772,1.42,1.36109781,1.38612829,-0.04549227999999994,-0.025030480000000077
5.0778e-10,1.37450772,1.42,1.36109781,1.38612829,-0.04549227999999994,-0.025030480000000077
5.0878e-10,1.37450772,1.42,1.36109781,1.38612829,-0.04549227999999994,-0.025030480000000077
5.0978e-10,1.37450772,1.42,1.36109781,1.38612829,-0.04549227999999994,-0.025030480000000077
5.1078e-10,1.37450772,1.42000001,1.36109781,1.38612829,-0.0454922900000001,-0.025030480000000077
5.1178e-10,1.37450772,1.42000001,1.36109781,1.38612829,-0.0454922900000001,-0.025030480000000077
5.1278e-10,1.37450772,1.42000001,1.36109781,1.38612829,-0.0454922900000001,-0.025030480000000077
5.1378e-10,1.37450772,1.42000001,1.36109781,1.38612829,-0.0454922900000001,-0.025030480000000077
5.1478e-10,1.37450772,1.42000001,1.36109781,1.38612829,-0.0454922900000001,-0.025030480000000077
5.1578e-10,1.37450772,1.42000001,1.36109781,1.38612829,-0.0454922900000001,-0.025030480000000077
5.1678e-10,1.37450772,1.42000001,1.36109781,1.38612829,-0.0454922900000001,-0.025030480000000077
5.1778e-10,1.37450772,1.42000001,1.36109781,1.38612829,-0.0454922900000001,-0.025030480000000077
5.17905e-10,1.37450772,1.42000001,1.36109781,1.38612829,-0.0454922900000001,-0.025030480000000077
5.18155e-10,1.37450772,1.42000001,1.36109781,1.38612829,-0.0454922900000001,-0.025030480000000077
5.18655e-10,1.37450772,1.42000001,1.36109781,1.38612829,-0.0454922900000001,-0.025030480000000077
5.19655e-10,1.37450772,1.42000001,1.36109781,1.38612829,-0.0454922900000001,-0.025030480000000077
5.20655e-10,1.37450772,1.42000001,1.36109781,1.38612829,-0.0454922900000001,-0.025030480000000077
5.21655e-10,1.37450772,1.42000001,1.36109781,1.38612829,-0.0454922900000001,-0.025030480000000077
5.22655e-10,1.37450772,1.42000001,1.36109781,1.38612829,-0.0454922900000001,-0.025030480000000077
5.23655e-10,1.37450771,1.42000001,1.36109781,1.38612829,-0.04549230000000004,-0.025030480000000077
5.24655e-10,1.37450771,1.42000001,1.36109781,1.38612829,-0.04549230000000004,-0.025030480000000077
5.25655e-10,1.37450771,1.42000001,1.36109781,1.38612829,-0.04549230000000004,-0.025030480000000077
5.26655e-10,1.37450771,1.42000001,1.36109781,1.38612829,-0.04549230000000004,-0.025030480000000077
5.27655e-10,1.37450771,1.42000001,1.36109781,1.38612829,-0.04549230000000004,-0.025030480000000077
5.28655e-10,1.37450771,1.42000002,1.36109781,1.38612829,-0.04549230999999998,-0.025030480000000077
5.29655e-10,1.37450771,1.42000002,1.36109781,1.38612829,-0.04549230999999998,-0.025030480000000077
5.30655e-10,1.37450771,1.42000002,1.36109781,1.38612829,-0.04549230999999998,-0.025030480000000077
5.31655e-10,1.37450771,1.42000002,1.36109781,1.38612829,-0.04549230999999998,-0.025030480000000077
5.32655e-10,1.37450771,1.42000002,1.36109781,1.38612829,-0.04549230999999998,-0.025030480000000077
5.33655e-10,1.37450771,1.42000002,1.36109781,1.38612829,-0.04549230999999998,-0.025030480000000077
5.34655e-10,1.37450771,1.42000002,1.36109781,1.38612829,-0.04549230999999998,-0.025030480000000077
5.35655e-10,1.37450771,1.42000002,1.36109781,1.38612829,-0.04549230999999998,-0.025030480000000077
5.36655e-10,1.37450771,1.42000002,1.36109781,1.38612829,-0.04549230999999998,-0.025030480000000077
5.37655e-10,1.37450771,1.42000002,1.36109781,1.38612829,-0.04549230999999998,-0.025030480000000077
5.38655e-10,1.37450771,1.42000002,1.36109781,1.38612829,-0.04549230999999998,-0.025030480000000077
5.39655e-10,1.37450771,1.42000002,1.36109781,1.38612829,-0.04549230999999998,-0.025030480000000077
5.40655e-10,1.37450771,1.42000002,1.36109781,1.38612829,-0.04549230999999998,-0.025030480000000077
5.41655e-10,1.3745077,1.42000002,1.36109781,1.38612829,-0.04549231999999992,-0.025030480000000077
5.42655e-10,1.3745077,1.42000002,1.36109781,1.38612829,-0.04549231999999992,-0.025030480000000077
5.43655e-10,1.3745077,1.42000002,1.36109781,1.38612829,-0.04549231999999992,-0.025030480000000077
5.44655e-10,1.3745077,1.42000002,1.36109781,1.38612829,-0.04549231999999992,-0.025030480000000077
5.45655e-10,1.3745077,1.42000002,1.36109781,1.38612829,-0.04549231999999992,-0.025030480000000077
5.46655e-10,1.3745077,1.42000003,1.36109781,1.38612829,-0.04549232999999986,-0.025030480000000077
5.47655e-10,1.3745077,1.42000003,1.36109781,1.38612829,-0.04549232999999986,-0.025030480000000077
5.48655e-10,1.3745077,1.42000003,1.36109781,1.38612829,-0.04549232999999986,-0.025030480000000077
5.49655e-10,1.3745077,1.42000003,1.36109781,1.38612829,-0.04549232999999986,-0.025030480000000077
5.50655e-10,1.3745077,1.42000003,1.36109781,1.38612829,-0.04549232999999986,-0.025030480000000077
5.51655e-10,1.3745077,1.42000003,1.36109781,1.38612829,-0.04549232999999986,-0.025030480000000077
5.52655e-10,1.3745077,1.42000003,1.36109781,1.38612829,-0.04549232999999986,-0.025030480000000077
5.53655e-10,1.3745077,1.42000003,1.36109781,1.38612829,-0.04549232999999986,-0.025030480000000077
5.54655e-10,1.3745077,1.42000003,1.36109781,1.38612829,-0.04549232999999986,-0.025030480000000077
5.55655e-10,1.3745077,1.42000003,1.36109781,1.38612829,-0.04549232999999986,-0.025030480000000077
5.56655e-10,1.3745077,1.42000003,1.36109781,1.38612829,-0.04549232999999986,-0.025030480000000077
5.57655e-10,1.3745077,1.42000003,1.36109781,1.38612829,-0.04549232999999986,-0.025030480000000077
5.58655e-10,1.3745077,1.42000003,1.36109781,1.38612829,-0.04549232999999986,-0.025030480000000077
5.59655e-10,1.37450769,1.42000003,1.36109781,1.38612829,-0.04549234000000002,-0.025030480000000077
5.60655e-10,1.37450769,1.42000003,1.36109781,1.38612829,-0.04549234000000002,-0.025030480000000077
5.61655e-10,1.37450769,1.42000003,1.36109781,1.38612829,-0.04549234000000002,-0.025030480000000077
5.62655e-10,1.37450769,1.42000003,1.36109781,1.38612829,-0.04549234000000002,-0.025030480000000077
5.63655e-10,1.37450769,1.42000003,1.36109781,1.38612829,-0.04549234000000002,-0.025030480000000077
5.64655e-10,1.37450769,1.42000004,1.36109781,1.38612829,-0.04549234999999996,-0.025030480000000077
5.65655e-10,1.37450769,1.42000004,1.36109781,1.38612829,-0.04549234999999996,-0.025030480000000077
5.66655e-10,1.37450769,1.42000004,1.36109781,1.38612829,-0.04549234999999996,-0.025030480000000077
5.67655e-10,1.37450769,1.42000004,1.36109781,1.38612829,-0.04549234999999996,-0.025030480000000077
5.68655e-10,1.37450769,1.42000004,1.36109781,1.38612829,-0.04549234999999996,-0.025030480000000077
5.69655e-10,1.37450769,1.42000004,1.36109781,1.38612829,-0.04549234999999996,-0.025030480000000077
5.70655e-10,1.37450769,1.42000004,1.36109781,1.38612829,-0.04549234999999996,-0.025030480000000077
5.714286e-10,1.37450769,1.42000004,1.36109781,1.38612829,-0.04549234999999996,-0.025030480000000077
5.715286e-10,1.37450779,1.41999994,1.3611404,1.38608572,-0.045492150000000064,-0.02494532000000005
5.717286e-10,1.37450799,1.41999971,1.36128365,1.38594259,-0.04549172000000001,-0.024658939999999907
5.721286e-10,1.37450708,1.42000057,1.36182565,1.3854015,-0.045493489999999914,-0.023575849999999843
5.729286e-10,1.37451779,1.41999337,1.36363931,1.38359255,-0.04547557999999996,-0.019953239999999983
5.739286e-10,1.37474355,1.41979632,1.36691434,1.38032586,-0.04505276999999985,-0.01341152000000001
5.749286e-10,1.37565521,1.41896415,1.37093912,1.37630607,-0.043308940000000185,-0.0053669499999999815
5.759286e-10,1.37782569,1.41692568,1.37546318,1.37177746,-0.03909998999999997,0.0036857200000000034
5.760286e-10,1.37813696,1.41662992,1.37589595,1.37134351,-0.03849296000000013,0.004552440000000102
5.762286e-10,1.37879517,1.41600286,1.37670985,1.370527,-0.037207690000000015,0.006182849999999851
5.766286e-10,1.38032861,1.41453079,1.37811722,1.36911332,-0.03420217999999986,0.009003899999999954
5.774286e-10,1.38423225,1.41073177,1.38031996,1.36689658,-0.02649952,0.013423380000000096
5.784286e-10,1.39037583,1.40465922,1.38223836,1.36496417,-0.014283390000000118,0.01727419000000019
5.794286e-10,1.39724315,1.39778204,1.38354191,1.3636553,-0.0005388900000000696,0.019886609999999916
5.804286e-10,1.40398526,1.39094993,1.38443326,1.36276715,0.013035330000000123,0.02166610999999996
5.814286e-10,1.40995673,1.38480678,1.38504134,1.36216682,0.025149950000000088,0.02287452000000001
5.824286e-10,1.41486688,1.3796448,1.38544959,1.36176671,0.035222080000000044,0.023682879999999962
5.834286e-10,1.41871853,1.3754857,1.38572309,1.36149968,0.04323283,0.024223409999999834
5.844286e-10,1.42164893,1.37223826,1.38590569,1.3613218,0.04941066999999988,0.02458388999999994
5.854286e-10,1.42380319,1.3698011,1.38602877,1.36120227,0.05400209,0.024826500000000085
5.864286e-10,1.42529382,1.36808317,1.38611003,1.36112366,0.05721065000000003,0.024986369999999924
5.874286e-10,1.4262178,1.3669873,1.38616231,1.36107304,0.059230500000000186,0.025089270000000052
5.884286e-10,1.4266778,1.36640315,1.38619376,1.36104221,0.060274649999999985,0.025151550000000134
5.892857e-10,1.42678262,1.36622646,1.38620972,1.36102611,0.06055615999999997,0.025183610000000023
5.893857e-10,1.42677889,1.36622407,1.38616843,1.36106739,0.06055482000000012,0.025101039999999797
5.895857e-10,1.42676642,1.36622513,1.38602774,1.36120817,0.06054129000000019,0.024819570000000013
5.899857e-10,1.4267148,1.36625916,1.38549082,1.36174611,0.06045564000000003,0.023744710000000113
5.907857e-10,1.42650752,1.36645583,1.38368774,1.36355489,0.06005168999999988,0.02013284999999998
5.917857e-10,1.42591885,1.36709301,1.38042472,1.36682823,0.05882583999999991,0.01359648999999985
5.927857e-10,1.42458014,1.36856627,1.37640512,1.37085429,0.05601386999999991,0.005550830000000007
5.937857e-10,1.42195643,1.37140242,1.37187368,1.37538095,0.05055401000000015,-0.0035072700000000623
5.938857e-10,1.42159854,1.37178504,1.37143929,1.37581402,0.049813499999999955,-0.004374729999999882
5.940857e-10,1.42084635,1.37258714,1.37062183,1.37662849,0.048259209999999886,-0.0060066600000001635
5.944857e-10,1.41911945,1.37441478,1.36920596,1.37803693,0.04470467,-0.008830969999999994
5.952857e-10,1.41479819,1.37892665,1.36698389,1.38024148,0.035871540000000035,-0.013257590000000041
5.962857e-10,1.40806262,1.38585422,1.3650439,1.38216182,0.022208400000000017,-0.01711792000000001
5.972857e-10,1.40052692,1.39351478,1.36372745,1.38346746,0.0070121399999998335,-0.01974001000000003
5.982857e-10,1.39305319,1.40104261,1.36283241,1.38436146,-0.007989419999999914,-0.02152905000000005
5.992857e-10,1.38629176,1.40777766,1.36222605,1.38497286,-0.021485900000000058,-0.022746809999999895
6.002857e-10,1.38053738,1.41341759,1.36182071,1.38538492,-0.032880209999999854,-0.023564209999999974
6.012857e-10,1.37581311,1.4179578,1.3615491,1.38566247,-0.042144689999999985,-0.024113370000000023
6.022857e-10,1.3720293,1.42153256,1.36136719,1.38584916,-0.04950326000000005,-0.024481970000000075
6.032857e-10,1.36908595,1.42428723,1.3612441,1.38597629,-0.05520127999999991,-0.024732190000000154
6.042857e-10,1.36689225,1.42633583,1.36116236,1.38606149,-0.05944357999999994,-0.02489912999999988
6.052857e-10,1.36534997,1.42777671,1.36110893,1.38611756,-0.062426740000000036,-0.025008629999999865
6.062857e-10,1.36434714,1.42871369,1.36107557,1.38615257,-0.06436654999999991,-0.025077000000000016
6.072857e-10,1.36377078,1.42925553,1.3610551,1.38617385,-0.06548474999999998,-0.02511875000000008
6.082857e-10,1.36352285,1.42950049,1.36104327,1.38618597,-0.06597763999999984,-0.025142700000000184
6.092857e-10,1.36352625,1.42952491,1.36103682,1.3861925,-0.06599865999999999,-0.025155679999999903
6.102857e-10,1.36372087,1.429384,1.36103424,1.38619505,-0.0656631299999999,-0.025160810000000033
6.112857e-10,1.36405727,1.42911985,1.36103415,1.38619498,-0.06506257999999998,-0.025160829999999912
6.122857e-10,1.36449353,1.42876802,1.36103583,1.38619303,-0.06427448999999985,-0.02515719999999999
6.132857e-10,1.36499512,1.42835917,1.36103844,1.38619007,-0.06336405000000012,-0.02515163000000009
6.142857e-10,1.36553531,1.42791773,1.36104162,1.38618654,-0.06238242000000005,-0.025144920000000015
6.152857e-10,1.36609434,1.42746129,1.36104501,1.38618284,-0.06136695000000003,-0.025137830000000028
6.162857e-10,1.36665763,1.42700184,1.36104852,1.38617906,-0.06034421000000001,-0.025130539999999923
6.172857e-10,1.36721421,1.42654785,1.36105199,1.38617534,-0.059333639999999965,-0.0251233500000001
6.182857e-10,1.36775584,1.42610577,1.3610554,1.38617171,-0.05834992999999988,-0.02511631000000003
6.192857e-10,1.3682766,1.42568052,1.36105864,1.38616826,-0.05740392000000005,-0.025109620000000055
6.202857e-10,1.36877262,1.42527542,1.36106172,1.38616501,-0.05650279999999985,-0.02510329000000011
6.212857e-10,1.36924162,1.42489229,1.36106459,1.386162,-0.055650670000000124,-0.025097409999999876
6.222857e-10,1.36968245,1.42453186,1.36106728,1.38615919,-0.0548494100000001,-0.025091909999999995
6.232857e-10,1.37009477,1.42419421,1.36106978,1.3861566,-0.05409944000000011,-0.025086820000000065
6.242857e-10,1.37047879,1.42387902,1.3610721,1.3861542,-0.05340023000000005,-0.025082100000000107
6.252857e-10,1.37083517,1.42358576,1.36107424,1.38615199,-0.05275058999999982,-0.0250777499999999
6.262857e-10,1.37116494,1.4233136,1.36107621,1.38614996,-0.05214865999999985,-0.025073750000000006
6.272857e-10,1.37146932,1.42306156,1.36107803,1.38614811,-0.051592239999999956,-0.025070079999999884
6.282857e-10,1.37174967,1.42282851,1.3610797,1.38614641,-0.05107883999999996,-0.02506671000000016
6.292857e-10,1.37200742,1.42261328,1.36108123,1.38614485,-0.05060585999999989,-0.025063620000000064
6.302857e-10,1.372244,1.42241473,1.36108264,1.38614342,-0.05017073000000005,-0.025060780000000005
6.312857e-10,1.37246087,1.42223173,1.36108393,1.38614211,-0.04977085999999997,-0.02505818000000004
6.322857e-10,1.37265941,1.42206321,1.36108511,1.38614092,-0.04940379999999989,-0.02505581000000001
6.332857e-10,1.372841,1.4219081,1.36108619,1.38613983,-0.04906710000000003,-0.0250536400000001
6.342857e-10,1.37300693,1.4217654,1.36108719,1.38613883,-0.04875846999999989,-0.02505164000000004
6.352857e-10,1.37315842,1.42163416,1.3610881,1.38613792,-0.04847573999999999,-0.02504982
6.362857e-10,1.37329663,1.42151348,1.36108893,1.38613709,-0.04821684999999998,-0.025048160000000097
6.372857e-10,1.37342263,1.42140253,1.36108969,1.38613633,-0.04797989999999985,-0.02504664000000001
6.382857e-10,1.37353745,1.42130056,1.36109038,1.38613563,-0.04776311,-0.02504525000000002
6.392857e-10,1.373642,1.42120683,1.36109102,1.386135,-0.04756483,-0.025043979999999966
6.402857e-10,1.37373717,1.42112067,1.3610916,1.38613442,-0.04738350000000002,-0.025042820000000132
6.412857e-10,1.37382375,1.42104148,1.36109214,1.38613389,-0.04721773000000007,-0.025041749999999974
6.422857e-10,1.37390247,1.42096869,1.36109262,1.3861334,-0.04706622000000005,-0.025040780000000096
6.432857e-10,1.37397402,1.42090176,1.36109307,1.38613296,-0.04692774000000011,-0.025039890000000176
6.442857e-10,1.37403903,1.42084022,1.36109348,1.38613256,-0.04680119000000005,-0.02503907999999999
6.452857e-10,1.37409806,1.42078362,1.36109385,1.38613219,-0.046685560000000015,-0.025038340000000048
6.462857e-10,1.37415163,1.42073156,1.36109419,1.38613185,-0.046579929999999825,-0.02503765999999996
6.472857e-10,1.37420023,1.42068366,1.3610945,1.38613154,-0.04648342999999988,-0.025037039999999955
6.482857e-10,1.3742443,1.42063958,1.36109478,1.38613126,-0.04639528000000004,-0.025036480000000028
6.492857e-10,1.37428424,1.42059899,1.36109504,1.386131,-0.04631475000000007,-0.02503596000000008
6.502857e-10,1.37432042,1.42056162,1.36109528,1.38613077,-0.04624119999999987,-0.02503549000000005
6.512857e-10,1.37435317,1.42052719,1.3610955,1.38613056,-0.04617402000000004,-0.025035059999999998
6.522857e-10,1.3743828,1.42049546,1.3610957,1.38613036,-0.046112659999999916,-0.025034659999999986
6.532857e-10,1.37440958,1.4204662,1.36109588,1.38613018,-0.04605661999999988,-0.025034300000000176
6.542857e-10,1.37443378,1.42043922,1.36109604,1.38613002,-0.046005440000000064,-0.0250339799999999
6.552857e-10,1.37445561,1.42041432,1.36109619,1.38612987,-0.04595870999999985,-0.025033679999999947
6.562857e-10,1.37447531,1.42039133,1.36109633,1.38612973,-0.045916019999999946,-0.025033399999999872
6.572857e-10,1.37449305,1.4203701,1.36109646,1.38612961,-0.045877049999999864,-0.02503315000000006
6.582857e-10,1.37450902,1.42035047,1.36109658,1.38612949,-0.04584144999999995,-0.025032910000000186
6.592857e-10,1.37452338,1.42033232,1.36109668,1.38612939,-0.04580893999999991,-0.02503271000000007
6.602857e-10,1.37453627,1.42031552,1.36109678,1.3861293,-0.04577925000000005,-0.02503251999999989
6.612857e-10,1.37454782,1.42029997,1.36109687,1.38612921,-0.04575214999999999,-0.025032340000000097
6.622857e-10,1.37455816,1.42028556,1.36109695,1.38612913,-0.04572739999999986,-0.02503217999999996
6.632857e-10,1.37456739,1.42027219,1.36109702,1.38612906,-0.04570479999999999,-0.025032039999999922
6.642857e-10,1.37457563,1.42025979,1.36109709,1.38612899,-0.045684159999999974,-0.025031900000000107
6.652857e-10,1.37458295,1.42024827,1.36109715,1.38612893,-0.04566532000000012,-0.025031779999999948
6.662857e-10,1.37458944,1.42023756,1.36109721,1.38612888,-0.04564811999999985,-0.02503166999999995
6.672857e-10,1.37459519,1.4202276,1.36109726,1.38612883,-0.04563241000000007,-0.025031570000000114
6.682857e-10,1.37460025,1.42021832,1.3610973,1.38612878,-0.045618069999999955,-0.025031479999999995
6.692857e-10,1.3746047,1.42020967,1.36109735,1.38612874,-0.04560497000000008,-0.025031389999999876
6.702857e-10,1.37460858,1.4202016,1.36109739,1.3861287,-0.04559301999999987,-0.025031309999999918
6.712857e-10,1.37461195,1.42019406,1.36109742,1.38612867,-0.04558211000000001,-0.02503125000000006
6.722857e-10,1.37461487,1.42018701,1.36109745,1.38612863,-0.04557213999999998,-0.02503118000000004
6.732857e-10,1.37461736,1.42018041,1.36109748,1.3861286,-0.04556304999999994,-0.025031119999999962
6.742857e-10,1.37461948,1.42017422,1.36109751,1.38612858,-0.04555474000000004,-0.025031070000000044
6.752857e-10,1.37462125,1.42016842,1.36109754,1.38612855,-0.04554717000000008,-0.025031009999999965
6.762857e-10,1.37462272,1.42016297,1.36109756,1.38612853,-0.04554024999999995,-0.025030969999999986
6.772857e-10,1.3746239,1.42015784,1.36109758,1.38612851,-0.045533939999999884,-0.025030930000000007
6.782857e-10,1.37462484,1.42015301,1.3610976,1.38612849,-0.04552816999999987,-0.025030890000000028
6.792857e-10,1.37462554,1.42014846,1.36109762,1.38612847,-0.04552292000000002,-0.02503085000000005
6.802857e-10,1.37462604,1.42014416,1.36109763,1.38612846,-0.045518119999999884,-0.02503082999999995
6.812857e-10,1.37462635,1.4201401,1.36109765,1.38612845,-0.04551375000000002,-0.02503079999999991
6.822857e-10,1.37462649,1.42013625,1.36109766,1.38612843,-0.045509760000000066,-0.02503077000000009
6.832857e-10,1.37462649,1.42013261,1.36109767,1.38612842,-0.04550611999999998,-0.02503074999999999
6.842857e-10,1.37462635,1.42012915,1.36109769,1.38612841,-0.045502799999999954,-0.02503071999999995
6.852857e-10,1.37462609,1.42012586,1.3610977,1.3861284,-0.04549976999999994,-0.025030700000000072
6.862857e-10,1.37462572,1.42012273,1.36109771,1.38612839,-0.04549701000000006,-0.025030680000000194
6.872857e-10,1.37462525,1.42011974,1.36109771,1.38612838,-0.045494490000000054,-0.025030670000000033
6.882857e-10,1.3746247,1.4201169,1.36109772,1.38612838,-0.04549219999999998,-0.02503065999999987
6.892857e-10,1.37462407,1.42011418,1.36109773,1.38612837,-0.045490109999999806,-0.025030639999999993
6.902857e-10,1.37462337,1.42011158,1.36109774,1.38612836,-0.04548821000000003,-0.025030620000000114
6.912857e-10,1.37462261,1.42010909,1.36109774,1.38612836,-0.045486479999999885,-0.025030620000000114
6.922857e-10,1.3746218,1.42010669,1.36109775,1.38612835,-0.04548489,-0.025030599999999792
6.932857e-10,1.37462095,1.4201044,1.36109775,1.38612835,-0.04548345000000009,-0.025030599999999792
6.942857e-10,1.37462005,1.42010219,1.36109776,1.38612834,-0.04548213999999984,-0.025030579999999913
6.952857e-10,1.37461912,1.42010007,1.36109776,1.38612834,-0.045480949999999964,-0.025030579999999913
6.962857e-10,1.37461815,1.42009802,1.36109776,1.38612833,-0.04547986999999987,-0.025030569999999974
6.972857e-10,1.37461716,1.42009604,1.36109777,1.38612833,-0.04547888000000011,-0.025030560000000035
6.982857e-10,1.37461615,1.42009414,1.36109777,1.38612833,-0.04547798999999997,-0.025030560000000035
6.992857e-10,1.37461512,1.42009229,1.36109777,1.38612833,-0.045477169999999845,-0.025030560000000035
7.002857e-10,1.37461408,1.4200905,1.36109778,1.38612832,-0.04547641999999996,-0.025030540000000157
7.012857e-10,1.37461302,1.42008877,1.36109778,1.38612832,-0.04547575000000004,-0.025030540000000157
7.022857e-10,1.37461195,1.4200871,1.36109778,1.38612832,-0.04547514999999991,-0.025030540000000157
7.032857e-10,1.37461087,1.42008547,1.36109778,1.38612832,-0.04547460000000014,-0.025030540000000157
7.042857e-10,1.37460979,1.42008389,1.36109779,1.38612831,-0.04547409999999985,-0.025030519999999834
7.052857e-10,1.37460871,1.42008235,1.36109779,1.38612831,-0.04547363999999998,-0.025030519999999834
7.062857e-10,1.37460762,1.42008085,1.36109779,1.38612831,-0.04547323000000003,-0.025030519999999834
7.072857e-10,1.37460653,1.4200794,1.36109779,1.38612831,-0.04547287,-0.025030519999999834
7.082857e-10,1.37460545,1.42007798,1.36109779,1.38612831,-0.045472530000000067,-0.025030519999999834
7.092857e-10,1.37460436,1.42007659,1.36109779,1.38612831,-0.04547223000000011,-0.025030519999999834
7.102857e-10,1.37460328,1.42007524,1.36109779,1.38612831,-0.04547195999999998,-0.025030519999999834
7.112857e-10,1.37460221,1.42007392,1.36109779,1.38612831,-0.045471710000000165,-0.025030519999999834
7.122857e-10,1.37460114,1.42007263,1.3610978,1.38612831,-0.04547148999999995,-0.025030509999999895
7.132857e-10,1.37460008,1.42007138,1.3610978,1.3861283,-0.04547129999999999,-0.025030499999999956
7.142857e-10,1.37459902,1.42007014,1.3610978,1.3861283,-0.045471119999999976,-0.025030499999999956
7.152857e-10,1.37459797,1.42006894,1.3610978,1.3861283,-0.04547097,-0.025030499999999956
7.162857e-10,1.37459693,1.42006776,1.3610978,1.3861283,-0.04547082999999996,-0.025030499999999956
7.172857e-10,1.3745959,1.42006661,1.3610978,1.3861283,-0.0454707099999998,-0.025030499999999956
7.182857e-10,1.37459488,1.42006547,1.3610978,1.3861283,-0.045470589999999866,-0.025030499999999956
7.192857e-10,1.37459387,1.42006437,1.3610978,1.3861283,-0.04547049999999997,-0.025030499999999956
7.202857e-10,1.37459286,1.42006328,1.3610978,1.3861283,-0.04547042000000001,-0.025030499999999956
7.212857e-10,1.37459187,1.42006221,1.3610978,1.3861283,-0.045470340000000053,-0.025030499999999956
7.222857e-10,1.37459089,1.42006117,1.3610978,1.3861283,-0.045470280000000196,-0.025030499999999956
7.232857e-10,1.37458992,1.42006014,1.3610978,1.3861283,-0.045470219999999895,-0.025030499999999956
7.242857e-10,1.37458895,1.42005913,1.3610978,1.3861283,-0.04547018000000014,-0.025030499999999956
7.252857e-10,1.374588,1.42005815,1.3610978,1.3861283,-0.0454701500000001,-0.025030499999999956
7.262857e-10,1.37458706,1.42005717,1.3610978,1.3861283,-0.0454701099999999,-0.025030499999999956
7.272857e-10,1.37458614,1.42005622,1.3610978,1.3861283,-0.04547008000000008,-0.025030499999999956
7.282857e-10,1.37458522,1.42005528,1.3610978,1.3861283,-0.04547005999999998,-0.025030499999999956
7.292857e-10,1.37458431,1.42005436,1.3610978,1.3861283,-0.04547005000000004,-0.025030499999999956
7.302857e-10,1.37458342,1.42005345,1.3610978,1.3861283,-0.04547002999999994,-0.025030499999999956
7.312857e-10,1.37458253,1.42005256,1.3610978,1.3861283,-0.04547002999999994,-0.025030499999999956
7.322857e-10,1.37458166,1.42005169,1.3610978,1.3861283,-0.04547002999999994,-0.025030499999999956
7.332857e-10,1.3745808,1.42005083,1.3610978,1.3861283,-0.04547003000000016,-0.025030499999999956
7.342857e-10,1.37457994,1.42004998,1.3610978,1.3861283,-0.04547003999999988,-0.025030499999999956
7.352857e-10,1.3745791,1.42004915,1.3610978,1.3861283,-0.04547005000000004,-0.025030499999999956
7.362857e-10,1.37457828,1.42004833,1.3610978,1.3861283,-0.04547005000000004,-0.025030499999999956
7.372857e-10,1.37457746,1.42004752,1.3610978,1.3861283,-0.04547005999999998,-0.025030499999999956
7.382857e-10,1.37457665,1.42004673,1.3610978,1.3861283,-0.04547007999999986,-0.025030499999999956
7.392857e-10,1.37457585,1.42004594,1.3610978,1.3861283,-0.04547009000000002,-0.025030499999999956
7.402857e-10,1.37457507,1.42004518,1.3610978,1.3861283,-0.04547011000000012,-0.025030499999999956
7.412857e-10,1.37457429,1.42004442,1.3610978,1.3861283,-0.04547013,-0.025030499999999956
7.422857e-10,1.37457352,1.42004367,1.3610978,1.3861283,-0.0454701500000001,-0.025030499999999956
7.432857e-10,1.37457277,1.42004294,1.3610978,1.3861283,-0.045470169999999976,-0.025030499999999956
7.442857e-10,1.37457202,1.42004222,1.3610978,1.3861283,-0.045470200000000016,-0.025030499999999956
7.452857e-10,1.37457129,1.42004151,1.3610978,1.3861283,-0.045470219999999895,-0.025030499999999956
7.462857e-10,1.37457056,1.42004081,1.3610978,1.3861283,-0.045470249999999934,-0.025030499999999956
7.472857e-10,1.37456985,1.42004012,1.3610978,1.3861283,-0.04547026999999981,-0.025030499999999956
7.482857e-10,1.37456914,1.42003944,1.3610978,1.3861283,-0.045470300000000075,-0.025030499999999956
7.492857e-10,1.37456845,1.42003877,1.3610978,1.3861283,-0.04547031999999995,-0.025030499999999956
7.502857e-10,1.37456776,1.42003811,1.3610978,1.3861283,-0.04547034999999999,-0.025030499999999956
7.512857e-10,1.37456709,1.42003746,1.3610978,1.3861283,-0.04547037000000009,-0.025030499999999956
7.522857e-10,1.37456642,1.42003682,1.3610978,1.3861283,-0.04547039999999991,-0.025030499999999956
7.532857e-10,1.37456576,1.42003619,1.3610978,1.3861283,-0.04547042999999995,-0.025030499999999956
7.542857e-10,1.37456511,1.42003557,1.3610978,1.3861283,-0.04547045999999999,-0.025030499999999956
7.552857e-10,1.37456447,1.42003496,1.3610978,1.3861283,-0.04547049000000003,-0.025030499999999956
7.562857e-10,1.37456384,1.42003435,1.3610978,1.3861283,-0.04547050999999991,-0.025030499999999956
7.572857e-10,1.37456322,1.42003376,1.3610978,1.3861283,-0.04547053999999995,-0.025030499999999956
7.582857e-10,1.37456261,1.42003318,1.3610978,1.3861283,-0.04547056999999999,-0.025030499999999956
7.592857e-10,1.374562,1.4200326,1.3610978,1.3861283,-0.04547060000000003,-0.025030499999999956
7.602857e-10,1.3745614,1.42003203,1.3610978,1.3861283,-0.04547063000000007,-0.025030499999999956
7.612857e-10,1.37456082,1.42003147,1.3610978,1.3861283,-0.04547065000000017,-0.025030499999999956
7.622857e-10,1.37456024,1.42003092,1.3610978,1.3861283,-0.045470679999999986,-0.025030499999999956
7.632857e-10,1.37455966,1.42003038,1.3610978,1.3861283,-0.045470719999999965,-0.025030499999999956
7.642857e-10,1.3745591,1.42002984,1.3610978,1.3861283,-0.045470740000000065,-0.025030499999999956
7.652857e-10,1.37455854,1.42002932,1.3610978,1.3861283,-0.045470780000000044,-0.025030499999999956
7.662857e-10,1.374558,1.4200288,1.3610978,1.3861283,-0.045470800000000144,-0.025030499999999956
7.672857e-10,1.37455746,1.42002828,1.3610978,1.3861283,-0.04547082000000002,-0.025030499999999956
7.682857e-10,1.37455692,1.42002778,1.3610978,1.3861283,-0.04547086,-0.025030499999999956
7.692857e-10,1.3745564,1.42002728,1.3610978,1.3861283,-0.0454708800000001,-0.025030499999999956
7.702857e-10,1.37455588,1.42002679,1.3610978,1.38612829,-0.04547091000000014,-0.025030490000000016
7.712857e-10,1.37455537,1.42002631,1.3610978,1.38612829,-0.04547093999999996,-0.025030490000000016
7.722857e-10,1.37455486,1.42002583,1.3610978,1.38612829,-0.04547097,-0.025030490000000016
7.732857e-10,1.37455437,1.42002536,1.3610978,1.38612829,-0.04547098999999988,-0.025030490000000016
7.742857e-10,1.37455388,1.4200249,1.3610978,1.38612829,-0.04547102000000014,-0.025030490000000016
7.752857e-10,1.37455339,1.42002444,1.3610978,1.38612829,-0.04547104999999996,-0.025030490000000016
7.762857e-10,1.37455292,1.42002399,1.3610978,1.38612829,-0.04547107000000006,-0.025030490000000016
7.772857e-10,1.37455245,1.42002355,1.3610978,1.38612829,-0.0454711000000001,-0.025030490000000016
7.782857e-10,1.37455198,1.42002311,1.3610978,1.38612829,-0.04547113000000014,-0.025030490000000016
7.792857e-10,1.37455153,1.42002268,1.3610978,1.38612829,-0.045471150000000016,-0.025030490000000016
7.802857e-10,1.37455108,1.42002226,1.3610978,1.38612829,-0.045471180000000055,-0.025030490000000016
7.812857e-10,1.37455063,1.42002184,1.3610978,1.38612829,-0.04547120999999987,-0.025030490000000016
7.822857e-10,1.37455019,1.42002143,1.3610978,1.38612829,-0.045471240000000135,-0.025030490000000016
7.832857e-10,1.37454976,1.42002102,1.3610978,1.38612829,-0.04547126000000001,-0.025030490000000016
7.842857e-10,1.37454934,1.42002062,1.3610978,1.38612829,-0.045471280000000114,-0.025030490000000016
7.852857e-10,1.37454892,1.42002023,1.3610978,1.38612829,-0.04547130999999993,-0.025030490000000016
7.862857e-10,1.3745485,1.42001984,1.3610978,1.38612829,-0.04547133999999997,-0.025030490000000016
7.872857e-10,1.3745481,1.42001945,1.3610978,1.38612829,-0.04547135000000013,-0.025030490000000016
7.882857e-10,1.37454769,1.42001908,1.3610978,1.38612829,-0.04547139000000011,-0.025030490000000016
7.892857e-10,1.3745473,1.4200187,1.3610978,1.38612829,-0.04547140000000005,-0.025030490000000016
7.902857e-10,1.3745469,1.42001834,1.3610978,1.38612829,-0.04547144000000003,-0.025030490000000016
7.912857e-10,1.37454652,1.42001797,1.3610978,1.38612829,-0.04547144999999997,-0.025030490000000016
7.922857e-10,1.37454614,1.42001762,1.3610978,1.38612829,-0.04547148000000001,-0.025030490000000016
7.932857e-10,1.37454576,1.42001727,1.3610978,1.38612829,-0.04547151000000005,-0.025030490000000016
7.942857e-10,1.37454539,1.42001692,1.3610978,1.38612829,-0.04547152999999993,-0.025030490000000016
7.952857e-10,1.37454503,1.42001658,1.3610978,1.38612829,-0.04547155000000003,-0.025030490000000016
7.962857e-10,1.37454467,1.42001624,1.3610978,1.38612829,-0.04547157000000013,-0.025030490000000016
7.972857e-10,1.37454431,1.42001591,1.3610978,1.38612829,-0.045471599999999945,-0.025030490000000016
7.982857e-10,1.37454396,1.42001558,1.3610978,1.38612829,-0.045471620000000046,-0.025030490000000016
7.992857e-10,1.37454362,1.42001526,1.3610978,1.38612829,-0.045471639999999924,-0.025030490000000016
8.002857e-10,1.37454328,1.42001494,1.3610978,1.38612829,-0.045471660000000025,-0.025030490000000016
8.012857e-10,1.37454294,1.42001462,1.3610978,1.38612829,-0.0454716799999999,-0.025030490000000016
8.022857e-10,1.37454261,1.42001432,1.3610978,1.38612829,-0.04547170999999994,-0.025030490000000016
8.032857e-10,1.37454228,1.42001401,1.3610978,1.38612829,-0.045471730000000044,-0.025030490000000016
8.042857e-10,1.37454196,1.42001371,1.3610978,1.38612829,-0.045471750000000144,-0.025030490000000016
8.052857e-10,1.37454165,1.42001341,1.3610978,1.38612829,-0.04547175999999986,-0.025030490000000016
8.062857e-10,1.37454133,1.42001312,1.3610978,1.38612829,-0.0454717899999999,-0.025030490000000016
8.072857e-10,1.37454102,1.42001283,1.3610978,1.38612829,-0.04547181,-0.025030490000000016
8.082857e-10,1.37454072,1.42001255,1.3610978,1.38612829,-0.0454718300000001,-0.025030490000000016
8.092857e-10,1.37454042,1.42001227,1.3610978,1.38612829,-0.04547184999999998,-0.025030490000000016
8.102857e-10,1.37454012,1.42001199,1.3610978,1.38612829,-0.04547186999999986,-0.025030490000000016
8.112857e-10,1.37453983,1.42001172,1.3610978,1.38612829,-0.04547188999999996,-0.025030490000000016
8.122857e-10,1.37453954,1.42001145,1.3610978,1.38612829,-0.04547191000000006,-0.025030490000000016
8.132857e-10,1.37453926,1.42001119,1.3610978,1.38612829,-0.04547193000000016,-0.025030490000000016
8.142857e-10,1.37453898,1.42001093,1.3610978,1.38612829,-0.04547194999999982,-0.025030490000000016
8.152857e-10,1.3745387,1.42001067,1.3610978,1.38612829,-0.04547196999999992,-0.025030490000000016
8.162857e-10,1.37453843,1.42001042,1.3610978,1.38612829,-0.04547199000000002,-0.025030490000000016
8.172857e-10,1.37453816,1.42001017,1.3610978,1.38612829,-0.04547201000000012,-0.025030490000000016
8.182857e-10,1.3745379,1.42000992,1.3610978,1.38612829,-0.04547202000000006,-0.025030490000000016
8.192857e-10,1.37453763,1.42000968,1.3610978,1.38612829,-0.045472049999999875,-0.025030490000000016
8.202857e-10,1.37453738,1.42000944,1.3610978,1.38612829,-0.045472060000000036,-0.025030490000000016
8.212857e-10,1.37453712,1.4200092,1.3610978,1.38612829,-0.045472079999999915,-0.025030490000000016
8.222857e-10,1.37453687,1.42000897,1.3610978,1.38612829,-0.045472100000000015,-0.025030490000000016
8.232857e-10,1.37453662,1.42000874,1.3610978,1.38612829,-0.045472120000000116,-0.025030490000000016
8.242857e-10,1.37453638,1.42000851,1.3610978,1.38612829,-0.045472130000000055,-0.025030490000000016
8.252857e-10,1.37453614,1.42000829,1.3610978,1.38612829,-0.04547214999999993,-0.025030490000000016
8.262857e-10,1.3745359,1.42000807,1.3610978,1.38612829,-0.045472170000000034,-0.025030490000000016
8.272857e-10,1.37453567,1.42000785,1.3610978,1.38612829,-0.04547217999999997,-0.025030490000000016
8.282857e-10,1.37453544,1.42000764,1.3610978,1.38612829,-0.04547219999999985,-0.025030490000000016
8.292857e-10,1.37453521,1.42000742,1.3610978,1.38612829,-0.04547221000000001,-0.025030490000000016
8.302857e-10,1.37453499,1.42000722,1.3610978,1.38612829,-0.04547223000000011,-0.025030490000000016
8.312857e-10,1.37453476,1.42000701,1.3610978,1.38612829,-0.04547224999999999,-0.025030490000000016
8.322857e-10,1.37453455,1.42000681,1.3610978,1.38612829,-0.04547226000000015,-0.025030490000000016
8.332857e-10,1.37453433,1.42000661,1.3610978,1.38612829,-0.04547228000000003,-0.025030490000000016
8.334107e-10,1.3745343,1.42000658,1.3610978,1.38612829,-0.04547227999999981,-0.025030490000000016
8.336607e-10,1.37453425,1.42000654,1.3610978,1.38612829,-0.04547228999999997,-0.025030490000000016
8.341607e-10,1.37453414,1.42000644,1.3610978,1.38612829,-0.04547230000000013,-0.025030490000000016
8.351607e-10,1.37453393,1.42000624,1.3610978,1.38612829,-0.04547231000000007,-0.025030490000000016
8.361607e-10,1.37453373,1.42000605,1.3610978,1.38612829,-0.04547232000000001,-0.025030490000000016
8.371607e-10,1.37453352,1.42000586,1.3610978,1.38612829,-0.04547234000000011,-0.025030490000000016
8.381607e-10,1.37453332,1.42000568,1.3610978,1.38612829,-0.04547235999999999,-0.025030490000000016
8.391607e-10,1.37453312,1.42000549,1.3610978,1.38612829,-0.04547237000000015,-0.025030490000000016
8.401607e-10,1.37453292,1.42000531,1.3610978,1.38612829,-0.04547239000000003,-0.025030490000000016
8.411607e-10,1.37453273,1.42000513,1.3610978,1.38612829,-0.04547239999999997,-0.025030490000000016
8.421607e-10,1.37453254,1.42000496,1.3610978,1.38612829,-0.04547242000000007,-0.025030490000000016
8.431607e-10,1.37453235,1.42000478,1.3610978,1.38612829,-0.04547243000000001,-0.025030490000000016
8.441607e-10,1.37453217,1.42000461,1.3610978,1.38612829,-0.04547243999999995,-0.025030490000000016
8.451607e-10,1.37453198,1.42000444,1.3610978,1.38612829,-0.04547246000000005,-0.025030490000000016
8.461607e-10,1.3745318,1.42000428,1.3610978,1.38612829,-0.045472479999999926,-0.025030490000000016
8.471607e-10,1.37453162,1.42000411,1.3610978,1.38612829,-0.04547249000000009,-0.025030490000000016
8.481607e-10,1.37453145,1.42000395,1.3610978,1.38612829,-0.045472499999999805,-0.025030490000000016
8.491607e-10,1.37453127,1.42000379,1.3610978,1.38612829,-0.045472519999999905,-0.025030490000000016
8.501607e-10,1.3745311,1.42000363,1.3610978,1.38612829,-0.045472530000000067,-0.025030490000000016
8.511607e-10,1.37453093,1.42000348,1.3610978,1.38612829,-0.04547255000000017,-0.025030490000000016
8.521607e-10,1.37453077,1.42000332,1.3610978,1.38612829,-0.045472549999999945,-0.025030490000000016
8.531607e-10,1.3745306,1.42000317,1.3610978,1.38612829,-0.045472570000000045,-0.025030490000000016
8.541607e-10,1.37453044,1.42000302,1.3610978,1.38612829,-0.045472579999999985,-0.025030490000000016
8.551607e-10,1.37453028,1.42000288,1.3610978,1.38612829,-0.04547259999999986,-0.025030490000000016
8.561607e-10,1.37453012,1.42000273,1.3610978,1.38612829,-0.045472610000000024,-0.025030490000000016
8.571607e-10,1.37452997,1.42000259,1.3610978,1.38612829,-0.045472619999999964,-0.025030490000000016
8.581607e-10,1.37452981,1.42000245,1.3610978,1.38612829,-0.04547263999999984,-0.025030490000000016
8.591607e-10,1.37452966,1.42000231,1.3610978,1.38612829,-0.04547265,-0.025030490000000016
8.601607e-10,1.37452951,1.42000217,1.3610978,1.38612829,-0.045472660000000165,-0.025030490000000016
8.611607e-10,1.37452936,1.42000203,1.3610978,1.38612829,-0.045472670000000104,-0.025030490000000016
8.621607e-10,1.37452922,1.4200019,1.3610978,1.38612829,-0.04547267999999982,-0.025030490000000016
8.631607e-10,1.37452908,1.42000177,1.3610978,1.38612829,-0.04547268999999998,-0.025030490000000016
8.641607e-10,1.37452893,1.42000164,1.3610978,1.38612829,-0.04547270999999986,-0.025030490000000016
8.651607e-10,1.37452879,1.42000151,1.3610978,1.38612829,-0.04547272000000002,-0.025030490000000016
8.661607e-10,1.37452866,1.42000139,1.3610978,1.38612829,-0.04547272999999996,-0.025030490000000016
8.671607e-10,1.37452852,1.42000126,1.3610978,1.38612829,-0.04547274000000012,-0.025030490000000016
8.681607e-10,1.37452838,1.42000114,1.3610978,1.38612829,-0.04547276,-0.025030490000000016
8.691607e-10,1.37452825,1.42000102,1.3610978,1.38612829,-0.04547276999999994,-0.025030490000000016
8.701607e-10,1.37452812,1.4200009,1.3610978,1.38612829,-0.0454727800000001,-0.025030490000000016
8.711607e-10,1.37452799,1.42000078,1.3610978,1.38612829,-0.04547279000000004,-0.025030490000000016
8.721607e-10,1.37452786,1.42000066,1.3610978,1.38612829,-0.04547279999999998,-0.025030490000000016
8.731607e-10,1.37452774,1.42000055,1.3610978,1.38612829,-0.04547280999999992,-0.025030490000000016
8.741607e-10,1.37452762,1.42000044,1.3610978,1.38612829,-0.04547281999999986,-0.025030490000000016
8.751607e-10,1.37452749,1.42000032,1.3610978,1.38612829,-0.04547283000000002,-0.025030490000000016
8.761607e-10,1.37452737,1.42000021,1.3610978,1.38612829,-0.04547283999999996,-0.025030490000000016
8.771607e-10,1.37452725,1.42000011,1.3610978,1.38612829,-0.04547285999999984,-0.025030490000000016
8.781607e-10,1.37452713,1.42,1.3610978,1.38612829,-0.04547287,-0.025030490000000016
8.791607e-10,1.37452702,1.41999989,1.3610978,1.38612829,-0.04547287,-0.025030490000000016
8.801607e-10,1.3745269,1.41999979,1.3610978,1.38612829,-0.0454728900000001,-0.025030490000000016
8.811607e-10,1.37452679,1.41999969,1.3610978,1.38612829,-0.04547290000000004,-0.025030490000000016
8.821607e-10,1.37452668,1.41999958,1.3610978,1.38612829,-0.04547290000000004,-0.025030490000000016
8.831607e-10,1.37452657,1.41999948,1.3610978,1.38612829,-0.04547290999999998,-0.025030490000000016
8.841607e-10,1.37452646,1.41999939,1.3610978,1.38612829,-0.04547293000000008,-0.025030490000000016
8.851607e-10,1.37452635,1.41999929,1.3610978,1.38612829,-0.04547294000000002,-0.025030490000000016
8.861607e-10,1.37452625,1.41999919,1.3610978,1.38612829,-0.04547294000000002,-0.025030490000000016
8.871607e-10,1.37452614,1.4199991,1.3610978,1.38612829,-0.04547296000000012,-0.025030490000000016
8.881607e-10,1.37452604,1.419999,1.3610978,1.38612829,-0.04547296000000012,-0.025030490000000016
8.891607e-10,1.37452594,1.41999891,1.3610978,1.38612829,-0.045472969999999835,-0.025030490000000016
8.901607e-10,1.37452584,1.41999882,1.3610978,1.38612829,-0.045472979999999996,-0.025030490000000016
8.911607e-10,1.37452574,1.41999873,1.3610978,1.38612829,-0.04547299000000016,-0.025030490000000016
8.921607e-10,1.37452564,1.41999864,1.3610978,1.38612829,-0.045472999999999875,-0.025030490000000016
8.931607e-10,1.37452554,1.41999856,1.3610978,1.38612829,-0.045473019999999975,-0.025030490000000016
8.941607e-10,1.37452545,1.41999847,1.3610978,1.38612829,-0.045473019999999975,-0.025030490000000016
8.951607e-10,1.37452536,1.41999838,1.3610978,1.38612829,-0.045473019999999975,-0.025030490000000016
8.961607e-10,1.37452526,1.4199983,1.3610978,1.38612829,-0.045473040000000076,-0.025030490000000016
8.971607e-10,1.37452517,1.41999822,1.3610978,1.38612829,-0.045473050000000015,-0.025030490000000016
8.981607e-10,1.37452508,1.41999814,1.3610978,1.38612829,-0.045473059999999954,-0.025030490000000016
8.991607e-10,1.37452499,1.41999806,1.3610978,1.38612829,-0.04547306999999989,-0.025030490000000016
9.001607e-10,1.3745249,1.41999798,1.3610978,1.38612829,-0.045473080000000055,-0.025030490000000016
9.011607e-10,1.37452482,1.4199979,1.3610978,1.38612829,-0.045473080000000055,-0.025030490000000016
9.021607e-10,1.37452473,1.41999782,1.3610978,1.38612829,-0.045473089999999994,-0.025030490000000016
9.031607e-10,1.37452465,1.41999774,1.3610978,1.38612829,-0.045473089999999994,-0.025030490000000016
9.041607e-10,1.37452456,1.41999767,1.3610978,1.38612829,-0.045473110000000094,-0.025030490000000016
9.051607e-10,1.37452448,1.41999759,1.3610978,1.38612829,-0.04547310999999987,-0.025030490000000016
9.061607e-10,1.3745244,1.41999752,1.3610978,1.38612829,-0.04547311999999981,-0.025030490000000016
9.071607e-10,1.37452432,1.41999745,1.3610978,1.38612829,-0.045473130000000195,-0.025030490000000016
9.081607e-10,1.37452424,1.41999738,1.3610978,1.38612829,-0.045473140000000134,-0.025030490000000016
9.091607e-10,1.37452416,1.41999731,1.3610978,1.38612829,-0.04547315000000007,-0.025030490000000016
9.101607e-10,1.37452408,1.41999724,1.3610978,1.38612829,-0.04547316000000001,-0.025030490000000016
9.111607e-10,1.37452401,1.41999717,1.3610978,1.38612829,-0.04547316000000001,-0.025030490000000016
9.121607e-10,1.37452393,1.4199971,1.3610978,1.38612829,-0.04547316999999995,-0.025030490000000016
9.131607e-10,1.37452386,1.41999704,1.3610978,1.38612829,-0.04547317999999989,-0.025030490000000016
9.141607e-10,1.37452378,1.41999697,1.3610978,1.38612829,-0.04547318999999983,-0.025030490000000016
9.151607e-10,1.37452371,1.4199969,1.3610978,1.38612829,-0.04547318999999983,-0.025030490000000016
9.161607e-10,1.37452364,1.41999684,1.3610978,1.38612829,-0.04547319999999999,-0.025030490000000016
9.171607e-10,1.37452357,1.41999678,1.3610978,1.38612829,-0.04547320999999993,-0.025030490000000016
9.181607e-10,1.3745235,1.41999672,1.3610978,1.38612829,-0.04547322000000009,-0.025030490000000016
9.191607e-10,1.37452343,1.41999665,1.3610978,1.38612829,-0.04547322000000009,-0.025030490000000016
9.201607e-10,1.37452336,1.41999659,1.3610978,1.38612829,-0.04547323000000003,-0.025030490000000016
9.211607e-10,1.37452329,1.41999653,1.3610978,1.38612829,-0.04547323999999997,-0.025030490000000016
9.221607e-10,1.37452323,1.41999647,1.3610978,1.38612829,-0.04547323999999997,-0.025030490000000016
9.231607e-10,1.37452316,1.41999642,1.3610978,1.38612829,-0.04547325999999985,-0.025030490000000016
9.241607e-10,1.37452309,1.41999636,1.3610978,1.38612829,-0.04547327000000001,-0.025030490000000016
9.251607e-10,1.37452303,1.4199963,1.3610978,1.38612829,-0.04547327000000001,-0.025030490000000016
9.261607e-10,1.37452297,1.41999624,1.3610978,1.38612829,-0.04547327000000001,-0.025030490000000016
9.271607e-10,1.37452291,1.41999619,1.3610978,1.38612829,-0.04547327999999995,-0.025030490000000016
9.281607e-10,1.37452284,1.41999613,1.3610978,1.38612829,-0.04547328999999989,-0.025030490000000016
9.291607e-10,1.37452278,1.41999608,1.3610978,1.38612829,-0.04547330000000005,-0.025030490000000016
9.301607e-10,1.37452272,1.41999603,1.3610978,1.38612829,-0.04547330999999999,-0.025030490000000016
9.311607e-10,1.37452266,1.41999598,1.3610978,1.38612829,-0.04547331999999993,-0.025030490000000016
9.321607e-10,1.3745226,1.41999592,1.3610978,1.38612829,-0.04547332000000015,-0.025030490000000016
9.331607e-10,1.37452255,1.41999587,1.3610978,1.38612829,-0.04547331999999993,-0.025030490000000016
9.341607e-10,1.37452249,1.41999582,1.3610978,1.38612829,-0.04547333000000009,-0.025030490000000016
9.351607e-10,1.37452243,1.41999577,1.3610978,1.38612829,-0.04547334000000003,-0.025030490000000016
9.361607e-10,1.37452238,1.41999572,1.3610978,1.38612829,-0.04547334000000003,-0.025030490000000016
9.371607e-10,1.37452232,1.41999567,1.3610978,1.38612829,-0.04547334999999997,-0.025030490000000016
9.381607e-10,1.37452227,1.41999563,1.3610978,1.38612829,-0.04547336000000013,-0.025030490000000016
9.391607e-10,1.37452221,1.41999558,1.3610978,1.38612829,-0.045473369999999846,-0.025030490000000016
9.401607e-10,1.37452216,1.41999553,1.3610978,1.38612829,-0.04547337000000007,-0.025030490000000016
9.411607e-10,1.37452211,1.41999549,1.3610978,1.38612829,-0.04547338000000001,-0.025030490000000016
9.421607e-10,1.37452206,1.41999544,1.3610978,1.38612829,-0.04547338000000001,-0.025030490000000016
9.431607e-10,1.37452201,1.4199954,1.3610978,1.38612829,-0.04547338999999995,-0.025030490000000016
9.441607e-10,1.37452195,1.41999535,1.3610978,1.38612829,-0.045473399999999886,-0.025030490000000016
9.451607e-10,1.3745219,1.41999531,1.3610978,1.38612829,-0.04547341000000005,-0.025030490000000016
9.461607e-10,1.37452186,1.41999526,1.3610978,1.38612829,-0.04547340000000011,-0.025030490000000016
9.471607e-10,1.37452181,1.41999522,1.3610978,1.38612829,-0.045473409999999825,-0.025030490000000016
9.481607e-10,1.37452176,1.41999518,1.3610978,1.38612829,-0.04547341999999999,-0.025030490000000016
9.491607e-10,1.37452171,1.41999514,1.3610978,1.38612829,-0.045473429999999926,-0.025030490000000016
9.501607e-10,1.37452166,1.4199951,1.3610978,1.38612829,-0.045473439999999865,-0.025030490000000016
9.511607e-10,1.37452162,1.41999506,1.3610978,1.38612829,-0.045473439999999865,-0.025030490000000016
9.521607e-10,1.37452157,1.41999502,1.3610978,1.38612829,-0.045473450000000026,-0.025030490000000016
9.531607e-10,1.37452153,1.41999498,1.3610978,1.38612829,-0.045473450000000026,-0.025030490000000016
9.541607e-10,1.37452148,1.41999494,1.3610978,1.38612829,-0.045473459999999966,-0.025030490000000016
9.551607e-10,1.37452144,1.4199949,1.3610978,1.38612829,-0.045473459999999966,-0.025030490000000016
9.561607e-10,1.37452139,1.41999486,1.3610978,1.38612829,-0.04547347000000013,-0.025030490000000016
9.571607e-10,1.37452135,1.41999482,1.3610978,1.38612829,-0.04547347000000013,-0.025030490000000016
9.581607e-10,1.37452131,1.41999479,1.3610978,1.38612829,-0.045473480000000066,-0.025030490000000016
9.591607e-10,1.37452127,1.41999475,1.3610978,1.38612829,-0.045473480000000066,-0.025030490000000016
9.601607e-10,1.37452122,1.41999472,1.3610978,1.38612829,-0.045473499999999945,-0.025030490000000016
9.611607e-10,1.37452118,1.41999468,1.3610978,1.38612829,-0.04547350000000017,-0.025030490000000016
9.621607e-10,1.37452114,1.41999464,1.3610978,1.38612829,-0.04547350000000017,-0.025030490000000016
9.631607e-10,1.3745211,1.41999461,1.3610978,1.38612829,-0.045473510000000106,-0.025030490000000016
9.641607e-10,1.37452106,1.41999458,1.3610978,1.38612829,-0.045473520000000045,-0.025030490000000016
9.651607e-10,1.37452102,1.41999454,1.3610978,1.38612829,-0.045473520000000045,-0.025030490000000016
9.661607e-10,1.37452098,1.41999451,1.3610978,1.38612829,-0.045473529999999984,-0.025030490000000016
9.671607e-10,1.37452095,1.41999448,1.3610978,1.38612829,-0.045473529999999984,-0.025030490000000016
9.681607e-10,1.37452091,1.41999444,1.3610978,1.38612829,-0.045473529999999984,-0.025030490000000016
9.691607e-10,1.37452087,1.41999441,1.3610978,1.38612829,-0.04547353999999992,-0.025030490000000016
9.701607e-10,1.37452083,1.41999438,1.3610978,1.38612829,-0.04547354999999986,-0.025030490000000016
9.711607e-10,1.3745208,1.41999435,1.3610978,1.38612829,-0.045473550000000085,-0.025030490000000016
9.721607e-10,1.37452076,1.41999432,1.3610978,1.38612829,-0.045473560000000024,-0.025030490000000016
9.731607e-10,1.37452073,1.41999429,1.3610978,1.38612829,-0.045473560000000024,-0.025030490000000016
9.741607e-10,1.37452069,1.41999426,1.3610978,1.38612829,-0.04547356999999996,-0.025030490000000016
9.751607e-10,1.37452065,1.41999423,1.3610978,1.38612829,-0.0454735799999999,-0.025030490000000016
9.761607e-10,1.37452062,1.4199942,1.3610978,1.38612829,-0.045473580000000124,-0.025030490000000016
9.771607e-10,1.37452059,1.41999417,1.3610978,1.38612829,-0.045473580000000124,-0.025030490000000016
9.781607e-10,1.37452055,1.41999414,1.3610978,1.38612829,-0.045473590000000064,-0.025030490000000016
9.791607e-10,1.37452052,1.41999411,1.3610978,1.38612829,-0.045473590000000064,-0.025030490000000016
9.801607e-10,1.37452049,1.41999408,1.3610978,1.38612829,-0.04547358999999984,-0.025030490000000016
9.811607e-10,1.37452045,1.41999406,1.3610978,1.38612829,-0.045473610000000164,-0.025030490000000016
9.821607e-10,1.37452042,1.41999403,1.3610978,1.38612829,-0.04547360999999994,-0.025030490000000016
9.831607e-10,1.37452039,1.419994,1.3610978,1.38612829,-0.04547360999999994,-0.025030490000000016
9.841607e-10,1.37452036,1.41999397,1.3610978,1.38612829,-0.04547360999999994,-0.025030490000000016
9.851607e-10,1.37452033,1.41999395,1.3610978,1.38612829,-0.0454736200000001,-0.025030490000000016
9.861607e-10,1.3745203,1.41999392,1.3610978,1.38612829,-0.0454736200000001,-0.025030490000000016
9.871607e-10,1.37452027,1.4199939,1.3610978,1.38612829,-0.04547362999999982,-0.025030490000000016
9.881607e-10,1.37452024,1.41999387,1.3610978,1.38612829,-0.04547363000000004,-0.025030490000000016
9.891607e-10,1.37452021,1.41999385,1.3610978,1.38612829,-0.04547363999999998,-0.025030490000000016
9.901607e-10,1.37452018,1.41999382,1.3610978,1.38612829,-0.04547363999999998,-0.025030490000000016
9.911607e-10,1.37452015,1.4199938,1.3610978,1.38612829,-0.04547365000000014,-0.025030490000000016
9.921607e-10,1.37452012,1.41999377,1.3610978,1.38612829,-0.04547365000000014,-0.025030490000000016
9.931607e-10,1.37452009,1.41999375,1.3610978,1.38612829,-0.04547365999999986,-0.025030490000000016
9.941607e-10,1.37452006,1.41999373,1.3610978,1.38612829,-0.04547367000000002,-0.025030490000000016
9.951607e-10,1.37452003,1.4199937,1.3610978,1.38612829,-0.04547367000000002,-0.025030490000000016
9.961607e-10,1.37452001,1.41999368,1.3610978,1.38612829,-0.04547367000000002,-0.025030490000000016
9.971607e-10,1.37451998,1.41999366,1.3610978,1.38612829,-0.04547367999999996,-0.025030490000000016
9.981607e-10,1.37451995,1.41999364,1.3610978,1.38612829,-0.0454736899999999,-0.025030490000000016
9.991607e-10,1.37451993,1.41999361,1.3610978,1.38612829,-0.04547367999999996,-0.025030490000000016
1.0001607e-09,1.3745199,1.41999359,1.3610978,1.38612829,-0.04547369000000012,-0.025030490000000016
1.0011607e-09,1.37451987,1.41999357,1.3610978,1.38612829,-0.04547369999999984,-0.025030490000000016
1.0021607e-09,1.37451985,1.41999355,1.3610978,1.38612829,-0.04547370000000006,-0.025030490000000016
1.0031607e-09,1.37451982,1.41999353,1.3610978,1.38612829,-0.04547371,-0.025030490000000016
1.0041607e-09,1.3745198,1.41999351,1.3610978,1.38612829,-0.04547371,-0.025030490000000016
1.0051607e-09,1.37451977,1.41999349,1.3610978,1.38612829,-0.04547371999999994,-0.025030490000000016
1.0061607e-09,1.37451975,1.41999347,1.3610978,1.38612829,-0.04547372000000016,-0.025030490000000016
1.0071607e-09,1.37451972,1.41999345,1.3610978,1.38612829,-0.0454737300000001,-0.025030490000000016
1.0081607e-09,1.3745197,1.41999343,1.3610978,1.38612829,-0.04547372999999988,-0.025030490000000016
1.0091607e-09,1.37451968,1.41999341,1.3610978,1.38612829,-0.0454737300000001,-0.025030490000000016
1.0101607e-09,1.37451965,1.41999339,1.3610978,1.38612829,-0.04547373999999982,-0.025030490000000016
1.0111607e-09,1.37451963,1.41999337,1.3610978,1.38612829,-0.04547374000000004,-0.025030490000000016
1.0121607e-09,1.37451961,1.41999335,1.3610978,1.38612829,-0.04547374000000004,-0.025030490000000016
1.0131607e-09,1.37451958,1.41999333,1.3610978,1.38612829,-0.04547374999999998,-0.025030490000000016
1.0141607e-09,1.37451956,1.41999331,1.3610978,1.38612829,-0.04547374999999998,-0.025030490000000016
1.0151607e-09,1.37451954,1.41999329,1.3610978,1.38612829,-0.04547374999999998,-0.025030490000000016
1.0161607e-09,1.37451951,1.41999328,1.3610978,1.38612829,-0.04547376999999986,-0.025030490000000016
1.0171607e-09,1.37451949,1.41999326,1.3610978,1.38612829,-0.04547377000000008,-0.025030490000000016
1.017857e-09,1.37451948,1.41999325,1.3610978,1.38612829,-0.04547377000000008,-0.025030490000000016
