time_s,v_outp,v_outn,v_inp,v_inn,vod,vid
0.0,1.39807895,1.37921473,1.38285853,1.40788987,0.018864219999999987,-0.025031339999999958
5e-15,1.39807895,1.37921473,1.38285853,1.40788987,0.018864219999999987,-0.025031339999999958
1e-14,1.39807895,1.37921473,1.38285853,1.40788987,0.018864219999999987,-0.025031339999999958
2e-14,1.39807895,1.37921473,1.38285853,1.40788987,0.018864219999999987,-0.025031339999999958
4e-14,1.39807895,1.37921473,1.38285853,1.40788987,0.018864219999999987,-0.025031339999999958
8e-14,1.39807895,1.37921473,1.38285853,1.40788987,0.018864219999999987,-0.025031339999999958
1.6e-13,1.39807895,1.37921473,1.38285853,1.40788987,0.018864219999999987,-0.025031339999999958
3.2e-13,1.39807895,1.37921473,1.38285853,1.40788987,0.018864219999999987,-0.025031339999999958
6.4e-13,1.39807895,1.37921473,1.38285853,1.40788987,0.018864219999999987,-0.025031339999999958
1.28e-12,1.39807895,1.37921473,1.38285853,1.40788987,0.018864219999999987,-0.025031339999999958
2.28e-12,1.39807895,1.37921473,1.38285853,1.40788987,0.018864219999999987,-0.025031339999999958
3.28e-12,1.39807895,1.37921473,1.38285853,1.40788987,0.018864219999999987,-0.025031339999999958
4.28e-12,1.39807894,1.37921474,1.38285853,1.40788987,0.018864199999999887,-0.025031339999999958
5.28e-12,1.39807894,1.37921474,1.38285853,1.40788987,0.018864199999999887,-0.025031339999999958
6.28e-12,1.39807894,1.37921474,1.38285853,1.40788987,0.018864199999999887,-0.025031339999999958
7.28e-12,1.39807894,1.37921474,1.38285853,1.40788987,0.018864199999999887,-0.025031339999999958
8.28e-12,1.39807894,1.37921474,1.38285853,1.40788987,0.018864199999999887,-0.025031339999999958
9.28e-12,1.39807894,1.37921474,1.38285853,1.40788987,0.018864199999999887,-0.025031339999999958
1.028e-11,1.39807894,1.37921474,1.38285853,1.40788987,0.018864199999999887,-0.025031339999999958
1.128e-11,1.39807894,1.37921475,1.38285853,1.40788987,0.018864189999999947,-0.025031339999999958
1.228e-11,1.39807893,1.37921475,1.38285853,1.40788987,0.018864180000000008,-0.025031339999999958
1.328e-11,1.39807893,1.37921475,1.38285853,1.40788987,0.018864180000000008,-0.025031339999999958
1.428e-11,1.39807893,1.37921475,1.38285853,1.40788987,0.018864180000000008,-0.025031339999999958
1.528e-11,1.39807893,1.37921475,1.38285853,1.40788987,0.018864180000000008,-0.025031339999999958
1.628e-11,1.39807893,1.37921475,1.38285853,1.40788987,0.018864180000000008,-0.025031339999999958
1.728e-11,1.39807893,1.37921475,1.38285853,1.40788987,0.018864180000000008,-0.025031339999999958
1.828e-11,1.39807893,1.37921476,1.38285853,1.40788987,0.01886417000000007,-0.025031339999999958
1.928e-11,1.39807892,1.37921476,1.38285853,1.40788987,0.018864159999999908,-0.025031339999999958
2.028e-11,1.39807892,1.37921476,1.38285853,1.40788987,0.018864159999999908,-0.025031339999999958
2.128e-11,1.39807892,1.37921476,1.38285853,1.40788987,0.018864159999999908,-0.025031339999999958
2.228e-11,1.39807892,1.37921476,1.38285853,1.40788987,0.018864159999999908,-0.025031339999999958
2.328e-11,1.39807892,1.37921476,1.38285853,1.40788987,0.018864159999999908,-0.025031339999999958
2.428e-11,1.39807892,1.37921477,1.38285853,1.40788987,0.01886414999999997,-0.025031339999999958
2.528e-11,1.39807891,1.37921477,1.38285853,1.40788987,0.01886414000000003,-0.025031339999999958
2.628e-11,1.39807891,1.37921477,1.38285853,1.40788987,0.01886414000000003,-0.025031339999999958
2.728e-11,1.39807891,1.37921477,1.38285853,1.40788987,0.01886414000000003,-0.025031339999999958
2.828e-11,1.39807891,1.37921477,1.38285853,1.40788987,0.01886414000000003,-0.025031339999999958
2.928e-11,1.39807891,1.37921477,1.38285853,1.40788987,0.01886414000000003,-0.025031339999999958
3.028e-11,1.39807891,1.37921477,1.38285853,1.40788987,0.01886414000000003,-0.025031339999999958
3.128e-11,1.39807891,1.37921478,1.38285853,1.40788987,0.018864129999999868,-0.025031339999999958
3.228e-11,1.3980789,1.37921478,1.38285853,1.40788987,0.01886411999999993,-0.025031339999999958
3.328e-11,1.3980789,1.37921478,1.38285853,1.40788987,0.01886411999999993,-0.025031339999999958
3.428e-11,1.3980789,1.37921478,1.38285853,1.40788987,0.01886411999999993,-0.025031339999999958
3.528e-11,1.3980789,1.37921478,1.38285853,1.40788987,0.01886411999999993,-0.025031339999999958
3.628e-11,1.3980789,1.37921478,1.38285853,1.40788987,0.01886411999999993,-0.025031339999999958
3.728e-11,1.3980789,1.37921479,1.38285853,1.40788987,0.01886410999999999,-0.025031339999999958
3.828e-11,1.3980789,1.37921479,1.38285853,1.40788987,0.01886410999999999,-0.025031339999999958
3.928e-11,1.39807889,1.37921479,1.38285853,1.40788987,0.01886410000000005,-0.025031339999999958
4.028e-11,1.39807889,1.37921479,1.38285853,1.40788987,0.01886410000000005,-0.025031339999999958
4.128e-11,1.39807889,1.37921479,1.38285853,1.40788987,0.01886410000000005,-0.025031339999999958
4.228e-11,1.39807889,1.37921479,1.38285853,1.40788987,0.01886410000000005,-0.025031339999999958
4.328e-11,1.39807889,1.37921479,1.38285853,1.40788987,0.01886410000000005,-0.025031339999999958
4.428e-11,1.39807889,1.3792148,1.38285853,1.40788987,0.01886409000000011,-0.025031339999999958
4.528e-11,1.39807888,1.3792148,1.38285853,1.40788987,0.01886407999999995,-0.025031339999999958
4.628e-11,1.39807888,1.3792148,1.38285853,1.40788987,0.01886407999999995,-0.025031339999999958
4.728e-11,1.39807888,1.3792148,1.38285853,1.40788987,0.01886407999999995,-0.025031339999999958
4.828e-11,1.39807888,1.3792148,1.38285853,1.40788987,0.01886407999999995,-0.025031339999999958
4.928e-11,1.39807888,1.3792148,1.38285853,1.40788987,0.01886407999999995,-0.025031339999999958
5.028e-11,1.39807888,1.3792148,1.38285853,1.40788987,0.01886407999999995,-0.025031339999999958
5.128e-11,1.39807888,1.37921481,1.38285853,1.40788987,0.01886407000000001,-0.025031339999999958
5.228e-11,1.39807887,1.37921481,1.38285853,1.40788987,0.01886406000000007,-0.025031339999999958
5.328e-11,1.39807887,1.37921481,1.38285853,1.40788987,0.01886406000000007,-0.025031339999999958
5.428e-11,1.39807887,1.37921481,1.38285853,1.40788987,0.01886406000000007,-0.025031339999999958
5.528e-11,1.39807887,1.37921481,1.38285853,1.40788987,0.01886406000000007,-0.025031339999999958
5.628e-11,1.39807887,1.37921481,1.38285853,1.40788987,0.01886406000000007,-0.025031339999999958
5.728e-11,1.39807887,1.37921482,1.38285853,1.40788987,0.01886404999999991,-0.025031339999999958
5.828e-11,1.39807886,1.37921482,1.38285853,1.40788987,0.01886403999999997,-0.025031339999999958
5.928e-11,1.39807886,1.37921482,1.38285853,1.40788987,0.01886403999999997,-0.025031339999999958
6.028e-11,1.39807886,1.37921482,1.38285853,1.40788987,0.01886403999999997,-0.025031339999999958
6.128e-11,1.39807886,1.37921482,1.38285853,1.40788987,0.01886403999999997,-0.025031339999999958
6.228e-11,1.39807886,1.37921482,1.38285853,1.40788987,0.01886403999999997,-0.025031339999999958
6.328e-11,1.39807886,1.37921482,1.38285853,1.40788987,0.01886403999999997,-0.025031339999999958
6.428e-11,1.39807886,1.37921483,1.38285853,1.40788987,0.01886403000000003,-0.025031339999999958
6.528e-11,1.39807885,1.37921483,1.38285853,1.40788987,0.018864020000000092,-0.025031339999999958
6.628e-11,1.39807885,1.37921483,1.38285853,1.40788987,0.018864020000000092,-0.025031339999999958
6.728e-11,1.39807885,1.37921483,1.38285853,1.40788987,0.018864020000000092,-0.025031339999999958
6.828e-11,1.39807885,1.37921483,1.38285853,1.40788987,0.018864020000000092,-0.025031339999999958
6.928e-11,1.39807885,1.37921483,1.38285853,1.40788987,0.018864020000000092,-0.025031339999999958
7.028e-11,1.39807885,1.37921483,1.38285853,1.40788987,0.018864020000000092,-0.025031339999999958
7.128e-11,1.39807885,1.37921484,1.38285853,1.40788987,0.018864010000000153,-0.025031339999999958
7.228e-11,1.39807884,1.37921484,1.38285853,1.40788987,0.018863999999999992,-0.025031339999999958
7.328e-11,1.39807884,1.37921484,1.38285853,1.40788987,0.018863999999999992,-0.025031339999999958
7.428e-11,1.39807884,1.37921484,1.38285853,1.40788987,0.018863999999999992,-0.025031339999999958
7.528e-11,1.39807884,1.37921484,1.38285853,1.40788987,0.018863999999999992,-0.025031339999999958
7.628e-11,1.39807884,1.37921484,1.38285853,1.40788987,0.018863999999999992,-0.025031339999999958
7.728e-11,1.39807884,1.37921485,1.38285853,1.40788987,0.01886398999999983,-0.025031339999999958
7.828e-11,1.39807883,1.37921485,1.38285853,1.40788987,0.01886397999999989,-0.025031339999999958
7.928e-11,1.39807883,1.37921485,1.38285853,1.40788987,0.01886397999999989,-0.025031339999999958
8.028e-11,1.39807883,1.37921485,1.38285853,1.40788987,0.01886397999999989,-0.025031339999999958
8.128e-11,1.39807883,1.37921485,1.38285853,1.40788987,0.01886397999999989,-0.025031339999999958
8.228e-11,1.39807883,1.37921485,1.38285853,1.40788987,0.01886397999999989,-0.025031339999999958
8.328e-11,1.39807883,1.37921485,1.38285853,1.40788987,0.01886397999999989,-0.025031339999999958
8.428e-11,1.39807883,1.37921486,1.38285853,1.40788987,0.018863969999999952,-0.025031339999999958
8.528e-11,1.39807882,1.37921486,1.38285853,1.40788987,0.018863960000000013,-0.025031339999999958
8.628e-11,1.39807882,1.37921486,1.38285853,1.40788987,0.018863960000000013,-0.025031339999999958
8.728e-11,1.39807882,1.37921486,1.38285853,1.40788987,0.018863960000000013,-0.025031339999999958
8.828e-11,1.39807882,1.37921486,1.38285853,1.40788987,0.018863960000000013,-0.025031339999999958
8.928e-11,1.39807882,1.37921486,1.38285853,1.40788987,0.018863960000000013,-0.025031339999999958
9.028e-11,1.39807882,1.37921486,1.38285853,1.40788987,0.018863960000000013,-0.025031339999999958
9.128e-11,1.39807882,1.37921487,1.38285853,1.40788987,0.018863950000000074,-0.025031339999999958
9.228e-11,1.39807881,1.37921487,1.38285853,1.40788987,0.018863939999999912,-0.025031339999999958
9.328e-11,1.39807881,1.37921487,1.38285853,1.40788987,0.018863939999999912,-0.025031339999999958
9.428e-11,1.39807881,1.37921487,1.38285853,1.40788987,0.018863939999999912,-0.025031339999999958
9.528e-11,1.39807881,1.37921487,1.38285853,1.40788987,0.018863939999999912,-0.025031339999999958
9.628e-11,1.39807881,1.37921487,1.38285853,1.40788987,0.018863939999999912,-0.025031339999999958
9.728e-11,1.39807881,1.37921488,1.38285853,1.40788987,0.018863929999999973,-0.025031339999999958
9.828e-11,1.3980788,1.37921488,1.38285853,1.40788987,0.018863920000000034,-0.025031339999999958
9.928e-11,1.3980788,1.37921488,1.38285853,1.40788987,0.018863920000000034,-0.025031339999999958
1.0028e-10,1.3980788,1.37921488,1.38285853,1.40788987,0.018863920000000034,-0.025031339999999958
1.0128e-10,1.3980788,1.37921488,1.38285853,1.40788987,0.018863920000000034,-0.025031339999999958
1.0228e-10,1.3980788,1.37921488,1.38285853,1.40788987,0.018863920000000034,-0.025031339999999958
1.0328e-10,1.3980788,1.37921488,1.38285853,1.40788987,0.018863920000000034,-0.025031339999999958
1.0428e-10,1.3980788,1.37921489,1.38285853,1.40788987,0.018863909999999873,-0.025031339999999958
1.0528e-10,1.39807879,1.37921489,1.38285853,1.40788987,0.018863899999999933,-0.025031339999999958
1.0628e-10,1.39807879,1.37921489,1.38285853,1.40788987,0.018863899999999933,-0.025031339999999958
1.0728e-10,1.39807879,1.37921489,1.38285853,1.40788987,0.018863899999999933,-0.025031339999999958
1.0828e-10,1.39807879,1.37921489,1.38285853,1.40788987,0.018863899999999933,-0.025031339999999958
1.0928e-10,1.39807879,1.37921489,1.38285853,1.40788987,0.018863899999999933,-0.025031339999999958
1.1028e-10,1.39807879,1.37921489,1.38285853,1.40788987,0.018863899999999933,-0.025031339999999958
1.1128e-10,1.39807879,1.3792149,1.38285853,1.40788987,0.018863889999999994,-0.025031339999999958
1.1228e-10,1.39807878,1.3792149,1.38285853,1.40788987,0.018863880000000055,-0.025031339999999958
1.1328e-10,1.39807878,1.3792149,1.38285853,1.40788987,0.018863880000000055,-0.025031339999999958
1.1428e-10,1.39807878,1.3792149,1.38285853,1.40788987,0.018863880000000055,-0.025031339999999958
1.1528e-10,1.39807878,1.3792149,1.38285853,1.40788987,0.018863880000000055,-0.025031339999999958
1.1628e-10,1.39807878,1.3792149,1.38285853,1.40788987,0.018863880000000055,-0.025031339999999958
1.1728e-10,1.39807878,1.3792149,1.38285853,1.40788987,0.018863880000000055,-0.025031339999999958
1.1828e-10,1.39807878,1.37921491,1.38285853,1.40788987,0.018863870000000116,-0.025031339999999958
1.1928e-10,1.39807877,1.37921491,1.38285853,1.40788987,0.018863859999999955,-0.025031339999999958
1.2028e-10,1.39807877,1.37921491,1.38285853,1.40788987,0.018863859999999955,-0.025031339999999958
1.2128e-10,1.39807877,1.37921491,1.38285853,1.40788987,0.018863859999999955,-0.025031339999999958
1.2228e-10,1.39807877,1.37921491,1.38285853,1.40788987,0.018863859999999955,-0.025031339999999958
1.2328e-10,1.39807877,1.37921491,1.38285853,1.40788987,0.018863859999999955,-0.025031339999999958
1.2428e-10,1.39807877,1.37921492,1.38285853,1.40788987,0.018863850000000015,-0.025031339999999958
1.2528e-10,1.39807876,1.37921492,1.38285853,1.40788987,0.018863840000000076,-0.025031339999999958
1.2628e-10,1.39807876,1.37921492,1.38285853,1.40788987,0.018863840000000076,-0.025031339999999958
1.2728e-10,1.39807876,1.37921492,1.38285853,1.40788987,0.018863840000000076,-0.025031339999999958
1.2828e-10,1.39807876,1.37921492,1.38285853,1.40788987,0.018863840000000076,-0.025031339999999958
1.2928e-10,1.39807876,1.37921492,1.38285853,1.40788987,0.018863840000000076,-0.025031339999999958
1.3028e-10,1.39807876,1.37921492,1.38285853,1.40788987,0.018863840000000076,-0.025031339999999958
1.3128e-10,1.39807876,1.37921493,1.38285853,1.40788987,0.018863829999999915,-0.025031339999999958
1.3228e-10,1.39807875,1.37921493,1.38285853,1.40788987,0.018863819999999976,-0.025031339999999958
1.3328e-10,1.39807875,1.37921493,1.38285853,1.40788987,0.018863819999999976,-0.025031339999999958
1.3428e-10,1.39807875,1.37921493,1.38285853,1.40788987,0.018863819999999976,-0.025031339999999958
1.3528e-10,1.39807875,1.37921493,1.38285853,1.40788987,0.018863819999999976,-0.025031339999999958
1.3628e-10,1.39807875,1.37921493,1.38285853,1.40788987,0.018863819999999976,-0.025031339999999958
1.3728e-10,1.39807875,1.37921493,1.38285853,1.40788987,0.018863819999999976,-0.025031339999999958
1.3828e-10,1.39807875,1.37921494,1.38285853,1.40788987,0.018863810000000036,-0.025031339999999958
1.3928e-10,1.39807874,1.37921494,1.38285853,1.40788987,0.018863800000000097,-0.025031339999999958
1.4028e-10,1.39807874,1.37921494,1.38285853,1.40788987,0.018863800000000097,-0.025031339999999958
1.4128e-10,1.39807874,1.37921494,1.38285853,1.40788987,0.018863800000000097,-0.025031339999999958
1.4228e-10,1.39807874,1.37921494,1.38285853,1.40788987,0.018863800000000097,-0.025031339999999958
1.4328e-10,1.39807874,1.37921494,1.38285853,1.40788987,0.018863800000000097,-0.025031339999999958
1.4428e-10,1.39807874,1.37921494,1.38285853,1.40788987,0.018863800000000097,-0.025031339999999958
1.4528e-10,1.39807874,1.37921495,1.38285853,1.40788987,0.018863790000000158,-0.025031339999999958
1.4628e-10,1.39807873,1.37921495,1.38285853,1.40788987,0.018863779999999997,-0.025031339999999958
1.4728e-10,1.39807873,1.37921495,1.38285853,1.40788987,0.018863779999999997,-0.025031339999999958
1.4828e-10,1.39807873,1.37921495,1.38285853,1.40788987,0.018863779999999997,-0.025031339999999958
1.4928e-10,1.39807873,1.37921495,1.38285853,1.40788987,0.018863779999999997,-0.025031339999999958
1.5028e-10,1.39807873,1.37921495,1.38285853,1.40788987,0.018863779999999997,-0.025031339999999958
1.5128e-10,1.39807873,1.37921496,1.38285853,1.40788987,0.018863769999999835,-0.025031339999999958
1.5228e-10,1.39807872,1.37921496,1.38285853,1.40788987,0.018863759999999896,-0.025031339999999958
1.5328e-10,1.39807872,1.37921496,1.38285853,1.40788987,0.018863759999999896,-0.025031339999999958
1.5428e-10,1.39807872,1.37921496,1.38285853,1.40788987,0.018863759999999896,-0.025031339999999958
1.5528e-10,1.39807872,1.37921496,1.38285853,1.40788987,0.018863759999999896,-0.025031339999999958
1.5628e-10,1.39807872,1.37921496,1.38285853,1.40788987,0.018863759999999896,-0.025031339999999958
1.5728e-10,1.39807872,1.37921496,1.38285853,1.40788987,0.018863759999999896,-0.025031339999999958
1.5828e-10,1.39807872,1.37921497,1.38285853,1.40788987,0.018863749999999957,-0.025031339999999958
1.5928e-10,1.39807871,1.37921497,1.38285853,1.40788987,0.018863740000000018,-0.025031339999999958
1.6028e-10,1.39807871,1.37921497,1.38285853,1.40788987,0.018863740000000018,-0.025031339999999958
1.6128e-10,1.39807871,1.37921497,1.38285853,1.40788987,0.018863740000000018,-0.025031339999999958
1.6228e-10,1.39807871,1.37921497,1.38285853,1.40788987,0.018863740000000018,-0.025031339999999958
1.6328e-10,1.39807871,1.37921497,1.38285853,1.40788987,0.018863740000000018,-0.025031339999999958
1.6428e-10,1.39807871,1.37921497,1.38285853,1.40788987,0.018863740000000018,-0.025031339999999958
1.6528e-10,1.39807871,1.37921498,1.38285853,1.40788987,0.01886373000000008,-0.025031339999999958
1.6628e-10,1.3980787,1.37921498,1.38285853,1.40788987,0.018863719999999917,-0.025031339999999958
1.6728e-10,1.3980787,1.37921498,1.38285853,1.40788987,0.018863719999999917,-0.025031339999999958
1.6828e-10,1.3980787,1.37921498,1.38285853,1.40788987,0.018863719999999917,-0.025031339999999958
1.6928e-10,1.3980787,1.37921498,1.38285853,1.40788987,0.018863719999999917,-0.025031339999999958
1.7028e-10,1.3980787,1.37921498,1.38285853,1.40788987,0.018863719999999917,-0.025031339999999958
1.7128e-10,1.3980787,1.37921498,1.38285853,1.40788987,0.018863719999999917,-0.025031339999999958
1.7228e-10,1.3980787,1.37921499,1.38285853,1.40788987,0.018863709999999978,-0.025031339999999958
1.7328e-10,1.39807869,1.37921499,1.38285853,1.40788987,0.01886370000000004,-0.025031339999999958
1.7428e-10,1.39807869,1.37921499,1.38285853,1.40788987,0.01886370000000004,-0.025031339999999958
1.7528e-10,1.39807869,1.37921499,1.38285853,1.40788987,0.01886370000000004,-0.025031339999999958
1.7628e-10,1.39807869,1.37921499,1.38285853,1.40788987,0.01886370000000004,-0.025031339999999958
1.7728e-10,1.39807869,1.37921499,1.38285853,1.40788987,0.01886370000000004,-0.025031339999999958
1.7828e-10,1.39807869,1.37921499,1.38285853,1.40788987,0.01886370000000004,-0.025031339999999958
1.7928e-10,1.39807869,1.379215,1.38285853,1.40788987,0.018863689999999878,-0.025031339999999958
1.8028e-10,1.39807868,1.379215,1.38285853,1.40788987,0.01886367999999994,-0.025031339999999958
1.8128e-10,1.39807868,1.379215,1.38285853,1.40788987,0.01886367999999994,-0.025031339999999958
1.8228e-10,1.39807868,1.379215,1.38285853,1.40788987,0.01886367999999994,-0.025031339999999958
1.8328e-10,1.39807868,1.379215,1.38285853,1.40788987,0.01886367999999994,-0.025031339999999958
1.8428e-10,1.39807868,1.379215,1.38285853,1.40788987,0.01886367999999994,-0.025031339999999958
1.8528e-10,1.39807868,1.379215,1.38285853,1.40788987,0.01886367999999994,-0.025031339999999958
1.8628e-10,1.39807867,1.37921501,1.38285853,1.40788987,0.01886366000000006,-0.025031339999999958
1.8728e-10,1.39807867,1.37921501,1.38285853,1.40788987,0.01886366000000006,-0.025031339999999958
1.8828e-10,1.39807867,1.37921501,1.38285853,1.40788987,0.01886366000000006,-0.025031339999999958
1.8928e-10,1.39807867,1.37921501,1.38285853,1.40788987,0.01886366000000006,-0.025031339999999958
1.9028e-10,1.39807867,1.37921501,1.38285853,1.40788987,0.01886366000000006,-0.025031339999999958
1.9128e-10,1.39807867,1.37921501,1.38285853,1.40788987,0.01886366000000006,-0.025031339999999958
1.9228e-10,1.39807867,1.37921502,1.38285853,1.40788987,0.01886365000000012,-0.025031339999999958
1.9328e-10,1.39807866,1.37921502,1.38285853,1.40788987,0.01886363999999996,-0.025031339999999958
1.9428e-10,1.39807866,1.37921502,1.38285853,1.40788987,0.01886363999999996,-0.025031339999999958
1.9528e-10,1.39807866,1.37921502,1.38285853,1.40788987,0.01886363999999996,-0.025031339999999958
1.9628e-10,1.39807866,1.37921502,1.38285853,1.40788987,0.01886363999999996,-0.025031339999999958
1.9728e-10,1.39807866,1.37921502,1.38285853,1.40788987,0.01886363999999996,-0.025031339999999958
1.9828e-10,1.39807866,1.37921502,1.38285853,1.40788987,0.01886363999999996,-0.025031339999999958
1.9928e-10,1.39807866,1.37921503,1.38285853,1.40788987,0.01886363000000002,-0.025031339999999958
2.0028e-10,1.39807865,1.37921503,1.38285853,1.40788987,0.01886362000000008,-0.025031339999999958
2.0128e-10,1.39807865,1.37921503,1.38285853,1.40788987,0.01886362000000008,-0.025031339999999958
2.0228e-10,1.39807865,1.37921503,1.38285853,1.40788987,0.01886362000000008,-0.025031339999999958
2.0328e-10,1.39807865,1.37921503,1.38285853,1.40788987,0.01886362000000008,-0.025031339999999958
2.0428e-10,1.39807865,1.37921503,1.38285853,1.40788987,0.01886362000000008,-0.025031339999999958
2.0528e-10,1.39807865,1.37921503,1.38285853,1.40788987,0.01886362000000008,-0.025031339999999958
2.0628e-10,1.39807865,1.37921504,1.38285853,1.40788987,0.01886360999999992,-0.025031339999999958
2.0728e-10,1.39807864,1.37921504,1.38285853,1.40788987,0.01886359999999998,-0.025031339999999958
2.0828e-10,1.39807864,1.37921504,1.38285853,1.40788987,0.01886359999999998,-0.025031339999999958
2.0928e-10,1.39807864,1.37921504,1.38285853,1.40788987,0.01886359999999998,-0.025031339999999958
2.1028e-10,1.39807864,1.37921504,1.38285853,1.40788987,0.01886359999999998,-0.025031339999999958
2.1128e-10,1.39807864,1.37921504,1.38285853,1.40788987,0.01886359999999998,-0.025031339999999958
2.1228e-10,1.39807864,1.37921504,1.38285853,1.40788987,0.01886359999999998,-0.025031339999999958
2.1328e-10,1.39807864,1.37921505,1.38285853,1.40788987,0.01886359000000004,-0.025031339999999958
2.1428e-10,1.39807863,1.37921505,1.38285853,1.40788987,0.018863580000000102,-0.025031339999999958
2.1528e-10,1.39807863,1.37921505,1.38285853,1.40788987,0.018863580000000102,-0.025031339999999958
2.1628e-10,1.39807863,1.37921505,1.38285853,1.40788987,0.018863580000000102,-0.025031339999999958
2.1728e-10,1.39807863,1.37921505,1.38285853,1.40788987,0.018863580000000102,-0.025031339999999958
2.1828e-10,1.39807863,1.37921505,1.38285853,1.40788987,0.018863580000000102,-0.025031339999999958
2.1928e-10,1.39807863,1.37921505,1.38285853,1.40788987,0.018863580000000102,-0.025031339999999958
2.2028e-10,1.39807863,1.37921506,1.38285853,1.40788987,0.018863570000000163,-0.025031339999999958
2.2128e-10,1.39807862,1.37921506,1.38285853,1.40788987,0.01886356,-0.025031339999999958
2.2228e-10,1.39807862,1.37921506,1.38285853,1.40788987,0.01886356,-0.025031339999999958
2.2328e-10,1.39807862,1.37921506,1.38285853,1.40788987,0.01886356,-0.025031339999999958
2.2428e-10,1.39807862,1.37921506,1.38285853,1.40788987,0.01886356,-0.025031339999999958
2.2528e-10,1.39807862,1.37921506,1.38285853,1.40788987,0.01886356,-0.025031339999999958
2.2628e-10,1.39807862,1.37921506,1.38285853,1.40788987,0.01886356,-0.025031339999999958
2.2728e-10,1.39807862,1.37921507,1.38285853,1.40788987,0.01886354999999984,-0.025031339999999958
2.2828e-10,1.39807861,1.37921507,1.38285853,1.40788987,0.0188635399999999,-0.025031339999999958
2.2928e-10,1.39807861,1.37921507,1.38285853,1.40788987,0.0188635399999999,-0.025031339999999958
2.3028e-10,1.39807861,1.37921507,1.38285853,1.40788987,0.0188635399999999,-0.025031339999999958
2.3128e-10,1.39807861,1.37921507,1.38285853,1.40788987,0.0188635399999999,-0.025031339999999958
2.3228e-10,1.39807861,1.37921507,1.38285853,1.40788987,0.0188635399999999,-0.025031339999999958
2.3328e-10,1.39807861,1.37921507,1.38285853,1.40788987,0.0188635399999999,-0.025031339999999958
2.3428e-10,1.3980786,1.37921508,1.38285853,1.40788987,0.018863520000000022,-0.025031339999999958
2.3528e-10,1.3980786,1.37921508,1.38285853,1.40788987,0.018863520000000022,-0.025031339999999958
2.3628e-10,1.3980786,1.37921508,1.38285853,1.40788987,0.018863520000000022,-0.025031339999999958
2.3728e-10,1.3980786,1.37921508,1.38285853,1.40788987,0.018863520000000022,-0.025031339999999958
2.3828e-10,1.3980786,1.37921508,1.38285853,1.40788987,0.018863520000000022,-0.025031339999999958
2.3928e-10,1.3980786,1.37921508,1.38285853,1.40788987,0.018863520000000022,-0.025031339999999958
2.4028e-10,1.3980786,1.37921509,1.38285853,1.40788987,0.018863510000000083,-0.025031339999999958
2.4128e-10,1.39807859,1.37921509,1.38285853,1.40788987,0.018863499999999922,-0.025031339999999958
2.4228e-10,1.39807859,1.37921509,1.38285853,1.40788987,0.018863499999999922,-0.025031339999999958
2.4328e-10,1.39807859,1.37921509,1.38285853,1.40788987,0.018863499999999922,-0.025031339999999958
2.4428e-10,1.39807859,1.37921509,1.38285853,1.40788987,0.018863499999999922,-0.025031339999999958
2.4528e-10,1.39807859,1.37921509,1.38285853,1.40788987,0.018863499999999922,-0.025031339999999958
2.4628e-10,1.39807859,1.37921509,1.38285853,1.40788987,0.018863499999999922,-0.025031339999999958
2.4728e-10,1.39807859,1.3792151,1.38285853,1.40788987,0.018863489999999983,-0.025031339999999958
2.4828e-10,1.39807858,1.3792151,1.38285853,1.40788987,0.018863480000000044,-0.025031339999999958
2.4928e-10,1.39807858,1.3792151,1.38285853,1.40788987,0.018863480000000044,-0.025031339999999958
2.5028e-10,1.39807858,1.3792151,1.38285853,1.40788987,0.018863480000000044,-0.025031339999999958
2.5128e-10,1.39807858,1.3792151,1.38285853,1.40788987,0.018863480000000044,-0.025031339999999958
2.5228e-10,1.39807858,1.3792151,1.38285853,1.40788987,0.018863480000000044,-0.025031339999999958
2.5328e-10,1.39807858,1.3792151,1.38285853,1.40788987,0.018863480000000044,-0.025031339999999958
2.5428e-10,1.39807858,1.37921511,1.38285853,1.40788987,0.018863469999999882,-0.025031339999999958
2.5528e-10,1.39807857,1.37921511,1.38285853,1.40788987,0.018863459999999943,-0.025031339999999958
2.5628e-10,1.39807857,1.37921511,1.38285853,1.40788987,0.018863459999999943,-0.025031339999999958
2.5728e-10,1.39807857,1.37921511,1.38285853,1.40788987,0.018863459999999943,-0.025031339999999958
2.5828e-10,1.39807857,1.37921511,1.38285853,1.40788987,0.018863459999999943,-0.025031339999999958
2.5928e-10,1.39807857,1.37921511,1.38285853,1.40788987,0.018863459999999943,-0.025031339999999958
2.6028e-10,1.39807857,1.37921511,1.38285853,1.40788987,0.018863459999999943,-0.025031339999999958
2.6128e-10,1.39807857,1.37921512,1.38285853,1.40788987,0.018863450000000004,-0.025031339999999958
2.6228e-10,1.39807856,1.37921512,1.38285853,1.40788987,0.018863440000000065,-0.025031339999999958
2.6328e-10,1.39807856,1.37921512,1.38285853,1.40788987,0.018863440000000065,-0.025031339999999958
2.6428e-10,1.39807856,1.37921512,1.38285853,1.40788987,0.018863440000000065,-0.025031339999999958
2.6528e-10,1.39807856,1.37921512,1.38285853,1.40788987,0.018863440000000065,-0.025031339999999958
2.6628e-10,1.39807856,1.37921512,1.38285853,1.40788987,0.018863440000000065,-0.025031339999999958
2.6728e-10,1.39807856,1.37921512,1.38285853,1.40788987,0.018863440000000065,-0.025031339999999958
2.6828e-10,1.39807856,1.37921513,1.38285853,1.40788987,0.018863430000000125,-0.025031339999999958
2.6928e-10,1.39807855,1.37921513,1.38285853,1.40788987,0.018863419999999964,-0.025031339999999958
2.7028e-10,1.39807855,1.37921513,1.38285853,1.40788987,0.018863419999999964,-0.025031339999999958
2.7128e-10,1.39807855,1.37921513,1.38285853,1.40788987,0.018863419999999964,-0.025031339999999958
2.7228e-10,1.39807855,1.37921513,1.38285853,1.40788987,0.018863419999999964,-0.025031339999999958
2.7328e-10,1.39807855,1.37921513,1.38285853,1.40788987,0.018863419999999964,-0.025031339999999958
2.7428e-10,1.39807855,1.37921513,1.38285853,1.40788987,0.018863419999999964,-0.025031339999999958
2.7528e-10,1.39807855,1.37921514,1.38285853,1.40788987,0.018863410000000025,-0.025031339999999958
2.7628e-10,1.39807854,1.37921514,1.38285853,1.40788987,0.018863400000000086,-0.025031339999999958
2.7728e-10,1.39807854,1.37921514,1.38285853,1.40788987,0.018863400000000086,-0.025031339999999958
2.7828e-10,1.39807854,1.37921514,1.38285853,1.40788987,0.018863400000000086,-0.025031339999999958
2.7928e-10,1.39807854,1.37921514,1.38285853,1.40788987,0.018863400000000086,-0.025031339999999958
2.8028e-10,1.39807854,1.37921514,1.38285853,1.40788987,0.018863400000000086,-0.025031339999999958
2.8128e-10,1.39807854,1.37921514,1.38285853,1.40788987,0.018863400000000086,-0.025031339999999958
2.8228e-10,1.39807854,1.37921515,1.38285853,1.40788987,0.018863389999999924,-0.025031339999999958
2.8328e-10,1.39807853,1.37921515,1.38285853,1.40788987,0.018863379999999985,-0.025031339999999958
2.8428e-10,1.39807853,1.37921515,1.38285853,1.40788987,0.018863379999999985,-0.025031339999999958
2.8528e-10,1.39807853,1.37921515,1.38285853,1.40788987,0.018863379999999985,-0.025031339999999958
2.8628e-10,1.39807853,1.37921515,1.38285853,1.40788987,0.018863379999999985,-0.025031339999999958
2.8728e-10,1.39807853,1.37921515,1.38285853,1.40788987,0.018863379999999985,-0.025031339999999958
2.8828e-10,1.39807853,1.37921515,1.38285853,1.40788987,0.018863379999999985,-0.025031339999999958
2.8928e-10,1.39807853,1.37921516,1.38285853,1.40788987,0.018863370000000046,-0.025031339999999958
2.9028e-10,1.39807852,1.37921516,1.38285853,1.40788987,0.018863360000000107,-0.025031339999999958
2.9128e-10,1.39807852,1.37921516,1.38285853,1.40788987,0.018863360000000107,-0.025031339999999958
2.9228e-10,1.39807852,1.37921516,1.38285853,1.40788987,0.018863360000000107,-0.025031339999999958
2.9328e-10,1.39807852,1.37921516,1.38285853,1.40788987,0.018863360000000107,-0.025031339999999958
2.9428e-10,1.39807852,1.37921516,1.38285853,1.40788987,0.018863360000000107,-0.025031339999999958
2.9528e-10,1.39807852,1.37921516,1.38285853,1.40788987,0.018863360000000107,-0.025031339999999958
2.9628e-10,1.39807852,1.37921517,1.38285853,1.40788987,0.018863350000000167,-0.025031339999999958
2.9728e-10,1.39807851,1.37921517,1.38285853,1.40788987,0.018863340000000006,-0.025031339999999958
2.9828e-10,1.39807851,1.37921517,1.38285853,1.40788987,0.018863340000000006,-0.025031339999999958
2.9928e-10,1.39807851,1.37921517,1.38285853,1.40788987,0.018863340000000006,-0.025031339999999958
3.0028e-10,1.39807851,1.37921517,1.38285853,1.40788987,0.018863340000000006,-0.025031339999999958
3.0128e-10,1.39807851,1.37921517,1.38285853,1.40788987,0.018863340000000006,-0.025031339999999958
3.0228e-10,1.39807851,1.37921517,1.38285853,1.40788987,0.018863340000000006,-0.025031339999999958
3.0328e-10,1.39807851,1.37921518,1.38285853,1.40788987,0.018863329999999845,-0.025031339999999958
3.0428e-10,1.3980785,1.37921518,1.38285853,1.40788987,0.018863319999999906,-0.025031339999999958
3.0528e-10,1.3980785,1.37921518,1.38285853,1.40788987,0.018863319999999906,-0.025031339999999958
3.0628e-10,1.3980785,1.37921518,1.38285853,1.40788987,0.018863319999999906,-0.025031339999999958
3.0728e-10,1.3980785,1.37921518,1.38285853,1.40788987,0.018863319999999906,-0.025031339999999958
3.0828e-10,1.3980785,1.37921518,1.38285853,1.40788987,0.018863319999999906,-0.025031339999999958
3.0928e-10,1.3980785,1.37921518,1.38285853,1.40788987,0.018863319999999906,-0.025031339999999958
3.1028e-10,1.39807849,1.37921519,1.38285853,1.40788987,0.018863300000000027,-0.025031339999999958
3.1128e-10,1.39807849,1.37921519,1.38285853,1.40788987,0.018863300000000027,-0.025031339999999958
3.1228e-10,1.39807849,1.37921519,1.38285853,1.40788987,0.018863300000000027,-0.025031339999999958
3.1328e-10,1.39807849,1.37921519,1.38285853,1.40788987,0.018863300000000027,-0.025031339999999958
3.1428e-10,1.39807849,1.37921519,1.38285853,1.40788987,0.018863300000000027,-0.025031339999999958
3.1528e-10,1.39807849,1.37921519,1.38285853,1.40788987,0.018863300000000027,-0.025031339999999958
3.1628e-10,1.39807849,1.37921519,1.38285853,1.40788987,0.018863300000000027,-0.025031339999999958
3.1728e-10,1.39807848,1.3792152,1.38285853,1.40788987,0.018863279999999927,-0.025031339999999958
3.1828e-10,1.39807848,1.3792152,1.38285853,1.40788987,0.018863279999999927,-0.025031339999999958
3.1928e-10,1.39807848,1.3792152,1.38285853,1.40788987,0.018863279999999927,-0.025031339999999958
3.2028e-10,1.39807848,1.3792152,1.38285853,1.40788987,0.018863279999999927,-0.025031339999999958
3.2128e-10,1.39807848,1.3792152,1.38285853,1.40788987,0.018863279999999927,-0.025031339999999958
3.2228e-10,1.39807848,1.3792152,1.38285853,1.40788987,0.018863279999999927,-0.025031339999999958
3.2328e-10,1.39807848,1.3792152,1.38285853,1.40788987,0.018863279999999927,-0.025031339999999958
3.2428e-10,1.39807847,1.37921521,1.38285853,1.40788987,0.01886326000000005,-0.025031339999999958
3.2528e-10,1.39807847,1.37921521,1.38285853,1.40788987,0.01886326000000005,-0.025031339999999958
3.2628e-10,1.39807847,1.37921521,1.38285853,1.40788987,0.01886326000000005,-0.025031339999999958
3.2728e-10,1.39807847,1.37921521,1.38285853,1.40788987,0.01886326000000005,-0.025031339999999958
3.2828e-10,1.39807847,1.37921521,1.38285853,1.40788987,0.01886326000000005,-0.025031339999999958
3.2928e-10,1.39807847,1.37921521,1.38285853,1.40788987,0.01886326000000005,-0.025031339999999958
3.3028e-10,1.39807847,1.37921521,1.38285853,1.40788987,0.01886326000000005,-0.025031339999999958
3.3128e-10,1.39807846,1.37921522,1.38285853,1.40788987,0.018863239999999948,-0.025031339999999958
3.3228e-10,1.39807846,1.37921522,1.38285853,1.40788987,0.018863239999999948,-0.025031339999999958
3.3328e-10,1.39807846,1.37921522,1.38285853,1.40788987,0.018863239999999948,-0.025031339999999958
3.3428e-10,1.39807846,1.37921522,1.38285853,1.40788987,0.018863239999999948,-0.025031339999999958
3.3528e-10,1.39807846,1.37921522,1.38285853,1.40788987,0.018863239999999948,-0.025031339999999958
3.3628e-10,1.39807846,1.37921522,1.38285853,1.40788987,0.018863239999999948,-0.025031339999999958
3.3728e-10,1.39807846,1.37921522,1.38285853,1.40788987,0.018863239999999948,-0.025031339999999958
3.3828e-10,1.39807845,1.37921523,1.38285853,1.40788987,0.01886322000000007,-0.025031339999999958
3.3928e-10,1.39807845,1.37921523,1.38285853,1.40788987,0.01886322000000007,-0.025031339999999958
3.4028e-10,1.39807845,1.37921523,1.38285853,1.40788987,0.01886322000000007,-0.025031339999999958
3.4128e-10,1.39807845,1.37921523,1.38285853,1.40788987,0.01886322000000007,-0.025031339999999958
3.4228e-10,1.39807845,1.37921523,1.38285853,1.40788987,0.01886322000000007,-0.025031339999999958
3.4328e-10,1.39807845,1.37921523,1.38285853,1.40788987,0.01886322000000007,-0.025031339999999958
3.4428e-10,1.39807845,1.37921523,1.38285853,1.40788987,0.01886322000000007,-0.025031339999999958
3.4528e-10,1.39807844,1.37921524,1.38285853,1.40788987,0.01886319999999997,-0.025031339999999958
3.4628e-10,1.39807844,1.37921524,1.38285853,1.40788987,0.01886319999999997,-0.025031339999999958
3.4728e-10,1.39807844,1.37921524,1.38285853,1.40788987,0.01886319999999997,-0.025031339999999958
3.4828e-10,1.39807844,1.37921524,1.38285853,1.40788987,0.01886319999999997,-0.025031339999999958
3.4928e-10,1.39807844,1.37921524,1.38285853,1.40788987,0.01886319999999997,-0.025031339999999958
3.5028e-10,1.39807844,1.37921524,1.38285853,1.40788987,0.01886319999999997,-0.025031339999999958
3.5128e-10,1.39807844,1.37921524,1.38285853,1.40788987,0.01886319999999997,-0.025031339999999958
3.5228e-10,1.39807843,1.37921525,1.38285853,1.40788987,0.01886318000000009,-0.025031339999999958
3.5328e-10,1.39807843,1.37921525,1.38285853,1.40788987,0.01886318000000009,-0.025031339999999958
3.5428e-10,1.39807843,1.37921525,1.38285853,1.40788987,0.01886318000000009,-0.025031339999999958
3.5528e-10,1.39807843,1.37921525,1.38285853,1.40788987,0.01886318000000009,-0.025031339999999958
3.5628e-10,1.39807843,1.37921525,1.38285853,1.40788987,0.01886318000000009,-0.025031339999999958
3.5728e-10,1.39807843,1.37921525,1.38285853,1.40788987,0.01886318000000009,-0.025031339999999958
3.5828e-10,1.39807843,1.37921525,1.38285853,1.40788987,0.01886318000000009,-0.025031339999999958
3.5928e-10,1.39807842,1.37921526,1.38285853,1.40788987,0.01886315999999999,-0.025031339999999958
3.6028e-10,1.39807842,1.37921526,1.38285853,1.40788987,0.01886315999999999,-0.025031339999999958
3.6128e-10,1.39807842,1.37921526,1.38285853,1.40788987,0.01886315999999999,-0.025031339999999958
3.6228e-10,1.39807842,1.37921526,1.38285853,1.40788987,0.01886315999999999,-0.025031339999999958
3.6328e-10,1.39807842,1.37921526,1.38285853,1.40788987,0.01886315999999999,-0.025031339999999958
3.6428e-10,1.39807842,1.37921526,1.38285853,1.40788987,0.01886315999999999,-0.025031339999999958
3.6528e-10,1.39807842,1.37921526,1.38285853,1.40788987,0.01886315999999999,-0.025031339999999958
3.6628e-10,1.39807841,1.37921527,1.38285853,1.40788987,0.01886314000000011,-0.025031339999999958
3.6728e-10,1.39807841,1.37921527,1.38285853,1.40788987,0.01886314000000011,-0.025031339999999958
3.6828e-10,1.39807841,1.37921527,1.38285853,1.40788987,0.01886314000000011,-0.025031339999999958
3.6928e-10,1.39807841,1.37921527,1.38285853,1.40788987,0.01886314000000011,-0.025031339999999958
3.7028e-10,1.39807841,1.37921527,1.38285853,1.40788987,0.01886314000000011,-0.025031339999999958
3.7128e-10,1.39807841,1.37921527,1.38285853,1.40788987,0.01886314000000011,-0.025031339999999958
3.7228e-10,1.39807841,1.37921527,1.38285853,1.40788987,0.01886314000000011,-0.025031339999999958
3.7328e-10,1.3980784,1.37921528,1.38285853,1.40788987,0.01886312000000001,-0.025031339999999958
3.7428e-10,1.3980784,1.37921528,1.38285853,1.40788987,0.01886312000000001,-0.025031339999999958
3.7528e-10,1.3980784,1.37921528,1.38285853,1.40788987,0.01886312000000001,-0.025031339999999958
3.7628e-10,1.3980784,1.37921528,1.38285853,1.40788987,0.01886312000000001,-0.025031339999999958
3.7728e-10,1.3980784,1.37921528,1.38285853,1.40788987,0.01886312000000001,-0.025031339999999958
3.7828e-10,1.3980784,1.37921528,1.38285853,1.40788987,0.01886312000000001,-0.025031339999999958
3.7928e-10,1.3980784,1.37921528,1.38285853,1.40788987,0.01886312000000001,-0.025031339999999958
3.8028e-10,1.39807839,1.37921529,1.38285853,1.40788987,0.01886309999999991,-0.025031339999999958
3.8128e-10,1.39807839,1.37921529,1.38285853,1.40788987,0.01886309999999991,-0.025031339999999958
3.8228e-10,1.39807839,1.37921529,1.38285853,1.40788987,0.01886309999999991,-0.025031339999999958
3.8328e-10,1.39807839,1.37921529,1.38285853,1.40788987,0.01886309999999991,-0.025031339999999958
3.8428e-10,1.39807839,1.37921529,1.38285853,1.40788987,0.01886309999999991,-0.025031339999999958
3.8528e-10,1.39807839,1.37921529,1.38285853,1.40788987,0.01886309999999991,-0.025031339999999958
3.8628e-10,1.39807839,1.37921529,1.38285853,1.40788987,0.01886309999999991,-0.025031339999999958
3.8728e-10,1.39807838,1.3792153,1.38285853,1.40788987,0.018863080000000032,-0.025031339999999958
3.8828e-10,1.39807838,1.3792153,1.38285853,1.40788987,0.018863080000000032,-0.025031339999999958
3.8928e-10,1.39807838,1.3792153,1.38285853,1.40788987,0.018863080000000032,-0.025031339999999958
3.9028e-10,1.39807838,1.3792153,1.38285853,1.40788987,0.018863080000000032,-0.025031339999999958
3.9128e-10,1.39807838,1.3792153,1.38285853,1.40788987,0.018863080000000032,-0.025031339999999958
3.9228e-10,1.39807838,1.3792153,1.38285853,1.40788987,0.018863080000000032,-0.025031339999999958
3.9328e-10,1.39807838,1.3792153,1.38285853,1.40788987,0.018863080000000032,-0.025031339999999958
3.9428e-10,1.39807837,1.37921531,1.38285853,1.40788987,0.01886305999999993,-0.025031339999999958
3.9528e-10,1.39807837,1.37921531,1.38285853,1.40788987,0.01886305999999993,-0.025031339999999958
3.9628e-10,1.39807837,1.37921531,1.38285853,1.40788987,0.01886305999999993,-0.025031339999999958
3.9728e-10,1.39807837,1.37921531,1.38285853,1.40788987,0.01886305999999993,-0.025031339999999958
3.9828e-10,1.39807837,1.37921531,1.38285853,1.40788987,0.01886305999999993,-0.025031339999999958
3.9928e-10,1.39807837,1.37921531,1.38285853,1.40788987,0.01886305999999993,-0.025031339999999958
4.0028e-10,1.39807837,1.37921531,1.38285853,1.40788987,0.01886305999999993,-0.025031339999999958
4.0128e-10,1.39807837,1.37921532,1.38285853,1.40788987,0.018863049999999992,-0.025031339999999958
4.0228e-10,1.39807836,1.37921532,1.38285853,1.40788987,0.018863040000000053,-0.025031339999999958
4.0328e-10,1.39807836,1.37921532,1.38285853,1.40788987,0.018863040000000053,-0.025031339999999958
4.0428e-10,1.39807836,1.37921532,1.38285853,1.40788987,0.018863040000000053,-0.025031339999999958
4.0528e-10,1.39807836,1.37921532,1.38285853,1.40788987,0.018863040000000053,-0.025031339999999958
4.0628e-10,1.39807836,1.37921532,1.38285853,1.40788987,0.018863040000000053,-0.025031339999999958
4.0728e-10,1.39807836,1.37921532,1.38285853,1.40788987,0.018863040000000053,-0.025031339999999958
4.0828e-10,1.39807836,1.37921533,1.38285853,1.40788987,0.018863029999999892,-0.025031339999999958
4.0928e-10,1.39807835,1.37921533,1.38285853,1.40788987,0.018863019999999953,-0.025031339999999958
4.1028e-10,1.39807835,1.37921533,1.38285853,1.40788987,0.018863019999999953,-0.025031339999999958
4.1128e-10,1.39807835,1.37921533,1.38285853,1.40788987,0.018863019999999953,-0.025031339999999958
4.1228e-10,1.39807835,1.37921533,1.38285853,1.40788987,0.018863019999999953,-0.025031339999999958
4.1328e-10,1.39807835,1.37921533,1.38285853,1.40788987,0.018863019999999953,-0.025031339999999958
4.1428e-10,1.39807835,1.37921533,1.38285853,1.40788987,0.018863019999999953,-0.025031339999999958
4.1528e-10,1.39807835,1.37921534,1.38285853,1.40788987,0.018863010000000013,-0.025031339999999958
4.1628e-10,1.39807834,1.37921534,1.38285853,1.40788987,0.018863000000000074,-0.025031339999999958
4.1728e-10,1.39807834,1.37921534,1.38285853,1.40788987,0.018863000000000074,-0.025031339999999958
4.1828e-10,1.39807834,1.37921534,1.38285853,1.40788987,0.018863000000000074,-0.025031339999999958
4.1928e-10,1.39807834,1.37921534,1.38285853,1.40788987,0.018863000000000074,-0.025031339999999958
4.2028e-10,1.39807834,1.37921534,1.38285853,1.40788987,0.018863000000000074,-0.025031339999999958
4.2128e-10,1.39807834,1.37921534,1.38285853,1.40788987,0.018863000000000074,-0.025031339999999958
4.2228e-10,1.39807834,1.37921535,1.38285853,1.40788987,0.018862990000000135,-0.025031339999999958
4.2328e-10,1.39807833,1.37921535,1.38285853,1.40788987,0.018862979999999974,-0.025031339999999958
4.2428e-10,1.39807833,1.37921535,1.38285853,1.40788987,0.018862979999999974,-0.025031339999999958
4.2528e-10,1.39807833,1.37921535,1.38285853,1.40788987,0.018862979999999974,-0.025031339999999958
4.2628e-10,1.39807833,1.37921535,1.38285853,1.40788987,0.018862979999999974,-0.025031339999999958
4.2728e-10,1.39807833,1.37921535,1.38285853,1.40788987,0.018862979999999974,-0.025031339999999958
4.2828e-10,1.39807833,1.37921535,1.38285853,1.40788987,0.018862979999999974,-0.025031339999999958
4.2928e-10,1.39807833,1.37921536,1.38285853,1.40788987,0.018862970000000034,-0.025031339999999958
4.3028e-10,1.39807832,1.37921536,1.38285853,1.40788987,0.018862960000000095,-0.025031339999999958
4.3128e-10,1.39807832,1.37921536,1.38285853,1.40788987,0.018862960000000095,-0.025031339999999958
4.3228e-10,1.39807832,1.37921536,1.38285853,1.40788987,0.018862960000000095,-0.025031339999999958
4.3328e-10,1.39807832,1.37921536,1.38285853,1.40788987,0.018862960000000095,-0.025031339999999958
4.3428e-10,1.39807832,1.37921536,1.38285853,1.40788987,0.018862960000000095,-0.025031339999999958
4.3528e-10,1.39807832,1.37921536,1.38285853,1.40788987,0.018862960000000095,-0.025031339999999958
4.3628e-10,1.39807832,1.37921537,1.38285853,1.40788987,0.018862949999999934,-0.025031339999999958
4.3728e-10,1.39807831,1.37921537,1.38285853,1.40788987,0.018862939999999995,-0.025031339999999958
4.3828e-10,1.39807831,1.37921537,1.38285853,1.40788987,0.018862939999999995,-0.025031339999999958
4.3928e-10,1.39807831,1.37921537,1.38285853,1.40788987,0.018862939999999995,-0.025031339999999958
4.4028e-10,1.39807831,1.37921537,1.38285853,1.40788987,0.018862939999999995,-0.025031339999999958
4.4128e-10,1.39807831,1.37921537,1.38285853,1.40788987,0.018862939999999995,-0.025031339999999958
4.4228e-10,1.39807831,1.37921537,1.38285853,1.40788987,0.018862939999999995,-0.025031339999999958
4.4328e-10,1.39807831,1.37921538,1.38285853,1.40788987,0.018862930000000055,-0.025031339999999958
4.4428e-10,1.3980783,1.37921538,1.38285853,1.40788987,0.018862920000000116,-0.025031339999999958
4.4528e-10,1.3980783,1.37921538,1.38285853,1.40788987,0.018862920000000116,-0.025031339999999958
4.4628e-10,1.3980783,1.37921538,1.38285853,1.40788987,0.018862920000000116,-0.025031339999999958
4.4728e-10,1.3980783,1.37921538,1.38285853,1.40788987,0.018862920000000116,-0.025031339999999958
4.4828e-10,1.3980783,1.37921538,1.38285853,1.40788987,0.018862920000000116,-0.025031339999999958
4.4928e-10,1.3980783,1.37921538,1.38285853,1.40788987,0.018862920000000116,-0.025031339999999958
4.5028e-10,1.3980783,1.37921538,1.38285853,1.40788987,0.018862920000000116,-0.025031339999999958
4.5128e-10,1.39807829,1.37921539,1.38285853,1.40788987,0.018862900000000016,-0.025031339999999958
4.5228e-10,1.39807829,1.37921539,1.38285853,1.40788987,0.018862900000000016,-0.025031339999999958
4.5328e-10,1.39807829,1.37921539,1.38285853,1.40788987,0.018862900000000016,-0.025031339999999958
4.5428e-10,1.39807829,1.37921539,1.38285853,1.40788987,0.018862900000000016,-0.025031339999999958
4.5528e-10,1.39807829,1.37921539,1.38285853,1.40788987,0.018862900000000016,-0.025031339999999958
4.5628e-10,1.39807829,1.37921539,1.38285853,1.40788987,0.018862900000000016,-0.025031339999999958
4.5728e-10,1.39807829,1.37921539,1.38285853,1.40788987,0.018862900000000016,-0.025031339999999958
4.5828e-10,1.39807828,1.3792154,1.38285853,1.40788987,0.018862879999999915,-0.025031339999999958
4.5928e-10,1.39807828,1.3792154,1.38285853,1.40788987,0.018862879999999915,-0.025031339999999958
4.6028e-10,1.39807828,1.3792154,1.38285853,1.40788987,0.018862879999999915,-0.025031339999999958
4.6128e-10,1.39807828,1.3792154,1.38285853,1.40788987,0.018862879999999915,-0.025031339999999958
4.6228e-10,1.39807828,1.3792154,1.38285853,1.40788987,0.018862879999999915,-0.025031339999999958
4.6328e-10,1.39807828,1.3792154,1.38285853,1.40788987,0.018862879999999915,-0.025031339999999958
4.6428e-10,1.39807828,1.3792154,1.38285853,1.40788987,0.018862879999999915,-0.025031339999999958
4.6528e-10,1.39807827,1.37921541,1.38285853,1.40788987,0.018862860000000037,-0.025031339999999958
4.6628e-10,1.39807827,1.37921541,1.38285853,1.40788987,0.018862860000000037,-0.025031339999999958
4.6728e-10,1.39807827,1.37921541,1.38285853,1.40788987,0.018862860000000037,-0.025031339999999958
4.6828e-10,1.39807827,1.37921541,1.38285853,1.40788987,0.018862860000000037,-0.025031339999999958
4.6928e-10,1.39807827,1.37921541,1.38285853,1.40788987,0.018862860000000037,-0.025031339999999958
4.7028e-10,1.39807827,1.37921541,1.38285853,1.40788987,0.018862860000000037,-0.025031339999999958
4.7128e-10,1.39807827,1.37921541,1.38285853,1.40788987,0.018862860000000037,-0.025031339999999958
4.7228e-10,1.39807826,1.37921542,1.38285853,1.40788987,0.018862839999999936,-0.025031339999999958
4.7328e-10,1.39807826,1.37921542,1.38285853,1.40788987,0.018862839999999936,-0.025031339999999958
4.7428e-10,1.39807826,1.37921542,1.38285853,1.40788987,0.018862839999999936,-0.025031339999999958
4.7528e-10,1.39807826,1.37921542,1.38285853,1.40788987,0.018862839999999936,-0.025031339999999958
4.7628e-10,1.39807826,1.37921542,1.38285853,1.40788987,0.018862839999999936,-0.025031339999999958
4.7728e-10,1.39807826,1.37921542,1.38285853,1.40788987,0.018862839999999936,-0.025031339999999958
4.7828e-10,1.39807826,1.37921542,1.38285853,1.40788987,0.018862839999999936,-0.025031339999999958
4.7928e-10,1.39807826,1.37921543,1.38285853,1.40788987,0.018862829999999997,-0.025031339999999958
4.8028e-10,1.39807825,1.37921543,1.38285853,1.40788987,0.018862820000000058,-0.025031339999999958
4.8128e-10,1.39807825,1.37921543,1.38285853,1.40788987,0.018862820000000058,-0.025031339999999958
4.8228e-10,1.39807825,1.37921543,1.38285853,1.40788987,0.018862820000000058,-0.025031339999999958
4.8328e-10,1.39807825,1.37921543,1.38285853,1.40788987,0.018862820000000058,-0.025031339999999958
4.8428e-10,1.39807825,1.37921543,1.38285853,1.40788987,0.018862820000000058,-0.025031339999999958
4.8528e-10,1.39807825,1.37921543,1.38285853,1.40788987,0.018862820000000058,-0.025031339999999958
4.8628e-10,1.39807825,1.37921544,1.38285853,1.40788987,0.018862809999999897,-0.025031339999999958
4.8728e-10,1.39807824,1.37921544,1.38285853,1.40788987,0.018862799999999957,-0.025031339999999958
4.8828e-10,1.39807824,1.37921544,1.38285853,1.40788987,0.018862799999999957,-0.025031339999999958
4.8928e-10,1.39807824,1.37921544,1.38285853,1.40788987,0.018862799999999957,-0.025031339999999958
4.9028e-10,1.39807824,1.37921544,1.38285853,1.40788987,0.018862799999999957,-0.025031339999999958
4.9128e-10,1.39807824,1.37921544,1.38285853,1.40788987,0.018862799999999957,-0.025031339999999958
4.9228e-10,1.39807824,1.37921544,1.38285853,1.40788987,0.018862799999999957,-0.025031339999999958
4.9328e-10,1.39807824,1.37921545,1.38285853,1.40788987,0.018862790000000018,-0.025031339999999958
4.9428e-10,1.39807823,1.37921545,1.38285853,1.40788987,0.01886278000000008,-0.025031339999999958
4.9528e-10,1.39807823,1.37921545,1.38285853,1.40788987,0.01886278000000008,-0.025031339999999958
4.9628e-10,1.39807823,1.37921545,1.38285853,1.40788987,0.01886278000000008,-0.025031339999999958
4.9728e-10,1.39807823,1.37921545,1.38285853,1.40788987,0.01886278000000008,-0.025031339999999958
4.9828e-10,1.39807823,1.37921545,1.38285853,1.40788987,0.01886278000000008,-0.025031339999999958
4.9928e-10,1.39807823,1.37921545,1.38285853,1.40788987,0.01886278000000008,-0.025031339999999958
5.0028e-10,1.39807823,1.37921545,1.38285853,1.40788987,0.01886278000000008,-0.025031339999999958
5.0128e-10,1.39807822,1.37921546,1.38285853,1.40788987,0.01886275999999998,-0.025031339999999958
5.0228e-10,1.39807822,1.37921546,1.38285853,1.40788987,0.01886275999999998,-0.025031339999999958
5.0328e-10,1.39807822,1.37921546,1.38285853,1.40788987,0.01886275999999998,-0.025031339999999958
5.0428e-10,1.39807822,1.37921546,1.38285853,1.40788987,0.01886275999999998,-0.025031339999999958
5.0528e-10,1.39807822,1.37921546,1.38285853,1.40788987,0.01886275999999998,-0.025031339999999958
5.0628e-10,1.39807822,1.37921546,1.38285853,1.40788987,0.01886275999999998,-0.025031339999999958
5.0728e-10,1.39807822,1.37921546,1.38285853,1.40788987,0.01886275999999998,-0.025031339999999958
5.0828e-10,1.39807821,1.37921547,1.38285853,1.40788987,0.018862739999999878,-0.025031339999999958
5.0928e-10,1.39807821,1.37921547,1.38285853,1.40788987,0.018862739999999878,-0.025031339999999958
5.1028e-10,1.39807821,1.37921547,1.38285853,1.40788987,0.018862739999999878,-0.025031339999999958
5.1128e-10,1.39807821,1.37921547,1.38285853,1.40788987,0.018862739999999878,-0.025031339999999958
5.1228e-10,1.39807821,1.37921547,1.38285853,1.40788987,0.018862739999999878,-0.025031339999999958
5.1328e-10,1.39807821,1.37921547,1.38285853,1.40788987,0.018862739999999878,-0.025031339999999958
5.1428e-10,1.39807821,1.37921547,1.38285853,1.40788987,0.018862739999999878,-0.025031339999999958
5.1528e-10,1.3980782,1.37921548,1.38285853,1.40788987,0.01886272,-0.025031339999999958
5.1628e-10,1.3980782,1.37921548,1.38285853,1.40788987,0.01886272,-0.025031339999999958
5.1728e-10,1.3980782,1.37921548,1.38285853,1.40788987,0.01886272,-0.025031339999999958
5.1828e-10,1.3980782,1.37921548,1.38285853,1.40788987,0.01886272,-0.025031339999999958
5.1928e-10,1.3980782,1.37921548,1.38285853,1.40788987,0.01886272,-0.025031339999999958
5.2028e-10,1.3980782,1.37921548,1.38285853,1.40788987,0.01886272,-0.025031339999999958
5.2128e-10,1.3980782,1.37921548,1.38285853,1.40788987,0.01886272,-0.025031339999999958
5.2228e-10,1.39807819,1.37921549,1.38285853,1.40788987,0.01886270000000012,-0.025031339999999958
5.2328e-10,1.39807819,1.37921549,1.38285853,1.40788987,0.01886270000000012,-0.025031339999999958
5.2428e-10,1.39807819,1.37921549,1.38285853,1.40788987,0.01886270000000012,-0.025031339999999958
5.2528e-10,1.39807819,1.37921549,1.38285853,1.40788987,0.01886270000000012,-0.025031339999999958
5.2628e-10,1.39807819,1.37921549,1.38285853,1.40788987,0.01886270000000012,-0.025031339999999958
5.2728e-10,1.39807819,1.37921549,1.38285853,1.40788987,0.01886270000000012,-0.025031339999999958
5.2828e-10,1.39807819,1.37921549,1.38285853,1.40788987,0.01886270000000012,-0.025031339999999958
5.2928e-10,1.39807819,1.3792155,1.38285853,1.40788987,0.018862690000000182,-0.025031339999999958
5.3028e-10,1.39807818,1.3792155,1.38285853,1.40788987,0.01886268000000002,-0.025031339999999958
5.3128e-10,1.39807818,1.3792155,1.38285853,1.40788987,0.01886268000000002,-0.025031339999999958
5.3228e-10,1.39807818,1.3792155,1.38285853,1.40788987,0.01886268000000002,-0.025031339999999958
5.3328e-10,1.39807818,1.3792155,1.38285853,1.40788987,0.01886268000000002,-0.025031339999999958
5.3428e-10,1.39807818,1.3792155,1.38285853,1.40788987,0.01886268000000002,-0.025031339999999958
5.3528e-10,1.39807818,1.3792155,1.38285853,1.40788987,0.01886268000000002,-0.025031339999999958
5.3628e-10,1.39807818,1.37921551,1.38285853,1.40788987,0.01886266999999986,-0.025031339999999958
5.3728e-10,1.39807817,1.37921551,1.38285853,1.40788987,0.01886265999999992,-0.025031339999999958
5.3828e-10,1.39807817,1.37921551,1.38285853,1.40788987,0.01886265999999992,-0.025031339999999958
5.3928e-10,1.39807817,1.37921551,1.38285853,1.40788987,0.01886265999999992,-0.025031339999999958
5.4028e-10,1.39807817,1.37921551,1.38285853,1.40788987,0.01886265999999992,-0.025031339999999958
5.4128e-10,1.39807817,1.37921551,1.38285853,1.40788987,0.01886265999999992,-0.025031339999999958
5.4228e-10,1.39807817,1.37921551,1.38285853,1.40788987,0.01886265999999992,-0.025031339999999958
5.4328e-10,1.39807817,1.37921551,1.38285853,1.40788987,0.01886265999999992,-0.025031339999999958
5.4428e-10,1.39807816,1.37921552,1.38285853,1.40788987,0.01886264000000004,-0.025031339999999958
5.4528e-10,1.39807816,1.37921552,1.38285853,1.40788987,0.01886264000000004,-0.025031339999999958
5.4628e-10,1.39807816,1.37921552,1.38285853,1.40788987,0.01886264000000004,-0.025031339999999958
5.4728e-10,1.39807816,1.37921552,1.38285853,1.40788987,0.01886264000000004,-0.025031339999999958
5.4828e-10,1.39807816,1.37921552,1.38285853,1.40788987,0.01886264000000004,-0.025031339999999958
5.4928e-10,1.39807816,1.37921552,1.38285853,1.40788987,0.01886264000000004,-0.025031339999999958
5.5028e-10,1.39807816,1.37921552,1.38285853,1.40788987,0.01886264000000004,-0.025031339999999958
5.5128e-10,1.39807815,1.37921553,1.38285853,1.40788987,0.01886261999999994,-0.025031339999999958
5.5228e-10,1.39807815,1.37921553,1.38285853,1.40788987,0.01886261999999994,-0.025031339999999958
5.5328e-10,1.39807815,1.37921553,1.38285853,1.40788987,0.01886261999999994,-0.025031339999999958
5.5428e-10,1.39807815,1.37921553,1.38285853,1.40788987,0.01886261999999994,-0.025031339999999958
5.5528e-10,1.39807815,1.37921553,1.38285853,1.40788987,0.01886261999999994,-0.025031339999999958
5.5628e-10,1.39807815,1.37921553,1.38285853,1.40788987,0.01886261999999994,-0.025031339999999958
5.5728e-10,1.39807815,1.37921553,1.38285853,1.40788987,0.01886261999999994,-0.025031339999999958
5.5828e-10,1.39807814,1.37921554,1.38285853,1.40788987,0.018862600000000063,-0.025031339999999958
5.5928e-10,1.39807814,1.37921554,1.38285853,1.40788987,0.018862600000000063,-0.025031339999999958
5.6028e-10,1.39807814,1.37921554,1.38285853,1.40788987,0.018862600000000063,-0.025031339999999958
5.6128e-10,1.39807814,1.37921554,1.38285853,1.40788987,0.018862600000000063,-0.025031339999999958
5.6228e-10,1.39807814,1.37921554,1.38285853,1.40788987,0.018862600000000063,-0.025031339999999958
5.6328e-10,1.39807814,1.37921554,1.38285853,1.40788987,0.018862600000000063,-0.025031339999999958
5.6428e-10,1.39807814,1.37921554,1.38285853,1.40788987,0.018862600000000063,-0.025031339999999958
5.6528e-10,1.39807814,1.37921555,1.38285853,1.40788987,0.0188625899999999,-0.025031339999999958
5.6628e-10,1.39807813,1.37921555,1.38285853,1.40788987,0.018862579999999962,-0.025031339999999958
5.6728e-10,1.39807813,1.37921555,1.38285853,1.40788987,0.018862579999999962,-0.025031339999999958
5.6828e-10,1.39807813,1.37921555,1.38285853,1.40788987,0.018862579999999962,-0.025031339999999958
5.6928e-10,1.39807813,1.37921555,1.38285853,1.40788987,0.018862579999999962,-0.025031339999999958
5.7028e-10,1.39807813,1.37921555,1.38285853,1.40788987,0.018862579999999962,-0.025031339999999958
5.7128e-10,1.39807813,1.37921555,1.38285853,1.40788987,0.018862579999999962,-0.025031339999999958
5.714286e-10,1.39807813,1.37921555,1.38285853,1.40788987,0.018862579999999962,-0.025031339999999958
5.715286e-10,1.39807814,1.37921553,1.38290108,1.40784735,0.018862610000000002,-0.024946270000000048
5.717286e-10,1.39807816,1.37921552,1.38304408,1.40770448,0.01886264000000004,-0.024660400000000138
5.721286e-10,1.39807799,1.37921569,1.38358422,1.40716535,0.018862299999999887,-0.023581130000000172
5.729286e-10,1.39807854,1.37921466,1.38538882,1.40536602,0.018863880000000055,-0.01997720000000003
5.739286e-10,1.39807153,1.3792093,1.38864562,1.40211892,0.01886222999999987,-0.013473300000000021
5.749286e-10,1.39798389,1.37923774,1.39264854,1.39812233,0.018746149999999906,-0.005473790000000145
5.759286e-10,1.39763587,1.37943588,1.39715079,1.39361519,0.018199990000000055,0.003535599999999972
5.760286e-10,1.39757673,1.3794734,1.39758156,1.39318305,0.018103329999999973,0.004398509999999911
5.762286e-10,1.39744713,1.37955761,1.3983917,1.39236983,0.017889519999999992,0.006021869999999874
5.766286e-10,1.39711478,1.37978842,1.39979345,1.39096041,0.017326359999999985,0.00883304000000007
5.774286e-10,1.39612216,1.38056732,1.40199298,1.38874322,0.01555484000000007,0.013249759999999888
5.784286e-10,1.39425277,1.38225136,1.40391958,1.38679856,0.012001410000000101,0.017121020000000042
5.794286e-10,1.39180326,1.38473424,1.4052401,1.38547197,0.0070690200000000925,0.019768130000000106
5.804286e-10,1.38906514,1.38778966,1.40615083,1.38456694,0.0012754800000001065,0.02158389000000005
5.814286e-10,1.3864046,1.39102028,1.40677502,1.3839537,-0.0046156799999999,0.022821320000000034
5.824286e-10,1.38412761,1.39403937,1.40719397,1.38354469,-0.009911760000000047,0.023649280000000106
5.834286e-10,1.38238601,1.39660459,1.40747407,1.38327126,-0.01421857999999987,0.02420281000000002
5.844286e-10,1.38116809,1.39863328,1.40766157,1.38308826,-0.01746519000000002,0.02457330999999985
5.854286e-10,1.38036164,1.4001383,1.40778908,1.38296456,-0.01977666,0.024824519999999906
5.864286e-10,1.37983658,1.40116218,1.40787399,1.382883,-0.021325599999999945,0.024990989999999824
5.874286e-10,1.37949869,1.40175326,1.4079284,1.38283073,-0.022254570000000085,0.025097670000000072
5.884286e-10,1.37929501,1.40197049,1.40796037,1.38279928,-0.02267547999999997,0.025161090000000108
5.892857e-10,1.37920234,1.40191248,1.40797603,1.38278308,-0.022710140000000045,0.02519294999999988
5.893857e-10,1.37919597,1.40189203,1.40793474,1.38282432,-0.022696059999999907,0.025110419999999856
5.895857e-10,1.37918461,1.40184675,1.40779421,1.38296485,-0.022662139999999997,0.024829360000000023
5.899857e-10,1.37916924,1.40173181,1.40725906,1.38350096,-0.02256257000000006,0.023758100000000004
5.907857e-10,1.37915768,1.40142216,1.4054655,1.38530084,-0.02226448000000003,0.020164660000000056
5.917857e-10,1.37916036,1.40091095,1.40222233,1.38855641,-0.021750590000000125,0.013665919999999998
5.927857e-10,1.37920169,1.40022886,1.39822619,1.39256126,-0.021027169999999984,0.0056649300000000125
5.937857e-10,1.37940456,1.39922902,1.39371617,1.39706679,-0.019824459999999933,-0.003350619999999971
5.938857e-10,1.37944175,1.39910228,1.39328355,1.39749792,-0.0196605299999999,-0.004214369999999912
5.940857e-10,1.37952497,1.39883697,1.39246931,1.39830875,-0.019311999999999996,-0.005839439999999918
5.944857e-10,1.37975175,1.39823086,1.39105749,1.39971177,-0.01847910999999991,-0.008654280000000014
5.952857e-10,1.38051404,1.39668719,1.38883438,1.40191339,-0.01617314999999997,-0.013079010000000002
5.962857e-10,1.38216204,1.39413647,1.38688112,1.40384206,-0.01197442999999998,-0.016960939999999924
5.972857e-10,1.38459739,1.39103221,1.38554581,1.40516462,-0.006434820000000174,-0.019618810000000098
5.982857e-10,1.38760548,1.38768273,1.38463295,1.40607801,-7.725000000013971e-05,-0.021445060000000016
5.992857e-10,1.3908047,1.38446679,1.38401309,1.4067057,0.006337909999999836,-0.022692610000000002
6.002857e-10,1.39382558,1.38170031,1.38359855,1.40712866,0.012125269999999855,-0.023530109999999826
6.012857e-10,1.39644016,1.37954296,1.38332041,1.40741296,0.016897200000000057,-0.02409254999999999
6.022857e-10,1.39857346,1.37798698,1.38313329,1.40760463,0.020586479999999963,-0.024471340000000064
6.032857e-10,1.40023731,1.3769184,1.38300596,1.40773628,0.02331890999999997,-0.024730319999999972
6.042857e-10,1.40146619,1.3762,1.3829212,1.40782525,0.025266189999999966,-0.024904049999999955
6.052857e-10,1.40229736,1.37572702,1.38286613,1.40788357,0.026570339999999915,-0.025017440000000057
6.062857e-10,1.40277857,1.37543551,1.38283217,1.40791922,0.027343059999999975,-0.02508705
6.072857e-10,1.40297291,1.37528247,1.38281162,1.40794024,0.027690439999999983,-0.025128620000000046
6.082857e-10,1.40294994,1.37522821,1.38279987,1.40795201,0.02772173000000011,-0.0251521400000001
6.092857e-10,1.40277217,1.37523492,1.38279354,1.40795839,0.027537249999999958,-0.025164849999999905
6.102857e-10,1.40248843,1.37527472,1.38279119,1.40796083,0.027213710000000058,-0.025169639999999882
6.112857e-10,1.40213567,1.37533428,1.38279146,1.40796047,0.026801390000000147,-0.025169009999999936
6.122857e-10,1.40174346,1.37541083,1.38279359,1.407958,0.026332629999999968,-0.025164410000000137
6.132857e-10,1.40133617,1.3755043,1.38279665,1.40795447,0.02583186999999998,-0.025157819999999997
6.142857e-10,1.40093271,1.37561256,1.38280022,1.40795047,0.025320149999999986,-0.02515025000000004
6.152857e-10,1.40054623,1.37573162,1.38280393,1.40794644,0.02481460999999996,-0.025142510000000007
6.162857e-10,1.40018492,1.37585834,1.38280772,1.40794241,0.024326580000000098,-0.025134690000000015
6.172857e-10,1.39985356,1.37599164,1.38281145,1.40793844,0.02386191999999987,-0.02512698999999996
6.182857e-10,1.39955481,1.37613165,1.38281509,1.40793454,0.023423159999999887,-0.025119450000000043
6.192857e-10,1.39928969,1.37627812,1.38281854,1.40793085,0.02301156999999998,-0.025112310000000138
6.202857e-10,1.39905782,1.37642975,1.38282179,1.40792741,0.02262806999999989,-0.02510562000000016
6.212857e-10,1.39885765,1.37658466,1.3828248,1.40792426,0.022272990000000048,-0.02509945999999985
6.222857e-10,1.39868697,1.37674115,1.3828276,1.40792135,0.021945820000000005,-0.025093750000000137
6.232857e-10,1.39854325,1.37689798,1.38283019,1.40791866,0.021645269999999828,-0.02508847000000003
6.242857e-10,1.39842384,1.37705418,1.3828326,1.40791616,0.021369659999999957,-0.025083560000000116
6.252857e-10,1.39832606,1.37720873,1.3828348,1.40791388,0.021117330000000045,-0.02507908000000003
6.262857e-10,1.39824722,1.37736046,1.38283683,1.40791179,0.020886760000000004,-0.02507495999999998
6.272857e-10,1.39818473,1.37750826,1.38283869,1.40790989,0.02067647000000017,-0.02507119999999996
6.282857e-10,1.3981362,1.37765122,1.3828404,1.40790815,0.020484979999999986,-0.025067749999999833
6.292857e-10,1.39809944,1.37778867,1.38284196,1.40790656,0.020310770000000034,-0.025064600000000103
6.302857e-10,1.39807249,1.3779201,1.38284339,1.40790511,0.020152389999999798,-0.025061720000000065
6.312857e-10,1.39805362,1.37804509,1.3828447,1.40790378,0.020008529999999913,-0.025059080000000122
6.322857e-10,1.39804128,1.37816331,1.3828459,1.40790257,0.019877970000000023,-0.025056670000000114
6.332857e-10,1.39803412,1.37827454,1.382847,1.40790146,0.019759579999999888,-0.02505446
6.342857e-10,1.398031,1.37837867,1.382848,1.40790046,0.019652329999999996,-0.025052459999999943
6.352857e-10,1.39803096,1.37847571,1.38284891,1.40789954,0.019555250000000024,-0.025050629999999963
6.362857e-10,1.3980332,1.37856575,1.38284975,1.4078987,0.019467450000000053,-0.02504894999999996
6.372857e-10,1.39803704,1.37864895,1.38285051,1.40789793,0.019388089999999858,-0.025047420000000153
6.382857e-10,1.39804194,1.3787255,1.38285121,1.40789723,0.01931643999999988,-0.025046020000000002
6.392857e-10,1.39804746,1.37879566,1.38285185,1.40789659,0.01925179999999993,-0.02504474000000001
6.402857e-10,1.39805327,1.37885972,1.38285243,1.40789601,0.019193550000000004,-0.025043579999999954
6.412857e-10,1.39805909,1.37891798,1.38285297,1.40789548,0.019141110000000072,-0.025042510000000018
6.422857e-10,1.39806473,1.37897077,1.38285345,1.40789499,0.019093959999999965,-0.025041539999999918
6.432857e-10,1.39807006,1.37901845,1.3828539,1.40789455,0.019051609999999997,-0.025040649999999998
6.442857e-10,1.39807497,1.37906135,1.3828543,1.40789414,0.019013619999999953,-0.025039840000000035
6.452857e-10,1.39807941,1.3790998,1.38285467,1.40789378,0.018979609999999925,-0.02503911000000003
6.462857e-10,1.39808335,1.37913415,1.38285501,1.40789344,0.0189492,-0.025038429999999945
6.472857e-10,1.39808677,1.37916472,1.38285532,1.40789313,0.018922050000000024,-0.025037809999999938
6.482857e-10,1.3980897,1.37919183,1.3828556,1.40789285,0.018897870000000205,-0.02503725000000001
6.492857e-10,1.39809214,1.37921576,1.38285586,1.40789259,0.018876380000000026,-0.025036730000000063
6.502857e-10,1.39809413,1.37923682,1.38285609,1.40789236,0.018857310000000016,-0.02503626999999997
6.512857e-10,1.3980957,1.37925525,1.38285631,1.40789215,0.01884045000000012,-0.02503583999999992
6.522857e-10,1.3980969,1.37927131,1.3828565,1.40789195,0.01882559000000006,-0.02503545000000007
6.532857e-10,1.39809777,1.37928523,1.38285668,1.40789177,0.018812539999999878,-0.025035090000000038
6.542857e-10,1.39809834,1.37929723,1.38285684,1.40789161,0.018801110000000065,-0.025034769999999984
6.552857e-10,1.39809865,1.37930749,1.38285699,1.40789146,0.01879116000000014,-0.02503447000000003
6.562857e-10,1.39809874,1.37931621,1.38285713,1.40789132,0.018782529999999964,-0.025034189999999956
6.572857e-10,1.39809864,1.37932355,1.38285725,1.4078912,0.018775089999999883,-0.02503394999999986
6.582857e-10,1.3980984,1.37932965,1.38285736,1.40789109,0.01876875,-0.025033729999999865
6.592857e-10,1.39809802,1.37933466,1.38285747,1.40789098,0.018763359999999896,-0.02503350999999987
6.602857e-10,1.39809754,1.37933869,1.38285756,1.40789089,0.018758849999999994,-0.025033330000000076
6.612857e-10,1.39809699,1.37934186,1.38285765,1.4078908,0.018755129999999953,-0.02503315000000006
6.622857e-10,1.39809637,1.37934427,1.38285773,1.40789072,0.018752099999999938,-0.02503298999999992
6.632857e-10,1.39809571,1.37934601,1.3828578,1.40789065,0.01874970000000009,-0.025032849999999884
6.642857e-10,1.39809502,1.37934716,1.38285786,1.40789059,0.01874785999999995,-0.025032729999999948
6.652857e-10,1.39809431,1.3793478,1.38285792,1.40789053,0.01874651000000016,-0.02503261000000001
6.662857e-10,1.3980936,1.37934798,1.38285798,1.40789047,0.01874562000000002,-0.025032489999999852
6.672857e-10,1.39809288,1.37934776,1.38285803,1.40789042,0.01874512000000017,-0.025032390000000015
6.682857e-10,1.39809217,1.3793472,1.38285807,1.40789038,0.018744969999999972,-0.025032310000000058
6.692857e-10,1.39809148,1.37934634,1.38285811,1.40789033,0.01874514000000005,-0.02503222000000016
6.702857e-10,1.39809079,1.37934523,1.38285815,1.4078903,0.01874555999999994,-0.025032150000000142
6.712857e-10,1.39809013,1.37934389,1.38285819,1.40789026,0.018746240000000025,-0.025032069999999962
6.722857e-10,1.39808948,1.37934236,1.38285822,1.40789023,0.018747120000000006,-0.025032010000000104
6.732857e-10,1.39808886,1.37934068,1.38285825,1.4078902,0.018748180000000003,-0.025031950000000025
6.742857e-10,1.39808826,1.37933885,1.38285827,1.40789017,0.018749410000000077,-0.025031899999999885
6.752857e-10,1.39808768,1.37933692,1.3828583,1.40789015,0.018750759999999866,-0.025031849999999967
6.762857e-10,1.39808712,1.37933489,1.38285832,1.40789013,0.018752230000000036,-0.025031809999999988
6.772857e-10,1.39808658,1.37933278,1.38285834,1.40789011,0.018753800000000043,-0.02503177000000001
6.782857e-10,1.39808607,1.37933061,1.38285836,1.40789009,0.018755459999999946,-0.02503173000000003
6.792857e-10,1.39808557,1.3793284,1.38285837,1.40789007,0.01875717000000021,-0.025031700000000212
6.802857e-10,1.3980851,1.37932615,1.38285839,1.40789005,0.018758950000000052,-0.02503166000000001
6.812857e-10,1.39808464,1.37932388,1.3828584,1.40789004,0.018760759999999932,-0.025031640000000133
6.822857e-10,1.3980842,1.37932159,1.38285841,1.40789003,0.018762610000000013,-0.02503161999999981
6.832857e-10,1.39808378,1.3793193,1.38285843,1.40789001,0.018764480000000194,-0.025031580000000053
6.842857e-10,1.39808337,1.37931701,1.38285844,1.40789,0.01876635999999987,-0.025031560000000175
6.852857e-10,1.39808298,1.37931472,1.38285845,1.40788999,0.018768260000000092,-0.025031539999999852
6.862857e-10,1.3980826,1.37931245,1.38285845,1.40788998,0.01877014999999993,-0.025031529999999913
6.872857e-10,1.39808224,1.3793102,1.38285846,1.40788998,0.01877203999999999,-0.025031519999999974
6.882857e-10,1.39808189,1.37930797,1.38285847,1.40788997,0.01877392000000011,-0.025031500000000095
6.892857e-10,1.39808155,1.37930576,1.38285848,1.40788996,0.018775789999999848,-0.025031480000000217
6.902857e-10,1.39808122,1.37930359,1.38285848,1.40788995,0.01877762999999999,-0.025031470000000056
6.912857e-10,1.39808091,1.37930145,1.38285849,1.40788995,0.01877945999999997,-0.025031459999999894
6.922857e-10,1.3980806,1.37929934,1.38285849,1.40788994,0.01878125999999991,-0.025031449999999955
6.932857e-10,1.39808031,1.37929727,1.3828585,1.40788994,0.018783040000000195,-0.025031440000000016
6.942857e-10,1.39808002,1.37929523,1.3828585,1.40788993,0.018784789999999996,-0.025031430000000077
6.952857e-10,1.39807974,1.37929324,1.3828585,1.40788993,0.01878650000000004,-0.025031430000000077
6.962857e-10,1.39807947,1.37929128,1.38285851,1.40788993,0.018788190000000204,-0.025031420000000137
6.972857e-10,1.39807921,1.37928937,1.38285851,1.40788992,0.018789839999999947,-0.025031409999999976
6.982857e-10,1.39807896,1.3792875,1.38285851,1.40788992,0.018791460000000093,-0.025031409999999976
6.992857e-10,1.39807872,1.37928567,1.38285851,1.40788992,0.018793049999999978,-0.025031409999999976
7.002857e-10,1.39807848,1.37928389,1.38285852,1.40788991,0.018794589999999944,-0.025031389999999876
7.012857e-10,1.39807825,1.37928214,1.38285852,1.40788991,0.018796110000000033,-0.025031389999999876
7.022857e-10,1.39807802,1.37928045,1.38285852,1.40788991,0.01879757000000004,-0.025031389999999876
7.032857e-10,1.39807781,1.37927879,1.38285852,1.40788991,0.01879901999999989,-0.025031389999999876
7.042857e-10,1.3980776,1.37927717,1.38285852,1.4078899,0.01880042999999998,-0.025031379999999936
7.052857e-10,1.39807739,1.3792756,1.38285853,1.4078899,0.01880179000000015,-0.025031369999999997
7.062857e-10,1.39807719,1.37927407,1.38285853,1.4078899,0.018803120000000062,-0.025031369999999997
7.072857e-10,1.398077,1.37927258,1.38285853,1.4078899,0.018804419999999933,-0.025031369999999997
7.082857e-10,1.39807681,1.37927114,1.38285853,1.4078899,0.018805670000000108,-0.025031369999999997
7.092857e-10,1.39807663,1.37926973,1.38285853,1.4078899,0.01880689999999996,-0.025031369999999997
7.102857e-10,1.39807646,1.37926836,1.38285853,1.40788989,0.018808099999999994,-0.025031360000000058
7.112857e-10,1.39807629,1.37926703,1.38285853,1.40788989,0.01880926000000005,-0.025031360000000058
7.122857e-10,1.39807612,1.37926574,1.38285853,1.40788989,0.018810380000000126,-0.025031360000000058
7.132857e-10,1.39807596,1.37926449,1.38285853,1.40788989,0.01881146999999994,-0.025031360000000058
7.142857e-10,1.3980758,1.37926327,1.38285853,1.40788989,0.01881252999999994,-0.025031360000000058
7.152857e-10,1.39807565,1.37926209,1.38285853,1.40788989,0.018813559999999896,-0.025031360000000058
7.162857e-10,1.39807551,1.37926095,1.38285853,1.40788989,0.018814560000000036,-0.025031360000000058
7.172857e-10,1.39807536,1.37925984,1.38285853,1.40788989,0.018815519999999974,-0.025031360000000058
7.182857e-10,1.39807522,1.37925876,1.38285853,1.40788989,0.018816460000000035,-0.025031360000000058
7.192857e-10,1.39807509,1.37925772,1.38285853,1.40788989,0.018817370000000055,-0.025031360000000058
7.202857e-10,1.39807496,1.37925671,1.38285853,1.40788989,0.018818250000000036,-0.025031360000000058
7.212857e-10,1.39807483,1.37925572,1.38285853,1.40788989,0.01881911000000014,-0.025031360000000058
7.222857e-10,1.39807471,1.37925477,1.38285853,1.40788989,0.01881993999999998,-0.025031360000000058
7.232857e-10,1.39807459,1.37925385,1.38285853,1.40788988,0.018820740000000002,-0.025031349999999897
7.242857e-10,1.39807448,1.37925296,1.38285853,1.40788988,0.018821519999999925,-0.025031349999999897
7.252857e-10,1.39807436,1.3792521,1.38285853,1.40788988,0.01882226000000009,-0.025031349999999897
7.262857e-10,1.39807425,1.37925126,1.38285853,1.40788988,0.018822990000000095,-0.025031349999999897
7.272857e-10,1.39807415,1.37925045,1.38285853,1.40788988,0.0188237,-0.025031349999999897
7.282857e-10,1.39807405,1.37924966,1.38285853,1.40788988,0.018824390000000024,-0.025031349999999897
7.292857e-10,1.39807395,1.3792489,1.38285853,1.40788988,0.018825049999999788,-0.025031349999999897
7.302857e-10,1.39807385,1.37924817,1.38285853,1.40788988,0.018825679999999956,-0.025031349999999897
7.312857e-10,1.39807376,1.37924746,1.38285853,1.40788988,0.018826299999999963,-0.025031349999999897
7.322857e-10,1.39807366,1.37924677,1.38285853,1.40788988,0.01882689000000015,-0.025031349999999897
7.332857e-10,1.39807358,1.3792461,1.38285853,1.40788988,0.018827479999999897,-0.025031349999999897
7.342857e-10,1.39807349,1.37924545,1.38285853,1.40788988,0.018828040000000046,-0.025031349999999897
7.352857e-10,1.39807341,1.37924483,1.38285853,1.40788988,0.018828580000000095,-0.025031349999999897
7.362857e-10,1.39807333,1.37924422,1.38285853,1.40788988,0.018829109999999982,-0.025031349999999897
7.372857e-10,1.39807325,1.37924364,1.38285853,1.40788988,0.01882960999999983,-0.025031349999999897
7.382857e-10,1.39807317,1.37924307,1.38285853,1.40788988,0.01883009999999996,-0.025031349999999897
7.392857e-10,1.3980731,1.37924252,1.38285853,1.40788988,0.01883057999999993,-0.025031349999999897
7.402857e-10,1.39807302,1.37924199,1.38285853,1.40788988,0.018831030000000082,-0.025031349999999897
7.412857e-10,1.39807295,1.37924148,1.38285853,1.40788988,0.018831470000000072,-0.025031349999999897
7.422857e-10,1.39807288,1.37924099,1.38285853,1.40788988,0.018831889999999962,-0.025031349999999897
7.432857e-10,1.39807282,1.37924051,1.38285853,1.40788988,0.018832310000000074,-0.025031349999999897
7.442857e-10,1.39807275,1.37924004,1.38285853,1.40788988,0.018832710000000086,-0.025031349999999897
7.452857e-10,1.39807269,1.37923959,1.38285853,1.40788988,0.018833099999999936,-0.025031349999999897
7.462857e-10,1.39807263,1.37923916,1.38285853,1.40788988,0.018833469999999908,-0.025031349999999897
7.472857e-10,1.39807257,1.37923874,1.38285853,1.40788988,0.018833830000000162,-0.025031349999999897
7.482857e-10,1.39807251,1.37923833,1.38285853,1.40788988,0.018834180000000034,-0.025031349999999897
7.492857e-10,1.39807246,1.37923794,1.38285853,1.40788988,0.018834519999999966,-0.025031349999999897
7.502857e-10,1.3980724,1.37923756,1.38285853,1.40788988,0.01883484000000002,-0.025031349999999897
7.512857e-10,1.39807235,1.37923719,1.38285853,1.40788988,0.018835160000000073,-0.025031349999999897
7.522857e-10,1.3980723,1.37923683,1.38285853,1.40788988,0.018835469999999965,-0.025031349999999897
7.532857e-10,1.39807225,1.37923649,1.38285853,1.40788988,0.01883575999999998,-0.025031349999999897
7.542857e-10,1.3980722,1.37923616,1.38285853,1.40788988,0.018836040000000054,-0.025031349999999897
7.552857e-10,1.39807215,1.37923583,1.38285853,1.40788988,0.018836319999999906,-0.025031349999999897
7.562857e-10,1.39807211,1.37923552,1.38285853,1.40788988,0.018836590000000042,-0.025031349999999897
7.572857e-10,1.39807206,1.37923522,1.38285853,1.40788988,0.018836840000000077,-0.025031349999999897
7.582857e-10,1.39807202,1.37923493,1.38285853,1.40788988,0.018837090000000112,-0.025031349999999897
7.592857e-10,1.39807198,1.37923465,1.38285853,1.40788988,0.018837330000000208,-0.025031349999999897
7.602857e-10,1.39807193,1.37923438,1.38285853,1.40788988,0.01883754999999998,-0.025031349999999897
7.612857e-10,1.39807189,1.37923411,1.38285853,1.40788988,0.018837779999999915,-0.025031349999999897
7.622857e-10,1.39807185,1.37923386,1.38285853,1.40788988,0.01883798999999997,-0.025031349999999897
7.632857e-10,1.39807182,1.37923361,1.38285853,1.40788988,0.018838209999999966,-0.025031349999999897
7.642857e-10,1.39807178,1.37923337,1.38285853,1.40788988,0.018838410000000083,-0.025031349999999897
7.652857e-10,1.39807174,1.37923314,1.38285853,1.40788988,0.01883860000000004,-0.025031349999999897
7.662857e-10,1.39807171,1.37923292,1.38285853,1.40788988,0.018838789999999994,-0.025031349999999897
7.672857e-10,1.39807167,1.37923271,1.38285853,1.40788988,0.01883896000000007,-0.025031349999999897
7.682857e-10,1.39807164,1.3792325,1.38285853,1.40788988,0.018839139999999865,-0.025031349999999897
7.692857e-10,1.39807161,1.3792323,1.38285853,1.40788988,0.018839309999999942,-0.025031349999999897
7.702857e-10,1.39807157,1.3792321,1.38285853,1.40788988,0.01883946999999986,-0.025031349999999897
7.712857e-10,1.39807154,1.37923191,1.38285853,1.40788988,0.018839629999999996,-0.025031349999999897
7.722857e-10,1.39807151,1.37923173,1.38285853,1.40788988,0.018839779999999973,-0.025031349999999897
7.732857e-10,1.39807148,1.37923155,1.38285853,1.40788988,0.01883992999999995,-0.025031349999999897
7.742857e-10,1.39807145,1.37923138,1.38285853,1.40788988,0.018840069999999987,-0.025031349999999897
7.752857e-10,1.39807142,1.37923122,1.38285853,1.40788988,0.018840199999999863,-0.025031349999999897
7.762857e-10,1.3980714,1.37923106,1.38285853,1.40788988,0.018840340000000122,-0.025031349999999897
7.772857e-10,1.39807137,1.3792309,1.38285853,1.40788987,0.018840469999999998,-0.025031339999999958
7.782857e-10,1.39807134,1.37923075,1.38285853,1.40788987,0.018840589999999935,-0.025031339999999958
7.792857e-10,1.39807132,1.37923061,1.38285853,1.40788987,0.01884070999999987,-0.025031339999999958
7.802857e-10,1.39807129,1.37923047,1.38285853,1.40788987,0.01884082000000009,-0.025031339999999958
7.812857e-10,1.39807127,1.37923033,1.38285853,1.40788987,0.018840940000000028,-0.025031339999999958
7.822857e-10,1.39807124,1.3792302,1.38285853,1.40788987,0.018841039999999865,-0.025031339999999958
7.832857e-10,1.39807122,1.37923007,1.38285853,1.40788987,0.018841150000000084,-0.025031339999999958
7.842857e-10,1.3980712,1.37922995,1.38285853,1.40788987,0.01884124999999992,-0.025031339999999958
7.852857e-10,1.39807117,1.37922983,1.38285853,1.40788987,0.018841339999999818,-0.025031339999999958
7.862857e-10,1.39807115,1.37922972,1.38285853,1.40788987,0.018841429999999937,-0.025031339999999958
7.872857e-10,1.39807113,1.37922961,1.38285853,1.40788987,0.018841519999999834,-0.025031339999999958
7.882857e-10,1.39807111,1.3792295,1.38285853,1.40788987,0.018841609999999953,-0.025031339999999958
7.892857e-10,1.39807109,1.37922939,1.38285853,1.40788987,0.01884169999999985,-0.025031339999999958
7.902857e-10,1.39807107,1.37922929,1.38285853,1.40788987,0.01884178000000003,-0.025031339999999958
7.912857e-10,1.39807105,1.3792292,1.38285853,1.40788987,0.01884185000000005,-0.025031339999999958
7.922857e-10,1.39807103,1.3792291,1.38285853,1.40788987,0.018841930000000007,-0.025031339999999958
7.932857e-10,1.39807101,1.37922901,1.38285853,1.40788987,0.018842000000000025,-0.025031339999999958
7.942857e-10,1.39807099,1.37922892,1.38285853,1.40788987,0.018842069999999822,-0.025031339999999958
7.952857e-10,1.39807097,1.37922884,1.38285853,1.40788987,0.018842130000000124,-0.025031339999999958
7.962857e-10,1.39807096,1.37922875,1.38285853,1.40788987,0.01884221000000008,-0.025031339999999958
7.972857e-10,1.39807094,1.37922867,1.38285853,1.40788987,0.01884226999999994,-0.025031339999999958
7.982857e-10,1.39807092,1.37922859,1.38285853,1.40788987,0.018842330000000018,-0.025031339999999958
7.992857e-10,1.3980709,1.37922852,1.38285853,1.40788987,0.018842379999999936,-0.025031339999999958
8.002857e-10,1.39807089,1.37922844,1.38285853,1.40788987,0.018842449999999955,-0.025031339999999958
8.012857e-10,1.39807087,1.37922837,1.38285853,1.40788987,0.018842499999999873,-0.025031339999999958
8.022857e-10,1.39807086,1.37922831,1.38285853,1.40788987,0.018842550000000013,-0.025031339999999958
8.032857e-10,1.39807084,1.37922824,1.38285853,1.40788987,0.01884259999999993,-0.025031339999999958
8.042857e-10,1.39807082,1.37922817,1.38285853,1.40788987,0.018842650000000072,-0.025031339999999958
8.052857e-10,1.39807081,1.37922811,1.38285853,1.40788987,0.018842700000000212,-0.025031339999999958
8.062857e-10,1.3980708,1.37922805,1.38285853,1.40788987,0.018842749999999908,-0.025031339999999958
8.072857e-10,1.39807078,1.37922799,1.38285853,1.40788987,0.01884279000000011,-0.025031339999999958
8.082857e-10,1.39807077,1.37922794,1.38285853,1.40788987,0.018842829999999866,-0.025031339999999958
8.092857e-10,1.39807075,1.37922788,1.38285853,1.40788987,0.018842870000000067,-0.025031339999999958
8.102857e-10,1.39807074,1.37922783,1.38285853,1.40788987,0.018842910000000046,-0.025031339999999958
8.112857e-10,1.39807073,1.37922778,1.38285853,1.40788987,0.018842950000000025,-0.025031339999999958
8.122857e-10,1.39807071,1.37922773,1.38285853,1.40788987,0.018842980000000065,-0.025031339999999958
8.132857e-10,1.3980707,1.37922768,1.38285853,1.40788987,0.018843020000000044,-0.025031339999999958
8.142857e-10,1.39807069,1.37922763,1.38285853,1.40788987,0.018843060000000023,-0.025031339999999958
8.152857e-10,1.39807067,1.37922758,1.38285853,1.40788987,0.018843090000000062,-0.025031339999999958
8.162857e-10,1.39807066,1.37922754,1.38285853,1.40788987,0.01884311999999988,-0.025031339999999958
8.172857e-10,1.39807065,1.3792275,1.38285853,1.40788987,0.01884314999999992,-0.025031339999999958
8.182857e-10,1.39807064,1.37922746,1.38285853,1.40788987,0.01884317999999996,-0.025031339999999958
8.192857e-10,1.39807063,1.37922742,1.38285853,1.40788987,0.01884321,-0.025031339999999958
8.202857e-10,1.39807061,1.37922738,1.38285853,1.40788987,0.0188432300000001,-0.025031339999999958
8.212857e-10,1.3980706,1.37922734,1.38285853,1.40788987,0.01884326000000014,-0.025031339999999958
8.222857e-10,1.39807059,1.3792273,1.38285853,1.40788987,0.018843289999999957,-0.025031339999999958
8.232857e-10,1.39807058,1.37922726,1.38285853,1.40788987,0.018843319999999997,-0.025031339999999958
8.242857e-10,1.39807057,1.37922723,1.38285853,1.40788987,0.018843340000000097,-0.025031339999999958
8.252857e-10,1.39807056,1.3792272,1.38285853,1.40788987,0.018843359999999976,-0.025031339999999958
8.262857e-10,1.39807055,1.37922716,1.38285853,1.40788987,0.018843390000000015,-0.025031339999999958
8.272857e-10,1.39807054,1.37922713,1.38285853,1.40788987,0.018843409999999894,-0.025031339999999958
8.282857e-10,1.39807053,1.3792271,1.38285853,1.40788987,0.018843429999999994,-0.025031339999999958
8.292857e-10,1.39807052,1.37922707,1.38285853,1.40788987,0.018843450000000095,-0.025031339999999958
8.302857e-10,1.39807051,1.37922704,1.38285853,1.40788987,0.018843469999999973,-0.025031339999999958
8.312857e-10,1.3980705,1.37922701,1.38285853,1.40788987,0.018843490000000074,-0.025031339999999958
8.322857e-10,1.39807049,1.37922699,1.38285853,1.40788987,0.018843500000000013,-0.025031339999999958
8.332857e-10,1.39807048,1.37922696,1.38285853,1.40788987,0.01884351999999989,-0.025031339999999958
8.342857e-10,1.39807047,1.37922693,1.38285853,1.40788987,0.018843539999999992,-0.025031339999999958
8.352857e-10,1.39807046,1.37922691,1.38285853,1.40788987,0.01884354999999993,-0.025031339999999958
8.362857e-10,1.39807045,1.37922688,1.38285853,1.40788987,0.01884357000000003,-0.025031339999999958
8.372857e-10,1.39807044,1.37922686,1.38285853,1.40788987,0.01884357999999997,-0.025031339999999958
8.382857e-10,1.39807043,1.37922684,1.38285853,1.40788987,0.01884358999999991,-0.025031339999999958
8.392857e-10,1.39807042,1.37922681,1.38285853,1.40788987,0.01884361000000001,-0.025031339999999958
8.402857e-10,1.39807041,1.37922679,1.38285853,1.40788987,0.018843620000000172,-0.025031339999999958
8.412857e-10,1.39807041,1.37922677,1.38285853,1.40788987,0.01884364000000005,-0.025031339999999958
8.422857e-10,1.3980704,1.37922675,1.38285853,1.40788987,0.01884364999999999,-0.025031339999999958
8.432857e-10,1.39807039,1.37922673,1.38285853,1.40788987,0.01884365999999993,-0.025031339999999958
8.442857e-10,1.39807038,1.37922671,1.38285853,1.40788987,0.01884367000000009,-0.025031339999999958
8.452857e-10,1.39807037,1.37922669,1.38285853,1.40788987,0.018843679999999807,-0.025031339999999958
8.462857e-10,1.39807036,1.37922667,1.38285853,1.40788987,0.01884368999999997,-0.025031339999999958
8.472857e-10,1.39807036,1.37922665,1.38285853,1.40788987,0.018843709999999847,-0.025031339999999958
8.482857e-10,1.39807035,1.37922663,1.38285853,1.40788987,0.018843720000000008,-0.025031339999999958
8.492857e-10,1.39807034,1.37922662,1.38285853,1.40788987,0.018843720000000008,-0.025031339999999958
8.502857e-10,1.39807033,1.3792266,1.38285853,1.40788987,0.018843729999999947,-0.025031339999999958
8.512857e-10,1.39807032,1.37922658,1.38285853,1.40788987,0.018843739999999887,-0.025031339999999958
8.522857e-10,1.39807032,1.37922657,1.38285853,1.40788987,0.018843750000000048,-0.025031339999999958
8.532857e-10,1.39807031,1.37922655,1.38285853,1.40788987,0.018843759999999987,-0.025031339999999958
8.542857e-10,1.3980703,1.37922654,1.38285853,1.40788987,0.01884376000000021,-0.025031339999999958
8.552857e-10,1.39807029,1.37922652,1.38285853,1.40788987,0.018843769999999926,-0.025031339999999958
8.562857e-10,1.39807029,1.37922651,1.38285853,1.40788987,0.018843779999999866,-0.025031339999999958
8.572857e-10,1.39807028,1.37922649,1.38285853,1.40788987,0.018843790000000027,-0.025031339999999958
8.582857e-10,1.39807027,1.37922648,1.38285853,1.40788987,0.018843790000000027,-0.025031339999999958
8.592857e-10,1.39807026,1.37922647,1.38285853,1.40788987,0.018843789999999805,-0.025031339999999958
8.602857e-10,1.39807026,1.37922645,1.38285853,1.40788987,0.018843809999999905,-0.025031339999999958
8.612857e-10,1.39807025,1.37922644,1.38285853,1.40788987,0.018843809999999905,-0.025031339999999958
8.622857e-10,1.39807024,1.37922643,1.38285853,1.40788987,0.018843810000000127,-0.025031339999999958
8.632857e-10,1.39807024,1.37922641,1.38285853,1.40788987,0.018843830000000006,-0.025031339999999958
8.642857e-10,1.39807023,1.3792264,1.38285853,1.40788987,0.018843830000000006,-0.025031339999999958
8.652857e-10,1.39807022,1.37922639,1.38285853,1.40788987,0.018843830000000006,-0.025031339999999958
8.662857e-10,1.39807022,1.37922638,1.38285853,1.40788987,0.018843839999999945,-0.025031339999999958
8.672857e-10,1.39807021,1.37922637,1.38285853,1.40788987,0.018843839999999945,-0.025031339999999958
8.682857e-10,1.3980702,1.37922636,1.38285853,1.40788987,0.018843839999999945,-0.025031339999999958
8.692857e-10,1.3980702,1.37922635,1.38285853,1.40788987,0.018843850000000106,-0.025031339999999958
8.702857e-10,1.39807019,1.37922634,1.38285853,1.40788987,0.018843850000000106,-0.025031339999999958
8.712857e-10,1.39807018,1.37922633,1.38285853,1.40788987,0.018843849999999884,-0.025031339999999958
8.722857e-10,1.39807018,1.37922631,1.38285853,1.40788987,0.018843869999999985,-0.025031339999999958
8.732857e-10,1.39807017,1.3792263,1.38285853,1.40788987,0.018843869999999985,-0.025031339999999958
8.742857e-10,1.39807017,1.3792263,1.38285853,1.40788987,0.018843869999999985,-0.025031339999999958
8.752857e-10,1.39807016,1.37922629,1.38285853,1.40788987,0.018843869999999985,-0.025031339999999958
8.762857e-10,1.39807015,1.37922628,1.38285853,1.40788987,0.018843869999999985,-0.025031339999999958
8.772857e-10,1.39807015,1.37922627,1.38285853,1.40788987,0.018843879999999924,-0.025031339999999958
8.782857e-10,1.39807014,1.37922626,1.38285853,1.40788987,0.018843879999999924,-0.025031339999999958
8.792857e-10,1.39807013,1.37922625,1.38285853,1.40788987,0.018843879999999924,-0.025031339999999958
8.802857e-10,1.39807013,1.37922624,1.38285853,1.40788987,0.018843890000000085,-0.025031339999999958
8.812857e-10,1.39807012,1.37922623,1.38285853,1.40788987,0.018843890000000085,-0.025031339999999958
8.822857e-10,1.39807012,1.37922622,1.38285853,1.40788987,0.018843900000000025,-0.025031339999999958
8.832857e-10,1.39807011,1.37922622,1.38285853,1.40788987,0.018843889999999863,-0.025031339999999958
8.842857e-10,1.39807011,1.37922621,1.38285853,1.40788987,0.018843900000000025,-0.025031339999999958
8.852857e-10,1.3980701,1.3792262,1.38285853,1.40788987,0.018843900000000025,-0.025031339999999958
8.862857e-10,1.39807009,1.37922619,1.38285853,1.40788987,0.018843900000000025,-0.025031339999999958
8.872857e-10,1.39807009,1.37922618,1.38285853,1.40788987,0.018843909999999964,-0.025031339999999958
8.882857e-10,1.39807008,1.37922618,1.38285853,1.40788987,0.018843900000000025,-0.025031339999999958
8.892857e-10,1.39807008,1.37922617,1.38285853,1.40788987,0.018843910000000186,-0.025031339999999958
8.902857e-10,1.39807007,1.37922616,1.38285853,1.40788987,0.018843909999999964,-0.025031339999999958
8.912857e-10,1.39807007,1.37922616,1.38285853,1.40788987,0.018843909999999964,-0.025031339999999958
8.922857e-10,1.39807006,1.37922615,1.38285853,1.40788987,0.018843909999999964,-0.025031339999999958
8.932857e-10,1.39807006,1.37922614,1.38285853,1.40788987,0.018843919999999903,-0.025031339999999958
8.942857e-10,1.39807005,1.37922613,1.38285853,1.40788987,0.018843920000000125,-0.025031339999999958
8.952857e-10,1.39807005,1.37922613,1.38285853,1.40788987,0.018843920000000125,-0.025031339999999958
8.962857e-10,1.39807004,1.37922612,1.38285853,1.40788987,0.018843919999999903,-0.025031339999999958
8.972857e-10,1.39807003,1.37922612,1.38285853,1.40788987,0.018843909999999964,-0.025031339999999958
8.982857e-10,1.39807003,1.37922611,1.38285853,1.40788987,0.018843919999999903,-0.025031339999999958
8.992857e-10,1.39807002,1.3792261,1.38285853,1.40788987,0.018843920000000125,-0.025031339999999958
9.002857e-10,1.39807002,1.3792261,1.38285853,1.40788987,0.018843920000000125,-0.025031339999999958
9.012857e-10,1.39807001,1.37922609,1.38285853,1.40788987,0.018843920000000125,-0.025031339999999958
9.022857e-10,1.39807001,1.37922608,1.38285853,1.40788987,0.018843930000000064,-0.025031339999999958
9.032857e-10,1.39807,1.37922608,1.38285853,1.40788987,0.018843919999999903,-0.025031339999999958
9.042857e-10,1.39807,1.37922607,1.38285853,1.40788987,0.018843929999999842,-0.025031339999999958
9.052857e-10,1.39806999,1.37922607,1.38285853,1.40788987,0.018843919999999903,-0.025031339999999958
9.062857e-10,1.39806999,1.37922606,1.38285853,1.40788987,0.018843930000000064,-0.025031339999999958
9.072857e-10,1.39806998,1.37922606,1.38285853,1.40788987,0.018843920000000125,-0.025031339999999958
9.082857e-10,1.39806998,1.37922605,1.38285853,1.40788987,0.018843930000000064,-0.025031339999999958
9.092857e-10,1.39806997,1.37922604,1.38285853,1.40788987,0.018843930000000064,-0.025031339999999958
9.102857e-10,1.39806997,1.37922604,1.38285853,1.40788987,0.018843930000000064,-0.025031339999999958
9.112857e-10,1.39806996,1.37922603,1.38285853,1.40788987,0.018843929999999842,-0.025031339999999958
9.122857e-10,1.39806996,1.37922603,1.38285853,1.40788987,0.018843929999999842,-0.025031339999999958
9.132857e-10,1.39806996,1.37922602,1.38285853,1.40788987,0.018843940000000003,-0.025031339999999958
9.142857e-10,1.39806995,1.37922602,1.38285853,1.40788987,0.018843930000000064,-0.025031339999999958
9.152857e-10,1.39806995,1.37922601,1.38285853,1.40788987,0.018843940000000003,-0.025031339999999958
9.162857e-10,1.39806994,1.37922601,1.38285853,1.40788987,0.018843930000000064,-0.025031339999999958
9.172857e-10,1.39806994,1.379226,1.38285853,1.40788987,0.018843940000000003,-0.025031339999999958
9.182857e-10,1.39806993,1.379226,1.38285853,1.40788987,0.018843929999999842,-0.025031339999999958
9.192857e-10,1.39806993,1.37922599,1.38285853,1.40788987,0.018843940000000003,-0.025031339999999958
9.202857e-10,1.39806992,1.37922599,1.38285853,1.40788987,0.018843930000000064,-0.025031339999999958
9.212857e-10,1.39806992,1.37922598,1.38285853,1.40788987,0.018843940000000003,-0.025031339999999958
9.222857e-10,1.39806991,1.37922598,1.38285853,1.40788987,0.018843930000000064,-0.025031339999999958
9.232857e-10,1.39806991,1.37922597,1.38285853,1.40788987,0.018843940000000003,-0.025031339999999958
9.242857e-10,1.3980699,1.37922597,1.38285853,1.40788987,0.018843930000000064,-0.025031339999999958
9.252857e-10,1.3980699,1.37922596,1.38285853,1.40788987,0.018843940000000003,-0.025031339999999958
9.262857e-10,1.3980699,1.37922596,1.38285853,1.40788987,0.018843940000000003,-0.025031339999999958
9.272857e-10,1.39806989,1.37922596,1.38285853,1.40788987,0.018843929999999842,-0.025031339999999958
9.282857e-10,1.39806989,1.37922595,1.38285853,1.40788987,0.018843940000000003,-0.025031339999999958
9.292857e-10,1.39806988,1.37922595,1.38285853,1.40788987,0.018843930000000064,-0.025031339999999958
9.302857e-10,1.39806988,1.37922594,1.38285853,1.40788987,0.018843940000000003,-0.025031339999999958
9.312857e-10,1.39806987,1.37922594,1.38285853,1.40788987,0.018843930000000064,-0.025031339999999958
9.322857e-10,1.39806987,1.37922593,1.38285853,1.40788987,0.018843940000000003,-0.025031339999999958
9.332857e-10,1.39806987,1.37922593,1.38285853,1.40788987,0.018843940000000003,-0.025031339999999958
9.342857e-10,1.39806986,1.37922592,1.38285853,1.40788987,0.018843940000000003,-0.025031339999999958
9.352857e-10,1.39806986,1.37922592,1.38285853,1.40788987,0.018843940000000003,-0.025031339999999958
9.362857e-10,1.39806985,1.37922592,1.38285853,1.40788987,0.018843929999999842,-0.025031339999999958
9.372857e-10,1.39806985,1.37922591,1.38285853,1.40788987,0.018843940000000003,-0.025031339999999958
9.382857e-10,1.39806984,1.37922591,1.38285853,1.40788987,0.018843930000000064,-0.025031339999999958
9.392857e-10,1.39806984,1.3792259,1.38285853,1.40788987,0.018843940000000003,-0.025031339999999958
9.402857e-10,1.39806984,1.3792259,1.38285853,1.40788987,0.018843940000000003,-0.025031339999999958
9.412857e-10,1.39806983,1.3792259,1.38285853,1.40788987,0.018843930000000064,-0.025031339999999958
9.422857e-10,1.39806983,1.37922589,1.38285853,1.40788987,0.018843940000000003,-0.025031339999999958
9.432857e-10,1.39806982,1.37922589,1.38285853,1.40788987,0.018843929999999842,-0.025031339999999958
9.442857e-10,1.39806982,1.37922588,1.38285853,1.40788987,0.018843940000000003,-0.025031339999999958
9.452857e-10,1.39806982,1.37922588,1.38285853,1.40788987,0.018843940000000003,-0.025031339999999958
9.462857e-10,1.39806981,1.37922588,1.38285853,1.40788987,0.018843930000000064,-0.025031339999999958
9.472857e-10,1.39806981,1.37922587,1.38285853,1.40788987,0.018843940000000003,-0.025031339999999958
9.482857e-10,1.3980698,1.37922587,1.38285853,1.40788987,0.018843930000000064,-0.025031339999999958
9.492857e-10,1.3980698,1.37922587,1.38285853,1.40788987,0.018843930000000064,-0.025031339999999958
9.502857e-10,1.3980698,1.37922586,1.38285853,1.40788987,0.018843940000000003,-0.025031339999999958
9.512857e-10,1.39806979,1.37922586,1.38285853,1.40788987,0.018843930000000064,-0.025031339999999958
9.522857e-10,1.39806979,1.37922585,1.38285853,1.40788987,0.018843940000000003,-0.025031339999999958
9.532857e-10,1.39806979,1.37922585,1.38285853,1.40788987,0.018843940000000003,-0.025031339999999958
9.542857e-10,1.39806978,1.37922585,1.38285853,1.40788987,0.018843929999999842,-0.025031339999999958
9.552857e-10,1.39806978,1.37922584,1.38285853,1.40788987,0.018843940000000003,-0.025031339999999958
9.562857e-10,1.39806977,1.37922584,1.38285853,1.40788987,0.018843930000000064,-0.025031339999999958
9.572857e-10,1.39806977,1.37922584,1.38285853,1.40788987,0.018843930000000064,-0.025031339999999958
9.582857e-10,1.39806977,1.37922583,1.38285853,1.40788987,0.018843940000000003,-0.025031339999999958
9.592857e-10,1.39806976,1.37922583,1.38285853,1.40788987,0.018843930000000064,-0.025031339999999958
9.602857e-10,1.39806976,1.37922583,1.38285853,1.40788987,0.018843930000000064,-0.025031339999999958
9.612857e-10,1.39806976,1.37922582,1.38285853,1.40788987,0.018843940000000003,-0.025031339999999958
9.622857e-10,1.39806975,1.37922582,1.38285853,1.40788987,0.018843930000000064,-0.025031339999999958
9.632857e-10,1.39806975,1.37922582,1.38285853,1.40788987,0.018843930000000064,-0.025031339999999958
9.642857e-10,1.39806974,1.37922581,1.38285853,1.40788987,0.018843929999999842,-0.025031339999999958
9.652857e-10,1.39806974,1.37922581,1.38285853,1.40788987,0.018843929999999842,-0.025031339999999958
9.662857e-10,1.39806974,1.3792258,1.38285853,1.40788987,0.018843940000000003,-0.025031339999999958
9.672857e-10,1.39806973,1.3792258,1.38285853,1.40788987,0.018843930000000064,-0.025031339999999958
9.682857e-10,1.39806973,1.3792258,1.38285853,1.40788987,0.018843930000000064,-0.025031339999999958
9.692857e-10,1.39806973,1.37922579,1.38285853,1.40788987,0.018843940000000003,-0.025031339999999958
9.702857e-10,1.39806972,1.37922579,1.38285853,1.40788987,0.018843930000000064,-0.025031339999999958
9.712857e-10,1.39806972,1.37922579,1.38285853,1.40788987,0.018843930000000064,-0.025031339999999958
9.722857e-10,1.39806972,1.37922578,1.38285853,1.40788987,0.018843940000000003,-0.025031339999999958
9.732857e-10,1.39806971,1.37922578,1.38285853,1.40788987,0.018843929999999842,-0.025031339999999958
9.742857e-10,1.39806971,1.37922578,1.38285853,1.40788987,0.018843929999999842,-0.025031339999999958
9.752857e-10,1.39806971,1.37922578,1.38285853,1.40788987,0.018843929999999842,-0.025031339999999958
9.762857e-10,1.3980697,1.37922577,1.38285853,1.40788987,0.018843930000000064,-0.025031339999999958
9.772857e-10,1.3980697,1.37922577,1.38285853,1.40788987,0.018843930000000064,-0.025031339999999958
9.782857e-10,1.39806969,1.37922577,1.38285853,1.40788987,0.018843920000000125,-0.025031339999999958
9.792857e-10,1.39806969,1.37922576,1.38285853,1.40788987,0.018843930000000064,-0.025031339999999958
9.802857e-10,1.39806969,1.37922576,1.38285853,1.40788987,0.018843930000000064,-0.025031339999999958
9.812857e-10,1.39806968,1.37922576,1.38285853,1.40788987,0.018843920000000125,-0.025031339999999958
9.822857e-10,1.39806968,1.37922575,1.38285853,1.40788987,0.018843930000000064,-0.025031339999999958
9.832857e-10,1.39806968,1.37922575,1.38285853,1.40788987,0.018843930000000064,-0.025031339999999958
9.842857e-10,1.39806967,1.37922575,1.38285853,1.40788987,0.018843919999999903,-0.025031339999999958
9.852857e-10,1.39806967,1.37922574,1.38285853,1.40788987,0.018843929999999842,-0.025031339999999958
9.862857e-10,1.39806967,1.37922574,1.38285853,1.40788987,0.018843929999999842,-0.025031339999999958
9.872857e-10,1.39806966,1.37922574,1.38285853,1.40788987,0.018843919999999903,-0.025031339999999958
9.882857e-10,1.39806966,1.37922573,1.38285853,1.40788987,0.018843930000000064,-0.025031339999999958
9.892857e-10,1.39806966,1.37922573,1.38285853,1.40788987,0.018843930000000064,-0.025031339999999958
9.902857e-10,1.39806965,1.37922573,1.38285853,1.40788987,0.018843920000000125,-0.025031339999999958
9.912857e-10,1.39806965,1.37922573,1.38285853,1.40788987,0.018843920000000125,-0.025031339999999958
9.922857e-10,1.39806965,1.37922572,1.38285853,1.40788987,0.018843930000000064,-0.025031339999999958
9.932857e-10,1.39806965,1.37922572,1.38285853,1.40788987,0.018843930000000064,-0.025031339999999958
9.942857e-10,1.39806964,1.37922572,1.38285853,1.40788987,0.018843919999999903,-0.025031339999999958
9.952857e-10,1.39806964,1.37922571,1.38285853,1.40788987,0.018843929999999842,-0.025031339999999958
9.962857e-10,1.39806964,1.37922571,1.38285853,1.40788987,0.018843929999999842,-0.025031339999999958
9.972857e-10,1.39806963,1.37922571,1.38285853,1.40788987,0.018843919999999903,-0.025031339999999958
9.982857e-10,1.39806963,1.3792257,1.38285853,1.40788987,0.018843929999999842,-0.025031339999999958
9.992857e-10,1.39806963,1.3792257,1.38285853,1.40788987,0.018843929999999842,-0.025031339999999958
1.0002857e-09,1.39806962,1.3792257,1.38285853,1.40788987,0.018843919999999903,-0.025031339999999958
1.0012857e-09,1.39806962,1.3792257,1.38285853,1.40788987,0.018843919999999903,-0.025031339999999958
1.0022857e-09,1.39806962,1.37922569,1.38285853,1.40788987,0.018843930000000064,-0.025031339999999958
1.0032857e-09,1.39806961,1.37922569,1.38285853,1.40788987,0.018843920000000125,-0.025031339999999958
1.0042857e-09,1.39806961,1.37922569,1.38285853,1.40788987,0.018843920000000125,-0.025031339999999958
1.0052857e-09,1.39806961,1.37922568,1.38285853,1.40788987,0.018843930000000064,-0.025031339999999958
1.0062857e-09,1.3980696,1.37922568,1.38285853,1.40788987,0.018843919999999903,-0.025031339999999958
1.0072857e-09,1.3980696,1.37922568,1.38285853,1.40788987,0.018843919999999903,-0.025031339999999958
1.0082857e-09,1.3980696,1.37922568,1.38285853,1.40788987,0.018843919999999903,-0.025031339999999958
1.0092857e-09,1.3980696,1.37922567,1.38285853,1.40788987,0.018843929999999842,-0.025031339999999958
1.0102857e-09,1.39806959,1.37922567,1.38285853,1.40788987,0.018843919999999903,-0.025031339999999958
1.0112857e-09,1.39806959,1.37922567,1.38285853,1.40788987,0.018843919999999903,-0.025031339999999958
1.0122857e-09,1.39806959,1.37922567,1.38285853,1.40788987,0.018843919999999903,-0.025031339999999958
1.0132857e-09,1.39806958,1.37922566,1.38285853,1.40788987,0.018843920000000125,-0.025031339999999958
1.0142857e-09,1.39806958,1.37922566,1.38285853,1.40788987,0.018843920000000125,-0.025031339999999958
1.0152857e-09,1.39806958,1.37922566,1.38285853,1.40788987,0.018843920000000125,-0.025031339999999958
1.0162857e-09,1.39806957,1.37922565,1.38285853,1.40788987,0.018843920000000125,-0.025031339999999958
1.0172857e-09,1.39806957,1.37922565,1.38285853,1.40788987,0.018843920000000125,-0.025031339999999958
1.017857e-09,1.39806957,1.37922565,1.38285853,1.40788987,0.018843920000000125,-0.025031339999999958
