t_ui,v_outp,v_outn
0.015999999999999945,1.3679988,1.44047701
0.07199999999999976,1.36800027,1.44047697
0.12799999999999956,1.36800136,1.44047716
0.18399999999999936,1.3680022,1.44047749
0.2399999999999992,1.36800286,1.4404779
0.295999999999999,1.3680034,1.44047834
0.3520000000000017,1.36800385,1.4404788
0.4080000000000015,1.36800425,1.44047925
0.4640000000000013,1.3680046,1.4404797
0.5200000000000011,1.36800493,1.44048012
0.576000000000001,1.36800524,1.44048053
0.6320000000000007,1.36800553,1.44048092
0.6880000000000005,1.36800581,1.44048129
0.7440000000000003,1.36800607,1.44048163
0.8000000000000002,1.36800633,1.44048197
0.856,1.36800659,1.44048228
0.9119999999999998,1.36800683,1.44048258
0.9679999999999995,1.36800707,1.44048287
1.0239999999999994,1.3680073,1.44048314
1.0799999999999992,1.36800753,1.44048341
1.135999999999999,1.36800775,1.44048366
1.1920000000000017,1.36800797,1.4404839
1.2480000000000016,1.36800818,1.44048414
1.3040000000000014,1.36800838,1.44048436
1.3600000000000012,1.36800859,1.44048458
1.4160000000000008,1.36800879,1.44048479
1.4720000000000006,1.36800898,1.44048499
1.5280000000000005,1.36800917,1.44048519
1.5840000000000003,1.36800936,1.44048538
1.6400000000000001,1.36800954,1.44048557
1.696,1.36800972,1.44048575
1.7519999999999998,1.3680099,1.44048592
1.8079999999999996,1.36801007,1.44048609
1.8639999999999994,1.36801024,1.44048626
1.9199999999999993,1.36801041,1.44048642
1.975999999999999,1.36801057,1.44048658
1.6000000010787207e-06,1.36801064,1.44048665
0.005601599999999901,1.36799865,1.44049868
0.01680160000000044,1.36797736,1.44052011
0.03920160000000152,1.36803655,1.44046395
0.08400160000000079,1.36912328,1.43942215
0.1400016000000006,1.37291433,1.43578652
0.19600160000000041,1.3794614,1.42945318
0.2520016000000002,1.3882917,1.42076523
0.25760159999999904,1.38930196,1.41975984
0.2688015999999996,1.39135112,1.41771639
0.29120160000000067,1.39552629,1.41353142
0.3360015999999999,1.40354552,1.40543821
0.39200159999999973,1.41213985,1.39671766
0.44800159999999956,1.41880307,1.3899495
0.5040015999999994,1.42368559,1.38500063
0.5600015999999991,1.42710686,1.38154602
0.6160015999999989,1.42939889,1.37924411
0.6720016000000016,1.43085594,1.37779131
0.7280016000000015,1.43171979,1.37693906
0.7840016000000013,1.43217876,1.37649425
0.8400016000000011,1.43237349,1.37631334
0.8960016000000008,1.43240514,1.37629349
0.9520016000000007,1.43234376,1.37636391
0.9999992000000002,1.43225252,1.37646053
1.005599199999999,1.43225243,1.37646107
1.0167991999999995,1.43224937,1.37646518
1.0391992000000005,1.43214355,1.37657794
1.0839991999999998,1.43100108,1.37777791
1.1399991999999997,1.4272355,1.38169965
1.1959991999999995,1.42076821,1.38834052
1.2519991999999993,1.41194769,1.39721708
1.2575992000000011,1.4109294,1.39822912
1.2687992000000017,1.40886021,1.40028096
1.2911991999999997,1.40462323,1.40445591
1.335999199999999,1.39642374,1.41245854
1.3919992000000017,1.38757666,1.42102025
1.4479992000000015,1.38070331,1.42765524
1.5039992000000013,1.37567728,1.43252106
1.5599992000000011,1.37217168,1.43593708
1.615999200000001,1.36983989,1.43823295
1.6719992000000008,1.36837309,1.43970023
1.7279992000000006,1.36751815,1.44057836
1.7839992000000005,1.36707835,1.44105378
1.8399992000000003,1.36690737,1.44126578
1.8959992,1.36690033,1.44131456
1.9519991999999997,1.36698496,1.44126956
0.007999199999999615,1.3671134,1.44117709
0.06399919999999942,1.36725555,1.44106657
0.11999919999999922,1.36739365,1.44095564
0.17599919999999902,1.36751831,1.44085392
0.23199920000000174,1.36762547,1.44076585
0.28799920000000157,1.36771441,1.44069265
0.34399920000000134,1.36778622,1.44063372
0.39999920000000116,1.36784294,1.44058748
0.455999200000001,1.3678869,1.44055203
0.5119992000000008,1.36792044,1.44052539
0.5679992000000006,1.36794566,1.44050578
0.6239992000000004,1.36796441,1.4404916
0.6799992000000002,1.3679782,1.44048158
0.7359992,1.36798825,1.44047465
0.7919991999999998,1.36799552,1.44047
0.8479991999999996,1.36800075,1.44046698
0.9039991999999994,1.3680045,1.44046512
0.9599991999999993,1.36800721,1.44046407
1.015999199999999,1.36800916,1.44046357
1.0719992000000018,1.36801059,1.44046344
1.1279992000000016,1.36801165,1.44046355
1.1839992000000013,1.36801247,1.44046381
1.239999200000001,1.36801311,1.44046416
1.295999200000001,1.36801364,1.44046455
1.3519992000000007,1.36801409,1.44046497
1.4079992000000006,1.36801448,1.44046539
1.4639992000000004,1.36801484,1.4404658
1.5199992000000002,1.36801517,1.4404662
1.5759992,1.36801548,1.4404666
1.6319991999999999,1.36801577,1.44046697
1.6879991999999997,1.36801606,1.44046733
1.7439991999999995,1.36801634,1.44046767
1.7999991999999991,1.36801661,1.440468
1.855999199999999,1.36801687,1.44046831
1.9119992000000017,1.36801713,1.44046861
1.9679992000000015,1.36801738,1.4404689
0.02399920000000137,1.36801763,1.44046918
0.07999920000000117,1.36801787,1.44046945
0.13599920000000099,1.36801811,1.44046971
0.19199920000000079,1.36801834,1.44046996
0.24799920000000059,1.36801857,1.4404702
0.3039992000000004,1.36801879,1.44047043
0.3599992000000002,1.36801901,1.44047066
0.4159992,1.36801922,1.44047088
0.47199919999999984,1.36801943,1.4404711
0.5279991999999997,1.36801964,1.44047131
0.5839991999999995,1.36801984,1.44047151
0.6399991999999992,1.36802004,1.44047171
0.695999199999999,1.36802024,1.44047191
0.7519992000000018,1.36802043,1.44047209
0.8079992000000016,1.36802062,1.44047228
0.8639992000000014,1.36802081,1.44047246
0.9199992000000012,1.36802099,1.44047263
0.975999200000001,1.36802118,1.4404728
1.031999200000001,1.36802135,1.44047297
1.0879992000000005,1.36802153,1.44047313
1.1439992000000003,1.3680217,1.4404733
1.1999992000000002,1.36802186,1.44047345
1.2559992,1.36802203,1.44047361
1.3119991999999998,1.36802219,1.44047376
1.3679991999999996,1.36802234,1.44047391
1.4239991999999995,1.3680225,1.44047406
1.4799991999999993,1.36802265,1.4404742
1.5359991999999991,1.3680228,1.44047434
1.5919992000000018,1.36802295,1.44047448
1.6479992000000017,1.36802309,1.44047461
1.7039992000000015,1.36802323,1.44047475
1.759999200000001,1.36802337,1.44047488
1.815999200000001,1.3680235,1.44047501
1.8719992000000008,1.36802364,1.44047513
1.9279992000000006,1.36802377,1.44047526
1.9839992000000004,1.3680239,1.44047538
1.9999983999999993,1.36802393,1.44047541
0.005598400000001001,1.36801194,1.44048744
0.016798400000001542,1.36799064,1.44050886
0.03919839999999973,1.36804988,1.44045268
0.08399839999999899,1.36913752,1.43941148
0.1399984000000017,1.37292999,1.43577703
0.19599840000000152,1.37947708,1.42944371
0.2519984000000013,1.38830678,1.42075524
0.2575984000000001,1.38931699,1.41974981
0.26879840000000066,1.39136604,1.41770628
0.29119840000000174,1.39554096,1.41352111
0.33599840000000103,1.4035597,1.4054275
0.39199840000000086,1.41215349,1.39670652
0.44799840000000063,1.41881627,1.389938
0.5039984000000004,1.42369845,1.38498885
0.5599984000000002,1.42711948,1.38153406
0.6159984000000001,1.42941135,1.37923202
0.6719983999999999,1.43086829,1.37777914
0.7279983999999997,1.43173208,1.37692684
0.7839983999999994,1.43219101,1.37648202
0.8399983999999993,1.43238572,1.3763011
0.8959983999999991,1.43241736,1.37628126
0.9519984000000018,1.43235599,1.37635168
1.0079984000000015,1.43224826,1.37646552
1.0639984000000013,1.43212378,1.37659332
1.1199984000000012,1.43200027,1.37671772
1.175998400000001,1.43188731,1.37682957
1.2319984000000008,1.43178928,1.37692491
1.2879984000000007,1.43170729,1.37700305
1.3439984000000005,1.43164062,1.37706503
1.3999984000000003,1.43158759,1.37711284
1.4559984000000001,1.43154618,1.37714873
1.5119984,1.43151431,1.37717497
1.5679983999999998,1.43149011,1.37719358
1.6239983999999994,1.4314719,1.37720631
1.6799983999999992,1.43145832,1.3772146
1.735998399999999,1.43144825,1.37721962
1.7919984000000018,1.43144082,1.37722227
1.8479984000000016,1.43143534,1.37722323
1.9039984000000014,1.4314313,1.37722303
1.9599984000000013,1.4314283,1.37722204
0.015998400000001037,1.43142607,1.37722055
0.07199840000000085,1.4314244,1.37721874
0.12799840000000065,1.43142312,1.37721675
0.18399840000000045,1.43142214,1.37721467
0.23999840000000028,1.43142138,1.37721257
0.29599840000000005,1.43142078,1.37721048
0.3519983999999999,1.4314203,1.37720842
0.4079983999999997,1.43141992,1.37720642
0.4639983999999995,1.43141962,1.37720447
0.5199983999999993,1.43141938,1.37720258
0.5759983999999991,1.43141919,1.37720074
0.631998399999999,1.43141904,1.37719896
0.6879983999999987,1.43141894,1.37719723
0.7439983999999985,1.43141887,1.37719555
0.7999983999999983,1.43141883,1.37719391
0.8559983999999982,1.43141882,1.37719232
0.911998399999998,1.43141883,1.37719076
0.9679983999999978,1.43141887,1.37718923
1.000002400000003,1.4314189,1.37718838
1.005602399999999,1.43143088,1.37717622
1.0168024000000024,1.43145222,1.37715477
1.0392023999999978,1.43139628,1.37721562
1.0840024,1.43035399,1.37831227
1.1400023999999997,1.42670765,1.38211234
1.1960023999999996,1.42034694,1.38864578
1.2520023999999994,1.41161756,1.39743201
1.257602400000001,1.41060743,1.39843608
1.2688023999999987,1.40855424,1.40047231
1.2912023999999998,1.40434739,1.40461811
1.336002400000002,1.39620118,1.41257013
1.3920024000000017,1.38740877,1.42108157
1.4480024000000016,1.38057861,1.42767859
1.5040024000000014,1.37558624,1.43251637
1.5600024000000012,1.37210654,1.43591215
1.6160024000000008,1.36979446,1.43819378
1.6720024000000007,1.36834256,1.43965131
1.7280024000000005,1.36749885,1.44052299
1.7840024000000003,1.36706749,1.44099437
1.8400024000000001,1.36690284,1.44120403
1.8960024,1.36690056,1.44125164
1.9520023999999998,1.3669888,1.44120626
2.1713491079516976e-15,1.36710037,1.44112829
0.005599999999998099,1.36710261,1.44112974
0.016800000000001536,1.36710995,1.44112973
0.039200000000002615,1.36722705,1.44102948
0.08399999999999899,1.36842865,1.43989837
0.1399999999999988,1.37235508,1.43615567
0.1959999999999986,1.37902255,1.42972629
0.2519999999999984,1.38795539,1.42095628
0.2576000000000001,1.38897479,1.41994356
0.26879999999999776,1.39104188,1.41788576
0.29119999999999885,1.39525073,1.41367377
0.336000000000001,1.40332907,1.40553304
0.39200000000000085,1.41198312,1.39676431
0.4480000000000006,1.41869254,1.38995883
0.5040000000000004,1.4236102,1.38498171
0.5600000000000003,1.42705783,1.38150619
0.6160000000000001,1.42936942,1.37918913
0.6719999999999998,1.43084084,1.37772561
0.7279999999999996,1.43171518,1.37686599
0.7839999999999995,1.43218177,1.3764163
0.8399999999999993,1.43238204,1.37623231
0.8959999999999991,1.43241772,1.37621068
0.9519999999999988,1.43235929,1.37628022
0.9999976000000013,1.43226998,1.3763766
1.005597600000003,1.43227008,1.37637713
1.0167976000000007,1.43226739,1.37638125
1.0391976000000018,1.43216226,1.37649405
1.083997599999998,1.43102092,1.37769423
1.1399975999999978,1.42725645,1.38161651
1.1959975999999977,1.42079001,1.38825832
1.2519976000000033,1.4119702,1.39713618
1.2575975999999993,1.41095197,1.39814837
1.2687976000000027,1.40888291,1.40020051
1.291197599999998,1.40464618,1.4043761
1.3359976000000002,1.3964472,1.41238005
1.3919975999999998,1.38760077,1.42094334
1.4479975999999997,1.38072802,1.42757972
1.5039975999999995,1.37570253,1.43244672
1.5599975999999993,1.37219737,1.43586371
1.6159975999999991,1.36986594,1.43816038
1.671997599999999,1.36839945,1.43962832
1.7279975999999988,1.36754481,1.44050699
1.7839975999999986,1.36710533,1.4409829
1.8399975999999985,1.36693464,1.44119534
1.8959975999999983,1.3669279,1.44124452
1.9519975999999981,1.36701282,1.4411999
0.007997599999997811,1.36714155,1.44110779
0.06399759999999761,1.36728399,1.44099761
0.11999760000000322,1.36742238,1.44088702
0.17599760000000303,1.36754732,1.44078562
0.23199760000000283,1.36765478,1.44069787
0.28799760000000263,1.367744,1.44062497
0.34399760000000246,1.3678161,1.44056634
0.39999760000000223,1.3678731,1.4405204
0.45599760000000206,1.36791734,1.44048523
0.5119976000000018,1.36795116,1.44045888
0.5679976000000017,1.36797666,1.44043954
0.6239976000000015,1.36799569,1.44042563
0.6799976000000013,1.36800975,1.44041588
0.7359976000000011,1.36802007,1.4404092
0.7919976000000009,1.3680276,1.4404048
0.8479976000000007,1.36803309,1.44040203
0.9039976000000005,1.3680371,1.44040041
0.9599976000000003,1.36804006,1.4403996
1.0159976000000002,1.36804226,1.44039934
1.0719976,1.36804394,1.44039943
1.1279975999999998,1.36804524,1.44039977
1.1839975999999997,1.3680463,1.44040024
1.2399975999999993,1.36804717,1.44040081
1.295997599999999,1.36804793,1.44040141
1.351997599999999,1.3680486,1.44040204
1.4079975999999987,1.36804921,1.44040266
1.4639975999999986,1.36804979,1.44040328
1.5199975999999984,1.36805033,1.44040387
1.5759975999999982,1.36805085,1.44040446
1.631997599999998,1.36805136,1.44040502
1.6879975999999979,1.36805185,1.44040556
1.7439975999999977,1.36805232,1.44040609
1.7999976000000033,1.36805279,1.44040659
1.8559976000000031,1.36805325,1.44040708
1.9119976000000027,1.3680537,1.44040755
1.9679976000000026,1.36805414,1.44040801
1.6000000021643953e-06,1.36805438,1.44040827
0.005601599999998092,1.36804242,1.44042033
0.016801600000001526,1.36802118,1.44044181
0.039201600000002605,1.3680805,1.44038576
0.08400159999999898,1.36916754,1.43934414
0.14000159999999878,1.37295898,1.43570861
0.19600159999999858,1.37950637,1.42937518
0.2520015999999984,1.38833684,1.42068698
0.2576016000000001,1.38934711,1.41968156
0.26880159999999775,1.39139629,1.41763805
0.29120159999999884,1.39557146,1.41345293
0.336001600000001,1.40359065,1.40535936
0.39200160000000084,1.4121849,1.39663835
0.4480016000000006,1.4188481,1.38986983
0.5040016000000004,1.42373069,1.38492075
0.5600016000000002,1.42715212,1.3814661
0.6160016,1.42944437,1.37916427
0.6720015999999999,1.43090169,1.37771165
0.7280015999999997,1.43176584,1.37685963
0.7840015999999995,1.43222513,1.3764151
0.8400015999999992,1.43242018,1.37623449
0.8960015999999991,1.43245214,1.37621495
0.9520015999999989,1.43239107,1.37628568
1.0080015999999987,1.43228363,1.37639981
1.0640015999999985,1.43215943,1.3765279
1.1200015999999984,1.43203618,1.37665259
1.1760015999999982,1.43192347,1.37676471
1.232001599999998,1.43182568,1.37686032
1.2880015999999976,1.43174391,1.3769387
1.3440016000000032,1.43167746,1.37700093
1.400001600000003,1.43162465,1.37704899
1.456001600000003,1.43158344,1.37708511
1.5120016000000027,1.43155178,1.37711158
1.5680016000000025,1.43152776,1.3771304
1.6240016000000024,1.43150974,1.37714335
1.6800016000000022,1.43149634,1.37715185
1.736001600000002,1.43148644,1.37715708
1.7920016000000019,1.43147918,1.37715992
1.8480016000000017,1.43147387,1.37716108
1.9040016000000015,1.43146999,1.37716106
1.9600016000000011,1.43146715,1.37716026
2.4000000021609186e-06,1.43146561,1.37715935
0.005602399999998089,1.4314774,1.37714721
0.016802400000001525,1.43149837,1.37712575
0.03920240000000261,1.43144173,1.37718656
0.08400239999999898,1.43039829,1.37828297
0.14000239999999878,1.42675085,1.3820826
0.1960023999999986,1.42038938,1.38861556
0.2520023999999984,1.41165949,1.39740138
0.2576024000000001,1.41064932,1.39840542
0.2688023999999978,1.40859605,1.40044158
0.29120239999999886,1.40438908,1.40458725
0.336002400000001,1.39624269,1.41253906
0.3920024000000008,1.38745016,1.42105028
0.44800240000000063,1.3806199,1.42764704
0.5040024000000004,1.37562739,1.43248452
0.5600024000000002,1.37214751,1.43587998
0.6160024000000001,1.36983522,1.43816127
0.6720023999999999,1.36838309,1.43961845
0.7280023999999996,1.36753913,1.44048979
0.7840023999999994,1.36710753,1.44096085
0.8400023999999993,1.36694264,1.4411702
0.8960023999999991,1.36694014,1.44121752
0.9520023999999989,1.36702817,1.44117188
1.0080023999999987,1.36715917,1.44107931
1.0640023999999986,1.36730327,1.44096903
1.1200023999999984,1.36744289,1.44085855
1.1760023999999982,1.36756875,1.4407574
1.2320023999999978,1.36767689,1.44066995
1.2880023999999977,1.36776664,1.44059739
1.3440024000000033,1.36783914,1.44053909
1.400002400000003,1.36789646,1.44049346
1.456002400000003,1.36794095,1.44045859
1.5120024000000027,1.36797497,1.44043251
1.5680024000000026,1.36800065,1.44041341
1.6240024000000024,1.36801981,1.44039972
1.6800024000000022,1.36803398,1.44039015
1.736002400000002,1.36804439,1.44038365
1.7920024000000019,1.368052,1.4403794
1.8480024000000015,1.36805756,1.44037675
1.9040024000000013,1.36806163,1.44037525
1.9600024000000011,1.36806463,1.44037454
1.9999976000000004,1.36806628,1.44037437
0.00559760000000209,1.36805448,1.44038639
0.016797599999999736,1.36803355,1.44040778
0.03919760000000082,1.36809344,1.4403516
0.08399760000000298,1.36918143,1.43930982
0.13999760000000278,1.37297381,1.43567422
0.1959976000000026,1.37952186,1.42934077
0.2519976000000024,1.38835281,1.42065257
0.2575975999999983,1.38936311,1.41964716
0.26879760000000175,1.39141236,1.41760365
0.29119760000000283,1.39558765,1.41341852
0.33599759999999923,1.40360702,1.40532493
0.391997599999999,1.41220142,1.3966039
0.44799759999999883,1.41886475,1.3898354
0.5039975999999986,1.42374747,1.38488641
0.5599975999999984,1.42716903,1.38143191
0.6159975999999983,1.42946144,1.37913026
0.6719975999999981,1.43091892,1.37767784
0.7279975999999979,1.43178323,1.37682605
0.7839975999999976,1.43224268,1.37638176
0.8399976000000032,1.43243789,1.37620137
0.8959976000000031,1.43247001,1.37618206
0.9519976000000029,1.43240909,1.37625301
1.0079976000000026,1.4323018,1.37636735
1.0639976000000024,1.43217774,1.37649564
1.1199976000000023,1.43205463,1.37662052
1.175997600000002,1.43194204,1.37673282
1.231997600000002,1.43184437,1.3768286
1.2879976000000017,1.43176272,1.37690715
1.3439976000000016,1.43169638,1.37696954
1.3999976000000014,1.43164367,1.37701773
1.4559976000000012,1.43160256,1.377054
1.511997600000001,1.43157099,1.3770806
1.5679976000000009,1.43154707,1.37709955
1.6239976000000005,1.43152913,1.37711262
1.6799976000000003,1.43151582,1.37712124
1.7359976000000001,1.43150601,1.37712657
1.7919976,1.43149883,1.37712952
1.8479975999999998,1.43149359,1.37713078
1.9039975999999996,1.43148979,1.37713087
1.9599975999999995,1.43148703,1.37713016
1.9999984000000004,1.43148554,1.37712932
0.005598400000002087,1.43149734,1.37711718
0.01679839999999973,1.43151832,1.37709575
0.03919840000000081,1.43146171,1.37715659
0.08399840000000297,1.43041831,1.37825305
0.13999840000000277,1.42677095,1.38205276
0.1959984000000026,1.42040957,1.38858588
0.2519984000000024,1.4116798,1.39737196
0.25759839999999834,1.41066964,1.39837603
0.26879840000000177,1.40861639,1.40041226
0.29119840000000285,1.40440948,1.40455807
0.3359983999999992,1.39626323,1.41251019
0.391998399999999,1.3874709,1.42102177
0.44799839999999885,1.38064082,1.42761882
0.5039983999999986,1.37564845,1.43245654
0.5599983999999985,1.37216867,1.43585216
0.6159983999999983,1.36985645,1.43813356
0.6719983999999981,1.36840435,1.43959082
0.7279983999999978,1.36756042,1.44046221
0.7839984000000034,1.36712883,1.4409333
0.8399984000000033,1.36696395,1.44114267
0.8959984000000031,1.36696146,1.44119001
0.9519984000000029,1.36704949,1.44114438
1.0000016000000012,1.3671609,1.4410662
1.005601600000003,1.36716313,1.44106763
1.0168016000000006,1.36717043,1.44106757
1.0392016000000017,1.36728748,1.44096725
1.0840015999999981,1.36848903,1.43983596
1.140001599999998,1.37241539,1.43609299
1.1960016000000036,1.37908268,1.42966323
1.2520016000000034,1.38801515,1.42089275
1.2576015999999992,1.3890345,1.41987999
1.2688016000000026,1.39110149,1.41782208
1.291201599999998,1.39531013,1.41360988
1.3360016000000001,1.40338797,1.40546866
1.3920016,1.41204142,1.3966993
1.4480015999999998,1.41875034,1.38989329
1.5040015999999996,1.42366766,1.38491578
1.5600015999999994,1.42711508,1.38144001
1.616001599999999,1.42942656,1.37912281
1.6720015999999989,1.43089795,1.37765925
1.7280015999999987,1.43177232,1.37679964
1.7840015999999985,1.43223897,1.37635
1.8400015999999983,1.43243931,1.37616609
1.8960015999999982,1.43247508,1.37614455
1.952001599999998,1.43241675,1.37621418
0.008001599999997795,1.43231131,1.37632784
0.06400160000000339,1.43218858,1.37645588
0.1200016000000032,1.43206645,1.37658079
0.176001600000003,1.4319546,1.37669331
0.2320016000000028,1.4318575,1.37678941
0.28800160000000263,1.4317763,1.37686834
0.3440016000000024,1.43171034,1.37693113
0.40000160000000223,1.43165795,1.37697974
0.45600160000000206,1.43161713,1.37701641
0.5120016000000018,1.43158581,1.37704341
0.5680016000000017,1.43156212,1.37706273
0.6240016000000015,1.43154441,1.37707615
0.6800016000000013,1.4315313,1.37708511
0.736001600000001,1.43152168,1.37709076
0.7920016000000009,1.43151469,1.377094
0.8480016000000007,1.43150963,1.37709555
0.9040016000000005,1.43150599,1.37709589
0.9600016000000003,1.43150339,1.37709544
1.0160016,1.43150154,1.37709445
1.0720015999999999,1.43150023,1.37709314
1.1280015999999997,1.43149932,1.37709162
1.1840015999999995,1.43149869,1.37709
1.2400015999999994,1.43149827,1.37708834
1.2960015999999992,1.431498,1.37708668
1.352001599999999,1.43149785,1.37708504
1.4080015999999989,1.43149779,1.37708344
1.4640015999999987,1.43149779,1.37708188
1.5200015999999983,1.43149785,1.37708037
1.5760015999999981,1.43149796,1.37707891
1.632001599999998,1.43149811,1.37707749
1.6880015999999978,1.43149829,1.37707611
1.7440016000000034,1.43149849,1.37707478
1.8000016000000032,1.43149873,1.37707348
1.856001600000003,1.43149898,1.37707221
1.9120016000000029,1.43149926,1.37707097
1.9680016000000027,1.43149955,1.37706976
0.024001600000002444,1.43149986,1.37706857
0.08000160000000514,1.43150019,1.37706741
0.13600159999999917,1.43150053,1.37706627
0.19200160000000477,1.43150088,1.37706514
0.24800159999999877,1.43150125,1.37706403
0.30400160000000437,1.43150162,1.37706294
0.36000159999999837,1.431502,1.37706187
0.41600160000000397,1.4315024,1.37706081
0.472001599999998,1.4315028,1.37705975
0.5280016000000036,1.43150321,1.37705871
0.5840015999999977,1.43150363,1.37705769
0.6400016000000032,1.43150405,1.37705667
0.6960015999999972,1.43150448,1.37705566
0.7520016000000028,1.43150492,1.37705466
0.8080015999999969,1.43150536,1.37705366
0.8640016000000025,1.43150581,1.37705268
0.9200015999999964,1.43150627,1.3770517
0.976001600000002,1.43150673,1.37705073
1.032001599999996,1.43150719,1.37704976
1.0880016000000017,1.43150766,1.37704881
1.1440015999999957,1.43150813,1.37704785
1.2000016000000013,1.43150861,1.37704691
1.2560015999999954,1.43150909,1.37704596
1.312001600000001,1.43150957,1.37704503
1.3680015999999948,1.43151006,1.37704409
1.4240016000000004,1.43151055,1.37704317
1.480001600000006,1.43151105,1.37704224
1.5360016,1.43151155,1.37704133
1.5920016000000057,1.43151205,1.37704041
1.6480015999999997,1.43151256,1.3770395
1.7040016000000053,1.43151307,1.3770386
1.7600015999999994,1.43151358,1.37703769
1.816001600000005,1.4315141,1.37703679
1.872001599999999,1.43151461,1.3770359
1.9280016000000046,1.43151513,1.37703501
1.9840015999999987,1.43151566,1.37703412
8.000000032535468e-07,1.43151581,1.37703387
0.005600800000004971,1.43152784,1.37702177
0.016800799999996827,1.43154927,1.37700043
0.0392008000000037,1.4314935,1.3770615
0.08400080000000586,1.43045153,1.37815849
0.14000079999999987,1.4268056,1.38195911
0.19600080000000547,1.42044541,1.38849349
0.25200079999999947,1.41171667,1.39728116
0.2576008000000012,1.4107066,1.39828541
0.26880080000000467,1.40865355,1.400322
0.2912007999999999,1.40444701,1.40446856
0.3360008000000021,1.39630152,1.4124222
0.3920007999999961,1.38751012,1.4209356
0.4480008000000017,1.3806809,1.42753423
0.5040007999999957,1.37568928,1.43237325
0.5600008000000013,1.37221012,1.43576994
0.6160007999999954,1.36989841,1.4380522
0.672000800000001,1.36844675,1.43951018
0.728000799999995,1.36760319,1.44038217
0.7840008000000006,1.36717194,1.44085376
0.8400008000000062,1.36700736,1.44106357
0.8960008000000002,1.36700515,1.44111131
0.9520008000000058,1.36709345,1.44106604
0.9999983999999966,1.36720508,1.44098815
1.0055983999999982,1.36720733,1.44098962
1.0167984000000017,1.36721468,1.44098962
1.039198399999997,1.36733185,1.44088942
1.0839983999999991,1.36853369,1.43975834
1.1399984000000047,1.37246045,1.43601549
1.1959983999999988,1.37912804,1.42958565
1.2519984000000044,1.38806068,1.42081495
1.257598400000006,1.38908004,1.41980216
1.2687983999999979,1.39114705,1.41774419
1.2911984000000047,1.39535567,1.41353196
1.3359983999999954,1.40343399,1.40539166
1.391998400000001,1.4120885,1.39662366
1.447998399999995,1.41879758,1.38981745
1.5039984000000006,1.42371465,1.38483919
1.5599984000000062,1.42716198,1.38136286
1.6159984000000003,1.42947339,1.3790452
1.6719984000000059,1.43094483,1.37758139
1.7279984,1.4318193,1.37672167
1.7839984000000055,1.43228613,1.37627205
1.8399983999999994,1.43248669,1.37608824
1.895998400000005,1.4325227,1.37606688
1.951998399999999,1.43246463,1.37613674
0.007998400000004685,1.43235945,1.37625066
0.0639983999999987,1.432237,1.37637897
0.1199984000000043,1.43211513,1.37650416
0.1759983999999983,1.43200354,1.37661695
0.2319984000000039,1.43190669,1.37671333
0.28799839999999793,1.43182574,1.37679253
0.34399840000000353,1.43176,1.37685559
0.39999839999999753,1.43170784,1.37690445
0.45599840000000313,1.43166723,1.37694137
0.5119983999999972,1.43163612,1.3769686
0.5679984000000028,1.43161263,1.37698816
0.6239983999999967,1.4315951,1.3770018
0.6799984000000023,1.43158218,1.37701097
0.7359983999999964,1.43157273,1.37701683
0.791998400000002,1.43156591,1.37702028
0.847998399999996,1.43156101,1.37702201
0.9039984000000016,1.43155754,1.37702255
0.9599983999999956,1.43155509,1.37702228
0.9999991999999965,1.43155383,1.37702174
1.0055991999999983,1.43156566,1.37700965
1.0167992000000017,1.4315867,1.37698829
1.039199199999997,1.4315302,1.37704927
1.0839991999999992,1.43048701,1.37814597
1.1399992000000048,1.42683992,1.38194604
1.1959991999999988,1.42047889,1.38847982
1.2519992000000044,1.41174956,1.3972669
1.257599200000006,1.41073944,1.39827109
1.268799199999998,1.4086863,1.40030757
1.2911992000000048,1.40447959,1.40445391
1.3359991999999954,1.39633385,1.41240716
1.391999200000001,1.38754222,1.42092009
1.447999199999995,1.38071279,1.42751827
1.5039992000000006,1.37572094,1.43235685
1.5599992000000062,1.37224153,1.4357531
1.6159992000000003,1.36992956,1.43803494
1.671999200000006,1.36847763,1.43949251
1.7279992,1.36763381,1.44036412
1.7839992000000056,1.36720229,1.44083536
1.8399991999999994,1.36703745,1.44104484
1.895999200000005,1.367035,1.44109227
1.951999199999999,1.36712307,1.44104671
2.400000003246593e-06,1.36723452,1.4409686
0.005602400000004964,1.36723675,1.44097003
0.01680239999999682,1.36724407,1.44096999
0.03920240000000369,1.36736116,1.44086969
0.08400240000000585,1.36856287,1.43973843
0.14000239999999986,1.37248947,1.43599535
0.19600240000000546,1.37915684,1.42956528
0.25200239999999946,1.38808917,1.42079432
0.25760240000000123,1.38910849,1.4197815
0.26880240000000466,1.39117542,1.41772348
0.2912023999999999,1.39538391,1.41351103
0.3360024000000021,1.40346137,1.40536924
0.3920023999999961,1.41211434,1.39659913
0.4480024000000017,1.4188229,1.38979251
0.5040023999999957,1.42374002,1.38481461
0.5600024000000013,1.4271874,1.38133865
0.6160023999999953,1.42949897,1.37902142
0.6720024000000009,1.43097054,1.37755796
0.7280024000000065,1.43184513,1.37669853
0.7840024000000005,1.43231205,1.37624913
0.8400024000000061,1.43251268,1.37606549
0.8960024000000002,1.43254874,1.37604424
0.9520024000000058,1.4324907,1.37611417
0.9999999999999966,1.4324017,1.37621088
1.0055999999999983,1.43240184,1.37621145
1.0168000000000017,1.43239922,1.37621565
1.039199999999997,1.43229422,1.37632856
1.0839999999999992,1.43115313,1.37752888
1.1400000000000048,1.42738905,1.38145144
1.1959999999999988,1.4209232,1.38809394
1.2520000000000044,1.41210413,1.39697303
1.257600000000006,1.41108598,1.39798538
1.268799999999998,1.40901709,1.40003784
1.2912000000000048,1.40478072,1.40421412
1.3359999999999954,1.39658262,1.41221957
1.392000000000001,1.38773739,1.42078467
1.447999999999995,1.38086573,1.42742252
1.5040000000000007,1.37584105,1.43229058
1.5600000000000063,1.37233643,1.43570828
1.6160000000000003,1.3700053,1.43800537
1.672000000000006,1.36853893,1.43947352
1.7279999999999998,1.36768431,1.44035228
1.7840000000000054,1.36724476,1.44082817
1.8399999999999994,1.36707397,1.44104053
1.896000000000005,1.3670671,1.44108961
1.951999999999999,1.36715189,1.44104488
1.9999976000000015,1.36726119,1.44096702
0.005597600000003176,1.3672632,1.44096847
0.01679759999999503,1.36727011,1.44096843
0.0391976000000019,1.36738644,1.44086812
0.08399760000000406,1.36858687,1.43973671
0.13999759999999808,1.37251217,1.43599332
0.19599760000000369,1.37917846,1.42956283
0.2519975999999977,1.38810985,1.42079142
0.2575975999999994,1.38912909,1.41977856
0.26879760000000286,1.39119584,1.41772044
0.2911975999999981,1.39540399,1.41350781
0.3359976000000003,1.40348082,1.40536563
0.3919976000000059,1.41213311,1.39659505
0.44799759999999994,1.4188411,1.38978798
0.5039976000000055,1.42375776,1.38480966
0.5599975999999995,1.42720478,1.38133333
0.6159976000000051,1.42951604,1.37901577
0.6719975999999992,1.43098736,1.37755201
0.7279976000000048,1.43186174,1.37669231
0.7839975999999987,1.43232848,1.37624267
0.8399976000000043,1.43252895,1.3760588
0.8959975999999984,1.43256486,1.37603735
0.951997600000004,1.43250669,1.37610709
1.007997599999998,1.43240141,1.37622087
1.0639976000000035,1.43227884,1.37634904
1.1199975999999976,1.43215686,1.37647407
1.1759976000000032,1.43204515,1.37658671
1.2319975999999973,1.43194818,1.37668293
1.2879976000000029,1.43186711,1.37676197
1.343997599999997,1.43180126,1.37682488
1.3999976000000025,1.43174898,1.37687359
1.4559975999999966,1.43170826,1.37691037
1.511997600000002,1.43167704,1.37693746
1.567997599999996,1.43165345,1.37695688
1.6239976000000016,1.43163581,1.3769704
1.6799975999999956,1.43162279,1.37697944
1.7359976000000013,1.43161325,1.37698518
1.7919975999999953,1.43160633,1.37698851
1.847997600000001,1.43160134,1.37699014
1.9039976000000065,1.43159777,1.37699057
1.9599976000000006,1.43159523,1.37699019
1.9999984000000015,1.4315939,1.37698958
0.005598400000003173,1.43160572,1.37697747
0.016798399999995026,1.43162675,1.37695609
0.039198400000001896,1.43157021,1.37701702
0.08399840000000407,1.43052696,1.3781136
0.13999839999999808,1.42687984,1.38191353
0.19599840000000368,1.42051886,1.38844724
0.2519983999999977,1.41178964,1.39723437
0.2575983999999994,1.41077954,1.39823857
0.2687984000000028,1.40872642,1.40027507
0.29119839999999814,1.40451979,1.40442147
0.3359984000000003,1.39637422,1.41237487
0.3919983999999943,1.38758284,1.42088799
0.4479983999999999,1.38075362,1.42748631
0.503998399999994,1.37576191,1.43232494
0.5599983999999996,1.37228256,1.43572119
0.6159983999999935,1.36997058,1.43800297
0.6719983999999991,1.36851859,1.43946045
0.7279983999999932,1.36767467,1.44033194
0.7839983999999988,1.36724304,1.44080305
0.8399983999999928,1.36707808,1.4410124
0.8959983999999984,1.36707549,1.44105968
0.9519983999999924,1.36716343,1.441014
1.007998399999998,1.36729435,1.44092138
1.0639984000000036,1.36743839,1.44081107
1.1199983999999976,1.36757796,1.44070057
1.1759984000000032,1.36770378,1.4405994
1.2319983999999973,1.36781191,1.44051197
1.2879984000000029,1.36790166,1.44043943
1.343998399999997,1.36797418,1.44038116
1.3999984000000025,1.36803152,1.44033559
1.4559983999999964,1.36807605,1.44030078
1.511998400000002,1.36811012,1.44027477
1.567998399999996,1.36813585,1.44025574
1.6239984000000016,1.36815509,1.44024214
1.6799983999999957,1.36816933,1.44023266
1.7359984000000013,1.36817983,1.44022624
1.7919983999999953,1.36818752,1.44022208
1.847998400000001,1.36819317,1.44021953
1.903998399999995,1.36819733,1.44021813
1.9599984000000006,1.36820042,1.44021752
0.015998399999994525,1.36820275,1.44021744
0.07199840000000012,1.36820456,1.44021771
0.12799839999999413,1.36820599,1.44021821
0.18399839999999973,1.36820716,1.44021885
0.23999839999999376,1.36820815,1.44021956
0.29599839999999933,1.36820901,1.44022031
0.3519983999999934,1.36820979,1.44022107
0.407998399999999,1.3682105,1.44022183
0.463998399999993,1.36821117,1.44022257
0.5199983999999985,1.36821181,1.44022329
0.5759983999999926,1.36821241,1.44022399
0.6319983999999982,1.368213,1.44022467
0.6879983999999922,1.36821358,1.44022532
0.7439983999999978,1.36821413,1.44022595
0.7999984000000034,1.36821468,1.44022657
0.8559983999999974,1.36821521,1.44022716
0.911998400000003,1.36821573,1.44022773
0.967998399999997,1.36821624,1.44022828
1.0000023999999965,1.36821653,1.4402286
1.0056023999999983,1.36820458,1.44024067
1.0168024000000018,1.36818335,1.44026217
1.039202399999997,1.36824275,1.44020616
1.0840023999999993,1.36933007,1.43916458
1.140002399999993,1.37312185,1.43552885
1.1960023999999987,1.3796692,1.42919485
1.2520023999999927,1.3884991,1.42050579
1.2576023999999946,1.38950928,1.41950027
1.268802399999998,1.39155827,1.41745655
1.2912023999999933,1.395733,1.41327098
1.3360023999999955,1.40375114,1.40517634
1.392002400000001,1.41234406,1.39645392
1.448002399999995,1.41900621,1.38968421
1.5040024000000005,1.42388811,1.38473432
1.5600023999999946,1.4273092,1.38127924
1.6160024000000002,1.42960137,1.37897727
1.6720023999999942,1.4310588,1.37752473
1.7280023999999998,1.43192319,1.37667294
1.7840023999999939,1.43238279,1.37622874
1.8400023999999995,1.4325782,1.3760485
1.8960023999999935,1.43261053,1.37602937
1.9520023999999991,1.43254983,1.37610051
1.4475660719677984e-15,1.43245916,1.37619774
0.005600000000003166,1.43245914,1.37619835
0.01679999999999502,1.43245621,1.3762026
0.03920000000000189,1.43235063,1.37631558
0.08399999999999247,1.4312086,1.37751585
0.13999999999999807,1.4274437,1.3814381
0.19600000000000367,1.42097737,1.38808014
0.25199999999999767,1.41215807,1.39695872
0.2575999999999994,1.41113991,1.39797102
0.2688000000000028,1.40907099,1.40002337
0.2911999999999981,1.4048346,1.40419944
0.3360000000000003,1.39663652,1.4122045
0.3919999999999943,1.38779138,1.42076912
0.4479999999999999,1.38091976,1.42740649
0.5039999999999939,1.37589504,1.43227404
0.5599999999999995,1.37239029,1.43569122
0.6159999999999936,1.37005896,1.4379878
0.6719999999999992,1.36859234,1.43945544
0.7279999999999932,1.36773742,1.4403337
0.7839999999999987,1.36729755,1.44080911
0.8399999999999928,1.36712643,1.44102101
0.8959999999999984,1.36711922,1.44106965
0.9519999999999924,1.36720367,1.4410245
1.007999999999998,1.36733193,1.44093188
1.0640000000000036,1.36747393,1.44082123
1.1199999999999977,1.36761189,1.4407102
1.1760000000000033,1.36773644,1.4406084
1.2319999999999973,1.36784352,1.44052027
1.288000000000003,1.3679324,1.44044704
1.3439999999999968,1.36800416,1.4403881
1.4000000000000024,1.36806085,1.44034187
1.4559999999999964,1.3681048,1.44030645
1.512000000000002,1.36813835,1.44027986
1.567999999999996,1.3681636,1.4402603
1.6240000000000017,1.36818239,1.44024619
1.6799999999999957,1.36819623,1.44023624
1.7360000000000013,1.36820633,1.44022939
1.7919999999999954,1.36821366,1.44022482
1.848000000000001,1.36821897,1.44022189
1.9039999999999948,1.3682228,1.44022013
1.9600000000000004,1.36822559,1.44021917
1.999983999999996,1.3682271,1.44021885
0.005583999999997807,1.36821528,1.44023084
0.016784000000001242,1.36819431,1.44025219
0.039183999999996534,1.36825417,1.44019592
0.0839839999999987,1.36934222,1.43915398
0.13998399999999273,1.37313464,1.43551799
0.1959839999999983,1.37968236,1.42918386
0.2519839999999923,1.38851244,1.42049474
0.25758399999999404,1.38952263,1.41948922
0.26878399999999747,1.39157163,1.41744551
0.2911839999999928,1.39574638,1.41325993
0.33598399999999495,1.40376449,1.40516528
0.39198400000000055,1.41235735,1.39644286
0.44798399999999455,1.41901941,1.38967317
0.5039840000000001,1.42390124,1.38472332
0.5599839999999942,1.42732226,1.3812683
0.6159839999999998,1.42961439,1.37896639
0.6719839999999938,1.43107178,1.37751392
0.7279839999999994,1.43193614,1.3766622
0.7839839999999934,1.43239572,1.37621807
0.839983999999999,1.43259112,1.3760379
0.895983999999993,1.43262344,1.37601882
0.9519839999999986,1.43256273,1.37609001
0.9999759999999992,1.43247206,1.37618727
1.005576000000001,1.43247204,1.37618789
1.0167759999999928,1.4324691,1.37619215
1.0391759999999997,1.43236353,1.37630514
1.0839760000000018,1.43122148,1.37750542
1.1399759999999959,1.4274566,1.38142769
1.1959760000000015,1.4209903,1.38806977
1.2519759999999955,1.41217104,1.39694841
1.2575759999999971,1.41115289,1.39796072
1.2687760000000006,1.40908398,1.40001308
1.2911759999999959,1.40484762,1.40418919
1.335975999999998,1.39664961,1.41219433
1.3919760000000037,1.38780456,1.42075905
1.4479759999999977,1.38093302,1.42739649
1.5039760000000033,1.37590835,1.43226409
1.5599759999999974,1.37240363,1.4356813
1.615976000000003,1.3700723,1.43797788
1.6719759999999968,1.36860567,1.43944552
1.7279760000000024,1.36775073,1.44032376
1.7839759999999965,1.36731083,1.44079914
1.839976000000002,1.36713967,1.44101102
1.895975999999996,1.36713242,1.44105963
1.9519760000000017,1.36721684,1.44101445
2.3999999997000562e-05,1.36732594,1.44093614
0.0056239999999987186,1.36732792,1.44093754
0.016824000000002153,1.36733475,1.44093742
0.03922399999999744,1.36745096,1.44083694
0.08402399999999961,1.36865115,1.43970524
0.14002399999999363,1.3725761,1.4359615
0.19602399999999923,1.37924188,1.42953065
0.25202399999999325,1.38817253,1.42075886
0.25762399999999497,1.38919169,1.41974596
0.2688239999999984,1.39125827,1.41768777
0.2912239999999937,1.39546604,1.41347497
0.3360239999999958,1.40354209,1.40533243
0.3920240000000014,1.41219343,1.39656136
0.4480239999999955,1.41890062,1.38975385
0.504024000000001,1.42381663,1.38477516
0.5600239999999951,1.42726315,1.38129853
0.6160240000000007,1.42957402,1.37898074
0.6720239999999947,1.43104503,1.37751678
0.7280240000000003,1.43191918,1.37665693
0.7840239999999943,1.43238571,1.37620715
0.8400239999999999,1.43258602,1.37602315
0.8960239999999939,1.43262178,1.37600158
0.9520239999999995,1.43256347,1.3760712
1.0080239999999936,1.43245805,1.37618486
1.0640239999999992,1.43233536,1.3763129
1.1200239999999932,1.43221324,1.37643781
1.1760239999999988,1.43210141,1.37655032
1.2320239999999927,1.43200431,1.3766464
1.2880239999999983,1.4319231,1.37672531
1.3440239999999923,1.43185712,1.37678808
1.400023999999998,1.43180471,1.37683665
1.4560240000000035,1.43176386,1.37687329
1.5120239999999976,1.4317325,1.37690024
1.5680240000000032,1.43170877,1.37691952
1.6240239999999972,1.43169101,1.37693289
1.6800240000000028,1.43167785,1.37694179
1.736023999999997,1.43166818,1.37694739
1.7920240000000025,1.43166112,1.37695058
1.8480239999999963,1.431656,1.37695206
1.904024000000002,1.43165231,1.37695235
1.960023999999996,1.43164965,1.37695184
0.01602400000000165,1.43164774,1.3769508
0.07202399999999566,1.43164637,1.37694943
0.12802400000000128,1.43164539,1.37694786
0.18402399999999527,1.4316447,1.37694619
0.24002400000000088,1.43164422,1.37694447
0.2960239999999949,1.43164389,1.37694276
0.3520240000000005,1.43164367,1.37694107
0.4080239999999945,1.43164355,1.37693942
0.4640240000000001,1.43164349,1.37693781
0.5200239999999942,1.43164349,1.37693625
0.5760239999999998,1.43164354,1.37693474
0.6320239999999937,1.43164363,1.37693328
0.6880239999999993,1.43164375,1.37693185
0.7440239999999934,1.4316439,1.37693047
0.800023999999999,1.43164407,1.37692913
0.856023999999993,1.43164427,1.37692782
0.9120239999999986,1.43164449,1.37692654
0.9680239999999926,1.43164473,1.37692529
0.9999999999999948,1.43164488,1.37692458
1.0055999999999965,1.43165688,1.37691246
1.0168,1.43167826,1.37689105
1.0391999999999952,1.43162238,1.37695196
1.0839999999999974,1.43058022,1.37804856
1.140000000000003,1.42693421,1.38184873
1.195999999999997,1.4205742,1.38838295
1.2520000000000027,1.41184584,1.39717083
1.2575999999999927,1.41083582,1.39817512
1.2687999999999962,1.40878286,1.4002118
1.291200000000003,1.40457656,1.40435859
1.3359999999999936,1.39643166,1.41231281
1.3919999999999992,1.38764111,1.42082692
1.4479999999999933,1.3808126,1.42742608
1.503999999999999,1.37582144,1.43226537
1.5599999999999927,1.37234249,1.43566212
1.6159999999999983,1.37003079,1.43794426
1.6719999999999924,1.36857898,1.439402
1.727999999999998,1.36773517,1.44027367
1.7840000000000036,1.36730359,1.4407449
1.8399999999999976,1.36713865,1.44095434
1.8960000000000032,1.36713607,1.44100168
1.9519999999999973,1.36722399,1.44095603
0.008000000000002868,1.36735489,1.44086343
0.06399999999999688,1.3674989,1.44075313
0.12000000000000248,1.36763843,1.44064264
0.1759999999999965,1.36776422,1.44054149
0.2320000000000021,1.36787231,1.44045406
0.2879999999999961,1.36796203,1.44038153
0.3440000000000017,1.36803451,1.44032327
0.39999999999999575,1.36809183,1.4402777
0.45600000000000135,1.36813634,1.44024289
0.5119999999999953,1.36817038,1.44021687
0.568000000000001,1.36819609,1.44019785
0.623999999999995,1.36821529,1.44018425
0.6800000000000006,1.36822951,1.44017478
0.7359999999999945,1.36823998,1.44016837
0.7920000000000001,1.36824765,1.44016421
0.8479999999999942,1.36825329,1.44016166
0.9039999999999998,1.36825743,1.44016025
0.9599999999999939,1.36826051,1.44015963
1.0159999999999993,1.36826282,1.44015956
1.0719999999999934,1.36826461,1.44015983
1.127999999999999,1.36826602,1.44016033
1.183999999999993,1.36826717,1.44016096
1.2399999999999987,1.36826813,1.44016168
1.2959999999999927,1.36826898,1.44016242
1.3519999999999983,1.36826973,1.44016318
1.408000000000004,1.36827043,1.44016394
1.463999999999998,1.36827108,1.44016468
1.5200000000000036,1.3682717,1.4401654
1.5759999999999974,1.36827229,1.4401661
1.632000000000003,1.36827287,1.44016677
1.687999999999997,1.36827342,1.44016742
1.7440000000000027,1.36827397,1.44016805
1.7999999999999967,1.3682745,1.44016866
1.8560000000000023,1.36827501,1.44016925
1.9119999999999964,1.36827552,1.44016982
1.968000000000002,1.36827602,1.44017037
0.023999999999995938,1.3682765,1.44017091
0.08000000000000153,1.36827698,1.44017143
0.13599999999999554,1.36827745,1.44017194
0.19200000000000114,1.36827791,1.44017243
0.24799999999999517,1.36827836,1.44017291
0.30400000000000077,1.3682788,1.44017338
0.35999999999999477,1.36827923,1.44017384
0.41600000000000037,1.36827965,1.44017429
0.4719999999999944,1.36828007,1.44017473
0.528,1.36828048,1.44017516
0.583999999999994,1.36828088,1.44017558
0.6399999999999996,1.36828127,1.44017599
0.6959999999999936,1.36828166,1.44017639
0.7519999999999992,1.36828204,1.44017678
0.8079999999999933,1.36828241,1.44017717
0.8639999999999989,1.36828278,1.44017755
0.9199999999999928,1.36828314,1.44017792
0.9759999999999984,1.36828349,1.44017829
1.0000240000000018,1.36828364,1.44017844
1.0056240000000036,1.36827167,1.44019049
1.0168239999999955,1.36825042,1.44021196
1.0392240000000024,1.36830976,1.44015588
1.084023999999993,1.36939704,1.43911417
1.1400239999999986,1.37318874,1.43547825
1.1960239999999924,1.37973582,1.42914397
1.252023999999998,1.38856524,1.42045456
1.2576239999999999,1.38957535,1.419449
1.2688240000000033,1.39162422,1.41740521
1.2912239999999986,1.39579867,1.41321947
1.3360240000000008,1.40381619,1.40512445
1.3920239999999948,1.41240836,1.39640151
1.4480240000000004,1.41906988,1.38963135
1.5040239999999943,1.42395131,1.38468113
1.5600239999999999,1.42737207,1.38122581
1.616023999999994,1.42966403,1.37892369
1.6720239999999995,1.43112132,1.37747107
1.7280239999999936,1.43198564,1.37661924
1.7840239999999992,1.4324452,1.37617503
1.8400239999999932,1.4326406,1.3759948
1.8960239999999988,1.43267293,1.37597568
1.9520239999999929,1.43261224,1.37604684
0.008023999999998421,1.43250516,1.37616138
0.06402399999999243,1.4323813,1.37628986
0.12002399999999804,1.43225837,1.3764149
0.17602400000000362,1.43214594,1.37652735
0.23202399999999765,1.4320484,1.37662326
0.2880240000000032,1.43196685,1.37670192
0.3440239999999973,1.4319006,1.37676439
0.4000240000000029,1.43184795,1.37681266
0.4560239999999969,1.4318069,1.37684898
0.5120240000000025,1.43177536,1.37687562
0.5680239999999965,1.43175146,1.3768946
0.6240240000000021,1.43173354,1.37690769
0.6800239999999961,1.43172023,1.37691632
0.7360240000000017,1.43171041,1.37692166
0.7920239999999957,1.43170322,1.37692461
0.8480240000000013,1.43169796,1.37692587
0.9040239999999954,1.43169414,1.37692594
0.960024000000001,1.43169135,1.37692523
1.0000079999999965,1.43168984,1.37692438
1.0056079999999983,1.43170163,1.37691224
1.0168080000000017,1.43172261,1.37689079
1.039207999999997,1.43166598,1.37695158
1.0840079999999992,1.43062255,1.3780478
1.1400079999999932,1.42697535,1.3818473
1.1960079999999988,1.42061449,1.38838073
1.2520079999999927,1.41188554,1.39716779
1.2576079999999945,1.41087547,1.398172
1.268807999999998,1.40882243,1.40020852
1.2912079999999933,1.40461596,1.40435498
1.3360079999999954,1.39647082,1.41230857
1.392008000000001,1.38768003,1.42082196
1.448007999999995,1.3808513,1.42742044
1.5040080000000007,1.37585989,1.43225909
1.5600079999999945,1.37238065,1.43565522
1.6160080000000001,1.37006863,1.43793678
1.6720079999999942,1.36861648,1.43939397
1.7280079999999998,1.36777232,1.44026514
1.7840079999999938,1.36734039,1.44073589
1.8400079999999994,1.36717511,1.44094488
1.8960079999999935,1.36717218,1.4409918
1.952007999999999,1.36725978,1.44094576
0.008007999999993062,1.36739037,1.4408528
0.06400799999999866,1.36753408,1.44074216
0.12000799999999268,1.36767332,1.44063135
0.17600799999999828,1.36779884,1.44052991
0.23200800000000388,1.36790666,1.4404422
0.2880079999999979,1.36799613,1.4403694
0.3440080000000035,1.36806837,1.4403109
0.4000079999999975,1.36812545,1.44026509
0.4560080000000031,1.36816974,1.44023006
0.5120079999999971,1.36820358,1.44020382
0.5680080000000027,1.36822908,1.4401846
0.6240079999999968,1.36824809,1.4401708
0.6800080000000023,1.36826212,1.44016114
0.7360079999999963,1.36827241,1.44015455
0.7920080000000019,1.3682799,1.44015022
0.848007999999996,1.36828535,1.44014751
0.9040080000000016,1.36828931,1.44014595
0.9600079999999955,1.36829222,1.44014518
1.0160080000000011,1.36829437,1.44014496
1.0720079999999952,1.36829599,1.44014509
1.1280080000000008,1.36829724,1.44014546
1.1840079999999948,1.36829824,1.44014596
1.2400080000000004,1.36829906,1.44014654
1.2960079999999945,1.36829976,1.44014716
1.352008,1.36830037,1.4401478
1.408007999999994,1.36830093,1.44014843
1.4640079999999995,1.36830144,1.44014906
1.5200079999999936,1.36830193,1.44014966
1.5760079999999992,1.36830239,1.44015025
1.6320079999999932,1.36830284,1.44015081
1.6880079999999988,1.36830327,1.44015136
1.744007999999993,1.3683037,1.44015188
1.8000079999999985,1.36830411,1.44015239
1.8560079999999926,1.36830451,1.44015288
1.9120079999999982,1.3683049,1.44015335
1.9680080000000038,1.36830528,1.44015381
0.02400799999999771,1.36830566,1.44015425
0.08000800000000331,1.36830603,1.44015468
0.13600799999999733,1.36830639,1.4401551
0.19200800000000293,1.36830674,1.44015551
0.24800799999999695,1.36830709,1.4401559
0.30400800000000255,1.36830743,1.44015629
0.36000799999999655,1.36830776,1.44015666
0.41600800000000215,1.36830809,1.44015703
0.47200799999999615,1.36830841,1.44015739
0.5280080000000018,1.36830873,1.44015774
0.5840079999999958,1.36830904,1.44015808
0.6400080000000014,1.36830934,1.44015842
0.6960079999999954,1.36830964,1.44015875
0.752008000000001,1.36830993,1.44015907
0.8080079999999951,1.36831022,1.44015939
0.8640080000000007,1.3683105,1.4401597
0.9200079999999946,1.36831078,1.44016
0.9760080000000002,1.36831105,1.4401603
1.0320079999999943,1.36831132,1.44016059
1.0880079999999999,1.36831158,1.44016088
1.144007999999994,1.36831184,1.44016116
1.2000079999999995,1.36831209,1.44016144
1.2560079999999936,1.36831233,1.44016171
1.3120079999999992,1.36831258,1.44016198
1.368007999999993,1.36831282,1.44016225
1.4240079999999986,1.36831305,1.4401625
1.4800079999999927,1.36831328,1.44016276
1.5360079999999983,1.36831351,1.44016301
1.5920080000000039,1.36831373,1.44016326
1.648007999999998,1.36831394,1.4401635
1.7040080000000035,1.36831416,1.44016374
1.7600079999999976,1.36831437,1.44016398
1.8160080000000032,1.36831457,1.44016421
1.8720079999999972,1.36831477,1.44016444
1.9280080000000028,1.36831497,1.44016467
1.9840079999999967,1.36831517,1.44016489
2.3999999995191103e-05,1.36831522,1.44016495
0.005623999999996909,1.36830324,1.44017699
0.016824000000000346,1.36828195,1.44019843
0.03922399999999564,1.36834125,1.4401423
0.0840239999999978,1.36942842,1.43910049
0.1400240000000034,1.37321998,1.43546445
0.19602399999999742,1.37976683,1.42913005
0.252024000000003,1.38859591,1.4204405
0.25762399999999314,1.38960598,1.41943493
0.26882399999999657,1.39165476,1.41739111
0.2912240000000035,1.39582904,1.41320531
0.33602399999999405,1.40384619,1.40511014
0.39202399999999965,1.4124379,1.39638702
0.44802399999999365,1.41909904,1.38961667
0.5040239999999993,1.42398017,1.38466629
0.5600239999999933,1.42740068,1.38121085
0.6160239999999989,1.42969245,1.37890864
0.6720239999999928,1.4311496,1.37745593
0.7280239999999985,1.4320138,1.37660404
0.7840239999999925,1.43247327,1.37615977
0.8400239999999981,1.43266858,1.37597948
0.8960240000000037,1.43270084,1.3759603
0.9520239999999978,1.43264007,1.3760314
1.0080240000000034,1.43253293,1.37614588
1.0640239999999974,1.43240901,1.3762743
1.120024000000003,1.432286,1.37639928
1.1760239999999968,1.43217351,1.37651167
1.2320240000000025,1.4320759,1.37660751
1.2880239999999965,1.43199429,1.3766861
1.344024000000002,1.43192796,1.3767485
1.4000239999999962,1.43187525,1.37679669
1.4560240000000018,1.43183413,1.37683294
1.5120239999999958,1.43180252,1.37685951
1.5680240000000014,1.43177855,1.37687842
1.6240239999999955,1.43176056,1.37689143
1.680024000000001,1.43174718,1.37689999
1.736023999999995,1.43173729,1.37690526
1.7920240000000005,1.43173003,1.37690813
1.8480239999999946,1.43172471,1.37690932
1.9040240000000002,1.43172081,1.37690932
1.9600239999999942,1.43171796,1.37690853
8.000000001412796e-06,1.4317164,1.37690763
0.0056080000000031304,1.43172819,1.37689549
0.016807999999994987,1.43174915,1.37687403
0.03920800000000186,1.43169249,1.37693478
0.08400800000000402,1.43064902,1.37803092
0.14000799999999802,1.4270018,1.38183031
0.19600800000000362,1.42064098,1.38836367
0.2520079999999977,1.41191211,1.39715072
0.2576079999999994,1.41090206,1.39815493
0.2688080000000028,1.40884903,1.40019144
0.2912079999999981,1.40464262,1.40433792
0.33600800000000025,1.3964976,1.41229157
0.39200799999999425,1.38770698,1.42080502
0.44800799999999985,1.38087839,1.42740354
0.5040079999999939,1.37588706,1.43224219
0.5600079999999995,1.37240785,1.43563829
0.6160079999999934,1.37009582,1.4379198
0.672007999999999,1.36864363,1.43937691
0.7280079999999931,1.3677994,1.44024799
0.7840079999999987,1.3673674,1.44071865
0.8400079999999928,1.36720203,1.44092753
0.8960079999999984,1.36719901,1.44097437
0.952008000000004,1.36728651,1.44092823
1.008007999999998,1.36741701,1.44083518
1.0640080000000036,1.36756063,1.44072445
1.1200079999999977,1.36769978,1.44061356
1.176008000000003,1.36782521,1.44051204
1.232007999999997,1.36793295,1.44042426
1.2880080000000027,1.36802234,1.44035139
1.3440079999999968,1.3680945,1.44029282
1.4000080000000024,1.36815151,1.44024695
1.4560079999999964,1.36819573,1.44021186
1.512008000000002,1.3682295,1.44018557
1.568007999999996,1.36825494,1.44016629
1.6240080000000017,1.36827389,1.44015244
1.6800079999999957,1.36828786,1.44014272
1.7360080000000013,1.36829809,1.44013608
1.7920079999999952,1.36830552,1.44013171
1.8480080000000008,1.36831091,1.44012895
1.9040079999999948,1.36831482,1.44012735
1.9600080000000004,1.36831768,1.44012654
1.999991999999996,1.36831923,1.44012631
0.0055919999999977715,1.36830742,1.44013831
0.01679200000000121,1.36828647,1.44015969
0.0391919999999965,1.36834636,1.44010348
0.08399199999999866,1.36943458,1.43906161
0.13999199999999268,1.37322718,1.43542561
0.19599199999999828,1.37977485,1.42909127
0.2519920000000039,1.38860458,1.42040179
0.257591999999994,1.38961471,1.41939623
0.2687919999999974,1.3916636,1.41735243
0.29119199999999273,1.39583808,1.41316665
0.3359919999999949,1.40385557,1.4050715
0.3919920000000005,1.41244764,1.39634841
0.4479919999999945,1.41910908,1.38957815
0.5039920000000001,1.42399049,1.38462793
0.5599919999999942,1.42741129,1.38117271
0.6159919999999998,1.42970335,1.37887076
0.6719919999999937,1.43116078,1.37741835
0.7279919999999993,1.43202525,1.37656676
0.7839919999999934,1.43248499,1.37612281
0.839991999999999,1.43268056,1.37594285
0.895991999999993,1.43271307,1.37592399
0.9519919999999986,1.43265255,1.37599539
0.9999839999999992,1.43256204,1.37609283
1.005584000000001,1.43256203,1.37609346
1.0167839999999928,1.43255913,1.37609777
1.0391839999999997,1.43245362,1.37621082
1.0839840000000018,1.4313117,1.37741115
1.139983999999996,1.42754706,1.38133352
1.1959840000000015,1.42108114,1.38797591
1.2519839999999953,1.41226239,1.39685517
1.2575839999999971,1.41124429,1.39786755
1.2687840000000006,1.40917549,1.39992008
1.291183999999996,1.40493938,1.40409654
1.335983999999998,1.39674197,1.41210248
1.3919840000000037,1.38789771,1.42066815
1.4479839999999977,1.38102688,1.42730636
1.5039840000000033,1.37600273,1.4321745
1.5599839999999972,1.37249833,1.43559204
1.6159840000000028,1.37016717,1.4378888
1.6719839999999968,1.36870059,1.4393565
1.7279840000000024,1.36784562,1.44023472
1.7839839999999965,1.36740563,1.44071003
1.839984000000002,1.36723436,1.44092181
1.8959839999999961,1.36722698,1.4409703
1.9519840000000017,1.36731125,1.440925
0.0079839999999957,1.36743934,1.44083224
0.0639840000000013,1.36758117,1.44072145
0.11998399999999532,1.36771898,1.44061029
0.17598400000000092,1.36784338,1.44050837
0.23198399999999492,1.36795032,1.44042014
0.2879840000000005,1.36803908,1.44034682
0.34398399999999457,1.36811074,1.44028779
0.3999840000000001,1.36816734,1.44024149
0.45598399999999417,1.36821121,1.44020599
0.5119839999999998,1.36824469,1.44017934
0.5679839999999938,1.36826987,1.44015972
0.6239839999999993,1.3682886,1.44014557
0.6799839999999934,1.36830237,1.44013558
0.735983999999999,1.36831242,1.44012869
0.791983999999993,1.3683197,1.44012409
0.8479839999999986,1.36832495,1.44012113
0.9039839999999926,1.36832874,1.44011935
0.9599839999999982,1.36833147,1.44011837
1.000024,1.36833295,1.44011804
1.0056240000000018,1.36832113,1.44013003
1.0168239999999937,1.36830016,1.44015137
1.0392240000000006,1.36836002,1.44009511
1.0840240000000028,1.36944818,1.43905314
1.1400239999999966,1.3732407,1.43541701
1.1960240000000022,1.37978826,1.42908255
1.2520239999999963,1.38861783,1.42039294
1.257623999999998,1.38962794,1.41938736
1.2688240000000015,1.3916768,1.41734353
1.2912239999999968,1.3958512,1.4131577
1.336023999999999,1.40386853,1.40506243
1.392023999999993,1.41246041,1.3963392
1.4480239999999986,1.4191217,1.38956881
1.504024000000004,1.42400299,1.38461848
1.560023999999998,1.4274237,1.38116318
1.6160240000000037,1.42971569,1.37886116
1.6720239999999977,1.43117307,1.3774087
1.7280240000000033,1.43203751,1.37655708
1.7840239999999974,1.43249722,1.3761131
1.840024000000003,1.43269277,1.37593311
1.896023999999997,1.43272527,1.37591423
1.9520240000000026,1.43266473,1.37598561
0.008023999999996612,1.43255781,1.37610038
0.0640240000000022,1.4324341,1.37622907
0.12002399999999623,1.4323113,1.37635432
0.17602400000000182,1.432199,1.37646695
0.23202399999999584,1.43210158,1.37656304
0.28802400000000145,1.43202014,1.37664186
0.34402399999999544,1.431954,1.37670448
0.40002400000000105,1.43190145,1.37675289
0.45602399999999504,1.43186048,1.37678934
0.5120240000000007,1.43182903,1.37681611
0.5680239999999946,1.43180521,1.37683521
0.6240240000000002,1.43178736,1.37684841
0.6800239999999943,1.43177412,1.37685714
0.7360239999999999,1.43176437,1.37686258
0.792023999999994,1.43175724,1.37686562
0.8480239999999996,1.43175205,1.37686696
0.9040239999999935,1.43174828,1.37686712
0.9600239999999991,1.43174554,1.37686649
1.0160239999999932,1.43174356,1.37686533
1.0720239999999988,1.43174212,1.37686384
1.1280239999999928,1.43174108,1.37686217
1.1840239999999984,1.43174032,1.3768604
1.240024000000004,1.43173977,1.37685859
1.296023999999998,1.43173937,1.37685679
1.3520240000000037,1.4317391,1.37685501
1.4080239999999975,1.43173891,1.37685328
1.464024000000003,1.43173879,1.37685159
1.5200239999999972,1.43173873,1.37684996
1.5760240000000028,1.43173871,1.37684837
1.6320239999999968,1.43173874,1.37684684
1.6880240000000024,1.4317388,1.37684535
1.7440239999999965,1.43173889,1.37684391
1.800024000000002,1.43173901,1.3768425
1.8560239999999961,1.43173915,1.37684113
1.9120240000000017,1.43173932,1.37683979
1.9680239999999956,1.4317395,1.37683849
1.9999999999999978,1.43173961,1.37683775
0.005599999999999546,1.43175161,1.37682562
0.016800000000002983,1.43177299,1.3768042
0.03919999999999827,1.43171708,1.37686507
0.08400000000000044,1.43067488,1.37796153
0.13999999999999446,1.42702894,1.38176154
0.19600000000000006,1.42066915,1.38829582
0.25199999999999406,1.41194117,1.39708406
0.2575999999999958,1.4109312,1.3980884
0.2687999999999992,1.40887833,1.40012519
0.2911999999999945,1.40467223,1.40427222
0.3359999999999967,1.39652785,1.41222702
0.3920000000000023,1.387738,1.42074185
0.4479999999999963,1.3809101,1.42734156
0.5040000000000019,1.37591937,1.43218121
0.559999999999996,1.37244065,1.43557812
0.6160000000000015,1.37012903,1.4378603
0.6719999999999955,1.36867718,1.43931797
0.7280000000000011,1.36783325,1.44018951
0.7839999999999951,1.3674015,1.44066056
0.8400000000000007,1.36723636,1.44086979
0.8959999999999948,1.36723356,1.44091693
0.9520000000000004,1.36732126,1.44087107
0.999992000000001,1.36743238,1.44079271
1.0055920000000027,1.36743457,1.44079411
1.0167919999999946,1.36744182,1.44079401
1.0391920000000014,1.36755882,1.4406936
1.0839920000000036,1.3687605,1.4395621
1.1399919999999977,1.37268698,1.43581854
1.195992000000003,1.37935378,1.42938768
1.251991999999997,1.38828488,1.42061567
1.257591999999999,1.38930404,1.41960274
1.2687920000000024,1.39137064,1.41754448
1.2911919999999977,1.39557839,1.41333151
1.3359919999999998,1.4036542,1.40518852
1.391991999999994,1.41230513,1.39641682
1.4479919999999995,1.41901203,1.38960883
1.5039919999999933,1.42392796,1.38462994
1.559991999999999,1.42737458,1.38115336
1.615991999999993,1.42968571,1.37883583
1.6719919999999986,1.43115709,1.37737227
1.7279919999999926,1.43203166,1.37651291
1.7839919999999982,1.43249867,1.37606368
1.8399920000000038,1.43269946,1.37588025
1.895991999999998,1.4327357,1.37585925
1.9519920000000035,1.43267786,1.37592943
1.999984000000004,1.43258904,1.37602634
0.005583999999994187,1.4325892,1.37602694
0.016783999999997624,1.43258662,1.37603118
0.03918399999999291,1.43248169,1.37614414
0.08398399999999508,1.43134074,1.37734442
0.13998400000000066,1.42757701,1.381267
0.1959839999999947,1.42111183,1.38790994
0.25198400000000026,1.41229369,1.39679005
0.25758400000000203,1.41127565,1.39780254
0.26878399999999386,1.40920697,1.39985528
0.2911840000000007,1.40497108,1.40403219
0.3359840000000029,1.39677412,1.41203906
0.3919839999999969,1.38793044,1.42060588
0.4479840000000025,1.38106013,1.42724509
0.5039839999999965,1.37603641,1.43211406
0.5599840000000021,1.37253237,1.43553227
0.6159839999999961,1.37020149,1.43782957
0.6719840000000017,1.36873514,1.43929771
0.7279839999999957,1.36788036,1.44017629
0.7839840000000013,1.36744054,1.44065191
0.8399839999999954,1.36726941,1.44086395
0.895984000000001,1.36726218,1.44091268
0.951983999999995,1.36734659,1.4408676
0.9999759999999955,1.36745557,1.44078946
1.0055759999999974,1.36745755,1.44079086
1.0167760000000008,1.36746439,1.44079076
1.039175999999996,1.36758063,1.44069032
1.0839759999999983,1.36878103,1.43955865
1.1399760000000039,1.37270624,1.43581474
1.1959759999999977,1.379372,1.42938344
1.2519760000000033,1.38830221,1.42061095
1.2575759999999936,1.3893213,1.41959797
1.268775999999997,1.39138774,1.41753961
1.2911760000000039,1.39559517,1.41332644
1.3359759999999945,1.40367041,1.40518304
1.391976,1.41232074,1.39641084
1.447975999999994,1.41902714,1.38960238
1.5039759999999995,1.42394267,1.38462307
1.5599759999999936,1.42738897,1.38114612
1.6159759999999992,1.42969985,1.37882826
1.6719759999999932,1.43117103,1.37736441
1.7279759999999988,1.43204543,1.3765048
1.783975999999993,1.4325123,1.37605533
1.8399759999999985,1.43271297,1.37587171
1.895976000000004,1.43274911,1.37585052
1.9519759999999982,1.43269117,1.37592054
2.3999999993381644e-05,1.43260217,1.37601744
0.005623999999995099,1.43260232,1.37601803
0.016823999999998535,1.43259972,1.37602224
0.039223999999993826,1.43249476,1.37613515
0.08402399999999599,1.43135375,1.37733532
0.1400240000000016,1.42758999,1.38125775
0.1960239999999956,1.4211248,1.38790058
0.2520240000000012,1.4123067,1.39678061
0.2576240000000029,1.41128866,1.39779309
0.2688239999999948,1.40921998,1.39984582
0.29122400000000165,1.40498411,1.40402271
0.3360240000000038,1.39678721,1.41202957
0.3920239999999978,1.3879436,1.42059637
0.4480240000000034,1.38107335,1.42723556
0.5040239999999975,1.37604967,1.43210449
0.5600240000000031,1.37254563,1.43552266
0.616023999999997,1.37021474,1.43781989
0.6720240000000026,1.36874836,1.43928797
0.7280239999999967,1.36789354,1.44016648
0.7840240000000023,1.36745367,1.44064204
0.8400239999999963,1.3672825,1.44085401
0.8960240000000019,1.36727521,1.44090268
0.9520239999999959,1.36735957,1.44085753
1.0000159999999965,1.36746851,1.44077934
1.0056159999999983,1.36747048,1.44078074
1.0168160000000017,1.36747731,1.44078063
1.039215999999997,1.36759353,1.44068016
1.0840159999999992,1.36879391,1.43954846
1.140015999999993,1.37271909,1.43580449
1.1960159999999986,1.37938478,1.42937311
1.2520159999999927,1.38831489,1.42060053
1.2576159999999945,1.38933396,1.41958754
1.268815999999998,1.39140037,1.41752917
1.2912159999999933,1.39560775,1.41331596
1.3360159999999954,1.40368286,1.40517247
1.392016000000001,1.41233304,1.39640016
1.4480159999999949,1.41903931,1.3895916
1.5040160000000005,1.42395474,1.38461221
1.5600159999999945,1.42740097,1.38113521
1.6160160000000001,1.42971181,1.37881731
1.6720159999999942,1.43118295,1.37735344
1.7280159999999998,1.43205734,1.37649381
1.7840159999999938,1.4325242,1.37604434
1.8400159999999994,1.43272486,1.37586072
1.8960159999999935,1.432761,1.37583953
1.952015999999999,1.43270306,1.37590955
0.008015999999993027,1.432598,1.3760236
0.06401599999999863,1.43247565,1.37615202
0.12001600000000422,1.43235386,1.37627729
0.17601599999999823,1.43224232,1.37639014
0.23201600000000383,1.4321455,1.37648655
0.28801599999999783,1.43206455,1.37656576
0.34401600000000343,1.43199881,1.3766288
0.4000159999999975,1.43194662,1.37667764
0.4560160000000031,1.43190597,1.37671453
0.512015999999997,1.43187481,1.37674171
0.5680160000000026,1.43185125,1.37676121
0.6240159999999967,1.43183366,1.37677479
0.6800160000000023,1.43182066,1.37678389
0.7360159999999963,1.43181113,1.37678968
0.7920160000000019,1.43180422,1.37679305
0.8480159999999959,1.43179923,1.37679471
0.9040160000000015,1.43179567,1.37679517
0.9600159999999955,1.43179313,1.37679482
1.0000000000000027,1.43179179,1.37679422
1.005599999999993,1.43180361,1.37678211
1.0167999999999964,1.43182463,1.37676073
1.0392000000000032,1.43176809,1.37682163
1.0839999999999936,1.43072482,1.377918
1.1399999999999992,1.4270779,1.38171775
1.1959999999999933,1.42071746,1.38825177
1.251999999999999,1.41198907,1.39703984
1.2576000000000007,1.41097907,1.39804417
1.2688000000000041,1.40892615,1.40008094
1.2911999999999995,1.40471996,1.40422797
1.3360000000000016,1.39657551,1.41218279
1.3919999999999957,1.38778566,1.42069765
1.448000000000001,1.38095777,1.42729734
1.5039999999999951,1.375967,1.43213688
1.5600000000000007,1.37248819,1.43553363
1.6159999999999948,1.37017642,1.4378156
1.6720000000000004,1.3687244,1.43927303
1.7279999999999944,1.36788028,1.44014432
1.784,1.36744834,1.44061513
1.839999999999994,1.36728301,1.44082412
1.8959999999999997,1.36728003,1.44087104
1.9519999999999937,1.36736757,1.44082497
1.9999919999999942,1.36747855,1.44074645
0.005591999999995962,1.36748073,1.44074784
0.016791999999999398,1.36748795,1.4407477
0.03919199999999469,1.3676049,1.44064722
0.08399199999999685,1.36880653,1.43951559
0.13999200000000245,1.37273297,1.43577181
0.19599199999999647,1.37939962,1.42934066
0.25199200000000205,1.38833043,1.42056831
0.25759200000000376,1.38934956,1.41955534
0.26879199999999565,1.39141608,1.417497
0.2911920000000025,1.39562366,1.41328387
0.3359919999999931,1.40369909,1.40514051
0.3919919999999987,1.41234956,1.39636834
0.4479920000000043,1.41905609,1.38955995
0.5039919999999983,1.42397175,1.38458077
0.5599920000000039,1.42741821,1.38110401
0.6159919999999979,1.42972927,1.37878637
0.6719920000000035,1.43120063,1.37732278
0.7279919999999975,1.43207523,1.37646343
0.7839920000000031,1.43254228,1.37601423
0.8399919999999972,1.43274313,1.37583087
0.8959920000000028,1.43277945,1.37580993
0.9519919999999967,1.43272168,1.37588018
1.0079920000000024,1.43261678,1.37599446
1.0639919999999963,1.43249457,1.37612308
1.1199920000000019,1.43237291,1.37624854
1.175991999999996,1.4322615,1.37636156
1.2319920000000015,1.4321648,1.37645814
1.2879919999999956,1.43208396,1.3765375
1.3439920000000012,1.43201832,1.37660069
1.3999919999999952,1.43196622,1.37664966
1.4559920000000008,1.43192566,1.37668667
1.511991999999995,1.43189458,1.37671396
1.5679920000000005,1.43187111,1.37673357
1.6239919999999946,1.43185358,1.37674726
1.6799920000000002,1.43184066,1.37675645
1.735991999999994,1.4318312,1.37676233
1.7919919999999996,1.43182435,1.37676579
1.8479919999999936,1.43181942,1.37676753
1.9039919999999992,1.43181592,1.37676806
1.9599919999999933,1.43181343,1.37676779
0.015991999999998893,1.43181169,1.37676697
0.07199199999999291,1.43181049,1.37676582
0.1279919999999985,1.43180967,1.37676446
0.1839920000000041,1.43180913,1.37676299
0.23999199999999812,1.43180879,1.37676147
0.2959920000000037,1.4318086,1.37675995
0.35199199999999775,1.43180853,1.37675845
0.40799200000000335,1.43180853,1.37675698
0.46399199999999735,1.43180861,1.37675554
0.5199920000000029,1.43180873,1.37675416
0.575991999999997,1.43180891,1.37675281
0.6319920000000026,1.43180911,1.37675151
0.6879919999999966,1.43180935,1.37675025
0.7439920000000022,1.43180961,1.37674902
0.7999919999999962,1.43180989,1.37674783
0.8559920000000018,1.4318102,1.37674667
0.9119919999999958,1.43181052,1.37674554
0.9679920000000014,1.43181086,1.37674443
1.0000239999999982,1.43181107,1.37674381
1.005624,1.43182308,1.37673169
1.0168240000000035,1.43184448,1.37671031
1.0392239999999988,1.43178863,1.37677123
1.0840240000000008,1.43074654,1.37786776
1.1400239999999948,1.42710077,1.38166792
1.1960240000000004,1.42074127,1.38820259
1.2520239999999945,1.41201366,1.39699153
1.2576239999999963,1.41100373,1.39799596
1.2688239999999997,1.40895094,1.40003293
1.291223999999995,1.40474503,1.40418037
1.3360239999999972,1.39660112,1.41213603
1.3920240000000028,1.38781191,1.42065191
1.4480239999999966,1.3809846,1.42725248
1.5040240000000022,1.3759943,1.43209276
1.5600239999999963,1.37251589,1.43549011
1.616024000000002,1.37020444,1.43777256
1.672023999999996,1.36875267,1.43923039
1.7280240000000016,1.36790877,1.44010201
1.7840239999999956,1.367477,1.4405731
1.8400240000000012,1.36731183,1.44078233
1.8960239999999953,1.36730899,1.44082945
1.9520240000000009,1.36739665,1.44078357
0.008023999999994801,1.36752729,1.44069075
0.0640240000000004,1.36767107,1.44058024
0.12002399999999441,1.36781039,1.44046957
0.176024,1.36793598,1.44036826
0.23202399999999404,1.3680439,1.44028069
0.2880239999999996,1.36813348,1.44020803
0.34402399999999367,1.36820584,1.44014967
0.40002399999999927,1.36826304,1.44010401
0.45602399999999327,1.36830745,1.44006914
0.5120239999999988,1.36834142,1.44004307
0.5680239999999929,1.36836706,1.44002401
0.6240239999999985,1.3683862,1.44001037
0.6800240000000041,1.36840037,1.44000088
0.7360239999999981,1.3684108,1.43999445
0.7920240000000037,1.36841844,1.43999028
0.8480239999999977,1.36842404,1.43998774
0.9040240000000033,1.36842815,1.43998634
0.9600239999999973,1.3684312,1.43998573
1.016024000000003,1.36843349,1.43998567
1.072023999999997,1.36843526,1.43998595
1.1280240000000026,1.36843666,1.43998647
1.1840239999999966,1.3684378,1.43998712
1.2400240000000022,1.36843876,1.43998786
1.296023999999996,1.3684396,1.43998863
1.3520240000000017,1.36844036,1.43998941
1.4080239999999957,1.36844105,1.43999019
1.4640240000000013,1.3684417,1.43999096
1.5200239999999954,1.36844232,1.4399917
1.576024000000001,1.36844292,1.43999243
1.632023999999995,1.36844349,1.43999313
1.6880240000000006,1.36844405,1.43999381
1.7440239999999947,1.3684446,1.43999446
1.8000240000000003,1.36844513,1.4399951
1.8560239999999943,1.36844566,1.43999571
1.912024,1.36844617,1.43999631
1.9680239999999938,1.36844667,1.43999689
1.999999999999996,1.36844695,1.43999722
0.005599999999997737,1.36843499,1.44000929
0.01680000000000117,1.36841377,1.44003079
0.03919999999999647,1.36847323,1.4399748
0.08399999999999863,1.36956085,1.43893321
0.14000000000000423,1.37335295,1.43529719
0.19599999999999823,1.37990006,1.42896245
0.25200000000000383,1.38872896,1.42027226
0.257599999999994,1.38973899,1.41926662
0.26879999999999743,1.39178768,1.41722264
0.2912000000000043,1.39596171,1.41303648
0.33599999999999486,1.40397821,1.40494045
0.39200000000000046,1.4125691,1.39621618
0.44799999999999446,1.41922962,1.38944489
0.5040000000000001,1.42411042,1.38449393
0.5599999999999941,1.42753089,1.38103824
0.6159999999999997,1.42982282,1.37873604
0.6719999999999937,1.43128029,1.37728356
0.7279999999999993,1.4321449,1.37643202
0.7839999999999934,1.43260483,1.37598819
0.839999999999999,1.43280065,1.37580839
0.8959999999999929,1.43283341,1.37578973
0.9519999999999985,1.43277314,1.37586135
1.0080000000000042,1.43266647,1.37597634
1.063999999999998,1.432543,1.37610525
1.1200000000000037,1.43242043,1.37623071
1.1759999999999977,1.43230834,1.37634354
1.2320000000000033,1.4322111,1.37643981
1.2879999999999974,1.43212984,1.3765188
1.344000000000003,1.43206385,1.37658159
1.399999999999997,1.43201145,1.37663014
1.4560000000000026,1.43197062,1.37666674
1.5119999999999967,1.43193929,1.37669363
1.5680000000000023,1.43191558,1.37671285
1.6239999999999963,1.43189783,1.37672617
1.6800000000000017,1.43188469,1.37673501
1.7359999999999958,1.43187503,1.37674055
1.7920000000000014,1.43186798,1.37674369
1.8479999999999954,1.43186287,1.37674513
1.904000000000001,1.43185917,1.37674538
1.959999999999995,1.43185651,1.37674483
0.01600000000000067,1.43185459,1.37674375
0.07199999999999468,1.43185321,1.37674235
0.12800000000000028,1.43185223,1.37674075
0.1839999999999943,1.43185152,1.37673905
0.2399999999999999,1.43185103,1.37673732
0.29599999999999393,1.43185069,1.37673559
0.35199999999999954,1.43185046,1.37673388
0.40799999999999353,1.43185032,1.37673221
0.46399999999999914,1.43185025,1.37673059
0.5199999999999931,1.43185023,1.37672903
0.5759999999999987,1.43185026,1.37672751
0.6320000000000043,1.43185032,1.37672604
0.6879999999999984,1.43185043,1.37672461
0.744000000000004,1.43185056,1.37672322
0.7999999999999979,1.43185071,1.37672188
0.8560000000000035,1.43185089,1.37672057
0.9119999999999976,1.43185109,1.37671929
0.9680000000000032,1.43185131,1.37671804
0.9999759999999938,1.43185144,1.37671733
1.0055759999999956,1.43186345,1.37670521
1.016775999999999,1.43188483,1.3766838
1.0391759999999943,1.43182893,1.37674465
1.0839759999999963,1.43078675,1.37784103
1.1399760000000019,1.42714093,1.38164101
1.195975999999996,1.42078147,1.38817555
1.2519760000000015,1.41205396,1.39696445
1.2575760000000034,1.41104404,1.39796888
1.2687759999999952,1.40899129,1.40000586
1.291176000000002,1.40478544,1.40415331
1.3359760000000043,1.3966417,1.41210905
1.391975999999998,1.38785273,1.42062501
1.4479760000000037,1.38102561,1.42722564
1.5039759999999978,1.37603543,1.43206591
1.5599760000000034,1.37255705,1.4354632
1.6159759999999974,1.37024557,1.43774555
1.671976000000003,1.36879373,1.43920324
1.727975999999997,1.36794971,1.44007472
1.7839760000000027,1.36751782,1.44054564
1.8399759999999967,1.3673525,1.44075471
1.8959760000000023,1.3673495,1.44080167
1.9519759999999964,1.36743701,1.44075564
0.007976000000001886,1.3675675,1.44066267
0.0639759999999959,1.36771114,1.44055201
0.1199760000000015,1.36785032,1.4404412
0.17597599999999552,1.36797578,1.44033975
0.23197600000000113,1.36808357,1.44025206
0.2879759999999951,1.36817301,1.44017929
0.3439760000000007,1.36824524,1.44012082
0.3999759999999947,1.36830232,1.44007506
0.4559760000000003,1.36834661,1.44004009
0.5119759999999943,1.36838047,1.44001392
0.5679759999999999,1.36840599,1.43999477
0.623975999999994,1.36842504,1.43998105
0.6799759999999996,1.3684391,1.43997147
0.7359759999999936,1.36844943,1.43996496
0.7919759999999992,1.36845697,1.43996072
0.8479759999999932,1.36846248,1.4399581
0.9039759999999988,1.3684665,1.43995663
0.9599760000000044,1.36846947,1.43995595
1.0000159999999947,1.36847111,1.43995581
1.0056159999999963,1.3684593,1.43996783
1.016816,1.36843838,1.43998923
1.039215999999995,1.36849837,1.43993307
1.0840159999999972,1.3695869,1.43889127
1.1400160000000028,1.37337987,1.43525512
1.1960159999999969,1.37992756,1.4289203
1.2520160000000025,1.3887568,1.42023005
1.2576160000000043,1.38976685,1.41922439
1.2688159999999962,1.39181557,1.4171804
1.291216000000003,1.39598966,1.41299421
1.3360159999999934,1.40400621,1.40489808
1.392015999999999,1.41259709,1.39617369
1.448015999999993,1.4192576,1.38940235
1.5040159999999987,1.42413843,1.3844514
1.5600160000000043,1.42755896,1.38099581
1.6160159999999983,1.429851,1.37869376
1.672016000000004,1.43130858,1.37724146
1.728015999999998,1.43217333,1.37639013
1.7840160000000036,1.43263342,1.37594652
1.8400159999999977,1.43282938,1.37576696
1.8960160000000033,1.4328623,1.37574852
1.9520159999999973,1.43280217,1.37582035
7.999999997793882e-06,1.43271199,1.37591815
0.005607999999999512,1.43271202,1.37591882
0.01680800000000295,1.4327092,1.3759232
0.03920799999999824,1.43260382,1.37603638
0.0840080000000004,1.43146218,1.37723685
0.14000799999999441,1.42769797,1.38115947
0.19600800000000002,1.42123272,1.38780255
0.252007999999994,1.41241482,1.39668304
0.25760799999999573,1.41139682,1.39769558
0.26880799999999916,1.40932822,1.39974843
0.29120799999999447,1.40509253,1.4039256
0.33600799999999664,1.39689611,1.41193307
0.39200799999999064,1.38805323,1.4205006
0.44800800000000784,1.38118361,1.42714032
0.5040080000000019,1.37616036,1.43200954
0.5600079999999958,1.37265655,1.43542777
0.6160079999999899,1.37032571,1.43772493
0.672008000000007,1.36885926,1.43919282
0.7280080000000011,1.36800427,1.44007107
0.7840079999999952,1.36756419,1.44054633
0.8400079999999891,1.36739276,1.44075798
0.8960080000000062,1.3673852,1.44080633
0.9520080000000003,1.3674693,1.44076087
1.0080079999999942,1.36759722,1.44066795
1.0640079999999883,1.36773889,1.44055701
1.1200080000000054,1.36787654,1.44044573
1.1760079999999995,1.3680008,1.4403437
1.2320079999999936,1.36810764,1.44025538
1.2880079999999876,1.3681963,1.44018198
1.3440080000000048,1.36826788,1.44012289
1.4000079999999988,1.36832441,1.44007654
1.4560079999999929,1.36836822,1.44004102
1.51200800000001,1.36840165,1.44001435
1.568008000000004,1.36842679,1.43999473
1.624007999999998,1.36844549,1.43998058
1.680007999999992,1.36845925,1.4399706
1.736008000000009,1.36846928,1.43996373
1.7920080000000032,1.36847656,1.43995915
1.8480079999999972,1.36848181,1.43995621
1.9040079999999913,1.3684856,1.43995446
1.9600080000000084,1.36848834,1.43995351
1.9999919999999924,1.36848982,1.4399532
0.005591999999994153,1.368478,1.43996519
0.01679199999999759,1.36845704,1.43998654
0.03919200000000446,1.36851695,1.43993029
0.08399199999999504,1.36960533,1.43888832
0.13999199999998907,1.37339811,1.43525198
0.19599200000000624,1.37994556,1.42891699
0.25199200000000027,1.38877449,1.42022658
0.257592000000002,1.38978451,1.41922091
0.2687920000000054,1.39183317,1.41717689
0.2911919999999891,1.39600712,1.41299064
0.33599200000000284,1.40402338,1.40489439
0.3919919999999969,1.41261392,1.39616983
0.4479919999999909,1.41927413,1.38939834
0.5039920000000081,1.42415472,1.38444725
0.559992000000002,1.42757504,1.38099152
0.6159919999999961,1.42986691,1.37868936
0.6719919999999902,1.43132436,1.37723695
0.7279920000000073,1.43218898,1.37638553
0.7839920000000014,1.43264896,1.37594182
0.8399919999999953,1.43284482,1.37576216
0.8959919999999894,1.43287765,1.37574364
0.9519920000000065,1.43281744,1.37581538
0.9999839999999955,1.43272718,1.37591311
1.0055839999999974,1.43272721,1.37591377
1.0167840000000008,1.43272437,1.37591813
1.0391840000000077,1.43261896,1.37603128
1.083983999999998,1.43147726,1.37723166
1.1399839999999921,1.42771301,1.38115417
1.1959840000000093,1.42124775,1.38779715
1.2519840000000033,1.41242989,1.39667755
1.2575840000000051,1.41141189,1.39769008
1.2687840000000086,1.40934329,1.39974291
1.2911839999999923,1.40510762,1.40392005
1.335984000000006,1.39691126,1.41192748
1.3919839999999999,1.38806844,1.42049495
1.447983999999994,1.38119887,1.42713461
1.503983999999988,1.37617564,1.43200376
1.5599840000000051,1.37267182,1.43542192
1.6159839999999992,1.37034095,1.43771899
1.6719839999999933,1.36887444,1.43918678
1.7279839999999873,1.3680194,1.44006495
1.7839840000000045,1.36757924,1.44054011
1.8399839999999985,1.36740773,1.44075167
1.8959839999999926,1.3674001,1.44079993
1.9519840000000097,1.36748413,1.44075437
1.9999759999999986,1.36759277,1.44067584
0.005576000000000375,1.36759471,1.44067721
0.01677600000000381,1.36760147,1.44067702
0.03917599999998752,1.3677176,1.44057641
0.08397600000000126,1.36891785,1.43944443
0.13997599999999527,1.37284284,1.43570003
0.1959759999999893,1.37950805,1.42926805
0.2519760000000065,1.38843728,1.42049473
0.2575760000000082,1.38945624,1.41948166
0.26877599999998847,1.39152242,1.41742312
0.2911759999999953,1.39572929,1.41320957
0.3359760000000091,1.40380328,1.40506528
0.3919760000000031,1.41245209,1.39629192
0.4479759999999971,1.41915723,1.38948245
0.5039759999999911,1.42407183,1.38450238
0.5599760000000084,1.4275175,1.38102492
0.6159760000000023,1.42982798,1.37870675
0.6719759999999964,1.43129893,1.37724276
0.7279759999999904,1.43217324,1.37638309
0.7839760000000076,1.43264008,1.37593365
0.8399760000000016,1.43284077,1.37575009
0.8959759999999956,1.43287696,1.37572898
0.9519759999999896,1.43281908,1.37579908
1.0000239999999965,1.43273013,1.37589606
1.005623999999998,1.43273028,1.37589665
1.0168240000000015,1.4327277,1.37590088
1.0392240000000086,1.43262275,1.37601379
1.084023999999999,1.43148179,1.37721387
1.140023999999993,1.42771822,1.38113622
1.1960240000000102,1.42125344,1.38777926
1.2520240000000042,1.41243592,1.39665988
1.257624000000006,1.41141795,1.39767244
1.2688240000000095,1.40934941,1.39972534
1.291223999999993,1.40511385,1.40390261
1.336024000000007,1.39691769,1.41191034
1.3920240000000008,1.3880751,1.4204782
1.4480239999999949,1.38120572,1.42711821
1.504023999999989,1.37618265,1.43198768
1.560024000000006,1.37267896,1.43540611
1.6160240000000001,1.3703482,1.43770342
1.6720239999999942,1.36888178,1.43917142
1.7280239999999882,1.36802681,1.44004975
1.7840240000000054,1.36758672,1.44052507
1.8400239999999994,1.36741528,1.44073678
1.8960239999999933,1.36740771,1.44078515
1.9520239999999873,1.36749179,1.44073971
1.599999999956857e-05,1.36760048,1.44066127
0.005616000000001287,1.36760243,1.44066265
0.016816000000004723,1.3676092,1.44066248
0.039215999999988434,1.36772535,1.44056191
0.08401600000000217,1.36892566,1.43943
0.1400159999999962,1.37285073,1.43568565
0.1960159999999902,1.37951601,1.42925369
0.2520160000000074,1.38844527,1.42048037
0.2576160000000091,1.38946423,1.41946729
0.2688159999999894,1.39153042,1.41740875
0.29121599999999626,1.39573729,1.41319518
0.33601600000001,1.40381129,1.40505085
0.39201600000000403,1.41246009,1.39627743
0.448015999999998,1.41916523,1.38946791
0.504015999999992,1.42407985,1.38448783
0.5600160000000092,1.42752556,1.38101039
0.6160160000000032,1.42983609,1.37869225
0.6720159999999973,1.4313071,1.3772283
0.7280159999999912,1.43218146,1.3763687
0.7840160000000085,1.43264837,1.37591932
0.8400160000000024,1.43284913,1.37573583
0.8960159999999965,1.43288538,1.37571479
0.9520159999999905,1.43282757,1.37578497
1.0000080000000027,1.43273878,1.37588188
1.0056080000000045,1.43273894,1.37588248
1.016808000000008,1.43273637,1.37588672
1.0392079999999915,1.43263145,1.37599965
1.0840080000000052,1.43149053,1.37719977
1.1400079999999992,1.427727,1.3811222
1.1960079999999933,1.42126227,1.38776535
1.2520079999999874,1.41244481,1.39664613
1.257607999999989,1.41142685,1.39765871
1.2688079999999924,1.40935832,1.39971164
1.2912079999999995,1.40512279,1.403889
1.3360079999999899,1.39692669,1.41189689
1.392008000000007,1.38808419,1.42046496
1.448008000000001,1.38121489,1.42710514
1.5040079999999951,1.37619189,1.43197473
1.5600079999999892,1.37268825,1.43539326
1.6160080000000063,1.37035752,1.43769064
1.6720080000000004,1.36889113,1.43915869
1.7280079999999944,1.36803618,1.44003707
1.7840079999999885,1.3675961,1.44051242
1.8400080000000056,1.36742468,1.44072415
1.8960079999999997,1.36741712,1.44077254
1.9520079999999935,1.36750121,1.44072712
0.008007999999987633,1.36762912,1.44063422
0.06400800000000481,1.36777077,1.44052332
0.12000799999999882,1.36790841,1.44041207
0.17600799999999284,1.36803266,1.44031008
0.23200800000001,1.36813947,1.44022179
0.28800800000000404,1.36822813,1.44014841
0.34400799999999804,1.3682997,1.44008935
0.4000079999999921,1.36835623,1.44004303
0.45600800000000924,1.36840003,1.44000754
0.5120080000000032,1.36843346,1.43998089
0.5680079999999973,1.36845861,1.4399613
0.6240079999999913,1.36847731,1.43994717
0.6800080000000085,1.36849107,1.43993721
0.7360080000000025,1.36850111,1.43993036
0.7920079999999965,1.36850839,1.4399258
0.8480079999999905,1.36851365,1.43992288
0.9040080000000077,1.36851744,1.43992115
0.9600080000000017,1.36852019,1.43992022
1.0160079999999958,1.3685222,1.43991986
1.0720079999999899,1.3685237,1.43991986
1.128008000000007,1.36852484,1.43992012
1.184008000000001,1.36852573,1.43992052
1.240007999999995,1.36852645,1.43992102
1.296007999999989,1.36852707,1.43992157
1.352008000000006,1.3685276,1.43992214
1.4080080000000001,1.36852808,1.43992272
1.4640079999999942,1.36852853,1.43992329
1.5200079999999883,1.36852895,1.43992385
1.5760080000000054,1.36852935,1.4399244
1.6320079999999995,1.36852974,1.43992493
1.6880079999999935,1.36853012,1.43992545
1.7440079999999873,1.36853049,1.43992594
1.8000080000000047,1.36853085,1.43992643
1.8560079999999985,1.3685312,1.4399269
1.9120079999999926,1.36853155,1.43992736
1.9680080000000097,1.36853189,1.4399278
1.9999839999999889,1.36853208,1.43992805
0.005583999999990569,1.36852012,1.43994011
0.016783999999994005,1.36849887,1.43996159
0.03918400000000088,1.36855828,1.43990554
0.08398399999999145,1.36964587,1.43886386
0.13998400000000863,1.37343792,1.43522765
0.19598400000000266,1.37998474,1.4288926
0.25198399999999666,1.38881308,1.42020201
0.25758399999999837,1.38982303,1.41919632
0.2687840000000018,1.39187157,1.41715225
0.2911840000000087,1.39604526,1.41296589
0.3359839999999993,1.40406102,1.40486938
0.3919839999999933,1.412651,1.39614447
0.44798399999998734,1.41931076,1.38937263
0.5039840000000045,1.42419101,1.38442125
0.5599839999999985,1.4276111,1.38096529
0.6159839999999925,1.4299028,1.37866295
0.6719840000000097,1.43136014,1.37721039
0.7279840000000037,1.43222469,1.37635885
0.7839839999999977,1.43268462,1.37591505
0.8399839999999917,1.43288045,1.37573531
0.8959840000000089,1.43291325,1.37571671
0.9519840000000029,1.43285301,1.37578838
1.0079839999999969,1.43274638,1.37590343
1.063983999999991,1.43262294,1.37603239
1.119984000000008,1.43250039,1.37615789
1.1759840000000021,1.43238831,1.37627076
1.2319839999999962,1.43229109,1.37636704
1.2879839999999902,1.43220983,1.37644605
1.3439840000000074,1.43214383,1.37650883
1.3999840000000014,1.43209141,1.37655739
1.4559839999999955,1.43205056,1.37659397
1.5119839999999893,1.43201921,1.37662085
1.5679840000000067,1.43199547,1.37664005
1.6239840000000005,1.43197769,1.37665334
1.6799839999999946,1.43196452,1.37666215
1.7359839999999886,1.43195482,1.37666766
1.7919840000000058,1.43194773,1.37667077
1.8479839999999998,1.43194257,1.37667217
1.903983999999994,1.43193883,1.37667239
1.959983999999988,1.43193612,1.3766718
0.01598400000000508,1.43193417,1.37667068
0.0719839999999991,1.43193274,1.37666924
0.1279839999999931,1.43193171,1.3766676
0.1839840000000103,1.43193096,1.37666587
0.2399840000000043,1.43193042,1.37666409
0.2959839999999983,1.43193003,1.37666232
0.35198399999999236,1.43192976,1.37666058
0.4079840000000095,1.43192957,1.37665887
0.46398400000000356,1.43192945,1.37665721
0.5199839999999976,1.43192939,1.37665561
0.5759839999999916,1.43192938,1.37665405
0.6319840000000088,1.4319294,1.37665254
0.6879840000000028,1.43192946,1.37665108
0.7439839999999968,1.43192954,1.37664965
0.7999839999999908,1.43192966,1.37664827
0.855984000000008,1.43192979,1.37664692
0.911984000000002,1.43192995,1.37664561
0.9679839999999961,1.43193013,1.37664432
1.000015999999993,1.43193024,1.3766436
1.0056159999999945,1.43194224,1.37663147
1.016815999999998,1.43196361,1.37661005
1.0392160000000048,1.43190769,1.37667088
1.0840159999999954,1.43086548,1.37776714
1.1400159999999895,1.42721972,1.381567
1.1960160000000066,1.42086045,1.38810161
1.2520160000000007,1.41213326,1.39689081
1.2576160000000025,1.41112338,1.39789529
1.268816000000006,1.4090707,1.39993236
1.2912159999999895,1.40486503,1.40408003
1.3360160000000032,1.39672171,1.41203626
1.3920159999999973,1.38793333,1.42055284
1.4480159999999913,1.38110672,1.42715395
1.5040160000000085,1.3761169,1.43199453
1.5600160000000025,1.37263871,1.43539197
1.6160159999999966,1.3703273,1.43767436
1.6720159999999906,1.36887542,1.43913201
1.7280160000000078,1.36803131,1.44000337
1.7840160000000018,1.36759927,1.44047415
1.8400159999999959,1.36743379,1.44068306
1.8960159999999897,1.36743061,1.44072985
1.952016000000007,1.36751794,1.44068364
7.999999995984425e-06,1.36762874,1.44060499
0.0056079999999977025,1.36763089,1.44060636
0.016808000000001138,1.36763808,1.44060619
0.03920800000000801,1.36775499,1.44050565
0.0840079999999986,1.36895665,1.43937389
0.1400079999999926,1.37288309,1.43562981
0.19600800000000979,1.37954938,1.42919808
0.2520080000000038,1.38847934,1.42042494
0.2576080000000055,1.38949836,1.41941188
0.268808000000009,1.39156465,1.41735336
0.2912079999999927,1.39577169,1.41313984
0.3360080000000064,1.40384594,1.40499555
0.3920080000000004,1.41249494,1.39622216
0.44800799999999447,1.41920027,1.38941272
0.5040079999999885,1.4241151,1.38443279
0.5600080000000056,1.42756104,1.38095558
0.6160079999999997,1.42987183,1.37863774
0.6720079999999937,1.43134311,1.37717413
0.7280079999999877,1.43221775,1.37631487
0.7840080000000049,1.43268494,1.37586585
0.8400079999999989,1.43288596,1.37568271
0.8960079999999929,1.43292248,1.37566201
0.9520080000000101,1.43286491,1.37573251
1.008008000000004,1.43276021,1.37584702
1.064007999999998,1.43263819,1.37597587
1.1200079999999921,1.4325167,1.37610154
1.1760080000000093,1.43240544,1.37621475
1.2320080000000033,1.43230887,1.37631149
1.2880079999999974,1.43222815,1.37639101
1.3440079999999914,1.43216261,1.37645433
1.4000080000000086,1.4321106,1.37650342
1.4560080000000026,1.43207012,1.37654054
1.5120079999999965,1.4320391,1.37656793
1.5680079999999905,1.43201568,1.37658762
1.6240080000000077,1.4319982,1.37660138
1.6800080000000017,1.43198531,1.37661064
1.7360079999999958,1.43197589,1.37661658
1.7920079999999898,1.43196907,1.37662009
1.848008000000007,1.43196416,1.37662188
1.904008000000001,1.43196067,1.37662246
1.960007999999995,1.4319582,1.37662222
1.9999920000000022,1.43195691,1.3766217
0.005592000000003924,1.43196874,1.3766096
0.01679200000000736,1.43198977,1.37658824
0.03919199999999107,1.43193325,1.37664914
0.08399200000000481,1.43089002,1.3777454
0.13999199999999884,1.42724331,1.3815451
0.19599199999999284,1.42088337,1.38807949
0.25199200000001004,1.41215571,1.39686851
0.2575919999999886,1.41114579,1.39787297
0.26879199999999204,1.40909304,1.39991001
0.2911919999999989,1.40488724,1.40405762
0.33599200000000107,1.39674374,1.41201377
0.3919920000000182,1.38795521,1.42053026
0.44799200000001227,1.38112848,1.42713125
0.5039920000000062,1.37613854,1.43197168
0.5599920000000003,1.37266023,1.43536895
0.6159920000000174,1.37034868,1.43765115
0.6719920000000115,1.36889667,1.43910862
0.7279920000000055,1.36805243,1.43997981
0.7839919999999995,1.36762027,1.44045043
0.8399920000000167,1.36745467,1.44065918
0.8959920000000107,1.3674514,1.44070583
0.9519920000000047,1.36753866,1.44065949
1.007992000000022,1.36766891,1.44056624
1.0639920000000158,1.36781231,1.44045534
1.1199920000000099,1.36795128,1.44034431
1.175992000000004,1.36807655,1.44024267
1.231992000000021,1.36818416,1.4401548
1.2879920000000151,1.36827344,1.44008188
1.3439920000000092,1.36834553,1.44002327
1.3999920000000032,1.36840249,1.4399774
1.4559920000000204,1.36844667,1.43994232
1.5119920000000144,1.36848043,1.43991607
1.5679920000000085,1.36850587,1.43989684
1.6239920000000023,1.36852484,1.43988305
1.6799920000000197,1.36853884,1.43987341
1.7359920000000135,1.36854911,1.43986685
1.7919920000000076,1.36855659,1.43986256
1.8479920000000016,1.36856205,1.4398599
1.9039920000000188,1.36856603,1.43985839
1.9599920000000128,1.36856895,1.43985768
1.99997600000002,1.36857056,1.43985753
0.005576000000021726,1.36855876,1.43986954
0.016776000000002,1.36853783,1.43989094
0.03917600000000887,1.36859783,1.43983477
0.08397599999999945,1.36968646,1.43879295
0.13997600000001664,1.37347954,1.43515665
0.19597600000001064,1.3800271,1.42882149
0.25197600000000464,1.38885587,1.42013074
0.2575760000000064,1.38986586,1.41912503
0.26877600000000984,1.39191445,1.41708093
0.2911760000000167,1.39608822,1.41289448
0.33597600000000727,1.40410404,1.40479775
0.39197600000000127,1.41269403,1.39607256
0.44797600000001847,1.41935381,1.38930053
0.5039760000000125,1.42423416,1.38434911
0.5599760000000065,1.42765441,1.38089324
0.6159760000000005,1.42994633,1.37859108
0.6719760000000177,1.43140392,1.3771388
0.7279760000000117,1.43226875,1.37628756
0.7839760000000058,1.43272897,1.3758441
0.8399759999999997,1.43292509,1.37566471
0.895976000000017,1.43295818,1.37564647
0.9519760000000109,1.43289823,1.37571849
1.0079760000000049,1.43279187,1.37583388
1.0639760000000222,1.4326687,1.37596317
1.119976000000016,1.4325464,1.37608898
1.1759760000000101,1.43243456,1.37620215
1.2319760000000042,1.43233756,1.37629872
1.2879760000000213,1.43225652,1.376378
1.3439760000000154,1.43219072,1.37644105
1.3999760000000094,1.4321385,1.37648985
1.4559760000000035,1.43209784,1.37652667
1.5119760000000206,1.43206666,1.37655378
1.5679760000000147,1.43204309,1.3765732
1.6239760000000085,1.43202548,1.3765867
1.6799760000000026,1.43201246,1.37659571
1.7359760000000197,1.43200292,1.37660142
1.7919760000000138,1.43199598,1.37660471
1.8479760000000078,1.43199097,1.3766063
1.903976000000002,1.43198737,1.37660669
1.959976000000019,1.4319848,1.37660627
0.015976000000013077,1.43198297,1.37660532
0.07197600000000709,1.43198168,1.37660404
0.12797600000000112,1.43198077,1.37660256
0.1839760000000183,1.43198015,1.37660098
0.23997600000001232,1.43197973,1.37659935
0.29597600000000635,1.43197945,1.37659773
0.35197600000000034,1.43197929,1.37659612
0.40797600000001755,1.43197922,1.37659456
0.46397600000001155,1.43197921,1.37659304
0.5199760000000055,1.43197926,1.37659156
0.5759759999999996,1.43197935,1.37659013
0.6319760000000167,1.43197947,1.37658875
0.6879760000000108,1.43197963,1.37658741
0.7439760000000047,1.43197981,1.37658611
0.799976000000022,1.43198002,1.37658485
0.855976000000016,1.43198025,1.37658362
0.91197600000001,1.43198051,1.37658242
0.967976000000004,1.43198077,1.37658124
1.000008000000001,1.43198093,1.37658058
1.0056080000000025,1.43199294,1.37656847
1.016808000000006,1.43201433,1.37654707
1.0392080000000128,1.43195845,1.37660793
1.0840080000000034,1.4309163,1.37770421
1.1400080000000206,1.42727065,1.38150415
1.1960080000000146,1.42091157,1.38803899
1.2520080000000087,1.41218464,1.39682865
1.2576080000000105,1.41117479,1.39783318
1.268808000000014,1.40912217,1.39987037
1.2912080000000208,1.40491663,1.40401829
1.3360080000000112,1.39677363,1.41197509
1.3920080000000052,1.3879857,1.42049235
1.4480079999999993,1.38115949,1.42709402
1.5040080000000164,1.37616997,1.431935
1.5600080000000105,1.37269199,1.43533271
1.6160080000000046,1.37038069,1.43761527
1.6720080000000217,1.36892886,1.43907301
1.7280080000000158,1.36808475,1.43994441
1.7840080000000098,1.36765269,1.4404152
1.8400080000000039,1.36748717,1.44062409
1.896008000000021,1.36748396,1.44067085
1.952008000000015,1.36757126,1.4406246
3.980806697911446e-15,1.36768204,1.44054592
0.0056000000000056985,1.36768419,1.44054729
0.016800000000009134,1.36769137,1.44054711
0.03920000000001601,1.36780828,1.44044656
0.08400000000000658,1.36900999,1.43931478
0.1400000000000006,1.37293649,1.43557058
0.19600000000001777,1.37960272,1.42913864
0.2520000000000118,1.38853247,1.42036518
0.25760000000001354,1.38955145,1.41935208
0.26880000000001697,1.39161767,1.4172935
0.2912000000000007,1.39582456,1.41307981
0.3360000000000144,1.40389844,1.40493515
0.3920000000000084,1.412547,1.39616127
0.44800000000000245,1.41925197,1.38935143
0.5040000000000197,1.42416657,1.38437122
0.5600000000000136,1.4276124,1.38089386
0.6160000000000077,1.42992316,1.37857597
0.6720000000000017,1.43139448,1.37711238
0.7280000000000189,1.43226922,1.3762532
0.7840000000000129,1.43273651,1.37580428
0.8400000000000069,1.43293767,1.37562127
0.8960000000000009,1.43297432,1.37560071
0.952000000000018,1.43291688,1.37567135
1.008000000000012,1.43281231,1.375786
1.064000000000006,1.43269041,1.37591499
1.12,1.43256904,1.37604078
1.1760000000000173,1.4324579,1.37615412
1.2320000000000113,1.43236143,1.37625098
1.2880000000000054,1.4322808,1.3763306
1.3439999999999994,1.43221535,1.37639403
1.4000000000000166,1.43216342,1.37644322
1.4560000000000106,1.43212301,1.37648042
1.5120000000000047,1.43209206,1.3765079
1.5680000000000218,1.43206871,1.37652767
1.6240000000000159,1.43205129,1.3765415
1.6800000000000097,1.43203846,1.37655084
1.7360000000000038,1.43202909,1.37655684
1.792000000000021,1.43202232,1.37656042
1.848000000000015,1.43201746,1.37656227
1.904000000000009,1.43201402,1.37656291
1.960000000000003,1.43201159,1.37656273
0.01600000000002021,1.4320099,1.376562
0.07200000000001423,1.43200875,1.37656094
0.12800000000000825,1.43200798,1.37655966
0.18400000000000227,1.43200748,1.37655827
0.24000000000001945,1.43200718,1.37655683
0.2960000000000135,1.43200703,1.37655538
0.3520000000000075,1.43200698,1.37655394
0.4080000000000015,1.43200702,1.37655254
0.4640000000000187,1.43200713,1.37655117
0.5200000000000127,1.43200728,1.37654985
0.5760000000000067,1.43200747,1.37654857
0.6320000000000007,1.4320077,1.37654732
0.6880000000000179,1.43200796,1.37654612
0.7440000000000119,1.43200824,1.37654495
0.8000000000000059,1.43200855,1.37654381
0.856,1.43200887,1.3765427
0.9120000000000171,1.43200921,1.37654162
0.9680000000000112,1.43200957,1.37654057
0.9999760000000133,1.43200978,1.37653997
1.0055760000000151,1.4320218,1.37652787
1.0167760000000186,1.43204321,1.37650649
1.039176000000002,1.43198735,1.37656738
1.0839760000000158,1.43094527,1.37766373
1.1399760000000099,1.42729971,1.38146376
1.195976000000004,1.42094076,1.3879988
1.251976000000021,1.412214,1.39678879
1.2575759999999996,1.41120416,1.39779337
1.2687760000000032,1.40915158,1.39983064
1.29117600000001,1.40494612,1.40397875
1.3359760000000005,1.39680333,1.41193594
1.3919760000000179,1.38801567,1.42045369
1.4479760000000117,1.38118972,1.42705575
1.5039760000000058,1.37620039,1.43189703
1.5599759999999998,1.37272254,1.43529495
1.615976000000017,1.37041133,1.43757765
1.671976000000011,1.36895956,1.43903549
1.727976000000005,1.36811547,1.43990695
1.7839760000000222,1.36768343,1.44037777
1.8399760000000163,1.36751791,1.44058669
1.8959760000000103,1.3675147,1.44063346
1.9519760000000042,1.367602,1.44058722
2.400000001111433e-05,1.36771291,1.44050844
0.005624000000012832,1.36771507,1.44050981
0.016824000000016267,1.36772224,1.44050963
0.03922399999999998,1.36783917,1.44040909
0.08402400000001373,1.36904093,1.4392773
0.14002400000000773,1.37296749,1.43553306
0.19602400000000175,1.37963371,1.429101
0.25202400000001896,1.38856334,1.42032737
0.25762400000002067,1.38958231,1.41931425
0.26882400000000095,1.39164849,1.41725563
0.2912240000000078,1.3958553,1.41304185
0.3360240000000215,1.40392899,1.40489698
0.3920240000000156,1.4125773,1.39612282
0.4480240000000096,1.41928209,1.38931274
0.5040240000000036,1.42419657,1.38433238
0.5600240000000207,1.42764236,1.38085495
0.6160240000000148,1.42995313,1.37853704
0.6720240000000088,1.4314245,1.37707348
0.7280240000000028,1.43229931,1.37621437
0.78402400000002,1.43276669,1.37576554
0.840024000000014,1.43296795,1.37558262
0.896024000000008,1.4330047,1.37556217
0.9520240000000021,1.43294736,1.37563291
1.0080240000000191,1.43284289,1.37574767
1.0640240000000132,1.43272109,1.37587675
1.1200240000000072,1.4325998,1.37600265
1.1760240000000013,1.43248874,1.37611608
1.2320240000000184,1.43239235,1.37621302
1.2880240000000125,1.43231179,1.37629273
1.3440240000000065,1.43224641,1.37635624
1.4000240000000006,1.43219455,1.3764055
1.4560240000000177,1.4321542,1.37644278
1.5120240000000118,1.43212331,1.37647032
1.5680240000000056,1.43210001,1.37649016
1.6240239999999997,1.43208264,1.37650405
1.6800240000000168,1.43206986,1.37651344
1.736024000000011,1.43206053,1.37651951
1.792024000000005,1.43205381,1.37652314
1.848024000000022,1.432049,1.37652504
1.9040240000000161,1.43204559,1.37652573
1.9600240000000102,1.43204321,1.3765256
0.016024000000004184,1.43204156,1.37652493
0.07202400000002136,1.43204044,1.37652391
0.12802400000001538,1.4320397,1.37652267
0.1840240000000094,1.43203924,1.37652133
0.2400240000000034,1.43203898,1.37651993
0.2960240000000206,1.43203885,1.37651852
0.3520240000000146,1.43203885,1.37651713
0.4080240000000086,1.43203891,1.37651577
0.46402400000000266,1.43203905,1.37651444
0.5200240000000198,1.43203923,1.37651315
0.5760240000000139,1.43203946,1.37651191
0.6320240000000078,1.43203971,1.3765107
0.6880240000000019,1.43204,1.37650953
0.744024000000019,1.43204031,1.3765084
0.8000240000000131,1.43204064,1.3765073
0.8560240000000071,1.43204099,1.37650623
0.9120240000000011,1.43204136,1.37650518
0.9680240000000183,1.43204174,1.37650416
1.0240240000000123,1.43204213,1.37650315
1.0800240000000063,1.43204254,1.37650217
1.1360240000000004,1.43204296,1.3765012
1.1920240000000175,1.43204339,1.37650026
1.2480240000000116,1.43204383,1.37649932
1.3040240000000056,1.43204427,1.3764984
1.3600239999999995,1.43204473,1.37649749
1.4160240000000168,1.43204519,1.37649659
1.4720240000000107,1.43204566,1.3764957
1.5280240000000047,1.43204613,1.37649482
1.5840240000000219,1.43204661,1.37649395
1.640024000000016,1.43204709,1.37649309
1.69602400000001,1.43204758,1.37649223
1.752024000000004,1.43204807,1.37649138
1.8080240000000212,1.43204857,1.37649054
1.8640240000000152,1.43204907,1.3764897
1.9200240000000093,1.43204957,1.37648887
1.9760240000000033,1.43205008,1.37648804
0.03202400000002041,1.43205059,1.37648722
0.08802400000001442,1.43205111,1.3764864
0.14402400000000845,1.43205162,1.37648559
0.20002400000000248,1.43205214,1.37648478
0.2560240000000196,1.43205267,1.37648398
0.3120240000000137,1.43205319,1.37648317
0.3680240000000077,1.43205372,1.37648237
0.4240240000000017,1.43205425,1.37648158
0.4800240000000189,1.43205478,1.37648079
0.5360240000000129,1.43205532,1.37648
0.5920240000000069,1.43205585,1.37647921
0.6480240000000009,1.43205639,1.37647843
0.7040240000000181,1.43205693,1.37647764
0.7600240000000121,1.43205748,1.37647687
0.8160240000000062,1.43205802,1.37647609
0.8720240000000001,1.43205857,1.37647531
0.9280240000000173,1.43205912,1.37647454
0.9840240000000113,1.43205967,1.37647377
1.0400240000000054,1.43206022,1.37647301
1.0960239999999994,1.43206077,1.37647224
1.1520240000000166,1.43206133,1.37647148
1.2080240000000106,1.43206188,1.37647072
1.2640240000000047,1.43206244,1.37646996
1.3200240000000218,1.432063,1.3764692
1.376024000000016,1.43206356,1.37646844
1.4320240000000097,1.43206413,1.37646769
1.4880240000000038,1.43206469,1.37646694
1.544024000000021,1.43206526,1.37646619
1.600024000000015,1.43206582,1.37646544
1.656024000000009,1.43206639,1.37646469
1.712024000000003,1.43206696,1.37646394
1.7680240000000202,1.43206753,1.3764632
1.8240240000000143,1.4320681,1.37646246
1.8800240000000084,1.43206868,1.37646172
1.9360240000000022,1.43206925,1.37646098
1.9920240000000196,1.43206983,1.37646024
0.04802400000001348,1.4320704,1.3764595
0.1040240000000075,1.43207098,1.37645877
0.16002400000000153,1.43207156,1.37645803
0.2160240000000187,1.43207214,1.3764573
0.2720240000000127,1.43207272,1.37645657
0.32802400000000675,1.4320733,1.37645584
0.38402400000000075,1.43207389,1.37645511
0.4400240000000179,1.43207447,1.37645439
0.49602400000001196,1.43207506,1.37645366
0.552024000000006,1.43207564,1.37645293
0.608024,1.43207623,1.37645221
0.6640240000000172,1.43207682,1.37645149
0.7200240000000112,1.43207741,1.37645077
0.7760240000000052,1.432078,1.37645005
0.8320239999999992,1.43207859,1.37644933
0.8880240000000164,1.43207918,1.37644861
0.9440240000000104,1.43207977,1.37644789
1.0000240000000045,1.43208036,1.37644718
1.0560240000000216,1.43208096,1.37644646
1.1120240000000157,1.43208155,1.37644575
1.1680240000000097,1.43208215,1.37644503
1.2240240000000036,1.43208274,1.37644432
1.280024000000021,1.43208334,1.37644361
1.3360240000000148,1.43208394,1.3764429
1.3920240000000088,1.43208454,1.37644219
1.4480240000000029,1.43208514,1.37644148
1.50402400000002,1.43208574,1.37644078
1.560024000000014,1.43208634,1.37644007
1.6160240000000081,1.43208694,1.37643936
1.6720240000000022,1.43208754,1.37643866
1.7280240000000193,1.43208814,1.37643795
1.7840240000000134,1.43208875,1.37643725
1.8400240000000074,1.43208935,1.37643655
1.8960240000000013,1.43208996,1.37643585
1.9520240000000184,1.43209056,1.37643515
1.6000000007530183e-05,1.43209108,1.37643455
0.005616000000009248,1.43210312,1.37642247
0.016816000000012685,1.43212458,1.37640116
0.039216000000019555,1.4320688,1.37646222
0.08401600000001014,1.43102743,1.37755971
0.14001600000000416,1.42738324,1.38136154
0.19601600000002134,1.42102474,1.38789717
0.25201600000001534,1.41229803,1.39668746
0.25761600000001705,1.41128822,1.3976921
0.2688160000000205,1.40923568,1.39972949
0.2912160000000042,1.4050303,1.40387787
0.33601600000001797,1.39688778,1.41183568
0.39201600000001197,1.38810058,1.42035422
0.44801600000000597,1.38127508,1.42695694
0.504016,1.37628609,1.43179871
0.5600160000000172,1.37280847,1.43519695
0.6160160000000112,1.37049738,1.43747985
0.6720160000000052,1.36904566,1.4389378
0.7280159999999992,1.36820158,1.43980932
0.7840160000000164,1.36776951,1.44028016
0.8400160000000104,1.36760395,1.44048907
0.8960160000000045,1.3676007,1.44053583
0.9520160000000216,1.36768796,1.44048958
1.0000080000000107,1.36779871,1.44041089
1.0056080000000123,1.36780086,1.44041226
1.0168080000000157,1.36780803,1.44041208
1.0392079999999995,1.36792497,1.44031154
1.0840080000000132,1.36912684,1.43917973
1.1400080000000072,1.37305355,1.43543533
1.1960080000000013,1.37971974,1.42900291
1.2520080000000184,1.38864908,1.42022876
1.2576080000000203,1.389668,1.41921558
1.2688080000000004,1.39173408,1.41715684
1.2912080000000072,1.39594064,1.41294291
1.336008000000021,1.40401432,1.40479867
1.392008000000015,1.4126631,1.39602552
1.448008000000009,1.41936753,1.38921491
1.5040080000000031,1.42428137,1.38423354
1.5600080000000203,1.42772674,1.38075534
1.6160080000000143,1.4300372,1.3784368
1.6720080000000084,1.43150843,1.37697286
1.7280080000000024,1.43238319,1.37611352
1.7840080000000196,1.43285063,1.37566462
1.8400080000000136,1.433052,1.37548172
1.8960080000000075,1.4330889,1.37546136
1.9520080000000015,1.43303174,1.37553225
0.008008000000018755,1.43292745,1.37564719
0.06400800000001278,1.43280584,1.37577646
0.12000800000000679,1.43268475,1.37590256
0.1760080000000008,1.43257386,1.37601619
0.23200800000001798,1.43247764,1.37611333
0.288008000000012,1.43239725,1.37619322
0.34400800000000603,1.43233202,1.3762569
0.40000800000000003,1.4322803,1.37630634
0.45600800000001723,1.43224008,1.37634377
0.5120080000000112,1.43220932,1.37637147
0.5680080000000053,1.43218614,1.37639145
0.6240079999999992,1.43216888,1.37640548
0.6800080000000165,1.4321562,1.376415
0.7360080000000104,1.43214697,1.37642119
0.7920080000000045,1.43214034,1.37642494
0.8480080000000216,1.43213562,1.37642695
0.9040080000000157,1.4321323,1.37642775
0.9600080000000097,1.43212999,1.37642773
1.0160080000000038,1.43212842,1.37642715
1.072008000000021,1.43212738,1.37642623
1.128008000000015,1.43212671,1.37642509
1.1840080000000088,1.43212632,1.37642384
1.2400080000000029,1.43212612,1.37642253
1.29600800000002,1.43212606,1.37642121
1.352008000000014,1.43212612,1.3764199
1.4080080000000081,1.43212625,1.37641862
1.4640080000000022,1.43212644,1.37641737
1.5200080000000193,1.43212668,1.37641617
1.5760080000000134,1.43212696,1.376415
1.6320080000000075,1.43212727,1.37641387
1.6880080000000015,1.43212761,1.37641277
1.7440080000000187,1.43212797,1.37641171
1.8000080000000125,1.43212835,1.37641068
1.8560080000000065,1.43212875,1.37640967
1.9120080000000006,1.43212916,1.37640869
1.9680080000000177,1.43212959,1.37640774
0.024008000000011825,1.43213003,1.3764068
0.08000800000000584,1.43213048,1.37640588
0.13600799999999985,1.43213094,1.37640498
0.19200800000001703,1.43213141,1.37640409
0.24800800000001105,1.43213189,1.37640322
0.30400800000000505,1.43213238,1.37640236
0.36000800000002225,1.43213287,1.37640151
0.41600800000001625,1.43213337,1.37640067
0.4720080000000103,1.43213388,1.37639983
0.5280080000000043,1.43213439,1.37639901
0.5840080000000215,1.4321349,1.3763982
0.6400080000000155,1.43213542,1.37639739
0.6960080000000095,1.43213594,1.37639658
0.7520080000000036,1.43213647,1.37639579
0.8080080000000207,1.432137,1.376395
0.8640080000000148,1.43213753,1.37639421
0.9200080000000087,1.43213807,1.37639343
0.9760080000000028,1.43213861,1.37639265
0.999976,1.43213884,1.37639232
1.0055760000000016,1.43215088,1.37638024
1.016776000000005,1.43217232,1.37635891
1.0391760000000119,1.43211652,1.37641988
1.0839760000000025,1.43107455,1.37751626
1.1399760000000196,1.42742923,1.38131642
1.1959760000000137,1.42107073,1.38785197
1.2519760000000077,1.4123446,1.39664293
1.2575760000000094,1.41133483,1.39764763
1.268776000000013,1.40928239,1.39968516
1.2911760000000199,1.40507726,1.40383384
1.3359760000000103,1.39693525,1.4117923
1.3919760000000043,1.38814869,1.42031156
1.4479760000000215,1.3813237,1.42691486
1.5039760000000155,1.37633509,1.43175702
1.5599760000000096,1.37285769,1.4351555
1.6159760000000036,1.3705467,1.43743851
1.6719760000000208,1.36909499,1.43889648
1.7279760000000148,1.36825086,1.43976795
1.7839760000000089,1.3678187,1.44023871
1.8399760000000027,1.36765302,1.4404475
1.89597600000002,1.36764964,1.44049413
1.951976000000014,1.36773676,1.44044775
2.40000000208854e-05,1.36784753,1.44036885
0.005623999999999442,1.36784967,1.4403702
0.01682400000000288,1.36785681,1.44036999
0.03922400000000975,1.36797371,1.4402694
0.08402400000000033,1.36917554,1.43913749
0.1400240000000175,1.37310216,1.43539293
0.19602400000001152,1.37976815,1.42896029
0.2520240000000055,1.38869712,1.42018586
0.25762400000000724,1.389716,1.41917266
0.2688240000000107,1.39178199,1.41711385
0.2912240000000176,1.39598836,1.41289974
0.33602400000000815,1.4040616,1.40475502
0.39202400000000215,1.41270982,1.39598138
0.44802400000001935,1.41941378,1.38917046
0.5040240000000134,1.42432727,1.38418885
0.5600240000000074,1.42777241,1.38071052
0.6160240000000013,1.43008273,1.37839193
0.6720240000000186,1.43155388,1.37692798
0.7280240000000125,1.43242861,1.37606866
0.7840240000000066,1.43289605,1.3756198
0.8400240000000007,1.43309743,1.37543696
0.8960240000000178,1.43313437,1.37541665
0.9520240000000119,1.43307724,1.3754876
1.0080240000000058,1.43297299,1.37560258
1.0640239999999999,1.43285141,1.37573191
1.120024000000017,1.43273034,1.37585804
1.176024000000011,1.43261948,1.3759717
1.2320240000000051,1.43252327,1.37606887
1.2880240000000223,1.4324429,1.37614878
1.3440240000000163,1.43237768,1.37621248
1.4000240000000104,1.43232596,1.37626193
1.4560240000000042,1.43228575,1.37629937
1.5120240000000216,1.43225498,1.37632707
1.5680240000000154,1.43223179,1.37634706
1.6240240000000095,1.43221453,1.37636109
1.6800240000000035,1.43220184,1.37637061
1.7360240000000207,1.43219261,1.37637679
1.7920240000000147,1.43218597,1.37638053
1.8480240000000088,1.43218123,1.37638255
1.9040240000000028,1.4321779,1.37638334
1.96002400000002,1.43217558,1.37638331
0.016024000000013954,1.432174,1.37638272
0.07202400000000797,1.43217294,1.37638179
0.128024000000002,1.43217226,1.37638064
0.18402400000001917,1.43217185,1.37637938
0.24002400000001317,1.43217164,1.37637806
0.2960240000000072,1.43217156,1.37637673
0.3520240000000012,1.4321716,1.37637541
0.40802400000001837,1.43217171,1.37637412
0.4640240000000124,1.43217189,1.37637286
0.5200240000000065,1.43217211,1.37637164
0.5760240000000004,1.43217238,1.37637046
0.6320240000000176,1.43217267,1.37636932
0.6880240000000116,1.432173,1.37636822
0.7440240000000057,1.43217334,1.37636715
0.8000239999999996,1.43217371,1.37636611
0.8560240000000169,1.43217409,1.37636509
0.9120240000000108,1.43217449,1.3763641
0.9680240000000049,1.43217491,1.37636314
1.000000000000007,1.43217515,1.37636259
1.0056000000000087,1.43218717,1.3763505
1.0168000000000121,1.43220859,1.37632914
1.039200000000019,1.43215275,1.37639003
1.0840000000000096,1.4311107,1.37748625
1.1400000000000037,1.42746533,1.38128622
1.1960000000000208,1.42110686,1.38782167
1.2520000000000149,1.41238081,1.39661264
1.2576000000000167,1.41137106,1.39761735
1.2688000000000201,1.40931864,1.3996549
1.2912000000000037,1.40511357,1.40380362
1.3360000000000174,1.39697172,1.4117622
1.3920000000000115,1.38818537,1.42028163
1.4480000000000055,1.38136057,1.42688504
1.5039999999999996,1.37637207,1.43172725
1.5600000000000167,1.37289472,1.43512572
1.6160000000000108,1.37058373,1.43740868
1.6720000000000048,1.36913197,1.43886656
1.728000000000022,1.36828776,1.43973793
1.784000000000016,1.3678555,1.44020858
1.8400000000000098,1.36768972,1.44041726
1.896000000000004,1.36768622,1.44046377
1.952000000000021,1.36777324,1.44041727
0.008000000000015172,1.36790325,1.44032386
0.06400000000000919,1.36804642,1.44021281
0.1200000000000032,1.36818518,1.44010164
0.1760000000000204,1.36831025,1.43999988
0.2320000000000144,1.3684177,1.43991192
0.2880000000000084,1.36850684,1.43983892
0.3440000000000024,1.3685788,1.43978026
0.4000000000000196,1.36863566,1.43973435
0.4560000000000136,1.36867976,1.43969925
0.5120000000000077,1.36871344,1.43967299
0.5680000000000016,1.36873883,1.43965376
0.6240000000000189,1.36875775,1.43963998
0.6800000000000128,1.36877172,1.43963036
0.7360000000000069,1.36878197,1.43962382
0.7920000000000009,1.36878944,1.43961957
0.8480000000000181,1.36879489,1.43961694
0.9040000000000121,1.36879887,1.43961548
0.9600000000000061,1.3688018,1.43961481
0.9999840000000133,1.36880341,1.43961469
1.005584000000015,1.3687916,1.43962671
1.0167840000000183,1.36877068,1.43964811
1.039184000000002,1.36883075,1.43959197
1.0839840000000158,1.36991971,1.43855015
1.1399840000000099,1.37371316,1.43491354
1.195984000000004,1.38026053,1.4285776
1.251984000000021,1.38908835,1.41988567
1.2575839999999996,1.3900982,1.41887983
1.268784000000003,1.39214649,1.41683544
1.2911840000000099,1.39631958,1.41264838
1.3359840000000005,1.4043338,1.40455019
1.3919840000000177,1.41292179,1.39582306
1.4479840000000117,1.41957997,1.3890494
1.5039840000000058,1.42445926,1.38409685
1.5599839999999998,1.42787893,1.38064036
1.615984000000017,1.43017065,1.37833798
1.671984000000011,1.43162833,1.37688577
1.727984000000005,1.43249343,1.37603482
1.7839840000000222,1.43295403,1.37559177
1.8399840000000163,1.43315061,1.37541286
1.89598400000001,1.43318417,1.37539513
1.9519840000000042,1.4331247,1.37546768
0.007984000000021394,1.43301879,1.37558358
0.06398400000001542,1.43289605,1.37571335
0.11998400000000943,1.43277415,1.37583962
0.17598400000000344,1.43266268,1.37595321
0.23198400000002062,1.43256601,1.37605017
0.2879840000000146,1.43248527,1.37612981
0.34398400000000867,1.43241974,1.37619318
0.39998400000000267,1.43236777,1.37624229
0.4559840000000199,1.43232733,1.37627939
0.5119840000000139,1.43229635,1.37630675
0.5679840000000079,1.43227297,1.3763264
0.6239840000000019,1.43225552,1.37634012
0.6799840000000191,1.43224265,1.37634934
0.7359840000000131,1.43223325,1.37635523
0.7919840000000071,1.43222644,1.37635871
0.8479840000000012,1.43222154,1.37636046
0.9039840000000183,1.43221806,1.37636101
0.9599840000000124,1.43221559,1.37636074
1.0159840000000064,1.43221386,1.37635994
1.0719840000000003,1.43221265,1.37635879
1.1279840000000176,1.43221183,1.37635744
1.1839840000000115,1.43221128,1.37635599
1.2399840000000055,1.43221094,1.37635448
1.2959839999999996,1.43221074,1.37635298
1.3519840000000167,1.43221065,1.37635148
1.4079840000000108,1.43221063,1.37635003
1.4639840000000048,1.43221069,1.37634861
1.519984000000022,1.43221079,1.37634724
1.575984000000016,1.43221094,1.37634591
1.63198400000001,1.43221112,1.37634463
1.6879840000000041,1.43221133,1.37634339
1.7439840000000213,1.43221156,1.37634218
1.7999840000000151,1.43221182,1.37634101
1.8559840000000092,1.4322121,1.37633987
1.9119840000000032,1.43221239,1.37633875
1.9679840000000204,1.4322127,1.37633767
0.023984000000014463,1.43221303,1.3763366
0.07998400000000848,1.43221337,1.37633556
0.1359840000000025,1.43221372,1.37633454
0.19198400000001967,1.43221408,1.37633354
0.2479840000000137,1.43221445,1.37633255
0.3039840000000077,1.43221483,1.37633158
0.35998400000000175,1.43221522,1.37633062
0.4159840000000189,1.43221562,1.37632967
0.47198400000001295,1.43221602,1.37632873
0.5279840000000069,1.43221643,1.37632781
0.583984000000001,1.43221685,1.37632689
0.6399840000000181,1.43221727,1.37632599
0.6959840000000121,1.4322177,1.37632509
0.7519840000000062,1.43221814,1.3763242
0.8079840000000001,1.43221858,1.37632332
0.8639840000000174,1.43221902,1.37632244
0.9199840000000113,1.43221947,1.37632157
0.9759840000000054,1.43221992,1.37632071
1.0000080000000204,1.43222012,1.37632034
1.005608000000022,1.43223214,1.37630825
1.0168080000000024,1.43225357,1.37628691
1.0392080000000092,1.43219774,1.37634782
1.0840079999999999,1.4311557,1.37744405
1.140008000000017,1.42751041,1.38124404
1.196008000000011,1.42115208,1.38777959
1.2520080000000051,1.41242624,1.3965708
1.2576080000000067,1.41141651,1.39757553
1.2688080000000101,1.40936415,1.39961315
1.291208000000017,1.40515918,1.40376202
1.3360080000000076,1.39701759,1.41172092
1.3920080000000017,1.38823161,1.42024073
1.4480080000000188,1.38140712,1.42684445
1.504008000000013,1.37641884,1.43168686
1.560008000000007,1.37294161,1.43508545
1.616008000000001,1.37063066,1.43736845
1.6720080000000181,1.3691789,1.43882632
1.7280080000000122,1.36833464,1.43969764
1.784008000000006,1.3679023,1.44016821
1.840008,1.36773643,1.44037681
1.8960080000000172,1.36773283,1.44042324
1.9520080000000113,1.36781975,1.44037665
3.618915179919496e-16,1.3679302,1.44029768
0.00560000000000208,1.36793232,1.44029901
0.016800000000005515,1.36793942,1.44029877
0.039200000000012385,1.36805626,1.4401981
0.08400000000000298,1.36925803,1.43906605
0.14000000000002014,1.37318457,1.43532124
0.19600000000001416,1.37985028,1.42888822
0.25200000000000816,1.38877872,1.42011331
0.2576000000000099,1.38979753,1.41910005
0.26880000000001336,1.39186338,1.41704113
0.2912000000000202,1.39606944,1.41282673
0.3360000000000108,1.40414143,1.40468041
0.3920000000000048,1.41278765,1.39590436
0.448000000000022,1.41949074,1.38909266
0.504000000000016,1.42440404,1.38411115
0.56000000000001,1.42784911,1.38063302
0.616000000000004,1.43015954,1.37831478
0.6720000000000212,1.43163083,1.37685117
0.7280000000000152,1.43250573,1.37599218
0.7840000000000092,1.43297334,1.37554361
0.8400000000000033,1.43317488,1.37536101
0.8960000000000204,1.43321195,1.37534092
0.9520000000000145,1.43315495,1.37541204
1.0080000000000084,1.43305079,1.37552716
1.0640000000000025,1.43292929,1.37565659
1.1200000000000196,1.43280829,1.37578281
1.1760000000000137,1.43269747,1.37589654
1.2320000000000078,1.43260131,1.37599376
1.2880000000000018,1.43252096,1.37607372
1.344000000000019,1.43245575,1.37613745
1.400000000000013,1.43240404,1.37618691
1.4560000000000068,1.43236383,1.37622437
1.512000000000001,1.43233307,1.37625208
1.568000000000018,1.43230987,1.37627207
1.624000000000012,1.4322926,1.3762861
1.6800000000000062,1.4322799,1.37629562
1.7360000000000002,1.43227065,1.37630179
1.7920000000000174,1.43226399,1.37630553
1.8480000000000114,1.43225924,1.37630753
1.9040000000000055,1.43225589,1.37630831
1.9600000000000226,1.43225355,1.37630827
1.9999840000000066,1.43225234,1.37630788
0.005584000000008301,1.43226419,1.3762958
0.016784000000011737,1.43228525,1.37627448
0.03918400000001861,1.43222876,1.37633537
0.08398400000000919,1.4311856,1.37743144
0.13998400000000322,1.42753926,1.38123105
0.1959840000000204,1.42118019,1.38776614
0.2519840000000144,1.41245384,1.39655689
0.25758400000001613,1.41144407,1.39756159
0.26878400000001956,1.40939162,1.39959911
0.2911840000000033,1.40518651,1.40374782
0.335984000000017,1.39704471,1.41170641
0.39198400000001105,1.38825853,1.42022587
0.44798400000000504,1.38143387,1.42682923
0.5039840000000222,1.37644542,1.43167129
0.5599840000000162,1.372968,1.43506953
0.6159840000000103,1.37065685,1.43735219
0.6719840000000042,1.36920487,1.43880974
0.7279840000000215,1.3683604,1.43968075
0.7839840000000154,1.36792786,1.44015104
0.8399840000000095,1.36776179,1.44035937
0.8959840000000036,1.36775801,1.44040555
0.9519840000000207,1.36784475,1.44035874
1.0079840000000146,1.3679745,1.44026503
1.0639840000000087,1.36811743,1.44015371
1.1199840000000028,1.36825595,1.44004229
1.17598400000002,1.36838082,1.43994031
1.231984000000014,1.36848806,1.43985214
1.287984000000008,1.36857701,1.43977896
1.343984000000002,1.36864881,1.43972012
1.3999840000000192,1.36870551,1.43967405
1.4559840000000133,1.36874946,1.43963881
1.511984000000007,1.36878301,1.43961241
1.5679840000000012,1.36880826,1.43959306
1.6239840000000183,1.36882707,1.43957917
1.6799840000000124,1.36884092,1.43956944
1.7359840000000064,1.36885106,1.43956281
1.7919840000000005,1.36885843,1.43955846
1.8479840000000176,1.36886378,1.43955574
1.9039840000000117,1.36886767,1.4395542
1.9599840000000057,1.36887051,1.43955346
0.01598399999999965,1.3688726,1.43955328
0.07198400000001683,1.36887419,1.43955345
0.12798400000001084,1.36887541,1.43955388
0.18398400000000487,1.36887638,1.43955444
0.23998400000002204,1.36887718,1.43955509
0.29598400000001607,1.36887788,1.43955579
0.35198400000001007,1.36887848,1.43955651
0.4079840000000041,1.36887904,1.43955722
0.46398400000002127,1.36887956,1.43955793
0.5199840000000153,1.36888005,1.43955862
0.5759840000000093,1.36888052,1.4395593
0.6319840000000033,1.36888098,1.43955996
0.6879840000000205,1.36888143,1.4395606
0.7439840000000145,1.36888186,1.43956122
0.7999840000000086,1.36888229,1.43956183
0.8559840000000025,1.3688827,1.43956241
0.9119840000000198,1.36888311,1.43956298
0.9679840000000137,1.36888351,1.43956354
1.0000160000000107,1.36888374,1.43956385
1.0056160000000123,1.36887177,1.43957592
1.0168160000000157,1.36885054,1.43959741
1.0392160000000226,1.36891007,1.43954142
1.0840160000000132,1.36999819,1.43849976
1.1400160000000072,1.37379082,1.43486313
1.1960160000000013,1.38033738,1.42852694
1.2520160000000184,1.38916429,1.41983462
1.25761600000002,1.39017403,1.41882873
1.2688160000000004,1.39222212,1.41678425
1.2912160000000072,1.39639479,1.41259698
1.336016000000021,1.40440814,1.4044983
1.392016000000015,1.4129951,1.39577052
1.448016000000009,1.41965245,1.38899624
1.5040160000000031,1.4245311,1.38404319
1.5600160000000203,1.42795033,1.38058631
1.6160160000000143,1.43024174,1.37828364
1.6720160000000084,1.4316992,1.37683122
1.7280160000000022,1.43256416,1.3759801
1.7840160000000196,1.43302468,1.37553692
1.8400160000000134,1.43322118,1.37535791
1.8960160000000075,1.4332547,1.37534009
1.9520160000000015,1.43319518,1.37541255
0.008016000000018722,1.43308923,1.37552837
0.06401600000001274,1.43296644,1.37565805
0.12001600000000676,1.43284449,1.37578424
0.17601600000000078,1.43273297,1.37589774
0.23201600000001796,1.43263624,1.37599461
0.288016000000012,1.43255543,1.37607415
0.344016000000006,1.43248984,1.37613743
0.400016,1.43243779,1.37618644
0.4560160000000172,1.43239727,1.37622343
0.5120160000000112,1.43236622,1.37625069
0.5680160000000052,1.43234275,1.37627024
0.6240160000000224,1.43232522,1.37628386
0.6800160000000164,1.43231227,1.37629297
0.7360160000000104,1.43230277,1.37629876
0.7920160000000045,1.43229588,1.37630213
0.8480160000000216,1.43229089,1.37630378
0.9040160000000157,1.43228732,1.37630423
0.9600160000000096,1.43228476,1.37630387
1.0000000000000169,1.4322834,1.37630326
1.0056000000000185,1.43229522,1.37629115
1.016800000000022,1.43231624,1.37626976
1.0392000000000057,1.43225967,1.37633054
1.0840000000000194,1.43121637,1.37742634
1.1400000000000134,1.42756991,1.3812256
1.1960000000000075,1.4212108,1.38776036
1.2520000000000016,1.41248447,1.39655079
1.2576000000000032,1.4114747,1.39755545
1.2688000000000066,1.40942227,1.39959292
1.2912000000000134,1.40521719,1.4037415
1.336000000000004,1.39707547,1.41169989
1.3920000000000212,1.3882894,1.4202191
1.4480000000000153,1.38146481,1.42682223
1.5040000000000093,1.37647637,1.43166405
1.5600000000000034,1.3729989,1.43506205
1.6160000000000205,1.37068766,1.43734447
1.6720000000000146,1.36923554,1.43880177
1.7280000000000086,1.36839092,1.43967255
1.7840000000000025,1.3679582,1.4401426
1.8400000000000196,1.36779195,1.44035071
1.8960000000000137,1.36778798,1.44039667
1.9520000000000077,1.36787453,1.44034964
1.99999200000002,1.36798468,1.44027032
0.005592000000021657,1.36798676,1.44027162
0.01679200000000193,1.3679938,1.44027129
0.0391920000000088,1.36811051,1.44017048
0.08399200000002255,1.36931206,1.43903815
0.13999200000001658,1.3732383,1.435293
0.19599200000001057,1.37990358,1.42885963
0.2519920000000046,1.38883141,1.42008435
0.2575920000000063,1.38985014,1.41907106
0.26879200000000975,1.39191585,1.41701207
0.2911920000000166,1.3961216,1.41279752
0.33599200000000723,1.40419294,1.40465085
0.39199200000000123,1.41283838,1.39587436
0.4479920000000184,1.41954081,1.38906225
0.5039920000000124,1.42445359,1.38408041
0.5599920000000065,1.42789825,1.38060201
0.6159920000000004,1.43020837,1.37828357
0.6719920000000176,1.43167942,1.37681979
0.7279920000000116,1.43255415,1.37596067
0.7839920000000057,1.43302161,1.37551198
0.8399919999999996,1.43322302,1.37532929
0.8959920000000169,1.43325999,1.3753091
0.9519920000000108,1.43320288,1.37538013
0.9999839999999999,1.43311468,1.37547775
1.0055840000000016,1.43311491,1.37547843
1.016784000000005,1.43311248,1.37548282
1.0391840000000119,1.43300781,1.37559598
1.0839840000000025,1.43186737,1.37679628
1.1399840000000196,1.42810476,1.38071908
1.1959840000000137,1.42164155,1.38736356
1.2519840000000078,1.41282611,1.39624695
1.2575840000000094,1.41180837,1.39725986
1.2687840000000128,1.4097403,1.39931349
1.2911840000000196,1.40550577,1.40349237
1.3359840000000103,1.39731209,1.41150363
1.3919840000000043,1.38847287,1.42007577
1.4479840000000215,1.38160645,1.42671922
1.5039840000000155,1.37658555,1.4315911
1.5599840000000096,1.37308322,1.43501103
1.6159840000000036,1.37075315,1.43730914
1.6719840000000208,1.36928693,1.43877742
1.7279840000000148,1.3684318,1.43965568
1.7839840000000087,1.36799133,1.44013069
1.8399840000000027,1.36781937,1.44034196
1.8959840000000199,1.36781123,1.44038982
1.951984000000014,1.36789472,1.44034385
1.999976000000003,1.36800291,1.44026496
0.005576000000004717,1.3680048,1.44026629
0.016776000000008152,1.36801147,1.44026601
0.039176000000015025,1.3681275,1.44016526
0.0839760000000056,1.36932792,1.43903292
0.13997599999999963,1.37325305,1.43528761
0.1959760000000168,1.37991746,1.42885395
0.2519760000000108,1.38884458,1.42007833
0.2575760000000125,1.38986325,1.419065
0.26877600000001595,1.39192883,1.41700594
0.29117599999999966,1.39613435,1.41279123
0.33597600000001343,1.40420525,1.40464425
0.39197600000000743,1.41285024,1.39586737
0.4479760000000015,1.4195523,1.3890549
0.5039760000000186,1.4244648,1.38407273
0.5599760000000127,1.42790925,1.38059405
0.6159760000000066,1.43021921,1.37827536
0.6719760000000007,1.43169013,1.37681137
0.7279760000000178,1.43256476,1.37595207
0.7839760000000119,1.43303214,1.37550322
0.8399760000000059,1.4332335,1.37532039
0.8959759999999999,1.43327041,1.37530008
0.9519760000000171,1.43321326,1.375371
1.0000240000000007,1.43312492,1.37546867
1.0056240000000025,1.43312515,1.37546934
1.016824000000006,1.4331227,1.37547372
1.0392240000000128,1.43301801,1.37558685
1.0840240000000034,1.43187755,1.37678707
1.1400240000000206,1.42811494,1.38070978
1.1960240000000146,1.42165175,1.38735419
1.2520240000000087,1.41283635,1.39623755
1.2576240000000103,1.41181862,1.39725047
1.2688240000000137,1.40975056,1.39930409
1.2912240000000206,1.40551605,1.40348298
1.3360240000000112,1.39732243,1.41149426
1.3920240000000053,1.38848328,1.42006643
1.4480240000000224,1.38161693,1.4267099
1.5040240000000165,1.37659608,1.43158178
1.5600240000000105,1.37309378,1.43500171
1.6160240000000046,1.37076372,1.43729979
1.6720240000000217,1.36929748,1.43876804
1.7280240000000158,1.36844234,1.43964627
1.7840240000000096,1.36800185,1.44012125
1.8400240000000037,1.36782987,1.44033248
1.8960240000000208,1.3678217,1.44038031
1.9520240000000149,1.36790517,1.4403343
1.600000000391127e-05,1.36801334,1.44025539
0.0056160000000056295,1.36801523,1.44025671
0.016816000000009063,1.36802189,1.44025643
0.03921600000001594,1.36813792,1.44015567
0.08401600000000652,1.36933833,1.43902331
0.14001600000000053,1.37326345,1.43527796
0.1960160000000177,1.37992783,1.42884425
0.25201600000001173,1.38885489,1.42006857
0.25761600000001345,1.38987355,1.41905523
0.2688160000000169,1.39193911,1.41699615
0.2912160000000006,1.39614459,1.41278142
0.33601600000001436,1.40421541,1.40463437
0.39201600000000836,1.41286028,1.3958574
0.44801600000000236,1.41956226,1.38904485
0.5040160000000196,1.4244747,1.38406262
0.5600160000000136,1.42791911,1.3805839
0.6160160000000076,1.43022905,1.37826519
0.6720160000000016,1.43169997,1.37680119
0.7280160000000188,1.43257459,1.37594189
0.7840160000000128,1.43304199,1.37549306
0.8400160000000069,1.43324335,1.37531024
0.8960160000000008,1.43328027,1.37528994
0.952016000000018,1.43322314,1.37536088
1.0000080000000071,1.43313492,1.37545843
1.0056080000000087,1.43313515,1.37545911
1.0168080000000121,1.43313271,1.37546348
1.039208000000019,1.43302803,1.37557661
1.0840080000000096,1.43188758,1.37677683
1.1400080000000037,1.42812498,1.38069955
1.1960080000000208,1.42166181,1.38734401
1.2520080000000149,1.41284646,1.39622745
1.2576080000000165,1.41182872,1.39724037
1.26880800000002,1.40976067,1.39929402
1.2912080000000037,1.40552619,1.40347295
1.3360080000000174,1.39733262,1.41148432
1.3920080000000115,1.38849354,1.42005659
1.4480080000000055,1.38162725,1.42670016
1.5040080000000227,1.37660644,1.4315721
1.5600080000000167,1.37310417,1.43499206
1.6160080000000108,1.37077411,1.43729016
1.6720080000000046,1.36930788,1.43875842
1.728008000000022,1.36845273,1.43963665
1.7840080000000158,1.36801222,1.44011161
1.8400080000000099,1.36784022,1.44032283
1.896008000000004,1.36783204,1.44037064
1.952008000000021,1.36791549,1.44032462
0.008008000000015137,1.36804277,1.44023115
0.06400800000000915,1.36818381,1.4401197
0.12000800000000317,1.36832089,1.44000795
0.17600800000002034,1.36844462,1.4399055
0.23200800000001437,1.36855096,1.43981682
0.28800800000000837,1.36863918,1.4397431
0.3440080000000024,1.36871036,1.43968375
0.40000800000001957,1.36876653,1.43963717
0.4560080000000136,1.36881003,1.43960145
0.5120080000000076,1.36884317,1.43957461
0.5680080000000016,1.36886807,1.43955485
0.6240080000000188,1.36888654,1.43954058
0.6800080000000128,1.3689001,1.4395305
0.7360080000000069,1.36890996,1.43952355
0.7920080000000008,1.36891707,1.4395189
0.8480080000000181,1.36892218,1.43951591
0.904008000000012,1.36892584,1.43951411
0.9600080000000061,1.36892846,1.43951313
0.9999920000000132,1.36892987,1.4395128
1.005592000000015,1.36891804,1.43952479
1.0167920000000183,1.36889706,1.43954613
1.0391920000000021,1.36895705,1.43948988
1.0839920000000158,1.37004594,1.43844785
1.1399920000000099,1.37383925,1.43481089
1.195992000000004,1.38038617,1.42847443
1.251992000000021,1.38921312,1.41978185
1.2575920000000227,1.39022285,1.41877594
1.268792000000003,1.39227092,1.41673141
1.2911920000000099,1.3964435,1.41254403
1.3359920000000005,1.4044566,1.4044451
1.3919920000000177,1.41304321,1.39571699
1.4479920000000117,1.41970027,1.38894246
1.5039920000000058,1.42457872,1.38398927
1.5599919999999998,1.42799783,1.38053235
1.615992000000017,1.43028921,1.37822973
1.671992000000011,1.43174669,1.3767774
1.7279920000000049,1.43261171,1.37592642
1.7839920000000222,1.4330723,1.3754834
1.839992000000016,1.4332689,1.37530456
1.8959920000000101,1.43330251,1.37528691
1.9519920000000042,1.43324309,1.37535954
0.007992000000021359,1.43313725,1.37547552
0.06399200000001537,1.43301455,1.37560536
0.1199920000000094,1.43289269,1.37573168
0.17599200000000342,1.43278125,1.37584531
0.2319920000000206,1.43268459,1.37594231
0.2879920000000146,1.43260386,1.37602196
0.3439920000000086,1.43253833,1.37608534
0.3999920000000026,1.43248633,1.37613444
0.4559920000000198,1.43244587,1.37617153
0.5119920000000139,1.43241486,1.37619887
0.5679920000000078,1.43239144,1.37621849
0.6239920000000019,1.43237395,1.37623218
0.679992000000019,1.43236104,1.37624136
0.7359920000000131,1.43235158,1.37624721
0.7919920000000071,1.43234472,1.37625064
0.8479920000000011,1.43233976,1.37625235
0.9039920000000182,1.43233622,1.37625284
0.9599920000000123,1.43233369,1.37625253
1.0159920000000062,1.4323319,1.37625167
1.0719920000000003,1.43233063,1.37625047
1.1279920000000174,1.43232975,1.37624907
1.1839920000000115,1.43232914,1.37624756
1.2399920000000055,1.43232873,1.376246
1.2959920000000227,1.43232846,1.37624444
1.3519920000000167,1.43232831,1.37624289
1.4079920000000108,1.43232823,1.37624138
1.4639920000000048,1.43232823,1.37623991
1.519992000000022,1.43232827,1.37623849
1.575992000000016,1.43232835,1.37623711
1.6319920000000099,1.43232847,1.37623577
1.687992000000004,1.43232862,1.37623448
1.743992000000021,1.43232879,1.37623322
1.7999920000000151,1.43232899,1.376232
1.8559920000000092,1.4323292,1.37623081
1.9119920000000032,1.43232944,1.37622965
1.9679920000000204,1.43232969,1.37622851
0.02399200000001443,1.43232996,1.3762274
0.07999200000000845,1.43233024,1.37622632
0.13599200000000247,1.43233053,1.37622525
0.19199200000001965,1.43233084,1.3762242
0.24799200000001365,1.43233115,1.37622317
0.3039920000000077,1.43233148,1.37622215
0.3599920000000017,1.43233181,1.37622115
0.41599200000001885,1.43233216,1.37622016
0.4719920000000129,1.43233251,1.37621918
0.5279920000000069,1.43233287,1.37621822
0.583992000000001,1.43233323,1.37621726
0.6399920000000181,1.43233361,1.37621632
0.6959920000000122,1.43233399,1.37621538
0.7519920000000061,1.43233437,1.37621446
0.8079920000000002,1.43233476,1.37621354
0.8639920000000173,1.43233516,1.37621263
0.9199920000000114,1.43233556,1.37621172
0.9759920000000054,1.43233597,1.37621083
1.0000160000000204,1.43233614,1.37621044
1.005616000000022,1.43234817,1.37619835
1.0168160000000024,1.43236958,1.376177
1.0392160000000092,1.43231373,1.37623787
1.0840159999999999,1.43127166,1.37733394
1.140016000000017,1.42762646,1.38113378
1.196016000000011,1.42126843,1.38766944
1.2520160000000051,1.41254307,1.39646112
1.2576160000000067,1.4115334,1.39746593
1.2688160000000102,1.40948115,1.39950369
1.291216000000017,1.40527644,1.40365289
1.3360160000000076,1.39713549,1.41161255
1.3920160000000017,1.38835038,1.4201333
1.4480160000000188,1.38152666,1.42673775
1.504016000000013,1.37653891,1.43158064
1.560016000000007,1.37306198,1.43497947
1.6160160000000008,1.37075114,1.43726254
1.6720160000000182,1.36929933,1.43872036
1.728016000000012,1.36845494,1.43959154
1.784016000000006,1.3680224,1.44006191
1.840016,1.3678563,1.44027028
1.8960160000000172,1.36785245,1.44031647
1.9520160000000113,1.36793912,1.44026964
0.008016000000005331,1.36806878,1.44017591
0.06401600000002251,1.36821162,1.44006456
0.12001600000001653,1.36835005,1.43995311
0.17601600000001055,1.36847483,1.4398511
0.23201600000000455,1.368582,1.4397629
0.28801600000002175,1.36867088,1.43968969
0.34401600000001575,1.3687426,1.43963084
0.40001600000000975,1.36879924,1.43958475
0.4560160000000038,1.36884313,1.43954949
0.512016000000021,1.36887663,1.43952308
0.568016000000015,1.36890183,1.43950371
0.624016000000009,1.36892059,1.43948981
0.6800160000000031,1.3689344,1.43948007
0.7360160000000202,1.3689445,1.43947343
0.7920160000000143,1.36895184,1.43946908
0.8480160000000082,1.36895715,1.43946636
0.9040160000000023,1.368961,1.43946481
0.9600160000000194,1.36896381,1.43946406
1.0000000000000033,1.36896534,1.43946389
1.0056000000000052,1.36895353,1.43947589
1.0168000000000086,1.36893258,1.43949728
1.0392000000000154,1.36899265,1.43944111
1.084000000000006,1.37008173,1.43839922
1.1400000000000001,1.37387527,1.43476236
1.1960000000000173,1.38042234,1.42842589
1.2520000000000113,1.38924932,1.4197332
1.257600000000013,1.39025905,1.41872727
1.2688000000000164,1.3923071,1.41668271
1.2912000000000001,1.39647964,1.41249526
1.3360000000000138,1.40449262,1.40439613
1.392000000000008,1.41307907,1.39566775
1.448000000000002,1.41973601,1.38889301
1.504000000000019,1.42461442,1.3839397
1.5600000000000132,1.42803357,1.38048276
1.6160000000000072,1.43032504,1.37818018
1.672000000000001,1.43178265,1.37672796
1.7280000000000184,1.43264782,1.37587712
1.7840000000000122,1.43310858,1.37543426
1.8400000000000063,1.43330535,1.3752556
1.8960000000000004,1.43333914,1.37523813
1.9520000000000175,1.43327989,1.37531094
1.9999920000000067,1.43319043,1.37540955
0.005592000000008267,1.43319055,1.37541032
0.016792000000011704,1.43318789,1.37541488
0.03919200000001857,1.43308282,1.3755283
0.08399200000000916,1.43194176,1.37672893
0.13999200000000317,1.42817872,1.38065193
0.19599200000002034,1.42171539,1.3872966
0.25199200000001437,1.41290007,1.39618028
0.2575920000000161,1.41188235,1.39719324
0.2687920000000195,1.40981433,1.39924694
0.2911920000000032,1.40557993,1.403426
0.335992000000017,1.39738658,1.41143765
0.391992000000011,1.38854786,1.42001024
0.447992000000005,1.38168189,1.42665402
0.5039920000000222,1.3766613,1.43152605
0.5599920000000163,1.37315914,1.43494601
0.6159920000000102,1.37082913,1.43724403
0.6719920000000043,1.36936286,1.43871215
0.7279920000000214,1.36850764,1.43959022
0.7839920000000155,1.36806703,1.44006501
0.8399920000000094,1.36789492,1.44027604
0.8959920000000035,1.36788661,1.44032368
0.9519920000000206,1.36796994,1.44027748
1.0079920000000147,1.3680971,1.44018385
1.0639920000000087,1.36823803,1.44007225
1.1199920000000028,1.36837499,1.43996035
1.17599200000002,1.36849862,1.43985778
1.231992000000014,1.36860486,1.43976898
1.287992000000008,1.36869299,1.43969516
1.3439920000000019,1.36876408,1.4396357
1.399992000000019,1.36882018,1.43958904
1.455992000000013,1.3688636,1.43955324
1.511992000000007,1.36889667,1.43952633
1.5679920000000012,1.3689215,1.4395065
1.6239920000000183,1.36893992,1.43949217
1.6799920000000124,1.36895341,1.43948203
1.7359920000000064,1.36896322,1.43947502
1.7919920000000005,1.36897028,1.43947033
1.8479920000000176,1.36897534,1.43946729
1.9039920000000117,1.36897895,1.43946545
1.9599920000000055,1.36898153,1.43946443
0.01599200000002278,1.36898338,1.43946398
0.07199200000001679,1.36898473,1.43946392
0.12799200000001082,1.36898573,1.43946411
0.18399200000000482,1.36898649,1.43946446
0.23999200000002202,1.36898708,1.43946491
0.295992000000016,1.36898758,1.43946541
0.35199200000001,1.36898799,1.43946594
0.4079920000000041,1.36898837,1.43946648
0.4639920000000212,1.36898871,1.43946703
0.5199920000000152,1.36898903,1.43946756
0.5759920000000093,1.36898933,1.43946809
0.6319920000000033,1.36898963,1.4394686
0.6879920000000205,1.36898991,1.4394691
0.7439920000000145,1.3689902,1.43946959
0.7999920000000085,1.36899047,1.43947006
0.8559920000000025,1.36899074,1.43947052
0.9119920000000197,1.36899101,1.43947097
0.9679920000000137,1.36899127,1.43947141
1.0239920000000078,1.36899152,1.43947184
1.0799920000000018,1.36899177,1.43947226
1.135992000000019,1.36899202,1.43947267
1.191992000000013,1.36899226,1.43947307
1.2479920000000069,1.3689925,1.43947347
1.303992000000001,1.36899273,1.43947385
1.359992000000018,1.36899296,1.43947423
1.4159920000000121,1.36899319,1.43947461
1.4719920000000062,1.36899341,1.43947497
1.5279920000000002,1.36899362,1.43947533
1.5839920000000174,1.36899383,1.43947569
1.6399920000000114,1.36899404,1.43947603
1.6959920000000055,1.36899424,1.43947637
1.7519920000000226,1.36899444,1.43947671
1.8079920000000167,1.36899463,1.43947704
1.8639920000000105,1.36899482,1.43947737
1.9199920000000046,1.36899501,1.43947769
1.9759920000000217,1.36899519,1.43947801
1.600000001368234e-05,1.36899526,1.43947814
0.0056160000000154,1.36898328,1.43949019
0.016816000000018837,1.36896201,1.43951164
0.03921600000000255,1.36902148,1.43945555
0.08401600000001629,1.37010955,1.43841374
0.1400160000000103,1.37390206,1.43477683
0.19601600000000433,1.38044823,1.42844023
0.2520160000000215,1.38927436,1.41974737
0.25761600000000007,1.390284,1.41874143
0.2688160000000035,1.39233189,1.41669683
0.29121600000001036,1.3965041,1.4125093
0.3360160000000009,1.40451645,1.40441001
0.3920160000000181,1.41310218,1.3956814
0.4480160000000121,1.41975852,1.38890639
0.5040160000000061,1.42463642,1.3839528
0.5600160000000002,1.42805513,1.38049555
0.6160160000000173,1.43034622,1.37819267
0.6720160000000114,1.43180349,1.37674014
0.7280160000000054,1.43266835,1.37588899
0.7840160000000226,1.43312883,1.37544582
0.8400160000000166,1.43332534,1.37526684
0.8960160000000106,1.43335887,1.37524907
0.9520160000000046,1.43329938,1.37532158
1.0000080000000169,1.43320972,1.37541995
1.0056080000000185,1.43320981,1.37542069
1.016808000000022,1.43320711,1.37542519
1.0392080000000057,1.43310195,1.3755385
1.0840080000000194,1.43196074,1.37673888
1.1400080000000135,1.42819755,1.38066155
1.1960080000000075,1.42173414,1.38730584
1.2520080000000013,1.41291879,1.39618912
1.2576080000000032,1.41190107,1.39720203
1.2688080000000066,1.40983305,1.39925565
1.2912080000000135,1.40559864,1.40343453
1.336008000000004,1.39740531,1.41144584
1.3920080000000212,1.3885666,1.42001804
1.4480080000000153,1.38170061,1.42666145
1.5040080000000093,1.37667997,1.43153316
1.5600080000000034,1.37317772,1.43495281
1.6160080000000205,1.37084758,1.43725055
1.6720080000000146,1.36938118,1.43871841
1.7280080000000084,1.3685258,1.43959623
1.7840080000000025,1.36808502,1.44007079
1.8400080000000196,1.36791273,1.4402816
1.8960080000000137,1.36790424,1.44032902
1.9520080000000077,1.36798739,1.44028262
1.990403348955723e-14,1.36809528,1.44020339
0.0056000000000216215,1.36809713,1.44020467
0.016800000000001897,1.36810373,1.44020431
0.03920000000000877,1.36821965,1.44010341
0.08400000000002251,1.36941989,1.43897079
0.14000000000001653,1.37334476,1.43522509
0.19600000000001055,1.38000867,1.42879098
0.25200000000000455,1.38893498,1.42001483
0.25760000000000627,1.38995355,1.41900145
0.2688000000000097,1.39201893,1.41694228
0.2912000000000166,1.39622401,1.41272733
0.3360000000000072,1.40429398,1.40457981
0.3920000000000012,1.41293782,1.39580221
0.4480000000000184,1.41963894,1.3889891
0.5040000000000123,1.42455071,1.38400643
0.5600000000000064,1.42799463,1.38052738
0.6160000000000004,1.43030421,1.37820844
0.6720000000000176,1.43177488,1.37674429
0.7280000000000116,1.43264934,1.37588488
0.7840000000000056,1.43311661,1.37543597
0.8400000000000228,1.43331789,1.37525309
0.8960000000000168,1.43335474,1.37523275
0.9520000000000108,1.43329755,1.37530364
1.008000000000005,1.43319322,1.37541855
1.064000000000022,1.43307154,1.37554777
1.120000000000016,1.43295037,1.37567378
1.1760000000000101,1.43283938,1.3757873
1.232000000000004,1.43274304,1.37588431
1.2880000000000214,1.43266251,1.37596405
1.3440000000000152,1.43259712,1.37602756
1.4000000000000092,1.43254522,1.3760768
1.4560000000000033,1.43250482,1.37611404
1.5120000000000204,1.43247386,1.37614153
1.5680000000000145,1.43245047,1.3761613
1.6240000000000085,1.43243301,1.37617511
1.6800000000000026,1.43242011,1.37618441
1.7360000000000197,1.43241066,1.37619037
1.7920000000000138,1.43240381,1.37619389
1.8480000000000079,1.43239886,1.37619568
1.9040000000000017,1.43239531,1.37619625
1.960000000000019,1.43239278,1.376196
1.9999840000000029,1.43239144,1.37619546
0.0055840000000046824,1.43240327,1.37618337
0.01678400000000812,1.43242429,1.376162
0.03918400000001499,1.43236772,1.37622278
0.08398400000000557,1.43132444,1.37731854
0.13998400000002276,1.42767811,1.38111778
0.19598400000001676,1.42131933,1.38765276
0.2519840000000108,1.41259348,1.39644378
0.2575840000000125,1.41158377,1.39744852
0.26878400000001595,1.40953145,1.39948614
0.2911840000000228,1.40532663,1.4036351
0.3359840000000134,1.39718554,1.4115943
0.3919840000000074,1.38840033,1.42011452
0.44798400000000144,1.3815765,1.42671846
0.5039840000000186,1.37658859,1.43156083
0.5599840000000126,1.37311144,1.43495914
0.6159840000000066,1.37080033,1.43724171
0.6719840000000007,1.36934821,1.43869903
0.7279840000000178,1.36850349,1.43956973
0.7839840000000119,1.36807063,1.44003966
0.8399840000000058,1.36790419,1.4402476
0.8959840000000231,1.36790002,1.44029339
0.951984000000017,1.36798637,1.44024619
1.007984000000011,1.36811573,1.44015211
1.0639840000000051,1.36825828,1.44004043
1.1199840000000223,1.36839644,1.43992868
1.1759840000000163,1.36852096,1.43982638
1.2319840000000104,1.36862787,1.43973792
1.2879840000000042,1.36871652,1.43966447
1.3439840000000216,1.36878801,1.43960538
1.3999840000000154,1.36884443,1.43955907
1.4559840000000095,1.36888812,1.43952361
1.5119840000000035,1.36892142,1.439497
1.5679840000000207,1.36894643,1.43947745
1.6239840000000147,1.36896501,1.43946338
1.6799840000000088,1.36897865,1.43945347
1.7359840000000029,1.36898857,1.43944668
1.79198400000002,1.36899574,1.43944217
1.847984000000014,1.3690009,1.4394393
1.903984000000008,1.3690046,1.43943761
1.959984000000002,1.36900726,1.43943673
2.40000000038765e-05,1.36900869,1.43943646
0.005624000000005594,1.36899686,1.43944846
0.01682400000000903,1.36897588,1.43946981
0.0392240000000159,1.3690359,1.4394136
0.08402400000000648,1.37012491,1.43837162
0.1400240000000005,1.37391834,1.43473464
0.19602400000001768,1.38046518,1.428398
0.2520240000000117,1.38929179,1.41970512
0.2576240000000134,1.39030147,1.41869917
0.2688240000000168,1.39234942,1.41665456
0.29122400000000054,1.39652176,1.41246702
0.3360240000000143,1.40453431,1.40436767
0.3920240000000083,1.41312022,1.395639
0.4480240000000023,1.41977671,1.38886399
0.5040240000000196,1.42465478,1.38391047
0.5600240000000135,1.42807368,1.38045338
0.6160240000000076,1.43036497,1.3781507
0.6720240000000016,1.43182245,1.37669841
0.7280240000000188,1.43268754,1.37584753
0.7840240000000127,1.43314824,1.37540465
0.8400240000000068,1.43334497,1.37522596
0.8960240000000008,1.43337872,1.37520847
0.952024000000018,1.43331944,1.37528126
1.000016000000007,1.43322996,1.37537986
1.0056160000000087,1.43323007,1.37538063
1.0168160000000122,1.43322741,1.37538518
1.039216000000019,1.43312233,1.37549859
1.0840160000000096,1.43198126,1.37669915
1.1400160000000037,1.42821824,1.38062207
1.1960160000000208,1.42175502,1.38726672
1.252016000000015,1.41293987,1.39615048
1.2576160000000165,1.41192218,1.39716344
1.26881600000002,1.40985419,1.39921717
1.2912160000000037,1.40561988,1.4033963
1.3360160000000174,1.39742675,1.41140811
1.3920160000000115,1.38858832,1.4199809
1.4480160000000055,1.3817226,1.42662481
1.5040160000000227,1.37670217,1.43149692
1.5600160000000167,1.3732001,1.43491689
1.6160160000000106,1.37087009,1.43721487
1.6720160000000046,1.36940379,1.43868293
1.7280160000000218,1.3685485,1.4395609
1.7840160000000158,1.3681078,1.44003558
1.8400160000000099,1.36793558,1.4402465
1.896016000000004,1.36792715,1.44029402
1.952016000000021,1.36801036,1.4402477
0.008016000000015103,1.3681374,1.44015395
0.06401600000000912,1.36827822,1.44004225
0.12001600000000313,1.36841507,1.43993025
0.17601600000002032,1.36853859,1.43982758
0.23201600000001432,1.36864473,1.43973869
0.2880160000000084,1.36873276,1.43966478
0.3440160000000024,1.36880376,1.43960524
0.4000160000000195,1.36885977,1.4395585
0.4560160000000136,1.3689031,1.43952263
0.5120160000000076,1.3689361,1.43949565
0.5680160000000016,1.36896085,1.43947576
0.6240160000000188,1.36897919,1.43946136
0.6800160000000128,1.36899261,1.43945117
0.7360160000000068,1.36900235,1.4394441
0.7920160000000008,1.36900934,1.43943935
0.848016000000018,1.36901434,1.43943626
0.904016000000012,1.36901788,1.43943437
0.9600160000000061,1.3690204,1.4394333
1.016016,1.36902219,1.43943281
1.0720160000000172,1.36902348,1.4394327
1.1280160000000112,1.36902442,1.43943284
1.1840160000000053,1.36902512,1.43943314
1.2400160000000224,1.36902566,1.43943355
1.2960160000000165,1.3690261,1.43943401
1.3520160000000105,1.36902647,1.43943451
1.4080160000000046,1.36902679,1.43943501
1.4640160000000217,1.36902708,1.43943551
1.5200160000000158,1.36902735,1.43943601
1.5760160000000096,1.36902761,1.4394365
1.6320160000000037,1.36902786,1.43943697
1.6880160000000208,1.3690281,1.43943744
1.7440160000000149,1.36902833,1.43943789
1.800016000000009,1.36902856,1.43943833
1.856016000000003,1.36902879,1.43943876
1.9120160000000201,1.36902901,1.43943918
1.9680160000000142,1.36902923,1.43943958
1.9999920000000164,1.36902935,1.43943981
0.005592000000018037,1.36901737,1.43945187
0.016792000000021474,1.36899611,1.43947333
0.03919200000000518,1.3690556,1.43941728
0.08399200000001893,1.37014375,1.43837552
0.13999200000001294,1.37393636,1.43473863
0.19599200000000697,1.38048254,1.42840197
0.251992000000001,1.38930856,1.41970899
0.2575920000000027,1.39031819,1.41870302
0.26879200000000614,1.39236604,1.4166584
0.291192000000013,1.39653817,1.41247079
0.33599200000000357,1.40455031,1.40437131
0.39199200000002077,1.41313579,1.39564245
0.44799200000001477,1.41979193,1.38886723
0.5039920000000088,1.42466971,1.38391351
0.5599920000000028,1.42808837,1.38045621
0.61599200000002,1.43037946,1.37815333
0.671992000000014,1.43183678,1.37670084
0.7279920000000081,1.43270172,1.37584977
0.783992000000002,1.43316229,1.3754067
0.8399920000000192,1.4333589,1.37522783
0.8959920000000132,1.43339253,1.37521017
0.9519920000000073,1.43333314,1.37528279
1.0079920000000013,1.43322732,1.37539877
1.0639920000000185,1.43310464,1.3755286
1.1199920000000125,1.43298279,1.3756549
1.1759920000000066,1.43287134,1.37576851
1.2319920000000004,1.43277468,1.37586548
1.2879920000000178,1.43269392,1.37594509
1.3439920000000116,1.43262837,1.37600843
1.3999920000000057,1.43257634,1.37605748
1.4559920000000228,1.43253583,1.37609451
1.5119920000000169,1.43250478,1.37612179
1.567992000000011,1.43248131,1.37614136
1.623992000000005,1.43246377,1.37615497
1.6799920000000221,1.43245079,1.37616409
1.7359920000000162,1.43244128,1.37616987
1.7919920000000102,1.43243435,1.37617323
1.847992000000004,1.43242934,1.37617487
1.9039920000000214,1.43242572,1.37617529
1.9599920000000153,1.43242313,1.37617491
1.9999760000000226,1.43242174,1.37617428
0.005576000000001098,1.43243356,1.37616217
0.016776000000004534,1.43245457,1.37614077
0.0391760000000114,1.43239798,1.37620151
0.083976000000002,1.43135466,1.37729713
0.13997600000001917,1.42770832,1.38109622
0.1959760000000132,1.42134958,1.3876311
0.2519760000000072,1.41262384,1.39642209
0.2575760000000089,1.41161414,1.39742683
0.26877600000001234,1.40956185,1.39946446
0.2911760000000192,1.40535708,1.40361343
0.3359760000000098,1.39721614,1.4115727
0.3919760000000038,1.38843113,1.420093
0.447976000000021,1.38160746,1.42669699
0.503976000000015,1.37661966,1.43153937
0.559976000000009,1.37314255,1.43493765
0.6159760000000031,1.37083143,1.43722014
0.6719760000000202,1.36937928,1.43867737
0.7279760000000143,1.36853449,1.43954798
0.7839760000000082,1.36810153,1.44001779
0.8399760000000023,1.367935,1.44022562
0.8959760000000194,1.36793074,1.4402713
0.9519760000000135,1.36801698,1.44022399
1.0000240000000205,1.36812701,1.44014433
1.005624000000022,1.36812907,1.44014559
1.0168240000000024,1.36813605,1.44014521
1.0392240000000093,1.36825269,1.44004429
1.084024000000023,1.36945419,1.43891176
1.140024000000017,1.37338031,1.43516624
1.196024000000011,1.38004513,1.4287323
1.252024000000005,1.38897204,1.41995627
1.2576240000000067,1.38999066,1.4189429
1.2688240000000102,1.39205612,1.41688374
1.291224000000017,1.39626133,1.41266882
1.3360240000000076,1.40433146,1.4045213
1.3920240000000017,1.41297543,1.39574367
1.4480240000000189,1.41967666,1.38893058
1.504024000000013,1.42458858,1.38394802
1.5600240000000067,1.42803269,1.38046918
1.6160240000000008,1.43034251,1.37815051
1.672024000000018,1.43181344,1.37668667
1.728024000000012,1.43268816,1.3758276
1.784024000000006,1.4331557,1.37537904
1.840024,1.43335724,1.3751965
1.8960240000000173,1.43339435,1.3751765
1.9520240000000113,1.43333741,1.37524771
0.008024000000005296,1.43323331,1.37536293
0.06402400000002248,1.43311186,1.37549244
0.12002400000001649,1.43299089,1.37561873
0.1760240000000105,1.4328801,1.37573251
0.23202400000000453,1.43278394,1.37582975
0.2880240000000217,1.43270358,1.37590972
0.3440240000000157,1.43263835,1.37597345
0.40002400000000976,1.43258661,1.37602289
0.45602400000000376,1.43254635,1.37606032
0.5120240000000209,1.43251552,1.37608799
0.568024000000015,1.43249226,1.37610792
0.624024000000009,1.43247492,1.3761219
0.680024000000003,1.43246214,1.37613135
0.7360240000000202,1.4324528,1.37613745
0.7920240000000142,1.43244605,1.37614111
0.8480240000000082,1.43244121,1.37614304
0.9040240000000023,1.43243776,1.37614374
0.9600240000000194,1.43243532,1.37614361
1.0160240000000134,1.43243362,1.37614293
1.0720240000000074,1.43243244,1.3761419
1.1280240000000015,1.43243163,1.37614065
1.1840240000000186,1.4324311,1.37613928
1.2400240000000127,1.43243076,1.37613786
1.2960240000000067,1.43243056,1.37613643
1.3520240000000008,1.43243048,1.37613501
1.408024000000018,1.43243046,1.37613361
1.4640240000000118,1.43243052,1.37613226
1.5200240000000058,1.43243062,1.37613094
1.576024000000023,1.43243076,1.37612966
1.632024000000017,1.43243093,1.37612842
1.688024000000011,1.43243113,1.37612722
1.7440240000000051,1.43243135,1.37612605
1.8000240000000223,1.4324316,1.37612492
1.8560240000000163,1.43243187,1.37612381
1.9120240000000104,1.43243215,1.37612273
1.9680240000000044,1.43243245,1.37612167
6.514047323855093e-15,1.43243262,1.37612108
0.005600000000008232,1.43244464,1.37610897
0.016800000000011667,1.43246603,1.37608759
0.03920000000001854,1.43241014,1.37614839
0.08400000000000912,1.43136801,1.37724425
0.14000000000000315,1.42772284,1.38104387
0.19600000000002032,1.42136502,1.38757954
0.2520000000000143,1.41264003,1.39637153
0.25760000000001604,1.4116304,1.39737639
0.26880000000001947,1.40957824,1.39941425
0.2912000000000032,1.40537374,1.40356369
0.33600000000001695,1.39723331,1.41152392
0.39200000000001095,1.38844891,1.42004539
0.44800000000000495,1.38162579,1.42665039
0.5040000000000221,1.37663846,1.43149363
0.5600000000000162,1.37316176,1.43489263
0.6160000000000102,1.37085099,1.43717572
0.6720000000000041,1.36939914,1.43863346
0.7280000000000214,1.36855462,1.4395045
0.7840000000000154,1.36812191,1.43997469
0.8400000000000094,1.3679556,1.44018285
0.8960000000000035,1.36795154,1.44022882
0.9520000000000206,1.36803799,1.44018178
0.9999920000000097,1.36814805,1.44010244
1.0055920000000114,1.36815012,1.44010374
1.0167920000000148,1.36815714,1.44010341
1.0391920000000217,1.36827386,1.44000258
1.0839920000000123,1.36947555,1.43887021
1.1399920000000063,1.37340194,1.43512481
1.1959920000000002,1.38006699,1.42869087
1.2519920000000175,1.38899407,1.41991476
1.2575920000000191,1.39001269,1.41890138
1.2687920000000226,1.39207818,1.41684219
1.2911920000000063,1.39628343,1.41262721
1.33599200000002,1.4043536,1.40447953
1.391992000000014,1.41299759,1.39570169
1.4479920000000082,1.41969887,1.38888845
1.503992000000002,1.42461089,1.38390583
1.5599920000000194,1.42805514,1.380427
1.6159920000000132,1.43036512,1.37810841
1.6719920000000073,1.43183623,1.37664469
1.7279920000000013,1.43271115,1.37578578
1.7839920000000185,1.43317889,1.37533739
1.8399920000000125,1.43338064,1.37515505
1.8959920000000066,1.43341795,1.37513524
1.9519920000000006,1.43336119,1.37520665
1.9999840000000126,1.43327329,1.3753046
0.005584000000014453,1.43327355,1.37530532
0.01678400000001789,1.43327119,1.37530978
0.0391840000000016,1.43316664,1.37542305
0.08398400000001534,1.43202644,1.37662344
0.13998400000000935,1.42826427,1.38054643
0.19598400000000338,1.42180175,1.38719151
0.2519840000000206,1.41298722,1.39607605
0.2575840000000223,1.41196958,1.39708912
0.2687840000000025,1.40990171,1.39914304
0.29118400000000944,1.40566763,1.4033226
0.33598400000002315,1.39747501,1.41133533
0.39198400000001715,1.38863722,1.41990925
0.4479840000000112,1.38177206,1.42655414
0.5039840000000052,1.37675208,1.43142704
0.5599840000000224,1.37325035,1.43484763
0.6159840000000164,1.37092059,1.43714609
0.6719840000000105,1.36945447,1.43861451
0.7279840000000044,1.36859931,1.43949278
0.7839840000000217,1.3681587,1.43996769
0.8399840000000156,1.36798656,1.4401788
0.8959840000000097,1.36797821,1.44022649
0.9519840000000037,1.36806148,1.44018032
0.9999760000000159,1.36816949,1.44010127
1.0055760000000176,1.36817136,1.44010258
1.016776000000021,1.36817799,1.44010226
1.0391760000000048,1.36829398,1.44000144
1.0839760000000185,1.36949446,1.43886896
1.1399760000000125,1.37341964,1.43512327
1.1959760000000066,1.38008371,1.42868895
1.2519760000000004,1.38900995,1.41991242
1.2575760000000022,1.3900285,1.41889899
1.2687760000000057,1.39209384,1.41683972
1.2911760000000125,1.39629879,1.41262456
1.3359760000000032,1.40436843,1.40447652
1.3919760000000203,1.41301186,1.39569824
1.4479760000000144,1.41971267,1.38888458
1.5039760000000084,1.42462432,1.38390157
1.5599760000000022,1.42806827,1.3804224
1.6159760000000196,1.43037801,1.3781035
1.6719760000000135,1.43184893,1.3766395
1.7279760000000075,1.43272369,1.37578034
1.7839760000000016,1.43319129,1.37533174
1.8399760000000187,1.43339291,1.3751492
1.8959760000000128,1.43343012,1.37512921
1.9519760000000068,1.43337327,1.37520045
0.0079760000000008,1.43326927,1.37531571
0.06397600000001798,1.43314792,1.37544528
0.11997600000001199,1.43302705,1.37557163
0.17597600000000602,1.43291635,1.37568547
0.2319760000000232,1.43282028,1.37578278
0.2879760000000172,1.43274001,1.37586281
0.3439760000000112,1.43267486,1.37592661
0.3999760000000052,1.4326232,1.37597612
0.4559760000000224,1.43258302,1.37601362
0.5119760000000164,1.43255227,1.37604135
0.5679760000000105,1.43252908,1.37606136
0.6239760000000045,1.43251181,1.3760754
0.6799760000000217,1.43249909,1.37608492
0.7359760000000156,1.43248982,1.37609109
0.7919760000000097,1.43248314,1.37609482
0.8479760000000037,1.43247836,1.37609681
0.9039760000000209,1.43247497,1.37609757
0.9599760000000149,1.43247259,1.37609751
1.0159760000000089,1.43247095,1.37609689
1.071976000000003,1.43246982,1.37609593
1.12797600000002,1.43246908,1.37609474
1.1839760000000141,1.4324686,1.37609344
1.2399760000000082,1.43246832,1.37609208
1.2959760000000022,1.43246817,1.37609071
1.3519760000000194,1.43246813,1.37608935
1.4079760000000134,1.43246817,1.37608802
1.4639760000000073,1.43246828,1.37608672
1.5199760000000013,1.43246842,1.37608546
1.5759760000000185,1.43246861,1.37608424
1.6319760000000125,1.43246883,1.37608306
1.6879760000000066,1.43246908,1.37608191
1.7439760000000006,1.43246935,1.3760808
1.7999760000000178,1.43246964,1.37607972
1.8559760000000118,1.43246995,1.37607867
1.911976000000006,1.43247027,1.37607764
1.967976000000023,1.43247061,1.37607663
0.023976000000017032,1.43247096,1.37607565
0.07997600000001105,1.43247133,1.37607469
0.13597600000000507,1.4324717,1.37607374
0.19197600000002224,1.43247208,1.37607281
0.24797600000001627,1.43247248,1.37607189
0.3039760000000103,1.43247288,1.37607099
0.3599760000000043,1.43247329,1.3760701
0.4159760000000215,1.4324737,1.37606922
0.4719760000000155,1.43247413,1.37606835
0.5279760000000095,1.43247455,1.37606749
0.5839760000000035,1.43247499,1.37606663
0.6399760000000208,1.43247543,1.37606579
0.6959760000000147,1.43247587,1.37606495
0.7519760000000087,1.43247632,1.37606412
0.8079760000000028,1.43247677,1.3760633
0.86397600000002,1.43247723,1.37606248
0.919976000000014,1.43247769,1.37606167
0.975976000000008,1.43247815,1.37606086
1.0000000000000229,1.43247835,1.37606051
1.0056000000000016,1.43249038,1.37604843
1.016800000000005,1.43251181,1.37602709
1.039200000000012,1.43245597,1.37608796
1.0840000000000025,1.43141394,1.37718395
1.1400000000000197,1.42776893,1.38098373
1.1960000000000137,1.42141134,1.38751972
1.2520000000000076,1.41268662,1.39631223
1.2576000000000094,1.41167702,1.39731715
1.2688000000000128,1.40962492,1.39935514
1.2912000000000197,1.40542055,1.40350485
1.3360000000000103,1.39728044,1.41146568
1.3920000000000043,1.38849648,1.41998785
1.4480000000000215,1.38167376,1.42659345
1.5040000000000155,1.37668674,1.43143713
1.5600000000000094,1.37321025,1.43483643
1.6160000000000034,1.37089961,1.43711973
1.6720000000000206,1.36944782,1.43857759
1.7280000000000146,1.36860333,1.4394487
1.7840000000000087,1.36817062,1.43991893
1.8400000000000027,1.36800429,1.44012711
1.89600000000002,1.36800021,1.44017308
1.952000000000014,1.36808664,1.44012604
1.9999920000000029,1.36819668,1.4400467
0.005592000000004648,1.36819875,1.44004799
0.01679200000000808,1.36820577,1.44004766
0.03919200000001496,1.36832249,1.43994683
0.08399200000000553,1.36952424,1.43881445
0.1399920000000227,1.37345071,1.43506896
0.19599200000001674,1.38011573,1.42863482
0.25199200000001076,1.38904262,1.41985843
0.2575920000000125,1.39006122,1.41884501
0.2687920000000159,1.39212664,1.41678576
0.29119200000002277,1.39633176,1.41257063
0.33599200000001334,1.40440161,1.40442261
0.3919920000000074,1.41304521,1.39564432
0.4479920000000014,1.41974618,1.38883071
0.5039920000000185,1.424658,1.38384783
0.5599920000000126,1.42810216,1.38036886
0.6159920000000066,1.43041214,1.37805023
0.6719920000000006,1.4318833,1.37658654
0.7279920000000178,1.43275831,1.37572771
0.7839920000000118,1.43322617,1.37527943
0.8399920000000058,1.43342804,1.37509722
0.895992000000023,1.43346548,1.37507755
0.951992000000017,1.43340886,1.3751491
0.9999840000000061,1.43332107,1.37524717
1.0055840000000078,1.43332134,1.3752479
1.0167840000000112,1.433319,1.37525239
1.039184000000018,1.43321449,1.37536576
1.0839840000000087,1.43207495,1.37656719
1.1399840000000028,1.42831405,1.38049181
1.19598400000002,1.42185183,1.38713719
1.2519840000000138,1.41303717,1.3960216
1.2575840000000156,1.41201953,1.39703468
1.268784000000019,1.40995166,1.39908862
1.2911840000000028,1.40571757,1.4032682
1.3359840000000165,1.39752499,1.41128106
1.3919840000000105,1.38868733,1.41985518
1.4479840000000046,1.38182233,1.42650025
1.5039840000000217,1.37680247,1.43137326
1.5599840000000158,1.37330079,1.4347939
1.6159840000000096,1.37097106,1.43709238
1.6719840000000037,1.36950492,1.43856079
1.7279840000000208,1.36864973,1.43943902
1.783984000000015,1.36820908,1.43991389
1.839984000000009,1.3680369,1.44012496
1.895984000000003,1.3680285,1.4401726
1.9519840000000201,1.36811173,1.4401264
1.999976000000009,1.3682197,1.44004732
0.005576000000010869,1.36822157,1.44004862
0.016776000000014304,1.36822819,1.4400483
0.03917600000002117,1.36834418,1.43994747
0.08397600000001176,1.3695447,1.43881495
0.13997600000000576,1.37346993,1.43506917
0.19597600000002297,1.38013394,1.42863464
0.25197600000001696,1.38905996,1.41985782
0.2575760000000187,1.39007849,1.41884436
0.2687760000000221,1.39214375,1.41678502
0.2911760000000058,1.39634856,1.41256971
0.3359760000000196,1.40441784,1.40442134
0.3919760000000136,1.41306083,1.39564261
0.4479760000000076,1.4197613,1.38882857
0.5039760000000016,1.42467272,1.3838453
0.5599760000000188,1.42811655,1.38036598
0.6159760000000128,1.43042625,1.37804702
0.6719760000000068,1.43189719,1.37658304
0.7279760000000008,1.43277201,1.37572394
0.783976000000018,1.43323971,1.37527542
0.839976000000012,1.43344144,1.37509299
0.8959760000000061,1.43347875,1.37507312
0.9519760000000232,1.43342201,1.37514449
1.000024000000007,1.43333401,1.37524253
1.0056240000000087,1.43333428,1.37524325
1.0168240000000122,1.43333191,1.37524771
1.039224000000019,1.43322736,1.37536095
1.0840240000000096,1.43208719,1.37656126
1.1400240000000035,1.42832511,1.38048416
1.1960240000000208,1.42186279,1.38712931
1.2520240000000147,1.41304856,1.39601412
1.2576240000000165,1.41203095,1.39702722
1.26882400000002,1.40996315,1.39908123
1.2912240000000037,1.40572922,1.40326097
1.3360240000000174,1.39753696,1.41127414
1.3920240000000115,1.38869966,1.41984859
1.4480240000000053,1.38183494,1.42649391
1.5040240000000227,1.37681527,1.43136708
1.5600240000000165,1.37331372,1.43478781
1.6160240000000106,1.37098403,1.43708632
1.6720240000000046,1.36951791,1.43855471
1.7280240000000218,1.36866269,1.4394329
1.7840240000000158,1.36822199,1.43990771
1.8400240000000099,1.36804974,1.4401187
1.896024000000004,1.36804127,1.44016626
1.952024000000021,1.36812442,1.44011997
0.008024000000015068,1.36825141,1.44002623
0.06402400000000909,1.36839218,1.43991454
0.1200240000000031,1.368529,1.43980256
0.17602400000002028,1.3686525,1.43969992
0.2320240000000143,1.36875863,1.43961107
0.28802400000000833,1.36884665,1.4395372
0.34402400000000233,1.36891766,1.43947772
0.40002400000001953,1.36897369,1.43943104
0.45602400000001353,1.36901705,1.43939523
0.5120240000000076,1.36905008,1.43936832
0.5680240000000015,1.36907488,1.43934849
0.6240239999999956,1.36909327,1.43933417
0.6800240000000127,1.36910675,1.43932406
0.73602400000003,1.36911654,1.43931707
0.7920240000000008,1.36912359,1.4393124
0.848024000000018,1.36912865,1.4393094
0.9040239999999888,1.36913226,1.43930758
0.960024000000006,1.36913485,1.4393066
1.000008000000013,1.36913623,1.43930626
1.0056079999999918,1.36912439,1.43931825
1.0168079999999953,1.36910341,1.43933959
1.0392080000000021,1.36916344,1.43928334
1.0840080000000158,1.37025258,1.43824129
1.140008000000033,1.37404614,1.43460406
1.1960080000000037,1.38059282,1.42826694
1.252008000000021,1.38941884,1.41957336
1.2576079999999996,1.39042844,1.41856733
1.268808000000003,1.39247623,1.41652257
1.29120800000001,1.39664817,1.41233467
1.3360080000000236,1.4046598,1.4042345
1.3920079999999944,1.41324457,1.39550474
1.4480080000000117,1.41990016,1.3887288
1.5040080000000289,1.42477762,1.38377463
1.5600079999999996,1.42819618,1.38031716
1.6160080000000168,1.43048733,1.37801433
1.6720080000000341,1.43194484,1.37656205
1.7280080000000049,1.43281006,1.37571128
1.784008000000022,1.43327095,1.37526859
1.840007999999993,1.43346791,1.37509014
1.8960080000000101,1.4335019,1.37507291
1.9520080000000273,1.43344286,1.37514596
1.9999999999999931,1.43335358,1.37524478
0.005600000000018003,1.43335372,1.37524557
0.01680000000002144,1.4333511,1.37525017
0.03920000000002831,1.4332461,1.37536365
0.08399999999999573,1.4321052,1.37656425
0.14000000000001292,1.4283425,1.38048728
0.1960000000000301,1.42187979,1.38713236
0.25200000000000095,1.41306531,1.39601698
0.2576000000000258,1.41204769,1.39703006
0.26880000000002924,1.40997986,1.39908402
0.2911999999999898,1.40574588,1.40326365
0.3360000000000036,1.39755356,1.41127658
0.3920000000000207,1.38871621,1.41985073
0.44799999999999157,1.38185144,1.42649574
0.5040000000000088,1.37683171,1.43136861
0.5600000000000259,1.37333007,1.43478905
0.6159999999999968,1.37100029,1.43708728
0.6720000000000139,1.36953405,1.43855541
0.7280000000000312,1.3686787,1.43943335
0.784000000000002,1.36823787,1.43990793
0.8400000000000192,1.36806548,1.44011869
0.89599999999999,1.36805687,1.44016604
0.9520000000000072,1.36813989,1.44011955
0.9999920000000194,1.36824768,1.44004023
1.005591999999998,1.36824952,1.44004151
1.0167920000000015,1.3682561,1.44004114
1.0391920000000083,1.36837201,1.4399402
1.083992000000022,1.36957238,1.43880749
1.1399919999999928,1.37349739,1.43506149
1.19599200000001,1.3801611,1.42862677
1.2519920000000273,1.38908674,1.41984975
1.2575920000000058,1.39010521,1.41883627
1.2687920000000092,1.39217039,1.41677689
1.291192000000016,1.39637501,1.41256151
1.3359920000000298,1.4044439,1.40441297
1.3919920000000008,1.41308642,1.39563402
1.447992000000018,1.41978648,1.38881977
1.503992000000035,1.42469757,1.38383631
1.5599920000000058,1.42814112,1.38035683
1.615992000000023,1.43045061,1.37803773
1.671991999999994,1.43192136,1.37657362
1.727992000000011,1.43279603,1.37571441
1.7839920000000282,1.43326358,1.37526578
1.8399919999999992,1.43346519,1.37508324
1.8959920000000163,1.43350239,1.37506327
1.9519920000000335,1.43344555,1.37513453
0.00799200000000435,1.43334155,1.3752498
0.06399200000002153,1.4332202,1.37537939
0.11999199999999238,1.43309933,1.37550573
0.17599200000000956,1.43298863,1.37561957
0.23199200000002673,1.43289254,1.37571688
0.2879919999999976,1.43281225,1.3757969
0.3439920000000148,1.43274708,1.37586067
0.39999200000003193,1.43269538,1.37591015
0.4559920000000028,1.43265516,1.37594762
0.51199200000002,1.43262437,1.37597532
0.5679919999999908,1.43260114,1.37599528
0.623992000000008,1.43258383,1.37600928
0.6799920000000252,1.43257107,1.37601876
0.7359919999999961,1.43256175,1.37602488
0.7919920000000132,1.43255501,1.37602856
0.8479920000000304,1.43255018,1.37603051
0.9039920000000012,1.43254674,1.37603122
0.9599920000000185,1.43254432,1.37603111
0.9999760000000256,1.43254305,1.37603068
1.0055760000000042,1.43255488,1.37601859
1.0167760000000077,1.43257593,1.37599724
1.0391760000000145,1.43251939,1.37605805
1.0839760000000283,1.43147618,1.37715373
1.139975999999999,1.42783007,1.38095296
1.1959760000000164,1.42147177,1.38748835
1.2519760000000335,1.41274663,1.3962803
1.257576000000012,1.411737,1.39728517
1.2687760000000154,1.40968484,1.39932306
1.2911760000000223,1.40548038,1.4034726
1.3359759999999896,1.39734019,1.41143311
1.391976000000007,1.38855622,1.41995493
1.4479760000000241,1.38173348,1.42656015
1.5039759999999949,1.37674635,1.43140341
1.559976000000012,1.37326968,1.43480227
1.6159760000000294,1.3709588,1.4370851
1.6719760000000001,1.36950672,1.4385425
1.7279760000000173,1.36866191,1.43941315
1.7839760000000344,1.36822886,1.43988294
1.8399760000000054,1.3680622,1.44009069
1.8959760000000225,1.36805779,1.44013626
1.9519759999999935,1.3681439,1.44008884
0.007976000000010572,1.36827303,1.43999456
0.06397600000002775,1.36841536,1.43988268
0.11997599999999861,1.36855331,1.43977076
0.1759760000000158,1.36867765,1.43966831
0.23197600000003296,1.36878439,1.43957971
0.28797600000000384,1.36887289,1.43950614
0.343976000000021,1.36894426,1.43944696
0.39997599999999184,1.36900057,1.43940057
0.45597600000000904,1.36904416,1.43936504
0.5119760000000262,1.36907737,1.43933838
0.567975999999997,1.36910232,1.43931879
0.6239760000000143,1.36912083,1.43930468
0.6799760000000314,1.36913441,1.43929475
0.7359760000000023,1.3691443,1.43928793
0.7919760000000194,1.36915143,1.43928341
0.8479759999999903,1.36915655,1.43928054
0.9039760000000074,1.36916022,1.43927884
0.9599760000000247,1.36916285,1.43927796
1.0159759999999955,1.36916475,1.43927765
1.0719760000000127,1.36916615,1.4392777
1.1279760000000298,1.36916719,1.439278
1.1839760000000008,1.36916799,1.43927846
1.239976000000018,1.36916863,1.439279
1.295976000000035,1.36916915,1.4392796
1.351976000000006,1.36916961,1.43928022
1.4079760000000232,1.36917001,1.43928084
1.463975999999994,1.36917038,1.43928147
1.519976000000011,1.36917073,1.43928207
1.5759760000000282,1.36917106,1.43928267
1.6319759999999992,1.36917138,1.43928325
1.6879760000000164,1.3691717,1.43928381
1.7439760000000335,1.369172,1.43928436
1.7999760000000045,1.3691723,1.43928489
1.8559760000000216,1.36917259,1.43928541
1.9119759999999923,1.36917287,1.43928592
1.9679760000000097,1.36917315,1.43928641
0.023976000000026802,1.36917343,1.43928689
0.07997599999999766,1.3691737,1.43928736
0.13597600000001484,1.36917396,1.43928782
0.191976000000032,1.36917422,1.43928826
0.24797600000000286,1.36917447,1.4392887
0.30397600000002006,1.36917472,1.43928913
0.3599759999999909,1.36917496,1.43928956
0.41597600000000806,1.3691752,1.43928997
0.47197600000002526,1.36917544,1.43929038
0.5279759999999961,1.36917566,1.43929078
0.5839760000000133,1.36917589,1.43929117
0.6399760000000305,1.3691761,1.43929156
0.6959760000000014,1.36917632,1.43929194
0.7519760000000185,1.36917653,1.43929231
0.8079759999999894,1.36917673,1.43929268
0.8639760000000065,1.36917693,1.43929304
0.9199760000000238,1.36917712,1.4392934
0.9759759999999946,1.36917731,1.43929375
1.0319760000000118,1.3691775,1.4392941
1.087976000000029,1.36917768,1.43929444
1.1439759999999999,1.36917785,1.43929478
1.199976000000017,1.36917802,1.43929511
1.2559760000000342,1.36917819,1.43929544
1.311976000000005,1.36917836,1.43929576
1.3679760000000223,1.36917851,1.43929609
1.423975999999993,1.36917867,1.4392964
1.4799760000000102,1.36917882,1.43929671
1.5359760000000273,1.36917897,1.43929702
1.5919759999999983,1.36917911,1.43929733
1.6479760000000154,1.36917925,1.43929763
1.7039760000000326,1.36917939,1.43929793
1.7599760000000035,1.36917952,1.43929822
1.8159760000000207,1.36917965,1.43929851
1.8719759999999914,1.36917977,1.4392988
1.9279760000000086,1.36917989,1.43929908
1.983976000000026,1.36918001,1.43929936
0.03997599999999671,1.36918013,1.43929964
0.09597600000001388,1.36918024,1.43929992
0.15197600000003106,1.36918034,1.43930019
0.2079760000000019,1.36918045,1.43930046
0.2639760000000191,1.36918055,1.43930072
0.31997599999998994,1.36918065,1.43930099
0.37597600000000714,1.36918074,1.43930125
0.43197600000002434,1.36918084,1.4393015
0.4879759999999952,1.36918093,1.43930176
0.5439760000000123,1.36918101,1.43930201
0.5999760000000295,1.36918109,1.43930226
0.6559760000000003,1.36918118,1.43930251
0.7119760000000176,1.36918125,1.43930276
0.7679760000000347,1.36918133,1.439303
0.8239760000000056,1.3691814,1.43930324
0.8799760000000227,1.36918147,1.43930348
0.9359759999999936,1.36918154,1.43930371
0.9919760000000108,1.3691816,1.43930395
0.9999840000000159,1.36918161,1.43930398
1.0055839999999943,1.36916962,1.43931602
1.016783999999998,1.36914833,1.43933745
1.0391840000000048,1.36920786,1.43928133
1.0839840000000185,1.370297,1.43824006
1.1399839999999892,1.37409108,1.43460407
1.1959840000000064,1.38063698,1.42826695
1.2519840000000235,1.38946163,1.41957278
1.2575840000000023,1.3904711,1.41856671
1.2687840000000057,1.39251862,1.41652184
1.2911840000000125,1.39669001,1.4123337
1.3359840000000263,1.40470055,1.40423303
1.391983999999997,1.41328412,1.39550264
1.4479840000000144,1.41993871,1.38872614
1.5039840000000315,1.42481537,1.38377147
1.5599840000000023,1.42823329,1.38031357
1.6159840000000194,1.43052395,1.37801036
1.6719839999999904,1.43198107,1.37655775
1.7279840000000075,1.43284596,1.37570669
1.7839840000000247,1.43330658,1.37526372
1.8399839999999956,1.4335033,1.37508501
1.8959840000000128,1.43353708,1.37506754
1.95198400000003,1.43347785,1.37514035
1.9999759999999958,1.4333884,1.37523897
0.005576000000020641,1.43338852,1.37523974
0.016776000000024077,1.43338587,1.3752443
0.03917600000003095,1.4332808,1.37535768
0.08397599999999837,1.43213977,1.37655807
0.13997600000001553,1.42837699,1.3804808
0.19597600000003274,1.42191428,1.38712558
0.2519760000000036,1.41309989,1.39600991
0.25757600000002845,1.41208227,1.39702296
0.2687760000000319,1.41001446,1.39907687
0.29117599999999244,1.40578054,1.40325639
0.3359760000000062,1.39758834,1.41126913
0.39197600000002336,1.38875116,1.41984306
0.4479759999999942,1.3818865,1.42648785
0.5039760000000114,1.37686682,1.43136049
0.5599760000000286,1.37336515,1.4347807
0.6159759999999994,1.37103528,1.43707868
0.6719760000000166,1.36956891,1.43854657
0.7279760000000338,1.36871341,1.43942426
0.7839760000000047,1.3682724,1.4398986
0.8399760000000218,1.36809982,1.44010913
0.8959759999999927,1.36809101,1.44015625
0.9519760000000098,1.36817383,1.44010953
1.007976000000027,1.36830047,1.44001539
1.0639759999999978,1.36844091,1.43990332
1.1199760000000152,1.36857739,1.43979098
1.1759760000000323,1.36870056,1.43968799
1.231976000000003,1.36880637,1.4395988
1.2879760000000202,1.36889408,1.43952461
1.3439759999999912,1.36896478,1.43946482
1.3999760000000083,1.3690205,1.43941784
1.4559760000000255,1.36906357,1.43938174
1.5119759999999964,1.36909632,1.43935455
1.5679760000000136,1.36912083,1.43933446
1.6239760000000307,1.36913894,1.43931989
1.6799760000000015,1.36915215,1.43930952
1.7359760000000188,1.36916167,1.43930229
1.7919759999999896,1.36916847,1.43929738
1.8479760000000067,1.36917327,1.43929414
1.9039760000000239,1.36917663,1.43929211
1.9599759999999948,1.36917897,1.4392909
1.6000000019834495e-05,1.36918018,1.43929041
0.005615999999998391,1.36916832,1.43930238
0.016816000000001826,1.36914729,1.43932368
0.039216000000008695,1.36920724,1.43926735
0.08401600000002245,1.37029621,1.43822515
0.14001599999999328,1.37408954,1.43458775
0.1960160000000105,1.38063586,1.42825046
0.25201600000002766,1.38946138,1.4195567
0.25761600000000623,1.39047092,1.41855066
0.26881600000000966,1.39251858,1.41650586
0.2912160000000165,1.39669027,1.41231788
0.33601600000003023,1.40470135,1.40421753
0.39201600000000114,1.41328547,1.39548751
0.4480160000000183,1.4199405,1.38871132
0.5040159999999891,1.42481751,1.38375695
0.5600160000000063,1.42823571,1.3802993
0.6160160000000235,1.43052658,1.37799633
0.6720159999999944,1.43198387,1.37654392
0.7280160000000115,1.4328489,1.37569305
0.7840160000000287,1.43330964,1.37525026
0.8400159999999995,1.43350646,1.3750717
0.8960160000000168,1.43354033,1.37505438
0.952016000000034,1.43348118,1.37512733
1.0080160000000047,1.43337559,1.37524362
1.064016000000022,1.43325313,1.37537375
1.1200159999999928,1.43313148,1.37550034
1.17601600000001,1.43302021,1.3756142
1.232016000000027,1.43292371,1.37571139
1.288015999999998,1.4328431,1.37579122
1.3440160000000152,1.43277767,1.37585474
1.4000160000000323,1.43272575,1.37590396
1.4560160000000033,1.43268534,1.37594114
1.5120160000000205,1.43265438,1.37596856
1.5680159999999912,1.43263098,1.37598825
1.6240160000000086,1.4326135,1.37600198
1.6800160000000257,1.43260059,1.37601119
1.7360159999999965,1.43259112,1.37601707
1.7920160000000136,1.43258424,1.37602051
1.8480160000000307,1.43257926,1.37602223
1.9040160000000017,1.43257569,1.37602273
1.9600160000000189,1.43257312,1.37602241
2.6056189295420372e-14,1.43257176,1.37602182
0.005600000000004613,1.43258358,1.37600972
0.016800000000008048,1.4326046,1.37598833
0.03920000000001492,1.43254801,1.37604905
0.08400000000002866,1.4315047,1.37714455
0.1399999999999995,1.42785854,1.38094354
0.1960000000000167,1.42150025,1.38747871
0.25200000000003386,1.41277517,1.39627047
0.25760000000001243,1.41176555,1.39727532
0.26880000000001586,1.40971341,1.39931318
0.2912000000000227,1.405509,1.40346265
0.33599999999999014,1.39736892,1.41142306
0.39200000000000734,1.38858509,1.41994476
0.4480000000000245,1.38176246,1.42654986
0.5039999999999953,1.37677539,1.43139299
0.5600000000000126,1.37329871,1.4347917
0.6160000000000297,1.37098778,1.43707438
0.6720000000000006,1.36953562,1.43853162
0.7280000000000177,1.3686907,1.4394021
0.7840000000000349,1.36825753,1.43987172
0.8400000000000057,1.36809073,1.44007931
0.896000000000023,1.36808619,1.44012472
0.9519999999999939,1.36817215,1.44007715
0.999992000000006,1.36828181,1.43999738
1.005592000000031,1.36828384,1.43999862
1.0167920000000343,1.36829077,1.43999819
1.0391919999999948,1.36840733,1.43989718
1.0839920000000085,1.36960883,1.43876446
1.1399920000000259,1.37353492,1.43501854
1.1959919999999966,1.38019936,1.42858393
1.2519920000000138,1.38912539,1.41980702
1.2575919999999923,1.39014389,1.41879355
1.268791999999996,1.39220911,1.4167342
1.2911920000000028,1.39641378,1.41251884
1.3359920000000165,1.40448268,1.40437032
1.3919920000000336,1.41312514,1.39559136
1.4479920000000044,1.41982515,1.38877714
1.5039920000000215,1.42473622,1.38379377
1.5599919999999925,1.42817982,1.38031444
1.6159920000000096,1.43048938,1.37799554
1.6719920000000268,1.43196024,1.37653165
1.7279919999999978,1.43283503,1.37567266
1.783992000000015,1.43330272,1.37522427
1.839992000000032,1.43350446,1.37504196
1.895992000000003,1.43354179,1.3750222
1.9519920000000202,1.43348507,1.37509367
0.00799199999999096,1.43338119,1.37520913
0.06399200000000814,1.43325995,1.37533889
0.11999200000002531,1.43313917,1.37546539
0.17599199999999618,1.43302855,1.37557937
0.23199200000001335,1.43293254,1.37567681
0.28799200000003056,1.43285232,1.37575695
0.3439920000000014,1.43278721,1.37582082
0.39999200000001855,1.43273557,1.37587041
0.4559919999999894,1.4326954,1.37590795
0.5119920000000066,1.43266466,1.37593573
0.5679920000000238,1.43264147,1.37595577
0.6239919999999947,1.43262418,1.37596983
0.6799920000000118,1.43261145,1.37597936
0.735992000000029,1.43260217,1.37598554
0.7919919999999998,1.43259546,1.37598927
0.8479920000000171,1.43259065,1.37599126
0.9039920000000342,1.43258723,1.37599202
0.9599920000000051,1.43258482,1.37599194
0.9999760000000122,1.43258357,1.37599153
1.0055759999999907,1.4325954,1.37597945
1.0167759999999941,1.43261645,1.37595811
1.039176000000001,1.43255992,1.37601891
1.083976000000015,1.43151672,1.37711457
1.139976000000032,1.42787068,1.38091379
1.1959760000000028,1.42151251,1.38744925
1.25197600000002,1.41278756,1.39624142
1.2575759999999987,1.41177795,1.39724631
1.2687760000000021,1.40972584,1.39928426
1.291176000000009,1.40552149,1.40343392
1.3359760000000227,1.39738154,1.41139473
1.3919759999999934,1.3885979,1.41991692
1.4479760000000106,1.38177545,1.42652243
1.503976000000028,1.37678854,1.43136589
1.5599759999999987,1.37331199,1.43476486
1.6159760000000158,1.37100116,1.43704775
1.671976000000033,1.36954909,1.43850515
1.727976000000004,1.36870424,1.43937578
1.783976000000021,1.36827115,1.43984552
1.839975999999992,1.36810442,1.44005322
1.8959760000000092,1.36809994,1.44009872
1.9519760000000264,1.36818598,1.44005124
2.4000000010028654e-05,1.36829583,1.43997144
0.0056240000000349075,1.36829787,1.43997269
0.016823999999992022,1.36830482,1.43997227
0.03922399999999889,1.36842142,1.43987129
0.08402400000001263,1.369623,1.43873862
0.14002400000002982,1.3735492,1.43499273
0.19602400000000067,1.38021371,1.4285581
0.25202400000001784,1.38913979,1.41978112
0.2576239999999964,1.39015829,1.41876764
0.26882399999999984,1.39222351,1.41670827
0.2912240000000067,1.39642817,1.41249287
0.3360240000000205,1.40449706,1.40434424
0.3920239999999913,1.41313949,1.39556514
0.44802400000000847,1.41983949,1.38875081
0.5040240000000257,1.42475059,1.38376739
0.5600239999999965,1.42819424,1.38028805
0.6160240000000137,1.43050388,1.37796918
0.6720240000000309,1.43197484,1.37650535
0.7280240000000018,1.43284973,1.37564646
0.7840240000000189,1.43331754,1.37519816
0.8400239999999898,1.43351939,1.37501596
0.8960240000000069,1.43355684,1.37499631
0.9520240000000241,1.43350023,1.3750679
1.008023999999995,1.43339646,1.37518347
1.064024000000012,1.43327532,1.37531334
1.1200240000000294,1.43315465,1.37543995
1.1760240000000002,1.43304413,1.37555404
1.2320240000000173,1.43294821,1.37565157
1.2880240000000345,1.43286808,1.37573181
1.3440240000000054,1.43280305,1.37579578
1.4000240000000226,1.43275149,1.37584545
1.4560239999999935,1.4327114,1.37588309
1.5120240000000107,1.43268073,1.37591095
1.5680240000000278,1.43265762,1.37593107
1.6240239999999986,1.4326404,1.37594521
1.6800240000000157,1.43262774,1.37595483
1.736024000000033,1.43261852,1.37596108
1.7920240000000038,1.43261187,1.37596488
1.848024000000021,1.43260712,1.37596694
1.904023999999992,1.43260377,1.37596777
1.960024000000009,1.43260142,1.37596777
8.000000016250349e-06,1.4326002,1.3759674
0.005607999999994807,1.43261204,1.37595533
0.016807999999998244,1.43263311,1.375934
0.039208000000005114,1.4325766,1.37599483
0.08400800000001886,1.43153343,1.37709052
0.14000799999998972,1.42788745,1.38088979
0.1960080000000069,1.42152936,1.38742538
0.25200800000002405,1.41280451,1.39621774
0.2576080000000026,1.41179492,1.39722266
0.26880800000000604,1.40974283,1.39926066
0.29120800000001296,1.40553852,1.40341044
0.3360080000000267,1.39739869,1.41137148
0.3920079999999975,1.38861522,1.41989395
0.44800800000001473,1.38179292,1.4264997
0.5040080000000319,1.37680612,1.43134334
0.5600080000000027,1.37332965,1.43474244
0.6160080000000199,1.37101888,1.43702542
0.6720079999999907,1.36956684,1.43848288
0.728008000000008,1.36872201,1.43935354
0.7840080000000251,1.36828892,1.4398233
0.840007999999996,1.3681222,1.44003102
0.8960080000000131,1.36811773,1.44007653
0.9520080000000304,1.36820376,1.44002906
0.9999999999999962,1.36831348,1.43994936
1.0056000000000211,1.36831552,1.43995061
1.0168000000000246,1.36832247,1.4399502
1.0392000000000314,1.36843907,1.43984923
1.0839999999999987,1.36964069,1.43871656
1.140000000000016,1.37356695,1.43497064
1.1960000000000333,1.38023148,1.42853592
1.252000000000004,1.38915752,1.41975882
1.257600000000029,1.39017602,1.41874533
1.2688000000000323,1.39224122,1.41668592
1.2911999999999928,1.39644586,1.41247046
1.3360000000000065,1.40451465,1.40432169
1.3920000000000239,1.41315697,1.39554241
1.4479999999999946,1.41985688,1.38872792
1.5040000000000118,1.42476793,1.3837444
1.560000000000029,1.42821158,1.38026501
1.6159999999999999,1.43052123,1.37794612
1.672000000000017,1.43199223,1.37648231
1.7280000000000342,1.43286718,1.37562345
1.7840000000000051,1.43333504,1.3751752
1.8400000000000223,1.43353696,1.37499305
1.895999999999993,1.43357447,1.37497347
1.9520000000000104,1.43351792,1.37504511
1.9999920000000224,1.43343019,1.37514326
0.0055920000000010284,1.43343047,1.375144
0.016792000000004463,1.43342815,1.37514851
0.039192000000011336,1.43332367,1.37526182
0.08399200000002507,1.43218362,1.3764622
0.13999199999999593,1.42842179,1.38038523
0.1959920000000131,1.42195987,1.38703073
0.2519920000000303,1.41314615,1.39591621
0.25759200000000887,1.4121286,1.39692939
0.2687920000000123,1.41006092,1.39898357
0.29119200000001916,1.40582725,1.40316369
0.3359920000000329,1.39763562,1.4111777
0.3919920000000037,1.38879915,1.41975316
0.44799200000002093,1.38193516,1.42639929
0.5039919999999918,1.37691602,1.43127303
0.5599920000000089,1.37341479,1.43469411
0.6159920000000262,1.37108527,1.4369928
0.671991999999997,1.36961918,1.43846125
0.7279920000000142,1.3687639,1.43933941
0.7839920000000313,1.3683231,1.43981414
0.8399920000000022,1.36815071,1.44002501
0.8959920000000194,1.36814207,1.44007243
0.9519919999999903,1.36822507,1.440026
1.0079920000000073,1.3683519,1.43993212
1.0639920000000247,1.36849251,1.4398203
1.1199919999999954,1.36862919,1.4397082
1.1759920000000126,1.36875255,1.43960545
1.2319920000000297,1.36885855,1.4395165
1.2879920000000007,1.36894646,1.43944254
1.3439920000000178,1.36901737,1.43938298
1.399992000000035,1.3690733,1.43933623
1.455992000000006,1.36911658,1.43930036
1.511992000000023,1.36914953,1.43927339
1.5679919999999938,1.36917426,1.43925352
1.6239920000000112,1.36919258,1.43923916
1.6799920000000284,1.369206,1.43922901
1.735991999999999,1.36921574,1.43922199
1.7919920000000162,1.36922274,1.43921729
1.8479920000000334,1.36922775,1.43921426
1.9039920000000043,1.36923132,1.43921242
1.9599920000000215,1.36923386,1.43921141
1.9999760000000286,1.36923522,1.43921107
0.0055760000000072505,1.36922338,1.43922305
0.016776000000010685,1.36920239,1.43924439
0.03917600000001756,1.36926243,1.43918813
0.0839760000000313,1.37035166,1.43814606
0.13997600000000215,1.37414532,1.4345087
0.19597600000001933,1.38069184,1.42817127
0.2519759999999902,1.38951738,1.41947723
0.25757600000001507,1.39052692,1.41847115
0.2687760000000185,1.39257456,1.41642628
0.29117600000002536,1.39674618,1.41223814
0.3359759999999928,1.40475707,1.4041374
0.39197600000001,1.41334094,1.39540686
0.44797600000002713,1.4199958,1.38863026
0.503975999999998,1.42487276,1.38367564
0.5599760000000152,1.42829102,1.3802179
0.6159760000000324,1.43058205,1.37791496
0.6719760000000032,1.43203955,1.37646269
0.7279760000000204,1.43290483,1.37561202
0.7839759999999912,1.43336584,1.37516947
0.8399760000000084,1.43356295,1.37499118
0.8959760000000256,1.43359711,1.37497413
0.9519759999999965,1.43353823,1.37504736
1.0000240000000264,1.43344897,1.37514646
1.005624000000005,1.43344912,1.37514727
1.0168240000000084,1.43344654,1.37515191
1.0392240000000155,1.43334159,1.37526543
1.0840240000000292,1.4322008,1.37646605
1.140024,1.42843834,1.38038912
1.196024000000017,1.42197603,1.38703447
1.2520240000000342,1.4131621,1.39591967
1.257624000000013,1.41214453,1.39693282
1.2688240000000164,1.41007682,1.39898694
1.2912240000000232,1.40584311,1.40316692
1.3360239999999906,1.39765142,1.41118063
1.3920240000000077,1.38881492,1.41975572
1.4480240000000248,1.38195088,1.4264015
1.5040239999999958,1.37693169,1.43127489
1.560024000000013,1.37343038,1.43469565
1.61602400000003,1.37110076,1.43699403
1.672024000000001,1.36963456,1.43846219
1.7280240000000182,1.36877916,1.43934008
1.7840240000000354,1.36833823,1.43981455
1.8400240000000063,1.3681657,1.44002519
1.8960240000000235,1.36815693,1.44007238
1.9520239999999942,1.36823979,1.44002574
0.008024000000011449,1.36836648,1.43993167
0.06402400000002863,1.36850696,1.43981966
0.12002399999999948,1.36864351,1.43970739
0.17602400000001667,1.36876674,1.43960448
0.23202400000003384,1.36887261,1.43951537
0.2880240000000047,1.3689604,1.43944127
0.34402400000002187,1.36903119,1.43938157
0.4000239999999927,1.369087,1.43933468
0.4560240000000099,1.36913016,1.43929869
0.5120240000000271,1.36916301,1.4392716
0.568023999999998,1.36918762,1.43925161
0.6240240000000151,1.36920584,1.43923714
0.6800240000000323,1.36921915,1.43922687
0.7360240000000031,1.36922878,1.43921975
0.7920240000000204,1.36923568,1.43921495
0.8480239999999912,1.3692406,1.43921182
0.9040240000000084,1.36924406,1.43920989
0.9600240000000255,1.36924651,1.43920879
1.0160239999999965,1.36924824,1.43920827
1.0720240000000136,1.36924947,1.43920814
1.1280240000000308,1.36925035,1.43920826
1.1840240000000015,1.369251,1.43920855
1.2400240000000189,1.36925149,1.43920895
1.2960239999999896,1.36925188,1.4392094
1.3520240000000068,1.36925221,1.43920989
1.408024000000024,1.36925249,1.43921038
1.4640239999999949,1.36925273,1.43921089
1.520024000000012,1.36925297,1.43921138
1.5760240000000292,1.36925319,1.43921187
1.6320240000000001,1.3692534,1.43921235
1.6880240000000173,1.3692536,1.43921281
1.7440240000000344,1.36925381,1.43921327
1.8000240000000054,1.369254,1.43921371
1.8560240000000225,1.3692542,1.43921414
1.9120239999999933,1.36925439,1.43921457
1.9680240000000104,1.36925458,1.43921498
0.02402400000002768,1.36925476,1.43921539
0.08002399999999854,1.36925495,1.43921578
0.13602400000001572,1.36925512,1.43921617
0.1920240000000329,1.3692553,1.43921655
0.24802400000000374,1.36925547,1.43921692
0.30402400000002094,1.36925564,1.43921729
0.3600239999999918,1.3692558,1.43921765
0.41602400000000894,1.36925596,1.439218
0.47202400000002614,1.36925612,1.43921835
0.5280239999999969,1.36925627,1.4392187
0.5840240000000142,1.36925642,1.43921903
0.6400240000000313,1.36925657,1.43921937
0.6960240000000022,1.36925671,1.43921969
0.7520240000000193,1.36925685,1.43922002
0.8080239999999902,1.36925698,1.43922034
0.8640240000000075,1.36925712,1.43922065
0.9200240000000246,1.36925725,1.43922096
0.9760239999999955,1.36925737,1.43922127
1.0320240000000127,1.36925749,1.43922157
1.0880240000000299,1.36925761,1.43922187
1.1440240000000006,1.36925773,1.43922216
1.2000240000000177,1.36925784,1.43922245
1.2560240000000351,1.36925795,1.43922274
1.3120240000000059,1.36925805,1.43922302
1.368024000000023,1.36925815,1.4392233
1.424023999999994,1.36925825,1.43922358
1.480024000000011,1.36925835,1.43922386
1.5360240000000283,1.36925844,1.43922413
1.5920239999999992,1.36925853,1.4392244
1.6480240000000164,1.36925862,1.43922466
1.7040240000000335,1.3692587,1.43922492
1.7600240000000043,1.36925878,1.43922518
1.8160240000000216,1.36925886,1.43922544
1.8720239999999924,1.36925893,1.4392257
1.9280240000000095,1.369259,1.43922595
1.9840240000000267,1.36925907,1.4392262
0.04002399999999759,1.36925914,1.43922645
0.09602400000001476,1.36925921,1.43922669
0.15202400000003194,1.36925927,1.43922693
0.2080240000000028,1.36925933,1.43922717
0.26402400000001996,1.36925938,1.43922741
0.3200239999999908,1.36925944,1.43922765
0.376024000000008,1.36925949,1.43922788
0.43202400000002517,1.36925954,1.43922811
0.48802399999999607,1.36925959,1.43922834
0.5440240000000133,1.36925963,1.43922857
0.6000240000000304,1.36925967,1.43922879
0.6560240000000013,1.36925971,1.43922902
0.7120240000000184,1.36925975,1.43922924
0.7680239999999893,1.36925979,1.43922946
0.8240240000000064,1.36925982,1.43922968
0.8800240000000237,1.36925985,1.43922989
0.9360239999999945,1.36925988,1.43923011
0.9920240000000117,1.36925991,1.43923032
0.9999759999999989,1.36925991,1.43923035
1.0055760000000238,1.36924791,1.43924238
1.0167760000000272,1.36922662,1.43926381
1.039176000000034,1.36928615,1.43920769
1.0839760000000014,1.37037537,1.43816639
1.1399760000000185,1.37416951,1.4345303
1.1959759999999895,1.38071527,1.42819294
1.2519760000000066,1.38953952,1.41949841
1.2575760000000316,1.39054893,1.41849229
1.268776000000035,1.39259634,1.41644734
1.2911759999999954,1.39676747,1.41225901
1.3359760000000092,1.40477742,1.4041579
1.3919760000000265,1.41336025,1.39542691
1.4479759999999973,1.42001424,1.38864989
1.5039760000000144,1.42489049,1.38369486
1.5599760000000316,1.42830817,1.38023675
1.6159760000000025,1.43059872,1.37793345
1.6719760000000197,1.43205581,1.37648084
1.7279759999999906,1.43292074,1.37562984
1.7839760000000078,1.43338144,1.37518697
1.839976000000025,1.43357827,1.37500839
1.8959759999999957,1.43361217,1.37499104
1.951976000000013,1.43355305,1.37506399
0.007976000000030114,1.43344749,1.37518028
0.06397600000000098,1.43332506,1.3753104
0.11997600000001815,1.43320344,1.37543698
0.17597600000003533,1.43309219,1.37555083
0.23197600000000618,1.4329957,1.375648
0.2879760000000234,1.43291508,1.3757278
0.34397599999999423,1.43284964,1.37579129
0.3999760000000114,1.43279771,1.37584047
0.4559760000000286,1.43275728,1.37587762
0.5119759999999994,1.43272629,1.37590499
0.5679760000000166,1.43270286,1.37592463
0.6239760000000338,1.43268534,1.37593831
0.6799760000000047,1.43267239,1.37594747
0.7359760000000218,1.43266288,1.37595329
0.7919759999999927,1.43265595,1.37595668
0.8479760000000098,1.43265093,1.37595834
0.903976000000027,1.4326473,1.37595878
0.9599759999999979,1.43264468,1.3759584
1.0000160000000229,1.43264328,1.37595778
1.0056160000000014,1.4326551,1.37594567
1.0168160000000048,1.43267611,1.37592427
1.0392160000000117,1.4326195,1.37598495
1.0840160000000256,1.43157616,1.37708032
1.1400159999999964,1.42793004,1.38087918
1.1960160000000135,1.42157192,1.38741436
1.2520160000000307,1.41284712,1.39620635
1.2576160000000094,1.41183753,1.39721123
1.2688160000000128,1.40978546,1.39924916
1.2912160000000197,1.40558121,1.40339881
1.3360160000000334,1.39744151,1.41135962
1.3920160000000041,1.38865822,1.41988182
1.4480160000000213,1.38183603,1.42648731
1.5040159999999922,1.37684927,1.43133067
1.5600160000000094,1.37337276,1.43472949
1.6160160000000265,1.37106187,1.43701216
1.6720159999999975,1.36960966,1.43846933
1.7280160000000147,1.36876463,1.43933969
1.7840160000000318,1.36833132,1.43980915
1.8400160000000028,1.36816436,1.44001658
1.89601600000002,1.36815964,1.44006181
1.9520159999999906,1.36824543,1.44001407
8.000000002860364e-06,1.36835493,1.43993415
0.005608000000027739,1.36835694,1.43993537
0.016808000000031176,1.36836384,1.43993491
0.03920799999999172,1.36848036,1.43983384
0.08400800000000547,1.36968181,1.43870099
0.14000800000002264,1.37360782,1.43495487
0.1960079999999935,1.380272,1.42851994
0.25200800000001067,1.38919754,1.41974263
0.25760800000003553,1.39021598,1.41872912
0.26880799999999266,1.39228107,1.41666967
0.2912079999999995,1.39648545,1.41245412
0.3360080000000133,1.40455372,1.40430515
0.39200800000003044,1.4131954,1.3955256
0.4480080000000013,1.41989478,1.38871086
0.5040080000000186,1.42480539,1.38372711
0.5600079999999894,1.42824868,1.38024753
0.6160080000000066,1.43055807,1.37792849
0.6720080000000237,1.43202884,1.37646455
0.7280079999999945,1.43290361,1.37560558
0.7840080000000117,1.43337132,1.37515722
0.840008000000029,1.4335731,1.37497498
0.8960079999999998,1.43361049,1.3749553
0.952008000000017,1.43355383,1.37502684
1.0080080000000342,1.43345001,1.37514238
1.064008000000005,1.43332882,1.37527221
1.120008000000022,1.43320809,1.37539878
1.176007999999993,1.43309752,1.37551281
1.2320080000000102,1.43300154,1.37561029
1.2880080000000274,1.43292135,1.37569047
1.3440079999999983,1.43285626,1.37575438
1.4000080000000155,1.43280463,1.37580399
1.4560080000000326,1.43276447,1.37584156
1.5120080000000033,1.43273373,1.37586935
1.5680080000000207,1.43271054,1.3758894
1.6240079999999915,1.43269326,1.37590347
1.6800080000000086,1.43268053,1.37591301
1.7360080000000258,1.43267123,1.37591919
1.7920079999999967,1.43266451,1.37592291
1.8480080000000139,1.43265969,1.3759249
1.904008000000031,1.43265626,1.37592565
1.960008000000002,1.43265384,1.37592557
1.999992000000009,1.43265257,1.37592516
0.005592000000033961,1.4326644,1.37591307
0.016791999999991074,1.43268545,1.37589173
0.039191999999997944,1.43262891,1.37595252
0.08399200000001168,1.4315857,1.37704809
0.13999200000002887,1.42793973,1.38084722
0.19599199999999972,1.42158175,1.38738277
0.2519920000000169,1.41285709,1.39617523
0.25759199999999544,1.41184752,1.39718017
0.2687919999999989,1.40979547,1.3992182
0.2911920000000058,1.40559128,1.40336807
0.3359920000000195,1.39745172,1.41132934
0.39199199999999035,1.38866861,1.4198521
0.44799200000000755,1.38184662,1.42645806
0.5039920000000248,1.37686002,1.43130181
0.5599919999999956,1.37338365,1.43470095
0.6159920000000128,1.37107289,1.43698388
0.6719920000000299,1.3696208,1.43844126
0.7279920000000007,1.36877588,1.4393118
0.783992000000018,1.36834267,1.43978143
0.8399920000000352,1.3681758,1.43998899
0.895992000000006,1.36817118,1.44003436
0.9519920000000232,1.36825707,1.43998674
1.007991999999994,1.36838599,1.43989225
1.0639920000000112,1.36852811,1.4397802
1.1199920000000283,1.36866587,1.4396681
1.1759919999999993,1.36879002,1.4395655
1.2319920000000164,1.3688966,1.43947676
1.2879920000000336,1.36898495,1.43940307
1.3439920000000045,1.36905618,1.43934377
1.3999920000000217,1.36911236,1.43929728
1.4559919999999924,1.36915583,1.43926166
1.5119920000000098,1.36918894,1.43923492
1.567992000000027,1.36921378,1.43921526
1.6239919999999977,1.3692322,1.43920108
1.6799920000000148,1.3692457,1.43919109
1.7359920000000322,1.36925551,1.43918422
1.791992000000003,1.36926256,1.43917965
1.84799200000002,1.36926762,1.43917673
1.903991999999991,1.36927122,1.43917499
1.9599920000000082,1.3692738,1.43917407
1.9999760000000153,1.36927516,1.43917378
0.00557599999999386,1.36926333,1.43918577
0.016775999999997297,1.36924234,1.43920712
0.039176000000004166,1.3693024,1.4391509
0.08397600000001791,1.3703917,1.43810888
0.1399760000000351,1.37418541,1.43447153
0.19597600000000595,1.38073189,1.42813404
0.2519760000000231,1.38955725,1.41943988
0.2575760000000017,1.39056676,1.41843379
0.2687760000000051,1.39261434,1.41638889
0.291176000000012,1.39678584,1.41220068
0.33597600000002575,1.40479644,1.40409975
0.3919759999999966,1.41337994,1.39536895
0.44797600000001375,1.42003451,1.38859214
0.503976000000031,1.42491127,1.38363736
0.5599760000000018,1.42832941,1.38017955
0.615976000000019,1.43062039,1.37787659
0.6719759999999898,1.43207788,1.37642434
0.7279760000000071,1.43294319,1.37557372
0.7839760000000242,1.43340425,1.37513124
0.8399759999999951,1.43360142,1.37495303
0.8959760000000122,1.43363563,1.37493606
0.9519760000000294,1.43357682,1.37500937
1.0000240000000131,1.43348761,1.37510853
1.0056239999999916,1.43348777,1.37510935
1.016823999999995,1.43348519,1.375114
1.039224000000002,1.43338027,1.37522755
1.0840240000000156,1.43223952,1.37642818
1.1400240000000328,1.42847715,1.38035127
1.1960240000000038,1.422015,1.38699672
1.252024000000021,1.41320129,1.39588214
1.2576239999999994,1.41218374,1.39689532
1.2688240000000028,1.41011608,1.3989495
1.2912240000000097,1.40588248,1.40312961
1.3360240000000236,1.39769104,1.41114362
1.3920239999999944,1.38885487,1.41971908
1.4480240000000115,1.38199113,1.42636515
1.5040240000000287,1.37697215,1.43123875
1.5600239999999996,1.37347097,1.43465962
1.6160240000000168,1.37114141,1.43695805
1.672024000000034,1.36967521,1.43842622
1.728024000000005,1.36881979,1.43930409
1.784024000000022,1.36837881,1.43977852
1.8400239999999928,1.36820622,1.4399891
1.89602400000001,1.36819739,1.44003623
1.9520240000000273,1.36828017,1.43998952
1.5999999993054522e-05,1.36838777,1.43991003
0.005616000000017933,1.36838959,1.43991128
0.01681600000002137,1.36839612,1.43991087
0.03921600000002824,1.36851198,1.43980985
0.08401599999999566,1.36971235,1.43867699
0.14001600000001285,1.37363733,1.43493066
0.19601600000003003,1.38030068,1.42849538
0.25201600000000085,1.3892255,1.41971762
0.25761600000002577,1.39024387,1.41870405
0.2688160000000292,1.39230882,1.41664451
0.29121599999998976,1.39651294,1.41242876
0.3360160000000035,1.40458071,1.40427935
0.3920160000000207,1.41322185,1.39549925
0.44801599999999153,1.4199208,1.38868402
0.5040160000000087,1.4248311,1.38369986
0.5600160000000258,1.42827419,1.38021995
0.6160159999999967,1.43058343,1.37790066
0.6720160000000139,1.43205412,1.37643651
0.7280160000000311,1.43292884,1.37557738
0.7840160000000019,1.43339652,1.37512891
0.8400160000000191,1.4335983,1.37494657
0.8960159999999899,1.4336357,1.37492681
0.9520160000000072,1.43357905,1.3749983
1.0000080000000193,1.43349124,1.37509633
1.0056079999999978,1.43349152,1.37509705
1.0168080000000013,1.43348918,1.37510153
1.0392080000000081,1.43338466,1.37521478
1.0840080000000218,1.43224456,1.37641499
1.1400079999999928,1.42848274,1.38033781
1.19600800000001,1.42202095,1.38698322
1.252008000000027,1.41320747,1.39586874
1.2576080000000056,1.41218995,1.39688194
1.268808000000009,1.41012232,1.39893616
1.291208000000016,1.40588879,1.40311636
1.3360080000000298,1.39769746,1.41113058
1.3920080000000006,1.38886143,1.41970632
1.4480080000000177,1.38199779,1.42635265
1.5040080000000349,1.37697888,1.43122648
1.5600080000000058,1.37347777,1.43464755
1.616008000000023,1.37114825,1.43694616
1.672007999999994,1.36968209,1.43841448
1.728008000000011,1.3688267,1.43929247
1.7840080000000282,1.36838574,1.43976701
1.840007999999999,1.36821317,1.43997769
1.8960080000000163,1.36820435,1.44002491
1.9520080000000335,1.36828716,1.43997828
1.9999999999999993,1.36839477,1.43989884
0.005600000000024155,1.36839659,1.4399001
0.01680000000002759,1.36840313,1.4398997
0.039200000000034464,1.368519,1.43979871
0.08400000000000188,1.3697194,1.4386659
0.14000000000001905,1.37364442,1.4349196
0.1959999999999899,1.38030779,1.42848433
0.2520000000000071,1.38923261,1.41970655
0.25760000000003197,1.39025098,1.41869299
0.2688000000000354,1.39231593,1.41663344
0.29119999999999596,1.39652004,1.41241767
0.3360000000000097,1.40458779,1.40426822
0.3920000000000269,1.4132289,1.39548808
0.44799999999999773,1.41992783,1.38867281
0.5040000000000149,1.42483813,1.38368863
0.5600000000000321,1.42828122,1.38020872
0.616000000000003,1.43059048,1.37788944
0.6720000000000201,1.4320612,1.37642533
0.727999999999991,1.43293596,1.37556623
0.7840000000000081,1.43340368,1.37511781
0.8400000000000254,1.4336055,1.37493551
0.8959999999999962,1.43364293,1.37491581
0.9520000000000134,1.43358633,1.37498734
1.0080000000000306,1.43348257,1.37510289
1.0640000000000014,1.43336143,1.37523272
1.1200000000000185,1.43324076,1.37535931
1.1759999999999895,1.43313024,1.37547337
1.2320000000000066,1.43303432,1.37557088
1.2880000000000238,1.43295418,1.37565108
1.3439999999999948,1.43288914,1.37571502
1.400000000000012,1.43283756,1.37576466
1.456000000000029,1.43279745,1.37580226
1.5119999999999998,1.43276675,1.37583009
1.568000000000017,1.4327436,1.37585017
1.6240000000000343,1.43272636,1.37586427
1.680000000000005,1.43271367,1.37587384
1.7360000000000222,1.43270441,1.37588006
1.7919999999999932,1.43269773,1.37588382
1.8480000000000103,1.43269294,1.37588584
1.9040000000000274,1.43268955,1.37588663
1.9599999999999984,1.43268716,1.37588659
1.9999840000000055,1.43268592,1.3758862
0.005584000000030377,1.43269776,1.37587412
0.016784000000033814,1.43271881,1.37585278
0.03918399999999436,1.43266228,1.37591358
0.08398400000000811,1.43161909,1.37700914
0.13998400000002528,1.42797318,1.38080828
0.19598399999999613,1.42161531,1.38734393
0.2519840000000133,1.41289081,1.39613663
0.2575839999999919,1.41188126,1.3971416
0.2687839999999953,1.40982925,1.3991797
0.29118400000000216,1.40562514,1.40332972
0.33598400000001594,1.39748578,1.41129131
0.3919840000000331,1.38870296,1.41981446
0.44798400000000393,1.38188121,1.42642074
0.5039840000000211,1.3768948,1.43126472
0.559983999999992,1.37341854,1.43466399
0.6159840000000092,1.37110784,1.436947
0.6719840000000263,1.36965576,1.43840441
0.7279839999999972,1.36881083,1.43927496
0.7839840000000143,1.36837759,1.43974456
0.8399840000000316,1.36821068,1.4399521
0.8959840000000024,1.36820602,1.43999743
0.9519840000000196,1.36829186,1.43994977
1.0079839999999904,1.36842074,1.43985524
1.0639840000000076,1.36856282,1.43974315
1.1199840000000247,1.36870055,1.43963103
1.1759839999999957,1.36882467,1.4395284
1.2319840000000128,1.36893123,1.43943964
1.28798400000003,1.36901955,1.43936593
1.343984000000001,1.36909076,1.43930663
1.399984000000018,1.36914693,1.43926013
1.4559840000000353,1.36919039,1.4392245
1.511984000000006,1.36922348,1.43919776
1.5679840000000234,1.36924832,1.43917809
1.623983999999994,1.36926674,1.43916392
1.6799840000000112,1.36928024,1.43915393
1.7359840000000284,1.36929004,1.43914706
1.7919839999999994,1.3692971,1.4391425
1.8479840000000165,1.36930216,1.43913959
1.9039840000000336,1.36930577,1.43913786
1.9599840000000046,1.36930835,1.43913695
2.40000000295708e-05,1.36930972,1.43913666
0.005624000000008128,1.36929788,1.43914865
0.016824000000011562,1.3692769,1.43917001
0.03922400000001843,1.36933697,1.43911379
0.08402400000003218,1.37042632,1.43807177
0.14002400000000303,1.37422009,1.43443438
0.1960240000000202,1.38076654,1.42809678
0.2520239999999911,1.38959176,1.41940244
0.25762400000001595,1.39060125,1.41839633
0.2688240000000194,1.39264879,1.41635138
0.29122400000002624,1.39682019,1.41216308
0.33602399999999366,1.40483056,1.40406193
0.39202400000001086,1.41341377,1.39533084
0.448024000000028,1.4200681,1.38855378
0.5040239999999989,1.42494471,1.38359883
0.5600240000000161,1.42836278,1.38014093
0.6160240000000332,1.43065373,1.37783794
0.6720240000000041,1.43211124,1.3763857
0.7280240000000213,1.4329766,1.37553513
0.7840239999999922,1.43343772,1.37509271
0.8400240000000093,1.43363495,1.37491458
0.8960240000000265,1.43366925,1.37489769
0.9520239999999973,1.43361051,1.37497108
1.0080240000000145,1.43350532,1.37508781
1.0640240000000316,1.43338324,1.37521835
1.1200240000000026,1.43326194,1.37534533
1.1760240000000197,1.43315101,1.37545957
1.2320239999999907,1.43305482,1.37555712
1.2880240000000078,1.43297449,1.37563728
1.344024000000025,1.43290933,1.37570112
1.4000239999999957,1.43285767,1.37575063
1.456024000000013,1.43281749,1.3757881
1.5120240000000302,1.43278674,1.37581578
1.568024000000001,1.43276355,1.37583571
1.6240240000000181,1.43274626,1.37584968
1.6800240000000353,1.43273353,1.37585912
1.7360240000000062,1.43272424,1.37586521
1.7920240000000234,1.43271752,1.37586886
1.8480239999999943,1.4327127,1.37587077
1.9040240000000115,1.43270927,1.37587146
1.9600240000000286,1.43270685,1.37587133
7.999999989470377e-06,1.43270559,1.37587087
0.005608000000014349,1.43271742,1.37585878
0.016808000000017784,1.43273847,1.37583743
0.039208000000024654,1.43268192,1.37589818
0.08400799999999208,1.43163872,1.37699366
0.14000800000000926,1.42799279,1.3807927
0.19600800000002644,1.42163496,1.3873283
0.2520079999999973,1.41291054,1.39612099
0.25760800000002215,1.41190099,1.39712596
0.2688080000000256,1.409849,1.39916407
0.2912080000000325,1.40564493,1.4033141
0.3360079999999999,1.39750566,1.41127576
0.39200800000001707,1.38872297,1.41979898
0.44800800000003427,1.38190133,1.4264053
0.5040080000000051,1.37691499,1.4312493
0.5600080000000223,1.37343877,1.43464856
0.6160079999999931,1.37112807,1.43693154
0.6720080000000104,1.36967597,1.43838889
0.7280080000000275,1.36883099,1.43925937
0.7840079999999984,1.3683977,1.43972891
0.8400080000000155,1.36823074,1.43993637
0.8960080000000327,1.36822601,1.43998163
0.9520080000000035,1.3683118,1.4399339
1.0080080000000207,1.36844061,1.43983931
1.0640079999999916,1.36858263,1.43972716
1.1200080000000088,1.3687203,1.43961498
1.176008000000026,1.36884437,1.43951229
1.2320079999999969,1.36895088,1.43942348
1.288008000000014,1.36903915,1.43934973
1.3440080000000312,1.36911032,1.43929037
1.400008000000002,1.36916644,1.43924383
1.4560080000000193,1.36920985,1.43920817
1.51200799999999,1.36924291,1.43918139
1.5680080000000072,1.36926771,1.43916169
1.6240080000000243,1.36928609,1.43914748
1.6800079999999953,1.36929955,1.43913746
1.7360080000000124,1.36930932,1.43913057
1.7920080000000296,1.36931635,1.43912597
1.8480080000000005,1.36932137,1.43912303
1.9040080000000177,1.36932495,1.43912128
1.9600080000000348,1.3693275,1.43912034
1.9999919999999958,1.36932885,1.43912004
0.005592000000020571,1.36931701,1.43913203
0.016792000000024006,1.36929602,1.43915338
0.039192000000030876,1.36935609,1.43909715
0.0839919999999983,1.37044543,1.43805511
0.13999200000001547,1.37423919,1.43441768
0.19599200000003267,1.3807856,1.42808001
0.2519920000000035,1.3896107,1.41938558
0.2575920000000284,1.39062017,1.41837945
0.26879200000003184,1.39266768,1.41633449
0.2911919999999924,1.396839,1.41214614
0.3359920000000061,1.40484921,1.40404488
0.3919920000000233,1.41343223,1.39531365
0.4479919999999942,1.4200864,1.38853645
0.5039920000000113,1.42496289,1.38358141
0.5599920000000285,1.42838087,1.38012345
0.6159919999999993,1.43067178,1.37782043
0.6719920000000166,1.43212927,1.37636818
0.7279920000000337,1.43299462,1.37551761
0.7839920000000046,1.43345575,1.3750752
0.8399920000000217,1.43365299,1.37489708
0.8959919999999926,1.4336873,1.37488021
0.9519920000000098,1.43362858,1.37495363
1.0079920000000269,1.4335234,1.37507037
1.0639919999999978,1.43340133,1.37520093
1.119992000000015,1.43328005,1.37532793
1.1759920000000321,1.43316912,1.37544218
1.231992000000003,1.43307294,1.37553974
1.2879920000000202,1.43299262,1.37561991
1.343991999999991,1.43292746,1.37568375
1.3999920000000083,1.4328758,1.37573327
1.4559920000000255,1.43283562,1.37577073
1.5119919999999962,1.43280487,1.37579842
1.5679920000000134,1.43278167,1.37581835
1.6239920000000307,1.43276439,1.37583232
1.6799920000000015,1.43275165,1.37584176
1.7359920000000186,1.43274235,1.37584785
1.7919919999999896,1.43273563,1.37585149
1.8479920000000067,1.4327308,1.3758534
1.9039920000000239,1.43272737,1.37585409
1.9599919999999948,1.43272494,1.37585395
0.015992000000011924,1.43272324,1.37585325
0.0719920000000291,1.43272206,1.37585221
0.12799199999999997,1.43272125,1.37585095
0.18399200000001714,1.43272071,1.37584958
0.23999200000003432,1.43272036,1.37584815
0.2959920000000052,1.43272015,1.37584671
0.35199200000002234,1.43272004,1.37584528
0.4079919999999932,1.43272001,1.37584389
0.4639920000000104,1.43272005,1.37584253
0.5199920000000275,1.43272012,1.37584121
0.5759919999999984,1.43272024,1.37583993
0.6319920000000155,1.43272039,1.37583869
0.6879920000000328,1.43272057,1.37583749
0.7439920000000037,1.43272077,1.37583633
0.7999920000000208,1.43272099,1.3758352
0.8559919999999916,1.43272123,1.3758341
0.9119920000000088,1.43272148,1.37583302
0.967992000000026,1.43272175,1.37583197
1.023991999999997,1.43272203,1.37583094
1.079992000000014,1.43272233,1.37582993
1.1359920000000312,1.43272264,1.37582894
1.1919920000000022,1.43272295,1.37582797
1.2479920000000193,1.43272328,1.37582702
1.30399199999999,1.43272361,1.37582607
1.3599920000000072,1.43272396,1.37582514
1.4159920000000246,1.43272431,1.37582423
1.4719919999999953,1.43272467,1.37582332
1.5279920000000125,1.43272503,1.37582243
1.5839920000000296,1.4327254,1.37582154
1.6399920000000006,1.43272578,1.37582066
1.6959920000000177,1.43272616,1.3758198
1.7519920000000349,1.43272655,1.37581894
1.8079920000000058,1.43272694,1.37581808
1.863992000000023,1.43272733,1.37581723
1.9199919999999937,1.43272774,1.37581639
1.975992000000011,1.43272814,1.37581556
0.03199200000002815,1.43272855,1.37581473
0.087991999999999,1.43272896,1.37581391
0.1439920000000162,1.43272938,1.37581309
0.19999200000003337,1.4327298,1.37581228
0.2559920000000042,1.43273022,1.37581147
0.3119920000000214,1.43273065,1.37581067
0.36799199999999227,1.43273108,1.37580987
0.4239920000000094,1.43273151,1.37580907
0.4799920000000266,1.43273195,1.37580828
0.5359919999999975,1.43273239,1.3758075
0.5919920000000146,1.43273283,1.37580671
0.6479920000000319,1.43273328,1.37580593
0.7039920000000027,1.43273373,1.37580516
0.7599920000000199,1.43273418,1.37580438
0.8159919999999907,1.43273463,1.37580361
0.8719920000000079,1.43273509,1.37580285
0.927992000000025,1.43273554,1.37580208
0.983991999999996,1.432736,1.37580132
1.0399920000000131,1.43273647,1.37580056
1.0959920000000303,1.43273693,1.37579981
1.1519920000000012,1.4327374,1.37579906
1.2079920000000184,1.43273787,1.37579831
1.2639920000000355,1.43273834,1.37579756
1.3199920000000063,1.43273882,1.37579682
1.3759920000000236,1.43273929,1.37579608
1.4319919999999944,1.43273977,1.37579534
1.4879920000000115,1.43274025,1.3757946
1.5439920000000287,1.43274073,1.37579387
1.5999919999999996,1.43274122,1.37579314
1.6559920000000168,1.4327417,1.37579241
1.711992000000034,1.43274219,1.37579168
1.767992000000005,1.43274268,1.37579095
1.823992000000022,1.43274317,1.37579023
1.8799919999999928,1.43274367,1.37578951
1.93599200000001,1.43274416,1.37578879
1.9919920000000273,1.43274466,1.37578807
0.04799199999999806,1.43274516,1.37578736
0.10399200000001524,1.43274566,1.37578665
0.1599920000000324,1.43274616,1.37578593
0.21599200000000326,1.43274666,1.37578522
0.27199200000002044,1.43274716,1.37578452
0.3279919999999913,1.43274767,1.37578381
0.3839920000000085,1.43274818,1.37578311
0.43999200000002564,1.43274869,1.3757824
0.49599199999999655,1.4327492,1.3757817
0.5519920000000137,1.43274971,1.37578101
0.6079920000000308,1.43275022,1.37578031
0.6639920000000017,1.43275074,1.37577961
0.719992000000019,1.43275125,1.37577892
0.7759919999999898,1.43275177,1.37577823
0.831992000000007,1.43275229,1.37577753
0.8879920000000241,1.43275281,1.37577685
0.943991999999995,1.43275333,1.37577616
0.9999920000000122,1.43275385,1.37577547
1.0055919999999907,1.43276588,1.3757634
1.0167919999999941,1.43278732,1.37574208
1.039192000000001,1.4327315,1.37580293
1.0839920000000147,1.43168951,1.37689869
1.1399920000000319,1.42804483,1.38069831
1.1959920000000028,1.42168805,1.38723486
1.25199200000002,1.41296456,1.39602886
1.2575919999999985,1.4119551,1.39703398
1.268792000000002,1.40990329,1.39907239
1.2911920000000088,1.40569957,1.40322307
1.3359920000000225,1.39756104,1.41118605
1.3919919999999935,1.38877927,1.41971087
1.4479920000000106,1.38195847,1.42631858
1.5039920000000278,1.37697281,1.4311637
1.5599919999999987,1.37349712,1.43456385
1.6159920000000159,1.37118683,1.43684752
1.671992000000033,1.36973505,1.43830543
1.727992000000004,1.36889033,1.43917635
1.7839920000000211,1.36845724,1.43964625
1.8399919999999919,1.36829045,1.43985401
1.895992000000009,1.36828588,1.43989953
1.9519920000000262,1.36837181,1.43985203
0.007991999999997113,1.36850076,1.43975766
0.06399200000001429,1.36864292,1.4396457
0.11999200000003146,1.36878072,1.43953371
0.1759920000000023,1.36890492,1.43943121
0.23199200000001952,1.36901157,1.43934258
0.28799199999999037,1.36909997,1.43926899
0.3439920000000075,1.36917128,1.43920981
0.3999920000000247,1.36922754,1.43916344
0.45599199999999557,1.36927109,1.43912793
0.5119920000000128,1.36930429,1.43910131
0.5679920000000299,1.36932923,1.43908177
0.6239920000000008,1.36934775,1.43906772
0.6799920000000179,1.36936135,1.43905785
0.7359920000000352,1.36937126,1.4390511
0.791992000000006,1.36937842,1.43904665
0.8479920000000232,1.36938358,1.43904386
0.903991999999994,1.36938729,1.43904224
0.9599920000000112,1.36938998,1.43904144
0.9999760000000184,1.36939142,1.43904124
1.005575999999997,1.36937959,1.43905324
1.0167760000000003,1.36935864,1.43907461
1.0391760000000072,1.36941877,1.43901843
1.083976000000021,1.37050831,1.43797648
1.1399759999999919,1.37430233,1.43433904
1.195976000000009,1.38084884,1.42800119
1.2519760000000262,1.38967384,1.41930645
1.2575760000000047,1.39068329,1.41830029
1.2687760000000081,1.39273075,1.41625525
1.291176000000015,1.39690196,1.41206673
1.3359760000000287,1.40491185,1.40396505
1.3919759999999997,1.41349447,1.39523326
1.4479760000000168,1.42014834,1.38845561
1.503976000000034,1.42502467,1.38350029
1.559976000000005,1.42844263,1.38004219
1.615976000000022,1.43073361,1.37773917
1.6719759999999928,1.43219124,1.37628701
1.7279760000000102,1.43305678,1.3754366
1.7839760000000273,1.43351813,1.37499439
1.839975999999998,1.4337156,1.3748165
1.8959760000000152,1.43375014,1.37479987
1.9519760000000326,1.43369165,1.37487352
0.007976000000003335,1.4335867,1.3749905
0.06397600000002052,1.43346484,1.37512129
0.11997599999999137,1.43334375,1.3752485
0.17597600000000854,1.43323302,1.37536296
0.23197600000002572,1.43313701,1.37546072
0.28797599999999657,1.43305685,1.37554107
0.34397600000001377,1.43299185,1.37560509
0.3999760000000309,1.43294033,1.37565478
0.45597600000000177,1.43290029,1.3756924
0.511976000000019,1.43286966,1.37572023
0.5679759999999898,1.43284659,1.37574031
0.623976000000007,1.43282942,1.37575442
0.6799760000000242,1.43281679,1.37576399
0.7359759999999951,1.4328076,1.3757702
0.7919760000000122,1.43280097,1.37577397
0.8479760000000294,1.43279624,1.37577599
0.9039760000000002,1.4327929,1.37577679
0.9599760000000175,1.43279056,1.37577676
1.0159760000000346,1.43278894,1.37577617
1.0719760000000054,1.43278784,1.37577523
1.1279760000000227,1.43278711,1.37577408
1.1839759999999935,1.43278665,1.3757728
1.2399760000000106,1.43278638,1.37577147
1.2959760000000278,1.43278624,1.37577012
1.3519759999999987,1.4327862,1.37576879
1.4079760000000159,1.43278624,1.37576748
1.463976000000033,1.43278634,1.37576621
1.519976000000004,1.43278649,1.37576497
1.5759760000000211,1.43278667,1.37576378
1.6319759999999919,1.43278688,1.37576262
1.6879760000000092,1.43278712,1.3757615
1.7439760000000264,1.43278738,1.37576042
1.7999759999999971,1.43278765,1.37575936
1.8559760000000143,1.43278795,1.37575833
1.9119760000000314,1.43278826,1.37575733
1.9679760000000024,1.43278858,1.37575635
8.000000022402505e-06,1.43278877,1.3757558
0.0056080000000009594,1.43280079,1.37574371
0.016808000000004396,1.4328222,1.37572233
0.03920800000001127,1.4327663,1.37578307
0.08400800000002501,1.43172419,1.37687859
0.14000799999999586,1.4280794,1.38067793
0.19600800000001303,1.4217226,1.38721424
0.2520080000000302,1.41299915,1.39600809
0.2576080000000088,1.4119897,1.3970132
0.2688080000000122,1.40993791,1.39905159
0.29120800000001906,1.40573423,1.40320223
0.33600800000003284,1.39759582,1.41116519
0.3920080000000037,1.38881421,1.41968999
0.4480080000000209,1.38199353,1.42629765
0.5040079999999917,1.37700794,1.43114268
0.5600080000000089,1.37353225,1.4345427
0.6160080000000261,1.3712219,1.43682623
0.6720079999999969,1.36977002,1.43828397
0.7280080000000141,1.36892518,1.43915472
0.7840080000000312,1.36849195,1.43962444
0.8400080000000022,1.36832501,1.43983203
0.8960080000000193,1.36832029,1.43987738
0.9520079999999902,1.36840606,1.43982971
1.0080080000000073,1.36853486,1.43973517
1.0640080000000245,1.36867688,1.43962307
1.1200079999999955,1.36881454,1.43951093
1.1760080000000126,1.3689386,1.43940829
1.2320080000000297,1.3690451,1.43931954
1.2880080000000007,1.36913339,1.43924583
1.3440080000000179,1.36920457,1.43918654
1.400008000000035,1.3692607,1.43914005
1.4560080000000057,1.36930415,1.43910445
1.512008000000023,1.36933723,1.43907773
1.5680079999999939,1.36936207,1.43905809
1.624008000000011,1.36938048,1.43904395
1.6800080000000281,1.36939399,1.43903399
1.736007999999999,1.3694038,1.43902716
1.7920080000000163,1.36941086,1.43902263
1.8480080000000334,1.36941593,1.43901976
1.9040080000000044,1.36941955,1.43901807
1.9600080000000215,1.36942215,1.43901719
1.9999920000000286,1.36942353,1.43901694
0.005592000000007181,1.3694117,1.43902893
0.016792000000010618,1.36939072,1.43905029
0.03919200000001749,1.36945083,1.43899409
0.08399200000003124,1.37054035,1.43795208
0.1399920000000021,1.37433431,1.43431456
0.19599200000001926,1.38088068,1.42797659
0.2519919999999901,1.38970544,1.41928169
0.257592000000015,1.39071486,1.41827551
0.26879200000001846,1.39276226,1.41623044
0.2911920000000253,1.39693333,1.41204184
0.33599199999999274,1.40494292,1.40393998
0.3919920000000099,1.41352517,1.39520795
0.4479920000000271,1.42017873,1.38843009
0.5039919999999979,1.42505483,1.3834746
0.5599920000000151,1.42847263,1.3800164
0.6159920000000323,1.4307635,1.3777133
0.6719920000000031,1.43222106,1.37626111
0.7279920000000203,1.43308656,1.37541068
0.7839919999999911,1.43354788,1.37496847
0.8399920000000084,1.43374535,1.37479058
0.8959920000000255,1.43377988,1.37477395
0.9519919999999964,1.43372138,1.37484761
1.0079920000000135,1.43361643,1.37496459
1.0639920000000307,1.43349456,1.37509539
1.1199920000000017,1.43337347,1.3752226
1.1759920000000188,1.43326272,1.37533705
1.231992000000036,1.4331667,1.3754348
1.287992000000007,1.43308653,1.37551514
1.343992000000024,1.43302151,1.37557915
1.3999919999999948,1.43296997,1.37562882
1.455992000000012,1.43292991,1.37566643
1.5119920000000293,1.43289926,1.37569424
1.567992,1.43287617,1.3757143
1.6239920000000172,1.43285897,1.37572838
1.6799920000000343,1.43284632,1.37573793
1.7359920000000053,1.4328371,1.37574412
1.7919920000000225,1.43283045,1.37574786
1.8479919999999934,1.43282569,1.37574986
1.9039920000000106,1.43282232,1.37575063
1.9599920000000277,1.43281996,1.37575058
1.9999760000000348,1.43281873,1.37575017
0.005576000000013403,1.43283057,1.37573809
0.01677600000001684,1.43285162,1.37571675
0.03917600000002371,1.4327951,1.37577751
0.08397599999999113,1.43175192,1.37687291
0.13997600000000832,1.42810615,1.38067192
0.1959760000000255,1.42174866,1.38720779
0.25197599999999637,1.41302474,1.39600115
0.25757600000002123,1.41201525,1.39700621
0.26877600000002466,1.40996338,1.3990445
0.2911760000000315,1.40575958,1.40319495
0.33597599999999894,1.39762097,1.41115755
0.39197600000001614,1.38883919,1.41968192
0.4479760000000333,1.38201835,1.42628916
0.5039760000000042,1.37703258,1.43113379
0.5599760000000213,1.3735567,1.43453342
0.6159759999999922,1.37124615,1.43681658
0.6719760000000093,1.36979406,1.43827397
0.7279760000000266,1.368949,1.43914439
0.7839759999999975,1.36851556,1.4396138
0.8399760000000146,1.36834842,1.4398211
0.8959760000000317,1.3683435,1.43986619
0.9519760000000026,1.36842909,1.43981827
1.0000240000000327,1.36853856,1.43973812
1.0056240000000112,1.36854056,1.43973933
1.0168240000000146,1.36854743,1.43973883
1.0392240000000215,1.36866392,1.4396377
1.0840240000000352,1.36986549,1.43850471
1.1400240000000061,1.37379163,1.43475819
1.1960240000000233,1.38045552,1.4283225
1.2520239999999943,1.38938019,1.41954413
1.257624000000019,1.39039851,1.4185305
1.2688240000000224,1.39246334,1.41647081
1.2912240000000292,1.39666715,1.41225473
1.3360239999999968,1.4047341,1.40410451
1.392024000000014,1.41337416,1.39532332
1.448024000000031,1.42007223,1.3885072
1.504024000000002,1.42498198,1.38352249
1.5600240000000192,1.42842482,1.38004237
1.61602399999999,1.43073405,1.37772313
1.6720240000000073,1.4322049,1.37625923
1.7280240000000244,1.43307989,1.37540046
1.7840239999999952,1.43354793,1.37495244
1.8400240000000123,1.43375009,1.37477059
1.8960240000000295,1.43378788,1.37475133
1.9520240000000004,1.43373163,1.37482331
1.6000000012596663e-05,1.43364414,1.37492174
0.005615999999991153,1.43364445,1.37492252
0.01681599999999459,1.43364218,1.37492708
0.03921600000000146,1.43353781,1.37504048
0.0840160000000152,1.43239796,1.37624085
0.1400160000000324,1.42863659,1.38016395
0.19601600000000324,1.42217548,1.38681004
0.2520160000000204,1.41336288,1.39569681
0.25761599999999896,1.41234546,1.39671017
0.2688160000000024,1.41027803,1.3987647
0.2912160000000093,1.40604492,1.40294561
0.336016000000023,1.39785462,1.41096136
0.39201599999999387,1.38901998,1.41953896
0.44801600000001107,1.38215756,1.42618679
0.5040160000000282,1.37713956,1.43106169
0.5600159999999991,1.37363903,1.43448346
0.6160160000000162,1.37130983,1.43678246
0.6720160000000335,1.36984378,1.43825096
0.7280160000000043,1.36898835,1.43912898
0.7840160000000215,1.36854728,1.43960345
0.8400159999999923,1.36837454,1.439814
0.8960160000000095,1.36836553,1.43986106
0.9520160000000267,1.36844813,1.43981426
1.0000079999999925,1.36855557,1.43973469
1.0056080000000174,1.36855737,1.43973593
1.0168080000000208,1.36856388,1.43973549
1.0392080000000277,1.36867971,1.43963444
1.0840079999999952,1.36988018,1.43850149
1.1400080000000123,1.37380526,1.43475483
1.1960080000000295,1.38046834,1.42831889
1.2520080000000005,1.38939235,1.41954019
1.2576080000000252,1.3904106,1.41852652
1.2688080000000286,1.39247532,1.41646676
1.2912080000000357,1.39667891,1.41225054
1.336008000000003,1.40474545,1.40410002
1.3920080000000201,1.41338508,1.39531847
1.448007999999991,1.42008282,1.388502
1.5040080000000082,1.42499232,1.38351699
1.5600080000000254,1.42843495,1.38003659
1.6160079999999961,1.43074402,1.37771711
1.6720080000000135,1.43221475,1.37625299
1.7280080000000306,1.43308965,1.37539405
1.7840080000000014,1.4335576,1.37494586
1.8400080000000185,1.43375969,1.37476386
1.8960080000000359,1.43379743,1.37474448
1.9520080000000066,1.43374112,1.37481635
0.008008000000023822,1.43363765,1.37493222
0.06400799999999468,1.4335168,1.37506236
0.12000800000001186,1.43339638,1.37518925
0.17600800000002903,1.4332861,1.37530358
0.23200799999999988,1.43319039,1.37540134
0.2880080000000171,1.43311044,1.37548178
0.34400800000003423,1.43304558,1.37554594
0.4000080000000051,1.43299416,1.37559578
0.4560080000000223,1.4329542,1.37563356
0.5120079999999931,1.43292363,1.37566156
0.5680080000000103,1.4329006,1.37568179
0.6240080000000275,1.43288347,1.37569604
0.6800079999999984,1.43287088,1.37570575
0.7360080000000155,1.43286171,1.37571209
0.7920080000000327,1.43285511,1.37571598
0.8480080000000035,1.43285041,1.37571811
0.9040080000000208,1.43284709,1.37571901
0.9600079999999916,1.43284477,1.37571906
1.0160080000000087,1.43284317,1.37571856
1.072008000000026,1.43284209,1.37571769
1.1280079999999968,1.43284137,1.37571661
1.184008000000014,1.43284092,1.3757154
1.240008000000031,1.43284067,1.37571412
1.296008000000002,1.43284054,1.37571283
1.3520080000000192,1.43284052,1.37571155
1.4080079999999902,1.43284057,1.37571029
1.4640080000000073,1.43284069,1.37570906
1.5200080000000245,1.43284084,1.37570787
1.5760079999999952,1.43284103,1.37570672
1.6320080000000126,1.43284126,1.3757056
1.6880080000000297,1.4328415,1.37570451
1.7440080000000004,1.43284177,1.37570346
1.8000080000000176,1.43284206,1.37570244
1.8560080000000347,1.43284237,1.37570144
1.9120080000000057,1.43284269,1.37570047
1.9680080000000229,1.43284302,1.37569952
1.999984000000025,1.43284322,1.37569898
0.0055840000000035965,1.43285523,1.37568689
0.016784000000007033,1.43287664,1.37566552
0.0391840000000139,1.43282075,1.37572626
0.08398400000002765,1.43177864,1.37682173
0.1399839999999985,1.42813391,1.38062105
0.19598400000001567,1.42177727,1.38715747
0.25198400000003285,1.41305406,1.39595162
0.2575840000000114,1.41204464,1.39695677
0.26878400000001484,1.4099929,1.39899525
0.2911840000000217,1.40578935,1.40314608
0.3359840000000355,1.39765125,1.41110947
0.3919840000000063,1.38887008,1.4196348
0.4479840000000235,1.38204977,1.42624288
0.5039839999999943,1.37706444,1.4310882
0.5599840000000116,1.37358891,1.43448839
0.6159840000000287,1.37127863,1.436772
0.6719839999999996,1.36982675,1.43822975
0.7279840000000167,1.36898186,1.43910046
0.7839840000000339,1.36854856,1.43957011
0.8399840000000047,1.36838153,1.43977762
0.895984000000022,1.36837671,1.43982288
0.9519839999999928,1.36846239,1.43977512
1.00798400000001,1.36859109,1.4396805
1.0639840000000271,1.36873301,1.43956832
1.119983999999998,1.36887058,1.43945611
1.1759840000000152,1.36899457,1.4393534
1.2319840000000324,1.369101,1.43926459
1.2879840000000033,1.36918922,1.43919083
1.3439840000000205,1.36926034,1.43913149
1.3999839999999912,1.36931643,1.43908497
1.4559840000000084,1.36935982,1.43904933
1.5119840000000255,1.36939287,1.43902258
1.5679839999999965,1.36941767,1.43900292
1.6239840000000136,1.36943605,1.43898875
1.6799840000000308,1.36944952,1.43897878
1.7359840000000017,1.3694593,1.43897193
1.791984000000019,1.36946635,1.43896739
1.847984000000036,1.3694714,1.4389645
1.903984000000007,1.369475,1.4389628
1.9599840000000242,1.36947757,1.43896192
2.4000000002790825e-05,1.36947894,1.43896166
0.005624000000027669,1.36946711,1.43897365
0.016824000000031106,1.36944613,1.43899501
0.039223999999991654,1.36950625,1.4389388
0.0840240000000054,1.37059582,1.43789679
0.14002400000002257,1.37438984,1.43425919
0.19602399999999343,1.38093614,1.42792103
0.25202400000001063,1.38976064,1.41922586
0.2576240000000355,1.39077003,1.41821965
0.2688239999999926,1.39281735,1.41617452
0.2912239999999995,1.39698824,1.41198578
0.3360240000000132,1.40499743,1.40388359
0.3920240000000304,1.41357918,1.39515111
0.44802400000000125,1.42023234,1.38837287
0.5040240000000185,1.42510817,1.38341711
0.5600240000000356,1.42852581,1.37995875
0.6160240000000065,1.43081662,1.3776556
0.6720240000000236,1.43227418,1.37620342
0.7280239999999945,1.43313973,1.37535304
0.7840240000000117,1.43360112,1.37491091
0.8400240000000289,1.43379868,1.37473312
0.8960239999999997,1.43383331,1.3747166
0.9520240000000169,1.43377491,1.37479037
1.000016000000029,1.43368616,1.37488979
1.0056160000000076,1.43368636,1.37489065
1.016816000000011,1.43368386,1.37489538
1.039216000000018,1.43357908,1.37500904
1.0840160000000316,1.43243861,1.37620977
1.1400160000000026,1.42867676,1.38013308
1.1960160000000197,1.42221543,1.38677928
1.2520159999999905,1.41340279,1.39566614
1.2576160000000154,1.41238537,1.3966795
1.2688160000000188,1.41031795,1.39873406
1.2912160000000257,1.40608489,1.40291501
1.3360159999999932,1.39789473,1.41093087
1.3920160000000104,1.38906031,1.41950857
1.4480160000000275,1.3821981,1.42615644
1.5040159999999985,1.37718023,1.4310313
1.5600160000000156,1.37367976,1.43445296
1.6160160000000328,1.37135056,1.43675182
1.6720160000000035,1.36988446,1.43822014
1.7280160000000209,1.36902896,1.43909797
1.7840159999999916,1.36858778,1.43957224
1.8400160000000088,1.36841493,1.4397826
1.896016000000026,1.3684058,1.43982947
1.9520159999999969,1.36848829,1.43978249
8.000000009012518e-06,1.36859562,1.43970277
0.005608000000033891,1.36859742,1.43970399
0.016807999999991004,1.3686039,1.43970352
0.039207999999997876,1.3687197,1.43960241
0.08400800000001162,1.36992012,1.43846934
0.1400080000000288,1.37384514,1.43472251
0.19600799999999965,1.38050804,1.42828635
0.25200800000001683,1.38943175,1.4195074
0.2576079999999954,1.39044997,1.4184937
0.2688079999999988,1.39251461,1.41643389
0.2912080000000057,1.39671803,1.41221754
0.33600800000001946,1.40478421,1.40406676
0.3920079999999903,1.41342339,1.39528486
0.44800800000000746,1.42012076,1.38846809
0.5040080000000247,1.42502998,1.38348284
0.5600079999999955,1.42847242,1.38000228
0.6160080000000127,1.43078137,1.37768269
0.6720080000000299,1.43225203,1.37621853
0.7280080000000008,1.43312689,1.37535955
0.7840080000000179,1.43359484,1.37491136
0.8400080000000351,1.43379693,1.37472937
0.8960080000000059,1.43383468,1.37470999
0.9520080000000231,1.43377838,1.37478188
1.008007999999994,1.43367493,1.37489776
1.0640080000000112,1.43355408,1.37502792
1.1200080000000283,1.43343368,1.37515481
1.1760079999999993,1.4333234,1.37526915
1.2320080000000164,1.4332277,1.37536692
1.2880080000000336,1.43314775,1.37544736
1.3440080000000043,1.43308288,1.37551151
1.4000080000000217,1.43303145,1.37556134
1.4560079999999924,1.43299148,1.37559912
1.5120080000000096,1.4329609,1.3756271
1.5680080000000267,1.43293786,1.37564732
1.6240079999999977,1.43292071,1.37566156
1.6800080000000148,1.4329081,1.37567125
1.736008000000032,1.43289891,1.37567758
1.792008000000003,1.4328923,1.37568144
1.84800800000002,1.43288757,1.37568356
1.9040079999999908,1.43288423,1.37568443
1.960008000000008,1.43288189,1.37568447
1.9999920000000153,1.43288068,1.37568414
0.005591999999993791,1.43289253,1.37567207
0.016791999999997226,1.43291359,1.37565074
0.0391920000000041,1.43285707,1.37571152
0.08399200000001784,1.43181391,1.37680691
0.139992000000035,1.42816822,1.38060594
0.19599200000000588,1.42181092,1.38714198
0.25199200000002303,1.41308728,1.39593573
0.2575920000000016,1.41207782,1.39694084
0.268792000000005,1.41002602,1.39897924
0.29119200000001194,1.40582236,1.40312993
0.33599200000002566,1.39768412,1.41109305
0.3919919999999965,1.38890283,1.41961807
0.4479920000000137,1.38208242,1.42622583
0.5039920000000309,1.37709697,1.43107082
0.5599920000000017,1.37362128,1.43447067
0.6159920000000189,1.37131081,1.43675394
0.6719920000000361,1.36985872,1.43821137
0.727992000000007,1.36901362,1.43908176
0.7839920000000241,1.3685801,1.43955112
0.839991999999995,1.36841286,1.43975834
0.8959920000000121,1.36840783,1.43980334
0.9519920000000294,1.36849332,1.43975534
0.9999839999999952,1.36860257,1.43967521
1.00558400000002,1.36860455,1.43967641
1.0167840000000234,1.3686114,1.4396759
1.0391840000000303,1.36872787,1.43957474
1.0839839999999978,1.36992944,1.43844169
1.139984000000015,1.37385559,1.434695
1.1959840000000321,1.38051935,1.42825904
1.251984000000003,1.38944368,1.41948029
1.2575840000000278,1.39046195,1.41846662
1.2687840000000312,1.39252669,1.41640685
1.291183999999992,1.39673029,1.41219058
1.3359840000000056,1.40479675,1.40403993
1.3919840000000228,1.41343621,1.39525818
1.4479839999999937,1.4201338,1.38844158
1.5039840000000109,1.42504322,1.38345653
1.559984000000028,1.42848585,1.37997621
1.6159839999999988,1.430795,1.37765687
1.6719840000000161,1.43226584,1.37619295
1.7279840000000333,1.43314088,1.37533423
1.783984000000004,1.43360899,1.37488629
1.8399840000000212,1.43381125,1.37470454
1.8959839999999921,1.43384914,1.3746854
1.9519840000000093,1.43379299,1.3747575
1.9999760000000215,1.43370559,1.37485603
0.005576000000000012,1.43370591,1.37485681
0.016776000000003448,1.43370367,1.3748614
0.03917600000001032,1.43359933,1.37497482
0.08397600000002406,1.43245956,1.37617521
0.1399759999999949,1.42869833,1.38009835
0.19597600000001208,1.42223747,1.38674464
0.2519760000000293,1.4134252,1.39563182
0.25757600000000785,1.41240781,1.39664522
0.2687760000000113,1.41034046,1.39869987
0.29117600000001814,1.40610752,1.40288102
0.33597600000003186,1.39791762,1.41089731
0.3919760000000027,1.38908351,1.41947556
0.4479760000000199,1.38222156,1.42612391
0.5039759999999908,1.3772039,1.43099918
0.5599760000000079,1.37370358,1.43442117
0.6159760000000252,1.37137448,1.43672029
0.671975999999996,1.36990845,1.43818882
0.7279760000000132,1.369053,1.43906682
0.7839760000000303,1.36861185,1.43954123
0.8399760000000012,1.36843902,1.4397517
0.8959760000000184,1.36842992,1.43979867
0.9519760000000356,1.36851242,1.43975177
1.0079760000000064,1.36863877,1.43965746
1.0639760000000236,1.36877892,1.43954522
1.1199759999999945,1.36891516,1.43943273
1.1759760000000117,1.36903812,1.43932964
1.2319760000000288,1.36914375,1.43924037
1.2879759999999996,1.36923132,1.43916614
1.343976000000017,1.36930192,1.43910633
1.399976000000034,1.36935757,1.43905936
1.4559760000000048,1.36940059,1.4390233
1.511976000000022,1.36943332,1.43899617
1.567975999999993,1.36945783,1.43897615
1.62397600000001,1.36947596,1.43896165
1.6799760000000272,1.3694892,1.43895138
1.7359759999999982,1.36949878,1.43894426
1.7919760000000153,1.36950563,1.43893947
1.8479760000000325,1.3695105,1.43893635
1.9039760000000032,1.36951394,1.43893444
1.9599760000000206,1.36951636,1.43893336
0.015975999999991365,1.36951807,1.43893287
0.07197600000000855,1.36951928,1.43893277
0.1279760000000257,1.36952015,1.43893293
0.1839759999999966,1.3695208,1.43893326
0.23997600000001376,1.36952128,1.43893369
0.29597600000003094,1.36952167,1.43893418
0.3519760000000018,1.36952199,1.43893471
0.407976000000019,1.36952227,1.43893525
0.46397600000003614,1.36952252,1.4389358
0.519976000000007,1.36952276,1.43893634
0.5759760000000241,1.36952298,1.43893687
0.631975999999995,1.3695232,1.4389374
0.6879760000000122,1.36952341,1.43893791
0.7439760000000294,1.36952362,1.43893841
0.7999760000000002,1.36952382,1.4389389
0.8559760000000174,1.36952403,1.43893938
0.9119760000000346,1.36952422,1.43893985
0.9679760000000055,1.36952442,1.43894031
1.0239760000000226,1.36952461,1.43894076
1.0799759999999934,1.3695248,1.4389412
1.1359760000000108,1.36952499,1.43894164
1.191976000000028,1.36952517,1.43894207
1.2479759999999986,1.36952535,1.43894249
1.3039760000000158,1.36952552,1.4389429
1.3599760000000332,1.36952569,1.4389433
1.415976000000004,1.36952586,1.4389437
1.471976000000021,1.36952602,1.4389441
1.527975999999992,1.36952618,1.43894448
1.5839760000000092,1.36952634,1.43894487
1.6399760000000263,1.36952649,1.43894524
1.6959759999999973,1.36952663,1.43894561
1.7519760000000144,1.36952678,1.43894598
1.8079760000000316,1.36952692,1.43894634
1.8639760000000023,1.36952705,1.4389467
1.9199760000000197,1.36952719,1.43894705
1.9759759999999904,1.36952731,1.4389474
0.031976000000007596,1.36952744,1.43894774
0.08797600000002477,1.36952756,1.43894808
0.14397599999999564,1.36952768,1.43894842
0.1999760000000128,1.36952779,1.43894875
0.25597600000002996,1.3695279,1.43894908
0.31197600000000086,1.369528,1.4389494
0.367976000000018,1.36952811,1.43894972
0.4239760000000352,1.36952821,1.43895004
0.47997600000000606,1.3695283,1.43895035
0.5359760000000232,1.36952839,1.43895066
0.5919759999999941,1.36952848,1.43895097
0.6479760000000113,1.36952857,1.43895128
0.7039760000000285,1.36952865,1.43895158
0.7599759999999993,1.36952873,1.43895187
0.8159760000000165,1.3695288,1.43895217
0.8719760000000336,1.36952888,1.43895246
0.9279760000000045,1.36952895,1.43895275
0.9839760000000217,1.36952901,1.43895304
1.0399759999999925,1.36952908,1.43895332
1.0959760000000098,1.36952914,1.4389536
1.151976000000027,1.3695292,1.43895388
1.2079759999999977,1.36952925,1.43895416
1.2639760000000149,1.3695293,1.43895443
1.319976000000032,1.36952935,1.4389547
1.375976000000003,1.3695294,1.43895497
1.4319760000000201,1.36952944,1.43895523
1.487975999999991,1.36952949,1.4389555
1.5439760000000082,1.36952953,1.43895576
1.5999760000000254,1.36952956,1.43895602
1.6559759999999961,1.3695296,1.43895628
1.7119760000000135,1.36952963,1.43895653
1.7679760000000306,1.36952966,1.43895678
1.8239760000000014,1.36952968,1.43895704
1.8799760000000185,1.36952971,1.43895728
1.935976000000036,1.36952973,1.43895753
1.9919760000000066,1.36952975,1.43895778
0.047976000000023826,1.36952977,1.43895802
0.10397599999999468,1.36952979,1.43895826
0.15997600000001186,1.3695298,1.4389585
0.21597600000002903,1.36952981,1.43895874
0.2719759999999999,1.36952982,1.43895897
0.3279760000000171,1.36952983,1.43895921
0.38397600000003423,1.36952984,1.43895944
0.4399760000000051,1.36952984,1.43895967
0.4959760000000223,1.36952984,1.4389599
0.5519759999999931,1.36952984,1.43896012
0.6079760000000103,1.36952984,1.43896035
0.6639760000000275,1.36952984,1.43896057
0.7199759999999984,1.36952983,1.4389608
0.7759760000000155,1.36952983,1.43896102
0.8319760000000327,1.36952982,1.43896124
0.8879760000000035,1.36952981,1.43896145
0.9439760000000208,1.3695298,1.43896167
0.9999759999999916,1.36952978,1.43896189
1.0055760000000165,1.36951778,1.43897392
1.0167760000000199,1.36949648,1.43899534
1.0391760000000267,1.36955607,1.43893923
1.0839759999999943,1.3706456,1.43789791
1.1399760000000114,1.37444007,1.43426147
1.1959760000000286,1.38098549,1.42792324
1.2519759999999993,1.3898085,1.41922743
1.2575760000000242,1.39081774,1.41822116
1.2687760000000277,1.39286478,1.41617591
1.2911760000000345,1.39703506,1.41198691
1.335976000000002,1.40504306,1.40388418
1.3919760000000192,1.41362348,1.39515105
1.4479760000000363,1.42027553,1.38837219
1.5039760000000073,1.42515046,1.38341588
1.5599760000000245,1.42856739,1.37995704
1.6159759999999952,1.43085763,1.37765346
1.6719760000000123,1.43231473,1.37620089
1.7279760000000297,1.4331799,1.37535016
1.7839760000000005,1.43364097,1.3749077
1.8399760000000176,1.43383824,1.37472961
1.8959760000000347,1.43387261,1.37471279
1.9519760000000057,1.43381396,1.37478627
2.4000000035722954e-05,1.4337249,1.37488557
0.00562400000001428,1.43372507,1.3748864
0.016824000000017714,1.43372253,1.37489108
0.039224000000024586,1.43361766,1.37500463
0.08402399999999201,1.43247704,1.3762051
0.1400240000000092,1.42871509,1.38012804
0.19602400000002637,1.42225376,1.38677386
0.2520239999999972,1.41344121,1.39566033
0.2576240000000221,1.4124238,1.39667366
0.26882400000002554,1.41035641,1.39872814
0.2912240000000324,1.40612341,1.40290895
0.3360239999999998,1.39793339,1.41092454
0.392024000000017,1.38909915,1.41950194
0.4480240000000342,1.38223706,1.42614951
0.504024000000005,1.37721924,1.43102408
0.5600240000000222,1.37371873,1.43444544
0.616023999999993,1.37138943,1.436744
0.6720240000000103,1.36992318,1.43821203
0.7280240000000274,1.36906749,1.43908956
0.7840239999999983,1.36862611,1.43956355
0.8400240000000154,1.36845303,1.43977362
0.8960240000000327,1.36844367,1.43982022
0.9520240000000035,1.36852592,1.43977298
1.0000160000000158,1.36863305,1.43969304
1.0056159999999943,1.36863482,1.43969424
1.0168159999999977,1.36864126,1.43969372
1.0392160000000046,1.36875697,1.43959252
1.0840160000000183,1.36995722,1.43845927
1.1400160000000354,1.37388199,1.43471225
1.1960160000000064,1.38054454,1.42827592
1.2520160000000236,1.38946777,1.41949679
1.257616000000002,1.39048593,1.41848308
1.2688160000000055,1.39255046,1.41642323
1.2912160000000124,1.39675364,1.41220682
1.336016000000026,1.40481932,1.40405588
1.392015999999997,1.4134579,1.39527375
1.4480160000000142,1.42015476,1.38845676
1.5040160000000313,1.42506355,1.38347132
1.560016000000002,1.42850565,1.3799906
1.6160160000000194,1.43081434,1.37767087
1.6720159999999902,1.43228477,1.37620657
1.7280160000000073,1.43315945,1.37534747
1.7840160000000245,1.43362723,1.37489917
1.8400159999999954,1.43382918,1.37471707
1.8960160000000126,1.43386679,1.37469758
1.9520160000000297,1.43381037,1.37476936
0.008016000000000627,1.43370679,1.37488513
0.06401600000001781,1.43358583,1.37501518
0.12001600000003498,1.43346531,1.37514196
0.17601600000000583,1.43335491,1.37525618
0.232016000000023,1.4332591,1.37535383
0.2880159999999939,1.43317903,1.37543414
0.34401600000001104,1.43311405,1.37549818
0.40001600000002824,1.43306251,1.37554789
0.4560159999999991,1.43302242,1.37558554
0.5120160000000162,1.43299173,1.37561341
0.5680160000000335,1.43296858,1.37563351
0.6240160000000043,1.43295132,1.37564763
0.6800160000000215,1.4329386,1.3756572
0.7360159999999923,1.43292931,1.37566341
0.7920160000000095,1.43292259,1.37566716
0.8480160000000266,1.43291776,1.37566916
0.9040159999999976,1.43291431,1.37566993
0.9600160000000147,1.43291187,1.37566986
1.016016000000032,1.43291015,1.37566922
1.0720160000000027,1.43290895,1.37566823
1.12801600000002,1.43290812,1.37566702
1.1840159999999909,1.43290755,1.37566568
1.240016000000008,1.43290717,1.37566429
1.2960160000000251,1.43290693,1.37566288
1.352015999999996,1.4329068,1.37566147
1.4080160000000133,1.43290674,1.3756601
1.4640160000000304,1.43290674,1.37565875
1.5200160000000011,1.43290679,1.37565745
1.5760160000000183,1.43290688,1.37565618
1.6320160000000357,1.43290699,1.37565495
1.6880160000000064,1.43290714,1.37565376
1.7440160000000235,1.4329073,1.3756526
1.8000159999999945,1.43290749,1.37565147
1.8560160000000117,1.43290769,1.37565038
1.9120160000000288,1.43290792,1.3756493
1.9680159999999998,1.43290815,1.37564825
1.9999920000000018,1.43290829,1.37564766
0.005592000000026723,1.4329203,1.37563556
0.016792000000030158,1.43294169,1.37561417
0.039191999999990706,1.43288576,1.37567485
0.08399200000000445,1.43184359,1.37677018
0.13999200000002163,1.42819887,1.38056931
0.19599199999999248,1.42184237,1.38710568
0.25199200000000965,1.4131194,1.39589993
0.2575920000000345,1.41211001,1.3969051
0.26879199999999165,1.41005833,1.39894362
0.2911919999999985,1.40585491,1.40309456
0.3359920000000123,1.39771715,1.41105822
0.39199200000002943,1.38893643,1.41958389
0.4479920000000003,1.38211651,1.42619223
0.5039920000000175,1.37713144,1.43103768
0.5599920000000347,1.37365603,1.43443791
0.6159920000000055,1.37134576,1.43672146
0.6719920000000227,1.36989382,1.4381791
0.7279919999999935,1.36904881,1.43904967
0.7839920000000107,1.36861536,1.43951915
0.8399920000000279,1.36844816,1.43972648
0.8959919999999988,1.36844315,1.43977155
0.9519920000000159,1.36852864,1.43972361
0.9999840000000281,1.36863789,1.43964353
1.0055840000000067,1.36863987,1.43964473
1.0167840000000101,1.36864672,1.43964423
1.039184000000017,1.3687632,1.43954309
1.0839840000000307,1.36996481,1.43841007
1.1399840000000017,1.37389099,1.43466339
1.1959840000000188,1.38055469,1.42822736
1.251984000000036,1.38947884,1.41944851
1.2575840000000145,1.39049708,1.41843482
1.268784000000018,1.39256177,1.41637502
1.2911840000000248,1.39676525,1.41215869
1.3359839999999923,1.40483144,1.40400788
1.3919840000000094,1.41347056,1.3952259
1.4479840000000266,1.42016788,1.38840911
1.5039839999999973,1.42507712,1.38342393
1.5599840000000147,1.42851964,1.37994354
1.6159840000000318,1.43082873,1.37762418
1.6719840000000026,1.43229956,1.37616029
1.7279840000000197,1.43317462,1.37530161
1.7839839999999907,1.43364277,1.37485372
1.8399840000000078,1.43384507,1.37467204
1.895984000000025,1.43388302,1.37465296
1.951983999999996,1.43382692,1.37472513
1.999976000000008,1.43373956,1.37482372
0.005576000000032945,1.43373989,1.37482451
0.01677600000003638,1.43373765,1.37482911
0.03917599999999693,1.43363333,1.37494255
0.08397600000001067,1.4324936,1.37614295
0.13997600000002786,1.42873246,1.3800661
0.1959759999999987,1.42227174,1.38671248
0.2519760000000159,1.41345967,1.39559983
0.2575759999999944,1.4124423,1.39661327
0.26877599999999785,1.41037499,1.39866796
0.29117600000000476,1.40614215,1.40284922
0.3359760000000185,1.39795247,1.41086577
0.3919760000000357,1.38911865,1.41944432
0.44797600000000654,1.38225696,1.42609292
0.5039760000000237,1.37723949,1.43096836
0.5599759999999946,1.37373928,1.43439045
0.6159760000000117,1.37141024,1.43668962
0.6719760000000289,1.36994422,1.43815816
0.7279759999999997,1.36908875,1.43903613
0.783976000000017,1.36864756,1.43951051
0.8399760000000341,1.36847468,1.43972093
0.895976000000005,1.36846551,1.43976785
0.9519760000000221,1.36854796,1.4397209
1.007975999999993,1.36867425,1.43962653
1.0639760000000102,1.36881435,1.43951424
1.1199760000000274,1.36895053,1.43940171
1.1759759999999981,1.36907344,1.43929857
1.2319760000000155,1.36917902,1.43920927
1.2879760000000327,1.36926655,1.439135
1.3439760000000034,1.36933711,1.43907516
1.3999760000000205,1.36939272,1.43902817
1.4559759999999915,1.36943571,1.43899208
1.5119760000000086,1.36946841,1.43896492
1.5679760000000258,1.36949289,1.43894488
1.6239759999999968,1.369511,1.43893037
1.679976000000014,1.36952421,1.43892008
1.735976000000031,1.36953377,1.43891295
1.791976000000002,1.3695406,1.43890814
1.8479760000000192,1.36954545,1.43890501
1.9039760000000363,1.36954887,1.43890308
1.959976000000007,1.36955128,1.438902
1.6000000032138808e-05,1.36955253,1.4389016
0.005616000000010696,1.36954068,1.43891357
0.016816000000014132,1.36951968,1.4389349
0.039216000000021005,1.36957975,1.43887862
0.08401600000003474,1.37066929,1.43783648
0.1400160000000056,1.37446323,1.43419867
0.19601600000002278,1.38100928,1.4278602
0.25201599999999363,1.38983328,1.41916465
0.2576160000000185,1.3908426,1.4181584
0.2688160000000219,1.39288979,1.41611317
0.29121600000002884,1.39706039,1.41192425
0.33601599999999626,1.40506894,1.40382162
0.3920160000000134,1.4136499,1.39508857
0.4480160000000306,1.42030242,1.38830982
0.5040160000000015,1.42517778,1.38335368
0.5600160000000186,1.42859511,1.37989508
0.6160160000000358,1.43088573,1.37759178
0.6720160000000067,1.43234321,1.37613953
0.7280160000000239,1.43320872,1.37528914
0.7840159999999947,1.43367012,1.37484704
0.8400160000000119,1.43386771,1.3746693
0.896016000000029,1.43390239,1.37465283
0.9520159999999999,1.43384404,1.37472666
1.0080160000000171,1.43373922,1.3748438
1.0640160000000343,1.43361749,1.37497474
1.1200160000000052,1.43349651,1.37510209
1.1760160000000224,1.43338587,1.37521667
1.2320159999999931,1.43328994,1.37531453
1.2880160000000103,1.43320984,1.37539496
1.3440160000000274,1.43314488,1.37545905
1.4000159999999984,1.43309339,1.37550879
1.4560160000000155,1.43305337,1.37554645
1.5120160000000327,1.43302275,1.37557431
1.5680160000000036,1.43299968,1.37559441
1.6240160000000208,1.43298249,1.37560852
1.6800159999999915,1.43296985,1.37561809
1.7360160000000089,1.43296063,1.3756243
1.792016000000026,1.43295399,1.37562806
1.8480159999999968,1.43294922,1.37563007
1.904016000000014,1.43294585,1.37563085
1.9600160000000313,1.43294347,1.3756308
0.016016000000002046,1.43294182,1.37563019
0.07201600000001923,1.43294067,1.37562923
0.1280160000000364,1.4329399,1.37562804
0.18401600000000726,1.43293939,1.37562674
0.24001600000002443,1.43293907,1.37562538
0.2960159999999953,1.43293889,1.375624
0.3520160000000125,1.43293881,1.37562264
0.40801600000002963,1.4329388,1.3756213
0.4640160000000005,1.43293885,1.37562
0.5200160000000177,1.43293895,1.37561873
0.5760160000000348,1.43293908,1.37561751
0.6320160000000057,1.43293924,1.37561632
0.6880160000000229,1.43293943,1.37561517
0.7440159999999938,1.43293964,1.37561405
0.8000160000000109,1.43293987,1.37561297
0.8560160000000281,1.43294012,1.37561191
0.9120159999999989,1.43294038,1.37561088
0.9680160000000162,1.43294066,1.37560987
0.9999920000000183,1.43294082,1.37560931
1.005591999999997,1.43295284,1.37559721
1.0167920000000004,1.43297423,1.37557583
1.0391920000000072,1.43291832,1.37563652
1.083992000000021,1.43187617,1.37673184
1.1399919999999917,1.42823152,1.38053099
1.195992000000009,1.42187512,1.38706747
1.2519920000000262,1.41315232,1.39586196
1.2575920000000047,1.41214294,1.39686716
1.2687920000000081,1.4100913,1.39890575
1.291192000000015,1.40588797,1.40305684
1.3359920000000287,1.39775041,1.41102082
1.3919919999999997,1.38896997,1.41954688
1.4479920000000168,1.38215029,1.42615554
1.503992000000034,1.3771654,1.43100122
1.5599920000000047,1.37369011,1.43440159
1.615992000000022,1.3713799,1.43668523
1.6719919999999928,1.36992798,1.43814291
1.72799200000001,1.36908296,1.43901347
1.7839920000000271,1.36864948,1.43948295
1.839991999999998,1.36848225,1.43969025
1.8959920000000152,1.3684772,1.43973529
1.9519920000000324,1.36856265,1.43968732
0.007992000000003264,1.36869114,1.43959249
0.06399200000002045,1.36883284,1.43948011
0.1199919999999913,1.36897022,1.43936771
0.17599200000000847,1.36909401,1.43926484
0.23199200000002565,1.36920027,1.43917588
0.28799199999999653,1.36928832,1.43910198
0.3439920000000137,1.36935929,1.43904251
0.3999920000000309,1.36941524,1.43899587
0.45599200000000173,1.3694585,1.43896012
0.5119920000000189,1.36949142,1.43893328
0.5679920000000361,1.36951611,1.43891353
0.623992000000007,1.36953438,1.43889928
0.6799920000000241,1.36954775,1.43888923
0.735991999999995,1.36955744,1.43888231
0.7919920000000121,1.36956439,1.4388777
0.8479920000000293,1.36956935,1.43887475
0.9039920000000001,1.36957287,1.43887299
0.9599920000000174,1.36957537,1.43887205
1.0159920000000346,1.36957714,1.43887169
1.0719920000000054,1.36957841,1.4388717
1.1279920000000225,1.36957934,1.43887196
1.1839919999999935,1.36958004,1.43887239
1.2399920000000106,1.36958057,1.43887291
1.2959920000000278,1.369581,1.43887348
1.3519919999999988,1.36958136,1.43887408
1.407992000000016,1.36958168,1.43887469
1.463992000000033,1.36958197,1.4388753
1.5199920000000038,1.36958224,1.4388759
1.575992000000021,1.36958249,1.43887649
1.631991999999992,1.36958274,1.43887707
1.687992000000009,1.36958298,1.43887763
1.7439920000000262,1.36958322,1.43887818
1.7999919999999971,1.36958344,1.43887871
1.8559920000000143,1.36958367,1.43887923
1.9119920000000314,1.36958389,1.43887974
1.9679920000000024,1.36958411,1.43888023
2.4000000022332966e-05,1.36958423,1.43888051
0.00562400000000089,1.36957225,1.43889257
0.016824000000004325,1.36955099,1.43891405
0.039224000000011194,1.36961063,1.43885805
0.08402400000002494,1.37069951,1.4378163
0.1400239999999958,1.37449287,1.43417875
0.19602400000001297,1.38103845,1.42784035
0.25202400000003017,1.38986204,1.41914474
0.25762400000000873,1.39087131,1.41813847
0.26882400000001216,1.39291842,1.41609322
0.291224000000019,1.39708885,1.41190423
0.33602400000003274,1.40509706,1.40380144
0.3920240000000036,1.41367765,1.39506814
0.4480240000000208,1.42032988,1.38828916
0.5040239999999917,1.42520504,1.38333282
0.5600240000000088,1.42862224,1.37987406
0.616024000000026,1.43091278,1.37757064
0.6720239999999968,1.4323702,1.3761183
0.728024000000014,1.4332357,1.37526783
0.7840240000000313,1.43369709,1.37482567
0.8400240000000021,1.43389469,1.37464787
0.8960240000000192,1.43392937,1.37463136
0.9520240000000364,1.43387102,1.37470515
1.0000160000000022,1.43378231,1.37480458
1.0056160000000272,1.43378251,1.37480544
1.0168160000000306,1.43378003,1.37481017
1.039215999999991,1.43367527,1.37492382
1.084016000000005,1.43253484,1.37612444
1.1400160000000221,1.42877315,1.38004764
1.1960159999999929,1.42231215,1.38669391
1.25201600000001,1.41349999,1.39558111
1.257616000000035,1.41248262,1.39659453
1.2688159999999922,1.41041532,1.39864919
1.291215999999999,1.4061825,1.40283038
1.3360160000000127,1.39799292,1.4108468
1.39201600000003,1.38915927,1.41942519
1.4480160000000006,1.38229772,1.42607359
1.504016000000018,1.37728032,1.43094879
1.5600160000000352,1.3737801,1.4343706
1.616016000000006,1.37145099,1.43666946
1.672016000000023,1.36998486,1.4381377
1.728015999999994,1.36912924,1.43901536
1.7840160000000111,1.36868789,1.43948944
1.8400160000000283,1.36851483,1.43969956
1.8960159999999993,1.36850548,1.4397462
1.9520160000000164,1.36858774,1.43969898
8.000000028554661e-06,1.36869488,1.43961907
0.005608000000007112,1.36869665,1.43962027
0.016808000000010547,1.36870309,1.43961976
0.039208000000017416,1.36881882,1.43951856
0.08400800000003115,1.37001918,1.43838532
0.14000800000000202,1.37394408,1.43463822
0.1960080000000192,1.38060664,1.42820164
0.25200800000003637,1.38952967,1.41942216
0.25760800000001494,1.39054781,1.41840841
0.26880800000001837,1.39261227,1.41634848
0.2912080000000252,1.39681529,1.41213188
0.33600799999999265,1.4048806,1.40398051
0.39200800000000985,1.41351872,1.39519781
0.448008000000027,1.42021522,1.38838035
0.5040079999999979,1.42512381,1.38339459
0.560008000000015,1.42856584,1.37991371
0.6160080000000322,1.43087455,1.37759395
0.672008000000003,1.43234508,1.37612971
0.7280080000000203,1.43321991,1.37527073
0.7840079999999912,1.43368787,1.37482259
0.8400080000000083,1.43389002,1.37464068
0.8960080000000255,1.43392784,1.3746214
0.9520079999999963,1.43387162,1.37469338
1.0000000000000084,1.43378417,1.37479182
1.0056000000000334,1.43378449,1.37479259
1.0167999999999906,1.43378223,1.37479716
1.0391999999999975,1.43367786,1.37491053
1.0840000000000112,1.43253806,1.37611075
1.1400000000000283,1.4287769,1.38003368
1.195999999999999,1.42231625,1.38667993
1.2520000000000164,1.41350431,1.39556726
1.257599999999995,1.41248696,1.39658069
1.2687999999999984,1.41041969,1.3986354
1.2912000000000052,1.40618693,1.40281669
1.336000000000019,1.39799746,1.41083334
1.392000000000036,1.38916393,1.41941203
1.448000000000007,1.38230247,1.42606071
1.5040000000000242,1.37728515,1.43093616
1.559999999999995,1.37378499,1.4343582
1.616000000000012,1.37145593,1.43665726
1.6720000000000295,1.36998984,1.43812567
1.7280000000000002,1.36913426,1.43900349
1.7840000000000173,1.36869294,1.4394777
1.8400000000000345,1.36851991,1.43968794
1.8960000000000055,1.36851059,1.43973469
1.9520000000000226,1.36859288,1.43968757
0.007999999999993459,1.36871901,1.43959304
0.06400000000001063,1.36885896,1.4394806
0.12000000000002782,1.368995,1.43936792
0.17599999999999866,1.36911776,1.43926465
0.23200000000001586,1.36922321,1.43917521
0.288000000000033,1.36931061,1.43910083
0.34400000000000386,1.36938104,1.43904088
0.40000000000002106,1.36943654,1.43899377
0.4559999999999919,1.36947941,1.43895759
0.5120000000000091,1.369512,1.43893033
0.5680000000000263,1.36953638,1.4389102
0.6239999999999971,1.36955438,1.4388956
0.6800000000000143,1.3695675,1.43888523
0.7360000000000315,1.36957696,1.43887801
0.7920000000000024,1.3695837,1.43887312
0.8480000000000195,1.36958846,1.43886992
0.9039999999999904,1.36959179,1.43886793
0.9600000000000075,1.36959412,1.43886677
0.9999840000000147,1.36959531,1.43886632
1.0055839999999934,1.36958345,1.43887829
1.0167839999999968,1.36956243,1.4388996
1.0391840000000037,1.36962248,1.4388433
1.0839840000000174,1.37071201,1.43780111
1.1399840000000345,1.37450591,1.4341632
1.1959840000000053,1.38105181,1.42782459
1.2519840000000226,1.38987553,1.41912883
1.2575840000000011,1.39088481,1.41812255
1.2687840000000046,1.39293193,1.41607728
1.2911840000000114,1.39710236,1.41188826
1.3359840000000252,1.40511053,1.40378539
1.3919839999999961,1.41369103,1.39505201
1.4479840000000133,1.42034317,1.38827297
1.5039840000000304,1.42521826,1.38331663
1.5599840000000011,1.4286354,1.37985789
1.6159840000000183,1.4309259,1.37755452
1.6719840000000357,1.43238331,1.37610223
1.7279840000000064,1.43324879,1.37525184
1.7839840000000236,1.43371019,1.37480975
1.8399839999999945,1.43390779,1.37463203
1.8959840000000117,1.43394248,1.3746156
1.9519840000000288,1.43388415,1.37468946
0.00798399999999968,1.43377935,1.37480663
0.06398400000001686,1.43365764,1.3749376
0.11998400000003404,1.43353667,1.37506497
0.1759840000000049,1.43342604,1.37517956
0.23198400000002206,1.43333011,1.37527743
0.2879839999999929,1.43325001,1.37535787
0.3439840000000101,1.43318505,1.37542196
0.39998400000002726,1.43313355,1.37547169
0.4559839999999981,1.43309352,1.37550935
0.5119840000000153,1.43306289,1.3755372
0.5679840000000325,1.4330398,1.37555729
0.6239840000000033,1.4330226,1.37557139
0.6799840000000206,1.43300994,1.37558095
0.7359839999999914,1.43300071,1.37558715
0.7919840000000086,1.43299404,1.37559089
0.8479840000000257,1.43298926,1.37559288
0.9039839999999966,1.43298586,1.37559365
0.9599840000000138,1.43298346,1.37559358
1.0000239999999925,1.43298221,1.37559316
1.0056240000000174,1.43299404,1.37558108
1.0168240000000208,1.43301509,1.37555974
1.0392240000000277,1.43295855,1.37562045
1.084023999999995,1.43191535,1.37671565
1.1400240000000124,1.42826974,1.38051446
1.1960240000000295,1.4219127,1.3870505
1.2520240000000002,1.41318948,1.39584456
1.2576240000000252,1.41218007,1.39684972
1.2688240000000286,1.41012837,1.39888822
1.2912240000000355,1.40592494,1.40303915
1.336024000000003,1.39778726,1.41100285
1.3920240000000201,1.38900673,1.41952857
1.4480239999999909,1.38218698,1.42613688
1.504024000000008,1.37720197,1.4309822
1.5600240000000254,1.37372652,1.4343822
1.6160239999999961,1.37141612,1.43666547
1.6720240000000133,1.36996399,1.4381228
1.7280240000000304,1.36911874,1.43899302
1.7840240000000014,1.36868503,1.43946216
1.8400240000000185,1.36851757,1.43966915
1.8960240000000357,1.3685123,1.43971391
1.9520240000000066,1.36859754,1.43966566
1.600000001874882e-05,1.36870659,1.43958533
0.0056159999999973054,1.36870854,1.43958651
0.01681600000000074,1.36871535,1.43958595
0.03921600000000761,1.36883175,1.43948471
0.08401600000002135,1.37003326,1.43835149
0.1400159999999922,1.3739593,1.43460452
0.19601600000000938,1.38062271,1.42816811
0.25201600000002655,1.38954635,1.41938881
0.2576160000000051,1.39056453,1.41837507
0.26881600000000855,1.39262909,1.41631518
0.2912160000000154,1.39683228,1.41209864
0.3360160000000292,1.40489785,1.40394735
0.39201600000000003,1.4135362,1.39516476
0.44801600000001723,1.4202329,1.38834743
0.5040160000000344,1.42514168,1.38336185
0.5600160000000053,1.42858389,1.37988119
0.6160160000000224,1.43089279,1.37756166
0.6720159999999933,1.43236352,1.37609768
0.7280160000000104,1.43323854,1.37523898
0.7840160000000276,1.43370669,1.3747911
0.8400159999999985,1.43390902,1.37460945
0.8960160000000157,1.433947,1.37459042
0.9520160000000328,1.43389095,1.37466263
1.0000079999999987,1.43380363,1.37476126
1.0056080000000236,1.43380396,1.37476206
1.016808000000027,1.43380173,1.37476667
1.0392080000000339,1.43369742,1.37488011
1.0840080000000014,1.43255773,1.37608047
1.1400080000000186,1.42879669,1.38000359
1.1960080000000357,1.4223362,1.38665008
1.2520080000000064,1.41352444,1.39553775
1.2576080000000314,1.4125071,1.39655122
1.2688080000000348,1.41043987,1.39860601
1.2912079999999955,1.40620718,1.40278747
1.3360080000000092,1.39801789,1.41080447
1.3920080000000263,1.38918459,1.41938358
1.448007999999997,1.38232335,1.42603262
1.5040080000000144,1.3773062,1.43090835
1.5600080000000316,1.37380617,1.43433059
1.6160080000000023,1.3714772,1.43662981
1.6720080000000195,1.37001117,1.43809833
1.7280080000000366,1.36915563,1.43897623
1.7840080000000076,1.36871434,1.4394505
1.8400080000000247,1.36854134,1.43966079
1.8960079999999957,1.36853204,1.43970758
1.9520080000000128,1.36861435,1.4396605
0.008008000000029976,1.3687405,1.43956599
0.06400800000000083,1.36888046,1.43945358
0.120008000000018,1.36901652,1.43934094
0.1760080000000352,1.36913931,1.43923769
0.23200800000000604,1.36924478,1.43914829
0.28800800000002325,1.36933221,1.43907394
0.3440079999999941,1.36940267,1.43901402
0.40000800000001124,1.3694582,1.43896695
0.45600800000002845,1.36950111,1.4389308
0.5120079999999992,1.36953372,1.43890358
0.5680080000000165,1.36955814,1.43888349
0.6240080000000336,1.36957617,1.43886892
0.6800080000000045,1.36958933,1.43885859
0.7360080000000216,1.36959882,1.43885141
0.7920079999999925,1.3696056,1.43884656
0.8480080000000098,1.3696104,1.43884339
0.9040080000000269,1.36961376,1.43884143
0.9600079999999978,1.36961612,1.43884031
0.9999920000000049,1.36961734,1.43883989
1.0055920000000298,1.36960549,1.43885186
1.0167920000000332,1.36958447,1.43887317
1.0391919999999937,1.36964454,1.43881689
1.0839920000000076,1.37073413,1.43777472
1.1399920000000248,1.37452811,1.4341368
1.1959919999999955,1.38107403,1.42779812
1.2519920000000127,1.3898977,1.41910226
1.2575919999999914,1.39090697,1.41809597
1.2687919999999948,1.39295406,1.41605067
1.2911920000000017,1.39712444,1.41186159
1.3359920000000154,1.40513249,1.40375858
1.3919920000000325,1.41371284,1.39502501
1.4479920000000033,1.42036486,1.38824582
1.5039920000000206,1.42523988,1.38328937
1.5599919999999914,1.428657,1.37983058
1.6159920000000085,1.43094752,1.3775272
1.6719920000000257,1.43240497,1.37607495
1.7279919999999966,1.43327051,1.3752246
1.7839920000000138,1.43373198,1.37478258
1.839992000000031,1.43392965,1.37460493
1.895992000000002,1.43396441,1.37458857
1.951992000000019,1.43390615,1.3746625
0.007992000000036196,1.43380143,1.37477975
0.06399200000000706,1.43367978,1.37491079
0.11999200000002423,1.43355887,1.37503823
0.1759919999999951,1.4334483,1.37515288
0.23199200000001227,1.43335242,1.37525081
0.28799200000002945,1.43327238,1.37533131
0.3439920000000003,1.43320746,1.37539546
0.3999920000000175,1.43315601,1.37544525
0.45599200000003465,1.43311602,1.37548295
0.5119920000000056,1.43308543,1.37551085
0.5679920000000227,1.43306238,1.37553098
0.6239919999999936,1.43304521,1.37554512
0.6799920000000107,1.43303258,1.37555472
0.735992000000028,1.43302338,1.37556096
0.7919919999999988,1.43301674,1.37556473
0.847992000000016,1.43301199,1.37556676
0.9039920000000331,1.43300862,1.37556756
0.959992000000004,1.43300624,1.37556753
0.9999760000000112,1.43300501,1.37556714
1.005576000000036,1.43301685,1.37555506
1.0167759999999932,1.4330379,1.37553372
1.039176,1.43298137,1.37559444
1.0839760000000138,1.43193819,1.37668963
1.139976000000031,1.42829261,1.38048845
1.1959760000000017,1.42193566,1.38702457
1.2519760000000189,1.41321255,1.39581879
1.2575759999999976,1.41220315,1.39682398
1.268776000000001,1.41015148,1.39886252
1.2911760000000079,1.40594811,1.40301355
1.3359760000000216,1.39781057,1.41097746
1.3919759999999923,1.38903023,1.41950344
1.4479760000000097,1.38221065,1.42611196
1.5039760000000268,1.37722576,1.43095744
1.5599759999999976,1.37375039,1.43435754
1.6159760000000147,1.37144004,1.43664086
1.671976000000032,1.36998791,1.4380982
1.7279760000000028,1.36914266,1.43896843
1.78397600000002,1.36870893,1.43943756
1.839975999999991,1.36854144,1.43964453
1.895976000000008,1.36853614,1.43968926
1.9519760000000252,1.36862135,1.43964099
0.007975999999996096,1.3687496,1.43954588
0.06397600000001327,1.36889109,1.43943325
0.11997600000003045,1.36902826,1.43932062
0.1759760000000013,1.36915186,1.43921753
0.2319760000000185,1.36925794,1.43912837
0.28797600000003565,1.36934582,1.43905429
0.3439760000000065,1.36941663,1.43899466
0.3999760000000237,1.36947243,1.43894786
0.45597599999999455,1.36951556,1.43891198
0.5119760000000118,1.36954835,1.438885
0.5679760000000289,1.36957291,1.43886513
0.6239759999999998,1.36959107,1.43885077
0.6799760000000169,1.36960434,1.43884061
0.7359760000000342,1.36961392,1.4388336
0.791976000000005,1.36962077,1.43882889
0.8479760000000222,1.36962564,1.43882586
0.903975999999993,1.36962907,1.43882401
0.9599760000000102,1.36963148,1.438823
1.0159760000000273,1.36963317,1.43882256
1.0719759999999983,1.36963436,1.4388225
1.1279760000000154,1.36963521,1.4388227
1.1839760000000326,1.36963583,1.43882306
1.2399760000000035,1.3696363,1.43882352
1.2959760000000207,1.36963666,1.43882404
1.3519759999999914,1.36963695,1.43882458
1.4079760000000086,1.3696372,1.43882514
1.463976000000026,1.36963743,1.4388257
1.5199759999999967,1.36963763,1.43882625
1.5759760000000138,1.36963783,1.43882679
1.631976000000031,1.36963802,1.43882731
1.687976000000002,1.36963819,1.43882783
1.743976000000019,1.36963837,1.43882833
1.7999760000000362,1.36963855,1.43882882
1.8559760000000072,1.36963872,1.4388293
1.9119760000000243,1.36963888,1.43882977
1.967975999999995,1.36963905,1.43883023
0.023976000000012328,1.36963921,1.43883067
0.07997600000002951,1.36963937,1.43883111
0.13597600000000037,1.36963952,1.43883154
0.19197600000001755,1.36963967,1.43883196
0.24797600000003472,1.36963982,1.43883238
0.3039760000000056,1.36963996,1.43883278
0.3599760000000228,1.3696401,1.43883318
0.41597599999999363,1.36964024,1.43883357
0.4719760000000108,1.36964037,1.43883396
0.527976000000028,1.3696405,1.43883434
0.5839759999999988,1.36964063,1.43883472
0.639976000000016,1.36964075,1.43883508
0.6959760000000331,1.36964087,1.43883545
0.7519760000000041,1.36964099,1.43883581
0.8079760000000212,1.3696411,1.43883616
0.8639759999999921,1.36964121,1.43883651
0.9199760000000092,1.36964131,1.43883686
0.9759760000000264,1.36964141,1.4388372
0.9999999999999951,1.36964145,1.43883735
1.00560000000002,1.36962946,1.43884939
1.0168000000000235,1.36960819,1.43887084
1.0392000000000303,1.36966779,1.43881478
1.0839999999999976,1.37075664,1.43777292
1.140000000000015,1.37454992,1.43413521
1.1960000000000321,1.38109529,1.42779659
1.2520000000000029,1.38991846,1.41910068
1.2576000000000278,1.39092768,1.41809439
1.2688000000000312,1.39297468,1.41604907
1.2911999999999917,1.39714487,1.41185995
1.3360000000000056,1.40515256,1.40375683
1.3920000000000228,1.41373251,1.3950231
1.4479999999999935,1.4203842,1.38824372
1.5040000000000107,1.42525897,1.3832871
1.560000000000028,1.42867589,1.37982813
1.6159999999999988,1.43096625,1.37752459
1.672000000000016,1.43242356,1.37607217
1.728000000000033,1.433289,1.37522167
1.784000000000004,1.43375036,1.3747795
1.8400000000000212,1.43394794,1.37460171
1.8959999999999921,1.43398262,1.37458521
1.9520000000000093,1.43392428,1.374659
0.00800000000002639,1.43381947,1.37477612
0.06399999999999725,1.43369774,1.37490702
0.12000000000001443,1.43357675,1.37503433
0.1760000000000316,1.43346609,1.37514886
0.23200000000000245,1.43337013,1.37524666
0.28800000000001963,1.43329,1.37532704
0.34400000000003683,1.433225,1.37539106
0.4000000000000077,1.43317346,1.37544073
0.45600000000002483,1.43313338,1.37547831
0.5119999999999957,1.43310271,1.3755061
0.5680000000000129,1.43307957,1.37552611
0.6240000000000301,1.43306232,1.37554014
0.6800000000000009,1.43304961,1.37554963
0.7360000000000181,1.43304032,1.37555576
0.7920000000000352,1.4330336,1.37555943
0.8480000000000061,1.43302876,1.37556136
0.9040000000000233,1.43302531,1.37556206
0.9599999999999942,1.43302286,1.37556192
1.0160000000000113,1.43302112,1.37556122
1.0720000000000285,1.4330199,1.37556018
1.1279999999999994,1.43301906,1.37555891
1.1840000000000166,1.43301847,1.37555752
1.2400000000000337,1.43301807,1.37555608
1.2960000000000045,1.43301781,1.37555463
1.3520000000000219,1.43301765,1.37555318
1.4079999999999926,1.43301757,1.37555177
1.4640000000000097,1.43301755,1.37555039
1.5200000000000269,1.43301757,1.37554905
1.5759999999999978,1.43301763,1.37554775
1.632000000000015,1.43301772,1.37554649
1.6880000000000321,1.43301784,1.37554527
1.744000000000003,1.43301798,1.37554408
1.8000000000000203,1.43301814,1.37554293
1.855999999999991,1.43301832,1.3755418
1.9120000000000084,1.43301851,1.3755407
1.9680000000000255,1.43301872,1.37553963
1.9999760000000275,1.43301885,1.37553903
0.005576000000006165,1.43303085,1.37552692
0.0167760000000096,1.43305224,1.37550553
0.03917600000001647,1.43299629,1.37556618
0.08397600000003022,1.4319541,1.37666136
0.13997600000000107,1.42830949,1.38046036
0.19597600000001825,1.42195328,1.38699685
0.25197600000003545,1.41323078,1.39579159
0.25757600000001396,1.41222144,1.39679683
0.26877600000001745,1.41016987,1.3988355
0.2911760000000243,1.40596671,1.40298678
0.3359759999999917,1.39782957,1.4109512
0.3919760000000089,1.3890497,1.41947782
0.4479760000000261,1.38223051,1.4260869
0.5039759999999969,1.37724595,1.43093284
0.5599760000000141,1.37377083,1.43433333
0.6159760000000313,1.37146067,1.43661697
0.6719760000000021,1.3700087,1.43807458
0.7279760000000193,1.36916357,1.43894501
0.7839760000000365,1.36872993,1.43941432
0.8399760000000074,1.36856252,1.43962144
0.8959760000000245,1.36855728,1.43966629
0.9519759999999954,1.36864254,1.43961813
1.0079760000000126,1.36877083,1.43952312
1.0639760000000298,1.36891236,1.43941057
1.1199760000000005,1.36904956,1.43929802
1.1759760000000177,1.36917319,1.439195
1.231976000000035,1.36927929,1.4391059
1.2879760000000058,1.3693672,1.43903188
1.343976000000023,1.36943803,1.4389723
1.399975999999994,1.36949385,1.43892555
1.455976000000011,1.36953699,1.43888971
1.5119760000000282,1.3695698,1.43886277
1.5679759999999991,1.36959438,1.43884294
1.6239760000000163,1.36961256,1.43882861
1.6799760000000334,1.36962583,1.43881849
1.7359760000000042,1.36963543,1.4388115
1.7919760000000216,1.3696423,1.43880683
1.8479759999999923,1.36964718,1.43880382
1.9039760000000094,1.36965062,1.438802
1.9599760000000266,1.36965304,1.43880101
0.015975999999997516,1.36965474,1.43880059
0.0719760000000147,1.36965595,1.43880055
0.12797600000003187,1.36965681,1.43880077
0.18397600000000272,1.36965744,1.43880115
0.2399760000000199,1.36965791,1.43880162
0.29597599999999075,1.36965828,1.43880215
0.35197600000000795,1.36965858,1.43880272
0.4079760000000251,1.36965885,1.43880329
0.463975999999996,1.36965908,1.43880386
0.5199760000000132,1.36965929,1.43880442
0.5759760000000304,1.36965949,1.43880497
0.6319760000000012,1.36965969,1.43880551
0.6879760000000184,1.36965988,1.43880604
0.7439760000000355,1.36966006,1.43880655
0.7999760000000063,1.36966024,1.43880706
0.8559760000000236,1.36966042,1.43880754
0.9119759999999945,1.36966059,1.43880802
0.9679760000000116,1.36966076,1.43880849
1.0239760000000289,1.36966093,1.43880895
1.0799759999999996,1.36966109,1.43880939
1.1359760000000168,1.36966125,1.43880983
1.191976000000034,1.36966141,1.43881026
1.2479760000000049,1.36966156,1.43881068
1.303976000000022,1.36966171,1.4388111
1.359975999999993,1.36966186,1.43881151
1.4159760000000101,1.369662,1.43881191
1.4719760000000273,1.36966214,1.4388123
1.527975999999998,1.36966227,1.43881269
1.5839760000000154,1.3696624,1.43881307
1.6399760000000325,1.36966253,1.43881345
1.6959760000000033,1.36966265,1.43881382
1.7519760000000204,1.36966277,1.43881418
1.8079759999999914,1.36966288,1.43881454
1.8639760000000085,1.369663,1.4388149
1.9199760000000257,1.3696631,1.43881525
1.9759759999999966,1.36966321,1.4388156
0.03197600000001374,1.36966331,1.43881594
0.08797600000003092,1.3696634,1.43881628
0.14397600000000177,1.3696635,1.43881662
0.19997600000001897,1.36966359,1.43881695
0.2559760000000361,1.36966367,1.43881728
0.31197600000000697,1.36966376,1.4388176
0.3679760000000242,1.36966384,1.43881792
0.423975999999995,1.36966391,1.43881824
0.4799760000000122,1.36966398,1.43881855
0.5359760000000294,1.36966405,1.43881886
0.5919760000000003,1.36966412,1.43881917
0.6479760000000174,1.36966418,1.43881947
0.7039760000000346,1.36966424,1.43881977
0.7599760000000054,1.3696643,1.43882007
0.8159760000000227,1.36966435,1.43882036
0.8719759999999935,1.3696644,1.43882066
0.9279760000000107,1.36966445,1.43882095
0.9839760000000278,1.3696645,1.43882123
0.9999919999999916,1.36966451,1.43882131
1.0055920000000165,1.36965251,1.43883335
1.01679200000002,1.36963123,1.43885479
1.0391920000000268,1.36969082,1.43879871
1.083991999999994,1.37077964,1.43775682
1.1399920000000112,1.37457289,1.43411905
1.1959920000000286,1.38111816,1.42778034
1.2519919999999993,1.38994115,1.41908434
1.2575920000000242,1.39095035,1.41807803
1.2687920000000277,1.3929973,1.41603269
1.2911920000000345,1.39716739,1.41184352
1.3359920000000018,1.40517486,1.40374029
1.3919920000000192,1.41375454,1.39500639
1.4479920000000364,1.42040601,1.38822687
1.503992000000007,1.42528061,1.38327014
1.5599920000000242,1.42869741,1.3798111
1.6159919999999952,1.43098769,1.37750751
1.6719920000000124,1.43244496,1.37605506
1.7279920000000295,1.43331036,1.37520455
1.7839920000000005,1.43377171,1.37476237
1.8399920000000176,1.43396928,1.37458458
1.8959920000000348,1.43400395,1.37456808
1.9519920000000057,1.4339456,1.37464188
1.9999840000000177,1.43385689,1.37474132
0.005583999999996359,1.43385709,1.37474218
0.016783999999999796,1.43385461,1.37474691
0.039184000000006665,1.43374984,1.37486054
0.0839840000000204,1.43260942,1.37606108
0.13998399999999125,1.42884782,1.37998417
0.19598400000000843,1.42238705,1.38663048
0.25198400000002563,1.41357524,1.39551791
0.2575840000000042,1.41255791,1.39653136
0.26878400000000763,1.41049069,1.3985861
0.2911840000000145,1.40625804,1.40276746
0.3359840000000282,1.3980689,1.41078428
0.3919839999999991,1.38923583,1.41936316
0.44798400000001626,1.38237476,1.42601193
0.5039840000000334,1.3773577,1.43088734
0.5599840000000043,1.37385766,1.43430924
0.6159840000000215,1.3715286,1.43660809
0.6719839999999924,1.37006243,1.43807623
0.7279840000000095,1.3692067,1.43895376
0.7839840000000267,1.36876519,1.43942766
0.8399839999999975,1.36859195,1.43963759
0.8959840000000148,1.3685824,1.43968403
0.9519840000000319,1.36866446,1.43963662
1.0079840000000027,1.36879037,1.43954181
1.06398400000002,1.36893009,1.4394291
1.1199839999999908,1.36906591,1.43931617
1.175984000000008,1.36918846,1.43921266
1.231984000000025,1.36929371,1.43912301
1.287983999999996,1.36938091,1.43904841
1.3439840000000132,1.36945116,1.43898827
1.3999840000000303,1.36950647,1.43894098
1.4559840000000013,1.36954917,1.43890462
1.5119840000000184,1.36958159,1.4388772
1.5679840000000356,1.36960581,1.43885692
1.6239840000000065,1.36962366,1.43884217
1.6799840000000237,1.36963663,1.43883166
1.7359839999999944,1.36964594,1.43882431
1.7919840000000116,1.36965254,1.43881929
1.8479840000000287,1.36965716,1.43881597
1.9039839999999997,1.36966036,1.43881385
1.9599840000000168,1.36966255,1.43881258
0.015984000000034033,1.36966403,1.4388119
0.07198400000000489,1.36966502,1.43881162
0.12798400000002208,1.36966568,1.4388116
0.18398399999999293,1.36966611,1.43881176
0.2399840000000101,1.36966639,1.43881203
0.2959840000000273,1.36966658,1.43881236
0.35198399999999813,1.36966671,1.43881273
0.40798400000001533,1.3696668,1.43881312
0.4639840000000325,1.36966686,1.43881352
0.5199840000000033,1.36966692,1.43881391
0.5759840000000205,1.36966696,1.43881431
0.6319839999999913,1.369667,1.43881469
0.6879840000000086,1.36966704,1.43881507
0.7439840000000257,1.36966708,1.43881544
0.7999839999999966,1.36966711,1.4388158
0.8559840000000137,1.36966715,1.43881616
0.911984000000031,1.36966719,1.4388165
0.9679840000000018,1.36966723,1.43881684
1.0000160000000218,1.36966725,1.43881704
1.0056160000000003,1.36965525,1.43882908
1.0168160000000037,1.36963397,1.43885053
1.0392160000000108,1.36969356,1.43879447
1.0840160000000245,1.37078238,1.43775261
1.1400159999999953,1.37457564,1.43411488
1.1960160000000124,1.3811209,1.42777619
1.2520160000000295,1.38994389,1.4190802
1.2576160000000083,1.39095309,1.4180739
1.2688160000000117,1.39300004,1.41602856
1.2912160000000186,1.39717013,1.41183939
1.3360160000000323,1.40517758,1.40373616
1.392016000000003,1.41375725,1.39500226
1.4480160000000202,1.42040871,1.38822274
1.5040159999999911,1.4252833,1.38326601
1.5600160000000083,1.42870011,1.37980698
1.6160160000000254,1.4309904,1.37750341
1.6720159999999964,1.43244767,1.37605099
1.7280160000000135,1.43331309,1.3752005
1.7840160000000307,1.43377445,1.37475835
1.8400160000000017,1.43397204,1.37458058
1.8960160000000188,1.43400672,1.37456411
1.952016000000036,1.43394839,1.37463793
8.000000001774688e-06,1.4338597,1.37473739
0.005608000000026653,1.4338599,1.37473825
0.01680800000003009,1.43385742,1.37474299
0.03920800000003696,1.43375266,1.37485663
0.08400800000000438,1.43261225,1.37605718
0.14000800000002156,1.42885066,1.37998029
0.1960079999999924,1.42238992,1.38662663
0.2520080000000096,1.41357813,1.39551411
0.2576080000000345,1.41256081,1.39652756
0.2688079999999916,1.41049359,1.3985823
0.29120799999999847,1.40626096,1.40276369
0.3360080000000122,1.39807183,1.41078055
0.3920080000000294,1.3892388,1.41935948
0.44800800000000024,1.38237776,1.4260083
0.5040080000000174,1.37736072,1.43088375
0.5600080000000346,1.3738607,1.43430568
0.6160080000000054,1.37153166,1.43660455
0.6720080000000226,1.37006549,1.43807271
0.7280079999999934,1.36920977,1.43895024
0.7840080000000107,1.36876826,1.43942415
0.8400080000000278,1.36859503,1.4396341
0.8960079999999987,1.36858549,1.43968054
0.9520080000000158,1.36866755,1.43963314
1.000000000000028,1.36877453,1.43955306
1.0056000000000067,1.36877628,1.43955424
1.0168000000000101,1.36878268,1.4395537
1.039200000000017,1.36889836,1.43945243
1.0840000000000307,1.37009866,1.43831906
1.1400000000000015,1.37402346,1.43457173
1.1960000000000186,1.38068572,1.42813484
1.252000000000036,1.3896082,1.41935494
1.2576000000000145,1.39062626,1.41834114
1.268800000000018,1.39269058,1.41628112
1.2912000000000248,1.39689328,1.41206432
1.335999999999992,1.40495788,1.40391248
1.3920000000000092,1.41359514,1.39512916
1.4480000000000266,1.42029093,1.38831115
1.5039999999999973,1.42519901,1.38332499
1.5600000000000145,1.42864069,1.37984385
1.6160000000000316,1.43094919,1.37752393
1.6720000000000026,1.43241962,1.37605963
1.7280000000000197,1.43329441,1.37520066
1.784000000000037,1.43376238,1.37475255
1.8400000000000079,1.43396457,1.3745707
1.896000000000025,1.43400243,1.37455149
1.9519999999999957,1.43394626,1.37462355
0.008000000000013,1.43384294,1.37473959
0.06400000000003019,1.43372221,1.3748699
0.12000000000000104,1.4336019,1.37499693
0.17600000000001823,1.43349171,1.37511138
0.2320000000000354,1.43339607,1.37520924
0.28800000000000625,1.43331617,1.37528976
0.34400000000002345,1.43325133,1.37535397
0.3999999999999943,1.43319993,1.37540385
0.45600000000001145,1.43315996,1.37544165
0.5120000000000287,1.43312938,1.37546966
0.5679999999999995,1.43310632,1.37548989
0.6240000000000167,1.43308915,1.37550412
0.6800000000000338,1.43307651,1.37551381
0.7360000000000048,1.43306729,1.37552012
0.7920000000000219,1.43306064,1.37552397
0.8479999999999928,1.43305587,1.37552606
0.9040000000000099,1.43305248,1.37552691
0.960000000000027,1.43305009,1.37552692
1.015999999999998,1.43304842,1.37552636
1.0720000000000152,1.43304727,1.37552544
1.1280000000000323,1.43304648,1.3755243
1.1840000000000033,1.43304595,1.37552303
1.2400000000000204,1.43304561,1.3755217
1.2959999999999912,1.43304541,1.37552036
1.3520000000000083,1.43304531,1.37551901
1.4080000000000255,1.43304528,1.3755177
1.4639999999999964,1.43304531,1.37551641
1.5200000000000136,1.43304539,1.37551516
1.5760000000000307,1.4330455,1.37551394
1.6320000000000017,1.43304565,1.37551277
1.6880000000000188,1.43304581,1.37551163
1.744000000000036,1.433046,1.37551052
1.800000000000007,1.43304622,1.37550944
1.856000000000024,1.43304644,1.37550838
1.9119999999999948,1.43304668,1.37550736
1.968000000000012,1.43304694,1.37550635
0.02400000000002923,1.43304721,1.37550537
0.08000000000000008,1.43304749,1.3755044
0.13600000000001727,1.43304778,1.37550346
0.19200000000003445,1.43304808,1.37550252
0.2480000000000053,1.43304839,1.37550161
0.3040000000000225,1.43304871,1.3755007
0.3599999999999933,1.43304904,1.37549981
0.41600000000001053,1.43304937,1.37549893
0.4720000000000277,1.43304971,1.37549806
0.5279999999999986,1.43305006,1.3754972
0.5840000000000157,1.43305041,1.37549635
0.6400000000000329,1.43305077,1.37549551
0.6960000000000037,1.43305113,1.37549467
0.752000000000021,1.4330515,1.37549384
0.8079999999999918,1.43305187,1.37549302
0.864000000000009,1.43305224,1.37549221
0.9200000000000261,1.43305263,1.3754914
0.975999999999997,1.43305301,1.3754906
1.0320000000000142,1.4330534,1.3754898
1.0880000000000314,1.43305379,1.37548901
1.1440000000000021,1.43305419,1.37548822
1.2000000000000195,1.43305459,1.37548744
1.2560000000000366,1.43305499,1.37548666
1.3120000000000074,1.4330554,1.37548589
1.3680000000000245,1.43305581,1.37548512
1.4239999999999955,1.43305622,1.37548435
1.4800000000000126,1.43305663,1.37548359
1.5360000000000298,1.43305705,1.37548283
1.5920000000000007,1.43305747,1.37548208
1.648000000000018,1.4330579,1.37548133
1.704000000000035,1.43305832,1.37548058
1.7600000000000058,1.43305875,1.37547984
1.8160000000000232,1.43305918,1.37547909
1.871999999999994,1.43305962,1.37547836
1.928000000000011,1.43306005,1.37547762
1.9840000000000282,1.43306049,1.37547689
1.599999999196885e-05,1.43306062,1.37547668
0.005616000000016848,1.43307265,1.3754646
0.016816000000020283,1.43309407,1.37544327
0.03921600000002715,1.43303821,1.37550403
0.08401599999999458,1.43199617,1.3765994
0.14001600000001174,1.42835176,1.38039866
0.19601600000002894,1.42199581,1.38693557
0.2520159999999998,1.41327362,1.39573092
0.25761600000002466,1.4122643,1.39673623
0.2688160000000281,1.4102128,1.39877505
0.29121600000003495,1.40600978,1.40292664
0.33601600000000237,1.39787298,1.41089174
0.39201600000001957,1.38909356,1.41941916
0.4480160000000368,1.38227479,1.42602892
0.5040160000000076,1.37729056,1.43087539
0.5600160000000248,1.37381568,1.43427626
0.6160159999999957,1.37150569,1.43656018
0.6720160000000128,1.37005383,1.43801798
0.72801600000003,1.36920876,1.43888856
0.7840160000000008,1.36877517,1.43935797
0.8400160000000181,1.36860779,1.43956517
0.8960160000000352,1.36860258,1.43961008
0.9520160000000061,1.36868787,1.43956198
1.0080160000000233,1.36881619,1.43946702
1.064015999999994,1.36895775,1.43935452
1.1200160000000112,1.36909499,1.43924202
1.1760160000000284,1.36921866,1.43913906
1.2320159999999993,1.36932481,1.43905001
1.2880160000000165,1.36941277,1.43897605
1.3440160000000336,1.36948366,1.43891653
1.4000160000000046,1.36953954,1.43886986
1.4560160000000217,1.36958275,1.43883408
1.5120159999999925,1.36961562,1.43880721
1.5680160000000098,1.36964027,1.43878745
1.624016000000027,1.36965852,1.4387732
1.6800159999999977,1.36967186,1.43876315
1.7360160000000149,1.36968154,1.43875623
1.792016000000032,1.36968848,1.43875163
1.848016000000003,1.36969343,1.43874869
1.9040160000000201,1.36969694,1.43874694
1.960015999999991,1.36969944,1.43874602
1.9999999999999982,1.36970076,1.43874574
0.005600000000023069,1.36968891,1.43875773
0.016800000000026506,1.36966793,1.43877907
0.039200000000033375,1.36972807,1.43872286
0.0840000000000008,1.37081787,1.43768081
0.14000000000001797,1.3746121,1.43404292
0.19600000000003515,1.38115807,1.42770407
0.252000000000006,1.38998151,1.41900787
0.2576000000000309,1.39099075,1.41800154
0.26880000000003434,1.39303776,1.41595616
0.29119999999999485,1.39720793,1.41176688
0.3360000000000086,1.40521549,1.4036634
0.3920000000000258,1.41379522,1.39492918
0.4479999999999966,1.42044676,1.38814945
0.5040000000000139,1.42532149,1.38319266
0.560000000000031,1.42873849,1.37973371
0.6160000000000019,1.43102903,1.37743032
0.672000000000019,1.43248659,1.37597816
0.7280000000000362,1.43335231,1.37512799
0.784000000000007,1.43381399,1.37468619
0.8400000000000243,1.4340119,1.37450879
0.8959999999999951,1.4340469,1.37449269
0.9520000000000123,1.43398888,1.37456688
0.9999920000000244,1.43390045,1.37466665
1.005592000000003,1.43390068,1.37466755
1.0167920000000064,1.43389826,1.37467236
1.0391920000000132,1.43379361,1.37478613
1.0839920000000272,1.43265341,1.37598691
1.139991999999998,1.42889208,1.37991035
1.195992000000015,1.42243164,1.38655721
1.2519920000000322,1.41362019,1.39544542
1.257592000000011,1.4126029,1.39645896
1.2687920000000144,1.41053575,1.39851388
1.2911920000000212,1.40630328,1.40269565
1.335992000000035,1.39811452,1.41071331
1.3919920000000057,1.38928197,1.4192932
1.4479920000000228,1.3824214,1.42594283
1.5039919999999938,1.37740472,1.43081891
1.559992000000011,1.37390498,1.43424132
1.615992000000028,1.37157614,1.43654054
1.671991999999999,1.37011012,1.43800896
1.7279920000000162,1.3692545,1.43888669
1.7839920000000333,1.36881308,1.43936075
1.8399920000000043,1.36863992,1.43957082
1.8959920000000214,1.36863044,1.43961737
1.9519919999999922,1.36871258,1.43957006
1.9999840000000044,1.36881961,1.43949006
0.005584000000029291,1.36882137,1.43949125
0.016784000000032728,1.36882779,1.43949072
0.03918399999999327,1.36894351,1.43938949
0.08398400000000703,1.37014395,1.43825617
0.1399840000000242,1.37406893,1.43450881
0.19598399999999505,1.38073128,1.42807175
0.25198400000001225,1.38965371,1.41929159
0.2575840000000371,1.39067176,1.41827776
0.26878399999999425,1.39273605,1.41621767
0.2911840000000011,1.39693867,1.41200073
0.3359840000000148,1.40500308,1.40384854
0.39198400000003203,1.41364008,1.39506477
0.4479840000000029,1.42033569,1.3882464
0.5039840000000201,1.42524369,1.38326001
0.5599840000000372,1.42868539,1.37977877
0.6159840000000081,1.43099398,1.37745886
0.6719840000000252,1.43246456,1.37599465
0.7279839999999961,1.43333953,1.37513581
0.7839840000000133,1.4338077,1.37468788
0.8399840000000305,1.43401009,1.37450623
0.8959840000000013,1.43404817,1.37448723
0.9519840000000185,1.43399221,1.37455949
0.9999760000000307,1.43390498,1.37465817
1.0055760000000094,1.43390532,1.37465897
1.0167760000000128,1.43390311,1.37466359
1.0391760000000196,1.43379884,1.37477703
1.0839760000000334,1.43265922,1.37597731
1.139976000000004,1.42889839,1.37990039
1.1959760000000212,1.42243827,1.38654708
1.2519759999999922,1.41362702,1.39543529
1.2575760000000171,1.41260975,1.39644884
1.2687760000000206,1.41054263,1.39850378
1.2911760000000274,1.40631021,1.40268558
1.3359759999999947,1.39812155,1.41070336
1.3919760000000119,1.3892891,1.41928342
1.4479760000000292,1.3824286,1.42593322
1.503976,1.37741198,1.43080946
1.5599760000000171,1.37391227,1.43423199
1.6159760000000343,1.37158344,1.43653133
1.6719760000000052,1.37011743,1.43799985
1.7279760000000224,1.36926181,1.43887766
1.7839759999999933,1.36882038,1.43935179
1.8399760000000105,1.36864721,1.43956192
1.8959760000000276,1.36863773,1.43960853
1.9519759999999984,1.36871985,1.43956126
0.007976000000015639,1.36884582,1.43946658
0.06397600000003281,1.36898561,1.439354
0.11997600000000368,1.3691215,1.43924121
0.17597600000002084,1.36924414,1.43913782
0.23197599999999172,1.36934947,1.4390483
0.2879760000000089,1.36943677,1.43897383
0.34397600000002604,1.36950711,1.43891382
0.39997599999999695,1.36956253,1.43886666
0.4559760000000141,1.36960534,1.43883043
0.5119760000000313,1.36963786,1.43880314
0.5679760000000021,1.3696622,1.43878299
0.6239760000000193,1.36968016,1.43876837
0.6799760000000364,1.36969325,1.43875798
0.7359760000000073,1.36970268,1.43875076
0.7919760000000245,1.36970939,1.43874587
0.8479759999999954,1.36971414,1.43874266
0.9039760000000125,1.36971745,1.43874067
0.9599760000000297,1.36971976,1.43873952
1.0000160000000085,1.36972095,1.43873908
1.0056160000000334,1.36970909,1.43875105
1.0168160000000368,1.36968807,1.43877236
1.0392159999999973,1.36974815,1.43871607
1.084016000000011,1.37083783,1.43767387
1.1400160000000281,1.3746319,1.43403581
1.196015999999999,1.38117766,1.4276968
1.2520160000000162,1.39000082,1.41900044
1.2576159999999947,1.39101002,1.41799409
1.2688159999999982,1.39305697,1.41594868
1.291216000000005,1.39722701,1.41175934
1.336016000000019,1.40523429,1.40365572
1.3920160000000361,1.41381369,1.39492133
1.4480160000000069,1.42046494,1.38814143
1.504016000000024,1.42533944,1.38318449
1.560015999999995,1.42875625,1.37972542
1.616016000000012,1.43104663,1.37742192
1.6720160000000293,1.43250407,1.37596967
1.7280160000000002,1.43336969,1.37511942
1.7840160000000174,1.43383128,1.37467754
1.8400160000000345,1.4340291,1.37450006
1.8960160000000053,1.43406404,1.37448389
1.9520160000000226,1.43400595,1.37455802
8.000000034706817e-06,1.43391745,1.37465773
0.005608000000013264,1.43391768,1.37465862
0.0168080000000167,1.43391524,1.37466342
0.03920800000002357,1.43381057,1.37477716
0.08400799999999099,1.43267033,1.37597786
0.14000800000000818,1.42890897,1.37990121
0.19600800000002536,1.42244854,1.38654798
0.2520079999999962,1.41363714,1.39543614
0.2576080000000211,1.41261985,1.39644968
0.2688080000000245,1.41055271,1.39850459
0.2912080000000314,1.40632026,1.40268634
0.3360079999999988,1.39813157,1.410704
0.392008000000016,1.38929912,1.41928389
0.44800800000003316,1.38243861,1.4259335
0.504008000000004,1.37742197,1.43080955
0.5600080000000212,1.37392223,1.43423189
0.616007999999992,1.37159336,1.43653105
0.6720080000000093,1.3701273,1.43799939
0.7280080000000264,1.36927162,1.43887704
0.7840079999999973,1.36883014,1.43935101
0.8400080000000144,1.3686569,1.43956099
0.8960080000000317,1.36864734,1.43960746
0.9520080000000025,1.36872939,1.43956006
1.0080080000000196,1.36885529,1.43946526
1.064008000000037,1.36899501,1.43935257
1.1200080000000077,1.36913084,1.43923966
1.1760080000000248,1.3692534,1.43913618
1.2320079999999958,1.36935867,1.43904656
1.288008000000013,1.3694459,1.43897201
1.34400800000003,1.36951618,1.4389119
1.400008000000001,1.36957153,1.43886466
1.4560080000000182,1.36961428,1.43882836
1.5120080000000353,1.36964674,1.438801
1.568008000000006,1.36967101,1.43878077
1.6240080000000234,1.36968892,1.43876608
1.6800079999999942,1.36970194,1.43875563
1.7360080000000113,1.36971132,1.43874834
1.7920080000000285,1.36971797,1.4387434
1.8480079999999994,1.36972266,1.43874013
1.9040080000000166,1.36972592,1.43873809
1.9600080000000337,1.36972818,1.43873688
1.9999919999999947,1.36972933,1.4387364
0.005592000000019485,1.36971746,1.43874837
0.01679200000002292,1.36969643,1.43876966
0.03919200000002979,1.36975649,1.43871335
0.08399199999999721,1.37084614,1.43767112
0.13999200000001438,1.37464015,1.43403302
0.19599200000003156,1.38118583,1.42769396
0.25199200000000244,1.39000889,1.41899756
0.2575920000000273,1.39101808,1.41799122
0.26879200000003073,1.393065,1.4159458
0.2911919999999913,1.39723499,1.41175644
0.335992000000005,1.40524216,1.40365278
0.3919920000000222,1.41382143,1.39491833
0.44799199999999306,1.42047257,1.38813838
0.5039920000000102,1.42534697,1.3831814
0.5599920000000275,1.42876371,1.37972228
0.6159919999999983,1.43105403,1.37741876
0.6719920000000155,1.43251142,1.37596647
0.7279920000000326,1.43337699,1.37511619
0.7839920000000035,1.43383855,1.37467429
0.8399920000000207,1.43403634,1.37449679
0.8959919999999916,1.43407125,1.37448059
0.9519920000000087,1.43401313,1.37455469
0.9999840000000209,1.43392461,1.37465439
1.0055839999999994,1.43392483,1.37465528
1.0167840000000028,1.43392239,1.37466007
1.0391840000000097,1.43381771,1.37477379
1.0839840000000236,1.43267745,1.37597447
1.1399839999999943,1.42891609,1.37989778
1.1959840000000115,1.42245566,1.38654452
1.2519840000000286,1.41364427,1.39543265
1.2575840000000074,1.41262699,1.39644619
1.2687840000000108,1.41055986,1.3985011
1.2911840000000177,1.40632742,1.40268284
1.3359840000000314,1.39813876,1.4107005
1.391984000000002,1.38930634,1.41928038
1.4479840000000193,1.38244587,1.42592998
1.5039840000000366,1.37742924,1.430806
1.5599840000000074,1.37392951,1.43422833
1.6159840000000245,1.37160063,1.43652745
1.6719839999999955,1.37013454,1.43799576
1.7279840000000126,1.36927884,1.43887337
1.7839840000000298,1.36883733,1.43934731
1.8399840000000007,1.36866405,1.43955726
1.8959840000000179,1.36865447,1.43960368
1.951984000000035,1.36873649,1.43955625
0.007984000000005832,1.36886235,1.43946142
0.06398400000002301,1.36900204,1.43934869
0.11998399999999387,1.36913783,1.43923576
0.17598400000001105,1.36926036,1.43913225
0.23198400000002822,1.3693656,1.4390426
0.2879839999999991,1.3694528,1.43896802
0.3439840000000163,1.36952305,1.43890789
0.3999840000000334,1.36957837,1.43886062
0.4559840000000043,1.36962109,1.43882429
0.5119840000000214,1.36965353,1.43879691
0.5679839999999923,1.36967777,1.43877666
0.6239840000000095,1.36969565,1.43876195
0.6799840000000267,1.36970865,1.43875148
0.7359839999999975,1.369718,1.43874417
0.7919840000000147,1.36972464,1.4387392
0.8479840000000319,1.3697293,1.43873592
0.9039840000000028,1.36973254,1.43873385
0.9599840000000199,1.36973477,1.43873263
1.015984000000037,1.36973629,1.438732
1.071984000000008,1.36973733,1.43873177
1.1279840000000252,1.36973803,1.4387318
1.183983999999996,1.36973851,1.43873201
1.239984000000013,1.36973883,1.43873232
1.2959840000000304,1.36973906,1.4387327
1.3519840000000012,1.36973923,1.43873313
1.4079840000000183,1.36973936,1.43873356
1.4639840000000355,1.36973947,1.43873401
1.5199840000000064,1.36973957,1.43873445
1.5759840000000236,1.36973965,1.43873489
1.6319839999999946,1.36973973,1.43873532
1.6879840000000117,1.36973981,1.43873575
1.7439840000000288,1.36973989,1.43873616
1.7999839999999996,1.36973997,1.43873657
1.855984000000017,1.36974004,1.43873697
1.911984000000034,1.36974012,1.43873737
1.9679840000000048,1.3697402,1.43873775
1.6000000024900976e-05,1.36974024,1.43873797
0.005616000000003458,1.36972824,1.43875001
0.016816000000006895,1.36970697,1.43877147
0.03921600000001377,1.36976659,1.43871543
0.08401600000002751,1.37085554,1.43767359
0.14001599999999836,1.37464894,1.43403579
0.19601600000001554,1.38119418,1.42769688
0.2520160000000327,1.3900169,1.41900053
0.2576160000000113,1.39102606,1.41799418
0.2688160000000147,1.39307292,1.41594877
0.29121600000002157,1.3972428,1.4117594
0.33601600000003534,1.40524977,1.40365572
0.3920160000000062,1.41382884,1.39492121
0.44801600000002334,1.42047983,1.38814118
0.5040159999999942,1.42535412,1.3831841
0.5600160000000114,1.42877077,1.37972488
0.6160160000000285,1.43106103,1.37742125
0.6720159999999994,1.43251835,1.37596887
0.7280160000000166,1.43338388,1.37511849
0.7840160000000338,1.43384539,1.37467648
0.8400160000000046,1.43404314,1.37449888
0.8960160000000218,1.434078,1.37448259
0.9520159999999926,1.43401984,1.3745566
1.000008000000005,1.43393128,1.37465621
1.0056080000000298,1.4339315,1.37465709
1.0168080000000332,1.43392905,1.37466187
1.0392079999999937,1.43382435,1.37477556
1.0840080000000074,1.43268406,1.37597616
1.1400080000000246,1.42892268,1.37989936
1.1960079999999955,1.42246226,1.38654599
1.2520080000000127,1.41365088,1.39543401
1.2576079999999912,1.4126336,1.39644753
1.2688079999999946,1.41056647,1.39850242
1.2912080000000015,1.40633404,1.40268411
1.3360080000000152,1.3981454,1.41070167
1.3920080000000326,1.38931301,1.41928145
1.4480080000000033,1.38245255,1.42593095
1.5040080000000204,1.37743592,1.43080688
1.5600079999999914,1.37393617,1.43422912
1.6160080000000085,1.37160727,1.43652816
1.6720080000000257,1.37014115,1.43799639
1.7280079999999967,1.36928541,1.43887393
1.7840080000000138,1.36884386,1.43934778
1.840008000000031,1.36867058,1.43955763
1.8960080000000017,1.36866098,1.43960397
1.9520080000000188,1.36874294,1.43955648
0.008008000000036127,1.36886874,1.4394616
0.06400800000000699,1.36900836,1.43934883
0.12000800000002416,1.36914409,1.43923585
0.17600799999999503,1.36926656,1.43913229
0.2320080000000122,1.36937173,1.4390426
0.28800800000002935,1.36945888,1.43896797
0.3440080000000002,1.36952907,1.43890779
0.4000080000000174,1.36958434,1.43886049
0.4560080000000346,1.36962701,1.43882411
0.5120080000000055,1.3696594,1.43879668
0.5680080000000226,1.3696836,1.43877639
0.6240079999999935,1.36970143,1.43876164
0.6800080000000106,1.36971438,1.43875112
0.7360080000000279,1.36972369,1.43874378
0.7920079999999987,1.36973028,1.43873877
0.8480080000000159,1.3697349,1.43873545
0.904008000000033,1.3697381,1.43873334
0.9600080000000039,1.36974029,1.43873208
0.9999920000000111,1.3697414,1.43873157
1.005592000000036,1.36972952,1.43874352
1.016791999999993,1.36970848,1.43876481
1.039192,1.36976852,1.43870848
1.0839920000000136,1.37085812,1.43766621
1.1399920000000308,1.37465208,1.43402806
1.1959920000000017,1.38119766,1.42768897
1.2519920000000189,1.39002058,1.41899252
1.2575919999999974,1.39102976,1.41798617
1.2687920000000008,1.39307664,1.41594074
1.2911920000000077,1.39724657,1.41175136
1.3359920000000216,1.40525359,1.40364765
1.3919919999999923,1.41383268,1.39491313
1.4479920000000095,1.42048367,1.38813312
1.5039920000000266,1.42535795,1.38317607
1.5599919999999976,1.4287746,1.37971691
1.6159920000000147,1.43106485,1.37741335
1.671992000000032,1.43252218,1.37596103
1.7279920000000029,1.4333877,1.37511072
1.78399200000002,1.43384922,1.37466879
1.8399920000000372,1.43404698,1.37449127
1.895992000000008,1.43408186,1.37447505
1.9519920000000253,1.43402371,1.37454913
0.007991999999996027,1.43391909,1.37466651
0.0639920000000132,1.43379754,1.37479768
0.11999200000003038,1.43367672,1.37492523
0.17599200000000123,1.43356622,1.37503998
0.2319920000000184,1.43347041,1.37513799
0.2879920000000356,1.4333904,1.37521856
0.34399200000000646,1.43332552,1.37528276
0.3999920000000236,1.43327409,1.37533259
0.4559919999999945,1.43323412,1.37537033
0.5119920000000117,1.43320353,1.37539825
0.5679920000000288,1.43318048,1.3754184
0.6239919999999997,1.43316331,1.37543255
0.6799920000000169,1.43315067,1.37544215
0.7359920000000341,1.43314145,1.37544838
0.7919920000000049,1.43313479,1.37545215
0.8479920000000221,1.43313001,1.37545417
0.9039919999999929,1.43312661,1.37545496
0.9599920000000102,1.43312421,1.37545491
1.0159920000000273,1.43312253,1.37545429
1.071991999999998,1.43312135,1.37545332
1.1279920000000154,1.43312055,1.37545212
1.1839920000000326,1.43312,1.37545081
1.2399920000000033,1.43311965,1.37544943
1.2959920000000205,1.43311942,1.37544805
1.3519919999999914,1.4331193,1.37544666
1.4079920000000086,1.43311926,1.37544531
1.4639920000000257,1.43311927,1.37544399
1.5199919999999967,1.43311932,1.37544271
1.5759920000000138,1.43311942,1.37544146
1.631992000000031,1.43311954,1.37544026
1.687992000000002,1.43311968,1.37543909
1.743992000000019,1.43311985,1.37543795
1.7999920000000362,1.43312004,1.37543685
1.855992000000007,1.43312024,1.37543577
1.9119920000000241,1.43312047,1.37543472
1.967991999999995,1.4331207,1.3754337
0.023992000000012257,1.43312095,1.37543269
0.07999200000002943,1.43312121,1.37543171
0.13599200000000028,1.43312148,1.37543074
0.19199200000001748,1.43312176,1.37542979
0.24799200000003466,1.43312205,1.37542886
0.3039920000000055,1.43312234,1.37542794
0.3599920000000227,1.43312265,1.37542703
0.41599199999999353,1.43312296,1.37542613
0.47199200000001074,1.43312328,1.37542525
0.5279920000000279,1.43312361,1.37542438
0.5839919999999987,1.43312394,1.37542351
0.6399920000000159,1.43312428,1.37542266
0.6959920000000331,1.43312462,1.37542181
0.751992000000004,1.43312497,1.37542097
0.8079920000000211,1.43312532,1.37542014
0.863991999999992,1.43312568,1.37541931
0.9199920000000091,1.43312604,1.37541849
0.9759920000000264,1.43312641,1.37541768
1.0319919999999971,1.43312678,1.37541687
1.0879920000000143,1.43312715,1.37541607
1.1439920000000317,1.43312753,1.37541527
1.1999920000000024,1.43312791,1.37541448
1.2559920000000195,1.4331283,1.3754137
1.3119920000000367,1.43312869,1.37541292
1.3679920000000076,1.43312908,1.37541214
1.4239920000000248,1.43312948,1.37541137
1.4799919999999958,1.43312988,1.3754106
1.535992000000013,1.43313028,1.37540983
1.59199200000003,1.43313068,1.37540907
1.6479920000000008,1.43313109,1.37540832
1.7039920000000182,1.4331315,1.37540756
1.7599920000000353,1.43313191,1.37540681
1.815992000000006,1.43313233,1.37540606
1.8719920000000232,1.43313275,1.37540532
1.9279919999999942,1.43313317,1.37540458
1.9839920000000113,1.43313359,1.37540384
8.00000002131683e-06,1.43313372,1.37540363
0.0056079999999998735,1.43314574,1.37539156
0.01680800000000331,1.43316717,1.37537022
0.03920800000001018,1.4331113,1.37543097
0.08400800000002392,1.43206925,1.37652624
0.14000799999999478,1.4284249,1.38032542
0.19600800000001195,1.42206915,1.38686243
0.25200800000002915,1.41334727,1.39565812
0.2576080000000077,1.412338,1.39666348
0.26880800000001115,1.41028657,1.3987024
0.291208000000018,1.40608371,1.40285422
0.3360080000000317,1.39794732,1.41081984
0.3920080000000026,1.38916847,1.41934791
0.4480080000000198,1.38235019,1.42595818
0.504008000000037,1.3773663,1.43080498
0.5600080000000078,1.37389162,1.43420604
0.616008000000025,1.37158169,1.43649003
0.6720079999999958,1.37012981,1.43794781
0.728008000000013,1.36928467,1.43881832
0.7840080000000302,1.36885096,1.43928761
0.8400080000000011,1.36868344,1.43949468
0.8960080000000182,1.36867808,1.43953945
0.9520080000000354,1.36876322,1.4394912
1.0000000000000013,1.36887218,1.43941086
1.0056000000000263,1.36887412,1.43941204
1.0168000000000297,1.36888091,1.43941148
1.0392000000000365,1.36899732,1.43931023
1.0840000000000038,1.37019898,1.43817698
1.140000000000021,1.37412518,1.43442975
1.195999999999992,1.38078836,1.42799276
1.252000000000009,1.38971125,1.4192126
1.257600000000034,1.39072933,1.41819877
1.2688000000000375,1.39279366,1.41613867
1.291199999999998,1.39699634,1.41192169
1.3360000000000116,1.40506074,1.40376936
1.3920000000000288,1.41369765,1.39498537
1.4479999999999997,1.4203932,1.38816686
1.5040000000000169,1.42530122,1.38318048
1.560000000000034,1.42874303,1.37969937
1.616000000000005,1.43105181,1.37737969
1.6720000000000221,1.43252262,1.37591578
1.7279999999999929,1.43339785,1.37505729
1.7840000000000102,1.4338663,1.37460973
1.8400000000000274,1.43406898,1.37442845
1.8959999999999981,1.43410733,1.37440982
1.9520000000000153,1.43405164,1.37448244
1.9999920000000275,1.43396463,1.37458141
0.005592000000006096,1.43396499,1.37458224
0.016792000000009532,1.43396284,1.37458693
0.0391920000000164,1.43385865,1.37470054
0.08399200000003014,1.43271978,1.37590199
0.139992000000001,1.42896033,1.37982685
0.19599200000001818,1.42250063,1.38647404
0.25199200000003535,1.41368939,1.39536237
0.2575920000000139,1.41267213,1.39637596
0.26879200000001735,1.41060503,1.39843097
0.2911920000000242,1.40637266,1.40261293
0.33599199999999163,1.39818416,1.41063108
0.39199200000000883,1.38935202,1.41921164
0.447992000000026,1.38249183,1.42586187
0.5039919999999969,1.37747543,1.43073842
0.559992000000014,1.37397588,1.43416117
0.6159920000000312,1.37164714,1.43646064
0.671992000000002,1.37018117,1.43792923
0.7279920000000193,1.36932556,1.43880709
0.7839920000000364,1.36888414,1.43928123
0.8399920000000073,1.36871099,1.43949134
0.8959920000000244,1.36870152,1.43953792
0.9519919999999953,1.36878361,1.43949066
1.0079920000000124,1.36890955,1.439396
1.0639920000000296,1.36904932,1.43928343
1.1199920000000005,1.36918519,1.43917066
1.1759920000000177,1.36930781,1.4390673
1.2319920000000348,1.36941314,1.4389778
1.2879920000000058,1.36950045,1.43890337
1.343992000000023,1.3695708,1.43884338
1.3999919999999937,1.36962624,1.43879626
1.455992000000011,1.36966907,1.43876007
1.5119920000000282,1.36970162,1.43873282
1.567991999999999,1.36972598,1.43871271
1.623992000000016,1.36974398,1.43869813
1.6799920000000332,1.3697571,1.43868779
1.7359920000000042,1.36976657,1.43868061
1.7919920000000213,1.36977332,1.43867576
1.8479919999999923,1.36977811,1.4386726
1.9039920000000095,1.36978146,1.43867066
1.9599920000000266,1.36978381,1.43866955
1.9999760000000337,1.36978503,1.43866914
0.005576000000012317,1.36977317,1.43868112
0.016776000000015754,1.36975216,1.43870243
0.03917600000002262,1.36981227,1.43864616
0.08397600000003637,1.37090207,1.43760399
0.13997600000000723,1.37469628,1.43396587
0.1959760000000244,1.38124202,1.42762667
0.25197599999999526,1.39006496,1.41893
0.2575760000000201,1.39107412,1.41792362
0.26877600000002355,1.393121,1.41587814
0.29117600000003047,1.39729087,1.41168863
0.3359759999999979,1.40529774,1.40358462
0.39197600000001503,1.41387662,1.3948497
0.44797600000003224,1.42052747,1.38806935
0.5039760000000031,1.4254017,1.38311211
0.5599760000000202,1.4288184,1.37965288
0.6159760000000374,1.43110876,1.37734934
0.6719760000000082,1.43256626,1.37589713
0.7279760000000255,1.43343198,1.37504698
0.7839759999999963,1.43389371,1.37460523
0.8399760000000135,1.4340917,1.37442792
0.8959760000000306,1.43412679,1.37441192
0.9519760000000015,1.43406886,1.37448621
1.0000240000000316,1.43398039,1.37458619
1.00562400000001,1.43398063,1.3745871
1.0168240000000135,1.43397822,1.37459193
1.0392240000000204,1.4338736,1.37470572
1.084024000000034,1.43273346,1.37590648
1.140024000000005,1.42897231,1.3798299
1.1960240000000222,1.42251218,1.38647692
1.2520239999999931,1.41370116,1.39536555
1.2576240000000178,1.41268392,1.39637915
1.2688240000000213,1.41061686,1.39843419
1.2912240000000283,1.4063846,1.40261622
1.3360239999999957,1.39819635,1.41063448
1.3920240000000128,1.38936448,1.41921511
1.44802400000003,1.3825045,1.42586532
1.504024000000001,1.37748824,1.43074179
1.560024000000018,1.37398875,1.43416441
1.6160240000000352,1.37166002,1.43646372
1.6720240000000062,1.37019401,1.43793212
1.7280240000000233,1.36933833,1.43880978
1.784023999999994,1.36889681,1.43928371
1.8400240000000112,1.36872355,1.43949361
1.8960240000000286,1.36871395,1.43953999
1.9520239999999993,1.36879592,1.43949253
1.600000001151099e-05,1.36890281,1.43941241
0.00561600000003639,1.36890455,1.43941359
0.016815999999993503,1.36891094,1.43941303
0.039216000000000376,1.36902661,1.43931175
0.08401600000001412,1.37022703,1.43817833
0.14001600000003128,1.37415195,1.43443076
0.19601600000000216,1.38081405,1.42799336
0.25201600000001934,1.38973597,1.41921274
0.2576159999999979,1.39075395,1.41819886
0.26881600000000133,1.3928181,1.41613867
0.2912160000000082,1.39702042,1.4119215
0.33601600000002196,1.40508414,1.40376878
0.3920159999999928,1.4137203,1.39498431
0.44801600000000996,1.42041523,1.38816534
0.5040160000000271,1.42532274,1.38317851
0.560015999999998,1.42876414,1.379697
0.6160160000000152,1.43107257,1.37737696
0.6720160000000324,1.43254309,1.3759127
0.7280160000000032,1.43341807,1.3750539
0.7840160000000204,1.4338863,1.37460605
0.8400160000000376,1.43408879,1.3744245
0.8960160000000085,1.43412696,1.37440561
0.9520160000000256,1.43407111,1.374478
1.0000079999999916,1.43398396,1.37457678
1.0056080000000163,1.43398431,1.37457759
1.0168080000000197,1.43398212,1.37458223
1.0392080000000266,1.43387789,1.3746957
1.084007999999994,1.43273834,1.37589598
1.1400080000000112,1.42897768,1.37981906
1.1960080000000284,1.42251786,1.38646597
1.2520079999999993,1.41370703,1.39535464
1.2576080000000243,1.4126898,1.39636825
1.2688080000000277,1.41062278,1.39842332
1.2912080000000346,1.40639056,1.4026054
1.3360080000000019,1.3982024,1.41062382
1.392008000000019,1.38937062,1.41920466
1.4480080000000362,1.38251071,1.42585507
1.5040080000000071,1.3774945,1.43073173
1.5600080000000243,1.37399504,1.43415452
1.6160079999999952,1.37166633,1.43645396
1.6720080000000124,1.37020032,1.43792249
1.7280080000000295,1.36934465,1.43880025
1.7840080000000003,1.36890314,1.43927427
1.8400080000000176,1.36872988,1.43948425
1.8960080000000348,1.36872028,1.4395307
1.9520080000000055,1.36880225,1.4394833
0.008008000000022737,1.36892806,1.4393885
0.0640079999999936,1.3690677,1.4392758
0.12000800000001077,1.36920345,1.4391629
0.17600800000002795,1.36932595,1.43905942
0.2320079999999988,1.36943116,1.43896981
0.288008000000016,1.36951835,1.43889526
0.3440080000000332,1.36958859,1.43883517
0.400008000000004,1.36964392,1.43878795
0.4560080000000212,1.36968665,1.43875166
0.512007999999992,1.3697191,1.43872431
0.5680080000000093,1.36974336,1.43870411
0.6240080000000264,1.36976126,1.43868945
0.6800079999999973,1.36977429,1.43867902
0.7360080000000144,1.36978367,1.43867176
0.7920080000000316,1.36979033,1.43866684
0.8480080000000024,1.36979503,1.43866361
0.9040080000000197,1.3697983,1.43866159
0.9600080000000368,1.36980057,1.43866041
1.0160080000000078,1.36980213,1.43865983
1.072008000000025,1.3698032,1.43865965
1.1280079999999957,1.36980394,1.43865973
1.1840080000000128,1.36980445,1.43865998
1.24000800000003,1.36980481,1.43866034
1.296008000000001,1.36980508,1.43866077
1.352008000000018,1.36980529,1.43866124
1.4080080000000352,1.36980546,1.43866172
1.4640080000000062,1.3698056,1.43866221
1.5200080000000233,1.36980573,1.4386627
1.576007999999994,1.36980585,1.43866318
1.6320080000000114,1.36980597,1.43866366
1.6880080000000286,1.36980609,1.43866413
1.7440079999999993,1.3698062,1.43866458
1.8000080000000165,1.36980631,1.43866503
1.8560080000000339,1.36980642,1.43866547
1.9120080000000046,1.36980653,1.43866591
1.9680080000000217,1.36980664,1.43866633
0.024007999999992646,1.36980675,1.43866675
0.08000800000000982,1.36980685,1.43866715
0.136008000000027,1.36980695,1.43866756
0.19200799999999785,1.36980706,1.43866795
0.24800800000001502,1.36980715,1.43866834
0.3040080000000322,1.36980725,1.43866873
0.36000800000000305,1.36980734,1.43866911
0.41600800000002025,1.36980744,1.43866948
0.47200800000003745,1.36980752,1.43866985
0.5280080000000082,1.36980761,1.43867021
0.5840080000000255,1.36980769,1.43867057
0.6400079999999964,1.36980777,1.43867092
0.6960080000000135,1.36980785,1.43867127
0.7520080000000307,1.36980792,1.43867162
0.8080080000000015,1.36980799,1.43867196
0.8640080000000188,1.36980806,1.4386723
0.9200080000000359,1.36980812,1.43867263
0.9760080000000068,1.36980819,1.43867296
1.032008000000024,1.36980824,1.43867329
1.0880079999999948,1.3698083,1.43867361
1.144008000000012,1.36980835,1.43867393
1.200008000000029,1.3698084,1.43867425
1.256008,1.36980845,1.43867456
1.3120080000000172,1.3698085,1.43867487
1.3680080000000343,1.36980854,1.43867518
1.4240080000000053,1.36980858,1.43867548
1.4800080000000224,1.36980861,1.43867578
1.5360079999999932,1.36980864,1.43867608
1.5920080000000105,1.36980867,1.43867638
1.6480080000000277,1.3698087,1.43867667
1.7040079999999984,1.36980873,1.43867696
1.7600080000000156,1.36980875,1.43867725
1.8160080000000327,1.36980877,1.43867754
1.8720080000000037,1.36980879,1.43867782
1.9280080000000208,1.3698088,1.4386781
1.9840079999999918,1.36980881,1.43867838
2.400000000170515e-05,1.36980881,1.43867846
0.005624000000026584,1.36979681,1.4386905
0.01682400000003002,1.36977553,1.43871193
0.03922400000003689,1.3698352,1.43865585
0.08402400000000432,1.37092511,1.43761455
0.1400240000000215,1.37471998,1.43397779
0.19602399999999234,1.38126512,1.42763871
0.2520240000000095,1.39008692,1.41894159
0.2576240000000344,1.39109598,1.41793518
0.2688239999999915,1.39314264,1.41588961
0.2912239999999984,1.39731208,1.41169993
0.33602400000001215,1.40531812,1.40359554
0.3920240000000293,1.4138961,1.39486018
0.44802400000000014,1.4205462,1.38807942
0.5040240000000173,1.42541984,1.38312181
0.5600240000000345,1.42883605,1.37966224
0.6160240000000053,1.43112604,1.3773584
0.6720240000000226,1.43258322,1.37590591
0.7280239999999935,1.43344868,1.3750555
0.7840240000000106,1.43391019,1.37461351
0.8400240000000277,1.43410798,1.37443597
0.8960239999999986,1.43414289,1.37441975
0.9520240000000159,1.4340848,1.37449383
1.000016000000028,1.4339963,1.37459351
1.0056160000000065,1.43399652,1.3745944
1.01681600000001,1.43399409,1.37459919
1.0392160000000168,1.43388941,1.37471289
1.0840160000000305,1.43274917,1.37591347
1.1400160000000015,1.42898792,1.37983666
1.1960160000000186,1.42252774,1.38648342
1.2520160000000358,1.4137167,1.39537176
1.2576160000000143,1.41269946,1.39638533
1.2688160000000177,1.41063241,1.39844031
1.2912160000000246,1.40640015,1.40262221
1.336015999999992,1.39821192,1.41064023
1.3920160000000092,1.38938007,1.41922058
1.4480160000000264,1.38252008,1.42587052
1.5040159999999974,1.37750378,1.43074675
1.5600160000000145,1.37400423,1.43416915
1.6160160000000316,1.3716754,1.43646824
1.6720160000000026,1.37020928,1.43793645
1.7280160000000198,1.36935348,1.43881391
1.784016000000037,1.36891183,1.43928766
1.8400160000000076,1.36873843,1.43949738
1.8960160000000248,1.36872869,1.43954359
1.9520159999999958,1.36881051,1.43949597
8.000000007926844e-06,1.36891728,1.43941572
0.0056080000000328055,1.368919,1.43941688
0.016808000000036242,1.36892536,1.43941629
0.039207999999996794,1.36904098,1.43931496
0.08400800000001053,1.37024128,1.43818143
0.14000800000002772,1.37416604,1.43443376
0.19600799999999857,1.38082792,1.42799627
0.2520080000000157,1.38974957,1.41921559
0.2576079999999943,1.39076753,1.4182017
0.2688079999999977,1.39283162,1.4161415
0.29120800000000463,1.39703381,1.41192431
0.33600800000001835,1.40509728,1.40377155
0.39200800000003555,1.41373314,1.39498702
0.4480080000000064,1.42042781,1.38816796
0.5040080000000235,1.42533509,1.38318106
0.5600079999999944,1.4287763,1.37969947
0.6160080000000115,1.43108456,1.37737934
0.6720080000000288,1.43255493,1.375915
0.7280079999999997,1.43342978,1.37505611
0.7840080000000168,1.43389789,1.37460816
0.840008000000034,1.43410026,1.37442652
0.8960080000000048,1.43413833,1.37440754
0.9520080000000221,1.43408237,1.37447983
1.0000000000000342,1.43399514,1.37457853
1.0056000000000127,1.43399548,1.37457934
1.0168000000000161,1.43399328,1.37458396
1.039200000000023,1.433889,1.37469739
1.0840000000000367,1.43274939,1.37589758
1.1400000000000077,1.42898867,1.37982054
1.1960000000000248,1.42252883,1.38646731
1.2519999999999958,1.41371801,1.39535584
1.2576000000000205,1.41270078,1.39636943
1.268800000000024,1.41063376,1.39842447
1.291200000000031,1.40640156,1.4026065
1.3359999999999983,1.39821342,1.4106248
1.3920000000000154,1.38938167,1.4192055
1.4480000000000326,1.38252177,1.42585579
1.5040000000000036,1.37750555,1.43073233
1.5600000000000207,1.37400607,1.434155
1.6159999999999914,1.37167731,1.43645434
1.6720000000000088,1.37021125,1.43792277
1.728000000000026,1.3693555,1.43880043
1.7839999999999967,1.36891391,1.43927435
1.8400000000000138,1.36874057,1.43948423
1.8960000000000312,1.3687309,1.43953059
1.952000000000002,1.36881279,1.4394831
1.9999920000000142,1.36891961,1.43940296
0.005591999999992705,1.36892134,1.43940414
0.01679199999999614,1.36892771,1.43940358
0.03919200000000301,1.36904336,1.43930229
0.08399200000001676,1.37024372,1.43816885
0.13999200000003392,1.37416857,1.43442125
0.1959920000000048,1.38083056,1.42798381
0.251992000000022,1.3897523,1.41920314
0.25759200000000054,1.39077027,1.41818925
0.26879200000000397,1.39283438,1.41612905
0.29119200000001083,1.3970366,1.41191185
0.33599200000002455,1.40510013,1.40375907
0.39199199999999546,1.41373607,1.39497451
0.4479920000000126,1.4204308,1.38815545
0.5039920000000297,1.42533817,1.38316856
0.5599920000000006,1.42877945,1.379687
0.6159920000000179,1.4310878,1.37736692
0.671992000000035,1.43255826,1.37590265
0.7279920000000059,1.4334332,1.37504383
0.783992000000023,1.43390139,1.37459597
0.8399919999999939,1.43410384,1.37441441
0.8959920000000111,1.43414199,1.37439552
0.9519920000000283,1.43408611,1.37446789
0.9999839999999941,1.43399895,1.37456666
1.005584000000019,1.4339993,1.37456747
1.0167840000000223,1.43399711,1.37457211
1.0391840000000292,1.43389286,1.37468557
1.0839839999999967,1.43275331,1.37588583
1.1399840000000139,1.42899265,1.37980888
1.195984000000031,1.42253287,1.38645576
1.251984000000002,1.4137221,1.39534444
1.257584000000027,1.41270488,1.39635806
1.2687840000000303,1.41063787,1.39841313
1.2911840000000372,1.40640569,1.40259523
1.3359840000000045,1.39821761,1.41061369
1.3919840000000216,1.38938594,1.41919459
1.4479839999999926,1.38252611,1.42584504
1.5039840000000098,1.37750996,1.43072172
1.559984000000027,1.37401053,1.4341445
1.6159839999999979,1.37168181,1.43644392
1.671984000000015,1.37021579,1.43791242
1.7279840000000322,1.36936009,1.43879014
1.783984000000003,1.36891853,1.43926411
1.8399840000000203,1.36874523,1.43947404
1.8959840000000374,1.36873558,1.43952044
1.9519840000000082,1.36881751,1.43947299
1.9999760000000204,1.36892436,1.43939289
0.005575999999998927,1.3689261,1.43939406
0.016776000000002362,1.36893247,1.43939351
0.03917600000000923,1.36904813,1.43929223
0.08397600000002298,1.37024854,1.43815882
0.13997599999999383,1.37417344,1.43441123
0.195976000000011,1.38083548,1.42797378
0.2519760000000282,1.38975725,1.41919308
0.25757600000000674,1.39077522,1.41817919
0.2687760000000102,1.39283933,1.41611898
0.29117600000001703,1.39704157,1.41190177
0.3359760000000308,1.4051051,1.40374894
0.39197600000000166,1.41374104,1.39496433
0.4479760000000188,1.42043579,1.38814522
0.5039760000000361,1.42534318,1.38315831
0.5599760000000069,1.4287845,1.37967675
0.6159760000000241,1.43109289,1.37735669
0.6719759999999949,1.43256339,1.37589244
0.7279760000000121,1.43343837,1.37503366
0.7839760000000292,1.43390662,1.37458584
0.8399760000000002,1.43410912,1.37440432
0.8959760000000173,1.43414732,1.37438547
0.9519760000000345,1.43409149,1.3744579
1.0000240000000182,1.43400425,1.37455683
1.0056239999999967,1.43400461,1.37455765
1.0168240000000002,1.43400242,1.3745623
1.039224000000007,1.43389819,1.37467578
1.0840240000000207,1.43275866,1.37587605
1.1400239999999917,1.42899806,1.37979914
1.1960240000000089,1.42253833,1.38644608
1.252024000000026,1.41372763,1.39533484
1.2576240000000045,1.41271042,1.39634847
1.268824000000008,1.41064342,1.39840356
1.2912240000000148,1.40641127,1.40258571
1.3360240000000285,1.39822325,1.41060427
1.3920239999999995,1.38939166,1.41918529
1.4480240000000166,1.38253191,1.42583584
1.5040240000000338,1.37751582,1.4307126
1.5600240000000047,1.37401643,1.43413544
1.6160240000000219,1.37168776,1.43643491
1.6720239999999926,1.37022176,1.43790344
1.7280240000000098,1.36936608,1.43878119
1.7840240000000271,1.36892454,1.43925518
1.8400239999999979,1.36875125,1.43946512
1.896024000000015,1.36874162,1.43951154
1.9520240000000322,1.36882356,1.4394641
1.5999999998121006e-05,1.36893042,1.43938401
0.005616000000023,1.36893216,1.43938519
0.016816000000026435,1.36893854,1.43938463
0.03921600000003331,1.3690542,1.43928337
0.08401600000000073,1.37025463,1.43814996
0.1400160000000179,1.37417956,1.43440237
0.19601600000003508,1.38084161,1.4279649
0.25201600000000596,1.38976338,1.41918416
0.2576160000000308,1.39078135,1.41817026
0.26881600000003425,1.39284546,1.41611005
0.2912159999999948,1.39704768,1.41189281
0.33601600000000853,1.4051112,1.40373994
0.39201600000002573,1.41374711,1.39495526
0.4480159999999966,1.42044183,1.38813611
0.5040160000000138,1.42534921,1.38314916
0.5600160000000309,1.42879054,1.37966759
0.6160160000000018,1.43109894,1.37734753
0.6720160000000189,1.43256946,1.37588329
0.7280160000000362,1.43344448,1.37502453
0.784016000000007,1.43391275,1.37457674
0.8400160000000242,1.43411529,1.37439525
0.896015999999995,1.43415351,1.37437643
0.9520160000000122,1.43409771,1.37444889
1.0080160000000293,1.43399474,1.37456533
1.0640160000000003,1.43387435,1.37469602
1.1200160000000174,1.43375437,1.37482341
1.1760160000000346,1.43364446,1.3749382
1.2320160000000056,1.4335491,1.37503638
1.2880160000000227,1.43346945,1.3751172
1.3440159999999934,1.43340485,1.37518169
1.4000160000000106,1.43335366,1.37523183
1.456016000000028,1.43331388,1.37526988
1.5120159999999987,1.43328349,1.37529811
1.5680160000000158,1.4332606,1.37531856
1.624016000000033,1.43324359,1.375333
1.680016000000004,1.4332311,1.37534287
1.736016000000021,1.43322202,1.37534937
1.792015999999992,1.4332155,1.37535339
1.8480160000000092,1.43321085,1.37535564
1.9040160000000264,1.43320759,1.37535665
1.960015999999997,1.43320531,1.37535682
0.016016000000014352,1.43320375,1.37535641
0.07201600000003153,1.43320269,1.37535563
0.12801600000000238,1.433202,1.37535462
0.18401600000001955,1.43320157,1.37535349
0.24001600000003676,1.43320133,1.37535229
0.2960160000000076,1.43320121,1.37535107
0.35201600000002475,1.4332012,1.37534984
0.40801599999999566,1.43320125,1.37534865
0.4640160000000128,1.43320136,1.37534748
0.52001600000003,1.43320151,1.37534634
0.5760160000000009,1.4332017,1.37534524
0.632016000000018,1.43320192,1.37534417
0.6880160000000352,1.43320216,1.37534313
0.744016000000006,1.43320241,1.37534213
0.8000160000000233,1.43320269,1.37534115
0.8560159999999941,1.43320298,1.37534019
0.9120160000000113,1.43320329,1.37533926
0.9680160000000284,1.43320361,1.37533835
1.0240159999999994,1.43320394,1.37533746
1.0800160000000165,1.43320428,1.37533659
1.1360160000000337,1.43320462,1.37533573
1.1920160000000046,1.43320498,1.37533489
1.2480160000000218,1.43320535,1.37533406
1.3040159999999925,1.43320572,1.37533324
1.3600160000000097,1.43320609,1.37533244
1.4160160000000268,1.43320648,1.37533164
1.4720159999999978,1.43320687,1.37533085
1.528016000000015,1.43320726,1.37533007
1.584016000000032,1.43320766,1.3753293
1.640016000000003,1.43320806,1.37532854
1.6960160000000202,1.43320847,1.37532778
1.7520160000000373,1.43320888,1.37532703
1.8080160000000083,1.4332093,1.37532628
1.8640160000000254,1.43320972,1.37532554
1.9200159999999962,1.43321014,1.3753248
1.9760160000000133,1.43321056,1.37532407
0.03201600000003058,1.43321099,1.37532334
0.08801600000000144,1.43321142,1.37532262
0.14401600000001863,1.43321186,1.3753219
0.2000160000000358,1.43321229,1.37532119
0.2560160000000066,1.43321273,1.37532048
0.31201600000002383,1.43321317,1.37531977
0.3680159999999947,1.43321362,1.37531906
0.4240160000000119,1.43321406,1.37531836
0.48001600000002903,1.43321451,1.37531766
0.5360159999999999,1.43321496,1.37531697
0.5920160000000171,1.43321541,1.37531627
0.6480160000000342,1.43321586,1.37531558
0.7040160000000051,1.43321632,1.3753149
0.7600160000000223,1.43321678,1.37531421
0.8160159999999932,1.43321724,1.37531353
0.8720160000000103,1.4332177,1.37531285
0.9280160000000275,1.43321816,1.37531217
0.9840159999999983,1.43321863,1.37531149
1.0400160000000156,1.43321909,1.37531082
1.0960160000000327,1.43321956,1.37531014
1.1520160000000035,1.43322003,1.37530947
1.2080160000000209,1.4332205,1.37530881
1.2640159999999916,1.43322097,1.37530814
1.3200160000000087,1.43322145,1.37530747
1.3760160000000259,1.43322192,1.37530681
1.4320159999999968,1.4332224,1.37530615
1.488016000000014,1.43322288,1.37530549
1.5440160000000311,1.43322336,1.37530483
1.600016000000002,1.43322384,1.37530418
1.6560160000000193,1.43322432,1.37530352
1.7120160000000364,1.4332248,1.37530287
1.7680160000000071,1.43322529,1.37530222
1.8240160000000245,1.43322577,1.37530157
1.8800159999999952,1.43322626,1.37530092
1.9360160000000124,1.43322675,1.37530027
1.9920160000000295,1.43322724,1.37529962
2.400000003463728e-05,1.43322731,1.37529953
0.005624000000013194,1.43323934,1.37528746
0.01682400000001663,1.43326078,1.37526615
0.039224000000023504,1.43320493,1.3753269
0.08402400000003725,1.43216293,1.37642214
0.1400240000000081,1.42851873,1.38022132
0.1960240000000253,1.42216328,1.38675859
0.25202399999999614,1.41344185,1.39555488
0.257624000000021,1.41243262,1.39656033
0.26882400000002443,1.41038129,1.39859941
0.29122400000003135,1.40617867,1.40275161
0.33602399999999877,1.39804284,1.41071807
0.3920240000000159,1.38926476,1.41924715
0.4480240000000331,1.38244716,1.42585825
0.5040240000000039,1.37746376,1.43070563
0.5600240000000212,1.37398938,1.43410705
0.616023999999992,1.3716796,1.43639122
0.6720240000000092,1.37022775,1.43784908
0.7280240000000263,1.36938256,1.43871956
0.7840239999999972,1.36894877,1.43918877
0.8400240000000144,1.36878116,1.4393957
0.8960240000000316,1.3687757,1.43944033
0.9520240000000024,1.36886069,1.43939197
1.0000160000000147,1.36896952,1.43931153
1.0056159999999932,1.36897145,1.4393127
1.0168159999999966,1.36897821,1.43931212
1.0392160000000035,1.36909458,1.43921083
1.0840160000000172,1.37029626,1.43807749
1.1400160000000343,1.37422247,1.43433005
1.1960160000000053,1.38088545,1.42789266
1.2520160000000224,1.38980782,1.41911195
1.257616000000001,1.39082583,1.41809806
1.2688160000000044,1.39289002,1.41603783
1.2912160000000112,1.39709237,1.41182058
1.336016000000025,1.40515603,1.4036676
1.392015999999996,1.41379203,1.39488277
1.448016000000013,1.42048686,1.38806353
1.5040160000000302,1.42539439,1.38307663
1.5600160000000012,1.42883592,1.37959522
1.6160160000000183,1.43114458,1.37727542
1.6720160000000355,1.43261539,1.3758115
1.7280160000000062,1.43349071,1.3749531
1.7840160000000236,1.4339593,1.37450568
1.8400159999999943,1.43416215,1.37432458
1.8960160000000115,1.43420068,1.37430614
1.9520160000000286,1.43414517,1.37437896
7.999999994536857e-06,1.43405831,1.3744781
0.005608000000019416,1.4340587,1.37447895
0.01680800000002285,1.43405657,1.37448368
0.039208000000029726,1.43395245,1.37459734
0.08400799999999714,1.43281371,1.37579883
0.14000800000001432,1.4290545,1.37972376
0.1960080000000315,1.4225952,1.38637129
0.25200800000000234,1.41378448,1.39526028
0.25760800000002726,1.41276727,1.39627395
0.2688080000000307,1.4107003,1.39832914
0.29120800000003755,1.40646818,1.40251149
0.33600800000000497,1.3982803,1.4105305
0.3920080000000221,1.38944899,1.41911211
0.448007999999993,1.38258952,1.42576318
0.5040080000000102,1.37757366,1.43064032
0.5600080000000274,1.37407443,1.43406344
0.6160079999999982,1.37174586,1.43636311
0.6720080000000154,1.37027994,1.43783177
0.7280080000000325,1.36942431,1.4387096
0.7840080000000034,1.36898285,1.43918364
0.8400080000000206,1.36880962,1.43939362
0.8960080000000378,1.3688,1.43944008
0.9520080000000086,1.36888194,1.43939271
1.0000000000000209,1.36898881,1.43931267
1.0055999999999994,1.36899055,1.43931385
1.0168000000000028,1.36899694,1.43931331
1.0392000000000097,1.36911263,1.43921206
1.0840000000000234,1.37031315,1.43807868
1.1399999999999944,1.37423821,1.43433104
1.1960000000000115,1.38090025,1.42789338
1.2520000000000286,1.38982183,1.41911233
1.2576000000000072,1.39083977,1.4180984
1.2688000000000106,1.39290382,1.41603811
1.2912000000000174,1.39710591,1.4118207
1.3360000000000312,1.40516909,1.40366741
1.3920000000000021,1.41380458,1.39488219
1.4480000000000193,1.42049899,1.38806258
1.5040000000000364,1.42540619,1.38307534
1.5600000000000074,1.42884745,1.37959361
1.6160000000000245,1.4311559,1.37727352
1.6719999999999953,1.43262652,1.37580935
1.7280000000000124,1.43350169,1.37495071
1.7840000000000298,1.43397014,1.37450307
1.8400000000000005,1.43417287,1.37432177
1.8960000000000177,1.43421129,1.37430315
1.9520000000000348,1.43415569,1.37437581
0.008000000000005763,1.43405291,1.37449245
0.06400000000002294,1.4339327,1.37462333
0.11999999999999379,1.43381288,1.37475091
0.17600000000001098,1.43370314,1.37486588
0.23200000000002816,1.43360793,1.37496423
0.28799999999999903,1.43352841,1.3750452
0.3440000000000162,1.43346394,1.37510985
0.4000000000000334,1.43341287,1.37516013
0.45600000000000424,1.43337322,1.37519832
0.5120000000000214,1.43334293,1.37522668
0.5679999999999923,1.43332015,1.37524725
0.6240000000000094,1.43330323,1.3752618
0.6800000000000266,1.43329083,1.37527179
0.7359999999999974,1.43328184,1.3752784
0.7920000000000147,1.43327541,1.37528252
0.8480000000000318,1.43327084,1.37528488
0.9040000000000027,1.43326765,1.37528599
0.9600000000000198,1.43326545,1.37528624
0.9999840000000271,1.43326433,1.37528606
1.0055840000000056,1.43327619,1.37527401
1.016784000000009,1.43329728,1.37525271
1.0391840000000159,1.4332408,1.37531348
1.0839840000000296,1.43219773,1.37640858
1.1399840000000006,1.42855255,1.3802074
1.1959840000000177,1.42219644,1.38674422
1.2519840000000348,1.41347455,1.39554006
1.2575840000000134,1.41246529,1.39654546
1.2687840000000168,1.4104139,1.39858445
1.2911840000000236,1.40621116,1.40273648
1.3359840000000374,1.39807517,1.41070263
1.3919840000000083,1.38929696,1.41923135
1.4479840000000255,1.38247925,1.42584207
1.5039839999999964,1.37749571,1.43068908
1.5599840000000136,1.37402115,1.43409013
1.6159840000000307,1.37171118,1.43637393
1.6719840000000015,1.37025911,1.43783143
1.7279840000000188,1.3694137,1.43870157
1.783984000000036,1.36897968,1.43917045
1.8399840000000067,1.36881185,1.43937708
1.8959840000000239,1.36880618,1.43942143
1.9519839999999948,1.36889097,1.4393728
1.999976000000007,1.36899963,1.43929216
0.005576000000031859,1.36900154,1.4392933
0.016776000000035294,1.36900827,1.43929267
0.039175999999995846,1.36912458,1.4391913
0.08397600000000958,1.37032614,1.4380578
0.13997600000002677,1.3742522,1.43431014
0.19597599999999762,1.38091495,1.42787253
0.2519760000000148,1.38983702,1.41909158
0.25757599999999337,1.39085499,1.41807766
0.2687759999999968,1.3929191,1.41601739
0.29117600000000365,1.3971213,1.41180003
0.3359760000000174,1.40518462,1.40364683
0.3919760000000346,1.41382022,1.39486171
0.4479760000000054,1.4205147,1.38804222
0.5039760000000226,1.42542197,1.38305511
0.5599759999999935,1.4288633,1.37957354
0.6159760000000106,1.43117182,1.37725362
0.6719760000000279,1.43264252,1.37578962
0.7279759999999987,1.43351777,1.37493115
0.7839760000000159,1.4339863,1.37448369
0.839976000000033,1.4341891,1.37430254
0.8959760000000039,1.4342276,1.37428407
0.951976000000021,1.43417206,1.37435686
1.0000240000000047,1.43408506,1.37445609
1.0056240000000296,1.43408545,1.37445695
1.016824000000033,1.43408331,1.37446166
1.0392239999999937,1.43397917,1.37457531
1.0840240000000074,1.43284041,1.37577674
1.1400240000000246,1.42908123,1.3797016
1.1960239999999953,1.422622,1.38634909
1.2520240000000127,1.4138114,1.39523812
1.2576240000000374,1.41279421,1.3962518
1.2688239999999946,1.41072726,1.398307
1.2912240000000015,1.40649521,1.40248939
1.3360240000000152,1.39830748,1.41050852
1.3920240000000323,1.38947637,1.41909026
1.4480240000000033,1.38261706,1.42574142
1.5040240000000205,1.37760132,1.43061861
1.5600240000000376,1.37410215,1.43404174
1.6160240000000083,1.37177359,1.43634137
1.6720240000000257,1.37030764,1.43780999
1.7280239999999965,1.36945196,1.43868774
1.7840240000000136,1.36901044,1.43916169
1.8400240000000307,1.36883713,1.43937159
1.8960240000000017,1.36882743,1.43941797
1.9520240000000189,1.36890929,1.43937051
1.6000000031053132e-05,1.36901609,1.4392904
0.00561600000000961,1.36901782,1.43929157
0.016816000000013046,1.36902419,1.43929101
0.039216000000019915,1.36913986,1.43918974
0.08401600000003366,1.37034035,1.4380563
0.14001600000000453,1.37426537,1.43430856
0.1960160000000217,1.38092731,1.42787075
0.2520159999999925,1.38984871,1.41908953
0.25761600000001744,1.39086662,1.41807558
0.26881600000002087,1.39293061,1.41601526
0.29121600000002773,1.39713259,1.41179778
0.33601599999999515,1.4051955,1.40364432
0.39201600000001235,1.41383068,1.39485889
0.4480160000000295,1.42052482,1.38803909
0.5040160000000004,1.42543182,1.3830517
0.5600160000000175,1.42887295,1.37956988
0.6160160000000348,1.4311813,1.37724973
0.6720160000000056,1.43265188,1.37578552
0.7280160000000228,1.43352702,1.37492688
0.7840159999999936,1.43399546,1.37447924
0.8400160000000108,1.43419818,1.37429795
0.896016000000028,1.43423661,1.37427935
0.9520159999999989,1.43418101,1.37435202
1.000008000000011,1.43409408,1.37445103
1.0056080000000358,1.43409446,1.37445187
1.016807999999993,1.43409232,1.37445657
1.039208,1.43398817,1.37457012
1.0840080000000136,1.43284881,1.37577047
1.1400080000000308,1.42908846,1.37969371
1.1960080000000017,1.42262912,1.38634107
1.2520080000000189,1.41381893,1.39523059
1.2576079999999974,1.41280177,1.39624431
1.2688080000000008,1.41073488,1.3982996
1.2912080000000077,1.40650298,1.40248218
1.3360080000000214,1.39831556,1.41050168
1.3920079999999924,1.38948478,1.41908383
1.4480080000000095,1.38262574,1.42573531
1.5040080000000267,1.37761018,1.43061273
1.5600079999999974,1.37411114,1.434036
1.6160080000000148,1.37178264,1.43633572
1.672008000000032,1.37031672,1.43780437
1.7280080000000027,1.36946104,1.43868214
1.7840080000000198,1.36901949,1.43915607
1.8400080000000372,1.36884615,1.43936592
1.896008000000008,1.36883641,1.43941226
1.952008000000025,1.36891822,1.43936475
0.008007999999995958,1.36904388,1.43926984
0.06400800000001314,1.36918336,1.43915705
0.12000800000003031,1.36931898,1.43904405
0.17600800000000116,1.36944136,1.43894049
0.23200800000001834,1.36954646,1.43885081
0.2880080000000355,1.36963356,1.4387762
0.34400800000000636,1.36970373,1.43871606
0.40000800000002357,1.36975899,1.4386688
0.4560079999999944,1.36980166,1.43863249
0.5120080000000116,1.36983407,1.43860512
0.5680080000000288,1.3698583,1.4385849
0.6240079999999997,1.36987617,1.43857023
0.6800080000000168,1.36988918,1.4385598
0.736008000000034,1.36989854,1.43855254
0.7920080000000048,1.3699052,1.43854763
0.848008000000022,1.36990988,1.43854441
0.9040079999999929,1.36991315,1.4385424
0.9600080000000101,1.36991542,1.43854124
1.0160080000000273,1.36991697,1.43854067
1.072007999999998,1.36991805,1.4385405
1.1280080000000152,1.36991878,1.4385406
1.1840080000000324,1.3699193,1.43854088
1.2400080000000033,1.36991967,1.43854126
1.2960080000000205,1.36991995,1.43854171
1.3520080000000376,1.36992016,1.4385422
1.4080080000000086,1.36992034,1.4385427
1.4640080000000257,1.36992049,1.43854322
1.5200079999999965,1.36992063,1.43854373
1.5760080000000136,1.36992076,1.43854424
1.632008000000031,1.36992089,1.43854474
1.6880080000000017,1.36992101,1.43854524
1.7440080000000189,1.36992114,1.43854572
1.800008000000036,1.36992126,1.43854619
1.856008000000007,1.36992138,1.43854666
1.9120080000000241,1.3699215,1.43854712
1.968007999999995,1.36992162,1.43854757
0.024008000000012186,1.36992173,1.43854801
0.08000800000002936,1.36992185,1.43854844
0.1360080000000002,1.36992196,1.43854887
0.1920080000000174,1.36992207,1.43854929
0.2480080000000346,1.36992218,1.43854971
0.30400800000000544,1.36992228,1.43855011
0.3600080000000226,1.36992238,1.43855052
0.4160079999999935,1.36992249,1.43855092
0.47200800000001064,1.36992258,1.43855131
0.5280080000000278,1.36992268,1.4385517
0.5840079999999986,1.36992277,1.43855208
0.6400080000000159,1.36992285,1.43855246
0.696008000000033,1.36992294,1.43855283
0.7520080000000039,1.36992302,1.4385532
0.808008000000021,1.3699231,1.43855356
0.8640079999999919,1.36992317,1.43855392
0.9200080000000092,1.36992324,1.43855428
0.9760080000000263,1.36992331,1.43855463
0.9999760000000234,1.36992334,1.43855478
1.005576000000002,1.36991134,1.43856683
1.0167760000000055,1.36989007,1.43858828
1.0391760000000123,1.36994974,1.43853223
1.083976000000026,1.37103891,1.43749036
1.139975999999997,1.37483254,1.43385229
1.1959760000000141,1.38137756,1.42751278
1.2519760000000313,1.39019944,1.41881554
1.2575760000000098,1.39120848,1.41780909
1.2687760000000132,1.39325509,1.41576347
1.29117600000002,1.3974244,1.41157364
1.3359760000000338,1.40543005,1.40346884
1.3919760000000048,1.41400748,1.39473285
1.447976000000022,1.42065716,1.38795155
1.5039759999999927,1.42553056,1.38299358
1.55997600000001,1.42894671,1.37953386
1.6159760000000272,1.43123677,1.37723002
1.671975999999998,1.43269411,1.37577765
1.727976000000015,1.4335598,1.37492744
1.7839760000000324,1.43402156,1.37448571
1.8399760000000032,1.43421962,1.37430844
1.8959760000000203,1.4342548,1.3742925
1.9519760000000375,1.43419696,1.37436686
0.0079760000000084,1.43409264,1.37448452
0.06397600000002558,1.43397137,1.37461595
0.11997599999999643,1.4338508,1.37474375
0.17597600000001362,1.43374053,1.37485873
0.2319760000000308,1.43364491,1.37495694
0.2879760000000017,1.43356509,1.37503769
0.3439760000000188,1.43350036,1.37510205
0.399976000000036,1.43344907,1.37515202
0.4559760000000069,1.43340921,1.37518989
0.5119760000000241,1.43337872,1.37521793
0.5679759999999949,1.43335576,1.37523817
0.6239760000000121,1.43333866,1.37525241
0.6799760000000292,1.43332608,1.3752621
0.7359760000000001,1.43331692,1.3752684
0.7919760000000173,1.43331031,1.37527224
0.8479760000000345,1.43330557,1.37527432
0.9039760000000053,1.43330221,1.37527516
0.9599760000000225,1.43329983,1.37527516
1.0000160000000011,1.43329859,1.37527479
1.005616000000026,1.43331043,1.37526271
1.0168160000000295,1.43333149,1.37524137
1.0392160000000363,1.43327494,1.37530203
1.0840160000000039,1.43223176,1.3763969
1.140016000000021,1.4285865,1.38019543
1.1960159999999918,1.42223039,1.38673197
1.2520160000000091,1.41350857,1.39552757
1.2576160000000338,1.41249932,1.39653295
1.2688160000000372,1.41044794,1.3985719
1.291215999999998,1.40624525,1.40272385
1.3360160000000116,1.39810939,1.41068987
1.3920160000000288,1.38933134,1.41921844
1.4480159999999997,1.38251374,1.42582902
1.504016000000017,1.37753025,1.43067586
1.560016000000034,1.37405568,1.43407671
1.6160160000000048,1.37174563,1.43636031
1.6720160000000222,1.37029346,1.43781759
1.728015999999993,1.3694479,1.43868752
1.78401600000001,1.36901372,1.43915619
1.8400160000000272,1.36884572,1.4393626
1.8960159999999981,1.36883987,1.43940675
1.9520160000000153,1.36892448,1.43935792
8.000000027468987e-06,1.36903298,1.43927712
0.005608000000006026,1.36903488,1.43927824
0.01680800000000946,1.36904156,1.43927757
0.039208000000016334,1.36915781,1.43917613
0.08400800000003007,1.37035926,1.43804249
0.14000800000000094,1.37428514,1.43429468
0.1960080000000181,1.38094763,1.42785691
0.2520080000000353,1.38986932,1.41907579
0.2576080000000138,1.39088725,1.41806185
0.26880800000001726,1.39295127,1.41600155
0.29120800000002417,1.39715328,1.41178411
0.3360080000000379,1.4052162,1.40363074
0.39200800000000874,1.41385131,1.39484539
0.44800800000002594,1.42054538,1.38802568
0.5040079999999968,1.42545232,1.3830384
0.5600080000000139,1.4288934,1.37955668
0.6160080000000311,1.43120171,1.37723665
0.672008000000002,1.43267226,1.37577255
0.7280080000000192,1.43354738,1.37491401
0.7840080000000363,1.43401581,1.37446647
0.8400080000000072,1.43421853,1.37428526
0.8960080000000243,1.43425694,1.37426673
0.9520079999999952,1.43420133,1.37433946
1.0000000000000073,1.43411439,1.37443852
1.0056000000000322,1.43411476,1.37443936
1.0168000000000357,1.43411262,1.37444406
1.0391999999999963,1.43400847,1.37455762
1.08400000000001,1.43286909,1.37575798
1.1400000000000272,1.42910875,1.37968121
1.195999999999998,1.42264948,1.38632856
1.2520000000000153,1.41383937,1.39521812
1.2575999999999938,1.41282222,1.39623184
1.2687999999999973,1.41075536,1.39828714
1.2912000000000041,1.40652351,1.40246975
1.3360000000000178,1.39833619,1.41048931
1.392000000000035,1.38950556,1.41907154
1.448000000000006,1.38264664,1.42572307
1.504000000000023,1.37763115,1.43060051
1.5599999999999938,1.37413214,1.43402378
1.616000000000011,1.37180364,1.43632347
1.6720000000000284,1.37033769,1.43779207
1.727999999999999,1.36948196,1.43866978
1.7840000000000162,1.36904035,1.43914365
1.8400000000000334,1.36886694,1.43935344
1.8960000000000043,1.36885713,1.4393997
1.9520000000000215,1.36893887,1.43935213
0.007999999999992373,1.36906445,1.43925715
0.06400000000000955,1.36920386,1.43914429
0.12000000000002672,1.3693394,1.43903124
0.17599999999999758,1.36946171,1.43892761
0.23200000000001475,1.36956675,1.43883787
0.28800000000003195,1.36965378,1.43876321
0.3440000000000028,1.36972388,1.43870302
0.40000000000001995,1.36977908,1.43865571
0.45600000000003715,1.36982169,1.43861934
0.512000000000008,1.36985404,1.43859193
0.5680000000000252,1.36987821,1.43857166
0.623999999999996,1.36989603,1.43855695
0.6800000000000133,1.36990898,1.43854648
0.7360000000000304,1.36991829,1.43853917
0.7920000000000013,1.3699249,1.43853422
0.8480000000000184,1.36992954,1.43853095
0.9040000000000357,1.36993275,1.43852891
0.9600000000000065,1.36993497,1.43852771
1.0160000000000236,1.36993648,1.43852711
1.0719999999999945,1.36993751,1.4385269
1.1280000000000117,1.3699382,1.43852697
1.1840000000000288,1.36993868,1.4385272
1.2399999999999998,1.36993901,1.43852755
1.296000000000017,1.36993924,1.43852797
1.352000000000034,1.36993941,1.43852843
1.408000000000005,1.36993955,1.4385289
1.4640000000000222,1.36993966,1.43852938
1.519999999999993,1.36993976,1.43852986
1.57600000000001,1.36993985,1.43853034
1.6320000000000274,1.36993995,1.43853081
1.6879999999999982,1.36994003,1.43853128
1.7440000000000153,1.36994012,1.43853173
1.8000000000000325,1.36994021,1.43853218
1.8560000000000034,1.36994029,1.43853261
1.9120000000000206,1.36994038,1.43853305
1.9680000000000377,1.36994046,1.43853347
1.9999759999999935,1.36994051,1.43853371
0.005576000000018469,1.36992852,1.43854576
0.016776000000021905,1.36990725,1.43856722
0.03917600000002878,1.36996693,1.4385112
0.08397599999999619,1.37105614,1.43746937
0.13997600000001337,1.37484982,1.43383133
0.19597600000003054,1.38139485,1.4274918
0.2519760000000014,1.39021669,1.41879451
0.2575760000000263,1.39122572,1.41778805
0.2687760000000297,1.39327232,1.41574241
0.29117600000003657,1.39744159,1.41155255
0.335976000000004,1.40544715,1.40344766
0.3919760000000212,1.41402447,1.39471155
0.44797599999999205,1.42067406,1.38793014
0.5039760000000092,1.42554741,1.38297211
0.5599760000000265,1.42896355,1.37951237
0.6159759999999973,1.43125362,1.37720854
0.6719760000000145,1.432711,1.37575621
0.7279760000000316,1.43357674,1.37490606
0.7839760000000024,1.43403856,1.37446438
0.8399760000000197,1.43423668,1.37428719
0.8959760000000369,1.43427193,1.37427132
0.9519760000000077,1.43421416,1.37434575
1.0000240000000378,1.43412581,1.37444585
1.0056240000000163,1.43412607,1.37444677
1.0168240000000197,1.43412369,1.37445163
1.0392240000000266,1.43401912,1.37456543
1.084023999999994,1.4328791,1.37576611
1.1400240000000113,1.42911823,1.37968947
1.1960240000000284,1.42265865,1.38633674
1.2520240000000455,1.41384838,1.39522607
1.2576239999999779,1.41283122,1.39623977
1.2688240000000275,1.41076434,1.39829501
1.2912240000000343,1.40653246,1.40247748
1.336024000000048,1.39834511,1.41049677
1.392024000000019,1.38951445,1.41907865
1.4480239999999898,1.38265551,1.42572984
1.5040240000000533,1.37764,1.43060696
1.5600240000000243,1.37414094,1.43402992
1.616023999999995,1.37181238,1.43632934
1.6720240000000586,1.37034636,1.43779769
1.7280240000000293,1.36949056,1.43867516
1.7840240000000003,1.36904887,1.43914881
1.8400239999999712,1.36887537,1.4393584
1.8960240000000346,1.36886547,1.43940448
1.9520240000000055,1.36894711,1.43935673
0.008023999999976345,1.36907259,1.43926159
0.06402400000003984,1.36921191,1.43914858
0.1200240000000107,1.36934736,1.43903538
0.17602399999998156,1.36946957,1.43893162
0.23202400000004506,1.36957452,1.43884175
0.28802400000001593,1.36966145,1.43876696
0.3440239999999868,1.36973146,1.43870665
0.4000240000000503,1.36978657,1.43865923
0.45602400000002113,1.3698291,1.43862275
0.5120239999999919,1.36986136,1.43859524
0.5680240000000555,1.36988544,1.43857487
0.6240240000000263,1.36990317,1.43856006
0.6800239999999972,1.36991604,1.4385495
0.7360240000000607,1.36992527,1.4385421
0.7920240000000316,1.36993179,1.43853706
0.8480240000000024,1.36993634,1.43853371
0.9040239999999733,1.36993948,1.43853158
0.9600240000000367,1.36994162,1.43853031
1.0160240000000076,1.36994305,1.43852963
1.0720239999999785,1.369944,1.43852934
1.1280240000000419,1.36994462,1.43852934
1.1840240000000128,1.36994502,1.4385295
1.2400239999999836,1.36994528,1.43852979
1.2960240000000471,1.36994544,1.43853013
1.352024000000018,1.36994554,1.43853052
1.4080239999999888,1.36994561,1.43853093
1.4640240000000524,1.36994565,1.43853135
1.5200240000000234,1.36994569,1.43853177
1.576023999999994,1.36994571,1.43853219
1.6320240000000577,1.36994574,1.4385326
1.6880240000000284,1.36994576,1.43853301
1.7440239999999994,1.36994579,1.43853341
1.80002399999997,1.36994581,1.4385338
1.8560240000000336,1.36994584,1.43853418
1.9120240000000046,1.36994586,1.43853456
1.9680239999999753,1.36994589,1.43853493
1.9999999999999776,1.3699459,1.43853514
0.005600000000002442,1.3699339,1.43854718
0.0168000000000522,1.36991262,1.43856864
0.03920000000005907,1.36997228,1.43851259
0.08399999999998017,1.37106146,1.43747074
0.14000000000004367,1.37485507,1.43383266
0.19600000000001452,1.38140002,1.42749311
0.2519999999999854,1.39022176,1.4187958
0.25760000000001027,1.39123078,1.41778934
0.26880000000006,1.39327735,1.4157437
0.29119999999997426,1.39744658,1.41155383
0.335999999999988,1.40545204,1.40344893
0.3920000000000515,1.41402924,1.3947128
0.4480000000000223,1.42067874,1.38793137
0.5039999999999932,1.42555201,1.38297332
0.5600000000000567,1.42896807,1.37951354
0.6160000000000275,1.43125808,1.37720969
0.6719999999999984,1.43271541,1.37575733
0.7279999999999692,1.43358109,1.37490714
0.7840000000000328,1.43404287,1.37446543
0.8400000000000036,1.43424095,1.3742882
0.8959999999999745,1.43427616,1.3742723
0.952000000000038,1.43421834,1.3743467
1.0080000000000089,1.43411405,1.3744644
1.0639999999999796,1.43399279,1.37459586
1.1200000000000432,1.43387225,1.37472369
1.1760000000000141,1.43376199,1.37483869
1.2319999999999849,1.43366639,1.37493693
1.2880000000000484,1.43358658,1.3750177
1.3440000000000192,1.43352187,1.37508208
1.3999999999999901,1.43347058,1.37513207
1.4560000000000537,1.43343073,1.37516995
1.5120000000000244,1.43340025,1.375198
1.5679999999999954,1.43337729,1.37521826
1.6240000000000587,1.4333602,1.37523251
1.6800000000000297,1.43334762,1.3752422
1.7360000000000007,1.43333846,1.37524851
1.7919999999999714,1.43333185,1.37525236
1.848000000000035,1.43332711,1.37525444
1.9040000000000057,1.43332375,1.37525528
1.9599999999999766,1.43332137,1.37525529
0.016000000000040114,1.43331972,1.37525472
0.07200000000001097,1.43331856,1.37525379
0.12799999999998182,1.43331777,1.37525264
0.18400000000004532,1.43331724,1.37525136
0.24000000000001617,1.43331689,1.37525002
0.29599999999998705,1.43331668,1.37524867
0.35200000000005055,1.43331656,1.37524732
0.4080000000000214,1.43331652,1.375246
0.46399999999999225,1.43331653,1.3752447
0.5200000000000558,1.43331658,1.37524345
0.5760000000000266,1.43331667,1.37524223
0.6319999999999975,1.43331679,1.37524105
0.688000000000061,1.43331693,1.37523991
0.7440000000000319,1.43331709,1.37523879
0.8000000000000027,1.43331728,1.37523771
0.8559999999999736,1.43331747,1.37523666
0.912000000000037,1.43331769,1.37523563
0.9680000000000079,1.43331791,1.37523463
1.0239999999999787,1.43331815,1.37523364
1.0800000000000423,1.4333184,1.37523268
1.136000000000013,1.43331866,1.37523173
1.191999999999984,1.43331893,1.3752308
1.2480000000000475,1.43331921,1.37522989
1.3040000000000183,1.4333195,1.37522899
1.3599999999999892,1.43331979,1.3752281
1.4160000000000528,1.43332009,1.37522722
1.4720000000000235,1.4333204,1.37522636
1.5279999999999945,1.43332072,1.3752255
1.5840000000000578,1.43332104,1.37522466
1.6400000000000288,1.43332136,1.37522382
1.6959999999999995,1.4333217,1.37522299
1.7519999999999705,1.43332203,1.37522217
1.808000000000034,1.43332237,1.37522135
1.8640000000000048,1.43332272,1.37522055
1.9199999999999757,1.43332307,1.37521975
1.976000000000039,1.43332342,1.37521895
0.03200000000001002,1.43332378,1.37521816
0.08799999999998089,1.43332414,1.37521738
0.14400000000004437,1.43332451,1.3752166
0.20000000000001525,1.43332488,1.37521583
0.25599999999998607,1.43332525,1.37521506
0.31200000000004957,1.43332563,1.3752143
0.3680000000000204,1.43332601,1.37521354
0.42399999999999133,1.43332639,1.37521278
0.4800000000000548,1.43332678,1.37521203
0.5360000000000257,1.43332717,1.37521129
0.5919999999999965,1.43332756,1.37521054
0.64800000000006,1.43332795,1.3752098
0.7040000000000308,1.43332835,1.37520907
0.7600000000000018,1.43332875,1.37520833
0.8159999999999726,1.43332916,1.37520761
0.8720000000000361,1.43332956,1.37520688
0.9280000000000069,1.43332997,1.37520616
0.9839999999999778,1.43333038,1.37520544
1.0400000000000413,1.4333308,1.37520472
1.096000000000012,1.43333121,1.37520401
1.151999999999983,1.43333163,1.3752033
1.2080000000000466,1.43333205,1.37520259
1.2640000000000173,1.43333247,1.37520188
1.3199999999999883,1.4333329,1.37520118
1.3760000000000516,1.43333333,1.37520048
1.4320000000000226,1.43333375,1.37519979
1.4879999999999933,1.43333419,1.37519909
1.5440000000000569,1.43333462,1.3751984
1.6000000000000278,1.43333506,1.37519771
1.6559999999999986,1.43333549,1.37519702
1.7119999999999695,1.43333593,1.37519634
1.768000000000033,1.43333637,1.37519565
1.8240000000000038,1.43333682,1.37519497
1.8799999999999748,1.43333726,1.3751943
1.9360000000000381,1.43333771,1.37519362
1.992000000000009,1.43333816,1.37519294
8.000000060401114e-06,1.43333822,1.37519285
0.005607999999992635,1.43335025,1.37518078
0.016808000000042393,1.43337168,1.37515945
0.039208000000049266,1.43331581,1.37522017
0.08400799999997036,1.43227378,1.37631526
0.14000800000003386,1.42862968,1.38011428
0.1960080000000047,1.42227453,1.38665167
0.2520079999999756,1.41355356,1.39544843
0.25760800000000045,1.41254439,1.39645394
0.26880800000005023,1.41049317,1.39849316
0.2912080000000571,1.4062908,1.40264568
0.33600799999997816,1.39815559,1.41061288
0.39200800000004166,1.38937835,1.41914288
0.44800800000001256,1.38256148,1.42575469
0.5040079999999834,1.3775786,1.43060254
0.5600080000000469,1.3741045,1.43400421
0.6160080000000178,1.37179482,1.43628846
0.6720079999999886,1.37034294,1.43774626
0.7280080000000521,1.36949763,1.4386166
0.7840080000000229,1.3690637,1.43908559
0.8400079999999939,1.36889591,1.43929228
0.8960080000000573,1.36889021,1.4393367
0.9520080000000282,1.36897495,1.43928812
1.0080079999999991,1.36910272,1.43919272
1.0640079999999699,1.36924376,1.4390798
1.1200080000000334,1.36938051,1.43896692
1.1760080000000042,1.36950373,1.43886361
1.2320079999999751,1.36960948,1.43877425
1.2880080000000387,1.36969707,1.43870001
1.3440080000000094,1.36976763,1.43864024
1.4000079999999804,1.36982322,1.43859334
1.4560080000000437,1.36986616,1.43855737
1.5120080000000147,1.36989879,1.43853033
1.5680079999999856,1.36992322,1.43851041
1.624008000000049,1.36994127,1.43849602
1.68000800000002,1.36995444,1.43848585
1.7360079999999907,1.36996395,1.43847883
1.7920080000000542,1.36997074,1.43847414
1.8480080000000252,1.36997556,1.43847111
1.904007999999996,1.36997894,1.43846929
1.9600080000000595,1.36998132,1.43846831
0.01600800000003031,1.36998298,1.4384679
0.07200800000000117,1.36998415,1.43846788
0.12800799999997203,1.36998498,1.43846813
0.18400800000003553,1.36998559,1.43846853
0.24000800000000638,1.36998605,1.43846904
0.29600799999997723,1.3699864,1.4384696
0.35200800000004073,1.36998669,1.4384702
0.4080080000000116,1.36998695,1.43847081
0.46400799999998243,1.36998717,1.43847142
0.520008000000046,1.36998738,1.43847203
0.5760080000000168,1.36998758,1.43847263
0.6320079999999877,1.36998777,1.43847321
0.6880080000000511,1.36998795,1.43847378
0.744008000000022,1.36998814,1.43847434
0.8000079999999928,1.36998832,1.43847489
0.8560080000000564,1.36998849,1.43847543
0.9120080000000272,1.36998867,1.43847596
0.9680079999999981,1.36998884,1.43847647
0.9999840000000002,1.36998893,1.43847676
1.0055840000000251,1.36997695,1.43848882
1.0167839999999821,1.3699557,1.4385103
1.039183999999989,1.37001542,1.43845431
1.083984000000003,1.37110478,1.43741254
1.1399839999999737,1.37489862,1.4337745
1.1959840000000372,1.3814437,1.42743485
1.251984000000008,1.39026543,1.41873733
1.257584000000033,1.39127444,1.41773085
1.2687839999999901,1.39332099,1.41568516
1.291183999999997,1.39749016,1.41149517
1.3359840000000107,1.40549545,1.40338999
1.3919839999999815,1.41407242,1.39465347
1.447984000000045,1.42072176,1.38787174
1.503984000000016,1.42559497,1.38291349
1.5599839999999867,1.42901106,1.37945365
1.6159840000000503,1.43130116,1.37714981
1.671984000000021,1.43275863,1.37569755
1.727983999999992,1.43362449,1.3748475
1.7839840000000555,1.43408646,1.37440596
1.8399840000000263,1.43428473,1.37422892
1.8959839999999972,1.43432014,1.37421321
1.9519840000000606,1.43426252,1.37428781
0.007984000000031527,1.43415841,1.3744057
0.06398400000000239,1.43403734,1.37453736
0.11998399999997324,1.43391697,1.37466537
0.17598400000003675,1.43380687,1.37478055
0.2319840000000076,1.43371142,1.37487896
0.2879839999999784,1.43363175,1.37495989
0.343984000000042,1.43356717,1.37502442
0.39998400000001283,1.43351601,1.37507456
0.4559839999999837,1.43347628,1.37511258
0.5119840000000472,1.43344592,1.37514076
0.567984000000018,1.43342306,1.37516115
0.6239839999999889,1.43340607,1.37517552
0.6799840000000523,1.4333936,1.37518533
0.7359840000000233,1.43338453,1.37519175
0.7919839999999941,1.43337801,1.3751957
0.8479840000000576,1.43337336,1.3751979
0.9039840000000284,1.43337008,1.37519884
0.9599839999999993,1.43336779,1.37519894
1.000023999999978,1.43336661,1.37519865
1.005624000000003,1.43337845,1.37518658
1.0168240000000526,1.43339953,1.37516526
1.0392240000000594,1.43334301,1.37522594
1.0840239999999806,1.43229988,1.37632081
1.1400240000000441,1.42865475,1.38011936
1.196024000000015,1.42229888,1.38665613
1.2520239999999858,1.41357741,1.39545221
1.2576240000000107,1.4125682,1.39645764
1.2688240000000603,1.4105169,1.39849673
1.2912239999999746,1.40631439,1.40264896
1.3360239999999883,1.39817895,1.41061561
1.3920240000000519,1.38940148,1.41914495
1.4480240000000228,1.3825844,1.42575616
1.5040239999999936,1.37760129,1.43060344
1.5600240000000571,1.37412696,1.43400458
1.616024000000028,1.37181703,1.43628834
1.6720239999999988,1.37036489,1.43774569
1.7280239999999698,1.36951933,1.43861561
1.7840240000000331,1.36908514,1.43908421
1.840024000000004,1.36891711,1.43929054
1.8960239999999748,1.36891116,1.43933463
1.9520240000000384,1.36899567,1.43928575
0.008024000000009277,1.36912322,1.43919006
0.06402399999998014,1.36926404,1.43907687
0.12002400000004364,1.36940059,1.43896374
0.1760240000000145,1.36952362,1.4388602
0.23202399999998535,1.36962917,1.43877062
0.28802400000004885,1.36971659,1.43869618
0.3440240000000197,1.36978697,1.43863621
0.40002399999999055,1.36984239,1.43858913
0.45602400000005405,1.36988517,1.43855299
0.5120240000000249,1.36991765,1.43852578
0.5680239999999958,1.36994193,1.43850571
0.6240240000000593,1.36995983,1.43849117
0.6800240000000302,1.36997286,1.43848086
0.736024000000001,1.36998223,1.4384737
0.7920239999999719,1.36998889,1.43846888
0.8480240000000353,1.36999357,1.43846573
0.9040240000000062,1.36999683,1.43846379
0.960023999999977,1.36999909,1.43846269
1.0160240000000405,1.37000063,1.43846217
1.0720240000000114,1.37000168,1.43846204
1.1280239999999824,1.3700024,1.43846218
1.1840240000000457,1.3700029,1.43846248
1.2400239999999703,1.37000324,1.43846289
1.2960239999999412,1.3700035,1.43846336
1.3520240000000046,1.37000368,1.43846386
1.4080239999999755,1.37000383,1.43846438
1.4640239999999465,1.37000396,1.4384649
1.5200240000000098,1.37000407,1.43846542
1.5760239999999808,1.37000417,1.43846593
1.6320239999999515,1.37000427,1.43846643
1.688024000000015,1.37000436,1.43846693
1.744023999999986,1.37000446,1.43846741
1.8000239999999568,1.37000455,1.43846788
1.8560239999999277,1.37000464,1.43846834
1.912023999999991,1.37000473,1.43846879
1.968023999999962,1.37000482,1.43846924
1.9999999999999643,1.37000487,1.43846949
0.005599999999989051,1.36999287,1.43848154
0.016799999999946164,1.3699716,1.438503
0.039199999999953036,1.3700313,1.43844699
0.08399999999996678,1.37112061,1.43740517
0.13999999999993765,1.37491437,1.43376707
0.19600000000000115,1.38145933,1.42742735
0.25199999999997197,1.39028088,1.41872976
0.2575999999999969,1.39128987,1.41772327
0.26879999999995396,1.39333638,1.41567756
0.2911999999999609,1.39750546,1.41148755
0.3359999999999746,1.40551056,1.40338229
0.39199999999994545,1.41408731,1.39464567
0.44800000000000895,1.42073645,1.38786384
0.5039999999999798,1.4256095,1.38290552
0.5599999999999506,1.42902547,1.3794456
0.6160000000000142,1.43131547,1.37714172
0.671999999999985,1.43277287,1.37568941
0.7279999999999559,1.43363867,1.37483932
0.7839999999999268,1.43410059,1.37439776
0.8399999999999902,1.43429882,1.37422068
0.895999999999961,1.43433419,1.37420495
0.9519999999999319,1.43427654,1.37427952
0.9999919999999441,1.4341884,1.37437961
1.005591999999969,1.43418867,1.37438054
1.0167919999999262,1.43418632,1.37438542
1.039191999999933,1.4340818,1.37449925
1.0839919999999468,1.43294186,1.37569995
1.1399920000000103,1.42918115,1.37962338
1.195991999999981,1.42272181,1.38627088
1.251991999999952,1.41391188,1.39516064
1.2575919999999767,1.41289476,1.39617439
1.268791999999934,1.41082795,1.39822974
1.2911919999999408,1.40659624,1.40241247
1.3359919999999545,1.39840929,1.41043231
1.3919919999999255,1.38957918,1.41901486
1.4479919999999888,1.3827207,1.42566659
1.5039919999999598,1.37770553,1.43054409
1.5599919999999305,1.37420668,1.43396729
1.615991999999994,1.37187824,1.43626684
1.671991999999965,1.37041224,1.43773523
1.7279919999999358,1.3695564,1.43861268
1.7839919999999994,1.36911464,1.43908628
1.83999199999997,1.36894106,1.43929579
1.895991999999941,1.36893106,1.43934178
1.9519920000000046,1.3690126,1.43929394
1.999983999999924,1.36911913,1.43921351
0.005583999999948951,1.36912083,1.43921465
0.01678399999999871,1.36912714,1.43921402
0.03918400000000558,1.3692427,1.4391126
0.08398399999992667,1.37044305,1.4379789
0.13998399999999017,1.37436785,1.43423079
0.19598399999996102,1.38102931,1.42779249
0.2519839999999319,1.3899499,1.4190107
0.2575839999999568,1.39096771,1.41799669
0.2687840000000065,1.3930315,1.41593623
0.2911840000000134,1.39723301,1.41171848
0.3359839999999345,1.40529495,1.40356441
0.391983999999998,1.41392893,1.39477815
0.44798399999996885,1.42062208,1.38795763
0.5039839999999397,1.42552834,1.38296968
0.5599840000000033,1.42896895,1.37948748
0.6159839999999741,1.43127696,1.37716708
0.671983999999945,1.43274733,1.37570274
0.7279840000000084,1.43362235,1.37484402
0.7839839999999793,1.43409073,1.37439637
0.8399839999999501,1.43429343,1.37421508
0.8959840000000137,1.43433186,1.37419649
0.9519839999999845,1.43427627,1.37426919
1.0079839999999554,1.4341735,1.37438586
1.063983999999926,1.4340533,1.37451677
1.1199839999999897,1.43393348,1.37464436
1.1759839999999606,1.43382373,1.37475934
1.2319839999999314,1.4337285,1.37485768
1.287983999999995,1.43364895,1.37493864
1.3439839999999659,1.43358445,1.37500325
1.3999839999999366,1.43353333,1.37505349
1.4559840000000002,1.43349362,1.37509163
1.511983999999971,1.43346327,1.37511994
1.5679839999999419,1.43344042,1.37514045
1.6239840000000054,1.43342343,1.37515494
1.6799839999999762,1.43341096,1.37516486
1.7359839999999471,1.43340189,1.3751714
1.7919840000000105,1.43339538,1.37517545
1.8479839999999814,1.43339073,1.37517773
1.9039839999999522,1.43338746,1.37517876
1.9599839999999231,1.43338517,1.37517894
2.399999999446732e-05,1.43338399,1.37517869
0.005623999999926702,1.43339584,1.37516663
0.01682399999997646,1.43341692,1.37514532
0.03922399999998333,1.4333604,1.37520603
0.08402399999999707,1.43231728,1.37630093
0.14002399999996792,1.42867217,1.38009953
0.19602399999993877,1.42231635,1.38663638
0.2520240000000023,1.41359496,1.39543261
0.2576239999999345,1.41258575,1.39643807
0.2688239999999843,1.41053448,1.39847719
0.29122399999999116,1.40633201,1.4026295
0.3360240000000049,1.39819667,1.41059634
0.3920239999999757,1.38941935,1.4191259
0.44802399999994663,1.38260239,1.42573729
0.5040240000000101,1.37761937,1.43058471
0.560023999999981,1.37414509,1.43398594
0.6160239999999518,1.37183519,1.43626975
0.6720240000000153,1.37038306,1.43772713
0.7280239999999861,1.36953749,1.43859707
0.784023999999957,1.36910329,1.43906567
0.8400239999999279,1.36893523,1.439272
0.8960239999999914,1.36892927,1.43931608
0.9520239999999622,1.36901375,1.43926718
1.0000159999999745,1.36912215,1.43918632
1.0056159999999994,1.36912403,1.43918743
1.0168159999999564,1.3691307,1.43918676
1.0392159999999633,1.36924692,1.43908529
1.084015999999977,1.3704484,1.4379516
1.140015999999948,1.37437431,1.43420361
1.1960160000000113,1.38103662,1.4277655
1.2520159999999823,1.38995786,1.41898389
1.2576160000000072,1.39097572,1.4179699
1.2688159999999642,1.39303962,1.41590948
1.291215999999971,1.39724133,1.41169181
1.3360159999999848,1.40530359,1.40353786
1.3920159999999557,1.41393789,1.39475176
1.4480159999999265,1.42063131,1.3879314
1.50401599999999,1.42553781,1.38294366
1.560015999999961,1.42897865,1.37946169
1.6160159999999317,1.43128687,1.37714155
1.6720159999999953,1.43275744,1.37567747
1.728015999999966,1.43363266,1.37481902
1.784015999999937,1.43410123,1.37437163
1.8400160000000005,1.43430411,1.37419059
1.8960159999999713,1.4343427,1.37417225
1.9520159999999422,1.43428727,1.37424517
0.008016000000005694,1.43418465,1.37436207
0.06401599999997655,1.4340646,1.37449318
0.1200159999999474,1.43394492,1.37462097
0.1760160000000109,1.43383529,1.37473613
0.23201599999998176,1.43374018,1.37483464
0.28801599999995264,1.43366075,1.37491576
0.3440159999999235,1.43359635,1.37498053
0.400015999999987,1.43354534,1.37503092
0.45601599999995784,1.43350573,1.3750692
0.5120159999999286,1.43347547,1.37509763
0.5680159999999922,1.43345271,1.37511827
0.624015999999963,1.43343581,1.37513288
0.6800159999999339,1.43342343,1.37514292
0.7360159999999975,1.43341444,1.37514956
0.7920159999999683,1.433408,1.37515371
0.8480159999999392,1.43340343,1.37515609
0.9040160000000026,1.43340024,1.37515722
0.9600159999999734,1.43339802,1.37515749
0.9999999999999343,1.4333969,1.37515731
1.0055999999999592,1.43340875,1.37514527
1.016800000000009,1.43342984,1.37512397
1.039199999999923,1.43337335,1.37518471
1.083999999999937,1.43233027,1.37627966
1.1400000000000003,1.42868523,1.38007834
1.1959999999999713,1.42232949,1.38661533
1.251999999999942,1.41360819,1.39541177
1.257599999999967,1.412599,1.39641725
1.2687999999999242,1.41054774,1.39845642
1.291199999999931,1.40634532,1.40260884
1.3359999999999448,1.39821008,1.41057591
1.3920000000000083,1.3894329,1.41910575
1.447999999999979,1.38261608,1.42571737
1.50399999999995,1.37763316,1.43056497
1.5600000000000134,1.37415897,1.43396633
1.6159999999999843,1.37184912,1.43625025
1.671999999999955,1.37039703,1.4377077
1.727999999999926,1.36955149,1.43857769
1.7839999999999896,1.36911731,1.43904633
1.8399999999999603,1.36894927,1.43925269
1.8959999999999313,1.36894332,1.43929679
1.9519999999999946,1.36902782,1.43924792
0.007999999999965594,1.36915537,1.43915225
0.06399999999993645,1.36929618,1.43903908
0.11999999999999995,1.36943273,1.43892596
0.17599999999997082,1.36955577,1.43882244
0.23199999999994167,1.36966133,1.43873288
0.28800000000000514,1.36974876,1.43865846
0.343999999999976,1.36981916,1.43859852
0.3999999999999469,1.3698746,1.43855147
0.4560000000000104,1.3699174,1.43851535
0.5119999999999812,1.36994991,1.43848818
0.5679999999999521,1.36997422,1.43846814
0.623999999999923,1.36999215,1.43845364
0.6799999999999864,1.37000521,1.43844336
0.7359999999999574,1.37001461,1.43843624
0.7919999999999282,1.3700213,1.43843145
0.8479999999999916,1.37002602,1.43842834
0.9039999999999625,1.37002932,1.43842643
0.9599999999999334,1.3700316,1.43842537
1.015999999999997,1.37003318,1.43842488
1.0719999999999676,1.37003427,1.43842479
1.1279999999999386,1.37003502,1.43842497
1.1840000000000022,1.37003555,1.4384253
1.239999999999973,1.37003593,1.43842575
1.2959999999999439,1.37003622,1.43842625
1.3520000000000072,1.37003644,1.43842679
1.4079999999999782,1.37003662,1.43842734
1.463999999999949,1.37003678,1.4384279
1.5200000000000125,1.37003692,1.43842845
1.5759999999999834,1.37003705,1.43842899
1.6319999999999542,1.37003718,1.43842953
1.6879999999999251,1.37003731,1.43843005
1.7439999999999887,1.37003743,1.43843057
1.7999999999999594,1.37003755,1.43843107
1.8559999999999304,1.37003767,1.43843156
1.9119999999999937,1.37003779,1.43843204
1.9679999999999647,1.37003791,1.43843252
0.0239999999999355,1.37003802,1.43843298
0.079999999999999,1.37003814,1.43843344
0.13599999999996987,1.37003825,1.43843388
0.19199999999994072,1.37003835,1.43843432
0.24800000000000422,1.37003846,1.43843476
0.30399999999997507,1.37003856,1.43843518
0.3599999999999459,1.37003866,1.4384356
0.4160000000000094,1.37003875,1.43843602
0.47199999999998027,1.37003885,1.43843643
0.5279999999999512,1.37003894,1.43843683
0.5840000000000146,1.37003902,1.43843723
0.6399999999999855,1.3700391,1.43843762
0.6959999999999563,1.37003918,1.43843801
0.7519999999999272,1.37003926,1.43843839
0.8079999999999907,1.37003933,1.43843877
0.8639999999999616,1.3700394,1.43843914
0.9199999999999324,1.37003947,1.43843951
0.9759999999999959,1.37003953,1.43843988
1.0000239999999647,1.37003956,1.43844003
1.0056239999999894,1.37002756,1.43845208
1.0168239999999467,1.37000629,1.43847353
1.0392239999999535,1.37006598,1.43841749
1.0840239999999672,1.3711553,1.43737562
1.140023999999938,1.37494907,1.43373742
1.1960240000000015,1.38149394,1.42739756
1.2520239999999725,1.39031529,1.41869979
1.2576239999999974,1.39132425,1.41769328
1.2688239999999544,1.3933707,1.41564753
1.2912239999999613,1.39753965,1.41145743
1.336023999999975,1.40554447,1.40335196
1.392023999999946,1.41412086,1.39461506
1.4480240000000093,1.42076971,1.38783298
1.5040239999999803,1.42564256,1.38287448
1.560023999999951,1.42905839,1.37941445
1.6160240000000146,1.43134832,1.3771105
1.6720239999999855,1.43280568,1.37565816
1.7280239999999563,1.43367147,1.37480807
1.7840239999999272,1.4341334,1.37436651
1.8400239999999908,1.43433166,1.37418946
1.8960239999999615,1.43436705,1.37417376
1.9520239999999325,1.43430943,1.37424835
1.599999994456106e-05,1.43422132,1.37434846
0.00561599999996944,1.43422159,1.3743494
0.016815999999926553,1.43421924,1.37435428
0.03921599999993342,1.43411473,1.37446812
0.08401599999994716,1.43297481,1.3756688
0.14001600000001066,1.42921416,1.3795922
0.1960159999999815,1.42275495,1.38623975
0.2520159999999524,1.41394518,1.39512966
0.25761599999997725,1.41292807,1.39614343
0.2688159999999344,1.41086131,1.39819883
0.29121599999994124,1.40662968,1.40238165
0.33601599999995496,1.39844293,1.41040172
0.39201599999992587,1.38961308,1.41898454
0.44801599999998937,1.38275485,1.42563648
0.5040159999999602,1.37773983,1.43051412
0.560015999999931,1.37424108,1.43393739
0.6160159999999946,1.37191267,1.43623696
0.6720159999999654,1.37044666,1.43770533
0.7280159999999363,1.36959079,1.43858274
0.7840159999999997,1.36914898,1.43905627
0.8400159999999707,1.36897533,1.43926572
0.8960159999999415,1.36896526,1.43931164
0.952016000000005,1.36904673,1.43926373
1.0000079999999245,1.36915319,1.43918323
1.0056079999999494,1.36915489,1.43918437
1.016807999999999,1.36916118,1.43918372
1.0392080000000061,1.36927672,1.43908228
1.084007999999927,1.37047706,1.43794853
1.1400079999999906,1.37440183,1.43420032
1.1960079999999615,1.38106318,1.42776188
1.2520079999999323,1.38998354,1.4189799
1.2576079999999572,1.39100132,1.41796587
1.268808000000007,1.39306505,1.41590538
1.291208000000014,1.39726644,1.41168754
1.336007999999935,1.40532808,1.40353325
1.3920079999999984,1.4139617,1.39474672
1.4480079999999693,1.42065457,1.38792594
1.50400799999994,1.42556062,1.38293782
1.5600080000000036,1.4290011,1.37945551
1.6160079999999746,1.43130903,1.37713505
1.6720079999999453,1.43277937,1.37567069
1.7280080000000089,1.43365438,1.37481198
1.7840079999999796,1.43412278,1.37436435
1.8400079999999506,1.43432551,1.37418309
1.8960080000000141,1.43436396,1.37416455
1.9520079999999849,1.43430841,1.37423728
1.9999999999999971,1.43422151,1.37433635
0.0055999999999293395,1.43422189,1.3743372
0.0167999999999791,1.43421976,1.3743419
0.03919999999998597,1.43411563,1.37445544
0.08399999999999971,1.4329763,1.37565569
0.13999999999997056,1.42921614,1.3795788
0.19599999999994142,1.42275723,1.3862263
0.25200000000000494,1.41394765,1.39511632
0.25759999999993716,1.41293056,1.39613011
0.26879999999998694,1.41086382,1.39818555
0.2911999999999938,1.40663224,1.40236846
0.3360000000000075,1.39844557,1.41038875
0.39199999999997837,1.38961581,1.41897186
0.4479999999999492,1.38275764,1.42562408
0.5040000000000128,1.37774268,1.43050197
0.5599999999999836,1.37424397,1.43392547
0.6159999999999545,1.3719156,1.43622523
0.6719999999999253,1.37044963,1.43769379
0.7279999999999888,1.36959379,1.43857136
0.7839999999999596,1.36915201,1.43904503
0.8399999999999305,1.3689784,1.4392546
0.895999999999994,1.36896836,1.43930064
0.9519999999999649,1.36904987,1.43925284
1.0079999999999358,1.36917522,1.43915765
1.0639999999999992,1.36931442,1.43904458
1.1199999999999701,1.36944975,1.43893133
1.1759999999999409,1.36957186,1.43882753
1.2320000000000044,1.36967672,1.43873763
1.2879999999999754,1.36976358,1.43866282
1.3439999999999461,1.36983352,1.4386025
1.4000000000000097,1.36988858,1.43855506
1.4559999999999804,1.36993106,1.43851858
1.5119999999999514,1.36996328,1.43849107
1.568000000000015,1.36998733,1.43847071
1.6239999999999857,1.37000504,1.43845591
1.6799999999999566,1.37001789,1.43844536
1.7359999999999274,1.3700271,1.43843798
1.791999999999991,1.37003361,1.43843296
1.847999999999962,1.37003816,1.43842963
1.9039999999999326,1.3700413,1.43842752
1.9599999999999962,1.37004344,1.43842627
0.015999999999967013,1.37004487,1.43842561
0.07199999999993786,1.37004583,1.43842536
0.12800000000000136,1.37004645,1.43842537
0.1839999999999722,1.37004686,1.43842556
0.2399999999999431,1.37004712,1.43842587
0.2960000000000066,1.37004729,1.43842625
0.35199999999997744,1.3700474,1.43842666
0.4079999999999483,1.37004747,1.4384271
0.4640000000000118,1.37004753,1.43842754
0.5199999999999827,1.37004757,1.43842799
0.5759999999999535,1.37004761,1.43842843
0.6319999999999244,1.37004764,1.43842887
0.6879999999999878,1.37004768,1.4384293
0.7439999999999587,1.37004771,1.43842973
0.7999999999999295,1.37004775,1.43843014
0.8559999999999931,1.37004778,1.43843055
0.911999999999964,1.37004782,1.43843095
0.9679999999999348,1.37004786,1.43843135
0.9999759999999369,1.37004788,1.43843157
1.0055759999999618,1.37003588,1.43844362
1.0167760000000117,1.3700146,1.43846508
1.0391759999999257,1.37007429,1.43840905
1.0839759999999397,1.3711636,1.4373672
1.139976000000003,1.37495736,1.43372901
1.195975999999974,1.38150221,1.42738915
1.2519759999999447,1.3903235,1.41869136
1.2575759999999696,1.39133246,1.41768485
1.2687759999999269,1.3933789,1.4156391
1.2911759999999337,1.39754782,1.41144898
1.3359759999999474,1.40555257,1.40334347
1.391976000000011,1.41412888,1.39460653
1.4479759999999817,1.42077767,1.38782441
1.5039759999999527,1.42565046,1.38286588
1.5599759999999234,1.42906627,1.37940584
1.615975999999987,1.43135619,1.37710189
1.6719759999999577,1.43281355,1.37564956
1.7279759999999287,1.43367935,1.37479949
1.7839759999999922,1.43414129,1.37435796
1.839975999999963,1.43433955,1.37418093
1.895975999999934,1.43437496,1.37416525
1.9519759999999973,1.43431735,1.37423987
2.399999993475522e-05,1.43422914,1.37434012
0.005623999999959634,1.43422941,1.37434106
0.01682400000000939,1.43422707,1.37434595
0.03922399999992362,1.43412255,1.3744598
0.08402399999993736,1.43298264,1.37566048
0.14002400000000087,1.42922203,1.37958388
0.19602399999997172,1.42276286,1.38623145
0.25202399999994257,1.41395315,1.3951214
0.25762399999996743,1.41293606,1.39613517
0.26882399999992457,1.41086931,1.39819058
0.2912239999999314,1.40663771,1.40237343
0.3360239999999452,1.39845102,1.41039356
0.3920240000000087,1.38962126,1.41897645
0.44802399999997955,1.3827631,1.42562846
0.5040239999999504,1.37774814,1.43050614
0.5600240000000138,1.37424942,1.43392944
0.6160239999999847,1.37192103,1.43622901
0.6720239999999557,1.37045503,1.43769739
0.7280239999999265,1.36959916,1.4385748
0.78402399999999,1.36915735,1.43904833
0.8400239999999608,1.36898369,1.43925776
0.8960239999999317,1.36897361,1.43930368
0.9520239999999952,1.36905507,1.43925575
1.0000160000000073,1.36916153,1.43917525
1.0056159999999397,1.36916322,1.43917639
1.0168159999999893,1.36916951,1.43917574
1.0392159999999961,1.36928505,1.4390743
1.0840160000000099,1.37048539,1.43794054
1.1400159999999808,1.37441016,1.43419232
1.1960159999999516,1.38107149,1.42775385
1.2520160000000151,1.3899918,1.41897183
1.2576159999999474,1.39100958,1.41795779
1.268815999999997,1.3930733,1.41589729
1.2912160000000041,1.39727465,1.41167943
1.336015999999925,1.40533623,1.4035251
1.3920159999999886,1.41396978,1.39473849
1.4480159999999596,1.42066258,1.38791766
1.5040159999999303,1.42556859,1.3829295
1.5600159999999939,1.42900904,1.37944716
1.6160159999999646,1.43131696,1.3771267
1.6720159999999356,1.4327873,1.37566233
1.728015999999999,1.43366232,1.37480363
1.7840159999999698,1.43413072,1.37435601
1.8400159999999408,1.43433347,1.37417477
1.8960160000000044,1.43437194,1.37415624
1.952015999999975,1.4343164,1.37422899
7.999999987299029e-06,1.43422951,1.37432808
0.005608000000012178,1.4342299,1.37432892
0.016807999999969292,1.43422777,1.37433363
0.039207999999976165,1.43412364,1.37444717
0.08400799999998991,1.43298432,1.37564742
0.14000799999996077,1.42922419,1.37957055
0.19600799999993163,1.42276531,1.38621806
0.2520079999999951,1.41395578,1.39510813
0.25760799999992734,1.4129387,1.39612193
0.2688079999999771,1.41087197,1.39817738
0.291207999999984,1.40664041,1.40236033
0.3360079999999977,1.39845379,1.41038068
0.3920079999999686,1.3896241,1.41896387
0.44800799999993945,1.38276599,1.42561616
0.5040080000000029,1.37775108,1.4304941
0.5600079999999737,1.3742524,1.43391763
0.6160079999999446,1.37192404,1.4362174
0.6720080000000082,1.37045808,1.43768596
0.728007999999979,1.36960224,1.43856352
0.7840079999999499,1.36916045,1.4390372
0.8400080000000134,1.36898682,1.43924676
0.8960079999999843,1.36897678,1.43929279
0.9520079999999551,1.36905828,1.43924497
0.9999999999999672,1.36916476,1.43916456
1.005599999999992,1.36916646,1.4391657
1.0167999999999493,1.36917276,1.43916507
1.0391999999999562,1.36928832,1.43906366
1.0839999999999699,1.3704887,1.43792997
1.1399999999999406,1.37441353,1.43418181
1.1960000000000042,1.38107492,1.42774337
1.2519999999999751,1.38999529,1.41896136
1.2576,1.39101307,1.41794732
1.268799999999957,1.3930768,1.41588682
1.291199999999964,1.39727817,1.41166895
1.3359999999999776,1.40533978,1.4035146
1.3919999999999486,1.41397336,1.39472797
1.448000000000012,1.42066619,1.38790712
1.503999999999983,1.42557225,1.38291897
1.5599999999999536,1.42901275,1.37943665
1.6159999999999246,1.43132073,1.37711622
1.6719999999999882,1.43279112,1.37565191
1.727999999999959,1.4336662,1.37479326
1.7839999999999299,1.43413467,1.3743457
1.8399999999999934,1.43433747,1.37416453
1.8959999999999642,1.434376,1.37414606
1.9519999999999351,1.43432052,1.37421887
0.007999999999998526,1.43421785,1.37433567
0.06399999999996939,1.43409775,1.3744667
0.11999999999994024,1.43397802,1.37459439
0.17600000000000374,1.43386835,1.37470947
0.2319999999999746,1.4337732,1.37480791
0.28799999999994547,1.43369373,1.37488896
0.34400000000000897,1.43362929,1.37495365
0.3999999999999798,1.43357823,1.37500397
0.45599999999995067,1.43353858,1.37504219
0.5120000000000141,1.43350828,1.37507056
0.5679999999999851,1.43348548,1.37509114
0.6239999999999559,1.43346854,1.37510569
0.6799999999999268,1.43345611,1.37511567
0.7359999999999902,1.43344708,1.37512225
0.7919999999999611,1.4334406,1.37512636
0.8479999999999319,1.433436,1.37512869
0.9039999999999955,1.43343276,1.37512976
0.9599999999999663,1.4334305,1.37512999
1.0159999999999372,1.43342896,1.37512963
1.0720000000000007,1.43342792,1.37512891
1.1279999999999715,1.43342724,1.37512795
1.1839999999999424,1.43342682,1.37512686
1.2400000000000058,1.43342658,1.3751257
1.2959999999999767,1.43342647,1.37512452
1.3519999999999477,1.43342645,1.37512333
1.408000000000011,1.43342651,1.37512217
1.463999999999982,1.43342662,1.37512103
1.5199999999999527,1.43342676,1.37511993
1.5759999999999237,1.43342695,1.37511885
1.6319999999999872,1.43342715,1.37511781
1.687999999999958,1.43342739,1.3751168
1.743999999999929,1.43342764,1.37511583
1.7999999999999923,1.4334279,1.37511487
1.8559999999999632,1.43342818,1.37511395
1.911999999999934,1.43342848,1.37511304
1.9679999999999975,1.43342879,1.37511216
1.9999759999999998,1.43342897,1.37511166
0.005575999999931977,1.43344099,1.37509957
0.016775999999981736,1.43346239,1.3750782
0.03917599999998861,1.43340647,1.37513883
0.08397600000000235,1.43236435,1.37623367
0.1399759999999732,1.42872025,1.38003242
0.19597599999994406,1.42236528,1.38656974
0.2519760000000076,1.41364464,1.39536671
0.2575759999999398,1.41263551,1.39637226
0.2687759999999896,1.41058438,1.39841156
0.29117599999999644,1.40638219,1.40256427
0.33597600000001016,1.39824745,1.41053194
0.391975999999981,1.38947085,1.41906253
0.44797599999995186,1.38265453,1.42567479
0.5039760000000154,1.377672,1.43052291
0.5599759999999863,1.37419809,1.43392468
0.6159759999999571,1.37188845,1.4362089
0.671975999999928,1.3704365,1.43766659
0.7279759999999914,1.36959105,1.43853675
0.7839759999999623,1.36915692,1.43900552
0.8399759999999331,1.36898892,1.43921198
0.8959759999999967,1.36898299,1.43925616
0.9519759999999675,1.36906749,1.43920735
1.0000239999999976,1.36917604,1.43912645
1.0056239999999297,1.36917793,1.43912757
1.0168239999999795,1.3691846,1.4391269
1.0392239999999864,1.36930084,1.43902546
1.084024,1.37050241,1.43789181
1.140023999999971,1.3744284,1.4341438
1.1960239999999418,1.38109068,1.42770556
1.2520240000000054,1.39001169,1.41892373
1.2576239999999377,1.39102952,1.41790971
1.2688239999999873,1.39309335,1.41584924
1.2912239999999942,1.39729491,1.41163143
1.3360240000000079,1.4053568,1.40347718
1.3920239999999788,1.41399065,1.39469065
1.4480239999999496,1.42068372,1.38786994
1.5040240000000131,1.42558999,1.38288197
1.560023999999984,1.42903072,1.37939988
1.6160239999999548,1.43133893,1.37707972
1.6720239999999258,1.43280955,1.37561569
1.7280239999999893,1.43368485,1.37475734
1.78402399999996,1.43415354,1.37431008
1.840023999999931,1.43435656,1.3741292
1.8960239999999944,1.43439529,1.37411101
1.9520239999999653,1.43434,1.37418409
0.008023999999936176,1.43423752,1.37430114
0.06402399999999968,1.43411759,1.37443241
0.12002399999997053,1.43399803,1.37456033
0.1760239999999414,1.43388852,1.37467563
0.2320240000000049,1.43379351,1.37477426
0.28802399999997574,1.43371418,1.3748555
0.3440239999999466,1.43364986,1.37492037
0.4000240000000101,1.43359893,1.37497086
0.45602399999998094,1.4335594,1.37500923
0.5120239999999519,1.43352921,1.37503776
0.5680240000000153,1.43350652,1.37505848
0.6240239999999861,1.43348968,1.37507317
0.680023999999957,1.43347735,1.37508328
0.7360239999999278,1.43346842,1.37508999
0.7920239999999914,1.43346203,1.37509422
0.8480239999999623,1.43345751,1.37509666
0.9040239999999331,1.43345436,1.37509785
0.9600239999999965,1.43345219,1.37509818
1.0000079999999574,1.43345109,1.37509804
1.0056079999999823,1.43346295,1.375086
1.0168079999999395,1.43348405,1.37506472
1.0392079999999464,1.43342757,1.37512546
1.0840079999999601,1.43238453,1.37622039
1.1400079999999309,1.42873958,1.38001907
1.1960079999999944,1.42238403,1.38655621
1.2520079999999654,1.41366299,1.39535299
1.25760799999999,1.41265382,1.39635851
1.2688079999999473,1.41060263,1.39839778
1.2912079999999542,1.40640034,1.40255042
1.3360079999999679,1.39826543,1.41051795
1.3920079999999386,1.38948871,1.41904838
1.4480080000000022,1.38267228,1.42566046
1.5040079999999731,1.37768965,1.43050839
1.5600079999999439,1.37421563,1.43390996
1.6160080000000074,1.37190587,1.43619398
1.6720079999999784,1.37045379,1.43765146
1.7280079999999491,1.36960822,1.43852143
1.7840080000000127,1.36917399,1.43899004
1.8400079999999834,1.36900587,1.43919633
1.8960079999999544,1.36899984,1.43924036
1.9520079999999251,1.36908426,1.43919142
1.9999999999999374,1.3691926,1.43911052
0.0055999999999622714,1.36919448,1.43911163
0.01680000000001203,1.36920114,1.43911094
0.03919999999992626,1.36931735,1.43900946
0.08399999999994,1.37051888,1.43787572
0.1400000000000035,1.37444485,1.43412759
0.19599999999997436,1.38110707,1.4276892
0.2519999999999452,1.39002798,1.4189072
0.2575999999999701,1.3910458,1.41789316
0.2687999999999272,1.3931096,1.41583266
0.29119999999993407,1.3973111,1.41161478
0.33599999999994784,1.40537286,1.40346036
0.39200000000001134,1.41400654,1.39467363
0.4479999999999822,1.42069948,1.38785275
0.503999999999953,1.42560567,1.38286465
0.5599999999999239,1.42904634,1.37938247
0.6159999999999873,1.43135452,1.37706226
0.6719999999999583,1.43282513,1.3755982
0.7279999999999291,1.43370045,1.37473983
0.7839999999999926,1.43416915,1.37429257
0.8399999999999634,1.43437219,1.3741117
0.8959999999999343,1.43441095,1.37409353
0.9519999999999978,1.43435568,1.37416662
1.0079999999999687,1.43425323,1.37428369
1.0639999999999394,1.43413332,1.37441498
1.120000000000003,1.43401378,1.37454292
1.175999999999974,1.43390429,1.37465823
1.2319999999999447,1.4338093,1.37475689
1.2880000000000082,1.43372999,1.37483814
1.343999999999979,1.43366569,1.37490303
1.39999999999995,1.43361477,1.37495353
1.4560000000000135,1.43357525,1.37499192
1.5119999999999842,1.43354508,1.37502046
1.5679999999999552,1.4335224,1.37504119
1.623999999999926,1.43350557,1.37505589
1.6799999999999895,1.43349325,1.37506601
1.7359999999999605,1.43348432,1.37507273
1.7919999999999312,1.43347795,1.37507696
1.8479999999999948,1.43347343,1.37507942
1.9039999999999655,1.43347029,1.37508062
1.9599999999999365,1.43346812,1.37508096
0.015999999999999945,1.43346667,1.37508071
0.0719999999999708,1.43346571,1.3750801
0.12799999999994166,1.43346511,1.37507925
0.18400000000000516,1.43346477,1.37507826
0.239999999999976,1.43346461,1.3750772
0.29599999999994686,1.43346457,1.37507611
0.35200000000001036,1.43346463,1.37507502
0.4079999999999812,1.43346475,1.37507395
0.46399999999995206,1.43346493,1.3750729
0.5200000000000156,1.43346515,1.37507188
0.5759999999999864,1.4334654,1.37507089
0.6319999999999573,1.43346567,1.37506993
0.6879999999999281,1.43346597,1.375069
0.7439999999999917,1.43346628,1.3750681
0.7999999999999625,1.43346661,1.37506723
0.8559999999999334,1.43346695,1.37506638
0.9119999999999968,1.4334673,1.37506554
0.9679999999999678,1.43346766,1.37506473
1.0239999999999385,1.43346804,1.37506394
1.080000000000002,1.43346842,1.37506316
1.135999999999973,1.43346881,1.37506239
1.1919999999999438,1.43346921,1.37506164
1.2480000000000073,1.43346961,1.37506089
1.303999999999978,1.43347002,1.37506016
1.359999999999949,1.43347043,1.37505944
1.4160000000000126,1.43347085,1.37505873
1.4719999999999833,1.43347127,1.37505802
1.5279999999999543,1.4334717,1.37505732
1.583999999999925,1.43347213,1.37505663
1.6399999999999886,1.43347256,1.37505594
1.6959999999999593,1.433473,1.37505526
1.7519999999999303,1.43347344,1.37505458
1.8079999999999938,1.43347388,1.37505391
1.8639999999999646,1.43347433,1.37505325
1.9199999999999355,1.43347478,1.37505258
1.975999999999999,1.43347523,1.37505192
2.3999999967687347e-05,1.43347542,1.37505164
0.005623999999992566,1.43348745,1.37503957
0.01682399999994968,1.43350888,1.37501825
0.03922399999995655,1.43345301,1.37507894
0.08402399999997029,1.43241098,1.37617388
0.14002399999994114,1.42876703,1.37997278
0.19602400000000464,1.42241227,1.3865104
0.2520239999999755,1.4136919,1.39530785
0.2576240000000004,1.4126828,1.39631346
0.2688239999999575,1.41063173,1.39835289
0.29122399999996434,1.40642968,1.40250586
0.3360239999999781,1.39829525,1.41047411
0.39202399999994897,1.38951909,1.41900539
0.44802400000001247,1.38270316,1.42561822
0.5040239999999834,1.37772093,1.43046677
0.5600239999999542,1.37424722,1.43386883
0.6160239999999251,1.3719377,1.43615324
0.6720239999999885,1.3704858,1.43761104
0.7280239999999594,1.36964037,1.43848126
0.7840239999999302,1.36920624,1.43895007
0.8400239999999938,1.36903821,1.43915653
0.8960239999999646,1.36903225,1.43920071
0.9520239999999355,1.36911673,1.43915189
1.008023999999999,1.36924425,1.43905625
1.0640239999999699,1.36938504,1.43894312
1.1200239999999406,1.36952156,1.43883004
1.1760240000000042,1.36964458,1.43872655
1.2320239999999751,1.36975013,1.43863703
1.2880239999999459,1.36983755,1.43856264
1.3440240000000094,1.36990796,1.43850275
1.4000239999999802,1.3699634,1.43845574
1.4560239999999511,1.37000621,1.43841967
1.5120240000000147,1.37003873,1.43839255
1.5680239999999854,1.37006306,1.43837256
1.6240239999999564,1.37008102,1.4383581
1.6800239999999271,1.3700941,1.43834788
1.7360239999999907,1.37010353,1.43834081
1.7920239999999614,1.37011025,1.43833607
1.8480239999999324,1.370115,1.43833301
1.904023999999996,1.37011832,1.43833115
1.9600239999999667,1.37012064,1.43833013
7.999999927586928e-06,1.37012184,1.43832978
0.005607999999952466,1.37010998,1.43834176
0.016808000000002224,1.37008897,1.43836309
0.0392080000000091,1.37014916,1.43830686
0.0840079999999302,1.37123937,1.43726472
0.1400079999999937,1.37503399,1.43362624
0.19600799999996454,1.38157934,1.42728602
0.2520079999999354,1.39040075,1.4185878
0.25760799999996026,1.39140969,1.41758125
0.26880800000001004,1.39345611,1.41553539
0.29120799999992425,1.39762493,1.41134507
0.336007999999938,1.40562939,1.40323907
0.3920080000000015,1.41420528,1.39450148
0.4480079999999724,1.42085374,1.38771886
0.5040079999999433,1.42572637,1.38276005
0.5600080000000067,1.42914216,1.37929993
0.6160079999999776,1.43143218,1.37699607
0.6720079999999484,1.43288972,1.37554395
0.728008000000012,1.43375577,1.37469416
0.7840079999999828,1.43421799,1.37425297
0.8400079999999537,1.43441656,1.3740763
0.8960079999999245,1.43445227,1.37406099
0.952007999999988,1.43439497,1.37413599
1.008007999999959,1.43429115,1.37425427
1.0640079999999297,1.43417037,1.3743863
1.1200079999999932,1.43405026,1.37451466
1.176007999999964,1.43394041,1.37463017
1.232007999999935,1.43384519,1.37472887
1.2880079999999985,1.43376573,1.37481009
1.3440079999999692,1.43370134,1.37487488
1.4000079999999402,1.43365036,1.37492526
1.4560080000000037,1.43361079,1.37496351
1.5120079999999745,1.43358058,1.3749919
1.5680079999999454,1.43355786,1.37501249
1.6240080000000088,1.433541,1.37502704
1.6800079999999797,1.43352865,1.37503703
1.7360079999999505,1.4335197,1.37504362
1.792008000000014,1.43351328,1.37504773
1.848007999999985,1.43350874,1.37505006
1.9040079999999557,1.43350556,1.37505115
1.9600079999999267,1.43350335,1.37505139
1.9999919999999802,1.43350224,1.37505118
0.00559200000000501,1.43351409,1.37503913
0.016791999999962122,1.43353518,1.37501783
0.039191999999968995,1.43347869,1.37507853
0.08399199999998273,1.43243563,1.37617334
0.1399919999999536,1.42879071,1.37997188
0.19599199999992445,1.42243528,1.386509
0.25199199999998795,1.41371445,1.39530592
0.2575920000000128,1.41270531,1.39631147
0.26879199999996994,1.41065416,1.39835078
0.2911919999999768,1.40645199,1.40250354
0.3359919999999906,1.39831736,1.41047136
0.3919919999999614,1.38954101,1.41900213
0.4479919999999323,1.3827249,1.42561448
0.5039919999999958,1.3777425,1.43046257
0.5599919999999666,1.37426859,1.4338642
0.6159919999999375,1.37195886,1.43614821
0.671992000000001,1.37050675,1.43760563
0.7279919999999719,1.36966111,1.4384755
0.7839919999999427,1.36922677,1.43894398
0.8399920000000062,1.36905854,1.43915014
0.895991999999977,1.36905238,1.43919404
0.9519919999999479,1.36913667,1.43914496
1.0079920000000113,1.36926401,1.43904909
1.0639919999999823,1.36940463,1.43893574
1.119991999999953,1.36954099,1.43882245
1.175991999999924,1.36966386,1.43871877
1.2319919999999875,1.36976927,1.43862908
1.2879919999999583,1.36985655,1.43855453
1.3439919999999292,1.36992682,1.43849449
1.3999919999999928,1.36998214,1.43844733
1.4559919999999635,1.37002483,1.43841113
1.5119919999999345,1.37005724,1.43838388
1.5679919999999978,1.37008145,1.43836377
1.6239919999999688,1.3700993,1.4383492
1.6799919999999395,1.37011228,1.43833887
1.735992000000003,1.37012161,1.4383317
1.791991999999974,1.37012824,1.43832686
1.8479919999999448,1.37013289,1.43832371
1.9039920000000083,1.37013613,1.43832176
1.959991999999979,1.37013836,1.43832066
0.01599199999995004,1.37013989,1.43832015
0.07199200000001355,1.37014093,1.43832003
0.1279919999999844,1.37014163,1.43832017
0.18399199999995525,1.37014212,1.43832049
0.2399919999999261,1.37014246,1.43832091
0.2959919999999896,1.3701427,1.43832139
0.35199199999996045,1.37014288,1.43832191
0.4079919999999313,1.37014303,1.43832244
0.4639919999999948,1.37014315,1.43832298
0.5199919999999657,1.37014326,1.43832352
0.5759919999999366,1.37014336,1.43832405
0.631992,1.37014345,1.43832457
0.6879919999999708,1.37014354,1.43832508
0.7439919999999417,1.37014364,1.43832558
0.7999920000000053,1.37014373,1.43832607
0.8559919999999761,1.37014382,1.43832655
0.911991999999947,1.37014391,1.43832703
0.9679920000000105,1.370144,1.43832749
1.0000239999999379,1.37014405,1.43832775
1.0056239999999628,1.37013205,1.4383398
1.0168240000000124,1.37011079,1.43836127
1.0392239999999267,1.37017052,1.43830527
1.0840239999999404,1.37126,1.43726346
1.140024000000004,1.37505395,1.43362519
1.1960239999999749,1.38159876,1.42728504
1.2520239999999456,1.3904197,1.41858679
1.2576239999999705,1.3914286,1.41758022
1.2688239999999276,1.39347492,1.41553436
1.2912239999999344,1.39764357,1.41134399
1.3360239999999484,1.40564769,1.4032379
1.3920240000000117,1.41422321,1.39450016
1.4480239999999827,1.42087137,1.38771737
1.5040239999999534,1.42574377,1.38275838
1.5600239999999244,1.42915938,1.3792981
1.616023999999988,1.43144925,1.37699408
1.6720239999999587,1.43290667,1.3755418
1.7280239999999296,1.43377262,1.37469187
1.784023999999993,1.43423475,1.37425053
1.840023999999964,1.43443323,1.37407373
1.8960239999999347,1.43446887,1.37405828
1.9520239999999982,1.43441148,1.37413314
0.008023999999969108,1.43430759,1.3742513
0.06402399999993996,1.43418672,1.37438319
0.12002400000000346,1.43406654,1.37451143
0.1760239999999743,1.43395661,1.37462681
0.23202399999994516,1.43386131,1.3747254
0.28802400000000866,1.43378177,1.37480649
0.3440239999999795,1.4337173,1.37487117
0.40002399999995036,1.43366623,1.37492143
0.45602400000001386,1.43362658,1.37495956
0.5120239999999847,1.43359629,1.37498784
0.5680239999999556,1.4335735,1.37500832
0.6240239999999264,1.43355656,1.37502277
0.68002399999999,1.43354412,1.37503265
0.7360239999999608,1.43353509,1.37503913
0.7920239999999317,1.4335286,1.37504314
0.8480239999999952,1.43352397,1.37504538
0.9040239999999661,1.43352072,1.37504637
0.9600239999999369,1.43351844,1.37504651
1.0160240000000005,1.43351687,1.37504608
1.0720239999999712,1.4335158,1.37504528
1.1280239999999422,1.43351509,1.37504425
1.1840240000000055,1.43351464,1.37504309
1.2400239999999765,1.43351436,1.37504187
1.2960239999999472,1.43351422,1.37504062
1.3520240000000108,1.43351417,1.37503938
1.4080239999999817,1.43351418,1.37503816
1.4640239999999525,1.43351426,1.37503697
1.5200239999999234,1.43351437,1.37503581
1.5760239999999868,1.43351451,1.37503468
1.6320239999999577,1.43351468,1.3750336
1.6880239999999287,1.43351488,1.37503254
1.744023999999992,1.43351509,1.37503152
1.800023999999963,1.43351532,1.37503052
1.8560239999999337,1.43351556,1.37502955
1.9120239999999973,1.43351582,1.37502861
1.9680239999999682,1.43351609,1.37502768
0.024023999999939014,1.43351637,1.37502678
0.08002400000000251,1.43351666,1.37502589
0.13602399999997336,1.43351696,1.37502502
0.19202399999994424,1.43351727,1.37502417
0.24802400000000774,1.43351758,1.37502333
0.3040239999999786,1.4335179,1.3750225
0.36002399999994944,1.43351823,1.37502168
0.41602400000001294,1.43351857,1.37502088
0.4720239999999838,1.43351891,1.37502008
0.5280239999999546,1.43351925,1.37501929
0.5840239999999255,1.4335196,1.37501851
0.640023999999989,1.43351996,1.37501774
0.6960239999999599,1.43352032,1.37501698
0.7520239999999307,1.43352068,1.37501622
0.8080239999999942,1.43352105,1.37501547
0.864023999999965,1.43352142,1.37501472
0.9200239999999359,1.4335218,1.37501399
0.9760239999999994,1.43352218,1.37501325
0.9999919999999503,1.43352234,1.37501294
1.0055919999999752,1.43353436,1.37500086
1.0167919999999322,1.43355578,1.37497952
1.039191999999939,1.43349988,1.37504018
1.0839919999999528,1.43245781,1.376135
1.1399919999999237,1.42881385,1.37993378
1.1959919999999873,1.42245919,1.38647135
1.251991999999958,1.41373899,1.3952689
1.257591999999983,1.41272991,1.39627452
1.2687919999999402,1.41067887,1.39831399
1.291191999999947,1.40647692,1.40246705
1.3359919999999608,1.39834273,1.4104355
1.3919919999999315,1.38956689,1.41896705
1.447991999999995,1.38275123,1.42558008
1.503991999999966,1.37776919,1.43042873
1.5599919999999368,1.37429556,1.43383082
1.6159920000000003,1.37198605,1.4361152
1.671991999999971,1.3705341,1.43757292
1.727991999999942,1.36968858,1.43844304
1.7839920000000056,1.36925434,1.43891172
1.8399919999999763,1.36908619,1.43911805
1.8959919999999473,1.36908009,1.43916209
1.9519920000000106,1.36916443,1.43911314
1.9999839999999303,1.36927271,1.43903222
0.005583999999955103,1.36927458,1.43903333
0.01678400000000486,1.36928122,1.43903263
0.03918400000001173,1.36939742,1.43893114
0.08398399999993283,1.37059899,1.43779738
0.13998399999999633,1.37452499,1.43404914
0.19598399999996718,1.38118703,1.42761048
0.25198399999993804,1.39010752,1.41882808
0.2575839999999629,1.39112528,1.417814
0.2687840000000127,1.39318896,1.41575341
0.2911839999999269,1.39739019,1.41153533
0.33598399999994066,1.40545133,1.40338043
0.39198400000000416,1.41408426,1.39459306
0.447983999999975,1.42077659,1.38777163
0.5039839999999458,1.42568235,1.38278315
0.5599840000000094,1.42912277,1.37930075
0.6159839999999802,1.43143083,1.37698045
0.6719839999999511,1.43290142,1.37551639
0.7279840000000146,1.43377678,1.3746581
0.7839839999999855,1.43424558,1.37421096
0.8399839999999563,1.43444873,1.37403022
0.8959839999999272,1.43448761,1.3740122
0.9519839999999906,1.43443248,1.37408545
0.9999760000000029,1.43434592,1.37418495
1.005575999999935,1.43434635,1.37418585
1.0167759999999848,1.43434429,1.37419065
1.0391759999999917,1.43424028,1.37430443
1.0839760000000054,1.4331018,1.3755059
1.1399759999999763,1.42934322,1.37943088
1.195975999999947,1.42288502,1.38607913
1.2519760000000106,1.41407582,1.39496978
1.257575999999943,1.41305878,1.39598367
1.2687759999999926,1.41099215,1.39803931
1.2911759999999994,1.4067608,1.40222267
1.3359760000000132,1.39857473,1.41024397
1.3919759999999841,1.38974586,1.41882836
1.4479759999999549,1.38288851,1.42548164
1.5039759999999258,1.37787417,1.4303603
1.5599759999999894,1.37437586,1.4337843
1.61597599999996,1.37204771,1.43608437
1.671975999999931,1.37058183,1.43755307
1.7279759999999946,1.36972599,1.4384307
1.7839759999999654,1.36928415,1.43890436
1.8399759999999363,1.36911045,1.43911388
1.8959759999999997,1.36910032,1.43915986
1.9519759999999706,1.36918172,1.43911198
0.00797599999994145,1.36930697,1.43901672
0.06397600000000495,1.36944608,1.4389036
0.11997599999997581,1.36958134,1.4387903
0.17597599999994668,1.36970339,1.43868647
0.23197600000001017,1.36980819,1.43859655
0.287975999999981,1.36989502,1.43852174
0.3439759999999519,1.36996494,1.43846141
0.3999760000000154,1.37001999,1.43841399
0.4559759999999862,1.37006246,1.43837754
0.5119759999999571,1.37009469,1.43835005
0.567975999999928,1.37011876,1.43832973
0.6239759999999914,1.37013649,1.43831497
0.6799759999999623,1.37014937,1.43830446
0.7359759999999331,1.37015861,1.43829714
0.7919759999999967,1.37016516,1.43829216
0.8479759999999675,1.37016975,1.43828889
0.9039759999999384,1.37017292,1.43828684
0.9599760000000018,1.3701751,1.43828564
1.0159759999999727,1.37017658,1.43828504
1.0719759999999436,1.37017758,1.43828485
1.127976000000007,1.37017825,1.43828492
1.183975999999978,1.3701787,1.43828518
1.239975999999949,1.37017901,1.43828555
1.2959760000000122,1.37017923,1.43828598
1.3519759999999832,1.37017938,1.43828646
1.407975999999954,1.37017951,1.43828695
1.463975999999925,1.37017961,1.43828746
1.5199759999999884,1.3701797,1.43828796
1.5759759999999592,1.37017978,1.43828847
1.6319759999999301,1.37017986,1.43828897
1.6879759999999935,1.37017994,1.43828946
1.7439759999999644,1.37018002,1.43828994
1.7999759999999352,1.3701801,1.43829042
1.8559759999999987,1.37018018,1.43829088
1.9119759999999697,1.37018026,1.43829134
1.9679759999999404,1.37018034,1.43829179
0.023976000000004,1.37018042,1.43829224
0.07997599999997486,1.37018049,1.43829268
0.13597599999994572,1.37018057,1.43829311
0.19197600000000922,1.37018064,1.43829353
0.24797599999998007,1.37018071,1.43829396
0.30397599999995095,1.37018078,1.43829437
0.35997600000001445,1.37018085,1.43829478
0.4159759999999853,1.37018091,1.43829518
0.47197599999995615,1.37018097,1.43829558
0.527975999999927,1.37018103,1.43829598
0.5839759999999905,1.37018109,1.43829637
0.6399759999999614,1.37018115,1.43829675
0.6959759999999322,1.3701812,1.43829713
0.7519759999999958,1.37018124,1.43829751
0.8079759999999666,1.37018129,1.43829788
0.8639759999999375,1.37018133,1.43829825
0.9199760000000009,1.37018137,1.43829862
0.9759759999999718,1.37018141,1.43829898
0.9999999999999405,1.37018142,1.43829913
1.0055999999999654,1.37016942,1.43831118
1.016800000000015,1.37014815,1.43833263
1.0391999999999293,1.37020787,1.43827659
1.083999999999943,1.37129735,1.43723471
1.1400000000000066,1.37509127,1.43359633
1.1959999999999775,1.38163595,1.42725603
1.2519999999999483,1.39045663,1.41855759
1.2575999999999732,1.3914655,1.417551
1.2687999999999302,1.39351176,1.41550509
1.291199999999937,1.39768026,1.41131464
1.335999999999951,1.40568404,1.40320833
1.3920000000000143,1.41425916,1.3944703
1.4479999999999853,1.42090699,1.38768726
1.503999999999956,1.42577913,1.38272808
1.559999999999927,1.42919457,1.37926766
1.6159999999999906,1.43148434,1.37696356
1.6719999999999613,1.4329417,1.37551124
1.7279999999999323,1.43380761,1.37466129
1.7839999999999956,1.43426973,1.37421994
1.8399999999999666,1.43446822,1.37404315
1.8959999999999373,1.43450386,1.37402771
1.9520000000000008,1.43444648,1.37410259
1.999992000000013,1.43435857,1.37420293
0.005591999999945298,1.43435887,1.37420389
0.016791999999995054,1.43435657,1.37420882
0.03919200000000193,1.43425214,1.37432273
0.08399200000001567,1.43311239,1.37552344
0.13999199999998652,1.42935209,1.37944693
0.1959919999999574,1.42289344,1.38609492
0.2519919999999282,1.41408443,1.39498572
0.25759199999995314,1.41306741,1.3959996
0.26879200000000286,1.41100081,1.39805524
0.2911920000000097,1.40676956,1.40223859
0.33599199999993085,1.39858371,1.41025984
0.39199199999999434,1.38975506,1.4188441
0.4479919999999652,1.38289787,1.4254972
0.503991999999936,1.37788362,1.43037564
0.5599919999999996,1.37438533,1.4337994
0.6159919999999705,1.37205715,1.4360992
0.6719919999999413,1.37059119,1.43756764
0.7279920000000047,1.36973524,1.43844499
0.7839919999999756,1.36929328,1.43891839
0.8399919999999464,1.36911943,1.43912765
0.89599200000001,1.36910914,1.43917336
0.9519919999999809,1.36919038,1.43912524
1.0079919999999516,1.36931547,1.43902974
1.0639920000000151,1.3694544,1.43891638
1.119991999999986,1.36958949,1.43880287
1.1759919999999568,1.36971137,1.43869882
1.2319919999999278,1.369816,1.4386087
1.2879919999999914,1.36990266,1.43853369
1.343991999999962,1.36997242,1.43847318
1.399991999999933,1.3700273,1.43842557
1.4559919999999964,1.37006962,1.43838894
1.5119919999999674,1.37010169,1.43836129
1.567991999999938,1.3701256,1.4383408
1.6239920000000017,1.37014317,1.43832588
1.6799919999999726,1.3701559,1.43831523
1.7359919999999434,1.37016499,1.43830775
1.791992000000007,1.37017139,1.43830263
1.8479919999999777,1.37017584,1.43829922
1.9039919999999486,1.37017887,1.43829703
1.9599920000000122,1.37018091,1.4382957
1.9999759999999729,1.37018192,1.43829514
0.005575999999997841,1.37017003,1.43830709
0.016775999999954955,1.37014897,1.43832836
0.039175999999961825,1.37020907,1.43827201
0.08397599999997557,1.37129913,1.43722967
0.13997599999994642,1.37509352,1.43359093
0.19597600000000992,1.38163848,1.42725042
0.25197599999998077,1.39045931,1.41855187
0.25757600000000563,1.39146819,1.41754528
0.26877599999996277,1.39351446,1.41549936
0.2911759999999696,1.39768298,1.41130888
0.3359759999999834,1.40568678,1.40320255
0.39197599999995425,1.41426188,1.39446452
0.4479759999999251,1.42090968,1.38768149
0.5039759999999887,1.42578179,1.38272234
0.5599759999999595,1.42919718,1.37926197
0.6159759999999304,1.43148692,1.37695792
0.6719759999999938,1.43294425,1.37550566
0.7279759999999647,1.43381014,1.37465577
0.7839759999999355,1.43427224,1.37421449
0.8399759999999991,1.43447071,1.37403776
0.8959759999999699,1.43450635,1.37402238
0.9519759999999408,1.43444897,1.37409731
1.0000239999999707,1.43436095,1.37419783
1.0056239999999956,1.43436124,1.3741988
1.0168239999999527,1.43435894,1.37420374
1.0392239999999597,1.4342545,1.37431767
1.0840239999999735,1.43311476,1.37551842
1.1400239999999442,1.42935446,1.37944195
1.1960240000000077,1.42289583,1.38608998
1.2520239999999785,1.41408685,1.39498084
1.2576240000000034,1.41306983,1.39599473
1.2688239999999606,1.41100324,1.39805038
1.2912239999999675,1.406772,1.40223377
1.3360239999999812,1.39858617,1.41025508
1.392023999999952,1.38975756,1.41883941
1.4480240000000155,1.3829004,1.42549258
1.5040239999999865,1.37788617,1.43037107
1.5600239999999572,1.37438791,1.43379488
1.6160239999999282,1.37205974,1.43609472
1.6720239999999915,1.3705938,1.43756319
1.7280239999999625,1.36973786,1.43844057
1.7840239999999332,1.36929591,1.43891399
1.8400239999999968,1.36912207,1.43912327
1.8960239999999677,1.36911179,1.439169
1.9520239999999385,1.36919304,1.4391209
0.00802400000000204,1.36931813,1.43902541
0.0640239999999729,1.36945708,1.43891208
0.12002399999994375,1.36959217,1.43879858
0.17602400000000726,1.36971406,1.43869455
0.2320239999999781,1.36981871,1.43860444
0.288023999999949,1.36990538,1.43852945
0.3440240000000125,1.36997515,1.43846895
0.40002399999998334,1.37003004,1.43842136
0.4560239999999542,1.37007237,1.43838475
0.512023999999925,1.37010445,1.43835711
0.5680239999999885,1.37012838,1.43833664
0.6240239999999594,1.37014597,1.43832174
0.6800239999999302,1.37015871,1.43831109
0.7360239999999938,1.37016781,1.43830363
0.7920239999999646,1.37017422,1.43829853
0.8480239999999355,1.37017868,1.43829513
0.9040239999999989,1.37018173,1.43829295
0.9600239999999698,1.37018378,1.43829163
1.0000079999999307,1.3701848,1.43829108
1.0056079999999556,1.37017291,1.43830303
1.0168080000000053,1.37015186,1.43832431
1.0392080000000121,1.37021196,1.43826797
1.0840079999999332,1.37130203,1.43722563
1.1400079999999968,1.37509645,1.4335869
1.1960079999999675,1.38164142,1.42724638
1.2520079999999385,1.39046225,1.41854782
1.2576079999999634,1.39147113,1.41754123
1.268808000000013,1.3935174,1.41549531
1.2912079999999273,1.39768592,1.41130483
1.336007999999941,1.40568971,1.40319848
1.3920080000000046,1.4142648,1.39446042
1.4480079999999755,1.42091258,1.38767737
1.5040079999999463,1.42578469,1.38271822
1.5600080000000098,1.4292001,1.37925784
1.6160079999999806,1.43148984,1.3769538
1.6720079999999515,1.43294718,1.37550155
1.728008000000015,1.43381309,1.37465167
1.7840079999999858,1.43427521,1.3742104
1.8400079999999568,1.4344737,1.37403369
1.8960079999999275,1.43450935,1.37401833
1.952007999999991,1.43445198,1.37409327
0.00800799999996194,1.43434812,1.37421151
0.0640079999999328,1.43422727,1.37434348
0.1200079999999963,1.4341071,1.37447178
0.17600799999996716,1.43399719,1.37458723
0.232007999999938,1.43390191,1.37468587
0.2880080000000015,1.43382238,1.37476702
0.3440079999999724,1.43375792,1.37483174
0.40000799999994324,1.43370686,1.37488204
0.45600800000000674,1.43366722,1.37492021
0.5120079999999776,1.43363693,1.37494852
0.5680079999999484,1.43361413,1.37496902
0.6240080000000119,1.43359719,1.37498349
0.6800079999999827,1.43358476,1.37499339
0.7360079999999537,1.43357572,1.37499989
0.7920079999999246,1.43356923,1.37500391
0.848007999999988,1.4335646,1.37500617
0.9040079999999588,1.43356134,1.37500717
0.9600079999999297,1.43355905,1.37500732
0.9999919999999832,1.43355788,1.37500706
1.005592000000008,1.43356973,1.374995
1.0167919999999653,1.4335908,1.37497368
1.0391919999999721,1.43353428,1.37503433
1.0839919999999859,1.43249116,1.37612901
1.1399919999999566,1.42884625,1.37992739
1.1959919999999276,1.42249094,1.38646446
1.2519919999999911,1.41377031,1.39526146
1.2575920000000158,1.4127612,1.39626703
1.268791999999973,1.41071011,1.39830638
1.29119199999998,1.40650805,1.40245923
1.3359919999999936,1.39837371,1.41042727
1.3919919999999646,1.38959774,1.41895834
1.4479919999999353,1.38278197,1.42557091
1.5039919999999989,1.37779977,1.43041911
1.5599919999999696,1.37432597,1.43382076
1.6159919999999406,1.37201625,1.43610472
1.6719920000000041,1.37056408,1.43756205
1.7279919999999749,1.36971834,1.43843179
1.7839919999999458,1.36928386,1.43890012
1.8399920000000092,1.36911548,1.43910612
1.8959919999999801,1.36910917,1.43914985
1.9519919999999509,1.36919329,1.43910062
0.007992000000014482,1.36932047,1.43900459
0.06399199999998534,1.36946094,1.43889109
0.11999199999995619,1.36959715,1.43877767
0.17599199999992704,1.36971987,1.43867386
0.23199199999999054,1.36982514,1.43858404
0.2879919999999614,1.36991229,1.43850938
0.34399199999993224,1.36998244,1.43844923
0.39999199999999574,1.37003764,1.43840198
0.45599199999996665,1.37008023,1.43836569
0.5119919999999375,1.37011253,1.43833835
0.5679920000000009,1.37013664,1.43831816
0.6239919999999718,1.3701544,1.43830351
0.6799919999999426,1.37016729,1.4382931
0.7359920000000062,1.37017653,1.43828586
0.791991999999977,1.37018307,1.43828095
0.8479919999999479,1.37018764,1.43827774
0.9039920000000115,1.3701908,1.43827573
0.9599919999999823,1.37019296,1.43827457
0.9999759999999431,1.37019404,1.43827412
1.005575999999968,1.37018217,1.43828608
1.016775999999925,1.37016113,1.43830739
1.039175999999932,1.37022127,1.4382511
1.0839759999999456,1.37131143,1.43720886
1.1399760000000092,1.37510596,1.43357022
1.1959759999999802,1.38165103,1.42722975
1.251975999999951,1.39047192,1.41853119
1.2575759999999758,1.3914808,1.4175246
1.2687759999999328,1.39352708,1.41547867
1.2911759999999397,1.3976956,1.41128818
1.3359759999999534,1.4056994,1.4031818
1.3919759999999244,1.41427449,1.39444369
1.447975999999988,1.42092229,1.3876606
1.5039759999999587,1.42579443,1.38270144
1.5599759999999296,1.42920988,1.37924109
1.6159759999999932,1.43149968,1.37693709
1.671975999999964,1.4329571,1.3754849
1.727975999999935,1.43382308,1.37463509
1.7839759999999982,1.43428527,1.3741939
1.8399759999999692,1.43448384,1.37401727
1.89597599999994,1.43451956,1.37400199
1.9519760000000035,1.43446227,1.37407702
2.3999999940907374e-05,1.43437433,1.37417762
0.005623999999965787,1.43437463,1.3741786
0.016824000000015545,1.43437234,1.37418356
0.03922399999992977,1.43426794,1.37429753
0.08402399999994352,1.43312826,1.37549833
0.140024000000007,1.42936804,1.37942194
0.19602399999997788,1.42290951,1.3860701
0.25202399999994873,1.41410063,1.39496116
0.2576239999999736,1.41308363,1.39597507
0.26882399999993073,1.41101706,1.39803077
0.2912239999999376,1.40678587,1.40221426
0.3360239999999513,1.39860016,1.41023579
0.39202400000001486,1.3897717,1.41882038
0.4480239999999857,1.38291469,1.42547377
0.5040239999999565,1.37790057,1.43035243
0.5600239999999274,1.37440239,1.43377636
0.6160239999999909,1.37207428,1.43607629
0.6720239999999618,1.37060838,1.43754483
0.7280239999999326,1.36975247,1.43842225
0.7840239999999962,1.36931054,1.43889571
0.840023999999967,1.36913671,1.43910501
0.8960239999999379,1.36912644,1.43915077
0.9520240000000013,1.3692077,1.43910268
1.0000160000000136,1.36931399,1.43902204
1.0056159999999457,1.36931566,1.43902315
1.0168159999999955,1.36932192,1.43902247
1.0392160000000024,1.36943742,1.43892097
1.084016000000016,1.37063782,1.43778709
1.140015999999987,1.37456262,1.43403853
1.1960159999999578,1.38122364,1.42759946
1.2520159999999287,1.39014315,1.4188166
1.2576159999999537,1.39116082,1.41780247
1.2688160000000033,1.39322431,1.41574177
1.2912160000000101,1.39742516,1.41152349
1.3360159999999313,1.40548559,1.40336818
1.3920159999999948,1.41411771,1.39458027
1.4480159999999656,1.42080938,1.38775833
1.5040159999999365,1.42571462,1.38276939
1.560016,1.42915463,1.37928659
1.6160159999999708,1.43146237,1.37696593
1.6720159999999418,1.4329327,1.37550156
1.728016000000005,1.43380785,1.37464299
1.784015999999976,1.43427647,1.3741956
1.840015999999947,1.43447947,1.37401464
1.8960160000000104,1.43451822,1.3739964
1.9520159999999813,1.43446296,1.37406946
0.008015999999952133,1.4343605,1.37418649
0.06401600000001563,1.4342406,1.37431775
0.1200159999999865,1.43412107,1.37444566
0.17601599999995735,1.43401157,1.37456094
0.2320159999999282,1.43391656,1.37465955
0.2880159999999917,1.43383723,1.37474076
0.3440159999999626,1.4337729,1.3748056
0.4000159999999334,1.43372195,1.37485605
0.4560159999999969,1.43368239,1.37489439
0.5120159999999677,1.43365217,1.37492287
0.5680159999999387,1.43362944,1.37494354
0.6240160000000021,1.43361256,1.37495818
0.680015999999973,1.43360018,1.37496824
0.7360159999999438,1.4335912,1.37497489
0.7920160000000074,1.43358477,1.37497906
0.8480159999999782,1.43358019,1.37498145
0.9040159999999491,1.43357699,1.37498259
0.9600160000000125,1.43357476,1.37498286
1.0160159999999834,1.43357324,1.37498256
1.0720159999999543,1.43357222,1.37498188
1.128015999999925,1.43357157,1.37498096
1.1840159999999886,1.43357116,1.37497992
1.2400159999999594,1.43357093,1.37497879
1.2960159999999303,1.43357083,1.37497765
1.352015999999994,1.43357083,1.3749765
1.4080159999999646,1.43357089,1.37497537
1.4640159999999356,1.43357101,1.37497426
1.5200159999999991,1.43357117,1.37497319
1.5760159999999699,1.43357136,1.37497214
1.6320159999999408,1.43357157,1.37497113
1.6880160000000042,1.43357181,1.37497015
1.7440159999999751,1.43357206,1.3749692
1.8000159999999459,1.43357233,1.37496827
1.8560160000000094,1.43357261,1.37496737
1.9120159999999804,1.43357291,1.37496649
1.9680159999999511,1.43357322,1.37496563
0.024016000000014685,1.43357354,1.37496479
0.08001599999998554,1.43357387,1.37496397
0.1360159999999564,1.4335742,1.37496316
0.19201599999992724,1.43357455,1.37496236
0.24801599999999074,1.4335749,1.37496157
0.3040159999999616,1.43357525,1.3749608
0.36001599999993245,1.43357562,1.37496004
0.41601599999999594,1.43357599,1.37495928
0.4720159999999668,1.43357636,1.37495854
0.5280159999999376,1.43357674,1.3749578
0.5840160000000012,1.43357712,1.37495707
0.640015999999972,1.43357751,1.37495635
0.6960159999999429,1.4335779,1.37495563
0.7520160000000063,1.43357829,1.37495492
0.8080159999999772,1.43357869,1.37495421
0.8640159999999482,1.43357909,1.37495351
0.9200160000000116,1.43357949,1.37495281
0.9760159999999825,1.4335799,1.37495212
0.9999839999999333,1.43358007,1.37495183
1.0055839999999583,1.4335921,1.37493975
1.016784000000008,1.43361353,1.37491842
1.0391840000000148,1.43355764,1.37497908
1.0839839999999359,1.43251558,1.37607387
1.1399839999999994,1.42887171,1.37987263
1.1959839999999702,1.42251724,1.38641033
1.2519839999999411,1.41379731,1.39520821
1.257583999999966,1.41278826,1.39621388
1.2687840000000157,1.41073729,1.39825344
1.29118399999993,1.40653548,1.40240671
1.3359839999999437,1.39840164,1.41037564
1.3919840000000072,1.38962627,1.41890777
1.4479839999999782,1.38281103,1.42552127
1.503983999999949,1.37782928,1.43037024
1.5599840000000125,1.37435583,1.43377253
1.6159839999999832,1.3720464,1.43605701
1.6719839999999542,1.37059447,1.43751476
1.727983999999925,1.36974891,1.43838485
1.7839839999999885,1.3693146,1.43885347
1.8399839999999594,1.36914636,1.43905973
1.8959839999999302,1.36914018,1.43910369
1.9519839999999937,1.36922442,1.43905465
0.007983999999964577,1.36935172,1.43895881
0.06398399999993544,1.36949229,1.43884548
0.11998399999999894,1.36962861,1.43873221
0.17598399999996978,1.36975144,1.43862856
0.23198399999994065,1.36985681,1.43853889
0.2879840000000041,1.36994407,1.43846437
0.343983999999975,1.37001432,1.43840435
0.3999839999999459,1.37006962,1.43835723
0.4559840000000094,1.37011231,1.43832106
0.5119839999999802,1.37014471,1.43829384
0.5679839999999511,1.37016893,1.43827377
0.6239840000000145,1.37018678,1.43825923
0.6799839999999854,1.37019977,1.43824894
0.7359839999999562,1.37020911,1.4382418
0.7919839999999272,1.37021574,1.438237
0.8479839999999906,1.37022041,1.43823388
0.9039839999999615,1.37022366,1.43823198
0.9599839999999323,1.37022591,1.43823091
1.0159839999999958,1.37022745,1.43823043
1.0719839999999667,1.3702285,1.43823035
1.1279839999999375,1.37022923,1.43823053
1.183984000000001,1.37022973,1.43823087
1.239983999999972,1.37023009,1.43823133
1.2959839999999427,1.37023035,1.43823184
1.3519840000000063,1.37023054,1.43823239
1.407983999999977,1.37023071,1.43823296
1.463983999999948,1.37023085,1.43823353
1.5199840000000115,1.37023097,1.4382341
1.5759839999999823,1.37023109,1.43823466
1.6319839999999532,1.3702312,1.43823521
1.687983999999924,1.37023131,1.43823575
1.7439839999999875,1.37023142,1.43823628
1.7999839999999585,1.37023153,1.4382368
1.8559839999999292,1.37023163,1.43823731
1.9119839999999928,1.37023174,1.43823781
1.9679839999999635,1.37023184,1.4382383
1.5999999983645345e-05,1.3702319,1.43823858
0.005616000000008524,1.37021991,1.43825063
0.016815999999965636,1.37019865,1.4382721
0.03921599999997251,1.37025841,1.43821612
0.08401599999998625,1.37134802,1.43717432
0.14001599999995712,1.3751421,1.43353596
0.19601599999992797,1.38168682,1.42719555
0.25201599999999147,1.39050738,1.4184969
0.25761600000001633,1.39151622,1.41749029
0.26881599999997347,1.39356243,1.41544433
0.2912159999999803,1.39773082,1.41125375
0.3360159999999941,1.40573432,1.40314714
0.39201599999996495,1.41430908,1.39440871
0.4480159999999358,1.42095664,1.38762533
0.5040159999999992,1.42582863,1.38266594
0.5600159999999701,1.42924402,1.37920543
0.6160159999999409,1.43153382,1.37690133
0.6720160000000045,1.43299128,1.37544908
0.7280159999999753,1.43385732,1.37459926
0.7840159999999462,1.4343196,1.37415807
0.8400160000000098,1.43451825,1.37398145
0.8960159999999806,1.43455406,1.37396619
0.9520159999999515,1.43449685,1.37404125
1.0000079999999636,1.43440908,1.37414175
1.0056079999999885,1.4344094,1.37414273
1.0168079999999455,1.43440713,1.37414769
1.0392079999999524,1.43430276,1.37426166
1.084007999999966,1.43316313,1.37546244
1.140007999999937,1.429403,1.37938605
1.1960080000000006,1.42294461,1.3860343
1.2520079999999714,1.41413592,1.39492556
1.2576079999999963,1.41311894,1.3959395
1.2688079999999533,1.41105242,1.39799526
1.2912079999999604,1.40682132,1.40217887
1.336007999999974,1.39863583,1.41020068
1.3920079999999448,1.38980767,1.41878562
1.4480080000000084,1.38295091,1.42543928
1.5040079999999791,1.37793699,1.43031813
1.56000799999995,1.37443892,1.43374217
1.6160080000000137,1.37211086,1.43604214
1.6720079999999844,1.37064497,1.43751068
1.7280079999999554,1.36978904,1.43838807
1.784007999999926,1.36934706,1.43886148
1.8400079999999897,1.36917318,1.43907072
1.8960079999999606,1.36916285,1.43911641
1.9520079999999314,1.36924405,1.43906826
0.008007999999994872,1.3693691,1.43897273
0.06400799999996573,1.36950799,1.43885935
0.12000799999993658,1.36964305,1.43874581
0.17600800000000008,1.3697649,1.43864175
0.23200799999997093,1.36986952,1.43855161
0.2880079999999418,1.36995616,1.4384766
0.3440080000000053,1.37002591,1.43841609
0.40000799999997616,1.37008079,1.43836849
0.456007999999947,1.37012311,1.43833187
0.5120080000000105,1.37015518,1.43830423
0.5680079999999814,1.3701791,1.43828376
0.6240079999999523,1.37019669,1.43826886
0.6800080000000157,1.37020943,1.43825822
0.7360079999999866,1.37021853,1.43825076
0.7920079999999574,1.37022495,1.43824567
0.8480079999999283,1.37022941,1.43824228
0.9040079999999918,1.37023246,1.43824011
0.9600079999999627,1.37023453,1.43823881
1.0160079999999334,1.37023589,1.43823811
1.072007999999997,1.37023677,1.43823781
1.128007999999968,1.37023733,1.43823779
1.1840079999999387,1.37023768,1.43823795
1.2400080000000022,1.37023788,1.43823822
1.2960079999999732,1.37023799,1.43823857
1.352007999999944,1.37023804,1.43823896
1.4080080000000075,1.37023807,1.43823937
1.4640079999999782,1.37023807,1.4382398
1.5200079999999492,1.37023807,1.43824022
1.5760080000000127,1.37023806,1.43824065
1.6320079999999835,1.37023805,1.43824107
1.6880079999999544,1.37023803,1.43824149
1.7440079999999252,1.37023803,1.4382419
1.8000079999999887,1.37023802,1.43824231
1.8560079999999595,1.37023801,1.4382427
1.9120079999999304,1.37023801,1.4382431
1.968007999999994,1.370238,1.43824348
0.02400799999996478,1.370238,1.43824386
0.08000799999993563,1.370238,1.43824424
0.13600799999999913,1.37023799,1.43824461
0.19200799999996998,1.37023799,1.43824498
0.24800799999994086,1.37023799,1.43824534
0.30400800000000433,1.37023798,1.43824569
0.3600079999999752,1.37023798,1.43824605
0.4160079999999461,1.37023797,1.4382464
0.4720080000000096,1.37023796,1.43824674
0.5280079999999804,1.37023795,1.43824708
0.5840079999999512,1.37023794,1.43824742
0.6400080000000148,1.37023793,1.43824775
0.6960079999999856,1.37023791,1.43824809
0.7520079999999565,1.3702379,1.43824841
0.8080079999999273,1.37023788,1.43824874
0.8640079999999909,1.37023786,1.43824906
0.9200079999999617,1.37023784,1.43824938
0.9760079999999326,1.37023781,1.4382497
0.999975999999976,1.3702378,1.43824983
1.005576000000001,1.3702258,1.43826187
1.016775999999958,1.37020451,1.43828331
1.0391759999999648,1.37026428,1.43822725
1.0839759999999787,1.37135471,1.43718595
1.1399759999999495,1.3751501,1.43354867
1.195976000000013,1.38169471,1.42720828
1.2519759999999838,1.39051454,1.41850916
1.2575760000000087,1.39152333,1.41750251
1.268775999999966,1.39356941,1.41545648
1.2911759999999728,1.3977375,1.41126574
1.3359759999999865,1.40574046,1.40315882
1.3919759999999572,1.41431461,1.39442006
1.4479759999999282,1.42096165,1.3876364
1.5039759999999918,1.42583323,1.38267677
1.5599759999999625,1.42924828,1.37921606
1.6159759999999335,1.4315378,1.37691178
1.6719759999999968,1.43299504,1.37545938
1.7279759999999678,1.4338609,1.37460941
1.7839759999999385,1.43432302,1.3741681
1.839976000000002,1.43452154,1.37399136
1.895975999999973,1.43455723,1.373976
1.9519759999999438,1.43449991,1.37405095
0.007976000000007314,1.43439609,1.37416919
0.06397599999997818,1.43427529,1.37430117
0.11997599999994903,1.43415516,1.37442947
0.17597600000001254,1.43404528,1.37454491
0.2319759999999834,1.43395002,1.37464355
0.2879759999999542,1.4338705,1.37472467
0.3439759999999251,1.43380605,1.37478938
0.3999759999999886,1.43375499,1.37483966
0.45597599999995947,1.43371534,1.3748778
0.5119759999999303,1.43368504,1.37490608
0.5679759999999938,1.43366224,1.37492655
0.6239759999999647,1.43364528,1.37494099
0.6799759999999355,1.43363282,1.37495085
0.7359759999999991,1.43362376,1.37495733
0.7919759999999699,1.43361724,1.37496131
0.8479759999999408,1.43361259,1.37496353
0.9039760000000042,1.4336093,1.37496449
0.9599759999999751,1.43360698,1.37496461
1.015975999999946,1.43360538,1.37496414
1.0719760000000094,1.43360427,1.37496331
1.1279759999999803,1.43360353,1.37496225
1.183975999999951,1.43360303,1.37496106
1.2399760000000146,1.43360272,1.3749598
1.2959759999999856,1.43360253,1.37495853
1.3519759999999563,1.43360244,1.37495725
1.4079759999999273,1.43360242,1.374956
1.4639759999999906,1.43360245,1.37495477
1.5199759999999616,1.43360252,1.37495358
1.5759759999999325,1.43360263,1.37495242
1.6319759999999959,1.43360275,1.37495131
1.6879759999999668,1.43360291,1.37495022
1.7439759999999376,1.43360308,1.37494916
1.7999760000000011,1.43360327,1.37494813
1.855975999999972,1.43360347,1.37494713
1.9119759999999428,1.43360369,1.37494616
1.9679760000000064,1.43360392,1.3749452
0.023975999999977224,1.43360416,1.37494427
0.07997599999994807,1.43360442,1.37494335
0.1359760000000116,1.43360468,1.37494245
0.19197599999998244,1.43360495,1.37494157
0.2479759999999533,1.43360523,1.3749407
0.30397599999992414,1.43360551,1.37493985
0.35997599999998764,1.4336058,1.374939
0.4159759999999585,1.4336061,1.37493817
0.47197599999992934,1.43360641,1.37493735
0.5279759999999929,1.43360672,1.37493654
0.5839759999999637,1.43360703,1.37493573
0.6399759999999346,1.43360735,1.37493494
0.695975999999998,1.43360768,1.37493415
0.7519759999999689,1.43360801,1.37493337
0.8079759999999397,1.43360835,1.37493259
0.8639760000000033,1.43360869,1.37493183
0.9199759999999741,1.43360903,1.37493106
0.975975999999945,1.43360938,1.37493031
1.0000000000000064,1.43360953,1.37492999
