time_s,v_outp,v_outn,v_inp,v_inn,vod,vid
0.0,1.49992047,1.497546,1.59895954,1.64895954,0.0023744699999999064,-0.04999999999999982
5e-15,1.49992047,1.497546,1.59895954,1.64895954,0.0023744699999999064,-0.04999999999999982
1e-14,1.49992047,1.497546,1.59895954,1.64895954,0.0023744699999999064,-0.04999999999999982
2e-14,1.49992047,1.497546,1.59895954,1.64895954,0.0023744699999999064,-0.04999999999999982
4e-14,1.49992047,1.497546,1.59895954,1.64895954,0.0023744699999999064,-0.04999999999999982
8e-14,1.49992047,1.497546,1.59895954,1.64895954,0.0023744699999999064,-0.04999999999999982
1.6e-13,1.49992047,1.497546,1.59895954,1.64895954,0.0023744699999999064,-0.04999999999999982
3.2e-13,1.49992047,1.497546,1.59895954,1.64895954,0.0023744699999999064,-0.04999999999999982
6.4e-13,1.49992047,1.497546,1.59895954,1.64895954,0.0023744699999999064,-0.04999999999999982
1.28e-12,1.49992047,1.497546,1.59895954,1.64895954,0.0023744699999999064,-0.04999999999999982
2.28e-12,1.49992047,1.497546,1.59895954,1.64895954,0.0023744699999999064,-0.04999999999999982
3.28e-12,1.49992047,1.497546,1.59895954,1.64895954,0.0023744699999999064,-0.04999999999999982
4.28e-12,1.49992047,1.497546,1.59895954,1.64895954,0.0023744699999999064,-0.04999999999999982
5.28e-12,1.49992047,1.497546,1.59895954,1.64895954,0.0023744699999999064,-0.04999999999999982
6.28e-12,1.49992047,1.497546,1.59895954,1.64895954,0.0023744699999999064,-0.04999999999999982
7.28e-12,1.49992047,1.497546,1.59895954,1.64895954,0.0023744699999999064,-0.04999999999999982
8.28e-12,1.49992047,1.497546,1.59895954,1.64895954,0.0023744699999999064,-0.04999999999999982
9.28e-12,1.49992047,1.497546,1.59895954,1.64895954,0.0023744699999999064,-0.04999999999999982
1.028e-11,1.49992047,1.497546,1.59895954,1.64895954,0.0023744699999999064,-0.04999999999999982
1.128e-11,1.49992047,1.497546,1.59895954,1.64895954,0.0023744699999999064,-0.04999999999999982
1.228e-11,1.49992047,1.497546,1.59895954,1.64895954,0.0023744699999999064,-0.04999999999999982
1.328e-11,1.49992047,1.497546,1.59895954,1.64895954,0.0023744699999999064,-0.04999999999999982
1.428e-11,1.49992047,1.497546,1.59895954,1.64895954,0.0023744699999999064,-0.04999999999999982
1.528e-11,1.49992047,1.497546,1.59895954,1.64895954,0.0023744699999999064,-0.04999999999999982
1.628e-11,1.49992047,1.497546,1.59895954,1.64895954,0.0023744699999999064,-0.04999999999999982
1.728e-11,1.49992047,1.497546,1.59895954,1.64895954,0.0023744699999999064,-0.04999999999999982
1.828e-11,1.49992047,1.497546,1.59895954,1.64895954,0.0023744699999999064,-0.04999999999999982
1.928e-11,1.49992047,1.497546,1.59895954,1.64895954,0.0023744699999999064,-0.04999999999999982
2.028e-11,1.49992047,1.497546,1.59895954,1.64895954,0.0023744699999999064,-0.04999999999999982
2.128e-11,1.49992047,1.497546,1.59895954,1.64895954,0.0023744699999999064,-0.04999999999999982
2.228e-11,1.49992047,1.497546,1.59895954,1.64895954,0.0023744699999999064,-0.04999999999999982
2.328e-11,1.49992047,1.497546,1.59895954,1.64895954,0.0023744699999999064,-0.04999999999999982
2.428e-11,1.49992047,1.497546,1.59895954,1.64895954,0.0023744699999999064,-0.04999999999999982
2.528e-11,1.49992047,1.497546,1.59895954,1.64895954,0.0023744699999999064,-0.04999999999999982
2.628e-11,1.49992047,1.497546,1.59895954,1.64895954,0.0023744699999999064,-0.04999999999999982
2.728e-11,1.49992047,1.497546,1.59895954,1.64895954,0.0023744699999999064,-0.04999999999999982
2.828e-11,1.49992047,1.497546,1.59895954,1.64895954,0.0023744699999999064,-0.04999999999999982
2.928e-11,1.49992047,1.497546,1.59895954,1.64895954,0.0023744699999999064,-0.04999999999999982
3.028e-11,1.49992047,1.497546,1.59895954,1.64895954,0.0023744699999999064,-0.04999999999999982
3.128e-11,1.49992047,1.497546,1.59895954,1.64895954,0.0023744699999999064,-0.04999999999999982
3.228e-11,1.49992047,1.497546,1.59895954,1.64895954,0.0023744699999999064,-0.04999999999999982
3.328e-11,1.49992047,1.497546,1.59895954,1.64895954,0.0023744699999999064,-0.04999999999999982
3.428e-11,1.49992047,1.497546,1.59895954,1.64895954,0.0023744699999999064,-0.04999999999999982
3.528e-11,1.49992047,1.497546,1.59895954,1.64895954,0.0023744699999999064,-0.04999999999999982
3.628e-11,1.49992047,1.497546,1.59895954,1.64895954,0.0023744699999999064,-0.04999999999999982
3.728e-11,1.49992047,1.497546,1.59895954,1.64895954,0.0023744699999999064,-0.04999999999999982
3.828e-11,1.49992047,1.497546,1.59895954,1.64895954,0.0023744699999999064,-0.04999999999999982
3.928e-11,1.49992047,1.497546,1.59895954,1.64895954,0.0023744699999999064,-0.04999999999999982
4.028e-11,1.49992047,1.497546,1.59895954,1.64895954,0.0023744699999999064,-0.04999999999999982
4.128e-11,1.49992047,1.497546,1.59895954,1.64895954,0.0023744699999999064,-0.04999999999999982
4.228e-11,1.49992047,1.497546,1.59895954,1.64895954,0.0023744699999999064,-0.04999999999999982
4.328e-11,1.49992047,1.497546,1.59895954,1.64895954,0.0023744699999999064,-0.04999999999999982
4.428e-11,1.49992047,1.497546,1.59895954,1.64895954,0.0023744699999999064,-0.04999999999999982
4.528e-11,1.49992047,1.497546,1.59895954,1.64895954,0.0023744699999999064,-0.04999999999999982
4.628e-11,1.49992047,1.497546,1.59895954,1.64895954,0.0023744699999999064,-0.04999999999999982
4.728e-11,1.49992047,1.497546,1.59895954,1.64895954,0.0023744699999999064,-0.04999999999999982
4.828e-11,1.49992047,1.497546,1.59895954,1.64895954,0.0023744699999999064,-0.04999999999999982
4.928e-11,1.49992047,1.497546,1.59895954,1.64895954,0.0023744699999999064,-0.04999999999999982
5.028e-11,1.49992047,1.497546,1.59895954,1.64895954,0.0023744699999999064,-0.04999999999999982
5.128e-11,1.49992047,1.497546,1.59895954,1.64895954,0.0023744699999999064,-0.04999999999999982
5.228e-11,1.49992047,1.497546,1.59895954,1.64895954,0.0023744699999999064,-0.04999999999999982
5.328e-11,1.49992047,1.497546,1.59895954,1.64895954,0.0023744699999999064,-0.04999999999999982
5.428e-11,1.49992047,1.497546,1.59895954,1.64895954,0.0023744699999999064,-0.04999999999999982
5.528e-11,1.49992047,1.497546,1.59895954,1.64895954,0.0023744699999999064,-0.04999999999999982
5.628e-11,1.49992047,1.497546,1.59895954,1.64895954,0.0023744699999999064,-0.04999999999999982
5.728e-11,1.49992047,1.497546,1.59895954,1.64895954,0.0023744699999999064,-0.04999999999999982
5.828e-11,1.49992047,1.497546,1.59895954,1.64895954,0.0023744699999999064,-0.04999999999999982
5.928e-11,1.49992047,1.497546,1.59895954,1.64895954,0.0023744699999999064,-0.04999999999999982
6.028e-11,1.49992047,1.497546,1.59895954,1.64895954,0.0023744699999999064,-0.04999999999999982
6.128e-11,1.49992047,1.497546,1.59895954,1.64895954,0.0023744699999999064,-0.04999999999999982
6.228e-11,1.49992047,1.497546,1.59895954,1.64895954,0.0023744699999999064,-0.04999999999999982
6.328e-11,1.49992047,1.497546,1.59895954,1.64895954,0.0023744699999999064,-0.04999999999999982
6.428e-11,1.49992047,1.497546,1.59895954,1.64895954,0.0023744699999999064,-0.04999999999999982
6.528e-11,1.49992047,1.497546,1.59895954,1.64895954,0.0023744699999999064,-0.04999999999999982
6.628e-11,1.49992047,1.497546,1.59895954,1.64895954,0.0023744699999999064,-0.04999999999999982
6.728e-11,1.49992047,1.497546,1.59895954,1.64895954,0.0023744699999999064,-0.04999999999999982
6.828e-11,1.49992047,1.497546,1.59895954,1.64895954,0.0023744699999999064,-0.04999999999999982
6.928e-11,1.49992047,1.497546,1.59895954,1.64895954,0.0023744699999999064,-0.04999999999999982
7.028e-11,1.49992047,1.497546,1.59895954,1.64895954,0.0023744699999999064,-0.04999999999999982
7.128e-11,1.49992047,1.497546,1.59895954,1.64895954,0.0023744699999999064,-0.04999999999999982
7.228e-11,1.49992047,1.497546,1.59895954,1.64895954,0.0023744699999999064,-0.04999999999999982
7.328e-11,1.49992047,1.497546,1.59895954,1.64895954,0.0023744699999999064,-0.04999999999999982
7.428e-11,1.49992047,1.497546,1.59895954,1.64895954,0.0023744699999999064,-0.04999999999999982
7.528e-11,1.49992047,1.497546,1.59895954,1.64895954,0.0023744699999999064,-0.04999999999999982
7.628e-11,1.49992047,1.497546,1.59895954,1.64895954,0.0023744699999999064,-0.04999999999999982
7.728e-11,1.49992047,1.497546,1.59895954,1.64895954,0.0023744699999999064,-0.04999999999999982
7.828e-11,1.49992047,1.497546,1.59895954,1.64895954,0.0023744699999999064,-0.04999999999999982
7.928e-11,1.49992047,1.497546,1.59895954,1.64895954,0.0023744699999999064,-0.04999999999999982
8.028e-11,1.49992047,1.497546,1.59895954,1.64895954,0.0023744699999999064,-0.04999999999999982
8.128e-11,1.49992047,1.497546,1.59895954,1.64895954,0.0023744699999999064,-0.04999999999999982
8.228e-11,1.49992047,1.497546,1.59895954,1.64895954,0.0023744699999999064,-0.04999999999999982
8.328e-11,1.49992047,1.497546,1.59895954,1.64895954,0.0023744699999999064,-0.04999999999999982
8.428e-11,1.49992047,1.497546,1.59895954,1.64895954,0.0023744699999999064,-0.04999999999999982
8.528e-11,1.49992047,1.497546,1.59895954,1.64895954,0.0023744699999999064,-0.04999999999999982
8.628e-11,1.49992047,1.497546,1.59895954,1.64895954,0.0023744699999999064,-0.04999999999999982
8.728e-11,1.49992047,1.497546,1.59895954,1.64895954,0.0023744699999999064,-0.04999999999999982
8.828e-11,1.49992047,1.497546,1.59895954,1.64895954,0.0023744699999999064,-0.04999999999999982
8.928e-11,1.49992047,1.497546,1.59895954,1.64895954,0.0023744699999999064,-0.04999999999999982
9.028e-11,1.49992047,1.497546,1.59895954,1.64895954,0.0023744699999999064,-0.04999999999999982
9.128e-11,1.49992047,1.497546,1.59895954,1.64895954,0.0023744699999999064,-0.04999999999999982
9.228e-11,1.49992047,1.497546,1.59895954,1.64895954,0.0023744699999999064,-0.04999999999999982
9.328e-11,1.49992047,1.497546,1.59895954,1.64895954,0.0023744699999999064,-0.04999999999999982
9.428e-11,1.49992047,1.497546,1.59895954,1.64895954,0.0023744699999999064,-0.04999999999999982
9.528e-11,1.49992047,1.497546,1.59895954,1.64895954,0.0023744699999999064,-0.04999999999999982
9.628e-11,1.49992047,1.497546,1.59895954,1.64895954,0.0023744699999999064,-0.04999999999999982
9.728e-11,1.49992047,1.497546,1.59895954,1.64895954,0.0023744699999999064,-0.04999999999999982
9.828e-11,1.49992047,1.497546,1.59895954,1.64895954,0.0023744699999999064,-0.04999999999999982
9.928e-11,1.49992047,1.497546,1.59895954,1.64895954,0.0023744699999999064,-0.04999999999999982
1.0028e-10,1.49992047,1.497546,1.59895954,1.64895954,0.0023744699999999064,-0.04999999999999982
1.0128e-10,1.49992047,1.497546,1.59895954,1.64895954,0.0023744699999999064,-0.04999999999999982
1.0228e-10,1.49992047,1.497546,1.59895954,1.64895954,0.0023744699999999064,-0.04999999999999982
1.0328e-10,1.49992047,1.497546,1.59895954,1.64895954,0.0023744699999999064,-0.04999999999999982
1.0428e-10,1.49992047,1.497546,1.59895954,1.64895954,0.0023744699999999064,-0.04999999999999982
1.0528e-10,1.49992047,1.497546,1.59895954,1.64895954,0.0023744699999999064,-0.04999999999999982
1.0628e-10,1.49992047,1.497546,1.59895954,1.64895954,0.0023744699999999064,-0.04999999999999982
1.0728e-10,1.49992047,1.497546,1.59895954,1.64895954,0.0023744699999999064,-0.04999999999999982
1.0828e-10,1.49992047,1.497546,1.59895954,1.64895954,0.0023744699999999064,-0.04999999999999982
1.0928e-10,1.49992047,1.497546,1.59895954,1.64895954,0.0023744699999999064,-0.04999999999999982
1.1028e-10,1.49992047,1.497546,1.59895954,1.64895954,0.0023744699999999064,-0.04999999999999982
1.1128e-10,1.49992047,1.497546,1.59895954,1.64895954,0.0023744699999999064,-0.04999999999999982
1.1228e-10,1.49992047,1.497546,1.59895954,1.64895954,0.0023744699999999064,-0.04999999999999982
1.1328e-10,1.49992047,1.497546,1.59895954,1.64895954,0.0023744699999999064,-0.04999999999999982
1.1428e-10,1.49992047,1.497546,1.59895954,1.64895954,0.0023744699999999064,-0.04999999999999982
1.1528e-10,1.49992047,1.497546,1.59895954,1.64895954,0.0023744699999999064,-0.04999999999999982
1.1628e-10,1.49992047,1.497546,1.59895954,1.64895954,0.0023744699999999064,-0.04999999999999982
1.1728e-10,1.49992047,1.497546,1.59895954,1.64895954,0.0023744699999999064,-0.04999999999999982
1.1828e-10,1.49992047,1.497546,1.59895954,1.64895954,0.0023744699999999064,-0.04999999999999982
1.1928e-10,1.49992047,1.497546,1.59895954,1.64895954,0.0023744699999999064,-0.04999999999999982
1.2028e-10,1.49992047,1.497546,1.59895954,1.64895954,0.0023744699999999064,-0.04999999999999982
1.2128e-10,1.49992047,1.497546,1.59895954,1.64895954,0.0023744699999999064,-0.04999999999999982
1.2228e-10,1.49992047,1.497546,1.59895954,1.64895954,0.0023744699999999064,-0.04999999999999982
1.2328e-10,1.49992047,1.497546,1.59895954,1.64895954,0.0023744699999999064,-0.04999999999999982
1.2428e-10,1.49992047,1.497546,1.59895954,1.64895954,0.0023744699999999064,-0.04999999999999982
1.2528e-10,1.49992047,1.497546,1.59895954,1.64895954,0.0023744699999999064,-0.04999999999999982
1.2628e-10,1.49992047,1.497546,1.59895954,1.64895954,0.0023744699999999064,-0.04999999999999982
1.2728e-10,1.49992047,1.497546,1.59895954,1.64895954,0.0023744699999999064,-0.04999999999999982
1.2828e-10,1.49992047,1.497546,1.59895954,1.64895954,0.0023744699999999064,-0.04999999999999982
1.2928e-10,1.49992047,1.497546,1.59895954,1.64895954,0.0023744699999999064,-0.04999999999999982
1.3028e-10,1.49992047,1.497546,1.59895954,1.64895954,0.0023744699999999064,-0.04999999999999982
1.3128e-10,1.49992047,1.497546,1.59895954,1.64895954,0.0023744699999999064,-0.04999999999999982
1.3228e-10,1.49992047,1.497546,1.59895954,1.64895954,0.0023744699999999064,-0.04999999999999982
1.3328e-10,1.49992047,1.497546,1.59895954,1.64895954,0.0023744699999999064,-0.04999999999999982
1.3428e-10,1.49992047,1.497546,1.59895954,1.64895954,0.0023744699999999064,-0.04999999999999982
1.3528e-10,1.49992047,1.497546,1.59895954,1.64895954,0.0023744699999999064,-0.04999999999999982
1.3628e-10,1.49992047,1.497546,1.59895954,1.64895954,0.0023744699999999064,-0.04999999999999982
1.3728e-10,1.49992047,1.497546,1.59895954,1.64895954,0.0023744699999999064,-0.04999999999999982
1.3828e-10,1.49992047,1.497546,1.59895954,1.64895954,0.0023744699999999064,-0.04999999999999982
1.3928e-10,1.49992047,1.497546,1.59895954,1.64895954,0.0023744699999999064,-0.04999999999999982
1.4028e-10,1.49992047,1.497546,1.59895954,1.64895954,0.0023744699999999064,-0.04999999999999982
1.4128e-10,1.49992047,1.497546,1.59895954,1.64895954,0.0023744699999999064,-0.04999999999999982
1.4228e-10,1.49992047,1.497546,1.59895954,1.64895954,0.0023744699999999064,-0.04999999999999982
1.4328e-10,1.49992047,1.497546,1.59895954,1.64895954,0.0023744699999999064,-0.04999999999999982
1.4428e-10,1.49992047,1.497546,1.59895954,1.64895954,0.0023744699999999064,-0.04999999999999982
1.4528e-10,1.49992047,1.497546,1.59895954,1.64895954,0.0023744699999999064,-0.04999999999999982
1.4628e-10,1.49992047,1.497546,1.59895954,1.64895954,0.0023744699999999064,-0.04999999999999982
1.4728e-10,1.49992047,1.497546,1.59895954,1.64895954,0.0023744699999999064,-0.04999999999999982
1.4828e-10,1.49992047,1.497546,1.59895954,1.64895954,0.0023744699999999064,-0.04999999999999982
1.4928e-10,1.49992047,1.497546,1.59895954,1.64895954,0.0023744699999999064,-0.04999999999999982
1.5028e-10,1.49992047,1.497546,1.59895954,1.64895954,0.0023744699999999064,-0.04999999999999982
1.5128e-10,1.49992047,1.497546,1.59895954,1.64895954,0.0023744699999999064,-0.04999999999999982
1.5228e-10,1.49992047,1.497546,1.59895954,1.64895954,0.0023744699999999064,-0.04999999999999982
1.5328e-10,1.49992047,1.497546,1.59895954,1.64895954,0.0023744699999999064,-0.04999999999999982
1.5428e-10,1.49992047,1.497546,1.59895954,1.64895954,0.0023744699999999064,-0.04999999999999982
1.5528e-10,1.49992047,1.497546,1.59895954,1.64895954,0.0023744699999999064,-0.04999999999999982
1.5628e-10,1.49992047,1.497546,1.59895954,1.64895954,0.0023744699999999064,-0.04999999999999982
1.5728e-10,1.49992047,1.497546,1.59895954,1.64895954,0.0023744699999999064,-0.04999999999999982
1.5828e-10,1.49992047,1.497546,1.59895954,1.64895954,0.0023744699999999064,-0.04999999999999982
1.5928e-10,1.49992047,1.497546,1.59895954,1.64895954,0.0023744699999999064,-0.04999999999999982
1.6028e-10,1.49992047,1.497546,1.59895954,1.64895954,0.0023744699999999064,-0.04999999999999982
1.6128e-10,1.49992047,1.497546,1.59895954,1.64895954,0.0023744699999999064,-0.04999999999999982
1.6228e-10,1.49992047,1.497546,1.59895954,1.64895954,0.0023744699999999064,-0.04999999999999982
1.6328e-10,1.49992047,1.497546,1.59895954,1.64895954,0.0023744699999999064,-0.04999999999999982
1.6428e-10,1.49992047,1.497546,1.59895954,1.64895954,0.0023744699999999064,-0.04999999999999982
1.6528e-10,1.49992047,1.497546,1.59895954,1.64895954,0.0023744699999999064,-0.04999999999999982
1.6628e-10,1.49992047,1.497546,1.59895954,1.64895954,0.0023744699999999064,-0.04999999999999982
1.6728e-10,1.49992047,1.497546,1.59895954,1.64895954,0.0023744699999999064,-0.04999999999999982
1.6828e-10,1.49992047,1.497546,1.59895954,1.64895954,0.0023744699999999064,-0.04999999999999982
1.6928e-10,1.49992047,1.497546,1.59895954,1.64895954,0.0023744699999999064,-0.04999999999999982
1.7028e-10,1.49992047,1.497546,1.59895954,1.64895954,0.0023744699999999064,-0.04999999999999982
1.7128e-10,1.49992047,1.497546,1.59895954,1.64895954,0.0023744699999999064,-0.04999999999999982
1.7228e-10,1.49992047,1.497546,1.59895954,1.64895954,0.0023744699999999064,-0.04999999999999982
1.7328e-10,1.49992047,1.497546,1.59895954,1.64895954,0.0023744699999999064,-0.04999999999999982
1.7428e-10,1.49992047,1.497546,1.59895954,1.64895954,0.0023744699999999064,-0.04999999999999982
1.7528e-10,1.49992047,1.497546,1.59895954,1.64895954,0.0023744699999999064,-0.04999999999999982
1.7628e-10,1.49992047,1.497546,1.59895954,1.64895954,0.0023744699999999064,-0.04999999999999982
1.7728e-10,1.49992047,1.497546,1.59895954,1.64895954,0.0023744699999999064,-0.04999999999999982
1.7828e-10,1.49992047,1.497546,1.59895954,1.64895954,0.0023744699999999064,-0.04999999999999982
1.7928e-10,1.49992047,1.497546,1.59895954,1.64895954,0.0023744699999999064,-0.04999999999999982
1.8028e-10,1.49992047,1.497546,1.59895954,1.64895954,0.0023744699999999064,-0.04999999999999982
1.8128e-10,1.49992047,1.497546,1.59895954,1.64895954,0.0023744699999999064,-0.04999999999999982
1.8228e-10,1.49992047,1.497546,1.59895954,1.64895954,0.0023744699999999064,-0.04999999999999982
1.8328e-10,1.49992047,1.497546,1.59895954,1.64895954,0.0023744699999999064,-0.04999999999999982
1.8428e-10,1.49992047,1.497546,1.59895954,1.64895954,0.0023744699999999064,-0.04999999999999982
1.8528e-10,1.49992047,1.497546,1.59895954,1.64895954,0.0023744699999999064,-0.04999999999999982
1.8628e-10,1.49992047,1.497546,1.59895954,1.64895954,0.0023744699999999064,-0.04999999999999982
1.8728e-10,1.49992047,1.497546,1.59895954,1.64895954,0.0023744699999999064,-0.04999999999999982
1.8828e-10,1.49992047,1.497546,1.59895954,1.64895954,0.0023744699999999064,-0.04999999999999982
1.8928e-10,1.49992047,1.497546,1.59895954,1.64895954,0.0023744699999999064,-0.04999999999999982
1.9028e-10,1.49992047,1.497546,1.59895954,1.64895954,0.0023744699999999064,-0.04999999999999982
1.9128e-10,1.49992047,1.497546,1.59895954,1.64895954,0.0023744699999999064,-0.04999999999999982
1.9228e-10,1.49992047,1.497546,1.59895954,1.64895954,0.0023744699999999064,-0.04999999999999982
1.9328e-10,1.49992047,1.497546,1.59895954,1.64895954,0.0023744699999999064,-0.04999999999999982
1.9428e-10,1.49992047,1.497546,1.59895954,1.64895954,0.0023744699999999064,-0.04999999999999982
1.9528e-10,1.49992047,1.497546,1.59895954,1.64895954,0.0023744699999999064,-0.04999999999999982
1.9628e-10,1.49992047,1.497546,1.59895954,1.64895954,0.0023744699999999064,-0.04999999999999982
1.9728e-10,1.49992047,1.497546,1.59895954,1.64895954,0.0023744699999999064,-0.04999999999999982
1.9828e-10,1.49992047,1.497546,1.59895954,1.64895954,0.0023744699999999064,-0.04999999999999982
1.9928e-10,1.49992047,1.497546,1.59895954,1.64895954,0.0023744699999999064,-0.04999999999999982
2.0028e-10,1.49992047,1.497546,1.59895954,1.64895954,0.0023744699999999064,-0.04999999999999982
2.0128e-10,1.49992047,1.497546,1.59895954,1.64895954,0.0023744699999999064,-0.04999999999999982
2.0228e-10,1.49992047,1.497546,1.59895954,1.64895954,0.0023744699999999064,-0.04999999999999982
2.0328e-10,1.49992047,1.497546,1.59895954,1.64895954,0.0023744699999999064,-0.04999999999999982
2.0428e-10,1.49992047,1.497546,1.59895954,1.64895954,0.0023744699999999064,-0.04999999999999982
2.0528e-10,1.49992047,1.497546,1.59895954,1.64895954,0.0023744699999999064,-0.04999999999999982
2.0628e-10,1.49992047,1.497546,1.59895954,1.64895954,0.0023744699999999064,-0.04999999999999982
2.0728e-10,1.49992047,1.497546,1.59895954,1.64895954,0.0023744699999999064,-0.04999999999999982
2.0828e-10,1.49992047,1.497546,1.59895954,1.64895954,0.0023744699999999064,-0.04999999999999982
2.0928e-10,1.49992047,1.497546,1.59895954,1.64895954,0.0023744699999999064,-0.04999999999999982
2.1028e-10,1.49992047,1.497546,1.59895954,1.64895954,0.0023744699999999064,-0.04999999999999982
2.1128e-10,1.49992047,1.497546,1.59895954,1.64895954,0.0023744699999999064,-0.04999999999999982
2.1228e-10,1.49992047,1.497546,1.59895954,1.64895954,0.0023744699999999064,-0.04999999999999982
2.1328e-10,1.49992047,1.497546,1.59895954,1.64895954,0.0023744699999999064,-0.04999999999999982
2.1428e-10,1.49992047,1.497546,1.59895954,1.64895954,0.0023744699999999064,-0.04999999999999982
2.1528e-10,1.49992047,1.497546,1.59895954,1.64895954,0.0023744699999999064,-0.04999999999999982
2.1628e-10,1.49992047,1.497546,1.59895954,1.64895954,0.0023744699999999064,-0.04999999999999982
2.1728e-10,1.49992047,1.497546,1.59895954,1.64895954,0.0023744699999999064,-0.04999999999999982
2.1828e-10,1.49992047,1.497546,1.59895954,1.64895954,0.0023744699999999064,-0.04999999999999982
2.1928e-10,1.49992047,1.497546,1.59895954,1.64895954,0.0023744699999999064,-0.04999999999999982
2.2028e-10,1.49992047,1.497546,1.59895954,1.64895954,0.0023744699999999064,-0.04999999999999982
2.2128e-10,1.49992047,1.497546,1.59895954,1.64895954,0.0023744699999999064,-0.04999999999999982
2.2228e-10,1.49992047,1.497546,1.59895954,1.64895954,0.0023744699999999064,-0.04999999999999982
2.2328e-10,1.49992047,1.497546,1.59895954,1.64895954,0.0023744699999999064,-0.04999999999999982
2.2428e-10,1.49992047,1.497546,1.59895954,1.64895954,0.0023744699999999064,-0.04999999999999982
2.2528e-10,1.49992047,1.497546,1.59895954,1.64895954,0.0023744699999999064,-0.04999999999999982
2.2628e-10,1.49992047,1.497546,1.59895954,1.64895954,0.0023744699999999064,-0.04999999999999982
2.2728e-10,1.49992047,1.497546,1.59895954,1.64895954,0.0023744699999999064,-0.04999999999999982
2.2828e-10,1.49992047,1.497546,1.59895954,1.64895954,0.0023744699999999064,-0.04999999999999982
2.2928e-10,1.49992047,1.497546,1.59895954,1.64895954,0.0023744699999999064,-0.04999999999999982
2.3028e-10,1.49992047,1.497546,1.59895954,1.64895954,0.0023744699999999064,-0.04999999999999982
2.3128e-10,1.49992047,1.497546,1.59895954,1.64895954,0.0023744699999999064,-0.04999999999999982
2.3228e-10,1.49992047,1.497546,1.59895954,1.64895954,0.0023744699999999064,-0.04999999999999982
2.3328e-10,1.49992047,1.497546,1.59895954,1.64895954,0.0023744699999999064,-0.04999999999999982
2.3428e-10,1.49992047,1.497546,1.59895954,1.64895954,0.0023744699999999064,-0.04999999999999982
2.3528e-10,1.49992047,1.497546,1.59895954,1.64895954,0.0023744699999999064,-0.04999999999999982
2.3628e-10,1.49992047,1.497546,1.59895954,1.64895954,0.0023744699999999064,-0.04999999999999982
2.3728e-10,1.49992047,1.497546,1.59895954,1.64895954,0.0023744699999999064,-0.04999999999999982
2.3828e-10,1.49992047,1.497546,1.59895954,1.64895954,0.0023744699999999064,-0.04999999999999982
2.3928e-10,1.49992047,1.497546,1.59895954,1.64895954,0.0023744699999999064,-0.04999999999999982
2.4028e-10,1.49992047,1.497546,1.59895954,1.64895954,0.0023744699999999064,-0.04999999999999982
2.4128e-10,1.49992047,1.497546,1.59895954,1.64895954,0.0023744699999999064,-0.04999999999999982
2.4228e-10,1.49992047,1.497546,1.59895954,1.64895954,0.0023744699999999064,-0.04999999999999982
2.4328e-10,1.49992047,1.497546,1.59895954,1.64895954,0.0023744699999999064,-0.04999999999999982
2.4428e-10,1.49992047,1.497546,1.59895954,1.64895954,0.0023744699999999064,-0.04999999999999982
2.4528e-10,1.49992047,1.497546,1.59895954,1.64895954,0.0023744699999999064,-0.04999999999999982
2.4628e-10,1.49992047,1.497546,1.59895954,1.64895954,0.0023744699999999064,-0.04999999999999982
2.4728e-10,1.49992047,1.497546,1.59895954,1.64895954,0.0023744699999999064,-0.04999999999999982
2.4828e-10,1.49992047,1.497546,1.59895954,1.64895954,0.0023744699999999064,-0.04999999999999982
2.4928e-10,1.49992047,1.497546,1.59895954,1.64895954,0.0023744699999999064,-0.04999999999999982
2.5028e-10,1.49992047,1.497546,1.59895954,1.64895954,0.0023744699999999064,-0.04999999999999982
2.5128e-10,1.49992047,1.497546,1.59895954,1.64895954,0.0023744699999999064,-0.04999999999999982
2.5228e-10,1.49992047,1.497546,1.59895954,1.64895954,0.0023744699999999064,-0.04999999999999982
2.5328e-10,1.49992047,1.497546,1.59895954,1.64895954,0.0023744699999999064,-0.04999999999999982
2.5428e-10,1.49992047,1.497546,1.59895954,1.64895954,0.0023744699999999064,-0.04999999999999982
2.5528e-10,1.49992047,1.497546,1.59895954,1.64895954,0.0023744699999999064,-0.04999999999999982
2.5628e-10,1.49992047,1.497546,1.59895954,1.64895954,0.0023744699999999064,-0.04999999999999982
2.5728e-10,1.49992047,1.497546,1.59895954,1.64895954,0.0023744699999999064,-0.04999999999999982
2.5828e-10,1.49992047,1.497546,1.59895954,1.64895954,0.0023744699999999064,-0.04999999999999982
2.5928e-10,1.49992047,1.497546,1.59895954,1.64895954,0.0023744699999999064,-0.04999999999999982
2.6028e-10,1.49992047,1.497546,1.59895954,1.64895954,0.0023744699999999064,-0.04999999999999982
2.6128e-10,1.49992047,1.497546,1.59895954,1.64895954,0.0023744699999999064,-0.04999999999999982
2.6228e-10,1.49992047,1.497546,1.59895954,1.64895954,0.0023744699999999064,-0.04999999999999982
2.6328e-10,1.49992047,1.497546,1.59895954,1.64895954,0.0023744699999999064,-0.04999999999999982
2.6428e-10,1.49992047,1.497546,1.59895954,1.64895954,0.0023744699999999064,-0.04999999999999982
2.6528e-10,1.49992047,1.497546,1.59895954,1.64895954,0.0023744699999999064,-0.04999999999999982
2.6628e-10,1.49992047,1.497546,1.59895954,1.64895954,0.0023744699999999064,-0.04999999999999982
2.6728e-10,1.49992047,1.497546,1.59895954,1.64895954,0.0023744699999999064,-0.04999999999999982
2.6828e-10,1.49992047,1.497546,1.59895954,1.64895954,0.0023744699999999064,-0.04999999999999982
2.6928e-10,1.49992047,1.497546,1.59895954,1.64895954,0.0023744699999999064,-0.04999999999999982
2.7028e-10,1.49992047,1.497546,1.59895954,1.64895954,0.0023744699999999064,-0.04999999999999982
2.7128e-10,1.49992047,1.497546,1.59895954,1.64895954,0.0023744699999999064,-0.04999999999999982
2.7228e-10,1.49992047,1.497546,1.59895954,1.64895954,0.0023744699999999064,-0.04999999999999982
2.7328e-10,1.49992047,1.497546,1.59895954,1.64895954,0.0023744699999999064,-0.04999999999999982
2.7428e-10,1.49992047,1.497546,1.59895954,1.64895954,0.0023744699999999064,-0.04999999999999982
2.7528e-10,1.49992047,1.497546,1.59895954,1.64895954,0.0023744699999999064,-0.04999999999999982
2.7628e-10,1.49992047,1.497546,1.59895954,1.64895954,0.0023744699999999064,-0.04999999999999982
2.7728e-10,1.49992047,1.497546,1.59895954,1.64895954,0.0023744699999999064,-0.04999999999999982
2.7828e-10,1.49992047,1.497546,1.59895954,1.64895954,0.0023744699999999064,-0.04999999999999982
2.7928e-10,1.49992047,1.497546,1.59895954,1.64895954,0.0023744699999999064,-0.04999999999999982
2.8028e-10,1.49992047,1.497546,1.59895954,1.64895954,0.0023744699999999064,-0.04999999999999982
2.8128e-10,1.49992047,1.497546,1.59895954,1.64895954,0.0023744699999999064,-0.04999999999999982
2.8228e-10,1.49992047,1.497546,1.59895954,1.64895954,0.0023744699999999064,-0.04999999999999982
2.8328e-10,1.49992047,1.497546,1.59895954,1.64895954,0.0023744699999999064,-0.04999999999999982
2.8428e-10,1.49992047,1.497546,1.59895954,1.64895954,0.0023744699999999064,-0.04999999999999982
2.8528e-10,1.49992047,1.497546,1.59895954,1.64895954,0.0023744699999999064,-0.04999999999999982
2.8628e-10,1.49992047,1.497546,1.59895954,1.64895954,0.0023744699999999064,-0.04999999999999982
2.8728e-10,1.49992047,1.497546,1.59895954,1.64895954,0.0023744699999999064,-0.04999999999999982
2.8828e-10,1.49992047,1.497546,1.59895954,1.64895954,0.0023744699999999064,-0.04999999999999982
2.8928e-10,1.49992047,1.497546,1.59895954,1.64895954,0.0023744699999999064,-0.04999999999999982
2.9028e-10,1.49992047,1.497546,1.59895954,1.64895954,0.0023744699999999064,-0.04999999999999982
2.9128e-10,1.49992047,1.497546,1.59895954,1.64895954,0.0023744699999999064,-0.04999999999999982
2.9228e-10,1.49992047,1.497546,1.59895954,1.64895954,0.0023744699999999064,-0.04999999999999982
2.9328e-10,1.49992047,1.497546,1.59895954,1.64895954,0.0023744699999999064,-0.04999999999999982
2.9428e-10,1.49992047,1.497546,1.59895954,1.64895954,0.0023744699999999064,-0.04999999999999982
2.9528e-10,1.49992047,1.497546,1.59895954,1.64895954,0.0023744699999999064,-0.04999999999999982
2.9628e-10,1.49992047,1.497546,1.59895954,1.64895954,0.0023744699999999064,-0.04999999999999982
2.9728e-10,1.49992047,1.497546,1.59895954,1.64895954,0.0023744699999999064,-0.04999999999999982
2.9828e-10,1.49992047,1.497546,1.59895954,1.64895954,0.0023744699999999064,-0.04999999999999982
2.9928e-10,1.49992047,1.497546,1.59895954,1.64895954,0.0023744699999999064,-0.04999999999999982
3.0028e-10,1.49992047,1.497546,1.59895954,1.64895954,0.0023744699999999064,-0.04999999999999982
3.0128e-10,1.49992047,1.497546,1.59895954,1.64895954,0.0023744699999999064,-0.04999999999999982
3.0228e-10,1.49992047,1.497546,1.59895954,1.64895954,0.0023744699999999064,-0.04999999999999982
3.0328e-10,1.49992047,1.497546,1.59895954,1.64895954,0.0023744699999999064,-0.04999999999999982
3.0428e-10,1.49992047,1.497546,1.59895954,1.64895954,0.0023744699999999064,-0.04999999999999982
3.0528e-10,1.49992047,1.497546,1.59895954,1.64895954,0.0023744699999999064,-0.04999999999999982
3.0628e-10,1.49992047,1.497546,1.59895954,1.64895954,0.0023744699999999064,-0.04999999999999982
3.0728e-10,1.49992047,1.497546,1.59895954,1.64895954,0.0023744699999999064,-0.04999999999999982
3.0828e-10,1.49992047,1.497546,1.59895954,1.64895954,0.0023744699999999064,-0.04999999999999982
3.0928e-10,1.49992047,1.497546,1.59895954,1.64895954,0.0023744699999999064,-0.04999999999999982
3.1028e-10,1.49992047,1.497546,1.59895954,1.64895954,0.0023744699999999064,-0.04999999999999982
3.1128e-10,1.49992047,1.497546,1.59895954,1.64895954,0.0023744699999999064,-0.04999999999999982
3.1228e-10,1.49992047,1.497546,1.59895954,1.64895954,0.0023744699999999064,-0.04999999999999982
3.1328e-10,1.49992047,1.497546,1.59895954,1.64895954,0.0023744699999999064,-0.04999999999999982
3.1428e-10,1.49992047,1.497546,1.59895954,1.64895954,0.0023744699999999064,-0.04999999999999982
3.1528e-10,1.49992047,1.497546,1.59895954,1.64895954,0.0023744699999999064,-0.04999999999999982
3.1628e-10,1.49992047,1.497546,1.59895954,1.64895954,0.0023744699999999064,-0.04999999999999982
3.1728e-10,1.49992047,1.497546,1.59895954,1.64895954,0.0023744699999999064,-0.04999999999999982
3.1828e-10,1.49992047,1.497546,1.59895954,1.64895954,0.0023744699999999064,-0.04999999999999982
3.1928e-10,1.49992047,1.497546,1.59895954,1.64895954,0.0023744699999999064,-0.04999999999999982
3.2028e-10,1.49992047,1.497546,1.59895954,1.64895954,0.0023744699999999064,-0.04999999999999982
3.2128e-10,1.49992047,1.497546,1.59895954,1.64895954,0.0023744699999999064,-0.04999999999999982
3.2228e-10,1.49992047,1.497546,1.59895954,1.64895954,0.0023744699999999064,-0.04999999999999982
3.2328e-10,1.49992047,1.497546,1.59895954,1.64895954,0.0023744699999999064,-0.04999999999999982
3.2428e-10,1.49992047,1.497546,1.59895954,1.64895954,0.0023744699999999064,-0.04999999999999982
3.2528e-10,1.49992047,1.497546,1.59895954,1.64895954,0.0023744699999999064,-0.04999999999999982
3.2628e-10,1.49992047,1.497546,1.59895954,1.64895954,0.0023744699999999064,-0.04999999999999982
3.2728e-10,1.49992047,1.497546,1.59895954,1.64895954,0.0023744699999999064,-0.04999999999999982
3.2828e-10,1.49992047,1.497546,1.59895954,1.64895954,0.0023744699999999064,-0.04999999999999982
3.2928e-10,1.49992047,1.497546,1.59895954,1.64895954,0.0023744699999999064,-0.04999999999999982
3.3028e-10,1.49992047,1.497546,1.59895954,1.64895954,0.0023744699999999064,-0.04999999999999982
3.3128e-10,1.49992047,1.497546,1.59895954,1.64895954,0.0023744699999999064,-0.04999999999999982
3.3228e-10,1.49992047,1.497546,1.59895954,1.64895954,0.0023744699999999064,-0.04999999999999982
3.3328e-10,1.49992047,1.497546,1.59895954,1.64895954,0.0023744699999999064,-0.04999999999999982
3.3428e-10,1.49992047,1.497546,1.59895954,1.64895954,0.0023744699999999064,-0.04999999999999982
3.3528e-10,1.49992047,1.497546,1.59895954,1.64895954,0.0023744699999999064,-0.04999999999999982
3.3628e-10,1.49992047,1.497546,1.59895954,1.64895954,0.0023744699999999064,-0.04999999999999982
3.3728e-10,1.49992047,1.497546,1.59895954,1.64895954,0.0023744699999999064,-0.04999999999999982
3.3828e-10,1.49992047,1.497546,1.59895954,1.64895954,0.0023744699999999064,-0.04999999999999982
3.3928e-10,1.49992047,1.497546,1.59895954,1.64895954,0.0023744699999999064,-0.04999999999999982
3.4028e-10,1.49992047,1.497546,1.59895954,1.64895954,0.0023744699999999064,-0.04999999999999982
3.4128e-10,1.49992047,1.497546,1.59895954,1.64895954,0.0023744699999999064,-0.04999999999999982
3.4228e-10,1.49992047,1.497546,1.59895954,1.64895954,0.0023744699999999064,-0.04999999999999982
3.4328e-10,1.49992047,1.497546,1.59895954,1.64895954,0.0023744699999999064,-0.04999999999999982
3.4428e-10,1.49992047,1.497546,1.59895954,1.64895954,0.0023744699999999064,-0.04999999999999982
3.4528e-10,1.49992047,1.497546,1.59895954,1.64895954,0.0023744699999999064,-0.04999999999999982
3.4628e-10,1.49992047,1.497546,1.59895954,1.64895954,0.0023744699999999064,-0.04999999999999982
3.4728e-10,1.49992047,1.497546,1.59895954,1.64895954,0.0023744699999999064,-0.04999999999999982
3.4828e-10,1.49992047,1.497546,1.59895954,1.64895954,0.0023744699999999064,-0.04999999999999982
3.4928e-10,1.49992047,1.497546,1.59895954,1.64895954,0.0023744699999999064,-0.04999999999999982
3.5028e-10,1.49992047,1.497546,1.59895954,1.64895954,0.0023744699999999064,-0.04999999999999982
3.5128e-10,1.49992047,1.497546,1.59895954,1.64895954,0.0023744699999999064,-0.04999999999999982
3.5228e-10,1.49992047,1.497546,1.59895954,1.64895954,0.0023744699999999064,-0.04999999999999982
3.5328e-10,1.49992047,1.497546,1.59895954,1.64895954,0.0023744699999999064,-0.04999999999999982
3.5428e-10,1.49992047,1.497546,1.59895954,1.64895954,0.0023744699999999064,-0.04999999999999982
3.5528e-10,1.49992047,1.497546,1.59895954,1.64895954,0.0023744699999999064,-0.04999999999999982
3.5628e-10,1.49992047,1.497546,1.59895954,1.64895954,0.0023744699999999064,-0.04999999999999982
3.5728e-10,1.49992047,1.497546,1.59895954,1.64895954,0.0023744699999999064,-0.04999999999999982
3.5828e-10,1.49992047,1.497546,1.59895954,1.64895954,0.0023744699999999064,-0.04999999999999982
3.5928e-10,1.49992047,1.497546,1.59895954,1.64895954,0.0023744699999999064,-0.04999999999999982
3.6028e-10,1.49992047,1.497546,1.59895954,1.64895954,0.0023744699999999064,-0.04999999999999982
3.6128e-10,1.49992047,1.497546,1.59895954,1.64895954,0.0023744699999999064,-0.04999999999999982
3.6228e-10,1.49992047,1.497546,1.59895954,1.64895954,0.0023744699999999064,-0.04999999999999982
3.6328e-10,1.49992047,1.497546,1.59895954,1.64895954,0.0023744699999999064,-0.04999999999999982
3.6428e-10,1.49992047,1.497546,1.59895954,1.64895954,0.0023744699999999064,-0.04999999999999982
3.6528e-10,1.49992047,1.497546,1.59895954,1.64895954,0.0023744699999999064,-0.04999999999999982
3.6628e-10,1.49992047,1.497546,1.59895954,1.64895954,0.0023744699999999064,-0.04999999999999982
3.6728e-10,1.49992047,1.497546,1.59895954,1.64895954,0.0023744699999999064,-0.04999999999999982
3.6828e-10,1.49992047,1.497546,1.59895954,1.64895954,0.0023744699999999064,-0.04999999999999982
3.6928e-10,1.49992047,1.497546,1.59895954,1.64895954,0.0023744699999999064,-0.04999999999999982
3.7028e-10,1.49992047,1.497546,1.59895954,1.64895954,0.0023744699999999064,-0.04999999999999982
3.7128e-10,1.49992047,1.497546,1.59895954,1.64895954,0.0023744699999999064,-0.04999999999999982
3.7228e-10,1.49992047,1.497546,1.59895954,1.64895954,0.0023744699999999064,-0.04999999999999982
3.7328e-10,1.49992047,1.497546,1.59895954,1.64895954,0.0023744699999999064,-0.04999999999999982
3.7428e-10,1.49992047,1.497546,1.59895954,1.64895954,0.0023744699999999064,-0.04999999999999982
3.7528e-10,1.49992047,1.497546,1.59895954,1.64895954,0.0023744699999999064,-0.04999999999999982
3.7628e-10,1.49992047,1.497546,1.59895954,1.64895954,0.0023744699999999064,-0.04999999999999982
3.7728e-10,1.49992047,1.497546,1.59895954,1.64895954,0.0023744699999999064,-0.04999999999999982
3.7828e-10,1.49992047,1.497546,1.59895954,1.64895954,0.0023744699999999064,-0.04999999999999982
3.7928e-10,1.49992047,1.497546,1.59895954,1.64895954,0.0023744699999999064,-0.04999999999999982
3.8028e-10,1.49992047,1.497546,1.59895954,1.64895954,0.0023744699999999064,-0.04999999999999982
3.8128e-10,1.49992047,1.497546,1.59895954,1.64895954,0.0023744699999999064,-0.04999999999999982
3.8228e-10,1.49992047,1.497546,1.59895954,1.64895954,0.0023744699999999064,-0.04999999999999982
3.8328e-10,1.49992047,1.497546,1.59895954,1.64895954,0.0023744699999999064,-0.04999999999999982
3.8428e-10,1.49992047,1.497546,1.59895954,1.64895954,0.0023744699999999064,-0.04999999999999982
3.8528e-10,1.49992047,1.497546,1.59895954,1.64895954,0.0023744699999999064,-0.04999999999999982
3.8628e-10,1.49992047,1.497546,1.59895954,1.64895954,0.0023744699999999064,-0.04999999999999982
3.8728e-10,1.49992047,1.497546,1.59895954,1.64895954,0.0023744699999999064,-0.04999999999999982
3.8828e-10,1.49992047,1.497546,1.59895954,1.64895954,0.0023744699999999064,-0.04999999999999982
3.8928e-10,1.49992047,1.497546,1.59895954,1.64895954,0.0023744699999999064,-0.04999999999999982
3.9028e-10,1.49992047,1.497546,1.59895954,1.64895954,0.0023744699999999064,-0.04999999999999982
3.9128e-10,1.49992047,1.497546,1.59895954,1.64895954,0.0023744699999999064,-0.04999999999999982
3.9228e-10,1.49992047,1.497546,1.59895954,1.64895954,0.0023744699999999064,-0.04999999999999982
3.9328e-10,1.49992047,1.497546,1.59895954,1.64895954,0.0023744699999999064,-0.04999999999999982
3.9428e-10,1.49992047,1.497546,1.59895954,1.64895954,0.0023744699999999064,-0.04999999999999982
3.9528e-10,1.49992047,1.497546,1.59895954,1.64895954,0.0023744699999999064,-0.04999999999999982
3.9628e-10,1.49992047,1.497546,1.59895954,1.64895954,0.0023744699999999064,-0.04999999999999982
3.9728e-10,1.49992047,1.497546,1.59895954,1.64895954,0.0023744699999999064,-0.04999999999999982
3.9828e-10,1.49992047,1.497546,1.59895954,1.64895954,0.0023744699999999064,-0.04999999999999982
3.9928e-10,1.49992047,1.497546,1.59895954,1.64895954,0.0023744699999999064,-0.04999999999999982
4.0028e-10,1.49992047,1.497546,1.59895954,1.64895954,0.0023744699999999064,-0.04999999999999982
4.0128e-10,1.49992047,1.497546,1.59895954,1.64895954,0.0023744699999999064,-0.04999999999999982
4.0228e-10,1.49992047,1.497546,1.59895954,1.64895954,0.0023744699999999064,-0.04999999999999982
4.0328e-10,1.49992047,1.497546,1.59895954,1.64895954,0.0023744699999999064,-0.04999999999999982
4.0428e-10,1.49992047,1.497546,1.59895954,1.64895954,0.0023744699999999064,-0.04999999999999982
4.0528e-10,1.49992047,1.497546,1.59895954,1.64895954,0.0023744699999999064,-0.04999999999999982
4.0628e-10,1.49992047,1.497546,1.59895954,1.64895954,0.0023744699999999064,-0.04999999999999982
4.0728e-10,1.49992047,1.497546,1.59895954,1.64895954,0.0023744699999999064,-0.04999999999999982
4.0828e-10,1.49992047,1.497546,1.59895954,1.64895954,0.0023744699999999064,-0.04999999999999982
4.0928e-10,1.49992047,1.497546,1.59895954,1.64895954,0.0023744699999999064,-0.04999999999999982
4.1028e-10,1.49992047,1.497546,1.59895954,1.64895954,0.0023744699999999064,-0.04999999999999982
4.1128e-10,1.49992047,1.497546,1.59895954,1.64895954,0.0023744699999999064,-0.04999999999999982
4.1228e-10,1.49992047,1.497546,1.59895954,1.64895954,0.0023744699999999064,-0.04999999999999982
4.1328e-10,1.49992047,1.497546,1.59895954,1.64895954,0.0023744699999999064,-0.04999999999999982
4.1428e-10,1.49992047,1.497546,1.59895954,1.64895954,0.0023744699999999064,-0.04999999999999982
4.1528e-10,1.49992047,1.497546,1.59895954,1.64895954,0.0023744699999999064,-0.04999999999999982
4.1628e-10,1.49992047,1.497546,1.59895954,1.64895954,0.0023744699999999064,-0.04999999999999982
4.1728e-10,1.49992047,1.497546,1.59895954,1.64895954,0.0023744699999999064,-0.04999999999999982
4.1828e-10,1.49992047,1.497546,1.59895954,1.64895954,0.0023744699999999064,-0.04999999999999982
4.1928e-10,1.49992047,1.497546,1.59895954,1.64895954,0.0023744699999999064,-0.04999999999999982
4.2028e-10,1.49992047,1.497546,1.59895954,1.64895954,0.0023744699999999064,-0.04999999999999982
4.2128e-10,1.49992047,1.497546,1.59895954,1.64895954,0.0023744699999999064,-0.04999999999999982
4.2228e-10,1.49992047,1.497546,1.59895954,1.64895954,0.0023744699999999064,-0.04999999999999982
4.2328e-10,1.49992047,1.497546,1.59895954,1.64895954,0.0023744699999999064,-0.04999999999999982
4.2428e-10,1.49992047,1.497546,1.59895954,1.64895954,0.0023744699999999064,-0.04999999999999982
4.2528e-10,1.49992047,1.497546,1.59895954,1.64895954,0.0023744699999999064,-0.04999999999999982
4.2628e-10,1.49992047,1.497546,1.59895954,1.64895954,0.0023744699999999064,-0.04999999999999982
4.2728e-10,1.49992047,1.497546,1.59895954,1.64895954,0.0023744699999999064,-0.04999999999999982
4.2828e-10,1.49992047,1.497546,1.59895954,1.64895954,0.0023744699999999064,-0.04999999999999982
4.2928e-10,1.49992047,1.497546,1.59895954,1.64895954,0.0023744699999999064,-0.04999999999999982
4.3028e-10,1.49992047,1.497546,1.59895954,1.64895954,0.0023744699999999064,-0.04999999999999982
4.3128e-10,1.49992047,1.497546,1.59895954,1.64895954,0.0023744699999999064,-0.04999999999999982
4.3228e-10,1.49992047,1.497546,1.59895954,1.64895954,0.0023744699999999064,-0.04999999999999982
4.3328e-10,1.49992047,1.497546,1.59895954,1.64895954,0.0023744699999999064,-0.04999999999999982
4.3428e-10,1.49992047,1.497546,1.59895954,1.64895954,0.0023744699999999064,-0.04999999999999982
4.3528e-10,1.49992047,1.497546,1.59895954,1.64895954,0.0023744699999999064,-0.04999999999999982
4.3628e-10,1.49992047,1.497546,1.59895954,1.64895954,0.0023744699999999064,-0.04999999999999982
4.3728e-10,1.49992047,1.497546,1.59895954,1.64895954,0.0023744699999999064,-0.04999999999999982
4.3828e-10,1.49992047,1.497546,1.59895954,1.64895954,0.0023744699999999064,-0.04999999999999982
4.3928e-10,1.49992047,1.497546,1.59895954,1.64895954,0.0023744699999999064,-0.04999999999999982
4.4028e-10,1.49992047,1.497546,1.59895954,1.64895954,0.0023744699999999064,-0.04999999999999982
4.4128e-10,1.49992047,1.497546,1.59895954,1.64895954,0.0023744699999999064,-0.04999999999999982
4.4228e-10,1.49992047,1.497546,1.59895954,1.64895954,0.0023744699999999064,-0.04999999999999982
4.4328e-10,1.49992047,1.497546,1.59895954,1.64895954,0.0023744699999999064,-0.04999999999999982
4.4428e-10,1.49992047,1.497546,1.59895954,1.64895954,0.0023744699999999064,-0.04999999999999982
4.4528e-10,1.49992047,1.497546,1.59895954,1.64895954,0.0023744699999999064,-0.04999999999999982
4.4628e-10,1.49992047,1.497546,1.59895954,1.64895954,0.0023744699999999064,-0.04999999999999982
4.4728e-10,1.49992047,1.497546,1.59895954,1.64895954,0.0023744699999999064,-0.04999999999999982
4.4828e-10,1.49992047,1.497546,1.59895954,1.64895954,0.0023744699999999064,-0.04999999999999982
4.4928e-10,1.49992047,1.497546,1.59895954,1.64895954,0.0023744699999999064,-0.04999999999999982
4.5028e-10,1.49992047,1.497546,1.59895954,1.64895954,0.0023744699999999064,-0.04999999999999982
4.5128e-10,1.49992047,1.497546,1.59895954,1.64895954,0.0023744699999999064,-0.04999999999999982
4.5228e-10,1.49992047,1.497546,1.59895954,1.64895954,0.0023744699999999064,-0.04999999999999982
4.5328e-10,1.49992047,1.497546,1.59895954,1.64895954,0.0023744699999999064,-0.04999999999999982
4.5428e-10,1.49992047,1.497546,1.59895954,1.64895954,0.0023744699999999064,-0.04999999999999982
4.5528e-10,1.49992047,1.497546,1.59895954,1.64895954,0.0023744699999999064,-0.04999999999999982
4.5628e-10,1.49992047,1.497546,1.59895954,1.64895954,0.0023744699999999064,-0.04999999999999982
4.5728e-10,1.49992047,1.497546,1.59895954,1.64895954,0.0023744699999999064,-0.04999999999999982
4.5828e-10,1.49992047,1.497546,1.59895954,1.64895954,0.0023744699999999064,-0.04999999999999982
4.5928e-10,1.49992047,1.497546,1.59895954,1.64895954,0.0023744699999999064,-0.04999999999999982
4.6028e-10,1.49992047,1.497546,1.59895954,1.64895954,0.0023744699999999064,-0.04999999999999982
4.6128e-10,1.49992047,1.497546,1.59895954,1.64895954,0.0023744699999999064,-0.04999999999999982
4.6228e-10,1.49992047,1.497546,1.59895954,1.64895954,0.0023744699999999064,-0.04999999999999982
4.6328e-10,1.49992047,1.497546,1.59895954,1.64895954,0.0023744699999999064,-0.04999999999999982
4.6428e-10,1.49992047,1.497546,1.59895954,1.64895954,0.0023744699999999064,-0.04999999999999982
4.6528e-10,1.49992047,1.497546,1.59895954,1.64895954,0.0023744699999999064,-0.04999999999999982
4.6628e-10,1.49992047,1.497546,1.59895954,1.64895954,0.0023744699999999064,-0.04999999999999982
4.6728e-10,1.49992047,1.497546,1.59895954,1.64895954,0.0023744699999999064,-0.04999999999999982
4.6828e-10,1.49992047,1.497546,1.59895954,1.64895954,0.0023744699999999064,-0.04999999999999982
4.6928e-10,1.49992047,1.497546,1.59895954,1.64895954,0.0023744699999999064,-0.04999999999999982
4.7028e-10,1.49992047,1.497546,1.59895954,1.64895954,0.0023744699999999064,-0.04999999999999982
4.7128e-10,1.49992047,1.497546,1.59895954,1.64895954,0.0023744699999999064,-0.04999999999999982
4.7228e-10,1.49992047,1.497546,1.59895954,1.64895954,0.0023744699999999064,-0.04999999999999982
4.7328e-10,1.49992047,1.497546,1.59895954,1.64895954,0.0023744699999999064,-0.04999999999999982
4.7428e-10,1.49992047,1.497546,1.59895954,1.64895954,0.0023744699999999064,-0.04999999999999982
4.7528e-10,1.49992047,1.497546,1.59895954,1.64895954,0.0023744699999999064,-0.04999999999999982
4.7628e-10,1.49992047,1.497546,1.59895954,1.64895954,0.0023744699999999064,-0.04999999999999982
4.7728e-10,1.49992047,1.497546,1.59895954,1.64895954,0.0023744699999999064,-0.04999999999999982
4.7828e-10,1.49992047,1.497546,1.59895954,1.64895954,0.0023744699999999064,-0.04999999999999982
4.7928e-10,1.49992047,1.497546,1.59895954,1.64895954,0.0023744699999999064,-0.04999999999999982
4.8028e-10,1.49992047,1.497546,1.59895954,1.64895954,0.0023744699999999064,-0.04999999999999982
4.8128e-10,1.49992047,1.497546,1.59895954,1.64895954,0.0023744699999999064,-0.04999999999999982
4.8228e-10,1.49992047,1.497546,1.59895954,1.64895954,0.0023744699999999064,-0.04999999999999982
4.8328e-10,1.49992047,1.497546,1.59895954,1.64895954,0.0023744699999999064,-0.04999999999999982
4.8428e-10,1.49992047,1.497546,1.59895954,1.64895954,0.0023744699999999064,-0.04999999999999982
4.8528e-10,1.49992047,1.497546,1.59895954,1.64895954,0.0023744699999999064,-0.04999999999999982
4.8628e-10,1.49992047,1.497546,1.59895954,1.64895954,0.0023744699999999064,-0.04999999999999982
4.8728e-10,1.49992047,1.497546,1.59895954,1.64895954,0.0023744699999999064,-0.04999999999999982
4.8828e-10,1.49992047,1.497546,1.59895954,1.64895954,0.0023744699999999064,-0.04999999999999982
4.8928e-10,1.49992047,1.497546,1.59895954,1.64895954,0.0023744699999999064,-0.04999999999999982
4.9028e-10,1.49992047,1.497546,1.59895954,1.64895954,0.0023744699999999064,-0.04999999999999982
4.9128e-10,1.49992047,1.497546,1.59895954,1.64895954,0.0023744699999999064,-0.04999999999999982
4.9228e-10,1.49992047,1.497546,1.59895954,1.64895954,0.0023744699999999064,-0.04999999999999982
4.9328e-10,1.49992047,1.497546,1.59895954,1.64895954,0.0023744699999999064,-0.04999999999999982
4.9428e-10,1.49992047,1.497546,1.59895954,1.64895954,0.0023744699999999064,-0.04999999999999982
4.9528e-10,1.49992047,1.497546,1.59895954,1.64895954,0.0023744699999999064,-0.04999999999999982
4.9628e-10,1.49992047,1.497546,1.59895954,1.64895954,0.0023744699999999064,-0.04999999999999982
4.9728e-10,1.49992047,1.497546,1.59895954,1.64895954,0.0023744699999999064,-0.04999999999999982
4.9828e-10,1.49992047,1.497546,1.59895954,1.64895954,0.0023744699999999064,-0.04999999999999982
4.9928e-10,1.49992047,1.497546,1.59895954,1.64895954,0.0023744699999999064,-0.04999999999999982
5.0028e-10,1.49992047,1.497546,1.59895954,1.64895954,0.0023744699999999064,-0.04999999999999982
5.0128e-10,1.49992047,1.497546,1.59895954,1.64895954,0.0023744699999999064,-0.04999999999999982
5.0228e-10,1.49992047,1.497546,1.59895954,1.64895954,0.0023744699999999064,-0.04999999999999982
5.0328e-10,1.49992047,1.497546,1.59895954,1.64895954,0.0023744699999999064,-0.04999999999999982
5.0428e-10,1.49992047,1.497546,1.59895954,1.64895954,0.0023744699999999064,-0.04999999999999982
5.0528e-10,1.49992047,1.497546,1.59895954,1.64895954,0.0023744699999999064,-0.04999999999999982
5.0628e-10,1.49992047,1.497546,1.59895954,1.64895954,0.0023744699999999064,-0.04999999999999982
5.0728e-10,1.49992047,1.497546,1.59895954,1.64895954,0.0023744699999999064,-0.04999999999999982
5.0828e-10,1.49992047,1.497546,1.59895954,1.64895954,0.0023744699999999064,-0.04999999999999982
5.0928e-10,1.49992047,1.497546,1.59895954,1.64895954,0.0023744699999999064,-0.04999999999999982
5.1028e-10,1.49992047,1.497546,1.59895954,1.64895954,0.0023744699999999064,-0.04999999999999982
5.1128e-10,1.49992047,1.497546,1.59895954,1.64895954,0.0023744699999999064,-0.04999999999999982
5.1228e-10,1.49992047,1.497546,1.59895954,1.64895954,0.0023744699999999064,-0.04999999999999982
5.1328e-10,1.49992047,1.497546,1.59895954,1.64895954,0.0023744699999999064,-0.04999999999999982
5.1428e-10,1.49992047,1.497546,1.59895954,1.64895954,0.0023744699999999064,-0.04999999999999982
5.1528e-10,1.49992047,1.497546,1.59895954,1.64895954,0.0023744699999999064,-0.04999999999999982
5.1628e-10,1.49992047,1.497546,1.59895954,1.64895954,0.0023744699999999064,-0.04999999999999982
5.1728e-10,1.49992047,1.497546,1.59895954,1.64895954,0.0023744699999999064,-0.04999999999999982
5.1828e-10,1.49992047,1.497546,1.59895954,1.64895954,0.0023744699999999064,-0.04999999999999982
5.1928e-10,1.49992047,1.497546,1.59895954,1.64895954,0.0023744699999999064,-0.04999999999999982
5.2028e-10,1.49992047,1.497546,1.59895954,1.64895954,0.0023744699999999064,-0.04999999999999982
5.2128e-10,1.49992047,1.497546,1.59895954,1.64895954,0.0023744699999999064,-0.04999999999999982
5.2228e-10,1.49992047,1.497546,1.59895954,1.64895954,0.0023744699999999064,-0.04999999999999982
5.2328e-10,1.49992047,1.497546,1.59895954,1.64895954,0.0023744699999999064,-0.04999999999999982
5.2428e-10,1.49992047,1.497546,1.59895954,1.64895954,0.0023744699999999064,-0.04999999999999982
5.2528e-10,1.49992047,1.497546,1.59895954,1.64895954,0.0023744699999999064,-0.04999999999999982
5.2628e-10,1.49992047,1.497546,1.59895954,1.64895954,0.0023744699999999064,-0.04999999999999982
5.2728e-10,1.49992047,1.497546,1.59895954,1.64895954,0.0023744699999999064,-0.04999999999999982
5.2828e-10,1.49992047,1.497546,1.59895954,1.64895954,0.0023744699999999064,-0.04999999999999982
5.2928e-10,1.49992047,1.497546,1.59895954,1.64895954,0.0023744699999999064,-0.04999999999999982
5.3028e-10,1.49992047,1.497546,1.59895954,1.64895954,0.0023744699999999064,-0.04999999999999982
5.3128e-10,1.49992047,1.497546,1.59895954,1.64895954,0.0023744699999999064,-0.04999999999999982
5.3228e-10,1.49992047,1.497546,1.59895954,1.64895954,0.0023744699999999064,-0.04999999999999982
5.3328e-10,1.49992047,1.497546,1.59895954,1.64895954,0.0023744699999999064,-0.04999999999999982
5.3428e-10,1.49992047,1.497546,1.59895954,1.64895954,0.0023744699999999064,-0.04999999999999982
5.3528e-10,1.49992047,1.497546,1.59895954,1.64895954,0.0023744699999999064,-0.04999999999999982
5.3628e-10,1.49992047,1.497546,1.59895954,1.64895954,0.0023744699999999064,-0.04999999999999982
5.3728e-10,1.49992047,1.497546,1.59895954,1.64895954,0.0023744699999999064,-0.04999999999999982
5.3828e-10,1.49992047,1.497546,1.59895954,1.64895954,0.0023744699999999064,-0.04999999999999982
5.3928e-10,1.49992047,1.497546,1.59895954,1.64895954,0.0023744699999999064,-0.04999999999999982
5.4028e-10,1.49992047,1.497546,1.59895954,1.64895954,0.0023744699999999064,-0.04999999999999982
5.4128e-10,1.49992047,1.497546,1.59895954,1.64895954,0.0023744699999999064,-0.04999999999999982
5.4228e-10,1.49992047,1.497546,1.59895954,1.64895954,0.0023744699999999064,-0.04999999999999982
5.4328e-10,1.49992047,1.497546,1.59895954,1.64895954,0.0023744699999999064,-0.04999999999999982
5.4428e-10,1.49992047,1.497546,1.59895954,1.64895954,0.0023744699999999064,-0.04999999999999982
5.4528e-10,1.49992047,1.497546,1.59895954,1.64895954,0.0023744699999999064,-0.04999999999999982
5.4628e-10,1.49992047,1.497546,1.59895954,1.64895954,0.0023744699999999064,-0.04999999999999982
5.4728e-10,1.49992047,1.497546,1.59895954,1.64895954,0.0023744699999999064,-0.04999999999999982
5.4828e-10,1.49992047,1.497546,1.59895954,1.64895954,0.0023744699999999064,-0.04999999999999982
5.4928e-10,1.49992047,1.497546,1.59895954,1.64895954,0.0023744699999999064,-0.04999999999999982
5.5028e-10,1.49992047,1.497546,1.59895954,1.64895954,0.0023744699999999064,-0.04999999999999982
5.5128e-10,1.49992047,1.497546,1.59895954,1.64895954,0.0023744699999999064,-0.04999999999999982
5.5228e-10,1.49992047,1.497546,1.59895954,1.64895954,0.0023744699999999064,-0.04999999999999982
5.5328e-10,1.49992047,1.497546,1.59895954,1.64895954,0.0023744699999999064,-0.04999999999999982
5.5428e-10,1.49992047,1.497546,1.59895954,1.64895954,0.0023744699999999064,-0.04999999999999982
5.5528e-10,1.49992047,1.497546,1.59895954,1.64895954,0.0023744699999999064,-0.04999999999999982
5.5628e-10,1.49992047,1.497546,1.59895954,1.64895954,0.0023744699999999064,-0.04999999999999982
5.5728e-10,1.49992047,1.497546,1.59895954,1.64895954,0.0023744699999999064,-0.04999999999999982
5.5828e-10,1.49992047,1.497546,1.59895954,1.64895954,0.0023744699999999064,-0.04999999999999982
5.5928e-10,1.49992047,1.497546,1.59895954,1.64895954,0.0023744699999999064,-0.04999999999999982
5.6028e-10,1.49992047,1.497546,1.59895954,1.64895954,0.0023744699999999064,-0.04999999999999982
5.6128e-10,1.49992047,1.497546,1.59895954,1.64895954,0.0023744699999999064,-0.04999999999999982
5.6228e-10,1.49992047,1.497546,1.59895954,1.64895954,0.0023744699999999064,-0.04999999999999982
5.6328e-10,1.49992047,1.497546,1.59895954,1.64895954,0.0023744699999999064,-0.04999999999999982
5.6428e-10,1.49992047,1.497546,1.59895954,1.64895954,0.0023744699999999064,-0.04999999999999982
5.6528e-10,1.49992047,1.497546,1.59895954,1.64895954,0.0023744699999999064,-0.04999999999999982
5.6628e-10,1.49992047,1.497546,1.59895954,1.64895954,0.0023744699999999064,-0.04999999999999982
5.6728e-10,1.49992047,1.497546,1.59895954,1.64895954,0.0023744699999999064,-0.04999999999999982
5.6828e-10,1.49992047,1.497546,1.59895954,1.64895954,0.0023744699999999064,-0.04999999999999982
5.6928e-10,1.49992047,1.497546,1.59895954,1.64895954,0.0023744699999999064,-0.04999999999999982
5.7028e-10,1.49992047,1.497546,1.59895954,1.64895954,0.0023744699999999064,-0.04999999999999982
5.7128e-10,1.49992047,1.497546,1.59895954,1.64895954,0.0023744699999999064,-0.04999999999999982
5.714286e-10,1.49992047,1.497546,1.59895954,1.64895954,0.0023744699999999064,-0.04999999999999982
5.715286e-10,1.49994187,1.49752484,1.60007065,1.64784843,0.002417029999999931,-0.0477777800000001
5.717286e-10,1.49999493,1.49747336,1.60229287,1.64562621,0.002521569999999862,-0.04333334
5.721286e-10,1.50013093,1.49735288,1.60673732,1.64118176,0.0027780500000000874,-0.03444444000000013
5.729286e-10,1.50038828,1.49719406,1.61562621,1.63229287,0.0031942199999999144,-0.016666659999999833
5.739286e-10,1.50058339,1.49720736,1.62673732,1.62118176,0.0033760300000000854,0.005555559999999904
5.749286e-10,1.50059734,1.49739031,1.63784843,1.61007065,0.0032070299999999996,0.027777780000000085
5.759286e-10,1.50040976,1.49764815,1.64895954,1.59895954,0.002761609999999859,0.04999999999999982
5.760286e-10,1.50035691,1.49769705,1.64895954,1.59895954,0.0026598600000000694,0.04999999999999982
5.762286e-10,1.50023721,1.49780507,1.64895954,1.59895954,0.002432140000000027,0.04999999999999982
5.766286e-10,1.499952,1.49804994,1.64895954,1.59895954,0.0019020599999999277,0.04999999999999982
5.774286e-10,1.49937343,1.49852169,1.64895954,1.59895954,0.0008517399999998787,0.04999999999999982
5.784286e-10,1.49877277,1.49899372,1.64895954,1.59895954,-0.00022095000000010856,0.04999999999999982
5.794286e-10,1.49834009,1.49932777,1.64895954,1.59895954,-0.0009876800000001573,0.04999999999999982
5.804286e-10,1.49804621,1.49955204,1.64895954,1.59895954,-0.0015058299999999303,0.04999999999999982
5.814286e-10,1.49785429,1.49969709,1.64895954,1.59895954,-0.0018427999999999223,0.04999999999999982
5.824286e-10,1.49773292,1.49978801,1.64895954,1.59895954,-0.002055090000000037,0.04999999999999982
5.834286e-10,1.49765805,1.49984361,1.64895954,1.59895954,-0.002185560000000031,0.04999999999999982
5.844286e-10,1.49761297,1.49987676,1.64895954,1.59895954,-0.0022637899999999878,0.04999999999999982
5.854286e-10,1.49758638,1.49989612,1.64895954,1.59895954,-0.00230974000000006,0.04999999999999982
5.864286e-10,1.49757108,1.4999071,1.64895954,1.59895954,-0.002336019999999994,0.04999999999999982
5.874286e-10,1.49756247,1.49991318,1.64895954,1.59895954,-0.002350709999999978,0.04999999999999982
5.884286e-10,1.49755781,1.49991639,1.64895954,1.59895954,-0.00235858000000011,0.04999999999999982
5.892857e-10,1.49755563,1.49991783,1.64895954,1.59895954,-0.002362200000000092,0.04999999999999982
5.893857e-10,1.49753431,1.49993933,1.64784843,1.60007065,-0.002405019999999869,0.0477777800000001
5.895857e-10,1.4974825,1.49999258,1.64562621,1.60229287,-0.00251007999999997,0.04333334
5.899857e-10,1.49736144,1.50012883,1.64118176,1.60673732,-0.002767390000000036,0.03444444000000013
5.907857e-10,1.49720151,1.5003861,1.63229287,1.61562621,-0.0031845900000000427,0.016666659999999833
5.917857e-10,1.49721326,1.50057988,1.62118176,1.62673732,-0.003366619999999987,-0.005555559999999904
5.927857e-10,1.4973945,1.50059094,1.61007065,1.63784843,-0.003196439999999967,-0.027777780000000085
5.937857e-10,1.49765065,1.50039871,1.59895954,1.64895954,-0.002748060000000052,-0.04999999999999982
5.938857e-10,1.4976994,1.50034528,1.59895954,1.64895954,-0.0026458799999999894,-0.04999999999999982
5.940857e-10,1.49780709,1.50022439,1.59895954,1.64895954,-0.0024173000000000666,-0.04999999999999982
5.944857e-10,1.49805137,1.49993672,1.59895954,1.64895954,-0.0018853500000000079,-0.04999999999999982
5.952857e-10,1.49852211,1.49935348,1.59895954,1.64895954,-0.0008313699999999979,-0.04999999999999982
5.962857e-10,1.49899322,1.49874812,1.59895954,1.64895954,0.0002451000000001091,-0.04999999999999982
5.972857e-10,1.4993267,1.49831214,1.59895954,1.64895954,0.0010145599999999977,-0.04999999999999982
5.982857e-10,1.49955064,1.49801607,1.59895954,1.64895954,0.0015345700000000129,-0.04999999999999982
5.992857e-10,1.49969553,1.49782277,1.59895954,1.64895954,0.0018727600000001399,-0.04999999999999982
6.002857e-10,1.49978638,1.49770057,1.59895954,1.64895954,0.0020858100000000768,-0.04999999999999982
6.012857e-10,1.49984198,1.49762522,1.59895954,1.64895954,0.00221676000000004,-0.04999999999999982
6.022857e-10,1.49987516,1.4975799,1.59895954,1.64895954,0.00229525999999991,-0.04999999999999982
6.032857e-10,1.49989457,1.4975532,1.59895954,1.64895954,0.0023413699999998983,-0.04999999999999982
6.042857e-10,1.49990561,1.49753789,1.59895954,1.64895954,0.002367719999999851,-0.04999999999999982
6.052857e-10,1.49991174,1.49752933,1.59895954,1.64895954,0.002382409999999835,-0.04999999999999982
6.062857e-10,1.499915,1.49752474,1.59895954,1.64895954,0.0023902600000000884,-0.04999999999999982
6.072857e-10,1.49991667,1.49752239,1.59895954,1.64895954,0.00239427999999986,-0.04999999999999982
6.082857e-10,1.49991743,1.49752133,1.59895954,1.64895954,0.002396099999999901,-0.04999999999999982
6.092857e-10,1.49991773,1.49752093,1.59895954,1.64895954,0.0023967999999998657,-0.04999999999999982
6.102857e-10,1.49991778,1.49752091,1.59895954,1.64895954,0.0023968700000001064,-0.04999999999999982
6.112857e-10,1.49991773,1.49752104,1.59895954,1.64895954,0.002396689999999868,-0.04999999999999982
6.122857e-10,1.49991762,1.49752127,1.59895954,1.64895954,0.002396349999999936,-0.04999999999999982
6.132857e-10,1.49991752,1.49752151,1.59895954,1.64895954,0.002396010000000004,-0.04999999999999982
6.142857e-10,1.49991741,1.49752176,1.59895954,1.64895954,0.0023956499999999714,-0.04999999999999982
6.152857e-10,1.49991733,1.49752198,1.59895954,1.64895954,0.0023953500000000183,-0.04999999999999982
6.162857e-10,1.49991725,1.4975222,1.59895954,1.64895954,0.002395050000000065,-0.04999999999999982
6.172857e-10,1.4999172,1.49752239,1.59895954,1.64895954,0.0023948099999999695,-0.04999999999999982
6.182857e-10,1.49991714,1.49752258,1.59895954,1.64895954,0.0023945599999999345,-0.04999999999999982
6.192857e-10,1.49991711,1.49752275,1.59895954,1.64895954,0.00239436000000004,-0.04999999999999982
6.202857e-10,1.49991708,1.49752291,1.59895954,1.64895954,0.0023941699999998622,-0.04999999999999982
6.212857e-10,1.49991706,1.49752305,1.59895954,1.64895954,0.0023940099999999465,-0.04999999999999982
6.222857e-10,1.49991704,1.4975232,1.59895954,1.64895954,0.0023938399999998694,-0.04999999999999982
6.232857e-10,1.49991704,1.49752333,1.59895954,1.64895954,0.0023937099999999933,-0.04999999999999982
6.242857e-10,1.49991703,1.49752346,1.59895954,1.64895954,0.002393569999999956,-0.04999999999999982
6.252857e-10,1.49991703,1.49752358,1.59895954,1.64895954,0.002393450000000019,-0.04999999999999982
6.262857e-10,1.49991703,1.4975237,1.59895954,1.64895954,0.0023933300000000823,-0.04999999999999982
6.272857e-10,1.49991703,1.49752382,1.59895954,1.64895954,0.0023932099999999235,-0.04999999999999982
6.282857e-10,1.49991703,1.49752393,1.59895954,1.64895954,0.002393099999999926,-0.04999999999999982
6.292857e-10,1.49991704,1.49752404,1.59895954,1.64895954,0.0023929999999998675,-0.04999999999999982
6.302857e-10,1.49991705,1.49752416,1.59895954,1.64895954,0.002392890000000092,-0.04999999999999982
6.312857e-10,1.49991706,1.49752426,1.59895954,1.64895954,0.0023927999999999727,-0.04999999999999982
6.322857e-10,1.49991706,1.49752437,1.59895954,1.64895954,0.002392689999999975,-0.04999999999999982
6.332857e-10,1.49991708,1.49752448,1.59895954,1.64895954,0.002392599999999856,-0.04999999999999982
6.342857e-10,1.49991708,1.49752458,1.59895954,1.64895954,0.0023924999999997976,-0.04999999999999982
6.352857e-10,1.4999171,1.49752469,1.59895954,1.64895954,0.0023924099999999004,-0.04999999999999982
6.362857e-10,1.4999171,1.49752479,1.59895954,1.64895954,0.002392310000000064,-0.04999999999999982
6.372857e-10,1.49991712,1.49752489,1.59895954,1.64895954,0.002392230000000106,-0.04999999999999982
6.382857e-10,1.49991713,1.497525,1.59895954,1.64895954,0.002392130000000048,-0.04999999999999982
6.392857e-10,1.49991714,1.4975251,1.59895954,1.64895954,0.0023920399999999287,-0.04999999999999982
6.402857e-10,1.49991715,1.4975252,1.59895954,1.64895954,0.0023919500000000316,-0.04999999999999982
6.412857e-10,1.49991716,1.4975253,1.59895954,1.64895954,0.0023918600000001344,-0.04999999999999982
6.422857e-10,1.49991717,1.4975254,1.59895954,1.64895954,0.0023917700000000153,-0.04999999999999982
6.432857e-10,1.49991718,1.4975255,1.59895954,1.64895954,0.002391679999999896,-0.04999999999999982
6.442857e-10,1.49991719,1.4975256,1.59895954,1.64895954,0.002391589999999999,-0.04999999999999982
6.452857e-10,1.4999172,1.4975257,1.59895954,1.64895954,0.002391500000000102,-0.04999999999999982
6.462857e-10,1.49991721,1.4975258,1.59895954,1.64895954,0.0023914099999999827,-0.04999999999999982
6.472857e-10,1.49991722,1.4975259,1.59895954,1.64895954,0.0023913199999998636,-0.04999999999999982
6.482857e-10,1.49991723,1.497526,1.59895954,1.64895954,0.0023912300000001885,-0.04999999999999982
6.492857e-10,1.49991725,1.49752609,1.59895954,1.64895954,0.0023911599999999478,-0.04999999999999982
6.502857e-10,1.49991725,1.49752619,1.59895954,1.64895954,0.0023910599999998894,-0.04999999999999982
6.512857e-10,1.49991727,1.49752629,1.59895954,1.64895954,0.0023909800000001535,-0.04999999999999982
6.522857e-10,1.49991728,1.49752639,1.59895954,1.64895954,0.0023908900000000344,-0.04999999999999982
6.532857e-10,1.49991729,1.49752648,1.59895954,1.64895954,0.0023908099999998544,-0.04999999999999982
6.542857e-10,1.4999173,1.49752658,1.59895954,1.64895954,0.0023907199999999573,-0.04999999999999982
6.552857e-10,1.49991731,1.49752667,1.59895954,1.64895954,0.0023906399999999994,-0.04999999999999982
6.562857e-10,1.49991732,1.49752677,1.59895954,1.64895954,0.0023905500000001023,-0.04999999999999982
6.572857e-10,1.49991733,1.49752686,1.59895954,1.64895954,0.0023904699999999224,-0.04999999999999982
6.582857e-10,1.49991734,1.49752695,1.59895954,1.64895954,0.0023903900000001865,-0.04999999999999982
6.592857e-10,1.49991735,1.49752705,1.59895954,1.64895954,0.0023903000000000674,-0.04999999999999982
6.602857e-10,1.49991736,1.49752714,1.59895954,1.64895954,0.0023902199999998874,-0.04999999999999982
6.612857e-10,1.49991737,1.49752723,1.59895954,1.64895954,0.0023901399999999295,-0.04999999999999982
6.622857e-10,1.49991738,1.49752732,1.59895954,1.64895954,0.0023900599999999717,-0.04999999999999982
6.632857e-10,1.4999174,1.49752742,1.59895954,1.64895954,0.0023899800000000138,-0.04999999999999982
6.642857e-10,1.4999174,1.49752751,1.59895954,1.64895954,0.0023898899999998946,-0.04999999999999982
6.652857e-10,1.49991742,1.4975276,1.59895954,1.64895954,0.002389820000000098,-0.04999999999999982
6.662857e-10,1.49991743,1.49752769,1.59895954,1.64895954,0.002389739999999918,-0.04999999999999982
6.672857e-10,1.49991744,1.49752778,1.59895954,1.64895954,0.00238965999999996,-0.04999999999999982
6.682857e-10,1.49991745,1.49752787,1.59895954,1.64895954,0.0023895800000000023,-0.04999999999999982
6.692857e-10,1.49991746,1.49752796,1.59895954,1.64895954,0.0023895000000000444,-0.04999999999999982
6.702857e-10,1.49991747,1.49752805,1.59895954,1.64895954,0.0023894199999998644,-0.04999999999999982
6.712857e-10,1.49991748,1.49752813,1.59895954,1.64895954,0.0023893499999998458,-0.04999999999999982
6.722857e-10,1.49991749,1.49752822,1.59895954,1.64895954,0.00238927000000011,-0.04999999999999982
6.732857e-10,1.4999175,1.49752831,1.59895954,1.64895954,0.00238918999999993,-0.04999999999999982
6.742857e-10,1.49991751,1.4975284,1.59895954,1.64895954,0.002389109999999972,-0.04999999999999982
6.752857e-10,1.49991752,1.49752848,1.59895954,1.64895954,0.0023890399999999534,-0.04999999999999982
6.762857e-10,1.49991753,1.49752857,1.59895954,1.64895954,0.0023889599999999955,-0.04999999999999982
6.772857e-10,1.49991754,1.49752865,1.59895954,1.64895954,0.002388889999999977,-0.04999999999999982
6.782857e-10,1.49991755,1.49752874,1.59895954,1.64895954,0.002388810000000019,-0.04999999999999982
6.792857e-10,1.49991757,1.49752882,1.59895954,1.64895954,0.0023887499999999395,-0.04999999999999982
6.802857e-10,1.49991758,1.49752891,1.59895954,1.64895954,0.0023886699999999816,-0.04999999999999982
6.812857e-10,1.49991759,1.49752899,1.59895954,1.64895954,0.002388599999999963,-0.04999999999999982
6.822857e-10,1.4999176,1.49752908,1.59895954,1.64895954,0.002388520000000005,-0.04999999999999982
6.832857e-10,1.49991761,1.49752916,1.59895954,1.64895954,0.0023884499999999864,-0.04999999999999982
6.842857e-10,1.49991762,1.49752924,1.59895954,1.64895954,0.0023883799999999678,-0.04999999999999982
6.852857e-10,1.49991763,1.49752933,1.59895954,1.64895954,0.002388299999999788,-0.04999999999999982
6.862857e-10,1.49991764,1.49752941,1.59895954,1.64895954,0.002388229999999991,-0.04999999999999982
6.872857e-10,1.49991765,1.49752949,1.59895954,1.64895954,0.0023881599999999725,-0.04999999999999982
6.882857e-10,1.49991766,1.49752957,1.59895954,1.64895954,0.002388089999999954,-0.04999999999999982
6.892857e-10,1.49991767,1.49752965,1.59895954,1.64895954,0.0023880200000001572,-0.04999999999999982
6.902857e-10,1.49991768,1.49752973,1.59895954,1.64895954,0.0023879500000001386,-0.04999999999999982
6.912857e-10,1.49991769,1.49752981,1.59895954,1.64895954,0.002387879999999898,-0.04999999999999982
6.922857e-10,1.4999177,1.49752989,1.59895954,1.64895954,0.002387809999999879,-0.04999999999999982
6.932857e-10,1.49991771,1.49752997,1.59895954,1.64895954,0.0023877400000000826,-0.04999999999999982
6.942857e-10,1.49991772,1.49753005,1.59895954,1.64895954,0.002387670000000064,-0.04999999999999982
6.952857e-10,1.49991774,1.49753013,1.59895954,1.64895954,0.0023876100000002065,-0.04999999999999982
6.962857e-10,1.49991775,1.49753021,1.59895954,1.64895954,0.002387539999999966,-0.04999999999999982
6.972857e-10,1.49991776,1.49753028,1.59895954,1.64895954,0.0023874799999998864,-0.04999999999999982
6.982857e-10,1.49991777,1.49753036,1.59895954,1.64895954,0.0023874099999998677,-0.04999999999999982
6.992857e-10,1.49991778,1.49753044,1.59895954,1.64895954,0.002387340000000071,-0.04999999999999982
7.002857e-10,1.49991779,1.49753052,1.59895954,1.64895954,0.0023872700000000524,-0.04999999999999982
7.012857e-10,1.4999178,1.49753059,1.59895954,1.64895954,0.002387209999999973,-0.04999999999999982
7.022857e-10,1.49991781,1.49753067,1.59895954,1.64895954,0.0023871399999999543,-0.04999999999999982
7.032857e-10,1.49991782,1.49753074,1.59895954,1.64895954,0.002387080000000097,-0.04999999999999982
7.042857e-10,1.49991783,1.49753082,1.59895954,1.64895954,0.0023870100000000782,-0.04999999999999982
7.052857e-10,1.49991784,1.49753089,1.59895954,1.64895954,0.002386949999999999,-0.04999999999999982
7.062857e-10,1.49991785,1.49753097,1.59895954,1.64895954,0.002386880000000202,-0.04999999999999982
7.072857e-10,1.49991786,1.49753104,1.59895954,1.64895954,0.0023868200000001227,-0.04999999999999982
7.082857e-10,1.49991787,1.49753112,1.59895954,1.64895954,0.002386749999999882,-0.04999999999999982
7.092857e-10,1.49991788,1.49753119,1.59895954,1.64895954,0.0023866900000000246,-0.04999999999999982
7.102857e-10,1.49991789,1.49753126,1.59895954,1.64895954,0.0023866300000001672,-0.04999999999999982
7.112857e-10,1.4999179,1.49753133,1.59895954,1.64895954,0.002386570000000088,-0.04999999999999982
7.122857e-10,1.49991791,1.49753141,1.59895954,1.64895954,0.002386500000000069,-0.04999999999999982
7.132857e-10,1.49991792,1.49753148,1.59895954,1.64895954,0.0023864399999999897,-0.04999999999999982
7.142857e-10,1.49991793,1.49753155,1.59895954,1.64895954,0.0023863800000001323,-0.04999999999999982
7.152857e-10,1.49991794,1.49753162,1.59895954,1.64895954,0.002386320000000053,-0.04999999999999982
7.162857e-10,1.49991795,1.49753169,1.59895954,1.64895954,0.0023862599999999734,-0.04999999999999982
7.172857e-10,1.49991796,1.49753176,1.59895954,1.64895954,0.002386200000000116,-0.04999999999999982
7.182857e-10,1.49991797,1.49753183,1.59895954,1.64895954,0.0023861400000000366,-0.04999999999999982
7.192857e-10,1.49991798,1.4975319,1.59895954,1.64895954,0.002386079999999957,-0.04999999999999982
7.202857e-10,1.49991799,1.49753197,1.59895954,1.64895954,0.0023860199999998777,-0.04999999999999982
7.212857e-10,1.499918,1.49753204,1.59895954,1.64895954,0.0023859600000000203,-0.04999999999999982
7.222857e-10,1.49991801,1.49753211,1.59895954,1.64895954,0.002385899999999941,-0.04999999999999982
7.232857e-10,1.49991802,1.49753218,1.59895954,1.64895954,0.0023858399999998614,-0.04999999999999982
7.242857e-10,1.49991803,1.49753225,1.59895954,1.64895954,0.002385780000000004,-0.04999999999999982
7.252857e-10,1.49991805,1.49753231,1.59895954,1.64895954,0.002385740000000025,-0.04999999999999982
7.262857e-10,1.49991806,1.49753238,1.59895954,1.64895954,0.0023856799999999456,-0.04999999999999982
7.272857e-10,1.49991807,1.49753245,1.59895954,1.64895954,0.0023856200000000882,-0.04999999999999982
7.282857e-10,1.49991808,1.49753251,1.59895954,1.64895954,0.002385569999999948,-0.04999999999999982
7.292857e-10,1.49991809,1.49753258,1.59895954,1.64895954,0.0023855100000000906,-0.04999999999999982
7.302857e-10,1.49991809,1.49753265,1.59895954,1.64895954,0.002385440000000072,-0.04999999999999982
7.312857e-10,1.4999181,1.49753271,1.59895954,1.64895954,0.0023853899999999317,-0.04999999999999982
7.322857e-10,1.49991811,1.49753278,1.59895954,1.64895954,0.0023853300000000743,-0.04999999999999982
7.332857e-10,1.49991812,1.49753284,1.59895954,1.64895954,0.002385279999999934,-0.04999999999999982
7.342857e-10,1.49991813,1.49753291,1.59895954,1.64895954,0.0023852199999998547,-0.04999999999999982
7.352857e-10,1.49991814,1.49753297,1.59895954,1.64895954,0.0023851699999999365,-0.04999999999999982
7.362857e-10,1.49991815,1.49753304,1.59895954,1.64895954,0.002385110000000079,-0.04999999999999982
7.372857e-10,1.49991816,1.4975331,1.59895954,1.64895954,0.002385059999999939,-0.04999999999999982
7.382857e-10,1.49991817,1.49753316,1.59895954,1.64895954,0.0023850100000000207,-0.04999999999999982
7.392857e-10,1.49991818,1.49753323,1.59895954,1.64895954,0.0023849500000001633,-0.04999999999999982
7.402857e-10,1.49991819,1.49753329,1.59895954,1.64895954,0.002384900000000023,-0.04999999999999982
7.412857e-10,1.4999182,1.49753335,1.59895954,1.64895954,0.002384849999999883,-0.04999999999999982
7.422857e-10,1.49991821,1.49753342,1.59895954,1.64895954,0.0023847900000000255,-0.04999999999999982
7.432857e-10,1.49991822,1.49753348,1.59895954,1.64895954,0.0023847400000001073,-0.04999999999999982
7.442857e-10,1.49991823,1.49753354,1.59895954,1.64895954,0.002384689999999967,-0.04999999999999982
7.452857e-10,1.49991824,1.4975336,1.59895954,1.64895954,0.002384640000000049,-0.04999999999999982
7.462857e-10,1.49991825,1.49753366,1.59895954,1.64895954,0.0023845899999999087,-0.04999999999999982
7.472857e-10,1.49991826,1.49753372,1.59895954,1.64895954,0.0023845399999999906,-0.04999999999999982
7.482857e-10,1.49991827,1.49753378,1.59895954,1.64895954,0.0023844900000000724,-0.04999999999999982
7.492857e-10,1.49991828,1.49753384,1.59895954,1.64895954,0.002384439999999932,-0.04999999999999982
7.502857e-10,1.49991829,1.4975339,1.59895954,1.64895954,0.002384390000000014,-0.04999999999999982
7.512857e-10,1.4999183,1.49753396,1.59895954,1.64895954,0.002384340000000096,-0.04999999999999982
7.522857e-10,1.49991831,1.49753402,1.59895954,1.64895954,0.0023842899999999556,-0.04999999999999982
7.532857e-10,1.49991832,1.49753408,1.59895954,1.64895954,0.0023842399999998154,-0.04999999999999982
7.542857e-10,1.49991833,1.49753414,1.59895954,1.64895954,0.0023841900000001193,-0.04999999999999982
7.552857e-10,1.49991834,1.4975342,1.59895954,1.64895954,0.002384139999999979,-0.04999999999999982
7.562857e-10,1.49991834,1.49753426,1.59895954,1.64895954,0.0023840800000001217,-0.04999999999999982
7.572857e-10,1.49991835,1.49753431,1.59895954,1.64895954,0.0023840399999999207,-0.04999999999999982
7.582857e-10,1.49991836,1.49753437,1.59895954,1.64895954,0.0023839900000000025,-0.04999999999999982
7.592857e-10,1.49991837,1.49753443,1.59895954,1.64895954,0.0023839400000000843,-0.04999999999999982
7.602857e-10,1.49991838,1.49753449,1.59895954,1.64895954,0.002383889999999944,-0.04999999999999982
7.612857e-10,1.49991839,1.49753454,1.59895954,1.64895954,0.002383849999999965,-0.04999999999999982
7.622857e-10,1.4999184,1.4975346,1.59895954,1.64895954,0.002383800000000047,-0.04999999999999982
7.632857e-10,1.49991841,1.49753466,1.59895954,1.64895954,0.002383750000000129,-0.04999999999999982
7.642857e-10,1.49991842,1.49753471,1.59895954,1.64895954,0.002383709999999928,-0.04999999999999982
7.652857e-10,1.49991843,1.49753477,1.59895954,1.64895954,0.0023836600000000097,-0.04999999999999982
7.662857e-10,1.49991844,1.49753482,1.59895954,1.64895954,0.0023836200000000307,-0.04999999999999982
7.672857e-10,1.49991844,1.49753488,1.59895954,1.64895954,0.0023835600000001733,-0.04999999999999982
7.682857e-10,1.49991845,1.49753493,1.59895954,1.64895954,0.0023835199999999723,-0.04999999999999982
7.692857e-10,1.49991846,1.49753499,1.59895954,1.64895954,0.002383470000000054,-0.04999999999999982
7.702857e-10,1.49991847,1.49753504,1.59895954,1.64895954,0.002383429999999853,-0.04999999999999982
7.712857e-10,1.49991848,1.49753509,1.59895954,1.64895954,0.0023833900000000963,-0.04999999999999982
7.722857e-10,1.49991849,1.49753515,1.59895954,1.64895954,0.002383339999999956,-0.04999999999999982
7.732857e-10,1.4999185,1.4975352,1.59895954,1.64895954,0.002383299999999977,-0.04999999999999982
7.742857e-10,1.49991851,1.49753526,1.59895954,1.64895954,0.002383250000000059,-0.04999999999999982
7.752857e-10,1.49991851,1.49753531,1.59895954,1.64895954,0.0023832000000001408,-0.04999999999999982
7.762857e-10,1.49991852,1.49753536,1.59895954,1.64895954,0.0023831599999999398,-0.04999999999999982
7.772857e-10,1.49991853,1.49753541,1.59895954,1.64895954,0.002383119999999961,-0.04999999999999982
7.782857e-10,1.49991854,1.49753547,1.59895954,1.64895954,0.0023830699999998206,-0.04999999999999982
7.792857e-10,1.49991855,1.49753552,1.59895954,1.64895954,0.0023830300000000637,-0.04999999999999982
7.802857e-10,1.49991856,1.49753557,1.59895954,1.64895954,0.0023829900000000848,-0.04999999999999982
7.812857e-10,1.49991857,1.49753562,1.59895954,1.64895954,0.0023829499999998838,-0.04999999999999982
7.822857e-10,1.49991857,1.49753567,1.59895954,1.64895954,0.0023828999999999656,-0.04999999999999982
7.832857e-10,1.49991858,1.49753572,1.59895954,1.64895954,0.0023828599999999867,-0.04999999999999982
7.842857e-10,1.49991859,1.49753577,1.59895954,1.64895954,0.0023828200000000077,-0.04999999999999982
7.852857e-10,1.4999186,1.49753582,1.59895954,1.64895954,0.0023827800000000288,-0.04999999999999982
7.862857e-10,1.49991861,1.49753587,1.59895954,1.64895954,0.0023827399999998278,-0.04999999999999982
7.872857e-10,1.49991862,1.49753592,1.59895954,1.64895954,0.002382700000000071,-0.04999999999999982
7.882857e-10,1.49991862,1.49753597,1.59895954,1.64895954,0.0023826500000001527,-0.04999999999999982
7.892857e-10,1.49991863,1.49753602,1.59895954,1.64895954,0.0023826099999999517,-0.04999999999999982
7.902857e-10,1.49991864,1.49753607,1.59895954,1.64895954,0.0023825699999999728,-0.04999999999999982
7.912857e-10,1.49991865,1.49753612,1.59895954,1.64895954,0.002382529999999994,-0.04999999999999982
7.922857e-10,1.49991866,1.49753617,1.59895954,1.64895954,0.002382490000000015,-0.04999999999999982
7.932857e-10,1.49991867,1.49753622,1.59895954,1.64895954,0.002382450000000036,-0.04999999999999982
7.942857e-10,1.49991867,1.49753627,1.59895954,1.64895954,0.0023824000000001178,-0.04999999999999982
7.952857e-10,1.49991868,1.49753631,1.59895954,1.64895954,0.002382369999999856,-0.04999999999999982
7.962857e-10,1.49991869,1.49753636,1.59895954,1.64895954,0.002382330000000099,-0.04999999999999982
7.972857e-10,1.4999187,1.49753641,1.59895954,1.64895954,0.00238229000000012,-0.04999999999999982
7.982857e-10,1.49991871,1.49753646,1.59895954,1.64895954,0.002382249999999919,-0.04999999999999982
7.992857e-10,1.49991871,1.4975365,1.59895954,1.64895954,0.00238220999999994,-0.04999999999999982
8.002857e-10,1.49991872,1.49753655,1.59895954,1.64895954,0.0023821699999999613,-0.04999999999999982
8.012857e-10,1.49991873,1.4975366,1.59895954,1.64895954,0.0023821299999999823,-0.04999999999999982
8.022857e-10,1.49991874,1.49753664,1.59895954,1.64895954,0.0023820999999999426,-0.04999999999999982
8.032857e-10,1.49991875,1.49753669,1.59895954,1.64895954,0.0023820599999999637,-0.04999999999999982
8.042857e-10,1.49991875,1.49753673,1.59895954,1.64895954,0.0023820199999999847,-0.04999999999999982
8.052857e-10,1.49991876,1.49753678,1.59895954,1.64895954,0.0023819800000000058,-0.04999999999999982
8.062857e-10,1.49991877,1.49753683,1.59895954,1.64895954,0.002381940000000027,-0.04999999999999982
8.072857e-10,1.49991878,1.49753687,1.59895954,1.64895954,0.002381909999999987,-0.04999999999999982
8.082857e-10,1.49991878,1.49753692,1.59895954,1.64895954,0.002381860000000069,-0.04999999999999982
8.092857e-10,1.49991879,1.49753696,1.59895954,1.64895954,0.002381830000000029,-0.04999999999999982
8.102857e-10,1.4999188,1.497537,1.59895954,1.64895954,0.0023818000000002115,-0.04999999999999982
8.112857e-10,1.49991881,1.49753705,1.59895954,1.64895954,0.0023817600000000105,-0.04999999999999982
8.122857e-10,1.49991881,1.49753709,1.59895954,1.64895954,0.0023817200000000316,-0.04999999999999982
8.132857e-10,1.49991882,1.49753714,1.59895954,1.64895954,0.0023816800000000526,-0.04999999999999982
8.142857e-10,1.49991883,1.49753718,1.59895954,1.64895954,0.002381650000000013,-0.04999999999999982
8.152857e-10,1.49991884,1.49753722,1.59895954,1.64895954,0.0023816200000001952,-0.04999999999999982
8.162857e-10,1.49991885,1.49753727,1.59895954,1.64895954,0.0023815799999999943,-0.04999999999999982
8.172857e-10,1.49991885,1.49753731,1.59895954,1.64895954,0.0023815400000000153,-0.04999999999999982
8.182857e-10,1.49991886,1.49753735,1.59895954,1.64895954,0.0023815099999999756,-0.04999999999999982
8.192857e-10,1.49991887,1.4975374,1.59895954,1.64895954,0.0023814699999999966,-0.04999999999999982
8.202857e-10,1.49991887,1.49753744,1.59895954,1.64895954,0.0023814299999997957,-0.04999999999999982
8.212857e-10,1.49991888,1.49753748,1.59895954,1.64895954,0.002381399999999978,-0.04999999999999982
8.222857e-10,1.49991889,1.49753752,1.59895954,1.64895954,0.0023813699999999383,-0.04999999999999982
8.232857e-10,1.4999189,1.49753756,1.59895954,1.64895954,0.0023813399999998985,-0.04999999999999982
8.242857e-10,1.4999189,1.49753761,1.59895954,1.64895954,0.0023812899999999804,-0.04999999999999982
8.252857e-10,1.49991891,1.49753765,1.59895954,1.64895954,0.0023812600000001627,-0.04999999999999982
8.262857e-10,1.49991892,1.49753769,1.59895954,1.64895954,0.002381230000000123,-0.04999999999999982
8.272857e-10,1.49991893,1.49753773,1.59895954,1.64895954,0.0023812000000000833,-0.04999999999999982
8.282857e-10,1.49991893,1.49753777,1.59895954,1.64895954,0.0023811599999998823,-0.04999999999999982
8.292857e-10,1.49991894,1.49753781,1.59895954,1.64895954,0.0023811299999998425,-0.04999999999999982
8.302857e-10,1.49991895,1.49753785,1.59895954,1.64895954,0.002381100000000025,-0.04999999999999982
8.312857e-10,1.49991895,1.49753789,1.59895954,1.64895954,0.002381060000000046,-0.04999999999999982
8.322857e-10,1.49991896,1.49753793,1.59895954,1.64895954,0.002381030000000006,-0.04999999999999982
8.332857e-10,1.49991897,1.49753797,1.59895954,1.64895954,0.0023809999999999665,-0.04999999999999982
8.342857e-10,1.49991897,1.49753801,1.59895954,1.64895954,0.0023809599999999875,-0.04999999999999982
8.352857e-10,1.49991898,1.49753805,1.59895954,1.64895954,0.002380929999999948,-0.04999999999999982
8.362857e-10,1.49991899,1.49753809,1.59895954,1.64895954,0.00238090000000013,-0.04999999999999982
8.372857e-10,1.49991899,1.49753813,1.59895954,1.64895954,0.002380860000000151,-0.04999999999999982
8.382857e-10,1.499919,1.49753817,1.59895954,1.64895954,0.0023808300000001115,-0.04999999999999982
8.392857e-10,1.49991901,1.4975382,1.59895954,1.64895954,0.002380810000000011,-0.04999999999999982
8.402857e-10,1.49991902,1.49753824,1.59895954,1.64895954,0.0023807800000001933,-0.04999999999999982
8.412857e-10,1.49991902,1.49753828,1.59895954,1.64895954,0.0023807399999999923,-0.04999999999999982
8.422857e-10,1.49991903,1.49753832,1.59895954,1.64895954,0.0023807099999999526,-0.04999999999999982
8.432857e-10,1.49991904,1.49753836,1.59895954,1.64895954,0.002380679999999913,-0.04999999999999982
8.442857e-10,1.49991904,1.49753839,1.59895954,1.64895954,0.002380649999999873,-0.04999999999999982
8.452857e-10,1.49991905,1.49753843,1.59895954,1.64895954,0.0023806199999998334,-0.04999999999999982
8.462857e-10,1.49991906,1.49753847,1.59895954,1.64895954,0.0023805900000000157,-0.04999999999999982
8.472857e-10,1.49991906,1.49753851,1.59895954,1.64895954,0.002380550000000037,-0.04999999999999982
8.482857e-10,1.49991907,1.49753854,1.59895954,1.64895954,0.0023805299999999363,-0.04999999999999982
8.492857e-10,1.49991907,1.49753858,1.59895954,1.64895954,0.0023804899999999574,-0.04999999999999982
8.502857e-10,1.49991908,1.49753862,1.59895954,1.64895954,0.0023804599999999176,-0.04999999999999982
8.512857e-10,1.49991909,1.49753865,1.59895954,1.64895954,0.002380439999999817,-0.04999999999999982
8.522857e-10,1.49991909,1.49753869,1.59895954,1.64895954,0.002380399999999838,-0.04999999999999982
8.532857e-10,1.4999191,1.49753872,1.59895954,1.64895954,0.0023803799999999598,-0.04999999999999982
8.542857e-10,1.49991911,1.49753876,1.59895954,1.64895954,0.00238034999999992,-0.04999999999999982
8.552857e-10,1.49991911,1.4975388,1.59895954,1.64895954,0.002380309999999941,-0.04999999999999982
8.562857e-10,1.49991912,1.49753883,1.59895954,1.64895954,0.0023802899999998406,-0.04999999999999982
8.572857e-10,1.49991913,1.49753887,1.59895954,1.64895954,0.002380260000000023,-0.04999999999999982
8.582857e-10,1.49991913,1.4975389,1.59895954,1.64895954,0.0023802300000002052,-0.04999999999999982
8.592857e-10,1.49991914,1.49753894,1.59895954,1.64895954,0.0023801999999999435,-0.04999999999999982
8.602857e-10,1.49991914,1.49753897,1.59895954,1.64895954,0.002380170000000126,-0.04999999999999982
8.612857e-10,1.49991915,1.49753901,1.59895954,1.64895954,0.002380140000000086,-0.04999999999999982
8.622857e-10,1.49991916,1.49753904,1.59895954,1.64895954,0.0023801199999999856,-0.04999999999999982
8.632857e-10,1.49991916,1.49753907,1.59895954,1.64895954,0.002380089999999946,-0.04999999999999982
8.642857e-10,1.49991917,1.49753911,1.59895954,1.64895954,0.002380060000000128,-0.04999999999999982
8.652857e-10,1.49991918,1.49753914,1.59895954,1.64895954,0.0023800400000000277,-0.04999999999999982
8.662857e-10,1.49991918,1.49753918,1.59895954,1.64895954,0.0023800000000000487,-0.04999999999999982
8.672857e-10,1.49991919,1.49753921,1.59895954,1.64895954,0.0023799799999999482,-0.04999999999999982
8.682857e-10,1.49991919,1.49753924,1.59895954,1.64895954,0.0023799499999999085,-0.04999999999999982
8.692857e-10,1.4999192,1.49753928,1.59895954,1.64895954,0.002379919999999869,-0.04999999999999982
8.702857e-10,1.49991921,1.49753931,1.59895954,1.64895954,0.0023798999999999904,-0.04999999999999982
8.712857e-10,1.49991921,1.49753934,1.59895954,1.64895954,0.0023798699999999506,-0.04999999999999982
8.722857e-10,1.49991922,1.49753938,1.59895954,1.64895954,0.002379839999999911,-0.04999999999999982
8.732857e-10,1.49991922,1.49753941,1.59895954,1.64895954,0.0023798100000000932,-0.04999999999999982
8.742857e-10,1.49991923,1.49753944,1.59895954,1.64895954,0.0023797899999999927,-0.04999999999999982
8.752857e-10,1.49991923,1.49753947,1.59895954,1.64895954,0.002379759999999953,-0.04999999999999982
8.762857e-10,1.49991924,1.49753951,1.59895954,1.64895954,0.0023797300000001353,-0.04999999999999982
8.772857e-10,1.49991925,1.49753954,1.59895954,1.64895954,0.002379710000000035,-0.04999999999999982
8.782857e-10,1.49991925,1.49753957,1.59895954,1.64895954,0.002379679999999995,-0.04999999999999982
8.792857e-10,1.49991926,1.4975396,1.59895954,1.64895954,0.0023796599999998946,-0.04999999999999982
8.802857e-10,1.49991926,1.49753963,1.59895954,1.64895954,0.002379630000000077,-0.04999999999999982
8.812857e-10,1.49991927,1.49753966,1.59895954,1.64895954,0.0023796099999999765,-0.04999999999999982
8.822857e-10,1.49991927,1.49753969,1.59895954,1.64895954,0.0023795799999999367,-0.04999999999999982
8.832857e-10,1.49991928,1.49753973,1.59895954,1.64895954,0.002379550000000119,-0.04999999999999982
8.842857e-10,1.49991929,1.49753976,1.59895954,1.64895954,0.0023795300000000186,-0.04999999999999982
8.852857e-10,1.49991929,1.49753979,1.59895954,1.64895954,0.002379499999999979,-0.04999999999999982
8.862857e-10,1.4999193,1.49753982,1.59895954,1.64895954,0.0023794799999998784,-0.04999999999999982
8.872857e-10,1.4999193,1.49753985,1.59895954,1.64895954,0.0023794500000000607,-0.04999999999999982
8.882857e-10,1.49991931,1.49753988,1.59895954,1.64895954,0.00237942999999996,-0.04999999999999982
8.892857e-10,1.49991931,1.49753991,1.59895954,1.64895954,0.0023793999999999205,-0.04999999999999982
8.902857e-10,1.49991932,1.49753994,1.59895954,1.64895954,0.002379380000000042,-0.04999999999999982
8.912857e-10,1.49991932,1.49753997,1.59895954,1.64895954,0.0023793500000000023,-0.04999999999999982
8.922857e-10,1.49991933,1.49754,1.59895954,1.64895954,0.002379329999999902,-0.04999999999999982
8.932857e-10,1.49991934,1.49754003,1.59895954,1.64895954,0.0023793100000000234,-0.04999999999999982
8.942857e-10,1.49991934,1.49754006,1.59895954,1.64895954,0.0023792799999999836,-0.04999999999999982
8.952857e-10,1.49991935,1.49754009,1.59895954,1.64895954,0.002379260000000105,-0.04999999999999982
8.962857e-10,1.49991935,1.49754012,1.59895954,1.64895954,0.0023792300000000655,-0.04999999999999982
8.972857e-10,1.49991936,1.49754014,1.59895954,1.64895954,0.0023792200000001262,-0.04999999999999982
8.982857e-10,1.49991936,1.49754017,1.59895954,1.64895954,0.0023791900000000865,-0.04999999999999982
8.992857e-10,1.49991937,1.4975402,1.59895954,1.64895954,0.002379169999999986,-0.04999999999999982
9.002857e-10,1.49991937,1.49754023,1.59895954,1.64895954,0.0023791399999999463,-0.04999999999999982
9.012857e-10,1.49991938,1.49754026,1.59895954,1.64895954,0.002379119999999846,-0.04999999999999982
9.022857e-10,1.49991938,1.49754029,1.59895954,1.64895954,0.002379089999999806,-0.04999999999999982
9.032857e-10,1.49991939,1.49754031,1.59895954,1.64895954,0.002379080000000089,-0.04999999999999982
9.042857e-10,1.49991939,1.49754034,1.59895954,1.64895954,0.002379050000000049,-0.04999999999999982
9.052857e-10,1.4999194,1.49754037,1.59895954,1.64895954,0.0023790299999999487,-0.04999999999999982
9.062857e-10,1.4999194,1.4975404,1.59895954,1.64895954,0.002378999999999909,-0.04999999999999982
9.072857e-10,1.49991941,1.49754043,1.59895954,1.64895954,0.0023789800000000305,-0.04999999999999982
9.082857e-10,1.49991941,1.49754045,1.59895954,1.64895954,0.00237895999999993,-0.04999999999999982
9.092857e-10,1.49991942,1.49754048,1.59895954,1.64895954,0.0023789399999998295,-0.04999999999999982
9.102857e-10,1.49991942,1.49754051,1.59895954,1.64895954,0.00237890999999979,-0.04999999999999982
9.112857e-10,1.49991943,1.49754053,1.59895954,1.64895954,0.0023789000000000726,-0.04999999999999982
9.122857e-10,1.49991943,1.49754056,1.59895954,1.64895954,0.002378870000000033,-0.04999999999999982
9.132857e-10,1.49991944,1.49754059,1.59895954,1.64895954,0.0023788499999999324,-0.04999999999999982
9.142857e-10,1.49991944,1.49754061,1.59895954,1.64895954,0.002378830000000054,-0.04999999999999982
9.152857e-10,1.49991945,1.49754064,1.59895954,1.64895954,0.0023788099999999535,-0.04999999999999982
9.162857e-10,1.49991945,1.49754067,1.59895954,1.64895954,0.0023787799999999137,-0.04999999999999982
9.172857e-10,1.49991946,1.49754069,1.59895954,1.64895954,0.0023787700000001966,-0.04999999999999982
9.182857e-10,1.49991946,1.49754072,1.59895954,1.64895954,0.002378740000000157,-0.04999999999999982
9.192857e-10,1.49991947,1.49754075,1.59895954,1.64895954,0.0023787200000000563,-0.04999999999999982
9.202857e-10,1.49991947,1.49754077,1.59895954,1.64895954,0.002378699999999956,-0.04999999999999982
9.212857e-10,1.49991948,1.4975408,1.59895954,1.64895954,0.0023786800000000774,-0.04999999999999982
9.222857e-10,1.49991948,1.49754082,1.59895954,1.64895954,0.002378659999999977,-0.04999999999999982
9.232857e-10,1.49991949,1.49754085,1.59895954,1.64895954,0.0023786399999998764,-0.04999999999999982
9.242857e-10,1.49991949,1.49754087,1.59895954,1.64895954,0.002378619999999998,-0.04999999999999982
9.252857e-10,1.49991949,1.4975409,1.59895954,1.64895954,0.0023785899999999582,-0.04999999999999982
9.262857e-10,1.4999195,1.49754092,1.59895954,1.64895954,0.002378580000000019,-0.04999999999999982
9.272857e-10,1.4999195,1.49754095,1.59895954,1.64895954,0.0023785499999999793,-0.04999999999999982
9.282857e-10,1.49991951,1.49754097,1.59895954,1.64895954,0.00237854000000004,-0.04999999999999982
9.292857e-10,1.49991951,1.497541,1.59895954,1.64895954,0.0023785100000000003,-0.04999999999999982
9.302857e-10,1.49991952,1.49754102,1.59895954,1.64895954,0.002378500000000061,-0.04999999999999982
9.312857e-10,1.49991952,1.49754105,1.59895954,1.64895954,0.0023784700000000214,-0.04999999999999982
9.322857e-10,1.49991953,1.49754107,1.59895954,1.64895954,0.00237845999999986,-0.04999999999999982
9.332857e-10,1.49991953,1.4975411,1.59895954,1.64895954,0.0023784299999998204,-0.04999999999999982
9.342857e-10,1.49991954,1.49754112,1.59895954,1.64895954,0.0023784200000001032,-0.04999999999999982
9.352857e-10,1.49991954,1.49754114,1.59895954,1.64895954,0.0023784000000000027,-0.04999999999999982
9.362857e-10,1.49991954,1.49754117,1.59895954,1.64895954,0.002378369999999963,-0.04999999999999982
9.372857e-10,1.49991955,1.49754119,1.59895954,1.64895954,0.002378360000000024,-0.04999999999999982
9.382857e-10,1.49991955,1.49754122,1.59895954,1.64895954,0.002378329999999984,-0.04999999999999982
9.392857e-10,1.49991956,1.49754124,1.59895954,1.64895954,0.002378319999999823,-0.04999999999999982
9.402857e-10,1.49991956,1.49754126,1.59895954,1.64895954,0.0023782999999999443,-0.04999999999999982
9.412857e-10,1.49991957,1.49754129,1.59895954,1.64895954,0.002378280000000066,-0.04999999999999982
9.422857e-10,1.49991957,1.49754131,1.59895954,1.64895954,0.0023782600000001874,-0.04999999999999982
9.432857e-10,1.49991957,1.49754133,1.59895954,1.64895954,0.002378240000000087,-0.04999999999999982
9.442857e-10,1.49991958,1.49754136,1.59895954,1.64895954,0.0023782199999999865,-0.04999999999999982
9.452857e-10,1.49991958,1.49754138,1.59895954,1.64895954,0.002378200000000108,-0.04999999999999982
9.462857e-10,1.49991959,1.4975414,1.59895954,1.64895954,0.0023781899999999467,-0.04999999999999982
9.472857e-10,1.49991959,1.49754142,1.59895954,1.64895954,0.0023781700000000683,-0.04999999999999982
9.482857e-10,1.4999196,1.49754145,1.59895954,1.64895954,0.002378149999999968,-0.04999999999999982
9.492857e-10,1.4999196,1.49754147,1.59895954,1.64895954,0.0023781299999998673,-0.04999999999999982
9.502857e-10,1.4999196,1.49754149,1.59895954,1.64895954,0.002378109999999989,-0.04999999999999982
9.512857e-10,1.49991961,1.49754151,1.59895954,1.64895954,0.0023781000000000496,-0.04999999999999982
9.522857e-10,1.49991961,1.49754153,1.59895954,1.64895954,0.002378080000000171,-0.04999999999999982
9.532857e-10,1.49991962,1.49754156,1.59895954,1.64895954,0.0023780600000000707,-0.04999999999999982
9.542857e-10,1.49991962,1.49754158,1.59895954,1.64895954,0.00237803999999997,-0.04999999999999982
9.552857e-10,1.49991962,1.4975416,1.59895954,1.64895954,0.0023780200000000917,-0.04999999999999982
9.562857e-10,1.49991963,1.49754162,1.59895954,1.64895954,0.0023780099999999305,-0.04999999999999982
9.572857e-10,1.49991963,1.49754164,1.59895954,1.64895954,0.002377990000000052,-0.04999999999999982
9.582857e-10,1.49991964,1.49754166,1.59895954,1.64895954,0.0023779800000001128,-0.04999999999999982
9.592857e-10,1.49991964,1.49754169,1.59895954,1.64895954,0.002377950000000073,-0.04999999999999982
9.602857e-10,1.49991964,1.49754171,1.59895954,1.64895954,0.0023779300000001946,-0.04999999999999982
9.612857e-10,1.49991965,1.49754173,1.59895954,1.64895954,0.0023779200000000333,-0.04999999999999982
9.622857e-10,1.49991965,1.49754175,1.59895954,1.64895954,0.002377900000000155,-0.04999999999999982
9.632857e-10,1.49991966,1.49754177,1.59895954,1.64895954,0.0023778899999999936,-0.04999999999999982
9.642857e-10,1.49991966,1.49754179,1.59895954,1.64895954,0.002377869999999893,-0.04999999999999982
9.652857e-10,1.49991966,1.49754181,1.59895954,1.64895954,0.0023778500000000147,-0.04999999999999982
9.662857e-10,1.49991967,1.49754183,1.59895954,1.64895954,0.0023778399999998534,-0.04999999999999982
9.672857e-10,1.49991967,1.49754185,1.59895954,1.64895954,0.002377819999999975,-0.04999999999999982
9.682857e-10,1.49991968,1.49754187,1.59895954,1.64895954,0.0023778100000000357,-0.04999999999999982
9.692857e-10,1.49991968,1.49754189,1.59895954,1.64895954,0.0023777900000001573,-0.04999999999999982
9.702857e-10,1.49991968,1.49754191,1.59895954,1.64895954,0.0023777700000000568,-0.04999999999999982
9.712857e-10,1.49991969,1.49754193,1.59895954,1.64895954,0.0023777600000001176,-0.04999999999999982
9.722857e-10,1.49991969,1.49754195,1.59895954,1.64895954,0.002377740000000017,-0.04999999999999982
9.732857e-10,1.49991969,1.49754197,1.59895954,1.64895954,0.0023777200000001386,-0.04999999999999982
9.742857e-10,1.4999197,1.49754199,1.59895954,1.64895954,0.0023777099999999773,-0.04999999999999982
9.752857e-10,1.4999197,1.49754201,1.59895954,1.64895954,0.002377689999999877,-0.04999999999999982
9.762857e-10,1.49991971,1.49754203,1.59895954,1.64895954,0.0023776799999999376,-0.04999999999999982
9.772857e-10,1.49991971,1.49754205,1.59895954,1.64895954,0.002377659999999837,-0.04999999999999982
9.782857e-10,1.49991971,1.49754207,1.59895954,1.64895954,0.0023776399999999587,-0.04999999999999982
9.792857e-10,1.49991972,1.49754209,1.59895954,1.64895954,0.0023776300000000195,-0.04999999999999982
9.802857e-10,1.49991972,1.49754211,1.59895954,1.64895954,0.002377610000000141,-0.04999999999999982
9.812857e-10,1.49991972,1.49754213,1.59895954,1.64895954,0.0023775900000000405,-0.04999999999999982
9.822857e-10,1.49991973,1.49754215,1.59895954,1.64895954,0.0023775800000001013,-0.04999999999999982
9.832857e-10,1.49991973,1.49754217,1.59895954,1.64895954,0.002377560000000001,-0.04999999999999982
9.842857e-10,1.49991973,1.49754219,1.59895954,1.64895954,0.0023775399999999003,-0.04999999999999982
9.852857e-10,1.49991974,1.4975422,1.59895954,1.64895954,0.0023775399999999003,-0.04999999999999982
9.862857e-10,1.49991974,1.49754222,1.59895954,1.64895954,0.002377520000000022,-0.04999999999999982
9.872857e-10,1.49991974,1.49754224,1.59895954,1.64895954,0.0023774999999999213,-0.04999999999999982
9.882857e-10,1.49991975,1.49754226,1.59895954,1.64895954,0.002377490000000204,-0.04999999999999982
9.892857e-10,1.49991975,1.49754228,1.59895954,1.64895954,0.0023774700000001037,-0.04999999999999982
9.902857e-10,1.49991975,1.4975423,1.59895954,1.64895954,0.002377450000000003,-0.04999999999999982
9.912857e-10,1.49991976,1.49754232,1.59895954,1.64895954,0.002377440000000064,-0.04999999999999982
9.922857e-10,1.49991976,1.49754233,1.59895954,1.64895954,0.0023774300000001247,-0.04999999999999982
9.932857e-10,1.49991976,1.49754235,1.59895954,1.64895954,0.0023774100000000242,-0.04999999999999982
9.942857e-10,1.49991977,1.49754237,1.59895954,1.64895954,0.002377400000000085,-0.04999999999999982
9.952857e-10,1.49991977,1.49754239,1.59895954,1.64895954,0.0023773799999999845,-0.04999999999999982
9.962857e-10,1.49991977,1.49754241,1.59895954,1.64895954,0.002377359999999884,-0.04999999999999982
9.972857e-10,1.49991978,1.49754242,1.59895954,1.64895954,0.002377359999999884,-0.04999999999999982
9.982857e-10,1.49991978,1.49754244,1.59895954,1.64895954,0.0023773400000000056,-0.04999999999999982
9.992857e-10,1.49991978,1.49754246,1.59895954,1.64895954,0.002377319999999905,-0.04999999999999982
1.0002857e-09,1.49991979,1.49754248,1.59895954,1.64895954,0.002377310000000188,-0.04999999999999982
1.0012857e-09,1.49991979,1.49754249,1.59895954,1.64895954,0.0023773000000000266,-0.04999999999999982
1.0022857e-09,1.49991979,1.49754251,1.59895954,1.64895954,0.002377280000000148,-0.04999999999999982
1.0032857e-09,1.4999198,1.49754253,1.59895954,1.64895954,0.002377269999999987,-0.04999999999999982
1.0042857e-09,1.4999198,1.49754254,1.59895954,1.64895954,0.0023772600000000477,-0.04999999999999982
1.0052857e-09,1.4999198,1.49754256,1.59895954,1.64895954,0.002377239999999947,-0.04999999999999982
1.0062857e-09,1.49991981,1.49754258,1.59895954,1.64895954,0.002377230000000008,-0.04999999999999982
1.0072857e-09,1.49991981,1.49754259,1.59895954,1.64895954,0.0023772200000000687,-0.04999999999999982
1.0082857e-09,1.49991981,1.49754261,1.59895954,1.64895954,0.0023771999999999682,-0.04999999999999982
1.0092857e-09,1.49991982,1.49754263,1.59895954,1.64895954,0.002377189999999807,-0.04999999999999982
1.0102857e-09,1.49991982,1.49754264,1.59895954,1.64895954,0.0023771799999998677,-0.04999999999999982
1.0112857e-09,1.49991982,1.49754266,1.59895954,1.64895954,0.0023771599999999893,-0.04999999999999982
1.0122857e-09,1.49991983,1.49754268,1.59895954,1.64895954,0.00237715000000005,-0.04999999999999982
1.0132857e-09,1.49991983,1.49754269,1.59895954,1.64895954,0.002377140000000111,-0.04999999999999982
1.0142857e-09,1.49991983,1.49754271,1.59895954,1.64895954,0.0023771200000000103,-0.04999999999999982
1.0152857e-09,1.49991984,1.49754273,1.59895954,1.64895954,0.002377110000000071,-0.04999999999999982
1.0162857e-09,1.49991984,1.49754274,1.59895954,1.64895954,0.00237709999999991,-0.04999999999999982
1.0172857e-09,1.49991984,1.49754276,1.59895954,1.64895954,0.0023770800000000314,-0.04999999999999982
1.017857e-09,1.49991984,1.49754277,1.59895954,1.64895954,0.002377070000000092,-0.04999999999999982
