time_s,v_outp,v_outn,v_inp,v_inn,vod,vid
0.0,1.54336199,1.4553984,1.59895954,1.64895954,0.08796358999999998,-0.04999999999999982
5e-15,1.54336199,1.4553984,1.59895954,1.64895954,0.08796358999999998,-0.04999999999999982
1e-14,1.54336199,1.4553984,1.59895954,1.64895954,0.08796358999999998,-0.04999999999999982
2e-14,1.54336199,1.4553984,1.59895954,1.64895954,0.08796358999999998,-0.04999999999999982
4e-14,1.54336199,1.4553984,1.59895954,1.64895954,0.08796358999999998,-0.04999999999999982
8e-14,1.54336199,1.4553984,1.59895954,1.64895954,0.08796358999999998,-0.04999999999999982
1.6e-13,1.54336199,1.4553984,1.59895954,1.64895954,0.08796358999999998,-0.04999999999999982
3.2e-13,1.54336199,1.4553984,1.59895954,1.64895954,0.08796358999999998,-0.04999999999999982
6.4e-13,1.54336199,1.4553984,1.59895954,1.64895954,0.08796358999999998,-0.04999999999999982
1.28e-12,1.54336199,1.4553984,1.59895954,1.64895954,0.08796358999999998,-0.04999999999999982
2.28e-12,1.54336199,1.4553984,1.59895954,1.64895954,0.08796358999999998,-0.04999999999999982
3.28e-12,1.54336199,1.4553984,1.59895954,1.64895954,0.08796358999999998,-0.04999999999999982
4.28e-12,1.54336199,1.4553984,1.59895954,1.64895954,0.08796358999999998,-0.04999999999999982
5.28e-12,1.54336199,1.4553984,1.59895954,1.64895954,0.08796358999999998,-0.04999999999999982
6.28e-12,1.54336199,1.4553984,1.59895954,1.64895954,0.08796358999999998,-0.04999999999999982
7.28e-12,1.54336199,1.4553984,1.59895954,1.64895954,0.08796358999999998,-0.04999999999999982
8.28e-12,1.54336199,1.4553984,1.59895954,1.64895954,0.08796358999999998,-0.04999999999999982
9.28e-12,1.54336199,1.4553984,1.59895954,1.64895954,0.08796358999999998,-0.04999999999999982
1.028e-11,1.54336199,1.4553984,1.59895954,1.64895954,0.08796358999999998,-0.04999999999999982
1.128e-11,1.54336199,1.4553984,1.59895954,1.64895954,0.08796358999999998,-0.04999999999999982
1.228e-11,1.54336199,1.4553984,1.59895954,1.64895954,0.08796358999999998,-0.04999999999999982
1.328e-11,1.54336199,1.4553984,1.59895954,1.64895954,0.08796358999999998,-0.04999999999999982
1.428e-11,1.54336199,1.4553984,1.59895954,1.64895954,0.08796358999999998,-0.04999999999999982
1.528e-11,1.54336199,1.4553984,1.59895954,1.64895954,0.08796358999999998,-0.04999999999999982
1.628e-11,1.54336199,1.4553984,1.59895954,1.64895954,0.08796358999999998,-0.04999999999999982
1.728e-11,1.54336199,1.4553984,1.59895954,1.64895954,0.08796358999999998,-0.04999999999999982
1.828e-11,1.54336199,1.4553984,1.59895954,1.64895954,0.08796358999999998,-0.04999999999999982
1.928e-11,1.54336199,1.4553984,1.59895954,1.64895954,0.08796358999999998,-0.04999999999999982
2.028e-11,1.54336199,1.4553984,1.59895954,1.64895954,0.08796358999999998,-0.04999999999999982
2.128e-11,1.54336199,1.4553984,1.59895954,1.64895954,0.08796358999999998,-0.04999999999999982
2.228e-11,1.54336199,1.4553984,1.59895954,1.64895954,0.08796358999999998,-0.04999999999999982
2.328e-11,1.54336199,1.4553984,1.59895954,1.64895954,0.08796358999999998,-0.04999999999999982
2.428e-11,1.54336199,1.4553984,1.59895954,1.64895954,0.08796358999999998,-0.04999999999999982
2.528e-11,1.54336199,1.4553984,1.59895954,1.64895954,0.08796358999999998,-0.04999999999999982
2.628e-11,1.54336199,1.4553984,1.59895954,1.64895954,0.08796358999999998,-0.04999999999999982
2.728e-11,1.54336199,1.4553984,1.59895954,1.64895954,0.08796358999999998,-0.04999999999999982
2.828e-11,1.54336199,1.4553984,1.59895954,1.64895954,0.08796358999999998,-0.04999999999999982
2.928e-11,1.54336199,1.4553984,1.59895954,1.64895954,0.08796358999999998,-0.04999999999999982
3.028e-11,1.54336199,1.4553984,1.59895954,1.64895954,0.08796358999999998,-0.04999999999999982
3.128e-11,1.54336199,1.4553984,1.59895954,1.64895954,0.08796358999999998,-0.04999999999999982
3.228e-11,1.54336199,1.4553984,1.59895954,1.64895954,0.08796358999999998,-0.04999999999999982
3.328e-11,1.54336199,1.4553984,1.59895954,1.64895954,0.08796358999999998,-0.04999999999999982
3.428e-11,1.54336199,1.4553984,1.59895954,1.64895954,0.08796358999999998,-0.04999999999999982
3.528e-11,1.54336199,1.4553984,1.59895954,1.64895954,0.08796358999999998,-0.04999999999999982
3.628e-11,1.54336199,1.4553984,1.59895954,1.64895954,0.08796358999999998,-0.04999999999999982
3.728e-11,1.54336199,1.4553984,1.59895954,1.64895954,0.08796358999999998,-0.04999999999999982
3.828e-11,1.54336199,1.4553984,1.59895954,1.64895954,0.08796358999999998,-0.04999999999999982
3.928e-11,1.54336199,1.4553984,1.59895954,1.64895954,0.08796358999999998,-0.04999999999999982
4.028e-11,1.54336199,1.4553984,1.59895954,1.64895954,0.08796358999999998,-0.04999999999999982
4.128e-11,1.54336199,1.4553984,1.59895954,1.64895954,0.08796358999999998,-0.04999999999999982
4.228e-11,1.54336199,1.4553984,1.59895954,1.64895954,0.08796358999999998,-0.04999999999999982
4.328e-11,1.54336199,1.4553984,1.59895954,1.64895954,0.08796358999999998,-0.04999999999999982
4.428e-11,1.54336199,1.4553984,1.59895954,1.64895954,0.08796358999999998,-0.04999999999999982
4.528e-11,1.54336199,1.4553984,1.59895954,1.64895954,0.08796358999999998,-0.04999999999999982
4.628e-11,1.54336199,1.4553984,1.59895954,1.64895954,0.08796358999999998,-0.04999999999999982
4.728e-11,1.54336199,1.4553984,1.59895954,1.64895954,0.08796358999999998,-0.04999999999999982
4.828e-11,1.54336199,1.4553984,1.59895954,1.64895954,0.08796358999999998,-0.04999999999999982
4.928e-11,1.54336199,1.4553984,1.59895954,1.64895954,0.08796358999999998,-0.04999999999999982
5.028e-11,1.54336199,1.4553984,1.59895954,1.64895954,0.08796358999999998,-0.04999999999999982
5.128e-11,1.54336199,1.4553984,1.59895954,1.64895954,0.08796358999999998,-0.04999999999999982
5.228e-11,1.54336199,1.4553984,1.59895954,1.64895954,0.08796358999999998,-0.04999999999999982
5.328e-11,1.54336199,1.4553984,1.59895954,1.64895954,0.08796358999999998,-0.04999999999999982
5.428e-11,1.54336199,1.4553984,1.59895954,1.64895954,0.08796358999999998,-0.04999999999999982
5.528e-11,1.54336199,1.4553984,1.59895954,1.64895954,0.08796358999999998,-0.04999999999999982
5.628e-11,1.54336199,1.4553984,1.59895954,1.64895954,0.08796358999999998,-0.04999999999999982
5.728e-11,1.54336199,1.4553984,1.59895954,1.64895954,0.08796358999999998,-0.04999999999999982
5.828e-11,1.54336199,1.4553984,1.59895954,1.64895954,0.08796358999999998,-0.04999999999999982
5.928e-11,1.54336199,1.4553984,1.59895954,1.64895954,0.08796358999999998,-0.04999999999999982
6.028e-11,1.54336199,1.4553984,1.59895954,1.64895954,0.08796358999999998,-0.04999999999999982
6.128e-11,1.54336199,1.4553984,1.59895954,1.64895954,0.08796358999999998,-0.04999999999999982
6.228e-11,1.54336199,1.4553984,1.59895954,1.64895954,0.08796358999999998,-0.04999999999999982
6.328e-11,1.54336199,1.4553984,1.59895954,1.64895954,0.08796358999999998,-0.04999999999999982
6.428e-11,1.54336199,1.4553984,1.59895954,1.64895954,0.08796358999999998,-0.04999999999999982
6.528e-11,1.54336199,1.4553984,1.59895954,1.64895954,0.08796358999999998,-0.04999999999999982
6.628e-11,1.54336199,1.4553984,1.59895954,1.64895954,0.08796358999999998,-0.04999999999999982
6.728e-11,1.54336199,1.4553984,1.59895954,1.64895954,0.08796358999999998,-0.04999999999999982
6.828e-11,1.54336199,1.4553984,1.59895954,1.64895954,0.08796358999999998,-0.04999999999999982
6.928e-11,1.54336199,1.4553984,1.59895954,1.64895954,0.08796358999999998,-0.04999999999999982
7.028e-11,1.54336199,1.4553984,1.59895954,1.64895954,0.08796358999999998,-0.04999999999999982
7.128e-11,1.54336199,1.4553984,1.59895954,1.64895954,0.08796358999999998,-0.04999999999999982
7.228e-11,1.54336199,1.4553984,1.59895954,1.64895954,0.08796358999999998,-0.04999999999999982
7.328e-11,1.54336199,1.4553984,1.59895954,1.64895954,0.08796358999999998,-0.04999999999999982
7.428e-11,1.54336199,1.4553984,1.59895954,1.64895954,0.08796358999999998,-0.04999999999999982
7.528e-11,1.54336199,1.4553984,1.59895954,1.64895954,0.08796358999999998,-0.04999999999999982
7.628e-11,1.54336199,1.4553984,1.59895954,1.64895954,0.08796358999999998,-0.04999999999999982
7.728e-11,1.54336199,1.4553984,1.59895954,1.64895954,0.08796358999999998,-0.04999999999999982
7.828e-11,1.54336199,1.4553984,1.59895954,1.64895954,0.08796358999999998,-0.04999999999999982
7.928e-11,1.54336199,1.4553984,1.59895954,1.64895954,0.08796358999999998,-0.04999999999999982
8.028e-11,1.54336199,1.4553984,1.59895954,1.64895954,0.08796358999999998,-0.04999999999999982
8.128e-11,1.54336199,1.4553984,1.59895954,1.64895954,0.08796358999999998,-0.04999999999999982
8.228e-11,1.54336199,1.4553984,1.59895954,1.64895954,0.08796358999999998,-0.04999999999999982
8.328e-11,1.54336199,1.4553984,1.59895954,1.64895954,0.08796358999999998,-0.04999999999999982
8.428e-11,1.54336199,1.4553984,1.59895954,1.64895954,0.08796358999999998,-0.04999999999999982
8.528e-11,1.54336199,1.4553984,1.59895954,1.64895954,0.08796358999999998,-0.04999999999999982
8.628e-11,1.54336199,1.4553984,1.59895954,1.64895954,0.08796358999999998,-0.04999999999999982
8.728e-11,1.54336199,1.4553984,1.59895954,1.64895954,0.08796358999999998,-0.04999999999999982
8.828e-11,1.54336199,1.4553984,1.59895954,1.64895954,0.08796358999999998,-0.04999999999999982
8.928e-11,1.54336199,1.4553984,1.59895954,1.64895954,0.08796358999999998,-0.04999999999999982
9.028e-11,1.54336199,1.4553984,1.59895954,1.64895954,0.08796358999999998,-0.04999999999999982
9.128e-11,1.54336199,1.4553984,1.59895954,1.64895954,0.08796358999999998,-0.04999999999999982
9.228e-11,1.54336199,1.4553984,1.59895954,1.64895954,0.08796358999999998,-0.04999999999999982
9.328e-11,1.54336199,1.4553984,1.59895954,1.64895954,0.08796358999999998,-0.04999999999999982
9.428e-11,1.54336199,1.4553984,1.59895954,1.64895954,0.08796358999999998,-0.04999999999999982
9.528e-11,1.54336199,1.4553984,1.59895954,1.64895954,0.08796358999999998,-0.04999999999999982
9.628e-11,1.54336199,1.4553984,1.59895954,1.64895954,0.08796358999999998,-0.04999999999999982
9.728e-11,1.54336199,1.4553984,1.59895954,1.64895954,0.08796358999999998,-0.04999999999999982
9.828e-11,1.54336199,1.4553984,1.59895954,1.64895954,0.08796358999999998,-0.04999999999999982
9.928e-11,1.54336199,1.4553984,1.59895954,1.64895954,0.08796358999999998,-0.04999999999999982
1.0028e-10,1.54336199,1.4553984,1.59895954,1.64895954,0.08796358999999998,-0.04999999999999982
1.0128e-10,1.54336199,1.4553984,1.59895954,1.64895954,0.08796358999999998,-0.04999999999999982
1.0228e-10,1.54336199,1.4553984,1.59895954,1.64895954,0.08796358999999998,-0.04999999999999982
1.0328e-10,1.54336199,1.4553984,1.59895954,1.64895954,0.08796358999999998,-0.04999999999999982
1.0428e-10,1.54336199,1.4553984,1.59895954,1.64895954,0.08796358999999998,-0.04999999999999982
1.0528e-10,1.54336199,1.4553984,1.59895954,1.64895954,0.08796358999999998,-0.04999999999999982
1.0628e-10,1.54336199,1.4553984,1.59895954,1.64895954,0.08796358999999998,-0.04999999999999982
1.0728e-10,1.54336199,1.4553984,1.59895954,1.64895954,0.08796358999999998,-0.04999999999999982
1.0828e-10,1.54336199,1.4553984,1.59895954,1.64895954,0.08796358999999998,-0.04999999999999982
1.0928e-10,1.54336199,1.4553984,1.59895954,1.64895954,0.08796358999999998,-0.04999999999999982
1.1028e-10,1.54336199,1.4553984,1.59895954,1.64895954,0.08796358999999998,-0.04999999999999982
1.1128e-10,1.54336199,1.4553984,1.59895954,1.64895954,0.08796358999999998,-0.04999999999999982
1.1228e-10,1.54336199,1.4553984,1.59895954,1.64895954,0.08796358999999998,-0.04999999999999982
1.1328e-10,1.54336199,1.4553984,1.59895954,1.64895954,0.08796358999999998,-0.04999999999999982
1.1428e-10,1.54336199,1.4553984,1.59895954,1.64895954,0.08796358999999998,-0.04999999999999982
1.1528e-10,1.54336199,1.4553984,1.59895954,1.64895954,0.08796358999999998,-0.04999999999999982
1.1628e-10,1.54336199,1.4553984,1.59895954,1.64895954,0.08796358999999998,-0.04999999999999982
1.1728e-10,1.54336199,1.4553984,1.59895954,1.64895954,0.08796358999999998,-0.04999999999999982
1.1828e-10,1.54336199,1.4553984,1.59895954,1.64895954,0.08796358999999998,-0.04999999999999982
1.1928e-10,1.54336199,1.4553984,1.59895954,1.64895954,0.08796358999999998,-0.04999999999999982
1.2028e-10,1.54336199,1.4553984,1.59895954,1.64895954,0.08796358999999998,-0.04999999999999982
1.2128e-10,1.54336199,1.4553984,1.59895954,1.64895954,0.08796358999999998,-0.04999999999999982
1.2228e-10,1.54336199,1.4553984,1.59895954,1.64895954,0.08796358999999998,-0.04999999999999982
1.2328e-10,1.54336199,1.4553984,1.59895954,1.64895954,0.08796358999999998,-0.04999999999999982
1.2428e-10,1.54336199,1.4553984,1.59895954,1.64895954,0.08796358999999998,-0.04999999999999982
1.2528e-10,1.54336199,1.4553984,1.59895954,1.64895954,0.08796358999999998,-0.04999999999999982
1.2628e-10,1.54336199,1.4553984,1.59895954,1.64895954,0.08796358999999998,-0.04999999999999982
1.2728e-10,1.54336199,1.4553984,1.59895954,1.64895954,0.08796358999999998,-0.04999999999999982
1.2828e-10,1.54336199,1.4553984,1.59895954,1.64895954,0.08796358999999998,-0.04999999999999982
1.2928e-10,1.54336199,1.4553984,1.59895954,1.64895954,0.08796358999999998,-0.04999999999999982
1.3028e-10,1.54336199,1.4553984,1.59895954,1.64895954,0.08796358999999998,-0.04999999999999982
1.3128e-10,1.54336199,1.4553984,1.59895954,1.64895954,0.08796358999999998,-0.04999999999999982
1.3228e-10,1.54336199,1.4553984,1.59895954,1.64895954,0.08796358999999998,-0.04999999999999982
1.3328e-10,1.54336199,1.4553984,1.59895954,1.64895954,0.08796358999999998,-0.04999999999999982
1.3428e-10,1.54336199,1.4553984,1.59895954,1.64895954,0.08796358999999998,-0.04999999999999982
1.3528e-10,1.54336199,1.4553984,1.59895954,1.64895954,0.08796358999999998,-0.04999999999999982
1.3628e-10,1.54336199,1.4553984,1.59895954,1.64895954,0.08796358999999998,-0.04999999999999982
1.3728e-10,1.54336199,1.4553984,1.59895954,1.64895954,0.08796358999999998,-0.04999999999999982
1.3828e-10,1.54336199,1.4553984,1.59895954,1.64895954,0.08796358999999998,-0.04999999999999982
1.3928e-10,1.54336199,1.4553984,1.59895954,1.64895954,0.08796358999999998,-0.04999999999999982
1.4028e-10,1.54336199,1.4553984,1.59895954,1.64895954,0.08796358999999998,-0.04999999999999982
1.4128e-10,1.54336199,1.4553984,1.59895954,1.64895954,0.08796358999999998,-0.04999999999999982
1.4228e-10,1.54336199,1.4553984,1.59895954,1.64895954,0.08796358999999998,-0.04999999999999982
1.4328e-10,1.54336199,1.4553984,1.59895954,1.64895954,0.08796358999999998,-0.04999999999999982
1.4428e-10,1.54336199,1.4553984,1.59895954,1.64895954,0.08796358999999998,-0.04999999999999982
1.4528e-10,1.54336199,1.4553984,1.59895954,1.64895954,0.08796358999999998,-0.04999999999999982
1.4628e-10,1.54336199,1.4553984,1.59895954,1.64895954,0.08796358999999998,-0.04999999999999982
1.4728e-10,1.54336199,1.4553984,1.59895954,1.64895954,0.08796358999999998,-0.04999999999999982
1.4828e-10,1.54336199,1.4553984,1.59895954,1.64895954,0.08796358999999998,-0.04999999999999982
1.4928e-10,1.54336199,1.4553984,1.59895954,1.64895954,0.08796358999999998,-0.04999999999999982
1.5028e-10,1.54336199,1.4553984,1.59895954,1.64895954,0.08796358999999998,-0.04999999999999982
1.5128e-10,1.54336199,1.4553984,1.59895954,1.64895954,0.08796358999999998,-0.04999999999999982
1.5228e-10,1.54336199,1.4553984,1.59895954,1.64895954,0.08796358999999998,-0.04999999999999982
1.5328e-10,1.54336199,1.4553984,1.59895954,1.64895954,0.08796358999999998,-0.04999999999999982
1.5428e-10,1.54336199,1.4553984,1.59895954,1.64895954,0.08796358999999998,-0.04999999999999982
1.5528e-10,1.54336199,1.4553984,1.59895954,1.64895954,0.08796358999999998,-0.04999999999999982
1.5628e-10,1.54336199,1.4553984,1.59895954,1.64895954,0.08796358999999998,-0.04999999999999982
1.5728e-10,1.54336199,1.4553984,1.59895954,1.64895954,0.08796358999999998,-0.04999999999999982
1.5828e-10,1.54336199,1.4553984,1.59895954,1.64895954,0.08796358999999998,-0.04999999999999982
1.5928e-10,1.54336199,1.4553984,1.59895954,1.64895954,0.08796358999999998,-0.04999999999999982
1.6028e-10,1.54336199,1.4553984,1.59895954,1.64895954,0.08796358999999998,-0.04999999999999982
1.6128e-10,1.54336199,1.4553984,1.59895954,1.64895954,0.08796358999999998,-0.04999999999999982
1.6228e-10,1.54336199,1.4553984,1.59895954,1.64895954,0.08796358999999998,-0.04999999999999982
1.6328e-10,1.54336199,1.4553984,1.59895954,1.64895954,0.08796358999999998,-0.04999999999999982
1.6428e-10,1.54336199,1.4553984,1.59895954,1.64895954,0.08796358999999998,-0.04999999999999982
1.6528e-10,1.54336199,1.4553984,1.59895954,1.64895954,0.08796358999999998,-0.04999999999999982
1.6628e-10,1.54336199,1.4553984,1.59895954,1.64895954,0.08796358999999998,-0.04999999999999982
1.6728e-10,1.54336199,1.4553984,1.59895954,1.64895954,0.08796358999999998,-0.04999999999999982
1.6828e-10,1.54336199,1.4553984,1.59895954,1.64895954,0.08796358999999998,-0.04999999999999982
1.6928e-10,1.54336199,1.4553984,1.59895954,1.64895954,0.08796358999999998,-0.04999999999999982
1.7028e-10,1.54336199,1.4553984,1.59895954,1.64895954,0.08796358999999998,-0.04999999999999982
1.7128e-10,1.54336199,1.4553984,1.59895954,1.64895954,0.08796358999999998,-0.04999999999999982
1.7228e-10,1.54336199,1.4553984,1.59895954,1.64895954,0.08796358999999998,-0.04999999999999982
1.7328e-10,1.54336199,1.4553984,1.59895954,1.64895954,0.08796358999999998,-0.04999999999999982
1.7428e-10,1.54336199,1.4553984,1.59895954,1.64895954,0.08796358999999998,-0.04999999999999982
1.7528e-10,1.54336199,1.4553984,1.59895954,1.64895954,0.08796358999999998,-0.04999999999999982
1.7628e-10,1.54336199,1.4553984,1.59895954,1.64895954,0.08796358999999998,-0.04999999999999982
1.7728e-10,1.54336199,1.4553984,1.59895954,1.64895954,0.08796358999999998,-0.04999999999999982
1.7828e-10,1.54336199,1.4553984,1.59895954,1.64895954,0.08796358999999998,-0.04999999999999982
1.7928e-10,1.54336199,1.4553984,1.59895954,1.64895954,0.08796358999999998,-0.04999999999999982
1.8028e-10,1.54336199,1.4553984,1.59895954,1.64895954,0.08796358999999998,-0.04999999999999982
1.8128e-10,1.54336199,1.4553984,1.59895954,1.64895954,0.08796358999999998,-0.04999999999999982
1.8228e-10,1.54336199,1.4553984,1.59895954,1.64895954,0.08796358999999998,-0.04999999999999982
1.8328e-10,1.54336199,1.4553984,1.59895954,1.64895954,0.08796358999999998,-0.04999999999999982
1.8428e-10,1.54336199,1.4553984,1.59895954,1.64895954,0.08796358999999998,-0.04999999999999982
1.8528e-10,1.54336199,1.4553984,1.59895954,1.64895954,0.08796358999999998,-0.04999999999999982
1.8628e-10,1.54336199,1.4553984,1.59895954,1.64895954,0.08796358999999998,-0.04999999999999982
1.8728e-10,1.54336199,1.4553984,1.59895954,1.64895954,0.08796358999999998,-0.04999999999999982
1.8828e-10,1.54336199,1.4553984,1.59895954,1.64895954,0.08796358999999998,-0.04999999999999982
1.8928e-10,1.54336199,1.4553984,1.59895954,1.64895954,0.08796358999999998,-0.04999999999999982
1.9028e-10,1.54336199,1.4553984,1.59895954,1.64895954,0.08796358999999998,-0.04999999999999982
1.9128e-10,1.54336199,1.4553984,1.59895954,1.64895954,0.08796358999999998,-0.04999999999999982
1.9228e-10,1.54336199,1.4553984,1.59895954,1.64895954,0.08796358999999998,-0.04999999999999982
1.9328e-10,1.54336199,1.4553984,1.59895954,1.64895954,0.08796358999999998,-0.04999999999999982
1.9428e-10,1.54336199,1.4553984,1.59895954,1.64895954,0.08796358999999998,-0.04999999999999982
1.9528e-10,1.54336199,1.4553984,1.59895954,1.64895954,0.08796358999999998,-0.04999999999999982
1.9628e-10,1.54336199,1.4553984,1.59895954,1.64895954,0.08796358999999998,-0.04999999999999982
1.9728e-10,1.54336199,1.4553984,1.59895954,1.64895954,0.08796358999999998,-0.04999999999999982
1.9828e-10,1.54336199,1.4553984,1.59895954,1.64895954,0.08796358999999998,-0.04999999999999982
1.9928e-10,1.54336199,1.4553984,1.59895954,1.64895954,0.08796358999999998,-0.04999999999999982
2.0028e-10,1.54336199,1.4553984,1.59895954,1.64895954,0.08796358999999998,-0.04999999999999982
2.0128e-10,1.54336199,1.4553984,1.59895954,1.64895954,0.08796358999999998,-0.04999999999999982
2.0228e-10,1.54336199,1.4553984,1.59895954,1.64895954,0.08796358999999998,-0.04999999999999982
2.0328e-10,1.54336199,1.4553984,1.59895954,1.64895954,0.08796358999999998,-0.04999999999999982
2.0428e-10,1.54336199,1.4553984,1.59895954,1.64895954,0.08796358999999998,-0.04999999999999982
2.0528e-10,1.54336199,1.4553984,1.59895954,1.64895954,0.08796358999999998,-0.04999999999999982
2.0628e-10,1.54336199,1.4553984,1.59895954,1.64895954,0.08796358999999998,-0.04999999999999982
2.0728e-10,1.54336199,1.4553984,1.59895954,1.64895954,0.08796358999999998,-0.04999999999999982
2.0828e-10,1.54336199,1.4553984,1.59895954,1.64895954,0.08796358999999998,-0.04999999999999982
2.0928e-10,1.54336199,1.4553984,1.59895954,1.64895954,0.08796358999999998,-0.04999999999999982
2.1028e-10,1.54336199,1.4553984,1.59895954,1.64895954,0.08796358999999998,-0.04999999999999982
2.1128e-10,1.54336199,1.4553984,1.59895954,1.64895954,0.08796358999999998,-0.04999999999999982
2.1228e-10,1.54336199,1.4553984,1.59895954,1.64895954,0.08796358999999998,-0.04999999999999982
2.1328e-10,1.54336199,1.4553984,1.59895954,1.64895954,0.08796358999999998,-0.04999999999999982
2.1428e-10,1.54336199,1.4553984,1.59895954,1.64895954,0.08796358999999998,-0.04999999999999982
2.1528e-10,1.54336199,1.4553984,1.59895954,1.64895954,0.08796358999999998,-0.04999999999999982
2.1628e-10,1.54336199,1.4553984,1.59895954,1.64895954,0.08796358999999998,-0.04999999999999982
2.1728e-10,1.54336199,1.4553984,1.59895954,1.64895954,0.08796358999999998,-0.04999999999999982
2.1828e-10,1.54336199,1.4553984,1.59895954,1.64895954,0.08796358999999998,-0.04999999999999982
2.1928e-10,1.54336199,1.4553984,1.59895954,1.64895954,0.08796358999999998,-0.04999999999999982
2.2028e-10,1.54336199,1.4553984,1.59895954,1.64895954,0.08796358999999998,-0.04999999999999982
2.2128e-10,1.54336199,1.4553984,1.59895954,1.64895954,0.08796358999999998,-0.04999999999999982
2.2228e-10,1.54336199,1.4553984,1.59895954,1.64895954,0.08796358999999998,-0.04999999999999982
2.2328e-10,1.54336199,1.4553984,1.59895954,1.64895954,0.08796358999999998,-0.04999999999999982
2.2428e-10,1.54336199,1.4553984,1.59895954,1.64895954,0.08796358999999998,-0.04999999999999982
2.2528e-10,1.54336199,1.4553984,1.59895954,1.64895954,0.08796358999999998,-0.04999999999999982
2.2628e-10,1.54336199,1.4553984,1.59895954,1.64895954,0.08796358999999998,-0.04999999999999982
2.2728e-10,1.54336199,1.4553984,1.59895954,1.64895954,0.08796358999999998,-0.04999999999999982
2.2828e-10,1.54336199,1.4553984,1.59895954,1.64895954,0.08796358999999998,-0.04999999999999982
2.2928e-10,1.54336199,1.4553984,1.59895954,1.64895954,0.08796358999999998,-0.04999999999999982
2.3028e-10,1.54336199,1.4553984,1.59895954,1.64895954,0.08796358999999998,-0.04999999999999982
2.3128e-10,1.54336199,1.4553984,1.59895954,1.64895954,0.08796358999999998,-0.04999999999999982
2.3228e-10,1.54336199,1.4553984,1.59895954,1.64895954,0.08796358999999998,-0.04999999999999982
2.3328e-10,1.54336199,1.4553984,1.59895954,1.64895954,0.08796358999999998,-0.04999999999999982
2.3428e-10,1.54336199,1.4553984,1.59895954,1.64895954,0.08796358999999998,-0.04999999999999982
2.3528e-10,1.54336199,1.4553984,1.59895954,1.64895954,0.08796358999999998,-0.04999999999999982
2.3628e-10,1.54336199,1.4553984,1.59895954,1.64895954,0.08796358999999998,-0.04999999999999982
2.3728e-10,1.54336199,1.4553984,1.59895954,1.64895954,0.08796358999999998,-0.04999999999999982
2.3828e-10,1.54336199,1.4553984,1.59895954,1.64895954,0.08796358999999998,-0.04999999999999982
2.3928e-10,1.54336199,1.4553984,1.59895954,1.64895954,0.08796358999999998,-0.04999999999999982
2.4028e-10,1.54336199,1.4553984,1.59895954,1.64895954,0.08796358999999998,-0.04999999999999982
2.4128e-10,1.54336199,1.4553984,1.59895954,1.64895954,0.08796358999999998,-0.04999999999999982
2.4228e-10,1.54336199,1.4553984,1.59895954,1.64895954,0.08796358999999998,-0.04999999999999982
2.4328e-10,1.54336199,1.4553984,1.59895954,1.64895954,0.08796358999999998,-0.04999999999999982
2.4428e-10,1.54336199,1.4553984,1.59895954,1.64895954,0.08796358999999998,-0.04999999999999982
2.4528e-10,1.54336199,1.4553984,1.59895954,1.64895954,0.08796358999999998,-0.04999999999999982
2.4628e-10,1.54336199,1.4553984,1.59895954,1.64895954,0.08796358999999998,-0.04999999999999982
2.4728e-10,1.54336199,1.4553984,1.59895954,1.64895954,0.08796358999999998,-0.04999999999999982
2.4828e-10,1.54336199,1.4553984,1.59895954,1.64895954,0.08796358999999998,-0.04999999999999982
2.4928e-10,1.54336199,1.4553984,1.59895954,1.64895954,0.08796358999999998,-0.04999999999999982
2.5028e-10,1.54336199,1.4553984,1.59895954,1.64895954,0.08796358999999998,-0.04999999999999982
2.5128e-10,1.54336199,1.4553984,1.59895954,1.64895954,0.08796358999999998,-0.04999999999999982
2.5228e-10,1.54336199,1.4553984,1.59895954,1.64895954,0.08796358999999998,-0.04999999999999982
2.5328e-10,1.54336199,1.4553984,1.59895954,1.64895954,0.08796358999999998,-0.04999999999999982
2.5428e-10,1.54336199,1.4553984,1.59895954,1.64895954,0.08796358999999998,-0.04999999999999982
2.5528e-10,1.54336199,1.4553984,1.59895954,1.64895954,0.08796358999999998,-0.04999999999999982
2.5628e-10,1.54336199,1.4553984,1.59895954,1.64895954,0.08796358999999998,-0.04999999999999982
2.5728e-10,1.54336199,1.4553984,1.59895954,1.64895954,0.08796358999999998,-0.04999999999999982
2.5828e-10,1.54336199,1.4553984,1.59895954,1.64895954,0.08796358999999998,-0.04999999999999982
2.5928e-10,1.54336199,1.4553984,1.59895954,1.64895954,0.08796358999999998,-0.04999999999999982
2.6028e-10,1.54336199,1.4553984,1.59895954,1.64895954,0.08796358999999998,-0.04999999999999982
2.6128e-10,1.54336199,1.4553984,1.59895954,1.64895954,0.08796358999999998,-0.04999999999999982
2.6228e-10,1.54336199,1.4553984,1.59895954,1.64895954,0.08796358999999998,-0.04999999999999982
2.6328e-10,1.54336199,1.4553984,1.59895954,1.64895954,0.08796358999999998,-0.04999999999999982
2.6428e-10,1.54336199,1.4553984,1.59895954,1.64895954,0.08796358999999998,-0.04999999999999982
2.6528e-10,1.54336199,1.4553984,1.59895954,1.64895954,0.08796358999999998,-0.04999999999999982
2.6628e-10,1.54336199,1.4553984,1.59895954,1.64895954,0.08796358999999998,-0.04999999999999982
2.6728e-10,1.54336199,1.4553984,1.59895954,1.64895954,0.08796358999999998,-0.04999999999999982
2.6828e-10,1.54336199,1.4553984,1.59895954,1.64895954,0.08796358999999998,-0.04999999999999982
2.6928e-10,1.54336199,1.4553984,1.59895954,1.64895954,0.08796358999999998,-0.04999999999999982
2.7028e-10,1.54336199,1.4553984,1.59895954,1.64895954,0.08796358999999998,-0.04999999999999982
2.7128e-10,1.54336199,1.4553984,1.59895954,1.64895954,0.08796358999999998,-0.04999999999999982
2.7228e-10,1.54336199,1.4553984,1.59895954,1.64895954,0.08796358999999998,-0.04999999999999982
2.7328e-10,1.54336199,1.4553984,1.59895954,1.64895954,0.08796358999999998,-0.04999999999999982
2.7428e-10,1.54336199,1.4553984,1.59895954,1.64895954,0.08796358999999998,-0.04999999999999982
2.7528e-10,1.54336199,1.4553984,1.59895954,1.64895954,0.08796358999999998,-0.04999999999999982
2.7628e-10,1.54336199,1.4553984,1.59895954,1.64895954,0.08796358999999998,-0.04999999999999982
2.7728e-10,1.54336199,1.4553984,1.59895954,1.64895954,0.08796358999999998,-0.04999999999999982
2.7828e-10,1.54336199,1.4553984,1.59895954,1.64895954,0.08796358999999998,-0.04999999999999982
2.7928e-10,1.54336199,1.4553984,1.59895954,1.64895954,0.08796358999999998,-0.04999999999999982
2.8028e-10,1.54336199,1.4553984,1.59895954,1.64895954,0.08796358999999998,-0.04999999999999982
2.8128e-10,1.54336199,1.4553984,1.59895954,1.64895954,0.08796358999999998,-0.04999999999999982
2.8228e-10,1.54336199,1.4553984,1.59895954,1.64895954,0.08796358999999998,-0.04999999999999982
2.8328e-10,1.54336199,1.4553984,1.59895954,1.64895954,0.08796358999999998,-0.04999999999999982
2.8428e-10,1.54336199,1.4553984,1.59895954,1.64895954,0.08796358999999998,-0.04999999999999982
2.8528e-10,1.54336199,1.4553984,1.59895954,1.64895954,0.08796358999999998,-0.04999999999999982
2.8628e-10,1.54336199,1.4553984,1.59895954,1.64895954,0.08796358999999998,-0.04999999999999982
2.8728e-10,1.54336199,1.4553984,1.59895954,1.64895954,0.08796358999999998,-0.04999999999999982
2.8828e-10,1.54336199,1.4553984,1.59895954,1.64895954,0.08796358999999998,-0.04999999999999982
2.8928e-10,1.54336199,1.4553984,1.59895954,1.64895954,0.08796358999999998,-0.04999999999999982
2.9028e-10,1.54336199,1.4553984,1.59895954,1.64895954,0.08796358999999998,-0.04999999999999982
2.9128e-10,1.54336199,1.4553984,1.59895954,1.64895954,0.08796358999999998,-0.04999999999999982
2.9228e-10,1.54336199,1.4553984,1.59895954,1.64895954,0.08796358999999998,-0.04999999999999982
2.9328e-10,1.54336199,1.4553984,1.59895954,1.64895954,0.08796358999999998,-0.04999999999999982
2.9428e-10,1.54336199,1.4553984,1.59895954,1.64895954,0.08796358999999998,-0.04999999999999982
2.9528e-10,1.54336199,1.4553984,1.59895954,1.64895954,0.08796358999999998,-0.04999999999999982
2.9628e-10,1.54336199,1.4553984,1.59895954,1.64895954,0.08796358999999998,-0.04999999999999982
2.9728e-10,1.54336199,1.4553984,1.59895954,1.64895954,0.08796358999999998,-0.04999999999999982
2.9828e-10,1.54336199,1.4553984,1.59895954,1.64895954,0.08796358999999998,-0.04999999999999982
2.9928e-10,1.54336199,1.4553984,1.59895954,1.64895954,0.08796358999999998,-0.04999999999999982
3.0028e-10,1.54336199,1.4553984,1.59895954,1.64895954,0.08796358999999998,-0.04999999999999982
3.0128e-10,1.54336199,1.4553984,1.59895954,1.64895954,0.08796358999999998,-0.04999999999999982
3.0228e-10,1.54336199,1.4553984,1.59895954,1.64895954,0.08796358999999998,-0.04999999999999982
3.0328e-10,1.54336199,1.4553984,1.59895954,1.64895954,0.08796358999999998,-0.04999999999999982
3.0428e-10,1.54336199,1.4553984,1.59895954,1.64895954,0.08796358999999998,-0.04999999999999982
3.0528e-10,1.54336199,1.4553984,1.59895954,1.64895954,0.08796358999999998,-0.04999999999999982
3.0628e-10,1.54336199,1.4553984,1.59895954,1.64895954,0.08796358999999998,-0.04999999999999982
3.0728e-10,1.54336199,1.4553984,1.59895954,1.64895954,0.08796358999999998,-0.04999999999999982
3.0828e-10,1.54336199,1.4553984,1.59895954,1.64895954,0.08796358999999998,-0.04999999999999982
3.0928e-10,1.54336199,1.4553984,1.59895954,1.64895954,0.08796358999999998,-0.04999999999999982
3.1028e-10,1.54336199,1.4553984,1.59895954,1.64895954,0.08796358999999998,-0.04999999999999982
3.1128e-10,1.54336199,1.4553984,1.59895954,1.64895954,0.08796358999999998,-0.04999999999999982
3.1228e-10,1.54336199,1.4553984,1.59895954,1.64895954,0.08796358999999998,-0.04999999999999982
3.1328e-10,1.54336199,1.4553984,1.59895954,1.64895954,0.08796358999999998,-0.04999999999999982
3.1428e-10,1.54336199,1.4553984,1.59895954,1.64895954,0.08796358999999998,-0.04999999999999982
3.1528e-10,1.54336199,1.4553984,1.59895954,1.64895954,0.08796358999999998,-0.04999999999999982
3.1628e-10,1.54336199,1.4553984,1.59895954,1.64895954,0.08796358999999998,-0.04999999999999982
3.1728e-10,1.54336199,1.4553984,1.59895954,1.64895954,0.08796358999999998,-0.04999999999999982
3.1828e-10,1.54336199,1.4553984,1.59895954,1.64895954,0.08796358999999998,-0.04999999999999982
3.1928e-10,1.54336199,1.4553984,1.59895954,1.64895954,0.08796358999999998,-0.04999999999999982
3.2028e-10,1.54336199,1.4553984,1.59895954,1.64895954,0.08796358999999998,-0.04999999999999982
3.2128e-10,1.54336199,1.4553984,1.59895954,1.64895954,0.08796358999999998,-0.04999999999999982
3.2228e-10,1.54336199,1.4553984,1.59895954,1.64895954,0.08796358999999998,-0.04999999999999982
3.2328e-10,1.54336199,1.4553984,1.59895954,1.64895954,0.08796358999999998,-0.04999999999999982
3.2428e-10,1.54336199,1.4553984,1.59895954,1.64895954,0.08796358999999998,-0.04999999999999982
3.2528e-10,1.54336199,1.4553984,1.59895954,1.64895954,0.08796358999999998,-0.04999999999999982
3.2628e-10,1.54336199,1.4553984,1.59895954,1.64895954,0.08796358999999998,-0.04999999999999982
3.2728e-10,1.54336199,1.4553984,1.59895954,1.64895954,0.08796358999999998,-0.04999999999999982
3.2828e-10,1.54336199,1.4553984,1.59895954,1.64895954,0.08796358999999998,-0.04999999999999982
3.2928e-10,1.54336199,1.4553984,1.59895954,1.64895954,0.08796358999999998,-0.04999999999999982
3.3028e-10,1.54336199,1.4553984,1.59895954,1.64895954,0.08796358999999998,-0.04999999999999982
3.3128e-10,1.54336199,1.4553984,1.59895954,1.64895954,0.08796358999999998,-0.04999999999999982
3.3228e-10,1.54336199,1.4553984,1.59895954,1.64895954,0.08796358999999998,-0.04999999999999982
3.3328e-10,1.54336199,1.4553984,1.59895954,1.64895954,0.08796358999999998,-0.04999999999999982
3.3428e-10,1.54336199,1.4553984,1.59895954,1.64895954,0.08796358999999998,-0.04999999999999982
3.3528e-10,1.54336199,1.4553984,1.59895954,1.64895954,0.08796358999999998,-0.04999999999999982
3.3628e-10,1.54336199,1.4553984,1.59895954,1.64895954,0.08796358999999998,-0.04999999999999982
3.3728e-10,1.54336199,1.4553984,1.59895954,1.64895954,0.08796358999999998,-0.04999999999999982
3.3828e-10,1.54336199,1.4553984,1.59895954,1.64895954,0.08796358999999998,-0.04999999999999982
3.3928e-10,1.54336199,1.4553984,1.59895954,1.64895954,0.08796358999999998,-0.04999999999999982
3.4028e-10,1.54336199,1.4553984,1.59895954,1.64895954,0.08796358999999998,-0.04999999999999982
3.4128e-10,1.54336199,1.4553984,1.59895954,1.64895954,0.08796358999999998,-0.04999999999999982
3.4228e-10,1.54336199,1.4553984,1.59895954,1.64895954,0.08796358999999998,-0.04999999999999982
3.4328e-10,1.54336199,1.4553984,1.59895954,1.64895954,0.08796358999999998,-0.04999999999999982
3.4428e-10,1.54336199,1.4553984,1.59895954,1.64895954,0.08796358999999998,-0.04999999999999982
3.4528e-10,1.54336199,1.4553984,1.59895954,1.64895954,0.08796358999999998,-0.04999999999999982
3.4628e-10,1.54336199,1.4553984,1.59895954,1.64895954,0.08796358999999998,-0.04999999999999982
3.4728e-10,1.54336199,1.4553984,1.59895954,1.64895954,0.08796358999999998,-0.04999999999999982
3.4828e-10,1.54336199,1.4553984,1.59895954,1.64895954,0.08796358999999998,-0.04999999999999982
3.4928e-10,1.54336199,1.4553984,1.59895954,1.64895954,0.08796358999999998,-0.04999999999999982
3.5028e-10,1.54336199,1.4553984,1.59895954,1.64895954,0.08796358999999998,-0.04999999999999982
3.5128e-10,1.54336199,1.4553984,1.59895954,1.64895954,0.08796358999999998,-0.04999999999999982
3.5228e-10,1.54336199,1.4553984,1.59895954,1.64895954,0.08796358999999998,-0.04999999999999982
3.5328e-10,1.54336199,1.4553984,1.59895954,1.64895954,0.08796358999999998,-0.04999999999999982
3.5428e-10,1.54336199,1.4553984,1.59895954,1.64895954,0.08796358999999998,-0.04999999999999982
3.5528e-10,1.54336199,1.4553984,1.59895954,1.64895954,0.08796358999999998,-0.04999999999999982
3.5628e-10,1.54336199,1.4553984,1.59895954,1.64895954,0.08796358999999998,-0.04999999999999982
3.5728e-10,1.54336199,1.4553984,1.59895954,1.64895954,0.08796358999999998,-0.04999999999999982
3.5828e-10,1.54336199,1.4553984,1.59895954,1.64895954,0.08796358999999998,-0.04999999999999982
3.5928e-10,1.54336199,1.4553984,1.59895954,1.64895954,0.08796358999999998,-0.04999999999999982
3.6028e-10,1.54336199,1.4553984,1.59895954,1.64895954,0.08796358999999998,-0.04999999999999982
3.6128e-10,1.54336199,1.4553984,1.59895954,1.64895954,0.08796358999999998,-0.04999999999999982
3.6228e-10,1.54336199,1.4553984,1.59895954,1.64895954,0.08796358999999998,-0.04999999999999982
3.6328e-10,1.54336199,1.4553984,1.59895954,1.64895954,0.08796358999999998,-0.04999999999999982
3.6428e-10,1.54336199,1.4553984,1.59895954,1.64895954,0.08796358999999998,-0.04999999999999982
3.6528e-10,1.54336199,1.4553984,1.59895954,1.64895954,0.08796358999999998,-0.04999999999999982
3.6628e-10,1.54336199,1.4553984,1.59895954,1.64895954,0.08796358999999998,-0.04999999999999982
3.6728e-10,1.54336199,1.4553984,1.59895954,1.64895954,0.08796358999999998,-0.04999999999999982
3.6828e-10,1.54336199,1.4553984,1.59895954,1.64895954,0.08796358999999998,-0.04999999999999982
3.6928e-10,1.54336199,1.4553984,1.59895954,1.64895954,0.08796358999999998,-0.04999999999999982
3.7028e-10,1.54336199,1.4553984,1.59895954,1.64895954,0.08796358999999998,-0.04999999999999982
3.7128e-10,1.54336199,1.4553984,1.59895954,1.64895954,0.08796358999999998,-0.04999999999999982
3.7228e-10,1.54336199,1.4553984,1.59895954,1.64895954,0.08796358999999998,-0.04999999999999982
3.7328e-10,1.54336199,1.4553984,1.59895954,1.64895954,0.08796358999999998,-0.04999999999999982
3.7428e-10,1.54336199,1.4553984,1.59895954,1.64895954,0.08796358999999998,-0.04999999999999982
3.7528e-10,1.54336199,1.4553984,1.59895954,1.64895954,0.08796358999999998,-0.04999999999999982
3.7628e-10,1.54336199,1.4553984,1.59895954,1.64895954,0.08796358999999998,-0.04999999999999982
3.7728e-10,1.54336199,1.4553984,1.59895954,1.64895954,0.08796358999999998,-0.04999999999999982
3.7828e-10,1.54336199,1.4553984,1.59895954,1.64895954,0.08796358999999998,-0.04999999999999982
3.7928e-10,1.54336199,1.4553984,1.59895954,1.64895954,0.08796358999999998,-0.04999999999999982
3.8028e-10,1.54336199,1.4553984,1.59895954,1.64895954,0.08796358999999998,-0.04999999999999982
3.8128e-10,1.54336199,1.4553984,1.59895954,1.64895954,0.08796358999999998,-0.04999999999999982
3.8228e-10,1.54336199,1.4553984,1.59895954,1.64895954,0.08796358999999998,-0.04999999999999982
3.8328e-10,1.54336199,1.4553984,1.59895954,1.64895954,0.08796358999999998,-0.04999999999999982
3.8428e-10,1.54336199,1.4553984,1.59895954,1.64895954,0.08796358999999998,-0.04999999999999982
3.8528e-10,1.54336199,1.4553984,1.59895954,1.64895954,0.08796358999999998,-0.04999999999999982
3.8628e-10,1.54336199,1.4553984,1.59895954,1.64895954,0.08796358999999998,-0.04999999999999982
3.8728e-10,1.54336199,1.4553984,1.59895954,1.64895954,0.08796358999999998,-0.04999999999999982
3.8828e-10,1.54336199,1.4553984,1.59895954,1.64895954,0.08796358999999998,-0.04999999999999982
3.8928e-10,1.54336199,1.4553984,1.59895954,1.64895954,0.08796358999999998,-0.04999999999999982
3.9028e-10,1.54336199,1.4553984,1.59895954,1.64895954,0.08796358999999998,-0.04999999999999982
3.9128e-10,1.54336199,1.4553984,1.59895954,1.64895954,0.08796358999999998,-0.04999999999999982
3.9228e-10,1.54336199,1.4553984,1.59895954,1.64895954,0.08796358999999998,-0.04999999999999982
3.9328e-10,1.54336199,1.4553984,1.59895954,1.64895954,0.08796358999999998,-0.04999999999999982
3.9428e-10,1.54336199,1.4553984,1.59895954,1.64895954,0.08796358999999998,-0.04999999999999982
3.9528e-10,1.54336199,1.4553984,1.59895954,1.64895954,0.08796358999999998,-0.04999999999999982
3.9628e-10,1.54336199,1.4553984,1.59895954,1.64895954,0.08796358999999998,-0.04999999999999982
3.9728e-10,1.54336199,1.4553984,1.59895954,1.64895954,0.08796358999999998,-0.04999999999999982
3.9828e-10,1.54336199,1.4553984,1.59895954,1.64895954,0.08796358999999998,-0.04999999999999982
3.9928e-10,1.54336199,1.4553984,1.59895954,1.64895954,0.08796358999999998,-0.04999999999999982
4.0028e-10,1.54336199,1.4553984,1.59895954,1.64895954,0.08796358999999998,-0.04999999999999982
4.0128e-10,1.54336199,1.4553984,1.59895954,1.64895954,0.08796358999999998,-0.04999999999999982
4.0228e-10,1.54336199,1.4553984,1.59895954,1.64895954,0.08796358999999998,-0.04999999999999982
4.0328e-10,1.54336199,1.4553984,1.59895954,1.64895954,0.08796358999999998,-0.04999999999999982
4.0428e-10,1.54336199,1.4553984,1.59895954,1.64895954,0.08796358999999998,-0.04999999999999982
4.0528e-10,1.54336199,1.4553984,1.59895954,1.64895954,0.08796358999999998,-0.04999999999999982
4.0628e-10,1.54336199,1.4553984,1.59895954,1.64895954,0.08796358999999998,-0.04999999999999982
4.0728e-10,1.54336199,1.4553984,1.59895954,1.64895954,0.08796358999999998,-0.04999999999999982
4.0828e-10,1.54336199,1.4553984,1.59895954,1.64895954,0.08796358999999998,-0.04999999999999982
4.0928e-10,1.54336199,1.4553984,1.59895954,1.64895954,0.08796358999999998,-0.04999999999999982
4.1028e-10,1.54336199,1.4553984,1.59895954,1.64895954,0.08796358999999998,-0.04999999999999982
4.1128e-10,1.54336199,1.4553984,1.59895954,1.64895954,0.08796358999999998,-0.04999999999999982
4.1228e-10,1.54336199,1.4553984,1.59895954,1.64895954,0.08796358999999998,-0.04999999999999982
4.1328e-10,1.54336199,1.4553984,1.59895954,1.64895954,0.08796358999999998,-0.04999999999999982
4.1428e-10,1.54336199,1.4553984,1.59895954,1.64895954,0.08796358999999998,-0.04999999999999982
4.1528e-10,1.54336199,1.4553984,1.59895954,1.64895954,0.08796358999999998,-0.04999999999999982
4.1628e-10,1.54336199,1.4553984,1.59895954,1.64895954,0.08796358999999998,-0.04999999999999982
4.1728e-10,1.54336199,1.4553984,1.59895954,1.64895954,0.08796358999999998,-0.04999999999999982
4.1828e-10,1.54336199,1.4553984,1.59895954,1.64895954,0.08796358999999998,-0.04999999999999982
4.1928e-10,1.54336199,1.4553984,1.59895954,1.64895954,0.08796358999999998,-0.04999999999999982
4.2028e-10,1.54336199,1.4553984,1.59895954,1.64895954,0.08796358999999998,-0.04999999999999982
4.2128e-10,1.54336199,1.4553984,1.59895954,1.64895954,0.08796358999999998,-0.04999999999999982
4.2228e-10,1.54336199,1.4553984,1.59895954,1.64895954,0.08796358999999998,-0.04999999999999982
4.2328e-10,1.54336199,1.4553984,1.59895954,1.64895954,0.08796358999999998,-0.04999999999999982
4.2428e-10,1.54336199,1.4553984,1.59895954,1.64895954,0.08796358999999998,-0.04999999999999982
4.2528e-10,1.54336199,1.4553984,1.59895954,1.64895954,0.08796358999999998,-0.04999999999999982
4.2628e-10,1.54336199,1.4553984,1.59895954,1.64895954,0.08796358999999998,-0.04999999999999982
4.2728e-10,1.54336199,1.4553984,1.59895954,1.64895954,0.08796358999999998,-0.04999999999999982
4.2828e-10,1.54336199,1.4553984,1.59895954,1.64895954,0.08796358999999998,-0.04999999999999982
4.2928e-10,1.54336199,1.4553984,1.59895954,1.64895954,0.08796358999999998,-0.04999999999999982
4.3028e-10,1.54336199,1.4553984,1.59895954,1.64895954,0.08796358999999998,-0.04999999999999982
4.3128e-10,1.54336199,1.4553984,1.59895954,1.64895954,0.08796358999999998,-0.04999999999999982
4.3228e-10,1.54336199,1.4553984,1.59895954,1.64895954,0.08796358999999998,-0.04999999999999982
4.3328e-10,1.54336199,1.4553984,1.59895954,1.64895954,0.08796358999999998,-0.04999999999999982
4.3428e-10,1.54336199,1.4553984,1.59895954,1.64895954,0.08796358999999998,-0.04999999999999982
4.3528e-10,1.54336199,1.4553984,1.59895954,1.64895954,0.08796358999999998,-0.04999999999999982
4.3628e-10,1.54336199,1.4553984,1.59895954,1.64895954,0.08796358999999998,-0.04999999999999982
4.3728e-10,1.54336199,1.4553984,1.59895954,1.64895954,0.08796358999999998,-0.04999999999999982
4.3828e-10,1.54336199,1.4553984,1.59895954,1.64895954,0.08796358999999998,-0.04999999999999982
4.3928e-10,1.54336199,1.4553984,1.59895954,1.64895954,0.08796358999999998,-0.04999999999999982
4.4028e-10,1.54336199,1.4553984,1.59895954,1.64895954,0.08796358999999998,-0.04999999999999982
4.4128e-10,1.54336199,1.4553984,1.59895954,1.64895954,0.08796358999999998,-0.04999999999999982
4.4228e-10,1.54336199,1.4553984,1.59895954,1.64895954,0.08796358999999998,-0.04999999999999982
4.4328e-10,1.54336199,1.4553984,1.59895954,1.64895954,0.08796358999999998,-0.04999999999999982
4.4428e-10,1.54336199,1.4553984,1.59895954,1.64895954,0.08796358999999998,-0.04999999999999982
4.4528e-10,1.54336199,1.4553984,1.59895954,1.64895954,0.08796358999999998,-0.04999999999999982
4.4628e-10,1.54336199,1.4553984,1.59895954,1.64895954,0.08796358999999998,-0.04999999999999982
4.4728e-10,1.54336199,1.4553984,1.59895954,1.64895954,0.08796358999999998,-0.04999999999999982
4.4828e-10,1.54336199,1.4553984,1.59895954,1.64895954,0.08796358999999998,-0.04999999999999982
4.4928e-10,1.54336199,1.4553984,1.59895954,1.64895954,0.08796358999999998,-0.04999999999999982
4.5028e-10,1.54336199,1.4553984,1.59895954,1.64895954,0.08796358999999998,-0.04999999999999982
4.5128e-10,1.54336199,1.4553984,1.59895954,1.64895954,0.08796358999999998,-0.04999999999999982
4.5228e-10,1.54336199,1.4553984,1.59895954,1.64895954,0.08796358999999998,-0.04999999999999982
4.5328e-10,1.54336199,1.4553984,1.59895954,1.64895954,0.08796358999999998,-0.04999999999999982
4.5428e-10,1.54336199,1.4553984,1.59895954,1.64895954,0.08796358999999998,-0.04999999999999982
4.5528e-10,1.54336199,1.4553984,1.59895954,1.64895954,0.08796358999999998,-0.04999999999999982
4.5628e-10,1.54336199,1.4553984,1.59895954,1.64895954,0.08796358999999998,-0.04999999999999982
4.5728e-10,1.54336199,1.4553984,1.59895954,1.64895954,0.08796358999999998,-0.04999999999999982
4.5828e-10,1.54336199,1.4553984,1.59895954,1.64895954,0.08796358999999998,-0.04999999999999982
4.5928e-10,1.54336199,1.4553984,1.59895954,1.64895954,0.08796358999999998,-0.04999999999999982
4.6028e-10,1.54336199,1.4553984,1.59895954,1.64895954,0.08796358999999998,-0.04999999999999982
4.6128e-10,1.54336199,1.4553984,1.59895954,1.64895954,0.08796358999999998,-0.04999999999999982
4.6228e-10,1.54336199,1.4553984,1.59895954,1.64895954,0.08796358999999998,-0.04999999999999982
4.6328e-10,1.54336199,1.4553984,1.59895954,1.64895954,0.08796358999999998,-0.04999999999999982
4.6428e-10,1.54336199,1.4553984,1.59895954,1.64895954,0.08796358999999998,-0.04999999999999982
4.6528e-10,1.54336199,1.4553984,1.59895954,1.64895954,0.08796358999999998,-0.04999999999999982
4.6628e-10,1.54336199,1.4553984,1.59895954,1.64895954,0.08796358999999998,-0.04999999999999982
4.6728e-10,1.54336199,1.4553984,1.59895954,1.64895954,0.08796358999999998,-0.04999999999999982
4.6828e-10,1.54336199,1.4553984,1.59895954,1.64895954,0.08796358999999998,-0.04999999999999982
4.6928e-10,1.54336199,1.4553984,1.59895954,1.64895954,0.08796358999999998,-0.04999999999999982
4.7028e-10,1.54336199,1.4553984,1.59895954,1.64895954,0.08796358999999998,-0.04999999999999982
4.7128e-10,1.54336199,1.4553984,1.59895954,1.64895954,0.08796358999999998,-0.04999999999999982
4.7228e-10,1.54336199,1.4553984,1.59895954,1.64895954,0.08796358999999998,-0.04999999999999982
4.7328e-10,1.54336199,1.4553984,1.59895954,1.64895954,0.08796358999999998,-0.04999999999999982
4.7428e-10,1.54336199,1.4553984,1.59895954,1.64895954,0.08796358999999998,-0.04999999999999982
4.7528e-10,1.54336199,1.4553984,1.59895954,1.64895954,0.08796358999999998,-0.04999999999999982
4.7628e-10,1.54336199,1.4553984,1.59895954,1.64895954,0.08796358999999998,-0.04999999999999982
4.7728e-10,1.54336199,1.4553984,1.59895954,1.64895954,0.08796358999999998,-0.04999999999999982
4.7828e-10,1.54336199,1.4553984,1.59895954,1.64895954,0.08796358999999998,-0.04999999999999982
4.7928e-10,1.54336199,1.4553984,1.59895954,1.64895954,0.08796358999999998,-0.04999999999999982
4.8028e-10,1.54336199,1.4553984,1.59895954,1.64895954,0.08796358999999998,-0.04999999999999982
4.8128e-10,1.54336199,1.4553984,1.59895954,1.64895954,0.08796358999999998,-0.04999999999999982
4.8228e-10,1.54336199,1.4553984,1.59895954,1.64895954,0.08796358999999998,-0.04999999999999982
4.8328e-10,1.54336199,1.4553984,1.59895954,1.64895954,0.08796358999999998,-0.04999999999999982
4.8428e-10,1.54336199,1.4553984,1.59895954,1.64895954,0.08796358999999998,-0.04999999999999982
4.8528e-10,1.54336199,1.4553984,1.59895954,1.64895954,0.08796358999999998,-0.04999999999999982
4.8628e-10,1.54336199,1.4553984,1.59895954,1.64895954,0.08796358999999998,-0.04999999999999982
4.8728e-10,1.54336199,1.4553984,1.59895954,1.64895954,0.08796358999999998,-0.04999999999999982
4.8828e-10,1.54336199,1.4553984,1.59895954,1.64895954,0.08796358999999998,-0.04999999999999982
4.8928e-10,1.54336199,1.4553984,1.59895954,1.64895954,0.08796358999999998,-0.04999999999999982
4.9028e-10,1.54336199,1.4553984,1.59895954,1.64895954,0.08796358999999998,-0.04999999999999982
4.9128e-10,1.54336199,1.4553984,1.59895954,1.64895954,0.08796358999999998,-0.04999999999999982
4.9228e-10,1.54336199,1.4553984,1.59895954,1.64895954,0.08796358999999998,-0.04999999999999982
4.9328e-10,1.54336199,1.4553984,1.59895954,1.64895954,0.08796358999999998,-0.04999999999999982
4.9428e-10,1.54336199,1.4553984,1.59895954,1.64895954,0.08796358999999998,-0.04999999999999982
4.9528e-10,1.54336199,1.4553984,1.59895954,1.64895954,0.08796358999999998,-0.04999999999999982
4.9628e-10,1.54336199,1.4553984,1.59895954,1.64895954,0.08796358999999998,-0.04999999999999982
4.9728e-10,1.54336199,1.4553984,1.59895954,1.64895954,0.08796358999999998,-0.04999999999999982
4.9828e-10,1.54336199,1.4553984,1.59895954,1.64895954,0.08796358999999998,-0.04999999999999982
4.9928e-10,1.54336199,1.4553984,1.59895954,1.64895954,0.08796358999999998,-0.04999999999999982
5.0028e-10,1.54336199,1.4553984,1.59895954,1.64895954,0.08796358999999998,-0.04999999999999982
5.0128e-10,1.54336199,1.4553984,1.59895954,1.64895954,0.08796358999999998,-0.04999999999999982
5.0228e-10,1.54336199,1.4553984,1.59895954,1.64895954,0.08796358999999998,-0.04999999999999982
5.0328e-10,1.54336199,1.4553984,1.59895954,1.64895954,0.08796358999999998,-0.04999999999999982
5.0428e-10,1.54336199,1.4553984,1.59895954,1.64895954,0.08796358999999998,-0.04999999999999982
5.0528e-10,1.54336199,1.4553984,1.59895954,1.64895954,0.08796358999999998,-0.04999999999999982
5.0628e-10,1.54336199,1.4553984,1.59895954,1.64895954,0.08796358999999998,-0.04999999999999982
5.0728e-10,1.54336199,1.4553984,1.59895954,1.64895954,0.08796358999999998,-0.04999999999999982
5.0828e-10,1.54336199,1.4553984,1.59895954,1.64895954,0.08796358999999998,-0.04999999999999982
5.0928e-10,1.54336199,1.4553984,1.59895954,1.64895954,0.08796358999999998,-0.04999999999999982
5.1028e-10,1.54336199,1.4553984,1.59895954,1.64895954,0.08796358999999998,-0.04999999999999982
5.1128e-10,1.54336199,1.4553984,1.59895954,1.64895954,0.08796358999999998,-0.04999999999999982
5.1228e-10,1.54336199,1.4553984,1.59895954,1.64895954,0.08796358999999998,-0.04999999999999982
5.1328e-10,1.54336199,1.4553984,1.59895954,1.64895954,0.08796358999999998,-0.04999999999999982
5.1428e-10,1.54336199,1.4553984,1.59895954,1.64895954,0.08796358999999998,-0.04999999999999982
5.1528e-10,1.54336199,1.4553984,1.59895954,1.64895954,0.08796358999999998,-0.04999999999999982
5.1628e-10,1.54336199,1.4553984,1.59895954,1.64895954,0.08796358999999998,-0.04999999999999982
5.1728e-10,1.54336199,1.4553984,1.59895954,1.64895954,0.08796358999999998,-0.04999999999999982
5.1828e-10,1.54336199,1.4553984,1.59895954,1.64895954,0.08796358999999998,-0.04999999999999982
5.1928e-10,1.54336199,1.4553984,1.59895954,1.64895954,0.08796358999999998,-0.04999999999999982
5.2028e-10,1.54336199,1.4553984,1.59895954,1.64895954,0.08796358999999998,-0.04999999999999982
5.2128e-10,1.54336199,1.4553984,1.59895954,1.64895954,0.08796358999999998,-0.04999999999999982
5.2228e-10,1.54336199,1.4553984,1.59895954,1.64895954,0.08796358999999998,-0.04999999999999982
5.2328e-10,1.54336199,1.4553984,1.59895954,1.64895954,0.08796358999999998,-0.04999999999999982
5.2428e-10,1.54336199,1.4553984,1.59895954,1.64895954,0.08796358999999998,-0.04999999999999982
5.2528e-10,1.54336199,1.4553984,1.59895954,1.64895954,0.08796358999999998,-0.04999999999999982
5.2628e-10,1.54336199,1.4553984,1.59895954,1.64895954,0.08796358999999998,-0.04999999999999982
5.2728e-10,1.54336199,1.4553984,1.59895954,1.64895954,0.08796358999999998,-0.04999999999999982
5.2828e-10,1.54336199,1.4553984,1.59895954,1.64895954,0.08796358999999998,-0.04999999999999982
5.2928e-10,1.54336199,1.4553984,1.59895954,1.64895954,0.08796358999999998,-0.04999999999999982
5.3028e-10,1.54336199,1.4553984,1.59895954,1.64895954,0.08796358999999998,-0.04999999999999982
5.3128e-10,1.54336199,1.4553984,1.59895954,1.64895954,0.08796358999999998,-0.04999999999999982
5.3228e-10,1.54336199,1.4553984,1.59895954,1.64895954,0.08796358999999998,-0.04999999999999982
5.3328e-10,1.54336199,1.4553984,1.59895954,1.64895954,0.08796358999999998,-0.04999999999999982
5.3428e-10,1.54336199,1.4553984,1.59895954,1.64895954,0.08796358999999998,-0.04999999999999982
5.3528e-10,1.54336199,1.4553984,1.59895954,1.64895954,0.08796358999999998,-0.04999999999999982
5.3628e-10,1.54336199,1.4553984,1.59895954,1.64895954,0.08796358999999998,-0.04999999999999982
5.3728e-10,1.54336199,1.4553984,1.59895954,1.64895954,0.08796358999999998,-0.04999999999999982
5.3828e-10,1.54336199,1.4553984,1.59895954,1.64895954,0.08796358999999998,-0.04999999999999982
5.3928e-10,1.54336199,1.4553984,1.59895954,1.64895954,0.08796358999999998,-0.04999999999999982
5.4028e-10,1.54336199,1.4553984,1.59895954,1.64895954,0.08796358999999998,-0.04999999999999982
5.4128e-10,1.54336199,1.4553984,1.59895954,1.64895954,0.08796358999999998,-0.04999999999999982
5.4228e-10,1.54336199,1.4553984,1.59895954,1.64895954,0.08796358999999998,-0.04999999999999982
5.4328e-10,1.54336199,1.4553984,1.59895954,1.64895954,0.08796358999999998,-0.04999999999999982
5.4428e-10,1.54336199,1.4553984,1.59895954,1.64895954,0.08796358999999998,-0.04999999999999982
5.4528e-10,1.54336199,1.4553984,1.59895954,1.64895954,0.08796358999999998,-0.04999999999999982
5.4628e-10,1.54336199,1.4553984,1.59895954,1.64895954,0.08796358999999998,-0.04999999999999982
5.4728e-10,1.54336199,1.4553984,1.59895954,1.64895954,0.08796358999999998,-0.04999999999999982
5.4828e-10,1.54336199,1.4553984,1.59895954,1.64895954,0.08796358999999998,-0.04999999999999982
5.4928e-10,1.54336199,1.4553984,1.59895954,1.64895954,0.08796358999999998,-0.04999999999999982
5.5028e-10,1.54336199,1.4553984,1.59895954,1.64895954,0.08796358999999998,-0.04999999999999982
5.5128e-10,1.54336199,1.4553984,1.59895954,1.64895954,0.08796358999999998,-0.04999999999999982
5.5228e-10,1.54336199,1.4553984,1.59895954,1.64895954,0.08796358999999998,-0.04999999999999982
5.5328e-10,1.54336199,1.4553984,1.59895954,1.64895954,0.08796358999999998,-0.04999999999999982
5.5428e-10,1.54336199,1.4553984,1.59895954,1.64895954,0.08796358999999998,-0.04999999999999982
5.5528e-10,1.54336199,1.4553984,1.59895954,1.64895954,0.08796358999999998,-0.04999999999999982
5.5628e-10,1.54336199,1.4553984,1.59895954,1.64895954,0.08796358999999998,-0.04999999999999982
5.5728e-10,1.54336199,1.4553984,1.59895954,1.64895954,0.08796358999999998,-0.04999999999999982
5.5828e-10,1.54336199,1.4553984,1.59895954,1.64895954,0.08796358999999998,-0.04999999999999982
5.5928e-10,1.54336199,1.4553984,1.59895954,1.64895954,0.08796358999999998,-0.04999999999999982
5.6028e-10,1.54336199,1.4553984,1.59895954,1.64895954,0.08796358999999998,-0.04999999999999982
5.6128e-10,1.54336199,1.4553984,1.59895954,1.64895954,0.08796358999999998,-0.04999999999999982
5.6228e-10,1.54336199,1.4553984,1.59895954,1.64895954,0.08796358999999998,-0.04999999999999982
5.6328e-10,1.54336199,1.4553984,1.59895954,1.64895954,0.08796358999999998,-0.04999999999999982
5.6428e-10,1.54336199,1.4553984,1.59895954,1.64895954,0.08796358999999998,-0.04999999999999982
5.6528e-10,1.54336199,1.4553984,1.59895954,1.64895954,0.08796358999999998,-0.04999999999999982
5.6628e-10,1.54336199,1.4553984,1.59895954,1.64895954,0.08796358999999998,-0.04999999999999982
5.6728e-10,1.54336199,1.4553984,1.59895954,1.64895954,0.08796358999999998,-0.04999999999999982
5.6828e-10,1.54336199,1.4553984,1.59895954,1.64895954,0.08796358999999998,-0.04999999999999982
5.6928e-10,1.54336199,1.4553984,1.59895954,1.64895954,0.08796358999999998,-0.04999999999999982
5.7028e-10,1.54336199,1.4553984,1.59895954,1.64895954,0.08796358999999998,-0.04999999999999982
5.7128e-10,1.54336199,1.4553984,1.59895954,1.64895954,0.08796358999999998,-0.04999999999999982
5.714286e-10,1.54336199,1.4553984,1.59895954,1.64895954,0.08796358999999998,-0.04999999999999982
5.715286e-10,1.54338006,1.4553799,1.60007065,1.64784843,0.08800016,-0.0477777800000001
5.717286e-10,1.54341244,1.45534535,1.60229287,1.64562621,0.08806709000000001,-0.04333334
5.721286e-10,1.54333565,1.45541276,1.60673732,1.64118176,0.08792288999999998,-0.03444444000000013
5.729286e-10,1.54187998,1.45688705,1.61562621,1.63229287,0.08499293000000008,-0.016666659999999833
5.739286e-10,1.53688586,1.46207495,1.62673732,1.62118176,0.07481090999999984,0.005555559999999904
5.749286e-10,1.52838638,1.47094639,1.63784843,1.61007065,0.057439989999999996,0.027777780000000085
5.759286e-10,1.51703249,1.48268778,1.64895954,1.59895954,0.034344710000000056,0.04999999999999982
5.760286e-10,1.51573564,1.48401655,1.64895954,1.59895954,0.03171908999999995,0.04999999999999982
5.762286e-10,1.51310689,1.48670485,1.64895954,1.59895954,0.026402040000000015,0.04999999999999982
5.766286e-10,1.50777726,1.49212709,1.64895954,1.59895954,0.015650169999999797,0.04999999999999982
5.774286e-10,1.4977444,1.50225097,1.64895954,1.59895954,-0.0045065699999999875,0.04999999999999982
5.784286e-10,1.48746876,1.51251513,1.64895954,1.59895954,-0.025046369999999873,0.04999999999999982
5.794286e-10,1.48002501,1.51987685,1.64895954,1.59895954,-0.03985183999999986,0.04999999999999982
5.804286e-10,1.47496651,1.52483197,1.64895954,1.59895954,-0.04986545999999992,0.04999999999999982
5.814286e-10,1.47166238,1.52803358,1.64895954,1.59895954,-0.056371200000000066,0.04999999999999982
5.824286e-10,1.46956397,1.53003958,1.64895954,1.59895954,-0.0604756099999999,0.04999999999999982
5.834286e-10,1.46825958,1.53126516,1.64895954,1.59895954,-0.06300558,0.04999999999999982
5.844286e-10,1.46746244,1.5319977,1.64895954,1.59895954,-0.06453525999999998,0.04999999999999982
5.854286e-10,1.46698177,1.53242693,1.64895954,1.59895954,-0.06544515999999989,0.04999999999999982
5.864286e-10,1.46669488,1.53267371,1.64895954,1.59895954,-0.06597883000000015,0.04999999999999982
5.874286e-10,1.4665247,1.53281297,1.64895954,1.59895954,-0.06628827000000004,0.04999999999999982
5.884286e-10,1.46642389,1.53288999,1.64895954,1.59895954,-0.06646609999999997,0.04999999999999982
5.892857e-10,1.46637087,1.53292696,1.64895954,1.59895954,-0.06655608999999996,0.04999999999999982
5.893857e-10,1.46634785,1.53294799,1.64784843,1.60007065,-0.06660014000000003,0.0477777800000001
5.895857e-10,1.4663053,1.53298603,1.64562621,1.60229287,-0.06668073000000008,0.04333334
5.899857e-10,1.46636465,1.5329194,1.64118176,1.60673732,-0.06655474999999988,0.03444444000000013
5.907857e-10,1.46785045,1.5314759,1.63229287,1.61562621,-0.06362544999999997,0.016666659999999833
5.917857e-10,1.47306636,1.52647221,1.62118176,1.62673732,-0.05340585000000009,-0.005555559999999904
5.927857e-10,1.48193223,1.51793591,1.61007065,1.63784843,-0.03600368000000009,-0.027777780000000085
5.937857e-10,1.49360737,1.50652684,1.59895954,1.64895954,-0.012919469999999933,-0.04999999999999982
5.938857e-10,1.49492543,1.50522357,1.59895954,1.64895954,-0.010298139999999956,-0.04999999999999982
5.940857e-10,1.49759058,1.5025813,1.59895954,1.64895954,-0.004990719999999893,-0.04999999999999982
5.944857e-10,1.50295652,1.49721893,1.59895954,1.64895954,0.005737589999999848,-0.04999999999999982
5.952857e-10,1.51294263,1.48709782,1.59895954,1.64895954,0.02584480999999994,-0.04999999999999982
5.962857e-10,1.52302836,1.47669166,1.59895954,1.64895954,0.04633670000000012,-0.04999999999999982
5.972857e-10,1.53024124,1.46912632,1.59895954,1.64895954,0.06111492000000007,-0.04999999999999982
5.982857e-10,1.53508924,1.46397303,1.59895954,1.64895954,0.07111621000000001,-0.04999999999999982
5.992857e-10,1.53822132,1.46060299,1.59895954,1.64895954,0.07761832999999996,-0.04999999999999982
6.002857e-10,1.54018678,1.45846311,1.59895954,1.64895954,0.08172366999999991,-0.04999999999999982
6.012857e-10,1.54139246,1.45713602,1.59895954,1.64895954,0.08425643999999988,-0.04999999999999982
6.022857e-10,1.54211903,1.45632991,1.59895954,1.64895954,0.08578912000000005,-0.04999999999999982
6.032857e-10,1.54255117,1.45584992,1.59895954,1.64895954,0.08670125000000017,-0.04999999999999982
6.042857e-10,1.54280618,1.45557011,1.59895954,1.64895954,0.08723606999999989,-0.04999999999999982
6.052857e-10,1.54295662,1.45541101,1.59895954,1.64895954,0.08754561000000005,-0.04999999999999982
6.062857e-10,1.54304617,1.45532355,1.59895954,1.64895954,0.08772262000000008,-0.04999999999999982
6.072857e-10,1.54310073,1.45527785,1.59895954,1.64895954,0.08782287999999983,-0.04999999999999982
6.082857e-10,1.54313526,1.45525608,1.59895954,1.64895954,0.08787917999999983,-0.04999999999999982
6.092857e-10,1.54315837,1.45524766,1.59895954,1.64895954,0.08791071000000006,-0.04999999999999982
6.102857e-10,1.54317484,1.45524649,1.59895954,1.64895954,0.0879283500000001,-0.04999999999999982
6.112857e-10,1.54318738,1.45524903,1.59895954,1.64895954,0.08793834999999994,-0.04999999999999982
6.122857e-10,1.54319744,1.45525332,1.59895954,1.64895954,0.08794411999999996,-0.04999999999999982
6.132857e-10,1.54320588,1.45525827,1.59895954,1.64895954,0.08794760999999984,-0.04999999999999982
6.142857e-10,1.54321313,1.45526333,1.59895954,1.64895954,0.08794980000000008,-0.04999999999999982
6.152857e-10,1.5432195,1.4552682,1.59895954,1.64895954,0.08795130000000007,-0.04999999999999982
6.162857e-10,1.54322512,1.45527276,1.59895954,1.64895954,0.08795236000000006,-0.04999999999999982
6.172857e-10,1.54323014,1.45527696,1.59895954,1.64895954,0.08795317999999996,-0.04999999999999982
6.182857e-10,1.54323462,1.45528083,1.59895954,1.64895954,0.08795379000000003,-0.04999999999999982
6.192857e-10,1.54323866,1.45528436,1.59895954,1.64895954,0.08795430000000004,-0.04999999999999982
6.202857e-10,1.54324228,1.4552876,1.59895954,1.64895954,0.08795468000000017,-0.04999999999999982
6.212857e-10,1.54324557,1.45529057,1.59895954,1.64895954,0.087955,-0.04999999999999982
6.222857e-10,1.54324854,1.45529333,1.59895954,1.64895954,0.08795521000000006,-0.04999999999999982
6.232857e-10,1.54325126,1.45529587,1.59895954,1.64895954,0.08795538999999986,-0.04999999999999982
6.242857e-10,1.54325373,1.45529825,1.59895954,1.64895954,0.08795547999999997,-0.04999999999999982
6.252857e-10,1.543256,1.45530048,1.59895954,1.64895954,0.08795551999999995,-0.04999999999999982
6.262857e-10,1.54325809,1.45530257,1.59895954,1.64895954,0.08795551999999995,-0.04999999999999982
6.272857e-10,1.54326003,1.45530455,1.59895954,1.64895954,0.08795547999999997,-0.04999999999999982
6.282857e-10,1.54326182,1.45530644,1.59895954,1.64895954,0.08795537999999992,-0.04999999999999982
6.292857e-10,1.5432635,1.45530824,1.59895954,1.64895954,0.08795525999999998,-0.04999999999999982
6.302857e-10,1.54326507,1.45530996,1.59895954,1.64895954,0.08795511,-0.04999999999999982
6.312857e-10,1.54326655,1.45531161,1.59895954,1.64895954,0.08795493999999993,-0.04999999999999982
6.322857e-10,1.54326794,1.45531322,1.59895954,1.64895954,0.08795471999999993,-0.04999999999999982
6.332857e-10,1.54326927,1.45531476,1.59895954,1.64895954,0.08795450999999987,-0.04999999999999982
6.342857e-10,1.54327053,1.45531626,1.59895954,1.64895954,0.08795427,-0.04999999999999982
6.352857e-10,1.54327174,1.45531772,1.59895954,1.64895954,0.08795401999999997,-0.04999999999999982
6.362857e-10,1.5432729,1.45531914,1.59895954,1.64895954,0.08795375999999999,-0.04999999999999982
6.372857e-10,1.54327402,1.45532053,1.59895954,1.64895954,0.08795348999999986,-0.04999999999999982
6.382857e-10,1.54327509,1.45532189,1.59895954,1.64895954,0.08795320000000006,-0.04999999999999982
6.392857e-10,1.54327613,1.45532322,1.59895954,1.64895954,0.08795291000000005,-0.04999999999999982
6.402857e-10,1.54327714,1.45532453,1.59895954,1.64895954,0.0879526100000001,-0.04999999999999982
6.412857e-10,1.54327813,1.45532581,1.59895954,1.64895954,0.08795232000000008,-0.04999999999999982
6.422857e-10,1.54327909,1.45532707,1.59895954,1.64895954,0.08795201999999991,-0.04999999999999982
6.432857e-10,1.54328002,1.45532831,1.59895954,1.64895954,0.08795171000000002,-0.04999999999999982
6.442857e-10,1.54328094,1.45532953,1.59895954,1.64895954,0.08795141000000006,-0.04999999999999982
6.452857e-10,1.54328183,1.45533073,1.59895954,1.64895954,0.08795109999999995,-0.04999999999999982
6.462857e-10,1.54328271,1.45533191,1.59895954,1.64895954,0.0879508,-0.04999999999999982
6.472857e-10,1.54328358,1.45533308,1.59895954,1.64895954,0.08795050000000004,-0.04999999999999982
6.482857e-10,1.54328442,1.45533423,1.59895954,1.64895954,0.08795018999999993,-0.04999999999999982
6.492857e-10,1.54328526,1.45533536,1.59895954,1.64895954,0.08794989999999991,-0.04999999999999982
6.502857e-10,1.54328608,1.45533648,1.59895954,1.64895954,0.08794959999999996,-0.04999999999999982
6.512857e-10,1.54328689,1.45533758,1.59895954,1.64895954,0.08794931000000017,-0.04999999999999982
6.522857e-10,1.54328769,1.45533867,1.59895954,1.64895954,0.08794902000000016,-0.04999999999999982
6.532857e-10,1.54328848,1.45533974,1.59895954,1.64895954,0.08794873999999986,-0.04999999999999982
6.542857e-10,1.54328925,1.4553408,1.59895954,1.64895954,0.08794844999999984,-0.04999999999999982
6.552857e-10,1.54329002,1.45534184,1.59895954,1.64895954,0.08794817999999993,-0.04999999999999982
6.562857e-10,1.54329078,1.45534288,1.59895954,1.64895954,0.08794790000000008,-0.04999999999999982
6.572857e-10,1.54329153,1.45534389,1.59895954,1.64895954,0.0879476400000001,-0.04999999999999982
6.582857e-10,1.54329226,1.4553449,1.59895954,1.64895954,0.08794736000000003,-0.04999999999999982
6.592857e-10,1.543293,1.45534589,1.59895954,1.64895954,0.08794711,-0.04999999999999982
6.602857e-10,1.54329372,1.45534687,1.59895954,1.64895954,0.08794685000000002,-0.04999999999999982
6.612857e-10,1.54329443,1.45534783,1.59895954,1.64895954,0.08794659999999999,-0.04999999999999982
6.622857e-10,1.54329514,1.45534879,1.59895954,1.64895954,0.08794634999999995,-0.04999999999999982
6.632857e-10,1.54329583,1.45534973,1.59895954,1.64895954,0.08794609999999992,-0.04999999999999982
6.642857e-10,1.54329652,1.45535065,1.59895954,1.64895954,0.08794586999999998,-0.04999999999999982
6.652857e-10,1.54329721,1.45535157,1.59895954,1.64895954,0.08794564000000005,-0.04999999999999982
6.662857e-10,1.54329788,1.45535247,1.59895954,1.64895954,0.08794540999999989,-0.04999999999999982
6.672857e-10,1.54329855,1.45535336,1.59895954,1.64895954,0.08794519000000012,-0.04999999999999982
6.682857e-10,1.54329921,1.45535424,1.59895954,1.64895954,0.08794497000000012,-0.04999999999999982
6.692857e-10,1.54329986,1.45535511,1.59895954,1.64895954,0.08794475000000013,-0.04999999999999982
6.702857e-10,1.5433005,1.45535597,1.59895954,1.64895954,0.08794452999999991,-0.04999999999999982
6.712857e-10,1.54330114,1.45535681,1.59895954,1.64895954,0.08794433000000001,-0.04999999999999982
6.722857e-10,1.54330177,1.45535765,1.59895954,1.64895954,0.08794411999999996,-0.04999999999999982
6.732857e-10,1.54330239,1.45535847,1.59895954,1.64895954,0.08794392000000006,-0.04999999999999982
6.742857e-10,1.54330301,1.45535928,1.59895954,1.64895954,0.08794373000000011,-0.04999999999999982
6.752857e-10,1.54330362,1.45536008,1.59895954,1.64895954,0.08794354000000015,-0.04999999999999982
6.762857e-10,1.54330422,1.45536087,1.59895954,1.64895954,0.08794334999999998,-0.04999999999999982
6.772857e-10,1.54330481,1.45536164,1.59895954,1.64895954,0.08794316999999996,-0.04999999999999982
6.782857e-10,1.5433054,1.45536241,1.59895954,1.64895954,0.08794298999999994,-0.04999999999999982
6.792857e-10,1.54330598,1.45536316,1.59895954,1.64895954,0.08794281999999987,-0.04999999999999982
6.802857e-10,1.54330656,1.45536391,1.59895954,1.64895954,0.08794265000000001,-0.04999999999999982
6.812857e-10,1.54330713,1.45536464,1.59895954,1.64895954,0.0879424900000001,-0.04999999999999982
6.822857e-10,1.54330769,1.45536537,1.59895954,1.64895954,0.08794232000000002,-0.04999999999999982
6.832857e-10,1.54330824,1.45536608,1.59895954,1.64895954,0.0879421600000001,-0.04999999999999982
6.842857e-10,1.54330879,1.45536679,1.59895954,1.64895954,0.08794199999999996,-0.04999999999999982
6.852857e-10,1.54330933,1.45536748,1.59895954,1.64895954,0.08794184999999999,-0.04999999999999982
6.862857e-10,1.54330986,1.45536817,1.59895954,1.64895954,0.08794168999999985,-0.04999999999999982
6.872857e-10,1.54331039,1.45536884,1.59895954,1.64895954,0.08794155000000003,-0.04999999999999982
6.882857e-10,1.54331091,1.45536951,1.59895954,1.64895954,0.08794140000000006,-0.04999999999999982
6.892857e-10,1.54331143,1.45537016,1.59895954,1.64895954,0.08794126999999996,-0.04999999999999982
6.902857e-10,1.54331193,1.45537081,1.59895954,1.64895954,0.08794111999999998,-0.04999999999999982
6.912857e-10,1.54331244,1.45537144,1.59895954,1.64895954,0.08794100000000005,-0.04999999999999982
6.922857e-10,1.54331293,1.45537207,1.59895954,1.64895954,0.08794086000000001,-0.04999999999999982
6.932857e-10,1.54331342,1.45537269,1.59895954,1.64895954,0.08794073000000013,-0.04999999999999982
6.942857e-10,1.54331391,1.4553733,1.59895954,1.64895954,0.08794060999999997,-0.04999999999999982
6.952857e-10,1.54331438,1.4553739,1.59895954,1.64895954,0.08794047999999988,-0.04999999999999982
6.962857e-10,1.54331485,1.45537449,1.59895954,1.64895954,0.08794035999999994,-0.04999999999999982
6.972857e-10,1.54331532,1.45537507,1.59895954,1.64895954,0.08794024999999994,-0.04999999999999982
6.982857e-10,1.54331578,1.45537565,1.59895954,1.64895954,0.08794013,-0.04999999999999982
6.992857e-10,1.54331623,1.45537621,1.59895954,1.64895954,0.08794002000000001,-0.04999999999999982
7.002857e-10,1.54331668,1.45537677,1.59895954,1.64895954,0.08793991000000001,-0.04999999999999982
7.012857e-10,1.54331712,1.45537732,1.59895954,1.64895954,0.08793980000000001,-0.04999999999999982
7.022857e-10,1.54331756,1.45537786,1.59895954,1.64895954,0.08793969999999995,-0.04999999999999982
7.032857e-10,1.54331799,1.4553784,1.59895954,1.64895954,0.08793958999999996,-0.04999999999999982
7.042857e-10,1.54331841,1.45537892,1.59895954,1.64895954,0.0879394899999999,-0.04999999999999982
7.052857e-10,1.54331883,1.45537944,1.59895954,1.64895954,0.08793939000000006,-0.04999999999999982
7.062857e-10,1.54331925,1.45537995,1.59895954,1.64895954,0.08793929999999994,-0.04999999999999982
7.072857e-10,1.54331965,1.45538045,1.59895954,1.64895954,0.08793919999999988,-0.04999999999999982
7.082857e-10,1.54332006,1.45538095,1.59895954,1.64895954,0.08793911000000021,-0.04999999999999982
7.092857e-10,1.54332045,1.45538143,1.59895954,1.64895954,0.08793901999999987,-0.04999999999999982
7.102857e-10,1.54332084,1.45538191,1.59895954,1.64895954,0.08793892999999997,-0.04999999999999982
7.112857e-10,1.54332123,1.45538239,1.59895954,1.64895954,0.08793884000000007,-0.04999999999999982
7.122857e-10,1.54332161,1.45538285,1.59895954,1.64895954,0.08793876000000012,-0.04999999999999982
7.132857e-10,1.54332199,1.45538331,1.59895954,1.64895954,0.08793867999999994,-0.04999999999999982
7.142857e-10,1.54332236,1.45538376,1.59895954,1.64895954,0.08793859999999998,-0.04999999999999982
7.152857e-10,1.54332273,1.45538421,1.59895954,1.64895954,0.08793852000000002,-0.04999999999999982
7.162857e-10,1.54332309,1.45538464,1.59895954,1.64895954,0.08793845,-0.04999999999999982
7.172857e-10,1.54332344,1.45538507,1.59895954,1.64895954,0.08793837000000004,-0.04999999999999982
7.182857e-10,1.54332379,1.4553855,1.59895954,1.64895954,0.08793829000000009,-0.04999999999999982
7.192857e-10,1.54332414,1.45538592,1.59895954,1.64895954,0.08793821999999984,-0.04999999999999982
7.202857e-10,1.54332448,1.45538633,1.59895954,1.64895954,0.08793815000000005,-0.04999999999999982
7.212857e-10,1.54332482,1.45538674,1.59895954,1.64895954,0.08793808000000003,-0.04999999999999982
7.222857e-10,1.54332515,1.45538714,1.59895954,1.64895954,0.08793801000000001,-0.04999999999999982
7.232857e-10,1.54332548,1.45538753,1.59895954,1.64895954,0.08793794999999993,-0.04999999999999982
7.242857e-10,1.5433258,1.45538792,1.59895954,1.64895954,0.08793788000000013,-0.04999999999999982
7.252857e-10,1.54332612,1.4553883,1.59895954,1.64895954,0.08793781999999983,-0.04999999999999982
7.262857e-10,1.54332643,1.45538867,1.59895954,1.64895954,0.08793775999999998,-0.04999999999999982
7.272857e-10,1.54332674,1.45538904,1.59895954,1.64895954,0.0879376999999999,-0.04999999999999982
7.282857e-10,1.54332704,1.45538941,1.59895954,1.64895954,0.0879376300000001,-0.04999999999999982
7.292857e-10,1.54332734,1.45538976,1.59895954,1.64895954,0.08793757999999996,-0.04999999999999982
7.302857e-10,1.54332764,1.45539012,1.59895954,1.64895954,0.0879375200000001,-0.04999999999999982
7.312857e-10,1.54332793,1.45539046,1.59895954,1.64895954,0.08793746999999996,-0.04999999999999982
7.322857e-10,1.54332822,1.45539081,1.59895954,1.64895954,0.0879374100000001,-0.04999999999999982
7.332857e-10,1.5433285,1.45539114,1.59895954,1.64895954,0.08793736000000019,-0.04999999999999982
7.342857e-10,1.54332878,1.45539148,1.59895954,1.64895954,0.08793729999999989,-0.04999999999999982
7.352857e-10,1.54332906,1.4553918,1.59895954,1.64895954,0.08793726000000013,-0.04999999999999982
7.362857e-10,1.54332933,1.45539212,1.59895954,1.64895954,0.08793720999999999,-0.04999999999999982
7.372857e-10,1.5433296,1.45539244,1.59895954,1.64895954,0.08793716000000007,-0.04999999999999982
7.382857e-10,1.54332986,1.45539275,1.59895954,1.64895954,0.08793711000000015,-0.04999999999999982
7.392857e-10,1.54333012,1.45539306,1.59895954,1.64895954,0.08793706000000001,-0.04999999999999982
7.402857e-10,1.54333038,1.45539336,1.59895954,1.64895954,0.08793702000000003,-0.04999999999999982
7.412857e-10,1.54333063,1.45539366,1.59895954,1.64895954,0.08793697000000011,-0.04999999999999982
7.422857e-10,1.54333088,1.45539395,1.59895954,1.64895954,0.08793693000000014,-0.04999999999999982
7.432857e-10,1.54333113,1.45539424,1.59895954,1.64895954,0.08793689000000016,-0.04999999999999982
7.442857e-10,1.54333137,1.45539452,1.59895954,1.64895954,0.08793684999999996,-0.04999999999999982
7.452857e-10,1.54333161,1.4553948,1.59895954,1.64895954,0.08793680999999998,-0.04999999999999982
7.462857e-10,1.54333184,1.45539507,1.59895954,1.64895954,0.08793677,-0.04999999999999982
7.472857e-10,1.54333207,1.45539534,1.59895954,1.64895954,0.08793673000000002,-0.04999999999999982
7.482857e-10,1.5433323,1.45539561,1.59895954,1.64895954,0.08793669000000004,-0.04999999999999982
7.492857e-10,1.54333252,1.45539587,1.59895954,1.64895954,0.08793665000000006,-0.04999999999999982
7.502857e-10,1.54333274,1.45539613,1.59895954,1.64895954,0.08793661000000008,-0.04999999999999982
7.512857e-10,1.54333296,1.45539638,1.59895954,1.64895954,0.08793658000000004,-0.04999999999999982
7.522857e-10,1.54333318,1.45539663,1.59895954,1.64895954,0.08793655,-0.04999999999999982
7.532857e-10,1.54333339,1.45539688,1.59895954,1.64895954,0.08793651000000002,-0.04999999999999982
7.542857e-10,1.5433336,1.45539712,1.59895954,1.64895954,0.08793647999999998,-0.04999999999999982
7.552857e-10,1.5433338,1.45539736,1.59895954,1.64895954,0.08793644,-0.04999999999999982
7.562857e-10,1.543334,1.45539759,1.59895954,1.64895954,0.08793640999999996,-0.04999999999999982
7.572857e-10,1.5433342,1.45539782,1.59895954,1.64895954,0.08793638000000015,-0.04999999999999982
7.582857e-10,1.5433344,1.45539805,1.59895954,1.64895954,0.08793634999999989,-0.04999999999999982
7.592857e-10,1.54333459,1.45539827,1.59895954,1.64895954,0.08793631999999985,-0.04999999999999982
7.602857e-10,1.54333478,1.45539849,1.59895954,1.64895954,0.0879362899999998,-0.04999999999999982
7.612857e-10,1.54333497,1.45539871,1.59895954,1.64895954,0.08793625999999999,-0.04999999999999982
7.622857e-10,1.54333515,1.45539892,1.59895954,1.64895954,0.08793623000000017,-0.04999999999999982
7.632857e-10,1.54333534,1.45539913,1.59895954,1.64895954,0.08793621000000007,-0.04999999999999982
7.642857e-10,1.54333552,1.45539934,1.59895954,1.64895954,0.08793618000000003,-0.04999999999999982
7.652857e-10,1.54333569,1.45539954,1.59895954,1.64895954,0.08793614999999999,-0.04999999999999982
7.662857e-10,1.54333587,1.45539974,1.59895954,1.64895954,0.08793612999999989,-0.04999999999999982
7.672857e-10,1.54333604,1.45539994,1.59895954,1.64895954,0.08793610000000007,-0.04999999999999982
7.682857e-10,1.54333621,1.45540013,1.59895954,1.64895954,0.0879360800000002,-0.04999999999999982
7.692857e-10,1.54333637,1.45540032,1.59895954,1.64895954,0.08793604999999993,-0.04999999999999982
7.702857e-10,1.54333654,1.45540051,1.59895954,1.64895954,0.08793603000000005,-0.04999999999999982
7.712857e-10,1.5433367,1.45540069,1.59895954,1.64895954,0.08793600999999995,-0.04999999999999982
7.722857e-10,1.54333686,1.45540087,1.59895954,1.64895954,0.08793598999999985,-0.04999999999999982
7.732857e-10,1.54333701,1.45540105,1.59895954,1.64895954,0.08793595999999981,-0.04999999999999982
7.742857e-10,1.54333717,1.45540123,1.59895954,1.64895954,0.08793593999999993,-0.04999999999999982
7.752857e-10,1.54333732,1.4554014,1.59895954,1.64895954,0.08793592000000006,-0.04999999999999982
7.762857e-10,1.54333747,1.45540157,1.59895954,1.64895954,0.08793589999999996,-0.04999999999999982
7.772857e-10,1.54333761,1.45540174,1.59895954,1.64895954,0.08793586999999992,-0.04999999999999982
7.782857e-10,1.54333776,1.4554019,1.59895954,1.64895954,0.08793585999999998,-0.04999999999999982
7.792857e-10,1.5433379,1.45540206,1.59895954,1.64895954,0.0879358400000001,-0.04999999999999982
7.802857e-10,1.54333804,1.45540222,1.59895954,1.64895954,0.08793582,-0.04999999999999982
7.812857e-10,1.54333818,1.45540238,1.59895954,1.64895954,0.0879357999999999,-0.04999999999999982
7.822857e-10,1.54333832,1.45540253,1.59895954,1.64895954,0.08793578999999996,-0.04999999999999982
7.832857e-10,1.54333845,1.45540269,1.59895954,1.64895954,0.08793575999999992,-0.04999999999999982
7.842857e-10,1.54333858,1.45540284,1.59895954,1.64895954,0.08793573999999982,-0.04999999999999982
7.852857e-10,1.54333871,1.45540298,1.59895954,1.64895954,0.0879357300000001,-0.04999999999999982
7.862857e-10,1.54333884,1.45540313,1.59895954,1.64895954,0.08793571,-0.04999999999999982
7.872857e-10,1.54333897,1.45540327,1.59895954,1.64895954,0.08793570000000006,-0.04999999999999982
7.882857e-10,1.54333909,1.45540341,1.59895954,1.64895954,0.08793567999999996,-0.04999999999999982
7.892857e-10,1.54333921,1.45540355,1.59895954,1.64895954,0.08793566000000008,-0.04999999999999982
7.902857e-10,1.54333933,1.45540368,1.59895954,1.64895954,0.08793564999999992,-0.04999999999999982
7.912857e-10,1.54333945,1.45540382,1.59895954,1.64895954,0.08793563000000004,-0.04999999999999982
7.922857e-10,1.54333957,1.45540395,1.59895954,1.64895954,0.0879356200000001,-0.04999999999999982
7.932857e-10,1.54333968,1.45540408,1.59895954,1.64895954,0.0879356,-0.04999999999999982
7.942857e-10,1.5433398,1.4554042,1.59895954,1.64895954,0.0879356,-0.04999999999999982
7.952857e-10,1.54333991,1.45540433,1.59895954,1.64895954,0.08793558000000012,-0.04999999999999982
7.962857e-10,1.54334002,1.45540445,1.59895954,1.64895954,0.08793556999999996,-0.04999999999999982
7.972857e-10,1.54334013,1.45540457,1.59895954,1.64895954,0.08793556000000002,-0.04999999999999982
7.982857e-10,1.54334023,1.45540469,1.59895954,1.64895954,0.08793554000000015,-0.04999999999999982
7.992857e-10,1.54334034,1.45540481,1.59895954,1.64895954,0.08793552999999998,-0.04999999999999982
8.002857e-10,1.54334044,1.45540493,1.59895954,1.64895954,0.08793550999999988,-0.04999999999999982
8.012857e-10,1.54334054,1.45540504,1.59895954,1.64895954,0.08793549999999994,-0.04999999999999982
8.022857e-10,1.54334064,1.45540515,1.59895954,1.64895954,0.08793549,-0.04999999999999982
8.032857e-10,1.54334074,1.45540526,1.59895954,1.64895954,0.08793548000000007,-0.04999999999999982
8.042857e-10,1.54334084,1.45540537,1.59895954,1.64895954,0.0879354699999999,-0.04999999999999982
8.052857e-10,1.54334094,1.45540548,1.59895954,1.64895954,0.08793545999999997,-0.04999999999999982
8.062857e-10,1.54334103,1.45540558,1.59895954,1.64895954,0.0879354499999998,-0.04999999999999982
8.072857e-10,1.54334112,1.45540568,1.59895954,1.64895954,0.08793544000000009,-0.04999999999999982
8.082857e-10,1.54334121,1.45540578,1.59895954,1.64895954,0.08793542999999993,-0.04999999999999982
8.092857e-10,1.5433413,1.45540588,1.59895954,1.64895954,0.08793541999999999,-0.04999999999999982
8.102857e-10,1.54334139,1.45540598,1.59895954,1.64895954,0.08793540999999983,-0.04999999999999982
8.112857e-10,1.54334148,1.45540608,1.59895954,1.64895954,0.08793540000000011,-0.04999999999999982
8.122857e-10,1.54334156,1.45540617,1.59895954,1.64895954,0.08793538999999995,-0.04999999999999982
8.132857e-10,1.54334165,1.45540627,1.59895954,1.64895954,0.08793538000000001,-0.04999999999999982
8.142857e-10,1.54334173,1.45540636,1.59895954,1.64895954,0.08793537000000007,-0.04999999999999982
8.152857e-10,1.54334181,1.45540645,1.59895954,1.64895954,0.08793536000000013,-0.04999999999999982
8.162857e-10,1.5433419,1.45540654,1.59895954,1.64895954,0.0879353599999999,-0.04999999999999982
8.172857e-10,1.54334197,1.45540663,1.59895954,1.64895954,0.08793534000000003,-0.04999999999999982
8.182857e-10,1.54334205,1.45540671,1.59895954,1.64895954,0.0879353399999998,-0.04999999999999982
8.192857e-10,1.54334213,1.4554068,1.59895954,1.64895954,0.08793533000000009,-0.04999999999999982
8.202857e-10,1.54334221,1.45540688,1.59895954,1.64895954,0.08793533000000009,-0.04999999999999982
8.212857e-10,1.54334228,1.45540696,1.59895954,1.64895954,0.08793532000000015,-0.04999999999999982
8.222857e-10,1.54334235,1.45540704,1.59895954,1.64895954,0.08793530999999999,-0.04999999999999982
8.232857e-10,1.54334243,1.45540712,1.59895954,1.64895954,0.08793530999999999,-0.04999999999999982
8.242857e-10,1.5433425,1.4554072,1.59895954,1.64895954,0.08793530000000005,-0.04999999999999982
8.252857e-10,1.54334257,1.45540728,1.59895954,1.64895954,0.08793529000000011,-0.04999999999999982
8.262857e-10,1.54334264,1.45540735,1.59895954,1.64895954,0.08793529000000011,-0.04999999999999982
8.272857e-10,1.5433427,1.45540743,1.59895954,1.64895954,0.08793527000000001,-0.04999999999999982
8.282857e-10,1.54334277,1.4554075,1.59895954,1.64895954,0.08793527000000001,-0.04999999999999982
8.292857e-10,1.54334284,1.45540757,1.59895954,1.64895954,0.08793527000000001,-0.04999999999999982
8.302857e-10,1.5433429,1.45540764,1.59895954,1.64895954,0.08793526000000007,-0.04999999999999982
8.312857e-10,1.54334297,1.45540771,1.59895954,1.64895954,0.08793526000000007,-0.04999999999999982
8.322857e-10,1.54334303,1.45540778,1.59895954,1.64895954,0.08793524999999991,-0.04999999999999982
8.332857e-10,1.54334309,1.45540785,1.59895954,1.64895954,0.08793523999999997,-0.04999999999999982
8.342857e-10,1.54334315,1.45540792,1.59895954,1.64895954,0.08793523000000003,-0.04999999999999982
8.352857e-10,1.54334321,1.45540798,1.59895954,1.64895954,0.08793523000000003,-0.04999999999999982
8.362857e-10,1.54334327,1.45540805,1.59895954,1.64895954,0.08793522000000009,-0.04999999999999982
8.372857e-10,1.54334333,1.45540811,1.59895954,1.64895954,0.08793521999999987,-0.04999999999999982
8.382857e-10,1.54334339,1.45540817,1.59895954,1.64895954,0.08793522000000009,-0.04999999999999982
8.392857e-10,1.54334345,1.45540823,1.59895954,1.64895954,0.08793522000000009,-0.04999999999999982
8.402857e-10,1.5433435,1.45540829,1.59895954,1.64895954,0.08793520999999993,-0.04999999999999982
8.412857e-10,1.54334356,1.45540835,1.59895954,1.64895954,0.08793521000000015,-0.04999999999999982
8.422857e-10,1.54334361,1.45540841,1.59895954,1.64895954,0.08793519999999999,-0.04999999999999982
8.432857e-10,1.54334366,1.45540847,1.59895954,1.64895954,0.08793518999999983,-0.04999999999999982
8.442857e-10,1.54334372,1.45540853,1.59895954,1.64895954,0.08793519000000005,-0.04999999999999982
8.452857e-10,1.54334377,1.45540858,1.59895954,1.64895954,0.08793518999999983,-0.04999999999999982
8.462857e-10,1.54334382,1.45540864,1.59895954,1.64895954,0.08793518000000011,-0.04999999999999982
8.472857e-10,1.54334387,1.45540869,1.59895954,1.64895954,0.08793517999999989,-0.04999999999999982
8.482857e-10,1.54334392,1.45540874,1.59895954,1.64895954,0.08793518000000011,-0.04999999999999982
8.492857e-10,1.54334397,1.4554088,1.59895954,1.64895954,0.08793516999999995,-0.04999999999999982
8.502857e-10,1.54334401,1.45540885,1.59895954,1.64895954,0.08793516000000001,-0.04999999999999982
8.512857e-10,1.54334406,1.4554089,1.59895954,1.64895954,0.08793516000000001,-0.04999999999999982
8.522857e-10,1.54334411,1.45540895,1.59895954,1.64895954,0.08793516000000001,-0.04999999999999982
8.532857e-10,1.54334415,1.455409,1.59895954,1.64895954,0.08793515000000007,-0.04999999999999982
8.542857e-10,1.5433442,1.45540904,1.59895954,1.64895954,0.08793516000000001,-0.04999999999999982
8.552857e-10,1.54334424,1.45540909,1.59895954,1.64895954,0.08793514999999985,-0.04999999999999982
8.562857e-10,1.54334429,1.45540914,1.59895954,1.64895954,0.08793515000000007,-0.04999999999999982
8.572857e-10,1.54334433,1.45540918,1.59895954,1.64895954,0.08793515000000007,-0.04999999999999982
8.582857e-10,1.54334437,1.45540923,1.59895954,1.64895954,0.08793513999999991,-0.04999999999999982
8.592857e-10,1.54334441,1.45540927,1.59895954,1.64895954,0.08793513999999991,-0.04999999999999982
8.602857e-10,1.54334445,1.45540932,1.59895954,1.64895954,0.08793512999999997,-0.04999999999999982
8.612857e-10,1.5433445,1.45540936,1.59895954,1.64895954,0.08793513999999991,-0.04999999999999982
8.622857e-10,1.54334453,1.4554094,1.59895954,1.64895954,0.08793512999999997,-0.04999999999999982
8.632857e-10,1.54334457,1.45540944,1.59895954,1.64895954,0.08793512999999997,-0.04999999999999982
8.642857e-10,1.54334461,1.45540948,1.59895954,1.64895954,0.08793512999999997,-0.04999999999999982
8.652857e-10,1.54334465,1.45540952,1.59895954,1.64895954,0.0879351300000002,-0.04999999999999982
8.662857e-10,1.54334469,1.45540956,1.59895954,1.64895954,0.08793512999999997,-0.04999999999999982
8.672857e-10,1.54334473,1.4554096,1.59895954,1.64895954,0.08793512999999997,-0.04999999999999982
8.682857e-10,1.54334476,1.45540964,1.59895954,1.64895954,0.08793512000000003,-0.04999999999999982
8.692857e-10,1.5433448,1.45540968,1.59895954,1.64895954,0.08793512000000003,-0.04999999999999982
8.702857e-10,1.54334483,1.45540972,1.59895954,1.64895954,0.08793510999999987,-0.04999999999999982
8.712857e-10,1.54334487,1.45540975,1.59895954,1.64895954,0.08793512000000003,-0.04999999999999982
8.722857e-10,1.5433449,1.45540979,1.59895954,1.64895954,0.08793510999999987,-0.04999999999999982
8.732857e-10,1.54334494,1.45540982,1.59895954,1.64895954,0.08793512000000003,-0.04999999999999982
8.742857e-10,1.54334497,1.45540986,1.59895954,1.64895954,0.08793510999999987,-0.04999999999999982
8.752857e-10,1.543345,1.45540989,1.59895954,1.64895954,0.08793510999999987,-0.04999999999999982
8.762857e-10,1.54334504,1.45540993,1.59895954,1.64895954,0.08793510999999987,-0.04999999999999982
8.772857e-10,1.54334507,1.45540996,1.59895954,1.64895954,0.0879351100000001,-0.04999999999999982
8.782857e-10,1.5433451,1.45540999,1.59895954,1.64895954,0.0879351100000001,-0.04999999999999982
8.792857e-10,1.54334513,1.45541003,1.59895954,1.64895954,0.08793510000000015,-0.04999999999999982
8.802857e-10,1.54334516,1.45541006,1.59895954,1.64895954,0.08793510000000015,-0.04999999999999982
8.812857e-10,1.54334519,1.45541009,1.59895954,1.64895954,0.08793509999999993,-0.04999999999999982
8.822857e-10,1.54334522,1.45541012,1.59895954,1.64895954,0.08793509999999993,-0.04999999999999982
8.832857e-10,1.54334525,1.45541015,1.59895954,1.64895954,0.08793509999999993,-0.04999999999999982
8.842857e-10,1.54334528,1.45541018,1.59895954,1.64895954,0.08793509999999993,-0.04999999999999982
8.852857e-10,1.54334531,1.45541021,1.59895954,1.64895954,0.08793510000000015,-0.04999999999999982
8.862857e-10,1.54334533,1.45541024,1.59895954,1.64895954,0.08793509,-0.04999999999999982
8.872857e-10,1.54334536,1.45541027,1.59895954,1.64895954,0.08793509,-0.04999999999999982
8.882857e-10,1.54334539,1.45541029,1.59895954,1.64895954,0.08793509999999993,-0.04999999999999982
8.892857e-10,1.54334542,1.45541032,1.59895954,1.64895954,0.08793510000000015,-0.04999999999999982
8.902857e-10,1.54334544,1.45541035,1.59895954,1.64895954,0.08793509,-0.04999999999999982
8.912857e-10,1.54334547,1.45541037,1.59895954,1.64895954,0.08793509999999993,-0.04999999999999982
8.922857e-10,1.54334549,1.4554104,1.59895954,1.64895954,0.08793509,-0.04999999999999982
8.932857e-10,1.54334552,1.45541043,1.59895954,1.64895954,0.08793509,-0.04999999999999982
8.942857e-10,1.54334554,1.45541045,1.59895954,1.64895954,0.08793509,-0.04999999999999982
8.952857e-10,1.54334557,1.45541048,1.59895954,1.64895954,0.08793509,-0.04999999999999982
8.962857e-10,1.54334559,1.4554105,1.59895954,1.64895954,0.08793509,-0.04999999999999982
8.972857e-10,1.54334562,1.45541053,1.59895954,1.64895954,0.08793509,-0.04999999999999982
8.982857e-10,1.54334564,1.45541055,1.59895954,1.64895954,0.08793509,-0.04999999999999982
8.992857e-10,1.54334566,1.45541057,1.59895954,1.64895954,0.08793509,-0.04999999999999982
9.002857e-10,1.54334569,1.4554106,1.59895954,1.64895954,0.08793509,-0.04999999999999982
9.012857e-10,1.54334571,1.45541062,1.59895954,1.64895954,0.08793509,-0.04999999999999982
9.022857e-10,1.54334573,1.45541064,1.59895954,1.64895954,0.08793509,-0.04999999999999982
9.032857e-10,1.54334575,1.45541066,1.59895954,1.64895954,0.08793509,-0.04999999999999982
9.042857e-10,1.54334577,1.45541068,1.59895954,1.64895954,0.08793509,-0.04999999999999982
9.052857e-10,1.5433458,1.45541071,1.59895954,1.64895954,0.08793509,-0.04999999999999982
9.062857e-10,1.54334582,1.45541073,1.59895954,1.64895954,0.08793509,-0.04999999999999982
9.072857e-10,1.54334584,1.45541075,1.59895954,1.64895954,0.08793509,-0.04999999999999982
9.082857e-10,1.54334586,1.45541077,1.59895954,1.64895954,0.08793509,-0.04999999999999982
9.092857e-10,1.54334588,1.45541079,1.59895954,1.64895954,0.08793509,-0.04999999999999982
9.102857e-10,1.5433459,1.45541081,1.59895954,1.64895954,0.08793509,-0.04999999999999982
9.112857e-10,1.54334592,1.45541083,1.59895954,1.64895954,0.08793509,-0.04999999999999982
9.122857e-10,1.54334594,1.45541085,1.59895954,1.64895954,0.08793509,-0.04999999999999982
9.132857e-10,1.54334596,1.45541086,1.59895954,1.64895954,0.08793509999999993,-0.04999999999999982
9.142857e-10,1.54334597,1.45541088,1.59895954,1.64895954,0.08793509,-0.04999999999999982
9.152857e-10,1.54334599,1.4554109,1.59895954,1.64895954,0.08793509,-0.04999999999999982
9.162857e-10,1.54334601,1.45541092,1.59895954,1.64895954,0.08793509,-0.04999999999999982
9.172857e-10,1.54334603,1.45541094,1.59895954,1.64895954,0.08793509,-0.04999999999999982
9.182857e-10,1.54334605,1.45541095,1.59895954,1.64895954,0.08793509999999993,-0.04999999999999982
9.192857e-10,1.54334606,1.45541097,1.59895954,1.64895954,0.08793509,-0.04999999999999982
9.202857e-10,1.54334608,1.45541099,1.59895954,1.64895954,0.08793509,-0.04999999999999982
9.212857e-10,1.5433461,1.45541101,1.59895954,1.64895954,0.08793509,-0.04999999999999982
9.222857e-10,1.54334612,1.45541102,1.59895954,1.64895954,0.08793509999999993,-0.04999999999999982
9.232857e-10,1.54334613,1.45541104,1.59895954,1.64895954,0.08793509,-0.04999999999999982
9.242857e-10,1.54334615,1.45541105,1.59895954,1.64895954,0.08793510000000015,-0.04999999999999982
9.252857e-10,1.54334616,1.45541107,1.59895954,1.64895954,0.08793509,-0.04999999999999982
9.262857e-10,1.54334618,1.45541108,1.59895954,1.64895954,0.08793509999999993,-0.04999999999999982
9.272857e-10,1.5433462,1.4554111,1.59895954,1.64895954,0.08793509999999993,-0.04999999999999982
9.282857e-10,1.54334621,1.45541111,1.59895954,1.64895954,0.08793509999999993,-0.04999999999999982
9.292857e-10,1.54334623,1.45541113,1.59895954,1.64895954,0.08793509999999993,-0.04999999999999982
9.302857e-10,1.54334624,1.45541114,1.59895954,1.64895954,0.08793509999999993,-0.04999999999999982
9.312857e-10,1.54334626,1.45541116,1.59895954,1.64895954,0.08793510000000015,-0.04999999999999982
9.322857e-10,1.54334627,1.45541117,1.59895954,1.64895954,0.08793509999999993,-0.04999999999999982
9.332857e-10,1.54334629,1.45541119,1.59895954,1.64895954,0.08793509999999993,-0.04999999999999982
9.342857e-10,1.5433463,1.4554112,1.59895954,1.64895954,0.08793510000000015,-0.04999999999999982
9.352857e-10,1.54334632,1.45541121,1.59895954,1.64895954,0.08793510999999987,-0.04999999999999982
9.362857e-10,1.54334633,1.45541123,1.59895954,1.64895954,0.08793510000000015,-0.04999999999999982
9.372857e-10,1.54334634,1.45541124,1.59895954,1.64895954,0.08793509999999993,-0.04999999999999982
9.382857e-10,1.54334636,1.45541125,1.59895954,1.64895954,0.08793510999999987,-0.04999999999999982
9.392857e-10,1.54334637,1.45541126,1.59895954,1.64895954,0.0879351100000001,-0.04999999999999982
9.402857e-10,1.54334638,1.45541128,1.59895954,1.64895954,0.08793509999999993,-0.04999999999999982
9.412857e-10,1.5433464,1.45541129,1.59895954,1.64895954,0.08793510999999987,-0.04999999999999982
9.422857e-10,1.54334641,1.4554113,1.59895954,1.64895954,0.0879351100000001,-0.04999999999999982
9.432857e-10,1.54334642,1.45541131,1.59895954,1.64895954,0.0879351100000001,-0.04999999999999982
9.442857e-10,1.54334643,1.45541132,1.59895954,1.64895954,0.08793510999999987,-0.04999999999999982
9.452857e-10,1.54334645,1.45541134,1.59895954,1.64895954,0.0879351100000001,-0.04999999999999982
9.462857e-10,1.54334646,1.45541135,1.59895954,1.64895954,0.08793510999999987,-0.04999999999999982
9.472857e-10,1.54334647,1.45541136,1.59895954,1.64895954,0.08793510999999987,-0.04999999999999982
9.482857e-10,1.54334648,1.45541137,1.59895954,1.64895954,0.0879351100000001,-0.04999999999999982
9.492857e-10,1.5433465,1.45541138,1.59895954,1.64895954,0.08793512000000003,-0.04999999999999982
9.502857e-10,1.54334651,1.45541139,1.59895954,1.64895954,0.08793511999999981,-0.04999999999999982
9.512857e-10,1.54334652,1.4554114,1.59895954,1.64895954,0.08793512000000003,-0.04999999999999982
9.522857e-10,1.54334653,1.45541141,1.59895954,1.64895954,0.08793512000000003,-0.04999999999999982
9.532857e-10,1.54334654,1.45541142,1.59895954,1.64895954,0.08793512000000003,-0.04999999999999982
9.542857e-10,1.54334655,1.45541143,1.59895954,1.64895954,0.08793512000000003,-0.04999999999999982
9.552857e-10,1.54334656,1.45541144,1.59895954,1.64895954,0.08793512000000003,-0.04999999999999982
9.562857e-10,1.54334657,1.45541145,1.59895954,1.64895954,0.08793512000000003,-0.04999999999999982
9.572857e-10,1.54334659,1.45541146,1.59895954,1.64895954,0.08793512999999997,-0.04999999999999982
9.582857e-10,1.5433466,1.45541147,1.59895954,1.64895954,0.08793512999999997,-0.04999999999999982
9.592857e-10,1.54334661,1.45541148,1.59895954,1.64895954,0.08793512999999997,-0.04999999999999982
9.602857e-10,1.54334662,1.45541149,1.59895954,1.64895954,0.08793512999999997,-0.04999999999999982
9.612857e-10,1.54334663,1.4554115,1.59895954,1.64895954,0.08793512999999997,-0.04999999999999982
9.622857e-10,1.54334664,1.45541151,1.59895954,1.64895954,0.08793512999999997,-0.04999999999999982
9.632857e-10,1.54334665,1.45541152,1.59895954,1.64895954,0.08793512999999997,-0.04999999999999982
9.642857e-10,1.54334666,1.45541152,1.59895954,1.64895954,0.08793514000000013,-0.04999999999999982
9.652857e-10,1.54334667,1.45541153,1.59895954,1.64895954,0.08793514000000013,-0.04999999999999982
9.662857e-10,1.54334668,1.45541154,1.59895954,1.64895954,0.08793513999999991,-0.04999999999999982
9.672857e-10,1.54334669,1.45541155,1.59895954,1.64895954,0.08793513999999991,-0.04999999999999982
9.682857e-10,1.5433467,1.45541156,1.59895954,1.64895954,0.08793514000000013,-0.04999999999999982
9.692857e-10,1.54334671,1.45541157,1.59895954,1.64895954,0.08793513999999991,-0.04999999999999982
9.702857e-10,1.54334671,1.45541157,1.59895954,1.64895954,0.08793513999999991,-0.04999999999999982
9.712857e-10,1.54334672,1.45541158,1.59895954,1.64895954,0.08793513999999991,-0.04999999999999982
9.722857e-10,1.54334673,1.45541159,1.59895954,1.64895954,0.08793514000000013,-0.04999999999999982
9.732857e-10,1.54334674,1.4554116,1.59895954,1.64895954,0.08793514000000013,-0.04999999999999982
9.742857e-10,1.54334675,1.4554116,1.59895954,1.64895954,0.08793515000000007,-0.04999999999999982
9.752857e-10,1.54334676,1.45541161,1.59895954,1.64895954,0.08793514999999985,-0.04999999999999982
9.762857e-10,1.54334677,1.45541162,1.59895954,1.64895954,0.08793515000000007,-0.04999999999999982
9.772857e-10,1.54334678,1.45541163,1.59895954,1.64895954,0.08793515000000007,-0.04999999999999982
9.782857e-10,1.54334678,1.45541163,1.59895954,1.64895954,0.08793515000000007,-0.04999999999999982
9.792857e-10,1.54334679,1.45541164,1.59895954,1.64895954,0.08793515000000007,-0.04999999999999982
9.802857e-10,1.5433468,1.45541165,1.59895954,1.64895954,0.08793514999999985,-0.04999999999999982
9.812857e-10,1.54334681,1.45541165,1.59895954,1.64895954,0.08793516000000001,-0.04999999999999982
9.822857e-10,1.54334682,1.45541166,1.59895954,1.64895954,0.08793516000000001,-0.04999999999999982
9.832857e-10,1.54334683,1.45541167,1.59895954,1.64895954,0.08793516000000001,-0.04999999999999982
9.842857e-10,1.54334683,1.45541167,1.59895954,1.64895954,0.08793516000000001,-0.04999999999999982
9.852857e-10,1.54334684,1.45541168,1.59895954,1.64895954,0.08793516000000001,-0.04999999999999982
9.862857e-10,1.54334685,1.45541168,1.59895954,1.64895954,0.08793516999999995,-0.04999999999999982
9.872857e-10,1.54334686,1.45541169,1.59895954,1.64895954,0.08793516999999995,-0.04999999999999982
9.882857e-10,1.54334686,1.4554117,1.59895954,1.64895954,0.08793516000000001,-0.04999999999999982
9.892857e-10,1.54334687,1.4554117,1.59895954,1.64895954,0.08793516999999995,-0.04999999999999982
9.902857e-10,1.54334688,1.45541171,1.59895954,1.64895954,0.08793517000000017,-0.04999999999999982
9.912857e-10,1.54334689,1.45541171,1.59895954,1.64895954,0.08793518000000011,-0.04999999999999982
9.922857e-10,1.54334689,1.45541172,1.59895954,1.64895954,0.08793516999999995,-0.04999999999999982
9.932857e-10,1.5433469,1.45541173,1.59895954,1.64895954,0.08793516999999995,-0.04999999999999982
9.942857e-10,1.54334691,1.45541173,1.59895954,1.64895954,0.08793517999999989,-0.04999999999999982
9.952857e-10,1.54334692,1.45541174,1.59895954,1.64895954,0.08793518000000011,-0.04999999999999982
9.962857e-10,1.54334692,1.45541174,1.59895954,1.64895954,0.08793518000000011,-0.04999999999999982
9.972857e-10,1.54334693,1.45541175,1.59895954,1.64895954,0.08793518000000011,-0.04999999999999982
9.982857e-10,1.54334694,1.45541175,1.59895954,1.64895954,0.08793519000000005,-0.04999999999999982
9.992857e-10,1.54334694,1.45541176,1.59895954,1.64895954,0.08793517999999989,-0.04999999999999982
1.0002857e-09,1.54334695,1.45541176,1.59895954,1.64895954,0.08793519000000005,-0.04999999999999982
1.0012857e-09,1.54334696,1.45541177,1.59895954,1.64895954,0.08793519000000005,-0.04999999999999982
1.0022857e-09,1.54334696,1.45541177,1.59895954,1.64895954,0.08793519000000005,-0.04999999999999982
1.0032857e-09,1.54334697,1.45541178,1.59895954,1.64895954,0.08793519000000005,-0.04999999999999982
1.0042857e-09,1.54334698,1.45541178,1.59895954,1.64895954,0.08793519999999999,-0.04999999999999982
1.0052857e-09,1.54334698,1.45541179,1.59895954,1.64895954,0.08793518999999983,-0.04999999999999982
1.0062857e-09,1.54334699,1.45541179,1.59895954,1.64895954,0.08793519999999999,-0.04999999999999982
1.0072857e-09,1.54334699,1.4554118,1.59895954,1.64895954,0.08793519000000005,-0.04999999999999982
1.0082857e-09,1.543347,1.4554118,1.59895954,1.64895954,0.08793519999999999,-0.04999999999999982
1.0092857e-09,1.54334701,1.45541181,1.59895954,1.64895954,0.08793519999999999,-0.04999999999999982
1.0102857e-09,1.54334701,1.45541181,1.59895954,1.64895954,0.08793519999999999,-0.04999999999999982
1.0112857e-09,1.54334702,1.45541182,1.59895954,1.64895954,0.08793519999999999,-0.04999999999999982
1.0122857e-09,1.54334702,1.45541182,1.59895954,1.64895954,0.08793519999999999,-0.04999999999999982
1.0132857e-09,1.54334703,1.45541182,1.59895954,1.64895954,0.08793521000000015,-0.04999999999999982
1.0142857e-09,1.54334704,1.45541183,1.59895954,1.64895954,0.08793520999999993,-0.04999999999999982
1.0152857e-09,1.54334704,1.45541183,1.59895954,1.64895954,0.08793520999999993,-0.04999999999999982
1.0162857e-09,1.54334705,1.45541184,1.59895954,1.64895954,0.08793520999999993,-0.04999999999999982
1.0172857e-09,1.54334705,1.45541184,1.59895954,1.64895954,0.08793520999999993,-0.04999999999999982
1.017857e-09,1.54334706,1.45541184,1.59895954,1.64895954,0.08793522000000009,-0.04999999999999982
