t_ui,vod_mV
0.015999999999999945,-70.84575000000015
0.07199999999999976,-70.8424299999999
0.12799999999999956,-70.83985999999997
0.18399999999999936,-70.83784000000004
0.2399999999999992,-70.83627000000004
0.295999999999999,-70.83500999999993
0.3520000000000017,-70.83402000000017
0.4080000000000015,-70.83321999999993
0.4640000000000013,-70.83258999999997
0.5200000000000011,-70.83207999999996
0.576000000000001,-70.83167000000002
0.6320000000000007,-70.83132999999987
0.6880000000000005,-70.83105999999995
0.7440000000000003,-70.83083999999995
0.8000000000000002,-70.8306700000001
0.856,-70.83050999999996
0.9119999999999998,-70.83039999999995
0.9679999999999995,-70.83030000000012
1.0239999999999994,-70.83021999999994
1.0799999999999992,-70.83014999999992
1.135999999999999,-70.83009000000007
1.1920000000000017,-70.83003999999993
1.2480000000000016,-70.83000000000017
1.3040000000000014,-70.82995999999997
1.3600000000000012,-70.82993999999987
1.4160000000000008,-70.82991000000005
1.4720000000000006,-70.82988999999995
1.5280000000000005,-70.82987000000007
1.5840000000000003,-70.82986000000014
1.6400000000000001,-70.82982999999987
1.696,-70.82981999999993
1.7519999999999998,-70.82980000000005
1.8079999999999996,-70.82979000000012
1.8639999999999994,-70.82977000000001
1.9199999999999993,-70.82976000000008
1.975999999999999,-70.82974999999992
1.6000000010787207e-06,-70.82975000000013
0.005601599999999901,-70.8531699999999
0.01680160000000044,-70.89418000000003
0.03920160000000152,-70.78041000000002
0.08400160000000079,-68.74592999999996
0.1400016000000006,-61.654099999999936
0.19600160000000041,-49.22668999999979
0.2520016000000002,-32.0619499999999
0.25760159999999904,-30.069890000000044
0.2688015999999996,-26.02002000000003
0.29120160000000067,-17.71193000000015
0.3360015999999999,-1.5186799999999945
0.39200159999999973,16.224529999999902
0.44800159999999956,30.229529999999947
0.5040015999999994,40.47807000000003
0.5600015999999991,47.45390000000005
0.6160015999999989,51.83967000000011
0.6720016000000016,54.33186999999995
0.7280016000000015,55.53542999999994
0.7840016000000013,55.92372000000001
0.8400016000000011,55.83910000000003
0.8960016000000008,55.51324999999996
0.9520016000000007,55.09269999999988
0.9999992000000002,54.722589999999904
1.005599199999999,54.70405
1.0167991999999995,54.66183000000014
1.0391992000000005,54.38584000000013
1.0839991999999998,52.046220000000034
1.1399991999999997,44.619900000000044
1.1959991999999995,31.92231000000012
1.2519991999999993,14.556340000000167
1.2575992000000011,12.548219999999999
1.2687992000000017,8.467439999999993
1.2911991999999997,0.10376999999994752
1.335999199999999,-16.182570000000005
1.3919992000000017,-34.0182
1.4479992000000015,-48.09547999999997
1.5039992000000013,-58.399670000000015
1.5599992000000011,-65.41784000000006
1.615999200000001,-69.83559000000005
1.6719992000000008,-72.35173999999999
1.7279992000000006,-73.57301999999999
1.7839992000000005,-73.97419000000016
1.8399992000000003,-73.8987299999998
1.8959992,-73.57921000000012
1.9519991999999997,-73.16283000000001
0.007999199999999615,-72.73609000000003
0.06399919999999942,-72.34450000000004
0.11999919999999922,-72.00787999999991
0.17599919999999902,-71.73076999999984
0.23199920000000174,-71.50959000000002
0.28799920000000157,-71.33701999999987
0.34399920000000134,-71.20469000000007
0.39999920000000116,-71.10448000000002
0.455999200000001,-71.02932000000007
0.5119992000000008,-70.97327000000008
0.5679992000000006,-70.93165999999984
0.6239992000000004,-70.90077999999988
0.6799992000000002,-70.87787000000012
0.7359992,-70.86080999999989
0.7919991999999998,-70.84807999999998
0.8479991999999996,-70.83849999999981
0.9039991999999994,-70.83127999999994
0.9599991999999993,-70.82577000000012
1.015999199999999,-70.82155000000002
1.0719992000000018,-70.81829000000006
1.1279992000000016,-70.81574999999995
1.1839992000000013,-70.81377
1.239999200000001,-70.81221999999987
1.295999200000001,-70.81096999999991
1.3519992000000007,-70.8099900000001
1.4079992000000006,-70.80919999999979
1.4639992000000004,-70.80858
1.5199992000000002,-70.80806000000007
1.5759992,-70.80765999999983
1.6319991999999999,-70.80732000000012
1.6879991999999997,-70.80704999999998
1.7439991999999995,-70.80682999999999
1.7999991999999991,-70.80664999999998
1.855999199999999,-70.8065
1.9119992000000017,-70.8063699999999
1.9679992000000015,-70.80627000000005
0.02399920000000137,-70.80618999999987
0.07999920000000117,-70.80612000000008
0.13599920000000099,-70.80606
0.19199920000000079,-70.80599999999993
0.24799920000000059,-70.80595999999994
0.3039992000000004,-70.80592000000019
0.3599992000000002,-70.80589999999987
0.4159992,-70.80587000000006
0.47199919999999984,-70.80584
0.5279991999999997,-70.80580999999997
0.5839991999999995,-70.80578999999987
0.6399991999999992,-70.80578000000015
0.695999199999999,-70.80576000000005
0.7519992000000018,-70.80573999999996
0.8079992000000016,-70.80573000000001
0.8639992000000014,-70.8057099999999
0.9199992000000012,-70.80569000000003
0.975999200000001,-70.80566999999994
1.031999200000001,-70.80565999999999
1.0879992000000005,-70.80564000000011
1.1439992000000003,-70.80562999999995
1.1999992000000002,-70.80562000000002
1.2559992,-70.80560999999986
1.3119991999999998,-70.80560000000014
1.3679991999999996,-70.80558999999997
1.4239991999999995,-70.80557999999981
1.4799991999999993,-70.80556999999988
1.5359991999999991,-70.80555999999993
1.5919992000000018,-70.80555
1.6479992000000017,-70.80554000000005
1.7039992000000015,-70.80552999999989
1.759999200000001,-70.80551999999996
1.815999200000001,-70.80551000000001
1.8719992000000008,-70.80549999999985
1.9279992000000006,-70.80550000000008
1.9839992000000004,-70.80550000000008
1.9999983999999993,-70.80548999999992
0.005598400000001001,-70.82891999999985
0.016798400000001542,-70.86992999999997
0.03919839999999973,-70.7561000000001
0.08399839999999899,-68.72133000000002
0.1399984000000017,-61.62927000000007
0.19599840000000152,-49.201839999999834
0.2519984000000013,-32.037169999999946
0.2575984000000001,-30.045119999999812
0.26879840000000066,-25.995269999999906
0.29119840000000174,-17.687239999999882
0.33599840000000103,-1.4940800000000642
0.39199840000000086,16.2490099999999
0.44799840000000063,30.253900000000165
0.5039984000000004,40.50238000000017
0.5599984000000002,47.478149999999886
0.6159984000000001,51.863870000000034
0.6719983999999999,54.35604999999999
0.7279983999999997,55.55958999999988
0.7839983999999994,55.94784999999991
0.8399983999999993,55.86323000000015
0.8959983999999991,55.53736999999992
0.9519984000000018,55.11681000000013
1.0079984000000015,54.68748000000012
1.0639984000000013,54.294499999999914
1.1199984000000012,53.957360000000065
1.175998400000001,53.68034999999982
1.2319984000000008,53.45974000000009
1.2879984000000007,53.28806000000008
1.3439984000000005,53.15683999999998
1.3999984000000003,53.05788000000011
1.4559984000000001,52.98409000000004
1.5119984,52.929489999999916
1.5679983999999998,52.889359999999996
1.6239983999999994,52.85999999999991
1.6799983999999992,52.83862999999989
1.735998399999999,52.82312
1.7919984000000018,52.81194
1.8479984000000016,52.80392000000012
1.9039984000000014,52.7982600000001
1.9599984000000013,52.794309999999896
0.015998400000001037,52.791649999999855
0.07199840000000085,52.789949999999976
0.12799840000000065,52.788970000000155
0.18399840000000045,52.788529999999945
0.23999840000000028,52.788520000000005
0.29599840000000005,52.78883000000012
0.3519983999999999,52.78939000000005
0.4079983999999997,52.79012999999999
0.4639983999999995,52.79103000000007
0.5199983999999993,52.79203999999993
0.5759983999999991,52.79316000000001
0.631998399999999,52.79433999999994
0.6879983999999987,52.79559000000012
0.7439983999999985,52.796870000000105
0.7999983999999983,52.798199999999795
0.8559983999999982,52.799549999999805
0.911998399999998,52.80093000000008
0.9679983999999978,52.802320000000066
1.000002400000003,52.80313000000003
1.005602399999999,52.826669999999964
1.0168024000000024,52.86773
1.0392023999999978,52.75256000000006
1.0840024,50.70816000000011
1.1400023999999997,43.59739000000018
1.1960023999999996,31.156120000000122
1.2520023999999994,13.992539999999831
1.257602400000001,12.001700000000115
1.2688023999999987,7.954589999999984
1.2912023999999998,-0.3468500000001207
1.336002400000002,-16.52699000000002
1.3920024000000017,-34.25895999999984
1.4480024000000016,-48.258370000000106
1.5040024000000014,-58.50437000000008
1.5600024000000012,-65.47919999999996
1.6160024000000008,-69.86472999999992
1.6720024000000007,-72.3568699999999
1.7280024000000005,-73.56016999999993
1.7840024000000003,-73.9478200000001
1.8400024000000001,-73.86218999999983
1.8960024,-73.53493000000012
1.9520023999999998,-73.11264999999989
2.1713491079516976e-15,-72.74087000000007
0.005599999999998099,-72.72215999999987
0.016800000000001536,-72.67975999999999
0.039200000000002615,-72.4049
0.08399999999999899,-70.07439000000004
0.1399999999999988,-62.66532000000002
0.1959999999999986,-49.979050000000136
0.2519999999999984,-32.608689999999996
0.2576000000000001,-30.599000000000043
0.26879999999999776,-26.514760000000194
0.29119999999999885,-18.142980000000144
0.336000000000001,-1.8406699999999887
0.39200000000000085,16.009339999999874
0.4480000000000006,30.094680000000153
0.5040000000000004,40.40319999999986
0.5600000000000003,47.423559999999924
0.6160000000000001,51.842289999999956
0.6719999999999998,54.35888000000011
0.7279999999999996,55.58054000000001
0.7839999999999995,55.98228000000005
0.8399999999999993,55.90771000000005
0.8959999999999991,55.58941000000006
0.9519999999999988,55.174569999999925
0.9999976000000013,54.80824000000006
1.005597600000003,54.790070000000135
1.0167976000000007,54.748609999999864
1.0391976000000018,54.47399999999991
1.083997599999998,52.136710000000086
1.1399975999999978,44.71254999999985
1.1959975999999977,32.016370000000016
1.2519976000000033,14.651119999999906
1.2575975999999993,12.643019999999838
1.2687976000000027,8.562300000000134
1.291197599999998,0.19870000000010712
1.3359976000000002,-16.08764000000007
1.3919975999999998,-33.92333000000014
1.4479975999999997,-48.00068000000013
1.5039975999999995,-58.30487999999989
1.5599975999999993,-65.32305000000017
1.6159975999999991,-69.74078000000006
1.671997599999999,-72.25687999999985
1.7279975999999988,-73.47806999999995
1.7839975999999986,-73.87911999999997
1.8399975999999985,-73.80355999999999
1.8959975999999983,-73.4839399999998
1.9519975999999981,-73.06747999999996
0.007997599999997811,-72.64066000000003
0.06399759999999761,-72.24900999999994
0.11999760000000322,-71.9123300000002
0.17599760000000303,-71.63516999999997
0.23199760000000283,-71.41395999999989
0.28799760000000263,-71.24134999999998
0.34399760000000246,-71.10897999999999
0.39999760000000223,-71.00874999999985
0.45599760000000206,-70.9335499999999
0.5119976000000018,-70.87748000000005
0.5679976000000017,-70.83583999999999
0.6239976000000015,-70.80493999999993
0.6799976000000013,-70.78202
0.7359976000000011,-70.76493999999988
0.7919976000000009,-70.75217999999994
0.8479976000000007,-70.74257000000017
0.9039976000000005,-70.73531999999983
0.9599976000000003,-70.72979000000012
1.0159976000000002,-70.72554999999991
1.0719976,-70.72225999999992
1.1279975999999998,-70.71972000000004
1.1839975999999997,-70.71771000000004
1.2399975999999993,-70.71612000000016
1.295997599999999,-70.71486000000004
1.351997599999999,-70.71385999999991
1.4079975999999987,-70.71305000000017
1.4639975999999986,-70.71240999999984
1.5199975999999984,-70.71187999999995
1.5759975999999982,-70.7114499999999
1.631997599999998,-70.7110999999998
1.6879975999999979,-70.71081000000001
1.7439975999999977,-70.71055999999997
1.7999976000000033,-70.71037000000003
1.8559976000000031,-70.71020000000017
1.9119976000000027,-70.71005999999991
1.9679976000000026,-70.70993999999997
1.6000000021643953e-06,-70.70986999999995
0.005601599999998092,-70.73328999999995
0.016801600000001526,-70.77427999999996
0.039201600000002605,-70.66046000000003
0.08400159999999898,-68.62579999999996
0.14000159999999878,-61.533590000000025
0.19600159999999858,-49.10571000000008
0.2520015999999984,-31.94049999999993
0.2576016000000001,-29.94839000000016
0.26880159999999775,-25.898430000000026
0.29120159999999884,-17.590159999999912
0.336001600000001,-1.396549999999941
0.39200160000000084,16.34709000000001
0.4480016000000006,30.352450000000086
0.5040016000000004,40.60129000000012
0.5600016000000002,47.577350000000074
0.6160016,51.963270000000115
0.6720015999999999,54.45557000000001
0.7280015999999997,55.65920999999996
0.7840015999999995,56.047530000000066
0.8400015999999992,55.962929999999965
0.8960015999999991,55.6370799999999
0.9520015999999989,55.2165200000001
1.0080015999999987,54.787190000000095
1.0640015999999985,54.39419000000001
1.1200015999999984,54.05704
1.1760015999999982,53.77999999999994
1.232001599999998,53.55937000000011
1.2880015999999976,53.38766000000006
1.3440016000000032,53.25640999999992
1.400001600000003,53.15744000000011
1.456001600000003,53.08361000000006
1.5120016000000027,53.02898000000012
1.5680016000000025,52.98881999999993
1.6240016000000024,52.959430000000026
1.6800016000000022,52.93803999999991
1.736001600000002,52.922509999999924
1.7920016000000019,52.91129999999988
1.8480016000000017,52.9032599999999
1.9040016000000015,52.8975599999999
1.9600016000000011,52.893579999999886
2.4000000021609186e-06,52.89155999999995
0.005602399999998089,52.914729999999906
0.016802400000001525,52.955070000000106
0.03920240000000261,52.83854999999993
0.08400239999999898,50.79189000000017
0.14000239999999878,43.67893000000001
0.1960023999999986,31.235970000000002
0.2520023999999984,14.071069999999963
0.2576024000000001,12.080099999999927
0.2688023999999978,8.032760000000083
0.29120239999999886,-0.2691099999998503
0.336002400000001,-16.449989999999914
0.3920024000000008,-34.18271000000006
0.44800240000000063,-48.18269999999991
0.5040024000000004,-58.42915999999998
0.5600024000000002,-65.40436000000005
0.6160024000000001,-69.79019999999991
0.6720023999999999,-72.28257999999998
0.7280023999999996,-73.48609000000006
0.7840023999999994,-73.87391999999981
0.8400023999999993,-73.78843000000002
0.8960023999999991,-73.46128999999979
0.9520023999999989,-73.03912000000001
1.0080023999999987,-72.6079100000001
1.0640023999999986,-72.21288000000014
1.1200023999999984,-71.8735800000001
1.1760023999999982,-71.59437999999984
1.2320023999999978,-71.37156
1.2880023999999977,-71.19769999999991
1.3440024000000033,-71.06433000000001
1.400002400000003,-70.96329999999983
1.456002400000003,-70.88748000000011
1.5120024000000027,-70.83090999999997
1.5680024000000026,-70.78885999999996
1.6240024000000024,-70.75764000000007
1.6800024000000022,-70.73446000000017
1.736002400000002,-70.71717
1.7920024000000019,-70.70423999999997
1.8480024000000015,-70.69451000000004
1.9040024000000013,-70.68715999999986
1.9600024000000011,-70.68154000000004
1.9999976000000004,-70.67836999999999
0.00559760000000209,-70.70141000000008
0.016797599999999736,-70.74164000000005
0.03919760000000082,-70.62643000000013
0.08399760000000298,-68.5893099999999
0.13999760000000278,-61.494570000000024
0.1959976000000026,-49.064620000000005
0.2519976000000024,-31.897709999999968
0.2575975999999983,-29.905450000000002
0.26879760000000175,-25.855200000000078
0.29119760000000283,-17.54637999999997
0.33599759999999923,-1.3517700000000854
0.391997599999999,16.392900000000044
0.44799759999999883,30.399089999999962
0.5039975999999986,40.648599999999924
0.5599975999999984,47.625160000000164
0.6159975999999983,52.01148
0.6719975999999981,54.504090000000005
0.7279975999999979,55.707949999999954
0.7839975999999976,56.096449999999855
0.8399976000000032,56.01199999999995
0.8959976000000031,55.6862600000001
0.9519976000000029,55.26576999999988
1.0079976000000026,54.83649000000001
1.0639976000000024,54.44354000000007
1.1199976000000023,54.1064
1.175997600000002,53.829389999999975
1.231997600000002,53.608769999999865
1.2879976000000017,53.43706000000004
1.3439976000000016,53.30581000000012
1.3999976000000014,53.206819999999986
1.4559976000000012,53.132990000000156
1.511997600000001,53.07835999999999
1.5679976000000009,53.0381900000001
1.6239976000000005,53.008790000000026
1.6799976000000003,52.98737000000009
1.7359976000000001,52.97182999999994
1.7919976,52.96060000000003
1.8479975999999998,52.9525500000001
1.9039975999999996,52.94683999999994
1.9599975999999995,52.94284000000005
1.9999984000000004,52.94081999999989
0.005598400000002087,52.96397999999991
0.01679839999999973,53.00432000000011
0.03919840000000081,52.88779999999993
0.08399840000000297,50.84113999999995
0.13999840000000277,43.7281599999999
0.1959984000000026,31.285149999999984
0.2519984000000024,14.120109999999908
0.25759839999999834,12.129130000000155
0.26879840000000177,8.081739999999948
0.29119840000000285,-0.22020999999994295
0.3359983999999992,-16.401239999999984
0.391998399999999,-34.134140000000144
0.44799839999999885,-48.13425000000016
0.5039983999999986,-58.3807999999999
0.5599983999999985,-65.35606999999999
0.6159983999999983,-69.74195000000006
0.6719983999999981,-72.23435999999994
0.7279983999999978,-73.43789000000012
0.7839984000000034,-73.8257400000002
0.8399984000000033,-73.74025999999989
0.8959984000000031,-73.41313000000005
0.9519984000000029,-72.99096000000004
1.0000016000000012,-72.61921000000004
1.005601600000003,-72.60051000000001
1.0168016000000006,-72.55811999999983
1.0392016000000017,-72.28327999999995
1.0840015999999981,-69.95274000000018
1.140001599999998,-62.543539999999844
1.1960016000000036,-49.85714999999979
1.2520016000000034,-32.486739999999955
1.2576015999999992,-30.477050000000006
1.2688016000000026,-26.392810000000154
1.291201599999998,-18.02104999999998
1.3360016000000001,-1.7187700000000916
1.3920016,16.131230000000052
1.4480015999999998,30.216569999999887
1.5040015999999996,40.52509999999998
1.5600015999999994,47.54546999999998
1.616001599999999,51.96420000000002
1.6720015999999989,54.48081000000005
1.7280015999999987,55.70246000000001
1.7840015999999985,56.10418999999989
1.8400015999999983,56.029620000000115
1.8960015999999982,55.711309999999955
1.952001599999998,55.29644999999994
0.008001599999997795,54.871459999999985
0.06400160000000339,54.48179000000009
0.1200016000000032,54.14720000000006
0.176001600000003,53.8721499999999
0.2320016000000028,53.65306000000003
0.28800160000000263,53.48255000000002
0.3440016000000024,53.3522500000001
0.40000160000000223,53.25399999999991
0.45600160000000206,53.18076999999999
0.5120016000000018,53.12658000000003
0.5680016000000017,53.08676999999995
0.6240016000000015,53.05765000000018
0.6800016000000013,53.036470000000115
0.736001600000001,53.0210900000001
0.7920016000000009,53.010000000000005
0.8480016000000007,53.00204999999991
0.9040016000000005,52.99641
0.9600016000000003,52.9924799999999
1.0160016,52.98982000000008
1.0720015999999999,52.988099999999875
1.1280015999999997,52.987099999999955
1.1840015999999995,52.98664000000009
1.2400015999999994,52.98658999999994
1.2960015999999992,52.98684999999992
1.352001599999999,52.98736000000015
1.4080015999999989,52.98806000000012
1.4640015999999987,52.98891999999999
1.5200015999999983,52.989879999999935
1.5760015999999981,52.99094000000015
1.632001599999998,52.99206999999995
1.6880015999999978,52.99326000000004
1.7440016000000034,52.99449999999983
1.8000016000000032,52.995780000000046
1.856001600000003,52.99707999999992
1.9120016000000029,52.99839999999989
1.9680016000000027,52.99975000000012
0.024001600000002444,53.001109999999855
0.08000160000000514,53.00247999999996
0.13600159999999917,53.00386000000002
0.19200160000000477,53.005240000000065
0.24800159999999877,53.00663999999999
0.30400160000000437,53.008029999999984
0.36000159999999837,53.00942999999991
0.41600160000000397,53.01084
0.472001599999998,53.012239999999935
0.5280016000000036,53.01364000000008
0.5840015999999977,53.01504999999995
0.6400016000000032,53.016460000000045
0.6960015999999972,53.01785999999997
0.7520016000000028,53.0192599999999
0.8080015999999969,53.02067999999993
0.8640016000000025,53.02206999999992
0.9200015999999964,53.02348000000001
0.976001600000002,53.0248900000001
1.032001599999996,53.02629000000003
1.0880016000000017,53.027690000000185
1.1440015999999957,53.02909999999983
1.2000016000000013,53.03049999999998
1.2560015999999954,53.03188999999997
1.312001600000001,53.03329999999984
1.3680015999999948,53.03469999999999
1.4240016000000004,53.03610000000014
1.480001600000006,53.037489999999906
1.5360016,53.03889000000006
1.5920016000000057,53.04028000000005
1.6480015999999997,53.04167999999998
1.7040016000000053,53.04307999999991
1.7600015999999994,53.0444699999999
1.816001600000005,53.04586999999983
1.872001599999999,53.04726000000004
1.9280016000000046,53.04865000000003
1.9840015999999987,53.050049999999956
8.000000032535468e-07,53.0504500000002
0.005600800000004971,53.07398000000019
0.016800799999996827,53.11504
0.0392008000000037,52.99988
0.08400080000000586,50.95552999999997
0.14000079999999987,43.84471999999984
0.19600080000000547,31.403109999999845
0.25200079999999947,14.238809999999935
0.2576008000000012,12.24786
0.26880080000000467,8.200549999999973
0.2912007999999999,-0.10131999999996033
0.3360008000000021,-16.282310000000024
0.3920007999999961,-34.01522000000013
0.4480008000000017,-48.01532999999991
0.5040007999999957,-58.26182000000002
0.5600008000000013,-65.23701999999987
0.6160007999999954,-69.62277999999999
0.672000800000001,-72.11507999999989
0.728000799999995,-73.3184899999999
0.7840008000000006,-73.70622000000004
0.8400008000000062,-73.62062999999996
0.8960008000000002,-73.29341999999994
0.9520008000000058,-72.87116999999998
0.9999983999999966,-72.49940000000011
1.0055983999999982,-72.4806899999999
1.0167984000000017,-72.43829000000002
1.039198399999997,-72.1634
1.0839983999999991,-69.83268999999991
1.1399984000000047,-62.42312999999999
1.1959983999999988,-49.73629000000002
1.2519984000000044,-32.365419999999865
1.257598400000006,-30.355679999999996
1.2687983999999979,-26.271359999999966
1.2911984000000047,-17.899550000000097
1.3359983999999954,-1.5976199999998553
1.391998400000001,16.25216000000007
1.447998399999995,30.33785999999994
1.5039984000000006,40.64687
1.5599984000000062,47.66771000000003
1.6159984000000003,52.08687000000012
1.6719984000000059,54.60379999999998
1.7279984,55.82571000000014
1.7839984000000055,56.22762000000003
1.8399983999999994,56.153169999999974
1.895998400000005,55.8349199999999
1.951998399999999,55.42010000000008
0.007998400000004685,54.995119999999844
0.0639983999999987,54.60543000000007
0.1199984000000043,54.2708300000001
0.1759983999999983,53.99576000000006
0.2319984000000039,53.77662999999999
0.28799839999999793,53.60609999999988
0.34399840000000353,53.47575999999998
0.39999839999999753,53.377489999999916
0.45599840000000313,53.304210000000076
0.5119983999999972,53.24999000000008
0.5679984000000028,53.210160000000116
0.6239983999999967,53.181010000000086
0.6799984000000023,53.159790000000044
0.7359983999999964,53.14437999999999
0.791998400000002,53.13326000000007
0.847998399999996,53.12527999999994
0.9039984000000016,53.11960999999998
0.9599983999999956,53.115660000000005
0.9999991999999965,53.113640000000075
1.0055991999999983,53.13679999999987
1.0167992000000017,53.177129999999906
1.039199199999997,53.06063000000005
1.0839991999999992,51.014010000000056
1.1399992000000048,43.901030000000006
1.1959991999999988,31.45778999999993
1.2519992000000044,14.292250000000006
1.257599200000006,12.301209999999951
1.268799199999998,8.25367999999993
1.2911992000000048,-0.04855999999997529
1.3359991999999954,-16.230179999999983
1.391999200000001,-33.96370999999987
1.447999199999995,-47.96430000000007
1.5039992000000006,-58.21119000000019
1.5599992000000062,-65.18669999999993
1.6159992000000003,-69.57275000000007
1.671999200000006,-72.06528000000012
1.7279992,-73.26889000000003
1.7839992000000056,-73.65679000000003
1.8399991999999994,-73.57133999999999
1.895999200000005,-73.24423999999996
1.951999199999999,-72.82209000000006
2.400000003246593e-06,-72.45035
0.005602400000004964,-72.43164999999996
0.01680239999999682,-72.38926000000001
0.03920240000000369,-72.11440000000002
0.08400240000000585,-69.78371999999999
0.14000239999999986,-62.374179999999946
0.19600240000000546,-49.68739000000011
0.25200239999999946,-32.31663999999989
0.25760240000000123,-30.306910000000187
0.26880240000000466,-26.222619999999974
0.2912023999999999,-17.850739999999867
0.3360024000000021,-1.5482499999999177
0.3920023999999961,16.302019999999917
0.4480024000000017,30.38761000000001
0.5040023999999957,40.69635000000016
0.5600024000000013,47.716869999999915
0.6160023999999953,52.13571000000017
0.6720024000000009,54.65239
0.7280024000000065,55.874079999999935
0.7840024000000005,56.27584000000007
0.8400024000000061,56.20128000000002
0.8960024000000002,55.882970000000086
0.9520024000000058,55.46808999999997
0.9999999999999966,55.10174999999995
1.0055999999999983,55.08358999999996
1.0168000000000017,55.04211000000004
1.039199999999997,54.767510000000016
1.0839999999999992,52.43030999999987
1.1400000000000048,45.006260000000076
1.1959999999999988,32.30995999999986
1.2520000000000044,14.944230000000003
1.257600000000006,12.936080000000016
1.268799999999998,8.855209999999891
1.2912000000000048,0.49128000000009386
1.3359999999999954,-15.795669999999928
1.392000000000001,-33.632000000000104
1.447999999999995,-47.709769999999985
1.5040000000000007,-58.014259999999986
1.5600000000000063,-65.03259999999989
1.6160000000000003,-69.4504600000001
1.672000000000006,-71.96662999999992
1.7279999999999998,-73.18786
1.7840000000000054,-73.58894000000005
1.8399999999999994,-73.5134100000001
1.896000000000005,-73.19381000000003
1.951999999999999,-72.77737000000006
1.9999976000000015,-72.40948999999985
0.005597600000003176,-72.39116999999995
0.01679759999999503,-72.3495300000001
0.0391976000000019,-72.07605999999988
0.08399760000000406,-69.74777999999992
0.13999759999999808,-62.34069000000009
0.19599760000000369,-49.65587999999998
0.2519975999999977,-32.2867899999999
0.2575975999999994,-30.277209999999943
0.26879760000000286,-26.193200000000026
0.2911975999999981,-17.821880000000068
0.3359976000000003,-1.520390000000038
0.3919976000000059,16.32884999999984
0.44799759999999994,30.41362999999997
0.5039976000000055,40.721720000000076
0.5599975999999995,47.74174999999992
0.6159976000000051,52.16021999999998
0.6719975999999992,54.67660000000008
0.7279976000000048,55.8980699999998
0.7839975999999987,56.29965000000014
0.8399976000000043,56.22495999999999
0.8959975999999984,55.906549999999996
0.951997600000004,55.49160000000008
1.007997599999998,55.06652000000001
1.0639976000000035,54.67679000000003
1.1199975999999976,54.34213999999993
1.1759976000000032,54.0670299999999
1.2319975999999973,53.84790000000006
1.2879976000000029,53.67736000000001
1.343997599999997,53.54700000000001
1.3999976000000025,53.44872999999994
1.4559975999999966,53.37546000000004
1.511997600000002,53.321249999999985
1.567997599999996,53.281420000000026
1.6239976000000016,53.25226999999999
1.6799975999999956,53.231060000000106
1.7359976000000013,53.21566
1.7919975999999953,53.20455000000002
1.847997600000001,53.19657000000011
1.9039976000000065,53.190920000000034
1.9599976000000006,53.18696000000011
1.9999984000000015,53.1849499999999
0.005598400000003173,53.20810999999992
0.016798399999995026,53.24845000000011
0.039198400000001896,53.13195999999998
0.08399840000000407,51.08540000000006
0.13999839999999808,43.97251000000013
0.19599840000000368,31.529380000000053
0.2519983999999977,14.363930000000025
0.2575983999999994,12.372879999999808
0.2687984000000028,8.32537000000011
0.29119839999999814,0.023139999999921557
0.3359984000000003,-16.158459999999984
0.3919983999999943,-33.89191999999986
0.4479983999999999,-47.892440000000036
0.503998399999994,-58.139270000000074
0.5599983999999996,-65.11471999999996
0.6159983999999935,-69.50071000000003
0.6719983999999991,-71.99321000000003
0.7279983999999932,-73.19680000000007
0.7839983999999988,-73.58467999999996
0.8399983999999928,-73.49923000000014
0.8959983999999984,-73.17212000000018
0.9519983999999924,-72.74997000000005
1.007998399999998,-72.31878999999996
1.0639984000000036,-71.92378000000011
1.1199983999999976,-71.58451999999981
1.1759984000000032,-71.30532000000001
1.2319983999999973,-71.0825300000002
1.2879984000000029,-70.90868000000006
1.343998399999997,-70.77533999999997
1.3999984000000025,-70.6743299999999
1.4559983999999964,-70.59852999999983
1.511998400000002,-70.54198000000001
1.567998399999996,-70.49995000000008
1.6239984000000016,-70.46872999999998
1.6799983999999957,-70.44555000000008
1.7359984000000013,-70.42827000000007
1.7919983999999953,-70.41534999999999
1.847998400000001,-70.40561999999983
1.903998399999995,-70.39828000000003
1.9599984000000006,-70.39265999999999
0.015998399999994525,-70.3883700000001
0.07199840000000012,-70.38504000000012
0.12799839999999413,-70.38243999999993
0.18399839999999973,-70.38040000000012
0.23999839999999376,-70.37880000000007
0.29599839999999933,-70.37753000000002
0.3519983999999934,-70.37652999999989
0.407998399999999,-70.37571999999992
0.463998399999993,-70.37508000000004
0.5199983999999985,-70.37454999999993
0.5759983999999926,-70.37413999999997
0.6319983999999982,-70.3737900000001
0.6879983999999922,-70.37351999999997
0.7439983999999978,-70.37329000000003
0.7999984000000034,-70.37311000000001
0.8559983999999974,-70.37296000000003
0.911998400000003,-70.37282999999994
0.967998399999997,-70.3727300000001
1.0000023999999965,-70.3726899999999
1.0056023999999983,-70.39610999999991
1.0168024000000018,-70.43708999999998
1.039202399999997,-70.32323000000007
1.0840023999999993,-68.2883299999999
1.140002399999993,-61.19560999999996
1.1960023999999987,-48.76720000000012
1.2520023999999927,-31.601670000000137
1.2576023999999946,-29.609539999999825
1.268802399999998,-25.559560000000037
1.2912023999999933,-17.2512600000001
1.3360023999999955,-1.0575999999999919
1.392002400000001,16.686140000000016
1.448002399999995,30.691629999999968
1.5040024000000005,40.940580000000004
1.5600023999999946,47.91670999999997
1.6160024000000002,52.30268999999987
1.6720023999999942,54.79501000000009
1.7280023999999998,55.99865999999998
1.7840023999999939,56.38697000000015
1.8400023999999995,56.30234999999995
1.8960023999999935,55.976470000000056
1.9520023999999991,55.55587000000006
1.4475660719677984e-15,55.1857200000001
0.005600000000003166,55.16717000000004
0.01679999999999502,55.12494999999995
0.03920000000000189,54.84898000000005
0.08399999999999247,52.50949000000005
0.13999999999999807,45.0833100000001
0.19600000000000367,32.385529999999996
0.25199999999999767,15.018799999999999
0.2575999999999994,13.010560000000115
0.2688000000000028,8.929540000000014
0.2911999999999981,0.56535000000002
0.3360000000000003,-15.721990000000075
0.3919999999999943,-33.55863000000014
0.4479999999999999,-47.63662000000002
0.5039999999999939,-57.94126999999993
0.5599999999999995,-64.95976000000003
0.6159999999999936,-69.37776000000007
0.6719999999999992,-71.89405999999998
0.7279999999999932,-73.11541
0.7839999999999987,-73.51660999999999
0.8399999999999928,-73.44117999999989
0.8959999999999984,-73.1216600000002
0.9519999999999924,-72.70531000000014
1.007999999999998,-72.27856999999993
1.0640000000000036,-71.88700999999998
1.1199999999999977,-71.55042000000012
1.1760000000000033,-71.27331999999997
1.2319999999999973,-71.05217999999991
1.288000000000003,-70.87964000000002
1.3439999999999968,-70.74734999999998
1.4000000000000024,-70.64716000000004
1.4559999999999964,-70.57204000000006
1.512000000000002,-70.51603000000006
1.567999999999996,-70.47443999999992
1.6240000000000017,-70.44359
1.6799999999999957,-70.42070999999983
1.7360000000000013,-70.40366999999992
1.7919999999999954,-70.39096000000012
1.848000000000001,-70.38140999999997
1.9039999999999948,-70.37419000000011
1.9600000000000004,-70.36870000000017
1.999983999999996,-70.36558999999998
0.005583999999997807,-70.38864000000001
0.016784000000001242,-70.42889000000008
0.039183999999996534,-70.31367
0.0839839999999987,-68.27640999999996
0.13998399999999273,-61.181329999999924
0.1959839999999983,-48.75110999999998
0.2519839999999923,-31.584180000000075
0.25758399999999404,-29.591930000000044
0.26878399999999747,-25.5417200000001
0.2911839999999928,-17.232989999999894
0.33598399999999495,-1.0386000000000006
0.39198400000000055,16.70587999999995
0.44798399999999455,30.71194999999993
0.5039840000000001,40.961369999999995
0.5599839999999942,47.9378800000001
0.6159839999999998,52.32414000000007
0.6719839999999938,54.81670999999988
0.7279839999999994,56.02054000000001
0.7839839999999934,56.409010000000094
0.839983999999999,56.324509999999826
0.895983999999993,55.998729999999995
0.9519839999999986,55.57822000000012
0.9999759999999992,55.208149999999904
1.005576000000001,55.18961
1.0167759999999928,55.14740000000007
1.0391759999999997,54.871450000000046
1.0839760000000018,52.532000000000025
1.1399759999999959,45.105890000000095
1.1959760000000015,32.40816000000013
1.2519759999999955,15.04147999999983
1.2575759999999971,13.033239999999946
1.2687760000000006,8.952230000000005
1.2911759999999959,0.5880499999999511
1.335975999999998,-15.699270000000043
1.3919760000000037,-33.53586999999991
1.4479759999999977,-47.613819999999805
1.5039760000000033,-57.91846
1.5599759999999974,-64.93693
1.615976000000003,-69.3549
1.6719759999999968,-71.87118999999997
1.7279760000000024,-73.09253000000004
1.7839759999999965,-73.4937200000001
1.839976000000002,-73.41829999999993
1.895975999999996,-73.09878999999997
1.9519760000000017,-72.68242999999997
2.3999999997000562e-05,-72.31423999999987
0.0056239999999987186,-72.29594000000006
0.016824000000002153,-72.25431999999986
0.03922399999999744,-71.98088000000014
0.08402399999999961,-69.65266999999997
0.14002399999999363,-62.24569000000013
0.19602399999999923,-49.56112999999984
0.25202399999999325,-32.19244999999993
0.25762399999999497,-30.182930000000052
0.2688239999999984,-26.099030000000134
0.2912239999999937,-17.727939999999887
0.3360239999999958,-1.426909999999948
0.3920240000000014,16.42180999999998
0.4480239999999955,30.50618000000016
0.504024000000001,40.81394999999999
0.5600239999999951,47.833739999999956
0.6160240000000007,52.252039999999944
0.6720239999999947,54.76829999999988
0.7280240000000003,55.98967999999993
0.7840239999999943,56.391209999999916
0.8400239999999999,56.316470000000066
0.8960239999999939,55.998039999999975
0.9520239999999995,55.58306999999996
1.0080239999999936,55.15797999999994
1.0640239999999992,54.76823000000009
1.1200239999999932,54.43357999999998
1.1760239999999988,54.1584799999999
1.2320239999999927,53.939350000000054
1.2880239999999983,53.76880000000006
1.3440239999999923,53.638460000000165
1.400023999999998,53.540190000000095
1.4560240000000035,53.46691999999997
1.5120239999999976,53.41272000000008
1.5680240000000032,53.37289000000012
1.6240239999999972,53.34376000000019
1.6800240000000028,53.32256000000002
1.736023999999997,53.30715999999991
1.7920240000000025,53.29606000000009
1.8480239999999963,53.28809999999984
1.904024000000002,53.28244999999998
1.960023999999996,53.27850999999995
0.01602400000000165,53.27583000000003
0.07202399999999566,53.274099999999876
0.12802400000000128,53.273090000000025
0.18402399999999527,53.27260999999983
0.24002400000000088,53.272560000000134
0.2960239999999949,53.27280000000001
0.3520240000000005,53.27330000000008
0.4080239999999945,53.273990000000104
0.4640240000000001,53.27481999999995
0.5200239999999942,53.275780000000104
0.5760239999999998,53.27683000000016
0.6320239999999937,53.27793999999986
0.6880239999999993,53.27912999999995
0.7440239999999934,53.28034000000015
0.800023999999999,53.28160999999998
0.856023999999993,53.28288999999997
0.9120239999999986,53.284200000000006
0.9680239999999926,53.285529999999916
0.9999999999999948,53.28631000000006
1.0055999999999965,53.30983000000011
1.0168,53.35088999999993
1.0391999999999952,53.235730000000146
1.0839999999999974,51.191500000000055
1.140000000000003,44.08096999999999
1.195999999999997,31.63961999999998
1.2520000000000027,14.475440000000006
1.2575999999999927,12.484509999999949
1.2687999999999962,8.437189999999983
1.291200000000003,0.13530999999988857
1.3359999999999936,-16.04567999999995
1.3919999999999992,-33.77850000000016
1.4479999999999933,-47.77845999999997
1.503999999999999,-58.02481000000004
1.5599999999999927,-64.99986999999985
1.6159999999999983,-69.38554000000008
1.6719999999999924,-71.87775000000008
1.727999999999998,-73.08111999999988
1.7840000000000036,-73.46882999999993
1.8399999999999976,-73.38321999999997
1.8960000000000032,-73.0559799999999
1.9519999999999973,-72.63372999999996
0.008000000000002868,-72.20249000000001
0.06399999999999688,-71.80743999999994
0.12000000000000248,-71.46814000000012
0.1759999999999965,-71.18893000000016
0.2320000000000021,-70.96612000000002
0.2879999999999961,-70.7922700000001
0.3440000000000017,-70.65893000000001
0.39999999999999575,-70.55790000000006
0.45600000000000135,-70.48209000000006
0.5119999999999953,-70.42554000000001
0.568000000000001,-70.38352000000003
0.623999999999995,-70.35232000000002
0.6800000000000006,-70.32914999999984
0.7359999999999945,-70.31189000000015
0.7920000000000001,-70.29898000000001
0.8479999999999942,-70.28926000000001
0.9039999999999998,-70.28192
0.9599999999999939,-70.27631000000012
1.0159999999999993,-70.27203000000016
1.0719999999999934,-70.26870000000018
1.127999999999999,-70.26613000000003
1.183999999999993,-70.2641100000001
1.2399999999999987,-70.26252999999994
1.2959999999999927,-70.26127000000004
1.3519999999999983,-70.26029
1.408000000000004,-70.25948999999999
1.463999999999998,-70.2588500000001
1.5200000000000036,-70.25834000000009
1.5759999999999974,-70.25793999999985
1.632000000000003,-70.25760999999986
1.687999999999997,-70.25734000000017
1.7440000000000027,-70.25712999999989
1.7999999999999967,-70.25696000000003
1.8560000000000023,-70.25682
1.9119999999999964,-70.25671
1.968000000000002,-70.2566200000001
0.023999999999995938,-70.25653999999992
0.08000000000000153,-70.25648000000007
0.13599999999999554,-70.25643999999987
0.19200000000000114,-70.25640000000011
0.24799999999999517,-70.25637000000006
0.30400000000000077,-70.25634999999997
0.35999999999999477,-70.25632999999986
0.41600000000000037,-70.25630999999998
0.4719999999999944,-70.25630999999998
0.528,-70.25630000000005
0.583999999999994,-70.25629999999983
0.6399999999999996,-70.25630000000005
0.6959999999999936,-70.25630000000005
0.7519999999999992,-70.2562900000001
0.8079999999999933,-70.25630000000005
0.8639999999999989,-70.25629999999983
0.9199999999999928,-70.25630999999998
0.9759999999999984,-70.25630999999998
1.0000240000000018,-70.25630999999998
1.0056240000000036,-70.27974000000015
1.0168239999999955,-70.32075000000005
1.0392240000000024,-70.20691000000001
1.084023999999993,-68.17200000000012
1.1400239999999986,-61.07924999999992
1.1960239999999924,-48.65090000000016
1.252023999999998,-31.485549999999975
1.2576239999999999,-29.49344999999992
1.2688240000000033,-25.443520000000053
1.2912239999999986,-17.135349999999995
1.3360240000000008,-0.9419499999998582
1.3920239999999948,16.801500000000136
1.4480240000000004,30.806770000000093
1.5040239999999943,41.05555000000005
1.5600239999999999,48.031560000000084
1.616023999999994,52.41744999999987
1.6720239999999995,54.90972000000016
1.7280239999999936,56.11330000000003
1.7840239999999992,56.5015900000001
1.8400239999999932,56.41695000000002
1.8960239999999988,56.09105000000003
1.9520239999999929,55.67045000000004
0.008023999999998421,55.241050000000016
0.06402399999999243,54.848000000000006
0.12002399999999804,54.51079000000014
0.17602400000000362,54.23370000000016
0.23202399999999765,54.01300999999981
0.2880240000000032,53.841260000000005
0.3440239999999973,53.709959999999946
0.4000240000000029,53.61094
0.4560239999999969,53.537069999999964
0.5120240000000025,53.48238999999988
0.5680239999999965,53.442199999999886
0.6240240000000021,53.41276000000006
0.6800239999999961,53.39132999999996
0.7360240000000017,53.37574999999983
0.7920239999999957,53.364499999999815
0.8480240000000013,53.35643000000001
0.9040239999999954,53.350699999999975
0.960024000000001,53.34667999999998
1.0000079999999965,53.34463999999994
1.0056079999999983,53.36779000000003
1.0168080000000017,53.40813
1.039207999999997,53.29163999999986
1.0840079999999992,51.245180000000005
1.1400079999999932,44.13255000000005
1.1960079999999988,31.689740000000022
1.2520079999999927,14.52457000000007
1.2576079999999945,12.533549999999893
1.268807999999998,8.486079999999951
1.2912079999999933,0.18393999999988253
1.3360079999999954,-15.99744000000003
1.392008000000001,-33.730620000000044
1.448007999999995,-47.73084000000005
1.5040080000000007,-57.97740999999989
1.5600079999999945,-64.95265999999988
1.6160080000000001,-69.33849999999997
1.6720079999999942,-71.83088999999998
1.7280079999999998,-73.03440000000006
1.7840079999999938,-73.42225000000013
1.8400079999999994,-73.33677000000006
1.8960079999999935,-73.00963000000004
1.952007999999999,-72.58748000000014
0.008007999999993062,-72.15631
0.06400799999999866,-71.76132999999996
0.12000799999999268,-71.42209
0.17600799999999828,-71.1429400000001
0.23200800000000388,-70.92017999999989
0.2880079999999979,-70.74636999999994
0.3440080000000035,-70.61307000000005
0.4000079999999975,-70.51208000000008
0.4560080000000031,-70.43630000000012
0.5120079999999971,-70.37976000000002
0.5680080000000027,-70.33775999999992
0.6240079999999968,-70.30657000000006
0.6800080000000023,-70.28342999999992
0.7360079999999963,-70.26617000000002
0.7920080000000019,-70.25330000000008
0.848007999999996,-70.2436099999999
0.9040080000000016,-70.23629999999991
0.9600079999999955,-70.23072000000008
1.0160080000000011,-70.22645999999999
1.0720079999999952,-70.22317
1.1280080000000008,-70.22061999999995
1.1840079999999948,-70.21862999999983
1.2400080000000004,-70.21706999999999
1.2960079999999945,-70.2158300000002
1.352008,-70.2148600000001
1.408007999999994,-70.21409000000011
1.4640079999999995,-70.21347999999983
1.5200079999999936,-70.21297999999999
1.5760079999999992,-70.2125899999999
1.6320079999999932,-70.21228999999995
1.6880079999999988,-70.21203999999992
1.744007999999993,-70.21184000000002
1.8000079999999985,-70.21168999999983
1.8560079999999926,-70.21155999999995
1.9120079999999982,-70.21147000000005
1.9680080000000038,-70.2113900000001
0.02400799999999771,-70.21133999999995
0.08000800000000331,-70.21129999999998
0.13600799999999733,-70.21126999999994
0.19200800000000293,-70.21123999999989
0.24800799999999695,-70.21124000000012
0.30400800000000255,-70.21122999999996
0.36000799999999655,-70.21122999999996
0.41600800000000215,-70.21122999999996
0.47200799999999615,-70.21122999999996
0.5280080000000018,-70.21123999999989
0.5840079999999958,-70.21124999999984
0.6400080000000014,-70.21126999999994
0.6960079999999954,-70.2112800000001
0.752008000000001,-70.21129000000003
0.8080079999999951,-70.21131000000014
0.8640080000000007,-70.21132000000007
0.9200079999999946,-70.21135000000012
0.9760080000000002,-70.21136999999999
1.0320079999999943,-70.21137999999993
1.0880079999999999,-70.21140000000004
1.144007999999994,-70.21143000000008
1.2000079999999995,-70.21144999999996
1.2560079999999936,-70.21148
1.3120079999999992,-70.21149000000015
1.368007999999993,-70.21151999999998
1.4240079999999986,-70.21154000000007
1.4800079999999927,-70.21155999999995
1.5360079999999983,-70.21158999999999
1.5920080000000039,-70.21161000000009
1.648007999999998,-70.2116399999999
1.7040080000000035,-70.21166999999994
1.7600079999999976,-70.21169000000005
1.8160080000000032,-70.21172000000008
1.8720079999999972,-70.21174000000019
1.9280080000000028,-70.21177
1.9840079999999967,-70.21180000000004
2.3999999995191103e-05,-70.21180000000004
0.005623999999996909,-70.23524000000015
0.016824000000000346,-70.27624999999982
0.03922399999999564,-70.16242000000017
0.0840239999999978,-68.12750000000011
0.1400240000000034,-61.034800000000054
0.19602399999999742,-48.606539999999974
0.252024000000003,-31.441400000000066
0.25762399999999314,-29.44931999999989
0.26882399999999657,-25.39944999999988
0.2912240000000035,-17.09139000000004
0.33602399999999405,-0.8982200000000606
0.39202399999999965,16.84496999999996
0.44802399999999365,30.850009999999983
0.5040239999999993,41.09863000000003
0.5600239999999933,48.07452000000012
0.6160239999999989,52.46032
0.6720239999999928,54.952529999999996
0.7280239999999985,56.15608000000005
0.7840239999999925,56.54432999999992
0.8400239999999981,56.45966999999996
0.8960240000000037,56.13376000000003
0.9520239999999978,55.71313999999994
1.0080240000000034,55.283739999999916
1.0640239999999974,54.89067999999997
1.120024000000003,54.553470000000104
1.1760239999999968,54.27639000000006
1.2320240000000025,54.05569999999993
1.2880239999999965,53.8839499999999
1.344024000000002,53.75265000000007
1.4000239999999962,53.65363000000012
1.4560240000000018,53.579770000000025
1.5120239999999958,53.52508999999994
1.5680240000000014,53.48489000000001
1.6240239999999955,53.455469999999835
1.680024000000001,53.43403999999996
1.736023999999995,53.41847
1.7920240000000005,53.40722999999991
1.8480239999999946,53.39914999999995
1.9040240000000002,53.39343000000007
1.9600239999999942,53.38941000000008
8.000000001412796e-06,53.387379999999986
0.0056080000000031304,53.410530000000065
0.016807999999994987,53.45087000000004
0.03920800000000186,53.33439000000006
0.08400800000000402,51.28796999999996
0.14000799999999802,44.17541999999997
0.19600800000000362,31.732719999999937
0.2520079999999977,14.567650000000043
0.2576079999999994,12.576629999999867
0.2688080000000028,8.529189999999964
0.2912079999999981,0.22708999999987434
0.33600800000000025,-15.954229999999958
0.39200799999999425,-33.68728999999981
0.44800799999999985,-47.687420000000145
0.5040079999999939,-57.93389999999987
0.5600079999999995,-64.90908000000006
0.6160079999999934,-69.29487999999995
0.672007999999999,-71.78722999999998
0.7280079999999931,-72.99074000000006
0.7840079999999987,-73.37857000000002
0.8400079999999928,-73.29308
0.8960079999999984,-72.96594999999995
0.952008000000004,-72.54379000000012
1.008007999999998,-72.1126299999999
1.0640080000000036,-71.71764999999985
1.1200079999999977,-71.37842000000005
1.176008000000003,-71.09927999999988
1.232007999999997,-70.87652999999983
1.2880080000000027,-70.70273000000005
1.3440079999999968,-70.56942999999993
1.4000080000000024,-70.46845999999985
1.4560079999999964,-70.39269000000003
1.512008000000002,-70.33616000000009
1.568007999999996,-70.29416999999994
1.6240080000000017,-70.2629899999998
1.6800079999999957,-70.2398500000001
1.7360080000000013,-70.22262
1.7920079999999952,-70.20975000000007
1.8480080000000008,-70.20007000000005
1.9040079999999948,-70.19276000000008
1.9600080000000004,-70.18720000000012
1.999991999999996,-70.18407000000005
0.0055919999999977715,-70.20711000000013
0.01679200000000121,-70.24735000000004
0.0391919999999965,-70.13208999999998
0.08399199999999866,-68.09467999999997
0.13999199999999268,-60.99933999999996
0.19599199999999828,-48.56888000000015
0.2519920000000039,-31.401870000000052
0.257591999999994,-29.409629999999964
0.2687919999999974,-25.35942999999996
0.29119199999999273,-17.050739999999955
0.3359919999999949,-0.8564200000000799
0.3919920000000005,16.887980000000134
0.4479919999999945,30.894019999999855
0.5039920000000001,41.14341999999982
0.5599919999999942,48.11991000000005
0.6159919999999998,52.50617999999996
0.6719919999999937,54.99873999999983
0.7279919999999993,56.20256000000001
0.7839919999999934,56.59101
0.839991999999999,56.506509999999956
0.895991999999993,56.18071000000002
0.9519919999999986,55.76017000000011
0.9999839999999992,55.39009000000017
1.005584000000001,55.37154000000011
1.0167839999999928,55.329329999999956
1.0391839999999997,55.05339000000009
1.0839840000000018,52.71400999999987
1.139983999999996,45.288039999999974
1.1959840000000015,32.59038999999997
1.2519839999999953,15.223600000000115
1.2575839999999971,13.21534000000013
1.2687840000000006,9.13428999999999
1.291183999999996,0.7700100000000987
1.335983999999998,-15.51749999999985
1.3919840000000037,-33.35427000000002
1.4479839999999977,-47.43231000000003
1.5039840000000033,-57.736969999999886
1.5599839999999972,-64.75545000000005
1.6159840000000028,-69.17342999999998
1.6719839999999968,-71.68972000000018
1.7279840000000024,-72.91106999999997
1.7839839999999965,-73.3122799999999
1.839984000000002,-73.23685999999996
1.8959839999999961,-72.91735
1.9519840000000017,-72.50102000000003
0.0079839999999957,-72.07430000000015
0.0639840000000013,-71.68274999999991
0.11998399999999532,-71.34619000000009
0.17598400000000092,-71.06913000000014
0.23198399999999492,-70.84800999999996
0.2879840000000005,-70.67550000000011
0.34398399999999457,-70.54322000000002
0.3999840000000001,-70.44307000000005
0.45598399999999417,-70.36795000000006
0.5119839999999998,-70.31193999999985
0.5679839999999938,-70.27037000000003
0.6239839999999993,-70.23953000000004
0.6799839999999934,-70.21666000000005
0.735983999999999,-70.19964999999995
0.791983999999993,-70.1869599999998
0.8479839999999986,-70.17742000000004
0.9039839999999926,-70.17023999999994
0.9599839999999982,-70.16475999999994
1.000024,-70.16168
1.0056240000000018,-70.18473000000003
1.0168239999999937,-70.22497999999987
1.0392240000000006,-70.10974999999986
1.0840240000000028,-68.0723700000001
1.1400239999999966,-60.977079999999795
1.1960240000000022,-48.54667000000013
1.2520239999999963,-31.37973999999999
1.257623999999998,-29.387500000000124
1.2688240000000015,-25.33732
1.2912239999999968,-17.02866999999997
1.336023999999999,-0.8344299999998306
1.392023999999993,16.909889999999983
1.4480239999999986,30.915859999999906
1.504024000000004,41.16522000000011
1.560023999999998,48.14168000000008
1.6160240000000037,52.52791999999995
1.6720239999999977,55.020469999999875
1.7280240000000033,56.22427999999991
1.7840239999999974,56.612729999999885
1.840024000000003,56.528219999999905
1.896023999999997,56.202419999999975
1.9520240000000026,55.78187999999984
0.008023999999996612,55.35253999999989
0.0640240000000022,54.95951999999993
0.12002399999999623,54.6223400000001
0.17602400000000182,54.34527
0.23202399999999584,54.124590000000026
0.28802400000000145,53.95283000000006
0.34402399999999544,53.82153000000001
0.40002400000000105,53.7224999999999
0.45602399999999504,53.64861999999992
0.5120240000000007,53.59393000000012
0.5680239999999946,53.55371000000009
0.6240240000000002,53.524270000000044
0.6800239999999943,53.5028099999999
0.7360239999999999,53.48722000000006
0.792023999999994,53.4759600000001
0.8480239999999996,53.46785999999981
0.9040239999999935,53.462109999999896
0.9600239999999991,53.45807999999997
1.0160239999999932,53.455339999999964
1.0720239999999988,53.453560000000124
1.1280239999999928,53.45250000000013
1.1840239999999984,53.451979999999956
1.240024000000004,53.451899999999995
1.296023999999998,53.45212999999993
1.3520240000000037,53.45261000000012
1.4080239999999975,53.45326999999989
1.464024000000003,53.45410000000017
1.5200239999999972,53.45504999999995
1.5760240000000028,53.45608000000013
1.6320239999999968,53.45719000000004
1.6880240000000024,53.45836000000004
1.7440239999999965,53.459570000000014
1.800024000000002,53.46083000000013
1.8560239999999961,53.462110000000116
1.9120240000000017,53.46341999999993
1.9680239999999956,53.4647399999999
1.9999999999999978,53.46550999999988
0.005599999999999546,53.489030000000156
0.016800000000002983,53.53008999999997
0.03919999999999827,53.41494999999985
0.08400000000000044,51.3708100000001
0.13999999999999446,44.26048000000016
0.19600000000000006,31.819290000000056
0.25199999999999406,14.65516
0.2575999999999958,12.664209999999843
0.2687999999999992,8.61688000000016
0.2911999999999945,0.3149600000000863
0.3359999999999967,-15.866079999999894
0.3920000000000023,-33.59891000000004
0.4479999999999963,-47.59883000000009
0.5040000000000019,-57.845130000000026
0.559999999999996,-64.82012999999998
0.6160000000000015,-69.20575000000007
0.6719999999999955,-71.69793999999996
0.7280000000000011,-72.90127999999996
0.7839999999999951,-73.28898000000007
0.8400000000000007,-73.20338000000004
0.8959999999999948,-72.87614999999991
0.9520000000000004,-72.45391000000012
0.999992000000001,-72.08221999999998
1.0055920000000027,-72.06351
1.0167919999999946,-72.0211099999999
1.0391920000000014,-71.74619999999999
1.0839920000000036,-69.41525999999998
1.1399919999999977,-62.00528999999988
1.195992000000003,-49.31821999999997
1.251991999999997,-31.947549999999936
1.257591999999999,-29.937869999999922
1.2687920000000024,-25.853649999999952
1.2911919999999977,-17.48196000000002
1.3359919999999998,-1.1798499999999823
1.391991999999994,16.670009999999902
1.4479919999999995,30.75531999999992
1.5039919999999933,41.06384000000007
1.559991999999999,48.08419999999991
1.615991999999993,52.50295000000005
1.6719919999999986,55.01953999999998
1.7279919999999926,56.24118
1.7839919999999982,56.64288000000006
1.8399920000000038,56.56828000000003
1.895991999999998,56.24992999999989
1.9519920000000035,55.83501999999996
1.999984000000004,55.468669999999996
0.005583999999994187,55.45049999999985
0.016783999999997624,55.40902000000014
0.03918399999999291,55.134430000000066
0.08398399999999508,52.797399999999996
0.13998400000000066,45.37367999999997
0.1959839999999947,32.67759999999997
0.25198400000000026,15.311819999999976
0.25758400000000203,13.30363000000001
0.26878399999999386,9.222689999999867
0.2911840000000007,0.8586299999999714
0.3359840000000029,-15.428580000000025
0.3919839999999969,-33.26507000000012
0.4479840000000025,-47.34287999999998
0.5039839999999965,-57.647350000000095
0.5599840000000021,-64.66564000000008
0.6159839999999961,-69.08344
0.6719840000000017,-71.59958
0.7279839999999957,-72.82078000000003
0.7839840000000013,-73.22185000000015
0.8399839999999954,-73.14632999999992
0.895984000000001,-72.8267199999999
0.951983999999995,-72.4102900000001
0.9999759999999955,-72.04246999999997
1.0055759999999974,-72.02416999999994
1.0167760000000008,-71.98251999999994
1.039175999999996,-71.70903000000007
1.0839759999999983,-69.38052000000016
1.1399760000000039,-61.973030000000094
1.1959759999999977,-49.28794000000014
1.2519760000000033,-31.918899999999972
1.2575759999999936,-29.909350000000057
1.268775999999997,-25.825409999999938
1.2911760000000039,-17.454249999999895
1.3359759999999945,-1.153100000000018
1.391976,16.695789999999988
1.447975999999994,30.78033999999996
1.5039759999999995,41.08826000000021
1.5599759999999936,48.108180000000054
1.6159759999999992,52.52657000000016
1.6719759999999932,55.04288999999996
1.7279759999999988,56.26431999999993
1.783975999999993,56.665870000000005
1.8399759999999985,56.591140000000095
1.895976000000004,56.272689999999905
1.9519759999999982,55.85770000000001
2.3999999993381644e-05,55.49088999999996
0.005623999999995099,55.47272999999997
0.016823999999998535,55.4312400000001
0.039223999999993826,55.15664999999981
0.08402399999999599,52.819659999999935
0.1400240000000016,45.395999999999994
0.1960239999999956,32.69999999999995
0.2520240000000012,15.334270000000094
0.2576240000000029,13.326089999999846
0.2688239999999948,9.245170000000025
0.29122400000000165,0.8811199999998465
0.3360240000000038,-15.406049999999949
0.3920239999999978,-33.242489999999904
0.4480240000000034,-47.320250000000065
0.5040239999999975,-57.624670000000044
0.5600240000000031,-64.6429300000002
0.616023999999997,-69.0607099999998
0.6720240000000026,-71.57681999999998
0.7280239999999967,-72.79801000000008
0.7840240000000023,-73.1990800000002
0.8400239999999963,-73.12353999999988
0.8960240000000019,-72.80393000000007
0.9520239999999959,-72.38748999999989
1.0000159999999965,-72.01968000000014
1.0056159999999983,-72.00136999999995
1.0168160000000017,-71.9597300000001
1.039215999999997,-71.68623000000008
1.0840159999999992,-69.35771999999996
1.140015999999993,-61.950210000000006
1.1960159999999986,-49.26510999999989
1.2520159999999927,-31.896090000000044
1.2576159999999945,-29.886549999999843
1.268815999999998,-25.80262000000011
1.2912159999999933,-17.431479999999944
1.3360159999999954,-1.1303700000000472
1.392016000000001,16.71847999999998
1.4480159999999949,30.802999999999912
1.5040160000000005,41.110910000000004
1.5600159999999945,48.13080999999997
1.6160160000000001,52.54917999999997
1.6720159999999942,55.065490000000054
1.7280159999999998,56.286920000000016
1.7840159999999938,56.68845
1.8400159999999994,56.613719999999866
1.8960159999999935,56.295270000000116
1.952015999999999,55.880280000000006
0.008015999999993027,55.45516999999989
0.06401599999999863,55.065389999999994
0.12001600000000422,54.73068999999997
0.17601599999999823,54.45555000000013
0.23201600000000383,54.23637999999986
0.28801599999999783,54.06579000000011
0.34401600000000343,53.93541000000002
0.4000159999999975,53.83709999999997
0.4560160000000031,53.763790000000085
0.512015999999997,53.709540000000054
0.5680160000000026,53.66968000000006
0.6240159999999967,53.64049999999998
0.6800160000000023,53.619259999999834
0.7360159999999963,53.60383000000013
0.7920160000000019,53.59269000000011
0.8480159999999959,53.58468000000016
0.9040160000000015,53.57900000000004
0.9600159999999955,53.575009999999864
1.0000000000000027,53.57298999999993
1.005599999999993,53.59615000000018
1.0167999999999964,53.636479999999985
1.0392000000000032,53.52000999999995
1.0839999999999936,51.47364000000021
1.1399999999999992,44.36110999999987
1.1959999999999933,31.91821000000017
1.251999999999999,14.752669999999801
1.2576000000000007,12.76158999999999
1.2688000000000041,8.71401000000005
1.2911999999999995,0.4116100000000067
1.3360000000000016,-15.770279999999914
1.3919999999999957,-33.50396
1.448000000000001,-47.50454000000004
1.5039999999999951,-57.75137000000008
1.5600000000000007,-64.72677999999999
1.6159999999999948,-69.11275000000016
1.6720000000000004,-71.60521999999992
1.7279999999999944,-72.80878999999985
1.784,-73.1966799999999
1.839999999999994,-73.11124000000002
1.8959999999999997,-72.78413000000006
1.9519999999999937,-72.36200000000004
1.9999919999999942,-71.9903700000002
0.005591999999995962,-71.97167999999988
0.016791999999999398,-71.92928999999992
0.03919199999999469,-71.65438999999995
0.08399199999999685,-69.32343000000007
0.13999200000000245,-61.91339000000018
0.19599199999999647,-49.22625000000003
0.25199200000000205,-31.855570000000057
0.25759200000000376,-29.84587999999988
0.26879199999999565,-25.76167000000007
0.2911920000000025,-17.390000000000015
0.3359919999999931,-1.0879299999999592
0.3919919999999987,16.761899999999883
0.4479920000000043,30.847199999999965
0.5039919999999983,41.155720000000116
0.5599920000000039,48.176089999999895
0.6159919999999979,52.594839999999806
0.6719920000000035,55.1114399999999
0.7279919999999975,56.333069999999985
0.7839920000000031,56.73476999999983
0.8399919999999972,56.66017000000001
0.8959920000000028,56.34181000000016
0.9519919999999967,55.926890000000064
1.0079920000000024,55.501820000000144
1.0639919999999963,55.112080000000006
1.1199920000000019,54.777419999999964
1.175991999999996,54.502300000000005
1.2319920000000015,54.28312999999996
1.2879919999999956,54.11254999999993
1.3439920000000012,53.982169999999826
1.3999919999999952,53.883860000000006
1.4559920000000008,53.81053999999996
1.511991999999995,53.75628999999993
1.5679920000000005,53.716409999999826
1.6239919999999946,53.68723999999992
1.6799920000000002,53.66598000000011
1.735991999999994,53.65054000000002
1.7919919999999996,53.63938000000012
1.8479919999999936,53.631370000000175
1.9039919999999992,53.62566999999996
1.9599919999999933,53.621670000000066
0.015991999999998893,53.6189600000001
0.07199199999999291,53.61718000000004
0.1279919999999985,53.616120000000045
0.1839920000000041,53.61559999999987
0.23999199999999812,53.61548999999988
0.2959920000000037,53.61569999999993
0.35199199999999775,53.61614999999986
0.40799200000000335,53.616789999999966
0.46399199999999735,53.61759000000021
0.5199920000000029,53.61849000000007
0.575991999999997,53.61948999999999
0.6319920000000026,53.620570000000086
0.6879919999999966,53.62170999999982
0.7439920000000022,53.62288999999998
0.7999919999999962,53.62410999999989
0.8559920000000018,53.625360000000065
0.9119919999999958,53.62663000000012
0.9679920000000014,53.62792000000005
1.0000239999999982,53.628659999999996
1.005624,53.65218000000005
1.0168240000000035,53.69324000000009
1.0392239999999988,53.578090000000024
1.0840240000000008,51.53399000000003
1.1400239999999948,44.42367999999996
1.1960240000000004,31.98240000000019
1.2520239999999945,14.817960000000019
1.2576239999999963,12.826959999999943
1.2688239999999997,8.779540000000141
1.291223999999995,0.47741999999995066
1.3360239999999972,-15.70402999999998
1.3920240000000028,-33.43725999999991
1.4480239999999966,-47.43747999999992
1.5040240000000022,-57.68399000000013
1.5600239999999963,-64.65912999999989
1.616024000000002,-69.04485000000005
1.672023999999996,-71.53710000000002
1.7280240000000016,-72.74048999999994
1.7840239999999956,-73.12822000000008
1.8400240000000012,-73.04264999999988
1.8960239999999953,-72.71544000000007
1.9520240000000009,-72.29321
0.008023999999994801,-71.86199999999987
0.0640240000000004,-71.4669699999999
0.12002399999999441,-71.12771999999978
0.176024,-70.84855000000002
0.23202399999999404,-70.62578000000008
0.2880239999999996,-70.45195000000004
0.34402399999999367,-70.31862999999983
0.40002399999999927,-70.21762999999991
0.45602399999999327,-70.14184999999995
0.5120239999999988,-70.08531000000006
0.5680239999999929,-70.04331999999991
0.6240239999999985,-70.01213000000006
0.6800240000000041,-69.98898999999992
0.7360239999999981,-69.97175000000011
0.7920240000000037,-69.95887
0.8480239999999977,-69.94918999999999
0.9040240000000033,-69.94188000000001
0.9600239999999973,-69.9363100000001
1.016024000000003,-69.93205000000002
1.072023999999997,-69.92876000000004
1.1280240000000026,-69.92622999999986
1.1840239999999966,-69.92423000000004
1.2400240000000022,-69.9226799999999
1.296023999999996,-69.92143999999989
1.3520240000000017,-69.92047999999996
1.4080239999999957,-69.9197100000002
1.4640240000000013,-69.91911000000006
1.5200239999999954,-69.91860999999999
1.576024000000001,-69.91822999999985
1.632023999999995,-69.9179299999999
1.6880240000000006,-69.91767999999988
1.7440239999999947,-69.91749000000014
1.8000240000000003,-69.9173500000001
1.8560239999999943,-69.91723999999988
1.912024,-69.91714000000005
1.9680239999999938,-69.91707999999997
1.999999999999996,-69.91704999999993
0.005599999999997737,-69.94046999999992
0.01680000000000117,-69.98145
0.03919999999999647,-69.86756000000005
0.08399999999999863,-67.83235999999992
0.14000000000000423,-60.73905000000002
0.19599999999999823,-48.31012999999995
0.25200000000000383,-31.144449999999992
0.257599999999994,-29.15233000000006
0.26879999999999743,-25.10238000000009
0.2912000000000043,-16.79417999999999
0.33599999999999486,-0.600719999999999
0.39200000000000046,17.142839999999993
0.44799999999999446,31.14824000000005
0.5040000000000001,41.39714999999988
0.5599999999999941,48.373260000000194
0.6159999999999997,52.75921000000005
0.6719999999999937,55.251530000000045
0.7279999999999993,56.45515000000012
0.7839999999999934,56.843430000000026
0.839999999999999,56.75877000000007
0.8959999999999929,56.43284999999998
0.9519999999999985,56.01221000000001
1.0080000000000042,55.58277999999994
1.063999999999998,55.18969000000018
1.1200000000000037,54.852429999999956
1.1759999999999977,54.57529999999999
1.2320000000000033,54.35456000000016
1.2879999999999974,54.182759999999995
1.344000000000003,54.05141000000002
1.399999999999997,53.952350000000095
1.4560000000000026,53.878419999999984
1.5119999999999967,53.82369999999992
1.5680000000000023,53.783460000000005
1.6239999999999963,53.753990000000144
1.6800000000000017,53.73251000000012
1.7359999999999958,53.71688999999979
1.7920000000000014,53.70560000000002
1.8479999999999954,53.69748000000008
1.904000000000001,53.69170000000012
1.959999999999995,53.687639999999924
0.01600000000000067,53.68488999999998
0.07199999999999468,53.683069999999944
0.12800000000000028,53.68200000000001
0.1839999999999943,53.68145999999996
0.2399999999999999,53.68135000000018
0.29599999999999393,53.68155000000008
0.35199999999999954,53.68202000000011
0.40799999999999353,53.68265999999999
0.46399999999999914,53.68346999999996
0.5199999999999931,53.684379999999976
0.5759999999999987,53.68540999999993
0.6320000000000043,53.686490000000035
0.6879999999999984,53.687640000000144
0.744000000000004,53.688839999999956
0.7999999999999979,53.690070000000034
0.8560000000000035,53.69131999999999
0.9119999999999976,53.692610000000144
0.9680000000000032,53.69391999999995
0.9999759999999938,53.69467000000006
1.0055759999999956,53.71819000000011
1.016775999999999,53.75924999999992
1.0391759999999943,53.64411999999996
1.0839759999999963,51.60007999999983
1.1399760000000019,44.489899999999864
1.195975999999996,32.04877000000006
1.2519760000000015,14.884469999999927
1.2575760000000034,12.893489999999952
1.2687759999999952,8.846089999999807
1.291176000000002,0.5440199999999784
1.3359760000000043,-15.637329999999894
1.391975999999998,-33.37041000000007
1.4479760000000037,-47.37049999999998
1.5039759999999978,-57.61687999999987
1.5599760000000034,-64.59192000000003
1.6159759999999974,-68.97756999999993
1.671976000000003,-71.46978000000016
1.727975999999997,-72.67313000000009
1.7839760000000027,-73.0608399999999
1.8399759999999967,-72.97525999999999
1.8959760000000023,-72.64802999999986
1.9519759999999964,-72.22580999999994
0.007976000000001886,-71.79460000000005
0.0639759999999959,-71.3995999999999
0.1199760000000015,-71.06033999999983
0.17597599999999552,-70.78118
0.23197600000000113,-70.55842999999994
0.2879759999999951,-70.38462999999994
0.3439760000000007,-70.25130999999996
0.3999759999999947,-70.15032999999993
0.4559760000000003,-70.07456000000012
0.5119759999999943,-70.0180399999999
0.5679759999999999,-69.97605999999989
0.623975999999994,-69.94490000000009
0.6799759999999996,-69.92176999999988
0.7359759999999936,-69.90454000000001
0.7919759999999992,-69.89168000000001
0.8479759999999932,-69.88200999999994
0.9039759999999988,-69.87472000000005
0.9599760000000044,-69.86917000000004
1.0000159999999947,-69.86603000000002
1.0056159999999963,-69.8890700000001
1.016816,-69.92931999999996
1.039215999999995,-69.81401999999991
1.0840159999999972,-67.77638000000019
1.1400160000000028,-60.680529999999955
1.1960159999999969,-48.24957000000008
1.2520160000000025,-31.082240000000148
1.2576160000000043,-29.089970000000022
1.2688159999999962,-25.03975000000014
1.291216000000003,-16.73102000000015
1.3360159999999934,-0.5366300000000379
1.392015999999999,17.207889999999892
1.448015999999993,31.21406999999987
1.5040159999999987,41.463600000000156
1.5600160000000043,48.440200000000154
1.6160159999999983,52.82652999999993
1.672016000000004,55.319140000000154
1.728015999999998,56.522980000000004
1.7840160000000036,56.91144000000015
1.8400159999999977,56.82692
1.8960160000000033,56.50111000000013
1.9520159999999973,56.08053000000002
7.999999997793882e-06,55.71042000000004
0.005607999999999512,55.69187999999991
0.01680800000000295,55.64966000000005
0.03920799999999824,55.37371999999996
0.0840080000000004,53.034470000000056
0.14000799999999441,45.60867000000002
0.19600800000000002,32.91098999999997
0.252007999999994,15.543850000000026
0.25760799999999573,13.535539999999902
0.26880799999999916,9.454359999999884
0.29120799999999447,1.0898100000000799
0.33600799999999664,-15.19822000000004
0.39200799999999064,-33.0355
0.44800800000000784,-47.113870000000006
0.5040080000000019,-57.418740000000135
0.5600079999999958,-64.43734
0.6160079999999899,-68.85538999999996
0.672008000000007,-71.37174000000002
0.7280080000000011,-72.59312000000007
0.7840079999999952,-72.99433999999994
0.8400079999999891,-72.91893999999988
0.8960080000000062,-72.59944000000007
0.9520080000000003,-72.18311000000011
1.0080079999999942,-71.7564100000001
1.0640079999999883,-71.36490000000006
1.1200080000000054,-71.02837000000007
1.1760079999999995,-70.7513500000001
1.2320079999999936,-70.53027000000012
1.2880079999999876,-70.35779000000008
1.3440080000000048,-70.22553000000009
1.4000079999999988,-70.12539000000007
1.4560079999999929,-70.05030000000012
1.51200800000001,-69.99431999999995
1.568008000000004,-69.95277999999993
1.624007999999998,-69.92195999999984
1.680007999999992,-69.8991200000001
1.736008000000009,-69.8821300000001
1.7920080000000032,-69.86946000000005
1.8480079999999972,-69.85995000000011
1.9040079999999913,-69.85278000000017
1.9600080000000084,-69.84734000000014
1.9999919999999924,-69.84425999999999
0.005591999999994153,-69.86731999999995
0.01679199999999759,-69.90757000000004
0.03919200000000446,-69.79230999999997
0.08399199999999504,-67.75471999999993
0.13999199999998907,-60.65896999999998
0.19599200000000624,-48.228149999999914
0.25199200000000027,-31.061009999999946
0.257592000000002,-29.068780000000018
0.2687920000000054,-25.018599999999893
0.2911919999999891,-16.709970000000183
0.33599200000000284,-0.5157799999999657
0.3919919999999969,17.22852000000019
0.4479919999999909,31.234520000000153
0.5039920000000081,41.48390999999996
0.559992000000002,48.46039999999996
0.6159919999999961,52.846660000000156
0.6719919999999902,55.33921000000008
0.7279920000000073,56.54302000000011
0.7839920000000014,56.93146000000016
0.8399919999999953,56.84693000000007
0.8959919999999894,56.521099999999876
0.9519920000000065,56.10054000000009
0.9999839999999955,55.730429999999885
1.0055839999999974,55.71188000000005
1.0167840000000008,55.66965999999995
1.0391840000000077,55.39373000000003
1.083983999999998,53.054510000000164
1.1399839999999921,45.62876000000004
1.1959840000000093,32.93118000000006
1.2519840000000033,15.564160000000049
1.2575840000000051,13.555859999999864
1.2687840000000086,9.474699999999947
1.2911839999999923,1.1101899999998999
1.335984000000006,-15.17773
1.3919839999999999,-33.01489000000002
1.447983999999994,-47.09313999999986
1.503983999999988,-57.39791999999988
1.5599840000000051,-64.4164599999999
1.6159839999999992,-68.83446000000015
1.6719839999999933,-71.35076000000007
1.7279839999999873,-72.57212000000001
1.7839840000000045,-72.97332999999995
1.8399839999999985,-72.89791000000001
1.8959839999999926,-72.57840999999998
1.9519840000000097,-72.16207000000009
1.9999759999999986,-71.79434000000006
0.005576000000000375,-71.77602999999988
0.01677600000000381,-71.73440999999991
0.03917599999998752,-71.4609100000001
0.08397600000000126,-69.13233000000018
0.13997599999999527,-61.724639999999994
0.1959759999999893,-49.039500000000125
0.2519760000000065,-31.67063999999997
0.2575760000000082,-29.661139999999975
0.26877599999998847,-25.577279999999813
0.2911759999999953,-17.206309999999945
0.3359760000000091,-0.905519999999882
0.3919760000000031,16.942970000000113
0.4479759999999971,31.02720999999997
0.5039759999999911,41.33492999999988
0.5599760000000084,48.354680000000094
0.6159760000000023,52.772960000000204
0.6719759999999964,55.2891900000001
0.7279759999999904,56.510559999999984
0.7839760000000076,56.91206000000015
0.8399760000000016,56.83729999999998
0.8959759999999956,56.51880000000009
0.9519759999999896,56.103790000000096
1.0000239999999965,55.73695999999995
1.005623999999998,55.71879000000002
1.0168240000000015,55.67729999999993
1.0392240000000086,55.402729999999956
1.084023999999999,53.06585000000008
1.140023999999993,45.64243999999995
1.1960240000000102,32.946630000000084
1.2520240000000042,15.580930000000048
1.257624000000006,13.572740000000083
1.2688240000000095,9.49179
1.291223999999993,1.127670000000025
1.336024000000007,-15.15960000000005
1.3920240000000008,-32.996100000000084
1.4480239999999949,-47.07382999999999
1.504023999999989,-57.3781900000001
1.560024000000006,-64.39636999999988
1.6160240000000001,-68.81408999999982
1.6720239999999942,-71.33016999999997
1.7280239999999882,-72.55132000000009
1.7840240000000054,-72.9523700000001
1.8400239999999994,-72.87682000000007
1.8960239999999933,-72.55721999999997
1.9520239999999873,-72.14078999999995
1.599999999956857e-05,-71.77300000000008
0.005616000000001287,-71.75467999999996
0.016816000000004723,-71.71305000000005
0.039215999999988434,-71.43951999999997
0.08401600000000217,-69.11087000000005
0.1400159999999962,-61.70309000000018
0.1960159999999902,-49.01784000000009
0.2520160000000074,-31.6488800000001
0.2576160000000091,-29.639360000000003
0.2688159999999894,-25.555490000000127
0.29121599999999626,-17.184469999999898
0.33601600000001,-0.8836199999999739
0.39201600000000403,16.96497000000008
0.448015999999998,31.04930000000006
0.504015999999992,41.35707000000011
0.5600160000000092,48.3768699999998
0.6160160000000032,52.795180000000165
0.6720159999999973,55.311440000000104
0.7280159999999912,56.53282000000015
0.7840160000000085,56.93433000000003
0.8400160000000024,56.85955999999992
0.8960159999999965,56.54107999999991
0.9520159999999905,56.12606999999991
1.0000080000000027,55.75964
1.0056080000000045,55.74146999999985
1.016808000000008,55.69997000000004
1.0392079999999915,55.42539000000013
1.0840080000000052,53.08847000000006
1.1400079999999992,45.66499000000013
1.1960079999999933,32.96908999999992
1.2520079999999874,15.603279999999886
1.257607999999989,13.595070000000042
1.2688079999999924,9.51408999999992
1.2912079999999995,1.1499200000000265
1.3360079999999899,-15.137460000000047
1.392008000000007,-32.974070000000076
1.448008000000001,-47.05188999999987
1.5040079999999951,-57.35632000000002
1.5600079999999892,-64.37455000000014
1.6160080000000063,-68.79230000000014
1.6720080000000004,-71.30839
1.7280079999999944,-72.5295800000001
1.7840079999999885,-72.93062999999988
1.8400080000000056,-72.85510000000018
1.8960079999999997,-72.53549000000015
1.9520079999999935,-72.11906999999984
0.008007999999987633,-71.69231999999992
0.06400800000000481,-71.30075000000002
0.12000799999999882,-70.96418999999999
0.17600799999999284,-70.6871400000002
0.23200800000001,-70.46602999999996
0.28800800000000404,-70.29354
0.34400799999999804,-70.16126999999983
0.4000079999999921,-70.06112000000009
0.45600800000000924,-69.98602999999991
0.5120080000000032,-69.93004000000002
0.5680079999999973,-69.88850000000002
0.6240079999999913,-69.85767999999992
0.6800080000000085,-69.83484999999989
0.7360080000000025,-69.81786000000012
0.7920079999999965,-69.80520000000001
0.8480079999999905,-69.79569000000008
0.9040080000000077,-69.78853000000007
0.9600080000000017,-69.78308000000011
1.0160079999999958,-69.77893000000002
1.0720079999999899,-69.77572999999992
1.128008000000007,-69.77327
1.184008000000001,-69.77135000000013
1.240007999999995,-69.76985999999985
1.296007999999989,-69.76869000000008
1.352008000000006,-69.7677699999999
1.4080080000000001,-69.76705000000005
1.4640079999999942,-69.76648000000019
1.5200079999999883,-69.76602999999982
1.5760080000000054,-69.76568999999988
1.6320079999999995,-69.76541999999996
1.6880079999999935,-69.76520999999991
1.7440079999999873,-69.76505
1.8000080000000047,-69.76494
1.8560079999999985,-69.76486000000004
1.9120079999999926,-69.76479999999997
1.9680080000000097,-69.76475000000005
1.9999839999999889,-69.76473999999988
0.005583999999990569,-69.78817000000004
0.016783999999994005,-69.82916000000006
0.03918400000000088,-69.71525999999994
0.08398399999999145,-67.67999000000002
0.13998400000000863,-60.586569999999895
0.19598400000000266,-48.157629999999955
0.25198399999999666,-30.992090000000026
0.25758399999999837,-28.999999999999915
0.2687840000000018,-24.950110000000024
0.2911840000000087,-16.642019999999924
0.3359839999999993,-0.44882999999984463
0.3919839999999933,17.294450000000072
0.44798399999998734,31.299630000000136
0.5039840000000045,41.54838000000005
0.5599839999999985,48.52436999999998
0.6159839999999925,52.91023999999989
0.6719840000000097,55.40250000000002
0.7279840000000037,56.606060000000014
0.7839839999999977,56.994310000000105
0.8399839999999917,56.90963999999998
0.8959840000000089,56.583700000000015
0.9519840000000029,56.163030000000006
1.0079839999999969,55.73359
1.063983999999991,55.340469999999975
1.119984000000008,55.00320000000003
1.1759840000000021,54.72606000000013
1.2319839999999962,54.505309999999916
1.2879839999999902,54.33348000000016
1.3439840000000074,54.20212999999996
1.3999840000000014,54.10305999999987
1.4559839999999955,54.02911999999982
1.5119839999999893,53.9744000000002
1.5679840000000067,53.93415000000012
1.6239840000000005,53.904659999999936
1.6799839999999946,53.88316999999998
1.7359839999999886,53.86754999999987
1.7919840000000058,53.85624999999994
1.8479839999999998,53.84812000000005
1.903983999999994,53.84235000000004
1.959983999999988,53.838290000000065
0.01598400000000508,53.835520000000024
0.0719839999999991,53.833699999999986
0.1279839999999931,53.832619999999885
0.1839840000000103,53.83208000000006
0.2399840000000043,53.8319599999999
0.2959839999999983,53.832160000000016
0.35198399999999236,53.832620000000105
0.4079840000000095,53.833259999999996
0.46398400000000356,53.834050000000076
0.5199839999999976,53.83497000000004
0.5759839999999916,53.83598000000012
0.6319840000000088,53.837059999999994
0.6879840000000028,53.83820000000017
0.7439839999999968,53.839390000000044
0.7999839999999908,53.840609999999955
0.855984000000008,53.84187000000007
0.911984000000002,53.8431399999999
0.9679839999999961,53.84443999999999
1.000015999999993,53.845179999999935
1.0056159999999945,53.86870999999993
1.016815999999998,53.909769999999966
1.0392160000000048,53.79466000000011
1.0840159999999954,51.750699999999924
1.1400159999999895,44.640670000000156
1.1960160000000066,32.19967999999995
1.2520160000000007,15.035389999999982
1.2576160000000025,13.044410000000006
1.268816000000006,8.996989999999983
1.2912159999999895,0.6948900000001146
1.3360160000000032,-15.486519999999837
1.3920159999999973,-33.21964
1.4480159999999913,-47.21971000000003
1.5040160000000085,-57.46605999999987
1.5600160000000025,-64.44106000000005
1.6160159999999966,-68.82667999999993
1.6720159999999906,-71.31885999999987
1.7280160000000078,-72.52219999999987
1.7840160000000018,-72.90990999999991
1.8400159999999959,-72.82432000000006
1.8960159999999897,-72.49711000000003
1.952016000000007,-72.07489000000011
7.999999995984425e-06,-71.70323
0.0056079999999977025,-71.68452999999997
0.016808000000001138,-71.64212999999987
0.03920800000000801,-71.36717000000003
0.0840079999999986,-69.0360000000001
0.1400079999999926,-61.62559000000001
0.19600800000000979,-48.93816000000007
0.2520080000000038,-31.56745000000005
0.2576080000000055,-29.55777999999998
0.268808000000009,-25.473609999999923
0.2912079999999927,-17.102029999999992
0.3360080000000064,-0.8001799999999282
0.3920080000000004,17.049439999999862
0.44800799999999447,31.1345999999999
0.5040079999999885,41.443029999999936
0.5600080000000056,48.46335000000002
0.6160079999999997,52.882040000000075
0.6720079999999937,55.398609999999906
0.7280079999999877,56.62022000000011
0.7840080000000049,57.02188999999991
0.8400079999999989,56.9472499999999
0.8960079999999929,56.62886
0.9520080000000101,56.21391000000009
1.008008000000004,55.78881000000013
1.064007999999998,55.39903999999996
1.1200079999999921,55.06433999999993
1.1760080000000093,54.789179999999995
1.2320080000000033,54.56997999999991
1.2880079999999974,54.399369999999834
1.3440079999999914,54.26896000000014
1.4000080000000086,54.170619999999836
1.4560080000000026,54.09726999999997
1.5120079999999965,54.042990000000124
1.5680079999999905,54.00308999999992
1.6240080000000077,53.97388000000003
1.6800080000000017,53.95260000000013
1.7360079999999958,53.937129999999996
1.7920079999999898,53.92595
1.848008000000007,53.91791000000001
1.904008000000001,53.91219000000014
1.960007999999995,53.90817999999986
1.9999920000000022,53.90612000000017
0.005592000000003924,53.92927000000003
0.01679200000000736,53.969600000000064
0.03919199999999107,53.853159999999846
0.08399200000000481,51.80691999999998
0.13999199999999884,44.69464000000012
0.19599199999999284,32.25187000000007
0.25199200000001004,15.08613999999997
0.2575919999999886,13.095019999999957
0.26879199999999204,9.04736000000006
0.2911919999999989,0.7447700000000612
0.33599200000000107,-15.437480000000114
0.3919920000000182,-33.17147000000009
0.44799200000001227,-47.17224000000009
0.5039920000000062,-57.41915000000009
0.5599920000000003,-64.39459999999997
0.6159920000000174,-68.78058000000009
0.6719920000000115,-71.27306
0.7279920000000055,-72.47664000000009
0.7839919999999995,-72.86455000000002
0.8399920000000167,-72.77911999999986
0.8959920000000107,-72.45204000000017
0.9519920000000047,-72.02991999999986
1.007992000000022,-71.59880000000007
1.0639920000000158,-71.20388000000011
1.1199920000000099,-70.86470999999995
1.175992000000004,-70.58560000000003
1.231992000000021,-70.36289000000018
1.2879920000000151,-70.18911999999999
1.3439920000000092,-70.05584999999992
1.3999920000000032,-69.95490999999987
1.4559920000000204,-69.87916999999987
1.5119920000000144,-69.82267999999992
1.5679920000000085,-69.78072999999996
1.6239920000000023,-69.74959999999997
1.6799920000000197,-69.72648999999987
1.7359920000000135,-69.70929000000004
1.7919920000000076,-69.69645000000013
1.8479920000000016,-69.6868100000001
1.9039920000000188,-69.67952999999993
1.9599920000000128,-69.674
1.99997600000002,-69.67087999999988
0.005576000000021726,-69.69391999999996
0.016776000000002,-69.73415999999987
0.03917600000000887,-69.61885000000012
0.08397599999999945,-67.58108000000007
0.13997600000001664,-60.48498999999996
0.19597600000001064,-48.05382999999996
0.25197600000000464,-30.88645000000012
0.2575760000000064,-28.89420000000009
0.26877600000000984,-24.843989999999927
0.2911760000000167,-16.53531000000008
0.33597600000000727,-0.34103999999990364
0.39197600000000127,17.40339999999985
0.44797600000001847,31.40951999999997
0.5039760000000125,41.65901999999999
0.5599760000000065,48.63561000000005
0.6159760000000005,53.021929999999884
0.6719760000000177,55.51452999999995
0.7279760000000117,56.71835000000014
0.7839760000000058,57.10680000000012
0.8399759999999997,57.02227000000004
0.895976000000017,56.69642999999991
0.9519760000000109,56.27585000000002
1.0079760000000049,55.84644999999999
1.0639760000000222,55.45337000000017
1.119976000000016,55.11611999999988
1.1759760000000101,54.838989999999924
1.2319760000000042,54.61824000000015
1.2879760000000213,54.44640999999994
1.3439760000000154,54.315040000000096
1.3999760000000094,54.21595000000012
1.4559760000000035,54.14201000000007
1.5119760000000206,54.08725000000003
1.5679760000000147,54.046980000000076
1.6239760000000085,54.01747000000001
1.6799760000000026,53.995950000000015
1.7359760000000197,53.98030000000009
1.7919760000000138,53.96898000000006
1.8479760000000078,53.96082000000013
1.903976000000002,53.95501000000014
1.959976000000019,53.950930000000064
0.015976000000013077,53.948129999999985
0.07197600000000709,53.94629000000006
0.12797600000000112,53.94517999999992
0.1839760000000183,53.94461000000006
0.23997600000001232,53.944470000000024
0.29597600000000635,53.94463999999988
0.35197600000000034,53.94507000000015
0.40797600000001755,53.945689999999935
0.46397600000001155,53.946460000000144
0.5199760000000055,53.94735000000006
0.5759759999999996,53.94833999999982
0.6319760000000167,53.94938999999987
0.6879760000000108,53.95051999999989
0.7439760000000047,53.951679999999946
0.799976000000022,53.95289000000014
0.855976000000016,53.954119999999996
0.91197600000001,53.95537000000017
0.967976000000004,53.95664999999994
1.000008000000001,53.957379999999944
1.0056080000000025,53.98090999999994
1.016808000000006,54.021969999999975
1.0392080000000128,53.90684999999995
1.0840080000000034,51.86292000000003
1.1400080000000206,44.75293000000002
1.1960080000000146,32.31190000000006
1.2520080000000087,15.147430000000073
1.2576080000000105,13.156420000000058
1.268808000000014,9.108950000000116
1.2912080000000208,0.8067199999999275
1.3360080000000112,-15.37493000000012
1.3920080000000052,-33.10827999999999
1.4480079999999993,-47.10853000000004
1.5040080000000164,-57.35499000000011
1.5600080000000105,-64.33007000000002
1.6160080000000046,-68.71574000000003
1.6720080000000217,-71.20796000000018
1.7280080000000158,-72.41132999999999
1.7840080000000098,-72.79904999999998
1.8400080000000039,-72.71348
1.896008000000021,-72.38626999999997
1.952008000000015,-71.96406999999994
3.980806697911446e-15,-71.59241000000006
0.0056000000000056985,-71.57371
0.016800000000009134,-71.53132000000006
0.03920000000001601,-71.25634999999986
0.08400000000000658,-68.92510000000019
0.1400000000000006,-61.51452000000002
0.19600000000001777,-48.826910000000055
0.2520000000000118,-31.456099999999985
0.25760000000001354,-29.446419999999975
0.26880000000001697,-25.36223000000004
0.2912000000000007,-16.990649999999885
0.3360000000000144,-0.6887700000000052
0.3920000000000084,17.160889999999984
0.44800000000000245,31.246100000000165
0.5040000000000197,41.55459000000006
0.5600000000000136,48.574930000000016
0.6160000000000077,52.99364999999989
0.6720000000000017,55.510240000000046
0.7280000000000189,56.73185999999997
0.7840000000000129,57.133529999999986
0.8400000000000069,57.058900000000136
0.8960000000000009,56.74050000000008
0.952000000000018,56.32554999999995
1.008000000000012,55.90044000000005
1.064000000000006,55.51065
1.12,55.17594000000003
1.1760000000000173,54.90076999999993
1.2320000000000113,54.681549999999966
1.2880000000000054,54.51092999999996
1.3439999999999994,54.38049
1.4000000000000166,54.28213999999998
1.4560000000000106,54.208779999999955
1.5120000000000047,54.15448000000001
1.5680000000000218,54.114570000000086
1.6240000000000159,54.085340000000095
1.6800000000000097,54.06404999999981
1.7360000000000038,54.04856999999996
1.792000000000021,54.03738000000003
1.848000000000015,54.029319999999935
1.904000000000009,54.02359000000012
1.960000000000003,54.019550000000024
0.01600000000002021,54.01680000000009
0.07200000000001423,54.014979999999824
0.12800000000000825,54.01388000000007
0.18400000000000227,54.01331999999992
0.24000000000001945,54.013190000000044
0.2960000000000135,54.01334999999996
0.3520000000000075,54.01377000000007
0.4080000000000015,54.01436999999998
0.4640000000000187,54.01513000000002
0.5200000000000127,54.01601
0.5760000000000067,54.01697999999988
0.6320000000000007,54.01802
0.6880000000000179,54.01911999999997
0.7440000000000119,54.02025999999993
0.8000000000000059,54.02145000000003
0.856,54.02266
0.9120000000000171,54.02390999999995
0.9680000000000112,54.02515000000019
0.9999760000000133,54.02588000000019
1.0055760000000151,54.049409999999966
1.0167760000000186,54.090460000000064
1.039176000000002,53.97532999999988
1.0839760000000158,51.9314099999999
1.1399760000000099,44.82143000000005
1.195976000000004,32.380319999999905
1.251976000000021,15.215700000000165
1.2575759999999996,13.22467000000005
1.2687760000000032,9.177149999999967
1.29117600000001,0.8748299999998821
1.3359760000000005,-15.30701000000012
1.3919760000000179,-33.040579999999984
1.4479760000000117,-47.04097000000007
1.5039760000000058,-57.287549999999854
1.5599759999999998,-64.26270999999994
1.615976000000017,-68.64841999999993
1.671976000000011,-71.14069
1.727976000000005,-72.34407999999992
1.7839760000000222,-72.73182
1.8399760000000163,-72.64627000000013
1.8959760000000103,-72.31907000000004
1.9519760000000042,-71.89687
2.400000001111433e-05,-71.52479999999994
0.005624000000012832,-71.50610000000013
0.016824000000016267,-71.46372000000012
0.03922399999999998,-71.18875999999985
0.08402400000001373,-68.85750000000002
0.14002400000000773,-61.446859999999994
0.19602400000000175,-48.759189999999954
0.25202400000001896,-31.388320000000025
0.25762400000002067,-29.37864000000001
0.26882400000000095,-25.294449999999856
0.2912240000000078,-16.922850000000047
0.3360240000000215,-0.6209600000000037
0.3920240000000156,17.228749999999906
0.4480240000000096,31.314010000000003
0.5040240000000036,41.622519999999994
0.5600240000000207,48.64289999999993
0.6160240000000148,53.06165000000007
0.6720240000000088,55.57824999999994
0.7280240000000028,56.799870000000084
0.78402400000002,57.20154999999983
0.840024000000014,57.12691999999997
0.896024000000008,56.808519999999916
0.9520240000000021,56.393560000000065
1.0080240000000191,55.96843000000007
1.0640240000000132,55.578640000000014
1.1200240000000072,55.24390999999995
1.1760240000000013,54.96874000000007
1.2320240000000184,54.74951000000017
1.2880240000000125,54.57887000000006
1.3440240000000065,54.44844000000004
1.4000240000000006,54.35006999999992
1.4560240000000177,54.276690000000016
1.5120240000000118,54.22239000000006
1.5680240000000056,54.18246999999998
1.6240239999999997,54.15323000000005
1.6800240000000168,54.13192000000011
1.736024000000011,54.11643999999982
1.792024000000005,54.105239999999945
1.848024000000022,54.09716999999992
1.9040240000000161,54.09142
1.9600240000000102,54.08737999999991
0.016024000000004184,54.08461000000009
0.07202400000002136,54.082789999999825
0.12802400000001538,54.081680000000134
0.1840240000000094,54.081110000000045
0.2400240000000034,54.08096000000007
0.2960240000000206,54.081119999999984
0.3520240000000146,54.08152999999993
0.4080240000000086,54.08213000000006
0.46402400000000266,54.082879999999946
0.5200240000000198,54.08373999999982
0.5760240000000139,54.084699999999984
0.6320240000000078,54.0857400000001
0.6880240000000019,54.08682999999992
0.744024000000019,54.08795999999994
0.8000240000000131,54.08913999999987
0.8560240000000071,54.090350000000065
0.9120240000000011,54.091569999999976
0.9680240000000183,54.09281999999993
1.0240240000000123,54.09408000000005
1.0800240000000063,54.095359999999815
1.1360240000000004,54.09664000000003
1.1920240000000175,54.09792000000002
1.2480240000000116,54.099230000000055
1.3040240000000056,54.10052999999992
1.3600239999999995,54.10183000000002
1.4160240000000168,54.10313000000011
1.4720240000000107,54.10443999999992
1.5280240000000047,54.10574999999995
1.5840240000000219,54.10705999999998
1.640024000000016,54.108370000000015
1.69602400000001,54.109689999999986
1.752024000000004,54.11100000000002
1.8080240000000212,54.11229999999989
1.8640240000000152,54.11361000000014
1.9200240000000093,54.114929999999895
1.9760240000000033,54.11622999999999
0.03202400000002041,54.11754999999996
0.08802400000001442,54.11884999999983
0.14402400000000845,54.1201699999998
0.20002400000000248,54.121469999999896
0.2560240000000196,54.12277999999993
0.3120240000000137,54.12409000000018
0.3680240000000077,54.12539000000005
0.4240240000000017,54.126700000000085
0.4800240000000189,54.12801000000012
0.5360240000000129,54.12930999999999
0.5920240000000069,54.130609999999855
0.6480240000000009,54.13190999999995
0.7040240000000181,54.13323000000014
0.7600240000000121,54.13452000000007
0.8160240000000062,54.135830000000105
0.8720240000000001,54.13712999999998
0.9280240000000173,54.13842999999985
0.9840240000000113,54.13972999999994
1.0400240000000054,54.141039999999975
1.0960239999999994,54.14234000000007
1.1520240000000166,54.143639999999934
1.2080240000000106,54.144940000000034
1.2640240000000047,54.1462399999999
1.3200240000000218,54.14753999999999
1.376024000000016,54.148829999999926
1.4320240000000097,54.15014000000018
1.4880240000000038,54.15143000000011
1.544024000000021,54.152729999999984
1.600024000000015,54.15402999999985
1.656024000000009,54.15532
1.712024000000003,54.1566200000001
1.7680240000000202,54.15792000000019
1.8240240000000143,54.15922000000006
1.8800240000000084,54.160520000000155
1.9360240000000022,54.16181000000009
1.9920240000000196,54.16310999999996
0.04802400000001348,54.16439999999989
0.1040240000000075,54.16569999999999
0.16002400000000153,54.16698999999991
0.2160240000000187,54.168290000000006
0.2720240000000127,54.1695900000001
0.32802400000000675,54.17088000000003
0.38402400000000075,54.172169999999966
0.4400240000000179,54.17346000000012
0.49602400000001196,54.17475999999999
0.552024000000006,54.17606000000008
0.608024,54.17733999999985
0.6640240000000172,54.178630000000005
0.7200240000000112,54.17992999999988
0.7760240000000052,54.18122999999997
0.8320239999999992,54.1825199999999
0.8880240000000164,54.18380000000012
0.9440240000000104,54.185099999999984
1.0000240000000045,54.18639000000014
1.0560240000000216,54.18768000000007
1.1120240000000157,54.188979999999944
1.1680240000000097,54.19025999999994
1.2240240000000036,54.191549999999864
1.280024000000021,54.19284999999996
1.3360240000000148,54.19413999999989
1.3920240000000088,54.195430000000044
1.4480240000000029,54.19671999999998
1.50402400000002,54.197999999999965
1.560024000000014,54.19929999999984
1.6160240000000081,54.20058999999999
1.6720240000000022,54.201869999999985
1.7280240000000193,54.20317000000008
1.7840240000000134,54.20444999999985
1.8400240000000074,54.205750000000165
1.8960240000000013,54.20703000000016
1.9520240000000184,54.208319999999866
1.6000000007530183e-05,54.209420000000065
0.005616000000009248,54.23295000000006
0.016816000000012685,54.2740100000001
0.039216000000019555,54.15883999999993
0.08401600000001014,52.114589999999964
0.14001600000000416,45.004260000000016
0.19601600000002134,32.56306999999992
0.25201600000001534,15.398240000000118
0.25761600000001705,13.407160000000085
0.2688160000000205,9.359569999999984
0.2912160000000042,1.0570899999999828
0.33601600000001797,-15.125049999999973
0.39201600000001197,-32.85892000000001
0.44801600000000597,-46.859499999999834
0.504016,-57.106199999999994
0.5600160000000172,-64.08144000000004
0.6160160000000112,-68.46721000000011
0.6720160000000052,-70.95950000000006
0.7280159999999992,-72.16292000000001
0.7840160000000164,-72.55067999999997
0.8400160000000104,-72.46514999999998
0.8960160000000045,-72.13797
0.9520160000000216,-71.71578000000012
1.0000080000000107,-71.34415000000006
1.0056080000000123,-71.32544000000007
1.0168080000000157,-71.28306000000006
1.0392079999999995,-71.00806999999998
1.0840080000000132,-68.67664000000006
1.1400080000000072,-61.26564000000001
1.1960080000000013,-48.5776
1.2520080000000184,-31.206479999999814
1.2576080000000203,-29.196779999999922
1.2688080000000004,-25.11256999999989
1.2912080000000072,-16.741050000000037
1.336008000000021,-0.4397400000000218
1.392008000000015,17.4094600000001
1.448008000000009,31.49483999999991
1.5040080000000031,41.80366999999996
1.5600080000000203,48.82436999999995
1.6160080000000143,53.24345000000008
1.6720080000000084,55.760309999999926
1.7280080000000024,56.98215000000006
1.7840080000000196,57.38398
1.8400080000000136,57.309429999999885
1.8960080000000075,56.991090000000135
1.9520080000000015,56.576149999999934
0.008008000000018755,56.151049999999984
0.06400800000001278,55.761229999999884
0.12000800000000679,55.42648999999989
0.1760080000000008,55.15128999999996
0.23200800000001798,54.93203999999996
0.288008000000012,54.76137000000003
0.34400800000000603,54.63090999999998
0.40000800000000003,54.53251999999998
0.45600800000001723,54.4591200000002
0.5120080000000112,54.40477999999982
0.5680080000000053,54.36482999999992
0.6240079999999992,54.33556000000017
0.6800080000000165,54.31423999999985
0.7360080000000104,54.298719999999804
0.7920080000000045,54.287490000000105
0.8480080000000216,54.27939999999998
0.9040080000000157,54.27362999999996
0.9600080000000097,54.26956999999999
1.0160080000000038,54.26678000000007
1.072008000000021,54.26492999999999
1.128008000000015,54.263799999999975
1.1840080000000088,54.26321000000001
1.2400080000000029,54.26303999999993
1.29600800000002,54.26318000000019
1.352008000000014,54.26355999999988
1.4080080000000081,54.264129999999966
1.4640080000000022,54.26486999999991
1.5200080000000193,54.265710000000134
1.5760080000000134,54.26664999999997
1.6320080000000075,54.26766000000005
1.6880080000000015,54.26872999999999
1.7440080000000187,54.26984999999984
1.8000080000000125,54.27101000000012
1.8560080000000065,54.27218000000011
1.9120080000000006,54.27339000000009
1.9680080000000177,54.27462000000016
0.024008000000011825,54.27585999999995
0.08000800000000584,54.27712000000007
0.13600799999999985,54.278379999999956
0.19200800000001703,54.27965000000001
0.24800800000001105,54.280930000000005
0.30400800000000505,54.28221
0.36000800000002225,54.283489999999986
0.41600800000001625,54.28478000000014
0.4720080000000103,54.28606999999985
0.5280080000000043,54.28736000000001
0.5840080000000215,54.28864999999994
0.6400080000000155,54.289940000000094
0.6960080000000095,54.29123999999996
0.7520080000000036,54.29251999999995
0.8080080000000207,54.293820000000046
0.8640080000000148,54.29510999999998
0.9200080000000087,54.29640000000013
0.9760080000000028,54.297700000000006
0.999976,54.298249999999996
1.0055760000000016,54.32177999999999
1.016776000000005,54.36283000000009
1.0391760000000119,54.24773999999988
1.0839760000000025,52.20395
1.1399760000000196,45.09415000000017
1.1959760000000137,32.653060000000124
1.2519760000000077,15.488170000000023
1.2575760000000094,13.49708000000005
1.268776000000013,9.44945999999991
1.2911760000000199,1.1469200000000512
1.3359760000000103,-15.035340000000064
1.3919760000000043,-32.76931999999988
1.4479760000000215,-46.7699800000001
1.5039760000000155,-57.01670999999986
1.5599760000000096,-63.99197999999995
1.6159760000000036,-68.37775999999995
1.6719760000000208,-70.87006000000007
1.7279760000000148,-72.07348000000002
1.7839760000000089,-72.46125999999987
1.8399760000000027,-72.37571999999992
1.89597600000002,-72.04854000000016
1.951976000000014,-71.62636
2.40000000208854e-05,-71.2543200000002
0.005623999999999442,-71.23561999999994
0.01682400000000288,-71.19323
0.03922400000000975,-70.91824999999984
0.08402400000000033,-68.58681999999993
0.1400240000000175,-61.17579000000006
0.19602400000001152,-48.48776999999993
0.2520240000000055,-31.116740000000085
0.25762400000000724,-29.107049999999912
0.2688240000000107,-25.02285999999998
0.2912240000000176,-16.651360000000004
0.33602400000000815,-0.3500199999999509
0.39202400000000215,17.49910999999993
0.44802400000001935,31.58433999999999
0.5040240000000134,41.893049999999874
0.5600240000000074,48.91365000000003
0.6160240000000013,53.33262999999988
0.6720240000000186,55.84943000000009
0.7280240000000125,57.07120999999993
0.7840240000000066,57.473000000000106
0.8400240000000007,57.39843000000011
0.8960240000000178,57.080049999999936
0.9520240000000119,56.665100000000024
1.0080240000000058,56.23997000000003
1.0640239999999999,55.850160000000095
1.120024000000017,55.51541000000015
1.176024000000011,55.24018999999991
1.2320240000000051,55.02093000000019
1.2880240000000223,54.85026000000004
1.3440240000000163,54.71978000000011
1.4000240000000104,54.621380000000165
1.4560240000000042,54.54797
1.5120240000000216,54.49363000000007
1.5680240000000154,54.45367000000001
1.6240240000000095,54.42440000000004
1.6800240000000035,54.40307
1.7360240000000207,54.38754999999995
1.7920240000000147,54.376320000000035
1.8480240000000088,54.368219999999965
1.9040240000000028,54.36245000000017
1.96002400000002,54.35838000000004
0.016024000000013954,54.35559000000012
0.07202400000000797,54.35372999999988
0.128024000000002,54.35260000000008
0.18402400000001917,54.351999999999954
0.24002400000001317,54.35181999999994
0.2960240000000072,54.35195000000004
0.3520240000000012,54.35233000000017
0.40802400000001837,54.35290999999998
0.4640240000000124,54.35362999999982
0.5200240000000065,54.35447000000004
0.5760240000000004,54.355399999999946
0.6320240000000176,54.356410000000025
0.6880240000000116,54.35747999999996
0.7440240000000057,54.35859000000009
0.8000239999999996,54.359740000000215
0.8560240000000169,54.36091999999992
0.9120240000000108,54.36211999999996
0.9680240000000049,54.36335000000003
1.000000000000007,54.36404000000006
1.0056000000000087,54.38757000000005
1.0168000000000121,54.42860999999999
1.039200000000019,54.313520000000004
1.0840000000000096,52.26973000000012
1.1400000000000037,45.15998999999993
1.1960000000000208,32.71895999999997
1.2520000000000149,15.554089999999965
1.2576000000000167,13.563009999999931
1.2688000000000201,9.515390000000012
1.2912000000000037,1.212849999999932
1.3360000000000174,-14.969420000000122
1.3920000000000115,-32.70338000000006
1.4480000000000055,-46.70398999999992
1.5039999999999996,-56.95070000000002
1.5600000000000167,-63.92592999999991
1.6160000000000108,-68.31169000000004
1.6720000000000048,-70.80397000000005
1.728000000000022,-72.00738000000007
1.784000000000016,-72.39514000000003
1.8400000000000098,-72.30960000000009
1.896000000000004,-71.98243000000004
1.952000000000021,-71.56023999999994
0.008000000000015172,-71.12904999999992
0.06400000000000919,-70.73408999999997
0.1200000000000032,-70.39488000000004
0.1760000000000204,-70.11578000000007
0.2320000000000144,-69.8930900000001
0.2880000000000084,-69.71934000000002
0.3440000000000024,-69.58611999999987
0.4000000000000196,-69.48522000000001
0.4560000000000136,-69.40952999999995
0.5120000000000077,-69.35309000000012
0.5680000000000016,-69.31117999999992
0.6240000000000189,-69.28007999999997
0.6800000000000128,-69.25702
0.7360000000000069,-69.23984999999999
0.7920000000000009,-69.22705000000006
0.8480000000000181,-69.21744000000007
0.9040000000000121,-69.21018999999995
0.9600000000000061,-69.20469000000007
0.9999840000000133,-69.20159999999997
1.005584000000015,-69.22463999999984
1.0167840000000183,-69.26487999999998
1.039184000000002,-69.14953000000001
1.0839840000000158,-67.11143999999992
1.1399840000000099,-60.014699999999976
1.195984000000004,-47.58294000000007
1.251984000000021,-30.415290000000095
1.2575839999999996,-28.423040000000064
1.268784000000003,-24.37284000000006
1.2911840000000099,-16.06419999999997
1.3359840000000005,0.12998000000008503
1.3919840000000177,17.87435000000004
1.4479840000000117,31.880490000000037
1.5039840000000058,42.13002999999982
1.5599839999999998,49.10663999999998
1.615984000000017,53.49299000000008
1.671984000000011,55.985600000000076
1.727984000000005,57.18941999999983
1.7839840000000222,57.57784999999993
1.8399840000000163,57.49329000000003
1.89598400000001,57.16742000000008
1.9519840000000042,56.74678000000011
0.007984000000021394,56.31732999999994
0.06398400000001542,55.92419000000004
0.11998400000000943,55.586890000000054
0.17598400000000344,55.30970000000002
0.23198400000002062,55.08889000000017
0.2879840000000146,54.91699999999988
0.34398400000000867,54.78556999999995
0.39998400000000267,54.686420000000126
0.4559840000000199,54.61242000000021
0.5119840000000139,54.55761999999997
0.5679840000000079,54.51728
0.6239840000000019,54.48772000000002
0.6799840000000191,54.466160000000045
0.7359840000000131,54.45045999999998
0.7919840000000071,54.43909000000002
0.8479840000000012,54.43087999999996
0.9039840000000183,54.425029999999985
0.9599840000000124,54.42089000000006
1.0159840000000064,54.41806000000015
1.0719840000000003,54.416159999999934
1.1279840000000176,54.41501000000004
1.1839840000000115,54.41439999999997
1.2399840000000055,54.41419999999986
1.2959839999999996,54.414339999999896
1.3519840000000167,54.41472000000003
1.4079840000000108,54.41528999999989
1.4639840000000048,54.41602000000012
1.519984000000022,54.41686000000012
1.575984000000016,54.417810000000124
1.63198400000001,54.41881999999998
1.6879840000000041,54.419899999999856
1.7439840000000213,54.421020000000155
1.7999840000000151,54.42217999999998
1.8559840000000092,54.42336999999986
1.9119840000000032,54.424589999999995
1.9679840000000204,54.425819999999845
0.023984000000014463,54.42706000000008
0.07998400000000848,54.4283200000002
0.1359840000000025,54.429590000000026
0.19198400000001967,54.43087000000002
0.2479840000000137,54.432140000000075
0.3039840000000077,54.43343
0.35998400000000175,54.43471000000022
0.4159840000000189,54.43601000000009
0.47198400000001295,54.43728999999986
0.5279840000000069,54.438589999999955
0.583984000000001,54.43987999999989
0.6399840000000181,54.441169999999815
0.6959840000000121,54.44245999999997
0.7519840000000062,54.44375999999984
0.8079840000000001,54.445049999999995
0.8639840000000174,54.44633999999993
0.9199840000000113,54.44763000000008
0.9759840000000054,54.448920000000015
1.0000080000000204,54.449480000000165
1.005608000000022,54.47299999999999
1.0168080000000024,54.51406999999997
1.0392080000000092,54.39899000000015
1.0840079999999999,52.35528999999994
1.140008000000017,45.245670000000125
1.196008000000011,32.804739999999995
1.2520080000000051,15.63992000000014
1.2576080000000067,13.648829999999945
1.2688080000000101,9.601210000000027
1.291208000000017,1.2986500000000678
1.3360080000000076,-14.883630000000148
1.3920080000000017,-32.617590000000085
1.4480080000000188,-46.618180000000066
1.504008000000013,-56.86484000000003
1.560008000000007,-63.8400400000001
1.616008000000001,-68.22576999999997
1.6720080000000181,-70.71804000000003
1.7280080000000122,-71.92142999999996
1.784008000000006,-72.30917999999997
1.840008,-72.22360000000006
1.8960080000000172,-71.89639999999997
1.9520080000000113,-71.47420999999987
3.618915179919496e-16,-71.1025799999998
0.00560000000000208,-71.08388
0.016800000000005515,-71.04148999999981
0.039200000000012385,-70.76647999999986
0.08400000000000298,-68.43491999999985
0.14000000000002014,-61.02371999999989
0.19600000000001416,-48.335570000000104
0.25200000000000816,-30.96458000000002
0.2576000000000099,-28.954930000000047
0.26880000000001336,-24.87076999999993
0.2912000000000202,-16.499280000000116
0.3360000000000108,-0.197600000000131
0.3920000000000048,17.65189999999994
0.448000000000022,31.737049999999822
0.504000000000016,42.04549999999996
0.56000000000001,49.065849999999855
0.616000000000004,53.484570000000176
0.6720000000000212,56.001150000000166
0.7280000000000152,57.22275999999993
0.7840000000000092,57.62440999999985
0.8400000000000033,57.549740000000014
0.8960000000000204,57.23129999999998
0.9520000000000145,56.81629999999993
1.0080000000000084,56.39113999999989
1.0640000000000025,56.00129999999992
1.1200000000000196,55.6665300000001
1.1760000000000137,55.39129999999992
1.2320000000000078,55.172030000000035
1.2880000000000018,55.00134000000001
1.344000000000019,54.87086000000008
1.400000000000013,54.77244000000003
1.4560000000000068,54.69901999999993
1.512000000000001,54.64467000000006
1.568000000000018,54.60471
1.624000000000012,54.57544000000003
1.6800000000000062,54.55408999999989
1.7360000000000002,54.538559999999904
1.7920000000000174,54.527320000000046
1.8480000000000114,54.519219999999976
1.9040000000000055,54.513430000000085
1.9600000000000226,54.50935000000001
1.9999840000000066,54.5072499999999
0.005584000000008301,54.53040999999992
0.016784000000011737,54.57073000000001
0.03918400000001861,54.45430999999989
0.08398400000000919,52.40833999999994
0.13998400000000322,45.296490000000134
0.1959840000000204,32.85388999999994
0.2519840000000144,15.687779999999929
0.25758400000001613,13.696569999999797
0.26878400000001956,9.648740000000045
0.2911840000000033,1.3457900000000134
0.335984000000017,-14.837189999999945
0.39198400000001105,-32.57182999999997
0.44798400000000504,-46.572959999999995
0.5039840000000222,-56.82006000000017
0.5599840000000162,-63.795620000000056
0.6159840000000103,-68.18164000000016
0.6719840000000042,-70.67416000000004
0.7279840000000215,-71.87776999999996
0.7839840000000154,-72.26568000000012
0.8399840000000095,-72.18024000000001
0.8959840000000036,-71.85317000000002
0.9519840000000207,-71.43107999999998
1.0079840000000146,-70.99999999999996
1.0639840000000087,-70.60511999999997
1.1199840000000028,-70.26599999999993
1.17598400000002,-69.98696999999999
1.231984000000014,-69.76432999999993
1.287984000000008,-69.59065000000008
1.343984000000002,-69.45746999999992
1.3999840000000192,-69.35659999999987
1.4559840000000133,-69.28095999999995
1.511984000000007,-69.22454
1.5679840000000012,-69.18266000000006
1.6239840000000183,-69.15159000000016
1.6799840000000124,-69.12855000000006
1.7359840000000064,-69.11139999999993
1.7919840000000005,-69.09861000000018
1.8479840000000176,-69.08903
1.9039840000000117,-69.08180000000019
1.9599840000000057,-69.07631000000003
0.01598399999999965,-69.07213999999983
0.07198400000001683,-69.06893999999997
0.12798400000001084,-69.0664700000001
0.18398400000000487,-69.06455999999994
0.23998400000002204,-69.06308999999999
0.29598400000001607,-69.0619400000001
0.35198400000001007,-69.06104000000002
0.4079840000000041,-69.06035
0.46398400000002127,-69.05981999999989
0.5199840000000153,-69.05940999999993
0.5759840000000093,-69.05909999999982
0.6319840000000033,-69.05888000000004
0.6879840000000205,-69.05870999999996
0.7439840000000145,-69.05859000000004
0.7999840000000086,-69.05852000000002
0.8559840000000025,-69.05848000000003
0.9119840000000198,-69.05845999999994
0.9679840000000137,-69.0584700000001
1.0000160000000107,-69.0584799999998
1.0056160000000123,-69.08191000000019
1.0168160000000157,-69.12289999999999
1.0392160000000226,-69.00892999999985
1.0840160000000132,-66.9731899999999
1.1400160000000072,-59.87880999999984
1.1960160000000013,-47.44897999999998
1.2520160000000184,-30.283069999999856
1.25761600000002,-28.290989999999905
1.2688160000000004,-24.241119999999896
1.2912160000000072,-15.933120000000134
1.336016000000021,0.2599000000000906
1.392016000000015,18.00303999999997
1.448016000000009,32.00822000000003
1.5040160000000031,42.25699999999999
1.5600160000000203,49.23303000000012
1.6160160000000143,53.618920000000124
1.6720160000000084,56.11118000000004
1.7280160000000022,57.31474000000003
1.7840160000000196,57.70296000000008
1.8400160000000134,57.61824000000004
1.8960160000000075,57.29223000000005
1.9520160000000015,56.87149999999996
0.008016000000018722,56.44197000000006
0.06401600000001274,56.04878000000002
0.12001600000000676,55.711420000000174
0.17601600000000078,55.43419000000016
0.23201600000001796,55.21335000000005
0.288016000000012,55.04145000000005
0.344016000000006,54.91000000000001
0.400016,54.81083000000009
0.4560160000000172,54.736829999999955
0.5120160000000112,54.68201000000006
0.5680160000000052,54.64168999999997
0.6240160000000224,54.61212999999998
0.6800160000000164,54.59057000000001
0.7360160000000104,54.57486999999994
0.7920160000000045,54.56349999999999
0.8480160000000216,54.55530000000009
0.9040160000000157,54.54944999999989
0.9600160000000096,54.5453199999999
1.0000000000000169,54.54319000000019
1.0056000000000185,54.56634000000005
1.016800000000022,54.60667000000008
1.0392000000000057,54.49024000000002
1.0840000000000194,52.444299999999885
1.1400000000000134,45.3325899999999
1.1960000000000075,32.89020999999992
1.2520000000000016,15.724370000000043
1.2576000000000032,13.73319999999989
1.2688000000000066,9.685429999999995
1.2912000000000134,1.3825999999999006
1.336000000000004,-14.800119999999861
1.3920000000000212,-32.53444000000005
1.4480000000000153,-46.53528000000007
1.5040000000000093,-56.78214999999987
1.5600000000000034,-63.75753999999989
1.6160000000000205,-68.14344000000006
1.6720000000000146,-70.63585999999988
1.7280000000000086,-71.83941999999988
1.7840000000000025,-72.22728000000012
1.8400000000000196,-72.14183000000007
1.8960000000000137,-71.81473999999999
1.9520000000000077,-71.39264999999995
1.99999200000002,-71.02107999999996
0.005592000000021657,-71.00237999999992
0.01679200000000193,-70.95999999999991
0.0391920000000088,-70.68501999999998
0.08399200000002255,-68.3534899999998
0.13999200000001658,-60.94233999999999
0.19599200000001057,-48.25436000000005
0.2519920000000046,-30.883669999999917
0.2575920000000063,-28.874049999999983
0.26879200000000975,-24.78997999999999
0.2911920000000166,-16.418649999999868
0.33599200000000723,-0.11731999999997633
0.39199200000000123,17.731790000000025
0.4479920000000184,31.81663000000001
0.5039920000000124,42.12485999999993
0.5599920000000065,49.145030000000034
0.6159920000000004,53.563629999999975
0.6719920000000176,56.080120000000065
0.7279920000000116,57.30167000000019
0.7839920000000057,57.70328999999985
0.8399919999999996,57.62858999999998
0.8959920000000169,57.31015000000017
0.9519920000000108,56.895130000000016
0.9999839999999999,56.52869000000016
1.0055840000000016,56.51050999999985
1.016784000000005,56.46901999999998
1.0391840000000119,56.19448999999999
1.0839840000000025,53.85792000000001
1.1399840000000196,46.43503000000004
1.1959840000000137,33.739390000000036
1.2519840000000078,16.37308999999987
1.2575840000000094,14.364790000000127
1.2687840000000128,10.28361000000011
1.2911840000000196,1.9189699999999643
1.3359840000000103,-14.369309999999968
1.3919840000000043,-32.20670999999986
1.4479840000000215,-46.28495999999993
1.5039840000000155,-56.589599999999905
1.5599840000000096,-63.60794000000003
1.6159840000000036,-68.02573999999994
1.6719840000000208,-70.54185000000012
1.7279840000000148,-71.76305000000016
1.7839840000000087,-72.1641099999999
1.8399840000000027,-72.08857000000002
1.8959840000000199,-71.76897000000015
1.951984000000014,-71.35257999999989
1.999976000000003,-70.98482000000006
0.005576000000004717,-70.96650999999987
0.016776000000008152,-70.92487000000003
0.039176000000015025,-70.6512800000001
0.0839760000000056,-68.32214000000003
0.13997599999999963,-60.913390000000064
0.1959760000000168,-48.22730999999991
0.2519760000000108,-30.85814000000009
0.2575760000000125,-28.84865999999997
0.26877600000001595,-24.76484999999995
0.29117599999999966,-16.394029999999837
0.33597600000001343,-0.09356000000004805
0.39197600000000743,17.754670000000196
0.4479760000000015,31.838809999999995
0.5039760000000186,42.14650000000009
0.5599760000000127,49.166249999999856
0.6159760000000066,53.584520000000026
0.6719760000000007,56.10075999999986
0.7279760000000178,57.322110000000094
0.7839760000000119,57.72357000000006
0.8399760000000059,57.64875999999997
0.8959759999999999,57.33020999999994
0.9519760000000171,56.91511999999999
1.0000240000000007,56.5482100000001
1.0056240000000025,56.53003999999995
1.016824000000006,56.48854000000014
1.0392240000000128,56.213999999999984
1.0840240000000034,53.8774500000001
1.1400240000000206,46.454620000000006
1.1960240000000146,33.75901999999997
1.2520240000000087,16.392760000000006
1.2576240000000103,14.384460000000043
1.2688240000000137,10.303280000000026
1.2912240000000206,1.938659999999981
1.3360240000000112,-14.349610000000013
1.3920240000000053,-32.18700000000019
1.4480240000000224,-46.26525000000004
1.5040240000000165,-56.56987000000014
1.5600240000000105,-63.58820000000009
1.6160240000000046,-68.00598000000014
1.6720240000000217,-70.52209000000009
1.7280240000000158,-71.74327999999997
1.7840240000000096,-72.14433999999991
1.8400240000000037,-72.06880000000004
1.8960240000000208,-71.74919999999996
1.9520240000000149,-71.33281000000014
1.600000000391127e-05,-70.96503999999993
0.0056160000000056295,-70.94674000000012
0.016816000000009063,-70.90511000000022
0.03921600000001594,-70.63151000000012
0.08401600000000652,-68.3023599999999
0.14001600000000053,-60.893569999999954
0.1960160000000177,-48.20747999999986
0.25201600000001173,-30.838330000000134
0.25761600000001345,-28.828840000000078
0.2688160000000169,-24.745030000000057
0.2912160000000006,-16.374219999999884
0.33601600000001436,-0.07376999999997302
0.39201600000000836,17.77443999999995
0.44801600000000236,31.858579999999968
0.5040160000000196,42.1662599999999
0.5600160000000136,49.18599999999995
0.6160160000000076,53.6042699999999
0.6720160000000016,56.1205199999999
0.7280160000000188,57.34186000000019
0.7840160000000128,57.74331999999993
0.8400160000000069,57.6684999999999
0.8960160000000008,57.34995000000009
0.952016000000018,56.93486999999986
1.0000080000000071,56.56836999999992
1.0056080000000087,56.5501799999999
1.0168080000000121,56.50867999999987
1.039208000000019,56.23413999999993
1.0840080000000096,53.89756000000001
1.1400080000000037,46.47467999999999
1.1960080000000208,33.77903999999998
1.2520080000000149,16.412730000000096
1.2576080000000165,14.404419999999973
1.26880800000002,10.323230000000017
1.2912080000000037,1.9585699999999928
1.3360080000000174,-14.32973999999998
1.3920080000000115,-32.16716999999991
1.4480080000000055,-46.24544000000008
1.5040080000000227,-56.55009
1.5600080000000167,-63.56843000000012
1.6160080000000108,-67.98620999999994
1.6720080000000046,-70.50234
1.728008000000022,-71.7235300000001
1.7840080000000158,-72.12459999999999
1.8400080000000099,-72.04904999999995
1.896008000000004,-71.72945000000009
1.952008000000021,-71.31306000000004
0.008008000000015137,-70.88634999999988
0.06400800000000915,-70.49485
0.12000800000000317,-70.15835000000004
0.17600800000002034,-69.88138
0.23200800000001437,-69.66036000000008
0.28800800000000837,-69.48796999999996
0.3440080000000024,-69.35580000000007
0.40000800000001957,-69.25577000000006
0.4560080000000136,-69.18077
0.5120080000000076,-69.12490000000004
0.5680080000000016,-69.08344999999994
0.6240080000000188,-69.0527299999999
0.6800080000000128,-69.0299700000001
0.7360080000000069,-69.01305999999985
0.7920080000000008,-69.00047999999992
0.8480080000000181,-68.99104
0.904008000000012,-68.98395000000002
0.9600080000000061,-68.97858000000001
0.9999920000000132,-68.97557000000009
1.005592000000015,-68.99862000000012
1.0167920000000183,-69.03887999999992
1.0391920000000021,-68.92355000000006
1.0839920000000158,-66.88541000000004
1.1399920000000099,-59.788549999999944
1.195992000000004,-47.35677999999987
1.251992000000021,-30.18938999999987
1.2575920000000227,-28.197180000000046
1.268792000000003,-24.147069999999935
1.2911920000000099,-15.838629999999965
1.3359920000000005,0.3551500000000818
1.3919920000000177,18.099089999999983
1.4479920000000117,32.104899999999994
1.5039920000000058,42.35421000000006
1.5599919999999998,49.33065000000014
1.615992000000017,53.716859999999976
1.671992000000011,56.20939000000003
1.7279920000000049,57.413149999999916
1.7839920000000222,57.8015300000001
1.839992000000016,57.71693
1.8959920000000101,57.39103000000001
1.9519920000000042,56.97036999999994
0.007992000000021359,56.540890000000175
0.06399200000001537,56.14774000000011
0.1199920000000094,55.81041000000009
0.17599200000000342,55.53320000000017
0.2319920000000206,55.31237
0.2879920000000146,55.14046999999999
0.3439920000000086,55.0090299999999
0.3999920000000026,54.90985999999998
0.4559920000000198,54.83584999999991
0.5119920000000139,54.78104000000017
0.5679920000000078,54.740690000000036
0.6239920000000019,54.711130000000054
0.679992000000019,54.689549999999976
0.7359920000000131,54.67383999999997
0.7919920000000071,54.662459999999854
0.8479920000000011,54.65423999999985
0.9039920000000182,54.64837999999994
0.9599920000000123,54.64424000000001
1.0159920000000062,54.641390000000015
1.0719920000000003,54.63949000000001
1.1279920000000174,54.63833000000018
1.1839920000000115,54.63770999999995
1.2399920000000055,54.637510000000056
1.2959920000000227,54.637620000000055
1.3519920000000167,54.63800000000019
1.4079920000000108,54.63857000000005
1.4639920000000048,54.639290000000116
1.519992000000022,54.64012000000018
1.575992000000016,54.64104999999986
1.6319920000000099,54.64206000000016
1.687992000000004,54.64312999999987
1.743992000000021,54.64423000000007
1.7999920000000151,54.64539000000013
1.8559920000000092,54.64657000000006
1.9119920000000032,54.64776999999987
1.9679920000000204,54.64899000000001
0.02399200000001443,54.65022000000008
0.07999200000000845,54.65147000000003
0.13599200000000247,54.65273000000015
0.19199200000001965,54.65399000000004
0.24799200000001365,54.6552600000001
0.3039920000000077,54.656529999999925
0.3599920000000017,54.65781000000014
0.41599200000001885,54.659079999999975
0.4719920000000129,54.66037000000013
0.5279920000000069,54.661639999999956
0.583992000000001,54.66292000000017
0.6399920000000181,54.66419999999994
0.6959920000000122,54.66549000000009
0.7519920000000061,54.666760000000146
0.8079920000000002,54.66803999999992
0.8639920000000173,54.66933000000007
0.9199920000000114,54.6705999999999
0.9759920000000054,54.671879999999895
1.0000160000000204,54.672430000000105
1.005616000000022,54.6959600000001
1.0168160000000024,54.737019999999916
1.0392160000000092,54.62195000000003
1.0840159999999999,52.578380000000145
1.140016000000017,45.46899000000004
1.196016000000011,33.02825000000009
1.2520160000000051,15.863439999999951
1.2576160000000067,13.872340000000039
1.2688160000000102,9.82470000000002
1.291216000000017,1.5220799999999812
1.3360160000000076,-14.66031000000001
1.3920160000000017,-32.394330000000025
1.4480160000000188,-46.39490000000013
1.504016000000013,-56.64152999999983
1.560016000000007,-63.61667999999998
1.6160160000000008,-68.00236999999987
1.6720160000000182,-70.49461000000012
1.728016000000012,-71.69800000000004
1.784016000000006,-72.0857399999999
1.840016,-72.00015999999998
1.8960160000000172,-71.67297000000006
1.9520160000000113,-71.25080000000005
0.008016000000005331,-70.81965000000001
0.06401600000002251,-70.42473000000004
0.12001600000001653,-70.08559000000014
0.17601600000001055,-69.80652999999992
0.23201600000000455,-69.5838900000001
0.28801600000002175,-69.41021000000003
0.34401600000001575,-69.27703000000007
0.40001600000000975,-69.17617999999992
0.4560160000000038,-69.10054
0.512016000000021,-69.04413999999991
0.568016000000015,-69.00228000000008
0.624016000000009,-68.97121999999989
0.6800160000000031,-68.9481999999999
0.7360160000000202,-68.93107000000009
0.7920160000000143,-68.91831000000015
0.8480160000000082,-68.90872999999998
0.9040160000000023,-68.90153
0.9600160000000194,-68.89604999999999
1.0000000000000033,-68.89298999999993
1.0056000000000052,-68.91603000000002
1.0168000000000086,-68.95626999999993
1.0392000000000154,-68.84089999999988
1.084000000000006,-66.80264000000014
1.1400000000000001,-59.70557999999993
1.1960000000000173,-47.27358000000015
1.2520000000000113,-30.105990000000027
1.257600000000013,-28.113770000000038
1.2688000000000164,-24.063620000000174
1.2912000000000001,-15.755120000000122
1.3360000000000138,0.4387699999999217
1.392000000000008,18.182860000000023
1.448000000000002,32.18882000000001
1.504000000000019,42.43823000000013
1.5600000000000132,49.414749999999955
1.6160000000000072,53.801030000000026
1.672000000000001,56.293600000000055
1.7280000000000184,57.49738000000004
1.7840000000000122,57.88577999999988
1.8400000000000063,57.80118000000001
1.8960000000000004,57.47528000000002
1.9520000000000175,57.054600000000065
1.9999920000000067,56.68439999999997
0.005592000000008267,56.66584000000019
0.016792000000011704,56.623620000000095
0.03919200000001857,56.34772999999993
0.08399200000000916,54.0088900000002
0.13999200000000317,46.583820000000166
0.19599200000002034,33.88647999999983
0.25199200000001437,16.518790000000116
0.2575920000000161,14.510359999999833
0.2687920000000195,10.428920000000064
0.2911920000000032,2.0638100000001103
0.335992000000017,-14.225289999999946
0.391992000000011,-32.063510000000186
0.447992000000005,-46.14238000000004
0.5039920000000222,-56.447490000000045
0.5599920000000163,-63.466189999999976
0.6159920000000102,-67.8842799999999
0.6719920000000043,-70.40062999999996
0.7279920000000214,-71.62200999999979
0.7839920000000155,-72.02320000000006
0.8399920000000094,-71.94774999999987
0.8959920000000035,-71.62826
0.9519920000000206,-71.21197999999995
1.0079920000000147,-70.78537000000007
1.0639920000000087,-70.39394999999993
1.1199920000000028,-70.05751999999998
1.17599200000002,-69.78061000000002
1.231992000000014,-69.55964000000003
1.287992000000008,-69.3872900000001
1.3439920000000019,-69.25515999999999
1.399992000000019,-69.15515000000005
1.455992000000013,-69.08018000000004
1.511992000000007,-69.02432999999996
1.5679920000000012,-68.98289000000003
1.6239920000000183,-68.95219000000009
1.6799920000000124,-68.92944000000001
1.7359920000000064,-68.91255000000007
1.7919920000000005,-68.89998000000008
1.8479920000000176,-68.89055999999982
1.9039920000000117,-68.88347999999999
1.9599920000000055,-68.87811999999994
0.01599200000002278,-68.87405999999996
0.07199200000001679,-68.87094000000005
0.12799200000001082,-68.86854999999991
0.18399200000000482,-68.86671
0.23999200000002202,-68.8652999999999
0.295992000000016,-68.86419
0.35199200000001,-68.86335999999993
0.4079920000000041,-68.86270999999988
0.4639920000000212,-68.86222999999991
0.5199920000000152,-68.86185
0.5759920000000093,-68.86158000000009
0.6319920000000033,-68.86137999999997
0.6879920000000205,-68.86126000000003
0.7439920000000145,-68.86117000000014
0.7999920000000085,-68.86113999999988
0.8559920000000025,-68.86112
0.9119920000000197,-68.86113999999988
0.9679920000000137,-68.86116999999992
1.0239920000000078,-68.86123999999994
1.0799920000000018,-68.86130000000001
1.135992000000019,-68.86137999999997
1.191992000000013,-68.8614700000001
1.2479920000000069,-68.86155999999998
1.303992000000001,-68.86166999999999
1.359992000000018,-68.86177000000005
1.4159920000000121,-68.86187999999981
1.4719920000000062,-68.86199999999998
1.5279920000000002,-68.86210999999997
1.5839920000000174,-68.86223999999986
1.6399920000000114,-68.86234999999985
1.6959920000000055,-68.86247999999995
1.7519920000000226,-68.86259999999989
1.8079920000000167,-68.86272000000004
1.8639920000000105,-68.86285000000014
1.9199920000000046,-68.86298000000002
1.9759920000000217,-68.86311000000012
1.600000001368234e-05,-68.86316000000004
0.0056160000000154,-68.88660000000013
0.016816000000018837,-68.92760000000008
0.03921600000000255,-68.81366
0.08401600000001629,-66.77788000000007
0.1400160000000103,-59.68341999999982
0.19601600000000433,-47.253650000000036
0.2520160000000215,-30.088019999999993
0.25761600000000007,-28.09598000000002
0.2688160000000035,-24.046189999999967
0.29121600000001036,-15.738390000000102
0.3360160000000009,0.4542000000000712
0.3920160000000181,18.19689999999996
0.4480160000000121,32.201740000000086
0.5040160000000061,42.45027000000001
0.5600160000000002,49.42610000000003
0.6160160000000173,53.8118700000001
0.6720160000000114,56.30403000000017
0.7280160000000054,57.50751999999992
0.7840160000000226,57.89569999999999
0.8400160000000166,57.810939999999974
0.8960160000000106,57.48489999999995
0.9520160000000046,57.06414000000004
1.0000080000000169,56.693880000000085
1.0056080000000185,56.675320000000085
1.016808000000022,56.63307999999989
1.0392080000000057,56.357189999999946
1.0840080000000194,54.01834999999999
1.1400080000000135,46.59338000000002
1.1960080000000075,33.8962599999999
1.2520080000000013,16.52889000000002
1.2576080000000032,14.520489999999997
1.2688080000000066,10.439129999999963
1.2912080000000135,2.0741800000001476
1.336008000000004,-14.214610000000016
1.3920080000000212,-32.05245000000012
1.4480080000000153,-46.13100000000014
1.5040080000000093,-56.43584999999995
1.5600080000000034,-63.45435999999993
1.6160080000000205,-67.87229999999988
1.6720080000000146,-70.38856999999999
1.7280080000000084,-71.60988000000002
1.7840080000000025,-72.01101999999993
1.8400080000000196,-71.9355399999999
1.8960080000000137,-71.61603999999988
1.9520080000000077,-71.19975000000012
1.990403348955723e-14,-70.83207000000003
0.0056000000000216215,-70.81377999999994
0.016800000000001897,-70.77215999999997
0.03920000000000877,-70.49857999999998
0.08400000000002251,-68.16943999999991
0.14000000000001653,-60.76068000000001
0.19600000000001055,-48.07472999999995
0.25200000000000455,-30.705900000000064
0.25760000000000627,-28.696459999999924
0.2688000000000097,-24.612749999999963
0.2912000000000166,-16.242140000000127
0.3360000000000072,0.05788999999989386
0.3920000000000012,17.905660000000047
0.4480000000000184,31.989430000000098
0.5040000000000123,42.29683000000017
0.5600000000000064,49.31638000000005
0.6160000000000004,53.73450999999996
0.6720000000000176,56.25064999999996
0.7280000000000116,57.47192999999995
0.7840000000000056,57.87334999999993
0.8400000000000228,57.79849999999986
0.8960000000000168,57.47992999999995
0.9520000000000108,57.064819999999905
1.008000000000005,56.63958000000014
1.064000000000022,56.24966999999992
1.120000000000016,55.9148599999999
1.1760000000000101,55.63959000000018
1.232000000000004,55.42028999999982
1.2880000000000214,55.24959000000007
1.3440000000000152,55.119090000000035
1.4000000000000092,55.020669999999996
1.4560000000000033,54.94725000000011
1.5120000000000204,54.89289000000008
1.5680000000000145,54.85293000000002
1.6240000000000085,54.823660000000054
1.6800000000000026,54.80232000000007
1.7360000000000197,54.78678999999986
1.7920000000000138,54.77557000000011
1.8480000000000079,54.76747000000004
1.9040000000000017,54.76168999999986
1.960000000000019,54.75761999999995
1.9999840000000029,54.75552999999999
0.0055840000000046824,54.77868000000008
0.01678400000000812,54.81901000000011
0.03918400000001499,54.70262000000004
0.08398400000000557,52.65681
0.13998400000002276,45.54533999999988
0.19598400000001676,33.10312000000004
0.2519840000000108,15.937260000000064
0.2575840000000125,13.946079999999972
0.26878400000001595,9.898270000000098
0.2911840000000228,1.5953599999998236
0.3359840000000134,-14.587490000000036
0.3919840000000074,-32.321929999999945
0.44798400000000144,-46.32281000000016
0.5039840000000186,-56.569699999999834
0.5599840000000126,-63.54505999999982
0.6159840000000066,-67.93095000000005
0.6719840000000007,-70.42336999999988
0.7279840000000178,-71.62690999999998
0.7839840000000119,-72.01473999999996
0.8399840000000058,-71.92925000000017
0.8959840000000231,-71.60218000000017
0.951984000000017,-71.18011999999996
1.007984000000011,-70.7490799999999
1.0639840000000051,-70.35424000000012
1.1199840000000223,-70.01515999999985
1.1759840000000163,-69.73618000000003
1.2319840000000104,-69.51361
1.2879840000000042,-69.33996999999992
1.3439840000000216,-69.2068400000001
1.3999840000000154,-69.10602999999993
1.4559840000000095,-69.03040999999988
1.5119840000000035,-68.97405
1.5679840000000207,-68.93220999999983
1.6239840000000147,-68.90118000000012
1.6799840000000088,-68.87818000000001
1.7359840000000029,-68.86108000000002
1.79198400000002,-68.84833000000002
1.847984000000014,-68.83879000000005
1.903984000000008,-68.8316
1.959984000000002,-68.82615999999997
2.40000000038765e-05,-68.82309999999991
0.005624000000005594,-68.84615000000016
0.01682400000000903,-68.88639000000008
0.0392240000000159,-68.77102000000002
0.08402400000000648,-66.73275000000012
0.1400240000000005,-59.635679999999965
0.19602400000001768,-47.203749999999985
0.2520240000000117,-30.036329999999943
0.2576240000000134,-28.044139999999995
0.2688240000000168,-23.99403000000011
0.29122400000000054,-15.685640000000056
0.3360240000000143,0.5080200000000534
0.3920240000000083,18.251859999999898
0.4480240000000023,32.25763000000015
0.5040240000000196,42.506889999999856
0.5600240000000135,49.4832999999999
0.6160240000000076,53.869509999999956
0.6720240000000016,56.36202000000012
0.7280240000000188,57.56577000000007
0.7840240000000127,57.954139999999875
0.8400240000000068,57.86952000000012
0.8960240000000008,57.543600000000026
0.952024000000018,57.12293000000002
1.000016000000007,56.75271999999998
1.0056160000000087,56.73415000000004
1.0168160000000122,56.69192000000001
1.039216000000019,56.41604999999994
1.0840160000000096,54.077249999999964
1.1400160000000037,46.65228999999993
1.1960160000000208,33.95508000000014
1.252016000000015,16.587490000000038
1.2576160000000165,14.579059999999977
1.26881600000002,10.497650000000025
1.2912160000000037,2.1325700000001113
1.3360160000000174,-14.156480000000027
1.3920160000000115,-31.994590000000045
1.4480160000000055,-46.073360000000065
1.5040160000000227,-56.37837999999995
1.5600160000000167,-63.39700999999987
1.6160160000000106,-67.81504999999987
1.6720160000000046,-70.33138000000005
1.7280160000000218,-71.55271999999991
1.7840160000000158,-71.95389000000007
1.8400160000000099,-71.8784400000001
1.896016000000004,-71.55895000000001
1.952016000000021,-71.14266999999997
0.008016000000015103,-70.71607000000002
0.06401600000000912,-70.3246500000001
0.12001600000000313,-69.98823999999982
0.17601600000002032,-69.71134
0.23201600000001432,-69.49037999999996
0.2880160000000084,-69.31803999999997
0.3440160000000024,-69.18592999999996
0.4000160000000195,-69.08592999999996
0.4560160000000136,-69.01098000000006
0.5120160000000076,-68.95512999999997
0.5680160000000016,-68.91372000000007
0.6240160000000188,-68.8830199999999
0.6800160000000128,-68.8603000000001
0.7360160000000068,-68.8434200000001
0.7920160000000008,-68.83085000000011
0.848016000000018,-68.82144999999996
0.904016000000012,-68.81439
0.9600160000000061,-68.80902999999994
1.016016,-68.80499000000006
1.0720160000000172,-68.80186999999994
1.1280160000000112,-68.79951000000007
1.1840160000000053,-68.79768000000008
1.2400160000000224,-68.79626999999999
1.2960160000000165,-68.79518999999989
1.3520160000000105,-68.79436000000005
1.4080160000000046,-68.79371999999995
1.4640160000000217,-68.79323999999998
1.5200160000000158,-68.79287999999994
1.5760160000000096,-68.79263000000013
1.6320160000000037,-68.79243999999996
1.6880160000000208,-68.79231999999979
1.7440160000000149,-68.79225
1.800016000000009,-68.79221999999996
1.856016000000003,-68.79221999999996
1.9120160000000201,-68.79225
1.9680160000000142,-68.79228999999998
1.9999920000000164,-68.79232999999996
0.005592000000018037,-68.81576000000011
0.016792000000021474,-68.85676000000007
0.03919200000000518,-68.74278000000001
0.08399200000001893,-66.70691000000018
0.13999200000001294,-59.612290000000016
0.19599200000000697,-47.182390000000126
0.251992000000001,-30.01667999999991
0.2575920000000027,-28.024629999999995
0.26879200000000614,-23.974839999999944
0.291192000000013,-15.667029999999915
0.33599200000000357,0.5255799999999144
0.39199200000002077,18.268330000000166
0.44799200000001477,32.27320000000012
0.5039920000000088,42.52176000000007
0.5599920000000028,49.497629999999845
0.61599200000002,53.883420000000015
0.671992000000014,56.37559999999997
0.7279920000000081,57.57909999999988
0.783992000000002,57.96727000000001
0.8399920000000192,57.882509999999996
0.8959920000000132,57.55647999999991
0.9519920000000073,57.13572
1.0079920000000013,56.70616000000006
1.0639920000000185,56.3129400000002
1.1199920000000125,55.9755500000001
1.1759920000000066,55.69829000000004
1.2319920000000004,55.47743000000005
1.2879920000000178,55.30550000000001
1.3439920000000116,55.174029999999874
1.3999920000000057,55.07485000000001
1.4559920000000228,55.00081999999984
1.5119920000000169,54.94599
1.567992000000011,54.90564000000009
1.623992000000005,54.87606999999994
1.6799920000000221,54.85449000000009
1.7359920000000162,54.838770000000146
1.7919920000000102,54.82739000000003
1.847992000000004,54.81917000000003
1.9039920000000214,54.813299999999956
1.9599920000000153,54.80916000000002
1.9999760000000226,54.80702000000015
0.005576000000001098,54.83017000000001
0.016776000000004534,54.87048999999988
0.0391760000000114,54.75408999999986
0.083976000000002,52.70828999999999
0.13997600000001917,45.59687000000001
0.1959760000000132,33.154740000000075
0.2519760000000072,15.98894999999989
0.2575760000000089,13.99777000000002
0.26877600000001234,9.949980000000025
0.2911760000000192,1.6470900000000732
0.3359760000000098,-14.53571000000009
0.3919760000000038,-32.27007000000004
0.447976000000021,-46.27088000000001
0.503976000000015,-56.51768000000001
0.559976000000009,-63.49300000000002
0.6159760000000031,-67.87884999999983
0.6719760000000202,-70.37123999999983
0.7279760000000143,-71.57474999999991
0.7839760000000082,-71.96256000000001
0.8399760000000023,-71.87706999999999
0.8959760000000194,-71.54998999999984
0.9519760000000135,-71.12793000000006
1.0000240000000205,-70.75597999999994
1.005624000000022,-70.7373
1.0168240000000024,-70.69492999999993
1.0392240000000093,-70.41995000000001
1.084024000000023,-68.08834000000007
1.140024000000017,-60.67699999999987
1.196024000000011,-47.988950000000145
1.252024000000005,-30.61842999999986
1.2576240000000067,-28.608840000000193
1.2688240000000102,-24.52483999999999
1.291224000000017,-16.15370000000005
1.3360240000000076,0.1472899999999111
1.3920240000000017,17.99605999999998
1.4480240000000189,32.080659999999874
1.504024000000013,42.388709999999996
1.5600240000000067,49.408760000000164
1.6160240000000008,53.82729000000008
1.672024000000018,56.34371999999988
1.728024000000012,57.56523000000002
1.784024000000006,57.966810000000144
1.840024,57.89209999999989
1.8960240000000173,57.57361999999988
1.9520240000000113,57.15857000000013
0.008024000000005296,56.73338999999999
0.06402400000002248,56.34351000000004
0.12002400000001649,56.00870000000002
0.1760240000000105,55.73344999999996
0.23202400000000453,55.51415000000004
0.2880240000000217,55.343450000000075
0.3440240000000157,55.212939999999875
0.40002400000000976,55.11451000000012
0.45602400000000376,55.04106999999991
0.5120240000000209,54.98669999999994
0.568024000000015,54.946720000000006
0.624024000000009,54.91743000000015
0.680024000000003,54.89606999999985
0.7360240000000202,54.88052000000021
0.7920240000000142,54.86926999999997
0.8480240000000082,54.86115000000002
0.9040240000000023,54.85534999999997
0.9600240000000194,54.8512699999999
1.0160240000000134,54.848449999999936
1.0720240000000074,54.84657000000004
1.1280240000000015,54.84540999999999
1.1840240000000186,54.844800000000134
1.2400240000000127,54.84460000000002
1.2960240000000067,54.84469999999986
1.3520240000000008,54.84506000000011
1.408024000000018,54.8456100000001
1.4640240000000118,54.84631000000007
1.5200240000000058,54.847129999999964
1.576024000000023,54.84803999999998
1.632024000000017,54.849010000000085
1.688024000000011,54.85006000000014
1.7440240000000051,54.85114000000002
1.8000240000000223,54.85226999999981
1.8560240000000163,54.85343000000009
1.9120240000000104,54.85460000000009
1.9680240000000044,54.855790000000184
6.514047323855093e-15,54.85649000000015
0.005600000000008232,54.88000000000004
0.016800000000011667,54.921049999999916
0.03920000000001854,54.80598999999997
0.08400000000000912,52.76247999999995
0.14000000000000315,45.65324999999998
0.19600000000002032,33.21266000000001
0.2520000000000143,16.047860000000025
0.25760000000001604,14.05675999999989
0.26880000000001947,10.009090000000054
0.2912000000000032,1.7064300000000365
0.33600000000001695,-14.476060000000013
0.39200000000001095,-32.21009999999991
0.44800000000000495,-46.21067000000001
0.5040000000000221,-56.457270000000115
0.5600000000000162,-63.432380000000066
0.6160000000000102,-67.81805000000007
0.6720000000000041,-70.31026000000007
0.7280000000000214,-71.51362000000017
0.7840000000000154,-71.90131000000011
0.8400000000000094,-71.81569999999992
0.8960000000000035,-71.48851
0.9520000000000206,-71.06637000000005
0.9999920000000097,-70.69479000000013
1.0055920000000114,-70.67609000000007
1.0167920000000148,-70.63370000000013
1.0391920000000217,-70.35867000000007
1.0839920000000123,-68.02690999999994
1.1399920000000063,-60.61530999999998
1.1959920000000002,-47.926930000000034
1.2519920000000175,-30.556090000000147
1.2575920000000191,-28.546469999999992
1.2687920000000226,-24.462399999999995
1.2911920000000063,-16.091129999999954
1.33599200000002,0.21009999999987983
1.391992000000014,18.059160000000183
1.4479920000000082,32.14399000000001
1.503992000000002,42.45224000000003
1.5599920000000194,49.47243999999995
1.6159920000000132,53.891070000000155
1.6719920000000073,56.407580000000124
1.7279920000000013,57.62914000000019
1.7839920000000185,58.03074999999991
1.8399920000000125,57.956039999999874
1.8959920000000066,57.637569999999805
1.9519920000000006,57.22252999999999
1.9999840000000126,56.85606999999982
0.005584000000014453,56.837880000000006
0.01678400000001789,56.79637999999998
0.0391840000000016,56.521870000000085
0.08398400000001534,54.185439999999915
0.13998400000000935,46.76279999999999
0.19598400000000338,34.0672500000001
0.2519840000000206,16.700740000000103
0.2575840000000223,14.69239
0.2687840000000025,10.611109999999924
0.29118400000000944,2.2462600000001665
0.33598400000002315,-14.0423999999999
0.39198400000001715,-31.880179999999925
0.4479840000000112,-45.95865999999993
0.5039840000000052,-56.26342000000007
0.5599840000000224,-63.281820000000046
0.6159840000000164,-67.69965
0.6719840000000105,-70.21580000000016
0.7279840000000044,-71.43699999999997
0.7839840000000217,-71.83802999999989
0.8399840000000156,-71.76245999999998
0.8959840000000097,-71.44289000000015
0.9519840000000037,-71.02654000000008
0.9999760000000159,-70.65882
1.0055760000000176,-70.64051000000005
1.016776000000021,-70.59887999999992
1.0391760000000048,-70.32525999999994
1.0839760000000185,-67.99595000000002
1.1399760000000125,-60.58680999999999
1.1959760000000066,-47.90041999999994
1.2519760000000004,-30.53120999999992
1.2575760000000022,-28.521740000000186
1.2687760000000057,-24.437959999999983
1.2911760000000125,-16.06722000000005
1.3359760000000032,0.23305000000006793
1.3919760000000203,18.081129999999888
1.4479760000000144,32.16520000000011
1.5039760000000084,42.47283000000013
1.5599760000000022,49.49256000000002
1.6159760000000196,53.91082999999996
1.6719760000000135,56.4270699999998
1.7279760000000075,57.64840999999987
1.7839760000000016,58.04986000000012
1.8399760000000187,57.975029999999926
1.8959760000000128,57.65644999999986
1.9519760000000068,57.24134000000003
0.0079760000000008,56.816079999999936
0.06397600000001798,56.42614999999984
0.11997600000001199,56.09130000000007
0.17597600000000602,55.81601000000003
0.2319760000000232,55.59667999999984
0.2879760000000172,55.4259399999999
0.3439760000000112,55.29541000000005
0.3999760000000052,55.19695000000002
0.4559760000000224,55.12348999999994
0.5119760000000164,55.06911000000003
0.5679760000000105,55.02910999999999
0.6239760000000045,54.99980000000004
0.6799760000000217,54.97841999999986
0.7359760000000156,54.962869999999995
0.7919760000000097,54.9516000000001
0.8479760000000037,54.94347999999994
0.9039760000000209,54.93766999999994
0.9599760000000149,54.93356000000005
1.0159760000000089,54.930740000000085
1.071976000000003,54.928850000000025
1.12797600000002,54.92768000000004
1.1839760000000141,54.927049999999866
1.2399760000000082,54.92682999999987
1.2959760000000022,54.92692999999993
1.3519760000000194,54.927280000000025
1.4079760000000134,54.92780999999991
1.4639760000000073,54.928510000000095
1.5199760000000013,54.92931000000012
1.5759760000000185,54.9302100000002
1.6319760000000125,54.93117000000014
1.6879760000000066,54.93221000000004
1.7439760000000006,54.933280000000195
1.7999760000000178,54.934409999999986
1.8559760000000118,54.93554
1.911976000000006,54.93671999999994
1.967976000000023,54.93788999999993
0.023976000000017032,54.93909999999991
0.07997600000001105,54.9403100000001
0.13597600000000507,54.941530000000014
0.19197600000002224,54.942759999999865
0.24797600000001627,54.94398999999994
0.3039760000000103,54.94522999999995
0.3599760000000043,54.94646000000003
0.4159760000000215,54.94771000000021
0.4719760000000155,54.948959999999936
0.5279760000000095,54.95020000000017
0.5839760000000035,54.9514499999999
0.6399760000000208,54.95269000000014
0.6959760000000147,54.95393999999987
0.7519760000000087,54.955190000000044
0.8079760000000028,54.95643999999999
0.86397600000002,54.95768999999995
0.919976000000014,54.9589399999999
0.975976000000008,54.960180000000136
1.0000000000000229,54.96071999999997
1.0056000000000016,54.984240000000014
1.016800000000005,55.02529999999983
1.039200000000012,54.91025000000005
1.0840000000000025,52.866800000000104
1.1400000000000197,45.75763999999993
1.1960000000000137,33.31700999999998
1.2520000000000076,16.15203999999992
1.2576000000000094,14.160909999999971
1.2688000000000128,10.113189999999994
1.2912000000000197,1.8103999999998788
1.3360000000000103,-14.372300000000005
1.3920000000000043,-32.10661000000003
1.4480000000000215,-46.10734999999999
1.5040000000000155,-56.354059999999876
1.5600000000000094,-63.32926000000016
1.6160000000000034,-67.7149800000001
1.6720000000000206,-70.20723000000007
1.7280000000000146,-71.41062000000021
1.7840000000000087,-71.79832000000007
1.8400000000000027,-71.71271999999985
1.89600000000002,-71.38555000000002
1.952000000000014,-70.96341000000007
1.9999920000000029,-70.59184000000008
0.005592000000004648,-70.57314000000004
0.01679200000000808,-70.53076000000003
0.03919200000001496,-70.25571000000008
0.08399200000000553,-67.92387999999994
0.1399920000000227,-60.51212000000006
0.19599200000001674,-47.82357999999998
0.25199200000001076,-30.452620000000152
0.2575920000000125,-28.44299000000006
0.2687920000000159,-24.358909999999902
0.29119200000002277,-15.98761999999998
0.33599200000001334,0.31364000000011494
0.3919920000000074,18.162749999999896
0.4479920000000014,32.24767000000006
0.5039920000000185,42.555960000000056
0.5599920000000126,49.57621000000012
0.6159920000000066,53.99487000000014
0.6719920000000006,56.51140999999993
0.7279920000000178,57.732969999999995
0.7839920000000118,58.134590000000095
0.8399920000000058,58.059880000000064
0.895992000000023,57.741409999999995
0.951992000000017,57.32634999999986
0.9999840000000061,56.95988000000018
1.0055840000000078,56.94169999999987
1.0167840000000112,56.90020000000007
1.039184000000018,56.62563000000009
1.0839840000000087,54.288819999999795
1.1399840000000028,46.865829999999995
1.19598400000002,34.170260000000006
1.2519840000000138,16.803710000000027
1.2575840000000156,14.795359999999924
1.268784000000019,10.71405999999997
1.2911840000000028,2.3491799999999508
1.3359840000000165,-13.939580000000173
1.3919840000000105,-31.777409999999897
1.4479840000000046,-45.85590000000006
1.5039840000000217,-56.16065999999997
1.5599840000000158,-63.17905000000002
1.6159840000000096,-67.59687000000002
1.6719840000000037,-70.11301000000003
1.7279840000000208,-71.3341999999999
1.783984000000015,-71.73523999999998
1.839984000000009,-71.65966999999983
1.895984000000003,-71.34009000000007
1.9519840000000201,-70.92374000000001
1.999976000000009,-70.55602999999988
0.005576000000010869,-70.53773000000008
0.016776000000014304,-70.49610000000017
0.03917600000002117,-70.22247000000004
0.08397600000001176,-67.89307999999994
0.13997600000000576,-60.48379999999987
0.19597600000002297,-47.797270000000005
0.25197600000001696,-30.4279799999998
0.2575760000000187,-28.41851000000006
0.2687760000000221,-24.33472999999986
0.2911760000000058,-15.963999999999867
0.3359760000000196,0.3362799999999666
0.3919760000000136,18.184360000000012
0.4479760000000076,32.268460000000054
0.5039760000000016,42.57613000000005
0.5599760000000188,49.59588000000004
0.6159760000000128,54.01415999999992
0.6719760000000068,56.53040999999992
0.7279760000000008,57.75174999999999
0.783976000000018,58.15321000000018
0.839976000000012,58.07837000000005
0.8959760000000061,57.75978999999998
0.9519760000000232,57.34466000000005
1.000024000000007,56.97772000000012
1.0056240000000087,56.95953000000009
1.0168240000000122,56.918040000000005
1.039224000000019,56.64353000000011
1.0840240000000096,54.307160000000025
1.1400240000000035,46.88464999999997
1.1960240000000208,34.18920000000014
1.2520240000000147,16.822670000000038
1.2576240000000165,14.814309999999997
1.26882400000002,10.733020000000204
1.2912240000000037,2.3681199999998626
1.3360240000000174,-13.92064000000004
1.3920240000000115,-31.75847999999992
1.4480240000000053,-45.836989999999965
1.5040240000000227,-56.14176000000004
1.5600240000000165,-63.16014999999986
1.6160240000000106,-67.57796999999988
1.6720240000000046,-70.0941100000001
1.7280240000000218,-71.31529999999997
1.7840240000000158,-71.71632999999989
1.8400240000000099,-71.64075000000003
1.896024000000004,-71.32117999999998
1.952024000000021,-70.90483000000015
0.008024000000015068,-70.47816999999989
0.06402400000000909,-70.08671999999993
0.1200240000000031,-69.75026999999989
0.17602400000002028,-69.47336000000016
0.2320240000000143,-69.25240000000011
0.28802400000000833,-69.08004999999994
0.34402400000000233,-68.94794000000016
0.40002400000001953,-68.84794999999988
0.45602400000001353,-68.7730000000002
0.5120240000000076,-68.71716000000005
0.5680240000000015,-68.67574999999992
0.6240239999999956,-68.64506999999986
0.6800240000000127,-68.6223399999999
0.73602400000003,-68.60548
0.7920240000000008,-68.59291999999995
0.848024000000018,-68.58352000000001
0.9040239999999888,-68.57646000000005
0.960024000000006,-68.57113000000004
1.000008000000013,-68.56813000000005
1.0056079999999918,-68.59119000000003
1.0168079999999953,-68.63145000000004
1.0392080000000021,-68.51607999999997
1.0840080000000158,-66.47768999999992
1.140008000000033,-59.38032999999998
1.1960080000000037,-46.94814000000002
1.252008000000021,-29.780640000000027
1.2576079999999996,-27.788450000000076
1.268808000000003,-23.73836000000007
1.29120800000001,-15.430019999999933
1.3360080000000236,0.763540000000118
1.3920079999999944,18.507300000000004
1.4480080000000117,32.51303999999999
1.5040080000000289,42.76229999999992
1.5600079999999996,49.73872000000013
1.6160080000000168,54.124930000000184
1.6720080000000341,56.61744000000013
1.7280080000000049,57.82117999999991
1.784008000000022,58.209540000000004
1.840007999999993,58.124920000000024
1.8960080000000101,57.7989699999999
1.9520080000000273,57.378269999999844
1.9999999999999931,57.00805000000009
0.005600000000018003,56.98949000000009
0.01680000000002144,56.94726000000006
0.03920000000002831,56.67138999999999
0.08399999999999573,54.33269000000007
0.14000000000001292,46.90791999999999
0.1960000000000301,34.21078
0.25200000000000095,16.84302999999998
0.2576000000000258,14.834570000000102
0.26880000000002924,10.753070000000031
0.2911999999999898,2.3878299999999797
0.3360000000000036,-13.90151999999989
0.3920000000000207,-31.739920000000144
0.44799999999999157,-45.818859999999795
0.5040000000000088,-56.12397000000002
0.5600000000000259,-63.142650000000074
0.6159999999999968,-67.56070999999997
0.6720000000000139,-70.07703999999993
0.7280000000000312,-71.29841000000003
0.784000000000002,-71.69957999999998
0.8400000000000192,-71.62413000000001
0.89599999999999,-71.30465000000008
0.9520000000000072,-70.88839000000013
0.9999920000000194,-70.52072999999992
1.005591999999998,-70.50243000000012
1.0167920000000015,-70.46081999999987
1.0391920000000083,-70.18721000000005
1.083992000000022,-67.85786999999988
1.1399919999999928,-60.448679999999925
1.19599200000001,-47.76230000000004
1.2519920000000273,-30.39327000000003
1.2575920000000058,-28.38381000000001
1.2687920000000092,-24.300109999999986
1.291192000000016,-15.92949999999993
1.3359920000000298,0.37050999999999057
1.3919920000000008,18.21830000000002
1.447992000000018,32.302150000000026
1.503992000000035,42.60962999999984
1.5599920000000058,49.629250000000184
1.615992000000023,54.047430000000006
1.671991999999994,56.56360999999998
1.727992000000011,57.784909999999854
1.7839920000000282,58.18634
1.8399919999999992,58.111470000000054
1.8959920000000163,57.792880000000046
1.9519920000000335,57.37773999999995
0.00799200000000435,56.95248000000008
0.06399200000002153,56.56253999999983
0.11999199999999238,56.22768000000011
0.17599200000000956,55.95236999999997
0.23199200000002673,55.73303000000007
0.2879919999999976,55.562290000000125
0.3439920000000148,55.431749999999894
0.39999200000003193,55.33329000000009
0.4559920000000028,55.25981999999985
0.51199200000002,55.20543999999994
0.5679919999999908,55.16542999999996
0.623992000000008,55.13612000000001
0.6799920000000252,55.114740000000054
0.7359919999999961,55.099180000000025
0.7919920000000132,55.08791000000013
0.8479920000000304,55.07976999999986
0.9039920000000012,55.073960000000085
0.9599920000000185,55.06985999999991
0.9999760000000256,55.06773999999992
1.0055760000000042,55.09089
1.0167760000000077,55.131220000000035
1.0391760000000145,55.01484000000012
1.0839760000000283,52.9691699999999
1.139975999999999,45.85791999999999
1.1959760000000164,33.41576999999995
1.2519760000000335,16.249699999999923
1.257576000000012,14.258470000000134
1.2687760000000154,10.210570000000141
1.2911760000000223,1.9074500000000327
1.3359759999999896,-14.27580000000006
1.391976000000007,-32.01060999999994
1.4479760000000241,-46.01171000000015
1.5039759999999949,-56.25871999999998
1.559976000000012,-63.23417000000009
1.6159760000000294,-67.62011000000001
1.6719760000000001,-70.11254999999994
1.7279760000000173,-71.31611999999987
1.7839760000000344,-71.70395000000008
1.8399760000000054,-71.61848999999987
1.8959760000000225,-71.29143000000005
1.9519759999999935,-70.86939000000014
0.007976000000010572,-70.43837000000019
0.06397600000002775,-70.04357000000016
0.11997599999999861,-69.70451999999993
0.1759760000000158,-69.4255800000001
0.23197600000003296,-69.2030400000001
0.28797600000000384,-69.02943000000006
0.343976000000021,-68.89634
0.39997599999999184,-68.7955600000001
0.45597600000000904,-68.71998000000002
0.5119760000000262,-68.66364000000003
0.567975999999997,-68.6218300000001
0.6239760000000143,-68.59083
0.6799760000000314,-68.56785999999992
0.7359760000000023,-68.55078999999998
0.7919760000000194,-68.53807
0.8479759999999903,-68.52853999999996
0.9039760000000074,-68.52137999999997
0.9599760000000247,-68.51596000000004
1.0159759999999955,-68.51185000000015
1.0719760000000127,-68.50869999999998
1.1279760000000298,-68.50629999999991
1.1839760000000008,-68.50446
1.239976000000018,-68.50303999999996
1.295976000000035,-68.50194999999992
1.351976000000006,-68.50112000000009
1.4079760000000232,-68.50049000000014
1.463975999999994,-68.50000999999995
1.519976000000011,-68.49965000000013
1.5759760000000282,-68.49941000000004
1.6319759999999992,-68.49923999999996
1.6879760000000164,-68.49913000000018
1.7439760000000335,-68.4990700000001
1.7999760000000045,-68.49905000000001
1.8559760000000216,-68.4990700000001
1.9119759999999923,-68.49911000000009
1.9679760000000097,-68.49916999999994
0.023976000000026802,-68.4992499999999
0.07997599999999766,-68.49935000000018
0.13597600000001484,-68.49945999999996
0.191976000000032,-68.49957000000018
0.24797600000000286,-68.49969000000011
0.30397600000002006,-68.49980999999983
0.3599759999999909,-68.49994999999987
0.41597600000000806,-68.50008000000018
0.47197600000002526,-68.50022999999995
0.5279759999999961,-68.50036999999998
0.5839760000000133,-68.50051999999995
0.6399760000000305,-68.50066
0.6959760000000014,-68.5008199999999
0.7519760000000185,-68.50095
0.8079759999999894,-68.50111000000014
0.8639760000000065,-68.5012599999999
0.9199760000000238,-68.50142000000004
0.9759759999999946,-68.50157000000002
1.0319760000000118,-68.50171999999999
1.087976000000029,-68.50186999999997
1.1439759999999999,-68.50202999999988
1.199976000000017,-68.50219000000001
1.2559760000000342,-68.50233999999999
1.311976000000005,-68.50249999999991
1.3679760000000223,-68.50265999999982
1.423975999999993,-68.50281000000003
1.4799760000000102,-68.50296999999995
1.5359760000000273,-68.50313000000008
1.5919759999999983,-68.50328999999999
1.6479760000000154,-68.50343999999997
1.7039760000000326,-68.5036000000001
1.7599760000000035,-68.50376000000003
1.8159760000000207,-68.50392000000016
1.8719759999999914,-68.50407999999986
1.9279760000000086,-68.50424
1.983976000000026,-68.50440000000013
0.03997599999999671,-68.50456000000005
0.09597600000001388,-68.50471999999996
0.15197600000003106,-68.50489000000005
0.2079760000000019,-68.50504000000002
0.2639760000000191,-68.50521000000009
0.31997599999998994,-68.50537000000001
0.37597600000000714,-68.50553999999987
0.43197600000002434,-68.50569000000006
0.4879759999999952,-68.50586000000014
0.5439760000000123,-68.50602000000006
0.5999760000000295,-68.50617999999997
0.6559760000000003,-68.50635000000005
0.7119760000000176,-68.50652000000012
0.7679760000000347,-68.50668000000005
0.8239760000000056,-68.50684000000018
0.8799760000000227,-68.50701000000004
0.9359759999999936,-68.50717999999989
0.9919760000000108,-68.50734000000003
0.9999840000000159,-68.50736000000013
1.0055839999999943,-68.5308
1.016783999999998,-68.57181999999983
1.0391840000000048,-68.45778000000013
1.0839840000000185,-66.42151000000007
1.1399839999999892,-59.32643999999998
1.1959840000000064,-46.896390000000125
1.2519840000000235,-29.730880000000013
1.2575840000000023,-27.738870000000084
1.2687840000000057,-23.689179999999865
1.2911840000000125,-15.381569999999956
1.3359840000000263,0.8106300000001454
1.391983999999997,18.55291999999986
1.4479840000000144,32.55746999999998
1.5039840000000315,42.80578000000013
1.5599840000000023,49.781470000000105
1.6159840000000194,54.16713999999989
1.6719839999999904,56.65922999999995
1.7279840000000075,57.86267000000001
1.7839840000000247,58.250779999999835
1.8399839999999956,58.16598000000006
1.8959840000000128,57.839909999999996
1.95198400000003,57.4191100000001
1.9999759999999958,57.04882000000011
0.005576000000020641,57.030259999999885
0.016776000000024077,56.988009999999974
0.03917600000003095,56.71212999999997
0.08397599999999837,54.373459999999874
0.13997600000001553,46.94881999999989
0.19597600000003274,34.25190999999983
0.2519760000000036,16.88445999999999
0.25757600000002845,14.876029999999929
0.2687760000000319,10.794610000000038
0.29117599999999244,2.4294999999998623
0.3359760000000062,-13.859559999999993
0.39197600000002336,-31.697609999999933
0.4479759999999942,-45.77622999999997
0.5039760000000114,-56.081089999999946
0.5599760000000286,-63.099580000000046
0.6159759999999994,-67.51750000000013
0.6719760000000166,-70.03373999999995
0.7279760000000338,-71.25502999999989
0.7839760000000047,-71.65616000000009
0.8399760000000218,-71.58069
0.8959759999999927,-71.26120000000013
0.9519760000000098,-70.84491999999986
1.007976000000027,-70.41833000000008
1.0639759999999978,-70.02695000000014
1.1199760000000152,-69.69057000000012
1.1759760000000323,-69.41370999999985
1.231976000000003,-69.19279999999995
1.2879760000000202,-69.02049999999993
1.3439759999999912,-68.88844000000005
1.3999760000000083,-68.78848999999998
1.4559760000000255,-68.71356999999989
1.5119759999999964,-68.65778000000012
1.5679760000000136,-68.61640999999996
1.6239760000000307,-68.58575999999994
1.6799760000000015,-68.56308000000011
1.7359760000000188,-68.54623999999987
1.7919759999999896,-68.53372999999996
1.8479760000000067,-68.52436000000006
1.9039760000000239,-68.51732999999993
1.9599759999999948,-68.51202999999995
1.6000000019834495e-05,-68.50906
0.005615999999998391,-68.53211000000003
0.016816000000001826,-68.57237999999998
0.039216000000008695,-68.45701000000015
0.08401600000002245,-66.41864999999991
0.14001599999999328,-59.32136000000021
0.1960160000000105,-46.88935000000005
0.25201600000002766,-29.722180000000044
0.25761600000000623,-27.73001999999991
0.26881600000000966,-23.680029999999963
0.2912160000000165,-15.371859999999904
0.33601600000003023,0.8213400000001148
0.39201600000000114,18.564699999999988
0.4480160000000183,32.57008999999989
0.5040159999999891,42.8191
0.5600160000000063,49.79533000000003
0.6160160000000235,54.181400000000046
0.6720159999999944,56.67380999999993
0.7280160000000115,57.877509999999965
0.7840160000000287,58.26581999999991
0.8400159999999995,58.181160000000176
0.8960160000000168,57.85520000000011
0.952016000000034,57.43447999999995
1.0080160000000047,57.00496
1.064016000000022,56.61176000000001
1.1200159999999928,56.274380000000065
1.17601600000001,55.99712000000001
1.232016000000027,55.77625000000008
1.288015999999998,55.604300000000165
1.3440160000000152,55.472809999999924
1.4000160000000323,55.373610000000184
1.4560160000000033,55.299549999999975
1.5120160000000205,55.24470000000004
1.5680159999999912,55.20431999999986
1.6240160000000086,55.1747199999999
1.6800160000000257,55.153110000000005
1.7360159999999965,55.13736999999996
1.7920160000000136,55.12595000000009
1.8480160000000307,55.11770999999999
1.9040160000000017,55.11181000000009
1.9600160000000189,55.107640000000124
2.6056189295420372e-14,55.10549000000009
0.005600000000004613,55.128630000000015
0.016800000000008048,55.16895000000011
0.03920000000001492,55.05256999999997
0.08400000000002866,53.006909999999905
0.1399999999999995,45.8957499999999
0.1960000000000167,33.4537800000001
0.25200000000003386,16.287900000000022
0.25760000000001243,14.296690000000112
0.26880000000001586,10.248840000000037
0.2912000000000227,1.9458100000000478
0.33599999999999014,-14.23725000000009
0.39200000000000734,-31.971830000000033
0.4480000000000245,-45.972740000000066
0.5039999999999953,-56.21958000000005
0.5600000000000126,-63.194900000000054
0.6160000000000297,-67.58075000000008
0.6720000000000006,-70.07313999999987
0.7280000000000177,-71.27664999999995
0.7840000000000349,-71.66446999999998
0.8400000000000057,-71.57898999999989
0.896000000000023,-71.25191999999991
0.9519999999999939,-70.82988000000002
0.999992000000006,-70.4583700000001
1.005592000000031,-70.43968999999994
1.0167920000000343,-70.39730999999993
1.0391919999999948,-70.12229000000004
1.0839920000000085,-67.79047000000004
1.1399920000000259,-60.378739999999986
1.1959919999999966,-47.69039000000008
1.2519920000000138,-30.319819999999886
1.2575919999999923,-28.31024999999987
1.268791999999996,-24.22627999999993
1.2911920000000028,-15.85522000000017
1.3359920000000165,0.4455699999998952
1.3919920000000336,18.29415000000001
1.4479920000000044,32.378640000000125
1.5039920000000215,42.68664000000011
1.5599919999999925,49.706639999999915
1.6159920000000096,54.125150000000176
1.6719920000000268,56.64157000000003
1.7279919999999978,57.863060000000075
1.783992000000015,58.26463000000004
1.839992000000032,58.18988999999996
1.895992000000003,57.871390000000076
1.9519920000000202,57.456330000000165
0.00799199999999096,57.03110000000011
0.06399200000000814,56.641200000000055
0.11999200000002531,56.30636999999994
0.17599199999999618,56.03106999999996
0.23199200000001335,55.81174999999994
0.28799200000003056,55.64099999999983
0.3439920000000014,55.51046999999998
0.39999200000001855,55.41200000000002
0.4559919999999894,55.33853
0.5119920000000066,55.28412999999999
0.5679920000000238,55.24412000000001
0.6239919999999947,55.21481000000006
0.6799920000000118,55.19341999999994
0.735992000000029,55.17784000000003
0.7919919999999998,55.166559999999976
0.8479920000000171,55.15842000000015
0.9039920000000342,55.15259999999999
0.9599920000000051,55.14847
0.9999760000000122,55.14635000000001
1.0055759999999907,55.16950000000009
1.0167759999999941,55.209830000000125
1.039176000000001,55.09344999999999
1.083976000000015,53.04781000000003
1.139976000000032,45.93663999999986
1.1959760000000028,33.494560000000064
1.25197600000002,16.32848000000009
1.2575759999999987,14.337250000000079
1.2687760000000021,10.289340000000147
1.291176000000009,1.98620000000016
1.3359760000000227,-14.197100000000074
1.3919759999999934,-31.93193000000005
1.4479760000000106,-45.933050000000144
1.503976000000028,-56.18005000000004
1.5599759999999987,-63.15548999999998
1.6159760000000158,-67.5414299999999
1.671976000000033,-70.03387000000005
1.727976000000004,-71.23742999999982
1.783976000000021,-71.6252799999999
1.839975999999992,-71.53980999999999
1.8959760000000092,-71.21275000000016
1.9519760000000264,-70.79073000000014
2.4000000010028654e-05,-70.41880000000012
0.0056240000000349075,-70.40011999999996
0.016823999999992022,-70.35774999999988
0.03922399999999889,-70.08275000000009
0.08402400000001263,-67.7509300000001
0.14002400000002982,-60.33916000000006
0.19602400000000067,-47.650729999999974
0.25202400000001784,-30.280059999999942
0.2576239999999964,-28.270479999999985
0.26882399999999984,-24.18649999999989
0.2912240000000067,-15.815389999999985
0.3360240000000205,0.4854800000000381
0.3920239999999913,18.33418000000009
0.44802400000000847,32.418779999999984
0.5040240000000257,42.726849999999985
0.5600239999999965,49.74693000000019
0.6160240000000137,54.16547999999999
0.6720240000000309,56.68193999999982
0.7280240000000018,57.90344000000003
0.7840240000000189,58.30503000000009
0.8400239999999898,58.23029000000002
0.8960240000000069,57.91180000000007
0.9520240000000241,57.49673
1.008023999999995,57.071500000000164
1.064024000000012,56.68158000000001
1.1200240000000294,56.346739999999954
1.1760240000000002,56.07144999999991
1.2320240000000173,55.85211000000001
1.2880240000000345,55.68135000000019
1.3440240000000054,55.55081000000017
1.4000240000000226,55.452329999999826
1.4560239999999935,55.37886000000003
1.5120240000000107,55.32444999999986
1.5680240000000278,55.284430000000164
1.6240239999999986,55.25509999999989
1.6800240000000157,55.23369000000011
1.736024000000033,55.21810999999999
1.7920240000000038,55.206829999999925
1.848024000000021,55.19867000000001
1.904023999999992,55.19283999999991
1.960024000000009,55.18869999999998
8.000000016250349e-06,55.186570000000046
0.005607999999994807,55.20972000000013
0.016807999999998244,55.25004999999994
0.039208000000005114,55.13367000000002
0.08400800000001886,53.08804000000001
0.14000799999998972,45.97687000000006
0.1960080000000069,33.5347399999999
0.25200800000002405,16.368560000000087
0.2576080000000026,14.377319999999916
0.26880800000000604,10.329379999999944
0.29120800000001296,2.026190000000039
0.3360080000000267,-14.15722999999991
0.3920079999999975,-31.892189999999985
0.44800800000001473,-45.89339999999997
0.5040080000000319,-56.14046999999989
0.5600080000000027,-63.11595999999997
0.6160080000000199,-67.50192999999993
0.6720079999999907,-69.99440000000013
0.728008000000008,-71.19797000000005
0.7840080000000251,-71.58581999999991
0.840007999999996,-71.50037000000009
0.8960080000000131,-71.17331999999999
0.9520080000000304,-70.75129000000003
0.9999999999999962,-70.37979000000006
1.0056000000000211,-70.36109999999995
1.0168000000000246,-70.3187300000001
1.0392000000000314,-70.04370000000004
1.0839999999999987,-67.71181999999997
1.140000000000016,-60.299919999999844
1.1960000000000333,-47.61134
1.252000000000004,-30.240570000000133
1.257600000000029,-28.230980000000017
1.2688000000000323,-24.146980000000042
1.2911999999999928,-15.775840000000096
1.3360000000000065,0.5251000000001671
1.3920000000000239,18.373870000000014
1.4479999999999946,32.45852999999998
1.5040000000000118,42.766660000000066
1.560000000000029,49.786790000000195
1.6159999999999999,54.20537000000003
1.672000000000017,56.7218399999998
1.7280000000000342,57.94337000000005
1.7840000000000051,58.34495999999989
1.8400000000000223,58.27022999999998
1.895999999999993,57.95173000000009
1.9520000000000104,57.53667000000018
1.9999920000000224,57.17017000000002
0.0055920000000010284,57.151990000000154
0.016792000000004463,57.11049000000013
0.039192000000011336,56.835990000000166
0.08399200000002507,54.4997100000002
0.13999199999999593,47.077339999999964
0.1959920000000131,34.381969999999875
0.2519920000000303,17.015360000000037
0.25759200000000887,15.006979999999892
0.2687920000000123,10.925639999999959
0.29119200000001916,2.560649999999942
0.3359920000000329,-13.728300000000138
0.3919920000000037,-31.566299999999934
0.44799200000002093,-45.64487000000006
0.5039919999999918,-55.949669999999955
0.5599920000000089,-62.968059999999994
0.6159920000000262,-67.3859000000001
0.671991999999997,-69.90202000000001
0.7279920000000142,-71.12320999999989
0.7839920000000313,-71.52424999999995
0.8399920000000022,-71.44868000000004
0.8959920000000194,-71.12911
0.9519919999999903,-70.71278000000004
1.0079920000000073,-70.28612999999994
1.0639920000000247,-69.89471000000003
1.1199919999999954,-69.5582899999998
1.1759920000000126,-69.28139999999993
1.2319920000000297,-69.06045000000005
1.2879920000000007,-68.88812999999993
1.3439920000000178,-68.75604999999996
1.399992000000035,-68.65608
1.455992000000006,-68.58114999999998
1.511992000000023,-68.5253400000001
1.5679919999999938,-68.48394999999985
1.6239920000000112,-68.45329000000011
1.6799920000000284,-68.43058999999995
1.735991999999999,-68.41374
1.7919920000000162,-68.40120000000005
1.8479920000000334,-68.39183000000016
1.9039920000000043,-68.38479000000008
1.9599920000000215,-68.37947
1.9999760000000286,-68.3764899999999
0.0055760000000072505,-68.39955000000009
0.016776000000010685,-68.43981000000011
0.03917600000001756,-68.32441999999995
0.0839760000000313,-66.2859200000001
0.13997600000000215,-59.188349999999886
0.19597600000001933,-46.75600000000002
0.2519759999999902,-29.588509999999957
0.25757600000001507,-27.596329999999945
0.2687760000000185,-23.54626999999998
0.29117600000002536,-15.237999999999863
0.3359759999999928,0.9554200000001511
0.39197600000001,18.69904
0.44797600000002713,32.70469000000009
0.503975999999998,42.95388999999994
0.5599760000000152,49.93026999999994
0.6159760000000324,54.3164599999999
0.6719760000000032,56.808950000000195
0.7279760000000204,58.01268999999998
0.7839759999999912,58.40102999999996
0.8399760000000084,58.316400000000044
0.8959760000000256,57.99043000000004
0.9519759999999965,57.569719999999826
1.0000240000000264,57.199049999999914
1.005624000000005,57.18050000000008
1.0168240000000084,57.13826000000011
1.0392240000000155,56.8624299999998
1.0840240000000292,54.52386999999992
1.140024,47.099320000000056
1.196024000000017,34.402339999999974
1.2520240000000342,17.03458000000002
1.257624000000013,15.026109999999981
1.2688240000000164,10.944590000000032
1.2912240000000232,2.5792700000000224
1.3360239999999906,-13.710209999999945
1.3920240000000077,-31.548719999999975
1.4480240000000248,-45.62768999999989
1.5040239999999958,-55.93280999999983
1.560024000000013,-62.95147999999995
1.61602400000003,-67.36953000000013
1.672024000000001,-69.88586000000008
1.7280240000000182,-71.1072100000001
1.7840240000000354,-71.50836999999987
1.8400240000000063,-71.43292000000012
1.8960240000000235,-71.11344999999992
1.9520239999999942,-70.69719999999991
0.008024000000011449,-70.2706099999999
0.06402400000002863,-69.87924999999984
0.12002399999999948,-69.54287000000004
0.17602400000001667,-69.26602000000015
0.23202400000003384,-69.0451099999998
0.2880240000000047,-68.8728300000001
0.34402400000002187,-68.74075999999985
0.4000239999999927,-68.64081
0.4560240000000099,-68.56591999999995
0.5120240000000271,-68.51011000000007
0.568023999999998,-68.46873999999991
0.6240240000000151,-68.43809000000012
0.6800240000000323,-68.41541000000007
0.7360240000000031,-68.39856999999982
0.7920240000000204,-68.38604999999998
0.8480239999999912,-68.3766899999998
0.9040240000000084,-68.36966000000011
0.9600240000000255,-68.36435000000019
1.0160239999999965,-68.36032999999998
1.0720240000000136,-68.35727000000014
1.1280240000000308,-68.35492999999992
1.1840240000000015,-68.35314000000014
1.2400240000000189,-68.35177999999998
1.2960239999999896,-68.35071999999998
1.3520240000000068,-68.34993000000011
1.408024000000024,-68.34932999999998
1.4640239999999949,-68.34889999999993
1.520024000000012,-68.34857000000017
1.5760240000000292,-68.34835999999989
1.6320240000000001,-68.34819999999996
1.6880240000000173,-68.34812000000001
1.7440240000000344,-68.34808000000004
1.8000240000000054,-68.34808000000004
1.8560240000000225,-68.34812000000001
1.9120239999999933,-68.34819000000003
1.9680240000000104,-68.34826999999999
0.02402400000002768,-68.34837000000005
0.08002399999999854,-68.34848000000005
0.13602400000001572,-68.3486000000002
0.1920240000000329,-68.34874000000002
0.24802400000000374,-68.34888000000005
0.30402400000002094,-68.34901999999987
0.3600239999999918,-68.34917999999979
0.41602400000000894,-68.34932999999998
0.47202400000002614,-68.3494899999999
0.5280239999999969,-68.34965999999997
0.5840240000000142,-68.3498199999999
0.6400240000000313,-68.34998000000003
0.6960240000000022,-68.35015999999983
0.7520240000000193,-68.35031999999997
0.8080239999999902,-68.35049999999998
0.8640240000000075,-68.35065999999989
0.9200240000000246,-68.35082999999997
0.9760239999999955,-68.35100999999999
1.0320240000000127,-68.35118000000007
1.0880240000000299,-68.35135000000014
1.1440240000000006,-68.35152
1.2000240000000177,-68.35168999999985
1.2560240000000351,-68.35185999999993
1.3120240000000059,-68.35204000000017
1.368024000000023,-68.35221000000003
1.424023999999994,-68.35239000000004
1.480024000000011,-68.35256000000012
1.5360240000000283,-68.35273999999991
1.5920239999999992,-68.35291
1.6480240000000164,-68.35308000000006
1.7040240000000335,-68.35326000000008
1.7600240000000043,-68.35344000000009
1.8160240000000216,-68.35362000000012
1.8720239999999924,-68.35378999999998
1.9280240000000095,-68.35396999999999
1.9840240000000267,-68.35415
0.04002399999999759,-68.35433000000002
0.09602400000001476,-68.35451000000003
0.15202400000003194,-68.35468000000012
0.2080240000000028,-68.3548599999999
0.26402400000001996,-68.35502999999999
0.3200239999999908,-68.35521999999995
0.376024000000008,-68.35539999999996
0.43202400000002517,-68.35557000000003
0.48802399999999607,-68.35575999999999
0.5440240000000133,-68.35593000000006
0.6000240000000304,-68.35611000000009
0.6560240000000013,-68.3562900000001
0.7120240000000184,-68.35648000000005
0.7680239999999893,-68.3566499999999
0.8240240000000064,-68.35683999999986
0.8800240000000237,-68.35701999999988
0.9360239999999945,-68.35720000000012
0.9920240000000117,-68.35738000000013
0.9999759999999989,-68.35741000000017
1.0055760000000238,-68.38085000000005
1.0167760000000272,-68.42185999999995
1.039176000000034,-68.30779999999992
1.0839760000000014,-66.27146000000006
1.1399760000000185,-59.17621999999989
1.1959759999999895,-46.746069999999975
1.2519760000000066,-29.58058999999991
1.2575760000000316,-27.588600000000074
1.268776000000035,-23.53892000000002
1.2911759999999954,-15.231390000000067
1.3359760000000092,0.960679999999936
1.3919760000000265,18.70284
1.4479759999999973,32.70729000000006
1.5039760000000144,42.955549999999846
1.5599760000000316,49.93119999999984
1.6159760000000025,54.316839999999814
1.6719760000000197,56.80890999999999
1.7279759999999906,58.01232999999995
1.7839760000000078,58.400439999999996
1.839976000000025,58.31563000000006
1.8959759999999957,57.98954000000012
1.951976000000013,57.56871999999991
0.007976000000030114,57.139110000000045
0.06397600000000098,56.74584999999999
0.11997600000001815,56.40840999999996
0.17597600000003533,56.13110999999993
0.23197600000000618,55.910210000000184
0.2879760000000234,55.73823
0.34397599999999423,55.60673000000005
0.3999760000000114,55.50750000000004
0.4559760000000286,55.433439999999834
0.5119759999999994,55.37857000000002
0.5679760000000166,55.33818999999984
0.6239760000000338,55.30857999999994
0.6799760000000047,55.286979999999986
0.7359760000000218,55.27123
0.7919759999999927,55.25981000000013
0.8479760000000098,55.25157000000003
0.903976000000027,55.24567000000013
0.9599759999999979,55.241499999999945
1.0000160000000229,55.23933000000003
1.0056160000000014,55.26248000000011
1.0168160000000048,55.30279999999998
1.0392160000000117,55.18643000000001
1.0840160000000256,53.14086000000007
1.1400159999999964,46.02987000000014
1.1960160000000135,33.58803999999993
1.2520160000000307,16.42223000000009
1.2576160000000094,14.43103999999984
1.2688160000000128,10.383169999999886
1.2912160000000197,2.080140000000119
1.3360160000000334,-14.102939999999897
1.3920160000000041,-31.837499999999963
1.4480160000000213,-45.83834999999992
1.5040159999999922,-56.085129999999815
1.5600160000000094,-63.06040000000013
1.6160160000000265,-67.4462
1.6720159999999975,-69.93855999999998
1.7280160000000147,-71.14204999999995
1.7840160000000318,-71.52986999999999
1.8400160000000028,-71.44437000000003
1.89601600000002,-71.11730000000006
1.9520159999999906,-70.69528000000003
8.000000002860364e-06,-70.32378000000006
0.005608000000027739,-70.30508999999996
0.016808000000031176,-70.26270999999996
0.03920799999999172,-69.98768000000011
0.08400800000000547,-67.65580000000004
0.14000800000002264,-60.24395000000005
0.1960079999999935,-47.555530000000125
0.25200800000001067,-30.185050000000047
0.25760800000003553,-28.17548000000003
0.26880799999999266,-24.091560000000012
0.2912079999999995,-15.720579999999984
0.3360080000000133,0.5800300000000647
0.39200800000003044,18.42843999999988
0.4480080000000013,32.51278999999996
0.5040080000000186,42.820690000000106
0.5600079999999894,49.84063999999999
0.6160080000000066,54.25908999999996
0.6720080000000237,56.77548999999993
0.7280079999999945,57.99695999999987
0.7840080000000117,58.39850999999996
0.840008000000029,58.32375999999995
0.8960079999999998,58.0052299999998
0.952008000000017,57.59015000000001
1.0080080000000342,57.16491000000001
1.064008000000005,56.77499000000008
1.120008000000022,56.440150000000024
1.176007999999993,56.164850000000044
1.2320080000000102,55.94550999999992
1.2880080000000274,55.77474999999987
1.3440079999999983,55.64420000000014
1.4000080000000155,55.54572000000002
1.4560080000000326,55.47225
1.5120080000000033,55.417840000000055
1.5680080000000207,55.377819999999915
1.6240079999999915,55.34849000000008
1.6800080000000086,55.32709000000003
1.7360080000000258,55.31151000000012
1.7920079999999967,55.300220000000124
1.8480080000000139,55.29206999999992
1.904008000000031,55.28624000000004
1.960008000000002,55.28211000000005
1.999992000000009,55.279969999999956
0.005592000000033961,55.30312999999998
0.016791999999991074,55.343450000000075
0.039191999999997944,55.22709000000003
0.08399200000001168,53.18151999999987
0.13999200000002887,46.070480000000025
0.19599199999999972,33.62851
0.2519920000000169,16.462430000000026
0.25759199999999544,14.471209999999957
0.2687919999999989,10.423279999999924
0.2911920000000058,2.120099999999958
0.3359920000000195,-14.063270000000072
0.39199199999999035,-31.79814999999997
0.44799200000000755,-45.79927000000006
0.5039920000000248,-56.04626000000002
0.5599919999999956,-63.021669999999915
0.6159920000000128,-67.40758999999996
0.6719920000000299,-69.90001999999996
0.7279920000000007,-71.10357999999994
0.783992000000018,-71.49141999999986
0.8399920000000352,-71.4059600000001
0.895992000000006,-71.07889999999983
0.9519920000000232,-70.65688000000003
1.007991999999994,-70.22589000000012
1.0639920000000112,-69.83110999999997
1.1199920000000283,-69.49208999999979
1.1759919999999993,-69.21317999999998
1.2319920000000164,-68.99064999999993
1.2879920000000336,-68.81708000000009
1.3439920000000045,-68.68402000000006
1.3999920000000217,-68.58326000000004
1.4559919999999924,-68.50772000000016
1.5119920000000098,-68.45140000000005
1.567992000000027,-68.40962000000017
1.6239919999999977,-68.37864999999988
1.6799920000000148,-68.35570000000013
1.7359920000000322,-68.33864000000011
1.791992000000003,-68.32594999999996
1.84799200000002,-68.31644999999997
1.903991999999991,-68.30931000000007
1.9599920000000082,-68.30392000000019
1.9999760000000153,-68.30089000000017
0.00557599999999386,-68.32393999999996
0.016775999999997297,-68.36419000000005
0.039176000000004166,-68.24877000000006
0.08397600000001791,-66.2102
0.1399760000000351,-59.1124999999999
0.19597600000000595,-46.68008000000001
0.2519760000000231,-29.51258000000001
0.2575760000000017,-27.52040999999994
0.2687760000000051,-23.470370000000074
0.291176000000012,-15.162120000000057
0.33597600000002575,1.0312299999999386
0.3919759999999966,18.774789999999932
0.44797600000001375,32.780379999999944
0.503976000000031,43.02954999999997
0.5599760000000018,50.00590999999987
0.615976000000019,54.3920899999999
0.6719759999999898,56.8845699999998
0.7279760000000071,58.08829000000016
0.7839760000000242,58.476629999999915
0.8399759999999951,58.39198000000012
0.8959760000000122,58.06602000000005
0.9519760000000294,57.64528999999996
1.0000240000000131,57.274609999999896
1.0056239999999916,57.25604999999989
1.016823999999995,57.213820000000084
1.039224000000002,56.93798999999999
1.0840240000000156,54.59945999999994
1.1400240000000328,47.17499000000003
1.1960240000000038,34.47807000000003
1.252024000000021,17.110310000000073
1.2576239999999994,15.101819999999933
1.2688240000000028,11.020299999999983
1.2912240000000097,2.654960000000095
1.3360240000000236,-13.634570000000013
1.3920239999999944,-31.47310999999986
1.4480240000000115,-45.552090000000156
1.5040240000000287,-55.85719999999994
1.5600239999999996,-62.87586000000012
1.6160240000000168,-67.29389999999991
1.672024000000034,-69.81021999999993
1.728024000000005,-71.03156999999993
1.784024000000022,-71.43273999999988
1.8400239999999928,-71.35727999999997
1.89602400000001,-71.03780999999998
1.9520240000000273,-70.62155999999997
1.5999999993054522e-05,-70.25393000000003
0.005616000000017933,-70.23562999999999
0.01681600000002137,-70.19401999999997
0.03921600000002824,-69.92038999999983
0.08401599999999566,-67.59090000000012
0.14001600000001285,-60.18142999999987
0.19601600000003003,-47.49486000000003
0.25201600000000085,-30.12587
0.25761600000002577,-28.116449999999958
0.2688160000000292,-24.032779999999974
0.29121599999998976,-15.662290000000079
0.3360160000000035,0.6374799999999681
0.3920160000000207,18.485029999999902
0.44801599999999153,32.56873999999988
0.5040160000000087,42.87612000000007
0.5600160000000258,49.895670000000166
0.6160159999999967,54.31382000000018
0.6720160000000139,56.82996000000018
0.7280160000000311,58.05124000000017
0.7840160000000019,58.45264999999999
0.8400160000000191,58.377769999999884
0.8960159999999899,58.05915000000006
0.9520160000000072,57.64399999999981
1.0000080000000193,57.27744999999995
1.0056079999999978,57.25924999999998
1.0168080000000013,57.21774999999995
1.0392080000000081,56.94324000000006
1.0840080000000218,54.60698999999991
1.1400079999999928,47.18475999999994
1.19600800000001,34.4895500000002
1.252008000000027,17.123059999999857
1.2576080000000056,15.114690000000097
1.268808000000009,11.033370000000042
1.291208000000016,2.6684100000000655
1.3360080000000298,-13.620469999999996
1.3920080000000006,-31.458339999999918
1.4480080000000177,-45.53679999999982
1.5040080000000349,-55.84148
1.5600080000000058,-62.85978999999986
1.616008000000023,-67.27754000000007
1.672007999999994,-69.79363000000016
1.728008000000011,-71.01478000000006
1.7840080000000282,-71.41580000000003
1.840007999999999,-71.34021999999996
1.8960080000000163,-71.02065000000013
1.9520080000000335,-70.60431
1.9999999999999993,-70.23661999999997
0.005600000000024155,-70.21831
0.01680000000002759,-70.17669000000004
0.039200000000034464,-69.90302999999986
0.08400000000000188,-67.57349000000002
0.14000000000001905,-60.163940000000025
0.1959999999999899,-47.47729
0.2520000000000071,-30.10823000000018
0.25760000000003197,-28.09879999999998
0.2688000000000354,-24.015110000000117
0.29119999999999596,-15.644599999999897
0.3360000000000097,0.6552099999999061
0.3920000000000269,18.50281999999992
0.44799999999999773,32.58657999999981
0.5040000000000149,42.89399999999999
0.5600000000000321,49.913579999999904
0.616000000000003,54.331750000000014
0.6720000000000201,56.84790999999989
0.727999999999991,58.069199999999825
0.7840000000000081,58.470599999999926
0.8400000000000254,58.39572999999998
0.8959999999999962,58.077109999999934
0.9520000000000134,57.66194999999996
1.0080000000000306,57.23664999999989
1.0640000000000014,56.84668999999998
1.1200000000000185,56.51179000000006
1.1759999999999895,56.236450000000104
1.2320000000000066,56.017070000000004
1.2880000000000238,55.846300000000014
1.3439999999999948,55.715729999999965
1.400000000000012,55.617220000000025
1.456000000000029,55.543729999999904
1.5119999999999998,55.48931000000002
1.568000000000017,55.44927999999993
1.6240000000000343,55.41993000000001
1.680000000000005,55.398529999999944
1.7360000000000222,55.382940000000104
1.7919999999999932,55.37163999999994
1.8480000000000103,55.363480000000024
1.9040000000000274,55.35764000000021
1.9599999999999984,55.35350999999999
1.9999840000000055,55.351370000000124
0.005584000000030377,55.37451999999998
0.016784000000033814,55.414839999999856
0.03918399999999436,55.29848000000004
0.08398400000000811,53.25293999999992
0.13998400000002528,46.14194999999999
0.19598399999999613,33.69997999999996
0.2519840000000133,16.533829999999973
0.2575839999999919,14.54257999999986
0.2687839999999953,10.494630000000171
0.29118400000000216,2.1913900000001263
0.33598400000001594,-13.99209999999984
0.3919840000000331,-31.727089999999958
0.44798400000000393,-45.72829999999995
0.5039840000000211,-55.97532999999988
0.559983999999992,-62.95077999999998
0.6159840000000092,-67.3367199999999
0.6719840000000263,-69.82916999999999
0.7279839999999972,-71.03273000000021
0.7839840000000143,-71.42058000000007
0.8399840000000316,-71.33510999999993
0.8959840000000024,-71.00806999999998
0.9519840000000196,-70.58604999999996
1.0079839999999904,-70.15506000000005
1.0639840000000076,-69.76029000000005
1.1199840000000247,-69.42128000000002
1.1759839999999957,-69.14237000000001
1.2319840000000128,-68.91986000000006
1.28798400000003,-68.74628999999999
1.343984000000001,-68.61322999999997
1.399984000000018,-68.5124800000001
1.4559840000000353,-68.43694
1.511984000000006,-68.38064
1.5679840000000234,-68.33884999999995
1.623983999999994,-68.3078800000001
1.6799840000000112,-68.28494000000008
1.7359840000000284,-68.26789999999994
1.7919839999999994,-68.25520000000007
1.8479840000000165,-68.24570000000007
1.9039840000000336,-68.23856999999988
1.9599840000000046,-68.23318
2.40000000295708e-05,-68.23016000000015
0.005624000000008128,-68.25320999999995
0.016824000000011562,-68.29345000000009
0.03922400000001843,-68.1780299999999
0.08402400000003218,-66.13939999999997
0.14002400000000303,-59.04161999999991
0.1960240000000202,-46.609099999999955
0.2520239999999911,-29.441569999999917
0.25762400000001595,-27.44939000000013
0.2688240000000194,-23.3993400000001
0.29122400000002624,-15.091109999999963
0.33602399999999366,1.102240000000032
0.39202400000001086,18.845789999999862
0.448024000000028,32.851409999999916
0.5040239999999989,43.10058999999988
0.5600240000000161,50.07695999999995
0.6160240000000332,54.46314999999991
0.6720240000000041,56.955630000000035
0.7280240000000213,58.15934999999995
0.7840239999999922,58.54768999999993
0.8400240000000093,58.463040000000134
0.8960240000000265,58.13705999999996
0.9520239999999973,57.71631999999993
1.0080240000000145,57.28676999999993
1.0640240000000316,56.89352999999997
1.1200240000000026,56.55611000000005
1.1760240000000197,56.278800000000075
1.2320239999999907,56.057889999999944
1.2880240000000078,55.88590000000004
1.344024000000025,55.75435999999989
1.4000239999999957,55.65511000000001
1.456024000000013,55.58101999999998
1.5120240000000302,55.52612000000012
1.568024000000001,55.48569999999997
1.6240240000000181,55.45606000000003
1.6800240000000353,55.434409999999936
1.7360240000000062,55.418620000000196
1.7920240000000234,55.407170000000065
1.8480239999999943,55.39888999999998
1.9040240000000115,55.392950000000106
1.9600240000000286,55.388729999999995
7.999999989470377e-06,55.38654999999992
0.005608000000014349,55.40969000000007
0.016808000000017784,55.45001000000016
0.039208000000024654,55.33363999999996
0.08400799999999208,53.2880899999999
0.14000800000000926,46.177109999999914
0.19600800000002644,33.735169999999925
0.2520079999999973,16.569040000000037
0.25760800000002215,14.577779999999985
0.2688080000000256,10.529830000000073
0.2912080000000325,2.2265999999999675
0.3360079999999999,-13.95688000000006
0.39200800000001707,-31.691849999999853
0.44800800000003427,-45.69303000000002
0.5040080000000051,-55.94003000000014
0.5600080000000223,-62.915459999999925
0.6160079999999931,-67.30137999999997
0.6720080000000104,-69.79380999999995
0.7280080000000275,-70.99736000000001
0.7840079999999984,-71.38520000000015
0.8400080000000155,-71.29973999999994
0.8960080000000327,-70.97269000000006
0.9520080000000035,-70.55067000000004
1.0080080000000207,-70.11968999999985
1.0640079999999916,-69.72491000000014
1.1200080000000088,-69.38591000000005
1.176008000000026,-69.10700000000003
1.2320079999999969,-68.88450000000002
1.288008000000014,-68.71094000000011
1.3440080000000312,-68.57787999999987
1.400008000000002,-68.47713
1.4560080000000193,-68.40160000000006
1.51200799999999,-68.34529000000012
1.5680080000000072,-68.3035299999999
1.6240080000000243,-68.27255999999981
1.6800079999999953,-68.24962000000001
1.7360080000000124,-68.2325800000001
1.7920080000000296,-68.21990000000011
1.8480080000000005,-68.2103999999999
1.9040080000000177,-68.20328000000009
1.9600080000000348,-68.19788999999999
1.9999919999999958,-68.19486999999991
0.005592000000020571,-68.2179300000001
0.016792000000024006,-68.25817
0.039192000000030876,-68.14275000000004
0.0839919999999983,-66.10411000000016
0.13999200000001547,-59.00628999999991
0.19599200000003267,-46.57375000000008
0.2519920000000035,-29.40623999999992
0.2575920000000284,-27.414059999999907
0.26879200000003184,-23.364039999999918
0.2911919999999924,-15.055819999999942
0.3359920000000061,1.1374699999999738
0.3919920000000233,18.880979999999823
0.4479919999999942,32.88656000000012
0.5039920000000113,43.135709999999825
0.5599920000000285,50.11206999999995
0.6159919999999993,54.49824000000003
0.6719920000000166,56.99071999999994
0.7279920000000337,58.19442999999991
0.7839920000000046,58.58275999999996
0.8399920000000217,58.498099999999994
0.8959919999999926,58.17211999999983
0.9519920000000098,57.75138000000002
1.0079920000000269,57.32182000000008
1.0639919999999978,56.9285799999999
1.119992000000015,56.591159999999974
1.1759920000000321,56.313840000000056
1.231992000000003,56.09293000000015
1.2879920000000202,55.92094000000003
1.343991999999991,55.7894000000001
1.3999920000000083,55.690149999999996
1.4559920000000255,55.61605000000003
1.5119919999999962,55.56114999999995
1.5679920000000134,55.520730000000015
1.6239920000000307,55.49108000000014
1.6799920000000015,55.4694200000001
1.7359920000000186,55.453630000000146
1.7919919999999896,55.44218000000001
1.8479920000000067,55.43389999999992
1.9039920000000239,55.42795999999983
1.9599919999999948,55.423739999999945
0.015992000000011924,55.42082000000015
0.0719920000000291,55.418860000000066
0.12799199999999997,55.417619999999836
0.18399200000001714,55.41693000000003
0.23999200000003432,55.41667000000005
0.2959920000000052,55.41671000000004
0.35199200000002234,55.41701999999993
0.4079919999999932,55.417519999999996
0.4639920000000104,55.418170000000046
0.5199920000000275,55.41894000000003
0.5759919999999984,55.41981000000007
0.6319920000000155,55.42073999999997
0.6879920000000328,55.421750000000046
0.7439920000000037,55.42278999999994
0.7999920000000208,55.42387999999998
0.8559919999999916,55.424989999999895
0.9119920000000088,55.42613000000007
0.967992000000026,55.42727999999997
1.023991999999997,55.42845000000018
1.079992000000014,55.429639999999836
1.1359920000000312,55.43082999999993
1.1919920000000022,55.43202999999997
1.2479920000000193,55.43323
1.30399199999999,55.434440000000194
1.3599920000000072,55.435659999999885
1.4159920000000246,55.43686999999986
1.4719919999999953,55.438089999999995
1.5279920000000125,55.43929999999997
1.5839920000000296,55.440520000000106
1.6399920000000006,55.44173000000008
1.6959920000000177,55.44294999999999
1.7519920000000349,55.4441699999999
1.8079920000000058,55.44539000000004
1.863992000000023,55.44660000000001
1.9199919999999937,55.44781999999992
1.975992000000011,55.44903000000012
0.03199200000002815,55.45024000000009
0.087991999999999,55.45146000000001
0.1439920000000162,55.45267999999992
0.19999200000003337,55.453889999999895
0.2559920000000042,55.45510000000009
0.3119920000000214,55.456309999999846
0.36799199999999227,55.45752000000004
0.4239920000000094,55.45872999999979
0.4799920000000266,55.45993999999999
0.5359919999999975,55.46114999999996
0.5919920000000146,55.46235999999993
0.6479920000000319,55.463559999999966
0.7039920000000027,55.46477999999988
0.7599920000000199,55.46597999999992
0.8159919999999907,55.46719000000011
0.8719920000000079,55.46839000000014
0.927992000000025,55.4695999999999
0.983991999999996,55.47079999999993
1.0399920000000131,55.471999999999966
1.0959920000000303,55.473210000000165
1.1519920000000012,55.47440999999998
1.2079920000000184,55.47561000000001
1.2639920000000355,55.47681999999998
1.3199920000000063,55.478009999999855
1.3759920000000236,55.47920999999989
1.4319919999999944,55.48041999999987
1.4879920000000115,55.4816199999999
1.5439920000000287,55.48281999999993
1.5999919999999996,55.484019999999965
1.6559920000000168,55.48522
1.711992000000034,55.48640999999988
1.767992000000005,55.48762000000007
1.823992000000022,55.488809999999944
1.8799919999999928,55.49000999999998
1.93599200000001,55.49121000000001
1.9919920000000273,55.49241000000005
0.04799199999999806,55.49361000000008
0.10399200000001524,55.494799999999955
0.1599920000000324,55.49598999999983
0.21599200000000326,55.49718999999986
0.27199200000002044,55.49839000000012
0.3279919999999913,55.499590000000154
0.3839920000000085,55.50078000000003
0.43999200000002564,55.50198000000006
0.49599199999999655,55.50317000000015
0.5519920000000137,55.50437000000019
0.6079920000000308,55.505559999999846
0.6639920000000017,55.50674999999994
0.719992000000019,55.50794999999997
0.7759919999999898,55.509140000000066
0.831992000000007,55.51032999999994
0.8879920000000241,55.51152000000003
0.943991999999995,55.51270999999991
0.9999920000000122,55.513909999999946
1.0055919999999907,55.53743
1.0167919999999941,55.57847999999987
1.039192000000001,55.463469999999845
1.0839920000000147,53.42026999999994
1.1399920000000319,46.31156999999986
1.1959920000000028,33.87120999999982
1.25199200000002,16.70601000000005
1.2575919999999985,14.714820000000017
1.268792000000002,10.666969999999942
1.2911920000000088,2.3639100000001356
1.3359920000000225,-13.819349999999897
1.3919919999999935,-31.554129999999958
1.4479920000000106,-45.55511000000001
1.5039920000000278,-55.80194999999999
1.5599919999999987,-62.77719999999998
1.6159920000000159,-67.16294999999994
1.671992000000033,-69.65522000000001
1.727992000000004,-70.85863000000003
1.7839920000000211,-71.24634000000007
1.8399919999999919,-71.16075999999994
1.895992000000009,-70.83361
1.9519920000000262,-70.41152000000017
0.007991999999997113,-69.9804799999999
0.06399200000001429,-69.58565999999999
0.11999200000003146,-69.24660999999999
0.1759920000000023,-68.96768000000009
0.23199200000001952,-68.74515000000004
0.28799199999999037,-68.57157000000002
0.3439920000000075,-68.43850000000006
0.3999920000000247,-68.33774000000004
0.45599199999999557,-68.26220000000016
0.5119920000000128,-68.20589999999993
0.5679920000000299,-68.1641099999999
0.6239920000000008,-68.13313999999981
0.6799920000000179,-68.1102
0.7359920000000352,-68.09314999999994
0.791992000000006,-68.08046000000002
0.8479920000000232,-68.07096000000001
0.903991999999994,-68.06383000000005
0.9599920000000112,-68.05844000000016
0.9999760000000184,-68.05542000000008
1.005575999999997,-68.07847000000011
1.0167760000000003,-68.11871000000002
1.0391760000000072,-68.00326999999994
1.083976000000021,-65.96450999999992
1.1399759999999919,-58.866440000000075
1.195976000000009,-46.433619999999955
1.2519760000000262,-29.265880000000077
1.2575760000000047,-27.273689999999906
1.2687760000000081,-23.22362999999994
1.291176000000015,-14.915340000000166
1.3359760000000287,1.278069999999909
1.3919759999999997,19.021740000000122
1.4479760000000168,33.02746999999995
1.503976000000034,43.27675999999991
1.559976000000005,50.25321999999988
1.615976000000022,54.63945000000003
1.6719759999999928,57.131980000000084
1.7279760000000102,58.335720000000094
1.7839760000000273,58.72407999999996
1.839975999999998,58.639410000000055
1.8959760000000152,58.31343000000011
1.9519760000000326,57.89268999999986
0.007976000000003335,57.46311000000004
0.06397600000002052,57.069849999999974
0.11997599999999137,56.73240000000001
0.17597600000000854,56.45507000000016
0.23197600000002572,56.23413999999993
0.28797599999999657,56.062109999999834
0.34397600000001377,55.930559999999964
0.3999760000000309,55.831279999999815
0.45597600000000177,55.7571600000002
0.511976000000019,55.70223000000007
0.5679759999999898,55.661790000000046
0.623976000000007,55.632120000000064
0.6799760000000242,55.61044000000015
0.7359759999999951,55.59464000000003
0.7919760000000122,55.58314999999992
0.8479760000000294,55.574849999999955
0.9039760000000002,55.56888999999998
0.9599760000000175,55.56464999999999
1.0159760000000346,55.56172000000004
1.0719760000000054,55.55972999999992
1.1279760000000227,55.55847000000003
1.1839759999999935,55.55774999999996
1.2399760000000106,55.55747000000011
1.2959760000000278,55.557499999999926
1.3519759999999987,55.55778999999994
1.4079760000000159,55.558270000000135
1.463976000000033,55.55891000000002
1.519976000000004,55.55965000000018
1.5759760000000211,55.560500000000125
1.6319759999999919,55.56142000000008
1.6879760000000092,55.562400000000125
1.7439760000000264,55.56343000000008
1.7999759999999971,55.56450000000002
1.8559760000000143,55.56559000000006
1.9119760000000314,55.56670999999991
1.9679760000000024,55.567839999999926
8.000000022402505e-06,55.56850999999985
0.0056080000000009594,55.59201999999996
0.016808000000004396,55.6330599999999
0.03920800000001127,55.518049999999874
0.08400800000002501,53.47487000000007
0.14000799999999586,46.36627000000004
0.19600800000001303,33.92603999999988
0.2520080000000302,16.760979999999925
0.2576080000000088,14.769809999999994
0.2688080000000122,10.721999999999898
0.29120800000001906,2.4189699999999092
0.33600800000003284,-13.764169999999964
0.3920080000000037,-31.498789999999886
0.4480080000000209,-45.499630000000124
0.5040079999999917,-55.74634999999994
0.5600080000000089,-62.72149999999988
0.6160080000000261,-67.10718000000004
0.6720079999999969,-69.59941000000013
0.7280080000000141,-70.80277000000001
0.7840080000000312,-71.19047000000012
0.8400080000000022,-71.10486999999988
0.8960080000000193,-70.77771999999993
0.9520079999999902,-70.35563000000012
1.0080080000000073,-69.92459000000007
1.0640080000000245,-69.52977000000016
1.1200079999999955,-69.19073000000009
1.1760080000000126,-68.91179999999997
1.2320080000000297,-68.68928000000008
1.2880080000000007,-68.51571999999994
1.3440080000000179,-68.38266000000016
1.400008000000035,-68.28192
1.4560080000000057,-68.20639000000006
1.512008000000023,-68.1501
1.5680079999999939,-68.10832999999982
1.624008000000011,-68.07736999999992
1.6800080000000281,-68.05443999999983
1.736007999999999,-68.03739999999992
1.7920080000000163,-68.02474000000002
1.8480080000000334,-68.01524999999997
1.9040080000000044,-68.00814000000011
1.9600080000000215,-68.00275
1.9999920000000286,-67.99975000000002
0.005592000000007181,-68.02280000000005
0.016792000000010618,-68.0630499999999
0.03919200000001749,-67.94760000000011
0.08399200000003124,-65.90881999999998
0.1399920000000021,-58.810720000000096
0.19599200000001926,-46.377910000000135
0.2519919999999901,-29.210240000000056
0.257592000000015,-27.218069999999983
0.26879200000001846,-23.168029999999895
0.2911920000000253,-14.859819999999857
0.33599199999999274,1.333479999999998
0.3919920000000099,19.077010000000172
0.4479920000000271,33.0826500000001
0.5039919999999979,43.33186000000011
0.5599920000000151,50.30825999999999
0.6159920000000323,54.69446000000011
0.6719920000000031,57.1869599999999
0.7279920000000203,58.39068000000003
0.7839919999999911,58.77901000000008
0.8399920000000084,58.69434000000018
0.8959920000000255,58.36834000000013
0.9519919999999964,57.94758
1.0079920000000135,57.51799999999996
1.0639920000000307,57.124739999999896
1.1199920000000017,56.787290000000155
1.1759920000000188,56.50995999999986
1.231992000000036,56.28899999999981
1.287992000000007,56.11699000000003
1.343992000000024,55.98542000000006
1.3999919999999948,55.88614999999986
1.455992000000012,55.812020000000075
1.5119920000000293,55.757100000000115
1.567992,55.71665000000014
1.6239920000000172,55.68697999999994
1.6799920000000343,55.66530000000003
1.7359920000000053,55.64949000000019
1.7919920000000225,55.638010000000016
1.8479919999999934,55.62971000000005
1.9039920000000106,55.62374000000014
1.9599920000000277,55.61949999999993
1.9999760000000348,55.61730999999992
0.005576000000013403,55.6404399999999
0.01677600000001684,55.68075999999999
0.03917600000002371,55.56440000000018
0.08397599999999113,53.518950000000174
0.13997600000000832,46.40813999999982
0.1959760000000255,33.96628000000001
0.25197599999999637,16.799999999999926
0.25757600000002123,14.808719999999997
0.26877600000002466,10.760710000000007
0.2911760000000315,2.4573400000000856
0.33597599999999894,-13.726420000000017
0.39197600000001614,-31.461639999999846
0.4479760000000333,-45.46294999999989
0.5039760000000042,-55.71003999999991
0.5599760000000213,-62.68550999999989
0.6159759999999922,-67.07145999999997
0.6719760000000093,-69.56390999999984
0.7279760000000266,-70.76745999999989
0.7839759999999975,-71.1553199999999
0.8399760000000146,-71.06985999999993
0.8959760000000317,-70.74282999999993
0.9519760000000026,-70.32082000000005
1.0000240000000327,-69.94893999999996
1.0056240000000112,-69.93025000000009
1.0168240000000146,-69.88788999999996
1.0392240000000215,-69.61284
1.0840240000000352,-67.28075000000011
1.1400240000000061,-59.86844999999996
1.1960240000000233,-47.17958000000011
1.2520239999999943,-29.808890000000197
1.257624000000019,-27.799330000000122
1.2688240000000224,-23.715410000000105
1.2912240000000292,-15.344459999999893
1.3360239999999968,0.9561099999999545
1.392024000000014,18.80451999999999
1.448024000000031,32.88895000000003
1.504024000000002,43.19691999999997
1.5600240000000192,50.216929999999934
1.61602399999999,54.63544999999992
1.6720240000000073,57.151869999999995
1.7280240000000244,58.37336000000004
1.7840239999999952,58.774920000000066
1.8400240000000123,58.70014999999995
1.8960240000000295,58.38160000000015
1.9520240000000004,57.96649000000009
1.6000000012596663e-05,57.59996000000012
0.005615999999991153,57.581769999999864
0.01681599999999459,57.54027000000006
0.03921600000000146,57.26578999999998
0.0840160000000152,54.92971000000013
0.1400160000000324,47.507700000000156
0.19601600000000324,34.81253999999989
0.2520160000000204,17.445790000000017
0.25761599999999896,15.437370000000117
0.2688160000000024,11.355940000000064
0.2912160000000093,2.9907399999999917
0.336016000000023,-13.298599999999938
0.39201599999999387,-31.13692999999995
0.44801600000001107,-45.21565999999999
0.5040160000000282,-55.52051000000002
0.5600159999999991,-62.53892999999988
0.6160160000000162,-66.95673999999995
0.6720160000000335,-69.47286000000008
0.7280160000000043,-70.69406000000012
0.7840160000000215,-71.09508000000008
0.8400159999999923,-71.01951999999989
0.8960160000000095,-70.69994999999984
0.9520160000000267,-70.28363999999998
1.0000079999999925,-69.91596999999983
1.0056080000000174,-69.8976699999998
1.0168080000000208,-69.85604000000012
1.0392080000000277,-69.58236000000007
1.0840079999999952,-67.25260999999993
1.1400080000000123,-59.84265
1.1960080000000295,-47.15564000000016
1.2520080000000005,-29.78644000000008
1.2576080000000252,-27.777010000000104
1.2688080000000286,-23.69334000000012
1.2912080000000357,-15.322880000000039
1.336008000000003,0.9768199999999894
1.3920080000000201,18.824369999999924
1.448007999999991,32.90811000000016
1.5040080000000082,43.21554999999999
1.5600080000000254,50.235150000000004
1.6160079999999961,54.653330000000054
1.6720080000000135,57.16951000000003
1.7280080000000306,58.390790000000024
1.7840080000000014,58.79218999999991
1.8400080000000185,58.71728999999992
1.8960080000000359,58.398649999999996
1.9520080000000066,57.98345999999999
0.008008000000023822,57.5581300000001
0.06400799999999468,57.168120000000044
0.12000800000001186,56.83318999999987
0.17600800000002903,56.55780999999993
0.23200799999999988,56.33840000000001
0.2880080000000171,56.16758000000011
0.34400800000003423,56.036959999999915
0.4000080000000051,55.93842999999987
0.4560080000000223,55.86489999999999
0.5120079999999931,55.81044000000013
0.5680080000000103,55.77037000000007
0.6240080000000275,55.74098999999988
0.6800079999999984,55.71955000000006
0.7360080000000155,55.70392000000002
0.7920080000000327,55.692599999999985
0.8480080000000035,55.684399999999854
0.9040080000000208,55.67853
0.9600079999999916,55.674360000000036
1.0160080000000087,55.671470000000056
1.072008000000026,55.66952999999985
1.1280079999999968,55.66829000000006
1.184008000000014,55.667599999999815
1.240008000000031,55.66732999999991
1.296008000000002,55.667369999999885
1.3520080000000192,55.66766000000012
1.4080079999999902,55.66812999999993
1.4640080000000073,55.66876000000009
1.5200080000000245,55.66950000000004
1.5760079999999952,55.67034000000004
1.6320080000000126,55.67124999999984
1.6880080000000297,55.6722300000001
1.7440080000000004,55.67323999999996
1.8000080000000176,55.67429999999995
1.8560080000000347,55.675380000000054
1.9120080000000057,55.676489999999966
1.9680080000000229,55.677610000000044
1.999984000000025,55.67825999999987
0.0055840000000035965,55.70177999999992
0.016784000000007033,55.74282000000008
0.0391840000000139,55.62780999999983
0.08398400000002765,53.5846900000001
0.1399839999999985,46.47617999999998
0.19598400000001567,34.03599000000001
0.25198400000003285,16.87089000000008
0.2575840000000114,14.879700000000051
0.26878400000001484,10.831859999999915
0.2911840000000217,2.5287800000000082
0.3359840000000355,-13.654470000000085
0.3919840000000063,-31.389200000000006
0.4479840000000235,-45.390099999999876
0.5039839999999943,-55.63684000000002
0.5599840000000116,-62.61200999999983
0.6159840000000287,-66.99769
0.6719839999999996,-69.4899200000001
0.7279840000000167,-70.69329999999985
0.7839840000000339,-71.08099000000001
0.8399840000000047,-70.99539999999993
0.895984000000022,-70.66825999999993
0.9519839999999928,-70.24616999999989
1.00798400000001,-69.81514
1.0639840000000271,-69.42033999999997
1.119983999999998,-69.08132
1.1759840000000152,-68.8023900000001
1.2319840000000324,-68.57989000000009
1.2879840000000033,-68.4063399999999
1.3439840000000205,-68.27329000000005
1.3999839999999912,-68.17257
1.4559840000000084,-68.09705
1.5119840000000255,-68.04076999999987
1.5679839999999965,-67.99901000000008
1.6239840000000136,-67.96805999999988
1.6799840000000308,-67.94513999999995
1.7359840000000017,-67.92811999999992
1.791984000000019,-67.91546999999997
1.847984000000036,-67.90599000000009
1.903984000000007,-67.89887999999999
1.9599840000000242,-67.89350999999999
2.4000000002790825e-05,-67.89051000000002
0.005624000000027669,-67.91356000000005
0.016824000000031106,-67.95380999999989
0.039223999999991654,-67.83835000000016
0.0840240000000054,-65.79950999999996
0.14002400000002257,-58.70127999999997
0.19602399999999343,-46.26836000000001
0.25202400000001063,-29.10066999999983
0.2576240000000355,-27.108499999999978
0.2688239999999926,-23.058479999999992
0.2912239999999995,-14.750290000000055
0.3360240000000132,1.4429400000000037
0.3920240000000304,19.186429999999977
0.44802400000000125,33.19204000000009
0.5040240000000185,43.44123999999994
0.5600240000000356,50.4176300000001
0.6160240000000065,54.80382000000006
0.6720240000000236,57.296310000000126
0.7280239999999945,58.50003000000004
0.7840240000000117,58.888360000000084
0.8400240000000289,58.80368000000003
0.8960239999999997,58.47767000000004
0.9520240000000169,58.05689999999997
1.000016000000029,57.686600000000034
1.0056160000000076,57.66804000000003
1.016816000000011,57.62580000000006
1.039216000000018,57.34996999999997
1.0840160000000316,55.01157999999995
1.1400160000000026,47.58733000000004
1.1960160000000197,34.89047000000012
1.2520159999999905,17.52235000000013
1.2576160000000154,15.51380999999985
1.2688160000000188,11.432149999999863
1.2912160000000257,3.0665299999999007
1.3360159999999932,-13.223560000000134
1.3920160000000104,-31.062609999999992
1.4480160000000275,-45.14189999999996
1.5040159999999985,-55.44720000000014
1.5600160000000156,-62.46596999999987
1.6160160000000328,-66.88406000000002
1.6720160000000035,-69.40042000000003
1.7280160000000209,-70.6217899999999
1.7840159999999916,-71.02297999999996
1.8400160000000088,-70.94753999999992
1.896016000000026,-70.62809000000003
1.9520159999999969,-70.2118599999999
8.000000009012518e-06,-69.84425000000005
0.005608000000033891,-69.82596000000018
0.016807999999991004,-69.78434999999993
0.039207999999997876,-69.51068999999998
0.08400800000001162,-67.18094000000008
0.1400080000000288,-59.77096000000004
0.19600799999999965,-47.083970000000086
0.25200800000001683,-29.71487000000006
0.2576079999999954,-27.70545000000002
0.2688079999999988,-23.621820000000014
0.2912080000000057,-15.251420000000016
0.33600800000001946,1.0481600000000757
0.3920079999999903,18.89556000000003
0.44800800000000746,32.979190000000045
0.5040080000000247,43.28656000000009
0.5600079999999955,50.3060999999998
0.6160080000000127,54.724240000000094
0.6720080000000299,57.24039000000003
0.7280080000000008,58.46166000000008
0.7840080000000179,58.86305000000003
0.8400080000000351,58.78815000000004
0.8960080000000059,58.469500000000174
0.9520080000000231,58.054309999999944
1.008007999999994,57.62895999999995
1.0640080000000112,57.23893999999996
1.1200080000000283,56.90401000000001
1.1760079999999993,56.62863000000007
1.2320080000000164,56.40920999999999
1.2880080000000336,56.23838000000014
1.3440080000000043,56.10776999999989
1.4000080000000217,56.00923000000013
1.4560079999999924,55.93570000000003
1.5120080000000096,55.88124000000016
1.5680080000000267,55.841169999999885
1.6240079999999977,55.81178999999992
1.6800080000000148,55.790349999999876
1.736008000000032,55.77471000000011
1.792008000000003,55.76339000000008
1.84800800000002,55.75518000000002
1.9040079999999908,55.749320000000104
1.960008000000008,55.74514999999991
1.9999920000000153,55.742979999999996
0.005591999999993791,55.766119999999916
0.016791999999997226,55.806450000000176
0.0391920000000041,55.69011000000002
0.08399200000001784,53.64475000000013
0.139992000000035,46.53408999999997
0.19599200000000588,34.092300000000186
0.25199200000002303,16.925980000000116
0.2575920000000016,14.934690000000028
0.268792000000005,10.886649999999998
0.29119200000001194,2.583209999999836
0.33599200000002566,-13.600669999999981
0.3919919999999965,-31.33601999999991
0.4479920000000137,-45.337390000000035
0.5039920000000309,-55.58451000000009
0.5599920000000017,-62.559999999999945
0.6159920000000189,-66.94595000000004
0.6719920000000361,-69.43841000000006
0.727992000000007,-70.64197999999999
0.7839920000000241,-71.02983000000008
0.839991999999995,-70.94436999999986
0.8959920000000121,-70.61735000000002
0.9519920000000294,-70.1953500000001
0.9999839999999952,-69.8238900000001
1.00558400000002,-69.80520999999995
1.0167840000000234,-69.7628400000001
1.0391840000000303,-69.48777000000005
1.0839839999999978,-67.15556000000001
1.139984000000015,-59.74307000000012
1.1959840000000321,-47.054069999999946
1.251984000000003,-29.683349999999997
1.2575840000000278,-27.67378999999992
1.2687840000000312,-23.589870000000126
1.291183999999992,-15.218940000000014
1.3359840000000056,1.0815900000000767
1.3919840000000228,18.929980000000015
1.4479839999999937,33.01440999999983
1.5039840000000109,43.322399999999874
1.559984000000028,50.342439999999876
1.6159839999999988,54.76097000000002
1.6719840000000161,57.277399999999815
1.7279840000000333,58.49889000000008
1.783984000000004,58.900439999999946
1.8399840000000212,58.82567000000005
1.8959839999999921,58.50712000000002
1.9519840000000093,58.091990000000095
1.9999760000000215,57.7254599999999
0.005576000000000012,57.707269999999866
0.016776000000003448,57.6657599999999
0.03917600000001032,57.39130000000014
0.08397600000002406,55.05526999999999
0.1399759999999949,47.633370000000006
0.19597600000001208,34.93826000000011
0.2519760000000293,17.571439999999996
0.25757600000000785,15.562999999999994
0.2687760000000113,11.481539999999901
0.29117600000001814,3.1162799999999713
0.33597600000003186,-13.173199999999996
0.3919760000000027,-31.011640000000007
0.4479760000000199,-45.090450000000004
0.5039759999999908,-55.39534000000002
0.5599760000000079,-62.413760000000096
0.6159760000000252,-66.83159000000005
0.671975999999996,-69.34772000000011
0.7279760000000132,-70.56890999999999
0.7839760000000303,-70.9699399999999
0.8399760000000012,-70.89437999999993
0.8959760000000184,-70.57481999999982
0.9519760000000356,-70.15850999999995
1.0079760000000064,-69.73191999999995
1.0639760000000236,-69.34053000000007
1.1199759999999945,-69.00417999999986
1.1759760000000117,-68.72733999999991
1.2319760000000288,-68.50647999999993
1.2879759999999996,-68.33422999999983
1.343976000000017,-68.20220999999992
1.399976000000034,-68.10230000000006
1.4559760000000048,-68.02744000000006
1.511976000000022,-67.97169000000002
1.567975999999993,-67.93036000000008
1.62397600000001,-67.89975999999997
1.6799760000000272,-67.87712000000012
1.7359759999999982,-67.86033000000002
1.7919760000000153,-67.84784999999994
1.8479760000000325,-67.83852000000002
1.9039760000000032,-67.8315399999998
1.9599760000000206,-67.82627000000008
0.015975999999991365,-67.8223
0.07197600000000855,-67.81926999999999
0.1279760000000257,-67.81698000000014
0.1839759999999966,-67.81521999999995
0.23997600000001376,-67.81389999999999
0.29597600000003094,-67.81289000000012
0.3519760000000018,-67.81214000000003
0.407976000000019,-67.81158000000009
0.46397600000003614,-67.81118000000008
0.519976000000007,-67.8109
0.5759760000000241,-67.81071999999999
0.631975999999995,-67.81061
0.6879760000000122,-67.81056000000008
0.7439760000000294,-67.81055999999985
0.7999760000000002,-67.81061
0.8559760000000174,-67.81068000000002
0.9119760000000346,-67.81078000000007
0.9679760000000055,-67.8109
1.0239760000000226,-67.81104000000005
1.0799759999999934,-67.81119000000002
1.1359760000000108,-67.81135000000016
1.191976000000028,-67.81152999999995
1.2479759999999986,-67.81170999999998
1.3039760000000158,-67.81189999999992
1.3599760000000332,-67.81208999999988
1.415976000000004,-67.81228000000006
1.471976000000021,-67.81247999999995
1.527975999999992,-67.81268000000007
1.5839760000000092,-67.81287999999996
1.6399760000000263,-67.81308000000008
1.6959759999999973,-67.81328999999991
1.7519760000000144,-67.81349000000003
1.8079760000000316,-67.81370000000008
1.8639760000000023,-67.81390999999992
1.9199760000000197,-67.81411999999997
1.9759759999999904,-67.81433000000004
0.031976000000007596,-67.8145400000001
0.08797600000002477,-67.81473999999999
0.14397599999999564,-67.81495999999999
0.1999760000000128,-67.81517999999997
0.25597600000002996,-67.81539000000004
0.31197600000000086,-67.81558999999993
0.367976000000018,-67.81580999999991
0.4239760000000352,-67.81601999999998
0.47997600000000606,-67.81623999999996
0.5359760000000232,-67.81645000000003
0.5919759999999941,-67.81665999999986
0.6479760000000113,-67.81687999999986
0.7039760000000285,-67.81710000000007
0.7599759999999993,-67.81731000000013
0.8159760000000165,-67.81753000000012
0.8719760000000336,-67.81773999999996
0.9279760000000045,-67.81795999999996
0.9839760000000217,-67.81817000000001
1.0399759999999925,-67.81839000000001
1.0959760000000098,-67.81860000000006
1.151976000000027,-67.81882000000006
1.2079759999999977,-67.81904000000006
1.2639760000000149,-67.81925999999983
1.319976000000032,-67.81946999999988
1.375976000000003,-67.81970000000004
1.4319760000000201,-67.81991000000009
1.487975999999991,-67.82013000000009
1.5439760000000082,-67.82034999999986
1.5999760000000254,-67.82057000000007
1.6559759999999961,-67.82077999999991
1.7119760000000135,-67.82100000000013
1.7679760000000306,-67.82123000000007
1.8239760000000014,-67.82144999999984
1.8799760000000185,-67.82167000000005
1.935976000000036,-67.82189000000005
1.9919760000000066,-67.82210999999982
0.047976000000023826,-67.82233999999998
0.10397599999999468,-67.82255000000004
0.15997600000001186,-67.82277999999997
0.21597600000002903,-67.82299999999996
0.2719759999999999,-67.82321999999996
0.3279760000000171,-67.82343999999996
0.38397600000003423,-67.82365999999995
0.4399760000000051,-67.82388999999989
0.4959760000000223,-67.82410999999988
0.5519759999999931,-67.82432999999988
0.6079760000000103,-67.82456000000003
0.6639760000000275,-67.82478000000003
0.7199759999999984,-67.82500999999996
0.7759760000000155,-67.82522999999996
0.8319760000000327,-67.8254599999999
0.8879760000000035,-67.82567999999989
0.9439760000000208,-67.82591000000005
0.9999759999999916,-67.82613000000003
1.0055760000000165,-67.84957999999986
1.0167760000000199,-67.8905900000002
1.0391760000000267,-67.77648999999997
1.0839759999999943,-65.73982000000012
1.1399760000000114,-58.643930000000125
1.1959760000000286,-46.213249999999874
1.2519759999999993,-29.04768000000013
1.2575760000000242,-27.055709999999955
1.2687760000000277,-23.00608999999998
1.2911760000000345,-14.698689999999903
1.335976000000002,1.4930699999999852
1.3919760000000192,19.234970000000075
1.4479760000000363,33.23929000000003
1.5039760000000073,43.48747000000009
1.5599760000000245,50.463080000000105
1.6159759999999952,54.848680000000094
1.6719760000000123,57.34072999999995
1.7279760000000297,58.544130000000024
1.7839760000000005,58.93219999999988
1.8399760000000176,58.847340000000024
1.8959760000000347,58.5212100000001
1.9519760000000057,58.100339999999974
2.4000000035722954e-05,57.72956000000007
0.00562400000001428,57.71098999999991
0.016824000000017714,57.66874999999993
0.039224000000024586,57.39292000000007
0.08402399999999201,55.054600000000065
0.1400240000000092,47.63057999999987
0.19602400000002637,34.93404999999994
0.2520239999999972,17.566350000000064
0.2576240000000221,15.557870000000085
0.26882400000002554,11.476299999999995
0.2912240000000324,3.1108599999998265
0.3360239999999998,-13.178840000000136
0.392024000000017,-31.0174299999999
0.4480240000000342,-45.09632000000008
0.504024000000005,-55.401299999999985
0.5600240000000222,-62.419780000000145
0.616023999999993,-66.83759999999994
0.6720240000000103,-69.35376999999998
0.7280240000000274,-70.57507000000007
0.7840239999999983,-70.97623000000009
0.8400240000000154,-70.90079000000004
0.8960240000000327,-70.5813500000001
0.9520240000000035,-70.16515000000001
1.0000160000000158,-69.79756999999998
1.0056159999999943,-69.77927000000017
1.0168159999999977,-69.73765999999992
1.0392160000000046,-69.46401000000013
1.0840160000000183,-67.13427999999988
1.1400160000000354,-59.724380000000025
1.1960160000000064,-47.03758000000002
1.2520160000000236,-29.66879000000011
1.257616000000002,-27.65941000000005
1.2688160000000055,-23.575860000000006
1.2912160000000124,-15.205630000000081
1.336016000000026,1.0935999999999169
1.392015999999997,18.940610000000024
1.4480160000000142,33.02392999999992
1.5040160000000313,43.33103999999999
1.560016000000002,50.35040999999985
1.6160160000000194,54.76842000000004
1.6720159999999902,57.28447999999986
1.7280160000000073,58.50569000000006
1.7840160000000245,58.90704000000002
1.8400159999999954,58.832100000000054
1.8960160000000126,58.51344999999996
1.9520160000000297,58.098240000000075
0.008016000000000627,57.67290000000003
0.06401600000001781,57.282880000000034
0.12001600000003498,56.94795000000008
0.17601600000000583,56.6725600000002
0.232016000000023,56.453150000000065
0.2880159999999939,56.28232999999994
0.34401600000001104,56.151720000000125
0.40001600000002824,56.053189999999866
0.4560159999999991,55.97966999999993
0.5120160000000162,55.92521000000006
0.5680160000000335,55.88514
0.6240160000000043,55.85576999999997
0.6800160000000215,55.83433999999987
0.7360159999999923,55.818719999999985
0.7920160000000095,55.80740999999989
0.8480160000000266,55.79921999999993
0.9040159999999976,55.793349999999855
0.9600160000000147,55.78919000000005
1.016016000000032,55.78630000000007
1.0720160000000027,55.78436000000009
1.12801600000002,55.78313999999995
1.1840159999999909,55.782460000000086
1.240016000000008,55.78218999999996
1.2960160000000251,55.782229999999934
1.352015999999996,55.78252999999989
1.4080160000000133,55.783010000000075
1.4640160000000304,55.78364000000002
1.5200160000000011,55.7843899999999
1.5760160000000183,55.78524000000007
1.6320160000000357,55.78615000000009
1.6880160000000064,55.787119999999966
1.7440160000000235,55.788150000000144
1.8000159999999945,55.789210000000146
1.8560160000000117,55.79030000000018
1.9120160000000288,55.79140999999987
1.9680159999999998,55.79252999999995
1.9999920000000018,55.79318999999994
0.005592000000026723,55.81669999999983
0.016792000000030158,55.85773999999999
0.039191999999990706,55.742750000000065
0.08399200000000445,53.69970000000013
0.13999200000002163,46.59136000000008
0.19599199999999248,34.15137999999995
0.25199200000000965,16.98643
0.2575920000000345,14.995239999999965
0.26879199999999165,10.94741999999993
0.2911919999999985,2.6443800000000017
0.3359920000000123,-13.538800000000073
0.39199200000002943,-31.273410000000055
0.4479920000000003,-45.27418999999999
0.5039920000000175,-55.520809999999976
0.5599920000000347,-62.49589000000011
0.6159920000000055,-66.88150000000005
0.6719920000000227,-69.3737000000001
0.7279919999999935,-70.57703999999987
0.7839920000000107,-70.96471999999987
0.8399920000000279,-70.87912000000007
0.8959919999999988,-70.55198000000007
0.9519920000000159,-70.12989000000003
0.9999840000000281,-69.7583799999999
1.0055840000000067,-69.73967999999986
1.0167840000000101,-69.69730000000007
1.039184000000017,-69.42219999999999
1.0839840000000307,-67.08991999999992
1.1399840000000017,-59.67730000000016
1.1959840000000188,-46.98820000000015
1.251984000000036,-29.617459999999873
1.2575840000000145,-27.607909999999958
1.268784000000018,-23.52401000000004
1.2911840000000248,-15.15310000000003
1.3359839999999923,1.147330000000002
1.3919840000000094,18.99563999999998
1.4479840000000266,33.08000999999994
1.5039839999999973,43.38795000000006
1.5599840000000147,50.40795000000009
1.6159840000000318,54.826440000000034
1.6719840000000026,57.34285999999989
1.7279840000000197,58.56434999999993
1.7839839999999907,58.96587999999991
1.8399840000000078,58.891110000000026
1.895984000000025,58.57255000000006
1.951983999999996,58.15740999999996
1.999976000000008,57.79086000000011
0.005576000000032945,57.77268000000002
0.01677600000003638,57.731169999999835
0.03917599999999693,57.45671000000008
0.08397600000001067,55.1207199999999
0.13997600000002786,47.69888
0.1959759999999987,35.00382999999996
0.2519760000000159,17.637030000000166
0.2575759999999944,15.628589999999942
0.26877599999999785,11.54711999999991
0.29117600000000476,3.1818500000000416
0.3359760000000185,-13.107660000000187
0.3919760000000357,-30.946109999999916
0.44797600000000654,-45.02490000000003
0.5039760000000237,-55.329780000000106
0.5599759999999946,-62.34819999999996
0.6159760000000117,-66.76599999999988
0.6719760000000289,-69.2821400000001
0.7279759999999997,-70.50332000000003
0.783976000000017,-70.90434999999995
0.8399760000000341,-70.82878999999997
0.895976000000005,-70.50924999999997
0.9519760000000221,-70.09295000000004
1.007975999999993,-69.66633999999993
1.0639760000000102,-69.2749800000001
1.1199760000000274,-68.93861999999996
1.1759759999999981,-68.66181000000005
1.2319760000000155,-68.44094000000011
1.2879760000000327,-68.26869999999997
1.3439760000000034,-68.13669
1.3999760000000205,-68.03679000000007
1.4559759999999915,-67.96195000000016
1.5119760000000086,-67.90620000000014
1.5679760000000258,-67.86486999999997
1.6239759999999968,-67.83427999999981
1.679976000000014,-67.81165000000011
1.735976000000031,-67.79486000000001
1.791976000000002,-67.78238999999986
1.8479760000000192,-67.77308000000004
1.9039760000000363,-67.76610000000005
1.959976000000007,-67.76084000000004
1.6000000032138808e-05,-67.75790000000015
0.005616000000010696,-67.7809600000001
0.016816000000014132,-67.8212199999999
0.039216000000021005,-67.70579
0.08401600000003474,-65.66694000000007
0.1400160000000056,-58.56865
0.19601600000002278,-46.135739999999984
0.25201599999999363,-28.968219999999878
0.2576160000000185,-26.97605999999997
0.2688160000000219,-22.92609999999984
0.29121600000002884,-14.618029999999838
0.33601599999999626,1.5749700000000644
0.3920160000000134,19.31821
0.4480160000000306,33.32362999999994
0.5040160000000015,43.57269999999991
0.5600160000000186,50.54899000000002
0.6160160000000358,54.93513000000006
0.6720160000000067,57.42758000000015
0.7280160000000239,58.631279999999954
0.7840159999999947,59.01957000000002
0.8400160000000119,58.9348799999998
0.896016000000029,58.60886000000009
0.9520159999999999,58.188080000000085
1.0080160000000171,57.75847999999995
1.0640160000000343,57.3651799999999
1.1200160000000052,57.02771000000006
1.1760160000000224,56.750360000000114
1.2320159999999931,56.52937999999996
1.2880160000000103,56.35734000000014
1.3440160000000274,56.225760000000015
1.4000159999999984,56.12645999999999
1.4560160000000155,56.052320000000044
1.5120160000000327,55.99736000000011
1.5680160000000036,55.956909999999915
1.6240160000000208,55.927220000000055
1.6800159999999915,55.90551999999982
1.7360160000000089,55.88970000000004
1.792016000000026,55.878209999999925
1.8480159999999968,55.86987000000021
1.904016000000014,55.86389999999986
1.9600160000000313,55.85964999999993
0.016016000000002046,55.85668999999993
0.07201600000001923,55.85467999999993
0.1280160000000364,55.8534100000001
0.18401600000000726,55.8526800000001
0.24001600000002443,55.852379999999926
0.2960159999999953,55.852399999999804
0.3520160000000125,55.85266999999994
0.40801600000002963,55.85312000000009
0.4640160000000005,55.85375000000003
0.5200160000000177,55.85446999999988
0.5760160000000348,55.85530999999988
0.6320160000000057,55.85620999999996
0.6880160000000229,55.857180000000064
0.7440159999999938,55.858179999999976
0.8000160000000109,55.85923000000004
0.8560160000000281,55.86030999999991
0.9120159999999989,55.86141000000011
0.9680160000000162,55.862529999999964
0.9999920000000183,55.863180000000014
1.005591999999997,55.88670000000007
1.0167920000000004,55.92773000000007
1.0391920000000072,55.81274000000014
1.083992000000021,53.76972000000002
1.1399919999999917,46.661429999999896
1.195992000000009,34.221440000000044
1.2519920000000262,17.05639999999997
1.2575920000000047,15.06520999999994
1.2687920000000081,11.017360000000087
1.291192000000015,2.714249999999918
1.3359920000000287,-13.469049999999871
1.3919919999999997,-31.203770000000077
1.4479920000000168,-45.20463000000019
1.503992000000034,-55.45130999999981
1.5599920000000047,-62.42641999999998
1.615992000000022,-66.81206999999989
1.6719919999999928,-69.30426999999995
1.72799200000001,-70.5076200000001
1.7839920000000271,-70.89531000000005
1.839991999999998,-70.80971000000002
1.8959920000000152,-70.48257999999996
1.9519920000000324,-70.06050000000008
0.007992000000003264,-69.62948000000013
0.06399200000002045,-69.23469999999998
0.1199919999999913,-68.89570000000012
0.17599200000000847,-68.61682000000013
0.23199200000002565,-68.39432999999984
0.28799199999999653,-68.22081000000013
0.3439920000000137,-68.08777999999992
0.3999920000000309,-67.98708999999991
0.45599200000000173,-67.91159000000002
0.5119920000000189,-67.85533
0.5679920000000361,-67.81360999999997
0.623992000000007,-67.7826800000001
0.6799920000000241,-67.75978999999998
0.735991999999995,-67.74278999999983
0.7919920000000121,-67.73015999999998
0.8479920000000293,-67.72069999999997
0.9039920000000001,-67.71362000000013
0.9599920000000174,-67.70827000000001
1.0159920000000346,-67.70423999999986
1.0719920000000054,-67.70116000000014
1.1279920000000225,-67.6988300000001
1.1839919999999935,-67.69705999999998
1.2399920000000106,-67.69570999999996
1.2959920000000278,-67.69468
1.3519919999999988,-67.69393000000012
1.407992000000016,-67.69336000000004
1.463992000000033,-67.6929599999998
1.5199920000000038,-67.69267
1.575992000000021,-67.69249999999994
1.631991999999992,-67.69238
1.687992000000009,-67.69234999999996
1.7439920000000262,-67.6923599999999
1.7999919999999971,-67.69240000000009
1.8559920000000143,-67.69248999999999
1.9119920000000314,-67.6926
1.9679920000000024,-67.69272999999987
2.4000000022332966e-05,-67.69281000000005
0.00562400000000089,-67.71625000000014
0.016824000000004325,-67.75723999999994
0.039224000000011194,-67.64316000000004
0.08402400000002494,-65.60662000000006
0.1400239999999958,-58.510649999999885
0.19602400000001297,-46.07959000000017
0.25202400000003017,-28.913589999999935
0.25762400000000873,-26.92157000000006
0.26882400000001216,-22.87188000000007
0.291224000000019,-14.564319999999853
0.33602400000003274,1.627759999999867
0.3920240000000036,19.370050000000028
0.4480240000000208,33.37472000000008
0.5040239999999917,43.62320000000008
0.5600240000000088,50.59901999999994
0.616024000000026,54.984790000000004
0.6720239999999968,57.47695000000008
0.728024000000014,58.680410000000016
0.7840240000000313,59.06853000000001
0.8400240000000021,58.98368999999981
0.8960240000000192,58.65755999999989
0.9520240000000364,58.23668999999998
1.0000160000000022,57.86632000000003
1.0056160000000272,57.847739999999924
1.0168160000000306,57.80549000000001
1.039215999999991,57.52964999999999
1.084016000000005,55.19132000000005
1.1400160000000221,47.76726000000009
1.1960159999999929,35.070579999999964
1.25201600000001,17.702550000000095
1.257616000000035,15.694019999999975
1.2688159999999922,11.612350000000049
1.291215999999999,3.246709999999986
1.3360160000000127,-13.043369999999888
1.39201600000003,-30.882379999999987
1.4480160000000006,-44.961579999999834
1.504016000000018,-55.26677999999996
1.5600160000000352,-62.285460000000015
1.616016000000006,-66.70350000000002
1.672016000000023,-69.21981000000011
1.728015999999994,-70.44116000000011
1.7840160000000111,-70.84232000000013
1.8400160000000283,-70.76687000000015
1.8960159999999993,-70.44742000000004
1.9520160000000164,-70.03118999999991
8.000000028554661e-06,-69.66359999999993
0.005608000000007112,-69.64531000000007
0.016808000000010547,-69.60367999999994
0.039208000000017416,-69.33001000000006
0.08400800000003115,-67.00017999999997
0.14000800000000202,-59.590050000000176
0.1960080000000192,-46.90299999999992
0.25200800000003637,-29.534029999999987
0.25760800000001494,-27.52464999999993
0.26880800000001837,-23.441070000000064
0.2912080000000252,-15.07079999999994
0.33600799999999265,1.2285000000000768
0.39200800000000985,19.075629999999897
0.448008000000027,33.15906000000002
0.5040079999999979,43.46628000000008
0.560008000000015,50.48573000000012
0.6160080000000322,54.903809999999886
0.672008000000003,57.41989999999997
0.7280080000000203,58.64113999999998
0.7840079999999912,59.04251000000005
0.8400080000000083,58.96756999999986
0.8960080000000255,58.64890999999983
0.9520079999999963,58.23369999999994
1.0000000000000084,57.86710000000017
1.0056000000000334,57.84889000000004
1.0167999999999906,57.80739000000001
1.0391999999999975,57.53291000000016
1.0840000000000112,55.19693999999986
1.1400000000000283,47.77520000000002
1.195999999999999,35.08029000000001
1.2520000000000164,17.713599999999996
1.257599999999995,15.705159999999996
1.2687999999999984,11.623720000000004
1.2912000000000052,3.2584799999999525
1.336000000000019,-13.030949999999875
1.392000000000036,-30.86929000000005
1.448000000000007,-44.94796999999995
1.5040000000000242,-55.252740000000024
1.559999999999995,-62.27107999999993
1.616000000000012,-66.68881999999998
1.6720000000000295,-69.20491000000007
1.7280000000000002,-70.42606000000018
1.7840000000000173,-70.82706999999999
1.8400000000000345,-70.75150000000008
1.8960000000000055,-70.43193999999997
1.9520000000000226,-70.01563999999982
0.007999999999993459,-69.58905000000004
0.06400000000001063,-69.19768000000003
0.12000000000002782,-68.86134999999993
0.17599999999999866,-68.58452999999986
0.23200000000001586,-68.36368999999998
0.288000000000033,-68.19144999999982
0.34400000000000386,-68.05945000000003
0.40000000000002106,-67.95958000000013
0.4559999999999919,-67.88474
0.5120000000000091,-67.82901000000008
0.5680000000000263,-67.7877
0.6239999999999971,-67.75713000000016
0.6800000000000143,-67.7345100000002
0.7360000000000315,-67.71773999999996
0.7920000000000024,-67.70527999999997
0.8480000000000195,-67.69597999999988
0.9039999999999904,-67.68901999999999
0.9600000000000075,-67.68377999999986
0.9999840000000147,-67.68084999999991
1.0055839999999934,-67.70390999999987
1.0167839999999968,-67.74417999999982
1.0391840000000037,-67.62873999999996
1.0839840000000174,-65.58985000000006
1.1399840000000345,-58.491510000000076
1.1959840000000053,-46.05860000000006
1.2519840000000226,-28.891149999999975
1.2575840000000011,-26.899009999999947
1.2687840000000046,-22.849059999999977
1.2911840000000114,-14.541059999999995
1.3359840000000252,1.6518100000000313
1.3919839999999961,19.394909999999932
1.4479840000000133,33.40021999999987
1.5039840000000304,43.64921999999982
1.5599840000000011,50.62546000000001
1.6159840000000183,55.01154999999991
1.6719840000000357,57.50398000000012
1.7279840000000064,58.70763999999995
1.7839840000000236,59.09593000000002
1.8399839999999945,59.01121999999992
1.8959840000000117,58.685199999999995
1.9519840000000288,58.26439999999988
0.00798399999999968,57.8347899999998
0.06398400000001686,57.44148000000004
0.11998400000003404,57.10400999999998
0.1759840000000049,56.826640000000154
0.23198400000002206,56.60566
0.2879839999999929,56.43361999999996
0.3439840000000101,56.302030000000116
0.39998400000002726,56.20272000000015
0.4559839999999981,56.128579999999985
0.5119840000000153,56.07361999999982
0.5679840000000325,56.03316000000014
0.6239840000000033,56.00346000000012
0.6799840000000206,55.98177000000004
0.7359839999999914,55.9659400000001
0.7919840000000086,55.95442999999989
0.8479840000000257,55.94611000000005
0.9039839999999966,55.940130000000195
0.9599840000000138,55.93587000000011
1.0000239999999925,55.93365000000006
1.0056240000000174,55.95678999999998
1.0168240000000208,55.99711000000007
1.0392240000000277,55.88077000000013
1.084023999999995,53.835489999999986
1.1400240000000124,46.72502999999995
1.1960240000000295,34.283429999999896
1.2520240000000002,17.117180000000065
1.2576240000000252,15.125889999999975
1.2688240000000286,11.077839999999783
1.2912240000000355,2.774370000000026
1.336024000000003,-13.409539999999831
1.3920240000000201,-31.144860000000165
1.4480239999999909,-45.14617999999992
1.504024000000008,-55.39322999999996
1.5600240000000254,-62.368639999999864
1.6160239999999961,-66.75452999999987
1.6720240000000133,-69.24695999999986
1.7280240000000304,-70.45050000000019
1.7840240000000014,-70.83835000000005
1.8400240000000185,-70.75289000000006
1.8960240000000357,-70.42586000000006
1.9520240000000066,-70.00387000000008
1.600000001874882e-05,-69.63242999999997
0.0056159999999973054,-69.61375000000002
0.01681600000000074,-69.57137999999996
0.03921600000000761,-69.29629000000004
0.08401600000002135,-66.96398999999987
0.1400159999999922,-59.55131000000002
0.19601600000000938,-46.86220000000007
0.25201600000002655,-29.491570000000024
0.2576160000000051,-27.482029999999824
0.26881600000000855,-23.398170000000107
0.2912160000000154,-15.027370000000095
0.3360160000000292,1.2729000000000212
0.39201600000000003,19.121009999999885
0.44801600000001723,33.205249999999964
0.5040160000000344,43.513090000000034
0.5600160000000053,50.53302999999998
0.6160160000000224,54.95147999999994
0.6720159999999933,57.46786999999998
0.7280160000000104,58.68934000000014
0.7840160000000276,59.090859999999964
0.8400159999999985,59.01606000000004
0.8960160000000157,58.69750000000007
0.9520160000000328,58.28235000000004
1.0000079999999987,57.91579999999996
1.0056080000000236,57.8976
1.016808000000027,57.85609999999997
1.0392080000000339,57.58163999999999
1.0840080000000014,55.245719999999835
1.1400080000000186,47.82401000000003
1.1960080000000357,35.129069999999984
1.2520080000000064,17.76226000000003
1.2576080000000314,15.75382000000003
1.2688080000000348,11.672349999999998
1.2912079999999955,3.3070300000002106
1.3360080000000092,-12.982539999999876
1.3920080000000263,-30.821029999999805
1.448007999999997,-44.89981999999992
1.5040080000000144,-55.20468000000012
1.5600080000000316,-62.223080000000095
1.6160080000000023,-66.64087000000008
1.6720080000000195,-69.15698000000003
1.7280080000000366,-70.37815999999997
1.7840080000000076,-70.77917000000001
1.8400080000000247,-70.70361000000003
1.8960079999999957,-70.38407000000002
1.9520080000000128,-69.96776999999987
0.008008000000029976,-69.5411800000001
0.06400800000000083,-69.14982000000003
0.120008000000018,-68.8134800000002
0.1760080000000352,-68.53668000000002
0.23200800000000604,-68.31582999999996
0.28800800000002325,-68.14361000000014
0.3440079999999941,-68.0116100000001
0.40000800000001124,-67.91174
0.45600800000002845,-67.83690000000009
0.5120079999999992,-67.78117999999989
0.5680080000000165,-67.73987000000004
0.6240080000000336,-67.70929000000004
0.6800080000000045,-67.68667000000006
0.7360080000000216,-67.66990000000006
0.7920079999999925,-67.65745000000001
0.8480080000000098,-67.64815000000013
0.9040080000000269,-67.64119000000002
0.9600079999999978,-67.63594000000018
0.9999920000000049,-67.63301
1.0055920000000298,-67.65607999999989
1.0167920000000332,-67.69634000000013
1.0391919999999937,-67.58089999999983
1.0839920000000076,-65.54196999999995
1.1399920000000248,-58.443560000000176
1.1959919999999955,-46.010560000000034
1.2519920000000127,-28.84303999999993
1.2575919999999914,-26.8508999999999
1.2687919999999948,-22.800960000000092
1.2911920000000017,-14.49293000000007
1.3359920000000154,1.6999600000000559
1.3919920000000325,19.443089999999998
1.4479920000000033,33.44845000000007
1.5039920000000206,43.6974699999999
1.5599919999999914,50.67375000000007
1.6159920000000085,55.05986000000007
1.6719920000000257,57.5523
1.7279919999999966,58.75596999999999
1.7839920000000138,59.14425999999984
1.839992000000031,59.05954999999996
1.895992000000002,58.73351999999987
1.951992000000019,58.312729999999924
0.007992000000036196,57.88312000000006
0.06399200000000706,57.48980999999986
0.11999200000002423,57.152319999999925
0.1759919999999951,56.87495000000009
0.23199200000001227,56.653960000000005
0.28799200000002945,56.48191000000003
0.3439920000000003,56.350320000000174
0.3999920000000175,56.25100000000005
0.45599200000003465,56.176849999999945
0.5119920000000056,56.12189000000001
0.5679920000000227,56.08141
0.6239919999999936,56.05170999999998
0.6799920000000107,56.0299999999998
0.735992000000028,56.014159999999926
0.7919919999999988,56.00266000000009
0.847992000000016,55.99431999999993
0.9039920000000331,55.98834000000008
0.959992000000004,55.98407999999999
0.9999760000000112,55.98185999999994
1.005576000000036,56.00499000000014
1.0167759999999932,56.045310000000015
1.039176,55.92896999999986
1.0839760000000138,53.88370999999981
1.139976000000031,46.77328000000003
1.1959760000000017,34.33167999999998
1.2519760000000189,17.165389999999945
1.2575759999999976,15.174089999999918
1.268776000000001,11.126030000000009
1.2911760000000079,2.8225299999999898
1.3359760000000216,-13.361459999999825
1.3919759999999923,-31.096859999999893
1.4479760000000097,-45.098209999999916
1.5039760000000268,-55.34528999999999
1.5599759999999976,-62.320729999999934
1.6159760000000147,-66.70664000000004
1.671976000000032,-69.19907999999997
1.7279760000000028,-70.40263000000002
1.78397600000002,-70.7904800000001
1.839975999999991,-70.70501999999989
1.895976000000008,-70.3779899999999
1.9519760000000252,-69.95601000000006
0.007975999999996096,-69.52508000000002
0.06397600000001327,-69.13036999999989
0.11997600000003045,-68.79144000000004
0.1759760000000013,-68.51260000000003
0.2319760000000185,-68.29017000000005
0.28797600000003565,-68.11667999999993
0.3439760000000065,-67.98368999999992
0.3999760000000237,-67.88302000000002
0.45597599999999455,-67.8075600000001
0.5119760000000118,-67.75132999999988
0.5679760000000289,-67.70962000000003
0.6239759999999998,-67.67872999999992
0.6799760000000169,-67.65584999999996
0.7359760000000342,-67.63886999999991
0.791976000000005,-67.62625
0.8479760000000222,-67.61681000000009
0.903975999999993,-67.6097400000002
0.9599760000000102,-67.60440999999994
1.0159760000000273,-67.60038999999995
1.0719759999999983,-67.59734000000006
1.1279760000000154,-67.59501000000002
1.1839760000000326,-67.59325000000005
1.2399760000000035,-67.59192000000014
1.2959760000000207,-67.59091000000006
1.3519759999999914,-67.59015999999995
1.4079760000000086,-67.58960999999996
1.463976000000026,-67.58922000000011
1.5199759999999967,-67.58894999999998
1.5759760000000138,-67.58879000000006
1.631976000000031,-67.58869000000001
1.687976000000002,-67.58867000000012
1.743976000000019,-67.58869000000001
1.7999760000000362,-67.58876000000002
1.8559760000000072,-67.58885000000015
1.9119760000000243,-67.58897000000007
1.967975999999995,-67.58910999999989
0.023976000000012328,-67.58927999999997
0.07997600000002951,-67.58945000000006
0.13597600000000037,-67.58963000000007
0.19197600000001755,-67.58982999999996
0.24797600000003472,-67.59003000000008
0.3039760000000056,-67.59023999999991
0.3599760000000228,-67.59044999999998
0.41597599999999363,-67.59066000000003
0.4719760000000108,-67.59088000000003
0.527976000000028,-67.59110000000001
0.5839759999999988,-67.59133000000017
0.639976000000016,-67.59154999999994
0.6959760000000331,-67.59176999999994
0.7519760000000041,-67.59199999999987
0.8079760000000212,-67.59223000000003
0.8639759999999921,-67.59245000000003
0.9199760000000092,-67.5926899999999
0.9759760000000264,-67.59290999999989
0.9999999999999951,-67.59300999999995
1.00560000000002,-67.61645999999999
1.0168000000000235,-67.65745999999994
1.0392000000000303,-67.54340999999985
1.0839999999999976,-65.5068700000001
1.140000000000015,-58.410889999999995
1.1960000000000321,-45.97988999999991
1.2520000000000029,-28.814069999999916
1.2576000000000278,-26.82208000000008
1.2688000000000312,-22.772430000000064
1.2911999999999917,-14.464990000000011
1.3360000000000056,1.7268599999999967
1.3920000000000228,19.4688999999999
1.4479999999999935,33.47338999999994
1.5040000000000107,43.72171999999996
1.560000000000028,50.697439999999986
1.6159999999999988,55.08313000000009
1.672000000000016,57.57523000000009
1.728000000000033,58.77866999999992
1.784000000000004,59.16674999999994
1.8400000000000212,59.08190000000002
1.8959999999999921,58.75574999999999
1.9520000000000093,58.33487000000015
0.00800000000002639,57.905180000000115
0.06399999999999725,57.51181999999999
0.12000000000001443,57.17428999999985
0.1760000000000316,56.89688999999998
0.23200000000000245,56.67590000000011
0.28800000000001963,56.503830000000036
0.34400000000003683,56.37223000000002
0.4000000000000077,56.2729099999999
0.45600000000002483,56.198760000000014
0.5119999999999957,56.14379999999986
0.5680000000000129,56.10333000000001
0.6240000000000301,56.07364000000015
0.6800000000000009,56.05194000000013
0.7360000000000181,56.03611999999991
0.7920000000000352,56.02461999999986
0.8480000000000061,56.016300000000015
0.9040000000000233,56.01032999999988
0.9599999999999942,56.00607000000002
1.0160000000000113,56.00311000000002
1.0720000000000285,56.00112000000013
1.1279999999999994,55.99984999999985
1.1840000000000166,55.99912000000007
1.2400000000000337,55.998809999999956
1.2960000000000045,55.998829999999835
1.3520000000000219,55.99909999999997
1.4079999999999926,55.99956000000006
1.4640000000000097,56.000180000000064
1.5200000000000269,56.00090999999985
1.5759999999999978,56.00173999999991
1.632000000000015,56.00263999999999
1.6880000000000321,56.00360999999987
1.744000000000003,56.004610000000014
1.8000000000000203,56.00565999999985
1.855999999999991,56.006739999999944
1.9120000000000084,56.007840000000144
1.9680000000000255,56.008950000000056
1.9999760000000275,56.009600000000106
0.005576000000006165,56.03310999999999
0.0167760000000096,56.07416000000009
0.03917600000001647,55.95916999999994
0.08397600000003022,53.91624999999989
0.13997600000000107,46.808139999999995
0.19597600000001825,34.368310000000065
0.25197600000003545,17.20334000000001
0.25757600000001396,15.212160000000141
0.26877600000001745,11.164289999999966
0.2911760000000243,2.8611800000000187
0.3359759999999917,-13.322139999999871
0.3919760000000089,-31.05685999999985
0.4479760000000261,-45.05766000000011
0.5039759999999969,-55.30428000000009
0.5599760000000141,-62.279329999999966
0.6159760000000313,-66.66492999999996
0.6719760000000021,-69.15711000000013
0.7279760000000193,-70.3604499999999
0.7839760000000365,-70.7481200000002
0.8399760000000074,-70.66251999999994
0.8959760000000245,-70.33538000000017
0.9519759999999954,-69.91331999999994
1.0079760000000126,-69.48231000000015
1.0639760000000298,-69.08754000000017
1.1199760000000005,-68.74856000000018
1.1759760000000177,-68.46970000000007
1.231976000000035,-68.24724000000005
1.2879760000000058,-68.07373000000005
1.343976000000023,-67.94074000000006
1.399975999999994,-67.84005999999998
1.455976000000011,-67.7645899999999
1.5119760000000282,-67.70834999999997
1.5679759999999991,-67.66665000000005
1.6239760000000163,-67.63575
1.6799760000000334,-67.6128800000002
1.7359760000000042,-67.59589999999993
1.7919760000000216,-67.58328000000003
1.8479759999999923,-67.57385000000005
1.9039760000000094,-67.56677999999994
1.9599760000000266,-67.56145000000014
0.015975999999997516,-67.55744000000008
0.0719760000000147,-67.55438000000002
0.12797600000003187,-67.55206999999986
0.18397600000000272,-67.55029999999995
0.2399760000000199,-67.5489800000002
0.29597599999999075,-67.54798000000007
0.35197600000000795,-67.54724000000012
0.4079760000000251,-67.54667999999997
0.463975999999996,-67.54629999999983
0.5199760000000132,-67.54604000000009
0.5759760000000304,-67.54587000000001
0.6319760000000012,-67.5457799999999
0.6879760000000184,-67.54575999999979
0.7439760000000355,-67.5457799999999
0.7999760000000063,-67.54585999999985
0.8559760000000236,-67.54594999999996
0.9119759999999945,-67.54608000000006
0.9679760000000116,-67.54621999999988
1.0239760000000289,-67.54638000000001
1.0799759999999996,-67.54655999999981
1.1359760000000168,-67.54674000000006
1.191976000000034,-67.54695000000011
1.2479760000000049,-67.54715
1.303976000000022,-67.5473499999999
1.359975999999993,-67.5475700000001
1.4159760000000101,-67.54777999999995
1.4719760000000273,-67.54800999999988
1.527975999999998,-67.54822999999988
1.5839760000000154,-67.54846000000003
1.6399760000000325,-67.54868999999997
1.6959760000000033,-67.54890999999996
1.7519760000000204,-67.54915000000005
1.8079759999999914,-67.54937999999999
1.8639760000000085,-67.54959999999998
1.9199760000000257,-67.54984000000009
1.9759759999999966,-67.55007000000002
0.03197600000001374,-67.5503099999999
0.08797600000003092,-67.55053999999983
0.14397600000000177,-67.55076999999999
0.19997600000001897,-67.55100999999985
0.2559760000000361,-67.55124
0.31197600000000697,-67.55146999999995
0.3679760000000242,-67.55171000000004
0.423975999999995,-67.55195000000013
0.4799760000000122,-67.55218000000008
0.5359760000000294,-67.55241999999994
0.5919760000000003,-67.5526500000001
0.6479760000000174,-67.55288999999998
0.7039760000000346,-67.55312000000013
0.7599760000000054,-67.55336000000001
0.8159760000000227,-67.5536000000001
0.8719759999999935,-67.55383000000003
0.9279760000000107,-67.55407999999986
0.9839760000000278,-67.55431
0.9999919999999916,-67.55438000000002
1.0055920000000165,-67.57783000000006
1.01679200000002,-67.61883999999996
1.0391920000000268,-67.50477999999993
1.083991999999994,-65.46821999999986
1.1399920000000112,-58.37223000000002
1.1959920000000286,-45.941250000000046
1.2519919999999993,-28.775489999999905
1.2575920000000242,-26.78351999999995
1.2687920000000277,-22.733899999999974
1.2911920000000345,-14.42650000000012
1.3359920000000018,1.7652399999998902
1.3919920000000192,19.507170000000016
1.4479920000000364,33.511569999999935
1.503992000000007,43.759830000000164
1.5599920000000242,50.735509999999984
1.6159919999999952,55.12117000000005
1.6719920000000124,57.61325999999989
1.7279920000000295,58.81665999999996
1.7839920000000005,59.20474999999992
1.8399920000000176,59.11988000000012
1.8959920000000348,58.793730000000096
1.9519920000000057,58.37283999999987
1.9999840000000177,58.00245000000004
0.005583999999996359,57.98387999999988
0.016783999999999796,57.94162999999997
0.039184000000006665,57.66578999999994
0.0839840000000204,55.327560000000055
0.13998399999999125,47.903680000000115
0.19598400000000843,35.20718999999994
0.25198400000002563,17.839280000000013
0.2575840000000042,15.830750000000116
0.26878400000000763,11.749100000000068
0.2911840000000145,3.3834800000001053
0.3359840000000282,-12.906570000000173
0.3919839999999991,-30.745500000000092
0.44798400000001626,-44.8246000000001
0.5039840000000334,-55.12967999999985
0.5599840000000043,-62.148270000000004
0.6159840000000215,-66.56624
0.6719839999999924,-69.0825100000001
0.7279840000000095,-70.30383000000006
0.7839840000000267,-70.70496999999997
0.8399839999999975,-70.6294999999999
0.8959840000000148,-70.31005000000002
0.9519840000000319,-69.89382999999982
1.0079840000000027,-69.46732
1.06398400000002,-69.07602000000001
1.1199839999999908,-68.73973999999983
1.175984000000008,-68.46297999999985
1.231984000000025,-68.24217999999993
1.287983999999996,-68.06999000000013
1.3439840000000132,-67.9380300000001
1.3999840000000303,-67.83819000000003
1.4559840000000013,-67.76339000000009
1.5119840000000184,-67.70769000000021
1.5679840000000356,-67.66641000000018
1.6239840000000065,-67.63586
1.6799840000000237,-67.61327000000006
1.7359839999999944,-67.59651999999994
1.7919840000000116,-67.58408999999999
1.8479840000000287,-67.57480999999999
1.9039839999999997,-67.56787999999992
1.9599840000000168,-67.56265000000016
0.015984000000034033,-67.55872000000008
0.07198400000000489,-67.55573999999997
0.12798400000002208,-67.55348999999988
0.18398399999999293,-67.5517699999999
0.2399840000000101,-67.55050000000007
0.2959840000000273,-67.54952000000003
0.35198399999999813,-67.5488099999999
0.40798400000001533,-67.54830000000011
0.4639840000000325,-67.54794000000008
0.5199840000000033,-67.54769000000005
0.5759840000000205,-67.54755000000002
0.6319839999999913,-67.54748
0.6879840000000086,-67.54747000000006
0.7439840000000257,-67.54751000000003
0.7999839999999966,-67.54758999999999
0.8559840000000137,-67.54770999999992
0.911984000000031,-67.54784000000002
0.9679840000000018,-67.5480100000001
1.0000160000000218,-67.54811000000016
1.0056160000000003,-67.5715400000001
1.0168160000000037,-67.61254000000005
1.0392160000000108,-67.49845999999992
1.0840160000000245,-65.46185999999987
1.1400159999999953,-58.36582000000013
1.1960160000000124,-45.93479999999994
1.2520160000000295,-28.769009999999984
1.2576160000000083,-26.77702999999987
1.2688160000000117,-22.727399999999953
1.2912160000000186,-14.4200000000001
1.3360160000000323,1.7717799999998896
1.392016000000003,19.513739999999835
1.4480160000000202,33.51814999999991
1.5040159999999911,43.76643999999996
1.5600160000000083,50.74212999999994
1.6160160000000254,55.12779000000001
1.6720159999999964,57.619890000000005
1.7280160000000135,58.823300000000025
1.7840160000000307,59.211380000000034
1.8400160000000017,59.12651999999996
1.8960160000000188,58.80036000000022
1.952016000000036,58.37946999999999
8.000000001774688e-06,58.00907999999993
0.005608000000026653,57.99050999999999
0.01680800000003009,57.94825999999986
0.03920800000003696,57.67243
0.08400800000000438,55.33418000000001
0.14000800000002156,47.91031000000001
0.1960079999999924,35.21381000000012
0.2520080000000096,17.845899999999972
0.2576080000000345,15.837359999999912
0.2688079999999916,11.755699999999925
0.29120799999999847,3.390079999999962
0.3360080000000122,-12.899989999999972
0.3920080000000294,-30.738930000000053
0.44800800000000024,-44.81804
0.5040080000000174,-55.12315000000001
0.5600080000000346,-62.14174999999989
0.6160080000000054,-66.55971999999988
0.6720080000000226,-69.07598999999998
0.7280079999999934,-70.29730999999995
0.7840080000000107,-70.69846000000001
0.8400080000000278,-70.6230000000001
0.8960079999999987,-70.30354000000005
0.9520080000000158,-69.88733999999997
1.000000000000028,-69.51974000000006
1.0056000000000067,-69.50144999999996
1.0168000000000101,-69.45983999999994
1.039200000000017,-69.18615000000017
1.0840000000000307,-66.85625000000006
1.1400000000000015,-59.44601000000005
1.1960000000000186,-46.75894000000014
1.252000000000036,-29.390099999999862
1.2576000000000145,-27.380740000000124
1.268800000000018,-23.297209999999957
1.2912000000000248,-14.927059999999992
1.335999999999992,1.3720299999999686
1.3920000000000092,19.21890999999998
1.4480000000000266,33.30217000000002
1.5039999999999973,43.609260000000205
1.5600000000000145,50.628609999999966
1.6160000000000316,55.04662999999987
1.6720000000000026,57.56269000000014
1.7280000000000197,58.78390000000011
1.784000000000037,59.185229999999976
1.8400000000000079,59.11029999999995
1.896000000000025,58.791609999999885
1.9519999999999957,58.3763799999999
0.008000000000013,57.951009999999805
0.06400000000003019,57.560959999999994
0.12000000000000104,57.22598999999984
0.17600000000001823,56.95059000000002
0.2320000000000354,56.731139999999904
0.28800000000000625,56.56028000000002
0.34400000000002345,56.42963999999995
0.3999999999999943,56.331069999999926
0.45600000000001145,56.25752000000017
0.5120000000000287,56.20303000000004
0.5679999999999995,56.162939999999885
0.6240000000000167,56.13353999999981
0.6800000000000338,56.11206999999996
0.7360000000000048,56.09642000000004
0.7920000000000219,56.08506999999996
0.8479999999999928,56.07686000000012
0.9040000000000099,56.070969999999946
0.960000000000027,56.066780000000094
1.015999999999998,56.063869999999795
1.0720000000000152,56.061899999999994
1.1280000000000323,56.060649999999825
1.1840000000000033,56.0599300000002
1.2400000000000204,56.059639999999966
1.2959999999999912,56.059660000000065
1.3520000000000083,56.05992999999998
1.4080000000000255,56.06039000000007
1.4639999999999964,56.060989999999975
1.5200000000000136,56.06170999999982
1.5760000000000307,56.062539999999885
1.6320000000000017,56.063429999999805
1.6880000000000188,56.0643799999998
1.744000000000036,56.06537
1.800000000000007,56.0664099999999
1.856000000000024,56.06747000000012
1.9119999999999948,56.068559999999934
1.968000000000012,56.06964999999997
0.02400000000002923,56.070770000000046
0.08000000000000008,56.07190000000006
0.13600000000001727,56.07304000000002
0.19200000000003445,56.074189999999916
0.2480000000000053,56.07534999999997
0.3040000000000225,56.07650000000008
0.3599999999999933,56.077659999999916
0.41600000000001053,56.07881999999997
0.4720000000000277,56.07997999999981
0.5279999999999986,56.08115000000002
0.5840000000000157,56.08232000000002
0.6400000000000329,56.08348000000007
0.6960000000000037,56.08465000000007
0.752000000000021,56.08581000000012
0.8079999999999918,56.0869799999999
0.864000000000009,56.08815000000011
0.9200000000000261,56.08931000000017
0.975999999999997,56.09047999999994
1.0320000000000142,56.09164
1.0880000000000314,56.09280999999999
1.1440000000000021,56.09397999999999
1.2000000000000195,56.095129999999884
1.2560000000000366,56.09628999999994
1.3120000000000074,56.097449999999995
1.3680000000000245,56.09861999999999
1.4239999999999955,56.099780000000045
1.4800000000000126,56.1009400000001
1.5360000000000298,56.10208999999999
1.5920000000000007,56.10325999999999
1.648000000000018,56.10440999999988
1.704000000000035,56.105569999999936
1.7600000000000058,56.10672999999999
1.8160000000000232,56.10787999999989
1.871999999999994,56.10903999999994
1.928000000000011,56.1102
1.9840000000000282,56.111350000000115
1.599999999196885e-05,56.11166999999995
0.005616000000016848,56.13519
0.016816000000020283,56.17623999999988
0.03921600000002715,56.06126999999983
0.08401599999999458,54.018390000000196
0.14001600000001174,46.910299999999964
0.19601600000002894,34.47040000000001
0.2520159999999998,17.30518999999986
0.25761600000002466,15.31397000000001
0.2688160000000281,11.266049999999916
0.29121600000003495,2.962789999999993
0.33601600000000237,-13.220830000000072
0.39201600000001957,-30.955870000000107
0.4480160000000368,-44.95692000000018
0.5040160000000076,-55.203719999999954
0.5600160000000248,-62.17889999999993
0.6160159999999957,-66.56458999999981
0.6720160000000128,-69.05684000000001
0.72801600000003,-70.26021999999999
0.7840160000000008,-70.64793000000003
0.8400160000000181,-70.56235000000011
0.8960160000000352,-70.2352300000002
0.9520160000000061,-69.81316999999999
1.0080160000000233,-69.38217999999985
1.064015999999994,-68.98742999999996
1.1200160000000112,-68.64846000000013
1.1760160000000284,-68.36959000000009
1.2320159999999993,-68.14714
1.2880160000000165,-67.97364000000017
1.3440160000000336,-67.84064999999995
1.4000160000000046,-67.73998000000003
1.4560160000000217,-67.66450999999995
1.5120159999999925,-67.60827999999997
1.5680160000000098,-67.5665700000001
1.624016000000027,-67.53567000000005
1.6800159999999977,-67.51280000000004
1.7360160000000149,-67.49581999999998
1.792016000000032,-67.48320000000008
1.848016000000003,-67.47376999999987
1.9040160000000201,-67.46669999999999
1.960015999999991,-67.46136999999996
1.9999999999999982,-67.45840000000003
0.005600000000023069,-67.48146
0.016800000000026506,-67.52169999999991
0.039200000000033375,-67.40622000000008
0.0840000000000008,-65.36713000000005
0.14000000000001797,-58.26840999999994
0.19600000000003515,-45.83512
0.252000000000006,-28.66742000000011
0.2576000000000309,-26.67526999999992
0.26880000000003434,-22.62531000000001
0.29119999999999485,-14.317270000000049
0.3360000000000086,1.8756600000000567
0.3920000000000258,19.618850000000077
0.4479999999999966,33.62430000000005
0.5040000000000139,43.87341
0.560000000000031,50.84974000000009
0.6160000000000019,55.23589000000007
0.672000000000019,57.72836000000004
0.7280000000000362,58.932060000000064
0.784000000000007,59.32034999999991
0.8400000000000243,59.23564000000003
0.8959999999999951,58.909600000000005
0.9520000000000123,58.48878999999996
0.9999920000000244,58.118450000000045
1.005592000000003,58.099879999999885
1.0167920000000064,58.057629999999975
1.0391920000000132,57.78181999999998
1.0839920000000272,55.44363000000008
1.139991999999998,48.019770000000015
1.195992000000015,35.32312999999987
1.2519920000000322,17.954880000000006
1.257592000000011,15.946299999999969
1.2687920000000144,11.864560000000024
1.2911920000000212,3.498719999999844
1.335992000000035,-12.79174999999988
1.3919920000000057,-30.63112999999995
1.4479920000000228,-44.710600000000156
1.5039919999999938,-55.01595000000003
1.559992000000011,-62.034739999999864
1.615992000000028,-66.45284000000018
1.671991999999999,-68.96919999999996
1.7279920000000162,-70.19058
1.7839920000000333,-70.59177000000005
1.8399920000000043,-70.51634000000018
1.8959920000000214,-70.1969
1.9519919999999922,-69.78070999999986
1.9999840000000044,-69.4131200000001
0.005584000000029291,-69.39483000000001
0.016784000000032728,-69.35322
0.03918399999999327,-69.07953
0.08398400000000703,-66.74954
0.1399840000000242,-59.33908999999993
0.19598399999999505,-46.65175999999982
0.25198400000001225,-29.282680000000116
0.2575840000000371,-27.273300000000056
0.26878399999999425,-23.18972999999991
0.2911840000000011,-14.819509999999925
0.3359840000000148,1.4797300000000124
0.39198400000003203,19.326810000000137
0.4479840000000029,33.410259999999916
0.5039840000000201,43.71751000000002
0.5599840000000372,50.73698000000015
0.6159840000000081,55.15508000000003
0.6719840000000252,57.67119999999992
0.7279839999999961,58.89243999999994
0.7839840000000133,59.29380000000006
0.8399840000000305,59.21887000000004
0.8959840000000013,58.90018999999991
0.9519840000000185,58.484949999999984
0.9999760000000307,58.11832999999989
1.0055760000000094,58.100129999999915
1.0167760000000128,58.05860999999979
1.0391760000000196,57.78415000000003
1.0839760000000334,55.44828999999996
1.139976000000004,48.02675000000001
1.1959760000000212,35.33190000000008
1.2519759999999922,17.965029999999828
1.2575760000000171,15.95657000000017
1.2687760000000206,11.875049999999998
1.2911760000000274,3.5096399999998695
1.3359759999999947,-12.78009999999985
1.3919760000000119,-30.618739999999978
1.4479760000000292,-44.697599999999895
1.503976,-55.00247999999996
1.5599760000000171,-62.02087999999995
1.6159760000000343,-66.43865999999998
1.6719760000000052,-68.95476999999994
1.7279760000000224,-70.17593999999994
1.7839759999999933,-70.57697000000007
1.8399760000000105,-70.50140999999988
1.8959760000000276,-70.18185999999993
1.9519759999999984,-69.7655800000001
0.007976000000015639,-69.33900000000004
0.06397600000003281,-68.94766000000007
0.11997600000000368,-68.61135000000007
0.17597600000002084,-68.33456000000004
0.23197599999999172,-68.11374000000004
0.2879760000000089,-67.94152999999991
0.34397600000002604,-67.80955999999993
0.39997599999999695,-67.70970999999992
0.4559760000000141,-67.63490000000006
0.5119760000000313,-67.57919000000001
0.5679760000000021,-67.53790999999998
0.6239760000000193,-67.50733999999991
0.6799760000000364,-67.48474999999998
0.7359760000000073,-67.46800000000009
0.7919760000000245,-67.45556999999991
0.8479759999999954,-67.4462899999999
0.9039760000000125,-67.43933000000001
0.9599760000000297,-67.43412000000015
1.0000160000000085,-67.43119999999992
1.0056160000000334,-67.4542600000001
1.0168160000000368,-67.49452000000011
1.0392159999999973,-67.37905999999994
1.084016000000011,-65.34003
1.1400160000000281,-58.2413799999999
1.196015999999999,-45.80822000000006
1.2520160000000162,-28.640700000000187
1.2576159999999947,-26.648570000000092
1.2688159999999982,-22.598649999999942
1.291216000000005,-14.290699999999879
1.336016000000019,1.9020499999999885
1.3920160000000361,19.645050000000055
1.4480160000000069,33.650339999999886
1.504016000000024,43.89931000000003
1.560015999999995,50.87555999999993
1.616016000000012,55.26165000000005
1.6720160000000293,57.75406999999988
1.7280160000000002,58.95773999999987
1.7840160000000174,59.346009999999836
1.8400160000000345,59.261280000000085
1.8960160000000053,58.93523999999984
1.9520160000000226,58.514420000000065
8.000000034706817e-06,58.14409000000009
0.005608000000013264,58.12552000000015
0.0168080000000167,58.08327000000002
0.03920800000002357,57.807469999999974
0.08400799999999099,55.46929999999995
0.14000800000000818,48.04549999999996
0.19600800000002536,35.34894
0.2520079999999962,17.98078999999997
0.2576080000000211,15.972209999999931
0.2688080000000245,11.890490000000087
0.2912080000000314,3.5247000000000472
0.3360079999999988,-12.76569999999988
0.392008000000016,-30.604990000000054
0.44800800000003316,-44.68435999999998
0.504008000000004,-54.989640000000065
0.5600080000000212,-62.008370000000035
0.616007999999992,-66.42643000000015
0.6720080000000093,-68.94277000000004
0.7280080000000264,-70.16411999999983
0.7840079999999973,-70.56529
0.8400080000000144,-70.48984999999996
0.8960080000000317,-70.17041000000002
0.9520080000000025,-69.75420999999993
1.0080080000000196,-69.32769999999988
1.064008000000037,-68.93642
1.1200080000000077,-68.60014999999997
1.1760080000000248,-68.32340000000015
1.2320079999999958,-68.10261000000017
1.288008000000013,-67.9304300000001
1.34400800000003,-67.79848999999993
1.400008000000001,-67.69864999999986
1.4560080000000182,-67.62385000000015
1.5120080000000353,-67.56815999999999
1.568008000000006,-67.52687999999995
1.6240080000000234,-67.49633999999993
1.6800079999999942,-67.47375999999994
1.7360080000000113,-67.45701999999997
1.7920080000000285,-67.44458000000009
1.8480079999999994,-67.43531000000003
1.9040080000000166,-67.42837999999995
1.9600080000000337,-67.42314999999999
1.9999919999999947,-67.42024000000013
0.005592000000019485,-67.44331000000004
0.01679200000002292,-67.48357999999999
0.03919200000002979,-67.36812000000003
0.08399199999999721,-65.32908000000015
0.13999200000001438,-58.230449999999934
0.19599200000003156,-45.79731999999992
0.25199200000000244,-28.629869999999833
0.2575920000000273,-26.637750000000125
0.26879200000003073,-22.587850000000074
0.2911919999999913,-14.279930000000052
0.335992000000005,1.9127400000000794
0.3919920000000222,19.655659999999962
0.44799199999999306,33.660880000000006
0.5039920000000102,43.909809999999936
0.5599920000000275,50.88600999999993
0.6159919999999983,55.272080000000166
0.6719920000000155,57.76448000000012
0.7279920000000326,58.96813000000001
0.7839920000000035,59.3564000000002
0.8399920000000207,59.27167
0.8959919999999916,58.945620000000034
0.9519920000000087,58.52480000000004
0.9999840000000209,58.15447000000007
1.0055839999999994,58.13588999999997
1.0167840000000028,58.09365
1.0391840000000097,57.81784000000001
1.0839840000000236,55.47967999999992
1.1399839999999943,48.05590999999998
1.1959840000000115,35.35939999999993
1.2519840000000286,17.991280000000167
1.2575840000000074,15.982720000000006
1.2687840000000108,11.90099999999994
1.2911840000000177,3.535220000000061
1.3359840000000314,-12.755139999999887
1.391984000000002,-30.594379999999923
1.4479840000000193,-44.673710000000085
1.5039840000000366,-54.97894999999997
1.5599840000000074,-61.99765000000013
1.6159840000000245,-66.41570000000007
1.6719839999999955,-68.93200999999993
1.7279840000000126,-70.15335999999994
1.7839840000000298,-70.55452999999989
1.8399840000000007,-70.47908999999986
1.8959840000000179,-70.15963999999997
1.951984000000035,-69.74342999999993
0.007984000000005832,-69.31693000000006
0.06398400000002301,-68.92564999999995
0.11998399999999387,-68.58937999999992
0.17598400000001105,-68.31264000000003
0.23198400000002822,-68.09186
0.2879839999999991,-67.91968000000014
0.3439840000000163,-67.78773000000004
0.3999840000000334,-67.68789999999991
0.4559840000000043,-67.61309999999997
0.5119840000000214,-67.55741000000003
0.5679839999999923,-67.51614999999988
0.6239840000000095,-67.48561000000008
0.6799840000000267,-67.46301999999993
0.7359839999999975,-67.44627999999997
0.7919840000000147,-67.43386000000018
0.8479840000000319,-67.42458000000018
0.9039840000000028,-67.41765000000011
0.9599840000000199,-67.41244000000002
1.015984000000037,-67.40851000000015
1.071984000000008,-67.40553000000004
1.1279840000000252,-67.4032899999999
1.183983999999996,-67.40157999999985
1.239984000000013,-67.40030000000007
1.2959840000000304,-67.39934000000014
1.3519840000000012,-67.39863999999996
1.4079840000000183,-67.39812
1.4639840000000355,-67.39777000000014
1.5199840000000064,-67.39753000000005
1.5759840000000236,-67.39739
1.6319839999999946,-67.39732999999993
1.6879840000000117,-67.39732999999993
1.7439840000000288,-67.3973699999999
1.7999839999999996,-67.39746000000002
1.855984000000017,-67.39758000000018
1.911984000000034,-67.39772999999994
1.9679840000000048,-67.39788999999985
1.6000000024900976e-05,-67.39799999999985
0.005616000000003458,-67.42143999999995
0.016816000000006895,-67.46242999999996
0.03921600000001377,-67.3483399999999
0.08401600000002751,-65.31164000000001
0.14001599999999836,-58.2153900000002
0.19601600000001554,-45.784169999999904
0.2520160000000327,-28.618280000000105
0.2576160000000113,-26.626300000000214
0.2688160000000147,-22.576670000000078
0.29121600000002157,-14.26927
0.33601600000003534,1.9224799999999487
0.3920160000000062,19.66444999999983
0.44801600000002334,33.668910000000054
0.5040159999999942,43.91721999999998
0.5600160000000114,50.892939999999996
0.6160160000000285,55.278630000000106
0.6720159999999994,57.7707300000001
0.7280160000000166,58.97416
0.7840160000000338,59.362240000000014
0.8400160000000046,59.27737
0.8960160000000218,58.95120000000009
0.9520159999999926,58.530299999999926
1.000008000000005,58.15990999999987
1.0056080000000298,58.14132000000005
1.0168080000000332,58.09906999999992
1.0392079999999937,57.823240000000055
1.0840080000000074,55.48507000000002
1.1400080000000246,48.06129999999986
1.1960079999999955,35.36483000000001
1.2520080000000127,17.996789999999983
1.2576079999999912,15.988229999999826
1.2688079999999946,11.906530000000082
1.2912080000000015,3.5407899999999604
1.3360080000000152,-12.749479999999869
1.3920080000000326,-30.588630000000006
1.4480080000000033,-44.66785999999989
1.5040080000000204,-54.97305000000008
1.5600079999999914,-61.991700000000094
1.6160080000000085,-66.4096999999999
1.6720080000000257,-68.9259900000001
1.7280079999999967,-70.14732999999995
1.7840080000000138,-70.54847000000008
1.840008000000031,-70.47303000000005
1.8960080000000017,-70.15357
1.9520080000000188,-69.73737000000013
0.008008000000036127,-69.31086000000009
0.06400800000000699,-68.91957999999998
0.12000800000002416,-68.58330999999995
0.17600799999999503,-68.30657000000006
0.2320080000000122,-68.08579000000003
0.28800800000002935,-67.91362000000012
0.3440080000000002,-67.78167000000002
0.4000080000000174,-67.68183999999988
0.4560080000000346,-67.60705000000011
0.5120080000000055,-67.55136999999989
0.5680080000000226,-67.51010000000002
0.6240079999999935,-67.47956999999994
0.6800080000000106,-67.45698999999993
0.7360080000000279,-67.4402500000002
0.7920079999999987,-67.42782999999997
0.8480080000000159,-67.41856999999985
0.904008000000033,-67.41163999999999
0.9600080000000039,-67.40643000000013
0.9999920000000111,-67.40352999999999
1.005592000000036,-67.42658999999995
1.016791999999993,-67.46684999999997
1.039192,-67.35140999999989
1.0839920000000136,-65.31237000000002
1.1399920000000308,-58.213759999999894
1.1959920000000017,-45.78068000000002
1.2519920000000189,-28.613309999999892
1.2575919999999974,-26.62121000000006
1.2687920000000008,-22.57131999999995
1.2911920000000077,-14.263460000000006
1.3359920000000216,1.9291300000001677
1.3919919999999923,19.671940000000056
1.4479920000000095,33.67706000000004
1.5039920000000266,43.925930000000115
1.5599919999999976,50.90207999999996
1.6159920000000147,55.28811999999994
1.671992000000032,57.78049000000007
1.7279920000000029,58.98413000000002
1.78399200000002,59.37238000000011
1.8399920000000372,59.287640000000195
1.895992000000008,58.96159000000001
1.9519920000000253,58.54077000000002
0.007991999999996027,58.111130000000124
0.0639920000000132,57.7177900000001
0.11999200000003038,57.38028000000006
0.17599200000000123,57.10287999999997
0.2319920000000184,56.88187999999994
0.2879920000000356,56.70979999999992
0.34399200000000646,56.57818999999997
0.3999920000000236,56.478849999999966
0.4559919999999945,56.404670000000046
0.5119920000000117,56.34969999999995
0.5679920000000288,56.30921
0.6239919999999997,56.27950000000004
0.6799920000000169,56.25776999999999
0.7359920000000341,56.24191999999994
0.7919920000000049,56.23041000000018
0.8479920000000221,56.22204999999991
0.9039919999999929,56.2160599999999
0.9599920000000102,56.211780000000154
1.0159920000000273,56.20880000000006
1.071991999999998,56.20676999999996
1.1279920000000154,56.20548000000003
1.1839920000000326,56.20473000000015
1.2399920000000033,56.204399999999936
1.2959920000000205,56.20438999999999
1.3519919999999914,56.204640000000026
1.4079920000000086,56.20508000000002
1.4639920000000257,56.205669999999984
1.5199919999999967,56.20637999999989
1.5759920000000138,56.207190000000075
1.631992000000031,56.208070000000056
1.687992000000002,56.20900999999989
1.743992000000019,56.20999999999987
1.7999920000000362,56.21102000000011
1.855992000000007,56.21207000000017
1.9119920000000241,56.21315999999999
1.967991999999995,56.21425000000002
0.023992000000012257,56.2153700000001
0.07999200000002943,56.21647999999979
0.13599200000000028,56.21761999999997
0.19199200000001748,56.218759999999925
0.24799200000003466,56.219909999999814
0.3039920000000055,56.22105999999994
0.3599920000000227,56.22221000000005
0.41599199999999353,56.22335999999994
0.47199200000001074,56.22452
0.5279920000000279,56.225680000000054
0.5839919999999987,56.22684000000011
0.6399920000000159,56.227990000000005
0.6959920000000331,56.22916
0.751992000000004,56.230309999999896
0.8079920000000211,56.23147000000017
0.863991999999992,56.23262000000007
0.9199920000000091,56.23379000000006
0.9759920000000264,56.23494000000018
1.0319919999999971,56.23609999999979
1.0879920000000143,56.23725000000013
1.1439920000000317,56.23840999999996
1.1999920000000024,56.239560000000075
1.2559920000000195,56.24070999999997
1.3119920000000367,56.24186000000009
1.3679920000000076,56.24301999999992
1.4239920000000248,56.24417000000004
1.4799919999999958,56.245320000000156
1.535992000000013,56.246470000000045
1.59199200000003,56.24762000000017
1.6479920000000008,56.24877000000006
1.7039920000000182,56.249909999999794
1.7599920000000353,56.25106000000013
1.815992000000006,56.25221000000003
1.8719920000000232,56.25334999999998
1.9279919999999942,56.25450000000009
1.9839920000000113,56.25564999999999
8.00000002131683e-06,56.25596999999982
0.0056079999999998735,56.279479999999936
0.01680800000000331,56.32053000000003
0.03920800000001018,56.20558000000009
0.08400800000002392,54.16277000000002
0.14000799999999478,47.054829999999995
0.19600800000001195,34.615020000000165
0.25200800000002915,17.44979000000013
0.2576080000000077,15.458560000000121
0.26880800000001115,11.410609999999988
0.291208000000018,3.1072800000000456
0.3360080000000317,-13.076430000000139
0.3920080000000026,-30.81154999999991
0.4480080000000198,-44.81263999999996
0.504008000000037,-55.05943999999996
0.5600080000000078,-62.034629999999865
0.616008000000025,-66.4203000000001
0.6720079999999958,-68.91253999999991
0.728008000000013,-70.11592999999982
0.7840080000000302,-70.50362999999993
0.8400080000000011,-70.41806000000017
0.8960080000000182,-70.0909500000002
0.9520080000000354,-69.66890000000015
1.0000000000000013,-69.29742000000006
1.0056000000000263,-69.27872999999995
1.0168000000000297,-69.23634000000001
1.0392000000000365,-68.96120999999988
1.0840000000000038,-66.62864999999995
1.140000000000021,-59.2155099999998
1.195999999999992,-46.52595999999987
1.252000000000009,-29.15511999999998
1.257600000000034,-27.14558999999994
1.2688000000000375,-23.061739999999944
1.291199999999998,-14.69096000000003
1.3360000000000116,1.6092500000000065
1.3920000000000288,19.45735000000015
1.4479999999999997,33.54162999999999
1.5040000000000169,43.849539999999855
1.560000000000034,50.86952999999994
1.616000000000005,55.28803000000004
1.6720000000000221,57.804449999999896
1.7279999999999929,59.02592000000006
1.7840000000000102,59.42744999999982
1.8400000000000274,59.3526499999999
1.8959999999999981,59.03406000000011
1.9520000000000153,58.61888000000004
1.9999920000000275,58.25229999999992
0.005592000000006096,58.234099999999955
0.016792000000009532,58.19258999999999
0.0391920000000164,57.91808999999981
0.08399200000003014,55.5819099999999
0.139992000000001,48.16006000000006
0.19599200000001818,35.465180000000096
0.25199200000003535,18.09822999999988
0.2575920000000139,16.089749999999903
0.26879200000001735,12.008180000000035
0.2911920000000242,3.6426999999998877
0.33599199999999163,-12.64721000000013
0.39199200000000883,-30.48600000000001
0.447992000000026,-44.564950000000046
0.5039919999999969,-54.86988999999998
0.559992000000014,-61.88831999999999
0.6159920000000312,-66.30612999999985
0.671992000000002,-68.82224999999997
0.7279920000000193,-70.04345
0.7839920000000364,-70.44447000000021
0.8399920000000073,-70.36891999999995
0.8959920000000244,-70.04938999999987
0.9519919999999953,-69.63310999999983
1.0079920000000124,-69.20655000000009
1.0639920000000296,-68.81522000000007
1.1199920000000005,-68.47892
1.1759920000000177,-68.20215000000007
1.2319920000000348,-67.98134
1.2879920000000058,-67.80913999999983
1.343992000000023,-67.67718
1.3999919999999937,-67.57733999999994
1.455992000000011,-67.50254
1.5119920000000282,-67.44684000000012
1.567991999999999,-67.40555999999987
1.623992000000016,-67.37502000000006
1.6799920000000332,-67.35241999999997
1.7359920000000042,-67.33568000000001
1.7919920000000213,-67.3232399999999
1.8479919999999923,-67.31396000000012
1.9039920000000095,-67.30703000000004
1.9599920000000266,-67.30180000000007
1.9999760000000337,-67.29889999999995
0.005576000000012317,-67.32196999999984
0.016776000000015754,-67.36222999999985
0.03917600000002262,-67.24676000000018
0.08397600000003637,-65.20762999999997
0.13997600000000723,-58.108799999999846
0.1959760000000244,-45.67544999999984
0.25197599999999526,-28.507839999999838
0.2575760000000201,-26.51570999999997
0.26877600000002355,-22.46579000000004
0.29117600000003047,-14.157839999999977
0.3359759999999979,2.03490999999989
0.39197600000001503,19.777919999999895
0.44797600000003224,33.78324999999993
0.5039760000000031,44.03226000000004
0.5599760000000202,51.00853999999999
0.6159760000000374,55.39466000000015
0.6719760000000082,57.88710000000008
0.7279760000000255,59.09077000000007
0.7839759999999963,59.47904999999998
0.8399760000000135,59.39432
0.8959760000000306,59.068260000000095
0.9519760000000015,58.64743999999988
1.0000240000000316,58.27667000000014
1.00562400000001,58.25809999999998
1.0168240000000135,58.215869999999946
1.0392240000000204,57.94008000000006
1.084024000000034,55.60202000000003
1.140024000000005,48.17836000000008
1.1960240000000222,35.48189999999995
1.2520239999999931,18.11366999999997
1.2576240000000178,16.105090000000153
1.2688240000000213,12.02333000000011
1.2912240000000283,3.657449999999951
1.3360239999999957,-12.633099999999953
1.3920240000000128,-30.4725400000001
1.44802400000003,-44.55199999999992
1.504024000000001,-54.857339999999866
1.560024000000018,-61.8761000000001
1.6160240000000352,-66.29417999999987
1.6720240000000062,-68.81051999999998
1.7280240000000233,-70.03188999999988
1.784023999999994,-70.43306000000004
1.8400240000000112,-70.35762000000001
1.8960240000000286,-70.03819
1.9520239999999993,-69.62198999999991
1.600000001151099e-05,-69.25442000000004
0.00561600000003639,-69.23612999999995
0.016815999999993503,-69.19450999999998
0.039216000000000376,-68.92081000000006
0.08401600000001412,-66.59072999999994
0.14001600000003128,-59.180119999999945
0.19601600000000216,-46.492670000000125
0.25201600000001934,-29.123629999999956
0.2576159999999979,-27.11426000000006
0.26881600000000133,-23.03072999999989
0.2912160000000082,-14.660560000000045
0.33601600000002196,1.638530000000138
0.3920159999999928,19.485470000000007
0.44801600000000996,33.568830000000105
0.5040160000000271,43.876020000000125
0.560015999999998,50.89545000000007
0.6160160000000152,55.31353000000006
0.6720160000000324,57.82962999999985
0.7280160000000032,59.05085999999993
0.7840160000000204,59.452210000000115
0.8400160000000376,59.377259999999985
0.8960160000000085,59.058560000000206
0.9520160000000256,58.64332000000005
1.0000079999999916,58.27667000000014
1.0056080000000163,58.25847999999989
1.0168080000000197,58.21695000000005
1.0392080000000266,57.94250999999995
1.084007999999994,55.60671000000017
1.1400080000000112,48.18531000000004
1.1960080000000284,35.49057000000011
1.2520079999999993,18.123659999999873
1.2576080000000243,16.115180000000116
1.2688080000000277,12.033629999999906
1.2912080000000346,3.668149999999981
1.3360080000000019,-12.621720000000058
1.392008000000019,-30.46046999999996
1.4480080000000362,-44.539380000000016
1.5040080000000071,-54.84426999999981
1.5600080000000243,-61.86267000000001
1.6160079999999952,-66.28045000000004
1.6720080000000124,-68.79656999999995
1.7280080000000295,-70.01773
1.7840080000000003,-70.41876000000013
1.8400080000000176,-70.34318999999999
1.8960080000000348,-70.02364999999999
1.9520080000000055,-69.60736999999995
0.008008000000022737,-69.18080999999998
0.0640079999999936,-68.78949000000011
0.12000800000001077,-68.45318000000012
0.17600800000002795,-68.17641999999991
0.2320079999999988,-67.95562
0.288008000000016,-67.78342999999998
0.3440080000000332,-67.65148000000009
0.400008000000004,-67.55164999999997
0.4560080000000212,-67.47683999999987
0.512007999999992,-67.42116000000009
0.5680080000000093,-67.37989999999994
0.6240080000000264,-67.34935999999992
0.6800079999999973,-67.32677999999991
0.7360080000000144,-67.31003999999996
0.7920080000000316,-67.29761999999995
0.8480080000000024,-67.28836000000004
0.9040080000000197,-67.28143999999992
0.9600080000000368,-67.27622000000011
1.0160080000000078,-67.27229999999994
1.072008000000025,-67.26933000000001
1.1280079999999957,-67.26708999999987
1.1840080000000128,-67.26540000000014
1.24000800000003,-67.26412000000015
1.296008000000001,-67.26315999999998
1.352008000000018,-67.26246000000002
1.4080080000000352,-67.26195999999996
1.4640080000000062,-67.26161000000008
1.5200080000000233,-67.26138000000014
1.576007999999994,-67.26125000000005
1.6320080000000114,-67.26118999999997
1.6880080000000286,-67.26118999999997
1.7440079999999993,-67.26125000000005
1.8000080000000165,-67.26134999999988
1.8560080000000339,-67.26147000000005
1.9120080000000046,-67.26162000000002
1.9680080000000217,-67.2617900000001
0.024007999999992646,-67.26198000000005
0.08000800000000982,-67.26217999999994
0.136008000000027,-67.26240000000017
0.19200799999999785,-67.26261
0.24800800000001502,-67.26283999999994
0.3040080000000322,-67.26308000000003
0.36000800000000305,-67.26331999999991
0.41600800000002025,-67.26356
0.47200800000003745,-67.26381000000003
0.5280080000000082,-67.26406000000007
0.5840080000000255,-67.26430999999988
0.6400079999999964,-67.26454999999999
0.6960080000000135,-67.26480999999995
0.7520080000000307,-67.26505999999999
0.8080080000000015,-67.26531999999996
0.8640080000000188,-67.26557999999994
0.9200080000000359,-67.26582999999997
0.9760080000000068,-67.26608999999995
1.032008000000024,-67.26635000000014
1.0880079999999948,-67.26661000000011
1.144008000000012,-67.2668700000001
1.200008000000029,-67.26712999999984
1.256008,-67.26739000000003
1.3120080000000172,-67.26765000000002
1.3680080000000343,-67.26790999999999
1.4240080000000053,-67.26817000000018
1.4800080000000224,-67.26843000000015
1.5360079999999932,-67.26869000000013
1.5920080000000105,-67.2689500000001
1.6480080000000277,-67.26920999999986
1.7040079999999984,-67.26946999999983
1.7600080000000156,-67.26973000000002
1.8160080000000327,-67.26999
1.8720080000000037,-67.27025999999992
1.9280080000000208,-67.27052000000012
1.9840079999999918,-67.27077999999986
2.400000000170515e-05,-67.27086000000004
0.005624000000026584,-67.29431000000008
0.01682400000003002,-67.33530999999982
0.03922400000003689,-67.22117000000006
0.08402400000000432,-65.1841500000001
0.1400240000000215,-58.08758000000003
0.19602399999999234,-45.65633999999985
0.2520240000000095,-28.490600000000033
0.2576240000000344,-26.498649999999955
0.2688239999999915,-22.4490799999999
0.2912239999999984,-14.141820000000083
0.33602400000001215,2.0496800000000537
0.3920240000000293,19.791360000000147
0.44802400000000014,33.79560000000015
0.5040240000000173,44.04375000000016
0.5600240000000345,51.019359999999956
0.6160240000000053,55.404969999999885
0.6720240000000226,57.89701000000002
0.7280239999999935,59.100400000000164
0.7840240000000106,59.488449999999915
0.8400240000000277,59.40356000000002
0.8960239999999986,59.077379999999955
0.9520240000000159,58.65644999999997
1.000016000000028,58.286049999999975
1.0056160000000065,58.2674700000001
1.01681600000001,58.225200000000086
1.0392160000000168,57.9493900000001
1.0840160000000305,55.61126999999999
1.1400160000000015,48.18763999999987
1.1960160000000186,35.49128999999995
1.2520160000000358,18.123270000000026
1.2576160000000143,16.114699999999928
1.2688160000000177,12.032990000000021
1.2912160000000246,3.667220000000082
1.336015999999992,-12.62310000000011
1.3920160000000092,-30.462270000000125
1.4480160000000264,-44.54150999999995
1.5040159999999974,-54.846659999999936
1.5600160000000145,-61.86527999999991
1.6160160000000316,-66.28326000000007
1.6720160000000026,-68.79952999999995
1.7280160000000198,-70.02085000000014
1.784016000000037,-70.42199000000005
1.8400160000000076,-70.34654000000006
1.8960160000000248,-70.02708999999996
1.9520159999999958,-69.61087999999992
8.000000007926844e-06,-69.24330999999984
0.0056080000000328055,-69.22501000000003
0.016808000000036242,-69.18340999999995
0.039207999999996794,-68.90969999999984
0.08400800000001053,-66.57964000000005
0.14000800000002772,-59.169099999999865
0.19600799999999857,-46.481790000000075
0.2520080000000157,-29.112950000000026
0.2576079999999943,-27.103600000000007
0.2688079999999977,-23.020119999999977
0.29120800000000463,-14.65005999999991
0.33600800000001835,1.6488299999999345
0.39200800000003555,19.49551999999999
0.4480080000000064,33.57867999999997
0.5040080000000235,43.88572000000002
0.5600079999999944,50.90503000000002
0.6160080000000115,55.32303000000005
0.6720080000000288,57.83907000000021
0.7280079999999997,59.060270000000024
0.7840080000000168,59.46158000000001
0.840008000000034,59.386619999999944
0.8960080000000048,59.06791
0.9520080000000221,58.65266000000013
1.0000000000000342,58.28601
1.0056000000000127,58.26781999999997
1.0168000000000161,58.22629999999984
1.039200000000023,57.95185000000003
1.0840000000000367,55.61608000000007
1.1400000000000077,48.19474999999996
1.1960000000000248,35.500120000000024
1.2519999999999958,18.13335000000005
1.2576000000000205,16.124889999999947
1.268800000000024,12.043379999999937
1.291200000000031,3.6779799999999696
1.3359999999999983,-12.611750000000033
1.3920000000000154,-30.450339999999798
1.4480000000000326,-44.52911000000004
1.5040000000000036,-54.83389000000005
1.5600000000000207,-61.85219999999991
1.6159999999999914,-66.2699200000001
1.6720000000000088,-68.78597999999991
1.728000000000026,-70.00713000000003
1.7839999999999967,-70.40813000000013
1.8400000000000138,-70.33255999999999
1.8960000000000312,-70.01301000000004
1.952000000000002,-69.59673
1.9999920000000142,-69.22910999999998
0.005591999999992705,-69.21080999999995
0.01679199999999614,-69.16918000000005
0.03919200000000301,-68.89545000000008
0.08399200000001676,-66.56533999999992
0.13999200000003392,-59.15469000000017
0.1959920000000048,-46.46726000000001
0.251992000000022,-29.09827999999992
0.25759200000000054,-27.08891999999996
0.26879200000000397,-23.005400000000176
0.29119200000001083,-14.635280000000028
0.33599200000002455,1.663710000000096
0.39199199999999546,19.510549999999903
0.4479920000000126,33.59383000000005
0.5039920000000297,43.90095999999999
0.5599920000000006,50.92034999999995
0.6159920000000179,55.33839000000018
0.671992000000035,57.85448000000004
0.7279920000000059,59.075690000000016
0.783992000000023,59.4770200000001
0.8399919999999939,59.402060000000034
0.8959920000000111,59.08336999999997
0.9519920000000283,58.66810999999994
0.9999839999999941,58.301469999999966
1.005584000000019,58.283260000000055
1.0167840000000223,58.24173999999993
1.0391840000000292,57.96729000000012
1.0839839999999967,55.63152999999987
1.1399840000000139,48.21016999999994
1.195984000000031,35.51548000000015
1.251984000000002,18.148620000000058
1.257584000000027,16.14015999999996
1.2687840000000303,12.058620000000131
1.2911840000000372,3.693159999999862
1.3359840000000045,-12.596669999999976
1.3919840000000216,-30.435369999999963
1.4479839999999926,-44.5142300000001
1.5039840000000098,-54.81908000000013
1.559984000000027,-61.83744999999985
1.6159839999999979,-66.25521
1.671984000000015,-68.77129999999987
1.7279840000000322,-69.99246000000015
1.783984000000003,-70.3934799999999
1.8399840000000203,-70.31790999999998
1.8959840000000374,-69.99836999999998
1.9519840000000082,-69.58208999999994
1.9999760000000204,-69.21445999999997
0.005575999999998927,-69.19617000000011
0.016776000000002362,-69.15453999999998
0.03917600000000923,-68.88081000000001
0.08397600000002298,-66.55067999999997
0.13997599999999383,-59.13999999999997
0.195976000000011,-46.45250000000001
0.2519760000000282,-29.08347
0.25757600000000674,-27.0741000000001
0.2687760000000102,-22.990569999999934
0.29117600000001703,-14.62042000000019
0.3359760000000308,1.678619999999853
0.39197600000000166,19.525529999999904
0.4479760000000188,33.608869999999904
0.5039760000000361,43.916030000000106
0.5599760000000069,50.93546000000004
0.6159760000000241,55.35354000000004
0.6719759999999949,57.869619999999955
0.7279760000000121,59.090859999999964
0.7839760000000292,59.4922
0.8399760000000002,59.41723999999993
0.8959760000000173,59.09853999999992
0.9519760000000345,58.68328000000012
1.0000240000000182,58.31622999999997
1.0056239999999967,58.29803
1.0168240000000002,58.25652000000004
1.039224000000007,57.98208999999987
1.0840240000000207,55.646369999999834
1.1400239999999917,48.22506000000004
1.1960240000000089,35.53040999999979
1.252024000000026,18.16356000000008
1.2576240000000045,16.155080000000098
1.268824000000008,12.073529999999888
1.2912240000000148,3.708059999999902
1.3360240000000285,-12.581799999999976
1.3920239999999995,-30.420540000000162
1.4480240000000166,-44.49941999999996
1.5040240000000338,-54.804300000000026
1.5600240000000047,-61.82268000000013
1.6160240000000219,-66.24045000000001
1.6720239999999926,-68.7565499999998
1.7280240000000098,-69.97771000000009
1.7840240000000271,-70.37873000000006
1.8400239999999979,-70.30316999999985
1.896024000000015,-69.98362999999985
1.9520240000000322,-69.56735000000003
1.5999999998121006e-05,-69.19971999999986
0.005616000000023,-69.18142999999999
0.016816000000026435,-69.13979999999987
0.03921600000003331,-68.86607000000011
0.08401600000000073,-66.53592999999991
0.1400160000000179,-59.125209999999925
0.19601600000003508,-46.43767999999993
0.25201600000000596,-29.06860999999994
0.2576160000000308,-27.059240000000038
0.26881600000003425,-22.975699999999932
0.2912159999999948,-14.605540000000028
0.33601600000000853,1.6935300000000542
0.39201600000002573,19.54046999999992
0.4480159999999966,33.6238299999998
0.5040160000000138,43.931020000000046
0.5600160000000309,50.95047000000008
0.6160160000000018,55.36856000000001
0.6720160000000189,57.88466000000003
0.7280160000000362,59.1058900000001
0.784016000000007,59.507239999999854
0.8400160000000242,59.432280000000006
0.896015999999995,59.11358999999994
0.9520160000000122,58.69832999999991
1.0080160000000293,58.27292000000006
1.0640160000000003,57.88283999999999
1.1200160000000174,57.547830000000076
1.1760160000000346,57.27236999999996
1.2320160000000056,57.05288000000009
1.2880160000000227,56.88198
1.3440159999999934,56.75129000000001
1.4000160000000106,56.65268000000001
1.456016000000028,56.57907999999989
1.5120159999999987,56.524550000000005
1.5680160000000158,56.48441000000015
1.624016000000033,56.4549700000001
1.680016000000004,56.433460000000046
1.736016000000021,56.417780000000086
1.792015999999992,56.40638000000009
1.8480160000000092,56.398119999999885
1.9040160000000264,56.39219999999989
1.960015999999997,56.38797000000007
0.016016000000014352,56.38502000000001
0.07201600000003153,56.38301999999995
0.12801600000000238,56.38173000000002
0.18401600000001955,56.380980000000136
0.24001600000003676,56.380640000000206
0.2960160000000076,56.38061999999988
0.35201600000002475,56.38085999999998
0.40801599999999566,56.38128000000009
0.4640160000000128,56.38184999999996
0.52001600000003,56.382530000000045
0.5760160000000009,56.383319999999905
0.632016000000018,56.38417000000007
0.6880160000000352,56.385089999999806
0.744016000000006,56.38606000000013
0.8000160000000233,56.38706000000005
0.8560159999999941,56.38807999999984
0.9120160000000113,56.38913999999984
0.9680160000000284,56.390209999999996
1.0240159999999994,56.39130000000003
1.0800160000000165,56.39237999999991
1.1360160000000337,56.39349999999999
1.1920160000000046,56.3946099999999
1.2480160000000218,56.3957300000002
1.3040159999999925,56.39685000000006
1.3600160000000097,56.39797999999985
1.4160160000000268,56.399099999999926
1.4720159999999978,56.40025000000004
1.528016000000015,56.401370000000114
1.584016000000032,56.40250999999985
1.640016000000003,56.40364000000009
1.6960160000000202,56.404780000000045
1.7520160000000373,56.40591000000006
1.8080160000000083,56.40704000000007
1.8640160000000254,56.40818000000003
1.9200159999999962,56.40931000000005
1.9760160000000133,56.41045
0.03201600000003058,56.411589999999954
0.08801600000000144,56.41271999999997
0.14401600000001863,56.41384999999999
0.2000160000000358,56.414989999999946
0.2560160000000066,56.41611999999996
0.31201600000002383,56.417249999999974
0.3680159999999947,56.41837999999999
0.4240160000000119,56.41950000000007
0.48001600000002903,56.42064000000002
0.5360159999999999,56.42177000000004
0.5920160000000171,56.422890000000116
0.6480160000000342,56.424019999999906
0.7040160000000051,56.425150000000144
0.7600160000000223,56.42627999999994
0.8160159999999932,56.42740000000002
0.8720160000000103,56.42853999999997
0.9280160000000275,56.42966000000005
0.9840159999999983,56.43078000000013
1.0400160000000156,56.43190999999992
1.0960160000000327,56.433029999999995
1.1520160000000035,56.43415999999979
1.2080160000000209,56.43529000000002
1.2640159999999916,56.43639999999994
1.3200160000000087,56.43752999999996
1.3760160000000259,56.43865999999997
1.4320159999999968,56.43978000000005
1.488016000000014,56.44089999999991
1.5440160000000311,56.442019999999985
1.600016000000002,56.443149999999996
1.6560160000000193,56.444259999999915
1.7120160000000364,56.44538999999993
1.7680160000000071,56.44651
1.8240160000000245,56.44763000000008
1.8800159999999952,56.44874999999993
1.9360160000000124,56.44987000000001
1.9920160000000295,56.45099000000009
2.400000003463728e-05,56.451150000000005
0.005624000000013194,56.4746599999999
0.01682400000001663,56.51571
0.039224000000023504,56.40076999999999
0.08402400000003725,54.35804000000011
0.1400240000000081,47.250229999999945
0.1960240000000253,34.81047000000004
0.25202399999999614,17.64509000000003
0.257624000000021,15.65382999999998
0.26882400000002443,11.605819999999989
0.29122400000003135,3.3023599999999487
0.33602399999999877,-12.881630000000088
0.3920240000000159,-30.617010000000057
0.4480240000000331,-44.61825000000008
0.5040240000000039,-54.86517000000002
0.5600240000000212,-61.84040999999985
0.616023999999992,-66.22613
0.6720240000000092,-68.71841
0.7280240000000263,-69.92180999999987
0.7840239999999972,-70.30952999999984
0.8400240000000144,-70.22397000000002
0.8960240000000316,-69.89687
0.9520240000000024,-69.47484000000004
1.0000160000000147,-69.10337000000011
1.0056159999999932,-69.08468
1.0168159999999966,-69.0423
1.0392160000000035,-68.76714000000005
1.0840160000000172,-66.43447999999985
1.1400160000000343,-59.02109000000011
1.1960160000000053,-46.331329999999895
1.2520160000000224,-28.960439999999863
1.257616000000001,-26.95091000000005
1.2688160000000044,-22.867060000000052
1.2912160000000112,-14.496319999999896
1.336016000000025,1.8038099999999613
1.392015999999996,19.651859999999964
1.448016000000013,33.73614000000003
1.5040160000000302,44.04405999999983
1.5600160000000012,51.064060000000076
1.6160160000000183,55.482580000000056
1.6720160000000355,57.99901000000007
1.7280160000000062,59.22048000000002
1.7840160000000236,59.62201
1.8400159999999943,59.54718999999997
1.8960160000000115,59.228590000000025
1.9520160000000286,58.813400000000016
7.999999994536857e-06,58.44679000000008
0.005608000000019416,58.42858999999989
0.01680800000002285,58.387089999999866
0.039208000000029726,58.11260000000007
0.08400799999999714,55.77650000000012
0.14000800000001432,48.35480000000003
0.1960080000000315,35.660000000000025
0.25200800000000234,18.292909999999996
0.25760800000002726,16.284399999999977
0.2688080000000307,12.202789999999908
0.29120800000003755,3.8371699999999453
0.33600800000000497,-12.452970000000008
0.3920080000000221,-30.291979999999885
0.448007999999993,-44.37107999999989
0.5040080000000102,-54.676100000000005
0.5600080000000274,-61.694570000000006
0.6160079999999982,-66.11241000000012
0.6720080000000154,-68.6285499999999
0.7280080000000325,-69.84974999999993
0.7840080000000034,-70.25077999999985
0.8400080000000206,-70.17523000000003
0.8960080000000378,-69.8557099999999
0.9520080000000086,-69.43944999999997
1.0000000000000209,-69.07182999999995
1.0055999999999994,-69.05354000000008
1.0168000000000028,-69.01191999999989
1.0392000000000097,-68.73816000000011
1.0840000000000234,-66.40793000000001
1.1399999999999944,-58.997009999999904
1.1960000000000115,-46.30924000000003
1.2520000000000286,-28.939980000000087
1.2576000000000072,-26.930609999999966
1.2688000000000106,-22.847040000000042
1.2912000000000174,-14.476850000000097
1.3360000000000312,1.822320000000044
1.3920000000000021,19.66936999999991
1.4480000000000193,33.752869999999824
1.5040000000000364,44.06016999999984
1.5600000000000074,51.07969999999984
1.6160000000000245,55.49785000000007
1.6719999999999953,58.01397999999991
1.7280000000000124,59.23524000000002
1.7840000000000298,59.63660000000015
1.8400000000000005,59.56165999999996
1.8960000000000177,59.24296000000018
1.9520000000000348,58.82768999999999
0.008000000000005763,58.40226000000004
0.06400000000002294,58.01215999999987
0.11999999999999379,57.677140000000016
0.17600000000001098,57.40166000000002
0.23200000000002816,57.18213999999988
0.28799999999999903,57.01123000000008
0.3440000000000162,56.88051000000005
0.4000000000000334,56.78188999999989
0.45600000000000424,56.70825999999995
0.5120000000000214,56.65371999999991
0.5679999999999923,56.61355999999995
0.6240000000000094,56.58409000000009
0.6800000000000266,56.56255999999993
0.7359999999999974,56.54685999999987
0.7920000000000147,56.535439999999994
0.8480000000000318,56.52716999999985
0.9040000000000027,56.521219999999815
0.9600000000000198,56.516980000000046
0.9999840000000271,56.514759999999995
1.0055840000000056,56.537889999999976
1.016784000000009,56.57821000000007
1.0391840000000159,56.461929999999995
1.0839840000000296,54.41693000000014
1.1399840000000006,47.30695000000007
1.1959840000000177,34.865550000000134
1.2519840000000348,17.69894999999999
1.2575840000000134,15.707590000000105
1.2687840000000168,11.659379999999997
1.2911840000000236,3.355550000000207
1.3359840000000374,-12.829069999999998
1.3919840000000083,-30.56504999999987
1.4479840000000255,-44.56678000000003
1.5039839999999964,-54.81406999999994
1.5599840000000136,-61.78963000000004
1.6159840000000307,-66.1756200000001
1.6719840000000015,-68.66810999999996
1.7279840000000188,-69.87169999999998
1.783984000000036,-70.2595800000001
1.8399840000000067,-70.17414999999994
1.8959840000000239,-69.8471599999999
1.9519839999999948,-69.42523
1.999976000000007,-69.05381999999993
0.005576000000031859,-69.03514
0.016776000000035294,-68.99276999999992
0.039175999999995846,-68.71764000000002
0.08397600000000958,-66.38500000000013
0.13997600000002677,-58.971639999999994
0.19597599999999762,-46.281950000000016
0.2519760000000148,-28.911179999999923
0.25757599999999337,-26.90166000000005
0.2687759999999968,-22.81785000000003
0.29117600000000365,-14.447190000000054
0.3359760000000174,1.8527900000000486
0.3919760000000346,19.700690000000076
0.4479760000000054,33.78484000000004
0.5039760000000226,44.09266000000001
0.5599759999999935,51.11259999999995
0.6159760000000106,55.53108000000017
0.6719760000000279,58.04746999999999
0.7279759999999987,59.26892000000006
0.7839760000000159,59.67042999999994
0.839976000000033,59.595610000000136
0.8959760000000039,59.27700000000002
0.951976000000021,58.86179999999985
1.0000240000000047,58.49477999999997
1.0056240000000296,58.47658999999994
1.016824000000033,58.43507999999997
1.0392239999999937,58.160610000000055
1.0840240000000074,55.824600000000004
1.1400240000000246,48.403030000000015
1.1960239999999953,35.708350000000166
1.2520240000000127,18.341370000000133
1.2576240000000374,16.332869999999833
1.2688239999999946,12.251270000000147
1.2912240000000015,3.8856800000000025
1.3360240000000152,-12.40440999999981
1.3920240000000323,-30.243360000000052
1.4480240000000033,-44.32238000000011
1.5040240000000205,-54.62734000000013
1.5600240000000376,-61.645759999999996
1.6160240000000083,-66.06355999999991
1.6720240000000257,-68.57968000000002
1.7280239999999965,-69.8008499999998
1.7840240000000136,-70.20187999999993
1.8400240000000307,-70.12631999999996
1.8960240000000017,-69.80678999999989
1.9520240000000189,-69.39052000000001
1.6000000031053132e-05,-69.02291000000017
0.00561600000000961,-69.00462000000007
0.016816000000013046,-68.96298999999995
0.039216000000019915,-68.6892400000001
0.08401600000003366,-66.35897999999996
0.14001600000000453,-58.94800999999994
0.1960160000000217,-46.26024000000007
0.2520159999999925,-28.89103999999998
0.25761600000001744,-26.88166000000014
0.26881600000002087,-22.798120000000033
0.29121600000002773,-14.427960000000128
0.33601599999999515,1.871120000000115
0.39201600000001235,19.71809000000002
0.4480160000000295,33.80151999999992
0.5040160000000004,44.10877999999996
0.5600160000000175,51.12826999999997
0.6160160000000348,55.546389999999946
0.6720160000000056,58.06250999999985
0.7280160000000228,59.283760000000015
0.7840159999999936,59.68510999999999
0.8400160000000108,59.61015000000014
0.896016000000028,59.29145000000013
0.9520159999999989,58.87617
1.000008000000011,58.509509999999935
1.0056080000000358,58.491300000000024
1.016807999999993,58.44978000000012
1.039208,58.17534000000002
1.0840080000000136,55.83965000000002
1.1400080000000308,48.41841000000002
1.1960080000000017,35.723699999999916
1.2520080000000189,18.356580000000065
1.2576079999999974,16.34807999999999
1.2688080000000008,12.26645000000004
1.2912080000000077,3.9008000000000376
1.3360080000000214,-12.389399999999995
1.3920079999999924,-30.22848000000011
1.4480080000000095,-44.3076
1.5040080000000267,-54.61263999999999
1.5600079999999974,-61.63110999999999
1.6160080000000148,-66.04894999999988
1.672008000000032,-68.56508999999988
1.7280080000000027,-69.78629000000014
1.7840080000000198,-70.18732000000006
1.8400080000000372,-70.11176000000007
1.896008000000008,-69.79224000000018
1.952008000000025,-69.37598
0.008007999999995958,-68.94943999999992
0.06400800000001314,-68.55812999999999
0.12000800000003031,-68.2218499999998
0.17600800000000116,-67.94509999999998
0.23200800000001834,-67.72433000000011
0.2880080000000355,-67.55215999999997
0.34400800000000636,-67.42024000000013
0.40000800000002357,-67.32042999999987
0.4560079999999944,-67.24564000000011
0.5120080000000116,-67.1899800000002
0.5680080000000288,-67.14873999999993
0.6240079999999997,-67.11822000000001
0.6800080000000168,-67.0956599999999
0.736008000000034,-67.07894000000003
0.7920080000000048,-67.06653999999989
0.848008000000022,-67.05727999999999
0.9040079999999929,-67.05037999999996
0.9600080000000101,-67.04517999999982
1.0160080000000273,-67.04127999999999
1.072007999999998,-67.03831999999998
1.1280080000000152,-67.03610999999987
1.1840080000000324,-67.03441999999993
1.2400080000000033,-67.03316000000004
1.2960080000000205,-67.03221999999998
1.3520080000000376,-67.0315399999999
1.4080080000000086,-67.03104999999998
1.4640080000000257,-67.03071000000006
1.5200079999999965,-67.03049999999999
1.5760080000000136,-67.03038000000005
1.632008000000031,-67.03033000000013
1.6880080000000017,-67.03035999999996
1.7440080000000189,-67.03041999999981
1.800008000000036,-67.03053999999997
1.856008000000007,-67.03067000000007
1.9120080000000241,-67.03085000000009
1.968007999999995,-67.0310300000001
0.024008000000012186,-67.03123
0.08000800000002936,-67.03144999999999
0.1360080000000002,-67.03168000000015
0.1920080000000174,-67.03192000000003
0.2480080000000346,-67.03216999999984
0.30400800000000544,-67.03241000000016
0.3600080000000226,-67.03266999999991
0.4160079999999935,-67.03292999999988
0.47200800000001064,-67.03318999999985
0.5280080000000278,-67.03345999999999
0.5840079999999986,-67.03371999999996
0.6400080000000159,-67.03397999999994
0.696008000000033,-67.03425000000007
0.7520080000000039,-67.03453000000015
0.808008000000021,-67.03479999999983
0.8640079999999919,-67.03506999999998
0.9200080000000092,-67.03535000000005
0.9760080000000263,-67.03561999999997
0.9999760000000234,-67.0357399999999
1.005576000000002,-67.05919000000016
1.0167760000000055,-67.10019999999983
1.0391760000000123,-66.98607999999994
1.083976000000026,-64.94922000000014
1.139975999999997,-57.852580000000046
1.1959760000000141,-45.42103999999991
1.2519760000000313,-28.255119999999856
1.2575760000000098,-26.263159999999843
1.2687760000000132,-22.213569999999905
1.29117600000002,-13.906280000000049
1.3359760000000338,2.2852599999998446
1.3919760000000048,20.027049999999935
1.447976000000022,34.031400000000154
1.5039759999999927,44.27968000000004
1.55997600000001,51.25537000000002
1.6159760000000272,55.641039999999805
1.671975999999998,58.133140000000026
1.727976000000015,59.336540000000106
1.7839760000000324,59.72460000000002
1.8399760000000032,59.63969999999996
1.8959760000000203,59.31351000000018
1.9519760000000375,58.892559999999875
0.0079760000000084,58.462809999999976
0.06397600000002558,58.06938000000006
0.11997599999999643,57.73178999999984
0.17597600000001362,57.454329999999885
0.2319760000000308,57.233260000000065
0.2879760000000017,57.06111999999997
0.3439760000000188,56.92945999999988
0.399976000000036,56.830079999999896
0.4559760000000069,56.75587000000015
0.5119760000000241,56.70083999999997
0.5679759999999949,56.66032000000021
0.6239760000000121,56.63057000000005
0.6799760000000292,56.608820000000115
0.7359760000000001,56.592940000000034
0.7919760000000173,56.58139000000006
0.8479760000000345,56.573019999999865
0.9039760000000053,56.56697999999993
0.9599760000000225,56.562679999999865
1.0000160000000011,56.56043
1.005616000000026,56.583569999999916
1.0168160000000295,56.62386999999991
1.0392160000000363,56.50758999999983
1.0840160000000039,54.462620000000015
1.140016000000021,47.35277000000004
1.1960159999999918,34.911579999999944
1.2520160000000091,17.745230000000056
1.2576160000000338,15.753890000000048
1.2688160000000372,11.70573000000008
1.291215999999998,3.4020100000000664
1.3360160000000116,-12.782389999999921
1.3920160000000288,-30.518100000000103
1.4480159999999997,-44.519580000000005
1.504016000000017,-54.76667000000002
1.560016000000034,-61.74208000000014
1.6160160000000048,-66.12795999999999
1.6720160000000222,-68.62036999999988
1.728015999999993,-69.82390000000005
1.78401600000001,-70.21176000000007
1.8400160000000272,-70.12630000000009
1.8960159999999981,-69.79930000000012
1.9520160000000153,-69.37735000000012
8.000000027468987e-06,-69.00594999999998
0.005608000000006026,-68.98727999999998
0.01680800000000946,-68.94489999999998
0.039208000000016334,-68.66978000000002
0.08400800000003007,-66.33712000000003
0.14000800000000094,-58.92377999999998
0.1960080000000181,-46.23419000000006
0.2520080000000353,-28.86363000000003
0.2576080000000138,-26.854139999999973
0.26880800000001726,-22.770390000000027
0.29120800000002417,-14.399840000000053
0.3360080000000379,1.899920000000055
0.39200800000000874,19.747550000000167
0.44800800000002594,33.83148999999985
0.5040079999999968,44.13913999999997
0.5600080000000139,51.15897000000014
0.6160080000000311,55.57735000000008
0.672008000000002,58.093689999999974
0.7280080000000192,59.315100000000065
0.7840080000000363,59.71659000000007
0.8400080000000072,59.64174
0.8960080000000243,59.32312000000017
0.9520079999999952,58.907910000000065
1.0000000000000073,58.54129999999991
1.0056000000000322,58.5231100000001
1.0168000000000357,58.481599999999915
1.0391999999999963,58.207179999999916
1.08400000000001,55.87154999999999
1.1400000000000272,48.450399999999895
1.195999999999998,35.75580999999994
1.2520000000000153,18.388810000000035
1.2575999999999938,16.38030999999995
1.2687999999999973,12.298710000000046
1.2912000000000041,3.9331000000000227
1.3360000000000178,-12.357020000000052
1.392000000000035,-30.195989999999952
1.448000000000006,-44.27501
1.504000000000023,-54.57997000000003
1.5599999999999938,-61.59837999999995
1.616000000000011,-66.01618000000009
1.6720000000000284,-68.53227999999989
1.727999999999999,-69.75346000000005
1.7840000000000162,-70.15448999999995
1.8400000000000334,-70.07892000000004
1.8960000000000043,-69.75938999999998
1.9520000000000215,-69.34314000000019
0.007999999999992373,-68.91658999999994
0.06400000000000955,-68.52529000000018
0.12000000000002672,-68.18901999999993
0.17599999999999758,-67.91228999999998
0.23200000000001475,-67.6915199999999
0.28800000000003195,-67.51935999999992
0.3440000000000028,-67.38744000000008
0.40000000000001995,-67.28763999999998
0.45600000000003715,-67.21288000000003
0.512000000000008,-67.15721999999991
0.5680000000000252,-67.11599000000001
0.623999999999996,-67.08547000000009
0.6800000000000133,-67.06291999999992
0.7360000000000304,-67.04621
0.7920000000000013,-67.03382000000002
0.8480000000000184,-67.02458
0.9040000000000357,-67.01767999999997
0.9600000000000065,-67.01248999999999
1.0160000000000236,-67.00860000000009
1.0719999999999945,-67.00565999999996
1.1280000000000117,-67.00344000000014
1.1840000000000288,-67.00176000000013
1.2399999999999998,-67.00050999999996
1.296000000000017,-66.99958000000007
1.352000000000034,-66.99890999999991
1.408000000000005,-66.99842000000001
1.4640000000000222,-66.99809999999995
1.519999999999993,-66.99788000000018
1.57600000000001,-66.99778000000012
1.6320000000000274,-66.99774000000014
1.6879999999999982,-66.99776999999996
1.7440000000000153,-66.99785000000014
1.8000000000000325,-66.99796999999985
1.8560000000000034,-66.99810999999988
1.9120000000000206,-66.99829000000013
1.9680000000000377,-66.99848000000009
1.9999759999999935,-66.99860000000002
0.005576000000018469,-67.02203999999989
0.016776000000021905,-67.06304000000007
0.03917600000002878,-66.94890999999981
0.08397599999999619,-64.91197000000004
0.13997600000001337,-57.815230000000106
0.19597600000003054,-45.38360000000008
0.2519760000000014,-28.217600000000065
0.2575760000000263,-26.22562999999989
0.2687760000000297,-22.17603000000001
0.29117600000003657,-13.868720000000057
0.335976000000004,2.3228500000000984
0.3919760000000212,20.064679999999946
0.44797599999999205,34.069079999999865
0.5039760000000092,44.31739000000001
0.5599760000000265,51.29311999999997
0.6159759999999973,55.67881000000008
0.6719760000000145,58.17092000000002
0.7279760000000316,59.37433000000003
0.7839760000000024,59.762399999999886
0.8399760000000197,59.67750000000005
0.8959760000000369,59.35131000000005
0.9519760000000077,58.93035000000002
1.0000240000000378,58.55950999999982
1.0056240000000163,58.54092999999993
1.0168240000000197,58.49867000000009
1.0392240000000266,58.222879999999975
1.084023999999994,55.88492999999994
1.1400240000000113,48.461539999999914
1.1960240000000284,35.765290000000064
1.2520240000000455,18.397090000000116
1.2576239999999779,16.388489999999976
1.2688240000000275,12.306689999999953
1.2912240000000343,3.9407499999999374
1.336024000000048,-12.349940000000004
1.392024000000019,-30.18945999999989
1.4480239999999898,-44.26890999999999
1.5040240000000533,-54.57420999999996
1.5600240000000243,-61.59291000000011
1.616023999999995,-66.01093999999996
1.6720240000000586,-68.52725000000004
1.7280240000000293,-69.7485899999999
1.7840240000000003,-70.14973999999997
1.8400239999999712,-70.07429999999992
1.8960240000000346,-69.75485999999998
1.9520240000000055,-69.33867999999998
0.008023999999976345,-68.91220999999992
0.06402400000003984,-68.52095000000014
0.1200240000000107,-68.18472000000008
0.17602399999998156,-67.90803000000012
0.23202400000004506,-67.68728000000013
0.28802400000001593,-67.51515999999991
0.3440239999999868,-67.38325999999995
0.4000240000000503,-67.28347000000001
0.45602400000002113,-67.20872
0.5120239999999919,-67.15307999999997
0.5680240000000555,-67.11186000000002
0.6240240000000263,-67.08135999999998
0.6800239999999972,-67.05881000000002
0.7360240000000607,-67.04211999999998
0.7920240000000316,-67.02973000000001
0.8480240000000024,-67.02049999999993
0.9040239999999733,-67.01360999999983
0.9600240000000367,-67.00843
1.0160240000000076,-67.00453999999989
1.0720239999999785,-67.0016
1.1280240000000419,-66.9993900000001
1.1840240000000128,-66.99772999999998
1.2400239999999836,-66.99648000000002
1.2960240000000471,-66.99556000000007
1.352024000000018,-66.99489000000014
1.4080239999999888,-66.99440999999995
1.4640240000000524,-66.9940899999999
1.5200240000000234,-66.99389
1.576023999999994,-66.99378999999995
1.6320240000000577,-66.9937599999999
1.6880240000000284,-66.99379999999988
1.7440239999999994,-66.99387000000013
1.80002399999997,-66.994
1.8560240000000336,-66.99414999999998
1.9120240000000046,-66.99432999999999
1.9680239999999753,-66.99453000000011
1.9999999999999776,-66.99465000000005
0.005600000000002442,-67.01810000000008
0.0168000000000522,-67.05909999999982
0.03920000000005907,-66.94497
0.08399999999998017,-64.9080500000001
0.14000000000004367,-57.81133000000005
0.19600000000001452,-45.37975999999988
0.2519999999999854,-28.213829999999884
0.25760000000001027,-26.22188000000003
0.26880000000006,-22.172300000000035
0.29119999999997426,-13.865039999999995
0.335999999999988,2.326459999999919
0.3920000000000515,20.06817999999999
0.4480000000000223,34.07251000000011
0.5039999999999932,44.32075999999996
0.5600000000000567,51.29643000000006
0.6160000000000275,55.68210000000007
0.6719999999999984,58.1741899999999
0.7279999999999692,59.377589999999984
0.7840000000000328,59.765639999999955
0.8400000000000036,59.68072999999996
0.8959999999999745,59.35453000000002
0.952000000000038,58.933590000000095
1.0080000000000089,58.50382999999981
1.0639999999999796,58.1103999999999
1.1200000000000432,57.77279999999996
1.1760000000000141,57.49533000000007
1.2319999999999849,57.27425000000008
1.2880000000000484,57.10211000000021
1.3440000000000192,56.970439999999954
1.3999999999999901,56.87105000000003
1.4560000000000537,56.796840000000074
1.5120000000000244,56.741810000000115
1.5679999999999954,56.70127999999997
1.6240000000000587,56.671519999999866
1.6800000000000297,56.64977000000015
1.7360000000000007,56.63387999999991
1.7919999999999714,56.62233999999988
1.848000000000035,56.61395999999996
1.9040000000000057,56.607920000000036
1.9599999999999766,56.603619999999964
0.016000000000040114,56.600599999999886
0.07200000000001097,56.59854999999992
0.12799999999998182,56.59722000000001
0.18400000000004532,56.59643999999986
0.24000000000001617,56.59608999999999
0.29599999999998705,56.596050000000005
0.35200000000005055,56.596270000000004
0.4080000000000214,56.59667999999996
0.46399999999999225,56.597250000000045
0.5200000000000558,56.59791999999997
0.5760000000000266,56.598700000000115
0.6319999999999975,56.59955000000005
0.688000000000061,56.600470000000016
0.7440000000000319,56.60142000000001
0.8000000000000027,56.60240999999999
0.8559999999999736,56.60343999999995
0.912000000000037,56.60450000000017
0.9680000000000079,56.60556000000017
1.0239999999999787,56.60664999999998
1.0800000000000423,56.607730000000075
1.136000000000013,56.608839999999994
1.191999999999984,56.60994999999991
1.2480000000000475,56.611069999999984
1.3040000000000183,56.61219000000006
1.3599999999999892,56.61330999999991
1.4160000000000528,56.61442999999999
1.4720000000000235,56.61556000000001
1.5279999999999945,56.61669000000003
1.5840000000000578,56.61780999999988
1.6400000000000288,56.618939999999895
1.6959999999999995,56.62007000000013
1.7519999999999705,56.62120000000015
1.808000000000034,56.62232999999994
1.8640000000000048,56.62345999999996
1.9199999999999757,56.62457999999981
1.976000000000039,56.625710000000055
0.03200000000001002,56.626840000000065
0.08799999999998089,56.62795999999992
0.14400000000004437,56.62908
0.20000000000001525,56.63020000000007
0.25599999999998607,56.63133000000009
0.31200000000004957,56.63244999999995
0.3680000000000204,56.63357000000002
0.42399999999999133,56.6346900000001
0.4800000000000548,56.63580999999995
0.5360000000000257,56.63692999999981
0.5919999999999965,56.638049999999886
0.64800000000006,56.639169999999964
0.7040000000000308,56.640289999999816
0.7600000000000018,56.641409999999894
0.8159999999999726,56.642529999999965
0.8720000000000361,56.643639999999884
0.9280000000000069,56.64475999999996
0.9839999999999778,56.645869999999874
1.0400000000000413,56.64698000000001
1.096000000000012,56.64810000000009
1.151999999999983,56.649210000000004
1.2080000000000466,56.65032999999986
1.2640000000000173,56.651439999999994
1.3199999999999883,56.65255999999985
1.3760000000000516,56.65366999999999
1.4320000000000226,56.654769999999964
1.4879999999999933,56.65589000000004
1.5440000000000569,56.65699000000002
1.6000000000000278,56.65809999999993
1.6559999999999986,56.65921000000007
1.7119999999999695,56.660329999999924
1.768000000000033,56.6614299999999
1.8240000000000038,56.662540000000035
1.8799999999999748,56.663649999999954
1.9360000000000381,56.66475999999987
1.992000000000009,56.665870000000005
8.000000060401114e-06,56.66602999999992
0.005607999999992635,56.68952999999988
0.016808000000042393,56.730590000000134
0.039208000000049266,56.61566000000007
0.08400799999997036,54.5730499999999
0.14000800000003386,47.4654699999999
0.1960080000000047,35.025890000000004
0.2520079999999756,17.860540000000036
0.25760800000000045,15.869259999999885
0.26880800000005023,11.821220000000077
0.2912080000000571,3.5177100000001182
0.33600799999997816,-12.666400000000078
0.39200800000004166,-30.401840000000124
0.44800800000001256,-44.40310000000003
0.5040079999999834,-54.649989999999924
0.5600080000000469,-61.625199999999936
0.6160080000000178,-66.01089999999998
0.6720079999999886,-68.50314000000002
0.7280080000000521,-69.70653999999988
0.7840080000000229,-70.09426000000008
0.8400079999999939,-70.00870000000003
0.8960080000000573,-69.6816
0.9520080000000282,-69.25958999999993
1.0080079999999991,-68.82864
1.0640079999999699,-68.43394000000002
1.1200080000000334,-68.09504
1.1760080000000042,-67.81625000000014
1.2320079999999751,-67.59385999999989
1.2880080000000387,-67.42043000000008
1.3440080000000094,-67.28751000000011
1.4000079999999804,-67.1868900000001
1.4560080000000437,-67.11149000000005
1.5120080000000147,-67.05531999999992
1.5680079999999856,-67.01366999999992
1.624008000000049,-66.98282999999994
1.68000800000002,-66.96002000000001
1.7360079999999907,-66.94310000000003
1.7920080000000542,-66.93052999999982
1.8480080000000252,-66.92114999999998
1.904007999999996,-66.91413999999996
1.9600080000000595,-66.90887000000001
0.01600800000003031,-66.90489999999994
0.07200800000000117,-66.90189000000002
0.12800799999997203,-66.89962999999999
0.18400800000003553,-66.89791000000001
0.24000800000000638,-66.89663999999995
0.29600799999997723,-66.89568000000001
0.35200800000004073,-66.89497999999983
0.4080080000000116,-66.89448999999992
0.46400799999998243,-66.89414999999998
0.520008000000046,-66.89392999999998
0.5760080000000168,-66.89381000000006
0.6320079999999877,-66.89377000000007
0.6880080000000511,-66.89378999999995
0.744008000000022,-66.89385999999998
0.8000079999999928,-66.89397999999991
0.8560080000000564,-66.89411999999994
0.9120080000000272,-66.89429000000003
0.9680079999999981,-66.8944800000002
0.9999840000000002,-66.89460999999986
1.0055840000000251,-66.91804999999995
1.0167839999999821,-66.95904000000019
1.039183999999989,-66.84489999999998
1.083984000000003,-64.80788000000004
1.1399839999999737,-57.71097000000003
1.1959840000000372,-45.27915999999998
1.251984000000008,-28.113039999999813
1.257584000000033,-26.12107000000008
1.2687839999999901,-22.071460000000044
1.291183999999997,-13.764129999999986
1.3359840000000107,2.4274799999999264
1.3919839999999815,20.169380000000015
1.447984000000045,34.17384999999995
1.503984000000016,44.42223000000012
1.5599839999999867,51.39800999999999
1.6159840000000503,55.78375000000002
1.671984000000021,58.27588000000006
1.727983999999992,59.47930000000001
1.7839840000000555,59.867380000000026
1.8399840000000263,59.78247999999997
1.8959839999999972,59.45628000000003
1.9519840000000606,59.035329999999945
0.007984000000031527,58.60556999999989
0.06398400000000239,58.21212000000009
0.11998399999997324,57.874510000000214
0.17598400000003675,57.59702
0.2319840000000076,57.375919999999915
0.2879839999999784,57.2037700000001
0.343984000000042,57.07207000000003
0.39998400000001283,56.97266999999995
0.4559839999999837,56.89843000000017
0.5119840000000472,56.84338999999983
0.567984000000018,56.80284000000002
0.6239839999999889,56.773060000000044
0.6799840000000523,56.75129000000001
0.7359840000000233,56.73539000000005
0.7919839999999941,56.72381000000004
0.8479840000000576,56.71541999999996
0.9039840000000284,56.70937000000009
0.9599839999999993,56.70503999999998
1.000023999999978,56.702779999999954
1.005624000000003,56.725909999999935
1.0168240000000526,56.76622000000009
1.0392240000000594,56.64993000000007
1.0840239999999806,54.605030000000056
1.1400240000000441,47.49526000000004
1.196024000000015,35.054109999999916
1.2520239999999858,17.88762999999993
1.2576240000000107,15.896270000000046
1.2688240000000603,11.848059999999938
1.2912239999999746,3.5442399999998653
1.3360239999999883,-12.640350000000078
1.3920240000000519,-30.37625999999993
1.4480240000000228,-44.37786999999993
1.5040239999999936,-54.6250399999999
1.5600240000000571,-61.600509999999886
1.616024000000028,-65.98642
1.6720239999999988,-68.47886000000014
1.7280239999999698,-69.68242000000014
1.7840240000000331,-70.07027999999993
1.840024000000004,-69.98484000000005
1.8960239999999748,-69.65785000000002
1.9520240000000384,-69.2359199999999
0.008024000000009277,-68.80503999999999
0.06402399999998014,-68.4104000000001
0.12002400000004364,-68.07154999999997
0.1760240000000145,-67.79278999999994
0.23202399999998535,-67.57045000000006
0.28802400000004885,-67.39705000000006
0.3440240000000197,-67.2641599999999
0.40002399999999055,-67.16357999999988
0.45602400000005405,-67.08819
0.5120240000000249,-67.03205000000013
0.5680239999999958,-66.99042
0.6240240000000593,-66.95958999999996
0.6800240000000302,-66.93678999999997
0.736024000000001,-66.91988000000015
0.7920239999999719,-66.90733999999998
0.8480240000000353,-66.89797000000009
0.9040240000000062,-66.89097999999993
0.960023999999977,-66.88570999999999
1.0160240000000405,-66.88174999999985
1.0720240000000114,-66.87876999999997
1.1280239999999824,-66.87651999999989
1.1840240000000457,-66.87481000000007
1.2400239999999703,-66.87354999999995
1.2960239999999412,-66.87259999999995
1.3520240000000046,-66.87192000000009
1.4080239999999755,-66.87142999999995
1.4640239999999465,-66.87110000000018
1.5200240000000098,-66.87090000000006
1.5760239999999808,-66.8708
1.6320239999999515,-66.87076000000003
1.688024000000015,-66.87078999999984
1.744023999999986,-66.87087999999997
1.8000239999999568,-66.87101000000007
1.8560239999999277,-66.87116000000005
1.912023999999991,-66.87134999999999
1.968023999999962,-66.87155000000011
1.9999999999999643,-66.87166999999982
0.005599999999989051,-66.89511999999986
0.016799999999946164,-66.9361100000001
0.039199999999953036,-66.82197000000012
0.08399999999996678,-64.7849599999999
0.13999999999993765,-57.68806999999998
0.19600000000000115,-45.25631000000008
0.25199999999997197,-28.090300000000124
0.2575999999999969,-26.098330000000168
0.26879999999995396,-22.04874000000001
0.2911999999999609,-13.741470000000033
0.3359999999999746,2.450029999999881
0.39199999999994545,20.191800000000093
0.44800000000000895,34.196160000000035
0.5039999999999798,44.44446000000002
0.5599999999999506,51.42018000000004
0.6160000000000142,55.80586999999993
0.671999999999985,58.29796999999992
0.7279999999999559,59.50137999999994
0.7839999999999268,59.88944000000007
0.8399999999999902,59.80452999999986
0.895999999999961,59.478319999999975
0.9519999999999319,59.057359999999946
0.9999919999999441,58.68691000000004
1.005591999999969,58.66832999999993
1.0167919999999262,58.626070000000084
1.039191999999933,58.35027000000004
1.0839919999999468,56.01232999999994
1.1399920000000103,48.58899000000005
1.195991999999981,35.89273000000004
1.251991999999952,18.524430000000038
1.2575919999999767,16.515809999999796
1.268791999999934,12.433979999999956
1.2911919999999408,4.067950000000042
1.3359919999999545,-12.222900000000037
1.3919919999999255,-30.062560000000182
1.4479919999999888,-44.1420899999998
1.5039919999999598,-54.44744000000013
1.5599919999999305,-61.46615999999994
1.615991999999994,-65.88420999999988
1.671991999999965,-68.4005299999999
1.7279919999999358,-69.62187999999992
1.7839919999999994,-70.02304999999987
1.83999199999997,-69.94761000000005
1.895991999999941,-69.62818000000004
1.9519920000000046,-69.21199999999983
1.999983999999924,-68.84446
0.005583999999948951,-68.82617000000013
0.01678399999999871,-68.78456000000011
0.03918400000000558,-68.51081999999997
0.08398399999992667,-66.18053000000002
0.13998399999999017,-58.76949999999992
0.19598399999996102,-46.081790000000126
0.2519839999999319,-28.712870000000112
0.2575839999999568,-26.70353999999997
0.2687840000000065,-22.620080000000044
0.2911840000000134,-14.250110000000094
0.3359839999999345,2.0485800000000776
0.391983999999998,19.895119999999935
0.44798399999996885,33.97821999999984
0.5039839999999397,44.28524
0.5599840000000033,51.304569999999885
0.6159839999999741,55.72256999999992
0.671983999999945,58.23862999999996
0.7279840000000084,59.45982000000005
0.7839839999999793,59.86113000000004
0.8399839999999501,59.78613999999993
0.8959840000000137,59.46742000000005
0.9519839999999845,59.05212999999998
1.0079839999999554,58.62668000000015
1.063983999999926,58.236560000000104
1.1199839999999897,57.90150999999999
1.1759839999999606,57.626009999999894
1.2319839999999314,57.40648999999998
1.287983999999995,57.23555999999985
1.3439839999999659,57.104839999999825
1.3999839999999366,57.00620000000001
1.4559840000000002,56.93255999999991
1.511983999999971,56.878000000000206
1.5679839999999419,56.83784000000003
1.6239840000000054,56.80836999999994
1.6799839999999762,56.786840000000005
1.7359839999999471,56.77113
1.7919840000000105,56.75969999999997
1.8479839999999814,56.75142000000011
1.9039839999999522,56.745470000000076
1.9599839999999231,56.74122000000015
2.399999999446732e-05,56.73899000000016
0.005623999999926702,56.76211999999992
0.01682399999997646,56.80244999999995
0.03922399999998333,56.68618999999997
0.08402399999999707,54.64133000000015
0.14002399999996792,47.53162
0.19602399999993877,35.090490000000194
0.2520240000000023,17.92400999999999
0.2576239999999345,15.932639999999942
0.2688239999999843,11.884430000000057
0.29122399999999116,3.5805900000001056
0.3360240000000049,-12.604049999999978
0.3920239999999757,-30.340000000000032
0.44802399999994663,-44.34163000000013
0.5040240000000101,-54.58882999999992
0.560023999999981,-61.56430000000013
0.6160239999999518,-65.95022999999989
0.6720240000000153,-68.44267000000004
0.7280239999999861,-69.64623000000003
0.784023999999957,-70.0341
0.8400239999999279,-69.94866999999982
0.8960239999999914,-69.6216799999998
0.9520239999999622,-69.19975999999983
1.0000159999999745,-68.82837000000008
1.0056159999999994,-68.80968999999992
1.0168159999999564,-68.76733000000002
1.0392159999999633,-68.49217999999979
1.084015999999977,-66.15943000000013
1.140015999999948,-58.74587000000009
1.1960160000000113,-46.05609
1.2520159999999823,-28.68546999999988
1.2576160000000072,-26.675990000000205
1.2688159999999642,-22.592250000000202
1.291215999999971,-14.221729999999821
1.3360159999999848,2.077949999999884
1.3920159999999557,19.92553000000008
1.4480159999999265,34.00946000000005
1.50401599999999,44.317130000000034
1.560015999999961,51.33695999999999
1.6160159999999317,55.75536000000003
1.6720159999999953,58.271709999999864
1.728015999999966,59.493129999999894
1.784015999999937,59.89460999999996
1.8400160000000005,59.81977000000005
1.8960159999999713,59.50114000000006
1.9520159999999422,59.085920000000016
0.008016000000005694,58.660520000000105
0.06401599999997655,58.270440000000036
0.1200159999999474,57.93541999999996
0.1760160000000109,57.65993999999996
0.23201599999998176,57.440429999999985
0.28801599999995264,57.269500000000086
0.3440159999999235,57.138780000000054
0.400015999999987,57.040130000000076
0.45601599999995784,56.96649999999992
0.5120159999999286,56.911920000000116
0.5680159999999922,56.87175
0.624015999999963,56.84226999999997
0.6800159999999339,56.82071999999994
0.7360159999999975,56.80498999999983
0.7920159999999683,56.79355000000008
0.8480159999999392,56.78526000000006
0.9040160000000026,56.779289999999925
0.9600159999999734,56.77503000000006
0.9999999999999343,56.77278999999991
1.0055999999999592,56.79592999999983
1.016800000000009,56.83623999999998
1.039199999999923,56.71998000000001
1.083999999999937,54.675119999999964
1.1400000000000003,47.56541000000003
1.1959999999999713,35.12423000000009
1.251999999999942,17.957629999999945
1.257599999999967,15.96624999999996
1.2687999999999242,11.918010000000034
1.291199999999931,3.6141100000000037
1.3359999999999448,-12.570650000000017
1.3920000000000083,-30.306739999999888
1.447999999999979,-44.30847999999998
1.50399999999995,-54.55575999999995
1.5600000000000134,-61.53129000000001
1.6159999999999843,-65.91725999999997
1.671999999999955,-68.40972000000001
1.727999999999926,-69.61331000000004
1.7839999999999896,-70.00118999999994
1.8399999999999603,-69.91577000000015
1.8959999999999313,-69.58879000000007
1.9519999999999946,-69.16685999999994
0.007999999999965594,-68.73599000000019
0.06399999999993645,-68.34136999999996
0.11999999999999995,-68.00251999999985
0.17599999999997082,-67.72378000000012
0.23199999999994167,-67.50144000000003
0.28800000000000514,-67.32804999999998
0.343999999999976,-67.1951500000001
0.3999999999999469,-67.09458000000001
0.4560000000000104,-67.01919000000012
0.5119999999999812,-66.96305999999996
0.5679999999999521,-66.92143000000006
0.623999999999923,-66.89060999999997
0.6799999999999864,-66.86780999999998
0.7359999999999574,-66.8509100000001
0.7919999999999282,-66.83835999999998
0.8479999999999916,-66.82899000000009
0.9039999999999625,-66.82199999999993
0.9599999999999334,-66.81674000000015
1.015999999999997,-66.81278000000002
1.0719999999999676,-66.80978999999998
1.1279999999999386,-66.80755000000005
1.1840000000000022,-66.80584
1.239999999999973,-66.80458000000012
1.2959999999999439,-66.80362999999988
1.3520000000000072,-66.80295999999997
1.4079999999999782,-66.80246000000012
1.463999999999949,-66.80215000000001
1.5200000000000125,-66.80193999999995
1.5759999999999834,-66.80184000000011
1.6319999999999542,-66.80179999999991
1.6879999999999251,-66.80184999999983
1.7439999999999887,-66.80193000000001
1.7999999999999594,-66.80205999999988
1.8559999999999304,-66.80220999999986
1.9119999999999937,-66.80240000000003
1.9679999999999647,-66.80260000000015
0.0239999999999355,-66.80281999999993
0.079999999999999,-66.80306000000003
0.13599999999996987,-66.80331000000007
0.19199999999994072,-66.80356000000009
0.24800000000000422,-66.80383
0.30399999999997507,-66.8040900000002
0.3599999999999459,-66.80437000000006
0.4160000000000094,-66.80463999999998
0.47199999999998027,-66.80492000000004
0.5279999999999512,-66.80521000000006
0.5840000000000146,-66.80549999999985
0.6399999999999855,-66.80576999999998
0.6959999999999563,-66.80606
0.7519999999999272,-66.80635000000001
0.8079999999999907,-66.80664000000003
0.8639999999999616,-66.80693000000004
0.9199999999999324,-66.80722000000006
0.9759999999999959,-66.80752000000001
1.0000239999999647,-66.80764000000016
1.0056239999999894,-66.83108999999999
1.0168239999999467,-66.8721000000001
1.0392239999999535,-66.75797999999999
1.0840239999999672,-64.72097
1.140023999999938,-57.62405999999998
1.1960240000000015,-45.19231999999995
1.2520239999999725,-28.026380000000017
1.2576239999999974,-26.034429999999944
1.2688239999999544,-21.984870000000043
1.2912239999999613,-13.677649999999986
1.336023999999975,2.513739999999931
1.392023999999946,20.255380000000045
1.4480240000000093,34.259669999999964
1.5040239999999803,44.507909999999875
1.560023999999951,51.483589999999914
1.6160240000000146,55.86924999999998
1.6720239999999855,58.36134000000004
1.7280239999999563,59.564729999999955
1.7840239999999272,59.952779999999926
1.8400239999999908,59.86787000000015
1.8960239999999615,59.54164999999989
1.9520239999999325,59.12069000000009
1.599999994456106e-05,58.750230000000016
0.00561599999996944,58.73164999999992
0.016815999999926553,58.68939000000006
0.03921599999993342,58.41360000000017
0.08401599999994716,56.0756899999999
0.14001600000001066,48.65242000000003
0.1960159999999815,35.95623000000003
0.2520159999999524,18.587939999999968
0.25761599999997725,16.579330000000112
0.2688159999999344,12.497489999999889
0.29121599999994124,4.1314500000000365
0.33601599999995496,-12.159430000000082
0.39201599999992587,-29.999090000000006
0.44801599999998937,-44.078610000000126
0.5040159999999602,-54.38392999999997
0.560015999999931,-61.40265
0.6160159999999946,-65.82066999999992
0.6720159999999654,-68.33698
0.7280159999999363,-69.55831999999984
0.7840159999999997,-69.95949000000002
0.8400159999999707,-69.88404000000004
0.8960159999999415,-69.5646099999998
0.952016000000005,-69.14843999999998
1.0000079999999245,-68.78089999999992
1.0056079999999494,-68.76261000000005
1.016807999999999,-68.7209999999998
1.0392080000000061,-68.44726000000011
1.084007999999927,-66.11692999999997
1.1400079999999906,-58.70584999999995
1.1960079999999615,-46.01809999999995
1.2520079999999323,-28.649209999999982
1.2576079999999572,-26.63989
1.268808000000007,-22.556450000000172
1.291208000000014,-14.18651999999998
1.336007999999935,2.112089999999789
1.3920079999999984,19.95856000000007
1.4480079999999693,34.041610000000055
1.50400799999994,44.34859000000002
1.5600080000000036,51.36790000000002
1.6160079999999746,55.785890000000116
1.6720079999999453,58.301929999999835
1.7280080000000089,59.52310999999999
1.7840079999999796,59.92441000000004
1.8400079999999506,59.84941999999993
1.8960080000000141,59.530689999999886
1.9520079999999849,59.11537999999994
1.9999999999999971,58.748709999999924
0.0055999999999293395,58.73050999999996
0.0167999999999791,58.68897999999989
0.03919999999998597,58.414549999999956
0.08399999999999971,56.07899999999999
0.13999999999997056,48.65805000000001
0.19599999999994142,35.96361999999998
0.25200000000000494,18.596639999999944
0.25759999999993716,16.588140000000084
0.26879999999998694,12.506509999999915
0.2911999999999938,4.140849999999974
0.3360000000000075,-12.149380000000098
0.39199999999997837,-29.988389999999974
0.4479999999999492,-44.06741000000003
0.5040000000000128,-54.372330000000076
0.5599999999999836,-61.390700000000024
0.6159999999999545,-65.80845999999995
0.6719999999999253,-68.32455000000004
0.7279999999999888,-69.54570000000015
0.7839999999999596,-69.94671999999991
0.8399999999999305,-69.87115999999993
0.895999999999994,-69.55162000000014
0.9519999999999649,-69.13538000000008
1.0079999999999358,-68.70884999999993
1.0639999999999992,-68.31756000000011
1.1199999999999701,-67.9813199999999
1.1759999999999409,-67.70461000000006
1.2320000000000044,-67.48387
1.2879999999999754,-67.31174000000007
1.3439999999999461,-67.17983999999988
1.4000000000000097,-67.08007000000005
1.4559999999999804,-67.0053300000002
1.5119999999999514,-66.9496999999999
1.568000000000015,-66.9084900000001
1.6239999999999857,-66.87800999999993
1.6799999999999566,-66.85548000000009
1.7359999999999274,-66.83880000000019
1.791999999999991,-66.82642999999987
1.847999999999962,-66.81720999999996
1.9039999999999326,-66.81033000000002
1.9599999999999962,-66.80517000000007
0.015999999999967013,-66.80128999999991
0.07199999999993786,-66.7983700000001
0.12800000000000136,-66.79619000000004
0.1839999999999722,-66.79452000000019
0.2399999999999431,-66.79330999999999
0.2960000000000066,-66.79239999999997
0.35199999999997744,-66.79173999999999
0.4079999999999483,-66.79128000000011
0.4640000000000118,-66.79097999999995
0.5199999999999827,-66.79078999999999
0.5759999999999535,-66.79069999999987
0.6319999999999244,-66.79068
0.6879999999999878,-66.79072999999991
0.7439999999999587,-66.79082999999997
0.7999999999999295,-66.79097
0.8559999999999931,-66.79114000000008
0.911999999999964,-66.79133000000004
0.9679999999999348,-66.79155000000003
0.9999759999999369,-66.79166999999997
1.0055759999999618,-66.81512000000001
1.0167760000000117,-66.85611999999996
1.0391759999999257,-66.74196999999981
1.0839759999999397,-64.70492000000006
1.139976000000003,-57.607960000000126
1.195975999999974,-45.176169999999956
1.2519759999999447,-28.010209999999923
1.2575759999999696,-26.01826000000007
1.2687759999999269,-21.968699999999952
1.2911759999999337,-13.661469999999953
1.3359759999999474,2.5299199999999633
1.391976000000011,20.271559999999855
1.4479759999999817,34.27586000000016
1.5039759999999527,44.52410000000007
1.5599759999999234,51.49978999999982
1.615975999999987,55.88544999999989
1.6719759999999577,58.377540000000174
1.7279759999999287,59.58092999999987
1.7839759999999922,59.96898000000006
1.839975999999963,59.884070000000065
1.895975999999934,59.55785000000002
1.9519759999999973,59.136879999999834
2.399999993475522e-05,58.76599999999988
0.005623999999959634,58.74742999999994
0.01682400000000939,58.70517000000008
0.03922399999992362,58.42938999999991
0.08402399999993736,56.091540000000165
0.14002400000000087,48.668340000000086
0.19602399999997172,35.97222000000011
0.25202399999994257,18.603979999999964
0.25762399999996743,16.59535999999995
0.26882399999992457,12.513529999999884
0.2912239999999314,4.147499999999971
0.3360239999999452,-12.143359999999825
0.3920240000000087,-29.98299999999987
0.44802399999997955,-44.06251999999999
0.5040239999999504,-54.36781999999995
0.5600240000000138,-61.38651999999989
0.6160239999999847,-65.80454000000002
0.6720239999999557,-68.32085000000009
0.7280239999999265,-69.54218999999995
0.78402399999999,-69.94334000000002
0.8400239999999608,-69.86789999999998
0.8960239999999317,-69.54846999999998
0.9520239999999952,-69.13229999999993
1.0000160000000073,-68.7647600000001
1.0056159999999397,-68.74647
1.0168159999999893,-68.70485999999998
1.0392159999999961,-68.43112000000006
1.0840160000000099,-66.10077999999997
1.1400159999999808,-58.68968000000008
1.1960159999999516,-46.00194000000002
1.2520160000000151,-28.633039999999887
1.2576159999999474,-26.623709999999967
1.268815999999997,-22.54028000000008
1.2912160000000041,-14.170369999999988
1.336015999999925,2.1282300000000642
1.3920159999999886,19.97468999999996
1.4480159999999596,34.057739999999946
1.5040159999999303,44.364709999999974
1.5600159999999939,51.38400999999981
1.6160159999999646,55.80200000000013
1.6720159999999356,58.31804000000007
1.728015999999999,59.53922
1.7840159999999698,59.94052000000005
1.8400159999999408,59.86553000000016
1.8960160000000044,59.54680000000012
1.952015999999975,59.13148999999996
7.999999987299029e-06,58.76481
0.005608000000012178,58.74661000000003
0.016807999999969292,58.70507999999997
0.039207999999976165,58.43066000000019
0.08400799999998991,56.095110000000005
0.14000799999996077,48.67419000000006
0.19600799999993163,35.97976999999997
0.2520079999999951,18.612779999999994
0.25760799999992734,16.604280000000138
0.2688079999999771,12.522649999999969
0.291207999999984,4.156980000000088
0.3360079999999977,-12.133249999999984
0.3920079999999686,-29.972279999999962
0.44800799999993945,-44.05130000000001
0.5040080000000029,-54.356219999999844
0.5600079999999737,-61.374590000000005
0.6160079999999446,-65.79234999999994
0.6720080000000082,-68.30844000000002
0.728007999999979,-69.52960000000007
0.7840079999999499,-69.93060999999989
0.8400080000000134,-69.8550400000002
0.8960079999999843,-69.53551999999985
0.9520079999999551,-69.11927000000007
0.9999999999999672,-68.75166999999993
1.005599999999992,-68.73337000000012
1.0167999999999493,-68.69175999999987
1.0391999999999562,-68.41799000000015
1.0839999999999699,-66.08760000000014
1.1399999999999406,-58.676420000000064
1.1960000000000042,-45.98857000000001
1.2519999999999751,-28.61957000000004
1.2576,-26.61022999999996
1.268799999999957,-22.52679000000013
1.291199999999964,-14.156829999999898
1.3359999999999776,2.141860000000051
1.3919999999999486,19.988420000000005
1.448000000000012,34.071539999999786
1.503999999999983,44.378600000000155
1.5599999999999536,51.39795000000014
1.6159999999999246,55.81597000000005
1.6719999999999882,58.33203000000009
1.727999999999959,59.5532299999999
1.7839999999999299,59.95454000000011
1.8399999999999934,59.87955999999994
1.8959999999999642,59.56081999999996
1.9519999999999351,59.14551999999995
0.007999999999998526,58.72006000000019
0.06399999999996939,58.329939999999915
0.11999999999994024,57.99487999999986
0.17600000000000374,57.71935999999989
0.2319999999999746,57.49983000000003
0.28799999999994547,57.32886999999987
0.34400000000000897,57.198139999999896
0.3999999999999798,57.099490000000145
0.45599999999995067,57.02583999999988
0.5120000000000141,56.97127000000002
0.5679999999999851,56.93108000000002
0.6239999999999559,56.901599999999995
0.6799999999999268,56.8800599999999
0.7359999999999902,56.86433000000002
0.7919999999999611,56.852899999999984
0.8479999999999319,56.84460000000002
0.9039999999999955,56.838640000000055
0.9599999999999663,56.83437000000002
1.0159999999999372,56.83139000000015
1.0720000000000007,56.82933999999995
1.1279999999999715,56.82803000000014
1.1839999999999424,56.827230000000114
1.2400000000000058,56.826870000000085
1.2959999999999767,56.82681000000001
1.3519999999999477,56.82702000000006
1.408000000000011,56.82739999999997
1.463999999999982,56.82794000000002
1.5199999999999527,56.82859000000007
1.5759999999999237,56.82933999999995
1.6319999999999872,56.83014999999991
1.687999999999958,56.83104000000006
1.743999999999929,56.83196000000002
1.7999999999999923,56.83292999999989
1.8559999999999632,56.83392000000009
1.911999999999934,56.83494000000011
1.9679999999999975,56.835980000000006
1.9999759999999998,56.83656999999997
0.005575999999931977,56.86008000000009
0.016775999999981736,56.90112000000003
0.03917599999998861,56.78618999999996
0.08397600000000235,54.74365000000003
0.1399759999999732,47.636270000000145
0.19597599999994406,35.19685999999989
0.2519760000000076,18.031569999999995
0.2575759999999398,16.04029000000007
0.2687759999999896,11.992249999999816
0.29117599999999644,3.6887199999999787
0.33597600000001016,-12.495410000000096
0.391975999999981,-30.23083999999998
0.44797599999995186,-44.232040000000026
0.5039760000000154,-54.47887000000007
0.5599759999999863,-61.45402999999994
0.6159759999999571,-65.83968000000007
0.671975999999928,-68.3319
0.7279759999999914,-69.53527000000004
0.7839759999999623,-69.92298000000008
0.8399759999999331,-69.8374100000001
0.8959759999999967,-69.51032000000001
0.9519759999999675,-69.08830999999994
1.0000239999999976,-68.71644999999992
1.0056239999999297,-68.69776999999999
1.0168239999999795,-68.65539999999993
1.0392239999999864,-68.38023999999999
1.084024,-66.04741999999986
1.140023999999971,-58.63372
1.1960239999999418,-45.943829999999906
1.2520240000000054,-28.573149999999934
1.2576239999999377,-26.563670000000037
1.2688239999999873,-22.4799200000001
1.2912239999999942,-14.1094100000001
1.3360240000000079,2.1902500000001712
1.3920239999999788,20.037840000000084
1.4480239999999496,34.12180000000009
1.5040240000000131,44.42950000000012
1.560023999999984,51.44934999999995
1.6160239999999548,55.86776999999987
1.6720239999999258,58.38413000000009
1.7280239999999893,59.605560000000054
1.78402399999996,60.007039999999904
1.840023999999931,59.93219000000005
1.8960239999999944,59.613539999999965
1.9520239999999653,59.19831999999992
0.008023999999936176,58.772920000000006
0.06402399999999968,58.38281000000012
0.12002399999997053,58.04777000000016
0.1760239999999414,57.77228999999995
0.2320240000000049,57.55274999999993
0.28802399999997574,57.38179999999993
0.3440239999999466,57.251060000000024
0.4000240000000101,57.1524000000001
0.45602399999998094,57.078740000000124
0.5120239999999519,57.02415000000016
0.5680240000000153,56.983959999999946
0.6240239999999861,56.95445999999982
0.680023999999957,56.93290000000006
0.7360239999999278,56.917160000000024
0.7920239999999914,56.905709999999885
0.8480239999999623,56.897389999999824
0.9040239999999331,56.8914100000002
0.9600239999999965,56.887130000000006
1.0000079999999574,56.88488999999986
1.0056079999999823,56.90803
1.0168079999999395,56.94834000000015
1.0392079999999464,56.832070000000016
1.0840079999999601,54.78725999999989
1.1400079999999309,47.677629999999915
1.1960079999999944,35.23650000000011
1.2520079999999654,18.069840000000113
1.25760799999999,16.07844000000003
1.2688079999999473,12.03016999999984
1.2912079999999542,3.7261900000000736
1.3360079999999679,-12.458710000000206
1.3920079999999386,-30.19491999999979
1.4480080000000022,-44.19675000000001
1.5040079999999731,-54.44407999999989
1.5600079999999439,-61.41964
1.6160080000000074,-65.80562000000012
1.6720079999999784,-68.29812000000013
1.7280079999999491,-69.50170999999995
1.7840080000000127,-69.8896
1.8400079999999834,-69.80417000000006
1.8960079999999544,-69.47719999999991
1.9520079999999251,-69.05528999999989
1.9999999999999374,-68.68392000000001
0.0055999999999622714,-68.66524000000007
0.01680000000001203,-68.62287
0.03919999999992626,-68.34772
0.08399999999994,-66.01488
0.1400000000000035,-58.601120000000066
0.19599999999997436,-45.91116999999989
0.2519999999999452,-28.54047000000004
0.2575999999999701,-26.530979999999982
0.2687999999999272,-22.44722999999982
0.29119999999993407,-14.076720000000043
0.33599999999994784,2.2229400000000066
0.39200000000001134,20.07053000000014
0.4479999999999822,34.154499999999864
0.503999999999953,44.462210000000056
0.5599999999999239,51.48209000000015
0.6159999999999873,55.90052000000001
0.6719999999999583,58.416880000000006
0.7279999999999291,59.638309999999976
0.7839999999999926,60.03979999999998
0.8399999999999634,59.96495000000013
0.8959999999999343,59.64630999999998
0.9519999999999978,59.23107999999999
1.0079999999999687,58.80567999999986
1.0639999999999394,58.41557999999991
1.120000000000003,58.080540000000184
1.175999999999974,57.80505000000002
1.2319999999999447,57.585510000000006
1.2880000000000082,57.41456
1.343999999999979,57.2838200000001
1.39999999999995,57.185159999999954
1.4560000000000135,57.11149999999998
1.5119999999999842,57.056910000000016
1.5679999999999552,57.01670999999986
1.623999999999926,56.987209999999955
1.6799999999999895,56.96564999999998
1.7359999999999605,56.9499
1.7919999999999312,56.93844999999986
1.8479999999999948,56.93013000000002
1.9039999999999655,56.92414000000001
1.9599999999999365,56.91986999999998
0.015999999999999945,56.91686000000007
0.0719999999999708,56.91479999999993
0.12799999999994166,56.913460000000086
0.18400000000000516,56.91265000000012
0.239999999999976,56.912269999999985
0.29599999999994686,56.91219999999997
0.35200000000001036,56.912370000000045
0.4079999999999812,56.91274999999996
0.46399999999995206,56.913260000000186
0.5200000000000156,56.91390000000007
0.5759999999999864,56.91463000000007
0.6319999999999573,56.91544000000004
0.6879999999999281,56.91629999999992
0.7439999999999917,56.91720999999994
0.7999999999999625,56.918160000000164
0.8559999999999334,56.91913999999998
0.9119999999999968,56.92014000000012
0.9679999999999678,56.921160000000135
1.0239999999999385,56.92220000000003
1.080000000000002,56.92323999999993
1.135999999999973,56.92430000000015
1.1919999999999438,56.925369999999866
1.2480000000000073,56.92644000000002
1.303999999999978,56.9275199999999
1.359999999999949,56.928599999999996
1.4160000000000126,56.92967999999987
1.4719999999999833,56.93077000000013
1.5279999999999543,56.931839999999845
1.583999999999925,56.932940000000045
1.6399999999999886,56.93401999999992
1.6959999999999593,56.93510999999995
1.7519999999999303,56.93619999999999
1.8079999999999938,56.93729000000003
1.8639999999999646,56.938380000000066
1.9199999999999355,56.9394700000001
1.975999999999999,56.94054999999998
2.3999999967687347e-05,56.94102000000001
0.005623999999992566,56.964530000000124
0.01682399999994968,57.00558
0.03922399999995655,56.89065999999987
0.08402399999997029,54.848200000000126
0.14002399999994114,47.74087000000016
0.19602400000000464,35.30145999999989
0.2520239999999755,18.13602000000003
0.2576240000000004,16.14472
0.2688239999999575,12.096630000000053
0.29122399999996434,3.792980000000057
0.3360239999999781,-12.391370000000013
0.39202399999994897,-30.127030000000055
0.44802400000001247,-44.12839000000002
0.5040239999999834,-54.375320000000116
0.5600239999999542,-61.350570000000104
0.6160239999999251,-65.73626999999993
0.6720239999999885,-68.22853000000006
0.7280239999999594,-69.43192999999992
0.7840239999999302,-69.81966000000006
0.8400239999999938,-69.73410000000003
0.8960239999999646,-69.40701999999987
0.9520239999999355,-68.98502000000018
1.008023999999999,-68.55409000000012
1.0640239999999699,-68.15941999999997
1.1200239999999406,-67.82054999999998
1.1760240000000042,-67.54177999999999
1.2320239999999751,-67.31942000000002
1.2880239999999459,-67.14602999999997
1.3440240000000094,-67.01314000000002
1.4000239999999802,-66.91256000000001
1.4560239999999511,-66.83719999999992
1.5120240000000147,-66.78106000000005
1.5680239999999854,-66.73943000000016
1.6240239999999564,-66.70862
1.6800239999999271,-66.68583999999989
1.7360239999999907,-66.66894999999995
1.7920239999999614,-66.65640000000006
1.8480239999999324,-66.64705000000004
1.904023999999996,-66.64006000000012
1.9600239999999667,-66.63481999999999
7.999999927586928e-06,-66.63189000000003
0.005607999999952466,-66.65495999999993
0.016808000000002224,-66.69521
0.0392080000000091,-66.57966000000015
0.0840079999999302,-64.54008999999994
0.1400079999999937,-57.440439999999924
0.19600799999996454,-45.00641999999999
0.2520079999999354,-27.838649999999852
0.25760799999996026,-25.846540000000083
0.26880800000001004,-21.796689999999952
0.29120799999992425,-13.488900000000026
0.336007999999938,2.7034900000000306
0.3920080000000015,20.44623000000012
0.4480079999999724,34.4514199999999
0.5040079999999433,44.700389999999814
0.5600080000000067,51.67663999999994
0.6160079999999776,56.062750000000165
0.6720079999999484,58.55517999999993
0.728008000000012,59.75883999999998
0.7840079999999828,60.14707999999991
0.8400079999999537,60.062300000000015
0.8960079999999245,59.736180000000026
0.952007999999988,59.31529000000002
1.008007999999959,58.885560000000005
1.0640079999999297,58.49212999999986
1.1200079999999932,58.15451999999999
1.176007999999964,57.87701999999983
1.232007999999935,57.65590999999981
1.2880079999999985,57.48372999999995
1.3440079999999692,57.35201000000001
1.4000079999999402,57.25258000000011
1.4560080000000037,57.17831000000007
1.5120079999999745,57.12322999999997
1.5680079999999454,57.08263999999996
1.6240080000000088,57.05282999999994
1.6800079999999797,57.031019999999934
1.7360079999999505,57.01508
1.792008000000014,57.00347999999988
1.848007999999985,56.99505000000005
1.9040079999999557,56.98895999999998
1.9600079999999267,56.98459999999983
1.9999919999999802,56.982309999999984
0.00559200000000501,57.005439999999965
0.016791999999962122,57.0457499999999
0.039191999999968995,56.92947999999998
0.08399199999998273,54.88468999999996
0.1399919999999536,47.775140000000164
0.19599199999992445,35.33407
0.25199199999998795,18.167430000000095
0.2575920000000128,16.17602000000007
0.26879199999996994,12.127739999999942
0.2911919999999768,3.8237500000000146
0.3359919999999906,-12.361199999999961
0.3919919999999614,-30.09741999999993
0.4479919999999323,-44.09923000000005
0.5039919999999958,-54.346519999999956
0.5599919999999666,-61.32205999999996
0.6159919999999375,-65.70801999999998
0.671992000000001,-68.20048999999995
0.7279919999999719,-69.40407999999998
0.7839919999999427,-69.79194999999993
0.8399920000000062,-69.70652999999993
0.895991999999977,-69.37956000000001
0.9519919999999479,-68.95764000000004
1.0079920000000113,-68.52678999999995
1.0639919999999823,-68.13217999999988
1.119991999999953,-67.79336000000002
1.175991999999924,-67.51463999999996
1.2319919999999875,-67.29231999999996
1.2879919999999583,-67.11895999999994
1.3439919999999292,-66.9860900000001
1.3999919999999928,-66.88552999999997
1.4559919999999635,-66.81018000000006
1.5119919999999345,-66.75406000000007
1.5679919999999978,-66.71245999999998
1.6239919999999688,-66.68165999999998
1.6799919999999395,-66.65889000000003
1.735992000000003,-66.64199999999987
1.791991999999974,-66.62947000000008
1.8479919999999448,-66.62013999999994
1.9039920000000083,-66.61315999999995
1.959991999999979,-66.60791999999982
0.01599199999995004,-66.60398
0.07199200000001355,-66.60101000000007
0.1279919999999844,-66.59878000000008
0.18399199999995525,-66.59710000000007
0.2399919999999261,-66.59586000000006
0.2959919999999896,-66.59493000000016
0.35199199999996045,-66.59426999999995
0.4079919999999313,-66.59379999999993
0.4639919999999948,-66.59349999999998
0.5199919999999657,-66.59331000000002
0.5759919999999366,-66.5932199999999
0.631992,-66.5932199999999
0.6879919999999708,-66.59327000000003
0.7439919999999417,-66.59338000000004
0.7999920000000053,-66.59352000000007
0.8559919999999761,-66.59368999999992
0.911991999999947,-66.59389999999999
0.9679920000000105,-66.59411999999998
1.0000239999999379,-66.59426000000002
1.0056239999999628,-66.61769999999989
1.0168240000000124,-66.65870000000007
1.0392239999999267,-66.54452999999982
1.0840239999999404,-64.50734999999996
1.140024000000004,-57.41012999999984
1.1960239999999749,-44.97809000000008
1.2520239999999456,-27.811999999999948
1.2576239999999705,-25.820049999999874
1.2688239999999276,-21.770489999999974
1.2912239999999344,-13.463270000000138
1.3360239999999484,2.728100000000122
1.3920240000000117,20.469759999999894
1.4480239999999827,34.47409000000001
1.5040239999999534,44.722370000000126
1.5600239999999244,51.69808999999992
1.616023999999988,56.083780000000026
1.6720239999999587,58.575889999999966
1.7280239999999296,59.77929000000004
1.784023999999993,60.16734000000001
1.840023999999964,60.08241999999986
1.8960239999999347,59.75617999999994
1.9520239999999982,59.33520000000003
0.008023999999969108,58.9054
0.06402399999993996,58.51191999999994
0.12002400000000346,58.174270000000085
0.1760239999999743,57.896750000000054
0.23202399999994516,57.675619999999924
0.28802400000000866,57.50343000000014
0.3440239999999795,57.371700000000025
0.40002399999995036,57.27225999999996
0.45602400000001386,57.19798999999992
0.5120239999999847,57.14293000000015
0.5680239999999556,57.10235000000008
0.6240239999999264,57.07255
0.68002399999999,57.05073999999999
0.7360239999999608,57.03480999999999
0.7920239999999317,57.02322000000004
0.8480239999999952,57.014789999999984
0.9040239999999661,57.00872000000001
0.9600239999999369,57.0043699999998
1.0160240000000005,57.00131999999991
1.0720239999999712,56.999220000000015
1.1280239999999422,56.99786000000007
1.1840240000000055,56.99703
1.2400239999999765,56.996629999999996
1.2960239999999472,56.996559999999974
1.3520240000000108,56.99673999999999
1.4080239999999817,56.997109999999964
1.4640239999999525,56.99762999999991
1.5200239999999234,56.99827999999996
1.5760239999999868,56.99900999999996
1.6320239999999577,56.99983000000009
1.6880239999999287,57.0006999999999
1.744023999999992,57.00161999999986
1.800023999999963,57.00258000000002
1.8560239999999337,57.00357
1.9120239999999973,57.00458000000008
1.9680239999999682,57.0056000000001
0.024023999999939014,57.00664999999994
0.08002400000000251,57.00770999999993
0.13602399999997336,57.00876999999993
0.19202399999994424,57.00985000000003
0.24802400000000774,57.01091999999996
0.3040239999999786,57.012010000000004
0.36002399999994944,57.01310000000004
0.41602400000001294,57.01417999999991
0.4720239999999838,57.01527999999989
0.5280239999999546,57.01635999999999
0.5840239999999255,57.017459999999964
0.640023999999989,57.018550000000005
0.6960239999999599,57.01964000000004
0.7520239999999307,57.02073000000007
0.8080239999999942,57.02183000000005
0.864023999999965,57.022919999999864
0.9200239999999359,57.024010000000125
0.9760239999999994,57.025100000000165
0.9999919999999503,57.02556999999997
1.0055919999999752,57.04907999999986
1.0167919999999322,57.09012000000002
1.039191999999939,56.97522999999993
1.0839919999999528,54.932820000000106
1.1399919999999237,47.825620000000015
1.1959919999999873,35.38632999999991
1.251991999999958,18.22097
1.257591999999983,16.229680000000137
1.2687919999999402,12.181599999999904
1.291191999999947,3.8779700000000084
1.3359919999999608,-12.306350000000021
1.3919919999999315,-30.041959999999925
1.447991999999995,-44.043250000000086
1.503991999999966,-54.29011999999989
1.5599919999999368,-61.265289999999915
1.6159920000000003,-65.65095999999993
1.671991999999971,-68.14319000000002
1.727991999999942,-69.34657
1.7839920000000056,-69.7342700000001
1.8399919999999763,-69.64872
1.8959919999999473,-69.32164000000007
1.9519920000000106,-68.8996500000001
1.9999839999999303,-68.52820999999997
0.005583999999955103,-68.50953000000004
0.01678400000000486,-68.4671499999998
0.03918400000001173,-68.19197
0.08398399999993283,-65.85898999999995
0.13998399999999633,-58.44501999999996
0.19598399999996718,-45.754899999999935
0.25198399999993804,-28.3841600000001
0.2575839999999629,-26.374669999999824
0.2687840000000127,-22.29094999999992
0.2911839999999269,-13.920480000000124
0.33598399999994066,2.3790999999999674
0.39198400000000416,20.226610000000143
0.447983999999975,34.31052999999995
0.5039839999999458,44.61822000000004
0.5599840000000094,51.63808999999997
0.6159839999999802,56.05649999999996
0.6719839999999511,58.57285999999995
0.7279840000000146,59.79427999999998
0.7839839999999855,60.19576000000004
0.8399839999999563,60.120890000000095
0.8959839999999272,59.802230000000066
0.9519839999999906,59.38700000000008
0.9999760000000029,59.020330000000065
1.005575999999935,59.00212999999987
1.0167759999999848,58.96060000000003
1.0391759999999917,58.68611999999995
1.0839760000000054,56.35027999999998
1.1399759999999763,48.92912999999987
1.195975999999947,36.23470000000006
1.2519760000000106,18.867509999999974
1.257575999999943,16.85895999999998
1.2687759999999926,12.777249999999851
1.2911759999999994,4.4114099999998935
1.3359760000000132,-11.87917999999999
1.3919759999999841,-29.71855000000012
1.4479759999999549,-43.79778000000001
1.5039759999999258,-54.10283999999987
1.5599759999999894,-61.121299999999934
1.61597599999996,-65.53911000000001
1.671975999999931,-68.05522999999991
1.7279759999999946,-69.27643000000016
1.7839759999999654,-69.67746000000008
1.8399759999999363,-69.60191000000005
1.8959759999999997,-69.28239999999985
1.9519759999999706,-68.86616999999995
0.00797599999994145,-68.43967000000006
0.06397600000000495,-68.04842
0.11997599999997581,-67.71218999999995
0.17597599999994668,-67.43551000000014
0.23197600000001017,-67.21478000000003
0.287975999999981,-67.04269000000008
0.3439759999999519,-66.91080999999998
0.3999760000000154,-66.81106999999997
0.4559759999999862,-66.73635
0.5119759999999571,-66.68074000000001
0.567975999999928,-66.63954999999989
0.6239759999999914,-66.60906999999993
0.6799759999999623,-66.5865699999999
0.7359759999999331,-66.56989999999996
0.7919759999999967,-66.55754000000003
0.8479759999999675,-66.54834999999993
0.9039759999999384,-66.54147999999994
0.9599760000000018,-66.53633000000015
1.0159759999999727,-66.53247000000006
1.0719759999999436,-66.52955999999999
1.127976000000007,-66.52737999999991
1.183975999999978,-66.52574000000011
1.239975999999949,-66.52454000000007
1.2959760000000122,-66.52364
1.3519759999999832,-66.52300000000011
1.407975999999954,-66.52255000000018
1.463975999999925,-66.52225999999995
1.5199759999999884,-66.52207999999993
1.5759759999999592,-66.52200999999991
1.6319759999999301,-66.52201000000014
1.6879759999999935,-66.52207999999993
1.7439759999999644,-66.52218999999992
1.7999759999999352,-66.52233000000018
1.8559759999999987,-66.52251999999991
1.9119759999999697,-66.5227300000002
1.9679759999999404,-66.52294999999997
0.023976000000004,-66.5232
0.07997599999997486,-66.52345999999997
0.13597599999994572,-66.52373000000011
0.19197600000000922,-66.52400000000003
0.24797599999998007,-66.52429000000004
0.30397599999995095,-66.52457999999983
0.35997600000001445,-66.52488000000001
0.4159759999999853,-66.52517000000002
0.47197599999995615,-66.52548000000013
0.527975999999927,-66.52578000000008
0.5839759999999905,-66.52609999999993
0.6399759999999614,-66.52639999999988
0.6959759999999322,-66.52671
0.7519759999999958,-66.52701999999988
0.8079759999999666,-66.52732999999999
0.8639759999999375,-66.52765000000005
0.9199760000000009,-66.52795999999994
0.9759759999999718,-66.52827000000005
0.9999999999999405,-66.52840999999987
1.0055999999999654,-66.55187000000006
1.016800000000015,-66.59287999999997
1.0391999999999293,-66.47871999999988
1.083999999999943,-64.44154999999996
1.1400000000000066,-57.344339999999995
1.1959999999999775,-44.91233999999999
1.2519999999999483,-27.74637000000002
1.2575999999999732,-25.754430000000106
1.2687999999999302,-21.704900000000027
1.291199999999937,-13.397759999999925
1.335999999999951,2.793449999999975
1.3920000000000143,20.53495000000005
1.4479999999999853,34.539169999999956
1.503999999999956,44.78735999999994
1.559999999999927,51.763019999999884
1.6159999999999906,56.14865999999985
1.6719999999999613,58.640739999999965
1.7279999999999323,59.84412000000017
1.7839999999999956,60.23215000000004
1.8399999999999666,60.14721000000001
1.8959999999999373,59.82096999999986
1.9520000000000008,59.39998000000002
1.999992000000013,59.02951000000001
0.005591999999945298,59.01091999999997
0.016791999999995054,58.968649999999954
0.03919200000000193,58.692879999999946
0.08399200000001567,56.35509999999999
0.13999199999998652,48.93206000000006
0.1959919999999574,36.23601000000009
0.2519919999999282,18.867610000000035
0.25759199999995314,16.858969999999918
0.26879200000000286,12.777069999999835
0.2911920000000097,4.410880000000006
0.33599199999993085,-11.880270000000026
0.39199199999999434,-29.720179999999985
0.4479919999999652,-43.799829999999986
0.503991999999936,-54.10522000000007
0.5599919999999996,-61.123959999999975
0.6159919999999705,-65.54200000000021
0.6719919999999413,-68.05832000000001
0.7279920000000047,-69.2796699999998
0.7839919999999756,-69.68083000000003
0.8399919999999464,-69.60538999999999
0.89599200000001,-69.28597000000013
0.9519919999999809,-68.86981999999998
1.0079919999999516,-68.44338000000016
1.0639920000000151,-68.05217000000007
1.119991999999986,-67.71600000000011
1.1759919999999568,-67.43934000000019
1.2319919999999278,-67.21866000000021
1.2879919999999914,-67.04657999999996
1.343991999999962,-66.91474000000008
1.399991999999933,-66.81501
1.4559919999999964,-66.74031000000014
1.5119919999999674,-66.68472000000003
1.567991999999938,-66.64354999999999
1.6239920000000017,-66.61309999999987
1.6799919999999726,-66.59060000000005
1.7359919999999434,-66.57396000000016
1.791992000000007,-66.56160999999994
1.8479919999999777,-66.55242000000005
1.9039919999999486,-66.5455800000001
1.9599920000000122,-66.54044000000003
1.9999759999999729,-66.53759999999997
0.005575999999997841,-66.56066999999987
0.016775999999954955,-66.60093999999984
0.039175999999961825,-66.48541000000007
0.08397599999997557,-64.44588000000007
0.13997599999994642,-57.34627999999997
0.19597600000000992,-44.912410000000015
0.25197599999998077,-27.74494999999999
0.25757600000000563,-25.75289000000014
0.26877599999996277,-21.703110000000024
0.2911759999999696,-13.395510000000055
0.3359759999999834,2.7965399999998475
0.39197599999995425,20.538889999999867
0.4479759999999251,34.543769999999974
0.5039759999999887,44.79250000000001
0.5599759999999595,51.76859
0.6159759999999304,56.15458000000007
0.6719759999999938,58.64691999999994
0.7279759999999647,59.85052000000013
0.7839759999999355,60.23873000000002
0.8399759999999991,60.15391999999986
0.8959759999999699,59.827789999999936
0.9519759999999408,59.40687999999983
1.0000239999999707,59.03604000000007
1.0056239999999956,59.017459999999964
1.0168239999999527,58.97521999999999
1.0392239999999597,58.69948000000002
1.0840239999999735,56.361780000000024
1.1400239999999442,48.93883999999993
1.1960240000000077,36.242859999999986
1.2520239999999785,18.874499999999905
1.2576240000000034,16.865850000000073
1.2688239999999606,12.783959999999928
1.2912239999999675,4.417780000000038
1.3360239999999812,-11.873360000000055
1.392023999999952,-29.713279999999955
1.4480240000000155,-43.792929999999956
1.5040239999999865,-54.09832000000003
1.5600239999999572,-61.117059999999945
1.6160239999999282,-65.53509999999996
1.6720239999999915,-68.05143000000014
1.7280239999999625,-69.27277999999993
1.7840239999999332,-69.67394999999988
1.8400239999999968,-69.59851000000006
1.8960239999999677,-69.27908999999998
1.9520239999999385,-68.8629300000001
0.00802400000000204,-68.43650000000001
0.0640239999999729,-68.04530000000008
0.12002399999994375,-67.70911999999996
0.17602400000000726,-67.4324700000002
0.2320239999999781,-67.21179
0.288023999999949,-67.03972000000013
0.3440240000000125,-66.9078799999998
0.40002399999998334,-66.80814999999996
0.4560239999999542,-66.73345000000009
0.512023999999925,-66.67785000000003
0.5680239999999885,-66.63668
0.6240239999999594,-66.60622999999988
0.6800239999999302,-66.58374
0.7360239999999938,-66.56708
0.7920239999999646,-66.55473999999995
0.8480239999999355,-66.54556000000001
0.9040239999999989,-66.53871000000011
0.9600239999999698,-66.53357999999999
1.0000079999999307,-66.53072999999998
1.0056079999999556,-66.55380000000011
1.0168080000000053,-66.59406000000013
1.0392080000000121,-66.47853999999987
1.0840079999999332,-64.43900000000014
1.1400079999999968,-57.3393900000001
1.1960079999999675,-44.90550999999998
1.2520079999999385,-27.73804000000002
1.2576079999999634,-25.745970000000007
1.268808000000013,-21.696189999999895
1.2912079999999273,-13.388590000000145
1.336007999999941,2.803469999999919
1.3920080000000046,20.545819999999935
1.4480079999999755,34.55072000000015
1.5040079999999463,44.79947000000006
1.5600080000000098,51.77555999999983
1.6160079999999806,56.16156000000005
1.6720079999999515,58.65391000000009
1.728008000000015,59.85751000000006
1.7840079999999858,60.24571000000001
1.8400079999999568,60.160910000000015
1.8960079999999275,59.83478000000009
1.952007999999991,59.41386999999998
0.00800799999996194,58.98413000000002
0.0640079999999328,58.590690000000166
0.1200079999999963,58.25308000000007
0.17600799999996716,57.975569999999976
0.232007999999938,57.75447000000011
0.2880080000000015,57.5822800000001
0.3440079999999724,57.45057000000009
0.40000799999994324,57.351140000000186
0.45600800000000674,57.276869999999924
0.5120079999999776,57.22179000000005
0.5680079999999484,57.18120999999998
0.6240080000000119,57.15139999999997
0.6800079999999827,57.12960000000011
0.7360079999999537,57.11365999999995
0.7920079999999246,57.102059999999845
0.848007999999988,57.093630000000005
0.9040079999999588,57.08753999999993
0.9600079999999297,57.08318999999995
0.9999919999999832,57.08091000000004
1.005592000000008,57.104040000000026
1.0167919999999653,57.144340000000014
1.0391919999999721,57.02808999999998
1.0839919999999859,54.98336999999998
1.1399919999999566,47.873970000000156
1.1959919999999276,35.43308999999994
1.2519919999999911,18.26656000000004
1.2575920000000158,16.275169999999896
1.268791999999973,12.22689999999993
1.29119199999998,3.9229400000000414
1.3359919999999936,-12.261940000000138
1.3919919999999646,-29.99806000000005
1.4479919999999353,-43.999760000000165
1.5039919999999989,-54.24695999999996
1.5599919999999696,-61.22242
1.6159919999999406,-65.60831999999994
1.6719920000000041,-68.10075000000015
1.7279919999999749,-69.30432000000009
1.7839919999999458,-69.69217999999988
1.8399920000000092,-69.60674999999993
1.8959919999999801,-69.27977000000007
1.9519919999999509,-68.85785999999983
0.007992000000014482,-68.4270199999999
0.06399199999998534,-68.03241999999999
0.11999199999995619,-67.69360999999985
0.17599199999992704,-67.41490999999988
0.23199199999999054,-67.1926100000002
0.2879919999999614,-67.01925999999992
0.34399199999993224,-66.88641000000017
0.39999199999999574,-66.78587999999985
0.45599199999996665,-66.71052999999993
0.5119919999999375,-66.65443000000005
0.5679920000000009,-66.61286
0.6239919999999718,-66.58206999999993
0.6799919999999426,-66.55930999999993
0.7359920000000062,-66.54243999999987
0.791991999999977,-66.52992999999996
0.8479919999999479,-66.5206100000002
0.9039920000000115,-66.5136500000001
0.9599919999999823,-66.50843000000006
0.9999759999999431,-66.50553000000015
1.005575999999968,-66.5285899999999
1.016775999999925,-66.56883999999997
1.039175999999932,-66.45328999999988
1.0839759999999456,-64.41368999999986
1.1399760000000092,-57.31396000000011
1.1959759999999802,-44.879960000000054
1.251975999999951,-27.712380000000092
1.2575759999999758,-25.720299999999916
1.2687759999999328,-21.670510000000085
1.2911759999999397,-13.362859999999976
1.3359759999999534,2.829270000000106
1.3919759999999244,20.5717299999999
1.447975999999988,34.57670000000013
1.5039759999999587,44.82552000000006
1.5599759999999296,51.80165999999997
1.6159759999999932,56.18769000000001
1.671975999999964,58.68006999999986
1.727975999999935,59.88368
1.7839759999999982,60.271890000000106
1.8399759999999692,60.18709000000011
1.89597599999994,59.86095999999996
1.9519760000000035,59.44004999999986
2.3999999940907374e-05,59.06920000000015
0.005623999999965787,59.05062999999999
0.016824000000015545,59.00838000000008
0.03922399999992977,58.73263999999989
0.08402399999994352,56.39495000000005
0.140024000000007,48.972009999999955
0.19602399999997788,36.275999999999975
0.25202399999994873,18.907559999999933
0.2576239999999736,16.89889999999994
0.26882399999993073,12.816990000000139
0.2912239999999376,4.45075000000017
0.3360239999999513,-11.840490000000203
0.39202400000001486,-29.6805
0.4480239999999857,-43.7602399999999
0.5040239999999565,-54.06569000000005
0.5600239999999274,-61.084469999999946
0.6160239999999909,-65.50254999999994
0.6720239999999618,-68.01889999999999
0.7280239999999326,-69.24025999999995
0.7840239999999962,-69.64143999999983
0.840023999999967,-69.56601000000018
0.8960239999999379,-69.24660000000004
0.9520240000000013,-68.8304500000001
1.0000160000000136,-68.46293000000014
1.0056159999999457,-68.44464000000005
1.0168159999999955,-68.40303000000003
1.0392160000000024,-68.12927000000002
1.084016000000016,-65.79875000000013
1.140015999999987,-58.38729999999992
1.1960159999999578,-45.69925000000019
1.2520159999999287,-28.33029999999992
1.2576159999999537,-26.320980000000162
1.2688160000000033,-22.23757000000015
1.2912160000000101,-13.867729999999856
1.3360159999999313,2.4307200000002194
1.3920159999999948,20.27708000000006
1.4480159999999656,34.360069999999965
1.5040159999999365,44.66704999999993
1.560016,51.68635999999993
1.6160159999999708,56.104359999999964
1.6720159999999418,58.62040000000013
1.728016000000005,59.841580000000064
1.784015999999976,60.24288000000011
1.840015999999947,60.16787000000012
1.8960160000000104,59.84911000000004
1.9520159999999813,59.43379000000015
0.008015999999952133,59.008310000000066
0.06401600000001563,58.618140000000096
0.1200159999999865,58.28305
0.17601599999995735,58.007509999999925
0.2320159999999282,57.78794000000009
0.2880159999999917,57.61696000000005
0.3440159999999626,57.48619000000011
0.4000159999999334,57.387509999999864
0.4560159999999969,57.31383000000001
0.5120159999999677,57.2592300000001
0.5680159999999387,57.21902999999995
0.6240160000000021,57.18951000000017
0.680015999999973,57.16794000000003
0.7360159999999438,57.15219000000005
0.7920160000000074,57.14072999999998
0.8480159999999782,57.132410000000135
0.9040159999999491,57.1264199999999
0.9600160000000125,57.12212999999999
1.0160159999999834,57.11913000000002
1.0720159999999543,57.117050000000006
1.128015999999925,57.11571000000015
1.1840159999999886,57.11489999999997
1.2400159999999594,57.11451000000012
1.2960159999999303,57.11442999999994
1.352015999999994,57.114609999999956
1.4080159999999646,57.114969999999985
1.4640159999999356,57.11548
1.5200159999999991,57.11610999999994
1.5760159999999699,57.11684000000017
1.6320159999999408,57.117630000000034
1.6880160000000042,57.11850000000007
1.7440159999999751,57.119400000000155
1.8000159999999459,57.12033999999999
1.8560160000000094,57.121299999999934
1.9120159999999804,57.12230000000007
1.9680159999999511,57.123309999999925
0.024016000000014685,57.12433999999988
0.08001599999998554,57.12538000000001
0.1360159999999564,57.12643000000006
0.19201599999992724,57.1274799999999
0.24801599999999074,57.128540000000115
0.3040159999999616,57.129610000000056
0.36001599999993245,57.13067999999999
0.41601599999999594,57.131760000000085
0.4720159999999668,57.13283000000003
0.5280159999999376,57.13389999999996
0.5840160000000012,57.134979999999835
0.640015999999972,57.13605999999993
0.6960159999999429,57.13714000000003
0.7520160000000063,57.138209999999965
0.8080159999999772,57.13929000000007
0.8640159999999482,57.14037000000016
0.9200160000000116,57.141450000000034
0.9760159999999825,57.142519999999976
0.9999839999999333,57.142990000000005
1.0055839999999583,57.1664999999999
1.016784000000008,57.20753999999984
1.0391840000000148,57.09265000000019
1.0839839999999359,55.05029000000006
1.1399839999999994,47.94319000000002
1.1959839999999702,35.50396
1.2519839999999411,18.338560000000115
1.257583999999966,16.347249999999924
1.2687840000000157,12.299140000000097
1.29118399999993,3.9954499999999005
1.3359839999999437,-12.188990000000066
1.3919840000000072,-29.924709999999966
1.4479839999999782,-43.926069999999925
1.503983999999949,-54.172979999999924
1.5599840000000125,-61.148179999999996
1.6159839999999832,-65.53385999999995
1.6719839999999542,-68.02609000000004
1.727983999999925,-69.2294899999999
1.7839839999999885,-69.61720000000015
1.8399839999999594,-69.53164999999983
1.8959839999999302,-69.20457999999985
1.9519839999999937,-68.78259000000008
0.007983999999964577,-68.35167999999992
0.06398399999993544,-67.95703000000009
0.11998399999999894,-67.61817999999997
0.17598399999996978,-67.33944999999997
0.23198399999994065,-67.11712000000003
0.2879840000000041,-66.94374999999985
0.343983999999975,-66.81089000000017
0.3999839999999459,-66.71033999999997
0.4559840000000094,-66.635
0.5119839999999802,-66.57889000000017
0.5679839999999511,-66.5372999999998
0.6239840000000145,-66.50651000000019
0.6799839999999854,-66.48374000000001
0.7359839999999562,-66.46686999999996
0.7919839999999272,-66.45436000000005
0.8479839999999906,-66.44502000000018
0.9039839999999615,-66.43807000000001
0.9599839999999323,-66.43283999999983
1.0159839999999958,-66.42892000000012
1.0719839999999667,-66.42596000000012
1.1279839999999375,-66.42374000000007
1.183984000000001,-66.42207
1.239983999999972,-66.42084000000014
1.2959839999999427,-66.41992999999991
1.3519840000000063,-66.41927999999986
1.407983999999977,-66.41882999999993
1.463983999999948,-66.41852999999998
1.5199840000000115,-66.41835000000017
1.5759839999999823,-66.4182900000001
1.6319839999999532,-66.41828999999989
1.687983999999924,-66.41834999999996
1.7439839999999875,-66.4184699999999
1.7999839999999585,-66.41862000000009
1.8559839999999292,-66.41882000000021
1.9119839999999928,-66.41902999999982
1.9679839999999635,-66.41925999999998
1.5999999983645345e-05,-66.41940000000002
0.005616000000008524,-66.44285000000005
0.016815999999965636,-66.48385000000002
0.03921599999997251,-66.36965999999988
0.08401599999998625,-64.33237999999997
0.14001599999995712,-57.234950000000005
0.19601599999992797,-44.80273000000001
0.25201599999999147,-27.63660999999984
0.25761600000001633,-25.644659999999988
0.26881599999997347,-21.595110000000027
0.2912159999999803,-13.287940000000109
0.3360159999999941,2.9033299999998707
0.39201599999996495,20.644920000000067
0.4480159999999358,34.64924000000003
0.5040159999999992,44.897509999999976
0.5600159999999701,51.87324000000015
0.6160159999999409,56.25893999999998
0.6720160000000045,58.751030000000036
0.7280159999999753,59.954440000000055
0.7840159999999462,60.34248000000009
0.8400160000000098,60.257549999999995
0.8960159999999806,59.931300000000135
0.9520159999999515,59.5102999999999
1.0000079999999636,59.13981000000001
1.0056079999999885,59.12122999999991
1.0168079999999455,59.07894999999996
1.0392079999999524,58.803189999999894
1.084007999999966,56.46544999999992
1.140007999999937,49.04248
1.1960080000000006,36.34641999999988
1.2520079999999714,18.97788999999994
1.2576079999999963,16.969220000000007
1.2688079999999533,12.887270000000006
1.2912079999999604,4.520989999999836
1.336007999999974,-11.77033999999999
1.3920079999999448,-29.610449999999844
1.4480080000000084,-43.6902400000001
1.5040079999999791,-53.99571999999986
1.56000799999995,-61.01451999999985
1.6160080000000137,-65.43260000000006
1.6720079999999844,-67.94896000000006
1.7280079999999554,-69.17032
1.784007999999926,-69.57151000000006
1.8400079999999897,-69.49607999999996
1.8960079999999606,-69.17667000000006
1.9520079999999314,-68.76051999999989
0.008007999999994872,-68.33409000000002
0.06400799999996573,-67.94289000000009
0.12000799999993658,-67.60672999999984
0.17600800000000008,-67.33009000000001
0.23200799999997093,-67.10941999999997
0.2880079999999418,-66.93735000000012
0.3440080000000053,-66.80551999999994
0.40000799999997616,-66.70579000000009
0.456007999999947,-66.63110000000016
0.5120080000000105,-66.57552
0.5680079999999814,-66.53434999999996
0.6240079999999523,-66.50391
0.6800080000000157,-66.4814199999999
0.7360079999999866,-66.46477000000006
0.7920079999999574,-66.45243999999994
0.8480079999999283,-66.44326000000001
0.9040079999999918,-66.43641000000011
0.9600079999999627,-66.43129000000015
1.0160079999999334,-66.42744
1.072007999999997,-66.42455000000002
1.128007999999968,-66.4224
1.1840079999999387,-66.4207699999999
1.2400080000000022,-66.41958000000004
1.2960079999999732,-66.41869000000011
1.352007999999944,-66.41806999999989
1.4080080000000075,-66.41764000000006
1.4640079999999782,-66.41737000000015
1.5200079999999492,-66.41721999999994
1.5760080000000127,-66.41716000000008
1.6320079999999835,-66.41717999999996
1.6880079999999544,-66.41724999999998
1.7440079999999252,-66.41737999999987
1.8000079999999887,-66.41754999999993
1.8560079999999595,-66.41775000000005
1.9120079999999304,-66.41797999999999
1.968007999999994,-66.41821999999986
0.02400799999996478,-66.41848999999999
0.08000799999993563,-66.41874999999997
0.13600799999999913,-66.41905000000014
0.19200799999996998,-66.41934000000016
0.24800799999994086,-66.41964000000011
0.30400800000000433,-66.41993999999984
0.3600079999999752,-66.4202599999999
0.4160079999999461,-66.42057000000001
0.4720080000000096,-66.4209
0.5280079999999804,-66.42121000000012
0.5840079999999512,-66.42153000000017
0.6400080000000148,-66.42185999999994
0.6960079999999856,-66.42218999999994
0.7520079999999565,-66.42251999999993
0.8080079999999273,-66.42283999999998
0.8640079999999909,-66.42316999999997
0.9200079999999617,-66.4234899999998
0.9760079999999326,-66.42382000000002
0.999975999999976,-66.42395999999984
1.005576000000001,-66.44742000000004
1.016775999999958,-66.48843000000015
1.0391759999999648,-66.37420999999999
1.0839759999999787,-64.33669999999991
1.1399759999999495,-57.23913000000014
1.195976000000013,-44.80708
1.2519759999999838,-27.64124999999984
1.2575760000000087,-25.649329999999804
1.268775999999966,-21.599860000000028
1.2911759999999728,-13.292829999999922
1.3359759999999865,2.898169999999922
1.3919759999999572,20.639430000000125
1.4479759999999282,34.64344999999991
1.5039759999999918,44.891510000000025
1.5599759999999625,51.867070000000126
1.6159759999999335,56.25265000000002
1.6719759999999968,58.744670000000056
1.7279759999999678,59.94801999999999
1.7839759999999385,60.33602999999999
1.839976000000002,60.25106999999985
1.895975999999973,59.92482999999993
1.9519759999999438,59.503809999999824
0.007976000000007314,59.07400000000007
0.06397599999997818,58.68049999999991
0.11997599999994903,58.342840000000116
0.17597600000001254,58.065299999999986
0.2319759999999834,57.844160000000144
0.2879759999999542,57.671950000000024
0.3439759999999251,57.54020999999998
0.3999759999999886,57.440769999999915
0.45597599999995947,57.366479999999996
0.5119759999999303,57.311410000000066
0.5679759999999938,57.27082000000006
0.6239759999999647,57.24101999999998
0.6799759999999355,57.21920000000003
0.7359759999999991,57.203259999999865
0.7919759999999699,57.19165999999998
0.8479759999999408,57.18323000000014
0.9039760000000042,57.17715000000001
0.9599759999999751,57.172790000000084
1.015975999999946,57.16973000000003
1.0719760000000094,57.16761999999997
1.1279759999999803,57.16625000000008
1.183975999999951,57.165420000000026
1.2399760000000146,57.16502000000001
1.2959759999999856,57.16493000000011
1.3519759999999563,57.165110000000126
1.4079759999999273,57.16546999999994
1.4639759999999906,57.16598999999989
1.5199759999999616,57.16662000000006
1.5759759999999325,57.16735000000006
1.6319759999999959,57.16814999999986
1.6879759999999668,57.169020000000124
1.7439759999999376,57.16994000000008
1.7999760000000011,57.170879999999926
1.855975999999972,57.17185999999997
1.9119759999999428,57.172870000000046
1.9679760000000064,57.17389000000006
0.023975999999977224,57.174920000000014
0.07997599999994807,57.17596999999985
0.1359760000000116,57.17702999999985
0.19197599999998244,57.17809000000007
0.2479759999999533,57.17917000000017
0.30397599999992414,57.180229999999945
0.35997599999998764,57.18131000000004
0.4159759999999585,57.18238999999991
0.47197599999992934,57.18347999999995
0.5279759999999929,57.18455999999983
0.5839759999999637,57.18564000000015
0.6399759999999346,57.18672000000002
0.695975999999998,57.18781000000006
0.7519759999999689,57.18888
0.8079759999999397,57.18997000000003
0.8639760000000033,57.19104999999991
0.9199759999999741,57.192140000000165
0.975975999999945,57.193220000000046
1.0000000000000064,57.193680000000136
