time_s,v_outp,v_outn,v_inp,v_inn,vod,vid
0.0,1.44096615,1.4378051,1.59895954,1.64895954,0.0031610499999998876,-0.04999999999999982
5e-15,1.44096615,1.4378051,1.59895954,1.64895954,0.0031610499999998876,-0.04999999999999982
1e-14,1.44096615,1.4378051,1.59895954,1.64895954,0.0031610499999998876,-0.04999999999999982
2e-14,1.44096615,1.4378051,1.59895954,1.64895954,0.0031610499999998876,-0.04999999999999982
4e-14,1.44096615,1.4378051,1.59895954,1.64895954,0.0031610499999998876,-0.04999999999999982
8e-14,1.44096615,1.4378051,1.59895954,1.64895954,0.0031610499999998876,-0.04999999999999982
1.6e-13,1.44096615,1.4378051,1.59895954,1.64895954,0.0031610499999998876,-0.04999999999999982
3.2e-13,1.44096615,1.4378051,1.59895954,1.64895954,0.0031610499999998876,-0.04999999999999982
6.4e-13,1.44096615,1.4378051,1.59895954,1.64895954,0.0031610499999998876,-0.04999999999999982
1.28e-12,1.44096615,1.4378051,1.59895954,1.64895954,0.0031610499999998876,-0.04999999999999982
2.28e-12,1.44096615,1.4378051,1.59895954,1.64895954,0.0031610499999998876,-0.04999999999999982
3.28e-12,1.44096615,1.4378051,1.59895954,1.64895954,0.0031610499999998876,-0.04999999999999982
4.28e-12,1.44096615,1.4378051,1.59895954,1.64895954,0.0031610499999998876,-0.04999999999999982
5.28e-12,1.44096615,1.4378051,1.59895954,1.64895954,0.0031610499999998876,-0.04999999999999982
6.28e-12,1.44096615,1.4378051,1.59895954,1.64895954,0.0031610499999998876,-0.04999999999999982
7.28e-12,1.44096615,1.4378051,1.59895954,1.64895954,0.0031610499999998876,-0.04999999999999982
8.28e-12,1.44096615,1.4378051,1.59895954,1.64895954,0.0031610499999998876,-0.04999999999999982
9.28e-12,1.44096615,1.4378051,1.59895954,1.64895954,0.0031610499999998876,-0.04999999999999982
1.028e-11,1.44096615,1.4378051,1.59895954,1.64895954,0.0031610499999998876,-0.04999999999999982
1.128e-11,1.44096615,1.4378051,1.59895954,1.64895954,0.0031610499999998876,-0.04999999999999982
1.228e-11,1.44096615,1.4378051,1.59895954,1.64895954,0.0031610499999998876,-0.04999999999999982
1.328e-11,1.44096615,1.4378051,1.59895954,1.64895954,0.0031610499999998876,-0.04999999999999982
1.428e-11,1.44096615,1.4378051,1.59895954,1.64895954,0.0031610499999998876,-0.04999999999999982
1.528e-11,1.44096615,1.4378051,1.59895954,1.64895954,0.0031610499999998876,-0.04999999999999982
1.628e-11,1.44096615,1.4378051,1.59895954,1.64895954,0.0031610499999998876,-0.04999999999999982
1.728e-11,1.44096615,1.4378051,1.59895954,1.64895954,0.0031610499999998876,-0.04999999999999982
1.828e-11,1.44096615,1.4378051,1.59895954,1.64895954,0.0031610499999998876,-0.04999999999999982
1.928e-11,1.44096615,1.4378051,1.59895954,1.64895954,0.0031610499999998876,-0.04999999999999982
2.028e-11,1.44096615,1.4378051,1.59895954,1.64895954,0.0031610499999998876,-0.04999999999999982
2.128e-11,1.44096615,1.4378051,1.59895954,1.64895954,0.0031610499999998876,-0.04999999999999982
2.228e-11,1.44096615,1.4378051,1.59895954,1.64895954,0.0031610499999998876,-0.04999999999999982
2.328e-11,1.44096615,1.4378051,1.59895954,1.64895954,0.0031610499999998876,-0.04999999999999982
2.428e-11,1.44096615,1.4378051,1.59895954,1.64895954,0.0031610499999998876,-0.04999999999999982
2.528e-11,1.44096615,1.4378051,1.59895954,1.64895954,0.0031610499999998876,-0.04999999999999982
2.628e-11,1.44096615,1.4378051,1.59895954,1.64895954,0.0031610499999998876,-0.04999999999999982
2.728e-11,1.44096615,1.4378051,1.59895954,1.64895954,0.0031610499999998876,-0.04999999999999982
2.828e-11,1.44096615,1.4378051,1.59895954,1.64895954,0.0031610499999998876,-0.04999999999999982
2.928e-11,1.44096615,1.4378051,1.59895954,1.64895954,0.0031610499999998876,-0.04999999999999982
3.028e-11,1.44096615,1.4378051,1.59895954,1.64895954,0.0031610499999998876,-0.04999999999999982
3.128e-11,1.44096615,1.4378051,1.59895954,1.64895954,0.0031610499999998876,-0.04999999999999982
3.228e-11,1.44096615,1.4378051,1.59895954,1.64895954,0.0031610499999998876,-0.04999999999999982
3.328e-11,1.44096615,1.4378051,1.59895954,1.64895954,0.0031610499999998876,-0.04999999999999982
3.428e-11,1.44096615,1.4378051,1.59895954,1.64895954,0.0031610499999998876,-0.04999999999999982
3.528e-11,1.44096615,1.4378051,1.59895954,1.64895954,0.0031610499999998876,-0.04999999999999982
3.628e-11,1.44096615,1.4378051,1.59895954,1.64895954,0.0031610499999998876,-0.04999999999999982
3.728e-11,1.44096615,1.4378051,1.59895954,1.64895954,0.0031610499999998876,-0.04999999999999982
3.828e-11,1.44096615,1.4378051,1.59895954,1.64895954,0.0031610499999998876,-0.04999999999999982
3.928e-11,1.44096615,1.4378051,1.59895954,1.64895954,0.0031610499999998876,-0.04999999999999982
4.028e-11,1.44096615,1.4378051,1.59895954,1.64895954,0.0031610499999998876,-0.04999999999999982
4.128e-11,1.44096615,1.4378051,1.59895954,1.64895954,0.0031610499999998876,-0.04999999999999982
4.228e-11,1.44096615,1.4378051,1.59895954,1.64895954,0.0031610499999998876,-0.04999999999999982
4.328e-11,1.44096615,1.4378051,1.59895954,1.64895954,0.0031610499999998876,-0.04999999999999982
4.428e-11,1.44096615,1.4378051,1.59895954,1.64895954,0.0031610499999998876,-0.04999999999999982
4.528e-11,1.44096615,1.4378051,1.59895954,1.64895954,0.0031610499999998876,-0.04999999999999982
4.628e-11,1.44096615,1.4378051,1.59895954,1.64895954,0.0031610499999998876,-0.04999999999999982
4.728e-11,1.44096615,1.4378051,1.59895954,1.64895954,0.0031610499999998876,-0.04999999999999982
4.828e-11,1.44096615,1.4378051,1.59895954,1.64895954,0.0031610499999998876,-0.04999999999999982
4.928e-11,1.44096615,1.4378051,1.59895954,1.64895954,0.0031610499999998876,-0.04999999999999982
5.028e-11,1.44096615,1.4378051,1.59895954,1.64895954,0.0031610499999998876,-0.04999999999999982
5.128e-11,1.44096615,1.4378051,1.59895954,1.64895954,0.0031610499999998876,-0.04999999999999982
5.228e-11,1.44096615,1.4378051,1.59895954,1.64895954,0.0031610499999998876,-0.04999999999999982
5.328e-11,1.44096615,1.4378051,1.59895954,1.64895954,0.0031610499999998876,-0.04999999999999982
5.428e-11,1.44096615,1.4378051,1.59895954,1.64895954,0.0031610499999998876,-0.04999999999999982
5.528e-11,1.44096615,1.4378051,1.59895954,1.64895954,0.0031610499999998876,-0.04999999999999982
5.628e-11,1.44096615,1.4378051,1.59895954,1.64895954,0.0031610499999998876,-0.04999999999999982
5.728e-11,1.44096615,1.4378051,1.59895954,1.64895954,0.0031610499999998876,-0.04999999999999982
5.828e-11,1.44096615,1.4378051,1.59895954,1.64895954,0.0031610499999998876,-0.04999999999999982
5.928e-11,1.44096615,1.4378051,1.59895954,1.64895954,0.0031610499999998876,-0.04999999999999982
6.028e-11,1.44096615,1.4378051,1.59895954,1.64895954,0.0031610499999998876,-0.04999999999999982
6.128e-11,1.44096615,1.4378051,1.59895954,1.64895954,0.0031610499999998876,-0.04999999999999982
6.228e-11,1.44096615,1.4378051,1.59895954,1.64895954,0.0031610499999998876,-0.04999999999999982
6.328e-11,1.44096615,1.4378051,1.59895954,1.64895954,0.0031610499999998876,-0.04999999999999982
6.428e-11,1.44096615,1.4378051,1.59895954,1.64895954,0.0031610499999998876,-0.04999999999999982
6.528e-11,1.44096615,1.4378051,1.59895954,1.64895954,0.0031610499999998876,-0.04999999999999982
6.628e-11,1.44096615,1.4378051,1.59895954,1.64895954,0.0031610499999998876,-0.04999999999999982
6.728e-11,1.44096615,1.4378051,1.59895954,1.64895954,0.0031610499999998876,-0.04999999999999982
6.828e-11,1.44096615,1.4378051,1.59895954,1.64895954,0.0031610499999998876,-0.04999999999999982
6.928e-11,1.44096615,1.4378051,1.59895954,1.64895954,0.0031610499999998876,-0.04999999999999982
7.028e-11,1.44096615,1.4378051,1.59895954,1.64895954,0.0031610499999998876,-0.04999999999999982
7.128e-11,1.44096615,1.4378051,1.59895954,1.64895954,0.0031610499999998876,-0.04999999999999982
7.228e-11,1.44096615,1.4378051,1.59895954,1.64895954,0.0031610499999998876,-0.04999999999999982
7.328e-11,1.44096615,1.4378051,1.59895954,1.64895954,0.0031610499999998876,-0.04999999999999982
7.428e-11,1.44096615,1.4378051,1.59895954,1.64895954,0.0031610499999998876,-0.04999999999999982
7.528e-11,1.44096615,1.4378051,1.59895954,1.64895954,0.0031610499999998876,-0.04999999999999982
7.628e-11,1.44096615,1.4378051,1.59895954,1.64895954,0.0031610499999998876,-0.04999999999999982
7.728e-11,1.44096615,1.4378051,1.59895954,1.64895954,0.0031610499999998876,-0.04999999999999982
7.828e-11,1.44096615,1.4378051,1.59895954,1.64895954,0.0031610499999998876,-0.04999999999999982
7.928e-11,1.44096615,1.4378051,1.59895954,1.64895954,0.0031610499999998876,-0.04999999999999982
8.028e-11,1.44096615,1.4378051,1.59895954,1.64895954,0.0031610499999998876,-0.04999999999999982
8.128e-11,1.44096615,1.4378051,1.59895954,1.64895954,0.0031610499999998876,-0.04999999999999982
8.228e-11,1.44096615,1.4378051,1.59895954,1.64895954,0.0031610499999998876,-0.04999999999999982
8.328e-11,1.44096615,1.4378051,1.59895954,1.64895954,0.0031610499999998876,-0.04999999999999982
8.428e-11,1.44096615,1.4378051,1.59895954,1.64895954,0.0031610499999998876,-0.04999999999999982
8.528e-11,1.44096615,1.4378051,1.59895954,1.64895954,0.0031610499999998876,-0.04999999999999982
8.628e-11,1.44096615,1.4378051,1.59895954,1.64895954,0.0031610499999998876,-0.04999999999999982
8.728e-11,1.44096615,1.4378051,1.59895954,1.64895954,0.0031610499999998876,-0.04999999999999982
8.828e-11,1.44096615,1.4378051,1.59895954,1.64895954,0.0031610499999998876,-0.04999999999999982
8.928e-11,1.44096615,1.4378051,1.59895954,1.64895954,0.0031610499999998876,-0.04999999999999982
9.028e-11,1.44096615,1.4378051,1.59895954,1.64895954,0.0031610499999998876,-0.04999999999999982
9.128e-11,1.44096615,1.4378051,1.59895954,1.64895954,0.0031610499999998876,-0.04999999999999982
9.228e-11,1.44096615,1.4378051,1.59895954,1.64895954,0.0031610499999998876,-0.04999999999999982
9.328e-11,1.44096615,1.4378051,1.59895954,1.64895954,0.0031610499999998876,-0.04999999999999982
9.428e-11,1.44096615,1.4378051,1.59895954,1.64895954,0.0031610499999998876,-0.04999999999999982
9.528e-11,1.44096615,1.4378051,1.59895954,1.64895954,0.0031610499999998876,-0.04999999999999982
9.628e-11,1.44096615,1.4378051,1.59895954,1.64895954,0.0031610499999998876,-0.04999999999999982
9.728e-11,1.44096615,1.4378051,1.59895954,1.64895954,0.0031610499999998876,-0.04999999999999982
9.828e-11,1.44096615,1.4378051,1.59895954,1.64895954,0.0031610499999998876,-0.04999999999999982
9.928e-11,1.44096615,1.4378051,1.59895954,1.64895954,0.0031610499999998876,-0.04999999999999982
1.0028e-10,1.44096615,1.4378051,1.59895954,1.64895954,0.0031610499999998876,-0.04999999999999982
1.0128e-10,1.44096615,1.4378051,1.59895954,1.64895954,0.0031610499999998876,-0.04999999999999982
1.0228e-10,1.44096615,1.4378051,1.59895954,1.64895954,0.0031610499999998876,-0.04999999999999982
1.0328e-10,1.44096615,1.4378051,1.59895954,1.64895954,0.0031610499999998876,-0.04999999999999982
1.0428e-10,1.44096615,1.4378051,1.59895954,1.64895954,0.0031610499999998876,-0.04999999999999982
1.0528e-10,1.44096615,1.4378051,1.59895954,1.64895954,0.0031610499999998876,-0.04999999999999982
1.0628e-10,1.44096615,1.4378051,1.59895954,1.64895954,0.0031610499999998876,-0.04999999999999982
1.0728e-10,1.44096615,1.4378051,1.59895954,1.64895954,0.0031610499999998876,-0.04999999999999982
1.0828e-10,1.44096615,1.4378051,1.59895954,1.64895954,0.0031610499999998876,-0.04999999999999982
1.0928e-10,1.44096615,1.4378051,1.59895954,1.64895954,0.0031610499999998876,-0.04999999999999982
1.1028e-10,1.44096615,1.4378051,1.59895954,1.64895954,0.0031610499999998876,-0.04999999999999982
1.1128e-10,1.44096615,1.4378051,1.59895954,1.64895954,0.0031610499999998876,-0.04999999999999982
1.1228e-10,1.44096615,1.4378051,1.59895954,1.64895954,0.0031610499999998876,-0.04999999999999982
1.1328e-10,1.44096615,1.4378051,1.59895954,1.64895954,0.0031610499999998876,-0.04999999999999982
1.1428e-10,1.44096615,1.4378051,1.59895954,1.64895954,0.0031610499999998876,-0.04999999999999982
1.1528e-10,1.44096615,1.4378051,1.59895954,1.64895954,0.0031610499999998876,-0.04999999999999982
1.1628e-10,1.44096615,1.4378051,1.59895954,1.64895954,0.0031610499999998876,-0.04999999999999982
1.1728e-10,1.44096615,1.4378051,1.59895954,1.64895954,0.0031610499999998876,-0.04999999999999982
1.1828e-10,1.44096615,1.4378051,1.59895954,1.64895954,0.0031610499999998876,-0.04999999999999982
1.1928e-10,1.44096615,1.4378051,1.59895954,1.64895954,0.0031610499999998876,-0.04999999999999982
1.2028e-10,1.44096615,1.4378051,1.59895954,1.64895954,0.0031610499999998876,-0.04999999999999982
1.2128e-10,1.44096615,1.4378051,1.59895954,1.64895954,0.0031610499999998876,-0.04999999999999982
1.2228e-10,1.44096615,1.4378051,1.59895954,1.64895954,0.0031610499999998876,-0.04999999999999982
1.2328e-10,1.44096615,1.4378051,1.59895954,1.64895954,0.0031610499999998876,-0.04999999999999982
1.2428e-10,1.44096615,1.4378051,1.59895954,1.64895954,0.0031610499999998876,-0.04999999999999982
1.2528e-10,1.44096615,1.4378051,1.59895954,1.64895954,0.0031610499999998876,-0.04999999999999982
1.2628e-10,1.44096615,1.4378051,1.59895954,1.64895954,0.0031610499999998876,-0.04999999999999982
1.2728e-10,1.44096615,1.4378051,1.59895954,1.64895954,0.0031610499999998876,-0.04999999999999982
1.2828e-10,1.44096615,1.4378051,1.59895954,1.64895954,0.0031610499999998876,-0.04999999999999982
1.2928e-10,1.44096615,1.4378051,1.59895954,1.64895954,0.0031610499999998876,-0.04999999999999982
1.3028e-10,1.44096615,1.4378051,1.59895954,1.64895954,0.0031610499999998876,-0.04999999999999982
1.3128e-10,1.44096615,1.4378051,1.59895954,1.64895954,0.0031610499999998876,-0.04999999999999982
1.3228e-10,1.44096615,1.4378051,1.59895954,1.64895954,0.0031610499999998876,-0.04999999999999982
1.3328e-10,1.44096615,1.4378051,1.59895954,1.64895954,0.0031610499999998876,-0.04999999999999982
1.3428e-10,1.44096615,1.4378051,1.59895954,1.64895954,0.0031610499999998876,-0.04999999999999982
1.3528e-10,1.44096615,1.4378051,1.59895954,1.64895954,0.0031610499999998876,-0.04999999999999982
1.3628e-10,1.44096615,1.4378051,1.59895954,1.64895954,0.0031610499999998876,-0.04999999999999982
1.3728e-10,1.44096615,1.4378051,1.59895954,1.64895954,0.0031610499999998876,-0.04999999999999982
1.3828e-10,1.44096615,1.4378051,1.59895954,1.64895954,0.0031610499999998876,-0.04999999999999982
1.3928e-10,1.44096615,1.4378051,1.59895954,1.64895954,0.0031610499999998876,-0.04999999999999982
1.4028e-10,1.44096615,1.4378051,1.59895954,1.64895954,0.0031610499999998876,-0.04999999999999982
1.4128e-10,1.44096615,1.4378051,1.59895954,1.64895954,0.0031610499999998876,-0.04999999999999982
1.4228e-10,1.44096615,1.4378051,1.59895954,1.64895954,0.0031610499999998876,-0.04999999999999982
1.4328e-10,1.44096615,1.4378051,1.59895954,1.64895954,0.0031610499999998876,-0.04999999999999982
1.4428e-10,1.44096615,1.4378051,1.59895954,1.64895954,0.0031610499999998876,-0.04999999999999982
1.4528e-10,1.44096615,1.4378051,1.59895954,1.64895954,0.0031610499999998876,-0.04999999999999982
1.4628e-10,1.44096615,1.4378051,1.59895954,1.64895954,0.0031610499999998876,-0.04999999999999982
1.4728e-10,1.44096615,1.4378051,1.59895954,1.64895954,0.0031610499999998876,-0.04999999999999982
1.4828e-10,1.44096615,1.4378051,1.59895954,1.64895954,0.0031610499999998876,-0.04999999999999982
1.4928e-10,1.44096615,1.4378051,1.59895954,1.64895954,0.0031610499999998876,-0.04999999999999982
1.5028e-10,1.44096615,1.4378051,1.59895954,1.64895954,0.0031610499999998876,-0.04999999999999982
1.5128e-10,1.44096615,1.4378051,1.59895954,1.64895954,0.0031610499999998876,-0.04999999999999982
1.5228e-10,1.44096615,1.4378051,1.59895954,1.64895954,0.0031610499999998876,-0.04999999999999982
1.5328e-10,1.44096615,1.4378051,1.59895954,1.64895954,0.0031610499999998876,-0.04999999999999982
1.5428e-10,1.44096615,1.4378051,1.59895954,1.64895954,0.0031610499999998876,-0.04999999999999982
1.5528e-10,1.44096615,1.4378051,1.59895954,1.64895954,0.0031610499999998876,-0.04999999999999982
1.5628e-10,1.44096615,1.4378051,1.59895954,1.64895954,0.0031610499999998876,-0.04999999999999982
1.5728e-10,1.44096615,1.4378051,1.59895954,1.64895954,0.0031610499999998876,-0.04999999999999982
1.5828e-10,1.44096615,1.4378051,1.59895954,1.64895954,0.0031610499999998876,-0.04999999999999982
1.5928e-10,1.44096615,1.4378051,1.59895954,1.64895954,0.0031610499999998876,-0.04999999999999982
1.6028e-10,1.44096615,1.4378051,1.59895954,1.64895954,0.0031610499999998876,-0.04999999999999982
1.6128e-10,1.44096615,1.4378051,1.59895954,1.64895954,0.0031610499999998876,-0.04999999999999982
1.6228e-10,1.44096615,1.4378051,1.59895954,1.64895954,0.0031610499999998876,-0.04999999999999982
1.6328e-10,1.44096615,1.4378051,1.59895954,1.64895954,0.0031610499999998876,-0.04999999999999982
1.6428e-10,1.44096615,1.4378051,1.59895954,1.64895954,0.0031610499999998876,-0.04999999999999982
1.6528e-10,1.44096615,1.4378051,1.59895954,1.64895954,0.0031610499999998876,-0.04999999999999982
1.6628e-10,1.44096615,1.4378051,1.59895954,1.64895954,0.0031610499999998876,-0.04999999999999982
1.6728e-10,1.44096615,1.4378051,1.59895954,1.64895954,0.0031610499999998876,-0.04999999999999982
1.6828e-10,1.44096615,1.4378051,1.59895954,1.64895954,0.0031610499999998876,-0.04999999999999982
1.6928e-10,1.44096615,1.4378051,1.59895954,1.64895954,0.0031610499999998876,-0.04999999999999982
1.7028e-10,1.44096615,1.4378051,1.59895954,1.64895954,0.0031610499999998876,-0.04999999999999982
1.7128e-10,1.44096615,1.4378051,1.59895954,1.64895954,0.0031610499999998876,-0.04999999999999982
1.7228e-10,1.44096615,1.4378051,1.59895954,1.64895954,0.0031610499999998876,-0.04999999999999982
1.7328e-10,1.44096615,1.4378051,1.59895954,1.64895954,0.0031610499999998876,-0.04999999999999982
1.7428e-10,1.44096615,1.4378051,1.59895954,1.64895954,0.0031610499999998876,-0.04999999999999982
1.7528e-10,1.44096615,1.4378051,1.59895954,1.64895954,0.0031610499999998876,-0.04999999999999982
1.7628e-10,1.44096615,1.4378051,1.59895954,1.64895954,0.0031610499999998876,-0.04999999999999982
1.7728e-10,1.44096615,1.4378051,1.59895954,1.64895954,0.0031610499999998876,-0.04999999999999982
1.7828e-10,1.44096615,1.4378051,1.59895954,1.64895954,0.0031610499999998876,-0.04999999999999982
1.7928e-10,1.44096615,1.4378051,1.59895954,1.64895954,0.0031610499999998876,-0.04999999999999982
1.8028e-10,1.44096615,1.4378051,1.59895954,1.64895954,0.0031610499999998876,-0.04999999999999982
1.8128e-10,1.44096615,1.4378051,1.59895954,1.64895954,0.0031610499999998876,-0.04999999999999982
1.8228e-10,1.44096615,1.4378051,1.59895954,1.64895954,0.0031610499999998876,-0.04999999999999982
1.8328e-10,1.44096615,1.4378051,1.59895954,1.64895954,0.0031610499999998876,-0.04999999999999982
1.8428e-10,1.44096615,1.4378051,1.59895954,1.64895954,0.0031610499999998876,-0.04999999999999982
1.8528e-10,1.44096615,1.4378051,1.59895954,1.64895954,0.0031610499999998876,-0.04999999999999982
1.8628e-10,1.44096615,1.4378051,1.59895954,1.64895954,0.0031610499999998876,-0.04999999999999982
1.8728e-10,1.44096615,1.4378051,1.59895954,1.64895954,0.0031610499999998876,-0.04999999999999982
1.8828e-10,1.44096615,1.4378051,1.59895954,1.64895954,0.0031610499999998876,-0.04999999999999982
1.8928e-10,1.44096615,1.4378051,1.59895954,1.64895954,0.0031610499999998876,-0.04999999999999982
1.9028e-10,1.44096615,1.4378051,1.59895954,1.64895954,0.0031610499999998876,-0.04999999999999982
1.9128e-10,1.44096615,1.4378051,1.59895954,1.64895954,0.0031610499999998876,-0.04999999999999982
1.9228e-10,1.44096615,1.4378051,1.59895954,1.64895954,0.0031610499999998876,-0.04999999999999982
1.9328e-10,1.44096615,1.4378051,1.59895954,1.64895954,0.0031610499999998876,-0.04999999999999982
1.9428e-10,1.44096615,1.4378051,1.59895954,1.64895954,0.0031610499999998876,-0.04999999999999982
1.9528e-10,1.44096615,1.4378051,1.59895954,1.64895954,0.0031610499999998876,-0.04999999999999982
1.9628e-10,1.44096615,1.4378051,1.59895954,1.64895954,0.0031610499999998876,-0.04999999999999982
1.9728e-10,1.44096615,1.4378051,1.59895954,1.64895954,0.0031610499999998876,-0.04999999999999982
1.9828e-10,1.44096615,1.4378051,1.59895954,1.64895954,0.0031610499999998876,-0.04999999999999982
1.9928e-10,1.44096615,1.4378051,1.59895954,1.64895954,0.0031610499999998876,-0.04999999999999982
2.0028e-10,1.44096615,1.4378051,1.59895954,1.64895954,0.0031610499999998876,-0.04999999999999982
2.0128e-10,1.44096615,1.4378051,1.59895954,1.64895954,0.0031610499999998876,-0.04999999999999982
2.0228e-10,1.44096615,1.4378051,1.59895954,1.64895954,0.0031610499999998876,-0.04999999999999982
2.0328e-10,1.44096615,1.4378051,1.59895954,1.64895954,0.0031610499999998876,-0.04999999999999982
2.0428e-10,1.44096615,1.4378051,1.59895954,1.64895954,0.0031610499999998876,-0.04999999999999982
2.0528e-10,1.44096615,1.4378051,1.59895954,1.64895954,0.0031610499999998876,-0.04999999999999982
2.0628e-10,1.44096615,1.4378051,1.59895954,1.64895954,0.0031610499999998876,-0.04999999999999982
2.0728e-10,1.44096615,1.4378051,1.59895954,1.64895954,0.0031610499999998876,-0.04999999999999982
2.0828e-10,1.44096615,1.4378051,1.59895954,1.64895954,0.0031610499999998876,-0.04999999999999982
2.0928e-10,1.44096615,1.4378051,1.59895954,1.64895954,0.0031610499999998876,-0.04999999999999982
2.1028e-10,1.44096615,1.4378051,1.59895954,1.64895954,0.0031610499999998876,-0.04999999999999982
2.1128e-10,1.44096615,1.4378051,1.59895954,1.64895954,0.0031610499999998876,-0.04999999999999982
2.1228e-10,1.44096615,1.4378051,1.59895954,1.64895954,0.0031610499999998876,-0.04999999999999982
2.1328e-10,1.44096615,1.4378051,1.59895954,1.64895954,0.0031610499999998876,-0.04999999999999982
2.1428e-10,1.44096615,1.4378051,1.59895954,1.64895954,0.0031610499999998876,-0.04999999999999982
2.1528e-10,1.44096615,1.4378051,1.59895954,1.64895954,0.0031610499999998876,-0.04999999999999982
2.1628e-10,1.44096615,1.4378051,1.59895954,1.64895954,0.0031610499999998876,-0.04999999999999982
2.1728e-10,1.44096615,1.4378051,1.59895954,1.64895954,0.0031610499999998876,-0.04999999999999982
2.1828e-10,1.44096615,1.4378051,1.59895954,1.64895954,0.0031610499999998876,-0.04999999999999982
2.1928e-10,1.44096615,1.4378051,1.59895954,1.64895954,0.0031610499999998876,-0.04999999999999982
2.2028e-10,1.44096615,1.4378051,1.59895954,1.64895954,0.0031610499999998876,-0.04999999999999982
2.2128e-10,1.44096615,1.4378051,1.59895954,1.64895954,0.0031610499999998876,-0.04999999999999982
2.2228e-10,1.44096615,1.4378051,1.59895954,1.64895954,0.0031610499999998876,-0.04999999999999982
2.2328e-10,1.44096615,1.4378051,1.59895954,1.64895954,0.0031610499999998876,-0.04999999999999982
2.2428e-10,1.44096615,1.4378051,1.59895954,1.64895954,0.0031610499999998876,-0.04999999999999982
2.2528e-10,1.44096615,1.4378051,1.59895954,1.64895954,0.0031610499999998876,-0.04999999999999982
2.2628e-10,1.44096615,1.4378051,1.59895954,1.64895954,0.0031610499999998876,-0.04999999999999982
2.2728e-10,1.44096615,1.4378051,1.59895954,1.64895954,0.0031610499999998876,-0.04999999999999982
2.2828e-10,1.44096615,1.4378051,1.59895954,1.64895954,0.0031610499999998876,-0.04999999999999982
2.2928e-10,1.44096615,1.4378051,1.59895954,1.64895954,0.0031610499999998876,-0.04999999999999982
2.3028e-10,1.44096615,1.4378051,1.59895954,1.64895954,0.0031610499999998876,-0.04999999999999982
2.3128e-10,1.44096615,1.4378051,1.59895954,1.64895954,0.0031610499999998876,-0.04999999999999982
2.3228e-10,1.44096615,1.4378051,1.59895954,1.64895954,0.0031610499999998876,-0.04999999999999982
2.3328e-10,1.44096615,1.4378051,1.59895954,1.64895954,0.0031610499999998876,-0.04999999999999982
2.3428e-10,1.44096615,1.4378051,1.59895954,1.64895954,0.0031610499999998876,-0.04999999999999982
2.3528e-10,1.44096615,1.4378051,1.59895954,1.64895954,0.0031610499999998876,-0.04999999999999982
2.3628e-10,1.44096615,1.4378051,1.59895954,1.64895954,0.0031610499999998876,-0.04999999999999982
2.3728e-10,1.44096615,1.4378051,1.59895954,1.64895954,0.0031610499999998876,-0.04999999999999982
2.3828e-10,1.44096615,1.4378051,1.59895954,1.64895954,0.0031610499999998876,-0.04999999999999982
2.3928e-10,1.44096615,1.4378051,1.59895954,1.64895954,0.0031610499999998876,-0.04999999999999982
2.4028e-10,1.44096615,1.4378051,1.59895954,1.64895954,0.0031610499999998876,-0.04999999999999982
2.4128e-10,1.44096615,1.4378051,1.59895954,1.64895954,0.0031610499999998876,-0.04999999999999982
2.4228e-10,1.44096615,1.4378051,1.59895954,1.64895954,0.0031610499999998876,-0.04999999999999982
2.4328e-10,1.44096615,1.4378051,1.59895954,1.64895954,0.0031610499999998876,-0.04999999999999982
2.4428e-10,1.44096615,1.4378051,1.59895954,1.64895954,0.0031610499999998876,-0.04999999999999982
2.4528e-10,1.44096615,1.4378051,1.59895954,1.64895954,0.0031610499999998876,-0.04999999999999982
2.4628e-10,1.44096615,1.4378051,1.59895954,1.64895954,0.0031610499999998876,-0.04999999999999982
2.4728e-10,1.44096615,1.4378051,1.59895954,1.64895954,0.0031610499999998876,-0.04999999999999982
2.4828e-10,1.44096615,1.4378051,1.59895954,1.64895954,0.0031610499999998876,-0.04999999999999982
2.4928e-10,1.44096615,1.4378051,1.59895954,1.64895954,0.0031610499999998876,-0.04999999999999982
2.5028e-10,1.44096615,1.4378051,1.59895954,1.64895954,0.0031610499999998876,-0.04999999999999982
2.5128e-10,1.44096615,1.4378051,1.59895954,1.64895954,0.0031610499999998876,-0.04999999999999982
2.5228e-10,1.44096615,1.4378051,1.59895954,1.64895954,0.0031610499999998876,-0.04999999999999982
2.5328e-10,1.44096615,1.4378051,1.59895954,1.64895954,0.0031610499999998876,-0.04999999999999982
2.5428e-10,1.44096615,1.4378051,1.59895954,1.64895954,0.0031610499999998876,-0.04999999999999982
2.5528e-10,1.44096615,1.4378051,1.59895954,1.64895954,0.0031610499999998876,-0.04999999999999982
2.5628e-10,1.44096615,1.4378051,1.59895954,1.64895954,0.0031610499999998876,-0.04999999999999982
2.5728e-10,1.44096615,1.4378051,1.59895954,1.64895954,0.0031610499999998876,-0.04999999999999982
2.5828e-10,1.44096615,1.4378051,1.59895954,1.64895954,0.0031610499999998876,-0.04999999999999982
2.5928e-10,1.44096615,1.4378051,1.59895954,1.64895954,0.0031610499999998876,-0.04999999999999982
2.6028e-10,1.44096615,1.4378051,1.59895954,1.64895954,0.0031610499999998876,-0.04999999999999982
2.6128e-10,1.44096615,1.4378051,1.59895954,1.64895954,0.0031610499999998876,-0.04999999999999982
2.6228e-10,1.44096615,1.4378051,1.59895954,1.64895954,0.0031610499999998876,-0.04999999999999982
2.6328e-10,1.44096615,1.4378051,1.59895954,1.64895954,0.0031610499999998876,-0.04999999999999982
2.6428e-10,1.44096615,1.4378051,1.59895954,1.64895954,0.0031610499999998876,-0.04999999999999982
2.6528e-10,1.44096615,1.4378051,1.59895954,1.64895954,0.0031610499999998876,-0.04999999999999982
2.6628e-10,1.44096615,1.4378051,1.59895954,1.64895954,0.0031610499999998876,-0.04999999999999982
2.6728e-10,1.44096615,1.4378051,1.59895954,1.64895954,0.0031610499999998876,-0.04999999999999982
2.6828e-10,1.44096615,1.4378051,1.59895954,1.64895954,0.0031610499999998876,-0.04999999999999982
2.6928e-10,1.44096615,1.4378051,1.59895954,1.64895954,0.0031610499999998876,-0.04999999999999982
2.7028e-10,1.44096615,1.4378051,1.59895954,1.64895954,0.0031610499999998876,-0.04999999999999982
2.7128e-10,1.44096615,1.4378051,1.59895954,1.64895954,0.0031610499999998876,-0.04999999999999982
2.7228e-10,1.44096615,1.4378051,1.59895954,1.64895954,0.0031610499999998876,-0.04999999999999982
2.7328e-10,1.44096615,1.4378051,1.59895954,1.64895954,0.0031610499999998876,-0.04999999999999982
2.7428e-10,1.44096615,1.4378051,1.59895954,1.64895954,0.0031610499999998876,-0.04999999999999982
2.7528e-10,1.44096615,1.4378051,1.59895954,1.64895954,0.0031610499999998876,-0.04999999999999982
2.7628e-10,1.44096615,1.4378051,1.59895954,1.64895954,0.0031610499999998876,-0.04999999999999982
2.7728e-10,1.44096615,1.4378051,1.59895954,1.64895954,0.0031610499999998876,-0.04999999999999982
2.7828e-10,1.44096615,1.4378051,1.59895954,1.64895954,0.0031610499999998876,-0.04999999999999982
2.7928e-10,1.44096615,1.4378051,1.59895954,1.64895954,0.0031610499999998876,-0.04999999999999982
2.8028e-10,1.44096615,1.4378051,1.59895954,1.64895954,0.0031610499999998876,-0.04999999999999982
2.8128e-10,1.44096615,1.4378051,1.59895954,1.64895954,0.0031610499999998876,-0.04999999999999982
2.8228e-10,1.44096615,1.4378051,1.59895954,1.64895954,0.0031610499999998876,-0.04999999999999982
2.8328e-10,1.44096615,1.4378051,1.59895954,1.64895954,0.0031610499999998876,-0.04999999999999982
2.8428e-10,1.44096615,1.4378051,1.59895954,1.64895954,0.0031610499999998876,-0.04999999999999982
2.8528e-10,1.44096615,1.4378051,1.59895954,1.64895954,0.0031610499999998876,-0.04999999999999982
2.8628e-10,1.44096615,1.4378051,1.59895954,1.64895954,0.0031610499999998876,-0.04999999999999982
2.8728e-10,1.44096615,1.4378051,1.59895954,1.64895954,0.0031610499999998876,-0.04999999999999982
2.8828e-10,1.44096615,1.4378051,1.59895954,1.64895954,0.0031610499999998876,-0.04999999999999982
2.8928e-10,1.44096615,1.4378051,1.59895954,1.64895954,0.0031610499999998876,-0.04999999999999982
2.9028e-10,1.44096615,1.4378051,1.59895954,1.64895954,0.0031610499999998876,-0.04999999999999982
2.9128e-10,1.44096615,1.4378051,1.59895954,1.64895954,0.0031610499999998876,-0.04999999999999982
2.9228e-10,1.44096615,1.4378051,1.59895954,1.64895954,0.0031610499999998876,-0.04999999999999982
2.9328e-10,1.44096615,1.4378051,1.59895954,1.64895954,0.0031610499999998876,-0.04999999999999982
2.9428e-10,1.44096615,1.4378051,1.59895954,1.64895954,0.0031610499999998876,-0.04999999999999982
2.9528e-10,1.44096615,1.4378051,1.59895954,1.64895954,0.0031610499999998876,-0.04999999999999982
2.9628e-10,1.44096615,1.4378051,1.59895954,1.64895954,0.0031610499999998876,-0.04999999999999982
2.9728e-10,1.44096615,1.4378051,1.59895954,1.64895954,0.0031610499999998876,-0.04999999999999982
2.9828e-10,1.44096615,1.4378051,1.59895954,1.64895954,0.0031610499999998876,-0.04999999999999982
2.9928e-10,1.44096615,1.4378051,1.59895954,1.64895954,0.0031610499999998876,-0.04999999999999982
3.0028e-10,1.44096615,1.4378051,1.59895954,1.64895954,0.0031610499999998876,-0.04999999999999982
3.0128e-10,1.44096615,1.4378051,1.59895954,1.64895954,0.0031610499999998876,-0.04999999999999982
3.0228e-10,1.44096615,1.4378051,1.59895954,1.64895954,0.0031610499999998876,-0.04999999999999982
3.0328e-10,1.44096615,1.4378051,1.59895954,1.64895954,0.0031610499999998876,-0.04999999999999982
3.0428e-10,1.44096615,1.4378051,1.59895954,1.64895954,0.0031610499999998876,-0.04999999999999982
3.0528e-10,1.44096615,1.4378051,1.59895954,1.64895954,0.0031610499999998876,-0.04999999999999982
3.0628e-10,1.44096615,1.4378051,1.59895954,1.64895954,0.0031610499999998876,-0.04999999999999982
3.0728e-10,1.44096615,1.4378051,1.59895954,1.64895954,0.0031610499999998876,-0.04999999999999982
3.0828e-10,1.44096615,1.4378051,1.59895954,1.64895954,0.0031610499999998876,-0.04999999999999982
3.0928e-10,1.44096615,1.4378051,1.59895954,1.64895954,0.0031610499999998876,-0.04999999999999982
3.1028e-10,1.44096615,1.4378051,1.59895954,1.64895954,0.0031610499999998876,-0.04999999999999982
3.1128e-10,1.44096615,1.4378051,1.59895954,1.64895954,0.0031610499999998876,-0.04999999999999982
3.1228e-10,1.44096615,1.4378051,1.59895954,1.64895954,0.0031610499999998876,-0.04999999999999982
3.1328e-10,1.44096615,1.4378051,1.59895954,1.64895954,0.0031610499999998876,-0.04999999999999982
3.1428e-10,1.44096615,1.4378051,1.59895954,1.64895954,0.0031610499999998876,-0.04999999999999982
3.1528e-10,1.44096615,1.4378051,1.59895954,1.64895954,0.0031610499999998876,-0.04999999999999982
3.1628e-10,1.44096615,1.4378051,1.59895954,1.64895954,0.0031610499999998876,-0.04999999999999982
3.1728e-10,1.44096615,1.4378051,1.59895954,1.64895954,0.0031610499999998876,-0.04999999999999982
3.1828e-10,1.44096615,1.4378051,1.59895954,1.64895954,0.0031610499999998876,-0.04999999999999982
3.1928e-10,1.44096615,1.4378051,1.59895954,1.64895954,0.0031610499999998876,-0.04999999999999982
3.2028e-10,1.44096615,1.4378051,1.59895954,1.64895954,0.0031610499999998876,-0.04999999999999982
3.2128e-10,1.44096615,1.4378051,1.59895954,1.64895954,0.0031610499999998876,-0.04999999999999982
3.2228e-10,1.44096615,1.4378051,1.59895954,1.64895954,0.0031610499999998876,-0.04999999999999982
3.2328e-10,1.44096615,1.4378051,1.59895954,1.64895954,0.0031610499999998876,-0.04999999999999982
3.2428e-10,1.44096615,1.4378051,1.59895954,1.64895954,0.0031610499999998876,-0.04999999999999982
3.2528e-10,1.44096615,1.4378051,1.59895954,1.64895954,0.0031610499999998876,-0.04999999999999982
3.2628e-10,1.44096615,1.4378051,1.59895954,1.64895954,0.0031610499999998876,-0.04999999999999982
3.2728e-10,1.44096615,1.4378051,1.59895954,1.64895954,0.0031610499999998876,-0.04999999999999982
3.2828e-10,1.44096615,1.4378051,1.59895954,1.64895954,0.0031610499999998876,-0.04999999999999982
3.2928e-10,1.44096615,1.4378051,1.59895954,1.64895954,0.0031610499999998876,-0.04999999999999982
3.3028e-10,1.44096615,1.4378051,1.59895954,1.64895954,0.0031610499999998876,-0.04999999999999982
3.3128e-10,1.44096615,1.4378051,1.59895954,1.64895954,0.0031610499999998876,-0.04999999999999982
3.3228e-10,1.44096615,1.4378051,1.59895954,1.64895954,0.0031610499999998876,-0.04999999999999982
3.3328e-10,1.44096615,1.4378051,1.59895954,1.64895954,0.0031610499999998876,-0.04999999999999982
3.3428e-10,1.44096615,1.4378051,1.59895954,1.64895954,0.0031610499999998876,-0.04999999999999982
3.3528e-10,1.44096615,1.4378051,1.59895954,1.64895954,0.0031610499999998876,-0.04999999999999982
3.3628e-10,1.44096615,1.4378051,1.59895954,1.64895954,0.0031610499999998876,-0.04999999999999982
3.3728e-10,1.44096615,1.4378051,1.59895954,1.64895954,0.0031610499999998876,-0.04999999999999982
3.3828e-10,1.44096615,1.4378051,1.59895954,1.64895954,0.0031610499999998876,-0.04999999999999982
3.3928e-10,1.44096615,1.4378051,1.59895954,1.64895954,0.0031610499999998876,-0.04999999999999982
3.4028e-10,1.44096615,1.4378051,1.59895954,1.64895954,0.0031610499999998876,-0.04999999999999982
3.4128e-10,1.44096615,1.4378051,1.59895954,1.64895954,0.0031610499999998876,-0.04999999999999982
3.4228e-10,1.44096615,1.4378051,1.59895954,1.64895954,0.0031610499999998876,-0.04999999999999982
3.4328e-10,1.44096615,1.4378051,1.59895954,1.64895954,0.0031610499999998876,-0.04999999999999982
3.4428e-10,1.44096615,1.4378051,1.59895954,1.64895954,0.0031610499999998876,-0.04999999999999982
3.4528e-10,1.44096615,1.4378051,1.59895954,1.64895954,0.0031610499999998876,-0.04999999999999982
3.4628e-10,1.44096615,1.4378051,1.59895954,1.64895954,0.0031610499999998876,-0.04999999999999982
3.4728e-10,1.44096615,1.4378051,1.59895954,1.64895954,0.0031610499999998876,-0.04999999999999982
3.4828e-10,1.44096615,1.4378051,1.59895954,1.64895954,0.0031610499999998876,-0.04999999999999982
3.4928e-10,1.44096615,1.4378051,1.59895954,1.64895954,0.0031610499999998876,-0.04999999999999982
3.5028e-10,1.44096615,1.4378051,1.59895954,1.64895954,0.0031610499999998876,-0.04999999999999982
3.5128e-10,1.44096615,1.4378051,1.59895954,1.64895954,0.0031610499999998876,-0.04999999999999982
3.5228e-10,1.44096615,1.4378051,1.59895954,1.64895954,0.0031610499999998876,-0.04999999999999982
3.5328e-10,1.44096615,1.4378051,1.59895954,1.64895954,0.0031610499999998876,-0.04999999999999982
3.5428e-10,1.44096615,1.4378051,1.59895954,1.64895954,0.0031610499999998876,-0.04999999999999982
3.5528e-10,1.44096615,1.4378051,1.59895954,1.64895954,0.0031610499999998876,-0.04999999999999982
3.5628e-10,1.44096615,1.4378051,1.59895954,1.64895954,0.0031610499999998876,-0.04999999999999982
3.5728e-10,1.44096615,1.4378051,1.59895954,1.64895954,0.0031610499999998876,-0.04999999999999982
3.5828e-10,1.44096615,1.4378051,1.59895954,1.64895954,0.0031610499999998876,-0.04999999999999982
3.5928e-10,1.44096615,1.4378051,1.59895954,1.64895954,0.0031610499999998876,-0.04999999999999982
3.6028e-10,1.44096615,1.4378051,1.59895954,1.64895954,0.0031610499999998876,-0.04999999999999982
3.6128e-10,1.44096615,1.4378051,1.59895954,1.64895954,0.0031610499999998876,-0.04999999999999982
3.6228e-10,1.44096615,1.4378051,1.59895954,1.64895954,0.0031610499999998876,-0.04999999999999982
3.6328e-10,1.44096615,1.4378051,1.59895954,1.64895954,0.0031610499999998876,-0.04999999999999982
3.6428e-10,1.44096615,1.4378051,1.59895954,1.64895954,0.0031610499999998876,-0.04999999999999982
3.6528e-10,1.44096615,1.4378051,1.59895954,1.64895954,0.0031610499999998876,-0.04999999999999982
3.6628e-10,1.44096615,1.4378051,1.59895954,1.64895954,0.0031610499999998876,-0.04999999999999982
3.6728e-10,1.44096615,1.4378051,1.59895954,1.64895954,0.0031610499999998876,-0.04999999999999982
3.6828e-10,1.44096615,1.4378051,1.59895954,1.64895954,0.0031610499999998876,-0.04999999999999982
3.6928e-10,1.44096615,1.4378051,1.59895954,1.64895954,0.0031610499999998876,-0.04999999999999982
3.7028e-10,1.44096615,1.4378051,1.59895954,1.64895954,0.0031610499999998876,-0.04999999999999982
3.7128e-10,1.44096615,1.4378051,1.59895954,1.64895954,0.0031610499999998876,-0.04999999999999982
3.7228e-10,1.44096615,1.4378051,1.59895954,1.64895954,0.0031610499999998876,-0.04999999999999982
3.7328e-10,1.44096615,1.4378051,1.59895954,1.64895954,0.0031610499999998876,-0.04999999999999982
3.7428e-10,1.44096615,1.4378051,1.59895954,1.64895954,0.0031610499999998876,-0.04999999999999982
3.7528e-10,1.44096615,1.4378051,1.59895954,1.64895954,0.0031610499999998876,-0.04999999999999982
3.7628e-10,1.44096615,1.4378051,1.59895954,1.64895954,0.0031610499999998876,-0.04999999999999982
3.7728e-10,1.44096615,1.4378051,1.59895954,1.64895954,0.0031610499999998876,-0.04999999999999982
3.7828e-10,1.44096615,1.4378051,1.59895954,1.64895954,0.0031610499999998876,-0.04999999999999982
3.7928e-10,1.44096615,1.4378051,1.59895954,1.64895954,0.0031610499999998876,-0.04999999999999982
3.8028e-10,1.44096615,1.4378051,1.59895954,1.64895954,0.0031610499999998876,-0.04999999999999982
3.8128e-10,1.44096615,1.4378051,1.59895954,1.64895954,0.0031610499999998876,-0.04999999999999982
3.8228e-10,1.44096615,1.4378051,1.59895954,1.64895954,0.0031610499999998876,-0.04999999999999982
3.8328e-10,1.44096615,1.4378051,1.59895954,1.64895954,0.0031610499999998876,-0.04999999999999982
3.8428e-10,1.44096615,1.4378051,1.59895954,1.64895954,0.0031610499999998876,-0.04999999999999982
3.8528e-10,1.44096615,1.4378051,1.59895954,1.64895954,0.0031610499999998876,-0.04999999999999982
3.8628e-10,1.44096615,1.4378051,1.59895954,1.64895954,0.0031610499999998876,-0.04999999999999982
3.8728e-10,1.44096615,1.4378051,1.59895954,1.64895954,0.0031610499999998876,-0.04999999999999982
3.8828e-10,1.44096615,1.4378051,1.59895954,1.64895954,0.0031610499999998876,-0.04999999999999982
3.8928e-10,1.44096615,1.4378051,1.59895954,1.64895954,0.0031610499999998876,-0.04999999999999982
3.9028e-10,1.44096615,1.4378051,1.59895954,1.64895954,0.0031610499999998876,-0.04999999999999982
3.9128e-10,1.44096615,1.4378051,1.59895954,1.64895954,0.0031610499999998876,-0.04999999999999982
3.9228e-10,1.44096615,1.4378051,1.59895954,1.64895954,0.0031610499999998876,-0.04999999999999982
3.9328e-10,1.44096615,1.4378051,1.59895954,1.64895954,0.0031610499999998876,-0.04999999999999982
3.9428e-10,1.44096615,1.4378051,1.59895954,1.64895954,0.0031610499999998876,-0.04999999999999982
3.9528e-10,1.44096615,1.4378051,1.59895954,1.64895954,0.0031610499999998876,-0.04999999999999982
3.9628e-10,1.44096615,1.4378051,1.59895954,1.64895954,0.0031610499999998876,-0.04999999999999982
3.9728e-10,1.44096615,1.4378051,1.59895954,1.64895954,0.0031610499999998876,-0.04999999999999982
3.9828e-10,1.44096615,1.4378051,1.59895954,1.64895954,0.0031610499999998876,-0.04999999999999982
3.9928e-10,1.44096615,1.4378051,1.59895954,1.64895954,0.0031610499999998876,-0.04999999999999982
4.0028e-10,1.44096615,1.4378051,1.59895954,1.64895954,0.0031610499999998876,-0.04999999999999982
4.0128e-10,1.44096615,1.4378051,1.59895954,1.64895954,0.0031610499999998876,-0.04999999999999982
4.0228e-10,1.44096615,1.4378051,1.59895954,1.64895954,0.0031610499999998876,-0.04999999999999982
4.0328e-10,1.44096615,1.4378051,1.59895954,1.64895954,0.0031610499999998876,-0.04999999999999982
4.0428e-10,1.44096615,1.4378051,1.59895954,1.64895954,0.0031610499999998876,-0.04999999999999982
4.0528e-10,1.44096615,1.4378051,1.59895954,1.64895954,0.0031610499999998876,-0.04999999999999982
4.0628e-10,1.44096615,1.4378051,1.59895954,1.64895954,0.0031610499999998876,-0.04999999999999982
4.0728e-10,1.44096615,1.4378051,1.59895954,1.64895954,0.0031610499999998876,-0.04999999999999982
4.0828e-10,1.44096615,1.4378051,1.59895954,1.64895954,0.0031610499999998876,-0.04999999999999982
4.0928e-10,1.44096615,1.4378051,1.59895954,1.64895954,0.0031610499999998876,-0.04999999999999982
4.1028e-10,1.44096615,1.4378051,1.59895954,1.64895954,0.0031610499999998876,-0.04999999999999982
4.1128e-10,1.44096615,1.4378051,1.59895954,1.64895954,0.0031610499999998876,-0.04999999999999982
4.1228e-10,1.44096615,1.4378051,1.59895954,1.64895954,0.0031610499999998876,-0.04999999999999982
4.1328e-10,1.44096615,1.4378051,1.59895954,1.64895954,0.0031610499999998876,-0.04999999999999982
4.1428e-10,1.44096615,1.4378051,1.59895954,1.64895954,0.0031610499999998876,-0.04999999999999982
4.1528e-10,1.44096615,1.4378051,1.59895954,1.64895954,0.0031610499999998876,-0.04999999999999982
4.1628e-10,1.44096615,1.4378051,1.59895954,1.64895954,0.0031610499999998876,-0.04999999999999982
4.1728e-10,1.44096615,1.4378051,1.59895954,1.64895954,0.0031610499999998876,-0.04999999999999982
4.1828e-10,1.44096615,1.4378051,1.59895954,1.64895954,0.0031610499999998876,-0.04999999999999982
4.1928e-10,1.44096615,1.4378051,1.59895954,1.64895954,0.0031610499999998876,-0.04999999999999982
4.2028e-10,1.44096615,1.4378051,1.59895954,1.64895954,0.0031610499999998876,-0.04999999999999982
4.2128e-10,1.44096615,1.4378051,1.59895954,1.64895954,0.0031610499999998876,-0.04999999999999982
4.2228e-10,1.44096615,1.4378051,1.59895954,1.64895954,0.0031610499999998876,-0.04999999999999982
4.2328e-10,1.44096615,1.4378051,1.59895954,1.64895954,0.0031610499999998876,-0.04999999999999982
4.2428e-10,1.44096615,1.4378051,1.59895954,1.64895954,0.0031610499999998876,-0.04999999999999982
4.2528e-10,1.44096615,1.4378051,1.59895954,1.64895954,0.0031610499999998876,-0.04999999999999982
4.2628e-10,1.44096615,1.4378051,1.59895954,1.64895954,0.0031610499999998876,-0.04999999999999982
4.2728e-10,1.44096615,1.4378051,1.59895954,1.64895954,0.0031610499999998876,-0.04999999999999982
4.2828e-10,1.44096615,1.4378051,1.59895954,1.64895954,0.0031610499999998876,-0.04999999999999982
4.2928e-10,1.44096615,1.4378051,1.59895954,1.64895954,0.0031610499999998876,-0.04999999999999982
4.3028e-10,1.44096615,1.4378051,1.59895954,1.64895954,0.0031610499999998876,-0.04999999999999982
4.3128e-10,1.44096615,1.4378051,1.59895954,1.64895954,0.0031610499999998876,-0.04999999999999982
4.3228e-10,1.44096615,1.4378051,1.59895954,1.64895954,0.0031610499999998876,-0.04999999999999982
4.3328e-10,1.44096615,1.4378051,1.59895954,1.64895954,0.0031610499999998876,-0.04999999999999982
4.3428e-10,1.44096615,1.4378051,1.59895954,1.64895954,0.0031610499999998876,-0.04999999999999982
4.3528e-10,1.44096615,1.4378051,1.59895954,1.64895954,0.0031610499999998876,-0.04999999999999982
4.3628e-10,1.44096615,1.4378051,1.59895954,1.64895954,0.0031610499999998876,-0.04999999999999982
4.3728e-10,1.44096615,1.4378051,1.59895954,1.64895954,0.0031610499999998876,-0.04999999999999982
4.3828e-10,1.44096615,1.4378051,1.59895954,1.64895954,0.0031610499999998876,-0.04999999999999982
4.3928e-10,1.44096615,1.4378051,1.59895954,1.64895954,0.0031610499999998876,-0.04999999999999982
4.4028e-10,1.44096615,1.4378051,1.59895954,1.64895954,0.0031610499999998876,-0.04999999999999982
4.4128e-10,1.44096615,1.4378051,1.59895954,1.64895954,0.0031610499999998876,-0.04999999999999982
4.4228e-10,1.44096615,1.4378051,1.59895954,1.64895954,0.0031610499999998876,-0.04999999999999982
4.4328e-10,1.44096615,1.4378051,1.59895954,1.64895954,0.0031610499999998876,-0.04999999999999982
4.4428e-10,1.44096615,1.4378051,1.59895954,1.64895954,0.0031610499999998876,-0.04999999999999982
4.4528e-10,1.44096615,1.4378051,1.59895954,1.64895954,0.0031610499999998876,-0.04999999999999982
4.4628e-10,1.44096615,1.4378051,1.59895954,1.64895954,0.0031610499999998876,-0.04999999999999982
4.4728e-10,1.44096615,1.4378051,1.59895954,1.64895954,0.0031610499999998876,-0.04999999999999982
4.4828e-10,1.44096615,1.4378051,1.59895954,1.64895954,0.0031610499999998876,-0.04999999999999982
4.4928e-10,1.44096615,1.4378051,1.59895954,1.64895954,0.0031610499999998876,-0.04999999999999982
4.5028e-10,1.44096615,1.4378051,1.59895954,1.64895954,0.0031610499999998876,-0.04999999999999982
4.5128e-10,1.44096615,1.4378051,1.59895954,1.64895954,0.0031610499999998876,-0.04999999999999982
4.5228e-10,1.44096615,1.4378051,1.59895954,1.64895954,0.0031610499999998876,-0.04999999999999982
4.5328e-10,1.44096615,1.4378051,1.59895954,1.64895954,0.0031610499999998876,-0.04999999999999982
4.5428e-10,1.44096615,1.4378051,1.59895954,1.64895954,0.0031610499999998876,-0.04999999999999982
4.5528e-10,1.44096615,1.4378051,1.59895954,1.64895954,0.0031610499999998876,-0.04999999999999982
4.5628e-10,1.44096615,1.4378051,1.59895954,1.64895954,0.0031610499999998876,-0.04999999999999982
4.5728e-10,1.44096615,1.4378051,1.59895954,1.64895954,0.0031610499999998876,-0.04999999999999982
4.5828e-10,1.44096615,1.4378051,1.59895954,1.64895954,0.0031610499999998876,-0.04999999999999982
4.5928e-10,1.44096615,1.4378051,1.59895954,1.64895954,0.0031610499999998876,-0.04999999999999982
4.6028e-10,1.44096615,1.4378051,1.59895954,1.64895954,0.0031610499999998876,-0.04999999999999982
4.6128e-10,1.44096615,1.4378051,1.59895954,1.64895954,0.0031610499999998876,-0.04999999999999982
4.6228e-10,1.44096615,1.4378051,1.59895954,1.64895954,0.0031610499999998876,-0.04999999999999982
4.6328e-10,1.44096615,1.4378051,1.59895954,1.64895954,0.0031610499999998876,-0.04999999999999982
4.6428e-10,1.44096615,1.4378051,1.59895954,1.64895954,0.0031610499999998876,-0.04999999999999982
4.6528e-10,1.44096615,1.4378051,1.59895954,1.64895954,0.0031610499999998876,-0.04999999999999982
4.6628e-10,1.44096615,1.4378051,1.59895954,1.64895954,0.0031610499999998876,-0.04999999999999982
4.6728e-10,1.44096615,1.4378051,1.59895954,1.64895954,0.0031610499999998876,-0.04999999999999982
4.6828e-10,1.44096615,1.4378051,1.59895954,1.64895954,0.0031610499999998876,-0.04999999999999982
4.6928e-10,1.44096615,1.4378051,1.59895954,1.64895954,0.0031610499999998876,-0.04999999999999982
4.7028e-10,1.44096615,1.4378051,1.59895954,1.64895954,0.0031610499999998876,-0.04999999999999982
4.7128e-10,1.44096615,1.4378051,1.59895954,1.64895954,0.0031610499999998876,-0.04999999999999982
4.7228e-10,1.44096615,1.4378051,1.59895954,1.64895954,0.0031610499999998876,-0.04999999999999982
4.7328e-10,1.44096615,1.4378051,1.59895954,1.64895954,0.0031610499999998876,-0.04999999999999982
4.7428e-10,1.44096615,1.4378051,1.59895954,1.64895954,0.0031610499999998876,-0.04999999999999982
4.7528e-10,1.44096615,1.4378051,1.59895954,1.64895954,0.0031610499999998876,-0.04999999999999982
4.7628e-10,1.44096615,1.4378051,1.59895954,1.64895954,0.0031610499999998876,-0.04999999999999982
4.7728e-10,1.44096615,1.4378051,1.59895954,1.64895954,0.0031610499999998876,-0.04999999999999982
4.7828e-10,1.44096615,1.4378051,1.59895954,1.64895954,0.0031610499999998876,-0.04999999999999982
4.7928e-10,1.44096615,1.4378051,1.59895954,1.64895954,0.0031610499999998876,-0.04999999999999982
4.8028e-10,1.44096615,1.4378051,1.59895954,1.64895954,0.0031610499999998876,-0.04999999999999982
4.8128e-10,1.44096615,1.4378051,1.59895954,1.64895954,0.0031610499999998876,-0.04999999999999982
4.8228e-10,1.44096615,1.4378051,1.59895954,1.64895954,0.0031610499999998876,-0.04999999999999982
4.8328e-10,1.44096615,1.4378051,1.59895954,1.64895954,0.0031610499999998876,-0.04999999999999982
4.8428e-10,1.44096615,1.4378051,1.59895954,1.64895954,0.0031610499999998876,-0.04999999999999982
4.8528e-10,1.44096615,1.4378051,1.59895954,1.64895954,0.0031610499999998876,-0.04999999999999982
4.8628e-10,1.44096615,1.4378051,1.59895954,1.64895954,0.0031610499999998876,-0.04999999999999982
4.8728e-10,1.44096615,1.4378051,1.59895954,1.64895954,0.0031610499999998876,-0.04999999999999982
4.8828e-10,1.44096615,1.4378051,1.59895954,1.64895954,0.0031610499999998876,-0.04999999999999982
4.8928e-10,1.44096615,1.4378051,1.59895954,1.64895954,0.0031610499999998876,-0.04999999999999982
4.9028e-10,1.44096615,1.4378051,1.59895954,1.64895954,0.0031610499999998876,-0.04999999999999982
4.9128e-10,1.44096615,1.4378051,1.59895954,1.64895954,0.0031610499999998876,-0.04999999999999982
4.9228e-10,1.44096615,1.4378051,1.59895954,1.64895954,0.0031610499999998876,-0.04999999999999982
4.9328e-10,1.44096615,1.4378051,1.59895954,1.64895954,0.0031610499999998876,-0.04999999999999982
4.9428e-10,1.44096615,1.4378051,1.59895954,1.64895954,0.0031610499999998876,-0.04999999999999982
4.9528e-10,1.44096615,1.4378051,1.59895954,1.64895954,0.0031610499999998876,-0.04999999999999982
4.9628e-10,1.44096615,1.4378051,1.59895954,1.64895954,0.0031610499999998876,-0.04999999999999982
4.9728e-10,1.44096615,1.4378051,1.59895954,1.64895954,0.0031610499999998876,-0.04999999999999982
4.9828e-10,1.44096615,1.4378051,1.59895954,1.64895954,0.0031610499999998876,-0.04999999999999982
4.9928e-10,1.44096615,1.4378051,1.59895954,1.64895954,0.0031610499999998876,-0.04999999999999982
5.0028e-10,1.44096615,1.4378051,1.59895954,1.64895954,0.0031610499999998876,-0.04999999999999982
5.0128e-10,1.44096615,1.4378051,1.59895954,1.64895954,0.0031610499999998876,-0.04999999999999982
5.0228e-10,1.44096615,1.4378051,1.59895954,1.64895954,0.0031610499999998876,-0.04999999999999982
5.0328e-10,1.44096615,1.4378051,1.59895954,1.64895954,0.0031610499999998876,-0.04999999999999982
5.0428e-10,1.44096615,1.4378051,1.59895954,1.64895954,0.0031610499999998876,-0.04999999999999982
5.0528e-10,1.44096615,1.4378051,1.59895954,1.64895954,0.0031610499999998876,-0.04999999999999982
5.0628e-10,1.44096615,1.4378051,1.59895954,1.64895954,0.0031610499999998876,-0.04999999999999982
5.0728e-10,1.44096615,1.4378051,1.59895954,1.64895954,0.0031610499999998876,-0.04999999999999982
5.0828e-10,1.44096615,1.4378051,1.59895954,1.64895954,0.0031610499999998876,-0.04999999999999982
5.0928e-10,1.44096615,1.4378051,1.59895954,1.64895954,0.0031610499999998876,-0.04999999999999982
5.1028e-10,1.44096615,1.4378051,1.59895954,1.64895954,0.0031610499999998876,-0.04999999999999982
5.1128e-10,1.44096615,1.4378051,1.59895954,1.64895954,0.0031610499999998876,-0.04999999999999982
5.1228e-10,1.44096615,1.4378051,1.59895954,1.64895954,0.0031610499999998876,-0.04999999999999982
5.1328e-10,1.44096615,1.4378051,1.59895954,1.64895954,0.0031610499999998876,-0.04999999999999982
5.1428e-10,1.44096615,1.4378051,1.59895954,1.64895954,0.0031610499999998876,-0.04999999999999982
5.1528e-10,1.44096615,1.4378051,1.59895954,1.64895954,0.0031610499999998876,-0.04999999999999982
5.1628e-10,1.44096615,1.4378051,1.59895954,1.64895954,0.0031610499999998876,-0.04999999999999982
5.1728e-10,1.44096615,1.4378051,1.59895954,1.64895954,0.0031610499999998876,-0.04999999999999982
5.1828e-10,1.44096615,1.4378051,1.59895954,1.64895954,0.0031610499999998876,-0.04999999999999982
5.1928e-10,1.44096615,1.4378051,1.59895954,1.64895954,0.0031610499999998876,-0.04999999999999982
5.2028e-10,1.44096615,1.4378051,1.59895954,1.64895954,0.0031610499999998876,-0.04999999999999982
5.2128e-10,1.44096615,1.4378051,1.59895954,1.64895954,0.0031610499999998876,-0.04999999999999982
5.2228e-10,1.44096615,1.4378051,1.59895954,1.64895954,0.0031610499999998876,-0.04999999999999982
5.2328e-10,1.44096615,1.4378051,1.59895954,1.64895954,0.0031610499999998876,-0.04999999999999982
5.2428e-10,1.44096615,1.4378051,1.59895954,1.64895954,0.0031610499999998876,-0.04999999999999982
5.2528e-10,1.44096615,1.4378051,1.59895954,1.64895954,0.0031610499999998876,-0.04999999999999982
5.2628e-10,1.44096615,1.4378051,1.59895954,1.64895954,0.0031610499999998876,-0.04999999999999982
5.2728e-10,1.44096615,1.4378051,1.59895954,1.64895954,0.0031610499999998876,-0.04999999999999982
5.2828e-10,1.44096615,1.4378051,1.59895954,1.64895954,0.0031610499999998876,-0.04999999999999982
5.2928e-10,1.44096615,1.4378051,1.59895954,1.64895954,0.0031610499999998876,-0.04999999999999982
5.3028e-10,1.44096615,1.4378051,1.59895954,1.64895954,0.0031610499999998876,-0.04999999999999982
5.3128e-10,1.44096615,1.4378051,1.59895954,1.64895954,0.0031610499999998876,-0.04999999999999982
5.3228e-10,1.44096615,1.4378051,1.59895954,1.64895954,0.0031610499999998876,-0.04999999999999982
5.3328e-10,1.44096615,1.4378051,1.59895954,1.64895954,0.0031610499999998876,-0.04999999999999982
5.3428e-10,1.44096615,1.4378051,1.59895954,1.64895954,0.0031610499999998876,-0.04999999999999982
5.3528e-10,1.44096615,1.4378051,1.59895954,1.64895954,0.0031610499999998876,-0.04999999999999982
5.3628e-10,1.44096615,1.4378051,1.59895954,1.64895954,0.0031610499999998876,-0.04999999999999982
5.3728e-10,1.44096615,1.4378051,1.59895954,1.64895954,0.0031610499999998876,-0.04999999999999982
5.3828e-10,1.44096615,1.4378051,1.59895954,1.64895954,0.0031610499999998876,-0.04999999999999982
5.3928e-10,1.44096615,1.4378051,1.59895954,1.64895954,0.0031610499999998876,-0.04999999999999982
5.4028e-10,1.44096615,1.4378051,1.59895954,1.64895954,0.0031610499999998876,-0.04999999999999982
5.4128e-10,1.44096615,1.4378051,1.59895954,1.64895954,0.0031610499999998876,-0.04999999999999982
5.4228e-10,1.44096615,1.4378051,1.59895954,1.64895954,0.0031610499999998876,-0.04999999999999982
5.4328e-10,1.44096615,1.4378051,1.59895954,1.64895954,0.0031610499999998876,-0.04999999999999982
5.4428e-10,1.44096615,1.4378051,1.59895954,1.64895954,0.0031610499999998876,-0.04999999999999982
5.4528e-10,1.44096615,1.4378051,1.59895954,1.64895954,0.0031610499999998876,-0.04999999999999982
5.4628e-10,1.44096615,1.4378051,1.59895954,1.64895954,0.0031610499999998876,-0.04999999999999982
5.4728e-10,1.44096615,1.4378051,1.59895954,1.64895954,0.0031610499999998876,-0.04999999999999982
5.4828e-10,1.44096615,1.4378051,1.59895954,1.64895954,0.0031610499999998876,-0.04999999999999982
5.4928e-10,1.44096615,1.4378051,1.59895954,1.64895954,0.0031610499999998876,-0.04999999999999982
5.5028e-10,1.44096615,1.4378051,1.59895954,1.64895954,0.0031610499999998876,-0.04999999999999982
5.5128e-10,1.44096615,1.4378051,1.59895954,1.64895954,0.0031610499999998876,-0.04999999999999982
5.5228e-10,1.44096615,1.4378051,1.59895954,1.64895954,0.0031610499999998876,-0.04999999999999982
5.5328e-10,1.44096615,1.4378051,1.59895954,1.64895954,0.0031610499999998876,-0.04999999999999982
5.5428e-10,1.44096615,1.4378051,1.59895954,1.64895954,0.0031610499999998876,-0.04999999999999982
5.5528e-10,1.44096615,1.4378051,1.59895954,1.64895954,0.0031610499999998876,-0.04999999999999982
5.5628e-10,1.44096615,1.4378051,1.59895954,1.64895954,0.0031610499999998876,-0.04999999999999982
5.5728e-10,1.44096615,1.4378051,1.59895954,1.64895954,0.0031610499999998876,-0.04999999999999982
5.5828e-10,1.44096615,1.4378051,1.59895954,1.64895954,0.0031610499999998876,-0.04999999999999982
5.5928e-10,1.44096615,1.4378051,1.59895954,1.64895954,0.0031610499999998876,-0.04999999999999982
5.6028e-10,1.44096615,1.4378051,1.59895954,1.64895954,0.0031610499999998876,-0.04999999999999982
5.6128e-10,1.44096615,1.4378051,1.59895954,1.64895954,0.0031610499999998876,-0.04999999999999982
5.6228e-10,1.44096615,1.4378051,1.59895954,1.64895954,0.0031610499999998876,-0.04999999999999982
5.6328e-10,1.44096615,1.4378051,1.59895954,1.64895954,0.0031610499999998876,-0.04999999999999982
5.6428e-10,1.44096615,1.4378051,1.59895954,1.64895954,0.0031610499999998876,-0.04999999999999982
5.6528e-10,1.44096615,1.4378051,1.59895954,1.64895954,0.0031610499999998876,-0.04999999999999982
5.6628e-10,1.44096615,1.4378051,1.59895954,1.64895954,0.0031610499999998876,-0.04999999999999982
5.6728e-10,1.44096615,1.4378051,1.59895954,1.64895954,0.0031610499999998876,-0.04999999999999982
5.6828e-10,1.44096615,1.4378051,1.59895954,1.64895954,0.0031610499999998876,-0.04999999999999982
5.6928e-10,1.44096615,1.4378051,1.59895954,1.64895954,0.0031610499999998876,-0.04999999999999982
5.7028e-10,1.44096615,1.4378051,1.59895954,1.64895954,0.0031610499999998876,-0.04999999999999982
5.7128e-10,1.44096615,1.4378051,1.59895954,1.64895954,0.0031610499999998876,-0.04999999999999982
5.714286e-10,1.44096615,1.4378051,1.59895954,1.64895954,0.0031610499999998876,-0.04999999999999982
5.715286e-10,1.44098695,1.43778452,1.60007065,1.64784843,0.0032024300000002004,-0.0477777800000001
5.717286e-10,1.44103815,1.43773484,1.60229287,1.64562621,0.0033033099999999482,-0.04333334
5.721286e-10,1.4411686,1.4376194,1.60673732,1.64118176,0.003549199999999919,-0.03444444000000013
5.729286e-10,1.44142336,1.43746137,1.61562621,1.63229287,0.00396198999999986,-0.016666659999999833
5.739286e-10,1.44164147,1.43745455,1.62673732,1.62118176,0.004186919999999983,0.005555559999999904
5.749286e-10,1.44169334,1.43761667,1.63784843,1.61007065,0.0040766700000001155,0.027777780000000085
5.759286e-10,1.44153683,1.43787406,1.64895954,1.59895954,0.0036627700000000374,0.04999999999999982
5.760286e-10,1.44148676,1.43792371,1.64895954,1.59895954,0.003563050000000123,0.04999999999999982
5.762286e-10,1.44137292,1.43803288,1.64895954,1.59895954,0.0033400400000000996,0.04999999999999982
5.766286e-10,1.44109862,1.43828006,1.64895954,1.59895954,0.0028185599999999145,0.04999999999999982
5.774286e-10,1.44052126,1.43877026,1.64895954,1.59895954,0.001750999999999836,0.04999999999999982
5.784286e-10,1.43987365,1.43929948,1.64895954,1.59895954,0.0005741699999999295,0.04999999999999982
5.794286e-10,1.43935955,1.43971464,1.64895954,1.59895954,-0.00035509000000000235,0.04999999999999982
5.804286e-10,1.43897545,1.4400249,1.64895954,1.59895954,-0.0010494500000000073,0.04999999999999982
5.814286e-10,1.43869266,1.44025433,1.64895954,1.59895954,-0.0015616699999998485,0.04999999999999982
5.824286e-10,1.43848046,1.44042679,1.64895954,1.59895954,-0.0019463299999999961,0.04999999999999982
5.834286e-10,1.43831803,1.44055854,1.64895954,1.59895954,-0.002240510000000029,0.04999999999999982
5.844286e-10,1.43819354,1.44065918,1.64895954,1.59895954,-0.0024656399999998246,0.04999999999999982
5.854286e-10,1.43809884,1.44073556,1.64895954,1.59895954,-0.002636719999999926,0.04999999999999982
5.864286e-10,1.43802734,1.44079315,1.64895954,1.59895954,-0.0027658099999998687,0.04999999999999982
5.874286e-10,1.43797338,1.44083656,1.64895954,1.59895954,-0.002863179999999854,0.04999999999999982
5.884286e-10,1.43793266,1.44086924,1.64895954,1.59895954,-0.0029365800000000775,0.04999999999999982
5.892857e-10,1.43790582,1.44089074,1.64895954,1.59895954,-0.0029849200000000575,0.04999999999999982
5.893857e-10,1.43788257,1.44091368,1.64784843,1.60007065,-0.0030311100000000035,0.0477777800000001
5.895857e-10,1.43782767,1.44096904,1.64562621,1.60229287,-0.003141370000000032,0.04333334
5.899857e-10,1.43770259,1.44110709,1.64118176,1.60673732,-0.0034045000000000325,0.03444444000000013
5.907857e-10,1.43752794,1.44137439,1.63229287,1.61562621,-0.0038464499999999457,0.016666659999999833
5.917857e-10,1.43750438,1.4416036,1.62118176,1.62673732,-0.00409922000000007,-0.005555559999999904
5.927857e-10,1.43765328,1.44166202,1.61007065,1.63784843,-0.004008740000000177,-0.027777780000000085
5.937857e-10,1.43790025,1.44150791,1.59895954,1.64895954,-0.0036076599999999015,-0.04999999999999982
5.938857e-10,1.43794901,1.44145784,1.59895954,1.64895954,-0.0035088299999999073,-0.04999999999999982
5.940857e-10,1.43805644,1.44134394,1.59895954,1.64895954,-0.0032875000000001098,-0.04999999999999982
5.944857e-10,1.43830039,1.44106922,1.59895954,1.64895954,-0.0027688299999999444,-0.04999999999999982
5.952857e-10,1.43878506,1.44049044,1.59895954,1.64895954,-0.0017053799999999786,-0.04999999999999982
5.962857e-10,1.43930892,1.43984088,1.59895954,1.64895954,-0.000531959999999998,-0.04999999999999982
5.972857e-10,1.43972011,1.43932513,1.59895954,1.64895954,0.00039498000000004474,-0.04999999999999982
5.982857e-10,1.44002747,1.4389398,1.59895954,1.64895954,0.001087669999999985,-0.04999999999999982
5.992857e-10,1.44025479,1.43865608,1.59895954,1.64895954,0.0015987100000001142,-0.04999999999999982
6.002857e-10,1.44042572,1.43844317,1.59895954,1.64895954,0.0019825499999999163,-0.04999999999999982
6.012857e-10,1.44055637,1.43828019,1.59895954,1.64895954,0.002276179999999961,-0.04999999999999982
6.022857e-10,1.44065624,1.43815529,1.59895954,1.64895954,0.0025009499999999463,-0.04999999999999982
6.032857e-10,1.44073209,1.43806028,1.59895954,1.64895954,0.002671810000000052,-0.04999999999999982
6.042857e-10,1.44078932,1.43798856,1.59895954,1.64895954,0.0028007599999999577,-0.04999999999999982
6.052857e-10,1.44083249,1.43793445,1.59895954,1.64895954,0.002898040000000046,-0.04999999999999982
6.062857e-10,1.44086503,1.43789365,1.59895954,1.64895954,0.00297138000000019,-0.04999999999999982
6.072857e-10,1.4408896,1.43786284,1.59895954,1.64895954,0.003026760000000017,-0.04999999999999982
6.082857e-10,1.44090807,1.43783967,1.59895954,1.64895954,0.003068400000000082,-0.04999999999999982
6.092857e-10,1.44092196,1.43782227,1.59895954,1.64895954,0.0030996899999999883,-0.04999999999999982
6.102857e-10,1.44093234,1.43780928,1.59895954,1.64895954,0.0031230600000000663,-0.04999999999999982
6.112857e-10,1.44094011,1.43779957,1.59895954,1.64895954,0.0031405400000001915,-0.04999999999999982
6.122857e-10,1.44094589,1.43779239,1.59895954,1.64895954,0.0031535000000000313,-0.04999999999999982
6.132857e-10,1.44095019,1.43778706,1.59895954,1.64895954,0.003163129999999903,-0.04999999999999982
6.142857e-10,1.44095337,1.43778317,1.59895954,1.64895954,0.00317019999999979,-0.04999999999999982
6.152857e-10,1.44095572,1.43778032,1.59895954,1.64895954,0.0031754000000001614,-0.04999999999999982
6.162857e-10,1.44095744,1.43777828,1.59895954,1.64895954,0.0031791599999999587,-0.04999999999999982
6.172857e-10,1.4409587,1.43777682,1.59895954,1.64895954,0.0031818799999998593,-0.04999999999999982
6.182857e-10,1.4409596,1.43777582,1.59895954,1.64895954,0.0031837800000000804,-0.04999999999999982
6.192857e-10,1.44096027,1.43777513,1.59895954,1.64895954,0.0031851400000000307,-0.04999999999999982
6.202857e-10,1.44096073,1.43777469,1.59895954,1.64895954,0.003186040000000112,-0.04999999999999982
6.212857e-10,1.44096107,1.43777441,1.59895954,1.64895954,0.003186659999999897,-0.04999999999999982
6.222857e-10,1.44096129,1.43777428,1.59895954,1.64895954,0.00318700999999999,-0.04999999999999982
6.232857e-10,1.44096146,1.43777423,1.59895954,1.64895954,0.0031872299999999854,-0.04999999999999982
6.242857e-10,1.44096156,1.43777426,1.59895954,1.64895954,0.003187300000000004,-0.04999999999999982
6.252857e-10,1.44096164,1.43777432,1.59895954,1.64895954,0.0031873200000001045,-0.04999999999999982
6.262857e-10,1.44096168,1.43777443,1.59895954,1.64895954,0.003187250000000086,-0.04999999999999982
6.272857e-10,1.44096171,1.43777455,1.59895954,1.64895954,0.0031871599999999667,-0.04999999999999982
6.282857e-10,1.44096173,1.43777469,1.59895954,1.64895954,0.00318704000000003,-0.04999999999999982
6.292857e-10,1.44096174,1.43777484,1.59895954,1.64895954,0.0031868999999999925,-0.04999999999999982
6.302857e-10,1.44096174,1.437775,1.59895954,1.64895954,0.0031867400000000767,-0.04999999999999982
6.312857e-10,1.44096175,1.43777516,1.59895954,1.64895954,0.0031865900000001,-0.04999999999999982
6.322857e-10,1.44096175,1.43777532,1.59895954,1.64895954,0.0031864299999999623,-0.04999999999999982
6.332857e-10,1.44096175,1.43777548,1.59895954,1.64895954,0.0031862700000000466,-0.04999999999999982
6.342857e-10,1.44096175,1.43777564,1.59895954,1.64895954,0.0031861100000001308,-0.04999999999999982
6.352857e-10,1.44096176,1.4377758,1.59895954,1.64895954,0.003185959999999932,-0.04999999999999982
6.362857e-10,1.44096176,1.43777596,1.59895954,1.64895954,0.0031858000000000164,-0.04999999999999982
6.372857e-10,1.44096176,1.43777612,1.59895954,1.64895954,0.0031856399999998786,-0.04999999999999982
6.382857e-10,1.44096177,1.43777627,1.59895954,1.64895954,0.0031854999999998412,-0.04999999999999982
6.392857e-10,1.44096178,1.43777642,1.59895954,1.64895954,0.003185360000000026,-0.04999999999999982
6.402857e-10,1.44096178,1.43777658,1.59895954,1.64895954,0.00318520000000011,-0.04999999999999982
6.412857e-10,1.44096179,1.43777672,1.59895954,1.64895954,0.003185070000000012,-0.04999999999999982
6.422857e-10,1.4409618,1.43777687,1.59895954,1.64895954,0.0031849299999999747,-0.04999999999999982
6.432857e-10,1.44096181,1.43777702,1.59895954,1.64895954,0.0031847899999999374,-0.04999999999999982
6.442857e-10,1.44096182,1.43777717,1.59895954,1.64895954,0.003184650000000122,-0.04999999999999982
6.452857e-10,1.44096183,1.43777731,1.59895954,1.64895954,0.003184520000000024,-0.04999999999999982
6.462857e-10,1.44096184,1.43777745,1.59895954,1.64895954,0.003184389999999926,-0.04999999999999982
6.472857e-10,1.44096185,1.43777759,1.59895954,1.64895954,0.00318426000000005,-0.04999999999999982
6.482857e-10,1.44096186,1.43777774,1.59895954,1.64895954,0.0031841200000000125,-0.04999999999999982
6.492857e-10,1.44096188,1.43777787,1.59895954,1.64895954,0.003184010000000015,-0.04999999999999982
6.502857e-10,1.44096189,1.43777802,1.59895954,1.64895954,0.0031838699999999776,-0.04999999999999982
6.512857e-10,1.4409619,1.43777815,1.59895954,1.64895954,0.0031837500000000407,-0.04999999999999982
6.522857e-10,1.44096191,1.43777829,1.59895954,1.64895954,0.0031836199999999426,-0.04999999999999982
6.532857e-10,1.44096193,1.43777843,1.59895954,1.64895954,0.0031835000000000058,-0.04999999999999982
6.542857e-10,1.44096194,1.43777856,1.59895954,1.64895954,0.003183380000000069,-0.04999999999999982
6.552857e-10,1.44096196,1.4377787,1.59895954,1.64895954,0.003183260000000132,-0.04999999999999982
6.562857e-10,1.44096197,1.43777883,1.59895954,1.64895954,0.003183139999999973,-0.04999999999999982
6.572857e-10,1.44096198,1.43777896,1.59895954,1.64895954,0.0031830200000000364,-0.04999999999999982
6.582857e-10,1.44096199,1.4377791,1.59895954,1.64895954,0.0031828899999999383,-0.04999999999999982
6.592857e-10,1.44096201,1.43777923,1.59895954,1.64895954,0.0031827799999999407,-0.04999999999999982
6.602857e-10,1.44096202,1.43777936,1.59895954,1.64895954,0.003182660000000004,-0.04999999999999982
6.612857e-10,1.44096204,1.43777949,1.59895954,1.64895954,0.003182550000000006,-0.04999999999999982
6.622857e-10,1.44096205,1.43777962,1.59895954,1.64895954,0.0031824300000000694,-0.04999999999999982
6.632857e-10,1.44096206,1.43777975,1.59895954,1.64895954,0.0031823099999999105,-0.04999999999999982
6.642857e-10,1.44096208,1.43777988,1.59895954,1.64895954,0.003182200000000135,-0.04999999999999982
6.652857e-10,1.44096209,1.43778001,1.59895954,1.64895954,0.003182079999999976,-0.04999999999999982
6.662857e-10,1.4409621,1.43778014,1.59895954,1.64895954,0.003181959999999817,-0.04999999999999982
6.672857e-10,1.44096212,1.43778026,1.59895954,1.64895954,0.003181859999999981,-0.04999999999999982
6.682857e-10,1.44096213,1.43778039,1.59895954,1.64895954,0.003181740000000044,-0.04999999999999982
6.692857e-10,1.44096215,1.43778052,1.59895954,1.64895954,0.0031816300000000464,-0.04999999999999982
6.702857e-10,1.44096216,1.43778064,1.59895954,1.64895954,0.0031815200000000488,-0.04999999999999982
6.712857e-10,1.44096217,1.43778076,1.59895954,1.64895954,0.003181409999999829,-0.04999999999999982
6.722857e-10,1.44096219,1.43778089,1.59895954,1.64895954,0.0031813000000000535,-0.04999999999999982
6.732857e-10,1.4409622,1.43778101,1.59895954,1.64895954,0.003181190000000056,-0.04999999999999982
6.742857e-10,1.44096221,1.43778114,1.59895954,1.64895954,0.003181069999999897,-0.04999999999999982
6.752857e-10,1.44096223,1.43778126,1.59895954,1.64895954,0.0031809700000000607,-0.04999999999999982
6.762857e-10,1.44096224,1.43778138,1.59895954,1.64895954,0.003180859999999841,-0.04999999999999982
6.772857e-10,1.44096226,1.4377815,1.59895954,1.64895954,0.0031807600000000047,-0.04999999999999982
6.782857e-10,1.44096227,1.43778162,1.59895954,1.64895954,0.003180650000000007,-0.04999999999999982
6.792857e-10,1.44096228,1.43778174,1.59895954,1.64895954,0.0031805400000000095,-0.04999999999999982
6.802857e-10,1.4409623,1.43778186,1.59895954,1.64895954,0.003180439999999951,-0.04999999999999982
6.812857e-10,1.44096231,1.43778198,1.59895954,1.64895954,0.0031803299999999535,-0.04999999999999982
6.822857e-10,1.44096233,1.43778209,1.59895954,1.64895954,0.0031802400000000564,-0.04999999999999982
6.832857e-10,1.44096234,1.43778221,1.59895954,1.64895954,0.0031801300000000587,-0.04999999999999982
6.842857e-10,1.44096235,1.43778233,1.59895954,1.64895954,0.003180019999999839,-0.04999999999999982
6.852857e-10,1.44096237,1.43778244,1.59895954,1.64895954,0.003179929999999942,-0.04999999999999982
6.862857e-10,1.44096238,1.43778256,1.59895954,1.64895954,0.0031798199999999444,-0.04999999999999982
6.872857e-10,1.4409624,1.43778267,1.59895954,1.64895954,0.0031797300000000472,-0.04999999999999982
6.882857e-10,1.44096241,1.43778279,1.59895954,1.64895954,0.0031796200000000496,-0.04999999999999982
6.892857e-10,1.44096242,1.4377829,1.59895954,1.64895954,0.0031795199999999912,-0.04999999999999982
6.902857e-10,1.44096244,1.43778301,1.59895954,1.64895954,0.003179430000000094,-0.04999999999999982
6.912857e-10,1.44096245,1.43778313,1.59895954,1.64895954,0.0031793200000000965,-0.04999999999999982
6.922857e-10,1.44096247,1.43778324,1.59895954,1.64895954,0.0031792300000001994,-0.04999999999999982
6.932857e-10,1.44096248,1.43778335,1.59895954,1.64895954,0.003179130000000141,-0.04999999999999982
6.942857e-10,1.44096249,1.43778346,1.59895954,1.64895954,0.0031790300000000826,-0.04999999999999982
6.952857e-10,1.44096251,1.43778357,1.59895954,1.64895954,0.0031789400000001855,-0.04999999999999982
6.962857e-10,1.44096252,1.43778368,1.59895954,1.64895954,0.003178840000000127,-0.04999999999999982
6.972857e-10,1.44096253,1.43778379,1.59895954,1.64895954,0.0031787400000000687,-0.04999999999999982
6.982857e-10,1.44096255,1.4377839,1.59895954,1.64895954,0.0031786500000001716,-0.04999999999999982
6.992857e-10,1.44096256,1.437784,1.59895954,1.64895954,0.0031785600000000525,-0.04999999999999982
7.002857e-10,1.44096258,1.43778411,1.59895954,1.64895954,0.0031784700000001553,-0.04999999999999982
7.012857e-10,1.44096259,1.43778422,1.59895954,1.64895954,0.003178370000000097,-0.04999999999999982
7.022857e-10,1.4409626,1.43778432,1.59895954,1.64895954,0.003178279999999978,-0.04999999999999982
7.032857e-10,1.44096262,1.43778443,1.59895954,1.64895954,0.0031781900000000807,-0.04999999999999982
7.042857e-10,1.44096263,1.43778454,1.59895954,1.64895954,0.0031780900000000223,-0.04999999999999982
7.052857e-10,1.44096265,1.43778464,1.59895954,1.64895954,0.0031780099999998423,-0.04999999999999982
7.062857e-10,1.44096266,1.43778474,1.59895954,1.64895954,0.0031779200000001673,-0.04999999999999982
7.072857e-10,1.44096267,1.43778485,1.59895954,1.64895954,0.003177820000000109,-0.04999999999999982
7.082857e-10,1.44096269,1.43778495,1.59895954,1.64895954,0.003177740000000151,-0.04999999999999982
7.092857e-10,1.4409627,1.43778505,1.59895954,1.64895954,0.003177650000000032,-0.04999999999999982
7.102857e-10,1.44096271,1.43778515,1.59895954,1.64895954,0.0031775599999999127,-0.04999999999999982
7.112857e-10,1.44096273,1.43778526,1.59895954,1.64895954,0.0031774700000000156,-0.04999999999999982
7.122857e-10,1.44096274,1.43778536,1.59895954,1.64895954,0.0031773800000001184,-0.04999999999999982
7.132857e-10,1.44096276,1.43778546,1.59895954,1.64895954,0.0031772999999999385,-0.04999999999999982
7.142857e-10,1.44096277,1.43778556,1.59895954,1.64895954,0.0031772100000000414,-0.04999999999999982
7.152857e-10,1.44096278,1.43778566,1.59895954,1.64895954,0.0031771199999999222,-0.04999999999999982
7.162857e-10,1.4409628,1.43778576,1.59895954,1.64895954,0.0031770400000001864,-0.04999999999999982
7.172857e-10,1.44096281,1.43778585,1.59895954,1.64895954,0.0031769600000000064,-0.04999999999999982
7.182857e-10,1.44096282,1.43778595,1.59895954,1.64895954,0.0031768699999998873,-0.04999999999999982
7.192857e-10,1.44096284,1.43778605,1.59895954,1.64895954,0.0031767900000001514,-0.04999999999999982
7.202857e-10,1.44096285,1.43778615,1.59895954,1.64895954,0.0031767000000000323,-0.04999999999999982
7.212857e-10,1.44096286,1.43778624,1.59895954,1.64895954,0.0031766199999998523,-0.04999999999999982
7.222857e-10,1.44096288,1.43778634,1.59895954,1.64895954,0.0031765400000001165,-0.04999999999999982
7.232857e-10,1.44096289,1.43778643,1.59895954,1.64895954,0.0031764599999999366,-0.04999999999999982
7.242857e-10,1.4409629,1.43778653,1.59895954,1.64895954,0.0031763700000000394,-0.04999999999999982
7.252857e-10,1.44096292,1.43778662,1.59895954,1.64895954,0.0031763000000000208,-0.04999999999999982
7.262857e-10,1.44096293,1.43778672,1.59895954,1.64895954,0.0031762099999999016,-0.04999999999999982
7.272857e-10,1.44096294,1.43778681,1.59895954,1.64895954,0.0031761299999999437,-0.04999999999999982
7.282857e-10,1.44096296,1.4377869,1.59895954,1.64895954,0.003176059999999925,-0.04999999999999982
7.292857e-10,1.44096297,1.437787,1.59895954,1.64895954,0.003175970000000028,-0.04999999999999982
7.302857e-10,1.44096298,1.43778709,1.59895954,1.64895954,0.003175889999999848,-0.04999999999999982
7.312857e-10,1.440963,1.43778718,1.59895954,1.64895954,0.0031758200000000514,-0.04999999999999982
7.322857e-10,1.44096301,1.43778727,1.59895954,1.64895954,0.0031757399999998714,-0.04999999999999982
7.332857e-10,1.44096302,1.43778736,1.59895954,1.64895954,0.0031756600000001356,-0.04999999999999982
7.342857e-10,1.44096304,1.43778745,1.59895954,1.64895954,0.003175589999999895,-0.04999999999999982
7.352857e-10,1.44096305,1.43778754,1.59895954,1.64895954,0.003175509999999937,-0.04999999999999982
7.362857e-10,1.44096306,1.43778763,1.59895954,1.64895954,0.003175429999999979,-0.04999999999999982
7.372857e-10,1.44096308,1.43778772,1.59895954,1.64895954,0.0031753599999999604,-0.04999999999999982
7.382857e-10,1.44096309,1.43778781,1.59895954,1.64895954,0.0031752799999997805,-0.04999999999999982
7.392857e-10,1.4409631,1.43778789,1.59895954,1.64895954,0.003175209999999984,-0.04999999999999982
7.402857e-10,1.44096312,1.43778798,1.59895954,1.64895954,0.003175139999999965,-0.04999999999999982
7.412857e-10,1.44096313,1.43778807,1.59895954,1.64895954,0.0031750600000000073,-0.04999999999999982
7.422857e-10,1.44096314,1.43778816,1.59895954,1.64895954,0.0031749800000000494,-0.04999999999999982
7.432857e-10,1.44096315,1.43778824,1.59895954,1.64895954,0.0031749100000000308,-0.04999999999999982
7.442857e-10,1.44096317,1.43778833,1.59895954,1.64895954,0.003174840000000012,-0.04999999999999982
7.452857e-10,1.44096318,1.43778841,1.59895954,1.64895954,0.0031747699999999934,-0.04999999999999982
7.462857e-10,1.44096319,1.4377885,1.59895954,1.64895954,0.0031746900000000355,-0.04999999999999982
7.472857e-10,1.44096321,1.43778858,1.59895954,1.64895954,0.003174629999999956,-0.04999999999999982
7.482857e-10,1.44096322,1.43778867,1.59895954,1.64895954,0.003174549999999998,-0.04999999999999982
7.492857e-10,1.44096323,1.43778875,1.59895954,1.64895954,0.0031744799999999795,-0.04999999999999982
7.502857e-10,1.44096324,1.43778883,1.59895954,1.64895954,0.003174410000000183,-0.04999999999999982
7.512857e-10,1.44096326,1.43778891,1.59895954,1.64895954,0.0031743499999998814,-0.04999999999999982
7.522857e-10,1.44096327,1.437789,1.59895954,1.64895954,0.0031742699999999235,-0.04999999999999982
7.532857e-10,1.44096328,1.43778908,1.59895954,1.64895954,0.003174200000000127,-0.04999999999999982
7.542857e-10,1.44096329,1.43778916,1.59895954,1.64895954,0.0031741300000001083,-0.04999999999999982
7.552857e-10,1.44096331,1.43778924,1.59895954,1.64895954,0.003174070000000029,-0.04999999999999982
7.562857e-10,1.44096332,1.43778932,1.59895954,1.64895954,0.00317400000000001,-0.04999999999999982
7.572857e-10,1.44096333,1.4377894,1.59895954,1.64895954,0.0031739299999999915,-0.04999999999999982
7.582857e-10,1.44096334,1.43778948,1.59895954,1.64895954,0.003173859999999973,-0.04999999999999982
7.592857e-10,1.44096336,1.43778956,1.59895954,1.64895954,0.0031738000000001154,-0.04999999999999982
7.602857e-10,1.44096337,1.43778964,1.59895954,1.64895954,0.0031737299999998747,-0.04999999999999982
7.612857e-10,1.44096338,1.43778972,1.59895954,1.64895954,0.003173659999999856,-0.04999999999999982
7.622857e-10,1.44096339,1.4377898,1.59895954,1.64895954,0.0031735900000000594,-0.04999999999999982
7.632857e-10,1.4409634,1.43778987,1.59895954,1.64895954,0.00317352999999998,-0.04999999999999982
7.642857e-10,1.44096342,1.43778995,1.59895954,1.64895954,0.0031734700000001226,-0.04999999999999982
7.652857e-10,1.44096343,1.43779003,1.59895954,1.64895954,0.003173400000000104,-0.04999999999999982
7.662857e-10,1.44096344,1.4377901,1.59895954,1.64895954,0.0031733400000000245,-0.04999999999999982
7.672857e-10,1.44096345,1.43779018,1.59895954,1.64895954,0.003173270000000006,-0.04999999999999982
7.682857e-10,1.44096346,1.43779026,1.59895954,1.64895954,0.003173199999999987,-0.04999999999999982
7.692857e-10,1.44096348,1.43779033,1.59895954,1.64895954,0.003173150000000069,-0.04999999999999982
7.702857e-10,1.44096349,1.43779041,1.59895954,1.64895954,0.0031730799999998283,-0.04999999999999982
7.712857e-10,1.4409635,1.43779048,1.59895954,1.64895954,0.003173019999999971,-0.04999999999999982
7.722857e-10,1.44096351,1.43779056,1.59895954,1.64895954,0.003172949999999952,-0.04999999999999982
7.732857e-10,1.44096352,1.43779063,1.59895954,1.64895954,0.0031728899999998728,-0.04999999999999982
7.742857e-10,1.44096354,1.4377907,1.59895954,1.64895954,0.0031728399999999546,-0.04999999999999982
7.752857e-10,1.44096355,1.43779078,1.59895954,1.64895954,0.003172769999999936,-0.04999999999999982
7.762857e-10,1.44096356,1.43779085,1.59895954,1.64895954,0.0031727099999998565,-0.04999999999999982
7.772857e-10,1.44096357,1.43779092,1.59895954,1.64895954,0.003172649999999999,-0.04999999999999982
7.782857e-10,1.44096358,1.43779099,1.59895954,1.64895954,0.0031725899999999196,-0.04999999999999982
7.792857e-10,1.44096359,1.43779106,1.59895954,1.64895954,0.0031725300000000622,-0.04999999999999982
7.802857e-10,1.44096361,1.43779114,1.59895954,1.64895954,0.003172469999999983,-0.04999999999999982
7.812857e-10,1.44096362,1.43779121,1.59895954,1.64895954,0.0031724099999999034,-0.04999999999999982
7.822857e-10,1.44096363,1.43779128,1.59895954,1.64895954,0.003172350000000046,-0.04999999999999982
7.832857e-10,1.44096364,1.43779135,1.59895954,1.64895954,0.0031722900000001886,-0.04999999999999982
7.842857e-10,1.44096365,1.43779142,1.59895954,1.64895954,0.003172230000000109,-0.04999999999999982
7.852857e-10,1.44096366,1.43779149,1.59895954,1.64895954,0.0031721700000000297,-0.04999999999999982
7.862857e-10,1.44096367,1.43779156,1.59895954,1.64895954,0.0031721099999999502,-0.04999999999999982
7.872857e-10,1.44096369,1.43779162,1.59895954,1.64895954,0.0031720699999999713,-0.04999999999999982
7.882857e-10,1.4409637,1.43779169,1.59895954,1.64895954,0.003172009999999892,-0.04999999999999982
7.892857e-10,1.44096371,1.43779176,1.59895954,1.64895954,0.0031719499999998124,-0.04999999999999982
7.902857e-10,1.44096372,1.43779183,1.59895954,1.64895954,0.003171889999999955,-0.04999999999999982
7.912857e-10,1.44096373,1.4377919,1.59895954,1.64895954,0.0031718300000000976,-0.04999999999999982
7.922857e-10,1.44096374,1.43779196,1.59895954,1.64895954,0.0031717799999999574,-0.04999999999999982
7.932857e-10,1.44096375,1.43779203,1.59895954,1.64895954,0.0031717200000001,-0.04999999999999982
7.942857e-10,1.44096376,1.4377921,1.59895954,1.64895954,0.0031716600000000206,-0.04999999999999982
7.952857e-10,1.44096377,1.43779216,1.59895954,1.64895954,0.0031716099999998804,-0.04999999999999982
7.962857e-10,1.44096378,1.43779223,1.59895954,1.64895954,0.003171550000000023,-0.04999999999999982
7.972857e-10,1.4409638,1.43779229,1.59895954,1.64895954,0.003171510000000044,-0.04999999999999982
7.982857e-10,1.44096381,1.43779236,1.59895954,1.64895954,0.0031714499999999646,-0.04999999999999982
7.992857e-10,1.44096382,1.43779242,1.59895954,1.64895954,0.0031713999999998244,-0.04999999999999982
8.002857e-10,1.44096383,1.43779249,1.59895954,1.64895954,0.003171339999999967,-0.04999999999999982
8.012857e-10,1.44096384,1.43779255,1.59895954,1.64895954,0.003171290000000049,-0.04999999999999982
8.022857e-10,1.44096385,1.43779261,1.59895954,1.64895954,0.0031712399999999086,-0.04999999999999982
8.032857e-10,1.44096386,1.43779268,1.59895954,1.64895954,0.003171180000000051,-0.04999999999999982
8.042857e-10,1.44096387,1.43779274,1.59895954,1.64895954,0.003171130000000133,-0.04999999999999982
8.052857e-10,1.44096388,1.4377928,1.59895954,1.64895954,0.003171079999999993,-0.04999999999999982
8.062857e-10,1.44096389,1.43779286,1.59895954,1.64895954,0.0031710299999998526,-0.04999999999999982
8.072857e-10,1.4409639,1.43779293,1.59895954,1.64895954,0.003170969999999995,-0.04999999999999982
8.082857e-10,1.44096391,1.43779299,1.59895954,1.64895954,0.003170920000000077,-0.04999999999999982
8.092857e-10,1.44096392,1.43779305,1.59895954,1.64895954,0.003170869999999937,-0.04999999999999982
8.102857e-10,1.44096393,1.43779311,1.59895954,1.64895954,0.0031708199999997966,-0.04999999999999982
8.112857e-10,1.44096394,1.43779317,1.59895954,1.64895954,0.0031707700000001005,-0.04999999999999982
8.122857e-10,1.44096395,1.43779323,1.59895954,1.64895954,0.0031707199999999602,-0.04999999999999982
8.132857e-10,1.44096396,1.43779329,1.59895954,1.64895954,0.003170670000000042,-0.04999999999999982
8.142857e-10,1.44096397,1.43779335,1.59895954,1.64895954,0.003170620000000124,-0.04999999999999982
8.152857e-10,1.44096398,1.43779341,1.59895954,1.64895954,0.0031705699999999837,-0.04999999999999982
8.162857e-10,1.44096399,1.43779347,1.59895954,1.64895954,0.0031705200000000655,-0.04999999999999982
8.172857e-10,1.440964,1.43779353,1.59895954,1.64895954,0.0031704699999999253,-0.04999999999999982
8.182857e-10,1.44096401,1.43779359,1.59895954,1.64895954,0.003170420000000007,-0.04999999999999982
8.192857e-10,1.44096402,1.43779365,1.59895954,1.64895954,0.003170370000000089,-0.04999999999999982
8.202857e-10,1.44096403,1.4377937,1.59895954,1.64895954,0.003170329999999888,-0.04999999999999982
8.212857e-10,1.44096404,1.43779376,1.59895954,1.64895954,0.00317027999999997,-0.04999999999999982
8.222857e-10,1.44096405,1.43779382,1.59895954,1.64895954,0.0031702300000000516,-0.04999999999999982
8.232857e-10,1.44096406,1.43779388,1.59895954,1.64895954,0.0031701799999999114,-0.04999999999999982
8.242857e-10,1.44096407,1.43779393,1.59895954,1.64895954,0.0031701399999999325,-0.04999999999999982
8.252857e-10,1.44096408,1.43779399,1.59895954,1.64895954,0.0031700900000000143,-0.04999999999999982
8.262857e-10,1.44096409,1.43779405,1.59895954,1.64895954,0.003170040000000096,-0.04999999999999982
8.272857e-10,1.4409641,1.4377941,1.59895954,1.64895954,0.003169999999999895,-0.04999999999999982
8.282857e-10,1.44096411,1.43779416,1.59895954,1.64895954,0.003169949999999977,-0.04999999999999982
8.292857e-10,1.44096412,1.43779421,1.59895954,1.64895954,0.003169909999999998,-0.04999999999999982
8.302857e-10,1.44096413,1.43779427,1.59895954,1.64895954,0.00316986000000008,-0.04999999999999982
8.312857e-10,1.44096414,1.43779432,1.59895954,1.64895954,0.003169819999999879,-0.04999999999999982
8.322857e-10,1.44096415,1.43779438,1.59895954,1.64895954,0.0031697700000001827,-0.04999999999999982
8.332857e-10,1.44096416,1.43779443,1.59895954,1.64895954,0.0031697299999999817,-0.04999999999999982
8.342857e-10,1.44096417,1.43779449,1.59895954,1.64895954,0.0031696800000000636,-0.04999999999999982
8.352857e-10,1.44096418,1.43779454,1.59895954,1.64895954,0.0031696399999998626,-0.04999999999999982
8.362857e-10,1.44096419,1.43779459,1.59895954,1.64895954,0.0031696000000001057,-0.04999999999999982
8.372857e-10,1.4409642,1.43779465,1.59895954,1.64895954,0.0031695499999999655,-0.04999999999999982
8.382857e-10,1.4409642,1.4377947,1.59895954,1.64895954,0.0031695000000000473,-0.04999999999999982
8.392857e-10,1.44096421,1.43779475,1.59895954,1.64895954,0.0031694600000000683,-0.04999999999999982
8.402857e-10,1.44096422,1.43779481,1.59895954,1.64895954,0.003169409999999928,-0.04999999999999982
8.412857e-10,1.44096423,1.43779486,1.59895954,1.64895954,0.0031693700000001712,-0.04999999999999982
8.422857e-10,1.44096424,1.43779491,1.59895954,1.64895954,0.0031693299999999702,-0.04999999999999982
8.432857e-10,1.44096425,1.43779496,1.59895954,1.64895954,0.0031692899999999913,-0.04999999999999982
8.442857e-10,1.44096426,1.43779501,1.59895954,1.64895954,0.0031692500000000123,-0.04999999999999982
8.452857e-10,1.44096427,1.43779506,1.59895954,1.64895954,0.0031692100000000334,-0.04999999999999982
8.462857e-10,1.44096428,1.43779511,1.59895954,1.64895954,0.0031691700000000544,-0.04999999999999982
8.472857e-10,1.44096429,1.43779516,1.59895954,1.64895954,0.0031691299999998535,-0.04999999999999982
8.482857e-10,1.44096429,1.43779521,1.59895954,1.64895954,0.0031690799999999353,-0.04999999999999982
8.492857e-10,1.4409643,1.43779526,1.59895954,1.64895954,0.0031690400000001784,-0.04999999999999982
8.502857e-10,1.44096431,1.43779531,1.59895954,1.64895954,0.0031689999999999774,-0.04999999999999982
8.512857e-10,1.44096432,1.43779536,1.59895954,1.64895954,0.0031689599999999984,-0.04999999999999982
8.522857e-10,1.44096433,1.43779541,1.59895954,1.64895954,0.0031689199999997975,-0.04999999999999982
8.532857e-10,1.44096434,1.43779546,1.59895954,1.64895954,0.0031688800000000406,-0.04999999999999982
8.542857e-10,1.44096435,1.43779551,1.59895954,1.64895954,0.0031688400000000616,-0.04999999999999982
8.552857e-10,1.44096436,1.43779556,1.59895954,1.64895954,0.0031687999999998606,-0.04999999999999982
8.562857e-10,1.44096436,1.43779561,1.59895954,1.64895954,0.0031687499999999424,-0.04999999999999982
8.572857e-10,1.44096437,1.43779566,1.59895954,1.64895954,0.0031687100000001855,-0.04999999999999982
8.582857e-10,1.44096438,1.4377957,1.59895954,1.64895954,0.003168680000000146,-0.04999999999999982
8.592857e-10,1.44096439,1.43779575,1.59895954,1.64895954,0.003168639999999945,-0.04999999999999982
8.602857e-10,1.4409644,1.4377958,1.59895954,1.64895954,0.003168599999999966,-0.04999999999999982
8.612857e-10,1.44096441,1.43779585,1.59895954,1.64895954,0.003168559999999987,-0.04999999999999982
8.622857e-10,1.44096441,1.43779589,1.59895954,1.64895954,0.003168520000000008,-0.04999999999999982
8.632857e-10,1.44096442,1.43779594,1.59895954,1.64895954,0.003168480000000029,-0.04999999999999982
8.642857e-10,1.44096443,1.43779599,1.59895954,1.64895954,0.00316844000000005,-0.04999999999999982
8.652857e-10,1.44096444,1.43779603,1.59895954,1.64895954,0.0031684100000000104,-0.04999999999999982
8.662857e-10,1.44096445,1.43779608,1.59895954,1.64895954,0.0031683700000000314,-0.04999999999999982
8.672857e-10,1.44096446,1.43779612,1.59895954,1.64895954,0.0031683399999999917,-0.04999999999999982
8.682857e-10,1.44096446,1.43779617,1.59895954,1.64895954,0.0031682900000000735,-0.04999999999999982
8.692857e-10,1.44096447,1.43779621,1.59895954,1.64895954,0.003168260000000034,-0.04999999999999982
8.702857e-10,1.44096448,1.43779626,1.59895954,1.64895954,0.003168220000000055,-0.04999999999999982
8.712857e-10,1.44096449,1.4377963,1.59895954,1.64895954,0.003168190000000015,-0.04999999999999982
8.722857e-10,1.4409645,1.43779635,1.59895954,1.64895954,0.003168150000000036,-0.04999999999999982
8.732857e-10,1.4409645,1.43779639,1.59895954,1.64895954,0.0031681100000000573,-0.04999999999999982
8.742857e-10,1.44096451,1.43779644,1.59895954,1.64895954,0.0031680699999998563,-0.04999999999999982
8.752857e-10,1.44096452,1.43779648,1.59895954,1.64895954,0.0031680400000000386,-0.04999999999999982
8.762857e-10,1.44096453,1.43779652,1.59895954,1.64895954,0.003168009999999999,-0.04999999999999982
8.772857e-10,1.44096453,1.43779657,1.59895954,1.64895954,0.0031679600000000807,-0.04999999999999982
8.782857e-10,1.44096454,1.43779661,1.59895954,1.64895954,0.003167930000000041,-0.04999999999999982
8.792857e-10,1.44096455,1.43779665,1.59895954,1.64895954,0.0031679000000000013,-0.04999999999999982
8.802857e-10,1.44096456,1.4377967,1.59895954,1.64895954,0.0031678600000000223,-0.04999999999999982
8.812857e-10,1.44096457,1.43779674,1.59895954,1.64895954,0.0031678299999999826,-0.04999999999999982
8.822857e-10,1.44096457,1.43779678,1.59895954,1.64895954,0.0031677900000000037,-0.04999999999999982
8.832857e-10,1.44096458,1.43779682,1.59895954,1.64895954,0.003167759999999964,-0.04999999999999982
8.842857e-10,1.44096459,1.43779686,1.59895954,1.64895954,0.0031677300000001463,-0.04999999999999982
8.852857e-10,1.4409646,1.43779691,1.59895954,1.64895954,0.0031676899999999453,-0.04999999999999982
8.862857e-10,1.4409646,1.43779695,1.59895954,1.64895954,0.0031676499999999663,-0.04999999999999982
8.872857e-10,1.44096461,1.43779699,1.59895954,1.64895954,0.0031676199999999266,-0.04999999999999982
8.882857e-10,1.44096462,1.43779703,1.59895954,1.64895954,0.003167589999999887,-0.04999999999999982
8.892857e-10,1.44096463,1.43779707,1.59895954,1.64895954,0.003167560000000069,-0.04999999999999982
8.902857e-10,1.44096463,1.43779711,1.59895954,1.64895954,0.0031675200000000903,-0.04999999999999982
8.912857e-10,1.44096464,1.43779715,1.59895954,1.64895954,0.0031674900000000505,-0.04999999999999982
8.922857e-10,1.44096465,1.43779719,1.59895954,1.64895954,0.003167460000000011,-0.04999999999999982
8.932857e-10,1.44096465,1.43779723,1.59895954,1.64895954,0.003167420000000032,-0.04999999999999982
8.942857e-10,1.44096466,1.43779727,1.59895954,1.64895954,0.003167389999999992,-0.04999999999999982
8.952857e-10,1.44096467,1.43779731,1.59895954,1.64895954,0.0031673599999999524,-0.04999999999999982
8.962857e-10,1.44096468,1.43779735,1.59895954,1.64895954,0.0031673299999999127,-0.04999999999999982
8.972857e-10,1.44096468,1.43779739,1.59895954,1.64895954,0.0031672899999999338,-0.04999999999999982
8.982857e-10,1.44096469,1.43779743,1.59895954,1.64895954,0.003167259999999894,-0.04999999999999982
8.992857e-10,1.4409647,1.43779747,1.59895954,1.64895954,0.0031672300000000764,-0.04999999999999982
9.002857e-10,1.4409647,1.43779751,1.59895954,1.64895954,0.0031671900000000974,-0.04999999999999982
9.012857e-10,1.44096471,1.43779755,1.59895954,1.64895954,0.0031671600000000577,-0.04999999999999982
9.022857e-10,1.44096472,1.43779758,1.59895954,1.64895954,0.003167139999999957,-0.04999999999999982
9.032857e-10,1.44096473,1.43779762,1.59895954,1.64895954,0.0031671099999999175,-0.04999999999999982
9.042857e-10,1.44096473,1.43779766,1.59895954,1.64895954,0.0031670699999999385,-0.04999999999999982
9.052857e-10,1.44096474,1.4377977,1.59895954,1.64895954,0.003167040000000121,-0.04999999999999982
9.062857e-10,1.44096475,1.43779773,1.59895954,1.64895954,0.0031670200000000204,-0.04999999999999982
9.072857e-10,1.44096475,1.43779777,1.59895954,1.64895954,0.0031669800000000414,-0.04999999999999982
9.082857e-10,1.44096476,1.43779781,1.59895954,1.64895954,0.0031669500000000017,-0.04999999999999982
9.092857e-10,1.44096477,1.43779785,1.59895954,1.64895954,0.003166919999999962,-0.04999999999999982
9.102857e-10,1.44096477,1.43779788,1.59895954,1.64895954,0.0031668899999999223,-0.04999999999999982
9.112857e-10,1.44096478,1.43779792,1.59895954,1.64895954,0.0031668600000001046,-0.04999999999999982
9.122857e-10,1.44096479,1.43779795,1.59895954,1.64895954,0.003166840000000004,-0.04999999999999982
9.132857e-10,1.44096479,1.43779799,1.59895954,1.64895954,0.003166800000000025,-0.04999999999999982
9.142857e-10,1.4409648,1.43779803,1.59895954,1.64895954,0.0031667699999999854,-0.04999999999999982
9.152857e-10,1.44096481,1.43779806,1.59895954,1.64895954,0.003166750000000107,-0.04999999999999982
9.162857e-10,1.44096481,1.4377981,1.59895954,1.64895954,0.003166710000000128,-0.04999999999999982
9.172857e-10,1.44096482,1.43779813,1.59895954,1.64895954,0.0031666900000000275,-0.04999999999999982
9.182857e-10,1.44096483,1.43779817,1.59895954,1.64895954,0.003166659999999988,-0.04999999999999982
9.192857e-10,1.44096483,1.4377982,1.59895954,1.64895954,0.003166629999999948,-0.04999999999999982
9.202857e-10,1.44096484,1.43779824,1.59895954,1.64895954,0.0031665999999999084,-0.04999999999999982
9.212857e-10,1.44096484,1.43779827,1.59895954,1.64895954,0.0031665699999998687,-0.04999999999999982
9.222857e-10,1.44096485,1.43779831,1.59895954,1.64895954,0.003166540000000051,-0.04999999999999982
9.232857e-10,1.44096486,1.43779834,1.59895954,1.64895954,0.0031665199999999505,-0.04999999999999982
9.242857e-10,1.44096486,1.43779838,1.59895954,1.64895954,0.0031664799999999715,-0.04999999999999982
9.252857e-10,1.44096487,1.43779841,1.59895954,1.64895954,0.003166459999999871,-0.04999999999999982
9.262857e-10,1.44096488,1.43779844,1.59895954,1.64895954,0.0031664399999999926,-0.04999999999999982
9.272857e-10,1.44096488,1.43779848,1.59895954,1.64895954,0.0031663999999997916,-0.04999999999999982
9.282857e-10,1.44096489,1.43779851,1.59895954,1.64895954,0.003166380000000135,-0.04999999999999982
9.292857e-10,1.44096489,1.43779854,1.59895954,1.64895954,0.0031663500000000955,-0.04999999999999982
9.302857e-10,1.4409649,1.43779858,1.59895954,1.64895954,0.0031663200000000558,-0.04999999999999982
9.312857e-10,1.44096491,1.43779861,1.59895954,1.64895954,0.0031662999999999553,-0.04999999999999982
9.322857e-10,1.44096491,1.43779864,1.59895954,1.64895954,0.0031662699999999155,-0.04999999999999982
9.332857e-10,1.44096492,1.43779868,1.59895954,1.64895954,0.003166240000000098,-0.04999999999999982
9.342857e-10,1.44096492,1.43779871,1.59895954,1.64895954,0.003166210000000058,-0.04999999999999982
9.352857e-10,1.44096493,1.43779874,1.59895954,1.64895954,0.0031661899999999576,-0.04999999999999982
9.362857e-10,1.44096494,1.43779877,1.59895954,1.64895954,0.003166170000000079,-0.04999999999999982
9.372857e-10,1.44096494,1.4377988,1.59895954,1.64895954,0.0031661400000000395,-0.04999999999999982
9.382857e-10,1.44096495,1.43779884,1.59895954,1.64895954,0.0031661099999999998,-0.04999999999999982
9.392857e-10,1.44096495,1.43779887,1.59895954,1.64895954,0.00316607999999996,-0.04999999999999982
9.402857e-10,1.44096496,1.4377989,1.59895954,1.64895954,0.0031660600000000816,-0.04999999999999982
9.412857e-10,1.44096497,1.43779893,1.59895954,1.64895954,0.003166039999999981,-0.04999999999999982
9.422857e-10,1.44096497,1.43779896,1.59895954,1.64895954,0.0031660099999999414,-0.04999999999999982
9.432857e-10,1.44096498,1.43779899,1.59895954,1.64895954,0.003165989999999841,-0.04999999999999982
9.442857e-10,1.44096498,1.43779902,1.59895954,1.64895954,0.003165960000000023,-0.04999999999999982
9.452857e-10,1.44096499,1.43779905,1.59895954,1.64895954,0.0031659399999999227,-0.04999999999999982
9.462857e-10,1.44096499,1.43779909,1.59895954,1.64895954,0.0031658999999999438,-0.04999999999999982
9.472857e-10,1.440965,1.43779912,1.59895954,1.64895954,0.0031658800000000653,-0.04999999999999982
9.482857e-10,1.44096501,1.43779915,1.59895954,1.64895954,0.003165859999999965,-0.04999999999999982
9.492857e-10,1.44096501,1.43779918,1.59895954,1.64895954,0.003165829999999925,-0.04999999999999982
9.502857e-10,1.44096502,1.43779921,1.59895954,1.64895954,0.0031658099999998246,-0.04999999999999982
9.512857e-10,1.44096502,1.43779924,1.59895954,1.64895954,0.003165780000000007,-0.04999999999999982
9.522857e-10,1.44096503,1.43779927,1.59895954,1.64895954,0.0031657600000001285,-0.04999999999999982
9.532857e-10,1.44096503,1.43779929,1.59895954,1.64895954,0.003165740000000028,-0.04999999999999982
9.542857e-10,1.44096504,1.43779932,1.59895954,1.64895954,0.0031657199999999275,-0.04999999999999982
9.552857e-10,1.44096504,1.43779935,1.59895954,1.64895954,0.00316569000000011,-0.04999999999999982
9.562857e-10,1.44096505,1.43779938,1.59895954,1.64895954,0.0031656700000000093,-0.04999999999999982
9.572857e-10,1.44096505,1.43779941,1.59895954,1.64895954,0.0031656399999999696,-0.04999999999999982
9.582857e-10,1.44096506,1.43779944,1.59895954,1.64895954,0.003165619999999869,-0.04999999999999982
9.592857e-10,1.44096507,1.43779947,1.59895954,1.64895954,0.0031655999999999906,-0.04999999999999982
9.602857e-10,1.44096507,1.4377995,1.59895954,1.64895954,0.003165570000000173,-0.04999999999999982
9.612857e-10,1.44096508,1.43779953,1.59895954,1.64895954,0.0031655500000000725,-0.04999999999999982
9.622857e-10,1.44096508,1.43779955,1.59895954,1.64895954,0.003165529999999972,-0.04999999999999982
9.632857e-10,1.44096509,1.43779958,1.59895954,1.64895954,0.0031655099999998715,-0.04999999999999982
9.642857e-10,1.44096509,1.43779961,1.59895954,1.64895954,0.003165480000000054,-0.04999999999999982
9.652857e-10,1.4409651,1.43779964,1.59895954,1.64895954,0.0031654600000001754,-0.04999999999999982
9.662857e-10,1.4409651,1.43779966,1.59895954,1.64895954,0.003165440000000075,-0.04999999999999982
9.672857e-10,1.44096511,1.43779969,1.59895954,1.64895954,0.0031654199999999744,-0.04999999999999982
9.682857e-10,1.44096511,1.43779972,1.59895954,1.64895954,0.0031653900000001567,-0.04999999999999982
9.692857e-10,1.44096512,1.43779975,1.59895954,1.64895954,0.003165370000000056,-0.04999999999999982
9.702857e-10,1.44096512,1.43779977,1.59895954,1.64895954,0.0031653499999999557,-0.04999999999999982
9.712857e-10,1.44096513,1.4377998,1.59895954,1.64895954,0.003165329999999855,-0.04999999999999982
9.722857e-10,1.44096513,1.43779983,1.59895954,1.64895954,0.0031653000000000375,-0.04999999999999982
9.732857e-10,1.44096514,1.43779985,1.59895954,1.64895954,0.0031652900000000983,-0.04999999999999982
9.742857e-10,1.44096514,1.43779988,1.59895954,1.64895954,0.0031652600000000586,-0.04999999999999982
9.752857e-10,1.44096515,1.43779991,1.59895954,1.64895954,0.003165239999999958,-0.04999999999999982
9.762857e-10,1.44096515,1.43779993,1.59895954,1.64895954,0.0031652200000000796,-0.04999999999999982
9.772857e-10,1.44096516,1.43779996,1.59895954,1.64895954,0.003165199999999979,-0.04999999999999982
9.782857e-10,1.44096516,1.43779999,1.59895954,1.64895954,0.0031651699999999394,-0.04999999999999982
9.792857e-10,1.44096517,1.43780001,1.59895954,1.64895954,0.00316516,-0.04999999999999982
9.802857e-10,1.44096517,1.43780004,1.59895954,1.64895954,0.0031651299999999605,-0.04999999999999982
9.812857e-10,1.44096518,1.43780006,1.59895954,1.64895954,0.0031651200000000212,-0.04999999999999982
9.822857e-10,1.44096518,1.43780009,1.59895954,1.64895954,0.0031650899999999815,-0.04999999999999982
9.832857e-10,1.44096519,1.43780011,1.59895954,1.64895954,0.0031650800000000423,-0.04999999999999982
9.842857e-10,1.44096519,1.43780014,1.59895954,1.64895954,0.0031650500000000026,-0.04999999999999982
9.852857e-10,1.44096519,1.43780016,1.59895954,1.64895954,0.003165029999999902,-0.04999999999999982
9.862857e-10,1.4409652,1.43780019,1.59895954,1.64895954,0.0031650100000000236,-0.04999999999999982
9.872857e-10,1.4409652,1.43780021,1.59895954,1.64895954,0.003164989999999923,-0.04999999999999982
9.882857e-10,1.44096521,1.43780024,1.59895954,1.64895954,0.0031649700000000447,-0.04999999999999982
9.892857e-10,1.44096521,1.43780026,1.59895954,1.64895954,0.0031649500000001662,-0.04999999999999982
9.902857e-10,1.44096522,1.43780029,1.59895954,1.64895954,0.0031649300000000657,-0.04999999999999982
9.912857e-10,1.44096522,1.43780031,1.59895954,1.64895954,0.0031649099999999653,-0.04999999999999982
9.922857e-10,1.44096523,1.43780034,1.59895954,1.64895954,0.003164890000000087,-0.04999999999999982
9.932857e-10,1.44096523,1.43780036,1.59895954,1.64895954,0.0031648699999999863,-0.04999999999999982
9.942857e-10,1.44096524,1.43780038,1.59895954,1.64895954,0.003164859999999825,-0.04999999999999982
9.952857e-10,1.44096524,1.43780041,1.59895954,1.64895954,0.0031648300000000074,-0.04999999999999982
9.962857e-10,1.44096524,1.43780043,1.59895954,1.64895954,0.003164809999999907,-0.04999999999999982
9.972857e-10,1.44096525,1.43780045,1.59895954,1.64895954,0.0031648000000001897,-0.04999999999999982
9.982857e-10,1.44096525,1.43780048,1.59895954,1.64895954,0.00316477000000015,-0.04999999999999982
9.992857e-10,1.44096526,1.4378005,1.59895954,1.64895954,0.0031647599999999887,-0.04999999999999982
1.0002857e-09,1.44096526,1.43780052,1.59895954,1.64895954,0.0031647400000001102,-0.04999999999999982
1.0012857e-09,1.44096527,1.43780055,1.59895954,1.64895954,0.0031647200000000097,-0.04999999999999982
1.0022857e-09,1.44096527,1.43780057,1.59895954,1.64895954,0.0031646999999999093,-0.04999999999999982
1.0032857e-09,1.44096528,1.43780059,1.59895954,1.64895954,0.00316468999999997,-0.04999999999999982
1.0042857e-09,1.44096528,1.43780062,1.59895954,1.64895954,0.0031646599999999303,-0.04999999999999982
1.0052857e-09,1.44096528,1.43780064,1.59895954,1.64895954,0.00316463999999983,-0.04999999999999982
1.0062857e-09,1.44096529,1.43780066,1.59895954,1.64895954,0.0031646300000001126,-0.04999999999999982
1.0072857e-09,1.44096529,1.43780068,1.59895954,1.64895954,0.003164610000000012,-0.04999999999999982
1.0082857e-09,1.4409653,1.43780071,1.59895954,1.64895954,0.0031645899999999116,-0.04999999999999982
1.0092857e-09,1.4409653,1.43780073,1.59895954,1.64895954,0.003164570000000033,-0.04999999999999982
1.0102857e-09,1.4409653,1.43780075,1.59895954,1.64895954,0.0031645499999999327,-0.04999999999999982
1.0112857e-09,1.44096531,1.43780077,1.59895954,1.64895954,0.0031645399999999935,-0.04999999999999982
1.0122857e-09,1.44096531,1.43780079,1.59895954,1.64895954,0.003164519999999893,-0.04999999999999982
1.0132857e-09,1.44096532,1.43780082,1.59895954,1.64895954,0.0031645000000000145,-0.04999999999999982
1.0142857e-09,1.44096532,1.43780084,1.59895954,1.64895954,0.003164480000000136,-0.04999999999999982
1.0152857e-09,1.44096533,1.43780086,1.59895954,1.64895954,0.003164469999999975,-0.04999999999999982
1.0162857e-09,1.44096533,1.43780088,1.59895954,1.64895954,0.0031644500000000964,-0.04999999999999982
1.0172857e-09,1.44096533,1.4378009,1.59895954,1.64895954,0.003164429999999996,-0.04999999999999982
1.017857e-09,1.44096534,1.43780091,1.59895954,1.64895954,0.003164429999999996,-0.04999999999999982
