time_s,v_outp,v_outn,v_inp,v_inn,vod,vid
0.0,1.39199073,1.30820146,1.32536293,1.37536293,0.08378927000000003,-0.050000000000000044
5e-15,1.39199073,1.30820146,1.32536293,1.37536293,0.08378927000000003,-0.050000000000000044
1e-14,1.39199073,1.30820146,1.32536293,1.37536293,0.08378927000000003,-0.050000000000000044
2e-14,1.39199073,1.30820146,1.32536293,1.37536293,0.08378927000000003,-0.050000000000000044
4e-14,1.39199073,1.30820146,1.32536293,1.37536293,0.08378927000000003,-0.050000000000000044
8e-14,1.39199073,1.30820146,1.32536293,1.37536293,0.08378927000000003,-0.050000000000000044
1.6e-13,1.39199073,1.30820146,1.32536293,1.37536293,0.08378927000000003,-0.050000000000000044
3.2e-13,1.39199073,1.30820146,1.32536293,1.37536293,0.08378927000000003,-0.050000000000000044
6.4e-13,1.39199073,1.30820146,1.32536293,1.37536293,0.08378927000000003,-0.050000000000000044
1.28e-12,1.39199073,1.30820146,1.32536293,1.37536293,0.08378927000000003,-0.050000000000000044
2.28e-12,1.39199073,1.30820146,1.32536293,1.37536293,0.08378927000000003,-0.050000000000000044
3.28e-12,1.39199073,1.30820146,1.32536293,1.37536293,0.08378927000000003,-0.050000000000000044
4.28e-12,1.39199073,1.30820146,1.32536293,1.37536293,0.08378927000000003,-0.050000000000000044
5.28e-12,1.39199073,1.30820146,1.32536293,1.37536293,0.08378927000000003,-0.050000000000000044
6.28e-12,1.39199073,1.30820146,1.32536293,1.37536293,0.08378927000000003,-0.050000000000000044
7.28e-12,1.39199073,1.30820146,1.32536293,1.37536293,0.08378927000000003,-0.050000000000000044
8.28e-12,1.39199073,1.30820146,1.32536293,1.37536293,0.08378927000000003,-0.050000000000000044
9.28e-12,1.39199073,1.30820146,1.32536293,1.37536293,0.08378927000000003,-0.050000000000000044
1.028e-11,1.39199073,1.30820146,1.32536293,1.37536293,0.08378927000000003,-0.050000000000000044
1.128e-11,1.39199073,1.30820146,1.32536293,1.37536293,0.08378927000000003,-0.050000000000000044
1.228e-11,1.39199073,1.30820146,1.32536293,1.37536293,0.08378927000000003,-0.050000000000000044
1.328e-11,1.39199073,1.30820146,1.32536293,1.37536293,0.08378927000000003,-0.050000000000000044
1.428e-11,1.39199073,1.30820146,1.32536293,1.37536293,0.08378927000000003,-0.050000000000000044
1.528e-11,1.39199073,1.30820146,1.32536293,1.37536293,0.08378927000000003,-0.050000000000000044
1.628e-11,1.39199073,1.30820146,1.32536293,1.37536293,0.08378927000000003,-0.050000000000000044
1.728e-11,1.39199073,1.30820146,1.32536293,1.37536293,0.08378927000000003,-0.050000000000000044
1.828e-11,1.39199073,1.30820146,1.32536293,1.37536293,0.08378927000000003,-0.050000000000000044
1.928e-11,1.39199073,1.30820146,1.32536293,1.37536293,0.08378927000000003,-0.050000000000000044
2.028e-11,1.39199073,1.30820146,1.32536293,1.37536293,0.08378927000000003,-0.050000000000000044
2.128e-11,1.39199073,1.30820146,1.32536293,1.37536293,0.08378927000000003,-0.050000000000000044
2.228e-11,1.39199073,1.30820146,1.32536293,1.37536293,0.08378927000000003,-0.050000000000000044
2.328e-11,1.39199073,1.30820146,1.32536293,1.37536293,0.08378927000000003,-0.050000000000000044
2.428e-11,1.39199073,1.30820146,1.32536293,1.37536293,0.08378927000000003,-0.050000000000000044
2.528e-11,1.39199073,1.30820146,1.32536293,1.37536293,0.08378927000000003,-0.050000000000000044
2.628e-11,1.39199073,1.30820146,1.32536293,1.37536293,0.08378927000000003,-0.050000000000000044
2.728e-11,1.39199073,1.30820146,1.32536293,1.37536293,0.08378927000000003,-0.050000000000000044
2.828e-11,1.39199073,1.30820146,1.32536293,1.37536293,0.08378927000000003,-0.050000000000000044
2.928e-11,1.39199073,1.30820146,1.32536293,1.37536293,0.08378927000000003,-0.050000000000000044
3.028e-11,1.39199073,1.30820146,1.32536293,1.37536293,0.08378927000000003,-0.050000000000000044
3.128e-11,1.39199073,1.30820146,1.32536293,1.37536293,0.08378927000000003,-0.050000000000000044
3.228e-11,1.39199073,1.30820146,1.32536293,1.37536293,0.08378927000000003,-0.050000000000000044
3.328e-11,1.39199073,1.30820146,1.32536293,1.37536293,0.08378927000000003,-0.050000000000000044
3.428e-11,1.39199073,1.30820146,1.32536293,1.37536293,0.08378927000000003,-0.050000000000000044
3.528e-11,1.39199073,1.30820146,1.32536293,1.37536293,0.08378927000000003,-0.050000000000000044
3.628e-11,1.39199073,1.30820146,1.32536293,1.37536293,0.08378927000000003,-0.050000000000000044
3.728e-11,1.39199072,1.30820146,1.32536293,1.37536293,0.08378925999999987,-0.050000000000000044
3.828e-11,1.39199072,1.30820146,1.32536293,1.37536293,0.08378925999999987,-0.050000000000000044
3.928e-11,1.39199072,1.30820146,1.32536293,1.37536293,0.08378925999999987,-0.050000000000000044
4.028e-11,1.39199072,1.30820146,1.32536293,1.37536293,0.08378925999999987,-0.050000000000000044
4.128e-11,1.39199072,1.30820146,1.32536293,1.37536293,0.08378925999999987,-0.050000000000000044
4.228e-11,1.39199072,1.30820146,1.32536293,1.37536293,0.08378925999999987,-0.050000000000000044
4.328e-11,1.39199072,1.30820146,1.32536293,1.37536293,0.08378925999999987,-0.050000000000000044
4.428e-11,1.39199072,1.30820146,1.32536293,1.37536293,0.08378925999999987,-0.050000000000000044
4.528e-11,1.39199072,1.30820146,1.32536293,1.37536293,0.08378925999999987,-0.050000000000000044
4.628e-11,1.39199072,1.30820146,1.32536293,1.37536293,0.08378925999999987,-0.050000000000000044
4.728e-11,1.39199072,1.30820146,1.32536293,1.37536293,0.08378925999999987,-0.050000000000000044
4.828e-11,1.39199072,1.30820146,1.32536293,1.37536293,0.08378925999999987,-0.050000000000000044
4.928e-11,1.39199072,1.30820146,1.32536293,1.37536293,0.08378925999999987,-0.050000000000000044
5.028e-11,1.39199072,1.30820146,1.32536293,1.37536293,0.08378925999999987,-0.050000000000000044
5.128e-11,1.39199072,1.30820146,1.32536293,1.37536293,0.08378925999999987,-0.050000000000000044
5.228e-11,1.39199072,1.30820146,1.32536293,1.37536293,0.08378925999999987,-0.050000000000000044
5.328e-11,1.39199072,1.30820146,1.32536293,1.37536293,0.08378925999999987,-0.050000000000000044
5.428e-11,1.39199072,1.30820146,1.32536293,1.37536293,0.08378925999999987,-0.050000000000000044
5.528e-11,1.39199072,1.30820146,1.32536293,1.37536293,0.08378925999999987,-0.050000000000000044
5.628e-11,1.39199072,1.30820146,1.32536293,1.37536293,0.08378925999999987,-0.050000000000000044
5.728e-11,1.39199072,1.30820146,1.32536293,1.37536293,0.08378925999999987,-0.050000000000000044
5.828e-11,1.39199072,1.30820146,1.32536293,1.37536293,0.08378925999999987,-0.050000000000000044
5.928e-11,1.39199072,1.30820146,1.32536293,1.37536293,0.08378925999999987,-0.050000000000000044
6.028e-11,1.39199072,1.30820146,1.32536293,1.37536293,0.08378925999999987,-0.050000000000000044
6.128e-11,1.39199072,1.30820146,1.32536293,1.37536293,0.08378925999999987,-0.050000000000000044
6.228e-11,1.39199072,1.30820146,1.32536293,1.37536293,0.08378925999999987,-0.050000000000000044
6.328e-11,1.39199072,1.30820146,1.32536293,1.37536293,0.08378925999999987,-0.050000000000000044
6.428e-11,1.39199072,1.30820146,1.32536293,1.37536293,0.08378925999999987,-0.050000000000000044
6.528e-11,1.39199072,1.30820146,1.32536293,1.37536293,0.08378925999999987,-0.050000000000000044
6.628e-11,1.39199072,1.30820146,1.32536293,1.37536293,0.08378925999999987,-0.050000000000000044
6.728e-11,1.39199072,1.30820146,1.32536293,1.37536293,0.08378925999999987,-0.050000000000000044
6.828e-11,1.39199072,1.30820146,1.32536293,1.37536293,0.08378925999999987,-0.050000000000000044
6.928e-11,1.39199072,1.30820146,1.32536293,1.37536293,0.08378925999999987,-0.050000000000000044
7.028e-11,1.39199072,1.30820146,1.32536293,1.37536293,0.08378925999999987,-0.050000000000000044
7.128e-11,1.39199072,1.30820146,1.32536293,1.37536293,0.08378925999999987,-0.050000000000000044
7.228e-11,1.39199072,1.30820146,1.32536293,1.37536293,0.08378925999999987,-0.050000000000000044
7.328e-11,1.39199072,1.30820146,1.32536293,1.37536293,0.08378925999999987,-0.050000000000000044
7.428e-11,1.39199072,1.30820146,1.32536293,1.37536293,0.08378925999999987,-0.050000000000000044
7.528e-11,1.39199072,1.30820146,1.32536293,1.37536293,0.08378925999999987,-0.050000000000000044
7.628e-11,1.39199072,1.30820146,1.32536293,1.37536293,0.08378925999999987,-0.050000000000000044
7.728e-11,1.39199072,1.30820146,1.32536293,1.37536293,0.08378925999999987,-0.050000000000000044
7.828e-11,1.39199072,1.30820146,1.32536293,1.37536293,0.08378925999999987,-0.050000000000000044
7.928e-11,1.39199072,1.30820146,1.32536293,1.37536293,0.08378925999999987,-0.050000000000000044
8.028e-11,1.39199072,1.30820146,1.32536293,1.37536293,0.08378925999999987,-0.050000000000000044
8.128e-11,1.39199072,1.30820146,1.32536293,1.37536293,0.08378925999999987,-0.050000000000000044
8.228e-11,1.39199072,1.30820146,1.32536293,1.37536293,0.08378925999999987,-0.050000000000000044
8.328e-11,1.39199072,1.30820146,1.32536293,1.37536293,0.08378925999999987,-0.050000000000000044
8.428e-11,1.39199072,1.30820146,1.32536293,1.37536293,0.08378925999999987,-0.050000000000000044
8.528e-11,1.39199072,1.30820146,1.32536293,1.37536293,0.08378925999999987,-0.050000000000000044
8.628e-11,1.39199072,1.30820146,1.32536293,1.37536293,0.08378925999999987,-0.050000000000000044
8.728e-11,1.39199072,1.30820146,1.32536293,1.37536293,0.08378925999999987,-0.050000000000000044
8.828e-11,1.39199072,1.30820146,1.32536293,1.37536293,0.08378925999999987,-0.050000000000000044
8.928e-11,1.39199072,1.30820146,1.32536293,1.37536293,0.08378925999999987,-0.050000000000000044
9.028e-11,1.39199072,1.30820146,1.32536293,1.37536293,0.08378925999999987,-0.050000000000000044
9.128e-11,1.39199072,1.30820146,1.32536293,1.37536293,0.08378925999999987,-0.050000000000000044
9.228e-11,1.39199072,1.30820146,1.32536293,1.37536293,0.08378925999999987,-0.050000000000000044
9.328e-11,1.39199072,1.30820146,1.32536293,1.37536293,0.08378925999999987,-0.050000000000000044
9.428e-11,1.39199072,1.30820146,1.32536293,1.37536293,0.08378925999999987,-0.050000000000000044
9.528e-11,1.39199072,1.30820146,1.32536293,1.37536293,0.08378925999999987,-0.050000000000000044
9.628e-11,1.39199072,1.30820146,1.32536293,1.37536293,0.08378925999999987,-0.050000000000000044
9.728e-11,1.39199072,1.30820146,1.32536293,1.37536293,0.08378925999999987,-0.050000000000000044
9.828e-11,1.39199072,1.30820146,1.32536293,1.37536293,0.08378925999999987,-0.050000000000000044
9.928e-11,1.39199072,1.30820146,1.32536293,1.37536293,0.08378925999999987,-0.050000000000000044
1.0028e-10,1.39199072,1.30820146,1.32536293,1.37536293,0.08378925999999987,-0.050000000000000044
1.0128e-10,1.39199072,1.30820146,1.32536293,1.37536293,0.08378925999999987,-0.050000000000000044
1.0228e-10,1.39199072,1.30820146,1.32536293,1.37536293,0.08378925999999987,-0.050000000000000044
1.0328e-10,1.39199072,1.30820146,1.32536293,1.37536293,0.08378925999999987,-0.050000000000000044
1.0428e-10,1.39199072,1.30820146,1.32536293,1.37536293,0.08378925999999987,-0.050000000000000044
1.0528e-10,1.39199072,1.30820146,1.32536293,1.37536293,0.08378925999999987,-0.050000000000000044
1.0628e-10,1.39199072,1.30820146,1.32536293,1.37536293,0.08378925999999987,-0.050000000000000044
1.0728e-10,1.39199072,1.30820146,1.32536293,1.37536293,0.08378925999999987,-0.050000000000000044
1.0828e-10,1.39199072,1.30820146,1.32536293,1.37536293,0.08378925999999987,-0.050000000000000044
1.0928e-10,1.39199072,1.30820146,1.32536293,1.37536293,0.08378925999999987,-0.050000000000000044
1.1028e-10,1.39199072,1.30820146,1.32536293,1.37536293,0.08378925999999987,-0.050000000000000044
1.1128e-10,1.39199072,1.30820146,1.32536293,1.37536293,0.08378925999999987,-0.050000000000000044
1.1228e-10,1.39199072,1.30820146,1.32536293,1.37536293,0.08378925999999987,-0.050000000000000044
1.1328e-10,1.39199072,1.30820146,1.32536293,1.37536293,0.08378925999999987,-0.050000000000000044
1.1428e-10,1.39199072,1.30820146,1.32536293,1.37536293,0.08378925999999987,-0.050000000000000044
1.1528e-10,1.39199072,1.30820146,1.32536293,1.37536293,0.08378925999999987,-0.050000000000000044
1.1628e-10,1.39199072,1.30820146,1.32536293,1.37536293,0.08378925999999987,-0.050000000000000044
1.1728e-10,1.39199072,1.30820146,1.32536293,1.37536293,0.08378925999999987,-0.050000000000000044
1.1828e-10,1.39199072,1.30820146,1.32536293,1.37536293,0.08378925999999987,-0.050000000000000044
1.1928e-10,1.39199072,1.30820146,1.32536293,1.37536293,0.08378925999999987,-0.050000000000000044
1.2028e-10,1.39199072,1.30820146,1.32536293,1.37536293,0.08378925999999987,-0.050000000000000044
1.2128e-10,1.39199072,1.30820146,1.32536293,1.37536293,0.08378925999999987,-0.050000000000000044
1.2228e-10,1.39199071,1.30820146,1.32536293,1.37536293,0.08378924999999993,-0.050000000000000044
1.2328e-10,1.39199071,1.30820146,1.32536293,1.37536293,0.08378924999999993,-0.050000000000000044
1.2428e-10,1.39199071,1.30820146,1.32536293,1.37536293,0.08378924999999993,-0.050000000000000044
1.2528e-10,1.39199071,1.30820146,1.32536293,1.37536293,0.08378924999999993,-0.050000000000000044
1.2628e-10,1.39199071,1.30820146,1.32536293,1.37536293,0.08378924999999993,-0.050000000000000044
1.2728e-10,1.39199071,1.30820146,1.32536293,1.37536293,0.08378924999999993,-0.050000000000000044
1.2828e-10,1.39199071,1.30820146,1.32536293,1.37536293,0.08378924999999993,-0.050000000000000044
1.2928e-10,1.39199071,1.30820146,1.32536293,1.37536293,0.08378924999999993,-0.050000000000000044
1.3028e-10,1.39199071,1.30820146,1.32536293,1.37536293,0.08378924999999993,-0.050000000000000044
1.3128e-10,1.39199071,1.30820146,1.32536293,1.37536293,0.08378924999999993,-0.050000000000000044
1.3228e-10,1.39199071,1.30820146,1.32536293,1.37536293,0.08378924999999993,-0.050000000000000044
1.3328e-10,1.39199071,1.30820146,1.32536293,1.37536293,0.08378924999999993,-0.050000000000000044
1.3428e-10,1.39199071,1.30820146,1.32536293,1.37536293,0.08378924999999993,-0.050000000000000044
1.3528e-10,1.39199071,1.30820146,1.32536293,1.37536293,0.08378924999999993,-0.050000000000000044
1.3628e-10,1.39199071,1.30820146,1.32536293,1.37536293,0.08378924999999993,-0.050000000000000044
1.3728e-10,1.39199071,1.30820146,1.32536293,1.37536293,0.08378924999999993,-0.050000000000000044
1.3828e-10,1.39199071,1.30820146,1.32536293,1.37536293,0.08378924999999993,-0.050000000000000044
1.3928e-10,1.39199071,1.30820146,1.32536293,1.37536293,0.08378924999999993,-0.050000000000000044
1.4028e-10,1.39199071,1.30820147,1.32536293,1.37536293,0.08378923999999999,-0.050000000000000044
1.4128e-10,1.39199071,1.30820147,1.32536293,1.37536293,0.08378923999999999,-0.050000000000000044
1.4228e-10,1.39199071,1.30820147,1.32536293,1.37536293,0.08378923999999999,-0.050000000000000044
1.4328e-10,1.39199071,1.30820147,1.32536293,1.37536293,0.08378923999999999,-0.050000000000000044
1.4428e-10,1.39199071,1.30820147,1.32536293,1.37536293,0.08378923999999999,-0.050000000000000044
1.4528e-10,1.39199071,1.30820147,1.32536293,1.37536293,0.08378923999999999,-0.050000000000000044
1.4628e-10,1.39199071,1.30820147,1.32536293,1.37536293,0.08378923999999999,-0.050000000000000044
1.4728e-10,1.39199071,1.30820147,1.32536293,1.37536293,0.08378923999999999,-0.050000000000000044
1.4828e-10,1.39199071,1.30820147,1.32536293,1.37536293,0.08378923999999999,-0.050000000000000044
1.4928e-10,1.39199071,1.30820147,1.32536293,1.37536293,0.08378923999999999,-0.050000000000000044
1.5028e-10,1.39199071,1.30820147,1.32536293,1.37536293,0.08378923999999999,-0.050000000000000044
1.5128e-10,1.39199071,1.30820147,1.32536293,1.37536293,0.08378923999999999,-0.050000000000000044
1.5228e-10,1.39199071,1.30820147,1.32536293,1.37536293,0.08378923999999999,-0.050000000000000044
1.5328e-10,1.39199071,1.30820147,1.32536293,1.37536293,0.08378923999999999,-0.050000000000000044
1.5428e-10,1.39199071,1.30820147,1.32536293,1.37536293,0.08378923999999999,-0.050000000000000044
1.5528e-10,1.39199071,1.30820147,1.32536293,1.37536293,0.08378923999999999,-0.050000000000000044
1.5628e-10,1.39199071,1.30820147,1.32536293,1.37536293,0.08378923999999999,-0.050000000000000044
1.5728e-10,1.39199071,1.30820147,1.32536293,1.37536293,0.08378923999999999,-0.050000000000000044
1.5828e-10,1.39199071,1.30820147,1.32536293,1.37536293,0.08378923999999999,-0.050000000000000044
1.5928e-10,1.39199071,1.30820147,1.32536293,1.37536293,0.08378923999999999,-0.050000000000000044
1.6028e-10,1.39199071,1.30820147,1.32536293,1.37536293,0.08378923999999999,-0.050000000000000044
1.6128e-10,1.39199071,1.30820147,1.32536293,1.37536293,0.08378923999999999,-0.050000000000000044
1.6228e-10,1.39199071,1.30820147,1.32536293,1.37536293,0.08378923999999999,-0.050000000000000044
1.6328e-10,1.39199071,1.30820147,1.32536293,1.37536293,0.08378923999999999,-0.050000000000000044
1.6428e-10,1.39199071,1.30820147,1.32536293,1.37536293,0.08378923999999999,-0.050000000000000044
1.6528e-10,1.39199071,1.30820147,1.32536293,1.37536293,0.08378923999999999,-0.050000000000000044
1.6628e-10,1.39199071,1.30820147,1.32536293,1.37536293,0.08378923999999999,-0.050000000000000044
1.6728e-10,1.39199071,1.30820147,1.32536293,1.37536293,0.08378923999999999,-0.050000000000000044
1.6828e-10,1.39199071,1.30820147,1.32536293,1.37536293,0.08378923999999999,-0.050000000000000044
1.6928e-10,1.39199071,1.30820147,1.32536293,1.37536293,0.08378923999999999,-0.050000000000000044
1.7028e-10,1.39199071,1.30820147,1.32536293,1.37536293,0.08378923999999999,-0.050000000000000044
1.7128e-10,1.39199071,1.30820147,1.32536293,1.37536293,0.08378923999999999,-0.050000000000000044
1.7228e-10,1.39199071,1.30820147,1.32536293,1.37536293,0.08378923999999999,-0.050000000000000044
1.7328e-10,1.39199071,1.30820147,1.32536293,1.37536293,0.08378923999999999,-0.050000000000000044
1.7428e-10,1.39199071,1.30820147,1.32536293,1.37536293,0.08378923999999999,-0.050000000000000044
1.7528e-10,1.39199071,1.30820147,1.32536293,1.37536293,0.08378923999999999,-0.050000000000000044
1.7628e-10,1.39199071,1.30820147,1.32536293,1.37536293,0.08378923999999999,-0.050000000000000044
1.7728e-10,1.39199071,1.30820147,1.32536293,1.37536293,0.08378923999999999,-0.050000000000000044
1.7828e-10,1.39199071,1.30820147,1.32536293,1.37536293,0.08378923999999999,-0.050000000000000044
1.7928e-10,1.39199071,1.30820147,1.32536293,1.37536293,0.08378923999999999,-0.050000000000000044
1.8028e-10,1.39199071,1.30820147,1.32536293,1.37536293,0.08378923999999999,-0.050000000000000044
1.8128e-10,1.39199071,1.30820147,1.32536293,1.37536293,0.08378923999999999,-0.050000000000000044
1.8228e-10,1.39199071,1.30820147,1.32536293,1.37536293,0.08378923999999999,-0.050000000000000044
1.8328e-10,1.39199071,1.30820147,1.32536293,1.37536293,0.08378923999999999,-0.050000000000000044
1.8428e-10,1.39199071,1.30820147,1.32536293,1.37536293,0.08378923999999999,-0.050000000000000044
1.8528e-10,1.39199071,1.30820147,1.32536293,1.37536293,0.08378923999999999,-0.050000000000000044
1.8628e-10,1.39199071,1.30820147,1.32536293,1.37536293,0.08378923999999999,-0.050000000000000044
1.8728e-10,1.39199071,1.30820147,1.32536293,1.37536293,0.08378923999999999,-0.050000000000000044
1.8828e-10,1.39199071,1.30820147,1.32536293,1.37536293,0.08378923999999999,-0.050000000000000044
1.8928e-10,1.39199071,1.30820147,1.32536293,1.37536293,0.08378923999999999,-0.050000000000000044
1.9028e-10,1.39199071,1.30820147,1.32536293,1.37536293,0.08378923999999999,-0.050000000000000044
1.9128e-10,1.39199071,1.30820147,1.32536293,1.37536293,0.08378923999999999,-0.050000000000000044
1.9228e-10,1.39199071,1.30820147,1.32536293,1.37536293,0.08378923999999999,-0.050000000000000044
1.9328e-10,1.39199071,1.30820147,1.32536293,1.37536293,0.08378923999999999,-0.050000000000000044
1.9428e-10,1.39199071,1.30820147,1.32536293,1.37536293,0.08378923999999999,-0.050000000000000044
1.9528e-10,1.39199071,1.30820147,1.32536293,1.37536293,0.08378923999999999,-0.050000000000000044
1.9628e-10,1.39199071,1.30820147,1.32536293,1.37536293,0.08378923999999999,-0.050000000000000044
1.9728e-10,1.39199071,1.30820147,1.32536293,1.37536293,0.08378923999999999,-0.050000000000000044
1.9828e-10,1.39199071,1.30820147,1.32536293,1.37536293,0.08378923999999999,-0.050000000000000044
1.9928e-10,1.39199071,1.30820147,1.32536293,1.37536293,0.08378923999999999,-0.050000000000000044
2.0028e-10,1.39199071,1.30820147,1.32536293,1.37536293,0.08378923999999999,-0.050000000000000044
2.0128e-10,1.39199071,1.30820147,1.32536293,1.37536293,0.08378923999999999,-0.050000000000000044
2.0228e-10,1.39199071,1.30820147,1.32536293,1.37536293,0.08378923999999999,-0.050000000000000044
2.0328e-10,1.39199071,1.30820147,1.32536293,1.37536293,0.08378923999999999,-0.050000000000000044
2.0428e-10,1.39199071,1.30820147,1.32536293,1.37536293,0.08378923999999999,-0.050000000000000044
2.0528e-10,1.39199071,1.30820147,1.32536293,1.37536293,0.08378923999999999,-0.050000000000000044
2.0628e-10,1.39199071,1.30820147,1.32536293,1.37536293,0.08378923999999999,-0.050000000000000044
2.0728e-10,1.39199071,1.30820147,1.32536293,1.37536293,0.08378923999999999,-0.050000000000000044
2.0828e-10,1.39199071,1.30820147,1.32536293,1.37536293,0.08378923999999999,-0.050000000000000044
2.0928e-10,1.39199071,1.30820147,1.32536293,1.37536293,0.08378923999999999,-0.050000000000000044
2.1028e-10,1.39199071,1.30820147,1.32536293,1.37536293,0.08378923999999999,-0.050000000000000044
2.1128e-10,1.39199071,1.30820147,1.32536293,1.37536293,0.08378923999999999,-0.050000000000000044
2.1228e-10,1.39199071,1.30820147,1.32536293,1.37536293,0.08378923999999999,-0.050000000000000044
2.1328e-10,1.3919907,1.30820147,1.32536293,1.37536293,0.08378923000000005,-0.050000000000000044
2.1428e-10,1.3919907,1.30820147,1.32536293,1.37536293,0.08378923000000005,-0.050000000000000044
2.1528e-10,1.3919907,1.30820147,1.32536293,1.37536293,0.08378923000000005,-0.050000000000000044
2.1628e-10,1.3919907,1.30820147,1.32536293,1.37536293,0.08378923000000005,-0.050000000000000044
2.1728e-10,1.3919907,1.30820147,1.32536293,1.37536293,0.08378923000000005,-0.050000000000000044
2.1828e-10,1.3919907,1.30820147,1.32536293,1.37536293,0.08378923000000005,-0.050000000000000044
2.1928e-10,1.3919907,1.30820147,1.32536293,1.37536293,0.08378923000000005,-0.050000000000000044
2.2028e-10,1.3919907,1.30820147,1.32536293,1.37536293,0.08378923000000005,-0.050000000000000044
2.2128e-10,1.3919907,1.30820147,1.32536293,1.37536293,0.08378923000000005,-0.050000000000000044
2.2228e-10,1.3919907,1.30820147,1.32536293,1.37536293,0.08378923000000005,-0.050000000000000044
2.2328e-10,1.3919907,1.30820147,1.32536293,1.37536293,0.08378923000000005,-0.050000000000000044
2.2428e-10,1.3919907,1.30820147,1.32536293,1.37536293,0.08378923000000005,-0.050000000000000044
2.2528e-10,1.3919907,1.30820147,1.32536293,1.37536293,0.08378923000000005,-0.050000000000000044
2.2628e-10,1.3919907,1.30820147,1.32536293,1.37536293,0.08378923000000005,-0.050000000000000044
2.2728e-10,1.3919907,1.30820147,1.32536293,1.37536293,0.08378923000000005,-0.050000000000000044
2.2828e-10,1.3919907,1.30820147,1.32536293,1.37536293,0.08378923000000005,-0.050000000000000044
2.2928e-10,1.3919907,1.30820147,1.32536293,1.37536293,0.08378923000000005,-0.050000000000000044
2.3028e-10,1.3919907,1.30820147,1.32536293,1.37536293,0.08378923000000005,-0.050000000000000044
2.3128e-10,1.3919907,1.30820147,1.32536293,1.37536293,0.08378923000000005,-0.050000000000000044
2.3228e-10,1.3919907,1.30820147,1.32536293,1.37536293,0.08378923000000005,-0.050000000000000044
2.3328e-10,1.3919907,1.30820147,1.32536293,1.37536293,0.08378923000000005,-0.050000000000000044
2.3428e-10,1.3919907,1.30820147,1.32536293,1.37536293,0.08378923000000005,-0.050000000000000044
2.3528e-10,1.3919907,1.30820147,1.32536293,1.37536293,0.08378923000000005,-0.050000000000000044
2.3628e-10,1.3919907,1.30820147,1.32536293,1.37536293,0.08378923000000005,-0.050000000000000044
2.3728e-10,1.3919907,1.30820147,1.32536293,1.37536293,0.08378923000000005,-0.050000000000000044
2.3828e-10,1.3919907,1.30820147,1.32536293,1.37536293,0.08378923000000005,-0.050000000000000044
2.3928e-10,1.3919907,1.30820147,1.32536293,1.37536293,0.08378923000000005,-0.050000000000000044
2.4028e-10,1.3919907,1.30820147,1.32536293,1.37536293,0.08378923000000005,-0.050000000000000044
2.4128e-10,1.3919907,1.30820147,1.32536293,1.37536293,0.08378923000000005,-0.050000000000000044
2.4228e-10,1.3919907,1.30820147,1.32536293,1.37536293,0.08378923000000005,-0.050000000000000044
2.4328e-10,1.3919907,1.30820147,1.32536293,1.37536293,0.08378923000000005,-0.050000000000000044
2.4428e-10,1.3919907,1.30820147,1.32536293,1.37536293,0.08378923000000005,-0.050000000000000044
2.4528e-10,1.3919907,1.30820147,1.32536293,1.37536293,0.08378923000000005,-0.050000000000000044
2.4628e-10,1.3919907,1.30820147,1.32536293,1.37536293,0.08378923000000005,-0.050000000000000044
2.4728e-10,1.3919907,1.30820147,1.32536293,1.37536293,0.08378923000000005,-0.050000000000000044
2.4828e-10,1.3919907,1.30820147,1.32536293,1.37536293,0.08378923000000005,-0.050000000000000044
2.4928e-10,1.3919907,1.30820147,1.32536293,1.37536293,0.08378923000000005,-0.050000000000000044
2.5028e-10,1.3919907,1.30820147,1.32536293,1.37536293,0.08378923000000005,-0.050000000000000044
2.5128e-10,1.3919907,1.30820147,1.32536293,1.37536293,0.08378923000000005,-0.050000000000000044
2.5228e-10,1.3919907,1.30820148,1.32536293,1.37536293,0.08378922000000011,-0.050000000000000044
2.5328e-10,1.3919907,1.30820148,1.32536293,1.37536293,0.08378922000000011,-0.050000000000000044
2.5428e-10,1.3919907,1.30820148,1.32536293,1.37536293,0.08378922000000011,-0.050000000000000044
2.5528e-10,1.3919907,1.30820148,1.32536293,1.37536293,0.08378922000000011,-0.050000000000000044
2.5628e-10,1.3919907,1.30820148,1.32536293,1.37536293,0.08378922000000011,-0.050000000000000044
2.5728e-10,1.3919907,1.30820148,1.32536293,1.37536293,0.08378922000000011,-0.050000000000000044
2.5828e-10,1.3919907,1.30820148,1.32536293,1.37536293,0.08378922000000011,-0.050000000000000044
2.5928e-10,1.3919907,1.30820148,1.32536293,1.37536293,0.08378922000000011,-0.050000000000000044
2.6028e-10,1.3919907,1.30820148,1.32536293,1.37536293,0.08378922000000011,-0.050000000000000044
2.6128e-10,1.3919907,1.30820148,1.32536293,1.37536293,0.08378922000000011,-0.050000000000000044
2.6228e-10,1.3919907,1.30820148,1.32536293,1.37536293,0.08378922000000011,-0.050000000000000044
2.6328e-10,1.3919907,1.30820148,1.32536293,1.37536293,0.08378922000000011,-0.050000000000000044
2.6428e-10,1.3919907,1.30820148,1.32536293,1.37536293,0.08378922000000011,-0.050000000000000044
2.6528e-10,1.3919907,1.30820148,1.32536293,1.37536293,0.08378922000000011,-0.050000000000000044
2.6628e-10,1.3919907,1.30820148,1.32536293,1.37536293,0.08378922000000011,-0.050000000000000044
2.6728e-10,1.3919907,1.30820148,1.32536293,1.37536293,0.08378922000000011,-0.050000000000000044
2.6828e-10,1.3919907,1.30820148,1.32536293,1.37536293,0.08378922000000011,-0.050000000000000044
2.6928e-10,1.3919907,1.30820148,1.32536293,1.37536293,0.08378922000000011,-0.050000000000000044
2.7028e-10,1.3919907,1.30820148,1.32536293,1.37536293,0.08378922000000011,-0.050000000000000044
2.7128e-10,1.3919907,1.30820148,1.32536293,1.37536293,0.08378922000000011,-0.050000000000000044
2.7228e-10,1.3919907,1.30820148,1.32536293,1.37536293,0.08378922000000011,-0.050000000000000044
2.7328e-10,1.3919907,1.30820148,1.32536293,1.37536293,0.08378922000000011,-0.050000000000000044
2.7428e-10,1.3919907,1.30820148,1.32536293,1.37536293,0.08378922000000011,-0.050000000000000044
2.7528e-10,1.3919907,1.30820148,1.32536293,1.37536293,0.08378922000000011,-0.050000000000000044
2.7628e-10,1.3919907,1.30820148,1.32536293,1.37536293,0.08378922000000011,-0.050000000000000044
2.7728e-10,1.3919907,1.30820148,1.32536293,1.37536293,0.08378922000000011,-0.050000000000000044
2.7828e-10,1.3919907,1.30820148,1.32536293,1.37536293,0.08378922000000011,-0.050000000000000044
2.7928e-10,1.3919907,1.30820148,1.32536293,1.37536293,0.08378922000000011,-0.050000000000000044
2.8028e-10,1.3919907,1.30820148,1.32536293,1.37536293,0.08378922000000011,-0.050000000000000044
2.8128e-10,1.3919907,1.30820148,1.32536293,1.37536293,0.08378922000000011,-0.050000000000000044
2.8228e-10,1.3919907,1.30820148,1.32536293,1.37536293,0.08378922000000011,-0.050000000000000044
2.8328e-10,1.3919907,1.30820148,1.32536293,1.37536293,0.08378922000000011,-0.050000000000000044
2.8428e-10,1.3919907,1.30820148,1.32536293,1.37536293,0.08378922000000011,-0.050000000000000044
2.8528e-10,1.3919907,1.30820148,1.32536293,1.37536293,0.08378922000000011,-0.050000000000000044
2.8628e-10,1.3919907,1.30820148,1.32536293,1.37536293,0.08378922000000011,-0.050000000000000044
2.8728e-10,1.3919907,1.30820148,1.32536293,1.37536293,0.08378922000000011,-0.050000000000000044
2.8828e-10,1.3919907,1.30820148,1.32536293,1.37536293,0.08378922000000011,-0.050000000000000044
2.8928e-10,1.3919907,1.30820148,1.32536293,1.37536293,0.08378922000000011,-0.050000000000000044
2.9028e-10,1.3919907,1.30820148,1.32536293,1.37536293,0.08378922000000011,-0.050000000000000044
2.9128e-10,1.3919907,1.30820148,1.32536293,1.37536293,0.08378922000000011,-0.050000000000000044
2.9228e-10,1.3919907,1.30820148,1.32536293,1.37536293,0.08378922000000011,-0.050000000000000044
2.9328e-10,1.3919907,1.30820148,1.32536293,1.37536293,0.08378922000000011,-0.050000000000000044
2.9428e-10,1.3919907,1.30820148,1.32536293,1.37536293,0.08378922000000011,-0.050000000000000044
2.9528e-10,1.3919907,1.30820148,1.32536293,1.37536293,0.08378922000000011,-0.050000000000000044
2.9628e-10,1.3919907,1.30820148,1.32536293,1.37536293,0.08378922000000011,-0.050000000000000044
2.9728e-10,1.3919907,1.30820148,1.32536293,1.37536293,0.08378922000000011,-0.050000000000000044
2.9828e-10,1.3919907,1.30820148,1.32536293,1.37536293,0.08378922000000011,-0.050000000000000044
2.9928e-10,1.3919907,1.30820148,1.32536293,1.37536293,0.08378922000000011,-0.050000000000000044
3.0028e-10,1.3919907,1.30820148,1.32536293,1.37536293,0.08378922000000011,-0.050000000000000044
3.0128e-10,1.3919907,1.30820148,1.32536293,1.37536293,0.08378922000000011,-0.050000000000000044
3.0228e-10,1.3919907,1.30820148,1.32536293,1.37536293,0.08378922000000011,-0.050000000000000044
3.0328e-10,1.3919907,1.30820148,1.32536293,1.37536293,0.08378922000000011,-0.050000000000000044
3.0428e-10,1.3919907,1.30820148,1.32536293,1.37536293,0.08378922000000011,-0.050000000000000044
3.0528e-10,1.3919907,1.30820148,1.32536293,1.37536293,0.08378922000000011,-0.050000000000000044
3.0628e-10,1.3919907,1.30820148,1.32536293,1.37536293,0.08378922000000011,-0.050000000000000044
3.0728e-10,1.3919907,1.30820148,1.32536293,1.37536293,0.08378922000000011,-0.050000000000000044
3.0828e-10,1.3919907,1.30820148,1.32536293,1.37536293,0.08378922000000011,-0.050000000000000044
3.0928e-10,1.39199069,1.30820148,1.32536293,1.37536293,0.08378921000000017,-0.050000000000000044
3.1028e-10,1.39199069,1.30820148,1.32536293,1.37536293,0.08378921000000017,-0.050000000000000044
3.1128e-10,1.39199069,1.30820148,1.32536293,1.37536293,0.08378921000000017,-0.050000000000000044
3.1228e-10,1.39199069,1.30820148,1.32536293,1.37536293,0.08378921000000017,-0.050000000000000044
3.1328e-10,1.39199069,1.30820148,1.32536293,1.37536293,0.08378921000000017,-0.050000000000000044
3.1428e-10,1.39199069,1.30820148,1.32536293,1.37536293,0.08378921000000017,-0.050000000000000044
3.1528e-10,1.39199069,1.30820148,1.32536293,1.37536293,0.08378921000000017,-0.050000000000000044
3.1628e-10,1.39199069,1.30820148,1.32536293,1.37536293,0.08378921000000017,-0.050000000000000044
3.1728e-10,1.39199069,1.30820148,1.32536293,1.37536293,0.08378921000000017,-0.050000000000000044
3.1828e-10,1.39199069,1.30820148,1.32536293,1.37536293,0.08378921000000017,-0.050000000000000044
3.1928e-10,1.39199069,1.30820148,1.32536293,1.37536293,0.08378921000000017,-0.050000000000000044
3.2028e-10,1.39199069,1.30820148,1.32536293,1.37536293,0.08378921000000017,-0.050000000000000044
3.2128e-10,1.39199069,1.30820148,1.32536293,1.37536293,0.08378921000000017,-0.050000000000000044
3.2228e-10,1.39199069,1.30820148,1.32536293,1.37536293,0.08378921000000017,-0.050000000000000044
3.2328e-10,1.39199069,1.30820148,1.32536293,1.37536293,0.08378921000000017,-0.050000000000000044
3.2428e-10,1.39199069,1.30820148,1.32536293,1.37536293,0.08378921000000017,-0.050000000000000044
3.2528e-10,1.39199069,1.30820148,1.32536293,1.37536293,0.08378921000000017,-0.050000000000000044
3.2628e-10,1.39199069,1.30820148,1.32536293,1.37536293,0.08378921000000017,-0.050000000000000044
3.2728e-10,1.39199069,1.30820148,1.32536293,1.37536293,0.08378921000000017,-0.050000000000000044
3.2828e-10,1.39199069,1.30820148,1.32536293,1.37536293,0.08378921000000017,-0.050000000000000044
3.2928e-10,1.39199069,1.30820148,1.32536293,1.37536293,0.08378921000000017,-0.050000000000000044
3.3028e-10,1.39199069,1.30820148,1.32536293,1.37536293,0.08378921000000017,-0.050000000000000044
3.3128e-10,1.39199069,1.30820148,1.32536293,1.37536293,0.08378921000000017,-0.050000000000000044
3.3228e-10,1.39199069,1.30820148,1.32536293,1.37536293,0.08378921000000017,-0.050000000000000044
3.3328e-10,1.39199069,1.30820148,1.32536293,1.37536293,0.08378921000000017,-0.050000000000000044
3.3428e-10,1.39199069,1.30820148,1.32536293,1.37536293,0.08378921000000017,-0.050000000000000044
3.3528e-10,1.39199069,1.30820148,1.32536293,1.37536293,0.08378921000000017,-0.050000000000000044
3.3628e-10,1.39199069,1.30820148,1.32536293,1.37536293,0.08378921000000017,-0.050000000000000044
3.3728e-10,1.39199069,1.30820148,1.32536293,1.37536293,0.08378921000000017,-0.050000000000000044
3.3828e-10,1.39199069,1.30820148,1.32536293,1.37536293,0.08378921000000017,-0.050000000000000044
3.3928e-10,1.39199069,1.30820148,1.32536293,1.37536293,0.08378921000000017,-0.050000000000000044
3.4028e-10,1.39199069,1.30820148,1.32536293,1.37536293,0.08378921000000017,-0.050000000000000044
3.4128e-10,1.39199069,1.30820148,1.32536293,1.37536293,0.08378921000000017,-0.050000000000000044
3.4228e-10,1.39199069,1.30820148,1.32536293,1.37536293,0.08378921000000017,-0.050000000000000044
3.4328e-10,1.39199069,1.30820148,1.32536293,1.37536293,0.08378921000000017,-0.050000000000000044
3.4428e-10,1.39199069,1.30820148,1.32536293,1.37536293,0.08378921000000017,-0.050000000000000044
3.4528e-10,1.39199069,1.30820148,1.32536293,1.37536293,0.08378921000000017,-0.050000000000000044
3.4628e-10,1.39199069,1.30820148,1.32536293,1.37536293,0.08378921000000017,-0.050000000000000044
3.4728e-10,1.39199069,1.30820148,1.32536293,1.37536293,0.08378921000000017,-0.050000000000000044
3.4828e-10,1.39199069,1.30820148,1.32536293,1.37536293,0.08378921000000017,-0.050000000000000044
3.4928e-10,1.39199069,1.30820148,1.32536293,1.37536293,0.08378921000000017,-0.050000000000000044
3.5028e-10,1.39199069,1.30820148,1.32536293,1.37536293,0.08378921000000017,-0.050000000000000044
3.5128e-10,1.39199069,1.30820148,1.32536293,1.37536293,0.08378921000000017,-0.050000000000000044
3.5228e-10,1.39199069,1.30820148,1.32536293,1.37536293,0.08378921000000017,-0.050000000000000044
3.5328e-10,1.39199069,1.30820148,1.32536293,1.37536293,0.08378921000000017,-0.050000000000000044
3.5428e-10,1.39199069,1.30820148,1.32536293,1.37536293,0.08378921000000017,-0.050000000000000044
3.5528e-10,1.39199069,1.30820148,1.32536293,1.37536293,0.08378921000000017,-0.050000000000000044
3.5628e-10,1.39199069,1.30820148,1.32536293,1.37536293,0.08378921000000017,-0.050000000000000044
3.5728e-10,1.39199069,1.30820148,1.32536293,1.37536293,0.08378921000000017,-0.050000000000000044
3.5828e-10,1.39199069,1.30820149,1.32536293,1.37536293,0.08378920000000001,-0.050000000000000044
3.5928e-10,1.39199069,1.30820149,1.32536293,1.37536293,0.08378920000000001,-0.050000000000000044
3.6028e-10,1.39199069,1.30820149,1.32536293,1.37536293,0.08378920000000001,-0.050000000000000044
3.6128e-10,1.39199069,1.30820149,1.32536293,1.37536293,0.08378920000000001,-0.050000000000000044
3.6228e-10,1.39199069,1.30820149,1.32536293,1.37536293,0.08378920000000001,-0.050000000000000044
3.6328e-10,1.39199069,1.30820149,1.32536293,1.37536293,0.08378920000000001,-0.050000000000000044
3.6428e-10,1.39199069,1.30820149,1.32536293,1.37536293,0.08378920000000001,-0.050000000000000044
3.6528e-10,1.39199069,1.30820149,1.32536293,1.37536293,0.08378920000000001,-0.050000000000000044
3.6628e-10,1.39199069,1.30820149,1.32536293,1.37536293,0.08378920000000001,-0.050000000000000044
3.6728e-10,1.39199069,1.30820149,1.32536293,1.37536293,0.08378920000000001,-0.050000000000000044
3.6828e-10,1.39199069,1.30820149,1.32536293,1.37536293,0.08378920000000001,-0.050000000000000044
3.6928e-10,1.39199069,1.30820149,1.32536293,1.37536293,0.08378920000000001,-0.050000000000000044
3.7028e-10,1.39199069,1.30820149,1.32536293,1.37536293,0.08378920000000001,-0.050000000000000044
3.7128e-10,1.39199069,1.30820149,1.32536293,1.37536293,0.08378920000000001,-0.050000000000000044
3.7228e-10,1.39199069,1.30820149,1.32536293,1.37536293,0.08378920000000001,-0.050000000000000044
3.7328e-10,1.39199069,1.30820149,1.32536293,1.37536293,0.08378920000000001,-0.050000000000000044
3.7428e-10,1.39199069,1.30820149,1.32536293,1.37536293,0.08378920000000001,-0.050000000000000044
3.7528e-10,1.39199069,1.30820149,1.32536293,1.37536293,0.08378920000000001,-0.050000000000000044
3.7628e-10,1.39199069,1.30820149,1.32536293,1.37536293,0.08378920000000001,-0.050000000000000044
3.7728e-10,1.39199069,1.30820149,1.32536293,1.37536293,0.08378920000000001,-0.050000000000000044
3.7828e-10,1.39199069,1.30820149,1.32536293,1.37536293,0.08378920000000001,-0.050000000000000044
3.7928e-10,1.39199069,1.30820149,1.32536293,1.37536293,0.08378920000000001,-0.050000000000000044
3.8028e-10,1.39199069,1.30820149,1.32536293,1.37536293,0.08378920000000001,-0.050000000000000044
3.8128e-10,1.39199069,1.30820149,1.32536293,1.37536293,0.08378920000000001,-0.050000000000000044
3.8228e-10,1.39199069,1.30820149,1.32536293,1.37536293,0.08378920000000001,-0.050000000000000044
3.8328e-10,1.39199069,1.30820149,1.32536293,1.37536293,0.08378920000000001,-0.050000000000000044
3.8428e-10,1.39199069,1.30820149,1.32536293,1.37536293,0.08378920000000001,-0.050000000000000044
3.8528e-10,1.39199069,1.30820149,1.32536293,1.37536293,0.08378920000000001,-0.050000000000000044
3.8628e-10,1.39199069,1.30820149,1.32536293,1.37536293,0.08378920000000001,-0.050000000000000044
3.8728e-10,1.39199069,1.30820149,1.32536293,1.37536293,0.08378920000000001,-0.050000000000000044
3.8828e-10,1.39199069,1.30820149,1.32536293,1.37536293,0.08378920000000001,-0.050000000000000044
3.8928e-10,1.39199069,1.30820149,1.32536293,1.37536293,0.08378920000000001,-0.050000000000000044
3.9028e-10,1.39199069,1.30820149,1.32536293,1.37536293,0.08378920000000001,-0.050000000000000044
3.9128e-10,1.39199069,1.30820149,1.32536293,1.37536293,0.08378920000000001,-0.050000000000000044
3.9228e-10,1.39199069,1.30820149,1.32536293,1.37536293,0.08378920000000001,-0.050000000000000044
3.9328e-10,1.39199069,1.30820149,1.32536293,1.37536293,0.08378920000000001,-0.050000000000000044
3.9428e-10,1.39199069,1.30820149,1.32536293,1.37536293,0.08378920000000001,-0.050000000000000044
3.9528e-10,1.39199069,1.30820149,1.32536293,1.37536293,0.08378920000000001,-0.050000000000000044
3.9628e-10,1.39199069,1.30820149,1.32536293,1.37536293,0.08378920000000001,-0.050000000000000044
3.9728e-10,1.39199069,1.30820149,1.32536293,1.37536293,0.08378920000000001,-0.050000000000000044
3.9828e-10,1.39199069,1.30820149,1.32536293,1.37536293,0.08378920000000001,-0.050000000000000044
3.9928e-10,1.39199069,1.30820149,1.32536293,1.37536293,0.08378920000000001,-0.050000000000000044
4.0028e-10,1.39199069,1.30820149,1.32536293,1.37536293,0.08378920000000001,-0.050000000000000044
4.0128e-10,1.39199069,1.30820149,1.32536293,1.37536293,0.08378920000000001,-0.050000000000000044
4.0228e-10,1.39199069,1.30820149,1.32536293,1.37536293,0.08378920000000001,-0.050000000000000044
4.0328e-10,1.39199069,1.30820149,1.32536293,1.37536293,0.08378920000000001,-0.050000000000000044
4.0428e-10,1.39199069,1.30820149,1.32536293,1.37536293,0.08378920000000001,-0.050000000000000044
4.0528e-10,1.39199069,1.30820149,1.32536293,1.37536293,0.08378920000000001,-0.050000000000000044
4.0628e-10,1.39199069,1.30820149,1.32536293,1.37536293,0.08378920000000001,-0.050000000000000044
4.0728e-10,1.39199068,1.30820149,1.32536293,1.37536293,0.08378918999999985,-0.050000000000000044
4.0828e-10,1.39199068,1.30820149,1.32536293,1.37536293,0.08378918999999985,-0.050000000000000044
4.0928e-10,1.39199068,1.30820149,1.32536293,1.37536293,0.08378918999999985,-0.050000000000000044
4.1028e-10,1.39199068,1.30820149,1.32536293,1.37536293,0.08378918999999985,-0.050000000000000044
4.1128e-10,1.39199068,1.30820149,1.32536293,1.37536293,0.08378918999999985,-0.050000000000000044
4.1228e-10,1.39199068,1.30820149,1.32536293,1.37536293,0.08378918999999985,-0.050000000000000044
4.1328e-10,1.39199068,1.30820149,1.32536293,1.37536293,0.08378918999999985,-0.050000000000000044
4.1428e-10,1.39199068,1.30820149,1.32536293,1.37536293,0.08378918999999985,-0.050000000000000044
4.1528e-10,1.39199068,1.30820149,1.32536293,1.37536293,0.08378918999999985,-0.050000000000000044
4.1628e-10,1.39199068,1.30820149,1.32536293,1.37536293,0.08378918999999985,-0.050000000000000044
4.1728e-10,1.39199068,1.30820149,1.32536293,1.37536293,0.08378918999999985,-0.050000000000000044
4.1828e-10,1.39199068,1.30820149,1.32536293,1.37536293,0.08378918999999985,-0.050000000000000044
4.1928e-10,1.39199068,1.30820149,1.32536293,1.37536293,0.08378918999999985,-0.050000000000000044
4.2028e-10,1.39199068,1.30820149,1.32536293,1.37536293,0.08378918999999985,-0.050000000000000044
4.2128e-10,1.39199068,1.30820149,1.32536293,1.37536293,0.08378918999999985,-0.050000000000000044
4.2228e-10,1.39199068,1.30820149,1.32536293,1.37536293,0.08378918999999985,-0.050000000000000044
4.2328e-10,1.39199068,1.30820149,1.32536293,1.37536293,0.08378918999999985,-0.050000000000000044
4.2428e-10,1.39199068,1.30820149,1.32536293,1.37536293,0.08378918999999985,-0.050000000000000044
4.2528e-10,1.39199068,1.30820149,1.32536293,1.37536293,0.08378918999999985,-0.050000000000000044
4.2628e-10,1.39199068,1.30820149,1.32536293,1.37536293,0.08378918999999985,-0.050000000000000044
4.2728e-10,1.39199068,1.30820149,1.32536293,1.37536293,0.08378918999999985,-0.050000000000000044
4.2828e-10,1.39199068,1.30820149,1.32536293,1.37536293,0.08378918999999985,-0.050000000000000044
4.2928e-10,1.39199068,1.30820149,1.32536293,1.37536293,0.08378918999999985,-0.050000000000000044
4.3028e-10,1.39199068,1.30820149,1.32536293,1.37536293,0.08378918999999985,-0.050000000000000044
4.3128e-10,1.39199068,1.30820149,1.32536293,1.37536293,0.08378918999999985,-0.050000000000000044
4.3228e-10,1.39199068,1.30820149,1.32536293,1.37536293,0.08378918999999985,-0.050000000000000044
4.3328e-10,1.39199068,1.30820149,1.32536293,1.37536293,0.08378918999999985,-0.050000000000000044
4.3428e-10,1.39199068,1.30820149,1.32536293,1.37536293,0.08378918999999985,-0.050000000000000044
4.3528e-10,1.39199068,1.30820149,1.32536293,1.37536293,0.08378918999999985,-0.050000000000000044
4.3628e-10,1.39199068,1.30820149,1.32536293,1.37536293,0.08378918999999985,-0.050000000000000044
4.3728e-10,1.39199068,1.30820149,1.32536293,1.37536293,0.08378918999999985,-0.050000000000000044
4.3828e-10,1.39199068,1.30820149,1.32536293,1.37536293,0.08378918999999985,-0.050000000000000044
4.3928e-10,1.39199068,1.30820149,1.32536293,1.37536293,0.08378918999999985,-0.050000000000000044
4.4028e-10,1.39199068,1.30820149,1.32536293,1.37536293,0.08378918999999985,-0.050000000000000044
4.4128e-10,1.39199068,1.30820149,1.32536293,1.37536293,0.08378918999999985,-0.050000000000000044
4.4228e-10,1.39199068,1.30820149,1.32536293,1.37536293,0.08378918999999985,-0.050000000000000044
4.4328e-10,1.39199068,1.30820149,1.32536293,1.37536293,0.08378918999999985,-0.050000000000000044
4.4428e-10,1.39199068,1.30820149,1.32536293,1.37536293,0.08378918999999985,-0.050000000000000044
4.4528e-10,1.39199068,1.30820149,1.32536293,1.37536293,0.08378918999999985,-0.050000000000000044
4.4628e-10,1.39199068,1.30820149,1.32536293,1.37536293,0.08378918999999985,-0.050000000000000044
4.4728e-10,1.39199068,1.30820149,1.32536293,1.37536293,0.08378918999999985,-0.050000000000000044
4.4828e-10,1.39199068,1.30820149,1.32536293,1.37536293,0.08378918999999985,-0.050000000000000044
4.4928e-10,1.39199068,1.30820149,1.32536293,1.37536293,0.08378918999999985,-0.050000000000000044
4.5028e-10,1.39199068,1.30820149,1.32536293,1.37536293,0.08378918999999985,-0.050000000000000044
4.5128e-10,1.39199068,1.30820149,1.32536293,1.37536293,0.08378918999999985,-0.050000000000000044
4.5228e-10,1.39199068,1.30820149,1.32536293,1.37536293,0.08378918999999985,-0.050000000000000044
4.5328e-10,1.39199068,1.30820149,1.32536293,1.37536293,0.08378918999999985,-0.050000000000000044
4.5428e-10,1.39199068,1.30820149,1.32536293,1.37536293,0.08378918999999985,-0.050000000000000044
4.5528e-10,1.39199068,1.30820149,1.32536293,1.37536293,0.08378918999999985,-0.050000000000000044
4.5628e-10,1.39199068,1.30820149,1.32536293,1.37536293,0.08378918999999985,-0.050000000000000044
4.5728e-10,1.39199068,1.30820149,1.32536293,1.37536293,0.08378918999999985,-0.050000000000000044
4.5828e-10,1.39199068,1.30820149,1.32536293,1.37536293,0.08378918999999985,-0.050000000000000044
4.5928e-10,1.39199068,1.30820149,1.32536293,1.37536293,0.08378918999999985,-0.050000000000000044
4.6028e-10,1.39199068,1.30820149,1.32536293,1.37536293,0.08378918999999985,-0.050000000000000044
4.6128e-10,1.39199068,1.30820149,1.32536293,1.37536293,0.08378918999999985,-0.050000000000000044
4.6228e-10,1.39199068,1.30820149,1.32536293,1.37536293,0.08378918999999985,-0.050000000000000044
4.6328e-10,1.39199068,1.3082015,1.32536293,1.37536293,0.08378917999999991,-0.050000000000000044
4.6428e-10,1.39199068,1.3082015,1.32536293,1.37536293,0.08378917999999991,-0.050000000000000044
4.6528e-10,1.39199068,1.3082015,1.32536293,1.37536293,0.08378917999999991,-0.050000000000000044
4.6628e-10,1.39199068,1.3082015,1.32536293,1.37536293,0.08378917999999991,-0.050000000000000044
4.6728e-10,1.39199068,1.3082015,1.32536293,1.37536293,0.08378917999999991,-0.050000000000000044
4.6828e-10,1.39199068,1.3082015,1.32536293,1.37536293,0.08378917999999991,-0.050000000000000044
4.6928e-10,1.39199068,1.3082015,1.32536293,1.37536293,0.08378917999999991,-0.050000000000000044
4.7028e-10,1.39199068,1.3082015,1.32536293,1.37536293,0.08378917999999991,-0.050000000000000044
4.7128e-10,1.39199068,1.3082015,1.32536293,1.37536293,0.08378917999999991,-0.050000000000000044
4.7228e-10,1.39199068,1.3082015,1.32536293,1.37536293,0.08378917999999991,-0.050000000000000044
4.7328e-10,1.39199068,1.3082015,1.32536293,1.37536293,0.08378917999999991,-0.050000000000000044
4.7428e-10,1.39199068,1.3082015,1.32536293,1.37536293,0.08378917999999991,-0.050000000000000044
4.7528e-10,1.39199068,1.3082015,1.32536293,1.37536293,0.08378917999999991,-0.050000000000000044
4.7628e-10,1.39199068,1.3082015,1.32536293,1.37536293,0.08378917999999991,-0.050000000000000044
4.7728e-10,1.39199068,1.3082015,1.32536293,1.37536293,0.08378917999999991,-0.050000000000000044
4.7828e-10,1.39199068,1.3082015,1.32536293,1.37536293,0.08378917999999991,-0.050000000000000044
4.7928e-10,1.39199068,1.3082015,1.32536293,1.37536293,0.08378917999999991,-0.050000000000000044
4.8028e-10,1.39199068,1.3082015,1.32536293,1.37536293,0.08378917999999991,-0.050000000000000044
4.8128e-10,1.39199068,1.3082015,1.32536293,1.37536293,0.08378917999999991,-0.050000000000000044
4.8228e-10,1.39199068,1.3082015,1.32536293,1.37536293,0.08378917999999991,-0.050000000000000044
4.8328e-10,1.39199068,1.3082015,1.32536293,1.37536293,0.08378917999999991,-0.050000000000000044
4.8428e-10,1.39199068,1.3082015,1.32536293,1.37536293,0.08378917999999991,-0.050000000000000044
4.8528e-10,1.39199068,1.3082015,1.32536293,1.37536293,0.08378917999999991,-0.050000000000000044
4.8628e-10,1.39199068,1.3082015,1.32536293,1.37536293,0.08378917999999991,-0.050000000000000044
4.8728e-10,1.39199068,1.3082015,1.32536293,1.37536293,0.08378917999999991,-0.050000000000000044
4.8828e-10,1.39199068,1.3082015,1.32536293,1.37536293,0.08378917999999991,-0.050000000000000044
4.8928e-10,1.39199068,1.3082015,1.32536293,1.37536293,0.08378917999999991,-0.050000000000000044
4.9028e-10,1.39199068,1.3082015,1.32536293,1.37536293,0.08378917999999991,-0.050000000000000044
4.9128e-10,1.39199068,1.3082015,1.32536293,1.37536293,0.08378917999999991,-0.050000000000000044
4.9228e-10,1.39199068,1.3082015,1.32536293,1.37536293,0.08378917999999991,-0.050000000000000044
4.9328e-10,1.39199068,1.3082015,1.32536293,1.37536293,0.08378917999999991,-0.050000000000000044
4.9428e-10,1.39199068,1.3082015,1.32536293,1.37536293,0.08378917999999991,-0.050000000000000044
4.9528e-10,1.39199068,1.3082015,1.32536293,1.37536293,0.08378917999999991,-0.050000000000000044
4.9628e-10,1.39199068,1.3082015,1.32536293,1.37536293,0.08378917999999991,-0.050000000000000044
4.9728e-10,1.39199068,1.3082015,1.32536293,1.37536293,0.08378917999999991,-0.050000000000000044
4.9828e-10,1.39199068,1.3082015,1.32536293,1.37536293,0.08378917999999991,-0.050000000000000044
4.9928e-10,1.39199068,1.3082015,1.32536293,1.37536293,0.08378917999999991,-0.050000000000000044
5.0028e-10,1.39199068,1.3082015,1.32536293,1.37536293,0.08378917999999991,-0.050000000000000044
5.0128e-10,1.39199068,1.3082015,1.32536293,1.37536293,0.08378917999999991,-0.050000000000000044
5.0228e-10,1.39199068,1.3082015,1.32536293,1.37536293,0.08378917999999991,-0.050000000000000044
5.0328e-10,1.39199068,1.3082015,1.32536293,1.37536293,0.08378917999999991,-0.050000000000000044
5.0428e-10,1.39199068,1.3082015,1.32536293,1.37536293,0.08378917999999991,-0.050000000000000044
5.0528e-10,1.39199068,1.3082015,1.32536293,1.37536293,0.08378917999999991,-0.050000000000000044
5.0628e-10,1.39199068,1.3082015,1.32536293,1.37536293,0.08378917999999991,-0.050000000000000044
5.0728e-10,1.39199067,1.3082015,1.32536293,1.37536293,0.08378916999999997,-0.050000000000000044
5.0828e-10,1.39199067,1.3082015,1.32536293,1.37536293,0.08378916999999997,-0.050000000000000044
5.0928e-10,1.39199067,1.3082015,1.32536293,1.37536293,0.08378916999999997,-0.050000000000000044
5.1028e-10,1.39199067,1.3082015,1.32536293,1.37536293,0.08378916999999997,-0.050000000000000044
5.1128e-10,1.39199067,1.3082015,1.32536293,1.37536293,0.08378916999999997,-0.050000000000000044
5.1228e-10,1.39199067,1.3082015,1.32536293,1.37536293,0.08378916999999997,-0.050000000000000044
5.1328e-10,1.39199067,1.3082015,1.32536293,1.37536293,0.08378916999999997,-0.050000000000000044
5.1428e-10,1.39199067,1.3082015,1.32536293,1.37536293,0.08378916999999997,-0.050000000000000044
5.1528e-10,1.39199067,1.3082015,1.32536293,1.37536293,0.08378916999999997,-0.050000000000000044
5.1628e-10,1.39199067,1.3082015,1.32536293,1.37536293,0.08378916999999997,-0.050000000000000044
5.1728e-10,1.39199067,1.3082015,1.32536293,1.37536293,0.08378916999999997,-0.050000000000000044
5.1828e-10,1.39199067,1.3082015,1.32536293,1.37536293,0.08378916999999997,-0.050000000000000044
5.1928e-10,1.39199067,1.3082015,1.32536293,1.37536293,0.08378916999999997,-0.050000000000000044
5.2028e-10,1.39199067,1.3082015,1.32536293,1.37536293,0.08378916999999997,-0.050000000000000044
5.2128e-10,1.39199067,1.3082015,1.32536293,1.37536293,0.08378916999999997,-0.050000000000000044
5.2228e-10,1.39199067,1.3082015,1.32536293,1.37536293,0.08378916999999997,-0.050000000000000044
5.2328e-10,1.39199067,1.3082015,1.32536293,1.37536293,0.08378916999999997,-0.050000000000000044
5.2428e-10,1.39199067,1.3082015,1.32536293,1.37536293,0.08378916999999997,-0.050000000000000044
5.2528e-10,1.39199067,1.3082015,1.32536293,1.37536293,0.08378916999999997,-0.050000000000000044
5.2628e-10,1.39199067,1.3082015,1.32536293,1.37536293,0.08378916999999997,-0.050000000000000044
5.2728e-10,1.39199067,1.3082015,1.32536293,1.37536293,0.08378916999999997,-0.050000000000000044
5.2828e-10,1.39199067,1.3082015,1.32536293,1.37536293,0.08378916999999997,-0.050000000000000044
5.2928e-10,1.39199067,1.3082015,1.32536293,1.37536293,0.08378916999999997,-0.050000000000000044
5.3028e-10,1.39199067,1.3082015,1.32536293,1.37536293,0.08378916999999997,-0.050000000000000044
5.3128e-10,1.39199067,1.3082015,1.32536293,1.37536293,0.08378916999999997,-0.050000000000000044
5.3228e-10,1.39199067,1.3082015,1.32536293,1.37536293,0.08378916999999997,-0.050000000000000044
5.3328e-10,1.39199067,1.3082015,1.32536293,1.37536293,0.08378916999999997,-0.050000000000000044
5.3428e-10,1.39199067,1.3082015,1.32536293,1.37536293,0.08378916999999997,-0.050000000000000044
5.3528e-10,1.39199067,1.3082015,1.32536293,1.37536293,0.08378916999999997,-0.050000000000000044
5.3628e-10,1.39199067,1.3082015,1.32536293,1.37536293,0.08378916999999997,-0.050000000000000044
5.3728e-10,1.39199067,1.3082015,1.32536293,1.37536293,0.08378916999999997,-0.050000000000000044
5.3828e-10,1.39199067,1.3082015,1.32536293,1.37536293,0.08378916999999997,-0.050000000000000044
5.3928e-10,1.39199067,1.3082015,1.32536293,1.37536293,0.08378916999999997,-0.050000000000000044
5.4028e-10,1.39199067,1.3082015,1.32536293,1.37536293,0.08378916999999997,-0.050000000000000044
5.4128e-10,1.39199067,1.3082015,1.32536293,1.37536293,0.08378916999999997,-0.050000000000000044
5.4228e-10,1.39199067,1.3082015,1.32536293,1.37536293,0.08378916999999997,-0.050000000000000044
5.4328e-10,1.39199067,1.3082015,1.32536293,1.37536293,0.08378916999999997,-0.050000000000000044
5.4428e-10,1.39199067,1.3082015,1.32536293,1.37536293,0.08378916999999997,-0.050000000000000044
5.4528e-10,1.39199067,1.3082015,1.32536293,1.37536293,0.08378916999999997,-0.050000000000000044
5.4628e-10,1.39199067,1.3082015,1.32536293,1.37536293,0.08378916999999997,-0.050000000000000044
5.4728e-10,1.39199067,1.3082015,1.32536293,1.37536293,0.08378916999999997,-0.050000000000000044
5.4828e-10,1.39199067,1.3082015,1.32536293,1.37536293,0.08378916999999997,-0.050000000000000044
5.4928e-10,1.39199067,1.3082015,1.32536293,1.37536293,0.08378916999999997,-0.050000000000000044
5.5028e-10,1.39199067,1.3082015,1.32536293,1.37536293,0.08378916999999997,-0.050000000000000044
5.5128e-10,1.39199067,1.3082015,1.32536293,1.37536293,0.08378916999999997,-0.050000000000000044
5.5228e-10,1.39199067,1.3082015,1.32536293,1.37536293,0.08378916999999997,-0.050000000000000044
5.5328e-10,1.39199067,1.3082015,1.32536293,1.37536293,0.08378916999999997,-0.050000000000000044
5.5428e-10,1.39199067,1.3082015,1.32536293,1.37536293,0.08378916999999997,-0.050000000000000044
5.5528e-10,1.39199067,1.3082015,1.32536293,1.37536293,0.08378916999999997,-0.050000000000000044
5.5628e-10,1.39199067,1.3082015,1.32536293,1.37536293,0.08378916999999997,-0.050000000000000044
5.5728e-10,1.39199067,1.3082015,1.32536293,1.37536293,0.08378916999999997,-0.050000000000000044
5.5828e-10,1.39199067,1.3082015,1.32536293,1.37536293,0.08378916999999997,-0.050000000000000044
5.5928e-10,1.39199067,1.3082015,1.32536293,1.37536293,0.08378916999999997,-0.050000000000000044
5.6028e-10,1.39199067,1.3082015,1.32536293,1.37536293,0.08378916999999997,-0.050000000000000044
5.6128e-10,1.39199067,1.3082015,1.32536293,1.37536293,0.08378916999999997,-0.050000000000000044
5.6228e-10,1.39199067,1.3082015,1.32536293,1.37536293,0.08378916999999997,-0.050000000000000044
5.6328e-10,1.39199067,1.3082015,1.32536293,1.37536293,0.08378916999999997,-0.050000000000000044
5.6428e-10,1.39199067,1.3082015,1.32536293,1.37536293,0.08378916999999997,-0.050000000000000044
5.6528e-10,1.39199067,1.3082015,1.32536293,1.37536293,0.08378916999999997,-0.050000000000000044
5.6628e-10,1.39199067,1.3082015,1.32536293,1.37536293,0.08378916999999997,-0.050000000000000044
5.6728e-10,1.39199067,1.3082015,1.32536293,1.37536293,0.08378916999999997,-0.050000000000000044
5.6828e-10,1.39199067,1.3082015,1.32536293,1.37536293,0.08378916999999997,-0.050000000000000044
5.6928e-10,1.39199067,1.30820151,1.32536293,1.37536293,0.08378916000000003,-0.050000000000000044
5.7028e-10,1.39199067,1.30820151,1.32536293,1.37536293,0.08378916000000003,-0.050000000000000044
5.7128e-10,1.39199067,1.30820151,1.32536293,1.37536293,0.08378916000000003,-0.050000000000000044
5.714286e-10,1.39199067,1.30820151,1.32536293,1.37536293,0.08378916000000003,-0.050000000000000044
5.715286e-10,1.39200893,1.30818384,1.32647404,1.37425182,0.08382508999999994,-0.0477777800000001
5.717286e-10,1.39204473,1.30815187,1.32869626,1.3720296,0.08389285999999996,-0.04333334
5.721286e-10,1.39202393,1.30821417,1.33314071,1.36758515,0.08380975999999984,-0.03444444000000013
5.729286e-10,1.3910877,1.30947205,1.3420296,1.35869626,0.08161564999999982,-0.016666660000000055
5.739286e-10,1.38764209,1.31375711,1.35314071,1.34758515,0.07388497999999988,0.005555559999999904
5.749286e-10,1.38145167,1.32098277,1.36425182,1.33647404,0.060468899999999826,0.027777780000000085
5.759286e-10,1.37269908,1.33050348,1.37536293,1.32536293,0.04219560000000011,0.050000000000000044
5.760286e-10,1.37166414,1.33158271,1.37536293,1.32536293,0.040081430000000084,0.050000000000000044
5.762286e-10,1.36955492,1.33376661,1.37536293,1.32536293,0.03578830999999982,0.050000000000000044
5.766286e-10,1.36521586,1.33818129,1.37536293,1.32536293,0.02703456999999987,0.050000000000000044
5.774286e-10,1.35679013,1.34656024,1.37536293,1.32536293,0.010229889999999964,0.050000000000000044
5.784286e-10,1.34763539,1.3554767,1.37536293,1.32536293,-0.007841310000000101,0.050000000000000044
5.794286e-10,1.34039856,1.36244,1.37536293,1.32536293,-0.02204144000000019,0.050000000000000044
5.804286e-10,1.33490419,1.36769978,1.37536293,1.32536293,-0.032795589999999875,0.050000000000000044
5.814286e-10,1.33077148,1.3716479,1.37536293,1.32536293,-0.040876420000000024,0.050000000000000044
5.824286e-10,1.32764079,1.37463217,1.37536293,1.32536293,-0.046991379999999916,0.050000000000000044
5.834286e-10,1.32525054,1.37690159,1.37536293,1.32536293,-0.05165104999999981,0.050000000000000044
5.844286e-10,1.3234235,1.37862673,1.37536293,1.32536293,-0.055203229999999825,0.050000000000000044
5.854286e-10,1.32203105,1.37993316,1.37536293,1.32536293,-0.057902109999999896,0.050000000000000044
5.864286e-10,1.32097235,1.38091931,1.37536293,1.32536293,-0.059946959999999994,0.050000000000000044
5.874286e-10,1.32016754,1.38166263,1.37536293,1.32536293,-0.061495089999999974,0.050000000000000044
5.884286e-10,1.31955518,1.38222238,1.37536293,1.32536293,-0.06266719999999992,0.050000000000000044
5.892857e-10,1.31914854,1.38258967,1.37536293,1.32536293,-0.06344112999999996,0.050000000000000044
5.893857e-10,1.31908998,1.38264438,1.37425182,1.32647404,-0.0635543999999999,0.0477777800000001
5.895857e-10,1.31897831,1.38275069,1.3720296,1.32869626,-0.06377237999999985,0.04333334
5.899857e-10,1.31889273,1.38285535,1.36758515,1.33314071,-0.06396262000000008,0.03444444000000013
5.907857e-10,1.31988539,1.38209717,1.35869626,1.3420296,-0.06221177999999994,0.016666660000000055
5.917857e-10,1.32386015,1.37873221,1.34758515,1.35314071,-0.05487205999999989,-0.005555559999999904
5.927857e-10,1.33076439,1.37248447,1.33647404,1.36425182,-0.04172008000000016,-0.027777780000000085
5.937857e-10,1.33993241,1.36357594,1.32536293,1.37536293,-0.023643529999999968,-0.050000000000000044
5.938857e-10,1.34097418,1.36252111,1.32536293,1.37536293,-0.021546930000000186,-0.050000000000000044
5.940857e-10,1.34308257,1.36037126,1.32536293,1.37536293,-0.017288689999999995,-0.050000000000000044
5.944857e-10,1.34734428,1.35594717,1.32536293,1.37536293,-0.00860289000000014,-0.050000000000000044
5.952857e-10,1.3554271,1.34735048,1.32536293,1.37536293,0.008076619999999979,-0.050000000000000044
5.962857e-10,1.36402163,1.33800606,1.32536293,1.37536293,0.026015569999999988,-0.050000000000000044
5.972857e-10,1.37073316,1.33062288,1.32536293,1.37536293,0.04011027999999994,-0.050000000000000044
5.982857e-10,1.37580743,1.32502552,1.32536293,1.37536293,0.050781909999999986,-0.050000000000000044
5.992857e-10,1.37962315,1.32082489,1.32536293,1.37536293,0.0587982600000001,-0.050000000000000044
6.002857e-10,1.38251457,1.3176523,1.32536293,1.37536293,0.06486227000000011,-0.050000000000000044
6.012857e-10,1.38472007,1.31523893,1.32536293,1.37536293,0.06948113999999994,-0.050000000000000044
6.022857e-10,1.38640277,1.31340242,1.32536293,1.37536293,0.07300034999999983,-0.050000000000000044
6.032857e-10,1.38768281,1.31201051,1.32536293,1.37536293,0.07567230000000014,-0.050000000000000044
6.042857e-10,1.38865447,1.31095971,1.32536293,1.37536293,0.0776947600000002,-0.050000000000000044
6.052857e-10,1.38939202,1.31016806,1.32536293,1.37536293,0.07922395999999998,-0.050000000000000044
6.062857e-10,1.3899523,1.30957245,1.32536293,1.37536293,0.08037984999999992,-0.050000000000000044
6.072857e-10,1.39037818,1.30912522,1.32536293,1.37536293,0.08125295999999982,-0.050000000000000044
6.082857e-10,1.39070193,1.30879052,1.32536293,1.37536293,0.08191141000000002,-0.050000000000000044
6.092857e-10,1.3909481,1.30854107,1.32536293,1.37536293,0.08240702999999994,-0.050000000000000044
6.102857e-10,1.39113535,1.30835614,1.32536293,1.37536293,0.08277921000000021,-0.050000000000000044
6.112857e-10,1.39127796,1.30821984,1.32536293,1.37536293,0.08305812000000001,-0.050000000000000044
6.122857e-10,1.39138672,1.30812017,1.32536293,1.37536293,0.08326655000000005,-0.050000000000000044
6.132857e-10,1.39146987,1.30804801,1.32536293,1.37536293,0.08342186000000007,-0.050000000000000044
6.142857e-10,1.39153358,1.30799647,1.32536293,1.37536293,0.08353710999999997,-0.050000000000000044
6.152857e-10,1.39158261,1.30796032,1.32536293,1.37536293,0.08362228999999988,-0.050000000000000044
6.162857e-10,1.39162049,1.30793564,1.32536293,1.37536293,0.08368485000000003,-0.050000000000000044
6.172857e-10,1.39164997,1.30791944,1.32536293,1.37536293,0.08373052999999997,-0.050000000000000044
6.182857e-10,1.39167306,1.30790951,1.32536293,1.37536293,0.08376355000000002,-0.050000000000000044
6.192857e-10,1.39169134,1.30790413,1.32536293,1.37536293,0.08378720999999989,-0.050000000000000044
6.202857e-10,1.39170596,1.30790209,1.32536293,1.37536293,0.08380386999999989,-0.050000000000000044
6.212857e-10,1.39171782,1.30790242,1.32536293,1.37536293,0.08381539999999998,-0.050000000000000044
6.222857e-10,1.39172757,1.30790444,1.32536293,1.37536293,0.08382313000000008,-0.050000000000000044
6.232857e-10,1.39173574,1.30790761,1.32536293,1.37536293,0.08382813000000011,-0.050000000000000044
6.242857e-10,1.39174268,1.30791159,1.32536293,1.37536293,0.08383108999999989,-0.050000000000000044
6.252857e-10,1.3917487,1.30791606,1.32536293,1.37536293,0.08383264000000001,-0.050000000000000044
6.262857e-10,1.391754,1.30792085,1.32536293,1.37536293,0.08383315000000002,-0.050000000000000044
6.272857e-10,1.39175875,1.30792579,1.32536293,1.37536293,0.08383295999999985,-0.050000000000000044
6.282857e-10,1.39176307,1.30793079,1.32536293,1.37536293,0.0838322800000002,-0.050000000000000044
6.292857e-10,1.39176705,1.30793578,1.32536293,1.37536293,0.0838312699999999,-0.050000000000000044
6.302857e-10,1.39177076,1.3079407,1.32536293,1.37536293,0.08383005999999993,-0.050000000000000044
6.312857e-10,1.39177426,1.30794553,1.32536293,1.37536293,0.08382873000000002,-0.050000000000000044
6.322857e-10,1.39177758,1.30795025,1.32536293,1.37536293,0.08382733000000009,-0.050000000000000044
6.332857e-10,1.39178075,1.30795484,1.32536293,1.37536293,0.08382590999999984,-0.050000000000000044
6.342857e-10,1.3917838,1.30795929,1.32536293,1.37536293,0.08382450999999991,-0.050000000000000044
6.352857e-10,1.39178674,1.30796361,1.32536293,1.37536293,0.08382312999999986,-0.050000000000000044
6.362857e-10,1.39178959,1.30796781,1.32536293,1.37536293,0.08382177999999985,-0.050000000000000044
6.372857e-10,1.39179236,1.30797187,1.32536293,1.37536293,0.08382048999999991,-0.050000000000000044
6.382857e-10,1.39179505,1.30797582,1.32536293,1.37536293,0.08381923000000002,-0.050000000000000044
6.392857e-10,1.39179767,1.30797964,1.32536293,1.37536293,0.08381802999999999,-0.050000000000000044
6.402857e-10,1.39180023,1.30798336,1.32536293,1.37536293,0.08381687000000015,-0.050000000000000044
6.412857e-10,1.39180274,1.30798696,1.32536293,1.37536293,0.0838157799999999,-0.050000000000000044
6.422857e-10,1.39180519,1.30799047,1.32536293,1.37536293,0.0838147199999999,-0.050000000000000044
6.432857e-10,1.39180759,1.30799389,1.32536293,1.37536293,0.08381369999999988,-0.050000000000000044
6.442857e-10,1.39180993,1.30799722,1.32536293,1.37536293,0.0838127099999999,-0.050000000000000044
6.452857e-10,1.39181224,1.30800046,1.32536293,1.37536293,0.08381178,-0.050000000000000044
6.462857e-10,1.3918145,1.30800362,1.32536293,1.37536293,0.08381087999999992,-0.050000000000000044
6.472857e-10,1.39181671,1.30800671,1.32536293,1.37536293,0.08381000000000016,-0.050000000000000044
6.482857e-10,1.39181889,1.30800973,1.32536293,1.37536293,0.08380915999999994,-0.050000000000000044
6.492857e-10,1.39182102,1.30801268,1.32536293,1.37536293,0.08380834000000004,-0.050000000000000044
6.502857e-10,1.39182312,1.30801557,1.32536293,1.37536293,0.08380754999999995,-0.050000000000000044
6.512857e-10,1.39182518,1.3080184,1.32536293,1.37536293,0.08380678000000019,-0.050000000000000044
6.522857e-10,1.39182721,1.30802117,1.32536293,1.37536293,0.08380604000000003,-0.050000000000000044
6.532857e-10,1.3918292,1.30802388,1.32536293,1.37536293,0.08380532000000018,-0.050000000000000044
6.542857e-10,1.39183116,1.30802655,1.32536293,1.37536293,0.08380461000000006,-0.050000000000000044
6.552857e-10,1.39183309,1.30802916,1.32536293,1.37536293,0.08380392999999997,-0.050000000000000044
6.562857e-10,1.39183499,1.30803172,1.32536293,1.37536293,0.08380326999999999,-0.050000000000000044
6.572857e-10,1.39183685,1.30803424,1.32536293,1.37536293,0.08380261,-0.050000000000000044
6.582857e-10,1.39183869,1.30803671,1.32536293,1.37536293,0.08380197999999983,-0.050000000000000044
6.592857e-10,1.3918405,1.30803914,1.32536293,1.37536293,0.08380136000000005,-0.050000000000000044
6.602857e-10,1.39184228,1.30804153,1.32536293,1.37536293,0.0838007500000002,-0.050000000000000044
6.612857e-10,1.39184404,1.30804387,1.32536293,1.37536293,0.08380016999999995,-0.050000000000000044
6.622857e-10,1.39184577,1.30804618,1.32536293,1.37536293,0.08379958999999992,-0.050000000000000044
6.632857e-10,1.39184748,1.30804845,1.32536293,1.37536293,0.08379903,-0.050000000000000044
6.642857e-10,1.39184915,1.30805068,1.32536293,1.37536293,0.08379847000000007,-0.050000000000000044
6.652857e-10,1.39185081,1.30805288,1.32536293,1.37536293,0.08379793000000002,-0.050000000000000044
6.662857e-10,1.39185244,1.30805504,1.32536293,1.37536293,0.08379740000000013,-0.050000000000000044
6.672857e-10,1.39185405,1.30805717,1.32536293,1.37536293,0.08379687999999996,-0.050000000000000044
6.682857e-10,1.39185564,1.30805927,1.32536293,1.37536293,0.08379636999999995,-0.050000000000000044
6.692857e-10,1.3918572,1.30806133,1.32536293,1.37536293,0.0837958700000001,-0.050000000000000044
6.702857e-10,1.39185874,1.30806336,1.32536293,1.37536293,0.08379537999999997,-0.050000000000000044
6.712857e-10,1.39186027,1.30806536,1.32536293,1.37536293,0.08379490999999994,-0.050000000000000044
6.722857e-10,1.39186177,1.30806734,1.32536293,1.37536293,0.08379442999999998,-0.050000000000000044
6.732857e-10,1.39186325,1.30806928,1.32536293,1.37536293,0.0837939700000001,-0.050000000000000044
6.742857e-10,1.39186471,1.30807119,1.32536293,1.37536293,0.08379351999999995,-0.050000000000000044
6.752857e-10,1.39186615,1.30807308,1.32536293,1.37536293,0.08379307000000003,-0.050000000000000044
6.762857e-10,1.39186757,1.30807493,1.32536293,1.37536293,0.08379263999999997,-0.050000000000000044
6.772857e-10,1.39186897,1.30807677,1.32536293,1.37536293,0.08379219999999998,-0.050000000000000044
6.782857e-10,1.39187035,1.30807857,1.32536293,1.37536293,0.0837917800000001,-0.050000000000000044
6.792857e-10,1.39187172,1.30808035,1.32536293,1.37536293,0.08379136999999992,-0.050000000000000044
6.802857e-10,1.39187307,1.3080821,1.32536293,1.37536293,0.08379096999999991,-0.050000000000000044
6.812857e-10,1.3918744,1.30808383,1.32536293,1.37536293,0.08379057000000012,-0.050000000000000044
6.822857e-10,1.39187571,1.30808553,1.32536293,1.37536293,0.08379018000000005,-0.050000000000000044
6.832857e-10,1.391877,1.30808721,1.32536293,1.37536293,0.08378978999999998,-0.050000000000000044
6.842857e-10,1.39187828,1.30808887,1.32536293,1.37536293,0.08378941000000006,-0.050000000000000044
6.852857e-10,1.39187954,1.3080905,1.32536293,1.37536293,0.08378903999999987,-0.050000000000000044
6.862857e-10,1.39188079,1.30809211,1.32536293,1.37536293,0.08378868000000006,-0.050000000000000044
6.872857e-10,1.39188202,1.3080937,1.32536293,1.37536293,0.08378832000000003,-0.050000000000000044
6.882857e-10,1.39188323,1.30809527,1.32536293,1.37536293,0.08378796,-0.050000000000000044
6.892857e-10,1.39188443,1.30809681,1.32536293,1.37536293,0.08378761999999984,-0.050000000000000044
6.902857e-10,1.39188561,1.30809833,1.32536293,1.37536293,0.08378728000000013,-0.050000000000000044
6.912857e-10,1.39188678,1.30809983,1.32536293,1.37536293,0.08378695000000014,-0.050000000000000044
6.922857e-10,1.39188793,1.30810132,1.32536293,1.37536293,0.08378660999999998,-0.050000000000000044
6.932857e-10,1.39188906,1.30810278,1.32536293,1.37536293,0.08378627999999999,-0.050000000000000044
6.942857e-10,1.39189019,1.30810422,1.32536293,1.37536293,0.0837859700000001,-0.050000000000000044
6.952857e-10,1.3918913,1.30810564,1.32536293,1.37536293,0.08378565999999998,-0.050000000000000044
6.962857e-10,1.39189239,1.30810704,1.32536293,1.37536293,0.08378534999999987,-0.050000000000000044
6.972857e-10,1.39189347,1.30810842,1.32536293,1.37536293,0.08378505000000014,-0.050000000000000044
6.982857e-10,1.39189453,1.30810978,1.32536293,1.37536293,0.08378474999999996,-0.050000000000000044
6.992857e-10,1.39189559,1.30811113,1.32536293,1.37536293,0.08378446000000017,-0.050000000000000044
7.002857e-10,1.39189662,1.30811245,1.32536293,1.37536293,0.08378416999999994,-0.050000000000000044
7.012857e-10,1.39189765,1.30811376,1.32536293,1.37536293,0.08378389000000008,-0.050000000000000044
7.022857e-10,1.39189866,1.30811505,1.32536293,1.37536293,0.08378361000000001,-0.050000000000000044
7.032857e-10,1.39189966,1.30811632,1.32536293,1.37536293,0.08378333999999987,-0.050000000000000044
7.042857e-10,1.39190065,1.30811758,1.32536293,1.37536293,0.08378306999999996,-0.050000000000000044
7.052857e-10,1.39190162,1.30811882,1.32536293,1.37536293,0.08378280000000005,-0.050000000000000044
7.062857e-10,1.39190258,1.30812004,1.32536293,1.37536293,0.08378254000000007,-0.050000000000000044
7.072857e-10,1.39190353,1.30812124,1.32536293,1.37536293,0.08378229000000004,-0.050000000000000044
7.082857e-10,1.39190447,1.30812243,1.32536293,1.37536293,0.08378204,-0.050000000000000044
7.092857e-10,1.3919054,1.30812361,1.32536293,1.37536293,0.08378178999999997,-0.050000000000000044
7.102857e-10,1.39190631,1.30812476,1.32536293,1.37536293,0.08378154999999987,-0.050000000000000044
7.112857e-10,1.39190721,1.3081259,1.32536293,1.37536293,0.08378131,-0.050000000000000044
7.122857e-10,1.3919081,1.30812703,1.32536293,1.37536293,0.0837810699999999,-0.050000000000000044
7.132857e-10,1.39190898,1.30812814,1.32536293,1.37536293,0.08378083999999997,-0.050000000000000044
7.142857e-10,1.39190985,1.30812924,1.32536293,1.37536293,0.08378061000000003,-0.050000000000000044
7.152857e-10,1.3919107,1.30813032,1.32536293,1.37536293,0.08378037999999988,-0.050000000000000044
7.162857e-10,1.39191155,1.30813138,1.32536293,1.37536293,0.08378017000000004,-0.050000000000000044
7.172857e-10,1.39191239,1.30813244,1.32536293,1.37536293,0.08377995000000005,-0.050000000000000044
7.182857e-10,1.39191321,1.30813347,1.32536293,1.37536293,0.08377973999999999,-0.050000000000000044
7.192857e-10,1.39191402,1.3081345,1.32536293,1.37536293,0.08377952,-0.050000000000000044
7.202857e-10,1.39191483,1.30813551,1.32536293,1.37536293,0.08377931999999988,-0.050000000000000044
7.212857e-10,1.39191562,1.30813651,1.32536293,1.37536293,0.08377911000000005,-0.050000000000000044
7.222857e-10,1.3919164,1.30813749,1.32536293,1.37536293,0.08377890999999993,-0.050000000000000044
7.232857e-10,1.39191718,1.30813846,1.32536293,1.37536293,0.0837787200000002,-0.050000000000000044
7.242857e-10,1.39191794,1.30813942,1.32536293,1.37536293,0.08377851999999986,-0.050000000000000044
7.252857e-10,1.39191869,1.30814036,1.32536293,1.37536293,0.08377833000000012,-0.050000000000000044
7.262857e-10,1.39191944,1.30814129,1.32536293,1.37536293,0.08377814999999988,-0.050000000000000044
7.272857e-10,1.39192017,1.30814221,1.32536293,1.37536293,0.08377795999999993,-0.050000000000000044
7.282857e-10,1.3919209,1.30814312,1.32536293,1.37536293,0.08377777999999991,-0.050000000000000044
7.292857e-10,1.39192161,1.30814401,1.32536293,1.37536293,0.08377760000000012,-0.050000000000000044
7.302857e-10,1.39192232,1.3081449,1.32536293,1.37536293,0.08377741999999988,-0.050000000000000044
7.312857e-10,1.39192302,1.30814577,1.32536293,1.37536293,0.0837772499999998,-0.050000000000000044
7.322857e-10,1.3919237,1.30814663,1.32536293,1.37536293,0.08377707000000001,-0.050000000000000044
7.332857e-10,1.39192438,1.30814748,1.32536293,1.37536293,0.08377690000000015,-0.050000000000000044
7.342857e-10,1.39192506,1.30814831,1.32536293,1.37536293,0.08377674999999996,-0.050000000000000044
7.352857e-10,1.39192572,1.30814914,1.32536293,1.37536293,0.08377657999999988,-0.050000000000000044
7.362857e-10,1.39192637,1.30814995,1.32536293,1.37536293,0.08377641999999996,-0.050000000000000044
7.372857e-10,1.39192702,1.30815076,1.32536293,1.37536293,0.08377626000000005,-0.050000000000000044
7.382857e-10,1.39192766,1.30815155,1.32536293,1.37536293,0.08377610999999985,-0.050000000000000044
7.392857e-10,1.39192829,1.30815233,1.32536293,1.37536293,0.0837759600000001,-0.050000000000000044
7.402857e-10,1.39192891,1.3081531,1.32536293,1.37536293,0.08377581000000012,-0.050000000000000044
7.412857e-10,1.39192952,1.30815387,1.32536293,1.37536293,0.08377564999999998,-0.050000000000000044
7.422857e-10,1.39193013,1.30815462,1.32536293,1.37536293,0.08377550999999994,-0.050000000000000044
7.432857e-10,1.39193073,1.30815536,1.32536293,1.37536293,0.0837753699999999,-0.050000000000000044
7.442857e-10,1.39193132,1.30815609,1.32536293,1.37536293,0.08377523000000009,-0.050000000000000044
7.452857e-10,1.3919319,1.30815681,1.32536293,1.37536293,0.08377509000000005,-0.050000000000000044
7.462857e-10,1.39193247,1.30815753,1.32536293,1.37536293,0.08377494000000008,-0.050000000000000044
7.472857e-10,1.39193304,1.30815823,1.32536293,1.37536293,0.08377480999999998,-0.050000000000000044
7.482857e-10,1.3919336,1.30815892,1.32536293,1.37536293,0.0837746800000001,-0.050000000000000044
7.492857e-10,1.39193416,1.30815961,1.32536293,1.37536293,0.08377455,-0.050000000000000044
7.502857e-10,1.3919347,1.30816028,1.32536293,1.37536293,0.0837744199999999,-0.050000000000000044
7.512857e-10,1.39193524,1.30816095,1.32536293,1.37536293,0.08377429000000003,-0.050000000000000044
7.522857e-10,1.39193578,1.30816161,1.32536293,1.37536293,0.08377417000000009,-0.050000000000000044
7.532857e-10,1.3919363,1.30816226,1.32536293,1.37536293,0.08377404,-0.050000000000000044
7.542857e-10,1.39193682,1.3081629,1.32536293,1.37536293,0.08377392000000006,-0.050000000000000044
7.552857e-10,1.39193734,1.30816353,1.32536293,1.37536293,0.08377380999999984,-0.050000000000000044
7.562857e-10,1.39193784,1.30816415,1.32536293,1.37536293,0.0837736899999999,-0.050000000000000044
7.572857e-10,1.39193834,1.30816477,1.32536293,1.37536293,0.08377356999999996,-0.050000000000000044
7.582857e-10,1.39193883,1.30816538,1.32536293,1.37536293,0.08377345000000003,-0.050000000000000044
7.592857e-10,1.39193932,1.30816597,1.32536293,1.37536293,0.08377335000000019,-0.050000000000000044
7.602857e-10,1.3919398,1.30816657,1.32536293,1.37536293,0.08377323000000003,-0.050000000000000044
7.612857e-10,1.39194028,1.30816715,1.32536293,1.37536293,0.08377312999999997,-0.050000000000000044
7.622857e-10,1.39194075,1.30816772,1.32536293,1.37536293,0.08377303000000014,-0.050000000000000044
7.632857e-10,1.39194121,1.30816829,1.32536293,1.37536293,0.08377291999999992,-0.050000000000000044
7.642857e-10,1.39194167,1.30816885,1.32536293,1.37536293,0.08377282000000008,-0.050000000000000044
7.652857e-10,1.39194212,1.30816941,1.32536293,1.37536293,0.08377270999999986,-0.050000000000000044
7.662857e-10,1.39194256,1.30816995,1.32536293,1.37536293,0.08377261000000003,-0.050000000000000044
7.672857e-10,1.391943,1.30817049,1.32536293,1.37536293,0.08377250999999997,-0.050000000000000044
7.682857e-10,1.39194344,1.30817102,1.32536293,1.37536293,0.08377241999999985,-0.050000000000000044
7.692857e-10,1.39194387,1.30817155,1.32536293,1.37536293,0.08377232000000001,-0.050000000000000044
7.702857e-10,1.39194429,1.30817207,1.32536293,1.37536293,0.08377222000000017,-0.050000000000000044
7.712857e-10,1.39194471,1.30817258,1.32536293,1.37536293,0.08377213000000006,-0.050000000000000044
7.722857e-10,1.39194512,1.30817308,1.32536293,1.37536293,0.08377203999999994,-0.050000000000000044
7.732857e-10,1.39194553,1.30817358,1.32536293,1.37536293,0.08377195000000004,-0.050000000000000044
7.742857e-10,1.39194593,1.30817407,1.32536293,1.37536293,0.08377186000000014,-0.050000000000000044
7.752857e-10,1.39194632,1.30817455,1.32536293,1.37536293,0.08377177000000002,-0.050000000000000044
7.762857e-10,1.39194672,1.30817503,1.32536293,1.37536293,0.08377169000000007,-0.050000000000000044
7.772857e-10,1.3919471,1.3081755,1.32536293,1.37536293,0.08377160000000017,-0.050000000000000044
7.782857e-10,1.39194748,1.30817597,1.32536293,1.37536293,0.08377151000000005,-0.050000000000000044
7.792857e-10,1.39194786,1.30817643,1.32536293,1.37536293,0.08377142999999987,-0.050000000000000044
7.802857e-10,1.39194823,1.30817688,1.32536293,1.37536293,0.08377134999999991,-0.050000000000000044
7.812857e-10,1.3919486,1.30817733,1.32536293,1.37536293,0.08377127000000018,-0.050000000000000044
7.822857e-10,1.39194896,1.30817777,1.32536293,1.37536293,0.08377119,-0.050000000000000044
7.832857e-10,1.39194932,1.30817821,1.32536293,1.37536293,0.08377111000000004,-0.050000000000000044
7.842857e-10,1.39194968,1.30817864,1.32536293,1.37536293,0.08377104000000002,-0.050000000000000044
7.852857e-10,1.39195003,1.30817906,1.32536293,1.37536293,0.08377097,-0.050000000000000044
7.862857e-10,1.39195037,1.30817948,1.32536293,1.37536293,0.08377089000000004,-0.050000000000000044
7.872857e-10,1.39195071,1.30817989,1.32536293,1.37536293,0.08377082000000002,-0.050000000000000044
7.882857e-10,1.39195105,1.3081803,1.32536293,1.37536293,0.08377075,-0.050000000000000044
7.892857e-10,1.39195138,1.30818071,1.32536293,1.37536293,0.08377067000000005,-0.050000000000000044
7.902857e-10,1.39195171,1.3081811,1.32536293,1.37536293,0.08377060999999997,-0.050000000000000044
7.912857e-10,1.39195203,1.3081815,1.32536293,1.37536293,0.08377052999999979,-0.050000000000000044
7.922857e-10,1.39195235,1.30818188,1.32536293,1.37536293,0.08377046999999993,-0.050000000000000044
7.932857e-10,1.39195266,1.30818227,1.32536293,1.37536293,0.08377038999999997,-0.050000000000000044
7.942857e-10,1.39195297,1.30818264,1.32536293,1.37536293,0.08377032999999989,-0.050000000000000044
7.952857e-10,1.39195328,1.30818301,1.32536293,1.37536293,0.08377027000000004,-0.050000000000000044
7.962857e-10,1.39195359,1.30818338,1.32536293,1.37536293,0.08377020999999996,-0.050000000000000044
7.972857e-10,1.39195389,1.30818374,1.32536293,1.37536293,0.08377014999999988,-0.050000000000000044
7.982857e-10,1.39195418,1.3081841,1.32536293,1.37536293,0.08377007999999986,-0.050000000000000044
7.992857e-10,1.39195447,1.30818446,1.32536293,1.37536293,0.08377000999999984,-0.050000000000000044
8.002857e-10,1.39195476,1.3081848,1.32536293,1.37536293,0.08376995999999992,-0.050000000000000044
8.012857e-10,1.39195505,1.30818515,1.32536293,1.37536293,0.08376990000000006,-0.050000000000000044
8.022857e-10,1.39195533,1.30818549,1.32536293,1.37536293,0.08376983999999998,-0.050000000000000044
8.032857e-10,1.3919556,1.30818582,1.32536293,1.37536293,0.0837697799999999,-0.050000000000000044
8.042857e-10,1.39195588,1.30818615,1.32536293,1.37536293,0.08376972999999999,-0.050000000000000044
8.052857e-10,1.39195615,1.30818648,1.32536293,1.37536293,0.08376966999999991,-0.050000000000000044
8.062857e-10,1.39195642,1.3081868,1.32536293,1.37536293,0.08376961999999999,-0.050000000000000044
8.072857e-10,1.39195668,1.30818712,1.32536293,1.37536293,0.08376956000000013,-0.050000000000000044
8.082857e-10,1.39195694,1.30818743,1.32536293,1.37536293,0.08376950999999999,-0.050000000000000044
8.092857e-10,1.3919572,1.30818774,1.32536293,1.37536293,0.08376946000000007,-0.050000000000000044
8.102857e-10,1.39195745,1.30818805,1.32536293,1.37536293,0.0837694,-0.050000000000000044
8.112857e-10,1.3919577,1.30818835,1.32536293,1.37536293,0.08376935000000008,-0.050000000000000044
8.122857e-10,1.39195795,1.30818865,1.32536293,1.37536293,0.08376930000000016,-0.050000000000000044
8.132857e-10,1.39195819,1.30818894,1.32536293,1.37536293,0.08376925000000002,-0.050000000000000044
8.142857e-10,1.39195843,1.30818923,1.32536293,1.37536293,0.0837692000000001,-0.050000000000000044
8.152857e-10,1.39195867,1.30818952,1.32536293,1.37536293,0.08376914999999996,-0.050000000000000044
8.162857e-10,1.39195891,1.3081898,1.32536293,1.37536293,0.08376910999999998,-0.050000000000000044
8.172857e-10,1.39195914,1.30819008,1.32536293,1.37536293,0.08376906000000006,-0.050000000000000044
8.182857e-10,1.39195937,1.30819036,1.32536293,1.37536293,0.08376900999999992,-0.050000000000000044
8.192857e-10,1.3919596,1.30819063,1.32536293,1.37536293,0.08376897000000016,-0.050000000000000044
8.202857e-10,1.39195982,1.3081909,1.32536293,1.37536293,0.08376892000000002,-0.050000000000000044
8.212857e-10,1.39196004,1.30819116,1.32536293,1.37536293,0.08376888000000005,-0.050000000000000044
8.222857e-10,1.39196026,1.30819142,1.32536293,1.37536293,0.08376884000000007,-0.050000000000000044
8.232857e-10,1.39196047,1.30819168,1.32536293,1.37536293,0.08376878999999993,-0.050000000000000044
8.242857e-10,1.39196069,1.30819194,1.32536293,1.37536293,0.08376874999999995,-0.050000000000000044
8.252857e-10,1.3919609,1.30819219,1.32536293,1.37536293,0.08376870999999997,-0.050000000000000044
8.262857e-10,1.3919611,1.30819244,1.32536293,1.37536293,0.08376866000000005,-0.050000000000000044
8.272857e-10,1.39196131,1.30819268,1.32536293,1.37536293,0.08376862999999979,-0.050000000000000044
8.282857e-10,1.39196151,1.30819292,1.32536293,1.37536293,0.08376859000000003,-0.050000000000000044
8.292857e-10,1.39196171,1.30819316,1.32536293,1.37536293,0.08376854999999983,-0.050000000000000044
8.302857e-10,1.39196191,1.3081934,1.32536293,1.37536293,0.08376851000000007,-0.050000000000000044
8.312857e-10,1.3919621,1.30819363,1.32536293,1.37536293,0.08376846999999987,-0.050000000000000044
8.322857e-10,1.39196229,1.30819386,1.32536293,1.37536293,0.0837684299999999,-0.050000000000000044
8.332857e-10,1.39196248,1.30819409,1.32536293,1.37536293,0.08376838999999991,-0.050000000000000044
8.342857e-10,1.39196267,1.30819431,1.32536293,1.37536293,0.0837683600000001,-0.050000000000000044
8.352857e-10,1.39196285,1.30819453,1.32536293,1.37536293,0.08376832000000012,-0.050000000000000044
8.362857e-10,1.39196304,1.30819475,1.32536293,1.37536293,0.08376829000000008,-0.050000000000000044
8.372857e-10,1.39196322,1.30819497,1.32536293,1.37536293,0.0837682500000001,-0.050000000000000044
8.382857e-10,1.3919634,1.30819518,1.32536293,1.37536293,0.08376822000000006,-0.050000000000000044
8.392857e-10,1.39196357,1.30819539,1.32536293,1.37536293,0.08376817999999986,-0.050000000000000044
8.402857e-10,1.39196375,1.3081956,1.32536293,1.37536293,0.08376815000000004,-0.050000000000000044
8.412857e-10,1.39196392,1.3081958,1.32536293,1.37536293,0.08376812,-0.050000000000000044
8.422857e-10,1.39196409,1.308196,1.32536293,1.37536293,0.08376809000000018,-0.050000000000000044
8.432857e-10,1.39196425,1.3081962,1.32536293,1.37536293,0.08376804999999998,-0.050000000000000044
8.442857e-10,1.39196442,1.3081964,1.32536293,1.37536293,0.08376802000000017,-0.050000000000000044
8.452857e-10,1.39196458,1.30819659,1.32536293,1.37536293,0.0837679899999999,-0.050000000000000044
8.462857e-10,1.39196474,1.30819678,1.32536293,1.37536293,0.08376795999999986,-0.050000000000000044
8.472857e-10,1.3919649,1.30819697,1.32536293,1.37536293,0.08376793000000005,-0.050000000000000044
8.482857e-10,1.39196506,1.30819716,1.32536293,1.37536293,0.0837679,-0.050000000000000044
8.492857e-10,1.39196521,1.30819734,1.32536293,1.37536293,0.08376786999999997,-0.050000000000000044
8.502857e-10,1.39196537,1.30819753,1.32536293,1.37536293,0.08376784000000015,-0.050000000000000044
8.512857e-10,1.39196552,1.30819771,1.32536293,1.37536293,0.08376781000000011,-0.050000000000000044
8.522857e-10,1.39196567,1.30819788,1.32536293,1.37536293,0.08376779000000001,-0.050000000000000044
8.532857e-10,1.39196581,1.30819806,1.32536293,1.37536293,0.08376775000000003,-0.050000000000000044
8.542857e-10,1.39196596,1.30819823,1.32536293,1.37536293,0.08376773000000015,-0.050000000000000044
8.552857e-10,1.3919661,1.3081984,1.32536293,1.37536293,0.08376770000000011,-0.050000000000000044
8.562857e-10,1.39196625,1.30819857,1.32536293,1.37536293,0.08376768000000001,-0.050000000000000044
8.572857e-10,1.39196639,1.30819874,1.32536293,1.37536293,0.0837676500000002,-0.050000000000000044
8.582857e-10,1.39196653,1.3081989,1.32536293,1.37536293,0.08376762999999987,-0.050000000000000044
8.592857e-10,1.39196666,1.30819906,1.32536293,1.37536293,0.08376760000000005,-0.050000000000000044
8.602857e-10,1.3919668,1.30819922,1.32536293,1.37536293,0.08376757999999995,-0.050000000000000044
8.612857e-10,1.39196693,1.30819938,1.32536293,1.37536293,0.08376754999999991,-0.050000000000000044
8.622857e-10,1.39196706,1.30819954,1.32536293,1.37536293,0.0837675200000001,-0.050000000000000044
8.632857e-10,1.39196719,1.30819969,1.32536293,1.37536293,0.0837675,-0.050000000000000044
8.642857e-10,1.39196732,1.30819984,1.32536293,1.37536293,0.08376748000000012,-0.050000000000000044
8.652857e-10,1.39196745,1.30819999,1.32536293,1.37536293,0.08376746000000002,-0.050000000000000044
8.662857e-10,1.39196757,1.30820014,1.32536293,1.37536293,0.08376742999999998,-0.050000000000000044
8.672857e-10,1.3919677,1.30820029,1.32536293,1.37536293,0.08376740999999988,-0.050000000000000044
8.682857e-10,1.39196782,1.30820043,1.32536293,1.37536293,0.08376739,-0.050000000000000044
8.692857e-10,1.39196794,1.30820058,1.32536293,1.37536293,0.08376735999999996,-0.050000000000000044
8.702857e-10,1.39196806,1.30820072,1.32536293,1.37536293,0.08376733999999986,-0.050000000000000044
8.712857e-10,1.39196818,1.30820086,1.32536293,1.37536293,0.0837673200000002,-0.050000000000000044
8.722857e-10,1.39196829,1.30820099,1.32536293,1.37536293,0.0837673000000001,-0.050000000000000044
8.732857e-10,1.39196841,1.30820113,1.32536293,1.37536293,0.08376728,-0.050000000000000044
8.742857e-10,1.39196852,1.30820126,1.32536293,1.37536293,0.08376726000000012,-0.050000000000000044
8.752857e-10,1.39196863,1.3082014,1.32536293,1.37536293,0.08376723000000008,-0.050000000000000044
8.762857e-10,1.39196875,1.30820153,1.32536293,1.37536293,0.08376721999999992,-0.050000000000000044
8.772857e-10,1.39196886,1.30820166,1.32536293,1.37536293,0.08376720000000004,-0.050000000000000044
8.782857e-10,1.39196896,1.30820178,1.32536293,1.37536293,0.08376717999999994,-0.050000000000000044
8.792857e-10,1.39196907,1.30820191,1.32536293,1.37536293,0.08376716000000006,-0.050000000000000044
8.802857e-10,1.39196918,1.30820203,1.32536293,1.37536293,0.08376715000000012,-0.050000000000000044
8.812857e-10,1.39196928,1.30820216,1.32536293,1.37536293,0.08376712000000008,-0.050000000000000044
8.822857e-10,1.39196938,1.30820228,1.32536293,1.37536293,0.08376709999999998,-0.050000000000000044
8.832857e-10,1.39196948,1.3082024,1.32536293,1.37536293,0.08376707999999988,-0.050000000000000044
8.842857e-10,1.39196958,1.30820252,1.32536293,1.37536293,0.08376706,-0.050000000000000044
8.852857e-10,1.39196968,1.30820263,1.32536293,1.37536293,0.08376705000000007,-0.050000000000000044
8.862857e-10,1.39196978,1.30820275,1.32536293,1.37536293,0.08376702999999996,-0.050000000000000044
8.872857e-10,1.39196988,1.30820286,1.32536293,1.37536293,0.08376702000000003,-0.050000000000000044
8.882857e-10,1.39196997,1.30820297,1.32536293,1.37536293,0.08376699999999992,-0.050000000000000044
8.892857e-10,1.39197007,1.30820308,1.32536293,1.37536293,0.08376698999999999,-0.050000000000000044
8.902857e-10,1.39197016,1.30820319,1.32536293,1.37536293,0.08376697000000011,-0.050000000000000044
8.912857e-10,1.39197025,1.3082033,1.32536293,1.37536293,0.08376695,-0.050000000000000044
8.922857e-10,1.39197034,1.30820341,1.32536293,1.37536293,0.08376693000000013,-0.050000000000000044
8.932857e-10,1.39197043,1.30820351,1.32536293,1.37536293,0.08376691999999997,-0.050000000000000044
8.942857e-10,1.39197052,1.30820362,1.32536293,1.37536293,0.08376690000000009,-0.050000000000000044
8.952857e-10,1.39197061,1.30820372,1.32536293,1.37536293,0.08376688999999993,-0.050000000000000044
8.962857e-10,1.3919707,1.30820382,1.32536293,1.37536293,0.08376687999999999,-0.050000000000000044
8.972857e-10,1.39197078,1.30820392,1.32536293,1.37536293,0.08376686000000011,-0.050000000000000044
8.982857e-10,1.39197087,1.30820402,1.32536293,1.37536293,0.08376684999999995,-0.050000000000000044
8.992857e-10,1.39197095,1.30820412,1.32536293,1.37536293,0.08376682999999985,-0.050000000000000044
9.002857e-10,1.39197103,1.30820422,1.32536293,1.37536293,0.08376681000000019,-0.050000000000000044
9.012857e-10,1.39197112,1.30820431,1.32536293,1.37536293,0.08376680999999997,-0.050000000000000044
9.022857e-10,1.3919712,1.30820441,1.32536293,1.37536293,0.08376678999999987,-0.050000000000000044
9.032857e-10,1.39197128,1.3082045,1.32536293,1.37536293,0.08376677999999993,-0.050000000000000044
9.042857e-10,1.39197135,1.30820459,1.32536293,1.37536293,0.08376676000000005,-0.050000000000000044
9.052857e-10,1.39197143,1.30820468,1.32536293,1.37536293,0.08376674999999989,-0.050000000000000044
9.062857e-10,1.39197151,1.30820477,1.32536293,1.37536293,0.08376674000000017,-0.050000000000000044
9.072857e-10,1.39197159,1.30820486,1.32536293,1.37536293,0.08376673000000001,-0.050000000000000044
9.082857e-10,1.39197166,1.30820495,1.32536293,1.37536293,0.08376671000000013,-0.050000000000000044
9.092857e-10,1.39197173,1.30820503,1.32536293,1.37536293,0.08376669999999997,-0.050000000000000044
9.102857e-10,1.39197181,1.30820512,1.32536293,1.37536293,0.08376669000000003,-0.050000000000000044
9.112857e-10,1.39197188,1.3082052,1.32536293,1.37536293,0.0837666800000001,-0.050000000000000044
9.122857e-10,1.39197195,1.30820529,1.32536293,1.37536293,0.08376665999999999,-0.050000000000000044
9.132857e-10,1.39197202,1.30820537,1.32536293,1.37536293,0.08376665000000005,-0.050000000000000044
9.142857e-10,1.39197209,1.30820545,1.32536293,1.37536293,0.08376664000000011,-0.050000000000000044
9.152857e-10,1.39197216,1.30820553,1.32536293,1.37536293,0.08376662999999995,-0.050000000000000044
9.162857e-10,1.39197223,1.30820561,1.32536293,1.37536293,0.08376662000000001,-0.050000000000000044
9.172857e-10,1.3919723,1.30820569,1.32536293,1.37536293,0.08376660999999985,-0.050000000000000044
9.182857e-10,1.39197236,1.30820576,1.32536293,1.37536293,0.08376659999999991,-0.050000000000000044
9.192857e-10,1.39197243,1.30820584,1.32536293,1.37536293,0.08376658999999997,-0.050000000000000044
9.202857e-10,1.39197249,1.30820592,1.32536293,1.37536293,0.08376656999999987,-0.050000000000000044
9.212857e-10,1.39197256,1.30820599,1.32536293,1.37536293,0.08376656999999987,-0.050000000000000044
9.222857e-10,1.39197262,1.30820606,1.32536293,1.37536293,0.08376655999999993,-0.050000000000000044
9.232857e-10,1.39197268,1.30820614,1.32536293,1.37536293,0.08376654000000006,-0.050000000000000044
9.242857e-10,1.39197274,1.30820621,1.32536293,1.37536293,0.0837665299999999,-0.050000000000000044
9.252857e-10,1.39197281,1.30820628,1.32536293,1.37536293,0.0837665299999999,-0.050000000000000044
9.262857e-10,1.39197287,1.30820635,1.32536293,1.37536293,0.08376651999999996,-0.050000000000000044
9.272857e-10,1.39197293,1.30820642,1.32536293,1.37536293,0.08376651000000002,-0.050000000000000044
9.282857e-10,1.39197298,1.30820649,1.32536293,1.37536293,0.08376648999999992,-0.050000000000000044
9.292857e-10,1.39197304,1.30820655,1.32536293,1.37536293,0.08376649000000014,-0.050000000000000044
9.302857e-10,1.3919731,1.30820662,1.32536293,1.37536293,0.08376647999999998,-0.050000000000000044
9.312857e-10,1.39197316,1.30820669,1.32536293,1.37536293,0.08376647000000004,-0.050000000000000044
9.322857e-10,1.39197321,1.30820675,1.32536293,1.37536293,0.08376645999999988,-0.050000000000000044
9.332857e-10,1.39197327,1.30820682,1.32536293,1.37536293,0.08376644999999994,-0.050000000000000044
9.342857e-10,1.39197332,1.30820688,1.32536293,1.37536293,0.08376644,-0.050000000000000044
9.352857e-10,1.39197338,1.30820694,1.32536293,1.37536293,0.08376644,-0.050000000000000044
9.362857e-10,1.39197343,1.308207,1.32536293,1.37536293,0.08376643000000006,-0.050000000000000044
9.372857e-10,1.39197349,1.30820707,1.32536293,1.37536293,0.08376642000000012,-0.050000000000000044
9.382857e-10,1.39197354,1.30820713,1.32536293,1.37536293,0.08376640999999996,-0.050000000000000044
9.392857e-10,1.39197359,1.30820719,1.32536293,1.37536293,0.08376640000000002,-0.050000000000000044
9.402857e-10,1.39197364,1.30820725,1.32536293,1.37536293,0.08376639000000008,-0.050000000000000044
9.412857e-10,1.39197369,1.3082073,1.32536293,1.37536293,0.08376638999999986,-0.050000000000000044
9.422857e-10,1.39197374,1.30820736,1.32536293,1.37536293,0.08376638000000014,-0.050000000000000044
9.432857e-10,1.39197379,1.30820742,1.32536293,1.37536293,0.08376636999999998,-0.050000000000000044
9.442857e-10,1.39197384,1.30820747,1.32536293,1.37536293,0.08376636999999998,-0.050000000000000044
9.452857e-10,1.39197389,1.30820753,1.32536293,1.37536293,0.08376636000000004,-0.050000000000000044
9.462857e-10,1.39197394,1.30820758,1.32536293,1.37536293,0.08376636000000004,-0.050000000000000044
9.472857e-10,1.39197398,1.30820764,1.32536293,1.37536293,0.08376633999999994,-0.050000000000000044
9.482857e-10,1.39197403,1.30820769,1.32536293,1.37536293,0.08376634000000016,-0.050000000000000044
9.492857e-10,1.39197408,1.30820775,1.32536293,1.37536293,0.08376633,-0.050000000000000044
9.502857e-10,1.39197412,1.3082078,1.32536293,1.37536293,0.08376632000000006,-0.050000000000000044
9.512857e-10,1.39197417,1.30820785,1.32536293,1.37536293,0.08376631999999984,-0.050000000000000044
9.522857e-10,1.39197421,1.3082079,1.32536293,1.37536293,0.08376631000000012,-0.050000000000000044
9.532857e-10,1.39197426,1.30820795,1.32536293,1.37536293,0.08376631000000012,-0.050000000000000044
9.542857e-10,1.3919743,1.308208,1.32536293,1.37536293,0.08376629999999996,-0.050000000000000044
9.552857e-10,1.39197434,1.30820805,1.32536293,1.37536293,0.08376629000000002,-0.050000000000000044
9.562857e-10,1.39197439,1.3082081,1.32536293,1.37536293,0.0837662899999998,-0.050000000000000044
9.572857e-10,1.39197443,1.30820815,1.32536293,1.37536293,0.08376628000000008,-0.050000000000000044
9.582857e-10,1.39197447,1.30820819,1.32536293,1.37536293,0.08376628000000008,-0.050000000000000044
9.592857e-10,1.39197451,1.30820824,1.32536293,1.37536293,0.08376627000000014,-0.050000000000000044
9.602857e-10,1.39197455,1.30820829,1.32536293,1.37536293,0.08376625999999998,-0.050000000000000044
9.612857e-10,1.39197459,1.30820833,1.32536293,1.37536293,0.08376625999999998,-0.050000000000000044
9.622857e-10,1.39197463,1.30820838,1.32536293,1.37536293,0.08376625000000004,-0.050000000000000044
9.632857e-10,1.39197467,1.30820842,1.32536293,1.37536293,0.08376625000000004,-0.050000000000000044
9.642857e-10,1.39197471,1.30820847,1.32536293,1.37536293,0.08376623999999988,-0.050000000000000044
9.652857e-10,1.39197475,1.30820851,1.32536293,1.37536293,0.08376623999999988,-0.050000000000000044
9.662857e-10,1.39197479,1.30820855,1.32536293,1.37536293,0.08376623999999988,-0.050000000000000044
9.672857e-10,1.39197482,1.3082086,1.32536293,1.37536293,0.08376622,-0.050000000000000044
9.682857e-10,1.39197486,1.30820864,1.32536293,1.37536293,0.08376622,-0.050000000000000044
9.692857e-10,1.3919749,1.30820868,1.32536293,1.37536293,0.08376622,-0.050000000000000044
9.702857e-10,1.39197493,1.30820872,1.32536293,1.37536293,0.08376620999999984,-0.050000000000000044
9.712857e-10,1.39197497,1.30820876,1.32536293,1.37536293,0.08376620999999984,-0.050000000000000044
9.722857e-10,1.391975,1.3082088,1.32536293,1.37536293,0.0837661999999999,-0.050000000000000044
9.732857e-10,1.39197504,1.30820884,1.32536293,1.37536293,0.0837661999999999,-0.050000000000000044
9.742857e-10,1.39197507,1.30820888,1.32536293,1.37536293,0.08376618999999996,-0.050000000000000044
9.752857e-10,1.39197511,1.30820892,1.32536293,1.37536293,0.08376618999999996,-0.050000000000000044
9.762857e-10,1.39197514,1.30820896,1.32536293,1.37536293,0.08376618000000002,-0.050000000000000044
9.772857e-10,1.39197518,1.308209,1.32536293,1.37536293,0.08376618000000002,-0.050000000000000044
9.782857e-10,1.39197521,1.30820904,1.32536293,1.37536293,0.08376617000000008,-0.050000000000000044
9.792857e-10,1.39197524,1.30820907,1.32536293,1.37536293,0.08376617000000008,-0.050000000000000044
9.802857e-10,1.39197527,1.30820911,1.32536293,1.37536293,0.08376616000000014,-0.050000000000000044
9.812857e-10,1.39197531,1.30820915,1.32536293,1.37536293,0.08376616000000014,-0.050000000000000044
9.822857e-10,1.39197534,1.30820918,1.32536293,1.37536293,0.08376615999999992,-0.050000000000000044
9.832857e-10,1.39197537,1.30820922,1.32536293,1.37536293,0.08376614999999998,-0.050000000000000044
9.842857e-10,1.3919754,1.30820925,1.32536293,1.37536293,0.08376614999999998,-0.050000000000000044
9.852857e-10,1.39197543,1.30820929,1.32536293,1.37536293,0.08376614000000004,-0.050000000000000044
9.862857e-10,1.39197546,1.30820932,1.32536293,1.37536293,0.08376614000000004,-0.050000000000000044
9.872857e-10,1.39197549,1.30820935,1.32536293,1.37536293,0.08376614000000004,-0.050000000000000044
9.882857e-10,1.39197552,1.30820939,1.32536293,1.37536293,0.08376612999999988,-0.050000000000000044
9.892857e-10,1.39197555,1.30820942,1.32536293,1.37536293,0.08376612999999988,-0.050000000000000044
9.902857e-10,1.39197558,1.30820945,1.32536293,1.37536293,0.08376612999999988,-0.050000000000000044
9.912857e-10,1.39197561,1.30820949,1.32536293,1.37536293,0.08376611999999994,-0.050000000000000044
9.922857e-10,1.39197564,1.30820952,1.32536293,1.37536293,0.08376612000000017,-0.050000000000000044
9.932857e-10,1.39197567,1.30820955,1.32536293,1.37536293,0.08376612000000017,-0.050000000000000044
9.942857e-10,1.39197569,1.30820958,1.32536293,1.37536293,0.08376611,-0.050000000000000044
9.952857e-10,1.39197572,1.30820961,1.32536293,1.37536293,0.08376611,-0.050000000000000044
9.962857e-10,1.39197575,1.30820964,1.32536293,1.37536293,0.08376611,-0.050000000000000044
9.972857e-10,1.39197578,1.30820967,1.32536293,1.37536293,0.08376611,-0.050000000000000044
9.982857e-10,1.3919758,1.3082097,1.32536293,1.37536293,0.08376610000000007,-0.050000000000000044
9.992857e-10,1.39197583,1.30820973,1.32536293,1.37536293,0.08376610000000007,-0.050000000000000044
1.0002857e-09,1.39197586,1.30820976,1.32536293,1.37536293,0.08376610000000007,-0.050000000000000044
1.0012857e-09,1.39197588,1.30820979,1.32536293,1.37536293,0.0837660899999999,-0.050000000000000044
1.0022857e-09,1.39197591,1.30820982,1.32536293,1.37536293,0.0837660899999999,-0.050000000000000044
1.0032857e-09,1.39197593,1.30820985,1.32536293,1.37536293,0.08376608000000019,-0.050000000000000044
1.0042857e-09,1.39197596,1.30820987,1.32536293,1.37536293,0.0837660899999999,-0.050000000000000044
1.0052857e-09,1.39197598,1.3082099,1.32536293,1.37536293,0.08376607999999997,-0.050000000000000044
1.0062857e-09,1.39197601,1.30820993,1.32536293,1.37536293,0.08376607999999997,-0.050000000000000044
1.0072857e-09,1.39197603,1.30820995,1.32536293,1.37536293,0.08376607999999997,-0.050000000000000044
1.0082857e-09,1.39197605,1.30820998,1.32536293,1.37536293,0.08376607000000003,-0.050000000000000044
1.0092857e-09,1.39197608,1.30821001,1.32536293,1.37536293,0.08376607000000003,-0.050000000000000044
1.0102857e-09,1.3919761,1.30821003,1.32536293,1.37536293,0.08376607000000003,-0.050000000000000044
1.0112857e-09,1.39197613,1.30821006,1.32536293,1.37536293,0.08376607000000003,-0.050000000000000044
1.0122857e-09,1.39197615,1.30821008,1.32536293,1.37536293,0.08376607000000003,-0.050000000000000044
1.0132857e-09,1.39197617,1.30821011,1.32536293,1.37536293,0.08376605999999986,-0.050000000000000044
1.0142857e-09,1.39197619,1.30821013,1.32536293,1.37536293,0.08376606000000009,-0.050000000000000044
1.0152857e-09,1.39197622,1.30821016,1.32536293,1.37536293,0.08376606000000009,-0.050000000000000044
1.0162857e-09,1.39197624,1.30821018,1.32536293,1.37536293,0.08376606000000009,-0.050000000000000044
1.0172857e-09,1.39197626,1.30821021,1.32536293,1.37536293,0.08376605000000015,-0.050000000000000044
1.017857e-09,1.39197627,1.30821022,1.32536293,1.37536293,0.08376604999999993,-0.050000000000000044
